"Time Interval (CET/CEST)","Area","Unit Name","Unit Code","Type","Instance Code","MTU (CET/CEST)","Generation (MW)","Consumption (MW)"
"01/04/2026 00:00 - 02/04/2026 00:00","CTA|DE(Amprion)","HAMBORN-5","11WD7BEEC5XHAM5G","Fossil Coal-derived gas","11WD7BEEC5XHAM5G","01/04/2026 00:00 - 01/04/2026 01:00","211.00",""
"01/04/2026 00:00 - 02/04/2026 00:00","CTA|DE(Amprion)","HAMBORN-5","11WD7BEEC5XHAM5G","Fossil Coal-derived gas","11WD7BEEC5XHAM5G","01/04/2026 01:00 - 01/04/2026 02:00","198.75",""
"01/04/2026 00:00 - 02/04/2026 00:00","CTA|DE(Amprion)","HAMBORN-5","11WD7BEEC5XHAM5G","Fossil Coal-derived gas","11WD7BEEC5XHAM5G","01/04/2026 02:00 - 01/04/2026 03:00","196.00",""
"01/04/2026 00:00 - 02/04/2026 00:00","CTA|DE(Amprion)","HAMBORN-5","11WD7BEEC5XHAM5G","Fossil Coal-derived gas","11WD7BEEC5XHAM5G","01/04/2026 03:00 - 01/04/2026 04:00","197.25",""
"01/04/2026 00:00 - 02/04/2026 00:00","CTA|DE(Amprion)","HAMBORN-5","11WD7BEEC5XHAM5G","Fossil Coal-derived gas","11WD7BEEC5XHAM5G","01/04/2026 04:00 - 01/04/2026 05:00","194.00",""
"01/04/2026 00:00 - 02/04/2026 00:00","CTA|DE(Amprion)","HAMBORN-5","11WD7BEEC5XHAM5G","Fossil Coal-derived gas","11WD7BEEC5XHAM5G","01/04/2026 05:00 - 01/04/2026 06:00","195.00",""
"01/04/2026 00:00 - 02/04/2026 00:00","CTA|DE(Amprion)","HAMBORN-5","11WD7BEEC5XHAM5G","Fossil Coal-derived gas","11WD7BEEC5XHAM5G","01/04/2026 06:00 - 01/04/2026 07:00","196.25",""
"01/04/2026 00:00 - 02/04/2026 00:00","CTA|DE(Amprion)","HAMBORN-5","11WD7BEEC5XHAM5G","Fossil Coal-derived gas","11WD7BEEC5XHAM5G","01/04/2026 07:00 - 01/04/2026 08:00","199.25",""
"01/04/2026 00:00 - 02/04/2026 00:00","CTA|DE(Amprion)","HAMBORN-5","11WD7BEEC5XHAM5G","Fossil Coal-derived gas","11WD7BEEC5XHAM5G","01/04/2026 08:00 - 01/04/2026 09:00","200.75",""
"01/04/2026 00:00 - 02/04/2026 00:00","CTA|DE(Amprion)","HAMBORN-5","11WD7BEEC5XHAM5G","Fossil Coal-derived gas","11WD7BEEC5XHAM5G","01/04/2026 09:00 - 01/04/2026 10:00","200.00",""
"01/04/2026 00:00 - 02/04/2026 00:00","CTA|DE(Amprion)","HAMBORN-5","11WD7BEEC5XHAM5G","Fossil Coal-derived gas","11WD7BEEC5XHAM5G","01/04/2026 10:00 - 01/04/2026 11:00","187.25",""
"01/04/2026 00:00 - 02/04/2026 00:00","CTA|DE(Amprion)","HAMBORN-5","11WD7BEEC5XHAM5G","Fossil Coal-derived gas","11WD7BEEC5XHAM5G","01/04/2026 11:00 - 01/04/2026 12:00","190.00",""
"01/04/2026 00:00 - 02/04/2026 00:00","CTA|DE(Amprion)","HAMBORN-5","11WD7BEEC5XHAM5G","Fossil Coal-derived gas","11WD7BEEC5XHAM5G","01/04/2026 12:00 - 01/04/2026 13:00","199.75",""
"01/04/2026 00:00 - 02/04/2026 00:00","CTA|DE(Amprion)","HAMBORN-5","11WD7BEEC5XHAM5G","Fossil Coal-derived gas","11WD7BEEC5XHAM5G","01/04/2026 13:00 - 01/04/2026 14:00","211.00",""
"01/04/2026 00:00 - 02/04/2026 00:00","CTA|DE(Amprion)","HAMBORN-5","11WD7BEEC5XHAM5G","Fossil Coal-derived gas","11WD7BEEC5XHAM5G","01/04/2026 14:00 - 01/04/2026 15:00","211.00",""
"01/04/2026 00:00 - 02/04/2026 00:00","CTA|DE(Amprion)","HAMBORN-5","11WD7BEEC5XHAM5G","Fossil Coal-derived gas","11WD7BEEC5XHAM5G","01/04/2026 15:00 - 01/04/2026 16:00","211.00",""
"01/04/2026 00:00 - 02/04/2026 00:00","CTA|DE(Amprion)","HAMBORN-5","11WD7BEEC5XHAM5G","Fossil Coal-derived gas","11WD7BEEC5XHAM5G","01/04/2026 16:00 - 01/04/2026 17:00","211.00",""
"01/04/2026 00:00 - 02/04/2026 00:00","CTA|DE(Amprion)","HAMBORN-5","11WD7BEEC5XHAM5G","Fossil Coal-derived gas","11WD7BEEC5XHAM5G","01/04/2026 17:00 - 01/04/2026 18:00","211.00",""
"01/04/2026 00:00 - 02/04/2026 00:00","CTA|DE(Amprion)","HAMBORN-5","11WD7BEEC5XHAM5G","Fossil Coal-derived gas","11WD7BEEC5XHAM5G","01/04/2026 18:00 - 01/04/2026 19:00","211.00",""
"01/04/2026 00:00 - 02/04/2026 00:00","CTA|DE(Amprion)","HAMBORN-5","11WD7BEEC5XHAM5G","Fossil Coal-derived gas","11WD7BEEC5XHAM5G","01/04/2026 19:00 - 01/04/2026 20:00","211.00",""
"01/04/2026 00:00 - 02/04/2026 00:00","CTA|DE(Amprion)","HAMBORN-5","11WD7BEEC5XHAM5G","Fossil Coal-derived gas","11WD7BEEC5XHAM5G","01/04/2026 20:00 - 01/04/2026 21:00","211.00",""
"01/04/2026 00:00 - 02/04/2026 00:00","CTA|DE(Amprion)","HAMBORN-5","11WD7BEEC5XHAM5G","Fossil Coal-derived gas","11WD7BEEC5XHAM5G","01/04/2026 21:00 - 01/04/2026 22:00","211.00",""
"01/04/2026 00:00 - 02/04/2026 00:00","CTA|DE(Amprion)","HAMBORN-5","11WD7BEEC5XHAM5G","Fossil Coal-derived gas","11WD7BEEC5XHAM5G","01/04/2026 22:00 - 01/04/2026 23:00","211.00",""
"01/04/2026 00:00 - 02/04/2026 00:00","CTA|DE(Amprion)","HAMBORN-5","11WD7BEEC5XHAM5G","Fossil Coal-derived gas","11WD7BEEC5XHAM5G","01/04/2026 23:00 - 02/04/2026 00:00","211.00",""
"01/04/2026 00:00 - 02/04/2026 00:00","CTA|DE(Amprion)","RUHRORT-4","11WD7BEEC5XRUH4E","Fossil Coal-derived gas","11WD7BEEC5XRUH4E","01/04/2026 00:00 - 01/04/2026 01:00","0.00",""
"01/04/2026 00:00 - 02/04/2026 00:00","CTA|DE(Amprion)","RUHRORT-4","11WD7BEEC5XRUH4E","Fossil Coal-derived gas","11WD7BEEC5XRUH4E","01/04/2026 01:00 - 01/04/2026 02:00","0.00",""
"01/04/2026 00:00 - 02/04/2026 00:00","CTA|DE(Amprion)","RUHRORT-4","11WD7BEEC5XRUH4E","Fossil Coal-derived gas","11WD7BEEC5XRUH4E","01/04/2026 02:00 - 01/04/2026 03:00","0.00",""
"01/04/2026 00:00 - 02/04/2026 00:00","CTA|DE(Amprion)","RUHRORT-4","11WD7BEEC5XRUH4E","Fossil Coal-derived gas","11WD7BEEC5XRUH4E","01/04/2026 03:00 - 01/04/2026 04:00","0.00",""
"01/04/2026 00:00 - 02/04/2026 00:00","CTA|DE(Amprion)","RUHRORT-4","11WD7BEEC5XRUH4E","Fossil Coal-derived gas","11WD7BEEC5XRUH4E","01/04/2026 04:00 - 01/04/2026 05:00","0.00",""
"01/04/2026 00:00 - 02/04/2026 00:00","CTA|DE(Amprion)","RUHRORT-4","11WD7BEEC5XRUH4E","Fossil Coal-derived gas","11WD7BEEC5XRUH4E","01/04/2026 05:00 - 01/04/2026 06:00","0.00",""
"01/04/2026 00:00 - 02/04/2026 00:00","CTA|DE(Amprion)","RUHRORT-4","11WD7BEEC5XRUH4E","Fossil Coal-derived gas","11WD7BEEC5XRUH4E","01/04/2026 06:00 - 01/04/2026 07:00","0.00",""
"01/04/2026 00:00 - 02/04/2026 00:00","CTA|DE(Amprion)","RUHRORT-4","11WD7BEEC5XRUH4E","Fossil Coal-derived gas","11WD7BEEC5XRUH4E","01/04/2026 07:00 - 01/04/2026 08:00","0.00",""
"01/04/2026 00:00 - 02/04/2026 00:00","CTA|DE(Amprion)","RUHRORT-4","11WD7BEEC5XRUH4E","Fossil Coal-derived gas","11WD7BEEC5XRUH4E","01/04/2026 08:00 - 01/04/2026 09:00","0.00",""
"01/04/2026 00:00 - 02/04/2026 00:00","CTA|DE(Amprion)","RUHRORT-4","11WD7BEEC5XRUH4E","Fossil Coal-derived gas","11WD7BEEC5XRUH4E","01/04/2026 09:00 - 01/04/2026 10:00","0.00",""
"01/04/2026 00:00 - 02/04/2026 00:00","CTA|DE(Amprion)","RUHRORT-4","11WD7BEEC5XRUH4E","Fossil Coal-derived gas","11WD7BEEC5XRUH4E","01/04/2026 10:00 - 01/04/2026 11:00","0.00",""
"01/04/2026 00:00 - 02/04/2026 00:00","CTA|DE(Amprion)","RUHRORT-4","11WD7BEEC5XRUH4E","Fossil Coal-derived gas","11WD7BEEC5XRUH4E","01/04/2026 11:00 - 01/04/2026 12:00","0.00",""
"01/04/2026 00:00 - 02/04/2026 00:00","CTA|DE(Amprion)","RUHRORT-4","11WD7BEEC5XRUH4E","Fossil Coal-derived gas","11WD7BEEC5XRUH4E","01/04/2026 12:00 - 01/04/2026 13:00","0.00",""
"01/04/2026 00:00 - 02/04/2026 00:00","CTA|DE(Amprion)","RUHRORT-4","11WD7BEEC5XRUH4E","Fossil Coal-derived gas","11WD7BEEC5XRUH4E","01/04/2026 13:00 - 01/04/2026 14:00","0.00",""
"01/04/2026 00:00 - 02/04/2026 00:00","CTA|DE(Amprion)","RUHRORT-4","11WD7BEEC5XRUH4E","Fossil Coal-derived gas","11WD7BEEC5XRUH4E","01/04/2026 14:00 - 01/04/2026 15:00","0.00",""
"01/04/2026 00:00 - 02/04/2026 00:00","CTA|DE(Amprion)","RUHRORT-4","11WD7BEEC5XRUH4E","Fossil Coal-derived gas","11WD7BEEC5XRUH4E","01/04/2026 15:00 - 01/04/2026 16:00","0.00",""
"01/04/2026 00:00 - 02/04/2026 00:00","CTA|DE(Amprion)","RUHRORT-4","11WD7BEEC5XRUH4E","Fossil Coal-derived gas","11WD7BEEC5XRUH4E","01/04/2026 16:00 - 01/04/2026 17:00","0.00",""
"01/04/2026 00:00 - 02/04/2026 00:00","CTA|DE(Amprion)","RUHRORT-4","11WD7BEEC5XRUH4E","Fossil Coal-derived gas","11WD7BEEC5XRUH4E","01/04/2026 17:00 - 01/04/2026 18:00","0.00",""
"01/04/2026 00:00 - 02/04/2026 00:00","CTA|DE(Amprion)","RUHRORT-4","11WD7BEEC5XRUH4E","Fossil Coal-derived gas","11WD7BEEC5XRUH4E","01/04/2026 18:00 - 01/04/2026 19:00","0.00",""
"01/04/2026 00:00 - 02/04/2026 00:00","CTA|DE(Amprion)","RUHRORT-4","11WD7BEEC5XRUH4E","Fossil Coal-derived gas","11WD7BEEC5XRUH4E","01/04/2026 19:00 - 01/04/2026 20:00","0.00",""
"01/04/2026 00:00 - 02/04/2026 00:00","CTA|DE(Amprion)","RUHRORT-4","11WD7BEEC5XRUH4E","Fossil Coal-derived gas","11WD7BEEC5XRUH4E","01/04/2026 20:00 - 01/04/2026 21:00","0.00",""
"01/04/2026 00:00 - 02/04/2026 00:00","CTA|DE(Amprion)","RUHRORT-4","11WD7BEEC5XRUH4E","Fossil Coal-derived gas","11WD7BEEC5XRUH4E","01/04/2026 21:00 - 01/04/2026 22:00","0.00",""
"01/04/2026 00:00 - 02/04/2026 00:00","CTA|DE(Amprion)","RUHRORT-4","11WD7BEEC5XRUH4E","Fossil Coal-derived gas","11WD7BEEC5XRUH4E","01/04/2026 22:00 - 01/04/2026 23:00","0.00",""
"01/04/2026 00:00 - 02/04/2026 00:00","CTA|DE(Amprion)","RUHRORT-4","11WD7BEEC5XRUH4E","Fossil Coal-derived gas","11WD7BEEC5XRUH4E","01/04/2026 23:00 - 02/04/2026 00:00","0.00",""
"01/04/2026 00:00 - 02/04/2026 00:00","CTA|DE(Amprion)","BERGKAMEN_A","11WD7BERG1S--A-X","Fossil Hard coal","11WD7BERG1S--A-X","01/04/2026 00:00 - 01/04/2026 01:00","0.00",""
"01/04/2026 00:00 - 02/04/2026 00:00","CTA|DE(Amprion)","BERGKAMEN_A","11WD7BERG1S--A-X","Fossil Hard coal","11WD7BERG1S--A-X","01/04/2026 01:00 - 01/04/2026 02:00","0.00",""
"01/04/2026 00:00 - 02/04/2026 00:00","CTA|DE(Amprion)","BERGKAMEN_A","11WD7BERG1S--A-X","Fossil Hard coal","11WD7BERG1S--A-X","01/04/2026 02:00 - 01/04/2026 03:00","0.00",""
"01/04/2026 00:00 - 02/04/2026 00:00","CTA|DE(Amprion)","BERGKAMEN_A","11WD7BERG1S--A-X","Fossil Hard coal","11WD7BERG1S--A-X","01/04/2026 03:00 - 01/04/2026 04:00","0.00",""
"01/04/2026 00:00 - 02/04/2026 00:00","CTA|DE(Amprion)","BERGKAMEN_A","11WD7BERG1S--A-X","Fossil Hard coal","11WD7BERG1S--A-X","01/04/2026 04:00 - 01/04/2026 05:00","0.00",""
"01/04/2026 00:00 - 02/04/2026 00:00","CTA|DE(Amprion)","BERGKAMEN_A","11WD7BERG1S--A-X","Fossil Hard coal","11WD7BERG1S--A-X","01/04/2026 05:00 - 01/04/2026 06:00","0.00",""
"01/04/2026 00:00 - 02/04/2026 00:00","CTA|DE(Amprion)","BERGKAMEN_A","11WD7BERG1S--A-X","Fossil Hard coal","11WD7BERG1S--A-X","01/04/2026 06:00 - 01/04/2026 07:00","0.00",""
"01/04/2026 00:00 - 02/04/2026 00:00","CTA|DE(Amprion)","BERGKAMEN_A","11WD7BERG1S--A-X","Fossil Hard coal","11WD7BERG1S--A-X","01/04/2026 07:00 - 01/04/2026 08:00","0.00",""
"01/04/2026 00:00 - 02/04/2026 00:00","CTA|DE(Amprion)","BERGKAMEN_A","11WD7BERG1S--A-X","Fossil Hard coal","11WD7BERG1S--A-X","01/04/2026 08:00 - 01/04/2026 09:00","0.00",""
"01/04/2026 00:00 - 02/04/2026 00:00","CTA|DE(Amprion)","BERGKAMEN_A","11WD7BERG1S--A-X","Fossil Hard coal","11WD7BERG1S--A-X","01/04/2026 09:00 - 01/04/2026 10:00","0.00",""
"01/04/2026 00:00 - 02/04/2026 00:00","CTA|DE(Amprion)","BERGKAMEN_A","11WD7BERG1S--A-X","Fossil Hard coal","11WD7BERG1S--A-X","01/04/2026 10:00 - 01/04/2026 11:00","0.00",""
"01/04/2026 00:00 - 02/04/2026 00:00","CTA|DE(Amprion)","BERGKAMEN_A","11WD7BERG1S--A-X","Fossil Hard coal","11WD7BERG1S--A-X","01/04/2026 11:00 - 01/04/2026 12:00","0.00",""
"01/04/2026 00:00 - 02/04/2026 00:00","CTA|DE(Amprion)","BERGKAMEN_A","11WD7BERG1S--A-X","Fossil Hard coal","11WD7BERG1S--A-X","01/04/2026 12:00 - 01/04/2026 13:00","0.00",""
"01/04/2026 00:00 - 02/04/2026 00:00","CTA|DE(Amprion)","BERGKAMEN_A","11WD7BERG1S--A-X","Fossil Hard coal","11WD7BERG1S--A-X","01/04/2026 13:00 - 01/04/2026 14:00","0.00",""
"01/04/2026 00:00 - 02/04/2026 00:00","CTA|DE(Amprion)","BERGKAMEN_A","11WD7BERG1S--A-X","Fossil Hard coal","11WD7BERG1S--A-X","01/04/2026 14:00 - 01/04/2026 15:00","0.00",""
"01/04/2026 00:00 - 02/04/2026 00:00","CTA|DE(Amprion)","BERGKAMEN_A","11WD7BERG1S--A-X","Fossil Hard coal","11WD7BERG1S--A-X","01/04/2026 15:00 - 01/04/2026 16:00","0.00",""
"01/04/2026 00:00 - 02/04/2026 00:00","CTA|DE(Amprion)","BERGKAMEN_A","11WD7BERG1S--A-X","Fossil Hard coal","11WD7BERG1S--A-X","01/04/2026 16:00 - 01/04/2026 17:00","0.00",""
"01/04/2026 00:00 - 02/04/2026 00:00","CTA|DE(Amprion)","BERGKAMEN_A","11WD7BERG1S--A-X","Fossil Hard coal","11WD7BERG1S--A-X","01/04/2026 17:00 - 01/04/2026 18:00","0.00",""
"01/04/2026 00:00 - 02/04/2026 00:00","CTA|DE(Amprion)","BERGKAMEN_A","11WD7BERG1S--A-X","Fossil Hard coal","11WD7BERG1S--A-X","01/04/2026 18:00 - 01/04/2026 19:00","0.00",""
"01/04/2026 00:00 - 02/04/2026 00:00","CTA|DE(Amprion)","BERGKAMEN_A","11WD7BERG1S--A-X","Fossil Hard coal","11WD7BERG1S--A-X","01/04/2026 19:00 - 01/04/2026 20:00","0.00",""
"01/04/2026 00:00 - 02/04/2026 00:00","CTA|DE(Amprion)","BERGKAMEN_A","11WD7BERG1S--A-X","Fossil Hard coal","11WD7BERG1S--A-X","01/04/2026 20:00 - 01/04/2026 21:00","0.00",""
"01/04/2026 00:00 - 02/04/2026 00:00","CTA|DE(Amprion)","BERGKAMEN_A","11WD7BERG1S--A-X","Fossil Hard coal","11WD7BERG1S--A-X","01/04/2026 21:00 - 01/04/2026 22:00","0.00",""
"01/04/2026 00:00 - 02/04/2026 00:00","CTA|DE(Amprion)","BERGKAMEN_A","11WD7BERG1S--A-X","Fossil Hard coal","11WD7BERG1S--A-X","01/04/2026 22:00 - 01/04/2026 23:00","0.00",""
"01/04/2026 00:00 - 02/04/2026 00:00","CTA|DE(Amprion)","BERGKAMEN_A","11WD7BERG1S--A-X","Fossil Hard coal","11WD7BERG1S--A-X","01/04/2026 23:00 - 02/04/2026 00:00","0.00",""
"01/04/2026 00:00 - 02/04/2026 00:00","CTA|DE(Amprion)","KMW_KW3","11WD7BISC5GKW3-T","Fossil Gas","11WD7BISC5GKW3-T","01/04/2026 00:00 - 01/04/2026 01:00","433.95",""
"01/04/2026 00:00 - 02/04/2026 00:00","CTA|DE(Amprion)","KMW_KW3","11WD7BISC5GKW3-T","Fossil Gas","11WD7BISC5GKW3-T","01/04/2026 01:00 - 01/04/2026 02:00","426.50",""
"01/04/2026 00:00 - 02/04/2026 00:00","CTA|DE(Amprion)","KMW_KW3","11WD7BISC5GKW3-T","Fossil Gas","11WD7BISC5GKW3-T","01/04/2026 02:00 - 01/04/2026 03:00","401.63",""
"01/04/2026 00:00 - 02/04/2026 00:00","CTA|DE(Amprion)","KMW_KW3","11WD7BISC5GKW3-T","Fossil Gas","11WD7BISC5GKW3-T","01/04/2026 03:00 - 01/04/2026 04:00","417.00",""
"01/04/2026 00:00 - 02/04/2026 00:00","CTA|DE(Amprion)","KMW_KW3","11WD7BISC5GKW3-T","Fossil Gas","11WD7BISC5GKW3-T","01/04/2026 04:00 - 01/04/2026 05:00","424.95",""
"01/04/2026 00:00 - 02/04/2026 00:00","CTA|DE(Amprion)","KMW_KW3","11WD7BISC5GKW3-T","Fossil Gas","11WD7BISC5GKW3-T","01/04/2026 05:00 - 01/04/2026 06:00","431.45",""
"01/04/2026 00:00 - 02/04/2026 00:00","CTA|DE(Amprion)","KMW_KW3","11WD7BISC5GKW3-T","Fossil Gas","11WD7BISC5GKW3-T","01/04/2026 06:00 - 01/04/2026 07:00","433.93",""
"01/04/2026 00:00 - 02/04/2026 00:00","CTA|DE(Amprion)","KMW_KW3","11WD7BISC5GKW3-T","Fossil Gas","11WD7BISC5GKW3-T","01/04/2026 07:00 - 01/04/2026 08:00","440.32",""
"01/04/2026 00:00 - 02/04/2026 00:00","CTA|DE(Amprion)","KMW_KW3","11WD7BISC5GKW3-T","Fossil Gas","11WD7BISC5GKW3-T","01/04/2026 08:00 - 01/04/2026 09:00","441.18",""
"01/04/2026 00:00 - 02/04/2026 00:00","CTA|DE(Amprion)","KMW_KW3","11WD7BISC5GKW3-T","Fossil Gas","11WD7BISC5GKW3-T","01/04/2026 09:00 - 01/04/2026 10:00","431.27",""
"01/04/2026 00:00 - 02/04/2026 00:00","CTA|DE(Amprion)","KMW_KW3","11WD7BISC5GKW3-T","Fossil Gas","11WD7BISC5GKW3-T","01/04/2026 10:00 - 01/04/2026 11:00","412.95",""
"01/04/2026 00:00 - 02/04/2026 00:00","CTA|DE(Amprion)","KMW_KW3","11WD7BISC5GKW3-T","Fossil Gas","11WD7BISC5GKW3-T","01/04/2026 11:00 - 01/04/2026 12:00","421.15",""
"01/04/2026 00:00 - 02/04/2026 00:00","CTA|DE(Amprion)","KMW_KW3","11WD7BISC5GKW3-T","Fossil Gas","11WD7BISC5GKW3-T","01/04/2026 12:00 - 01/04/2026 13:00","84.03",""
"01/04/2026 00:00 - 02/04/2026 00:00","CTA|DE(Amprion)","KMW_KW3","11WD7BISC5GKW3-T","Fossil Gas","11WD7BISC5GKW3-T","01/04/2026 13:00 - 01/04/2026 14:00","0.00",""
"01/04/2026 00:00 - 02/04/2026 00:00","CTA|DE(Amprion)","KMW_KW3","11WD7BISC5GKW3-T","Fossil Gas","11WD7BISC5GKW3-T","01/04/2026 14:00 - 01/04/2026 15:00","0.00",""
"01/04/2026 00:00 - 02/04/2026 00:00","CTA|DE(Amprion)","KMW_KW3","11WD7BISC5GKW3-T","Fossil Gas","11WD7BISC5GKW3-T","01/04/2026 15:00 - 01/04/2026 16:00","0.00",""
"01/04/2026 00:00 - 02/04/2026 00:00","CTA|DE(Amprion)","KMW_KW3","11WD7BISC5GKW3-T","Fossil Gas","11WD7BISC5GKW3-T","01/04/2026 16:00 - 01/04/2026 17:00","0.00",""
"01/04/2026 00:00 - 02/04/2026 00:00","CTA|DE(Amprion)","KMW_KW3","11WD7BISC5GKW3-T","Fossil Gas","11WD7BISC5GKW3-T","01/04/2026 17:00 - 01/04/2026 18:00","257.02",""
"01/04/2026 00:00 - 02/04/2026 00:00","CTA|DE(Amprion)","KMW_KW3","11WD7BISC5GKW3-T","Fossil Gas","11WD7BISC5GKW3-T","01/04/2026 18:00 - 01/04/2026 19:00","419.57",""
"01/04/2026 00:00 - 02/04/2026 00:00","CTA|DE(Amprion)","KMW_KW3","11WD7BISC5GKW3-T","Fossil Gas","11WD7BISC5GKW3-T","01/04/2026 19:00 - 01/04/2026 20:00","433.75",""
"01/04/2026 00:00 - 02/04/2026 00:00","CTA|DE(Amprion)","KMW_KW3","11WD7BISC5GKW3-T","Fossil Gas","11WD7BISC5GKW3-T","01/04/2026 20:00 - 01/04/2026 21:00","436.23",""
"01/04/2026 00:00 - 02/04/2026 00:00","CTA|DE(Amprion)","KMW_KW3","11WD7BISC5GKW3-T","Fossil Gas","11WD7BISC5GKW3-T","01/04/2026 21:00 - 01/04/2026 22:00","438.25",""
"01/04/2026 00:00 - 02/04/2026 00:00","CTA|DE(Amprion)","KMW_KW3","11WD7BISC5GKW3-T","Fossil Gas","11WD7BISC5GKW3-T","01/04/2026 22:00 - 01/04/2026 23:00","436.27",""
"01/04/2026 00:00 - 02/04/2026 00:00","CTA|DE(Amprion)","KMW_KW3","11WD7BISC5GKW3-T","Fossil Gas","11WD7BISC5GKW3-T","01/04/2026 23:00 - 02/04/2026 00:00","433.65",""
"01/04/2026 00:00 - 02/04/2026 00:00","CTA|DE(Amprion)","DT HKW-Niehl-2","11WD7BOLA5GDTN2T","Fossil Gas","11WD7BOLA5GDTN2T","01/04/2026 00:00 - 01/04/2026 01:00","0.00",""
"01/04/2026 00:00 - 02/04/2026 00:00","CTA|DE(Amprion)","DT HKW-Niehl-2","11WD7BOLA5GDTN2T","Fossil Gas","11WD7BOLA5GDTN2T","01/04/2026 01:00 - 01/04/2026 02:00","0.00",""
"01/04/2026 00:00 - 02/04/2026 00:00","CTA|DE(Amprion)","DT HKW-Niehl-2","11WD7BOLA5GDTN2T","Fossil Gas","11WD7BOLA5GDTN2T","01/04/2026 02:00 - 01/04/2026 03:00","9.78",""
"01/04/2026 00:00 - 02/04/2026 00:00","CTA|DE(Amprion)","DT HKW-Niehl-2","11WD7BOLA5GDTN2T","Fossil Gas","11WD7BOLA5GDTN2T","01/04/2026 03:00 - 01/04/2026 04:00","32.25",""
"01/04/2026 00:00 - 02/04/2026 00:00","CTA|DE(Amprion)","DT HKW-Niehl-2","11WD7BOLA5GDTN2T","Fossil Gas","11WD7BOLA5GDTN2T","01/04/2026 04:00 - 01/04/2026 05:00","32.63",""
"01/04/2026 00:00 - 02/04/2026 00:00","CTA|DE(Amprion)","DT HKW-Niehl-2","11WD7BOLA5GDTN2T","Fossil Gas","11WD7BOLA5GDTN2T","01/04/2026 05:00 - 01/04/2026 06:00","57.70",""
"01/04/2026 00:00 - 02/04/2026 00:00","CTA|DE(Amprion)","DT HKW-Niehl-2","11WD7BOLA5GDTN2T","Fossil Gas","11WD7BOLA5GDTN2T","01/04/2026 06:00 - 01/04/2026 07:00","129.75",""
"01/04/2026 00:00 - 02/04/2026 00:00","CTA|DE(Amprion)","DT HKW-Niehl-2","11WD7BOLA5GDTN2T","Fossil Gas","11WD7BOLA5GDTN2T","01/04/2026 07:00 - 01/04/2026 08:00","131.50",""
"01/04/2026 00:00 - 02/04/2026 00:00","CTA|DE(Amprion)","DT HKW-Niehl-2","11WD7BOLA5GDTN2T","Fossil Gas","11WD7BOLA5GDTN2T","01/04/2026 08:00 - 01/04/2026 09:00","131.68",""
"01/04/2026 00:00 - 02/04/2026 00:00","CTA|DE(Amprion)","DT HKW-Niehl-2","11WD7BOLA5GDTN2T","Fossil Gas","11WD7BOLA5GDTN2T","01/04/2026 09:00 - 01/04/2026 10:00","126.95",""
"01/04/2026 00:00 - 02/04/2026 00:00","CTA|DE(Amprion)","DT HKW-Niehl-2","11WD7BOLA5GDTN2T","Fossil Gas","11WD7BOLA5GDTN2T","01/04/2026 10:00 - 01/04/2026 11:00","108.80",""
"01/04/2026 00:00 - 02/04/2026 00:00","CTA|DE(Amprion)","DT HKW-Niehl-2","11WD7BOLA5GDTN2T","Fossil Gas","11WD7BOLA5GDTN2T","01/04/2026 11:00 - 01/04/2026 12:00","83.22",""
"01/04/2026 00:00 - 02/04/2026 00:00","CTA|DE(Amprion)","DT HKW-Niehl-2","11WD7BOLA5GDTN2T","Fossil Gas","11WD7BOLA5GDTN2T","01/04/2026 12:00 - 01/04/2026 13:00","85.72",""
"01/04/2026 00:00 - 02/04/2026 00:00","CTA|DE(Amprion)","DT HKW-Niehl-2","11WD7BOLA5GDTN2T","Fossil Gas","11WD7BOLA5GDTN2T","01/04/2026 13:00 - 01/04/2026 14:00","60.23",""
"01/04/2026 00:00 - 02/04/2026 00:00","CTA|DE(Amprion)","DT HKW-Niehl-2","11WD7BOLA5GDTN2T","Fossil Gas","11WD7BOLA5GDTN2T","01/04/2026 14:00 - 01/04/2026 15:00","59.90",""
"01/04/2026 00:00 - 02/04/2026 00:00","CTA|DE(Amprion)","DT HKW-Niehl-2","11WD7BOLA5GDTN2T","Fossil Gas","11WD7BOLA5GDTN2T","01/04/2026 15:00 - 01/04/2026 16:00","65.38",""
"01/04/2026 00:00 - 02/04/2026 00:00","CTA|DE(Amprion)","DT HKW-Niehl-2","11WD7BOLA5GDTN2T","Fossil Gas","11WD7BOLA5GDTN2T","01/04/2026 16:00 - 01/04/2026 17:00","112.55",""
"01/04/2026 00:00 - 02/04/2026 00:00","CTA|DE(Amprion)","DT HKW-Niehl-2","11WD7BOLA5GDTN2T","Fossil Gas","11WD7BOLA5GDTN2T","01/04/2026 17:00 - 01/04/2026 18:00","118.00",""
"01/04/2026 00:00 - 02/04/2026 00:00","CTA|DE(Amprion)","DT HKW-Niehl-2","11WD7BOLA5GDTN2T","Fossil Gas","11WD7BOLA5GDTN2T","01/04/2026 18:00 - 01/04/2026 19:00","126.38",""
"01/04/2026 00:00 - 02/04/2026 00:00","CTA|DE(Amprion)","DT HKW-Niehl-2","11WD7BOLA5GDTN2T","Fossil Gas","11WD7BOLA5GDTN2T","01/04/2026 19:00 - 01/04/2026 20:00","126.90",""
"01/04/2026 00:00 - 02/04/2026 00:00","CTA|DE(Amprion)","DT HKW-Niehl-2","11WD7BOLA5GDTN2T","Fossil Gas","11WD7BOLA5GDTN2T","01/04/2026 20:00 - 01/04/2026 21:00","127.70",""
"01/04/2026 00:00 - 02/04/2026 00:00","CTA|DE(Amprion)","DT HKW-Niehl-2","11WD7BOLA5GDTN2T","Fossil Gas","11WD7BOLA5GDTN2T","01/04/2026 21:00 - 01/04/2026 22:00","128.35",""
"01/04/2026 00:00 - 02/04/2026 00:00","CTA|DE(Amprion)","DT HKW-Niehl-2","11WD7BOLA5GDTN2T","Fossil Gas","11WD7BOLA5GDTN2T","01/04/2026 22:00 - 01/04/2026 23:00","128.40",""
"01/04/2026 00:00 - 02/04/2026 00:00","CTA|DE(Amprion)","DT HKW-Niehl-2","11WD7BOLA5GDTN2T","Fossil Gas","11WD7BOLA5GDTN2T","01/04/2026 23:00 - 02/04/2026 00:00","128.35",""
"01/04/2026 00:00 - 02/04/2026 00:00","CTA|DE(Amprion)","GT HKW-Niehl-2","11WD7BOLA5GGTN2E","Fossil Gas","11WD7BOLA5GGTN2E","01/04/2026 00:00 - 01/04/2026 01:00","0.00",""
"01/04/2026 00:00 - 02/04/2026 00:00","CTA|DE(Amprion)","GT HKW-Niehl-2","11WD7BOLA5GGTN2E","Fossil Gas","11WD7BOLA5GGTN2E","01/04/2026 01:00 - 01/04/2026 02:00","0.00",""
"01/04/2026 00:00 - 02/04/2026 00:00","CTA|DE(Amprion)","GT HKW-Niehl-2","11WD7BOLA5GGTN2E","Fossil Gas","11WD7BOLA5GGTN2E","01/04/2026 02:00 - 01/04/2026 03:00","19.55",""
"01/04/2026 00:00 - 02/04/2026 00:00","CTA|DE(Amprion)","GT HKW-Niehl-2","11WD7BOLA5GGTN2E","Fossil Gas","11WD7BOLA5GGTN2E","01/04/2026 03:00 - 01/04/2026 04:00","64.55",""
"01/04/2026 00:00 - 02/04/2026 00:00","CTA|DE(Amprion)","GT HKW-Niehl-2","11WD7BOLA5GGTN2E","Fossil Gas","11WD7BOLA5GGTN2E","01/04/2026 04:00 - 01/04/2026 05:00","65.33",""
"01/04/2026 00:00 - 02/04/2026 00:00","CTA|DE(Amprion)","GT HKW-Niehl-2","11WD7BOLA5GGTN2E","Fossil Gas","11WD7BOLA5GGTN2E","01/04/2026 05:00 - 01/04/2026 06:00","115.38",""
"01/04/2026 00:00 - 02/04/2026 00:00","CTA|DE(Amprion)","GT HKW-Niehl-2","11WD7BOLA5GGTN2E","Fossil Gas","11WD7BOLA5GGTN2E","01/04/2026 06:00 - 01/04/2026 07:00","259.48",""
"01/04/2026 00:00 - 02/04/2026 00:00","CTA|DE(Amprion)","GT HKW-Niehl-2","11WD7BOLA5GGTN2E","Fossil Gas","11WD7BOLA5GGTN2E","01/04/2026 07:00 - 01/04/2026 08:00","262.98",""
"01/04/2026 00:00 - 02/04/2026 00:00","CTA|DE(Amprion)","GT HKW-Niehl-2","11WD7BOLA5GGTN2E","Fossil Gas","11WD7BOLA5GGTN2E","01/04/2026 08:00 - 01/04/2026 09:00","263.38",""
"01/04/2026 00:00 - 02/04/2026 00:00","CTA|DE(Amprion)","GT HKW-Niehl-2","11WD7BOLA5GGTN2E","Fossil Gas","11WD7BOLA5GGTN2E","01/04/2026 09:00 - 01/04/2026 10:00","253.85",""
"01/04/2026 00:00 - 02/04/2026 00:00","CTA|DE(Amprion)","GT HKW-Niehl-2","11WD7BOLA5GGTN2E","Fossil Gas","11WD7BOLA5GGTN2E","01/04/2026 10:00 - 01/04/2026 11:00","217.65",""
"01/04/2026 00:00 - 02/04/2026 00:00","CTA|DE(Amprion)","GT HKW-Niehl-2","11WD7BOLA5GGTN2E","Fossil Gas","11WD7BOLA5GGTN2E","01/04/2026 11:00 - 01/04/2026 12:00","166.43",""
"01/04/2026 00:00 - 02/04/2026 00:00","CTA|DE(Amprion)","GT HKW-Niehl-2","11WD7BOLA5GGTN2E","Fossil Gas","11WD7BOLA5GGTN2E","01/04/2026 12:00 - 01/04/2026 13:00","171.43",""
"01/04/2026 00:00 - 02/04/2026 00:00","CTA|DE(Amprion)","GT HKW-Niehl-2","11WD7BOLA5GGTN2E","Fossil Gas","11WD7BOLA5GGTN2E","01/04/2026 13:00 - 01/04/2026 14:00","120.42",""
"01/04/2026 00:00 - 02/04/2026 00:00","CTA|DE(Amprion)","GT HKW-Niehl-2","11WD7BOLA5GGTN2E","Fossil Gas","11WD7BOLA5GGTN2E","01/04/2026 14:00 - 01/04/2026 15:00","119.78",""
"01/04/2026 00:00 - 02/04/2026 00:00","CTA|DE(Amprion)","GT HKW-Niehl-2","11WD7BOLA5GGTN2E","Fossil Gas","11WD7BOLA5GGTN2E","01/04/2026 15:00 - 01/04/2026 16:00","130.75",""
"01/04/2026 00:00 - 02/04/2026 00:00","CTA|DE(Amprion)","GT HKW-Niehl-2","11WD7BOLA5GGTN2E","Fossil Gas","11WD7BOLA5GGTN2E","01/04/2026 16:00 - 01/04/2026 17:00","225.07",""
"01/04/2026 00:00 - 02/04/2026 00:00","CTA|DE(Amprion)","GT HKW-Niehl-2","11WD7BOLA5GGTN2E","Fossil Gas","11WD7BOLA5GGTN2E","01/04/2026 17:00 - 01/04/2026 18:00","235.95",""
"01/04/2026 00:00 - 02/04/2026 00:00","CTA|DE(Amprion)","GT HKW-Niehl-2","11WD7BOLA5GGTN2E","Fossil Gas","11WD7BOLA5GGTN2E","01/04/2026 18:00 - 01/04/2026 19:00","252.75",""
"01/04/2026 00:00 - 02/04/2026 00:00","CTA|DE(Amprion)","GT HKW-Niehl-2","11WD7BOLA5GGTN2E","Fossil Gas","11WD7BOLA5GGTN2E","01/04/2026 19:00 - 01/04/2026 20:00","253.82",""
"01/04/2026 00:00 - 02/04/2026 00:00","CTA|DE(Amprion)","GT HKW-Niehl-2","11WD7BOLA5GGTN2E","Fossil Gas","11WD7BOLA5GGTN2E","01/04/2026 20:00 - 01/04/2026 21:00","255.40",""
"01/04/2026 00:00 - 02/04/2026 00:00","CTA|DE(Amprion)","GT HKW-Niehl-2","11WD7BOLA5GGTN2E","Fossil Gas","11WD7BOLA5GGTN2E","01/04/2026 21:00 - 01/04/2026 22:00","256.75",""
"01/04/2026 00:00 - 02/04/2026 00:00","CTA|DE(Amprion)","GT HKW-Niehl-2","11WD7BOLA5GGTN2E","Fossil Gas","11WD7BOLA5GGTN2E","01/04/2026 22:00 - 01/04/2026 23:00","256.70",""
"01/04/2026 00:00 - 02/04/2026 00:00","CTA|DE(Amprion)","GT HKW-Niehl-2","11WD7BOLA5GGTN2E","Fossil Gas","11WD7BOLA5GGTN2E","01/04/2026 23:00 - 02/04/2026 00:00","256.73",""
"01/04/2026 00:00 - 02/04/2026 00:00","CTA|DE(Amprion)","GuD Dormagen","11WD7BRAU5G-GUDH","Fossil Gas","11WD7BRAU5G-GUDH","01/04/2026 00:00 - 01/04/2026 01:00","0.00",""
"01/04/2026 00:00 - 02/04/2026 00:00","CTA|DE(Amprion)","GuD Dormagen","11WD7BRAU5G-GUDH","Fossil Gas","11WD7BRAU5G-GUDH","01/04/2026 01:00 - 01/04/2026 02:00","0.00",""
"01/04/2026 00:00 - 02/04/2026 00:00","CTA|DE(Amprion)","GuD Dormagen","11WD7BRAU5G-GUDH","Fossil Gas","11WD7BRAU5G-GUDH","01/04/2026 02:00 - 01/04/2026 03:00","0.00",""
"01/04/2026 00:00 - 02/04/2026 00:00","CTA|DE(Amprion)","GuD Dormagen","11WD7BRAU5G-GUDH","Fossil Gas","11WD7BRAU5G-GUDH","01/04/2026 03:00 - 01/04/2026 04:00","0.00",""
"01/04/2026 00:00 - 02/04/2026 00:00","CTA|DE(Amprion)","GuD Dormagen","11WD7BRAU5G-GUDH","Fossil Gas","11WD7BRAU5G-GUDH","01/04/2026 04:00 - 01/04/2026 05:00","0.00",""
"01/04/2026 00:00 - 02/04/2026 00:00","CTA|DE(Amprion)","GuD Dormagen","11WD7BRAU5G-GUDH","Fossil Gas","11WD7BRAU5G-GUDH","01/04/2026 05:00 - 01/04/2026 06:00","0.00",""
"01/04/2026 00:00 - 02/04/2026 00:00","CTA|DE(Amprion)","GuD Dormagen","11WD7BRAU5G-GUDH","Fossil Gas","11WD7BRAU5G-GUDH","01/04/2026 06:00 - 01/04/2026 07:00","0.00",""
"01/04/2026 00:00 - 02/04/2026 00:00","CTA|DE(Amprion)","GuD Dormagen","11WD7BRAU5G-GUDH","Fossil Gas","11WD7BRAU5G-GUDH","01/04/2026 07:00 - 01/04/2026 08:00","0.00",""
"01/04/2026 00:00 - 02/04/2026 00:00","CTA|DE(Amprion)","GuD Dormagen","11WD7BRAU5G-GUDH","Fossil Gas","11WD7BRAU5G-GUDH","01/04/2026 08:00 - 01/04/2026 09:00","0.00",""
"01/04/2026 00:00 - 02/04/2026 00:00","CTA|DE(Amprion)","GuD Dormagen","11WD7BRAU5G-GUDH","Fossil Gas","11WD7BRAU5G-GUDH","01/04/2026 09:00 - 01/04/2026 10:00","0.00",""
"01/04/2026 00:00 - 02/04/2026 00:00","CTA|DE(Amprion)","GuD Dormagen","11WD7BRAU5G-GUDH","Fossil Gas","11WD7BRAU5G-GUDH","01/04/2026 10:00 - 01/04/2026 11:00","0.00",""
"01/04/2026 00:00 - 02/04/2026 00:00","CTA|DE(Amprion)","GuD Dormagen","11WD7BRAU5G-GUDH","Fossil Gas","11WD7BRAU5G-GUDH","01/04/2026 11:00 - 01/04/2026 12:00","0.00",""
"01/04/2026 00:00 - 02/04/2026 00:00","CTA|DE(Amprion)","GuD Dormagen","11WD7BRAU5G-GUDH","Fossil Gas","11WD7BRAU5G-GUDH","01/04/2026 12:00 - 01/04/2026 13:00","0.00",""
"01/04/2026 00:00 - 02/04/2026 00:00","CTA|DE(Amprion)","GuD Dormagen","11WD7BRAU5G-GUDH","Fossil Gas","11WD7BRAU5G-GUDH","01/04/2026 13:00 - 01/04/2026 14:00","0.00",""
"01/04/2026 00:00 - 02/04/2026 00:00","CTA|DE(Amprion)","GuD Dormagen","11WD7BRAU5G-GUDH","Fossil Gas","11WD7BRAU5G-GUDH","01/04/2026 14:00 - 01/04/2026 15:00","0.00",""
"01/04/2026 00:00 - 02/04/2026 00:00","CTA|DE(Amprion)","GuD Dormagen","11WD7BRAU5G-GUDH","Fossil Gas","11WD7BRAU5G-GUDH","01/04/2026 15:00 - 01/04/2026 16:00","0.00",""
"01/04/2026 00:00 - 02/04/2026 00:00","CTA|DE(Amprion)","GuD Dormagen","11WD7BRAU5G-GUDH","Fossil Gas","11WD7BRAU5G-GUDH","01/04/2026 16:00 - 01/04/2026 17:00","0.00",""
"01/04/2026 00:00 - 02/04/2026 00:00","CTA|DE(Amprion)","GuD Dormagen","11WD7BRAU5G-GUDH","Fossil Gas","11WD7BRAU5G-GUDH","01/04/2026 17:00 - 01/04/2026 18:00","0.00",""
"01/04/2026 00:00 - 02/04/2026 00:00","CTA|DE(Amprion)","GuD Dormagen","11WD7BRAU5G-GUDH","Fossil Gas","11WD7BRAU5G-GUDH","01/04/2026 18:00 - 01/04/2026 19:00","0.00",""
"01/04/2026 00:00 - 02/04/2026 00:00","CTA|DE(Amprion)","GuD Dormagen","11WD7BRAU5G-GUDH","Fossil Gas","11WD7BRAU5G-GUDH","01/04/2026 19:00 - 01/04/2026 20:00","0.00",""
"01/04/2026 00:00 - 02/04/2026 00:00","CTA|DE(Amprion)","GuD Dormagen","11WD7BRAU5G-GUDH","Fossil Gas","11WD7BRAU5G-GUDH","01/04/2026 20:00 - 01/04/2026 21:00","0.00",""
"01/04/2026 00:00 - 02/04/2026 00:00","CTA|DE(Amprion)","GuD Dormagen","11WD7BRAU5G-GUDH","Fossil Gas","11WD7BRAU5G-GUDH","01/04/2026 21:00 - 01/04/2026 22:00","0.00",""
"01/04/2026 00:00 - 02/04/2026 00:00","CTA|DE(Amprion)","GuD Dormagen","11WD7BRAU5G-GUDH","Fossil Gas","11WD7BRAU5G-GUDH","01/04/2026 22:00 - 01/04/2026 23:00","0.00",""
"01/04/2026 00:00 - 02/04/2026 00:00","CTA|DE(Amprion)","GuD Dormagen","11WD7BRAU5G-GUDH","Fossil Gas","11WD7BRAU5G-GUDH","01/04/2026 23:00 - 02/04/2026 00:00","0.00",""
"01/04/2026 00:00 - 02/04/2026 00:00","CTA|DE(Amprion)","Emsland B","11WD7EMSL-G-BLB0","Fossil Gas","11WD7EMSL-G-BLB0","01/04/2026 00:00 - 01/04/2026 01:00","0.00",""
"01/04/2026 00:00 - 02/04/2026 00:00","CTA|DE(Amprion)","Emsland B","11WD7EMSL-G-BLB0","Fossil Gas","11WD7EMSL-G-BLB0","01/04/2026 01:00 - 01/04/2026 02:00","0.00",""
"01/04/2026 00:00 - 02/04/2026 00:00","CTA|DE(Amprion)","Emsland B","11WD7EMSL-G-BLB0","Fossil Gas","11WD7EMSL-G-BLB0","01/04/2026 02:00 - 01/04/2026 03:00","0.00",""
"01/04/2026 00:00 - 02/04/2026 00:00","CTA|DE(Amprion)","Emsland B","11WD7EMSL-G-BLB0","Fossil Gas","11WD7EMSL-G-BLB0","01/04/2026 03:00 - 01/04/2026 04:00","0.00",""
"01/04/2026 00:00 - 02/04/2026 00:00","CTA|DE(Amprion)","Emsland B","11WD7EMSL-G-BLB0","Fossil Gas","11WD7EMSL-G-BLB0","01/04/2026 04:00 - 01/04/2026 05:00","0.00",""
"01/04/2026 00:00 - 02/04/2026 00:00","CTA|DE(Amprion)","Emsland B","11WD7EMSL-G-BLB0","Fossil Gas","11WD7EMSL-G-BLB0","01/04/2026 05:00 - 01/04/2026 06:00","0.00",""
"01/04/2026 00:00 - 02/04/2026 00:00","CTA|DE(Amprion)","Emsland B","11WD7EMSL-G-BLB0","Fossil Gas","11WD7EMSL-G-BLB0","01/04/2026 06:00 - 01/04/2026 07:00","0.00",""
"01/04/2026 00:00 - 02/04/2026 00:00","CTA|DE(Amprion)","Emsland B","11WD7EMSL-G-BLB0","Fossil Gas","11WD7EMSL-G-BLB0","01/04/2026 07:00 - 01/04/2026 08:00","0.00",""
"01/04/2026 00:00 - 02/04/2026 00:00","CTA|DE(Amprion)","Emsland B","11WD7EMSL-G-BLB0","Fossil Gas","11WD7EMSL-G-BLB0","01/04/2026 08:00 - 01/04/2026 09:00","0.00",""
"01/04/2026 00:00 - 02/04/2026 00:00","CTA|DE(Amprion)","Emsland B","11WD7EMSL-G-BLB0","Fossil Gas","11WD7EMSL-G-BLB0","01/04/2026 09:00 - 01/04/2026 10:00","0.00",""
"01/04/2026 00:00 - 02/04/2026 00:00","CTA|DE(Amprion)","Emsland B","11WD7EMSL-G-BLB0","Fossil Gas","11WD7EMSL-G-BLB0","01/04/2026 10:00 - 01/04/2026 11:00","0.00",""
"01/04/2026 00:00 - 02/04/2026 00:00","CTA|DE(Amprion)","Emsland B","11WD7EMSL-G-BLB0","Fossil Gas","11WD7EMSL-G-BLB0","01/04/2026 11:00 - 01/04/2026 12:00","0.00",""
"01/04/2026 00:00 - 02/04/2026 00:00","CTA|DE(Amprion)","Emsland B","11WD7EMSL-G-BLB0","Fossil Gas","11WD7EMSL-G-BLB0","01/04/2026 12:00 - 01/04/2026 13:00","0.00",""
"01/04/2026 00:00 - 02/04/2026 00:00","CTA|DE(Amprion)","Emsland B","11WD7EMSL-G-BLB0","Fossil Gas","11WD7EMSL-G-BLB0","01/04/2026 13:00 - 01/04/2026 14:00","0.00",""
"01/04/2026 00:00 - 02/04/2026 00:00","CTA|DE(Amprion)","Emsland B","11WD7EMSL-G-BLB0","Fossil Gas","11WD7EMSL-G-BLB0","01/04/2026 14:00 - 01/04/2026 15:00","0.00",""
"01/04/2026 00:00 - 02/04/2026 00:00","CTA|DE(Amprion)","Emsland B","11WD7EMSL-G-BLB0","Fossil Gas","11WD7EMSL-G-BLB0","01/04/2026 15:00 - 01/04/2026 16:00","0.00",""
"01/04/2026 00:00 - 02/04/2026 00:00","CTA|DE(Amprion)","Emsland B","11WD7EMSL-G-BLB0","Fossil Gas","11WD7EMSL-G-BLB0","01/04/2026 16:00 - 01/04/2026 17:00","0.00",""
"01/04/2026 00:00 - 02/04/2026 00:00","CTA|DE(Amprion)","Emsland B","11WD7EMSL-G-BLB0","Fossil Gas","11WD7EMSL-G-BLB0","01/04/2026 17:00 - 01/04/2026 18:00","0.00",""
"01/04/2026 00:00 - 02/04/2026 00:00","CTA|DE(Amprion)","Emsland B","11WD7EMSL-G-BLB0","Fossil Gas","11WD7EMSL-G-BLB0","01/04/2026 18:00 - 01/04/2026 19:00","0.00",""
"01/04/2026 00:00 - 02/04/2026 00:00","CTA|DE(Amprion)","Emsland B","11WD7EMSL-G-BLB0","Fossil Gas","11WD7EMSL-G-BLB0","01/04/2026 19:00 - 01/04/2026 20:00","0.00",""
"01/04/2026 00:00 - 02/04/2026 00:00","CTA|DE(Amprion)","Emsland B","11WD7EMSL-G-BLB0","Fossil Gas","11WD7EMSL-G-BLB0","01/04/2026 20:00 - 01/04/2026 21:00","0.00",""
"01/04/2026 00:00 - 02/04/2026 00:00","CTA|DE(Amprion)","Emsland B","11WD7EMSL-G-BLB0","Fossil Gas","11WD7EMSL-G-BLB0","01/04/2026 21:00 - 01/04/2026 22:00","0.00",""
"01/04/2026 00:00 - 02/04/2026 00:00","CTA|DE(Amprion)","Emsland B","11WD7EMSL-G-BLB0","Fossil Gas","11WD7EMSL-G-BLB0","01/04/2026 22:00 - 01/04/2026 23:00","0.00",""
"01/04/2026 00:00 - 02/04/2026 00:00","CTA|DE(Amprion)","Emsland B","11WD7EMSL-G-BLB0","Fossil Gas","11WD7EMSL-G-BLB0","01/04/2026 23:00 - 02/04/2026 00:00","0.00",""
"01/04/2026 00:00 - 02/04/2026 00:00","CTA|DE(Amprion)","Emsland C","11WD7EMSL-G-BLCZ","Fossil Gas","11WD7EMSL-G-BLCZ","01/04/2026 00:00 - 01/04/2026 01:00","0.00",""
"01/04/2026 00:00 - 02/04/2026 00:00","CTA|DE(Amprion)","Emsland C","11WD7EMSL-G-BLCZ","Fossil Gas","11WD7EMSL-G-BLCZ","01/04/2026 01:00 - 01/04/2026 02:00","0.00",""
"01/04/2026 00:00 - 02/04/2026 00:00","CTA|DE(Amprion)","Emsland C","11WD7EMSL-G-BLCZ","Fossil Gas","11WD7EMSL-G-BLCZ","01/04/2026 02:00 - 01/04/2026 03:00","0.00",""
"01/04/2026 00:00 - 02/04/2026 00:00","CTA|DE(Amprion)","Emsland C","11WD7EMSL-G-BLCZ","Fossil Gas","11WD7EMSL-G-BLCZ","01/04/2026 03:00 - 01/04/2026 04:00","0.00",""
"01/04/2026 00:00 - 02/04/2026 00:00","CTA|DE(Amprion)","Emsland C","11WD7EMSL-G-BLCZ","Fossil Gas","11WD7EMSL-G-BLCZ","01/04/2026 04:00 - 01/04/2026 05:00","0.00",""
"01/04/2026 00:00 - 02/04/2026 00:00","CTA|DE(Amprion)","Emsland C","11WD7EMSL-G-BLCZ","Fossil Gas","11WD7EMSL-G-BLCZ","01/04/2026 05:00 - 01/04/2026 06:00","4.33",""
"01/04/2026 00:00 - 02/04/2026 00:00","CTA|DE(Amprion)","Emsland C","11WD7EMSL-G-BLCZ","Fossil Gas","11WD7EMSL-G-BLCZ","01/04/2026 06:00 - 01/04/2026 07:00","114.72",""
"01/04/2026 00:00 - 02/04/2026 00:00","CTA|DE(Amprion)","Emsland C","11WD7EMSL-G-BLCZ","Fossil Gas","11WD7EMSL-G-BLCZ","01/04/2026 07:00 - 01/04/2026 08:00","136.35",""
"01/04/2026 00:00 - 02/04/2026 00:00","CTA|DE(Amprion)","Emsland C","11WD7EMSL-G-BLCZ","Fossil Gas","11WD7EMSL-G-BLCZ","01/04/2026 08:00 - 01/04/2026 09:00","209.80",""
"01/04/2026 00:00 - 02/04/2026 00:00","CTA|DE(Amprion)","Emsland C","11WD7EMSL-G-BLCZ","Fossil Gas","11WD7EMSL-G-BLCZ","01/04/2026 09:00 - 01/04/2026 10:00","273.40",""
"01/04/2026 00:00 - 02/04/2026 00:00","CTA|DE(Amprion)","Emsland C","11WD7EMSL-G-BLCZ","Fossil Gas","11WD7EMSL-G-BLCZ","01/04/2026 10:00 - 01/04/2026 11:00","196.25",""
"01/04/2026 00:00 - 02/04/2026 00:00","CTA|DE(Amprion)","Emsland C","11WD7EMSL-G-BLCZ","Fossil Gas","11WD7EMSL-G-BLCZ","01/04/2026 11:00 - 01/04/2026 12:00","0.00",""
"01/04/2026 00:00 - 02/04/2026 00:00","CTA|DE(Amprion)","Emsland C","11WD7EMSL-G-BLCZ","Fossil Gas","11WD7EMSL-G-BLCZ","01/04/2026 12:00 - 01/04/2026 13:00","0.00",""
"01/04/2026 00:00 - 02/04/2026 00:00","CTA|DE(Amprion)","Emsland C","11WD7EMSL-G-BLCZ","Fossil Gas","11WD7EMSL-G-BLCZ","01/04/2026 13:00 - 01/04/2026 14:00","0.00",""
"01/04/2026 00:00 - 02/04/2026 00:00","CTA|DE(Amprion)","Emsland C","11WD7EMSL-G-BLCZ","Fossil Gas","11WD7EMSL-G-BLCZ","01/04/2026 14:00 - 01/04/2026 15:00","0.00",""
"01/04/2026 00:00 - 02/04/2026 00:00","CTA|DE(Amprion)","Emsland C","11WD7EMSL-G-BLCZ","Fossil Gas","11WD7EMSL-G-BLCZ","01/04/2026 15:00 - 01/04/2026 16:00","0.00",""
"01/04/2026 00:00 - 02/04/2026 00:00","CTA|DE(Amprion)","Emsland C","11WD7EMSL-G-BLCZ","Fossil Gas","11WD7EMSL-G-BLCZ","01/04/2026 16:00 - 01/04/2026 17:00","0.00",""
"01/04/2026 00:00 - 02/04/2026 00:00","CTA|DE(Amprion)","Emsland C","11WD7EMSL-G-BLCZ","Fossil Gas","11WD7EMSL-G-BLCZ","01/04/2026 17:00 - 01/04/2026 18:00","0.00",""
"01/04/2026 00:00 - 02/04/2026 00:00","CTA|DE(Amprion)","Emsland C","11WD7EMSL-G-BLCZ","Fossil Gas","11WD7EMSL-G-BLCZ","01/04/2026 18:00 - 01/04/2026 19:00","0.00",""
"01/04/2026 00:00 - 02/04/2026 00:00","CTA|DE(Amprion)","Emsland C","11WD7EMSL-G-BLCZ","Fossil Gas","11WD7EMSL-G-BLCZ","01/04/2026 19:00 - 01/04/2026 20:00","0.00",""
"01/04/2026 00:00 - 02/04/2026 00:00","CTA|DE(Amprion)","Emsland C","11WD7EMSL-G-BLCZ","Fossil Gas","11WD7EMSL-G-BLCZ","01/04/2026 20:00 - 01/04/2026 21:00","0.00",""
"01/04/2026 00:00 - 02/04/2026 00:00","CTA|DE(Amprion)","Emsland C","11WD7EMSL-G-BLCZ","Fossil Gas","11WD7EMSL-G-BLCZ","01/04/2026 21:00 - 01/04/2026 22:00","0.00",""
"01/04/2026 00:00 - 02/04/2026 00:00","CTA|DE(Amprion)","Emsland C","11WD7EMSL-G-BLCZ","Fossil Gas","11WD7EMSL-G-BLCZ","01/04/2026 22:00 - 01/04/2026 23:00","0.00",""
"01/04/2026 00:00 - 02/04/2026 00:00","CTA|DE(Amprion)","Emsland C","11WD7EMSL-G-BLCZ","Fossil Gas","11WD7EMSL-G-BLCZ","01/04/2026 23:00 - 02/04/2026 00:00","0.00",""
"01/04/2026 00:00 - 02/04/2026 00:00","CTA|DE(Amprion)","Emsland D","11WD7EMSL1G-GUD9","Fossil Gas","11WD7EMSL1G-GUD9","01/04/2026 00:00 - 01/04/2026 01:00","890.67",""
"01/04/2026 00:00 - 02/04/2026 00:00","CTA|DE(Amprion)","Emsland D","11WD7EMSL1G-GUD9","Fossil Gas","11WD7EMSL1G-GUD9","01/04/2026 01:00 - 01/04/2026 02:00","862.40",""
"01/04/2026 00:00 - 02/04/2026 00:00","CTA|DE(Amprion)","Emsland D","11WD7EMSL1G-GUD9","Fossil Gas","11WD7EMSL1G-GUD9","01/04/2026 02:00 - 01/04/2026 03:00","792.17",""
"01/04/2026 00:00 - 02/04/2026 00:00","CTA|DE(Amprion)","Emsland D","11WD7EMSL1G-GUD9","Fossil Gas","11WD7EMSL1G-GUD9","01/04/2026 03:00 - 01/04/2026 04:00","805.38",""
"01/04/2026 00:00 - 02/04/2026 00:00","CTA|DE(Amprion)","Emsland D","11WD7EMSL1G-GUD9","Fossil Gas","11WD7EMSL1G-GUD9","01/04/2026 04:00 - 01/04/2026 05:00","865.75",""
"01/04/2026 00:00 - 02/04/2026 00:00","CTA|DE(Amprion)","Emsland D","11WD7EMSL1G-GUD9","Fossil Gas","11WD7EMSL1G-GUD9","01/04/2026 05:00 - 01/04/2026 06:00","873.50",""
"01/04/2026 00:00 - 02/04/2026 00:00","CTA|DE(Amprion)","Emsland D","11WD7EMSL1G-GUD9","Fossil Gas","11WD7EMSL1G-GUD9","01/04/2026 06:00 - 01/04/2026 07:00","867.00",""
"01/04/2026 00:00 - 02/04/2026 00:00","CTA|DE(Amprion)","Emsland D","11WD7EMSL1G-GUD9","Fossil Gas","11WD7EMSL1G-GUD9","01/04/2026 07:00 - 01/04/2026 08:00","879.98",""
"01/04/2026 00:00 - 02/04/2026 00:00","CTA|DE(Amprion)","Emsland D","11WD7EMSL1G-GUD9","Fossil Gas","11WD7EMSL1G-GUD9","01/04/2026 08:00 - 01/04/2026 09:00","883.48",""
"01/04/2026 00:00 - 02/04/2026 00:00","CTA|DE(Amprion)","Emsland D","11WD7EMSL1G-GUD9","Fossil Gas","11WD7EMSL1G-GUD9","01/04/2026 09:00 - 01/04/2026 10:00","552.73",""
"01/04/2026 00:00 - 02/04/2026 00:00","CTA|DE(Amprion)","Emsland D","11WD7EMSL1G-GUD9","Fossil Gas","11WD7EMSL1G-GUD9","01/04/2026 10:00 - 01/04/2026 11:00","0.00",""
"01/04/2026 00:00 - 02/04/2026 00:00","CTA|DE(Amprion)","Emsland D","11WD7EMSL1G-GUD9","Fossil Gas","11WD7EMSL1G-GUD9","01/04/2026 11:00 - 01/04/2026 12:00","0.00",""
"01/04/2026 00:00 - 02/04/2026 00:00","CTA|DE(Amprion)","Emsland D","11WD7EMSL1G-GUD9","Fossil Gas","11WD7EMSL1G-GUD9","01/04/2026 12:00 - 01/04/2026 13:00","0.00",""
"01/04/2026 00:00 - 02/04/2026 00:00","CTA|DE(Amprion)","Emsland D","11WD7EMSL1G-GUD9","Fossil Gas","11WD7EMSL1G-GUD9","01/04/2026 13:00 - 01/04/2026 14:00","0.00",""
"01/04/2026 00:00 - 02/04/2026 00:00","CTA|DE(Amprion)","Emsland D","11WD7EMSL1G-GUD9","Fossil Gas","11WD7EMSL1G-GUD9","01/04/2026 14:00 - 01/04/2026 15:00","0.00",""
"01/04/2026 00:00 - 02/04/2026 00:00","CTA|DE(Amprion)","Emsland D","11WD7EMSL1G-GUD9","Fossil Gas","11WD7EMSL1G-GUD9","01/04/2026 15:00 - 01/04/2026 16:00","0.00",""
"01/04/2026 00:00 - 02/04/2026 00:00","CTA|DE(Amprion)","Emsland D","11WD7EMSL1G-GUD9","Fossil Gas","11WD7EMSL1G-GUD9","01/04/2026 16:00 - 01/04/2026 17:00","43.50",""
"01/04/2026 00:00 - 02/04/2026 00:00","CTA|DE(Amprion)","Emsland D","11WD7EMSL1G-GUD9","Fossil Gas","11WD7EMSL1G-GUD9","01/04/2026 17:00 - 01/04/2026 18:00","311.07",""
"01/04/2026 00:00 - 02/04/2026 00:00","CTA|DE(Amprion)","Emsland D","11WD7EMSL1G-GUD9","Fossil Gas","11WD7EMSL1G-GUD9","01/04/2026 18:00 - 01/04/2026 19:00","809.08",""
"01/04/2026 00:00 - 02/04/2026 00:00","CTA|DE(Amprion)","Emsland D","11WD7EMSL1G-GUD9","Fossil Gas","11WD7EMSL1G-GUD9","01/04/2026 19:00 - 01/04/2026 20:00","864.85",""
"01/04/2026 00:00 - 02/04/2026 00:00","CTA|DE(Amprion)","Emsland D","11WD7EMSL1G-GUD9","Fossil Gas","11WD7EMSL1G-GUD9","01/04/2026 20:00 - 01/04/2026 21:00","838.65",""
"01/04/2026 00:00 - 02/04/2026 00:00","CTA|DE(Amprion)","Emsland D","11WD7EMSL1G-GUD9","Fossil Gas","11WD7EMSL1G-GUD9","01/04/2026 21:00 - 01/04/2026 22:00","839.95",""
"01/04/2026 00:00 - 02/04/2026 00:00","CTA|DE(Amprion)","Emsland D","11WD7EMSL1G-GUD9","Fossil Gas","11WD7EMSL1G-GUD9","01/04/2026 22:00 - 01/04/2026 23:00","864.77",""
"01/04/2026 00:00 - 02/04/2026 00:00","CTA|DE(Amprion)","Emsland D","11WD7EMSL1G-GUD9","Fossil Gas","11WD7EMSL1G-GUD9","01/04/2026 23:00 - 02/04/2026 00:00","877.45",""
"01/04/2026 00:00 - 02/04/2026 00:00","CTA|DE(Amprion)","GuD-Anlage-HKW-Merkenich","11WD7FUEH5GMERKA","Fossil Gas","11WD7FUEH5GMERKA","01/04/2026 00:00 - 01/04/2026 01:00","0.00",""
"01/04/2026 00:00 - 02/04/2026 00:00","CTA|DE(Amprion)","GuD-Anlage-HKW-Merkenich","11WD7FUEH5GMERKA","Fossil Gas","11WD7FUEH5GMERKA","01/04/2026 01:00 - 01/04/2026 02:00","0.00",""
"01/04/2026 00:00 - 02/04/2026 00:00","CTA|DE(Amprion)","GuD-Anlage-HKW-Merkenich","11WD7FUEH5GMERKA","Fossil Gas","11WD7FUEH5GMERKA","01/04/2026 02:00 - 01/04/2026 03:00","0.00",""
"01/04/2026 00:00 - 02/04/2026 00:00","CTA|DE(Amprion)","GuD-Anlage-HKW-Merkenich","11WD7FUEH5GMERKA","Fossil Gas","11WD7FUEH5GMERKA","01/04/2026 03:00 - 01/04/2026 04:00","0.00",""
"01/04/2026 00:00 - 02/04/2026 00:00","CTA|DE(Amprion)","GuD-Anlage-HKW-Merkenich","11WD7FUEH5GMERKA","Fossil Gas","11WD7FUEH5GMERKA","01/04/2026 04:00 - 01/04/2026 05:00","0.00",""
"01/04/2026 00:00 - 02/04/2026 00:00","CTA|DE(Amprion)","GuD-Anlage-HKW-Merkenich","11WD7FUEH5GMERKA","Fossil Gas","11WD7FUEH5GMERKA","01/04/2026 05:00 - 01/04/2026 06:00","0.00",""
"01/04/2026 00:00 - 02/04/2026 00:00","CTA|DE(Amprion)","GuD-Anlage-HKW-Merkenich","11WD7FUEH5GMERKA","Fossil Gas","11WD7FUEH5GMERKA","01/04/2026 06:00 - 01/04/2026 07:00","0.00",""
"01/04/2026 00:00 - 02/04/2026 00:00","CTA|DE(Amprion)","GuD-Anlage-HKW-Merkenich","11WD7FUEH5GMERKA","Fossil Gas","11WD7FUEH5GMERKA","01/04/2026 07:00 - 01/04/2026 08:00","0.00",""
"01/04/2026 00:00 - 02/04/2026 00:00","CTA|DE(Amprion)","GuD-Anlage-HKW-Merkenich","11WD7FUEH5GMERKA","Fossil Gas","11WD7FUEH5GMERKA","01/04/2026 08:00 - 01/04/2026 09:00","0.00",""
"01/04/2026 00:00 - 02/04/2026 00:00","CTA|DE(Amprion)","GuD-Anlage-HKW-Merkenich","11WD7FUEH5GMERKA","Fossil Gas","11WD7FUEH5GMERKA","01/04/2026 09:00 - 01/04/2026 10:00","0.00",""
"01/04/2026 00:00 - 02/04/2026 00:00","CTA|DE(Amprion)","GuD-Anlage-HKW-Merkenich","11WD7FUEH5GMERKA","Fossil Gas","11WD7FUEH5GMERKA","01/04/2026 10:00 - 01/04/2026 11:00","0.00",""
"01/04/2026 00:00 - 02/04/2026 00:00","CTA|DE(Amprion)","GuD-Anlage-HKW-Merkenich","11WD7FUEH5GMERKA","Fossil Gas","11WD7FUEH5GMERKA","01/04/2026 11:00 - 01/04/2026 12:00","0.00",""
"01/04/2026 00:00 - 02/04/2026 00:00","CTA|DE(Amprion)","GuD-Anlage-HKW-Merkenich","11WD7FUEH5GMERKA","Fossil Gas","11WD7FUEH5GMERKA","01/04/2026 12:00 - 01/04/2026 13:00","0.00",""
"01/04/2026 00:00 - 02/04/2026 00:00","CTA|DE(Amprion)","GuD-Anlage-HKW-Merkenich","11WD7FUEH5GMERKA","Fossil Gas","11WD7FUEH5GMERKA","01/04/2026 13:00 - 01/04/2026 14:00","0.00",""
"01/04/2026 00:00 - 02/04/2026 00:00","CTA|DE(Amprion)","GuD-Anlage-HKW-Merkenich","11WD7FUEH5GMERKA","Fossil Gas","11WD7FUEH5GMERKA","01/04/2026 14:00 - 01/04/2026 15:00","0.00",""
"01/04/2026 00:00 - 02/04/2026 00:00","CTA|DE(Amprion)","GuD-Anlage-HKW-Merkenich","11WD7FUEH5GMERKA","Fossil Gas","11WD7FUEH5GMERKA","01/04/2026 15:00 - 01/04/2026 16:00","0.00",""
"01/04/2026 00:00 - 02/04/2026 00:00","CTA|DE(Amprion)","GuD-Anlage-HKW-Merkenich","11WD7FUEH5GMERKA","Fossil Gas","11WD7FUEH5GMERKA","01/04/2026 16:00 - 01/04/2026 17:00","0.00",""
"01/04/2026 00:00 - 02/04/2026 00:00","CTA|DE(Amprion)","GuD-Anlage-HKW-Merkenich","11WD7FUEH5GMERKA","Fossil Gas","11WD7FUEH5GMERKA","01/04/2026 17:00 - 01/04/2026 18:00","0.00",""
"01/04/2026 00:00 - 02/04/2026 00:00","CTA|DE(Amprion)","GuD-Anlage-HKW-Merkenich","11WD7FUEH5GMERKA","Fossil Gas","11WD7FUEH5GMERKA","01/04/2026 18:00 - 01/04/2026 19:00","0.00",""
"01/04/2026 00:00 - 02/04/2026 00:00","CTA|DE(Amprion)","GuD-Anlage-HKW-Merkenich","11WD7FUEH5GMERKA","Fossil Gas","11WD7FUEH5GMERKA","01/04/2026 19:00 - 01/04/2026 20:00","0.00",""
"01/04/2026 00:00 - 02/04/2026 00:00","CTA|DE(Amprion)","GuD-Anlage-HKW-Merkenich","11WD7FUEH5GMERKA","Fossil Gas","11WD7FUEH5GMERKA","01/04/2026 20:00 - 01/04/2026 21:00","0.00",""
"01/04/2026 00:00 - 02/04/2026 00:00","CTA|DE(Amprion)","GuD-Anlage-HKW-Merkenich","11WD7FUEH5GMERKA","Fossil Gas","11WD7FUEH5GMERKA","01/04/2026 21:00 - 01/04/2026 22:00","0.00",""
"01/04/2026 00:00 - 02/04/2026 00:00","CTA|DE(Amprion)","GuD-Anlage-HKW-Merkenich","11WD7FUEH5GMERKA","Fossil Gas","11WD7FUEH5GMERKA","01/04/2026 22:00 - 01/04/2026 23:00","0.00",""
"01/04/2026 00:00 - 02/04/2026 00:00","CTA|DE(Amprion)","GuD-Anlage-HKW-Merkenich","11WD7FUEH5GMERKA","Fossil Gas","11WD7FUEH5GMERKA","01/04/2026 23:00 - 02/04/2026 00:00","0.00",""
"01/04/2026 00:00 - 02/04/2026 00:00","CTA|DE(Amprion)","Gersteinwerk I","11WD7GERS-G-BLIY","Fossil Gas","11WD7GERS-G-BLIY","01/04/2026 00:00 - 01/04/2026 01:00","0.00",""
"01/04/2026 00:00 - 02/04/2026 00:00","CTA|DE(Amprion)","Gersteinwerk I","11WD7GERS-G-BLIY","Fossil Gas","11WD7GERS-G-BLIY","01/04/2026 01:00 - 01/04/2026 02:00","0.00",""
"01/04/2026 00:00 - 02/04/2026 00:00","CTA|DE(Amprion)","Gersteinwerk I","11WD7GERS-G-BLIY","Fossil Gas","11WD7GERS-G-BLIY","01/04/2026 02:00 - 01/04/2026 03:00","0.00",""
"01/04/2026 00:00 - 02/04/2026 00:00","CTA|DE(Amprion)","Gersteinwerk I","11WD7GERS-G-BLIY","Fossil Gas","11WD7GERS-G-BLIY","01/04/2026 03:00 - 01/04/2026 04:00","0.00",""
"01/04/2026 00:00 - 02/04/2026 00:00","CTA|DE(Amprion)","Gersteinwerk I","11WD7GERS-G-BLIY","Fossil Gas","11WD7GERS-G-BLIY","01/04/2026 04:00 - 01/04/2026 05:00","0.00",""
"01/04/2026 00:00 - 02/04/2026 00:00","CTA|DE(Amprion)","Gersteinwerk I","11WD7GERS-G-BLIY","Fossil Gas","11WD7GERS-G-BLIY","01/04/2026 05:00 - 01/04/2026 06:00","0.00",""
"01/04/2026 00:00 - 02/04/2026 00:00","CTA|DE(Amprion)","Gersteinwerk I","11WD7GERS-G-BLIY","Fossil Gas","11WD7GERS-G-BLIY","01/04/2026 06:00 - 01/04/2026 07:00","0.00",""
"01/04/2026 00:00 - 02/04/2026 00:00","CTA|DE(Amprion)","Gersteinwerk I","11WD7GERS-G-BLIY","Fossil Gas","11WD7GERS-G-BLIY","01/04/2026 07:00 - 01/04/2026 08:00","0.00",""
"01/04/2026 00:00 - 02/04/2026 00:00","CTA|DE(Amprion)","Gersteinwerk I","11WD7GERS-G-BLIY","Fossil Gas","11WD7GERS-G-BLIY","01/04/2026 08:00 - 01/04/2026 09:00","0.00",""
"01/04/2026 00:00 - 02/04/2026 00:00","CTA|DE(Amprion)","Gersteinwerk I","11WD7GERS-G-BLIY","Fossil Gas","11WD7GERS-G-BLIY","01/04/2026 09:00 - 01/04/2026 10:00","0.00",""
"01/04/2026 00:00 - 02/04/2026 00:00","CTA|DE(Amprion)","Gersteinwerk I","11WD7GERS-G-BLIY","Fossil Gas","11WD7GERS-G-BLIY","01/04/2026 10:00 - 01/04/2026 11:00","0.00",""
"01/04/2026 00:00 - 02/04/2026 00:00","CTA|DE(Amprion)","Gersteinwerk I","11WD7GERS-G-BLIY","Fossil Gas","11WD7GERS-G-BLIY","01/04/2026 11:00 - 01/04/2026 12:00","0.00",""
"01/04/2026 00:00 - 02/04/2026 00:00","CTA|DE(Amprion)","Gersteinwerk I","11WD7GERS-G-BLIY","Fossil Gas","11WD7GERS-G-BLIY","01/04/2026 12:00 - 01/04/2026 13:00","0.00",""
"01/04/2026 00:00 - 02/04/2026 00:00","CTA|DE(Amprion)","Gersteinwerk I","11WD7GERS-G-BLIY","Fossil Gas","11WD7GERS-G-BLIY","01/04/2026 13:00 - 01/04/2026 14:00","0.00",""
"01/04/2026 00:00 - 02/04/2026 00:00","CTA|DE(Amprion)","Gersteinwerk I","11WD7GERS-G-BLIY","Fossil Gas","11WD7GERS-G-BLIY","01/04/2026 14:00 - 01/04/2026 15:00","0.00",""
"01/04/2026 00:00 - 02/04/2026 00:00","CTA|DE(Amprion)","Gersteinwerk I","11WD7GERS-G-BLIY","Fossil Gas","11WD7GERS-G-BLIY","01/04/2026 15:00 - 01/04/2026 16:00","0.00",""
"01/04/2026 00:00 - 02/04/2026 00:00","CTA|DE(Amprion)","Gersteinwerk I","11WD7GERS-G-BLIY","Fossil Gas","11WD7GERS-G-BLIY","01/04/2026 16:00 - 01/04/2026 17:00","0.00",""
"01/04/2026 00:00 - 02/04/2026 00:00","CTA|DE(Amprion)","Gersteinwerk I","11WD7GERS-G-BLIY","Fossil Gas","11WD7GERS-G-BLIY","01/04/2026 17:00 - 01/04/2026 18:00","0.00",""
"01/04/2026 00:00 - 02/04/2026 00:00","CTA|DE(Amprion)","Gersteinwerk I","11WD7GERS-G-BLIY","Fossil Gas","11WD7GERS-G-BLIY","01/04/2026 18:00 - 01/04/2026 19:00","0.00",""
"01/04/2026 00:00 - 02/04/2026 00:00","CTA|DE(Amprion)","Gersteinwerk I","11WD7GERS-G-BLIY","Fossil Gas","11WD7GERS-G-BLIY","01/04/2026 19:00 - 01/04/2026 20:00","0.00",""
"01/04/2026 00:00 - 02/04/2026 00:00","CTA|DE(Amprion)","Gersteinwerk I","11WD7GERS-G-BLIY","Fossil Gas","11WD7GERS-G-BLIY","01/04/2026 20:00 - 01/04/2026 21:00","0.00",""
"01/04/2026 00:00 - 02/04/2026 00:00","CTA|DE(Amprion)","Gersteinwerk I","11WD7GERS-G-BLIY","Fossil Gas","11WD7GERS-G-BLIY","01/04/2026 21:00 - 01/04/2026 22:00","0.00",""
"01/04/2026 00:00 - 02/04/2026 00:00","CTA|DE(Amprion)","Gersteinwerk I","11WD7GERS-G-BLIY","Fossil Gas","11WD7GERS-G-BLIY","01/04/2026 22:00 - 01/04/2026 23:00","0.00",""
"01/04/2026 00:00 - 02/04/2026 00:00","CTA|DE(Amprion)","Gersteinwerk I","11WD7GERS-G-BLIY","Fossil Gas","11WD7GERS-G-BLIY","01/04/2026 23:00 - 02/04/2026 00:00","0.00",""
"01/04/2026 00:00 - 02/04/2026 00:00","CTA|DE(Amprion)","HERDECKE_H6","11WD7HERD2G-H6-X","Fossil Gas","11WD7HERD2G-H6-X","01/04/2026 00:00 - 01/04/2026 01:00","419.05",""
"01/04/2026 00:00 - 02/04/2026 00:00","CTA|DE(Amprion)","HERDECKE_H6","11WD7HERD2G-H6-X","Fossil Gas","11WD7HERD2G-H6-X","01/04/2026 01:00 - 01/04/2026 02:00","420.18",""
"01/04/2026 00:00 - 02/04/2026 00:00","CTA|DE(Amprion)","HERDECKE_H6","11WD7HERD2G-H6-X","Fossil Gas","11WD7HERD2G-H6-X","01/04/2026 02:00 - 01/04/2026 03:00","419.98",""
"01/04/2026 00:00 - 02/04/2026 00:00","CTA|DE(Amprion)","HERDECKE_H6","11WD7HERD2G-H6-X","Fossil Gas","11WD7HERD2G-H6-X","01/04/2026 03:00 - 01/04/2026 04:00","419.95",""
"01/04/2026 00:00 - 02/04/2026 00:00","CTA|DE(Amprion)","HERDECKE_H6","11WD7HERD2G-H6-X","Fossil Gas","11WD7HERD2G-H6-X","01/04/2026 04:00 - 01/04/2026 05:00","419.88",""
"01/04/2026 00:00 - 02/04/2026 00:00","CTA|DE(Amprion)","HERDECKE_H6","11WD7HERD2G-H6-X","Fossil Gas","11WD7HERD2G-H6-X","01/04/2026 05:00 - 01/04/2026 06:00","419.95",""
"01/04/2026 00:00 - 02/04/2026 00:00","CTA|DE(Amprion)","HERDECKE_H6","11WD7HERD2G-H6-X","Fossil Gas","11WD7HERD2G-H6-X","01/04/2026 06:00 - 01/04/2026 07:00","418.65",""
"01/04/2026 00:00 - 02/04/2026 00:00","CTA|DE(Amprion)","HERDECKE_H6","11WD7HERD2G-H6-X","Fossil Gas","11WD7HERD2G-H6-X","01/04/2026 07:00 - 01/04/2026 08:00","418.32",""
"01/04/2026 00:00 - 02/04/2026 00:00","CTA|DE(Amprion)","HERDECKE_H6","11WD7HERD2G-H6-X","Fossil Gas","11WD7HERD2G-H6-X","01/04/2026 08:00 - 01/04/2026 09:00","419.02",""
"01/04/2026 00:00 - 02/04/2026 00:00","CTA|DE(Amprion)","HERDECKE_H6","11WD7HERD2G-H6-X","Fossil Gas","11WD7HERD2G-H6-X","01/04/2026 09:00 - 01/04/2026 10:00","419.00",""
"01/04/2026 00:00 - 02/04/2026 00:00","CTA|DE(Amprion)","HERDECKE_H6","11WD7HERD2G-H6-X","Fossil Gas","11WD7HERD2G-H6-X","01/04/2026 10:00 - 01/04/2026 11:00","418.90",""
"01/04/2026 00:00 - 02/04/2026 00:00","CTA|DE(Amprion)","HERDECKE_H6","11WD7HERD2G-H6-X","Fossil Gas","11WD7HERD2G-H6-X","01/04/2026 11:00 - 01/04/2026 12:00","109.70",""
"01/04/2026 00:00 - 02/04/2026 00:00","CTA|DE(Amprion)","HERDECKE_H6","11WD7HERD2G-H6-X","Fossil Gas","11WD7HERD2G-H6-X","01/04/2026 12:00 - 01/04/2026 13:00","0.00",""
"01/04/2026 00:00 - 02/04/2026 00:00","CTA|DE(Amprion)","HERDECKE_H6","11WD7HERD2G-H6-X","Fossil Gas","11WD7HERD2G-H6-X","01/04/2026 13:00 - 01/04/2026 14:00","0.00",""
"01/04/2026 00:00 - 02/04/2026 00:00","CTA|DE(Amprion)","HERDECKE_H6","11WD7HERD2G-H6-X","Fossil Gas","11WD7HERD2G-H6-X","01/04/2026 14:00 - 01/04/2026 15:00","0.00",""
"01/04/2026 00:00 - 02/04/2026 00:00","CTA|DE(Amprion)","HERDECKE_H6","11WD7HERD2G-H6-X","Fossil Gas","11WD7HERD2G-H6-X","01/04/2026 15:00 - 01/04/2026 16:00","0.00",""
"01/04/2026 00:00 - 02/04/2026 00:00","CTA|DE(Amprion)","HERDECKE_H6","11WD7HERD2G-H6-X","Fossil Gas","11WD7HERD2G-H6-X","01/04/2026 16:00 - 01/04/2026 17:00","0.00",""
"01/04/2026 00:00 - 02/04/2026 00:00","CTA|DE(Amprion)","HERDECKE_H6","11WD7HERD2G-H6-X","Fossil Gas","11WD7HERD2G-H6-X","01/04/2026 17:00 - 01/04/2026 18:00","152.45",""
"01/04/2026 00:00 - 02/04/2026 00:00","CTA|DE(Amprion)","HERDECKE_H6","11WD7HERD2G-H6-X","Fossil Gas","11WD7HERD2G-H6-X","01/04/2026 18:00 - 01/04/2026 19:00","391.73",""
"01/04/2026 00:00 - 02/04/2026 00:00","CTA|DE(Amprion)","HERDECKE_H6","11WD7HERD2G-H6-X","Fossil Gas","11WD7HERD2G-H6-X","01/04/2026 19:00 - 01/04/2026 20:00","409.00",""
"01/04/2026 00:00 - 02/04/2026 00:00","CTA|DE(Amprion)","HERDECKE_H6","11WD7HERD2G-H6-X","Fossil Gas","11WD7HERD2G-H6-X","01/04/2026 20:00 - 01/04/2026 21:00","413.40",""
"01/04/2026 00:00 - 02/04/2026 00:00","CTA|DE(Amprion)","HERDECKE_H6","11WD7HERD2G-H6-X","Fossil Gas","11WD7HERD2G-H6-X","01/04/2026 21:00 - 01/04/2026 22:00","414.20",""
"01/04/2026 00:00 - 02/04/2026 00:00","CTA|DE(Amprion)","HERDECKE_H6","11WD7HERD2G-H6-X","Fossil Gas","11WD7HERD2G-H6-X","01/04/2026 22:00 - 01/04/2026 23:00","414.02",""
"01/04/2026 00:00 - 02/04/2026 00:00","CTA|DE(Amprion)","HERDECKE_H6","11WD7HERD2G-H6-X","Fossil Gas","11WD7HERD2G-H6-X","01/04/2026 23:00 - 02/04/2026 00:00","413.95",""
"01/04/2026 00:00 - 02/04/2026 00:00","CTA|DE(Amprion)","HERNE_4","11WD7HERN2S--4-X","Fossil Hard coal","11WD7HERN2S--4-X","01/04/2026 00:00 - 01/04/2026 00:15","0.00",""
"01/04/2026 00:00 - 02/04/2026 00:00","CTA|DE(Amprion)","HERNE_4","11WD7HERN2S--4-X","Fossil Hard coal","11WD7HERN2S--4-X","01/04/2026 00:15 - 01/04/2026 00:30","0.00",""
"01/04/2026 00:00 - 02/04/2026 00:00","CTA|DE(Amprion)","HERNE_4","11WD7HERN2S--4-X","Fossil Hard coal","11WD7HERN2S--4-X","01/04/2026 00:30 - 01/04/2026 00:45","0.00",""
"01/04/2026 00:00 - 02/04/2026 00:00","CTA|DE(Amprion)","HERNE_4","11WD7HERN2S--4-X","Fossil Hard coal","11WD7HERN2S--4-X","01/04/2026 00:45 - 01/04/2026 01:00","0.00",""
"01/04/2026 00:00 - 02/04/2026 00:00","CTA|DE(Amprion)","HERNE_4","11WD7HERN2S--4-X","Fossil Hard coal","11WD7HERN2S--4-X","01/04/2026 01:00 - 01/04/2026 01:15","0.11",""
"01/04/2026 00:00 - 02/04/2026 00:00","CTA|DE(Amprion)","HERNE_4","11WD7HERN2S--4-X","Fossil Hard coal","11WD7HERN2S--4-X","01/04/2026 01:15 - 01/04/2026 01:30","0.00",""
"01/04/2026 00:00 - 02/04/2026 00:00","CTA|DE(Amprion)","HERNE_4","11WD7HERN2S--4-X","Fossil Hard coal","11WD7HERN2S--4-X","01/04/2026 01:30 - 01/04/2026 01:45","0.00",""
"01/04/2026 00:00 - 02/04/2026 00:00","CTA|DE(Amprion)","HERNE_4","11WD7HERN2S--4-X","Fossil Hard coal","11WD7HERN2S--4-X","01/04/2026 01:45 - 01/04/2026 02:00","0.00",""
"01/04/2026 00:00 - 02/04/2026 00:00","CTA|DE(Amprion)","HERNE_4","11WD7HERN2S--4-X","Fossil Hard coal","11WD7HERN2S--4-X","01/04/2026 02:00 - 01/04/2026 02:15","0.00",""
"01/04/2026 00:00 - 02/04/2026 00:00","CTA|DE(Amprion)","HERNE_4","11WD7HERN2S--4-X","Fossil Hard coal","11WD7HERN2S--4-X","01/04/2026 02:15 - 01/04/2026 02:30","0.00",""
"01/04/2026 00:00 - 02/04/2026 00:00","CTA|DE(Amprion)","HERNE_4","11WD7HERN2S--4-X","Fossil Hard coal","11WD7HERN2S--4-X","01/04/2026 02:30 - 01/04/2026 02:45","0.00",""
"01/04/2026 00:00 - 02/04/2026 00:00","CTA|DE(Amprion)","HERNE_4","11WD7HERN2S--4-X","Fossil Hard coal","11WD7HERN2S--4-X","01/04/2026 02:45 - 01/04/2026 03:00","0.00",""
"01/04/2026 00:00 - 02/04/2026 00:00","CTA|DE(Amprion)","HERNE_4","11WD7HERN2S--4-X","Fossil Hard coal","11WD7HERN2S--4-X","01/04/2026 03:00 - 01/04/2026 03:15","0.00",""
"01/04/2026 00:00 - 02/04/2026 00:00","CTA|DE(Amprion)","HERNE_4","11WD7HERN2S--4-X","Fossil Hard coal","11WD7HERN2S--4-X","01/04/2026 03:15 - 01/04/2026 03:30","0.00",""
"01/04/2026 00:00 - 02/04/2026 00:00","CTA|DE(Amprion)","HERNE_4","11WD7HERN2S--4-X","Fossil Hard coal","11WD7HERN2S--4-X","01/04/2026 03:30 - 01/04/2026 03:45","0.00",""
"01/04/2026 00:00 - 02/04/2026 00:00","CTA|DE(Amprion)","HERNE_4","11WD7HERN2S--4-X","Fossil Hard coal","11WD7HERN2S--4-X","01/04/2026 03:45 - 01/04/2026 04:00","0.00",""
"01/04/2026 00:00 - 02/04/2026 00:00","CTA|DE(Amprion)","HERNE_4","11WD7HERN2S--4-X","Fossil Hard coal","11WD7HERN2S--4-X","01/04/2026 04:00 - 01/04/2026 04:15","0.00",""
"01/04/2026 00:00 - 02/04/2026 00:00","CTA|DE(Amprion)","HERNE_4","11WD7HERN2S--4-X","Fossil Hard coal","11WD7HERN2S--4-X","01/04/2026 04:15 - 01/04/2026 04:30","0.00",""
"01/04/2026 00:00 - 02/04/2026 00:00","CTA|DE(Amprion)","HERNE_4","11WD7HERN2S--4-X","Fossil Hard coal","11WD7HERN2S--4-X","01/04/2026 04:30 - 01/04/2026 04:45","0.00",""
"01/04/2026 00:00 - 02/04/2026 00:00","CTA|DE(Amprion)","HERNE_4","11WD7HERN2S--4-X","Fossil Hard coal","11WD7HERN2S--4-X","01/04/2026 04:45 - 01/04/2026 05:00","0.00",""
"01/04/2026 00:00 - 02/04/2026 00:00","CTA|DE(Amprion)","HERNE_4","11WD7HERN2S--4-X","Fossil Hard coal","11WD7HERN2S--4-X","01/04/2026 05:00 - 01/04/2026 05:15","0.00",""
"01/04/2026 00:00 - 02/04/2026 00:00","CTA|DE(Amprion)","HERNE_4","11WD7HERN2S--4-X","Fossil Hard coal","11WD7HERN2S--4-X","01/04/2026 05:15 - 01/04/2026 05:30","0.00",""
"01/04/2026 00:00 - 02/04/2026 00:00","CTA|DE(Amprion)","HERNE_4","11WD7HERN2S--4-X","Fossil Hard coal","11WD7HERN2S--4-X","01/04/2026 05:30 - 01/04/2026 05:45","0.00",""
"01/04/2026 00:00 - 02/04/2026 00:00","CTA|DE(Amprion)","HERNE_4","11WD7HERN2S--4-X","Fossil Hard coal","11WD7HERN2S--4-X","01/04/2026 05:45 - 01/04/2026 06:00","0.00",""
"01/04/2026 00:00 - 02/04/2026 00:00","CTA|DE(Amprion)","HERNE_4","11WD7HERN2S--4-X","Fossil Hard coal","11WD7HERN2S--4-X","01/04/2026 06:00 - 01/04/2026 06:15","0.00",""
"01/04/2026 00:00 - 02/04/2026 00:00","CTA|DE(Amprion)","HERNE_4","11WD7HERN2S--4-X","Fossil Hard coal","11WD7HERN2S--4-X","01/04/2026 06:15 - 01/04/2026 06:30","0.00",""
"01/04/2026 00:00 - 02/04/2026 00:00","CTA|DE(Amprion)","HERNE_4","11WD7HERN2S--4-X","Fossil Hard coal","11WD7HERN2S--4-X","01/04/2026 06:30 - 01/04/2026 06:45","0.00",""
"01/04/2026 00:00 - 02/04/2026 00:00","CTA|DE(Amprion)","HERNE_4","11WD7HERN2S--4-X","Fossil Hard coal","11WD7HERN2S--4-X","01/04/2026 06:45 - 01/04/2026 07:00","0.00",""
"01/04/2026 00:00 - 02/04/2026 00:00","CTA|DE(Amprion)","HERNE_4","11WD7HERN2S--4-X","Fossil Hard coal","11WD7HERN2S--4-X","01/04/2026 07:00 - 01/04/2026 07:15","0.00",""
"01/04/2026 00:00 - 02/04/2026 00:00","CTA|DE(Amprion)","HERNE_4","11WD7HERN2S--4-X","Fossil Hard coal","11WD7HERN2S--4-X","01/04/2026 07:15 - 01/04/2026 07:30","0.00",""
"01/04/2026 00:00 - 02/04/2026 00:00","CTA|DE(Amprion)","HERNE_4","11WD7HERN2S--4-X","Fossil Hard coal","11WD7HERN2S--4-X","01/04/2026 07:30 - 01/04/2026 07:45","0.00",""
"01/04/2026 00:00 - 02/04/2026 00:00","CTA|DE(Amprion)","HERNE_4","11WD7HERN2S--4-X","Fossil Hard coal","11WD7HERN2S--4-X","01/04/2026 07:45 - 01/04/2026 08:00","0.00",""
"01/04/2026 00:00 - 02/04/2026 00:00","CTA|DE(Amprion)","HERNE_4","11WD7HERN2S--4-X","Fossil Hard coal","11WD7HERN2S--4-X","01/04/2026 08:00 - 01/04/2026 08:15","0.00",""
"01/04/2026 00:00 - 02/04/2026 00:00","CTA|DE(Amprion)","HERNE_4","11WD7HERN2S--4-X","Fossil Hard coal","11WD7HERN2S--4-X","01/04/2026 08:15 - 01/04/2026 08:30","0.00",""
"01/04/2026 00:00 - 02/04/2026 00:00","CTA|DE(Amprion)","HERNE_4","11WD7HERN2S--4-X","Fossil Hard coal","11WD7HERN2S--4-X","01/04/2026 08:30 - 01/04/2026 08:45","0.53",""
"01/04/2026 00:00 - 02/04/2026 00:00","CTA|DE(Amprion)","HERNE_4","11WD7HERN2S--4-X","Fossil Hard coal","11WD7HERN2S--4-X","01/04/2026 08:45 - 01/04/2026 09:00","0.00",""
"01/04/2026 00:00 - 02/04/2026 00:00","CTA|DE(Amprion)","HERNE_4","11WD7HERN2S--4-X","Fossil Hard coal","11WD7HERN2S--4-X","01/04/2026 09:00 - 01/04/2026 09:15","0.21",""
"01/04/2026 00:00 - 02/04/2026 00:00","CTA|DE(Amprion)","HERNE_4","11WD7HERN2S--4-X","Fossil Hard coal","11WD7HERN2S--4-X","01/04/2026 09:15 - 01/04/2026 09:30","0.21",""
"01/04/2026 00:00 - 02/04/2026 00:00","CTA|DE(Amprion)","HERNE_4","11WD7HERN2S--4-X","Fossil Hard coal","11WD7HERN2S--4-X","01/04/2026 09:30 - 01/04/2026 09:45","0.32",""
"01/04/2026 00:00 - 02/04/2026 00:00","CTA|DE(Amprion)","HERNE_4","11WD7HERN2S--4-X","Fossil Hard coal","11WD7HERN2S--4-X","01/04/2026 09:45 - 01/04/2026 10:00","0.00",""
"01/04/2026 00:00 - 02/04/2026 00:00","CTA|DE(Amprion)","HERNE_4","11WD7HERN2S--4-X","Fossil Hard coal","11WD7HERN2S--4-X","01/04/2026 10:00 - 01/04/2026 10:15","0.95",""
"01/04/2026 00:00 - 02/04/2026 00:00","CTA|DE(Amprion)","HERNE_4","11WD7HERN2S--4-X","Fossil Hard coal","11WD7HERN2S--4-X","01/04/2026 10:15 - 01/04/2026 10:30","0.00",""
"01/04/2026 00:00 - 02/04/2026 00:00","CTA|DE(Amprion)","HERNE_4","11WD7HERN2S--4-X","Fossil Hard coal","11WD7HERN2S--4-X","01/04/2026 10:30 - 01/04/2026 10:45","0.00",""
"01/04/2026 00:00 - 02/04/2026 00:00","CTA|DE(Amprion)","HERNE_4","11WD7HERN2S--4-X","Fossil Hard coal","11WD7HERN2S--4-X","01/04/2026 10:45 - 01/04/2026 11:00","0.00",""
"01/04/2026 00:00 - 02/04/2026 00:00","CTA|DE(Amprion)","HERNE_4","11WD7HERN2S--4-X","Fossil Hard coal","11WD7HERN2S--4-X","01/04/2026 11:00 - 01/04/2026 11:15","0.00",""
"01/04/2026 00:00 - 02/04/2026 00:00","CTA|DE(Amprion)","HERNE_4","11WD7HERN2S--4-X","Fossil Hard coal","11WD7HERN2S--4-X","01/04/2026 11:15 - 01/04/2026 11:30","0.00",""
"01/04/2026 00:00 - 02/04/2026 00:00","CTA|DE(Amprion)","HERNE_4","11WD7HERN2S--4-X","Fossil Hard coal","11WD7HERN2S--4-X","01/04/2026 11:30 - 01/04/2026 11:45","0.11",""
"01/04/2026 00:00 - 02/04/2026 00:00","CTA|DE(Amprion)","HERNE_4","11WD7HERN2S--4-X","Fossil Hard coal","11WD7HERN2S--4-X","01/04/2026 11:45 - 01/04/2026 12:00","0.00",""
"01/04/2026 00:00 - 02/04/2026 00:00","CTA|DE(Amprion)","HERNE_4","11WD7HERN2S--4-X","Fossil Hard coal","11WD7HERN2S--4-X","01/04/2026 12:00 - 01/04/2026 12:15","0.21",""
"01/04/2026 00:00 - 02/04/2026 00:00","CTA|DE(Amprion)","HERNE_4","11WD7HERN2S--4-X","Fossil Hard coal","11WD7HERN2S--4-X","01/04/2026 12:15 - 01/04/2026 12:30","0.00",""
"01/04/2026 00:00 - 02/04/2026 00:00","CTA|DE(Amprion)","HERNE_4","11WD7HERN2S--4-X","Fossil Hard coal","11WD7HERN2S--4-X","01/04/2026 12:30 - 01/04/2026 12:45","0.00",""
"01/04/2026 00:00 - 02/04/2026 00:00","CTA|DE(Amprion)","HERNE_4","11WD7HERN2S--4-X","Fossil Hard coal","11WD7HERN2S--4-X","01/04/2026 12:45 - 01/04/2026 13:00","0.00",""
"01/04/2026 00:00 - 02/04/2026 00:00","CTA|DE(Amprion)","HERNE_4","11WD7HERN2S--4-X","Fossil Hard coal","11WD7HERN2S--4-X","01/04/2026 13:00 - 01/04/2026 13:15","0.00",""
"01/04/2026 00:00 - 02/04/2026 00:00","CTA|DE(Amprion)","HERNE_4","11WD7HERN2S--4-X","Fossil Hard coal","11WD7HERN2S--4-X","01/04/2026 13:15 - 01/04/2026 13:30","0.00",""
"01/04/2026 00:00 - 02/04/2026 00:00","CTA|DE(Amprion)","HERNE_4","11WD7HERN2S--4-X","Fossil Hard coal","11WD7HERN2S--4-X","01/04/2026 13:30 - 01/04/2026 13:45","0.00",""
"01/04/2026 00:00 - 02/04/2026 00:00","CTA|DE(Amprion)","HERNE_4","11WD7HERN2S--4-X","Fossil Hard coal","11WD7HERN2S--4-X","01/04/2026 13:45 - 01/04/2026 14:00","0.00",""
"01/04/2026 00:00 - 02/04/2026 00:00","CTA|DE(Amprion)","HERNE_4","11WD7HERN2S--4-X","Fossil Hard coal","11WD7HERN2S--4-X","01/04/2026 14:00 - 01/04/2026 14:15","0.00",""
"01/04/2026 00:00 - 02/04/2026 00:00","CTA|DE(Amprion)","HERNE_4","11WD7HERN2S--4-X","Fossil Hard coal","11WD7HERN2S--4-X","01/04/2026 14:15 - 01/04/2026 14:30","0.11",""
"01/04/2026 00:00 - 02/04/2026 00:00","CTA|DE(Amprion)","HERNE_4","11WD7HERN2S--4-X","Fossil Hard coal","11WD7HERN2S--4-X","01/04/2026 14:30 - 01/04/2026 14:45","0.00",""
"01/04/2026 00:00 - 02/04/2026 00:00","CTA|DE(Amprion)","HERNE_4","11WD7HERN2S--4-X","Fossil Hard coal","11WD7HERN2S--4-X","01/04/2026 14:45 - 01/04/2026 15:00","0.00",""
"01/04/2026 00:00 - 02/04/2026 00:00","CTA|DE(Amprion)","HERNE_4","11WD7HERN2S--4-X","Fossil Hard coal","11WD7HERN2S--4-X","01/04/2026 15:00 - 01/04/2026 15:15","0.00",""
"01/04/2026 00:00 - 02/04/2026 00:00","CTA|DE(Amprion)","HERNE_4","11WD7HERN2S--4-X","Fossil Hard coal","11WD7HERN2S--4-X","01/04/2026 15:15 - 01/04/2026 15:30","0.00",""
"01/04/2026 00:00 - 02/04/2026 00:00","CTA|DE(Amprion)","HERNE_4","11WD7HERN2S--4-X","Fossil Hard coal","11WD7HERN2S--4-X","01/04/2026 15:30 - 01/04/2026 15:45","0.00",""
"01/04/2026 00:00 - 02/04/2026 00:00","CTA|DE(Amprion)","HERNE_4","11WD7HERN2S--4-X","Fossil Hard coal","11WD7HERN2S--4-X","01/04/2026 15:45 - 01/04/2026 16:00","0.00",""
"01/04/2026 00:00 - 02/04/2026 00:00","CTA|DE(Amprion)","HERNE_4","11WD7HERN2S--4-X","Fossil Hard coal","11WD7HERN2S--4-X","01/04/2026 16:00 - 01/04/2026 16:15","0.00",""
"01/04/2026 00:00 - 02/04/2026 00:00","CTA|DE(Amprion)","HERNE_4","11WD7HERN2S--4-X","Fossil Hard coal","11WD7HERN2S--4-X","01/04/2026 16:15 - 01/04/2026 16:30","0.84",""
"01/04/2026 00:00 - 02/04/2026 00:00","CTA|DE(Amprion)","HERNE_4","11WD7HERN2S--4-X","Fossil Hard coal","11WD7HERN2S--4-X","01/04/2026 16:30 - 01/04/2026 16:45","0.00",""
"01/04/2026 00:00 - 02/04/2026 00:00","CTA|DE(Amprion)","HERNE_4","11WD7HERN2S--4-X","Fossil Hard coal","11WD7HERN2S--4-X","01/04/2026 16:45 - 01/04/2026 17:00","0.00",""
"01/04/2026 00:00 - 02/04/2026 00:00","CTA|DE(Amprion)","HERNE_4","11WD7HERN2S--4-X","Fossil Hard coal","11WD7HERN2S--4-X","01/04/2026 17:00 - 01/04/2026 17:15","0.00",""
"01/04/2026 00:00 - 02/04/2026 00:00","CTA|DE(Amprion)","HERNE_4","11WD7HERN2S--4-X","Fossil Hard coal","11WD7HERN2S--4-X","01/04/2026 17:15 - 01/04/2026 17:30","0.11",""
"01/04/2026 00:00 - 02/04/2026 00:00","CTA|DE(Amprion)","HERNE_4","11WD7HERN2S--4-X","Fossil Hard coal","11WD7HERN2S--4-X","01/04/2026 17:30 - 01/04/2026 17:45","0.21",""
"01/04/2026 00:00 - 02/04/2026 00:00","CTA|DE(Amprion)","HERNE_4","11WD7HERN2S--4-X","Fossil Hard coal","11WD7HERN2S--4-X","01/04/2026 17:45 - 01/04/2026 18:00","0.00",""
"01/04/2026 00:00 - 02/04/2026 00:00","CTA|DE(Amprion)","HERNE_4","11WD7HERN2S--4-X","Fossil Hard coal","11WD7HERN2S--4-X","01/04/2026 18:00 - 01/04/2026 18:15","0.00",""
"01/04/2026 00:00 - 02/04/2026 00:00","CTA|DE(Amprion)","HERNE_4","11WD7HERN2S--4-X","Fossil Hard coal","11WD7HERN2S--4-X","01/04/2026 18:15 - 01/04/2026 18:30","0.63",""
"01/04/2026 00:00 - 02/04/2026 00:00","CTA|DE(Amprion)","HERNE_4","11WD7HERN2S--4-X","Fossil Hard coal","11WD7HERN2S--4-X","01/04/2026 18:30 - 01/04/2026 18:45","0.42",""
"01/04/2026 00:00 - 02/04/2026 00:00","CTA|DE(Amprion)","HERNE_4","11WD7HERN2S--4-X","Fossil Hard coal","11WD7HERN2S--4-X","01/04/2026 18:45 - 01/04/2026 19:00","0.32",""
"01/04/2026 00:00 - 02/04/2026 00:00","CTA|DE(Amprion)","HERNE_4","11WD7HERN2S--4-X","Fossil Hard coal","11WD7HERN2S--4-X","01/04/2026 19:00 - 01/04/2026 19:15","0.00",""
"01/04/2026 00:00 - 02/04/2026 00:00","CTA|DE(Amprion)","HERNE_4","11WD7HERN2S--4-X","Fossil Hard coal","11WD7HERN2S--4-X","01/04/2026 19:15 - 01/04/2026 19:30","0.11",""
"01/04/2026 00:00 - 02/04/2026 00:00","CTA|DE(Amprion)","HERNE_4","11WD7HERN2S--4-X","Fossil Hard coal","11WD7HERN2S--4-X","01/04/2026 19:30 - 01/04/2026 19:45","0.00",""
"01/04/2026 00:00 - 02/04/2026 00:00","CTA|DE(Amprion)","HERNE_4","11WD7HERN2S--4-X","Fossil Hard coal","11WD7HERN2S--4-X","01/04/2026 19:45 - 01/04/2026 20:00","0.11",""
"01/04/2026 00:00 - 02/04/2026 00:00","CTA|DE(Amprion)","HERNE_4","11WD7HERN2S--4-X","Fossil Hard coal","11WD7HERN2S--4-X","01/04/2026 20:00 - 01/04/2026 20:15","0.00",""
"01/04/2026 00:00 - 02/04/2026 00:00","CTA|DE(Amprion)","HERNE_4","11WD7HERN2S--4-X","Fossil Hard coal","11WD7HERN2S--4-X","01/04/2026 20:15 - 01/04/2026 20:30","0.00",""
"01/04/2026 00:00 - 02/04/2026 00:00","CTA|DE(Amprion)","HERNE_4","11WD7HERN2S--4-X","Fossil Hard coal","11WD7HERN2S--4-X","01/04/2026 20:30 - 01/04/2026 20:45","0.00",""
"01/04/2026 00:00 - 02/04/2026 00:00","CTA|DE(Amprion)","HERNE_4","11WD7HERN2S--4-X","Fossil Hard coal","11WD7HERN2S--4-X","01/04/2026 20:45 - 01/04/2026 21:00","0.00",""
"01/04/2026 00:00 - 02/04/2026 00:00","CTA|DE(Amprion)","HERNE_4","11WD7HERN2S--4-X","Fossil Hard coal","11WD7HERN2S--4-X","01/04/2026 21:00 - 01/04/2026 21:15","0.21",""
"01/04/2026 00:00 - 02/04/2026 00:00","CTA|DE(Amprion)","HERNE_4","11WD7HERN2S--4-X","Fossil Hard coal","11WD7HERN2S--4-X","01/04/2026 21:15 - 01/04/2026 21:30","0.21",""
"01/04/2026 00:00 - 02/04/2026 00:00","CTA|DE(Amprion)","HERNE_4","11WD7HERN2S--4-X","Fossil Hard coal","11WD7HERN2S--4-X","01/04/2026 21:30 - 01/04/2026 21:45","0.00",""
"01/04/2026 00:00 - 02/04/2026 00:00","CTA|DE(Amprion)","HERNE_4","11WD7HERN2S--4-X","Fossil Hard coal","11WD7HERN2S--4-X","01/04/2026 21:45 - 01/04/2026 22:00","0.11",""
"01/04/2026 00:00 - 02/04/2026 00:00","CTA|DE(Amprion)","HERNE_4","11WD7HERN2S--4-X","Fossil Hard coal","11WD7HERN2S--4-X","01/04/2026 22:00 - 01/04/2026 22:15","0.00",""
"01/04/2026 00:00 - 02/04/2026 00:00","CTA|DE(Amprion)","HERNE_4","11WD7HERN2S--4-X","Fossil Hard coal","11WD7HERN2S--4-X","01/04/2026 22:15 - 01/04/2026 22:30","0.00",""
"01/04/2026 00:00 - 02/04/2026 00:00","CTA|DE(Amprion)","HERNE_4","11WD7HERN2S--4-X","Fossil Hard coal","11WD7HERN2S--4-X","01/04/2026 22:30 - 01/04/2026 22:45","0.21",""
"01/04/2026 00:00 - 02/04/2026 00:00","CTA|DE(Amprion)","HERNE_4","11WD7HERN2S--4-X","Fossil Hard coal","11WD7HERN2S--4-X","01/04/2026 22:45 - 01/04/2026 23:00","0.00",""
"01/04/2026 00:00 - 02/04/2026 00:00","CTA|DE(Amprion)","HERNE_4","11WD7HERN2S--4-X","Fossil Hard coal","11WD7HERN2S--4-X","01/04/2026 23:00 - 01/04/2026 23:15","0.21",""
"01/04/2026 00:00 - 02/04/2026 00:00","CTA|DE(Amprion)","HERNE_4","11WD7HERN2S--4-X","Fossil Hard coal","11WD7HERN2S--4-X","01/04/2026 23:15 - 01/04/2026 23:30","0.00",""
"01/04/2026 00:00 - 02/04/2026 00:00","CTA|DE(Amprion)","HERNE_4","11WD7HERN2S--4-X","Fossil Hard coal","11WD7HERN2S--4-X","01/04/2026 23:30 - 01/04/2026 23:45","0.00",""
"01/04/2026 00:00 - 02/04/2026 00:00","CTA|DE(Amprion)","HERNE_4","11WD7HERN2S--4-X","Fossil Hard coal","11WD7HERN2S--4-X","01/04/2026 23:45 - 02/04/2026 00:00","0.00",""
"01/04/2026 00:00 - 02/04/2026 00:00","CTA|DE(Amprion)","Huckingen A","11WD7HUCK2G--A-C","Fossil Coal-derived gas","11WD7HUCK2G--A-C","01/04/2026 00:00 - 01/04/2026 01:00","0.00",""
"01/04/2026 00:00 - 02/04/2026 00:00","CTA|DE(Amprion)","Huckingen A","11WD7HUCK2G--A-C","Fossil Coal-derived gas","11WD7HUCK2G--A-C","01/04/2026 01:00 - 01/04/2026 02:00","0.00",""
"01/04/2026 00:00 - 02/04/2026 00:00","CTA|DE(Amprion)","Huckingen A","11WD7HUCK2G--A-C","Fossil Coal-derived gas","11WD7HUCK2G--A-C","01/04/2026 02:00 - 01/04/2026 03:00","0.00",""
"01/04/2026 00:00 - 02/04/2026 00:00","CTA|DE(Amprion)","Huckingen A","11WD7HUCK2G--A-C","Fossil Coal-derived gas","11WD7HUCK2G--A-C","01/04/2026 03:00 - 01/04/2026 04:00","0.00",""
"01/04/2026 00:00 - 02/04/2026 00:00","CTA|DE(Amprion)","Huckingen A","11WD7HUCK2G--A-C","Fossil Coal-derived gas","11WD7HUCK2G--A-C","01/04/2026 04:00 - 01/04/2026 05:00","0.00",""
"01/04/2026 00:00 - 02/04/2026 00:00","CTA|DE(Amprion)","Huckingen A","11WD7HUCK2G--A-C","Fossil Coal-derived gas","11WD7HUCK2G--A-C","01/04/2026 05:00 - 01/04/2026 06:00","0.00",""
"01/04/2026 00:00 - 02/04/2026 00:00","CTA|DE(Amprion)","Huckingen A","11WD7HUCK2G--A-C","Fossil Coal-derived gas","11WD7HUCK2G--A-C","01/04/2026 06:00 - 01/04/2026 07:00","0.00",""
"01/04/2026 00:00 - 02/04/2026 00:00","CTA|DE(Amprion)","Huckingen A","11WD7HUCK2G--A-C","Fossil Coal-derived gas","11WD7HUCK2G--A-C","01/04/2026 07:00 - 01/04/2026 08:00","0.00",""
"01/04/2026 00:00 - 02/04/2026 00:00","CTA|DE(Amprion)","Huckingen A","11WD7HUCK2G--A-C","Fossil Coal-derived gas","11WD7HUCK2G--A-C","01/04/2026 08:00 - 01/04/2026 09:00","0.00",""
"01/04/2026 00:00 - 02/04/2026 00:00","CTA|DE(Amprion)","Huckingen A","11WD7HUCK2G--A-C","Fossil Coal-derived gas","11WD7HUCK2G--A-C","01/04/2026 09:00 - 01/04/2026 10:00","0.00",""
"01/04/2026 00:00 - 02/04/2026 00:00","CTA|DE(Amprion)","Huckingen A","11WD7HUCK2G--A-C","Fossil Coal-derived gas","11WD7HUCK2G--A-C","01/04/2026 10:00 - 01/04/2026 11:00","0.00",""
"01/04/2026 00:00 - 02/04/2026 00:00","CTA|DE(Amprion)","Huckingen A","11WD7HUCK2G--A-C","Fossil Coal-derived gas","11WD7HUCK2G--A-C","01/04/2026 11:00 - 01/04/2026 12:00","0.00",""
"01/04/2026 00:00 - 02/04/2026 00:00","CTA|DE(Amprion)","Huckingen A","11WD7HUCK2G--A-C","Fossil Coal-derived gas","11WD7HUCK2G--A-C","01/04/2026 12:00 - 01/04/2026 13:00","0.00",""
"01/04/2026 00:00 - 02/04/2026 00:00","CTA|DE(Amprion)","Huckingen A","11WD7HUCK2G--A-C","Fossil Coal-derived gas","11WD7HUCK2G--A-C","01/04/2026 13:00 - 01/04/2026 14:00","0.00",""
"01/04/2026 00:00 - 02/04/2026 00:00","CTA|DE(Amprion)","Huckingen A","11WD7HUCK2G--A-C","Fossil Coal-derived gas","11WD7HUCK2G--A-C","01/04/2026 14:00 - 01/04/2026 15:00","0.00",""
"01/04/2026 00:00 - 02/04/2026 00:00","CTA|DE(Amprion)","Huckingen A","11WD7HUCK2G--A-C","Fossil Coal-derived gas","11WD7HUCK2G--A-C","01/04/2026 15:00 - 01/04/2026 16:00","0.00",""
"01/04/2026 00:00 - 02/04/2026 00:00","CTA|DE(Amprion)","Huckingen A","11WD7HUCK2G--A-C","Fossil Coal-derived gas","11WD7HUCK2G--A-C","01/04/2026 16:00 - 01/04/2026 17:00","0.00",""
"01/04/2026 00:00 - 02/04/2026 00:00","CTA|DE(Amprion)","Huckingen A","11WD7HUCK2G--A-C","Fossil Coal-derived gas","11WD7HUCK2G--A-C","01/04/2026 17:00 - 01/04/2026 18:00","0.00",""
"01/04/2026 00:00 - 02/04/2026 00:00","CTA|DE(Amprion)","Huckingen A","11WD7HUCK2G--A-C","Fossil Coal-derived gas","11WD7HUCK2G--A-C","01/04/2026 18:00 - 01/04/2026 19:00","0.00",""
"01/04/2026 00:00 - 02/04/2026 00:00","CTA|DE(Amprion)","Huckingen A","11WD7HUCK2G--A-C","Fossil Coal-derived gas","11WD7HUCK2G--A-C","01/04/2026 19:00 - 01/04/2026 20:00","0.00",""
"01/04/2026 00:00 - 02/04/2026 00:00","CTA|DE(Amprion)","Huckingen A","11WD7HUCK2G--A-C","Fossil Coal-derived gas","11WD7HUCK2G--A-C","01/04/2026 20:00 - 01/04/2026 21:00","0.00",""
"01/04/2026 00:00 - 02/04/2026 00:00","CTA|DE(Amprion)","Huckingen A","11WD7HUCK2G--A-C","Fossil Coal-derived gas","11WD7HUCK2G--A-C","01/04/2026 21:00 - 01/04/2026 22:00","0.00",""
"01/04/2026 00:00 - 02/04/2026 00:00","CTA|DE(Amprion)","Huckingen A","11WD7HUCK2G--A-C","Fossil Coal-derived gas","11WD7HUCK2G--A-C","01/04/2026 22:00 - 01/04/2026 23:00","0.00",""
"01/04/2026 00:00 - 02/04/2026 00:00","CTA|DE(Amprion)","Huckingen A","11WD7HUCK2G--A-C","Fossil Coal-derived gas","11WD7HUCK2G--A-C","01/04/2026 23:00 - 02/04/2026 00:00","0.00",""
"01/04/2026 00:00 - 02/04/2026 00:00","CTA|DE(Amprion)","Huckingen B","11WD7HUCK2G--B-9","Fossil Coal-derived gas","11WD7HUCK2G--B-9","01/04/2026 00:00 - 01/04/2026 01:00","178.50",""
"01/04/2026 00:00 - 02/04/2026 00:00","CTA|DE(Amprion)","Huckingen B","11WD7HUCK2G--B-9","Fossil Coal-derived gas","11WD7HUCK2G--B-9","01/04/2026 01:00 - 01/04/2026 02:00","185.22",""
"01/04/2026 00:00 - 02/04/2026 00:00","CTA|DE(Amprion)","Huckingen B","11WD7HUCK2G--B-9","Fossil Coal-derived gas","11WD7HUCK2G--B-9","01/04/2026 02:00 - 01/04/2026 03:00","163.82",""
"01/04/2026 00:00 - 02/04/2026 00:00","CTA|DE(Amprion)","Huckingen B","11WD7HUCK2G--B-9","Fossil Coal-derived gas","11WD7HUCK2G--B-9","01/04/2026 03:00 - 01/04/2026 04:00","155.30",""
"01/04/2026 00:00 - 02/04/2026 00:00","CTA|DE(Amprion)","Huckingen B","11WD7HUCK2G--B-9","Fossil Coal-derived gas","11WD7HUCK2G--B-9","01/04/2026 04:00 - 01/04/2026 05:00","129.68",""
"01/04/2026 00:00 - 02/04/2026 00:00","CTA|DE(Amprion)","Huckingen B","11WD7HUCK2G--B-9","Fossil Coal-derived gas","11WD7HUCK2G--B-9","01/04/2026 05:00 - 01/04/2026 06:00","122.28",""
"01/04/2026 00:00 - 02/04/2026 00:00","CTA|DE(Amprion)","Huckingen B","11WD7HUCK2G--B-9","Fossil Coal-derived gas","11WD7HUCK2G--B-9","01/04/2026 06:00 - 01/04/2026 07:00","118.55",""
"01/04/2026 00:00 - 02/04/2026 00:00","CTA|DE(Amprion)","Huckingen B","11WD7HUCK2G--B-9","Fossil Coal-derived gas","11WD7HUCK2G--B-9","01/04/2026 07:00 - 01/04/2026 08:00","111.08",""
"01/04/2026 00:00 - 02/04/2026 00:00","CTA|DE(Amprion)","Huckingen B","11WD7HUCK2G--B-9","Fossil Coal-derived gas","11WD7HUCK2G--B-9","01/04/2026 08:00 - 01/04/2026 09:00","113.05",""
"01/04/2026 00:00 - 02/04/2026 00:00","CTA|DE(Amprion)","Huckingen B","11WD7HUCK2G--B-9","Fossil Coal-derived gas","11WD7HUCK2G--B-9","01/04/2026 09:00 - 01/04/2026 10:00","119.17",""
"01/04/2026 00:00 - 02/04/2026 00:00","CTA|DE(Amprion)","Huckingen B","11WD7HUCK2G--B-9","Fossil Coal-derived gas","11WD7HUCK2G--B-9","01/04/2026 10:00 - 01/04/2026 11:00","117.33",""
"01/04/2026 00:00 - 02/04/2026 00:00","CTA|DE(Amprion)","Huckingen B","11WD7HUCK2G--B-9","Fossil Coal-derived gas","11WD7HUCK2G--B-9","01/04/2026 11:00 - 01/04/2026 12:00","114.47",""
"01/04/2026 00:00 - 02/04/2026 00:00","CTA|DE(Amprion)","Huckingen B","11WD7HUCK2G--B-9","Fossil Coal-derived gas","11WD7HUCK2G--B-9","01/04/2026 12:00 - 01/04/2026 13:00","127.42",""
"01/04/2026 00:00 - 02/04/2026 00:00","CTA|DE(Amprion)","Huckingen B","11WD7HUCK2G--B-9","Fossil Coal-derived gas","11WD7HUCK2G--B-9","01/04/2026 13:00 - 01/04/2026 14:00","139.30",""
"01/04/2026 00:00 - 02/04/2026 00:00","CTA|DE(Amprion)","Huckingen B","11WD7HUCK2G--B-9","Fossil Coal-derived gas","11WD7HUCK2G--B-9","01/04/2026 14:00 - 01/04/2026 15:00","136.68",""
"01/04/2026 00:00 - 02/04/2026 00:00","CTA|DE(Amprion)","Huckingen B","11WD7HUCK2G--B-9","Fossil Coal-derived gas","11WD7HUCK2G--B-9","01/04/2026 15:00 - 01/04/2026 16:00","113.97",""
"01/04/2026 00:00 - 02/04/2026 00:00","CTA|DE(Amprion)","Huckingen B","11WD7HUCK2G--B-9","Fossil Coal-derived gas","11WD7HUCK2G--B-9","01/04/2026 16:00 - 01/04/2026 17:00","131.75",""
"01/04/2026 00:00 - 02/04/2026 00:00","CTA|DE(Amprion)","Huckingen B","11WD7HUCK2G--B-9","Fossil Coal-derived gas","11WD7HUCK2G--B-9","01/04/2026 17:00 - 01/04/2026 18:00","127.00",""
"01/04/2026 00:00 - 02/04/2026 00:00","CTA|DE(Amprion)","Huckingen B","11WD7HUCK2G--B-9","Fossil Coal-derived gas","11WD7HUCK2G--B-9","01/04/2026 18:00 - 01/04/2026 19:00","133.32",""
"01/04/2026 00:00 - 02/04/2026 00:00","CTA|DE(Amprion)","Huckingen B","11WD7HUCK2G--B-9","Fossil Coal-derived gas","11WD7HUCK2G--B-9","01/04/2026 19:00 - 01/04/2026 20:00","137.53",""
"01/04/2026 00:00 - 02/04/2026 00:00","CTA|DE(Amprion)","Huckingen B","11WD7HUCK2G--B-9","Fossil Coal-derived gas","11WD7HUCK2G--B-9","01/04/2026 20:00 - 01/04/2026 21:00","124.50",""
"01/04/2026 00:00 - 02/04/2026 00:00","CTA|DE(Amprion)","Huckingen B","11WD7HUCK2G--B-9","Fossil Coal-derived gas","11WD7HUCK2G--B-9","01/04/2026 21:00 - 01/04/2026 22:00","167.53",""
"01/04/2026 00:00 - 02/04/2026 00:00","CTA|DE(Amprion)","Huckingen B","11WD7HUCK2G--B-9","Fossil Coal-derived gas","11WD7HUCK2G--B-9","01/04/2026 22:00 - 01/04/2026 23:00","167.93",""
"01/04/2026 00:00 - 02/04/2026 00:00","CTA|DE(Amprion)","Huckingen B","11WD7HUCK2G--B-9","Fossil Coal-derived gas","11WD7HUCK2G--B-9","01/04/2026 23:00 - 02/04/2026 00:00","167.90",""
"01/04/2026 00:00 - 02/04/2026 00:00","CTA|DE(Amprion)","Koepchenwerk","11WD7KOEP2P--5-G","Hydro Pumped Storage","11WD7KOEP2P--5-G","01/04/2026 00:00 - 01/04/2026 01:00","0.00",""
"01/04/2026 00:00 - 02/04/2026 00:00","CTA|DE(Amprion)","Koepchenwerk","11WD7KOEP2P--5-G","Hydro Pumped Storage","11WD7KOEP2P--5-G","01/04/2026 01:00 - 01/04/2026 02:00","0.00",""
"01/04/2026 00:00 - 02/04/2026 00:00","CTA|DE(Amprion)","Koepchenwerk","11WD7KOEP2P--5-G","Hydro Pumped Storage","11WD7KOEP2P--5-G","01/04/2026 02:00 - 01/04/2026 03:00","0.00",""
"01/04/2026 00:00 - 02/04/2026 00:00","CTA|DE(Amprion)","Koepchenwerk","11WD7KOEP2P--5-G","Hydro Pumped Storage","11WD7KOEP2P--5-G","01/04/2026 03:00 - 01/04/2026 04:00","0.00",""
"01/04/2026 00:00 - 02/04/2026 00:00","CTA|DE(Amprion)","Koepchenwerk","11WD7KOEP2P--5-G","Hydro Pumped Storage","11WD7KOEP2P--5-G","01/04/2026 04:00 - 01/04/2026 05:00","0.00",""
"01/04/2026 00:00 - 02/04/2026 00:00","CTA|DE(Amprion)","Koepchenwerk","11WD7KOEP2P--5-G","Hydro Pumped Storage","11WD7KOEP2P--5-G","01/04/2026 05:00 - 01/04/2026 06:00","0.00",""
"01/04/2026 00:00 - 02/04/2026 00:00","CTA|DE(Amprion)","Koepchenwerk","11WD7KOEP2P--5-G","Hydro Pumped Storage","11WD7KOEP2P--5-G","01/04/2026 06:00 - 01/04/2026 07:00","75.45",""
"01/04/2026 00:00 - 02/04/2026 00:00","CTA|DE(Amprion)","Koepchenwerk","11WD7KOEP2P--5-G","Hydro Pumped Storage","11WD7KOEP2P--5-G","01/04/2026 07:00 - 01/04/2026 08:00","147.30",""
"01/04/2026 00:00 - 02/04/2026 00:00","CTA|DE(Amprion)","Koepchenwerk","11WD7KOEP2P--5-G","Hydro Pumped Storage","11WD7KOEP2P--5-G","01/04/2026 08:00 - 01/04/2026 09:00","135.97",""
"01/04/2026 00:00 - 02/04/2026 00:00","CTA|DE(Amprion)","Koepchenwerk","11WD7KOEP2P--5-G","Hydro Pumped Storage","11WD7KOEP2P--5-G","01/04/2026 09:00 - 01/04/2026 10:00","23.95",""
"01/04/2026 00:00 - 02/04/2026 00:00","CTA|DE(Amprion)","Koepchenwerk","11WD7KOEP2P--5-G","Hydro Pumped Storage","11WD7KOEP2P--5-G","01/04/2026 10:00 - 01/04/2026 11:00","0.00",""
"01/04/2026 00:00 - 02/04/2026 00:00","CTA|DE(Amprion)","Koepchenwerk","11WD7KOEP2P--5-G","Hydro Pumped Storage","11WD7KOEP2P--5-G","01/04/2026 11:00 - 01/04/2026 12:00","0.00",""
"01/04/2026 00:00 - 02/04/2026 00:00","CTA|DE(Amprion)","Koepchenwerk","11WD7KOEP2P--5-G","Hydro Pumped Storage","11WD7KOEP2P--5-G","01/04/2026 12:00 - 01/04/2026 13:00","0.00",""
"01/04/2026 00:00 - 02/04/2026 00:00","CTA|DE(Amprion)","Koepchenwerk","11WD7KOEP2P--5-G","Hydro Pumped Storage","11WD7KOEP2P--5-G","01/04/2026 13:00 - 01/04/2026 14:00","0.00",""
"01/04/2026 00:00 - 02/04/2026 00:00","CTA|DE(Amprion)","Koepchenwerk","11WD7KOEP2P--5-G","Hydro Pumped Storage","11WD7KOEP2P--5-G","01/04/2026 14:00 - 01/04/2026 15:00","0.00",""
"01/04/2026 00:00 - 02/04/2026 00:00","CTA|DE(Amprion)","Koepchenwerk","11WD7KOEP2P--5-G","Hydro Pumped Storage","11WD7KOEP2P--5-G","01/04/2026 15:00 - 01/04/2026 16:00","0.00",""
"01/04/2026 00:00 - 02/04/2026 00:00","CTA|DE(Amprion)","Koepchenwerk","11WD7KOEP2P--5-G","Hydro Pumped Storage","11WD7KOEP2P--5-G","01/04/2026 16:00 - 01/04/2026 17:00","0.00",""
"01/04/2026 00:00 - 02/04/2026 00:00","CTA|DE(Amprion)","Koepchenwerk","11WD7KOEP2P--5-G","Hydro Pumped Storage","11WD7KOEP2P--5-G","01/04/2026 17:00 - 01/04/2026 18:00","0.00",""
"01/04/2026 00:00 - 02/04/2026 00:00","CTA|DE(Amprion)","Koepchenwerk","11WD7KOEP2P--5-G","Hydro Pumped Storage","11WD7KOEP2P--5-G","01/04/2026 18:00 - 01/04/2026 19:00","62.30",""
"01/04/2026 00:00 - 02/04/2026 00:00","CTA|DE(Amprion)","Koepchenwerk","11WD7KOEP2P--5-G","Hydro Pumped Storage","11WD7KOEP2P--5-G","01/04/2026 19:00 - 01/04/2026 20:00","130.13",""
"01/04/2026 00:00 - 02/04/2026 00:00","CTA|DE(Amprion)","Koepchenwerk","11WD7KOEP2P--5-G","Hydro Pumped Storage","11WD7KOEP2P--5-G","01/04/2026 20:00 - 01/04/2026 21:00","84.88",""
"01/04/2026 00:00 - 02/04/2026 00:00","CTA|DE(Amprion)","Koepchenwerk","11WD7KOEP2P--5-G","Hydro Pumped Storage","11WD7KOEP2P--5-G","01/04/2026 21:00 - 01/04/2026 22:00","43.00",""
"01/04/2026 00:00 - 02/04/2026 00:00","CTA|DE(Amprion)","Koepchenwerk","11WD7KOEP2P--5-G","Hydro Pumped Storage","11WD7KOEP2P--5-G","01/04/2026 22:00 - 01/04/2026 23:00","0.00",""
"01/04/2026 00:00 - 02/04/2026 00:00","CTA|DE(Amprion)","Koepchenwerk","11WD7KOEP2P--5-G","Hydro Pumped Storage","11WD7KOEP2P--5-G","01/04/2026 23:00 - 02/04/2026 00:00","0.00",""
"01/04/2026 00:00 - 02/04/2026 00:00","CTA|DE(Amprion)","KW Hamm-Uentrop Block 10","11WD7KWHU1GBL10E","Fossil Gas","11WD7KWHU1GBL10E","01/04/2026 00:00 - 01/04/2026 01:00","0.20",""
"01/04/2026 00:00 - 02/04/2026 00:00","CTA|DE(Amprion)","KW Hamm-Uentrop Block 10","11WD7KWHU1GBL10E","Fossil Gas","11WD7KWHU1GBL10E","01/04/2026 01:00 - 01/04/2026 02:00","0.20",""
"01/04/2026 00:00 - 02/04/2026 00:00","CTA|DE(Amprion)","KW Hamm-Uentrop Block 10","11WD7KWHU1GBL10E","Fossil Gas","11WD7KWHU1GBL10E","01/04/2026 02:00 - 01/04/2026 03:00","0.20",""
"01/04/2026 00:00 - 02/04/2026 00:00","CTA|DE(Amprion)","KW Hamm-Uentrop Block 10","11WD7KWHU1GBL10E","Fossil Gas","11WD7KWHU1GBL10E","01/04/2026 03:00 - 01/04/2026 04:00","0.20",""
"01/04/2026 00:00 - 02/04/2026 00:00","CTA|DE(Amprion)","KW Hamm-Uentrop Block 10","11WD7KWHU1GBL10E","Fossil Gas","11WD7KWHU1GBL10E","01/04/2026 04:00 - 01/04/2026 05:00","0.20",""
"01/04/2026 00:00 - 02/04/2026 00:00","CTA|DE(Amprion)","KW Hamm-Uentrop Block 10","11WD7KWHU1GBL10E","Fossil Gas","11WD7KWHU1GBL10E","01/04/2026 05:00 - 01/04/2026 06:00","0.20",""
"01/04/2026 00:00 - 02/04/2026 00:00","CTA|DE(Amprion)","KW Hamm-Uentrop Block 10","11WD7KWHU1GBL10E","Fossil Gas","11WD7KWHU1GBL10E","01/04/2026 06:00 - 01/04/2026 07:00","0.20",""
"01/04/2026 00:00 - 02/04/2026 00:00","CTA|DE(Amprion)","KW Hamm-Uentrop Block 10","11WD7KWHU1GBL10E","Fossil Gas","11WD7KWHU1GBL10E","01/04/2026 07:00 - 01/04/2026 08:00","0.20",""
"01/04/2026 00:00 - 02/04/2026 00:00","CTA|DE(Amprion)","KW Hamm-Uentrop Block 10","11WD7KWHU1GBL10E","Fossil Gas","11WD7KWHU1GBL10E","01/04/2026 08:00 - 01/04/2026 09:00","0.20",""
"01/04/2026 00:00 - 02/04/2026 00:00","CTA|DE(Amprion)","KW Hamm-Uentrop Block 10","11WD7KWHU1GBL10E","Fossil Gas","11WD7KWHU1GBL10E","01/04/2026 09:00 - 01/04/2026 10:00","0.20",""
"01/04/2026 00:00 - 02/04/2026 00:00","CTA|DE(Amprion)","KW Hamm-Uentrop Block 10","11WD7KWHU1GBL10E","Fossil Gas","11WD7KWHU1GBL10E","01/04/2026 10:00 - 01/04/2026 11:00","0.20",""
"01/04/2026 00:00 - 02/04/2026 00:00","CTA|DE(Amprion)","KW Hamm-Uentrop Block 10","11WD7KWHU1GBL10E","Fossil Gas","11WD7KWHU1GBL10E","01/04/2026 11:00 - 01/04/2026 12:00","0.20",""
"01/04/2026 00:00 - 02/04/2026 00:00","CTA|DE(Amprion)","KW Hamm-Uentrop Block 10","11WD7KWHU1GBL10E","Fossil Gas","11WD7KWHU1GBL10E","01/04/2026 12:00 - 01/04/2026 13:00","0.20",""
"01/04/2026 00:00 - 02/04/2026 00:00","CTA|DE(Amprion)","KW Hamm-Uentrop Block 10","11WD7KWHU1GBL10E","Fossil Gas","11WD7KWHU1GBL10E","01/04/2026 13:00 - 01/04/2026 14:00","0.20",""
"01/04/2026 00:00 - 02/04/2026 00:00","CTA|DE(Amprion)","KW Hamm-Uentrop Block 10","11WD7KWHU1GBL10E","Fossil Gas","11WD7KWHU1GBL10E","01/04/2026 14:00 - 01/04/2026 15:00","0.30",""
"01/04/2026 00:00 - 02/04/2026 00:00","CTA|DE(Amprion)","KW Hamm-Uentrop Block 10","11WD7KWHU1GBL10E","Fossil Gas","11WD7KWHU1GBL10E","01/04/2026 15:00 - 01/04/2026 16:00","0.30",""
"01/04/2026 00:00 - 02/04/2026 00:00","CTA|DE(Amprion)","KW Hamm-Uentrop Block 10","11WD7KWHU1GBL10E","Fossil Gas","11WD7KWHU1GBL10E","01/04/2026 16:00 - 01/04/2026 17:00","0.30",""
"01/04/2026 00:00 - 02/04/2026 00:00","CTA|DE(Amprion)","KW Hamm-Uentrop Block 10","11WD7KWHU1GBL10E","Fossil Gas","11WD7KWHU1GBL10E","01/04/2026 17:00 - 01/04/2026 18:00","0.30",""
"01/04/2026 00:00 - 02/04/2026 00:00","CTA|DE(Amprion)","KW Hamm-Uentrop Block 10","11WD7KWHU1GBL10E","Fossil Gas","11WD7KWHU1GBL10E","01/04/2026 18:00 - 01/04/2026 19:00","0.20",""
"01/04/2026 00:00 - 02/04/2026 00:00","CTA|DE(Amprion)","KW Hamm-Uentrop Block 10","11WD7KWHU1GBL10E","Fossil Gas","11WD7KWHU1GBL10E","01/04/2026 19:00 - 01/04/2026 20:00","0.20",""
"01/04/2026 00:00 - 02/04/2026 00:00","CTA|DE(Amprion)","KW Hamm-Uentrop Block 10","11WD7KWHU1GBL10E","Fossil Gas","11WD7KWHU1GBL10E","01/04/2026 20:00 - 01/04/2026 21:00","0.20",""
"01/04/2026 00:00 - 02/04/2026 00:00","CTA|DE(Amprion)","KW Hamm-Uentrop Block 10","11WD7KWHU1GBL10E","Fossil Gas","11WD7KWHU1GBL10E","01/04/2026 21:00 - 01/04/2026 22:00","0.20",""
"01/04/2026 00:00 - 02/04/2026 00:00","CTA|DE(Amprion)","KW Hamm-Uentrop Block 10","11WD7KWHU1GBL10E","Fossil Gas","11WD7KWHU1GBL10E","01/04/2026 22:00 - 01/04/2026 23:00","0.20",""
"01/04/2026 00:00 - 02/04/2026 00:00","CTA|DE(Amprion)","KW Hamm-Uentrop Block 10","11WD7KWHU1GBL10E","Fossil Gas","11WD7KWHU1GBL10E","01/04/2026 23:00 - 02/04/2026 00:00","0.20",""
"01/04/2026 00:00 - 02/04/2026 00:00","CTA|DE(Amprion)","KW Hamm-Uentrop Block 20","11WD7KWHU1GBL20B","Fossil Gas","11WD7KWHU1GBL20B","01/04/2026 00:00 - 01/04/2026 01:00","241.72",""
"01/04/2026 00:00 - 02/04/2026 00:00","CTA|DE(Amprion)","KW Hamm-Uentrop Block 20","11WD7KWHU1GBL20B","Fossil Gas","11WD7KWHU1GBL20B","01/04/2026 01:00 - 01/04/2026 02:00","447.80",""
"01/04/2026 00:00 - 02/04/2026 00:00","CTA|DE(Amprion)","KW Hamm-Uentrop Block 20","11WD7KWHU1GBL20B","Fossil Gas","11WD7KWHU1GBL20B","01/04/2026 02:00 - 01/04/2026 03:00","435.65",""
"01/04/2026 00:00 - 02/04/2026 00:00","CTA|DE(Amprion)","KW Hamm-Uentrop Block 20","11WD7KWHU1GBL20B","Fossil Gas","11WD7KWHU1GBL20B","01/04/2026 03:00 - 01/04/2026 04:00","451.80",""
"01/04/2026 00:00 - 02/04/2026 00:00","CTA|DE(Amprion)","KW Hamm-Uentrop Block 20","11WD7KWHU1GBL20B","Fossil Gas","11WD7KWHU1GBL20B","01/04/2026 04:00 - 01/04/2026 05:00","444.23",""
"01/04/2026 00:00 - 02/04/2026 00:00","CTA|DE(Amprion)","KW Hamm-Uentrop Block 20","11WD7KWHU1GBL20B","Fossil Gas","11WD7KWHU1GBL20B","01/04/2026 05:00 - 01/04/2026 06:00","451.80",""
"01/04/2026 00:00 - 02/04/2026 00:00","CTA|DE(Amprion)","KW Hamm-Uentrop Block 20","11WD7KWHU1GBL20B","Fossil Gas","11WD7KWHU1GBL20B","01/04/2026 06:00 - 01/04/2026 07:00","451.85",""
"01/04/2026 00:00 - 02/04/2026 00:00","CTA|DE(Amprion)","KW Hamm-Uentrop Block 20","11WD7KWHU1GBL20B","Fossil Gas","11WD7KWHU1GBL20B","01/04/2026 07:00 - 01/04/2026 08:00","451.82",""
"01/04/2026 00:00 - 02/04/2026 00:00","CTA|DE(Amprion)","KW Hamm-Uentrop Block 20","11WD7KWHU1GBL20B","Fossil Gas","11WD7KWHU1GBL20B","01/04/2026 08:00 - 01/04/2026 09:00","451.85",""
"01/04/2026 00:00 - 02/04/2026 00:00","CTA|DE(Amprion)","KW Hamm-Uentrop Block 20","11WD7KWHU1GBL20B","Fossil Gas","11WD7KWHU1GBL20B","01/04/2026 09:00 - 01/04/2026 10:00","396.75",""
"01/04/2026 00:00 - 02/04/2026 00:00","CTA|DE(Amprion)","KW Hamm-Uentrop Block 20","11WD7KWHU1GBL20B","Fossil Gas","11WD7KWHU1GBL20B","01/04/2026 10:00 - 01/04/2026 11:00","0.10",""
"01/04/2026 00:00 - 02/04/2026 00:00","CTA|DE(Amprion)","KW Hamm-Uentrop Block 20","11WD7KWHU1GBL20B","Fossil Gas","11WD7KWHU1GBL20B","01/04/2026 11:00 - 01/04/2026 12:00","0.10",""
"01/04/2026 00:00 - 02/04/2026 00:00","CTA|DE(Amprion)","KW Hamm-Uentrop Block 20","11WD7KWHU1GBL20B","Fossil Gas","11WD7KWHU1GBL20B","01/04/2026 12:00 - 01/04/2026 13:00","0.10",""
"01/04/2026 00:00 - 02/04/2026 00:00","CTA|DE(Amprion)","KW Hamm-Uentrop Block 20","11WD7KWHU1GBL20B","Fossil Gas","11WD7KWHU1GBL20B","01/04/2026 13:00 - 01/04/2026 14:00","0.10",""
"01/04/2026 00:00 - 02/04/2026 00:00","CTA|DE(Amprion)","KW Hamm-Uentrop Block 20","11WD7KWHU1GBL20B","Fossil Gas","11WD7KWHU1GBL20B","01/04/2026 14:00 - 01/04/2026 15:00","0.10",""
"01/04/2026 00:00 - 02/04/2026 00:00","CTA|DE(Amprion)","KW Hamm-Uentrop Block 20","11WD7KWHU1GBL20B","Fossil Gas","11WD7KWHU1GBL20B","01/04/2026 15:00 - 01/04/2026 16:00","0.10",""
"01/04/2026 00:00 - 02/04/2026 00:00","CTA|DE(Amprion)","KW Hamm-Uentrop Block 20","11WD7KWHU1GBL20B","Fossil Gas","11WD7KWHU1GBL20B","01/04/2026 16:00 - 01/04/2026 17:00","0.10",""
"01/04/2026 00:00 - 02/04/2026 00:00","CTA|DE(Amprion)","KW Hamm-Uentrop Block 20","11WD7KWHU1GBL20B","Fossil Gas","11WD7KWHU1GBL20B","01/04/2026 17:00 - 01/04/2026 18:00","103.65",""
"01/04/2026 00:00 - 02/04/2026 00:00","CTA|DE(Amprion)","KW Hamm-Uentrop Block 20","11WD7KWHU1GBL20B","Fossil Gas","11WD7KWHU1GBL20B","01/04/2026 18:00 - 01/04/2026 19:00","396.55",""
"01/04/2026 00:00 - 02/04/2026 00:00","CTA|DE(Amprion)","KW Hamm-Uentrop Block 20","11WD7KWHU1GBL20B","Fossil Gas","11WD7KWHU1GBL20B","01/04/2026 19:00 - 01/04/2026 20:00","445.32",""
"01/04/2026 00:00 - 02/04/2026 00:00","CTA|DE(Amprion)","KW Hamm-Uentrop Block 20","11WD7KWHU1GBL20B","Fossil Gas","11WD7KWHU1GBL20B","01/04/2026 20:00 - 01/04/2026 21:00","448.25",""
"01/04/2026 00:00 - 02/04/2026 00:00","CTA|DE(Amprion)","KW Hamm-Uentrop Block 20","11WD7KWHU1GBL20B","Fossil Gas","11WD7KWHU1GBL20B","01/04/2026 21:00 - 01/04/2026 22:00","449.52",""
"01/04/2026 00:00 - 02/04/2026 00:00","CTA|DE(Amprion)","KW Hamm-Uentrop Block 20","11WD7KWHU1GBL20B","Fossil Gas","11WD7KWHU1GBL20B","01/04/2026 22:00 - 01/04/2026 23:00","451.32",""
"01/04/2026 00:00 - 02/04/2026 00:00","CTA|DE(Amprion)","KW Hamm-Uentrop Block 20","11WD7KWHU1GBL20B","Fossil Gas","11WD7KWHU1GBL20B","01/04/2026 23:00 - 02/04/2026 00:00","451.80",""
"01/04/2026 00:00 - 02/04/2026 00:00","CTA|DE(Amprion)","Knapsack 2","11WD7KWKN-20-EEW","Fossil Gas","11WD7KWKN-20-EEW","01/04/2026 00:00 - 01/04/2026 01:00","0.00",""
"01/04/2026 00:00 - 02/04/2026 00:00","CTA|DE(Amprion)","Knapsack 2","11WD7KWKN-20-EEW","Fossil Gas","11WD7KWKN-20-EEW","01/04/2026 01:00 - 01/04/2026 02:00","0.00",""
"01/04/2026 00:00 - 02/04/2026 00:00","CTA|DE(Amprion)","Knapsack 2","11WD7KWKN-20-EEW","Fossil Gas","11WD7KWKN-20-EEW","01/04/2026 02:00 - 01/04/2026 03:00","0.00",""
"01/04/2026 00:00 - 02/04/2026 00:00","CTA|DE(Amprion)","Knapsack 2","11WD7KWKN-20-EEW","Fossil Gas","11WD7KWKN-20-EEW","01/04/2026 03:00 - 01/04/2026 04:00","0.00",""
"01/04/2026 00:00 - 02/04/2026 00:00","CTA|DE(Amprion)","Knapsack 2","11WD7KWKN-20-EEW","Fossil Gas","11WD7KWKN-20-EEW","01/04/2026 04:00 - 01/04/2026 05:00","0.00",""
"01/04/2026 00:00 - 02/04/2026 00:00","CTA|DE(Amprion)","Knapsack 2","11WD7KWKN-20-EEW","Fossil Gas","11WD7KWKN-20-EEW","01/04/2026 05:00 - 01/04/2026 06:00","0.00",""
"01/04/2026 00:00 - 02/04/2026 00:00","CTA|DE(Amprion)","Knapsack 2","11WD7KWKN-20-EEW","Fossil Gas","11WD7KWKN-20-EEW","01/04/2026 06:00 - 01/04/2026 07:00","0.00",""
"01/04/2026 00:00 - 02/04/2026 00:00","CTA|DE(Amprion)","Knapsack 2","11WD7KWKN-20-EEW","Fossil Gas","11WD7KWKN-20-EEW","01/04/2026 07:00 - 01/04/2026 08:00","0.00",""
"01/04/2026 00:00 - 02/04/2026 00:00","CTA|DE(Amprion)","Knapsack 2","11WD7KWKN-20-EEW","Fossil Gas","11WD7KWKN-20-EEW","01/04/2026 08:00 - 01/04/2026 09:00","0.00",""
"01/04/2026 00:00 - 02/04/2026 00:00","CTA|DE(Amprion)","Knapsack 2","11WD7KWKN-20-EEW","Fossil Gas","11WD7KWKN-20-EEW","01/04/2026 09:00 - 01/04/2026 10:00","0.00",""
"01/04/2026 00:00 - 02/04/2026 00:00","CTA|DE(Amprion)","Knapsack 2","11WD7KWKN-20-EEW","Fossil Gas","11WD7KWKN-20-EEW","01/04/2026 10:00 - 01/04/2026 11:00","0.00",""
"01/04/2026 00:00 - 02/04/2026 00:00","CTA|DE(Amprion)","Knapsack 2","11WD7KWKN-20-EEW","Fossil Gas","11WD7KWKN-20-EEW","01/04/2026 11:00 - 01/04/2026 12:00","0.00",""
"01/04/2026 00:00 - 02/04/2026 00:00","CTA|DE(Amprion)","Knapsack 2","11WD7KWKN-20-EEW","Fossil Gas","11WD7KWKN-20-EEW","01/04/2026 12:00 - 01/04/2026 13:00","0.00",""
"01/04/2026 00:00 - 02/04/2026 00:00","CTA|DE(Amprion)","Knapsack 2","11WD7KWKN-20-EEW","Fossil Gas","11WD7KWKN-20-EEW","01/04/2026 13:00 - 01/04/2026 14:00","0.00",""
"01/04/2026 00:00 - 02/04/2026 00:00","CTA|DE(Amprion)","Knapsack 2","11WD7KWKN-20-EEW","Fossil Gas","11WD7KWKN-20-EEW","01/04/2026 14:00 - 01/04/2026 15:00","0.00",""
"01/04/2026 00:00 - 02/04/2026 00:00","CTA|DE(Amprion)","Knapsack 2","11WD7KWKN-20-EEW","Fossil Gas","11WD7KWKN-20-EEW","01/04/2026 15:00 - 01/04/2026 16:00","0.00",""
"01/04/2026 00:00 - 02/04/2026 00:00","CTA|DE(Amprion)","Knapsack 2","11WD7KWKN-20-EEW","Fossil Gas","11WD7KWKN-20-EEW","01/04/2026 16:00 - 01/04/2026 17:00","0.00",""
"01/04/2026 00:00 - 02/04/2026 00:00","CTA|DE(Amprion)","Knapsack 2","11WD7KWKN-20-EEW","Fossil Gas","11WD7KWKN-20-EEW","01/04/2026 17:00 - 01/04/2026 18:00","0.00",""
"01/04/2026 00:00 - 02/04/2026 00:00","CTA|DE(Amprion)","Knapsack 2","11WD7KWKN-20-EEW","Fossil Gas","11WD7KWKN-20-EEW","01/04/2026 18:00 - 01/04/2026 19:00","0.00",""
"01/04/2026 00:00 - 02/04/2026 00:00","CTA|DE(Amprion)","Knapsack 2","11WD7KWKN-20-EEW","Fossil Gas","11WD7KWKN-20-EEW","01/04/2026 19:00 - 01/04/2026 20:00","0.00",""
"01/04/2026 00:00 - 02/04/2026 00:00","CTA|DE(Amprion)","Knapsack 2","11WD7KWKN-20-EEW","Fossil Gas","11WD7KWKN-20-EEW","01/04/2026 20:00 - 01/04/2026 21:00","0.00",""
"01/04/2026 00:00 - 02/04/2026 00:00","CTA|DE(Amprion)","Knapsack 2","11WD7KWKN-20-EEW","Fossil Gas","11WD7KWKN-20-EEW","01/04/2026 21:00 - 01/04/2026 22:00","0.00",""
"01/04/2026 00:00 - 02/04/2026 00:00","CTA|DE(Amprion)","Knapsack 2","11WD7KWKN-20-EEW","Fossil Gas","11WD7KWKN-20-EEW","01/04/2026 22:00 - 01/04/2026 23:00","0.00",""
"01/04/2026 00:00 - 02/04/2026 00:00","CTA|DE(Amprion)","Knapsack 2","11WD7KWKN-20-EEW","Fossil Gas","11WD7KWKN-20-EEW","01/04/2026 23:00 - 02/04/2026 00:00","0.00",""
"01/04/2026 00:00 - 02/04/2026 00:00","CTA|DE(Amprion)","Knapsack 1","11WD7KWKN-KW-EEN","Fossil Gas","11WD7KWKN-KW-EEN","01/04/2026 00:00 - 01/04/2026 01:00","865.80",""
"01/04/2026 00:00 - 02/04/2026 00:00","CTA|DE(Amprion)","Knapsack 1","11WD7KWKN-KW-EEN","Fossil Gas","11WD7KWKN-KW-EEN","01/04/2026 01:00 - 01/04/2026 02:00","797.80",""
"01/04/2026 00:00 - 02/04/2026 00:00","CTA|DE(Amprion)","Knapsack 1","11WD7KWKN-KW-EEN","Fossil Gas","11WD7KWKN-KW-EEN","01/04/2026 02:00 - 01/04/2026 03:00","771.10",""
"01/04/2026 00:00 - 02/04/2026 00:00","CTA|DE(Amprion)","Knapsack 1","11WD7KWKN-KW-EEN","Fossil Gas","11WD7KWKN-KW-EEN","01/04/2026 03:00 - 01/04/2026 04:00","848.00",""
"01/04/2026 00:00 - 02/04/2026 00:00","CTA|DE(Amprion)","Knapsack 1","11WD7KWKN-KW-EEN","Fossil Gas","11WD7KWKN-KW-EEN","01/04/2026 04:00 - 01/04/2026 05:00","865.90",""
"01/04/2026 00:00 - 02/04/2026 00:00","CTA|DE(Amprion)","Knapsack 1","11WD7KWKN-KW-EEN","Fossil Gas","11WD7KWKN-KW-EEN","01/04/2026 05:00 - 01/04/2026 06:00","867.00",""
"01/04/2026 00:00 - 02/04/2026 00:00","CTA|DE(Amprion)","Knapsack 1","11WD7KWKN-KW-EEN","Fossil Gas","11WD7KWKN-KW-EEN","01/04/2026 06:00 - 01/04/2026 07:00","867.60",""
"01/04/2026 00:00 - 02/04/2026 00:00","CTA|DE(Amprion)","Knapsack 1","11WD7KWKN-KW-EEN","Fossil Gas","11WD7KWKN-KW-EEN","01/04/2026 07:00 - 01/04/2026 08:00","868.30",""
"01/04/2026 00:00 - 02/04/2026 00:00","CTA|DE(Amprion)","Knapsack 1","11WD7KWKN-KW-EEN","Fossil Gas","11WD7KWKN-KW-EEN","01/04/2026 08:00 - 01/04/2026 09:00","867.60",""
"01/04/2026 00:00 - 02/04/2026 00:00","CTA|DE(Amprion)","Knapsack 1","11WD7KWKN-KW-EEN","Fossil Gas","11WD7KWKN-KW-EEN","01/04/2026 09:00 - 01/04/2026 10:00","593.30",""
"01/04/2026 00:00 - 02/04/2026 00:00","CTA|DE(Amprion)","Knapsack 1","11WD7KWKN-KW-EEN","Fossil Gas","11WD7KWKN-KW-EEN","01/04/2026 10:00 - 01/04/2026 11:00","0.00",""
"01/04/2026 00:00 - 02/04/2026 00:00","CTA|DE(Amprion)","Knapsack 1","11WD7KWKN-KW-EEN","Fossil Gas","11WD7KWKN-KW-EEN","01/04/2026 11:00 - 01/04/2026 12:00","0.00",""
"01/04/2026 00:00 - 02/04/2026 00:00","CTA|DE(Amprion)","Knapsack 1","11WD7KWKN-KW-EEN","Fossil Gas","11WD7KWKN-KW-EEN","01/04/2026 12:00 - 01/04/2026 13:00","0.00",""
"01/04/2026 00:00 - 02/04/2026 00:00","CTA|DE(Amprion)","Knapsack 1","11WD7KWKN-KW-EEN","Fossil Gas","11WD7KWKN-KW-EEN","01/04/2026 13:00 - 01/04/2026 14:00","0.00",""
"01/04/2026 00:00 - 02/04/2026 00:00","CTA|DE(Amprion)","Knapsack 1","11WD7KWKN-KW-EEN","Fossil Gas","11WD7KWKN-KW-EEN","01/04/2026 14:00 - 01/04/2026 15:00","0.00",""
"01/04/2026 00:00 - 02/04/2026 00:00","CTA|DE(Amprion)","Knapsack 1","11WD7KWKN-KW-EEN","Fossil Gas","11WD7KWKN-KW-EEN","01/04/2026 15:00 - 01/04/2026 16:00","0.00",""
"01/04/2026 00:00 - 02/04/2026 00:00","CTA|DE(Amprion)","Knapsack 1","11WD7KWKN-KW-EEN","Fossil Gas","11WD7KWKN-KW-EEN","01/04/2026 16:00 - 01/04/2026 17:00","0.00",""
"01/04/2026 00:00 - 02/04/2026 00:00","CTA|DE(Amprion)","Knapsack 1","11WD7KWKN-KW-EEN","Fossil Gas","11WD7KWKN-KW-EEN","01/04/2026 17:00 - 01/04/2026 18:00","201.90",""
"01/04/2026 00:00 - 02/04/2026 00:00","CTA|DE(Amprion)","Knapsack 1","11WD7KWKN-KW-EEN","Fossil Gas","11WD7KWKN-KW-EEN","01/04/2026 18:00 - 01/04/2026 19:00","708.60",""
"01/04/2026 00:00 - 02/04/2026 00:00","CTA|DE(Amprion)","Knapsack 1","11WD7KWKN-KW-EEN","Fossil Gas","11WD7KWKN-KW-EEN","01/04/2026 19:00 - 01/04/2026 20:00","841.60",""
"01/04/2026 00:00 - 02/04/2026 00:00","CTA|DE(Amprion)","Knapsack 1","11WD7KWKN-KW-EEN","Fossil Gas","11WD7KWKN-KW-EEN","01/04/2026 20:00 - 01/04/2026 21:00","848.00",""
"01/04/2026 00:00 - 02/04/2026 00:00","CTA|DE(Amprion)","Knapsack 1","11WD7KWKN-KW-EEN","Fossil Gas","11WD7KWKN-KW-EEN","01/04/2026 21:00 - 01/04/2026 22:00","861.80",""
"01/04/2026 00:00 - 02/04/2026 00:00","CTA|DE(Amprion)","Knapsack 1","11WD7KWKN-KW-EEN","Fossil Gas","11WD7KWKN-KW-EEN","01/04/2026 22:00 - 01/04/2026 23:00","860.80",""
"01/04/2026 00:00 - 02/04/2026 00:00","CTA|DE(Amprion)","Knapsack 1","11WD7KWKN-KW-EEN","Fossil Gas","11WD7KWKN-KW-EEN","01/04/2026 23:00 - 02/04/2026 00:00","790.00",""
"01/04/2026 00:00 - 02/04/2026 00:00","CTA|DE(Amprion)","Block GT 11","11WD7LUDW2GGT11E","Fossil Gas","11WD7LUDW2GGT11E","01/04/2026 00:00 - 01/04/2026 01:00","211.78",""
"01/04/2026 00:00 - 02/04/2026 00:00","CTA|DE(Amprion)","Block GT 11","11WD7LUDW2GGT11E","Fossil Gas","11WD7LUDW2GGT11E","01/04/2026 01:00 - 01/04/2026 02:00","176.85",""
"01/04/2026 00:00 - 02/04/2026 00:00","CTA|DE(Amprion)","Block GT 11","11WD7LUDW2GGT11E","Fossil Gas","11WD7LUDW2GGT11E","01/04/2026 02:00 - 01/04/2026 03:00","175.28",""
"01/04/2026 00:00 - 02/04/2026 00:00","CTA|DE(Amprion)","Block GT 11","11WD7LUDW2GGT11E","Fossil Gas","11WD7LUDW2GGT11E","01/04/2026 03:00 - 01/04/2026 04:00","177.72",""
"01/04/2026 00:00 - 02/04/2026 00:00","CTA|DE(Amprion)","Block GT 11","11WD7LUDW2GGT11E","Fossil Gas","11WD7LUDW2GGT11E","01/04/2026 04:00 - 01/04/2026 05:00","178.22",""
"01/04/2026 00:00 - 02/04/2026 00:00","CTA|DE(Amprion)","Block GT 11","11WD7LUDW2GGT11E","Fossil Gas","11WD7LUDW2GGT11E","01/04/2026 05:00 - 01/04/2026 06:00","207.85",""
"01/04/2026 00:00 - 02/04/2026 00:00","CTA|DE(Amprion)","Block GT 11","11WD7LUDW2GGT11E","Fossil Gas","11WD7LUDW2GGT11E","01/04/2026 06:00 - 01/04/2026 07:00","214.95",""
"01/04/2026 00:00 - 02/04/2026 00:00","CTA|DE(Amprion)","Block GT 11","11WD7LUDW2GGT11E","Fossil Gas","11WD7LUDW2GGT11E","01/04/2026 07:00 - 01/04/2026 08:00","214.90",""
"01/04/2026 00:00 - 02/04/2026 00:00","CTA|DE(Amprion)","Block GT 11","11WD7LUDW2GGT11E","Fossil Gas","11WD7LUDW2GGT11E","01/04/2026 08:00 - 01/04/2026 09:00","214.63",""
"01/04/2026 00:00 - 02/04/2026 00:00","CTA|DE(Amprion)","Block GT 11","11WD7LUDW2GGT11E","Fossil Gas","11WD7LUDW2GGT11E","01/04/2026 09:00 - 01/04/2026 10:00","207.88",""
"01/04/2026 00:00 - 02/04/2026 00:00","CTA|DE(Amprion)","Block GT 11","11WD7LUDW2GGT11E","Fossil Gas","11WD7LUDW2GGT11E","01/04/2026 10:00 - 01/04/2026 11:00","203.63",""
"01/04/2026 00:00 - 02/04/2026 00:00","CTA|DE(Amprion)","Block GT 11","11WD7LUDW2GGT11E","Fossil Gas","11WD7LUDW2GGT11E","01/04/2026 11:00 - 01/04/2026 12:00","182.80",""
"01/04/2026 00:00 - 02/04/2026 00:00","CTA|DE(Amprion)","Block GT 11","11WD7LUDW2GGT11E","Fossil Gas","11WD7LUDW2GGT11E","01/04/2026 12:00 - 01/04/2026 13:00","179.28",""
"01/04/2026 00:00 - 02/04/2026 00:00","CTA|DE(Amprion)","Block GT 11","11WD7LUDW2GGT11E","Fossil Gas","11WD7LUDW2GGT11E","01/04/2026 13:00 - 01/04/2026 14:00","181.22",""
"01/04/2026 00:00 - 02/04/2026 00:00","CTA|DE(Amprion)","Block GT 11","11WD7LUDW2GGT11E","Fossil Gas","11WD7LUDW2GGT11E","01/04/2026 14:00 - 01/04/2026 15:00","183.38",""
"01/04/2026 00:00 - 02/04/2026 00:00","CTA|DE(Amprion)","Block GT 11","11WD7LUDW2GGT11E","Fossil Gas","11WD7LUDW2GGT11E","01/04/2026 15:00 - 01/04/2026 16:00","183.55",""
"01/04/2026 00:00 - 02/04/2026 00:00","CTA|DE(Amprion)","Block GT 11","11WD7LUDW2GGT11E","Fossil Gas","11WD7LUDW2GGT11E","01/04/2026 16:00 - 01/04/2026 17:00","179.82",""
"01/04/2026 00:00 - 02/04/2026 00:00","CTA|DE(Amprion)","Block GT 11","11WD7LUDW2GGT11E","Fossil Gas","11WD7LUDW2GGT11E","01/04/2026 17:00 - 01/04/2026 18:00","191.72",""
"01/04/2026 00:00 - 02/04/2026 00:00","CTA|DE(Amprion)","Block GT 11","11WD7LUDW2GGT11E","Fossil Gas","11WD7LUDW2GGT11E","01/04/2026 18:00 - 01/04/2026 19:00","203.53",""
"01/04/2026 00:00 - 02/04/2026 00:00","CTA|DE(Amprion)","Block GT 11","11WD7LUDW2GGT11E","Fossil Gas","11WD7LUDW2GGT11E","01/04/2026 19:00 - 01/04/2026 20:00","206.82",""
"01/04/2026 00:00 - 02/04/2026 00:00","CTA|DE(Amprion)","Block GT 11","11WD7LUDW2GGT11E","Fossil Gas","11WD7LUDW2GGT11E","01/04/2026 20:00 - 01/04/2026 21:00","207.95",""
"01/04/2026 00:00 - 02/04/2026 00:00","CTA|DE(Amprion)","Block GT 11","11WD7LUDW2GGT11E","Fossil Gas","11WD7LUDW2GGT11E","01/04/2026 21:00 - 01/04/2026 22:00","208.75",""
"01/04/2026 00:00 - 02/04/2026 00:00","CTA|DE(Amprion)","Block GT 11","11WD7LUDW2GGT11E","Fossil Gas","11WD7LUDW2GGT11E","01/04/2026 22:00 - 01/04/2026 23:00","209.72",""
"01/04/2026 00:00 - 02/04/2026 00:00","CTA|DE(Amprion)","Block GT 11","11WD7LUDW2GGT11E","Fossil Gas","11WD7LUDW2GGT11E","01/04/2026 23:00 - 02/04/2026 00:00","211.13",""
"01/04/2026 00:00 - 02/04/2026 00:00","CTA|DE(Amprion)","Block GT 12","11WD7LUDW2GGT12C","Fossil Gas","11WD7LUDW2GGT12C","01/04/2026 00:00 - 01/04/2026 01:00","216.25",""
"01/04/2026 00:00 - 02/04/2026 00:00","CTA|DE(Amprion)","Block GT 12","11WD7LUDW2GGT12C","Fossil Gas","11WD7LUDW2GGT12C","01/04/2026 01:00 - 01/04/2026 02:00","177.35",""
"01/04/2026 00:00 - 02/04/2026 00:00","CTA|DE(Amprion)","Block GT 12","11WD7LUDW2GGT12C","Fossil Gas","11WD7LUDW2GGT12C","01/04/2026 02:00 - 01/04/2026 03:00","175.28",""
"01/04/2026 00:00 - 02/04/2026 00:00","CTA|DE(Amprion)","Block GT 12","11WD7LUDW2GGT12C","Fossil Gas","11WD7LUDW2GGT12C","01/04/2026 03:00 - 01/04/2026 04:00","177.78",""
"01/04/2026 00:00 - 02/04/2026 00:00","CTA|DE(Amprion)","Block GT 12","11WD7LUDW2GGT12C","Fossil Gas","11WD7LUDW2GGT12C","01/04/2026 04:00 - 01/04/2026 05:00","178.07",""
"01/04/2026 00:00 - 02/04/2026 00:00","CTA|DE(Amprion)","Block GT 12","11WD7LUDW2GGT12C","Fossil Gas","11WD7LUDW2GGT12C","01/04/2026 05:00 - 01/04/2026 06:00","209.60",""
"01/04/2026 00:00 - 02/04/2026 00:00","CTA|DE(Amprion)","Block GT 12","11WD7LUDW2GGT12C","Fossil Gas","11WD7LUDW2GGT12C","01/04/2026 06:00 - 01/04/2026 07:00","222.40",""
"01/04/2026 00:00 - 02/04/2026 00:00","CTA|DE(Amprion)","Block GT 12","11WD7LUDW2GGT12C","Fossil Gas","11WD7LUDW2GGT12C","01/04/2026 07:00 - 01/04/2026 08:00","222.47",""
"01/04/2026 00:00 - 02/04/2026 00:00","CTA|DE(Amprion)","Block GT 12","11WD7LUDW2GGT12C","Fossil Gas","11WD7LUDW2GGT12C","01/04/2026 08:00 - 01/04/2026 09:00","222.65",""
"01/04/2026 00:00 - 02/04/2026 00:00","CTA|DE(Amprion)","Block GT 12","11WD7LUDW2GGT12C","Fossil Gas","11WD7LUDW2GGT12C","01/04/2026 09:00 - 01/04/2026 10:00","208.57",""
"01/04/2026 00:00 - 02/04/2026 00:00","CTA|DE(Amprion)","Block GT 12","11WD7LUDW2GGT12C","Fossil Gas","11WD7LUDW2GGT12C","01/04/2026 10:00 - 01/04/2026 11:00","203.70",""
"01/04/2026 00:00 - 02/04/2026 00:00","CTA|DE(Amprion)","Block GT 12","11WD7LUDW2GGT12C","Fossil Gas","11WD7LUDW2GGT12C","01/04/2026 11:00 - 01/04/2026 12:00","182.90",""
"01/04/2026 00:00 - 02/04/2026 00:00","CTA|DE(Amprion)","Block GT 12","11WD7LUDW2GGT12C","Fossil Gas","11WD7LUDW2GGT12C","01/04/2026 12:00 - 01/04/2026 13:00","179.28",""
"01/04/2026 00:00 - 02/04/2026 00:00","CTA|DE(Amprion)","Block GT 12","11WD7LUDW2GGT12C","Fossil Gas","11WD7LUDW2GGT12C","01/04/2026 13:00 - 01/04/2026 14:00","181.18",""
"01/04/2026 00:00 - 02/04/2026 00:00","CTA|DE(Amprion)","Block GT 12","11WD7LUDW2GGT12C","Fossil Gas","11WD7LUDW2GGT12C","01/04/2026 14:00 - 01/04/2026 15:00","183.30",""
"01/04/2026 00:00 - 02/04/2026 00:00","CTA|DE(Amprion)","Block GT 12","11WD7LUDW2GGT12C","Fossil Gas","11WD7LUDW2GGT12C","01/04/2026 15:00 - 01/04/2026 16:00","183.47",""
"01/04/2026 00:00 - 02/04/2026 00:00","CTA|DE(Amprion)","Block GT 12","11WD7LUDW2GGT12C","Fossil Gas","11WD7LUDW2GGT12C","01/04/2026 16:00 - 01/04/2026 17:00","179.80",""
"01/04/2026 00:00 - 02/04/2026 00:00","CTA|DE(Amprion)","Block GT 12","11WD7LUDW2GGT12C","Fossil Gas","11WD7LUDW2GGT12C","01/04/2026 17:00 - 01/04/2026 18:00","191.72",""
"01/04/2026 00:00 - 02/04/2026 00:00","CTA|DE(Amprion)","Block GT 12","11WD7LUDW2GGT12C","Fossil Gas","11WD7LUDW2GGT12C","01/04/2026 18:00 - 01/04/2026 19:00","206.78",""
"01/04/2026 00:00 - 02/04/2026 00:00","CTA|DE(Amprion)","Block GT 12","11WD7LUDW2GGT12C","Fossil Gas","11WD7LUDW2GGT12C","01/04/2026 19:00 - 01/04/2026 20:00","211.57",""
"01/04/2026 00:00 - 02/04/2026 00:00","CTA|DE(Amprion)","Block GT 12","11WD7LUDW2GGT12C","Fossil Gas","11WD7LUDW2GGT12C","01/04/2026 20:00 - 01/04/2026 21:00","213.00",""
"01/04/2026 00:00 - 02/04/2026 00:00","CTA|DE(Amprion)","Block GT 12","11WD7LUDW2GGT12C","Fossil Gas","11WD7LUDW2GGT12C","01/04/2026 21:00 - 01/04/2026 22:00","214.13",""
"01/04/2026 00:00 - 02/04/2026 00:00","CTA|DE(Amprion)","Block GT 12","11WD7LUDW2GGT12C","Fossil Gas","11WD7LUDW2GGT12C","01/04/2026 22:00 - 01/04/2026 23:00","215.68",""
"01/04/2026 00:00 - 02/04/2026 00:00","CTA|DE(Amprion)","Block GT 12","11WD7LUDW2GGT12C","Fossil Gas","11WD7LUDW2GGT12C","01/04/2026 23:00 - 02/04/2026 00:00","217.47",""
"01/04/2026 00:00 - 02/04/2026 00:00","CTA|DE(Amprion)","Block GT1","11WD7LUDW5GSDG1Q","Fossil Gas","11WD7LUDW5GSDG1Q","01/04/2026 00:00 - 01/04/2026 01:00","137.85",""
"01/04/2026 00:00 - 02/04/2026 00:00","CTA|DE(Amprion)","Block GT1","11WD7LUDW5GSDG1Q","Fossil Gas","11WD7LUDW5GSDG1Q","01/04/2026 01:00 - 01/04/2026 02:00","110.28",""
"01/04/2026 00:00 - 02/04/2026 00:00","CTA|DE(Amprion)","Block GT1","11WD7LUDW5GSDG1Q","Fossil Gas","11WD7LUDW5GSDG1Q","01/04/2026 02:00 - 01/04/2026 03:00","110.30",""
"01/04/2026 00:00 - 02/04/2026 00:00","CTA|DE(Amprion)","Block GT1","11WD7LUDW5GSDG1Q","Fossil Gas","11WD7LUDW5GSDG1Q","01/04/2026 03:00 - 01/04/2026 04:00","110.30",""
"01/04/2026 00:00 - 02/04/2026 00:00","CTA|DE(Amprion)","Block GT1","11WD7LUDW5GSDG1Q","Fossil Gas","11WD7LUDW5GSDG1Q","01/04/2026 04:00 - 01/04/2026 05:00","110.30",""
"01/04/2026 00:00 - 02/04/2026 00:00","CTA|DE(Amprion)","Block GT1","11WD7LUDW5GSDG1Q","Fossil Gas","11WD7LUDW5GSDG1Q","01/04/2026 05:00 - 01/04/2026 06:00","117.20",""
"01/04/2026 00:00 - 02/04/2026 00:00","CTA|DE(Amprion)","Block GT1","11WD7LUDW5GSDG1Q","Fossil Gas","11WD7LUDW5GSDG1Q","01/04/2026 06:00 - 01/04/2026 07:00","148.93",""
"01/04/2026 00:00 - 02/04/2026 00:00","CTA|DE(Amprion)","Block GT1","11WD7LUDW5GSDG1Q","Fossil Gas","11WD7LUDW5GSDG1Q","01/04/2026 07:00 - 01/04/2026 08:00","165.78",""
"01/04/2026 00:00 - 02/04/2026 00:00","CTA|DE(Amprion)","Block GT1","11WD7LUDW5GSDG1Q","Fossil Gas","11WD7LUDW5GSDG1Q","01/04/2026 08:00 - 01/04/2026 09:00","166.63",""
"01/04/2026 00:00 - 02/04/2026 00:00","CTA|DE(Amprion)","Block GT1","11WD7LUDW5GSDG1Q","Fossil Gas","11WD7LUDW5GSDG1Q","01/04/2026 09:00 - 01/04/2026 10:00","161.47",""
"01/04/2026 00:00 - 02/04/2026 00:00","CTA|DE(Amprion)","Block GT1","11WD7LUDW5GSDG1Q","Fossil Gas","11WD7LUDW5GSDG1Q","01/04/2026 10:00 - 01/04/2026 11:00","151.22",""
"01/04/2026 00:00 - 02/04/2026 00:00","CTA|DE(Amprion)","Block GT1","11WD7LUDW5GSDG1Q","Fossil Gas","11WD7LUDW5GSDG1Q","01/04/2026 11:00 - 01/04/2026 12:00","110.85",""
"01/04/2026 00:00 - 02/04/2026 00:00","CTA|DE(Amprion)","Block GT1","11WD7LUDW5GSDG1Q","Fossil Gas","11WD7LUDW5GSDG1Q","01/04/2026 12:00 - 01/04/2026 13:00","110.25",""
"01/04/2026 00:00 - 02/04/2026 00:00","CTA|DE(Amprion)","Block GT1","11WD7LUDW5GSDG1Q","Fossil Gas","11WD7LUDW5GSDG1Q","01/04/2026 13:00 - 01/04/2026 14:00","110.30",""
"01/04/2026 00:00 - 02/04/2026 00:00","CTA|DE(Amprion)","Block GT1","11WD7LUDW5GSDG1Q","Fossil Gas","11WD7LUDW5GSDG1Q","01/04/2026 14:00 - 01/04/2026 15:00","110.28",""
"01/04/2026 00:00 - 02/04/2026 00:00","CTA|DE(Amprion)","Block GT1","11WD7LUDW5GSDG1Q","Fossil Gas","11WD7LUDW5GSDG1Q","01/04/2026 15:00 - 01/04/2026 16:00","110.28",""
"01/04/2026 00:00 - 02/04/2026 00:00","CTA|DE(Amprion)","Block GT1","11WD7LUDW5GSDG1Q","Fossil Gas","11WD7LUDW5GSDG1Q","01/04/2026 16:00 - 01/04/2026 17:00","110.28",""
"01/04/2026 00:00 - 02/04/2026 00:00","CTA|DE(Amprion)","Block GT1","11WD7LUDW5GSDG1Q","Fossil Gas","11WD7LUDW5GSDG1Q","01/04/2026 17:00 - 01/04/2026 18:00","110.33",""
"01/04/2026 00:00 - 02/04/2026 00:00","CTA|DE(Amprion)","Block GT1","11WD7LUDW5GSDG1Q","Fossil Gas","11WD7LUDW5GSDG1Q","01/04/2026 18:00 - 01/04/2026 19:00","139.00",""
"01/04/2026 00:00 - 02/04/2026 00:00","CTA|DE(Amprion)","Block GT1","11WD7LUDW5GSDG1Q","Fossil Gas","11WD7LUDW5GSDG1Q","01/04/2026 19:00 - 01/04/2026 20:00","148.32",""
"01/04/2026 00:00 - 02/04/2026 00:00","CTA|DE(Amprion)","Block GT1","11WD7LUDW5GSDG1Q","Fossil Gas","11WD7LUDW5GSDG1Q","01/04/2026 20:00 - 01/04/2026 21:00","153.32",""
"01/04/2026 00:00 - 02/04/2026 00:00","CTA|DE(Amprion)","Block GT1","11WD7LUDW5GSDG1Q","Fossil Gas","11WD7LUDW5GSDG1Q","01/04/2026 21:00 - 01/04/2026 22:00","152.85",""
"01/04/2026 00:00 - 02/04/2026 00:00","CTA|DE(Amprion)","Block GT1","11WD7LUDW5GSDG1Q","Fossil Gas","11WD7LUDW5GSDG1Q","01/04/2026 22:00 - 01/04/2026 23:00","146.55",""
"01/04/2026 00:00 - 02/04/2026 00:00","CTA|DE(Amprion)","Block GT1","11WD7LUDW5GSDG1Q","Fossil Gas","11WD7LUDW5GSDG1Q","01/04/2026 23:00 - 02/04/2026 00:00","139.85",""
"01/04/2026 00:00 - 02/04/2026 00:00","CTA|DE(Amprion)","Block GT2","11WD7LUDW5GSDG2O","Fossil Gas","11WD7LUDW5GSDG2O","01/04/2026 00:00 - 01/04/2026 01:00","0.20",""
"01/04/2026 00:00 - 02/04/2026 00:00","CTA|DE(Amprion)","Block GT2","11WD7LUDW5GSDG2O","Fossil Gas","11WD7LUDW5GSDG2O","01/04/2026 01:00 - 01/04/2026 02:00","0.20",""
"01/04/2026 00:00 - 02/04/2026 00:00","CTA|DE(Amprion)","Block GT2","11WD7LUDW5GSDG2O","Fossil Gas","11WD7LUDW5GSDG2O","01/04/2026 02:00 - 01/04/2026 03:00","0.20",""
"01/04/2026 00:00 - 02/04/2026 00:00","CTA|DE(Amprion)","Block GT2","11WD7LUDW5GSDG2O","Fossil Gas","11WD7LUDW5GSDG2O","01/04/2026 03:00 - 01/04/2026 04:00","0.20",""
"01/04/2026 00:00 - 02/04/2026 00:00","CTA|DE(Amprion)","Block GT2","11WD7LUDW5GSDG2O","Fossil Gas","11WD7LUDW5GSDG2O","01/04/2026 04:00 - 01/04/2026 05:00","0.20",""
"01/04/2026 00:00 - 02/04/2026 00:00","CTA|DE(Amprion)","Block GT2","11WD7LUDW5GSDG2O","Fossil Gas","11WD7LUDW5GSDG2O","01/04/2026 05:00 - 01/04/2026 06:00","0.20",""
"01/04/2026 00:00 - 02/04/2026 00:00","CTA|DE(Amprion)","Block GT2","11WD7LUDW5GSDG2O","Fossil Gas","11WD7LUDW5GSDG2O","01/04/2026 06:00 - 01/04/2026 07:00","0.20",""
"01/04/2026 00:00 - 02/04/2026 00:00","CTA|DE(Amprion)","Block GT2","11WD7LUDW5GSDG2O","Fossil Gas","11WD7LUDW5GSDG2O","01/04/2026 07:00 - 01/04/2026 08:00","0.20",""
"01/04/2026 00:00 - 02/04/2026 00:00","CTA|DE(Amprion)","Block GT2","11WD7LUDW5GSDG2O","Fossil Gas","11WD7LUDW5GSDG2O","01/04/2026 08:00 - 01/04/2026 09:00","0.20",""
"01/04/2026 00:00 - 02/04/2026 00:00","CTA|DE(Amprion)","Block GT2","11WD7LUDW5GSDG2O","Fossil Gas","11WD7LUDW5GSDG2O","01/04/2026 09:00 - 01/04/2026 10:00","0.20",""
"01/04/2026 00:00 - 02/04/2026 00:00","CTA|DE(Amprion)","Block GT2","11WD7LUDW5GSDG2O","Fossil Gas","11WD7LUDW5GSDG2O","01/04/2026 10:00 - 01/04/2026 11:00","0.20",""
"01/04/2026 00:00 - 02/04/2026 00:00","CTA|DE(Amprion)","Block GT2","11WD7LUDW5GSDG2O","Fossil Gas","11WD7LUDW5GSDG2O","01/04/2026 11:00 - 01/04/2026 12:00","0.20",""
"01/04/2026 00:00 - 02/04/2026 00:00","CTA|DE(Amprion)","Block GT2","11WD7LUDW5GSDG2O","Fossil Gas","11WD7LUDW5GSDG2O","01/04/2026 12:00 - 01/04/2026 13:00","0.20",""
"01/04/2026 00:00 - 02/04/2026 00:00","CTA|DE(Amprion)","Block GT2","11WD7LUDW5GSDG2O","Fossil Gas","11WD7LUDW5GSDG2O","01/04/2026 13:00 - 01/04/2026 14:00","0.20",""
"01/04/2026 00:00 - 02/04/2026 00:00","CTA|DE(Amprion)","Block GT2","11WD7LUDW5GSDG2O","Fossil Gas","11WD7LUDW5GSDG2O","01/04/2026 14:00 - 01/04/2026 15:00","0.20",""
"01/04/2026 00:00 - 02/04/2026 00:00","CTA|DE(Amprion)","Block GT2","11WD7LUDW5GSDG2O","Fossil Gas","11WD7LUDW5GSDG2O","01/04/2026 15:00 - 01/04/2026 16:00","0.20",""
"01/04/2026 00:00 - 02/04/2026 00:00","CTA|DE(Amprion)","Block GT2","11WD7LUDW5GSDG2O","Fossil Gas","11WD7LUDW5GSDG2O","01/04/2026 16:00 - 01/04/2026 17:00","0.20",""
"01/04/2026 00:00 - 02/04/2026 00:00","CTA|DE(Amprion)","Block GT2","11WD7LUDW5GSDG2O","Fossil Gas","11WD7LUDW5GSDG2O","01/04/2026 17:00 - 01/04/2026 18:00","0.20",""
"01/04/2026 00:00 - 02/04/2026 00:00","CTA|DE(Amprion)","Block GT2","11WD7LUDW5GSDG2O","Fossil Gas","11WD7LUDW5GSDG2O","01/04/2026 18:00 - 01/04/2026 19:00","0.20",""
"01/04/2026 00:00 - 02/04/2026 00:00","CTA|DE(Amprion)","Block GT2","11WD7LUDW5GSDG2O","Fossil Gas","11WD7LUDW5GSDG2O","01/04/2026 19:00 - 01/04/2026 20:00","0.20",""
"01/04/2026 00:00 - 02/04/2026 00:00","CTA|DE(Amprion)","Block GT2","11WD7LUDW5GSDG2O","Fossil Gas","11WD7LUDW5GSDG2O","01/04/2026 20:00 - 01/04/2026 21:00","0.20",""
"01/04/2026 00:00 - 02/04/2026 00:00","CTA|DE(Amprion)","Block GT2","11WD7LUDW5GSDG2O","Fossil Gas","11WD7LUDW5GSDG2O","01/04/2026 21:00 - 01/04/2026 22:00","0.20",""
"01/04/2026 00:00 - 02/04/2026 00:00","CTA|DE(Amprion)","Block GT2","11WD7LUDW5GSDG2O","Fossil Gas","11WD7LUDW5GSDG2O","01/04/2026 22:00 - 01/04/2026 23:00","0.20",""
"01/04/2026 00:00 - 02/04/2026 00:00","CTA|DE(Amprion)","Block GT2","11WD7LUDW5GSDG2O","Fossil Gas","11WD7LUDW5GSDG2O","01/04/2026 23:00 - 02/04/2026 00:00","0.20",""
"01/04/2026 00:00 - 02/04/2026 00:00","CTA|DE(Amprion)","BEXBACH_A_GESAMT","11WD7MITB1C---A1","Fossil Hard coal","11WD7MITB1C---A1","01/04/2026 00:00 - 01/04/2026 01:00","0.00",""
"01/04/2026 00:00 - 02/04/2026 00:00","CTA|DE(Amprion)","BEXBACH_A_GESAMT","11WD7MITB1C---A1","Fossil Hard coal","11WD7MITB1C---A1","01/04/2026 01:00 - 01/04/2026 02:00","0.00",""
"01/04/2026 00:00 - 02/04/2026 00:00","CTA|DE(Amprion)","BEXBACH_A_GESAMT","11WD7MITB1C---A1","Fossil Hard coal","11WD7MITB1C---A1","01/04/2026 02:00 - 01/04/2026 03:00","0.00",""
"01/04/2026 00:00 - 02/04/2026 00:00","CTA|DE(Amprion)","BEXBACH_A_GESAMT","11WD7MITB1C---A1","Fossil Hard coal","11WD7MITB1C---A1","01/04/2026 03:00 - 01/04/2026 04:00","0.00",""
"01/04/2026 00:00 - 02/04/2026 00:00","CTA|DE(Amprion)","BEXBACH_A_GESAMT","11WD7MITB1C---A1","Fossil Hard coal","11WD7MITB1C---A1","01/04/2026 04:00 - 01/04/2026 05:00","0.00",""
"01/04/2026 00:00 - 02/04/2026 00:00","CTA|DE(Amprion)","BEXBACH_A_GESAMT","11WD7MITB1C---A1","Fossil Hard coal","11WD7MITB1C---A1","01/04/2026 05:00 - 01/04/2026 06:00","0.00",""
"01/04/2026 00:00 - 02/04/2026 00:00","CTA|DE(Amprion)","BEXBACH_A_GESAMT","11WD7MITB1C---A1","Fossil Hard coal","11WD7MITB1C---A1","01/04/2026 06:00 - 01/04/2026 07:00","0.00",""
"01/04/2026 00:00 - 02/04/2026 00:00","CTA|DE(Amprion)","BEXBACH_A_GESAMT","11WD7MITB1C---A1","Fossil Hard coal","11WD7MITB1C---A1","01/04/2026 07:00 - 01/04/2026 08:00","0.00",""
"01/04/2026 00:00 - 02/04/2026 00:00","CTA|DE(Amprion)","BEXBACH_A_GESAMT","11WD7MITB1C---A1","Fossil Hard coal","11WD7MITB1C---A1","01/04/2026 08:00 - 01/04/2026 09:00","0.00",""
"01/04/2026 00:00 - 02/04/2026 00:00","CTA|DE(Amprion)","BEXBACH_A_GESAMT","11WD7MITB1C---A1","Fossil Hard coal","11WD7MITB1C---A1","01/04/2026 09:00 - 01/04/2026 10:00","0.00",""
"01/04/2026 00:00 - 02/04/2026 00:00","CTA|DE(Amprion)","BEXBACH_A_GESAMT","11WD7MITB1C---A1","Fossil Hard coal","11WD7MITB1C---A1","01/04/2026 10:00 - 01/04/2026 11:00","0.00",""
"01/04/2026 00:00 - 02/04/2026 00:00","CTA|DE(Amprion)","BEXBACH_A_GESAMT","11WD7MITB1C---A1","Fossil Hard coal","11WD7MITB1C---A1","01/04/2026 11:00 - 01/04/2026 12:00","0.00",""
"01/04/2026 00:00 - 02/04/2026 00:00","CTA|DE(Amprion)","BEXBACH_A_GESAMT","11WD7MITB1C---A1","Fossil Hard coal","11WD7MITB1C---A1","01/04/2026 12:00 - 01/04/2026 13:00","0.00",""
"01/04/2026 00:00 - 02/04/2026 00:00","CTA|DE(Amprion)","BEXBACH_A_GESAMT","11WD7MITB1C---A1","Fossil Hard coal","11WD7MITB1C---A1","01/04/2026 13:00 - 01/04/2026 14:00","0.00",""
"01/04/2026 00:00 - 02/04/2026 00:00","CTA|DE(Amprion)","BEXBACH_A_GESAMT","11WD7MITB1C---A1","Fossil Hard coal","11WD7MITB1C---A1","01/04/2026 14:00 - 01/04/2026 15:00","0.00",""
"01/04/2026 00:00 - 02/04/2026 00:00","CTA|DE(Amprion)","BEXBACH_A_GESAMT","11WD7MITB1C---A1","Fossil Hard coal","11WD7MITB1C---A1","01/04/2026 15:00 - 01/04/2026 16:00","0.00",""
"01/04/2026 00:00 - 02/04/2026 00:00","CTA|DE(Amprion)","BEXBACH_A_GESAMT","11WD7MITB1C---A1","Fossil Hard coal","11WD7MITB1C---A1","01/04/2026 16:00 - 01/04/2026 17:00","0.00",""
"01/04/2026 00:00 - 02/04/2026 00:00","CTA|DE(Amprion)","BEXBACH_A_GESAMT","11WD7MITB1C---A1","Fossil Hard coal","11WD7MITB1C---A1","01/04/2026 17:00 - 01/04/2026 18:00","0.00",""
"01/04/2026 00:00 - 02/04/2026 00:00","CTA|DE(Amprion)","BEXBACH_A_GESAMT","11WD7MITB1C---A1","Fossil Hard coal","11WD7MITB1C---A1","01/04/2026 18:00 - 01/04/2026 19:00","0.00",""
"01/04/2026 00:00 - 02/04/2026 00:00","CTA|DE(Amprion)","BEXBACH_A_GESAMT","11WD7MITB1C---A1","Fossil Hard coal","11WD7MITB1C---A1","01/04/2026 19:00 - 01/04/2026 20:00","0.00",""
"01/04/2026 00:00 - 02/04/2026 00:00","CTA|DE(Amprion)","BEXBACH_A_GESAMT","11WD7MITB1C---A1","Fossil Hard coal","11WD7MITB1C---A1","01/04/2026 20:00 - 01/04/2026 21:00","0.00",""
"01/04/2026 00:00 - 02/04/2026 00:00","CTA|DE(Amprion)","BEXBACH_A_GESAMT","11WD7MITB1C---A1","Fossil Hard coal","11WD7MITB1C---A1","01/04/2026 21:00 - 01/04/2026 22:00","0.00",""
"01/04/2026 00:00 - 02/04/2026 00:00","CTA|DE(Amprion)","BEXBACH_A_GESAMT","11WD7MITB1C---A1","Fossil Hard coal","11WD7MITB1C---A1","01/04/2026 22:00 - 01/04/2026 23:00","0.00",""
"01/04/2026 00:00 - 02/04/2026 00:00","CTA|DE(Amprion)","BEXBACH_A_GESAMT","11WD7MITB1C---A1","Fossil Hard coal","11WD7MITB1C---A1","01/04/2026 23:00 - 02/04/2026 00:00","0.00",""
"01/04/2026 00:00 - 02/04/2026 00:00","CTA|DE(Amprion)","Neurath F","11WD7NEUR1B--F-L","Fossil Brown coal/Lignite","11WD7NEUR1B--F-L","01/04/2026 00:00 - 01/04/2026 01:00","0.00",""
"01/04/2026 00:00 - 02/04/2026 00:00","CTA|DE(Amprion)","Neurath F","11WD7NEUR1B--F-L","Fossil Brown coal/Lignite","11WD7NEUR1B--F-L","01/04/2026 01:00 - 01/04/2026 02:00","0.00",""
"01/04/2026 00:00 - 02/04/2026 00:00","CTA|DE(Amprion)","Neurath F","11WD7NEUR1B--F-L","Fossil Brown coal/Lignite","11WD7NEUR1B--F-L","01/04/2026 02:00 - 01/04/2026 03:00","0.00",""
"01/04/2026 00:00 - 02/04/2026 00:00","CTA|DE(Amprion)","Neurath F","11WD7NEUR1B--F-L","Fossil Brown coal/Lignite","11WD7NEUR1B--F-L","01/04/2026 03:00 - 01/04/2026 04:00","0.00",""
"01/04/2026 00:00 - 02/04/2026 00:00","CTA|DE(Amprion)","Neurath F","11WD7NEUR1B--F-L","Fossil Brown coal/Lignite","11WD7NEUR1B--F-L","01/04/2026 04:00 - 01/04/2026 05:00","0.00",""
"01/04/2026 00:00 - 02/04/2026 00:00","CTA|DE(Amprion)","Neurath F","11WD7NEUR1B--F-L","Fossil Brown coal/Lignite","11WD7NEUR1B--F-L","01/04/2026 05:00 - 01/04/2026 06:00","0.00",""
"01/04/2026 00:00 - 02/04/2026 00:00","CTA|DE(Amprion)","Neurath F","11WD7NEUR1B--F-L","Fossil Brown coal/Lignite","11WD7NEUR1B--F-L","01/04/2026 06:00 - 01/04/2026 07:00","0.00",""
"01/04/2026 00:00 - 02/04/2026 00:00","CTA|DE(Amprion)","Neurath F","11WD7NEUR1B--F-L","Fossil Brown coal/Lignite","11WD7NEUR1B--F-L","01/04/2026 07:00 - 01/04/2026 08:00","0.00",""
"01/04/2026 00:00 - 02/04/2026 00:00","CTA|DE(Amprion)","Neurath F","11WD7NEUR1B--F-L","Fossil Brown coal/Lignite","11WD7NEUR1B--F-L","01/04/2026 08:00 - 01/04/2026 09:00","0.00",""
"01/04/2026 00:00 - 02/04/2026 00:00","CTA|DE(Amprion)","Neurath F","11WD7NEUR1B--F-L","Fossil Brown coal/Lignite","11WD7NEUR1B--F-L","01/04/2026 09:00 - 01/04/2026 10:00","0.00",""
"01/04/2026 00:00 - 02/04/2026 00:00","CTA|DE(Amprion)","Neurath F","11WD7NEUR1B--F-L","Fossil Brown coal/Lignite","11WD7NEUR1B--F-L","01/04/2026 10:00 - 01/04/2026 11:00","0.00",""
"01/04/2026 00:00 - 02/04/2026 00:00","CTA|DE(Amprion)","Neurath F","11WD7NEUR1B--F-L","Fossil Brown coal/Lignite","11WD7NEUR1B--F-L","01/04/2026 11:00 - 01/04/2026 12:00","0.00",""
"01/04/2026 00:00 - 02/04/2026 00:00","CTA|DE(Amprion)","Neurath F","11WD7NEUR1B--F-L","Fossil Brown coal/Lignite","11WD7NEUR1B--F-L","01/04/2026 12:00 - 01/04/2026 13:00","0.00",""
"01/04/2026 00:00 - 02/04/2026 00:00","CTA|DE(Amprion)","Neurath F","11WD7NEUR1B--F-L","Fossil Brown coal/Lignite","11WD7NEUR1B--F-L","01/04/2026 13:00 - 01/04/2026 14:00","0.00",""
"01/04/2026 00:00 - 02/04/2026 00:00","CTA|DE(Amprion)","Neurath F","11WD7NEUR1B--F-L","Fossil Brown coal/Lignite","11WD7NEUR1B--F-L","01/04/2026 14:00 - 01/04/2026 15:00","0.00",""
"01/04/2026 00:00 - 02/04/2026 00:00","CTA|DE(Amprion)","Neurath F","11WD7NEUR1B--F-L","Fossil Brown coal/Lignite","11WD7NEUR1B--F-L","01/04/2026 15:00 - 01/04/2026 16:00","0.00",""
"01/04/2026 00:00 - 02/04/2026 00:00","CTA|DE(Amprion)","Neurath F","11WD7NEUR1B--F-L","Fossil Brown coal/Lignite","11WD7NEUR1B--F-L","01/04/2026 16:00 - 01/04/2026 17:00","0.00",""
"01/04/2026 00:00 - 02/04/2026 00:00","CTA|DE(Amprion)","Neurath F","11WD7NEUR1B--F-L","Fossil Brown coal/Lignite","11WD7NEUR1B--F-L","01/04/2026 17:00 - 01/04/2026 18:00","0.00",""
"01/04/2026 00:00 - 02/04/2026 00:00","CTA|DE(Amprion)","Neurath F","11WD7NEUR1B--F-L","Fossil Brown coal/Lignite","11WD7NEUR1B--F-L","01/04/2026 18:00 - 01/04/2026 19:00","0.00",""
"01/04/2026 00:00 - 02/04/2026 00:00","CTA|DE(Amprion)","Neurath F","11WD7NEUR1B--F-L","Fossil Brown coal/Lignite","11WD7NEUR1B--F-L","01/04/2026 19:00 - 01/04/2026 20:00","0.00",""
"01/04/2026 00:00 - 02/04/2026 00:00","CTA|DE(Amprion)","Neurath F","11WD7NEUR1B--F-L","Fossil Brown coal/Lignite","11WD7NEUR1B--F-L","01/04/2026 20:00 - 01/04/2026 21:00","0.00",""
"01/04/2026 00:00 - 02/04/2026 00:00","CTA|DE(Amprion)","Neurath F","11WD7NEUR1B--F-L","Fossil Brown coal/Lignite","11WD7NEUR1B--F-L","01/04/2026 21:00 - 01/04/2026 22:00","0.00",""
"01/04/2026 00:00 - 02/04/2026 00:00","CTA|DE(Amprion)","Neurath F","11WD7NEUR1B--F-L","Fossil Brown coal/Lignite","11WD7NEUR1B--F-L","01/04/2026 22:00 - 01/04/2026 23:00","0.00",""
"01/04/2026 00:00 - 02/04/2026 00:00","CTA|DE(Amprion)","Neurath F","11WD7NEUR1B--F-L","Fossil Brown coal/Lignite","11WD7NEUR1B--F-L","01/04/2026 23:00 - 02/04/2026 00:00","0.00",""
"01/04/2026 00:00 - 02/04/2026 00:00","CTA|DE(Amprion)","Neurath G","11WD7NEUR1B--G-I","Fossil Brown coal/Lignite","11WD7NEUR1B--G-I","01/04/2026 00:00 - 01/04/2026 01:00","1034.63",""
"01/04/2026 00:00 - 02/04/2026 00:00","CTA|DE(Amprion)","Neurath G","11WD7NEUR1B--G-I","Fossil Brown coal/Lignite","11WD7NEUR1B--G-I","01/04/2026 01:00 - 01/04/2026 02:00","1040.08",""
"01/04/2026 00:00 - 02/04/2026 00:00","CTA|DE(Amprion)","Neurath G","11WD7NEUR1B--G-I","Fossil Brown coal/Lignite","11WD7NEUR1B--G-I","01/04/2026 02:00 - 01/04/2026 03:00","1035.80",""
"01/04/2026 00:00 - 02/04/2026 00:00","CTA|DE(Amprion)","Neurath G","11WD7NEUR1B--G-I","Fossil Brown coal/Lignite","11WD7NEUR1B--G-I","01/04/2026 03:00 - 01/04/2026 04:00","1033.75",""
"01/04/2026 00:00 - 02/04/2026 00:00","CTA|DE(Amprion)","Neurath G","11WD7NEUR1B--G-I","Fossil Brown coal/Lignite","11WD7NEUR1B--G-I","01/04/2026 04:00 - 01/04/2026 05:00","1032.53",""
"01/04/2026 00:00 - 02/04/2026 00:00","CTA|DE(Amprion)","Neurath G","11WD7NEUR1B--G-I","Fossil Brown coal/Lignite","11WD7NEUR1B--G-I","01/04/2026 05:00 - 01/04/2026 06:00","1037.10",""
"01/04/2026 00:00 - 02/04/2026 00:00","CTA|DE(Amprion)","Neurath G","11WD7NEUR1B--G-I","Fossil Brown coal/Lignite","11WD7NEUR1B--G-I","01/04/2026 06:00 - 01/04/2026 07:00","1043.95",""
"01/04/2026 00:00 - 02/04/2026 00:00","CTA|DE(Amprion)","Neurath G","11WD7NEUR1B--G-I","Fossil Brown coal/Lignite","11WD7NEUR1B--G-I","01/04/2026 07:00 - 01/04/2026 08:00","1042.25",""
"01/04/2026 00:00 - 02/04/2026 00:00","CTA|DE(Amprion)","Neurath G","11WD7NEUR1B--G-I","Fossil Brown coal/Lignite","11WD7NEUR1B--G-I","01/04/2026 08:00 - 01/04/2026 09:00","1039.78",""
"01/04/2026 00:00 - 02/04/2026 00:00","CTA|DE(Amprion)","Neurath G","11WD7NEUR1B--G-I","Fossil Brown coal/Lignite","11WD7NEUR1B--G-I","01/04/2026 09:00 - 01/04/2026 10:00","1045.38",""
"01/04/2026 00:00 - 02/04/2026 00:00","CTA|DE(Amprion)","Neurath G","11WD7NEUR1B--G-I","Fossil Brown coal/Lignite","11WD7NEUR1B--G-I","01/04/2026 10:00 - 01/04/2026 11:00","1043.38",""
"01/04/2026 00:00 - 02/04/2026 00:00","CTA|DE(Amprion)","Neurath G","11WD7NEUR1B--G-I","Fossil Brown coal/Lignite","11WD7NEUR1B--G-I","01/04/2026 11:00 - 01/04/2026 12:00","1046.67",""
"01/04/2026 00:00 - 02/04/2026 00:00","CTA|DE(Amprion)","Neurath G","11WD7NEUR1B--G-I","Fossil Brown coal/Lignite","11WD7NEUR1B--G-I","01/04/2026 12:00 - 01/04/2026 13:00","1049.63",""
"01/04/2026 00:00 - 02/04/2026 00:00","CTA|DE(Amprion)","Neurath G","11WD7NEUR1B--G-I","Fossil Brown coal/Lignite","11WD7NEUR1B--G-I","01/04/2026 13:00 - 01/04/2026 14:00","1043.85",""
"01/04/2026 00:00 - 02/04/2026 00:00","CTA|DE(Amprion)","Neurath G","11WD7NEUR1B--G-I","Fossil Brown coal/Lignite","11WD7NEUR1B--G-I","01/04/2026 14:00 - 01/04/2026 15:00","1046.47",""
"01/04/2026 00:00 - 02/04/2026 00:00","CTA|DE(Amprion)","Neurath G","11WD7NEUR1B--G-I","Fossil Brown coal/Lignite","11WD7NEUR1B--G-I","01/04/2026 15:00 - 01/04/2026 16:00","1047.35",""
"01/04/2026 00:00 - 02/04/2026 00:00","CTA|DE(Amprion)","Neurath G","11WD7NEUR1B--G-I","Fossil Brown coal/Lignite","11WD7NEUR1B--G-I","01/04/2026 16:00 - 01/04/2026 17:00","1042.60",""
"01/04/2026 00:00 - 02/04/2026 00:00","CTA|DE(Amprion)","Neurath G","11WD7NEUR1B--G-I","Fossil Brown coal/Lignite","11WD7NEUR1B--G-I","01/04/2026 17:00 - 01/04/2026 18:00","1043.80",""
"01/04/2026 00:00 - 02/04/2026 00:00","CTA|DE(Amprion)","Neurath G","11WD7NEUR1B--G-I","Fossil Brown coal/Lignite","11WD7NEUR1B--G-I","01/04/2026 18:00 - 01/04/2026 19:00","1049.83",""
"01/04/2026 00:00 - 02/04/2026 00:00","CTA|DE(Amprion)","Neurath G","11WD7NEUR1B--G-I","Fossil Brown coal/Lignite","11WD7NEUR1B--G-I","01/04/2026 19:00 - 01/04/2026 20:00","1053.50",""
"01/04/2026 00:00 - 02/04/2026 00:00","CTA|DE(Amprion)","Neurath G","11WD7NEUR1B--G-I","Fossil Brown coal/Lignite","11WD7NEUR1B--G-I","01/04/2026 20:00 - 01/04/2026 21:00","1044.35",""
"01/04/2026 00:00 - 02/04/2026 00:00","CTA|DE(Amprion)","Neurath G","11WD7NEUR1B--G-I","Fossil Brown coal/Lignite","11WD7NEUR1B--G-I","01/04/2026 21:00 - 01/04/2026 22:00","1045.63",""
"01/04/2026 00:00 - 02/04/2026 00:00","CTA|DE(Amprion)","Neurath G","11WD7NEUR1B--G-I","Fossil Brown coal/Lignite","11WD7NEUR1B--G-I","01/04/2026 22:00 - 01/04/2026 23:00","1049.47",""
"01/04/2026 00:00 - 02/04/2026 00:00","CTA|DE(Amprion)","Neurath G","11WD7NEUR1B--G-I","Fossil Brown coal/Lignite","11WD7NEUR1B--G-I","01/04/2026 23:00 - 02/04/2026 00:00","1045.45",""
"01/04/2026 00:00 - 02/04/2026 00:00","CTA|DE(Amprion)","Niederaußem G","11WD7NIED1B--G-C","Fossil Brown coal/Lignite","11WD7NIED1B--G-C","01/04/2026 00:00 - 01/04/2026 01:00","595.42",""
"01/04/2026 00:00 - 02/04/2026 00:00","CTA|DE(Amprion)","Niederaußem G","11WD7NIED1B--G-C","Fossil Brown coal/Lignite","11WD7NIED1B--G-C","01/04/2026 01:00 - 01/04/2026 02:00","599.17",""
"01/04/2026 00:00 - 02/04/2026 00:00","CTA|DE(Amprion)","Niederaußem G","11WD7NIED1B--G-C","Fossil Brown coal/Lignite","11WD7NIED1B--G-C","01/04/2026 02:00 - 01/04/2026 03:00","597.48",""
"01/04/2026 00:00 - 02/04/2026 00:00","CTA|DE(Amprion)","Niederaußem G","11WD7NIED1B--G-C","Fossil Brown coal/Lignite","11WD7NIED1B--G-C","01/04/2026 03:00 - 01/04/2026 04:00","606.38",""
"01/04/2026 00:00 - 02/04/2026 00:00","CTA|DE(Amprion)","Niederaußem G","11WD7NIED1B--G-C","Fossil Brown coal/Lignite","11WD7NIED1B--G-C","01/04/2026 04:00 - 01/04/2026 05:00","602.33",""
"01/04/2026 00:00 - 02/04/2026 00:00","CTA|DE(Amprion)","Niederaußem G","11WD7NIED1B--G-C","Fossil Brown coal/Lignite","11WD7NIED1B--G-C","01/04/2026 05:00 - 01/04/2026 06:00","607.38",""
"01/04/2026 00:00 - 02/04/2026 00:00","CTA|DE(Amprion)","Niederaußem G","11WD7NIED1B--G-C","Fossil Brown coal/Lignite","11WD7NIED1B--G-C","01/04/2026 06:00 - 01/04/2026 07:00","603.52",""
"01/04/2026 00:00 - 02/04/2026 00:00","CTA|DE(Amprion)","Niederaußem G","11WD7NIED1B--G-C","Fossil Brown coal/Lignite","11WD7NIED1B--G-C","01/04/2026 07:00 - 01/04/2026 08:00","610.88",""
"01/04/2026 00:00 - 02/04/2026 00:00","CTA|DE(Amprion)","Niederaußem G","11WD7NIED1B--G-C","Fossil Brown coal/Lignite","11WD7NIED1B--G-C","01/04/2026 08:00 - 01/04/2026 09:00","606.90",""
"01/04/2026 00:00 - 02/04/2026 00:00","CTA|DE(Amprion)","Niederaußem G","11WD7NIED1B--G-C","Fossil Brown coal/Lignite","11WD7NIED1B--G-C","01/04/2026 09:00 - 01/04/2026 10:00","609.52",""
"01/04/2026 00:00 - 02/04/2026 00:00","CTA|DE(Amprion)","Niederaußem G","11WD7NIED1B--G-C","Fossil Brown coal/Lignite","11WD7NIED1B--G-C","01/04/2026 10:00 - 01/04/2026 11:00","609.58",""
"01/04/2026 00:00 - 02/04/2026 00:00","CTA|DE(Amprion)","Niederaußem G","11WD7NIED1B--G-C","Fossil Brown coal/Lignite","11WD7NIED1B--G-C","01/04/2026 11:00 - 01/04/2026 12:00","596.88",""
"01/04/2026 00:00 - 02/04/2026 00:00","CTA|DE(Amprion)","Niederaußem G","11WD7NIED1B--G-C","Fossil Brown coal/Lignite","11WD7NIED1B--G-C","01/04/2026 12:00 - 01/04/2026 13:00","604.13",""
"01/04/2026 00:00 - 02/04/2026 00:00","CTA|DE(Amprion)","Niederaußem G","11WD7NIED1B--G-C","Fossil Brown coal/Lignite","11WD7NIED1B--G-C","01/04/2026 13:00 - 01/04/2026 14:00","596.20",""
"01/04/2026 00:00 - 02/04/2026 00:00","CTA|DE(Amprion)","Niederaußem G","11WD7NIED1B--G-C","Fossil Brown coal/Lignite","11WD7NIED1B--G-C","01/04/2026 14:00 - 01/04/2026 15:00","601.58",""
"01/04/2026 00:00 - 02/04/2026 00:00","CTA|DE(Amprion)","Niederaußem G","11WD7NIED1B--G-C","Fossil Brown coal/Lignite","11WD7NIED1B--G-C","01/04/2026 15:00 - 01/04/2026 16:00","599.98",""
"01/04/2026 00:00 - 02/04/2026 00:00","CTA|DE(Amprion)","Niederaußem G","11WD7NIED1B--G-C","Fossil Brown coal/Lignite","11WD7NIED1B--G-C","01/04/2026 16:00 - 01/04/2026 17:00","602.95",""
"01/04/2026 00:00 - 02/04/2026 00:00","CTA|DE(Amprion)","Niederaußem G","11WD7NIED1B--G-C","Fossil Brown coal/Lignite","11WD7NIED1B--G-C","01/04/2026 17:00 - 01/04/2026 18:00","610.15",""
"01/04/2026 00:00 - 02/04/2026 00:00","CTA|DE(Amprion)","Niederaußem G","11WD7NIED1B--G-C","Fossil Brown coal/Lignite","11WD7NIED1B--G-C","01/04/2026 18:00 - 01/04/2026 19:00","611.75",""
"01/04/2026 00:00 - 02/04/2026 00:00","CTA|DE(Amprion)","Niederaußem G","11WD7NIED1B--G-C","Fossil Brown coal/Lignite","11WD7NIED1B--G-C","01/04/2026 19:00 - 01/04/2026 20:00","610.58",""
"01/04/2026 00:00 - 02/04/2026 00:00","CTA|DE(Amprion)","Niederaußem G","11WD7NIED1B--G-C","Fossil Brown coal/Lignite","11WD7NIED1B--G-C","01/04/2026 20:00 - 01/04/2026 21:00","609.27",""
"01/04/2026 00:00 - 02/04/2026 00:00","CTA|DE(Amprion)","Niederaußem G","11WD7NIED1B--G-C","Fossil Brown coal/Lignite","11WD7NIED1B--G-C","01/04/2026 21:00 - 01/04/2026 22:00","612.55",""
"01/04/2026 00:00 - 02/04/2026 00:00","CTA|DE(Amprion)","Niederaußem G","11WD7NIED1B--G-C","Fossil Brown coal/Lignite","11WD7NIED1B--G-C","01/04/2026 22:00 - 01/04/2026 23:00","613.20",""
"01/04/2026 00:00 - 02/04/2026 00:00","CTA|DE(Amprion)","Niederaußem G","11WD7NIED1B--G-C","Fossil Brown coal/Lignite","11WD7NIED1B--G-C","01/04/2026 23:00 - 02/04/2026 00:00","615.35",""
"01/04/2026 00:00 - 02/04/2026 00:00","CTA|DE(Amprion)","Niederaußem H","11WD7NIED1B--H-9","Fossil Brown coal/Lignite","11WD7NIED1B--H-9","01/04/2026 00:00 - 01/04/2026 01:00","489.93",""
"01/04/2026 00:00 - 02/04/2026 00:00","CTA|DE(Amprion)","Niederaußem H","11WD7NIED1B--H-9","Fossil Brown coal/Lignite","11WD7NIED1B--H-9","01/04/2026 01:00 - 01/04/2026 02:00","493.38",""
"01/04/2026 00:00 - 02/04/2026 00:00","CTA|DE(Amprion)","Niederaußem H","11WD7NIED1B--H-9","Fossil Brown coal/Lignite","11WD7NIED1B--H-9","01/04/2026 02:00 - 01/04/2026 03:00","491.38",""
"01/04/2026 00:00 - 02/04/2026 00:00","CTA|DE(Amprion)","Niederaußem H","11WD7NIED1B--H-9","Fossil Brown coal/Lignite","11WD7NIED1B--H-9","01/04/2026 03:00 - 01/04/2026 04:00","491.38",""
"01/04/2026 00:00 - 02/04/2026 00:00","CTA|DE(Amprion)","Niederaußem H","11WD7NIED1B--H-9","Fossil Brown coal/Lignite","11WD7NIED1B--H-9","01/04/2026 04:00 - 01/04/2026 05:00","488.43",""
"01/04/2026 00:00 - 02/04/2026 00:00","CTA|DE(Amprion)","Niederaußem H","11WD7NIED1B--H-9","Fossil Brown coal/Lignite","11WD7NIED1B--H-9","01/04/2026 05:00 - 01/04/2026 06:00","490.60",""
"01/04/2026 00:00 - 02/04/2026 00:00","CTA|DE(Amprion)","Niederaußem H","11WD7NIED1B--H-9","Fossil Brown coal/Lignite","11WD7NIED1B--H-9","01/04/2026 06:00 - 01/04/2026 07:00","491.07",""
"01/04/2026 00:00 - 02/04/2026 00:00","CTA|DE(Amprion)","Niederaußem H","11WD7NIED1B--H-9","Fossil Brown coal/Lignite","11WD7NIED1B--H-9","01/04/2026 07:00 - 01/04/2026 08:00","493.30",""
"01/04/2026 00:00 - 02/04/2026 00:00","CTA|DE(Amprion)","Niederaußem H","11WD7NIED1B--H-9","Fossil Brown coal/Lignite","11WD7NIED1B--H-9","01/04/2026 08:00 - 01/04/2026 09:00","489.55",""
"01/04/2026 00:00 - 02/04/2026 00:00","CTA|DE(Amprion)","Niederaußem H","11WD7NIED1B--H-9","Fossil Brown coal/Lignite","11WD7NIED1B--H-9","01/04/2026 09:00 - 01/04/2026 10:00","490.52",""
"01/04/2026 00:00 - 02/04/2026 00:00","CTA|DE(Amprion)","Niederaußem H","11WD7NIED1B--H-9","Fossil Brown coal/Lignite","11WD7NIED1B--H-9","01/04/2026 10:00 - 01/04/2026 11:00","494.57",""
"01/04/2026 00:00 - 02/04/2026 00:00","CTA|DE(Amprion)","Niederaußem H","11WD7NIED1B--H-9","Fossil Brown coal/Lignite","11WD7NIED1B--H-9","01/04/2026 11:00 - 01/04/2026 12:00","488.82",""
"01/04/2026 00:00 - 02/04/2026 00:00","CTA|DE(Amprion)","Niederaußem H","11WD7NIED1B--H-9","Fossil Brown coal/Lignite","11WD7NIED1B--H-9","01/04/2026 12:00 - 01/04/2026 13:00","493.77",""
"01/04/2026 00:00 - 02/04/2026 00:00","CTA|DE(Amprion)","Niederaußem H","11WD7NIED1B--H-9","Fossil Brown coal/Lignite","11WD7NIED1B--H-9","01/04/2026 13:00 - 01/04/2026 14:00","438.98",""
"01/04/2026 00:00 - 02/04/2026 00:00","CTA|DE(Amprion)","Niederaußem H","11WD7NIED1B--H-9","Fossil Brown coal/Lignite","11WD7NIED1B--H-9","01/04/2026 14:00 - 01/04/2026 15:00","471.05",""
"01/04/2026 00:00 - 02/04/2026 00:00","CTA|DE(Amprion)","Niederaußem H","11WD7NIED1B--H-9","Fossil Brown coal/Lignite","11WD7NIED1B--H-9","01/04/2026 15:00 - 01/04/2026 16:00","490.18",""
"01/04/2026 00:00 - 02/04/2026 00:00","CTA|DE(Amprion)","Niederaußem H","11WD7NIED1B--H-9","Fossil Brown coal/Lignite","11WD7NIED1B--H-9","01/04/2026 16:00 - 01/04/2026 17:00","488.65",""
"01/04/2026 00:00 - 02/04/2026 00:00","CTA|DE(Amprion)","Niederaußem H","11WD7NIED1B--H-9","Fossil Brown coal/Lignite","11WD7NIED1B--H-9","01/04/2026 17:00 - 01/04/2026 18:00","487.77",""
"01/04/2026 00:00 - 02/04/2026 00:00","CTA|DE(Amprion)","Niederaußem H","11WD7NIED1B--H-9","Fossil Brown coal/Lignite","11WD7NIED1B--H-9","01/04/2026 18:00 - 01/04/2026 19:00","486.52",""
"01/04/2026 00:00 - 02/04/2026 00:00","CTA|DE(Amprion)","Niederaußem H","11WD7NIED1B--H-9","Fossil Brown coal/Lignite","11WD7NIED1B--H-9","01/04/2026 19:00 - 01/04/2026 20:00","485.15",""
"01/04/2026 00:00 - 02/04/2026 00:00","CTA|DE(Amprion)","Niederaußem H","11WD7NIED1B--H-9","Fossil Brown coal/Lignite","11WD7NIED1B--H-9","01/04/2026 20:00 - 01/04/2026 21:00","482.63",""
"01/04/2026 00:00 - 02/04/2026 00:00","CTA|DE(Amprion)","Niederaußem H","11WD7NIED1B--H-9","Fossil Brown coal/Lignite","11WD7NIED1B--H-9","01/04/2026 21:00 - 01/04/2026 22:00","484.02",""
"01/04/2026 00:00 - 02/04/2026 00:00","CTA|DE(Amprion)","Niederaußem H","11WD7NIED1B--H-9","Fossil Brown coal/Lignite","11WD7NIED1B--H-9","01/04/2026 22:00 - 01/04/2026 23:00","485.45",""
"01/04/2026 00:00 - 02/04/2026 00:00","CTA|DE(Amprion)","Niederaußem H","11WD7NIED1B--H-9","Fossil Brown coal/Lignite","11WD7NIED1B--H-9","01/04/2026 23:00 - 02/04/2026 00:00","489.38",""
"01/04/2026 00:00 - 02/04/2026 00:00","CTA|DE(Amprion)","Niederaußem K (BoA 1)","11WD7NIED1B--K-0","Fossil Brown coal/Lignite","11WD7NIED1B--K-0","01/04/2026 00:00 - 01/04/2026 01:00","902.48",""
"01/04/2026 00:00 - 02/04/2026 00:00","CTA|DE(Amprion)","Niederaußem K (BoA 1)","11WD7NIED1B--K-0","Fossil Brown coal/Lignite","11WD7NIED1B--K-0","01/04/2026 01:00 - 01/04/2026 02:00","903.55",""
"01/04/2026 00:00 - 02/04/2026 00:00","CTA|DE(Amprion)","Niederaußem K (BoA 1)","11WD7NIED1B--K-0","Fossil Brown coal/Lignite","11WD7NIED1B--K-0","01/04/2026 02:00 - 01/04/2026 03:00","906.85",""
"01/04/2026 00:00 - 02/04/2026 00:00","CTA|DE(Amprion)","Niederaußem K (BoA 1)","11WD7NIED1B--K-0","Fossil Brown coal/Lignite","11WD7NIED1B--K-0","01/04/2026 03:00 - 01/04/2026 04:00","925.67",""
"01/04/2026 00:00 - 02/04/2026 00:00","CTA|DE(Amprion)","Niederaußem K (BoA 1)","11WD7NIED1B--K-0","Fossil Brown coal/Lignite","11WD7NIED1B--K-0","01/04/2026 04:00 - 01/04/2026 05:00","927.27",""
"01/04/2026 00:00 - 02/04/2026 00:00","CTA|DE(Amprion)","Niederaußem K (BoA 1)","11WD7NIED1B--K-0","Fossil Brown coal/Lignite","11WD7NIED1B--K-0","01/04/2026 05:00 - 01/04/2026 06:00","926.08",""
"01/04/2026 00:00 - 02/04/2026 00:00","CTA|DE(Amprion)","Niederaußem K (BoA 1)","11WD7NIED1B--K-0","Fossil Brown coal/Lignite","11WD7NIED1B--K-0","01/04/2026 06:00 - 01/04/2026 07:00","927.70",""
"01/04/2026 00:00 - 02/04/2026 00:00","CTA|DE(Amprion)","Niederaußem K (BoA 1)","11WD7NIED1B--K-0","Fossil Brown coal/Lignite","11WD7NIED1B--K-0","01/04/2026 07:00 - 01/04/2026 08:00","927.42",""
"01/04/2026 00:00 - 02/04/2026 00:00","CTA|DE(Amprion)","Niederaußem K (BoA 1)","11WD7NIED1B--K-0","Fossil Brown coal/Lignite","11WD7NIED1B--K-0","01/04/2026 08:00 - 01/04/2026 09:00","926.20",""
"01/04/2026 00:00 - 02/04/2026 00:00","CTA|DE(Amprion)","Niederaußem K (BoA 1)","11WD7NIED1B--K-0","Fossil Brown coal/Lignite","11WD7NIED1B--K-0","01/04/2026 09:00 - 01/04/2026 10:00","928.48",""
"01/04/2026 00:00 - 02/04/2026 00:00","CTA|DE(Amprion)","Niederaußem K (BoA 1)","11WD7NIED1B--K-0","Fossil Brown coal/Lignite","11WD7NIED1B--K-0","01/04/2026 10:00 - 01/04/2026 11:00","925.35",""
"01/04/2026 00:00 - 02/04/2026 00:00","CTA|DE(Amprion)","Niederaußem K (BoA 1)","11WD7NIED1B--K-0","Fossil Brown coal/Lignite","11WD7NIED1B--K-0","01/04/2026 11:00 - 01/04/2026 12:00","909.23",""
"01/04/2026 00:00 - 02/04/2026 00:00","CTA|DE(Amprion)","Niederaußem K (BoA 1)","11WD7NIED1B--K-0","Fossil Brown coal/Lignite","11WD7NIED1B--K-0","01/04/2026 12:00 - 01/04/2026 13:00","905.88",""
"01/04/2026 00:00 - 02/04/2026 00:00","CTA|DE(Amprion)","Niederaußem K (BoA 1)","11WD7NIED1B--K-0","Fossil Brown coal/Lignite","11WD7NIED1B--K-0","01/04/2026 13:00 - 01/04/2026 14:00","909.30",""
"01/04/2026 00:00 - 02/04/2026 00:00","CTA|DE(Amprion)","Niederaußem K (BoA 1)","11WD7NIED1B--K-0","Fossil Brown coal/Lignite","11WD7NIED1B--K-0","01/04/2026 14:00 - 01/04/2026 15:00","909.17",""
"01/04/2026 00:00 - 02/04/2026 00:00","CTA|DE(Amprion)","Niederaußem K (BoA 1)","11WD7NIED1B--K-0","Fossil Brown coal/Lignite","11WD7NIED1B--K-0","01/04/2026 15:00 - 01/04/2026 16:00","909.25",""
"01/04/2026 00:00 - 02/04/2026 00:00","CTA|DE(Amprion)","Niederaußem K (BoA 1)","11WD7NIED1B--K-0","Fossil Brown coal/Lignite","11WD7NIED1B--K-0","01/04/2026 16:00 - 01/04/2026 17:00","923.38",""
"01/04/2026 00:00 - 02/04/2026 00:00","CTA|DE(Amprion)","Niederaußem K (BoA 1)","11WD7NIED1B--K-0","Fossil Brown coal/Lignite","11WD7NIED1B--K-0","01/04/2026 17:00 - 01/04/2026 18:00","929.67",""
"01/04/2026 00:00 - 02/04/2026 00:00","CTA|DE(Amprion)","Niederaußem K (BoA 1)","11WD7NIED1B--K-0","Fossil Brown coal/Lignite","11WD7NIED1B--K-0","01/04/2026 18:00 - 01/04/2026 19:00","928.70",""
"01/04/2026 00:00 - 02/04/2026 00:00","CTA|DE(Amprion)","Niederaußem K (BoA 1)","11WD7NIED1B--K-0","Fossil Brown coal/Lignite","11WD7NIED1B--K-0","01/04/2026 19:00 - 01/04/2026 20:00","929.63",""
"01/04/2026 00:00 - 02/04/2026 00:00","CTA|DE(Amprion)","Niederaußem K (BoA 1)","11WD7NIED1B--K-0","Fossil Brown coal/Lignite","11WD7NIED1B--K-0","01/04/2026 20:00 - 01/04/2026 21:00","929.90",""
"01/04/2026 00:00 - 02/04/2026 00:00","CTA|DE(Amprion)","Niederaußem K (BoA 1)","11WD7NIED1B--K-0","Fossil Brown coal/Lignite","11WD7NIED1B--K-0","01/04/2026 21:00 - 01/04/2026 22:00","923.33",""
"01/04/2026 00:00 - 02/04/2026 00:00","CTA|DE(Amprion)","Niederaußem K (BoA 1)","11WD7NIED1B--K-0","Fossil Brown coal/Lignite","11WD7NIED1B--K-0","01/04/2026 22:00 - 01/04/2026 23:00","923.80",""
"01/04/2026 00:00 - 02/04/2026 00:00","CTA|DE(Amprion)","Niederaußem K (BoA 1)","11WD7NIED1B--K-0","Fossil Brown coal/Lignite","11WD7NIED1B--K-0","01/04/2026 23:00 - 02/04/2026 00:00","925.00",""
"01/04/2026 00:00 - 02/04/2026 00:00","CTA|DE(Amprion)","Block AGuD","11WD7NORF5GAGUDC","Fossil Gas","11WD7NORF5GAGUDC","01/04/2026 00:00 - 01/04/2026 01:00","82.15",""
"01/04/2026 00:00 - 02/04/2026 00:00","CTA|DE(Amprion)","Block AGuD","11WD7NORF5GAGUDC","Fossil Gas","11WD7NORF5GAGUDC","01/04/2026 01:00 - 01/04/2026 02:00","82.00",""
"01/04/2026 00:00 - 02/04/2026 00:00","CTA|DE(Amprion)","Block AGuD","11WD7NORF5GAGUDC","Fossil Gas","11WD7NORF5GAGUDC","01/04/2026 02:00 - 01/04/2026 03:00","82.42",""
"01/04/2026 00:00 - 02/04/2026 00:00","CTA|DE(Amprion)","Block AGuD","11WD7NORF5GAGUDC","Fossil Gas","11WD7NORF5GAGUDC","01/04/2026 03:00 - 01/04/2026 04:00","83.50",""
"01/04/2026 00:00 - 02/04/2026 00:00","CTA|DE(Amprion)","Block AGuD","11WD7NORF5GAGUDC","Fossil Gas","11WD7NORF5GAGUDC","01/04/2026 04:00 - 01/04/2026 05:00","83.60",""
"01/04/2026 00:00 - 02/04/2026 00:00","CTA|DE(Amprion)","Block AGuD","11WD7NORF5GAGUDC","Fossil Gas","11WD7NORF5GAGUDC","01/04/2026 05:00 - 01/04/2026 06:00","83.20",""
"01/04/2026 00:00 - 02/04/2026 00:00","CTA|DE(Amprion)","Block AGuD","11WD7NORF5GAGUDC","Fossil Gas","11WD7NORF5GAGUDC","01/04/2026 06:00 - 01/04/2026 07:00","86.03",""
"01/04/2026 00:00 - 02/04/2026 00:00","CTA|DE(Amprion)","Block AGuD","11WD7NORF5GAGUDC","Fossil Gas","11WD7NORF5GAGUDC","01/04/2026 07:00 - 01/04/2026 08:00","89.35",""
"01/04/2026 00:00 - 02/04/2026 00:00","CTA|DE(Amprion)","Block AGuD","11WD7NORF5GAGUDC","Fossil Gas","11WD7NORF5GAGUDC","01/04/2026 08:00 - 01/04/2026 09:00","93.55",""
"01/04/2026 00:00 - 02/04/2026 00:00","CTA|DE(Amprion)","Block AGuD","11WD7NORF5GAGUDC","Fossil Gas","11WD7NORF5GAGUDC","01/04/2026 09:00 - 01/04/2026 10:00","85.63",""
"01/04/2026 00:00 - 02/04/2026 00:00","CTA|DE(Amprion)","Block AGuD","11WD7NORF5GAGUDC","Fossil Gas","11WD7NORF5GAGUDC","01/04/2026 10:00 - 01/04/2026 11:00","77.58",""
"01/04/2026 00:00 - 02/04/2026 00:00","CTA|DE(Amprion)","Block AGuD","11WD7NORF5GAGUDC","Fossil Gas","11WD7NORF5GAGUDC","01/04/2026 11:00 - 01/04/2026 12:00","69.97",""
"01/04/2026 00:00 - 02/04/2026 00:00","CTA|DE(Amprion)","Block AGuD","11WD7NORF5GAGUDC","Fossil Gas","11WD7NORF5GAGUDC","01/04/2026 12:00 - 01/04/2026 13:00","70.25",""
"01/04/2026 00:00 - 02/04/2026 00:00","CTA|DE(Amprion)","Block AGuD","11WD7NORF5GAGUDC","Fossil Gas","11WD7NORF5GAGUDC","01/04/2026 13:00 - 01/04/2026 14:00","69.92",""
"01/04/2026 00:00 - 02/04/2026 00:00","CTA|DE(Amprion)","Block AGuD","11WD7NORF5GAGUDC","Fossil Gas","11WD7NORF5GAGUDC","01/04/2026 14:00 - 01/04/2026 15:00","70.25",""
"01/04/2026 00:00 - 02/04/2026 00:00","CTA|DE(Amprion)","Block AGuD","11WD7NORF5GAGUDC","Fossil Gas","11WD7NORF5GAGUDC","01/04/2026 15:00 - 01/04/2026 16:00","70.05",""
"01/04/2026 00:00 - 02/04/2026 00:00","CTA|DE(Amprion)","Block AGuD","11WD7NORF5GAGUDC","Fossil Gas","11WD7NORF5GAGUDC","01/04/2026 16:00 - 01/04/2026 17:00","70.03",""
"01/04/2026 00:00 - 02/04/2026 00:00","CTA|DE(Amprion)","Block AGuD","11WD7NORF5GAGUDC","Fossil Gas","11WD7NORF5GAGUDC","01/04/2026 17:00 - 01/04/2026 18:00","74.47",""
"01/04/2026 00:00 - 02/04/2026 00:00","CTA|DE(Amprion)","Block AGuD","11WD7NORF5GAGUDC","Fossil Gas","11WD7NORF5GAGUDC","01/04/2026 18:00 - 01/04/2026 19:00","83.05",""
"01/04/2026 00:00 - 02/04/2026 00:00","CTA|DE(Amprion)","Block AGuD","11WD7NORF5GAGUDC","Fossil Gas","11WD7NORF5GAGUDC","01/04/2026 19:00 - 01/04/2026 20:00","84.95",""
"01/04/2026 00:00 - 02/04/2026 00:00","CTA|DE(Amprion)","Block AGuD","11WD7NORF5GAGUDC","Fossil Gas","11WD7NORF5GAGUDC","01/04/2026 20:00 - 01/04/2026 21:00","85.50",""
"01/04/2026 00:00 - 02/04/2026 00:00","CTA|DE(Amprion)","Block AGuD","11WD7NORF5GAGUDC","Fossil Gas","11WD7NORF5GAGUDC","01/04/2026 21:00 - 01/04/2026 22:00","83.47",""
"01/04/2026 00:00 - 02/04/2026 00:00","CTA|DE(Amprion)","Block AGuD","11WD7NORF5GAGUDC","Fossil Gas","11WD7NORF5GAGUDC","01/04/2026 22:00 - 01/04/2026 23:00","81.67",""
"01/04/2026 00:00 - 02/04/2026 00:00","CTA|DE(Amprion)","Block AGuD","11WD7NORF5GAGUDC","Fossil Gas","11WD7NORF5GAGUDC","01/04/2026 23:00 - 02/04/2026 00:00","81.75",""
"01/04/2026 00:00 - 02/04/2026 00:00","CTA|DE(Amprion)","Block F","11WD7NORF5GGUDFA","Fossil Gas","11WD7NORF5GGUDFA","01/04/2026 00:00 - 01/04/2026 01:00","0.00",""
"01/04/2026 00:00 - 02/04/2026 00:00","CTA|DE(Amprion)","Block F","11WD7NORF5GGUDFA","Fossil Gas","11WD7NORF5GGUDFA","01/04/2026 01:00 - 01/04/2026 02:00","0.00",""
"01/04/2026 00:00 - 02/04/2026 00:00","CTA|DE(Amprion)","Block F","11WD7NORF5GGUDFA","Fossil Gas","11WD7NORF5GGUDFA","01/04/2026 02:00 - 01/04/2026 03:00","0.00",""
"01/04/2026 00:00 - 02/04/2026 00:00","CTA|DE(Amprion)","Block F","11WD7NORF5GGUDFA","Fossil Gas","11WD7NORF5GGUDFA","01/04/2026 03:00 - 01/04/2026 04:00","0.00",""
"01/04/2026 00:00 - 02/04/2026 00:00","CTA|DE(Amprion)","Block F","11WD7NORF5GGUDFA","Fossil Gas","11WD7NORF5GGUDFA","01/04/2026 04:00 - 01/04/2026 05:00","0.00",""
"01/04/2026 00:00 - 02/04/2026 00:00","CTA|DE(Amprion)","Block F","11WD7NORF5GGUDFA","Fossil Gas","11WD7NORF5GGUDFA","01/04/2026 05:00 - 01/04/2026 06:00","0.00",""
"01/04/2026 00:00 - 02/04/2026 00:00","CTA|DE(Amprion)","Block F","11WD7NORF5GGUDFA","Fossil Gas","11WD7NORF5GGUDFA","01/04/2026 06:00 - 01/04/2026 07:00","0.00",""
"01/04/2026 00:00 - 02/04/2026 00:00","CTA|DE(Amprion)","Block F","11WD7NORF5GGUDFA","Fossil Gas","11WD7NORF5GGUDFA","01/04/2026 07:00 - 01/04/2026 08:00","0.00",""
"01/04/2026 00:00 - 02/04/2026 00:00","CTA|DE(Amprion)","Block F","11WD7NORF5GGUDFA","Fossil Gas","11WD7NORF5GGUDFA","01/04/2026 08:00 - 01/04/2026 09:00","0.00",""
"01/04/2026 00:00 - 02/04/2026 00:00","CTA|DE(Amprion)","Block F","11WD7NORF5GGUDFA","Fossil Gas","11WD7NORF5GGUDFA","01/04/2026 09:00 - 01/04/2026 10:00","0.00",""
"01/04/2026 00:00 - 02/04/2026 00:00","CTA|DE(Amprion)","Block F","11WD7NORF5GGUDFA","Fossil Gas","11WD7NORF5GGUDFA","01/04/2026 10:00 - 01/04/2026 11:00","0.00",""
"01/04/2026 00:00 - 02/04/2026 00:00","CTA|DE(Amprion)","Block F","11WD7NORF5GGUDFA","Fossil Gas","11WD7NORF5GGUDFA","01/04/2026 11:00 - 01/04/2026 12:00","0.00",""
"01/04/2026 00:00 - 02/04/2026 00:00","CTA|DE(Amprion)","Block F","11WD7NORF5GGUDFA","Fossil Gas","11WD7NORF5GGUDFA","01/04/2026 12:00 - 01/04/2026 13:00","0.00",""
"01/04/2026 00:00 - 02/04/2026 00:00","CTA|DE(Amprion)","Block F","11WD7NORF5GGUDFA","Fossil Gas","11WD7NORF5GGUDFA","01/04/2026 13:00 - 01/04/2026 14:00","0.00",""
"01/04/2026 00:00 - 02/04/2026 00:00","CTA|DE(Amprion)","Block F","11WD7NORF5GGUDFA","Fossil Gas","11WD7NORF5GGUDFA","01/04/2026 14:00 - 01/04/2026 15:00","0.00",""
"01/04/2026 00:00 - 02/04/2026 00:00","CTA|DE(Amprion)","Block F","11WD7NORF5GGUDFA","Fossil Gas","11WD7NORF5GGUDFA","01/04/2026 15:00 - 01/04/2026 16:00","0.00",""
"01/04/2026 00:00 - 02/04/2026 00:00","CTA|DE(Amprion)","Block F","11WD7NORF5GGUDFA","Fossil Gas","11WD7NORF5GGUDFA","01/04/2026 16:00 - 01/04/2026 17:00","0.00",""
"01/04/2026 00:00 - 02/04/2026 00:00","CTA|DE(Amprion)","Block F","11WD7NORF5GGUDFA","Fossil Gas","11WD7NORF5GGUDFA","01/04/2026 17:00 - 01/04/2026 18:00","0.00",""
"01/04/2026 00:00 - 02/04/2026 00:00","CTA|DE(Amprion)","Block F","11WD7NORF5GGUDFA","Fossil Gas","11WD7NORF5GGUDFA","01/04/2026 18:00 - 01/04/2026 19:00","0.00",""
"01/04/2026 00:00 - 02/04/2026 00:00","CTA|DE(Amprion)","Block F","11WD7NORF5GGUDFA","Fossil Gas","11WD7NORF5GGUDFA","01/04/2026 19:00 - 01/04/2026 20:00","0.00",""
"01/04/2026 00:00 - 02/04/2026 00:00","CTA|DE(Amprion)","Block F","11WD7NORF5GGUDFA","Fossil Gas","11WD7NORF5GGUDFA","01/04/2026 20:00 - 01/04/2026 21:00","0.00",""
"01/04/2026 00:00 - 02/04/2026 00:00","CTA|DE(Amprion)","Block F","11WD7NORF5GGUDFA","Fossil Gas","11WD7NORF5GGUDFA","01/04/2026 21:00 - 01/04/2026 22:00","0.00",""
"01/04/2026 00:00 - 02/04/2026 00:00","CTA|DE(Amprion)","Block F","11WD7NORF5GGUDFA","Fossil Gas","11WD7NORF5GGUDFA","01/04/2026 22:00 - 01/04/2026 23:00","0.00",""
"01/04/2026 00:00 - 02/04/2026 00:00","CTA|DE(Amprion)","Block F","11WD7NORF5GGUDFA","Fossil Gas","11WD7NORF5GGUDFA","01/04/2026 23:00 - 02/04/2026 00:00","0.00",""
"01/04/2026 00:00 - 02/04/2026 00:00","CTA|DE(Amprion)","HKW-Niehl-3","11WD7OPLA1G--318","Fossil Gas","11WD7OPLA1G--318","01/04/2026 00:00 - 01/04/2026 01:00","416.60",""
"01/04/2026 00:00 - 02/04/2026 00:00","CTA|DE(Amprion)","HKW-Niehl-3","11WD7OPLA1G--318","Fossil Gas","11WD7OPLA1G--318","01/04/2026 01:00 - 01/04/2026 02:00","417.18",""
"01/04/2026 00:00 - 02/04/2026 00:00","CTA|DE(Amprion)","HKW-Niehl-3","11WD7OPLA1G--318","Fossil Gas","11WD7OPLA1G--318","01/04/2026 02:00 - 01/04/2026 03:00","413.68",""
"01/04/2026 00:00 - 02/04/2026 00:00","CTA|DE(Amprion)","HKW-Niehl-3","11WD7OPLA1G--318","Fossil Gas","11WD7OPLA1G--318","01/04/2026 03:00 - 01/04/2026 04:00","410.68",""
"01/04/2026 00:00 - 02/04/2026 00:00","CTA|DE(Amprion)","HKW-Niehl-3","11WD7OPLA1G--318","Fossil Gas","11WD7OPLA1G--318","01/04/2026 04:00 - 01/04/2026 05:00","404.00",""
"01/04/2026 00:00 - 02/04/2026 00:00","CTA|DE(Amprion)","HKW-Niehl-3","11WD7OPLA1G--318","Fossil Gas","11WD7OPLA1G--318","01/04/2026 05:00 - 01/04/2026 06:00","405.35",""
"01/04/2026 00:00 - 02/04/2026 00:00","CTA|DE(Amprion)","HKW-Niehl-3","11WD7OPLA1G--318","Fossil Gas","11WD7OPLA1G--318","01/04/2026 06:00 - 01/04/2026 07:00","410.30",""
"01/04/2026 00:00 - 02/04/2026 00:00","CTA|DE(Amprion)","HKW-Niehl-3","11WD7OPLA1G--318","Fossil Gas","11WD7OPLA1G--318","01/04/2026 07:00 - 01/04/2026 08:00","416.98",""
"01/04/2026 00:00 - 02/04/2026 00:00","CTA|DE(Amprion)","HKW-Niehl-3","11WD7OPLA1G--318","Fossil Gas","11WD7OPLA1G--318","01/04/2026 08:00 - 01/04/2026 09:00","417.32",""
"01/04/2026 00:00 - 02/04/2026 00:00","CTA|DE(Amprion)","HKW-Niehl-3","11WD7OPLA1G--318","Fossil Gas","11WD7OPLA1G--318","01/04/2026 09:00 - 01/04/2026 10:00","417.38",""
"01/04/2026 00:00 - 02/04/2026 00:00","CTA|DE(Amprion)","HKW-Niehl-3","11WD7OPLA1G--318","Fossil Gas","11WD7OPLA1G--318","01/04/2026 10:00 - 01/04/2026 11:00","356.35",""
"01/04/2026 00:00 - 02/04/2026 00:00","CTA|DE(Amprion)","HKW-Niehl-3","11WD7OPLA1G--318","Fossil Gas","11WD7OPLA1G--318","01/04/2026 11:00 - 01/04/2026 12:00","393.20",""
"01/04/2026 00:00 - 02/04/2026 00:00","CTA|DE(Amprion)","HKW-Niehl-3","11WD7OPLA1G--318","Fossil Gas","11WD7OPLA1G--318","01/04/2026 12:00 - 01/04/2026 13:00","180.72",""
"01/04/2026 00:00 - 02/04/2026 00:00","CTA|DE(Amprion)","HKW-Niehl-3","11WD7OPLA1G--318","Fossil Gas","11WD7OPLA1G--318","01/04/2026 13:00 - 01/04/2026 14:00","101.00",""
"01/04/2026 00:00 - 02/04/2026 00:00","CTA|DE(Amprion)","HKW-Niehl-3","11WD7OPLA1G--318","Fossil Gas","11WD7OPLA1G--318","01/04/2026 14:00 - 01/04/2026 15:00","101.03",""
"01/04/2026 00:00 - 02/04/2026 00:00","CTA|DE(Amprion)","HKW-Niehl-3","11WD7OPLA1G--318","Fossil Gas","11WD7OPLA1G--318","01/04/2026 15:00 - 01/04/2026 16:00","119.50",""
"01/04/2026 00:00 - 02/04/2026 00:00","CTA|DE(Amprion)","HKW-Niehl-3","11WD7OPLA1G--318","Fossil Gas","11WD7OPLA1G--318","01/04/2026 16:00 - 01/04/2026 17:00","244.18",""
"01/04/2026 00:00 - 02/04/2026 00:00","CTA|DE(Amprion)","HKW-Niehl-3","11WD7OPLA1G--318","Fossil Gas","11WD7OPLA1G--318","01/04/2026 17:00 - 01/04/2026 18:00","416.05",""
"01/04/2026 00:00 - 02/04/2026 00:00","CTA|DE(Amprion)","HKW-Niehl-3","11WD7OPLA1G--318","Fossil Gas","11WD7OPLA1G--318","01/04/2026 18:00 - 01/04/2026 19:00","417.63",""
"01/04/2026 00:00 - 02/04/2026 00:00","CTA|DE(Amprion)","HKW-Niehl-3","11WD7OPLA1G--318","Fossil Gas","11WD7OPLA1G--318","01/04/2026 19:00 - 01/04/2026 20:00","417.35",""
"01/04/2026 00:00 - 02/04/2026 00:00","CTA|DE(Amprion)","HKW-Niehl-3","11WD7OPLA1G--318","Fossil Gas","11WD7OPLA1G--318","01/04/2026 20:00 - 01/04/2026 21:00","417.45",""
"01/04/2026 00:00 - 02/04/2026 00:00","CTA|DE(Amprion)","HKW-Niehl-3","11WD7OPLA1G--318","Fossil Gas","11WD7OPLA1G--318","01/04/2026 21:00 - 01/04/2026 22:00","417.20",""
"01/04/2026 00:00 - 02/04/2026 00:00","CTA|DE(Amprion)","HKW-Niehl-3","11WD7OPLA1G--318","Fossil Gas","11WD7OPLA1G--318","01/04/2026 22:00 - 01/04/2026 23:00","417.38",""
"01/04/2026 00:00 - 02/04/2026 00:00","CTA|DE(Amprion)","HKW-Niehl-3","11WD7OPLA1G--318","Fossil Gas","11WD7OPLA1G--318","01/04/2026 23:00 - 02/04/2026 00:00","417.50",""
"01/04/2026 00:00 - 02/04/2026 00:00","CTA|DE(Amprion)","HKW IIIB","11WD7RHAU5GKW3B5","Fossil Gas","11WD7RHAU5GKW3B5","01/04/2026 00:00 - 01/04/2026 01:00","101.00",""
"01/04/2026 00:00 - 02/04/2026 00:00","CTA|DE(Amprion)","HKW IIIB","11WD7RHAU5GKW3B5","Fossil Gas","11WD7RHAU5GKW3B5","01/04/2026 01:00 - 01/04/2026 02:00","101.00",""
"01/04/2026 00:00 - 02/04/2026 00:00","CTA|DE(Amprion)","HKW IIIB","11WD7RHAU5GKW3B5","Fossil Gas","11WD7RHAU5GKW3B5","01/04/2026 02:00 - 01/04/2026 03:00","101.00",""
"01/04/2026 00:00 - 02/04/2026 00:00","CTA|DE(Amprion)","HKW IIIB","11WD7RHAU5GKW3B5","Fossil Gas","11WD7RHAU5GKW3B5","01/04/2026 03:00 - 01/04/2026 04:00","102.00",""
"01/04/2026 00:00 - 02/04/2026 00:00","CTA|DE(Amprion)","HKW IIIB","11WD7RHAU5GKW3B5","Fossil Gas","11WD7RHAU5GKW3B5","01/04/2026 04:00 - 01/04/2026 05:00","102.00",""
"01/04/2026 00:00 - 02/04/2026 00:00","CTA|DE(Amprion)","HKW IIIB","11WD7RHAU5GKW3B5","Fossil Gas","11WD7RHAU5GKW3B5","01/04/2026 05:00 - 01/04/2026 06:00","102.00",""
"01/04/2026 00:00 - 02/04/2026 00:00","CTA|DE(Amprion)","HKW IIIB","11WD7RHAU5GKW3B5","Fossil Gas","11WD7RHAU5GKW3B5","01/04/2026 06:00 - 01/04/2026 07:00","108.00",""
"01/04/2026 00:00 - 02/04/2026 00:00","CTA|DE(Amprion)","HKW IIIB","11WD7RHAU5GKW3B5","Fossil Gas","11WD7RHAU5GKW3B5","01/04/2026 07:00 - 01/04/2026 08:00","114.50",""
"01/04/2026 00:00 - 02/04/2026 00:00","CTA|DE(Amprion)","HKW IIIB","11WD7RHAU5GKW3B5","Fossil Gas","11WD7RHAU5GKW3B5","01/04/2026 08:00 - 01/04/2026 09:00","112.50",""
"01/04/2026 00:00 - 02/04/2026 00:00","CTA|DE(Amprion)","HKW IIIB","11WD7RHAU5GKW3B5","Fossil Gas","11WD7RHAU5GKW3B5","01/04/2026 09:00 - 01/04/2026 10:00","105.00",""
"01/04/2026 00:00 - 02/04/2026 00:00","CTA|DE(Amprion)","HKW IIIB","11WD7RHAU5GKW3B5","Fossil Gas","11WD7RHAU5GKW3B5","01/04/2026 10:00 - 01/04/2026 11:00","101.00",""
"01/04/2026 00:00 - 02/04/2026 00:00","CTA|DE(Amprion)","HKW IIIB","11WD7RHAU5GKW3B5","Fossil Gas","11WD7RHAU5GKW3B5","01/04/2026 11:00 - 01/04/2026 12:00","100.75",""
"01/04/2026 00:00 - 02/04/2026 00:00","CTA|DE(Amprion)","HKW IIIB","11WD7RHAU5GKW3B5","Fossil Gas","11WD7RHAU5GKW3B5","01/04/2026 12:00 - 01/04/2026 13:00","97.00",""
"01/04/2026 00:00 - 02/04/2026 00:00","CTA|DE(Amprion)","HKW IIIB","11WD7RHAU5GKW3B5","Fossil Gas","11WD7RHAU5GKW3B5","01/04/2026 13:00 - 01/04/2026 14:00","89.25",""
"01/04/2026 00:00 - 02/04/2026 00:00","CTA|DE(Amprion)","HKW IIIB","11WD7RHAU5GKW3B5","Fossil Gas","11WD7RHAU5GKW3B5","01/04/2026 14:00 - 01/04/2026 15:00","81.00",""
"01/04/2026 00:00 - 02/04/2026 00:00","CTA|DE(Amprion)","HKW IIIB","11WD7RHAU5GKW3B5","Fossil Gas","11WD7RHAU5GKW3B5","01/04/2026 15:00 - 01/04/2026 16:00","91.75",""
"01/04/2026 00:00 - 02/04/2026 00:00","CTA|DE(Amprion)","HKW IIIB","11WD7RHAU5GKW3B5","Fossil Gas","11WD7RHAU5GKW3B5","01/04/2026 16:00 - 01/04/2026 17:00","95.75",""
"01/04/2026 00:00 - 02/04/2026 00:00","CTA|DE(Amprion)","HKW IIIB","11WD7RHAU5GKW3B5","Fossil Gas","11WD7RHAU5GKW3B5","01/04/2026 17:00 - 01/04/2026 18:00","98.00",""
"01/04/2026 00:00 - 02/04/2026 00:00","CTA|DE(Amprion)","HKW IIIB","11WD7RHAU5GKW3B5","Fossil Gas","11WD7RHAU5GKW3B5","01/04/2026 18:00 - 01/04/2026 19:00","97.75",""
"01/04/2026 00:00 - 02/04/2026 00:00","CTA|DE(Amprion)","HKW IIIB","11WD7RHAU5GKW3B5","Fossil Gas","11WD7RHAU5GKW3B5","01/04/2026 19:00 - 01/04/2026 20:00","98.25",""
"01/04/2026 00:00 - 02/04/2026 00:00","CTA|DE(Amprion)","HKW IIIB","11WD7RHAU5GKW3B5","Fossil Gas","11WD7RHAU5GKW3B5","01/04/2026 20:00 - 01/04/2026 21:00","99.00",""
"01/04/2026 00:00 - 02/04/2026 00:00","CTA|DE(Amprion)","HKW IIIB","11WD7RHAU5GKW3B5","Fossil Gas","11WD7RHAU5GKW3B5","01/04/2026 21:00 - 01/04/2026 22:00","99.00",""
"01/04/2026 00:00 - 02/04/2026 00:00","CTA|DE(Amprion)","HKW IIIB","11WD7RHAU5GKW3B5","Fossil Gas","11WD7RHAU5GKW3B5","01/04/2026 22:00 - 01/04/2026 23:00","100.00",""
"01/04/2026 00:00 - 02/04/2026 00:00","CTA|DE(Amprion)","HKW IIIB","11WD7RHAU5GKW3B5","Fossil Gas","11WD7RHAU5GKW3B5","01/04/2026 23:00 - 02/04/2026 00:00","100.75",""
"01/04/2026 00:00 - 02/04/2026 00:00","CTA|DE(Amprion)","KW Lünen Block 1","11WD7STUM1SBL10G","Fossil Hard coal","11WD7STUM1SBL10G","01/04/2026 00:00 - 01/04/2026 01:00","725.05",""
"01/04/2026 00:00 - 02/04/2026 00:00","CTA|DE(Amprion)","KW Lünen Block 1","11WD7STUM1SBL10G","Fossil Hard coal","11WD7STUM1SBL10G","01/04/2026 01:00 - 01/04/2026 02:00","724.58",""
"01/04/2026 00:00 - 02/04/2026 00:00","CTA|DE(Amprion)","KW Lünen Block 1","11WD7STUM1SBL10G","Fossil Hard coal","11WD7STUM1SBL10G","01/04/2026 02:00 - 01/04/2026 03:00","724.63",""
"01/04/2026 00:00 - 02/04/2026 00:00","CTA|DE(Amprion)","KW Lünen Block 1","11WD7STUM1SBL10G","Fossil Hard coal","11WD7STUM1SBL10G","01/04/2026 03:00 - 01/04/2026 04:00","724.30",""
"01/04/2026 00:00 - 02/04/2026 00:00","CTA|DE(Amprion)","KW Lünen Block 1","11WD7STUM1SBL10G","Fossil Hard coal","11WD7STUM1SBL10G","01/04/2026 04:00 - 01/04/2026 05:00","724.85",""
"01/04/2026 00:00 - 02/04/2026 00:00","CTA|DE(Amprion)","KW Lünen Block 1","11WD7STUM1SBL10G","Fossil Hard coal","11WD7STUM1SBL10G","01/04/2026 05:00 - 01/04/2026 06:00","724.65",""
"01/04/2026 00:00 - 02/04/2026 00:00","CTA|DE(Amprion)","KW Lünen Block 1","11WD7STUM1SBL10G","Fossil Hard coal","11WD7STUM1SBL10G","01/04/2026 06:00 - 01/04/2026 07:00","741.30",""
"01/04/2026 00:00 - 02/04/2026 00:00","CTA|DE(Amprion)","KW Lünen Block 1","11WD7STUM1SBL10G","Fossil Hard coal","11WD7STUM1SBL10G","01/04/2026 07:00 - 01/04/2026 08:00","744.35",""
"01/04/2026 00:00 - 02/04/2026 00:00","CTA|DE(Amprion)","KW Lünen Block 1","11WD7STUM1SBL10G","Fossil Hard coal","11WD7STUM1SBL10G","01/04/2026 08:00 - 01/04/2026 09:00","745.48",""
"01/04/2026 00:00 - 02/04/2026 00:00","CTA|DE(Amprion)","KW Lünen Block 1","11WD7STUM1SBL10G","Fossil Hard coal","11WD7STUM1SBL10G","01/04/2026 09:00 - 01/04/2026 10:00","743.95",""
"01/04/2026 00:00 - 02/04/2026 00:00","CTA|DE(Amprion)","KW Lünen Block 1","11WD7STUM1SBL10G","Fossil Hard coal","11WD7STUM1SBL10G","01/04/2026 10:00 - 01/04/2026 11:00","741.17",""
"01/04/2026 00:00 - 02/04/2026 00:00","CTA|DE(Amprion)","KW Lünen Block 1","11WD7STUM1SBL10G","Fossil Hard coal","11WD7STUM1SBL10G","01/04/2026 11:00 - 01/04/2026 12:00","724.30",""
"01/04/2026 00:00 - 02/04/2026 00:00","CTA|DE(Amprion)","KW Lünen Block 1","11WD7STUM1SBL10G","Fossil Hard coal","11WD7STUM1SBL10G","01/04/2026 12:00 - 01/04/2026 13:00","723.02",""
"01/04/2026 00:00 - 02/04/2026 00:00","CTA|DE(Amprion)","KW Lünen Block 1","11WD7STUM1SBL10G","Fossil Hard coal","11WD7STUM1SBL10G","01/04/2026 13:00 - 01/04/2026 14:00","506.57",""
"01/04/2026 00:00 - 02/04/2026 00:00","CTA|DE(Amprion)","KW Lünen Block 1","11WD7STUM1SBL10G","Fossil Hard coal","11WD7STUM1SBL10G","01/04/2026 14:00 - 01/04/2026 15:00","694.73",""
"01/04/2026 00:00 - 02/04/2026 00:00","CTA|DE(Amprion)","KW Lünen Block 1","11WD7STUM1SBL10G","Fossil Hard coal","11WD7STUM1SBL10G","01/04/2026 15:00 - 01/04/2026 16:00","704.83",""
"01/04/2026 00:00 - 02/04/2026 00:00","CTA|DE(Amprion)","KW Lünen Block 1","11WD7STUM1SBL10G","Fossil Hard coal","11WD7STUM1SBL10G","01/04/2026 16:00 - 01/04/2026 17:00","636.77",""
"01/04/2026 00:00 - 02/04/2026 00:00","CTA|DE(Amprion)","KW Lünen Block 1","11WD7STUM1SBL10G","Fossil Hard coal","11WD7STUM1SBL10G","01/04/2026 17:00 - 01/04/2026 18:00","684.80",""
"01/04/2026 00:00 - 02/04/2026 00:00","CTA|DE(Amprion)","KW Lünen Block 1","11WD7STUM1SBL10G","Fossil Hard coal","11WD7STUM1SBL10G","01/04/2026 18:00 - 01/04/2026 19:00","732.38",""
"01/04/2026 00:00 - 02/04/2026 00:00","CTA|DE(Amprion)","KW Lünen Block 1","11WD7STUM1SBL10G","Fossil Hard coal","11WD7STUM1SBL10G","01/04/2026 19:00 - 01/04/2026 20:00","745.92",""
"01/04/2026 00:00 - 02/04/2026 00:00","CTA|DE(Amprion)","KW Lünen Block 1","11WD7STUM1SBL10G","Fossil Hard coal","11WD7STUM1SBL10G","01/04/2026 20:00 - 01/04/2026 21:00","745.70",""
"01/04/2026 00:00 - 02/04/2026 00:00","CTA|DE(Amprion)","KW Lünen Block 1","11WD7STUM1SBL10G","Fossil Hard coal","11WD7STUM1SBL10G","01/04/2026 21:00 - 01/04/2026 22:00","745.85",""
"01/04/2026 00:00 - 02/04/2026 00:00","CTA|DE(Amprion)","KW Lünen Block 1","11WD7STUM1SBL10G","Fossil Hard coal","11WD7STUM1SBL10G","01/04/2026 22:00 - 01/04/2026 23:00","745.55",""
"01/04/2026 00:00 - 02/04/2026 00:00","CTA|DE(Amprion)","KW Lünen Block 1","11WD7STUM1SBL10G","Fossil Hard coal","11WD7STUM1SBL10G","01/04/2026 23:00 - 02/04/2026 00:00","746.13",""
"01/04/2026 00:00 - 02/04/2026 00:00","CTA|DE(Amprion)","DESBR____CHP____","11WD7UCHT5XROEMT","Fossil Gas","11WD7UCHT5XROEMT","01/04/2026 00:00 - 01/04/2026 01:00","12.05",""
"01/04/2026 00:00 - 02/04/2026 00:00","CTA|DE(Amprion)","DESBR____CHP____","11WD7UCHT5XROEMT","Fossil Gas","11WD7UCHT5XROEMT","01/04/2026 01:00 - 01/04/2026 02:00","11.82",""
"01/04/2026 00:00 - 02/04/2026 00:00","CTA|DE(Amprion)","DESBR____CHP____","11WD7UCHT5XROEMT","Fossil Gas","11WD7UCHT5XROEMT","01/04/2026 02:00 - 01/04/2026 03:00","11.88",""
"01/04/2026 00:00 - 02/04/2026 00:00","CTA|DE(Amprion)","DESBR____CHP____","11WD7UCHT5XROEMT","Fossil Gas","11WD7UCHT5XROEMT","01/04/2026 03:00 - 01/04/2026 04:00","11.93",""
"01/04/2026 00:00 - 02/04/2026 00:00","CTA|DE(Amprion)","DESBR____CHP____","11WD7UCHT5XROEMT","Fossil Gas","11WD7UCHT5XROEMT","01/04/2026 04:00 - 01/04/2026 05:00","12.03",""
"01/04/2026 00:00 - 02/04/2026 00:00","CTA|DE(Amprion)","DESBR____CHP____","11WD7UCHT5XROEMT","Fossil Gas","11WD7UCHT5XROEMT","01/04/2026 05:00 - 01/04/2026 06:00","12.43",""
"01/04/2026 00:00 - 02/04/2026 00:00","CTA|DE(Amprion)","DESBR____CHP____","11WD7UCHT5XROEMT","Fossil Gas","11WD7UCHT5XROEMT","01/04/2026 06:00 - 01/04/2026 07:00","16.30",""
"01/04/2026 00:00 - 02/04/2026 00:00","CTA|DE(Amprion)","DESBR____CHP____","11WD7UCHT5XROEMT","Fossil Gas","11WD7UCHT5XROEMT","01/04/2026 07:00 - 01/04/2026 08:00","17.50",""
"01/04/2026 00:00 - 02/04/2026 00:00","CTA|DE(Amprion)","DESBR____CHP____","11WD7UCHT5XROEMT","Fossil Gas","11WD7UCHT5XROEMT","01/04/2026 08:00 - 01/04/2026 09:00","17.85",""
"01/04/2026 00:00 - 02/04/2026 00:00","CTA|DE(Amprion)","DESBR____CHP____","11WD7UCHT5XROEMT","Fossil Gas","11WD7UCHT5XROEMT","01/04/2026 09:00 - 01/04/2026 10:00","17.55",""
"01/04/2026 00:00 - 02/04/2026 00:00","CTA|DE(Amprion)","DESBR____CHP____","11WD7UCHT5XROEMT","Fossil Gas","11WD7UCHT5XROEMT","01/04/2026 10:00 - 01/04/2026 11:00","12.25",""
"01/04/2026 00:00 - 02/04/2026 00:00","CTA|DE(Amprion)","DESBR____CHP____","11WD7UCHT5XROEMT","Fossil Gas","11WD7UCHT5XROEMT","01/04/2026 11:00 - 01/04/2026 12:00","9.07",""
"01/04/2026 00:00 - 02/04/2026 00:00","CTA|DE(Amprion)","DESBR____CHP____","11WD7UCHT5XROEMT","Fossil Gas","11WD7UCHT5XROEMT","01/04/2026 12:00 - 01/04/2026 13:00","12.10",""
"01/04/2026 00:00 - 02/04/2026 00:00","CTA|DE(Amprion)","DESBR____CHP____","11WD7UCHT5XROEMT","Fossil Gas","11WD7UCHT5XROEMT","01/04/2026 13:00 - 01/04/2026 14:00","9.38",""
"01/04/2026 00:00 - 02/04/2026 00:00","CTA|DE(Amprion)","DESBR____CHP____","11WD7UCHT5XROEMT","Fossil Gas","11WD7UCHT5XROEMT","01/04/2026 14:00 - 01/04/2026 15:00","6.17",""
"01/04/2026 00:00 - 02/04/2026 00:00","CTA|DE(Amprion)","DESBR____CHP____","11WD7UCHT5XROEMT","Fossil Gas","11WD7UCHT5XROEMT","01/04/2026 15:00 - 01/04/2026 16:00","6.00",""
"01/04/2026 00:00 - 02/04/2026 00:00","CTA|DE(Amprion)","DESBR____CHP____","11WD7UCHT5XROEMT","Fossil Gas","11WD7UCHT5XROEMT","01/04/2026 16:00 - 01/04/2026 17:00","8.05",""
"01/04/2026 00:00 - 02/04/2026 00:00","CTA|DE(Amprion)","DESBR____CHP____","11WD7UCHT5XROEMT","Fossil Gas","11WD7UCHT5XROEMT","01/04/2026 17:00 - 01/04/2026 18:00","9.72",""
"01/04/2026 00:00 - 02/04/2026 00:00","CTA|DE(Amprion)","DESBR____CHP____","11WD7UCHT5XROEMT","Fossil Gas","11WD7UCHT5XROEMT","01/04/2026 18:00 - 01/04/2026 19:00","22.05",""
"01/04/2026 00:00 - 02/04/2026 00:00","CTA|DE(Amprion)","DESBR____CHP____","11WD7UCHT5XROEMT","Fossil Gas","11WD7UCHT5XROEMT","01/04/2026 19:00 - 01/04/2026 20:00","54.95",""
"01/04/2026 00:00 - 02/04/2026 00:00","CTA|DE(Amprion)","DESBR____CHP____","11WD7UCHT5XROEMT","Fossil Gas","11WD7UCHT5XROEMT","01/04/2026 20:00 - 01/04/2026 21:00","54.42",""
"01/04/2026 00:00 - 02/04/2026 00:00","CTA|DE(Amprion)","DESBR____CHP____","11WD7UCHT5XROEMT","Fossil Gas","11WD7UCHT5XROEMT","01/04/2026 21:00 - 01/04/2026 22:00","54.38",""
"01/04/2026 00:00 - 02/04/2026 00:00","CTA|DE(Amprion)","DESBR____CHP____","11WD7UCHT5XROEMT","Fossil Gas","11WD7UCHT5XROEMT","01/04/2026 22:00 - 01/04/2026 23:00","54.23",""
"01/04/2026 00:00 - 02/04/2026 00:00","CTA|DE(Amprion)","DESBR____CHP____","11WD7UCHT5XROEMT","Fossil Gas","11WD7UCHT5XROEMT","01/04/2026 23:00 - 02/04/2026 00:00","51.52",""
"01/04/2026 00:00 - 02/04/2026 00:00","CTA|DE(Amprion)","Vianden 1","11WD7VIAN2H-1-1O","Hydro Pumped Storage","11WD7VIAN2H-1-1O","01/04/2026 00:00 - 01/04/2026 01:00","0.00",""
"01/04/2026 00:00 - 02/04/2026 00:00","CTA|DE(Amprion)","Vianden 1","11WD7VIAN2H-1-1O","Hydro Pumped Storage","11WD7VIAN2H-1-1O","01/04/2026 01:00 - 01/04/2026 02:00","0.00",""
"01/04/2026 00:00 - 02/04/2026 00:00","CTA|DE(Amprion)","Vianden 1","11WD7VIAN2H-1-1O","Hydro Pumped Storage","11WD7VIAN2H-1-1O","01/04/2026 02:00 - 01/04/2026 03:00","0.00",""
"01/04/2026 00:00 - 02/04/2026 00:00","CTA|DE(Amprion)","Vianden 1","11WD7VIAN2H-1-1O","Hydro Pumped Storage","11WD7VIAN2H-1-1O","01/04/2026 03:00 - 01/04/2026 04:00","0.00",""
"01/04/2026 00:00 - 02/04/2026 00:00","CTA|DE(Amprion)","Vianden 1","11WD7VIAN2H-1-1O","Hydro Pumped Storage","11WD7VIAN2H-1-1O","01/04/2026 04:00 - 01/04/2026 05:00","0.00",""
"01/04/2026 00:00 - 02/04/2026 00:00","CTA|DE(Amprion)","Vianden 1","11WD7VIAN2H-1-1O","Hydro Pumped Storage","11WD7VIAN2H-1-1O","01/04/2026 05:00 - 01/04/2026 06:00","0.00",""
"01/04/2026 00:00 - 02/04/2026 00:00","CTA|DE(Amprion)","Vianden 1","11WD7VIAN2H-1-1O","Hydro Pumped Storage","11WD7VIAN2H-1-1O","01/04/2026 06:00 - 01/04/2026 07:00","65.15",""
"01/04/2026 00:00 - 02/04/2026 00:00","CTA|DE(Amprion)","Vianden 1","11WD7VIAN2H-1-1O","Hydro Pumped Storage","11WD7VIAN2H-1-1O","01/04/2026 07:00 - 01/04/2026 08:00","77.83",""
"01/04/2026 00:00 - 02/04/2026 00:00","CTA|DE(Amprion)","Vianden 1","11WD7VIAN2H-1-1O","Hydro Pumped Storage","11WD7VIAN2H-1-1O","01/04/2026 08:00 - 01/04/2026 09:00","41.00",""
"01/04/2026 00:00 - 02/04/2026 00:00","CTA|DE(Amprion)","Vianden 1","11WD7VIAN2H-1-1O","Hydro Pumped Storage","11WD7VIAN2H-1-1O","01/04/2026 09:00 - 01/04/2026 10:00","0.00",""
"01/04/2026 00:00 - 02/04/2026 00:00","CTA|DE(Amprion)","Vianden 1","11WD7VIAN2H-1-1O","Hydro Pumped Storage","11WD7VIAN2H-1-1O","01/04/2026 10:00 - 01/04/2026 11:00","0.00",""
"01/04/2026 00:00 - 02/04/2026 00:00","CTA|DE(Amprion)","Vianden 1","11WD7VIAN2H-1-1O","Hydro Pumped Storage","11WD7VIAN2H-1-1O","01/04/2026 11:00 - 01/04/2026 12:00","0.00",""
"01/04/2026 00:00 - 02/04/2026 00:00","CTA|DE(Amprion)","Vianden 1","11WD7VIAN2H-1-1O","Hydro Pumped Storage","11WD7VIAN2H-1-1O","01/04/2026 12:00 - 01/04/2026 13:00","0.00",""
"01/04/2026 00:00 - 02/04/2026 00:00","CTA|DE(Amprion)","Vianden 1","11WD7VIAN2H-1-1O","Hydro Pumped Storage","11WD7VIAN2H-1-1O","01/04/2026 13:00 - 01/04/2026 14:00","0.00",""
"01/04/2026 00:00 - 02/04/2026 00:00","CTA|DE(Amprion)","Vianden 1","11WD7VIAN2H-1-1O","Hydro Pumped Storage","11WD7VIAN2H-1-1O","01/04/2026 14:00 - 01/04/2026 15:00","0.00",""
"01/04/2026 00:00 - 02/04/2026 00:00","CTA|DE(Amprion)","Vianden 1","11WD7VIAN2H-1-1O","Hydro Pumped Storage","11WD7VIAN2H-1-1O","01/04/2026 15:00 - 01/04/2026 16:00","0.00",""
"01/04/2026 00:00 - 02/04/2026 00:00","CTA|DE(Amprion)","Vianden 1","11WD7VIAN2H-1-1O","Hydro Pumped Storage","11WD7VIAN2H-1-1O","01/04/2026 16:00 - 01/04/2026 17:00","0.00",""
"01/04/2026 00:00 - 02/04/2026 00:00","CTA|DE(Amprion)","Vianden 1","11WD7VIAN2H-1-1O","Hydro Pumped Storage","11WD7VIAN2H-1-1O","01/04/2026 17:00 - 01/04/2026 18:00","0.00",""
"01/04/2026 00:00 - 02/04/2026 00:00","CTA|DE(Amprion)","Vianden 1","11WD7VIAN2H-1-1O","Hydro Pumped Storage","11WD7VIAN2H-1-1O","01/04/2026 18:00 - 01/04/2026 19:00","0.00",""
"01/04/2026 00:00 - 02/04/2026 00:00","CTA|DE(Amprion)","Vianden 1","11WD7VIAN2H-1-1O","Hydro Pumped Storage","11WD7VIAN2H-1-1O","01/04/2026 19:00 - 01/04/2026 20:00","80.78",""
"01/04/2026 00:00 - 02/04/2026 00:00","CTA|DE(Amprion)","Vianden 1","11WD7VIAN2H-1-1O","Hydro Pumped Storage","11WD7VIAN2H-1-1O","01/04/2026 20:00 - 01/04/2026 21:00","62.92",""
"01/04/2026 00:00 - 02/04/2026 00:00","CTA|DE(Amprion)","Vianden 1","11WD7VIAN2H-1-1O","Hydro Pumped Storage","11WD7VIAN2H-1-1O","01/04/2026 21:00 - 01/04/2026 22:00","40.45",""
"01/04/2026 00:00 - 02/04/2026 00:00","CTA|DE(Amprion)","Vianden 1","11WD7VIAN2H-1-1O","Hydro Pumped Storage","11WD7VIAN2H-1-1O","01/04/2026 22:00 - 01/04/2026 23:00","64.83",""
"01/04/2026 00:00 - 02/04/2026 00:00","CTA|DE(Amprion)","Vianden 1","11WD7VIAN2H-1-1O","Hydro Pumped Storage","11WD7VIAN2H-1-1O","01/04/2026 23:00 - 02/04/2026 00:00","11.88",""
"01/04/2026 00:00 - 02/04/2026 00:00","CTA|DE(Amprion)","Vianden 2","11WD7VIAN2H-1-2M","Hydro Pumped Storage","11WD7VIAN2H-1-2M","01/04/2026 00:00 - 01/04/2026 01:00","1.93",""
"01/04/2026 00:00 - 02/04/2026 00:00","CTA|DE(Amprion)","Vianden 2","11WD7VIAN2H-1-2M","Hydro Pumped Storage","11WD7VIAN2H-1-2M","01/04/2026 01:00 - 01/04/2026 02:00","0.00",""
"01/04/2026 00:00 - 02/04/2026 00:00","CTA|DE(Amprion)","Vianden 2","11WD7VIAN2H-1-2M","Hydro Pumped Storage","11WD7VIAN2H-1-2M","01/04/2026 02:00 - 01/04/2026 03:00","0.00",""
"01/04/2026 00:00 - 02/04/2026 00:00","CTA|DE(Amprion)","Vianden 2","11WD7VIAN2H-1-2M","Hydro Pumped Storage","11WD7VIAN2H-1-2M","01/04/2026 03:00 - 01/04/2026 04:00","0.00",""
"01/04/2026 00:00 - 02/04/2026 00:00","CTA|DE(Amprion)","Vianden 2","11WD7VIAN2H-1-2M","Hydro Pumped Storage","11WD7VIAN2H-1-2M","01/04/2026 04:00 - 01/04/2026 05:00","0.00",""
"01/04/2026 00:00 - 02/04/2026 00:00","CTA|DE(Amprion)","Vianden 2","11WD7VIAN2H-1-2M","Hydro Pumped Storage","11WD7VIAN2H-1-2M","01/04/2026 05:00 - 01/04/2026 06:00","0.00",""
"01/04/2026 00:00 - 02/04/2026 00:00","CTA|DE(Amprion)","Vianden 2","11WD7VIAN2H-1-2M","Hydro Pumped Storage","11WD7VIAN2H-1-2M","01/04/2026 06:00 - 01/04/2026 07:00","0.00",""
"01/04/2026 00:00 - 02/04/2026 00:00","CTA|DE(Amprion)","Vianden 2","11WD7VIAN2H-1-2M","Hydro Pumped Storage","11WD7VIAN2H-1-2M","01/04/2026 07:00 - 01/04/2026 08:00","0.00",""
"01/04/2026 00:00 - 02/04/2026 00:00","CTA|DE(Amprion)","Vianden 2","11WD7VIAN2H-1-2M","Hydro Pumped Storage","11WD7VIAN2H-1-2M","01/04/2026 08:00 - 01/04/2026 09:00","0.00",""
"01/04/2026 00:00 - 02/04/2026 00:00","CTA|DE(Amprion)","Vianden 2","11WD7VIAN2H-1-2M","Hydro Pumped Storage","11WD7VIAN2H-1-2M","01/04/2026 09:00 - 01/04/2026 10:00","36.08",""
"01/04/2026 00:00 - 02/04/2026 00:00","CTA|DE(Amprion)","Vianden 2","11WD7VIAN2H-1-2M","Hydro Pumped Storage","11WD7VIAN2H-1-2M","01/04/2026 10:00 - 01/04/2026 11:00","36.63",""
"01/04/2026 00:00 - 02/04/2026 00:00","CTA|DE(Amprion)","Vianden 2","11WD7VIAN2H-1-2M","Hydro Pumped Storage","11WD7VIAN2H-1-2M","01/04/2026 11:00 - 01/04/2026 12:00","0.47",""
"01/04/2026 00:00 - 02/04/2026 00:00","CTA|DE(Amprion)","Vianden 2","11WD7VIAN2H-1-2M","Hydro Pumped Storage","11WD7VIAN2H-1-2M","01/04/2026 12:00 - 01/04/2026 13:00","0.00",""
"01/04/2026 00:00 - 02/04/2026 00:00","CTA|DE(Amprion)","Vianden 2","11WD7VIAN2H-1-2M","Hydro Pumped Storage","11WD7VIAN2H-1-2M","01/04/2026 13:00 - 01/04/2026 14:00","0.00",""
"01/04/2026 00:00 - 02/04/2026 00:00","CTA|DE(Amprion)","Vianden 2","11WD7VIAN2H-1-2M","Hydro Pumped Storage","11WD7VIAN2H-1-2M","01/04/2026 14:00 - 01/04/2026 15:00","0.00",""
"01/04/2026 00:00 - 02/04/2026 00:00","CTA|DE(Amprion)","Vianden 2","11WD7VIAN2H-1-2M","Hydro Pumped Storage","11WD7VIAN2H-1-2M","01/04/2026 15:00 - 01/04/2026 16:00","0.00",""
"01/04/2026 00:00 - 02/04/2026 00:00","CTA|DE(Amprion)","Vianden 2","11WD7VIAN2H-1-2M","Hydro Pumped Storage","11WD7VIAN2H-1-2M","01/04/2026 16:00 - 01/04/2026 17:00","5.10",""
"01/04/2026 00:00 - 02/04/2026 00:00","CTA|DE(Amprion)","Vianden 2","11WD7VIAN2H-1-2M","Hydro Pumped Storage","11WD7VIAN2H-1-2M","01/04/2026 17:00 - 01/04/2026 18:00","11.13",""
"01/04/2026 00:00 - 02/04/2026 00:00","CTA|DE(Amprion)","Vianden 2","11WD7VIAN2H-1-2M","Hydro Pumped Storage","11WD7VIAN2H-1-2M","01/04/2026 18:00 - 01/04/2026 19:00","32.52",""
"01/04/2026 00:00 - 02/04/2026 00:00","CTA|DE(Amprion)","Vianden 2","11WD7VIAN2H-1-2M","Hydro Pumped Storage","11WD7VIAN2H-1-2M","01/04/2026 19:00 - 01/04/2026 20:00","84.78",""
"01/04/2026 00:00 - 02/04/2026 00:00","CTA|DE(Amprion)","Vianden 2","11WD7VIAN2H-1-2M","Hydro Pumped Storage","11WD7VIAN2H-1-2M","01/04/2026 20:00 - 01/04/2026 21:00","73.30",""
"01/04/2026 00:00 - 02/04/2026 00:00","CTA|DE(Amprion)","Vianden 2","11WD7VIAN2H-1-2M","Hydro Pumped Storage","11WD7VIAN2H-1-2M","01/04/2026 21:00 - 01/04/2026 22:00","39.25",""
"01/04/2026 00:00 - 02/04/2026 00:00","CTA|DE(Amprion)","Vianden 2","11WD7VIAN2H-1-2M","Hydro Pumped Storage","11WD7VIAN2H-1-2M","01/04/2026 22:00 - 01/04/2026 23:00","70.50",""
"01/04/2026 00:00 - 02/04/2026 00:00","CTA|DE(Amprion)","Vianden 2","11WD7VIAN2H-1-2M","Hydro Pumped Storage","11WD7VIAN2H-1-2M","01/04/2026 23:00 - 02/04/2026 00:00","10.63",""
"01/04/2026 00:00 - 02/04/2026 00:00","CTA|DE(Amprion)","Vianden 3","11WD7VIAN2H-1-3K","Hydro Pumped Storage","11WD7VIAN2H-1-3K","01/04/2026 00:00 - 01/04/2026 01:00","0.10",""
"01/04/2026 00:00 - 02/04/2026 00:00","CTA|DE(Amprion)","Vianden 3","11WD7VIAN2H-1-3K","Hydro Pumped Storage","11WD7VIAN2H-1-3K","01/04/2026 01:00 - 01/04/2026 02:00","0.10",""
"01/04/2026 00:00 - 02/04/2026 00:00","CTA|DE(Amprion)","Vianden 3","11WD7VIAN2H-1-3K","Hydro Pumped Storage","11WD7VIAN2H-1-3K","01/04/2026 02:00 - 01/04/2026 03:00","0.10",""
"01/04/2026 00:00 - 02/04/2026 00:00","CTA|DE(Amprion)","Vianden 3","11WD7VIAN2H-1-3K","Hydro Pumped Storage","11WD7VIAN2H-1-3K","01/04/2026 03:00 - 01/04/2026 04:00","0.10",""
"01/04/2026 00:00 - 02/04/2026 00:00","CTA|DE(Amprion)","Vianden 3","11WD7VIAN2H-1-3K","Hydro Pumped Storage","11WD7VIAN2H-1-3K","01/04/2026 04:00 - 01/04/2026 05:00","0.10",""
"01/04/2026 00:00 - 02/04/2026 00:00","CTA|DE(Amprion)","Vianden 3","11WD7VIAN2H-1-3K","Hydro Pumped Storage","11WD7VIAN2H-1-3K","01/04/2026 05:00 - 01/04/2026 06:00","0.10",""
"01/04/2026 00:00 - 02/04/2026 00:00","CTA|DE(Amprion)","Vianden 3","11WD7VIAN2H-1-3K","Hydro Pumped Storage","11WD7VIAN2H-1-3K","01/04/2026 06:00 - 01/04/2026 07:00","0.10",""
"01/04/2026 00:00 - 02/04/2026 00:00","CTA|DE(Amprion)","Vianden 3","11WD7VIAN2H-1-3K","Hydro Pumped Storage","11WD7VIAN2H-1-3K","01/04/2026 07:00 - 01/04/2026 08:00","0.10",""
"01/04/2026 00:00 - 02/04/2026 00:00","CTA|DE(Amprion)","Vianden 3","11WD7VIAN2H-1-3K","Hydro Pumped Storage","11WD7VIAN2H-1-3K","01/04/2026 08:00 - 01/04/2026 09:00","0.10",""
"01/04/2026 00:00 - 02/04/2026 00:00","CTA|DE(Amprion)","Vianden 3","11WD7VIAN2H-1-3K","Hydro Pumped Storage","11WD7VIAN2H-1-3K","01/04/2026 09:00 - 01/04/2026 10:00","0.10",""
"01/04/2026 00:00 - 02/04/2026 00:00","CTA|DE(Amprion)","Vianden 3","11WD7VIAN2H-1-3K","Hydro Pumped Storage","11WD7VIAN2H-1-3K","01/04/2026 10:00 - 01/04/2026 11:00","0.10",""
"01/04/2026 00:00 - 02/04/2026 00:00","CTA|DE(Amprion)","Vianden 3","11WD7VIAN2H-1-3K","Hydro Pumped Storage","11WD7VIAN2H-1-3K","01/04/2026 11:00 - 01/04/2026 12:00","0.00",""
"01/04/2026 00:00 - 02/04/2026 00:00","CTA|DE(Amprion)","Vianden 3","11WD7VIAN2H-1-3K","Hydro Pumped Storage","11WD7VIAN2H-1-3K","01/04/2026 12:00 - 01/04/2026 13:00","0.05",""
"01/04/2026 00:00 - 02/04/2026 00:00","CTA|DE(Amprion)","Vianden 3","11WD7VIAN2H-1-3K","Hydro Pumped Storage","11WD7VIAN2H-1-3K","01/04/2026 13:00 - 01/04/2026 14:00","0.00",""
"01/04/2026 00:00 - 02/04/2026 00:00","CTA|DE(Amprion)","Vianden 3","11WD7VIAN2H-1-3K","Hydro Pumped Storage","11WD7VIAN2H-1-3K","01/04/2026 14:00 - 01/04/2026 15:00","0.10",""
"01/04/2026 00:00 - 02/04/2026 00:00","CTA|DE(Amprion)","Vianden 3","11WD7VIAN2H-1-3K","Hydro Pumped Storage","11WD7VIAN2H-1-3K","01/04/2026 15:00 - 01/04/2026 16:00","0.10",""
"01/04/2026 00:00 - 02/04/2026 00:00","CTA|DE(Amprion)","Vianden 3","11WD7VIAN2H-1-3K","Hydro Pumped Storage","11WD7VIAN2H-1-3K","01/04/2026 16:00 - 01/04/2026 17:00","0.10",""
"01/04/2026 00:00 - 02/04/2026 00:00","CTA|DE(Amprion)","Vianden 3","11WD7VIAN2H-1-3K","Hydro Pumped Storage","11WD7VIAN2H-1-3K","01/04/2026 17:00 - 01/04/2026 18:00","5.92",""
"01/04/2026 00:00 - 02/04/2026 00:00","CTA|DE(Amprion)","Vianden 3","11WD7VIAN2H-1-3K","Hydro Pumped Storage","11WD7VIAN2H-1-3K","01/04/2026 18:00 - 01/04/2026 19:00","33.92",""
"01/04/2026 00:00 - 02/04/2026 00:00","CTA|DE(Amprion)","Vianden 3","11WD7VIAN2H-1-3K","Hydro Pumped Storage","11WD7VIAN2H-1-3K","01/04/2026 19:00 - 01/04/2026 20:00","86.30",""
"01/04/2026 00:00 - 02/04/2026 00:00","CTA|DE(Amprion)","Vianden 3","11WD7VIAN2H-1-3K","Hydro Pumped Storage","11WD7VIAN2H-1-3K","01/04/2026 20:00 - 01/04/2026 21:00","75.42",""
"01/04/2026 00:00 - 02/04/2026 00:00","CTA|DE(Amprion)","Vianden 3","11WD7VIAN2H-1-3K","Hydro Pumped Storage","11WD7VIAN2H-1-3K","01/04/2026 21:00 - 01/04/2026 22:00","31.50",""
"01/04/2026 00:00 - 02/04/2026 00:00","CTA|DE(Amprion)","Vianden 3","11WD7VIAN2H-1-3K","Hydro Pumped Storage","11WD7VIAN2H-1-3K","01/04/2026 22:00 - 01/04/2026 23:00","0.10",""
"01/04/2026 00:00 - 02/04/2026 00:00","CTA|DE(Amprion)","Vianden 3","11WD7VIAN2H-1-3K","Hydro Pumped Storage","11WD7VIAN2H-1-3K","01/04/2026 23:00 - 02/04/2026 00:00","0.10",""
"01/04/2026 00:00 - 02/04/2026 00:00","CTA|DE(Amprion)","Vianden 4","11WD7VIAN2H-1-4I","Hydro Pumped Storage","11WD7VIAN2H-1-4I","01/04/2026 00:00 - 01/04/2026 01:00","0.00",""
"01/04/2026 00:00 - 02/04/2026 00:00","CTA|DE(Amprion)","Vianden 4","11WD7VIAN2H-1-4I","Hydro Pumped Storage","11WD7VIAN2H-1-4I","01/04/2026 01:00 - 01/04/2026 02:00","0.00",""
"01/04/2026 00:00 - 02/04/2026 00:00","CTA|DE(Amprion)","Vianden 4","11WD7VIAN2H-1-4I","Hydro Pumped Storage","11WD7VIAN2H-1-4I","01/04/2026 02:00 - 01/04/2026 03:00","0.00",""
"01/04/2026 00:00 - 02/04/2026 00:00","CTA|DE(Amprion)","Vianden 4","11WD7VIAN2H-1-4I","Hydro Pumped Storage","11WD7VIAN2H-1-4I","01/04/2026 03:00 - 01/04/2026 04:00","0.00",""
"01/04/2026 00:00 - 02/04/2026 00:00","CTA|DE(Amprion)","Vianden 4","11WD7VIAN2H-1-4I","Hydro Pumped Storage","11WD7VIAN2H-1-4I","01/04/2026 04:00 - 01/04/2026 05:00","0.00",""
"01/04/2026 00:00 - 02/04/2026 00:00","CTA|DE(Amprion)","Vianden 4","11WD7VIAN2H-1-4I","Hydro Pumped Storage","11WD7VIAN2H-1-4I","01/04/2026 05:00 - 01/04/2026 06:00","0.00",""
"01/04/2026 00:00 - 02/04/2026 00:00","CTA|DE(Amprion)","Vianden 4","11WD7VIAN2H-1-4I","Hydro Pumped Storage","11WD7VIAN2H-1-4I","01/04/2026 06:00 - 01/04/2026 07:00","0.00",""
"01/04/2026 00:00 - 02/04/2026 00:00","CTA|DE(Amprion)","Vianden 4","11WD7VIAN2H-1-4I","Hydro Pumped Storage","11WD7VIAN2H-1-4I","01/04/2026 07:00 - 01/04/2026 08:00","75.63",""
"01/04/2026 00:00 - 02/04/2026 00:00","CTA|DE(Amprion)","Vianden 4","11WD7VIAN2H-1-4I","Hydro Pumped Storage","11WD7VIAN2H-1-4I","01/04/2026 08:00 - 01/04/2026 09:00","41.83",""
"01/04/2026 00:00 - 02/04/2026 00:00","CTA|DE(Amprion)","Vianden 4","11WD7VIAN2H-1-4I","Hydro Pumped Storage","11WD7VIAN2H-1-4I","01/04/2026 09:00 - 01/04/2026 10:00","0.00",""
"01/04/2026 00:00 - 02/04/2026 00:00","CTA|DE(Amprion)","Vianden 4","11WD7VIAN2H-1-4I","Hydro Pumped Storage","11WD7VIAN2H-1-4I","01/04/2026 10:00 - 01/04/2026 11:00","0.00",""
"01/04/2026 00:00 - 02/04/2026 00:00","CTA|DE(Amprion)","Vianden 4","11WD7VIAN2H-1-4I","Hydro Pumped Storage","11WD7VIAN2H-1-4I","01/04/2026 11:00 - 01/04/2026 12:00","0.00",""
"01/04/2026 00:00 - 02/04/2026 00:00","CTA|DE(Amprion)","Vianden 4","11WD7VIAN2H-1-4I","Hydro Pumped Storage","11WD7VIAN2H-1-4I","01/04/2026 12:00 - 01/04/2026 13:00","0.00",""
"01/04/2026 00:00 - 02/04/2026 00:00","CTA|DE(Amprion)","Vianden 4","11WD7VIAN2H-1-4I","Hydro Pumped Storage","11WD7VIAN2H-1-4I","01/04/2026 13:00 - 01/04/2026 14:00","0.00",""
"01/04/2026 00:00 - 02/04/2026 00:00","CTA|DE(Amprion)","Vianden 4","11WD7VIAN2H-1-4I","Hydro Pumped Storage","11WD7VIAN2H-1-4I","01/04/2026 14:00 - 01/04/2026 15:00","0.00",""
"01/04/2026 00:00 - 02/04/2026 00:00","CTA|DE(Amprion)","Vianden 4","11WD7VIAN2H-1-4I","Hydro Pumped Storage","11WD7VIAN2H-1-4I","01/04/2026 15:00 - 01/04/2026 16:00","0.00",""
"01/04/2026 00:00 - 02/04/2026 00:00","CTA|DE(Amprion)","Vianden 4","11WD7VIAN2H-1-4I","Hydro Pumped Storage","11WD7VIAN2H-1-4I","01/04/2026 16:00 - 01/04/2026 17:00","0.00",""
"01/04/2026 00:00 - 02/04/2026 00:00","CTA|DE(Amprion)","Vianden 4","11WD7VIAN2H-1-4I","Hydro Pumped Storage","11WD7VIAN2H-1-4I","01/04/2026 17:00 - 01/04/2026 18:00","12.85",""
"01/04/2026 00:00 - 02/04/2026 00:00","CTA|DE(Amprion)","Vianden 4","11WD7VIAN2H-1-4I","Hydro Pumped Storage","11WD7VIAN2H-1-4I","01/04/2026 18:00 - 01/04/2026 19:00","32.60",""
"01/04/2026 00:00 - 02/04/2026 00:00","CTA|DE(Amprion)","Vianden 4","11WD7VIAN2H-1-4I","Hydro Pumped Storage","11WD7VIAN2H-1-4I","01/04/2026 19:00 - 01/04/2026 20:00","83.47",""
"01/04/2026 00:00 - 02/04/2026 00:00","CTA|DE(Amprion)","Vianden 4","11WD7VIAN2H-1-4I","Hydro Pumped Storage","11WD7VIAN2H-1-4I","01/04/2026 20:00 - 01/04/2026 21:00","73.78",""
"01/04/2026 00:00 - 02/04/2026 00:00","CTA|DE(Amprion)","Vianden 4","11WD7VIAN2H-1-4I","Hydro Pumped Storage","11WD7VIAN2H-1-4I","01/04/2026 21:00 - 01/04/2026 22:00","43.25",""
"01/04/2026 00:00 - 02/04/2026 00:00","CTA|DE(Amprion)","Vianden 4","11WD7VIAN2H-1-4I","Hydro Pumped Storage","11WD7VIAN2H-1-4I","01/04/2026 22:00 - 01/04/2026 23:00","0.00",""
"01/04/2026 00:00 - 02/04/2026 00:00","CTA|DE(Amprion)","Vianden 4","11WD7VIAN2H-1-4I","Hydro Pumped Storage","11WD7VIAN2H-1-4I","01/04/2026 23:00 - 02/04/2026 00:00","0.00",""
"01/04/2026 00:00 - 02/04/2026 00:00","CTA|DE(Amprion)","Vianden 5","11WD7VIAN2H-2-5C","Hydro Pumped Storage","11WD7VIAN2H-2-5C","01/04/2026 00:00 - 01/04/2026 01:00","0.00",""
"01/04/2026 00:00 - 02/04/2026 00:00","CTA|DE(Amprion)","Vianden 5","11WD7VIAN2H-2-5C","Hydro Pumped Storage","11WD7VIAN2H-2-5C","01/04/2026 01:00 - 01/04/2026 02:00","0.00",""
"01/04/2026 00:00 - 02/04/2026 00:00","CTA|DE(Amprion)","Vianden 5","11WD7VIAN2H-2-5C","Hydro Pumped Storage","11WD7VIAN2H-2-5C","01/04/2026 02:00 - 01/04/2026 03:00","0.00",""
"01/04/2026 00:00 - 02/04/2026 00:00","CTA|DE(Amprion)","Vianden 5","11WD7VIAN2H-2-5C","Hydro Pumped Storage","11WD7VIAN2H-2-5C","01/04/2026 03:00 - 01/04/2026 04:00","0.00",""
"01/04/2026 00:00 - 02/04/2026 00:00","CTA|DE(Amprion)","Vianden 5","11WD7VIAN2H-2-5C","Hydro Pumped Storage","11WD7VIAN2H-2-5C","01/04/2026 04:00 - 01/04/2026 05:00","0.00",""
"01/04/2026 00:00 - 02/04/2026 00:00","CTA|DE(Amprion)","Vianden 5","11WD7VIAN2H-2-5C","Hydro Pumped Storage","11WD7VIAN2H-2-5C","01/04/2026 05:00 - 01/04/2026 06:00","0.00",""
"01/04/2026 00:00 - 02/04/2026 00:00","CTA|DE(Amprion)","Vianden 5","11WD7VIAN2H-2-5C","Hydro Pumped Storage","11WD7VIAN2H-2-5C","01/04/2026 06:00 - 01/04/2026 07:00","0.00",""
"01/04/2026 00:00 - 02/04/2026 00:00","CTA|DE(Amprion)","Vianden 5","11WD7VIAN2H-2-5C","Hydro Pumped Storage","11WD7VIAN2H-2-5C","01/04/2026 07:00 - 01/04/2026 08:00","0.00",""
"01/04/2026 00:00 - 02/04/2026 00:00","CTA|DE(Amprion)","Vianden 5","11WD7VIAN2H-2-5C","Hydro Pumped Storage","11WD7VIAN2H-2-5C","01/04/2026 08:00 - 01/04/2026 09:00","0.00",""
"01/04/2026 00:00 - 02/04/2026 00:00","CTA|DE(Amprion)","Vianden 5","11WD7VIAN2H-2-5C","Hydro Pumped Storage","11WD7VIAN2H-2-5C","01/04/2026 09:00 - 01/04/2026 10:00","0.00",""
"01/04/2026 00:00 - 02/04/2026 00:00","CTA|DE(Amprion)","Vianden 5","11WD7VIAN2H-2-5C","Hydro Pumped Storage","11WD7VIAN2H-2-5C","01/04/2026 10:00 - 01/04/2026 11:00","0.00",""
"01/04/2026 00:00 - 02/04/2026 00:00","CTA|DE(Amprion)","Vianden 5","11WD7VIAN2H-2-5C","Hydro Pumped Storage","11WD7VIAN2H-2-5C","01/04/2026 11:00 - 01/04/2026 12:00","0.00",""
"01/04/2026 00:00 - 02/04/2026 00:00","CTA|DE(Amprion)","Vianden 5","11WD7VIAN2H-2-5C","Hydro Pumped Storage","11WD7VIAN2H-2-5C","01/04/2026 12:00 - 01/04/2026 13:00","0.00",""
"01/04/2026 00:00 - 02/04/2026 00:00","CTA|DE(Amprion)","Vianden 5","11WD7VIAN2H-2-5C","Hydro Pumped Storage","11WD7VIAN2H-2-5C","01/04/2026 13:00 - 01/04/2026 14:00","0.00",""
"01/04/2026 00:00 - 02/04/2026 00:00","CTA|DE(Amprion)","Vianden 5","11WD7VIAN2H-2-5C","Hydro Pumped Storage","11WD7VIAN2H-2-5C","01/04/2026 14:00 - 01/04/2026 15:00","0.00",""
"01/04/2026 00:00 - 02/04/2026 00:00","CTA|DE(Amprion)","Vianden 5","11WD7VIAN2H-2-5C","Hydro Pumped Storage","11WD7VIAN2H-2-5C","01/04/2026 15:00 - 01/04/2026 16:00","0.00",""
"01/04/2026 00:00 - 02/04/2026 00:00","CTA|DE(Amprion)","Vianden 5","11WD7VIAN2H-2-5C","Hydro Pumped Storage","11WD7VIAN2H-2-5C","01/04/2026 16:00 - 01/04/2026 17:00","0.00",""
"01/04/2026 00:00 - 02/04/2026 00:00","CTA|DE(Amprion)","Vianden 5","11WD7VIAN2H-2-5C","Hydro Pumped Storage","11WD7VIAN2H-2-5C","01/04/2026 17:00 - 01/04/2026 18:00","0.00",""
"01/04/2026 00:00 - 02/04/2026 00:00","CTA|DE(Amprion)","Vianden 5","11WD7VIAN2H-2-5C","Hydro Pumped Storage","11WD7VIAN2H-2-5C","01/04/2026 18:00 - 01/04/2026 19:00","0.00",""
"01/04/2026 00:00 - 02/04/2026 00:00","CTA|DE(Amprion)","Vianden 5","11WD7VIAN2H-2-5C","Hydro Pumped Storage","11WD7VIAN2H-2-5C","01/04/2026 19:00 - 01/04/2026 20:00","0.00",""
"01/04/2026 00:00 - 02/04/2026 00:00","CTA|DE(Amprion)","Vianden 5","11WD7VIAN2H-2-5C","Hydro Pumped Storage","11WD7VIAN2H-2-5C","01/04/2026 20:00 - 01/04/2026 21:00","0.00",""
"01/04/2026 00:00 - 02/04/2026 00:00","CTA|DE(Amprion)","Vianden 5","11WD7VIAN2H-2-5C","Hydro Pumped Storage","11WD7VIAN2H-2-5C","01/04/2026 21:00 - 01/04/2026 22:00","0.00",""
"01/04/2026 00:00 - 02/04/2026 00:00","CTA|DE(Amprion)","Vianden 5","11WD7VIAN2H-2-5C","Hydro Pumped Storage","11WD7VIAN2H-2-5C","01/04/2026 22:00 - 01/04/2026 23:00","0.00",""
"01/04/2026 00:00 - 02/04/2026 00:00","CTA|DE(Amprion)","Vianden 5","11WD7VIAN2H-2-5C","Hydro Pumped Storage","11WD7VIAN2H-2-5C","01/04/2026 23:00 - 02/04/2026 00:00","0.00",""
"01/04/2026 00:00 - 02/04/2026 00:00","CTA|DE(Amprion)","Vianden 6","11WD7VIAN2H-2-6A","Hydro Pumped Storage","11WD7VIAN2H-2-6A","01/04/2026 00:00 - 01/04/2026 01:00","0.00",""
"01/04/2026 00:00 - 02/04/2026 00:00","CTA|DE(Amprion)","Vianden 6","11WD7VIAN2H-2-6A","Hydro Pumped Storage","11WD7VIAN2H-2-6A","01/04/2026 01:00 - 01/04/2026 02:00","0.00",""
"01/04/2026 00:00 - 02/04/2026 00:00","CTA|DE(Amprion)","Vianden 6","11WD7VIAN2H-2-6A","Hydro Pumped Storage","11WD7VIAN2H-2-6A","01/04/2026 02:00 - 01/04/2026 03:00","0.00",""
"01/04/2026 00:00 - 02/04/2026 00:00","CTA|DE(Amprion)","Vianden 6","11WD7VIAN2H-2-6A","Hydro Pumped Storage","11WD7VIAN2H-2-6A","01/04/2026 03:00 - 01/04/2026 04:00","0.00",""
"01/04/2026 00:00 - 02/04/2026 00:00","CTA|DE(Amprion)","Vianden 6","11WD7VIAN2H-2-6A","Hydro Pumped Storage","11WD7VIAN2H-2-6A","01/04/2026 04:00 - 01/04/2026 05:00","0.00",""
"01/04/2026 00:00 - 02/04/2026 00:00","CTA|DE(Amprion)","Vianden 6","11WD7VIAN2H-2-6A","Hydro Pumped Storage","11WD7VIAN2H-2-6A","01/04/2026 05:00 - 01/04/2026 06:00","0.00",""
"01/04/2026 00:00 - 02/04/2026 00:00","CTA|DE(Amprion)","Vianden 6","11WD7VIAN2H-2-6A","Hydro Pumped Storage","11WD7VIAN2H-2-6A","01/04/2026 06:00 - 01/04/2026 07:00","45.75",""
"01/04/2026 00:00 - 02/04/2026 00:00","CTA|DE(Amprion)","Vianden 6","11WD7VIAN2H-2-6A","Hydro Pumped Storage","11WD7VIAN2H-2-6A","01/04/2026 07:00 - 01/04/2026 08:00","87.95",""
"01/04/2026 00:00 - 02/04/2026 00:00","CTA|DE(Amprion)","Vianden 6","11WD7VIAN2H-2-6A","Hydro Pumped Storage","11WD7VIAN2H-2-6A","01/04/2026 08:00 - 01/04/2026 09:00","41.48",""
"01/04/2026 00:00 - 02/04/2026 00:00","CTA|DE(Amprion)","Vianden 6","11WD7VIAN2H-2-6A","Hydro Pumped Storage","11WD7VIAN2H-2-6A","01/04/2026 09:00 - 01/04/2026 10:00","0.00",""
"01/04/2026 00:00 - 02/04/2026 00:00","CTA|DE(Amprion)","Vianden 6","11WD7VIAN2H-2-6A","Hydro Pumped Storage","11WD7VIAN2H-2-6A","01/04/2026 10:00 - 01/04/2026 11:00","0.00",""
"01/04/2026 00:00 - 02/04/2026 00:00","CTA|DE(Amprion)","Vianden 6","11WD7VIAN2H-2-6A","Hydro Pumped Storage","11WD7VIAN2H-2-6A","01/04/2026 11:00 - 01/04/2026 12:00","0.00",""
"01/04/2026 00:00 - 02/04/2026 00:00","CTA|DE(Amprion)","Vianden 6","11WD7VIAN2H-2-6A","Hydro Pumped Storage","11WD7VIAN2H-2-6A","01/04/2026 12:00 - 01/04/2026 13:00","0.00",""
"01/04/2026 00:00 - 02/04/2026 00:00","CTA|DE(Amprion)","Vianden 6","11WD7VIAN2H-2-6A","Hydro Pumped Storage","11WD7VIAN2H-2-6A","01/04/2026 13:00 - 01/04/2026 14:00","0.00",""
"01/04/2026 00:00 - 02/04/2026 00:00","CTA|DE(Amprion)","Vianden 6","11WD7VIAN2H-2-6A","Hydro Pumped Storage","11WD7VIAN2H-2-6A","01/04/2026 14:00 - 01/04/2026 15:00","0.00",""
"01/04/2026 00:00 - 02/04/2026 00:00","CTA|DE(Amprion)","Vianden 6","11WD7VIAN2H-2-6A","Hydro Pumped Storage","11WD7VIAN2H-2-6A","01/04/2026 15:00 - 01/04/2026 16:00","0.00",""
"01/04/2026 00:00 - 02/04/2026 00:00","CTA|DE(Amprion)","Vianden 6","11WD7VIAN2H-2-6A","Hydro Pumped Storage","11WD7VIAN2H-2-6A","01/04/2026 16:00 - 01/04/2026 17:00","0.00",""
"01/04/2026 00:00 - 02/04/2026 00:00","CTA|DE(Amprion)","Vianden 6","11WD7VIAN2H-2-6A","Hydro Pumped Storage","11WD7VIAN2H-2-6A","01/04/2026 17:00 - 01/04/2026 18:00","13.05",""
"01/04/2026 00:00 - 02/04/2026 00:00","CTA|DE(Amprion)","Vianden 6","11WD7VIAN2H-2-6A","Hydro Pumped Storage","11WD7VIAN2H-2-6A","01/04/2026 18:00 - 01/04/2026 19:00","32.25",""
"01/04/2026 00:00 - 02/04/2026 00:00","CTA|DE(Amprion)","Vianden 6","11WD7VIAN2H-2-6A","Hydro Pumped Storage","11WD7VIAN2H-2-6A","01/04/2026 19:00 - 01/04/2026 20:00","88.90",""
"01/04/2026 00:00 - 02/04/2026 00:00","CTA|DE(Amprion)","Vianden 6","11WD7VIAN2H-2-6A","Hydro Pumped Storage","11WD7VIAN2H-2-6A","01/04/2026 20:00 - 01/04/2026 21:00","72.17",""
"01/04/2026 00:00 - 02/04/2026 00:00","CTA|DE(Amprion)","Vianden 6","11WD7VIAN2H-2-6A","Hydro Pumped Storage","11WD7VIAN2H-2-6A","01/04/2026 21:00 - 01/04/2026 22:00","40.98",""
"01/04/2026 00:00 - 02/04/2026 00:00","CTA|DE(Amprion)","Vianden 6","11WD7VIAN2H-2-6A","Hydro Pumped Storage","11WD7VIAN2H-2-6A","01/04/2026 22:00 - 01/04/2026 23:00","0.00",""
"01/04/2026 00:00 - 02/04/2026 00:00","CTA|DE(Amprion)","Vianden 6","11WD7VIAN2H-2-6A","Hydro Pumped Storage","11WD7VIAN2H-2-6A","01/04/2026 23:00 - 02/04/2026 00:00","0.00",""
"01/04/2026 00:00 - 02/04/2026 00:00","CTA|DE(Amprion)","Vianden 7","11WD7VIAN2H-2-78","Hydro Pumped Storage","11WD7VIAN2H-2-78","01/04/2026 00:00 - 01/04/2026 01:00","0.00",""
"01/04/2026 00:00 - 02/04/2026 00:00","CTA|DE(Amprion)","Vianden 7","11WD7VIAN2H-2-78","Hydro Pumped Storage","11WD7VIAN2H-2-78","01/04/2026 01:00 - 01/04/2026 02:00","0.00",""
"01/04/2026 00:00 - 02/04/2026 00:00","CTA|DE(Amprion)","Vianden 7","11WD7VIAN2H-2-78","Hydro Pumped Storage","11WD7VIAN2H-2-78","01/04/2026 02:00 - 01/04/2026 03:00","0.00",""
"01/04/2026 00:00 - 02/04/2026 00:00","CTA|DE(Amprion)","Vianden 7","11WD7VIAN2H-2-78","Hydro Pumped Storage","11WD7VIAN2H-2-78","01/04/2026 03:00 - 01/04/2026 04:00","0.00",""
"01/04/2026 00:00 - 02/04/2026 00:00","CTA|DE(Amprion)","Vianden 7","11WD7VIAN2H-2-78","Hydro Pumped Storage","11WD7VIAN2H-2-78","01/04/2026 04:00 - 01/04/2026 05:00","0.00",""
"01/04/2026 00:00 - 02/04/2026 00:00","CTA|DE(Amprion)","Vianden 7","11WD7VIAN2H-2-78","Hydro Pumped Storage","11WD7VIAN2H-2-78","01/04/2026 05:00 - 01/04/2026 06:00","0.00",""
"01/04/2026 00:00 - 02/04/2026 00:00","CTA|DE(Amprion)","Vianden 7","11WD7VIAN2H-2-78","Hydro Pumped Storage","11WD7VIAN2H-2-78","01/04/2026 06:00 - 01/04/2026 07:00","0.00",""
"01/04/2026 00:00 - 02/04/2026 00:00","CTA|DE(Amprion)","Vianden 7","11WD7VIAN2H-2-78","Hydro Pumped Storage","11WD7VIAN2H-2-78","01/04/2026 07:00 - 01/04/2026 08:00","54.17",""
"01/04/2026 00:00 - 02/04/2026 00:00","CTA|DE(Amprion)","Vianden 7","11WD7VIAN2H-2-78","Hydro Pumped Storage","11WD7VIAN2H-2-78","01/04/2026 08:00 - 01/04/2026 09:00","35.60",""
"01/04/2026 00:00 - 02/04/2026 00:00","CTA|DE(Amprion)","Vianden 7","11WD7VIAN2H-2-78","Hydro Pumped Storage","11WD7VIAN2H-2-78","01/04/2026 09:00 - 01/04/2026 10:00","0.00",""
"01/04/2026 00:00 - 02/04/2026 00:00","CTA|DE(Amprion)","Vianden 7","11WD7VIAN2H-2-78","Hydro Pumped Storage","11WD7VIAN2H-2-78","01/04/2026 10:00 - 01/04/2026 11:00","0.00",""
"01/04/2026 00:00 - 02/04/2026 00:00","CTA|DE(Amprion)","Vianden 7","11WD7VIAN2H-2-78","Hydro Pumped Storage","11WD7VIAN2H-2-78","01/04/2026 11:00 - 01/04/2026 12:00","0.00",""
"01/04/2026 00:00 - 02/04/2026 00:00","CTA|DE(Amprion)","Vianden 7","11WD7VIAN2H-2-78","Hydro Pumped Storage","11WD7VIAN2H-2-78","01/04/2026 12:00 - 01/04/2026 13:00","0.00",""
"01/04/2026 00:00 - 02/04/2026 00:00","CTA|DE(Amprion)","Vianden 7","11WD7VIAN2H-2-78","Hydro Pumped Storage","11WD7VIAN2H-2-78","01/04/2026 13:00 - 01/04/2026 14:00","0.00",""
"01/04/2026 00:00 - 02/04/2026 00:00","CTA|DE(Amprion)","Vianden 7","11WD7VIAN2H-2-78","Hydro Pumped Storage","11WD7VIAN2H-2-78","01/04/2026 14:00 - 01/04/2026 15:00","0.00",""
"01/04/2026 00:00 - 02/04/2026 00:00","CTA|DE(Amprion)","Vianden 7","11WD7VIAN2H-2-78","Hydro Pumped Storage","11WD7VIAN2H-2-78","01/04/2026 15:00 - 01/04/2026 16:00","0.00",""
"01/04/2026 00:00 - 02/04/2026 00:00","CTA|DE(Amprion)","Vianden 7","11WD7VIAN2H-2-78","Hydro Pumped Storage","11WD7VIAN2H-2-78","01/04/2026 16:00 - 01/04/2026 17:00","0.00",""
"01/04/2026 00:00 - 02/04/2026 00:00","CTA|DE(Amprion)","Vianden 7","11WD7VIAN2H-2-78","Hydro Pumped Storage","11WD7VIAN2H-2-78","01/04/2026 17:00 - 01/04/2026 18:00","13.88",""
"01/04/2026 00:00 - 02/04/2026 00:00","CTA|DE(Amprion)","Vianden 7","11WD7VIAN2H-2-78","Hydro Pumped Storage","11WD7VIAN2H-2-78","01/04/2026 18:00 - 01/04/2026 19:00","10.53",""
"01/04/2026 00:00 - 02/04/2026 00:00","CTA|DE(Amprion)","Vianden 7","11WD7VIAN2H-2-78","Hydro Pumped Storage","11WD7VIAN2H-2-78","01/04/2026 19:00 - 01/04/2026 20:00","88.50",""
"01/04/2026 00:00 - 02/04/2026 00:00","CTA|DE(Amprion)","Vianden 7","11WD7VIAN2H-2-78","Hydro Pumped Storage","11WD7VIAN2H-2-78","01/04/2026 20:00 - 01/04/2026 21:00","72.45",""
"01/04/2026 00:00 - 02/04/2026 00:00","CTA|DE(Amprion)","Vianden 7","11WD7VIAN2H-2-78","Hydro Pumped Storage","11WD7VIAN2H-2-78","01/04/2026 21:00 - 01/04/2026 22:00","41.95",""
"01/04/2026 00:00 - 02/04/2026 00:00","CTA|DE(Amprion)","Vianden 7","11WD7VIAN2H-2-78","Hydro Pumped Storage","11WD7VIAN2H-2-78","01/04/2026 22:00 - 01/04/2026 23:00","0.00",""
"01/04/2026 00:00 - 02/04/2026 00:00","CTA|DE(Amprion)","Vianden 7","11WD7VIAN2H-2-78","Hydro Pumped Storage","11WD7VIAN2H-2-78","01/04/2026 23:00 - 02/04/2026 00:00","0.00",""
"01/04/2026 00:00 - 02/04/2026 00:00","CTA|DE(Amprion)","Vianden 8","11WD7VIAN2H-2-86","Hydro Pumped Storage","11WD7VIAN2H-2-86","01/04/2026 00:00 - 01/04/2026 01:00","0.00",""
"01/04/2026 00:00 - 02/04/2026 00:00","CTA|DE(Amprion)","Vianden 8","11WD7VIAN2H-2-86","Hydro Pumped Storage","11WD7VIAN2H-2-86","01/04/2026 01:00 - 01/04/2026 02:00","0.00",""
"01/04/2026 00:00 - 02/04/2026 00:00","CTA|DE(Amprion)","Vianden 8","11WD7VIAN2H-2-86","Hydro Pumped Storage","11WD7VIAN2H-2-86","01/04/2026 02:00 - 01/04/2026 03:00","0.00",""
"01/04/2026 00:00 - 02/04/2026 00:00","CTA|DE(Amprion)","Vianden 8","11WD7VIAN2H-2-86","Hydro Pumped Storage","11WD7VIAN2H-2-86","01/04/2026 03:00 - 01/04/2026 04:00","0.00",""
"01/04/2026 00:00 - 02/04/2026 00:00","CTA|DE(Amprion)","Vianden 8","11WD7VIAN2H-2-86","Hydro Pumped Storage","11WD7VIAN2H-2-86","01/04/2026 04:00 - 01/04/2026 05:00","0.00",""
"01/04/2026 00:00 - 02/04/2026 00:00","CTA|DE(Amprion)","Vianden 8","11WD7VIAN2H-2-86","Hydro Pumped Storage","11WD7VIAN2H-2-86","01/04/2026 05:00 - 01/04/2026 06:00","0.00",""
"01/04/2026 00:00 - 02/04/2026 00:00","CTA|DE(Amprion)","Vianden 8","11WD7VIAN2H-2-86","Hydro Pumped Storage","11WD7VIAN2H-2-86","01/04/2026 06:00 - 01/04/2026 07:00","47.50",""
"01/04/2026 00:00 - 02/04/2026 00:00","CTA|DE(Amprion)","Vianden 8","11WD7VIAN2H-2-86","Hydro Pumped Storage","11WD7VIAN2H-2-86","01/04/2026 07:00 - 01/04/2026 08:00","87.20",""
"01/04/2026 00:00 - 02/04/2026 00:00","CTA|DE(Amprion)","Vianden 8","11WD7VIAN2H-2-86","Hydro Pumped Storage","11WD7VIAN2H-2-86","01/04/2026 08:00 - 01/04/2026 09:00","18.90",""
"01/04/2026 00:00 - 02/04/2026 00:00","CTA|DE(Amprion)","Vianden 8","11WD7VIAN2H-2-86","Hydro Pumped Storage","11WD7VIAN2H-2-86","01/04/2026 09:00 - 01/04/2026 10:00","0.00",""
"01/04/2026 00:00 - 02/04/2026 00:00","CTA|DE(Amprion)","Vianden 8","11WD7VIAN2H-2-86","Hydro Pumped Storage","11WD7VIAN2H-2-86","01/04/2026 10:00 - 01/04/2026 11:00","0.00",""
"01/04/2026 00:00 - 02/04/2026 00:00","CTA|DE(Amprion)","Vianden 8","11WD7VIAN2H-2-86","Hydro Pumped Storage","11WD7VIAN2H-2-86","01/04/2026 11:00 - 01/04/2026 12:00","0.00",""
"01/04/2026 00:00 - 02/04/2026 00:00","CTA|DE(Amprion)","Vianden 8","11WD7VIAN2H-2-86","Hydro Pumped Storage","11WD7VIAN2H-2-86","01/04/2026 12:00 - 01/04/2026 13:00","0.00",""
"01/04/2026 00:00 - 02/04/2026 00:00","CTA|DE(Amprion)","Vianden 8","11WD7VIAN2H-2-86","Hydro Pumped Storage","11WD7VIAN2H-2-86","01/04/2026 13:00 - 01/04/2026 14:00","0.00",""
"01/04/2026 00:00 - 02/04/2026 00:00","CTA|DE(Amprion)","Vianden 8","11WD7VIAN2H-2-86","Hydro Pumped Storage","11WD7VIAN2H-2-86","01/04/2026 14:00 - 01/04/2026 15:00","0.00",""
"01/04/2026 00:00 - 02/04/2026 00:00","CTA|DE(Amprion)","Vianden 8","11WD7VIAN2H-2-86","Hydro Pumped Storage","11WD7VIAN2H-2-86","01/04/2026 15:00 - 01/04/2026 16:00","0.00",""
"01/04/2026 00:00 - 02/04/2026 00:00","CTA|DE(Amprion)","Vianden 8","11WD7VIAN2H-2-86","Hydro Pumped Storage","11WD7VIAN2H-2-86","01/04/2026 16:00 - 01/04/2026 17:00","0.00",""
"01/04/2026 00:00 - 02/04/2026 00:00","CTA|DE(Amprion)","Vianden 8","11WD7VIAN2H-2-86","Hydro Pumped Storage","11WD7VIAN2H-2-86","01/04/2026 17:00 - 01/04/2026 18:00","14.28",""
"01/04/2026 00:00 - 02/04/2026 00:00","CTA|DE(Amprion)","Vianden 8","11WD7VIAN2H-2-86","Hydro Pumped Storage","11WD7VIAN2H-2-86","01/04/2026 18:00 - 01/04/2026 19:00","33.67",""
"01/04/2026 00:00 - 02/04/2026 00:00","CTA|DE(Amprion)","Vianden 8","11WD7VIAN2H-2-86","Hydro Pumped Storage","11WD7VIAN2H-2-86","01/04/2026 19:00 - 01/04/2026 20:00","84.30",""
"01/04/2026 00:00 - 02/04/2026 00:00","CTA|DE(Amprion)","Vianden 8","11WD7VIAN2H-2-86","Hydro Pumped Storage","11WD7VIAN2H-2-86","01/04/2026 20:00 - 01/04/2026 21:00","74.10",""
"01/04/2026 00:00 - 02/04/2026 00:00","CTA|DE(Amprion)","Vianden 8","11WD7VIAN2H-2-86","Hydro Pumped Storage","11WD7VIAN2H-2-86","01/04/2026 21:00 - 01/04/2026 22:00","43.05",""
"01/04/2026 00:00 - 02/04/2026 00:00","CTA|DE(Amprion)","Vianden 8","11WD7VIAN2H-2-86","Hydro Pumped Storage","11WD7VIAN2H-2-86","01/04/2026 22:00 - 01/04/2026 23:00","0.00",""
"01/04/2026 00:00 - 02/04/2026 00:00","CTA|DE(Amprion)","Vianden 8","11WD7VIAN2H-2-86","Hydro Pumped Storage","11WD7VIAN2H-2-86","01/04/2026 23:00 - 02/04/2026 00:00","0.00",""
"01/04/2026 00:00 - 02/04/2026 00:00","CTA|DE(Amprion)","Vianden 9","11WD7VIAN2H-2-94","Hydro Pumped Storage","11WD7VIAN2H-2-94","01/04/2026 00:00 - 01/04/2026 01:00","0.00",""
"01/04/2026 00:00 - 02/04/2026 00:00","CTA|DE(Amprion)","Vianden 9","11WD7VIAN2H-2-94","Hydro Pumped Storage","11WD7VIAN2H-2-94","01/04/2026 01:00 - 01/04/2026 02:00","0.00",""
"01/04/2026 00:00 - 02/04/2026 00:00","CTA|DE(Amprion)","Vianden 9","11WD7VIAN2H-2-94","Hydro Pumped Storage","11WD7VIAN2H-2-94","01/04/2026 02:00 - 01/04/2026 03:00","0.00",""
"01/04/2026 00:00 - 02/04/2026 00:00","CTA|DE(Amprion)","Vianden 9","11WD7VIAN2H-2-94","Hydro Pumped Storage","11WD7VIAN2H-2-94","01/04/2026 03:00 - 01/04/2026 04:00","0.00",""
"01/04/2026 00:00 - 02/04/2026 00:00","CTA|DE(Amprion)","Vianden 9","11WD7VIAN2H-2-94","Hydro Pumped Storage","11WD7VIAN2H-2-94","01/04/2026 04:00 - 01/04/2026 05:00","0.00",""
"01/04/2026 00:00 - 02/04/2026 00:00","CTA|DE(Amprion)","Vianden 9","11WD7VIAN2H-2-94","Hydro Pumped Storage","11WD7VIAN2H-2-94","01/04/2026 05:00 - 01/04/2026 06:00","0.00",""
"01/04/2026 00:00 - 02/04/2026 00:00","CTA|DE(Amprion)","Vianden 9","11WD7VIAN2H-2-94","Hydro Pumped Storage","11WD7VIAN2H-2-94","01/04/2026 06:00 - 01/04/2026 07:00","43.70",""
"01/04/2026 00:00 - 02/04/2026 00:00","CTA|DE(Amprion)","Vianden 9","11WD7VIAN2H-2-94","Hydro Pumped Storage","11WD7VIAN2H-2-94","01/04/2026 07:00 - 01/04/2026 08:00","91.70",""
"01/04/2026 00:00 - 02/04/2026 00:00","CTA|DE(Amprion)","Vianden 9","11WD7VIAN2H-2-94","Hydro Pumped Storage","11WD7VIAN2H-2-94","01/04/2026 08:00 - 01/04/2026 09:00","38.88",""
"01/04/2026 00:00 - 02/04/2026 00:00","CTA|DE(Amprion)","Vianden 9","11WD7VIAN2H-2-94","Hydro Pumped Storage","11WD7VIAN2H-2-94","01/04/2026 09:00 - 01/04/2026 10:00","0.00",""
"01/04/2026 00:00 - 02/04/2026 00:00","CTA|DE(Amprion)","Vianden 9","11WD7VIAN2H-2-94","Hydro Pumped Storage","11WD7VIAN2H-2-94","01/04/2026 10:00 - 01/04/2026 11:00","0.00",""
"01/04/2026 00:00 - 02/04/2026 00:00","CTA|DE(Amprion)","Vianden 9","11WD7VIAN2H-2-94","Hydro Pumped Storage","11WD7VIAN2H-2-94","01/04/2026 11:00 - 01/04/2026 12:00","0.00",""
"01/04/2026 00:00 - 02/04/2026 00:00","CTA|DE(Amprion)","Vianden 9","11WD7VIAN2H-2-94","Hydro Pumped Storage","11WD7VIAN2H-2-94","01/04/2026 12:00 - 01/04/2026 13:00","0.00",""
"01/04/2026 00:00 - 02/04/2026 00:00","CTA|DE(Amprion)","Vianden 9","11WD7VIAN2H-2-94","Hydro Pumped Storage","11WD7VIAN2H-2-94","01/04/2026 13:00 - 01/04/2026 14:00","0.00",""
"01/04/2026 00:00 - 02/04/2026 00:00","CTA|DE(Amprion)","Vianden 9","11WD7VIAN2H-2-94","Hydro Pumped Storage","11WD7VIAN2H-2-94","01/04/2026 14:00 - 01/04/2026 15:00","0.00",""
"01/04/2026 00:00 - 02/04/2026 00:00","CTA|DE(Amprion)","Vianden 9","11WD7VIAN2H-2-94","Hydro Pumped Storage","11WD7VIAN2H-2-94","01/04/2026 15:00 - 01/04/2026 16:00","0.00",""
"01/04/2026 00:00 - 02/04/2026 00:00","CTA|DE(Amprion)","Vianden 9","11WD7VIAN2H-2-94","Hydro Pumped Storage","11WD7VIAN2H-2-94","01/04/2026 16:00 - 01/04/2026 17:00","0.00",""
"01/04/2026 00:00 - 02/04/2026 00:00","CTA|DE(Amprion)","Vianden 9","11WD7VIAN2H-2-94","Hydro Pumped Storage","11WD7VIAN2H-2-94","01/04/2026 17:00 - 01/04/2026 18:00","14.05",""
"01/04/2026 00:00 - 02/04/2026 00:00","CTA|DE(Amprion)","Vianden 9","11WD7VIAN2H-2-94","Hydro Pumped Storage","11WD7VIAN2H-2-94","01/04/2026 18:00 - 01/04/2026 19:00","33.15",""
"01/04/2026 00:00 - 02/04/2026 00:00","CTA|DE(Amprion)","Vianden 9","11WD7VIAN2H-2-94","Hydro Pumped Storage","11WD7VIAN2H-2-94","01/04/2026 19:00 - 01/04/2026 20:00","90.05",""
"01/04/2026 00:00 - 02/04/2026 00:00","CTA|DE(Amprion)","Vianden 9","11WD7VIAN2H-2-94","Hydro Pumped Storage","11WD7VIAN2H-2-94","01/04/2026 20:00 - 01/04/2026 21:00","70.85",""
"01/04/2026 00:00 - 02/04/2026 00:00","CTA|DE(Amprion)","Vianden 9","11WD7VIAN2H-2-94","Hydro Pumped Storage","11WD7VIAN2H-2-94","01/04/2026 21:00 - 01/04/2026 22:00","42.52",""
"01/04/2026 00:00 - 02/04/2026 00:00","CTA|DE(Amprion)","Vianden 9","11WD7VIAN2H-2-94","Hydro Pumped Storage","11WD7VIAN2H-2-94","01/04/2026 22:00 - 01/04/2026 23:00","0.00",""
"01/04/2026 00:00 - 02/04/2026 00:00","CTA|DE(Amprion)","Vianden 9","11WD7VIAN2H-2-94","Hydro Pumped Storage","11WD7VIAN2H-2-94","01/04/2026 23:00 - 02/04/2026 00:00","0.00",""
"01/04/2026 00:00 - 02/04/2026 00:00","CTA|DE(Amprion)","VOELKLINGEN_HKV","11WD7VOLK5S-HKVM","Fossil Hard coal","11WD7VOLK5S-HKVM","01/04/2026 00:00 - 01/04/2026 01:00","0.00",""
"01/04/2026 00:00 - 02/04/2026 00:00","CTA|DE(Amprion)","VOELKLINGEN_HKV","11WD7VOLK5S-HKVM","Fossil Hard coal","11WD7VOLK5S-HKVM","01/04/2026 01:00 - 01/04/2026 02:00","0.00",""
"01/04/2026 00:00 - 02/04/2026 00:00","CTA|DE(Amprion)","VOELKLINGEN_HKV","11WD7VOLK5S-HKVM","Fossil Hard coal","11WD7VOLK5S-HKVM","01/04/2026 02:00 - 01/04/2026 03:00","0.00",""
"01/04/2026 00:00 - 02/04/2026 00:00","CTA|DE(Amprion)","VOELKLINGEN_HKV","11WD7VOLK5S-HKVM","Fossil Hard coal","11WD7VOLK5S-HKVM","01/04/2026 03:00 - 01/04/2026 04:00","0.00",""
"01/04/2026 00:00 - 02/04/2026 00:00","CTA|DE(Amprion)","VOELKLINGEN_HKV","11WD7VOLK5S-HKVM","Fossil Hard coal","11WD7VOLK5S-HKVM","01/04/2026 04:00 - 01/04/2026 05:00","0.00",""
"01/04/2026 00:00 - 02/04/2026 00:00","CTA|DE(Amprion)","VOELKLINGEN_HKV","11WD7VOLK5S-HKVM","Fossil Hard coal","11WD7VOLK5S-HKVM","01/04/2026 05:00 - 01/04/2026 06:00","0.00",""
"01/04/2026 00:00 - 02/04/2026 00:00","CTA|DE(Amprion)","VOELKLINGEN_HKV","11WD7VOLK5S-HKVM","Fossil Hard coal","11WD7VOLK5S-HKVM","01/04/2026 06:00 - 01/04/2026 07:00","0.00",""
"01/04/2026 00:00 - 02/04/2026 00:00","CTA|DE(Amprion)","VOELKLINGEN_HKV","11WD7VOLK5S-HKVM","Fossil Hard coal","11WD7VOLK5S-HKVM","01/04/2026 07:00 - 01/04/2026 08:00","0.00",""
"01/04/2026 00:00 - 02/04/2026 00:00","CTA|DE(Amprion)","VOELKLINGEN_HKV","11WD7VOLK5S-HKVM","Fossil Hard coal","11WD7VOLK5S-HKVM","01/04/2026 08:00 - 01/04/2026 09:00","0.00",""
"01/04/2026 00:00 - 02/04/2026 00:00","CTA|DE(Amprion)","VOELKLINGEN_HKV","11WD7VOLK5S-HKVM","Fossil Hard coal","11WD7VOLK5S-HKVM","01/04/2026 09:00 - 01/04/2026 10:00","0.00",""
"01/04/2026 00:00 - 02/04/2026 00:00","CTA|DE(Amprion)","VOELKLINGEN_HKV","11WD7VOLK5S-HKVM","Fossil Hard coal","11WD7VOLK5S-HKVM","01/04/2026 10:00 - 01/04/2026 11:00","0.00",""
"01/04/2026 00:00 - 02/04/2026 00:00","CTA|DE(Amprion)","VOELKLINGEN_HKV","11WD7VOLK5S-HKVM","Fossil Hard coal","11WD7VOLK5S-HKVM","01/04/2026 11:00 - 01/04/2026 12:00","0.00",""
"01/04/2026 00:00 - 02/04/2026 00:00","CTA|DE(Amprion)","VOELKLINGEN_HKV","11WD7VOLK5S-HKVM","Fossil Hard coal","11WD7VOLK5S-HKVM","01/04/2026 12:00 - 01/04/2026 13:00","0.00",""
"01/04/2026 00:00 - 02/04/2026 00:00","CTA|DE(Amprion)","VOELKLINGEN_HKV","11WD7VOLK5S-HKVM","Fossil Hard coal","11WD7VOLK5S-HKVM","01/04/2026 13:00 - 01/04/2026 14:00","0.00",""
"01/04/2026 00:00 - 02/04/2026 00:00","CTA|DE(Amprion)","VOELKLINGEN_HKV","11WD7VOLK5S-HKVM","Fossil Hard coal","11WD7VOLK5S-HKVM","01/04/2026 14:00 - 01/04/2026 15:00","0.00",""
"01/04/2026 00:00 - 02/04/2026 00:00","CTA|DE(Amprion)","VOELKLINGEN_HKV","11WD7VOLK5S-HKVM","Fossil Hard coal","11WD7VOLK5S-HKVM","01/04/2026 15:00 - 01/04/2026 16:00","0.00",""
"01/04/2026 00:00 - 02/04/2026 00:00","CTA|DE(Amprion)","VOELKLINGEN_HKV","11WD7VOLK5S-HKVM","Fossil Hard coal","11WD7VOLK5S-HKVM","01/04/2026 16:00 - 01/04/2026 17:00","0.00",""
"01/04/2026 00:00 - 02/04/2026 00:00","CTA|DE(Amprion)","VOELKLINGEN_HKV","11WD7VOLK5S-HKVM","Fossil Hard coal","11WD7VOLK5S-HKVM","01/04/2026 17:00 - 01/04/2026 18:00","0.00",""
"01/04/2026 00:00 - 02/04/2026 00:00","CTA|DE(Amprion)","VOELKLINGEN_HKV","11WD7VOLK5S-HKVM","Fossil Hard coal","11WD7VOLK5S-HKVM","01/04/2026 18:00 - 01/04/2026 19:00","0.00",""
"01/04/2026 00:00 - 02/04/2026 00:00","CTA|DE(Amprion)","VOELKLINGEN_HKV","11WD7VOLK5S-HKVM","Fossil Hard coal","11WD7VOLK5S-HKVM","01/04/2026 19:00 - 01/04/2026 20:00","0.00",""
"01/04/2026 00:00 - 02/04/2026 00:00","CTA|DE(Amprion)","VOELKLINGEN_HKV","11WD7VOLK5S-HKVM","Fossil Hard coal","11WD7VOLK5S-HKVM","01/04/2026 20:00 - 01/04/2026 21:00","0.00",""
"01/04/2026 00:00 - 02/04/2026 00:00","CTA|DE(Amprion)","VOELKLINGEN_HKV","11WD7VOLK5S-HKVM","Fossil Hard coal","11WD7VOLK5S-HKVM","01/04/2026 21:00 - 01/04/2026 22:00","0.00",""
"01/04/2026 00:00 - 02/04/2026 00:00","CTA|DE(Amprion)","VOELKLINGEN_HKV","11WD7VOLK5S-HKVM","Fossil Hard coal","11WD7VOLK5S-HKVM","01/04/2026 22:00 - 01/04/2026 23:00","0.00",""
"01/04/2026 00:00 - 02/04/2026 00:00","CTA|DE(Amprion)","VOELKLINGEN_HKV","11WD7VOLK5S-HKVM","Fossil Hard coal","11WD7VOLK5S-HKVM","01/04/2026 23:00 - 02/04/2026 00:00","0.00",""
"01/04/2026 00:00 - 02/04/2026 00:00","CTA|DE(Amprion)","VOELKLINGEN_MKV","11WD7VOLK5S-MKV2","Fossil Hard coal","11WD7VOLK5S-MKV2","01/04/2026 00:00 - 01/04/2026 01:00","0.00",""
"01/04/2026 00:00 - 02/04/2026 00:00","CTA|DE(Amprion)","VOELKLINGEN_MKV","11WD7VOLK5S-MKV2","Fossil Hard coal","11WD7VOLK5S-MKV2","01/04/2026 01:00 - 01/04/2026 02:00","0.00",""
"01/04/2026 00:00 - 02/04/2026 00:00","CTA|DE(Amprion)","VOELKLINGEN_MKV","11WD7VOLK5S-MKV2","Fossil Hard coal","11WD7VOLK5S-MKV2","01/04/2026 02:00 - 01/04/2026 03:00","0.00",""
"01/04/2026 00:00 - 02/04/2026 00:00","CTA|DE(Amprion)","VOELKLINGEN_MKV","11WD7VOLK5S-MKV2","Fossil Hard coal","11WD7VOLK5S-MKV2","01/04/2026 03:00 - 01/04/2026 04:00","0.00",""
"01/04/2026 00:00 - 02/04/2026 00:00","CTA|DE(Amprion)","VOELKLINGEN_MKV","11WD7VOLK5S-MKV2","Fossil Hard coal","11WD7VOLK5S-MKV2","01/04/2026 04:00 - 01/04/2026 05:00","0.00",""
"01/04/2026 00:00 - 02/04/2026 00:00","CTA|DE(Amprion)","VOELKLINGEN_MKV","11WD7VOLK5S-MKV2","Fossil Hard coal","11WD7VOLK5S-MKV2","01/04/2026 05:00 - 01/04/2026 06:00","0.00",""
"01/04/2026 00:00 - 02/04/2026 00:00","CTA|DE(Amprion)","VOELKLINGEN_MKV","11WD7VOLK5S-MKV2","Fossil Hard coal","11WD7VOLK5S-MKV2","01/04/2026 06:00 - 01/04/2026 07:00","0.00",""
"01/04/2026 00:00 - 02/04/2026 00:00","CTA|DE(Amprion)","VOELKLINGEN_MKV","11WD7VOLK5S-MKV2","Fossil Hard coal","11WD7VOLK5S-MKV2","01/04/2026 07:00 - 01/04/2026 08:00","0.00",""
"01/04/2026 00:00 - 02/04/2026 00:00","CTA|DE(Amprion)","VOELKLINGEN_MKV","11WD7VOLK5S-MKV2","Fossil Hard coal","11WD7VOLK5S-MKV2","01/04/2026 08:00 - 01/04/2026 09:00","0.00",""
"01/04/2026 00:00 - 02/04/2026 00:00","CTA|DE(Amprion)","VOELKLINGEN_MKV","11WD7VOLK5S-MKV2","Fossil Hard coal","11WD7VOLK5S-MKV2","01/04/2026 09:00 - 01/04/2026 10:00","0.00",""
"01/04/2026 00:00 - 02/04/2026 00:00","CTA|DE(Amprion)","VOELKLINGEN_MKV","11WD7VOLK5S-MKV2","Fossil Hard coal","11WD7VOLK5S-MKV2","01/04/2026 10:00 - 01/04/2026 11:00","0.00",""
"01/04/2026 00:00 - 02/04/2026 00:00","CTA|DE(Amprion)","VOELKLINGEN_MKV","11WD7VOLK5S-MKV2","Fossil Hard coal","11WD7VOLK5S-MKV2","01/04/2026 11:00 - 01/04/2026 12:00","0.00",""
"01/04/2026 00:00 - 02/04/2026 00:00","CTA|DE(Amprion)","VOELKLINGEN_MKV","11WD7VOLK5S-MKV2","Fossil Hard coal","11WD7VOLK5S-MKV2","01/04/2026 12:00 - 01/04/2026 13:00","0.00",""
"01/04/2026 00:00 - 02/04/2026 00:00","CTA|DE(Amprion)","VOELKLINGEN_MKV","11WD7VOLK5S-MKV2","Fossil Hard coal","11WD7VOLK5S-MKV2","01/04/2026 13:00 - 01/04/2026 14:00","0.00",""
"01/04/2026 00:00 - 02/04/2026 00:00","CTA|DE(Amprion)","VOELKLINGEN_MKV","11WD7VOLK5S-MKV2","Fossil Hard coal","11WD7VOLK5S-MKV2","01/04/2026 14:00 - 01/04/2026 15:00","0.00",""
"01/04/2026 00:00 - 02/04/2026 00:00","CTA|DE(Amprion)","VOELKLINGEN_MKV","11WD7VOLK5S-MKV2","Fossil Hard coal","11WD7VOLK5S-MKV2","01/04/2026 15:00 - 01/04/2026 16:00","0.00",""
"01/04/2026 00:00 - 02/04/2026 00:00","CTA|DE(Amprion)","VOELKLINGEN_MKV","11WD7VOLK5S-MKV2","Fossil Hard coal","11WD7VOLK5S-MKV2","01/04/2026 16:00 - 01/04/2026 17:00","0.00",""
"01/04/2026 00:00 - 02/04/2026 00:00","CTA|DE(Amprion)","VOELKLINGEN_MKV","11WD7VOLK5S-MKV2","Fossil Hard coal","11WD7VOLK5S-MKV2","01/04/2026 17:00 - 01/04/2026 18:00","0.00",""
"01/04/2026 00:00 - 02/04/2026 00:00","CTA|DE(Amprion)","VOELKLINGEN_MKV","11WD7VOLK5S-MKV2","Fossil Hard coal","11WD7VOLK5S-MKV2","01/04/2026 18:00 - 01/04/2026 19:00","0.00",""
"01/04/2026 00:00 - 02/04/2026 00:00","CTA|DE(Amprion)","VOELKLINGEN_MKV","11WD7VOLK5S-MKV2","Fossil Hard coal","11WD7VOLK5S-MKV2","01/04/2026 19:00 - 01/04/2026 20:00","0.00",""
"01/04/2026 00:00 - 02/04/2026 00:00","CTA|DE(Amprion)","VOELKLINGEN_MKV","11WD7VOLK5S-MKV2","Fossil Hard coal","11WD7VOLK5S-MKV2","01/04/2026 20:00 - 01/04/2026 21:00","0.00",""
"01/04/2026 00:00 - 02/04/2026 00:00","CTA|DE(Amprion)","VOELKLINGEN_MKV","11WD7VOLK5S-MKV2","Fossil Hard coal","11WD7VOLK5S-MKV2","01/04/2026 21:00 - 01/04/2026 22:00","0.00",""
"01/04/2026 00:00 - 02/04/2026 00:00","CTA|DE(Amprion)","VOELKLINGEN_MKV","11WD7VOLK5S-MKV2","Fossil Hard coal","11WD7VOLK5S-MKV2","01/04/2026 22:00 - 01/04/2026 23:00","0.00",""
"01/04/2026 00:00 - 02/04/2026 00:00","CTA|DE(Amprion)","VOELKLINGEN_MKV","11WD7VOLK5S-MKV2","Fossil Hard coal","11WD7VOLK5S-MKV2","01/04/2026 23:00 - 02/04/2026 00:00","0.00",""
"01/04/2026 00:00 - 02/04/2026 00:00","CTA|DE(Amprion)","WALSUM_10","11WD7WALS1S--10A","Fossil Hard coal","11WD7WALS1S--10A","01/04/2026 00:00 - 01/04/2026 00:15","689.50",""
"01/04/2026 00:00 - 02/04/2026 00:00","CTA|DE(Amprion)","WALSUM_10","11WD7WALS1S--10A","Fossil Hard coal","11WD7WALS1S--10A","01/04/2026 00:15 - 01/04/2026 00:30","693.10",""
"01/04/2026 00:00 - 02/04/2026 00:00","CTA|DE(Amprion)","WALSUM_10","11WD7WALS1S--10A","Fossil Hard coal","11WD7WALS1S--10A","01/04/2026 00:30 - 01/04/2026 00:45","693.70",""
"01/04/2026 00:00 - 02/04/2026 00:00","CTA|DE(Amprion)","WALSUM_10","11WD7WALS1S--10A","Fossil Hard coal","11WD7WALS1S--10A","01/04/2026 00:45 - 01/04/2026 01:00","691.40",""
"01/04/2026 00:00 - 02/04/2026 00:00","CTA|DE(Amprion)","WALSUM_10","11WD7WALS1S--10A","Fossil Hard coal","11WD7WALS1S--10A","01/04/2026 01:00 - 01/04/2026 01:15","691.40",""
"01/04/2026 00:00 - 02/04/2026 00:00","CTA|DE(Amprion)","WALSUM_10","11WD7WALS1S--10A","Fossil Hard coal","11WD7WALS1S--10A","01/04/2026 01:15 - 01/04/2026 01:30","691.60",""
"01/04/2026 00:00 - 02/04/2026 00:00","CTA|DE(Amprion)","WALSUM_10","11WD7WALS1S--10A","Fossil Hard coal","11WD7WALS1S--10A","01/04/2026 01:30 - 01/04/2026 01:45","694.70",""
"01/04/2026 00:00 - 02/04/2026 00:00","CTA|DE(Amprion)","WALSUM_10","11WD7WALS1S--10A","Fossil Hard coal","11WD7WALS1S--10A","01/04/2026 01:45 - 01/04/2026 02:00","694.10",""
"01/04/2026 00:00 - 02/04/2026 00:00","CTA|DE(Amprion)","WALSUM_10","11WD7WALS1S--10A","Fossil Hard coal","11WD7WALS1S--10A","01/04/2026 02:00 - 01/04/2026 02:15","692.00",""
"01/04/2026 00:00 - 02/04/2026 00:00","CTA|DE(Amprion)","WALSUM_10","11WD7WALS1S--10A","Fossil Hard coal","11WD7WALS1S--10A","01/04/2026 02:15 - 01/04/2026 02:30","690.00",""
"01/04/2026 00:00 - 02/04/2026 00:00","CTA|DE(Amprion)","WALSUM_10","11WD7WALS1S--10A","Fossil Hard coal","11WD7WALS1S--10A","01/04/2026 02:30 - 01/04/2026 02:45","688.70",""
"01/04/2026 00:00 - 02/04/2026 00:00","CTA|DE(Amprion)","WALSUM_10","11WD7WALS1S--10A","Fossil Hard coal","11WD7WALS1S--10A","01/04/2026 02:45 - 01/04/2026 03:00","688.90",""
"01/04/2026 00:00 - 02/04/2026 00:00","CTA|DE(Amprion)","WALSUM_10","11WD7WALS1S--10A","Fossil Hard coal","11WD7WALS1S--10A","01/04/2026 03:00 - 01/04/2026 03:15","691.40",""
"01/04/2026 00:00 - 02/04/2026 00:00","CTA|DE(Amprion)","WALSUM_10","11WD7WALS1S--10A","Fossil Hard coal","11WD7WALS1S--10A","01/04/2026 03:15 - 01/04/2026 03:30","693.30",""
"01/04/2026 00:00 - 02/04/2026 00:00","CTA|DE(Amprion)","WALSUM_10","11WD7WALS1S--10A","Fossil Hard coal","11WD7WALS1S--10A","01/04/2026 03:30 - 01/04/2026 03:45","692.90",""
"01/04/2026 00:00 - 02/04/2026 00:00","CTA|DE(Amprion)","WALSUM_10","11WD7WALS1S--10A","Fossil Hard coal","11WD7WALS1S--10A","01/04/2026 03:45 - 01/04/2026 04:00","691.60",""
"01/04/2026 00:00 - 02/04/2026 00:00","CTA|DE(Amprion)","WALSUM_10","11WD7WALS1S--10A","Fossil Hard coal","11WD7WALS1S--10A","01/04/2026 04:00 - 01/04/2026 04:15","688.10",""
"01/04/2026 00:00 - 02/04/2026 00:00","CTA|DE(Amprion)","WALSUM_10","11WD7WALS1S--10A","Fossil Hard coal","11WD7WALS1S--10A","01/04/2026 04:15 - 01/04/2026 04:30","687.90",""
"01/04/2026 00:00 - 02/04/2026 00:00","CTA|DE(Amprion)","WALSUM_10","11WD7WALS1S--10A","Fossil Hard coal","11WD7WALS1S--10A","01/04/2026 04:30 - 01/04/2026 04:45","693.30",""
"01/04/2026 00:00 - 02/04/2026 00:00","CTA|DE(Amprion)","WALSUM_10","11WD7WALS1S--10A","Fossil Hard coal","11WD7WALS1S--10A","01/04/2026 04:45 - 01/04/2026 05:00","693.90",""
"01/04/2026 00:00 - 02/04/2026 00:00","CTA|DE(Amprion)","WALSUM_10","11WD7WALS1S--10A","Fossil Hard coal","11WD7WALS1S--10A","01/04/2026 05:00 - 01/04/2026 05:15","693.50",""
"01/04/2026 00:00 - 02/04/2026 00:00","CTA|DE(Amprion)","WALSUM_10","11WD7WALS1S--10A","Fossil Hard coal","11WD7WALS1S--10A","01/04/2026 05:15 - 01/04/2026 05:30","691.40",""
"01/04/2026 00:00 - 02/04/2026 00:00","CTA|DE(Amprion)","WALSUM_10","11WD7WALS1S--10A","Fossil Hard coal","11WD7WALS1S--10A","01/04/2026 05:30 - 01/04/2026 05:45","689.30",""
"01/04/2026 00:00 - 02/04/2026 00:00","CTA|DE(Amprion)","WALSUM_10","11WD7WALS1S--10A","Fossil Hard coal","11WD7WALS1S--10A","01/04/2026 05:45 - 01/04/2026 06:00","686.60",""
"01/04/2026 00:00 - 02/04/2026 00:00","CTA|DE(Amprion)","WALSUM_10","11WD7WALS1S--10A","Fossil Hard coal","11WD7WALS1S--10A","01/04/2026 06:00 - 01/04/2026 06:15","690.80",""
"01/04/2026 00:00 - 02/04/2026 00:00","CTA|DE(Amprion)","WALSUM_10","11WD7WALS1S--10A","Fossil Hard coal","11WD7WALS1S--10A","01/04/2026 06:15 - 01/04/2026 06:30","693.70",""
"01/04/2026 00:00 - 02/04/2026 00:00","CTA|DE(Amprion)","WALSUM_10","11WD7WALS1S--10A","Fossil Hard coal","11WD7WALS1S--10A","01/04/2026 06:30 - 01/04/2026 06:45","692.20",""
"01/04/2026 00:00 - 02/04/2026 00:00","CTA|DE(Amprion)","WALSUM_10","11WD7WALS1S--10A","Fossil Hard coal","11WD7WALS1S--10A","01/04/2026 06:45 - 01/04/2026 07:00","691.00",""
"01/04/2026 00:00 - 02/04/2026 00:00","CTA|DE(Amprion)","WALSUM_10","11WD7WALS1S--10A","Fossil Hard coal","11WD7WALS1S--10A","01/04/2026 07:00 - 01/04/2026 07:15","686.00",""
"01/04/2026 00:00 - 02/04/2026 00:00","CTA|DE(Amprion)","WALSUM_10","11WD7WALS1S--10A","Fossil Hard coal","11WD7WALS1S--10A","01/04/2026 07:15 - 01/04/2026 07:30","689.50",""
"01/04/2026 00:00 - 02/04/2026 00:00","CTA|DE(Amprion)","WALSUM_10","11WD7WALS1S--10A","Fossil Hard coal","11WD7WALS1S--10A","01/04/2026 07:30 - 01/04/2026 07:45","693.30",""
"01/04/2026 00:00 - 02/04/2026 00:00","CTA|DE(Amprion)","WALSUM_10","11WD7WALS1S--10A","Fossil Hard coal","11WD7WALS1S--10A","01/04/2026 07:45 - 01/04/2026 08:00","692.40",""
"01/04/2026 00:00 - 02/04/2026 00:00","CTA|DE(Amprion)","WALSUM_10","11WD7WALS1S--10A","Fossil Hard coal","11WD7WALS1S--10A","01/04/2026 08:00 - 01/04/2026 08:15","689.30",""
"01/04/2026 00:00 - 02/04/2026 00:00","CTA|DE(Amprion)","WALSUM_10","11WD7WALS1S--10A","Fossil Hard coal","11WD7WALS1S--10A","01/04/2026 08:15 - 01/04/2026 08:30","688.70",""
"01/04/2026 00:00 - 02/04/2026 00:00","CTA|DE(Amprion)","WALSUM_10","11WD7WALS1S--10A","Fossil Hard coal","11WD7WALS1S--10A","01/04/2026 08:30 - 01/04/2026 08:45","687.00",""
"01/04/2026 00:00 - 02/04/2026 00:00","CTA|DE(Amprion)","WALSUM_10","11WD7WALS1S--10A","Fossil Hard coal","11WD7WALS1S--10A","01/04/2026 08:45 - 01/04/2026 09:00","688.10",""
"01/04/2026 00:00 - 02/04/2026 00:00","CTA|DE(Amprion)","WALSUM_10","11WD7WALS1S--10A","Fossil Hard coal","11WD7WALS1S--10A","01/04/2026 09:00 - 01/04/2026 09:15","685.40",""
"01/04/2026 00:00 - 02/04/2026 00:00","CTA|DE(Amprion)","WALSUM_10","11WD7WALS1S--10A","Fossil Hard coal","11WD7WALS1S--10A","01/04/2026 09:15 - 01/04/2026 09:30","686.40",""
"01/04/2026 00:00 - 02/04/2026 00:00","CTA|DE(Amprion)","WALSUM_10","11WD7WALS1S--10A","Fossil Hard coal","11WD7WALS1S--10A","01/04/2026 09:30 - 01/04/2026 09:45","686.40",""
"01/04/2026 00:00 - 02/04/2026 00:00","CTA|DE(Amprion)","WALSUM_10","11WD7WALS1S--10A","Fossil Hard coal","11WD7WALS1S--10A","01/04/2026 09:45 - 01/04/2026 10:00","685.80",""
"01/04/2026 00:00 - 02/04/2026 00:00","CTA|DE(Amprion)","WALSUM_10","11WD7WALS1S--10A","Fossil Hard coal","11WD7WALS1S--10A","01/04/2026 10:00 - 01/04/2026 10:15","686.40",""
"01/04/2026 00:00 - 02/04/2026 00:00","CTA|DE(Amprion)","WALSUM_10","11WD7WALS1S--10A","Fossil Hard coal","11WD7WALS1S--10A","01/04/2026 10:15 - 01/04/2026 10:30","692.00",""
"01/04/2026 00:00 - 02/04/2026 00:00","CTA|DE(Amprion)","WALSUM_10","11WD7WALS1S--10A","Fossil Hard coal","11WD7WALS1S--10A","01/04/2026 10:30 - 01/04/2026 10:45","691.60",""
"01/04/2026 00:00 - 02/04/2026 00:00","CTA|DE(Amprion)","WALSUM_10","11WD7WALS1S--10A","Fossil Hard coal","11WD7WALS1S--10A","01/04/2026 10:45 - 01/04/2026 11:00","692.40",""
"01/04/2026 00:00 - 02/04/2026 00:00","CTA|DE(Amprion)","WALSUM_10","11WD7WALS1S--10A","Fossil Hard coal","11WD7WALS1S--10A","01/04/2026 11:00 - 01/04/2026 11:15","693.30",""
"01/04/2026 00:00 - 02/04/2026 00:00","CTA|DE(Amprion)","WALSUM_10","11WD7WALS1S--10A","Fossil Hard coal","11WD7WALS1S--10A","01/04/2026 11:15 - 01/04/2026 11:30","693.70",""
"01/04/2026 00:00 - 02/04/2026 00:00","CTA|DE(Amprion)","WALSUM_10","11WD7WALS1S--10A","Fossil Hard coal","11WD7WALS1S--10A","01/04/2026 11:30 - 01/04/2026 11:45","694.90",""
"01/04/2026 00:00 - 02/04/2026 00:00","CTA|DE(Amprion)","WALSUM_10","11WD7WALS1S--10A","Fossil Hard coal","11WD7WALS1S--10A","01/04/2026 11:45 - 01/04/2026 12:00","696.60",""
"01/04/2026 00:00 - 02/04/2026 00:00","CTA|DE(Amprion)","WALSUM_10","11WD7WALS1S--10A","Fossil Hard coal","11WD7WALS1S--10A","01/04/2026 12:00 - 01/04/2026 12:15","692.70",""
"01/04/2026 00:00 - 02/04/2026 00:00","CTA|DE(Amprion)","WALSUM_10","11WD7WALS1S--10A","Fossil Hard coal","11WD7WALS1S--10A","01/04/2026 12:15 - 01/04/2026 12:30","688.10",""
"01/04/2026 00:00 - 02/04/2026 00:00","CTA|DE(Amprion)","WALSUM_10","11WD7WALS1S--10A","Fossil Hard coal","11WD7WALS1S--10A","01/04/2026 12:30 - 01/04/2026 12:45","687.50",""
"01/04/2026 00:00 - 02/04/2026 00:00","CTA|DE(Amprion)","WALSUM_10","11WD7WALS1S--10A","Fossil Hard coal","11WD7WALS1S--10A","01/04/2026 12:45 - 01/04/2026 13:00","686.20",""
"01/04/2026 00:00 - 02/04/2026 00:00","CTA|DE(Amprion)","WALSUM_10","11WD7WALS1S--10A","Fossil Hard coal","11WD7WALS1S--10A","01/04/2026 13:00 - 01/04/2026 13:15","633.80",""
"01/04/2026 00:00 - 02/04/2026 00:00","CTA|DE(Amprion)","WALSUM_10","11WD7WALS1S--10A","Fossil Hard coal","11WD7WALS1S--10A","01/04/2026 13:15 - 01/04/2026 13:30","590.80",""
"01/04/2026 00:00 - 02/04/2026 00:00","CTA|DE(Amprion)","WALSUM_10","11WD7WALS1S--10A","Fossil Hard coal","11WD7WALS1S--10A","01/04/2026 13:30 - 01/04/2026 13:45","511.90",""
"01/04/2026 00:00 - 02/04/2026 00:00","CTA|DE(Amprion)","WALSUM_10","11WD7WALS1S--10A","Fossil Hard coal","11WD7WALS1S--10A","01/04/2026 13:45 - 01/04/2026 14:00","466.90",""
"01/04/2026 00:00 - 02/04/2026 00:00","CTA|DE(Amprion)","WALSUM_10","11WD7WALS1S--10A","Fossil Hard coal","11WD7WALS1S--10A","01/04/2026 14:00 - 01/04/2026 14:15","438.10",""
"01/04/2026 00:00 - 02/04/2026 00:00","CTA|DE(Amprion)","WALSUM_10","11WD7WALS1S--10A","Fossil Hard coal","11WD7WALS1S--10A","01/04/2026 14:15 - 01/04/2026 14:30","435.50",""
"01/04/2026 00:00 - 02/04/2026 00:00","CTA|DE(Amprion)","WALSUM_10","11WD7WALS1S--10A","Fossil Hard coal","11WD7WALS1S--10A","01/04/2026 14:30 - 01/04/2026 14:45","521.90",""
"01/04/2026 00:00 - 02/04/2026 00:00","CTA|DE(Amprion)","WALSUM_10","11WD7WALS1S--10A","Fossil Hard coal","11WD7WALS1S--10A","01/04/2026 14:45 - 01/04/2026 15:00","633.40",""
"01/04/2026 00:00 - 02/04/2026 00:00","CTA|DE(Amprion)","WALSUM_10","11WD7WALS1S--10A","Fossil Hard coal","11WD7WALS1S--10A","01/04/2026 15:00 - 01/04/2026 15:15","688.10",""
"01/04/2026 00:00 - 02/04/2026 00:00","CTA|DE(Amprion)","WALSUM_10","11WD7WALS1S--10A","Fossil Hard coal","11WD7WALS1S--10A","01/04/2026 15:15 - 01/04/2026 15:30","693.50",""
"01/04/2026 00:00 - 02/04/2026 00:00","CTA|DE(Amprion)","WALSUM_10","11WD7WALS1S--10A","Fossil Hard coal","11WD7WALS1S--10A","01/04/2026 15:30 - 01/04/2026 15:45","685.80",""
"01/04/2026 00:00 - 02/04/2026 00:00","CTA|DE(Amprion)","WALSUM_10","11WD7WALS1S--10A","Fossil Hard coal","11WD7WALS1S--10A","01/04/2026 15:45 - 01/04/2026 16:00","588.30",""
"01/04/2026 00:00 - 02/04/2026 00:00","CTA|DE(Amprion)","WALSUM_10","11WD7WALS1S--10A","Fossil Hard coal","11WD7WALS1S--10A","01/04/2026 16:00 - 01/04/2026 16:15","481.70",""
"01/04/2026 00:00 - 02/04/2026 00:00","CTA|DE(Amprion)","WALSUM_10","11WD7WALS1S--10A","Fossil Hard coal","11WD7WALS1S--10A","01/04/2026 16:15 - 01/04/2026 16:30","392.30",""
"01/04/2026 00:00 - 02/04/2026 00:00","CTA|DE(Amprion)","WALSUM_10","11WD7WALS1S--10A","Fossil Hard coal","11WD7WALS1S--10A","01/04/2026 16:30 - 01/04/2026 16:45","302.80",""
"01/04/2026 00:00 - 02/04/2026 00:00","CTA|DE(Amprion)","WALSUM_10","11WD7WALS1S--10A","Fossil Hard coal","11WD7WALS1S--10A","01/04/2026 16:45 - 01/04/2026 17:00","291.30",""
"01/04/2026 00:00 - 02/04/2026 00:00","CTA|DE(Amprion)","WALSUM_10","11WD7WALS1S--10A","Fossil Hard coal","11WD7WALS1S--10A","01/04/2026 17:00 - 01/04/2026 17:15","283.20",""
"01/04/2026 00:00 - 02/04/2026 00:00","CTA|DE(Amprion)","WALSUM_10","11WD7WALS1S--10A","Fossil Hard coal","11WD7WALS1S--10A","01/04/2026 17:15 - 01/04/2026 17:30","287.60",""
"01/04/2026 00:00 - 02/04/2026 00:00","CTA|DE(Amprion)","WALSUM_10","11WD7WALS1S--10A","Fossil Hard coal","11WD7WALS1S--10A","01/04/2026 17:30 - 01/04/2026 17:45","285.90",""
"01/04/2026 00:00 - 02/04/2026 00:00","CTA|DE(Amprion)","WALSUM_10","11WD7WALS1S--10A","Fossil Hard coal","11WD7WALS1S--10A","01/04/2026 17:45 - 01/04/2026 18:00","298.40",""
"01/04/2026 00:00 - 02/04/2026 00:00","CTA|DE(Amprion)","WALSUM_10","11WD7WALS1S--10A","Fossil Hard coal","11WD7WALS1S--10A","01/04/2026 18:00 - 01/04/2026 18:15","393.00",""
"01/04/2026 00:00 - 02/04/2026 00:00","CTA|DE(Amprion)","WALSUM_10","11WD7WALS1S--10A","Fossil Hard coal","11WD7WALS1S--10A","01/04/2026 18:15 - 01/04/2026 18:30","498.10",""
"01/04/2026 00:00 - 02/04/2026 00:00","CTA|DE(Amprion)","WALSUM_10","11WD7WALS1S--10A","Fossil Hard coal","11WD7WALS1S--10A","01/04/2026 18:30 - 01/04/2026 18:45","605.40",""
"01/04/2026 00:00 - 02/04/2026 00:00","CTA|DE(Amprion)","WALSUM_10","11WD7WALS1S--10A","Fossil Hard coal","11WD7WALS1S--10A","01/04/2026 18:45 - 01/04/2026 19:00","683.90",""
"01/04/2026 00:00 - 02/04/2026 00:00","CTA|DE(Amprion)","WALSUM_10","11WD7WALS1S--10A","Fossil Hard coal","11WD7WALS1S--10A","01/04/2026 19:00 - 01/04/2026 19:15","694.70",""
"01/04/2026 00:00 - 02/04/2026 00:00","CTA|DE(Amprion)","WALSUM_10","11WD7WALS1S--10A","Fossil Hard coal","11WD7WALS1S--10A","01/04/2026 19:15 - 01/04/2026 19:30","693.70",""
"01/04/2026 00:00 - 02/04/2026 00:00","CTA|DE(Amprion)","WALSUM_10","11WD7WALS1S--10A","Fossil Hard coal","11WD7WALS1S--10A","01/04/2026 19:30 - 01/04/2026 19:45","694.90",""
"01/04/2026 00:00 - 02/04/2026 00:00","CTA|DE(Amprion)","WALSUM_10","11WD7WALS1S--10A","Fossil Hard coal","11WD7WALS1S--10A","01/04/2026 19:45 - 01/04/2026 20:00","693.90",""
"01/04/2026 00:00 - 02/04/2026 00:00","CTA|DE(Amprion)","WALSUM_10","11WD7WALS1S--10A","Fossil Hard coal","11WD7WALS1S--10A","01/04/2026 20:00 - 01/04/2026 20:15","693.30",""
"01/04/2026 00:00 - 02/04/2026 00:00","CTA|DE(Amprion)","WALSUM_10","11WD7WALS1S--10A","Fossil Hard coal","11WD7WALS1S--10A","01/04/2026 20:15 - 01/04/2026 20:30","691.00",""
"01/04/2026 00:00 - 02/04/2026 00:00","CTA|DE(Amprion)","WALSUM_10","11WD7WALS1S--10A","Fossil Hard coal","11WD7WALS1S--10A","01/04/2026 20:30 - 01/04/2026 20:45","689.50",""
"01/04/2026 00:00 - 02/04/2026 00:00","CTA|DE(Amprion)","WALSUM_10","11WD7WALS1S--10A","Fossil Hard coal","11WD7WALS1S--10A","01/04/2026 20:45 - 01/04/2026 21:00","687.90",""
"01/04/2026 00:00 - 02/04/2026 00:00","CTA|DE(Amprion)","WALSUM_10","11WD7WALS1S--10A","Fossil Hard coal","11WD7WALS1S--10A","01/04/2026 21:00 - 01/04/2026 21:15","692.70",""
"01/04/2026 00:00 - 02/04/2026 00:00","CTA|DE(Amprion)","WALSUM_10","11WD7WALS1S--10A","Fossil Hard coal","11WD7WALS1S--10A","01/04/2026 21:15 - 01/04/2026 21:30","694.70",""
"01/04/2026 00:00 - 02/04/2026 00:00","CTA|DE(Amprion)","WALSUM_10","11WD7WALS1S--10A","Fossil Hard coal","11WD7WALS1S--10A","01/04/2026 21:30 - 01/04/2026 21:45","691.20",""
"01/04/2026 00:00 - 02/04/2026 00:00","CTA|DE(Amprion)","WALSUM_10","11WD7WALS1S--10A","Fossil Hard coal","11WD7WALS1S--10A","01/04/2026 21:45 - 01/04/2026 22:00","690.00",""
"01/04/2026 00:00 - 02/04/2026 00:00","CTA|DE(Amprion)","WALSUM_10","11WD7WALS1S--10A","Fossil Hard coal","11WD7WALS1S--10A","01/04/2026 22:00 - 01/04/2026 22:15","687.20",""
"01/04/2026 00:00 - 02/04/2026 00:00","CTA|DE(Amprion)","WALSUM_10","11WD7WALS1S--10A","Fossil Hard coal","11WD7WALS1S--10A","01/04/2026 22:15 - 01/04/2026 22:30","690.60",""
"01/04/2026 00:00 - 02/04/2026 00:00","CTA|DE(Amprion)","WALSUM_10","11WD7WALS1S--10A","Fossil Hard coal","11WD7WALS1S--10A","01/04/2026 22:30 - 01/04/2026 22:45","690.60",""
"01/04/2026 00:00 - 02/04/2026 00:00","CTA|DE(Amprion)","WALSUM_10","11WD7WALS1S--10A","Fossil Hard coal","11WD7WALS1S--10A","01/04/2026 22:45 - 01/04/2026 23:00","690.20",""
"01/04/2026 00:00 - 02/04/2026 00:00","CTA|DE(Amprion)","WALSUM_10","11WD7WALS1S--10A","Fossil Hard coal","11WD7WALS1S--10A","01/04/2026 23:00 - 01/04/2026 23:15","691.40",""
"01/04/2026 00:00 - 02/04/2026 00:00","CTA|DE(Amprion)","WALSUM_10","11WD7WALS1S--10A","Fossil Hard coal","11WD7WALS1S--10A","01/04/2026 23:15 - 01/04/2026 23:30","691.80",""
"01/04/2026 00:00 - 02/04/2026 00:00","CTA|DE(Amprion)","WALSUM_10","11WD7WALS1S--10A","Fossil Hard coal","11WD7WALS1S--10A","01/04/2026 23:30 - 01/04/2026 23:45","688.70",""
"01/04/2026 00:00 - 02/04/2026 00:00","CTA|DE(Amprion)","WALSUM_10","11WD7WALS1S--10A","Fossil Hard coal","11WD7WALS1S--10A","01/04/2026 23:45 - 02/04/2026 00:00","686.80",""
"01/04/2026 00:00 - 02/04/2026 00:00","CTA|DE(Amprion)","WEIHER_C","11WD7WEIH2S--C-A","Fossil Hard coal","11WD7WEIH2S--C-A","01/04/2026 00:00 - 01/04/2026 01:00","0.00",""
"01/04/2026 00:00 - 02/04/2026 00:00","CTA|DE(Amprion)","WEIHER_C","11WD7WEIH2S--C-A","Fossil Hard coal","11WD7WEIH2S--C-A","01/04/2026 01:00 - 01/04/2026 02:00","0.00",""
"01/04/2026 00:00 - 02/04/2026 00:00","CTA|DE(Amprion)","WEIHER_C","11WD7WEIH2S--C-A","Fossil Hard coal","11WD7WEIH2S--C-A","01/04/2026 02:00 - 01/04/2026 03:00","0.00",""
"01/04/2026 00:00 - 02/04/2026 00:00","CTA|DE(Amprion)","WEIHER_C","11WD7WEIH2S--C-A","Fossil Hard coal","11WD7WEIH2S--C-A","01/04/2026 03:00 - 01/04/2026 04:00","0.00",""
"01/04/2026 00:00 - 02/04/2026 00:00","CTA|DE(Amprion)","WEIHER_C","11WD7WEIH2S--C-A","Fossil Hard coal","11WD7WEIH2S--C-A","01/04/2026 04:00 - 01/04/2026 05:00","0.00",""
"01/04/2026 00:00 - 02/04/2026 00:00","CTA|DE(Amprion)","WEIHER_C","11WD7WEIH2S--C-A","Fossil Hard coal","11WD7WEIH2S--C-A","01/04/2026 05:00 - 01/04/2026 06:00","0.00",""
"01/04/2026 00:00 - 02/04/2026 00:00","CTA|DE(Amprion)","WEIHER_C","11WD7WEIH2S--C-A","Fossil Hard coal","11WD7WEIH2S--C-A","01/04/2026 06:00 - 01/04/2026 07:00","0.00",""
"01/04/2026 00:00 - 02/04/2026 00:00","CTA|DE(Amprion)","WEIHER_C","11WD7WEIH2S--C-A","Fossil Hard coal","11WD7WEIH2S--C-A","01/04/2026 07:00 - 01/04/2026 08:00","0.00",""
"01/04/2026 00:00 - 02/04/2026 00:00","CTA|DE(Amprion)","WEIHER_C","11WD7WEIH2S--C-A","Fossil Hard coal","11WD7WEIH2S--C-A","01/04/2026 08:00 - 01/04/2026 09:00","0.00",""
"01/04/2026 00:00 - 02/04/2026 00:00","CTA|DE(Amprion)","WEIHER_C","11WD7WEIH2S--C-A","Fossil Hard coal","11WD7WEIH2S--C-A","01/04/2026 09:00 - 01/04/2026 10:00","0.00",""
"01/04/2026 00:00 - 02/04/2026 00:00","CTA|DE(Amprion)","WEIHER_C","11WD7WEIH2S--C-A","Fossil Hard coal","11WD7WEIH2S--C-A","01/04/2026 10:00 - 01/04/2026 11:00","0.00",""
"01/04/2026 00:00 - 02/04/2026 00:00","CTA|DE(Amprion)","WEIHER_C","11WD7WEIH2S--C-A","Fossil Hard coal","11WD7WEIH2S--C-A","01/04/2026 11:00 - 01/04/2026 12:00","0.00",""
"01/04/2026 00:00 - 02/04/2026 00:00","CTA|DE(Amprion)","WEIHER_C","11WD7WEIH2S--C-A","Fossil Hard coal","11WD7WEIH2S--C-A","01/04/2026 12:00 - 01/04/2026 13:00","0.00",""
"01/04/2026 00:00 - 02/04/2026 00:00","CTA|DE(Amprion)","WEIHER_C","11WD7WEIH2S--C-A","Fossil Hard coal","11WD7WEIH2S--C-A","01/04/2026 13:00 - 01/04/2026 14:00","0.00",""
"01/04/2026 00:00 - 02/04/2026 00:00","CTA|DE(Amprion)","WEIHER_C","11WD7WEIH2S--C-A","Fossil Hard coal","11WD7WEIH2S--C-A","01/04/2026 14:00 - 01/04/2026 15:00","0.00",""
"01/04/2026 00:00 - 02/04/2026 00:00","CTA|DE(Amprion)","WEIHER_C","11WD7WEIH2S--C-A","Fossil Hard coal","11WD7WEIH2S--C-A","01/04/2026 15:00 - 01/04/2026 16:00","0.00",""
"01/04/2026 00:00 - 02/04/2026 00:00","CTA|DE(Amprion)","WEIHER_C","11WD7WEIH2S--C-A","Fossil Hard coal","11WD7WEIH2S--C-A","01/04/2026 16:00 - 01/04/2026 17:00","0.00",""
"01/04/2026 00:00 - 02/04/2026 00:00","CTA|DE(Amprion)","WEIHER_C","11WD7WEIH2S--C-A","Fossil Hard coal","11WD7WEIH2S--C-A","01/04/2026 17:00 - 01/04/2026 18:00","0.00",""
"01/04/2026 00:00 - 02/04/2026 00:00","CTA|DE(Amprion)","WEIHER_C","11WD7WEIH2S--C-A","Fossil Hard coal","11WD7WEIH2S--C-A","01/04/2026 18:00 - 01/04/2026 19:00","0.00",""
"01/04/2026 00:00 - 02/04/2026 00:00","CTA|DE(Amprion)","WEIHER_C","11WD7WEIH2S--C-A","Fossil Hard coal","11WD7WEIH2S--C-A","01/04/2026 19:00 - 01/04/2026 20:00","0.00",""
"01/04/2026 00:00 - 02/04/2026 00:00","CTA|DE(Amprion)","WEIHER_C","11WD7WEIH2S--C-A","Fossil Hard coal","11WD7WEIH2S--C-A","01/04/2026 20:00 - 01/04/2026 21:00","0.00",""
"01/04/2026 00:00 - 02/04/2026 00:00","CTA|DE(Amprion)","WEIHER_C","11WD7WEIH2S--C-A","Fossil Hard coal","11WD7WEIH2S--C-A","01/04/2026 21:00 - 01/04/2026 22:00","0.00",""
"01/04/2026 00:00 - 02/04/2026 00:00","CTA|DE(Amprion)","WEIHER_C","11WD7WEIH2S--C-A","Fossil Hard coal","11WD7WEIH2S--C-A","01/04/2026 22:00 - 01/04/2026 23:00","0.00",""
"01/04/2026 00:00 - 02/04/2026 00:00","CTA|DE(Amprion)","WEIHER_C","11WD7WEIH2S--C-A","Fossil Hard coal","11WD7WEIH2S--C-A","01/04/2026 23:00 - 02/04/2026 00:00","0.00",""
"01/04/2026 00:00 - 02/04/2026 00:00","CTA|DE(Amprion)","Weisweiler G","11WD7WEIS1B--G-J","Fossil Brown coal/Lignite","11WD7WEIS1B--G-J","01/04/2026 00:00 - 01/04/2026 01:00","0.00",""
"01/04/2026 00:00 - 02/04/2026 00:00","CTA|DE(Amprion)","Weisweiler G","11WD7WEIS1B--G-J","Fossil Brown coal/Lignite","11WD7WEIS1B--G-J","01/04/2026 01:00 - 01/04/2026 02:00","0.00",""
"01/04/2026 00:00 - 02/04/2026 00:00","CTA|DE(Amprion)","Weisweiler G","11WD7WEIS1B--G-J","Fossil Brown coal/Lignite","11WD7WEIS1B--G-J","01/04/2026 02:00 - 01/04/2026 03:00","0.00",""
"01/04/2026 00:00 - 02/04/2026 00:00","CTA|DE(Amprion)","Weisweiler G","11WD7WEIS1B--G-J","Fossil Brown coal/Lignite","11WD7WEIS1B--G-J","01/04/2026 03:00 - 01/04/2026 04:00","0.00",""
"01/04/2026 00:00 - 02/04/2026 00:00","CTA|DE(Amprion)","Weisweiler G","11WD7WEIS1B--G-J","Fossil Brown coal/Lignite","11WD7WEIS1B--G-J","01/04/2026 04:00 - 01/04/2026 05:00","0.00",""
"01/04/2026 00:00 - 02/04/2026 00:00","CTA|DE(Amprion)","Weisweiler G","11WD7WEIS1B--G-J","Fossil Brown coal/Lignite","11WD7WEIS1B--G-J","01/04/2026 05:00 - 01/04/2026 06:00","0.00",""
"01/04/2026 00:00 - 02/04/2026 00:00","CTA|DE(Amprion)","Weisweiler G","11WD7WEIS1B--G-J","Fossil Brown coal/Lignite","11WD7WEIS1B--G-J","01/04/2026 06:00 - 01/04/2026 07:00","106.90",""
"01/04/2026 00:00 - 02/04/2026 00:00","CTA|DE(Amprion)","Weisweiler G","11WD7WEIS1B--G-J","Fossil Brown coal/Lignite","11WD7WEIS1B--G-J","01/04/2026 07:00 - 01/04/2026 08:00","315.55",""
"01/04/2026 00:00 - 02/04/2026 00:00","CTA|DE(Amprion)","Weisweiler G","11WD7WEIS1B--G-J","Fossil Brown coal/Lignite","11WD7WEIS1B--G-J","01/04/2026 08:00 - 01/04/2026 09:00","393.07",""
"01/04/2026 00:00 - 02/04/2026 00:00","CTA|DE(Amprion)","Weisweiler G","11WD7WEIS1B--G-J","Fossil Brown coal/Lignite","11WD7WEIS1B--G-J","01/04/2026 09:00 - 01/04/2026 10:00","641.02",""
"01/04/2026 00:00 - 02/04/2026 00:00","CTA|DE(Amprion)","Weisweiler G","11WD7WEIS1B--G-J","Fossil Brown coal/Lignite","11WD7WEIS1B--G-J","01/04/2026 10:00 - 01/04/2026 11:00","655.13",""
"01/04/2026 00:00 - 02/04/2026 00:00","CTA|DE(Amprion)","Weisweiler G","11WD7WEIS1B--G-J","Fossil Brown coal/Lignite","11WD7WEIS1B--G-J","01/04/2026 11:00 - 01/04/2026 12:00","658.40",""
"01/04/2026 00:00 - 02/04/2026 00:00","CTA|DE(Amprion)","Weisweiler G","11WD7WEIS1B--G-J","Fossil Brown coal/Lignite","11WD7WEIS1B--G-J","01/04/2026 12:00 - 01/04/2026 13:00","660.45",""
"01/04/2026 00:00 - 02/04/2026 00:00","CTA|DE(Amprion)","Weisweiler G","11WD7WEIS1B--G-J","Fossil Brown coal/Lignite","11WD7WEIS1B--G-J","01/04/2026 13:00 - 01/04/2026 14:00","614.45",""
"01/04/2026 00:00 - 02/04/2026 00:00","CTA|DE(Amprion)","Weisweiler G","11WD7WEIS1B--G-J","Fossil Brown coal/Lignite","11WD7WEIS1B--G-J","01/04/2026 14:00 - 01/04/2026 15:00","657.33",""
"01/04/2026 00:00 - 02/04/2026 00:00","CTA|DE(Amprion)","Weisweiler G","11WD7WEIS1B--G-J","Fossil Brown coal/Lignite","11WD7WEIS1B--G-J","01/04/2026 15:00 - 01/04/2026 16:00","657.15",""
"01/04/2026 00:00 - 02/04/2026 00:00","CTA|DE(Amprion)","Weisweiler G","11WD7WEIS1B--G-J","Fossil Brown coal/Lignite","11WD7WEIS1B--G-J","01/04/2026 16:00 - 01/04/2026 17:00","656.13",""
"01/04/2026 00:00 - 02/04/2026 00:00","CTA|DE(Amprion)","Weisweiler G","11WD7WEIS1B--G-J","Fossil Brown coal/Lignite","11WD7WEIS1B--G-J","01/04/2026 17:00 - 01/04/2026 18:00","657.70",""
"01/04/2026 00:00 - 02/04/2026 00:00","CTA|DE(Amprion)","Weisweiler G","11WD7WEIS1B--G-J","Fossil Brown coal/Lignite","11WD7WEIS1B--G-J","01/04/2026 18:00 - 01/04/2026 19:00","654.63",""
"01/04/2026 00:00 - 02/04/2026 00:00","CTA|DE(Amprion)","Weisweiler G","11WD7WEIS1B--G-J","Fossil Brown coal/Lignite","11WD7WEIS1B--G-J","01/04/2026 19:00 - 01/04/2026 20:00","654.05",""
"01/04/2026 00:00 - 02/04/2026 00:00","CTA|DE(Amprion)","Weisweiler G","11WD7WEIS1B--G-J","Fossil Brown coal/Lignite","11WD7WEIS1B--G-J","01/04/2026 20:00 - 01/04/2026 21:00","653.02",""
"01/04/2026 00:00 - 02/04/2026 00:00","CTA|DE(Amprion)","Weisweiler G","11WD7WEIS1B--G-J","Fossil Brown coal/Lignite","11WD7WEIS1B--G-J","01/04/2026 21:00 - 01/04/2026 22:00","652.35",""
"01/04/2026 00:00 - 02/04/2026 00:00","CTA|DE(Amprion)","Weisweiler G","11WD7WEIS1B--G-J","Fossil Brown coal/Lignite","11WD7WEIS1B--G-J","01/04/2026 22:00 - 01/04/2026 23:00","650.15",""
"01/04/2026 00:00 - 02/04/2026 00:00","CTA|DE(Amprion)","Weisweiler G","11WD7WEIS1B--G-J","Fossil Brown coal/Lignite","11WD7WEIS1B--G-J","01/04/2026 23:00 - 02/04/2026 00:00","653.10",""
"01/04/2026 00:00 - 02/04/2026 00:00","CTA|DE(Amprion)","Weisweiler H","11WD7WEIS1B--H-G","Fossil Brown coal/Lignite","11WD7WEIS1B--H-G","01/04/2026 00:00 - 01/04/2026 01:00","653.25",""
"01/04/2026 00:00 - 02/04/2026 00:00","CTA|DE(Amprion)","Weisweiler H","11WD7WEIS1B--H-G","Fossil Brown coal/Lignite","11WD7WEIS1B--H-G","01/04/2026 01:00 - 01/04/2026 02:00","653.10",""
"01/04/2026 00:00 - 02/04/2026 00:00","CTA|DE(Amprion)","Weisweiler H","11WD7WEIS1B--H-G","Fossil Brown coal/Lignite","11WD7WEIS1B--H-G","01/04/2026 02:00 - 01/04/2026 03:00","640.08",""
"01/04/2026 00:00 - 02/04/2026 00:00","CTA|DE(Amprion)","Weisweiler H","11WD7WEIS1B--H-G","Fossil Brown coal/Lignite","11WD7WEIS1B--H-G","01/04/2026 03:00 - 01/04/2026 04:00","640.95",""
"01/04/2026 00:00 - 02/04/2026 00:00","CTA|DE(Amprion)","Weisweiler H","11WD7WEIS1B--H-G","Fossil Brown coal/Lignite","11WD7WEIS1B--H-G","01/04/2026 04:00 - 01/04/2026 05:00","643.58",""
"01/04/2026 00:00 - 02/04/2026 00:00","CTA|DE(Amprion)","Weisweiler H","11WD7WEIS1B--H-G","Fossil Brown coal/Lignite","11WD7WEIS1B--H-G","01/04/2026 05:00 - 01/04/2026 06:00","641.35",""
"01/04/2026 00:00 - 02/04/2026 00:00","CTA|DE(Amprion)","Weisweiler H","11WD7WEIS1B--H-G","Fossil Brown coal/Lignite","11WD7WEIS1B--H-G","01/04/2026 06:00 - 01/04/2026 07:00","650.70",""
"01/04/2026 00:00 - 02/04/2026 00:00","CTA|DE(Amprion)","Weisweiler H","11WD7WEIS1B--H-G","Fossil Brown coal/Lignite","11WD7WEIS1B--H-G","01/04/2026 07:00 - 01/04/2026 08:00","647.35",""
"01/04/2026 00:00 - 02/04/2026 00:00","CTA|DE(Amprion)","Weisweiler H","11WD7WEIS1B--H-G","Fossil Brown coal/Lignite","11WD7WEIS1B--H-G","01/04/2026 08:00 - 01/04/2026 09:00","648.13",""
"01/04/2026 00:00 - 02/04/2026 00:00","CTA|DE(Amprion)","Weisweiler H","11WD7WEIS1B--H-G","Fossil Brown coal/Lignite","11WD7WEIS1B--H-G","01/04/2026 09:00 - 01/04/2026 10:00","640.02",""
"01/04/2026 00:00 - 02/04/2026 00:00","CTA|DE(Amprion)","Weisweiler H","11WD7WEIS1B--H-G","Fossil Brown coal/Lignite","11WD7WEIS1B--H-G","01/04/2026 10:00 - 01/04/2026 11:00","643.70",""
"01/04/2026 00:00 - 02/04/2026 00:00","CTA|DE(Amprion)","Weisweiler H","11WD7WEIS1B--H-G","Fossil Brown coal/Lignite","11WD7WEIS1B--H-G","01/04/2026 11:00 - 01/04/2026 12:00","640.33",""
"01/04/2026 00:00 - 02/04/2026 00:00","CTA|DE(Amprion)","Weisweiler H","11WD7WEIS1B--H-G","Fossil Brown coal/Lignite","11WD7WEIS1B--H-G","01/04/2026 12:00 - 01/04/2026 13:00","629.58",""
"01/04/2026 00:00 - 02/04/2026 00:00","CTA|DE(Amprion)","Weisweiler H","11WD7WEIS1B--H-G","Fossil Brown coal/Lignite","11WD7WEIS1B--H-G","01/04/2026 13:00 - 01/04/2026 14:00","598.65",""
"01/04/2026 00:00 - 02/04/2026 00:00","CTA|DE(Amprion)","Weisweiler H","11WD7WEIS1B--H-G","Fossil Brown coal/Lignite","11WD7WEIS1B--H-G","01/04/2026 14:00 - 01/04/2026 15:00","642.75",""
"01/04/2026 00:00 - 02/04/2026 00:00","CTA|DE(Amprion)","Weisweiler H","11WD7WEIS1B--H-G","Fossil Brown coal/Lignite","11WD7WEIS1B--H-G","01/04/2026 15:00 - 01/04/2026 16:00","653.20",""
"01/04/2026 00:00 - 02/04/2026 00:00","CTA|DE(Amprion)","Weisweiler H","11WD7WEIS1B--H-G","Fossil Brown coal/Lignite","11WD7WEIS1B--H-G","01/04/2026 16:00 - 01/04/2026 17:00","544.77",""
"01/04/2026 00:00 - 02/04/2026 00:00","CTA|DE(Amprion)","Weisweiler H","11WD7WEIS1B--H-G","Fossil Brown coal/Lignite","11WD7WEIS1B--H-G","01/04/2026 17:00 - 01/04/2026 18:00","568.65",""
"01/04/2026 00:00 - 02/04/2026 00:00","CTA|DE(Amprion)","Weisweiler H","11WD7WEIS1B--H-G","Fossil Brown coal/Lignite","11WD7WEIS1B--H-G","01/04/2026 18:00 - 01/04/2026 19:00","647.10",""
"01/04/2026 00:00 - 02/04/2026 00:00","CTA|DE(Amprion)","Weisweiler H","11WD7WEIS1B--H-G","Fossil Brown coal/Lignite","11WD7WEIS1B--H-G","01/04/2026 19:00 - 01/04/2026 20:00","644.02",""
"01/04/2026 00:00 - 02/04/2026 00:00","CTA|DE(Amprion)","Weisweiler H","11WD7WEIS1B--H-G","Fossil Brown coal/Lignite","11WD7WEIS1B--H-G","01/04/2026 20:00 - 01/04/2026 21:00","655.73",""
"01/04/2026 00:00 - 02/04/2026 00:00","CTA|DE(Amprion)","Weisweiler H","11WD7WEIS1B--H-G","Fossil Brown coal/Lignite","11WD7WEIS1B--H-G","01/04/2026 21:00 - 01/04/2026 22:00","657.17",""
"01/04/2026 00:00 - 02/04/2026 00:00","CTA|DE(Amprion)","Weisweiler H","11WD7WEIS1B--H-G","Fossil Brown coal/Lignite","11WD7WEIS1B--H-G","01/04/2026 22:00 - 01/04/2026 23:00","654.35",""
"01/04/2026 00:00 - 02/04/2026 00:00","CTA|DE(Amprion)","Weisweiler H","11WD7WEIS1B--H-G","Fossil Brown coal/Lignite","11WD7WEIS1B--H-G","01/04/2026 23:00 - 02/04/2026 00:00","657.17",""
"01/04/2026 00:00 - 02/04/2026 00:00","CTA|DE(Amprion)","Weisweiler VGT - BI. G","11WD7WEIS5GVGTGU","Fossil Gas","11WD7WEIS5GVGTGU","01/04/2026 00:00 - 01/04/2026 01:00","0.00",""
"01/04/2026 00:00 - 02/04/2026 00:00","CTA|DE(Amprion)","Weisweiler VGT - BI. G","11WD7WEIS5GVGTGU","Fossil Gas","11WD7WEIS5GVGTGU","01/04/2026 01:00 - 01/04/2026 02:00","0.00",""
"01/04/2026 00:00 - 02/04/2026 00:00","CTA|DE(Amprion)","Weisweiler VGT - BI. G","11WD7WEIS5GVGTGU","Fossil Gas","11WD7WEIS5GVGTGU","01/04/2026 02:00 - 01/04/2026 03:00","0.00",""
"01/04/2026 00:00 - 02/04/2026 00:00","CTA|DE(Amprion)","Weisweiler VGT - BI. G","11WD7WEIS5GVGTGU","Fossil Gas","11WD7WEIS5GVGTGU","01/04/2026 03:00 - 01/04/2026 04:00","0.00",""
"01/04/2026 00:00 - 02/04/2026 00:00","CTA|DE(Amprion)","Weisweiler VGT - BI. G","11WD7WEIS5GVGTGU","Fossil Gas","11WD7WEIS5GVGTGU","01/04/2026 04:00 - 01/04/2026 05:00","0.00",""
"01/04/2026 00:00 - 02/04/2026 00:00","CTA|DE(Amprion)","Weisweiler VGT - BI. G","11WD7WEIS5GVGTGU","Fossil Gas","11WD7WEIS5GVGTGU","01/04/2026 05:00 - 01/04/2026 06:00","0.00",""
"01/04/2026 00:00 - 02/04/2026 00:00","CTA|DE(Amprion)","Weisweiler VGT - BI. G","11WD7WEIS5GVGTGU","Fossil Gas","11WD7WEIS5GVGTGU","01/04/2026 06:00 - 01/04/2026 07:00","0.00",""
"01/04/2026 00:00 - 02/04/2026 00:00","CTA|DE(Amprion)","Weisweiler VGT - BI. G","11WD7WEIS5GVGTGU","Fossil Gas","11WD7WEIS5GVGTGU","01/04/2026 07:00 - 01/04/2026 08:00","0.00",""
"01/04/2026 00:00 - 02/04/2026 00:00","CTA|DE(Amprion)","Weisweiler VGT - BI. G","11WD7WEIS5GVGTGU","Fossil Gas","11WD7WEIS5GVGTGU","01/04/2026 08:00 - 01/04/2026 09:00","0.00",""
"01/04/2026 00:00 - 02/04/2026 00:00","CTA|DE(Amprion)","Weisweiler VGT - BI. G","11WD7WEIS5GVGTGU","Fossil Gas","11WD7WEIS5GVGTGU","01/04/2026 09:00 - 01/04/2026 10:00","0.00",""
"01/04/2026 00:00 - 02/04/2026 00:00","CTA|DE(Amprion)","Weisweiler VGT - BI. G","11WD7WEIS5GVGTGU","Fossil Gas","11WD7WEIS5GVGTGU","01/04/2026 10:00 - 01/04/2026 11:00","0.00",""
"01/04/2026 00:00 - 02/04/2026 00:00","CTA|DE(Amprion)","Weisweiler VGT - BI. G","11WD7WEIS5GVGTGU","Fossil Gas","11WD7WEIS5GVGTGU","01/04/2026 11:00 - 01/04/2026 12:00","0.00",""
"01/04/2026 00:00 - 02/04/2026 00:00","CTA|DE(Amprion)","Weisweiler VGT - BI. G","11WD7WEIS5GVGTGU","Fossil Gas","11WD7WEIS5GVGTGU","01/04/2026 12:00 - 01/04/2026 13:00","0.00",""
"01/04/2026 00:00 - 02/04/2026 00:00","CTA|DE(Amprion)","Weisweiler VGT - BI. G","11WD7WEIS5GVGTGU","Fossil Gas","11WD7WEIS5GVGTGU","01/04/2026 13:00 - 01/04/2026 14:00","0.00",""
"01/04/2026 00:00 - 02/04/2026 00:00","CTA|DE(Amprion)","Weisweiler VGT - BI. G","11WD7WEIS5GVGTGU","Fossil Gas","11WD7WEIS5GVGTGU","01/04/2026 14:00 - 01/04/2026 15:00","0.00",""
"01/04/2026 00:00 - 02/04/2026 00:00","CTA|DE(Amprion)","Weisweiler VGT - BI. G","11WD7WEIS5GVGTGU","Fossil Gas","11WD7WEIS5GVGTGU","01/04/2026 15:00 - 01/04/2026 16:00","0.00",""
"01/04/2026 00:00 - 02/04/2026 00:00","CTA|DE(Amprion)","Weisweiler VGT - BI. G","11WD7WEIS5GVGTGU","Fossil Gas","11WD7WEIS5GVGTGU","01/04/2026 16:00 - 01/04/2026 17:00","0.00",""
"01/04/2026 00:00 - 02/04/2026 00:00","CTA|DE(Amprion)","Weisweiler VGT - BI. G","11WD7WEIS5GVGTGU","Fossil Gas","11WD7WEIS5GVGTGU","01/04/2026 17:00 - 01/04/2026 18:00","0.00",""
"01/04/2026 00:00 - 02/04/2026 00:00","CTA|DE(Amprion)","Weisweiler VGT - BI. G","11WD7WEIS5GVGTGU","Fossil Gas","11WD7WEIS5GVGTGU","01/04/2026 18:00 - 01/04/2026 19:00","0.00",""
"01/04/2026 00:00 - 02/04/2026 00:00","CTA|DE(Amprion)","Weisweiler VGT - BI. G","11WD7WEIS5GVGTGU","Fossil Gas","11WD7WEIS5GVGTGU","01/04/2026 19:00 - 01/04/2026 20:00","0.00",""
"01/04/2026 00:00 - 02/04/2026 00:00","CTA|DE(Amprion)","Weisweiler VGT - BI. G","11WD7WEIS5GVGTGU","Fossil Gas","11WD7WEIS5GVGTGU","01/04/2026 20:00 - 01/04/2026 21:00","0.00",""
"01/04/2026 00:00 - 02/04/2026 00:00","CTA|DE(Amprion)","Weisweiler VGT - BI. G","11WD7WEIS5GVGTGU","Fossil Gas","11WD7WEIS5GVGTGU","01/04/2026 21:00 - 01/04/2026 22:00","0.00",""
"01/04/2026 00:00 - 02/04/2026 00:00","CTA|DE(Amprion)","Weisweiler VGT - BI. G","11WD7WEIS5GVGTGU","Fossil Gas","11WD7WEIS5GVGTGU","01/04/2026 22:00 - 01/04/2026 23:00","0.00",""
"01/04/2026 00:00 - 02/04/2026 00:00","CTA|DE(Amprion)","Weisweiler VGT - BI. G","11WD7WEIS5GVGTGU","Fossil Gas","11WD7WEIS5GVGTGU","01/04/2026 23:00 - 02/04/2026 00:00","0.00",""
"01/04/2026 00:00 - 02/04/2026 00:00","CTA|DE(Amprion)","Weisweiler VGT - BI. H","11WD7WEIS5GVGTHS","Fossil Gas","11WD7WEIS5GVGTHS","01/04/2026 00:00 - 01/04/2026 01:00","0.00",""
"01/04/2026 00:00 - 02/04/2026 00:00","CTA|DE(Amprion)","Weisweiler VGT - BI. H","11WD7WEIS5GVGTHS","Fossil Gas","11WD7WEIS5GVGTHS","01/04/2026 01:00 - 01/04/2026 02:00","0.00",""
"01/04/2026 00:00 - 02/04/2026 00:00","CTA|DE(Amprion)","Weisweiler VGT - BI. H","11WD7WEIS5GVGTHS","Fossil Gas","11WD7WEIS5GVGTHS","01/04/2026 02:00 - 01/04/2026 03:00","0.00",""
"01/04/2026 00:00 - 02/04/2026 00:00","CTA|DE(Amprion)","Weisweiler VGT - BI. H","11WD7WEIS5GVGTHS","Fossil Gas","11WD7WEIS5GVGTHS","01/04/2026 03:00 - 01/04/2026 04:00","0.00",""
"01/04/2026 00:00 - 02/04/2026 00:00","CTA|DE(Amprion)","Weisweiler VGT - BI. H","11WD7WEIS5GVGTHS","Fossil Gas","11WD7WEIS5GVGTHS","01/04/2026 04:00 - 01/04/2026 05:00","0.00",""
"01/04/2026 00:00 - 02/04/2026 00:00","CTA|DE(Amprion)","Weisweiler VGT - BI. H","11WD7WEIS5GVGTHS","Fossil Gas","11WD7WEIS5GVGTHS","01/04/2026 05:00 - 01/04/2026 06:00","0.00",""
"01/04/2026 00:00 - 02/04/2026 00:00","CTA|DE(Amprion)","Weisweiler VGT - BI. H","11WD7WEIS5GVGTHS","Fossil Gas","11WD7WEIS5GVGTHS","01/04/2026 06:00 - 01/04/2026 07:00","0.00",""
"01/04/2026 00:00 - 02/04/2026 00:00","CTA|DE(Amprion)","Weisweiler VGT - BI. H","11WD7WEIS5GVGTHS","Fossil Gas","11WD7WEIS5GVGTHS","01/04/2026 07:00 - 01/04/2026 08:00","0.00",""
"01/04/2026 00:00 - 02/04/2026 00:00","CTA|DE(Amprion)","Weisweiler VGT - BI. H","11WD7WEIS5GVGTHS","Fossil Gas","11WD7WEIS5GVGTHS","01/04/2026 08:00 - 01/04/2026 09:00","0.00",""
"01/04/2026 00:00 - 02/04/2026 00:00","CTA|DE(Amprion)","Weisweiler VGT - BI. H","11WD7WEIS5GVGTHS","Fossil Gas","11WD7WEIS5GVGTHS","01/04/2026 09:00 - 01/04/2026 10:00","73.40",""
"01/04/2026 00:00 - 02/04/2026 00:00","CTA|DE(Amprion)","Weisweiler VGT - BI. H","11WD7WEIS5GVGTHS","Fossil Gas","11WD7WEIS5GVGTHS","01/04/2026 10:00 - 01/04/2026 11:00","177.65",""
"01/04/2026 00:00 - 02/04/2026 00:00","CTA|DE(Amprion)","Weisweiler VGT - BI. H","11WD7WEIS5GVGTHS","Fossil Gas","11WD7WEIS5GVGTHS","01/04/2026 11:00 - 01/04/2026 12:00","155.25",""
"01/04/2026 00:00 - 02/04/2026 00:00","CTA|DE(Amprion)","Weisweiler VGT - BI. H","11WD7WEIS5GVGTHS","Fossil Gas","11WD7WEIS5GVGTHS","01/04/2026 12:00 - 01/04/2026 13:00","0.00",""
"01/04/2026 00:00 - 02/04/2026 00:00","CTA|DE(Amprion)","Weisweiler VGT - BI. H","11WD7WEIS5GVGTHS","Fossil Gas","11WD7WEIS5GVGTHS","01/04/2026 13:00 - 01/04/2026 14:00","0.00",""
"01/04/2026 00:00 - 02/04/2026 00:00","CTA|DE(Amprion)","Weisweiler VGT - BI. H","11WD7WEIS5GVGTHS","Fossil Gas","11WD7WEIS5GVGTHS","01/04/2026 14:00 - 01/04/2026 15:00","0.00",""
"01/04/2026 00:00 - 02/04/2026 00:00","CTA|DE(Amprion)","Weisweiler VGT - BI. H","11WD7WEIS5GVGTHS","Fossil Gas","11WD7WEIS5GVGTHS","01/04/2026 15:00 - 01/04/2026 16:00","0.00",""
"01/04/2026 00:00 - 02/04/2026 00:00","CTA|DE(Amprion)","Weisweiler VGT - BI. H","11WD7WEIS5GVGTHS","Fossil Gas","11WD7WEIS5GVGTHS","01/04/2026 16:00 - 01/04/2026 17:00","0.00",""
"01/04/2026 00:00 - 02/04/2026 00:00","CTA|DE(Amprion)","Weisweiler VGT - BI. H","11WD7WEIS5GVGTHS","Fossil Gas","11WD7WEIS5GVGTHS","01/04/2026 17:00 - 01/04/2026 18:00","0.00",""
"01/04/2026 00:00 - 02/04/2026 00:00","CTA|DE(Amprion)","Weisweiler VGT - BI. H","11WD7WEIS5GVGTHS","Fossil Gas","11WD7WEIS5GVGTHS","01/04/2026 18:00 - 01/04/2026 19:00","0.00",""
"01/04/2026 00:00 - 02/04/2026 00:00","CTA|DE(Amprion)","Weisweiler VGT - BI. H","11WD7WEIS5GVGTHS","Fossil Gas","11WD7WEIS5GVGTHS","01/04/2026 19:00 - 01/04/2026 20:00","0.00",""
"01/04/2026 00:00 - 02/04/2026 00:00","CTA|DE(Amprion)","Weisweiler VGT - BI. H","11WD7WEIS5GVGTHS","Fossil Gas","11WD7WEIS5GVGTHS","01/04/2026 20:00 - 01/04/2026 21:00","0.00",""
"01/04/2026 00:00 - 02/04/2026 00:00","CTA|DE(Amprion)","Weisweiler VGT - BI. H","11WD7WEIS5GVGTHS","Fossil Gas","11WD7WEIS5GVGTHS","01/04/2026 21:00 - 01/04/2026 22:00","0.00",""
"01/04/2026 00:00 - 02/04/2026 00:00","CTA|DE(Amprion)","Weisweiler VGT - BI. H","11WD7WEIS5GVGTHS","Fossil Gas","11WD7WEIS5GVGTHS","01/04/2026 22:00 - 01/04/2026 23:00","0.00",""
"01/04/2026 00:00 - 02/04/2026 00:00","CTA|DE(Amprion)","Weisweiler VGT - BI. H","11WD7WEIS5GVGTHS","Fossil Gas","11WD7WEIS5GVGTHS","01/04/2026 23:00 - 02/04/2026 00:00","0.00",""
"01/04/2026 00:00 - 02/04/2026 00:00","CTA|DE(50Hertz)","Lichterfelde GUD","11W0-0000-0103-9","Fossil Gas","11W0-0000-0103-9","01/04/2026 00:00 - 01/04/2026 01:00","299.00",""
"01/04/2026 00:00 - 02/04/2026 00:00","CTA|DE(50Hertz)","Lichterfelde GUD","11W0-0000-0103-9","Fossil Gas","11W0-0000-0103-9","01/04/2026 01:00 - 01/04/2026 02:00","299.00",""
"01/04/2026 00:00 - 02/04/2026 00:00","CTA|DE(50Hertz)","Lichterfelde GUD","11W0-0000-0103-9","Fossil Gas","11W0-0000-0103-9","01/04/2026 02:00 - 01/04/2026 03:00","299.25",""
"01/04/2026 00:00 - 02/04/2026 00:00","CTA|DE(50Hertz)","Lichterfelde GUD","11W0-0000-0103-9","Fossil Gas","11W0-0000-0103-9","01/04/2026 03:00 - 01/04/2026 04:00","299.25",""
"01/04/2026 00:00 - 02/04/2026 00:00","CTA|DE(50Hertz)","Lichterfelde GUD","11W0-0000-0103-9","Fossil Gas","11W0-0000-0103-9","01/04/2026 04:00 - 01/04/2026 05:00","299.25",""
"01/04/2026 00:00 - 02/04/2026 00:00","CTA|DE(50Hertz)","Lichterfelde GUD","11W0-0000-0103-9","Fossil Gas","11W0-0000-0103-9","01/04/2026 05:00 - 01/04/2026 06:00","300.00",""
"01/04/2026 00:00 - 02/04/2026 00:00","CTA|DE(50Hertz)","Lichterfelde GUD","11W0-0000-0103-9","Fossil Gas","11W0-0000-0103-9","01/04/2026 06:00 - 01/04/2026 07:00","299.50",""
"01/04/2026 00:00 - 02/04/2026 00:00","CTA|DE(50Hertz)","Lichterfelde GUD","11W0-0000-0103-9","Fossil Gas","11W0-0000-0103-9","01/04/2026 07:00 - 01/04/2026 08:00","299.50",""
"01/04/2026 00:00 - 02/04/2026 00:00","CTA|DE(50Hertz)","Lichterfelde GUD","11W0-0000-0103-9","Fossil Gas","11W0-0000-0103-9","01/04/2026 08:00 - 01/04/2026 09:00","298.75",""
"01/04/2026 00:00 - 02/04/2026 00:00","CTA|DE(50Hertz)","Lichterfelde GUD","11W0-0000-0103-9","Fossil Gas","11W0-0000-0103-9","01/04/2026 09:00 - 01/04/2026 10:00","251.50",""
"01/04/2026 00:00 - 02/04/2026 00:00","CTA|DE(50Hertz)","Lichterfelde GUD","11W0-0000-0103-9","Fossil Gas","11W0-0000-0103-9","01/04/2026 10:00 - 01/04/2026 11:00","194.25",""
"01/04/2026 00:00 - 02/04/2026 00:00","CTA|DE(50Hertz)","Lichterfelde GUD","11W0-0000-0103-9","Fossil Gas","11W0-0000-0103-9","01/04/2026 11:00 - 01/04/2026 12:00","154.75",""
"01/04/2026 00:00 - 02/04/2026 00:00","CTA|DE(50Hertz)","Lichterfelde GUD","11W0-0000-0103-9","Fossil Gas","11W0-0000-0103-9","01/04/2026 12:00 - 01/04/2026 13:00","129.50",""
"01/04/2026 00:00 - 02/04/2026 00:00","CTA|DE(50Hertz)","Lichterfelde GUD","11W0-0000-0103-9","Fossil Gas","11W0-0000-0103-9","01/04/2026 13:00 - 01/04/2026 14:00","125.00",""
"01/04/2026 00:00 - 02/04/2026 00:00","CTA|DE(50Hertz)","Lichterfelde GUD","11W0-0000-0103-9","Fossil Gas","11W0-0000-0103-9","01/04/2026 14:00 - 01/04/2026 15:00","125.00",""
"01/04/2026 00:00 - 02/04/2026 00:00","CTA|DE(50Hertz)","Lichterfelde GUD","11W0-0000-0103-9","Fossil Gas","11W0-0000-0103-9","01/04/2026 15:00 - 01/04/2026 16:00","154.25",""
"01/04/2026 00:00 - 02/04/2026 00:00","CTA|DE(50Hertz)","Lichterfelde GUD","11W0-0000-0103-9","Fossil Gas","11W0-0000-0103-9","01/04/2026 16:00 - 01/04/2026 17:00","183.50",""
"01/04/2026 00:00 - 02/04/2026 00:00","CTA|DE(50Hertz)","Lichterfelde GUD","11W0-0000-0103-9","Fossil Gas","11W0-0000-0103-9","01/04/2026 17:00 - 01/04/2026 18:00","285.25",""
"01/04/2026 00:00 - 02/04/2026 00:00","CTA|DE(50Hertz)","Lichterfelde GUD","11W0-0000-0103-9","Fossil Gas","11W0-0000-0103-9","01/04/2026 18:00 - 01/04/2026 19:00","299.00",""
"01/04/2026 00:00 - 02/04/2026 00:00","CTA|DE(50Hertz)","Lichterfelde GUD","11W0-0000-0103-9","Fossil Gas","11W0-0000-0103-9","01/04/2026 19:00 - 01/04/2026 20:00","299.00",""
"01/04/2026 00:00 - 02/04/2026 00:00","CTA|DE(50Hertz)","Lichterfelde GUD","11W0-0000-0103-9","Fossil Gas","11W0-0000-0103-9","01/04/2026 20:00 - 01/04/2026 21:00","299.25",""
"01/04/2026 00:00 - 02/04/2026 00:00","CTA|DE(50Hertz)","Lichterfelde GUD","11W0-0000-0103-9","Fossil Gas","11W0-0000-0103-9","01/04/2026 21:00 - 01/04/2026 22:00","299.25",""
"01/04/2026 00:00 - 02/04/2026 00:00","CTA|DE(50Hertz)","Lichterfelde GUD","11W0-0000-0103-9","Fossil Gas","11W0-0000-0103-9","01/04/2026 22:00 - 01/04/2026 23:00","299.00",""
"01/04/2026 00:00 - 02/04/2026 00:00","CTA|DE(50Hertz)","Lichterfelde GUD","11W0-0000-0103-9","Fossil Gas","11W0-0000-0103-9","01/04/2026 23:00 - 02/04/2026 00:00","299.75",""
"01/04/2026 00:00 - 02/04/2026 00:00","CTA|DE(50Hertz)","GuD Marzahn","11W0-0000-0104-6","Fossil Gas","11W0-0000-0104-6","01/04/2026 00:00 - 01/04/2026 01:00","229.75",""
"01/04/2026 00:00 - 02/04/2026 00:00","CTA|DE(50Hertz)","GuD Marzahn","11W0-0000-0104-6","Fossil Gas","11W0-0000-0104-6","01/04/2026 01:00 - 01/04/2026 02:00","229.00",""
"01/04/2026 00:00 - 02/04/2026 00:00","CTA|DE(50Hertz)","GuD Marzahn","11W0-0000-0104-6","Fossil Gas","11W0-0000-0104-6","01/04/2026 02:00 - 01/04/2026 03:00","229.00",""
"01/04/2026 00:00 - 02/04/2026 00:00","CTA|DE(50Hertz)","GuD Marzahn","11W0-0000-0104-6","Fossil Gas","11W0-0000-0104-6","01/04/2026 03:00 - 01/04/2026 04:00","230.25",""
"01/04/2026 00:00 - 02/04/2026 00:00","CTA|DE(50Hertz)","GuD Marzahn","11W0-0000-0104-6","Fossil Gas","11W0-0000-0104-6","01/04/2026 04:00 - 01/04/2026 05:00","249.00",""
"01/04/2026 00:00 - 02/04/2026 00:00","CTA|DE(50Hertz)","GuD Marzahn","11W0-0000-0104-6","Fossil Gas","11W0-0000-0104-6","01/04/2026 05:00 - 01/04/2026 06:00","248.50",""
"01/04/2026 00:00 - 02/04/2026 00:00","CTA|DE(50Hertz)","GuD Marzahn","11W0-0000-0104-6","Fossil Gas","11W0-0000-0104-6","01/04/2026 06:00 - 01/04/2026 07:00","260.25",""
"01/04/2026 00:00 - 02/04/2026 00:00","CTA|DE(50Hertz)","GuD Marzahn","11W0-0000-0104-6","Fossil Gas","11W0-0000-0104-6","01/04/2026 07:00 - 01/04/2026 08:00","260.25",""
"01/04/2026 00:00 - 02/04/2026 00:00","CTA|DE(50Hertz)","GuD Marzahn","11W0-0000-0104-6","Fossil Gas","11W0-0000-0104-6","01/04/2026 08:00 - 01/04/2026 09:00","259.50",""
"01/04/2026 00:00 - 02/04/2026 00:00","CTA|DE(50Hertz)","GuD Marzahn","11W0-0000-0104-6","Fossil Gas","11W0-0000-0104-6","01/04/2026 09:00 - 01/04/2026 10:00","197.25",""
"01/04/2026 00:00 - 02/04/2026 00:00","CTA|DE(50Hertz)","GuD Marzahn","11W0-0000-0104-6","Fossil Gas","11W0-0000-0104-6","01/04/2026 10:00 - 01/04/2026 11:00","146.25",""
"01/04/2026 00:00 - 02/04/2026 00:00","CTA|DE(50Hertz)","GuD Marzahn","11W0-0000-0104-6","Fossil Gas","11W0-0000-0104-6","01/04/2026 11:00 - 01/04/2026 12:00","120.00",""
"01/04/2026 00:00 - 02/04/2026 00:00","CTA|DE(50Hertz)","GuD Marzahn","11W0-0000-0104-6","Fossil Gas","11W0-0000-0104-6","01/04/2026 12:00 - 01/04/2026 13:00","59.00",""
"01/04/2026 00:00 - 02/04/2026 00:00","CTA|DE(50Hertz)","GuD Marzahn","11W0-0000-0104-6","Fossil Gas","11W0-0000-0104-6","01/04/2026 13:00 - 01/04/2026 14:00","78.25",""
"01/04/2026 00:00 - 02/04/2026 00:00","CTA|DE(50Hertz)","GuD Marzahn","11W0-0000-0104-6","Fossil Gas","11W0-0000-0104-6","01/04/2026 14:00 - 01/04/2026 15:00","129.75",""
"01/04/2026 00:00 - 02/04/2026 00:00","CTA|DE(50Hertz)","GuD Marzahn","11W0-0000-0104-6","Fossil Gas","11W0-0000-0104-6","01/04/2026 15:00 - 01/04/2026 16:00","177.50",""
"01/04/2026 00:00 - 02/04/2026 00:00","CTA|DE(50Hertz)","GuD Marzahn","11W0-0000-0104-6","Fossil Gas","11W0-0000-0104-6","01/04/2026 16:00 - 01/04/2026 17:00","214.25",""
"01/04/2026 00:00 - 02/04/2026 00:00","CTA|DE(50Hertz)","GuD Marzahn","11W0-0000-0104-6","Fossil Gas","11W0-0000-0104-6","01/04/2026 17:00 - 01/04/2026 18:00","230.00",""
"01/04/2026 00:00 - 02/04/2026 00:00","CTA|DE(50Hertz)","GuD Marzahn","11W0-0000-0104-6","Fossil Gas","11W0-0000-0104-6","01/04/2026 18:00 - 01/04/2026 19:00","254.25",""
"01/04/2026 00:00 - 02/04/2026 00:00","CTA|DE(50Hertz)","GuD Marzahn","11W0-0000-0104-6","Fossil Gas","11W0-0000-0104-6","01/04/2026 19:00 - 01/04/2026 20:00","255.00",""
"01/04/2026 00:00 - 02/04/2026 00:00","CTA|DE(50Hertz)","GuD Marzahn","11W0-0000-0104-6","Fossil Gas","11W0-0000-0104-6","01/04/2026 20:00 - 01/04/2026 21:00","255.00",""
"01/04/2026 00:00 - 02/04/2026 00:00","CTA|DE(50Hertz)","GuD Marzahn","11W0-0000-0104-6","Fossil Gas","11W0-0000-0104-6","01/04/2026 21:00 - 01/04/2026 22:00","255.00",""
"01/04/2026 00:00 - 02/04/2026 00:00","CTA|DE(50Hertz)","GuD Marzahn","11W0-0000-0104-6","Fossil Gas","11W0-0000-0104-6","01/04/2026 22:00 - 01/04/2026 23:00","255.00",""
"01/04/2026 00:00 - 02/04/2026 00:00","CTA|DE(50Hertz)","GuD Marzahn","11W0-0000-0104-6","Fossil Gas","11W0-0000-0104-6","01/04/2026 23:00 - 02/04/2026 00:00","255.00",""
"01/04/2026 00:00 - 02/04/2026 00:00","CTA|DE(50Hertz)","KW Boxberg Block N","11WD8BOXB1L---N8","Fossil Brown coal/Lignite","11WD8BOXB1L---N8","01/04/2026 00:00 - 01/04/2026 01:00","0.00",""
"01/04/2026 00:00 - 02/04/2026 00:00","CTA|DE(50Hertz)","KW Boxberg Block N","11WD8BOXB1L---N8","Fossil Brown coal/Lignite","11WD8BOXB1L---N8","01/04/2026 01:00 - 01/04/2026 02:00","0.00",""
"01/04/2026 00:00 - 02/04/2026 00:00","CTA|DE(50Hertz)","KW Boxberg Block N","11WD8BOXB1L---N8","Fossil Brown coal/Lignite","11WD8BOXB1L---N8","01/04/2026 02:00 - 01/04/2026 03:00","0.00",""
"01/04/2026 00:00 - 02/04/2026 00:00","CTA|DE(50Hertz)","KW Boxberg Block N","11WD8BOXB1L---N8","Fossil Brown coal/Lignite","11WD8BOXB1L---N8","01/04/2026 03:00 - 01/04/2026 04:00","0.00",""
"01/04/2026 00:00 - 02/04/2026 00:00","CTA|DE(50Hertz)","KW Boxberg Block N","11WD8BOXB1L---N8","Fossil Brown coal/Lignite","11WD8BOXB1L---N8","01/04/2026 04:00 - 01/04/2026 05:00","0.00",""
"01/04/2026 00:00 - 02/04/2026 00:00","CTA|DE(50Hertz)","KW Boxberg Block N","11WD8BOXB1L---N8","Fossil Brown coal/Lignite","11WD8BOXB1L---N8","01/04/2026 05:00 - 01/04/2026 06:00","0.00",""
"01/04/2026 00:00 - 02/04/2026 00:00","CTA|DE(50Hertz)","KW Boxberg Block N","11WD8BOXB1L---N8","Fossil Brown coal/Lignite","11WD8BOXB1L---N8","01/04/2026 06:00 - 01/04/2026 07:00","0.00",""
"01/04/2026 00:00 - 02/04/2026 00:00","CTA|DE(50Hertz)","KW Boxberg Block N","11WD8BOXB1L---N8","Fossil Brown coal/Lignite","11WD8BOXB1L---N8","01/04/2026 07:00 - 01/04/2026 08:00","0.00",""
"01/04/2026 00:00 - 02/04/2026 00:00","CTA|DE(50Hertz)","KW Boxberg Block N","11WD8BOXB1L---N8","Fossil Brown coal/Lignite","11WD8BOXB1L---N8","01/04/2026 08:00 - 01/04/2026 09:00","0.00",""
"01/04/2026 00:00 - 02/04/2026 00:00","CTA|DE(50Hertz)","KW Boxberg Block N","11WD8BOXB1L---N8","Fossil Brown coal/Lignite","11WD8BOXB1L---N8","01/04/2026 09:00 - 01/04/2026 10:00","0.00",""
"01/04/2026 00:00 - 02/04/2026 00:00","CTA|DE(50Hertz)","KW Boxberg Block N","11WD8BOXB1L---N8","Fossil Brown coal/Lignite","11WD8BOXB1L---N8","01/04/2026 10:00 - 01/04/2026 11:00","0.00",""
"01/04/2026 00:00 - 02/04/2026 00:00","CTA|DE(50Hertz)","KW Boxberg Block N","11WD8BOXB1L---N8","Fossil Brown coal/Lignite","11WD8BOXB1L---N8","01/04/2026 11:00 - 01/04/2026 12:00","0.00",""
"01/04/2026 00:00 - 02/04/2026 00:00","CTA|DE(50Hertz)","KW Boxberg Block N","11WD8BOXB1L---N8","Fossil Brown coal/Lignite","11WD8BOXB1L---N8","01/04/2026 12:00 - 01/04/2026 13:00","0.00",""
"01/04/2026 00:00 - 02/04/2026 00:00","CTA|DE(50Hertz)","KW Boxberg Block N","11WD8BOXB1L---N8","Fossil Brown coal/Lignite","11WD8BOXB1L---N8","01/04/2026 13:00 - 01/04/2026 14:00","0.00",""
"01/04/2026 00:00 - 02/04/2026 00:00","CTA|DE(50Hertz)","KW Boxberg Block N","11WD8BOXB1L---N8","Fossil Brown coal/Lignite","11WD8BOXB1L---N8","01/04/2026 14:00 - 01/04/2026 15:00","0.00",""
"01/04/2026 00:00 - 02/04/2026 00:00","CTA|DE(50Hertz)","KW Boxberg Block N","11WD8BOXB1L---N8","Fossil Brown coal/Lignite","11WD8BOXB1L---N8","01/04/2026 15:00 - 01/04/2026 16:00","0.00",""
"01/04/2026 00:00 - 02/04/2026 00:00","CTA|DE(50Hertz)","KW Boxberg Block N","11WD8BOXB1L---N8","Fossil Brown coal/Lignite","11WD8BOXB1L---N8","01/04/2026 16:00 - 01/04/2026 17:00","0.00",""
"01/04/2026 00:00 - 02/04/2026 00:00","CTA|DE(50Hertz)","KW Boxberg Block N","11WD8BOXB1L---N8","Fossil Brown coal/Lignite","11WD8BOXB1L---N8","01/04/2026 17:00 - 01/04/2026 18:00","0.00",""
"01/04/2026 00:00 - 02/04/2026 00:00","CTA|DE(50Hertz)","KW Boxberg Block N","11WD8BOXB1L---N8","Fossil Brown coal/Lignite","11WD8BOXB1L---N8","01/04/2026 18:00 - 01/04/2026 19:00","0.00",""
"01/04/2026 00:00 - 02/04/2026 00:00","CTA|DE(50Hertz)","KW Boxberg Block N","11WD8BOXB1L---N8","Fossil Brown coal/Lignite","11WD8BOXB1L---N8","01/04/2026 19:00 - 01/04/2026 20:00","54.25",""
"01/04/2026 00:00 - 02/04/2026 00:00","CTA|DE(50Hertz)","KW Boxberg Block N","11WD8BOXB1L---N8","Fossil Brown coal/Lignite","11WD8BOXB1L---N8","01/04/2026 20:00 - 01/04/2026 21:00","128.75",""
"01/04/2026 00:00 - 02/04/2026 00:00","CTA|DE(50Hertz)","KW Boxberg Block N","11WD8BOXB1L---N8","Fossil Brown coal/Lignite","11WD8BOXB1L---N8","01/04/2026 21:00 - 01/04/2026 22:00","160.50",""
"01/04/2026 00:00 - 02/04/2026 00:00","CTA|DE(50Hertz)","KW Boxberg Block N","11WD8BOXB1L---N8","Fossil Brown coal/Lignite","11WD8BOXB1L---N8","01/04/2026 22:00 - 01/04/2026 23:00","170.25",""
"01/04/2026 00:00 - 02/04/2026 00:00","CTA|DE(50Hertz)","KW Boxberg Block N","11WD8BOXB1L---N8","Fossil Brown coal/Lignite","11WD8BOXB1L---N8","01/04/2026 23:00 - 02/04/2026 00:00","191.00",""
"01/04/2026 00:00 - 02/04/2026 00:00","CTA|DE(50Hertz)","KW Boxberg Block P","11WD8BOXB1L---P4","Fossil Brown coal/Lignite","11WD8BOXB1L---P4","01/04/2026 00:00 - 01/04/2026 01:00","481.00",""
"01/04/2026 00:00 - 02/04/2026 00:00","CTA|DE(50Hertz)","KW Boxberg Block P","11WD8BOXB1L---P4","Fossil Brown coal/Lignite","11WD8BOXB1L---P4","01/04/2026 01:00 - 01/04/2026 02:00","484.00",""
"01/04/2026 00:00 - 02/04/2026 00:00","CTA|DE(50Hertz)","KW Boxberg Block P","11WD8BOXB1L---P4","Fossil Brown coal/Lignite","11WD8BOXB1L---P4","01/04/2026 02:00 - 01/04/2026 03:00","482.50",""
"01/04/2026 00:00 - 02/04/2026 00:00","CTA|DE(50Hertz)","KW Boxberg Block P","11WD8BOXB1L---P4","Fossil Brown coal/Lignite","11WD8BOXB1L---P4","01/04/2026 03:00 - 01/04/2026 04:00","483.75",""
"01/04/2026 00:00 - 02/04/2026 00:00","CTA|DE(50Hertz)","KW Boxberg Block P","11WD8BOXB1L---P4","Fossil Brown coal/Lignite","11WD8BOXB1L---P4","01/04/2026 04:00 - 01/04/2026 05:00","483.00",""
"01/04/2026 00:00 - 02/04/2026 00:00","CTA|DE(50Hertz)","KW Boxberg Block P","11WD8BOXB1L---P4","Fossil Brown coal/Lignite","11WD8BOXB1L---P4","01/04/2026 05:00 - 01/04/2026 06:00","482.75",""
"01/04/2026 00:00 - 02/04/2026 00:00","CTA|DE(50Hertz)","KW Boxberg Block P","11WD8BOXB1L---P4","Fossil Brown coal/Lignite","11WD8BOXB1L---P4","01/04/2026 06:00 - 01/04/2026 07:00","483.50",""
"01/04/2026 00:00 - 02/04/2026 00:00","CTA|DE(50Hertz)","KW Boxberg Block P","11WD8BOXB1L---P4","Fossil Brown coal/Lignite","11WD8BOXB1L---P4","01/04/2026 07:00 - 01/04/2026 08:00","488.25",""
"01/04/2026 00:00 - 02/04/2026 00:00","CTA|DE(50Hertz)","KW Boxberg Block P","11WD8BOXB1L---P4","Fossil Brown coal/Lignite","11WD8BOXB1L---P4","01/04/2026 08:00 - 01/04/2026 09:00","483.25",""
"01/04/2026 00:00 - 02/04/2026 00:00","CTA|DE(50Hertz)","KW Boxberg Block P","11WD8BOXB1L---P4","Fossil Brown coal/Lignite","11WD8BOXB1L---P4","01/04/2026 09:00 - 01/04/2026 10:00","472.50",""
"01/04/2026 00:00 - 02/04/2026 00:00","CTA|DE(50Hertz)","KW Boxberg Block P","11WD8BOXB1L---P4","Fossil Brown coal/Lignite","11WD8BOXB1L---P4","01/04/2026 10:00 - 01/04/2026 11:00","464.25",""
"01/04/2026 00:00 - 02/04/2026 00:00","CTA|DE(50Hertz)","KW Boxberg Block P","11WD8BOXB1L---P4","Fossil Brown coal/Lignite","11WD8BOXB1L---P4","01/04/2026 11:00 - 01/04/2026 12:00","463.75",""
"01/04/2026 00:00 - 02/04/2026 00:00","CTA|DE(50Hertz)","KW Boxberg Block P","11WD8BOXB1L---P4","Fossil Brown coal/Lignite","11WD8BOXB1L---P4","01/04/2026 12:00 - 01/04/2026 13:00","467.00",""
"01/04/2026 00:00 - 02/04/2026 00:00","CTA|DE(50Hertz)","KW Boxberg Block P","11WD8BOXB1L---P4","Fossil Brown coal/Lignite","11WD8BOXB1L---P4","01/04/2026 13:00 - 01/04/2026 14:00","463.75",""
"01/04/2026 00:00 - 02/04/2026 00:00","CTA|DE(50Hertz)","KW Boxberg Block P","11WD8BOXB1L---P4","Fossil Brown coal/Lignite","11WD8BOXB1L---P4","01/04/2026 14:00 - 01/04/2026 15:00","461.00",""
"01/04/2026 00:00 - 02/04/2026 00:00","CTA|DE(50Hertz)","KW Boxberg Block P","11WD8BOXB1L---P4","Fossil Brown coal/Lignite","11WD8BOXB1L---P4","01/04/2026 15:00 - 01/04/2026 16:00","444.50",""
"01/04/2026 00:00 - 02/04/2026 00:00","CTA|DE(50Hertz)","KW Boxberg Block P","11WD8BOXB1L---P4","Fossil Brown coal/Lignite","11WD8BOXB1L---P4","01/04/2026 16:00 - 01/04/2026 17:00","466.75",""
"01/04/2026 00:00 - 02/04/2026 00:00","CTA|DE(50Hertz)","KW Boxberg Block P","11WD8BOXB1L---P4","Fossil Brown coal/Lignite","11WD8BOXB1L---P4","01/04/2026 17:00 - 01/04/2026 18:00","452.75",""
"01/04/2026 00:00 - 02/04/2026 00:00","CTA|DE(50Hertz)","KW Boxberg Block P","11WD8BOXB1L---P4","Fossil Brown coal/Lignite","11WD8BOXB1L---P4","01/04/2026 18:00 - 01/04/2026 19:00","480.25",""
"01/04/2026 00:00 - 02/04/2026 00:00","CTA|DE(50Hertz)","KW Boxberg Block P","11WD8BOXB1L---P4","Fossil Brown coal/Lignite","11WD8BOXB1L---P4","01/04/2026 19:00 - 01/04/2026 20:00","481.50",""
"01/04/2026 00:00 - 02/04/2026 00:00","CTA|DE(50Hertz)","KW Boxberg Block P","11WD8BOXB1L---P4","Fossil Brown coal/Lignite","11WD8BOXB1L---P4","01/04/2026 20:00 - 01/04/2026 21:00","490.50",""
"01/04/2026 00:00 - 02/04/2026 00:00","CTA|DE(50Hertz)","KW Boxberg Block P","11WD8BOXB1L---P4","Fossil Brown coal/Lignite","11WD8BOXB1L---P4","01/04/2026 21:00 - 01/04/2026 22:00","484.75",""
"01/04/2026 00:00 - 02/04/2026 00:00","CTA|DE(50Hertz)","KW Boxberg Block P","11WD8BOXB1L---P4","Fossil Brown coal/Lignite","11WD8BOXB1L---P4","01/04/2026 22:00 - 01/04/2026 23:00","475.50",""
"01/04/2026 00:00 - 02/04/2026 00:00","CTA|DE(50Hertz)","KW Boxberg Block P","11WD8BOXB1L---P4","Fossil Brown coal/Lignite","11WD8BOXB1L---P4","01/04/2026 23:00 - 02/04/2026 00:00","476.25",""
"01/04/2026 00:00 - 02/04/2026 00:00","CTA|DE(50Hertz)","KW Boxberg Block Q","11WD8BOXB1L---Q2","Fossil Brown coal/Lignite","11WD8BOXB1L---Q2","01/04/2026 00:00 - 01/04/2026 01:00","0.00",""
"01/04/2026 00:00 - 02/04/2026 00:00","CTA|DE(50Hertz)","KW Boxberg Block Q","11WD8BOXB1L---Q2","Fossil Brown coal/Lignite","11WD8BOXB1L---Q2","01/04/2026 01:00 - 01/04/2026 02:00","0.00",""
"01/04/2026 00:00 - 02/04/2026 00:00","CTA|DE(50Hertz)","KW Boxberg Block Q","11WD8BOXB1L---Q2","Fossil Brown coal/Lignite","11WD8BOXB1L---Q2","01/04/2026 02:00 - 01/04/2026 03:00","0.00",""
"01/04/2026 00:00 - 02/04/2026 00:00","CTA|DE(50Hertz)","KW Boxberg Block Q","11WD8BOXB1L---Q2","Fossil Brown coal/Lignite","11WD8BOXB1L---Q2","01/04/2026 03:00 - 01/04/2026 04:00","0.00",""
"01/04/2026 00:00 - 02/04/2026 00:00","CTA|DE(50Hertz)","KW Boxberg Block Q","11WD8BOXB1L---Q2","Fossil Brown coal/Lignite","11WD8BOXB1L---Q2","01/04/2026 04:00 - 01/04/2026 05:00","0.00",""
"01/04/2026 00:00 - 02/04/2026 00:00","CTA|DE(50Hertz)","KW Boxberg Block Q","11WD8BOXB1L---Q2","Fossil Brown coal/Lignite","11WD8BOXB1L---Q2","01/04/2026 05:00 - 01/04/2026 06:00","0.00",""
"01/04/2026 00:00 - 02/04/2026 00:00","CTA|DE(50Hertz)","KW Boxberg Block Q","11WD8BOXB1L---Q2","Fossil Brown coal/Lignite","11WD8BOXB1L---Q2","01/04/2026 06:00 - 01/04/2026 07:00","0.00",""
"01/04/2026 00:00 - 02/04/2026 00:00","CTA|DE(50Hertz)","KW Boxberg Block Q","11WD8BOXB1L---Q2","Fossil Brown coal/Lignite","11WD8BOXB1L---Q2","01/04/2026 07:00 - 01/04/2026 08:00","0.00",""
"01/04/2026 00:00 - 02/04/2026 00:00","CTA|DE(50Hertz)","KW Boxberg Block Q","11WD8BOXB1L---Q2","Fossil Brown coal/Lignite","11WD8BOXB1L---Q2","01/04/2026 08:00 - 01/04/2026 09:00","0.00",""
"01/04/2026 00:00 - 02/04/2026 00:00","CTA|DE(50Hertz)","KW Boxberg Block Q","11WD8BOXB1L---Q2","Fossil Brown coal/Lignite","11WD8BOXB1L---Q2","01/04/2026 09:00 - 01/04/2026 10:00","0.00",""
"01/04/2026 00:00 - 02/04/2026 00:00","CTA|DE(50Hertz)","KW Boxberg Block Q","11WD8BOXB1L---Q2","Fossil Brown coal/Lignite","11WD8BOXB1L---Q2","01/04/2026 10:00 - 01/04/2026 11:00","0.00",""
"01/04/2026 00:00 - 02/04/2026 00:00","CTA|DE(50Hertz)","KW Boxberg Block Q","11WD8BOXB1L---Q2","Fossil Brown coal/Lignite","11WD8BOXB1L---Q2","01/04/2026 11:00 - 01/04/2026 12:00","0.00",""
"01/04/2026 00:00 - 02/04/2026 00:00","CTA|DE(50Hertz)","KW Boxberg Block Q","11WD8BOXB1L---Q2","Fossil Brown coal/Lignite","11WD8BOXB1L---Q2","01/04/2026 12:00 - 01/04/2026 13:00","0.00",""
"01/04/2026 00:00 - 02/04/2026 00:00","CTA|DE(50Hertz)","KW Boxberg Block Q","11WD8BOXB1L---Q2","Fossil Brown coal/Lignite","11WD8BOXB1L---Q2","01/04/2026 13:00 - 01/04/2026 14:00","0.00",""
"01/04/2026 00:00 - 02/04/2026 00:00","CTA|DE(50Hertz)","KW Boxberg Block Q","11WD8BOXB1L---Q2","Fossil Brown coal/Lignite","11WD8BOXB1L---Q2","01/04/2026 14:00 - 01/04/2026 15:00","0.00",""
"01/04/2026 00:00 - 02/04/2026 00:00","CTA|DE(50Hertz)","KW Boxberg Block Q","11WD8BOXB1L---Q2","Fossil Brown coal/Lignite","11WD8BOXB1L---Q2","01/04/2026 15:00 - 01/04/2026 16:00","0.00",""
"01/04/2026 00:00 - 02/04/2026 00:00","CTA|DE(50Hertz)","KW Boxberg Block Q","11WD8BOXB1L---Q2","Fossil Brown coal/Lignite","11WD8BOXB1L---Q2","01/04/2026 16:00 - 01/04/2026 17:00","0.00",""
"01/04/2026 00:00 - 02/04/2026 00:00","CTA|DE(50Hertz)","KW Boxberg Block Q","11WD8BOXB1L---Q2","Fossil Brown coal/Lignite","11WD8BOXB1L---Q2","01/04/2026 17:00 - 01/04/2026 18:00","0.00",""
"01/04/2026 00:00 - 02/04/2026 00:00","CTA|DE(50Hertz)","KW Boxberg Block Q","11WD8BOXB1L---Q2","Fossil Brown coal/Lignite","11WD8BOXB1L---Q2","01/04/2026 18:00 - 01/04/2026 19:00","0.00",""
"01/04/2026 00:00 - 02/04/2026 00:00","CTA|DE(50Hertz)","KW Boxberg Block Q","11WD8BOXB1L---Q2","Fossil Brown coal/Lignite","11WD8BOXB1L---Q2","01/04/2026 19:00 - 01/04/2026 20:00","0.00",""
"01/04/2026 00:00 - 02/04/2026 00:00","CTA|DE(50Hertz)","KW Boxberg Block Q","11WD8BOXB1L---Q2","Fossil Brown coal/Lignite","11WD8BOXB1L---Q2","01/04/2026 20:00 - 01/04/2026 21:00","0.00",""
"01/04/2026 00:00 - 02/04/2026 00:00","CTA|DE(50Hertz)","KW Boxberg Block Q","11WD8BOXB1L---Q2","Fossil Brown coal/Lignite","11WD8BOXB1L---Q2","01/04/2026 21:00 - 01/04/2026 22:00","0.00",""
"01/04/2026 00:00 - 02/04/2026 00:00","CTA|DE(50Hertz)","KW Boxberg Block Q","11WD8BOXB1L---Q2","Fossil Brown coal/Lignite","11WD8BOXB1L---Q2","01/04/2026 22:00 - 01/04/2026 23:00","0.00",""
"01/04/2026 00:00 - 02/04/2026 00:00","CTA|DE(50Hertz)","KW Boxberg Block Q","11WD8BOXB1L---Q2","Fossil Brown coal/Lignite","11WD8BOXB1L---Q2","01/04/2026 23:00 - 02/04/2026 00:00","0.00",""
"01/04/2026 00:00 - 02/04/2026 00:00","CTA|DE(50Hertz)","KW Boxberg Block R","11WD8BOXB1L---R0","Fossil Brown coal/Lignite","11WD8BOXB1L---R0","01/04/2026 00:00 - 01/04/2026 01:00","584.00",""
"01/04/2026 00:00 - 02/04/2026 00:00","CTA|DE(50Hertz)","KW Boxberg Block R","11WD8BOXB1L---R0","Fossil Brown coal/Lignite","11WD8BOXB1L---R0","01/04/2026 01:00 - 01/04/2026 02:00","593.50",""
"01/04/2026 00:00 - 02/04/2026 00:00","CTA|DE(50Hertz)","KW Boxberg Block R","11WD8BOXB1L---R0","Fossil Brown coal/Lignite","11WD8BOXB1L---R0","01/04/2026 02:00 - 01/04/2026 03:00","589.25",""
"01/04/2026 00:00 - 02/04/2026 00:00","CTA|DE(50Hertz)","KW Boxberg Block R","11WD8BOXB1L---R0","Fossil Brown coal/Lignite","11WD8BOXB1L---R0","01/04/2026 03:00 - 01/04/2026 04:00","592.00",""
"01/04/2026 00:00 - 02/04/2026 00:00","CTA|DE(50Hertz)","KW Boxberg Block R","11WD8BOXB1L---R0","Fossil Brown coal/Lignite","11WD8BOXB1L---R0","01/04/2026 04:00 - 01/04/2026 05:00","590.25",""
"01/04/2026 00:00 - 02/04/2026 00:00","CTA|DE(50Hertz)","KW Boxberg Block R","11WD8BOXB1L---R0","Fossil Brown coal/Lignite","11WD8BOXB1L---R0","01/04/2026 05:00 - 01/04/2026 06:00","602.75",""
"01/04/2026 00:00 - 02/04/2026 00:00","CTA|DE(50Hertz)","KW Boxberg Block R","11WD8BOXB1L---R0","Fossil Brown coal/Lignite","11WD8BOXB1L---R0","01/04/2026 06:00 - 01/04/2026 07:00","604.75",""
"01/04/2026 00:00 - 02/04/2026 00:00","CTA|DE(50Hertz)","KW Boxberg Block R","11WD8BOXB1L---R0","Fossil Brown coal/Lignite","11WD8BOXB1L---R0","01/04/2026 07:00 - 01/04/2026 08:00","595.75",""
"01/04/2026 00:00 - 02/04/2026 00:00","CTA|DE(50Hertz)","KW Boxberg Block R","11WD8BOXB1L---R0","Fossil Brown coal/Lignite","11WD8BOXB1L---R0","01/04/2026 08:00 - 01/04/2026 09:00","592.00",""
"01/04/2026 00:00 - 02/04/2026 00:00","CTA|DE(50Hertz)","KW Boxberg Block R","11WD8BOXB1L---R0","Fossil Brown coal/Lignite","11WD8BOXB1L---R0","01/04/2026 09:00 - 01/04/2026 10:00","586.50",""
"01/04/2026 00:00 - 02/04/2026 00:00","CTA|DE(50Hertz)","KW Boxberg Block R","11WD8BOXB1L---R0","Fossil Brown coal/Lignite","11WD8BOXB1L---R0","01/04/2026 10:00 - 01/04/2026 11:00","434.25",""
"01/04/2026 00:00 - 02/04/2026 00:00","CTA|DE(50Hertz)","KW Boxberg Block R","11WD8BOXB1L---R0","Fossil Brown coal/Lignite","11WD8BOXB1L---R0","01/04/2026 11:00 - 01/04/2026 12:00","394.00",""
"01/04/2026 00:00 - 02/04/2026 00:00","CTA|DE(50Hertz)","KW Boxberg Block R","11WD8BOXB1L---R0","Fossil Brown coal/Lignite","11WD8BOXB1L---R0","01/04/2026 12:00 - 01/04/2026 13:00","386.75",""
"01/04/2026 00:00 - 02/04/2026 00:00","CTA|DE(50Hertz)","KW Boxberg Block R","11WD8BOXB1L---R0","Fossil Brown coal/Lignite","11WD8BOXB1L---R0","01/04/2026 13:00 - 01/04/2026 14:00","395.50",""
"01/04/2026 00:00 - 02/04/2026 00:00","CTA|DE(50Hertz)","KW Boxberg Block R","11WD8BOXB1L---R0","Fossil Brown coal/Lignite","11WD8BOXB1L---R0","01/04/2026 14:00 - 01/04/2026 15:00","407.00",""
"01/04/2026 00:00 - 02/04/2026 00:00","CTA|DE(50Hertz)","KW Boxberg Block R","11WD8BOXB1L---R0","Fossil Brown coal/Lignite","11WD8BOXB1L---R0","01/04/2026 15:00 - 01/04/2026 16:00","403.50",""
"01/04/2026 00:00 - 02/04/2026 00:00","CTA|DE(50Hertz)","KW Boxberg Block R","11WD8BOXB1L---R0","Fossil Brown coal/Lignite","11WD8BOXB1L---R0","01/04/2026 16:00 - 01/04/2026 17:00","389.00",""
"01/04/2026 00:00 - 02/04/2026 00:00","CTA|DE(50Hertz)","KW Boxberg Block R","11WD8BOXB1L---R0","Fossil Brown coal/Lignite","11WD8BOXB1L---R0","01/04/2026 17:00 - 01/04/2026 18:00","426.75",""
"01/04/2026 00:00 - 02/04/2026 00:00","CTA|DE(50Hertz)","KW Boxberg Block R","11WD8BOXB1L---R0","Fossil Brown coal/Lignite","11WD8BOXB1L---R0","01/04/2026 18:00 - 01/04/2026 19:00","557.00",""
"01/04/2026 00:00 - 02/04/2026 00:00","CTA|DE(50Hertz)","KW Boxberg Block R","11WD8BOXB1L---R0","Fossil Brown coal/Lignite","11WD8BOXB1L---R0","01/04/2026 19:00 - 01/04/2026 20:00","556.50",""
"01/04/2026 00:00 - 02/04/2026 00:00","CTA|DE(50Hertz)","KW Boxberg Block R","11WD8BOXB1L---R0","Fossil Brown coal/Lignite","11WD8BOXB1L---R0","01/04/2026 20:00 - 01/04/2026 21:00","591.75",""
"01/04/2026 00:00 - 02/04/2026 00:00","CTA|DE(50Hertz)","KW Boxberg Block R","11WD8BOXB1L---R0","Fossil Brown coal/Lignite","11WD8BOXB1L---R0","01/04/2026 21:00 - 01/04/2026 22:00","589.25",""
"01/04/2026 00:00 - 02/04/2026 00:00","CTA|DE(50Hertz)","KW Boxberg Block R","11WD8BOXB1L---R0","Fossil Brown coal/Lignite","11WD8BOXB1L---R0","01/04/2026 22:00 - 01/04/2026 23:00","584.00",""
"01/04/2026 00:00 - 02/04/2026 00:00","CTA|DE(50Hertz)","KW Boxberg Block R","11WD8BOXB1L---R0","Fossil Brown coal/Lignite","11WD8BOXB1L---R0","01/04/2026 23:00 - 02/04/2026 00:00","588.50",""
"01/04/2026 00:00 - 02/04/2026 00:00","CTA|DE(50Hertz)","GTHKW Nossener Bruecke","11WD8DRES5X----D","Fossil Gas","11WD8DRES5X----D","01/04/2026 00:00 - 01/04/2026 01:00","158.35",""
"01/04/2026 00:00 - 02/04/2026 00:00","CTA|DE(50Hertz)","GTHKW Nossener Bruecke","11WD8DRES5X----D","Fossil Gas","11WD8DRES5X----D","01/04/2026 01:00 - 01/04/2026 02:00","158.05",""
"01/04/2026 00:00 - 02/04/2026 00:00","CTA|DE(50Hertz)","GTHKW Nossener Bruecke","11WD8DRES5X----D","Fossil Gas","11WD8DRES5X----D","01/04/2026 02:00 - 01/04/2026 03:00","158.10",""
"01/04/2026 00:00 - 02/04/2026 00:00","CTA|DE(50Hertz)","GTHKW Nossener Bruecke","11WD8DRES5X----D","Fossil Gas","11WD8DRES5X----D","01/04/2026 03:00 - 01/04/2026 04:00","158.22",""
"01/04/2026 00:00 - 02/04/2026 00:00","CTA|DE(50Hertz)","GTHKW Nossener Bruecke","11WD8DRES5X----D","Fossil Gas","11WD8DRES5X----D","01/04/2026 04:00 - 01/04/2026 05:00","164.30",""
"01/04/2026 00:00 - 02/04/2026 00:00","CTA|DE(50Hertz)","GTHKW Nossener Bruecke","11WD8DRES5X----D","Fossil Gas","11WD8DRES5X----D","01/04/2026 05:00 - 01/04/2026 06:00","172.38",""
"01/04/2026 00:00 - 02/04/2026 00:00","CTA|DE(50Hertz)","GTHKW Nossener Bruecke","11WD8DRES5X----D","Fossil Gas","11WD8DRES5X----D","01/04/2026 06:00 - 01/04/2026 07:00","171.03",""
"01/04/2026 00:00 - 02/04/2026 00:00","CTA|DE(50Hertz)","GTHKW Nossener Bruecke","11WD8DRES5X----D","Fossil Gas","11WD8DRES5X----D","01/04/2026 07:00 - 01/04/2026 08:00","171.15",""
"01/04/2026 00:00 - 02/04/2026 00:00","CTA|DE(50Hertz)","GTHKW Nossener Bruecke","11WD8DRES5X----D","Fossil Gas","11WD8DRES5X----D","01/04/2026 08:00 - 01/04/2026 09:00","171.00",""
"01/04/2026 00:00 - 02/04/2026 00:00","CTA|DE(50Hertz)","GTHKW Nossener Bruecke","11WD8DRES5X----D","Fossil Gas","11WD8DRES5X----D","01/04/2026 09:00 - 01/04/2026 10:00","170.80",""
"01/04/2026 00:00 - 02/04/2026 00:00","CTA|DE(50Hertz)","GTHKW Nossener Bruecke","11WD8DRES5X----D","Fossil Gas","11WD8DRES5X----D","01/04/2026 10:00 - 01/04/2026 11:00","171.00",""
"01/04/2026 00:00 - 02/04/2026 00:00","CTA|DE(50Hertz)","GTHKW Nossener Bruecke","11WD8DRES5X----D","Fossil Gas","11WD8DRES5X----D","01/04/2026 11:00 - 01/04/2026 12:00","170.55",""
"01/04/2026 00:00 - 02/04/2026 00:00","CTA|DE(50Hertz)","GTHKW Nossener Bruecke","11WD8DRES5X----D","Fossil Gas","11WD8DRES5X----D","01/04/2026 12:00 - 01/04/2026 13:00","166.72",""
"01/04/2026 00:00 - 02/04/2026 00:00","CTA|DE(50Hertz)","GTHKW Nossener Bruecke","11WD8DRES5X----D","Fossil Gas","11WD8DRES5X----D","01/04/2026 13:00 - 01/04/2026 14:00","121.33",""
"01/04/2026 00:00 - 02/04/2026 00:00","CTA|DE(50Hertz)","GTHKW Nossener Bruecke","11WD8DRES5X----D","Fossil Gas","11WD8DRES5X----D","01/04/2026 14:00 - 01/04/2026 15:00","121.33",""
"01/04/2026 00:00 - 02/04/2026 00:00","CTA|DE(50Hertz)","GTHKW Nossener Bruecke","11WD8DRES5X----D","Fossil Gas","11WD8DRES5X----D","01/04/2026 15:00 - 01/04/2026 16:00","156.07",""
"01/04/2026 00:00 - 02/04/2026 00:00","CTA|DE(50Hertz)","GTHKW Nossener Bruecke","11WD8DRES5X----D","Fossil Gas","11WD8DRES5X----D","01/04/2026 16:00 - 01/04/2026 17:00","167.40",""
"01/04/2026 00:00 - 02/04/2026 00:00","CTA|DE(50Hertz)","GTHKW Nossener Bruecke","11WD8DRES5X----D","Fossil Gas","11WD8DRES5X----D","01/04/2026 17:00 - 01/04/2026 18:00","167.93",""
"01/04/2026 00:00 - 02/04/2026 00:00","CTA|DE(50Hertz)","GTHKW Nossener Bruecke","11WD8DRES5X----D","Fossil Gas","11WD8DRES5X----D","01/04/2026 18:00 - 01/04/2026 19:00","167.75",""
"01/04/2026 00:00 - 02/04/2026 00:00","CTA|DE(50Hertz)","GTHKW Nossener Bruecke","11WD8DRES5X----D","Fossil Gas","11WD8DRES5X----D","01/04/2026 19:00 - 01/04/2026 20:00","167.97",""
"01/04/2026 00:00 - 02/04/2026 00:00","CTA|DE(50Hertz)","GTHKW Nossener Bruecke","11WD8DRES5X----D","Fossil Gas","11WD8DRES5X----D","01/04/2026 20:00 - 01/04/2026 21:00","168.53",""
"01/04/2026 00:00 - 02/04/2026 00:00","CTA|DE(50Hertz)","GTHKW Nossener Bruecke","11WD8DRES5X----D","Fossil Gas","11WD8DRES5X----D","01/04/2026 21:00 - 01/04/2026 22:00","169.75",""
"01/04/2026 00:00 - 02/04/2026 00:00","CTA|DE(50Hertz)","GTHKW Nossener Bruecke","11WD8DRES5X----D","Fossil Gas","11WD8DRES5X----D","01/04/2026 22:00 - 01/04/2026 23:00","170.13",""
"01/04/2026 00:00 - 02/04/2026 00:00","CTA|DE(50Hertz)","GTHKW Nossener Bruecke","11WD8DRES5X----D","Fossil Gas","11WD8DRES5X----D","01/04/2026 23:00 - 02/04/2026 00:00","170.75",""
"01/04/2026 00:00 - 02/04/2026 00:00","CTA|DE(50Hertz)","PSW Goldisthal PSS A","11WD8GOLD1H---AL","Hydro Pumped Storage","11WD8GOLD1H---AL","01/04/2026 00:00 - 01/04/2026 01:00","0.00",""
"01/04/2026 00:00 - 02/04/2026 00:00","CTA|DE(50Hertz)","PSW Goldisthal PSS A","11WD8GOLD1H---AL","Hydro Pumped Storage","11WD8GOLD1H---AL","01/04/2026 01:00 - 01/04/2026 02:00","0.00",""
"01/04/2026 00:00 - 02/04/2026 00:00","CTA|DE(50Hertz)","PSW Goldisthal PSS A","11WD8GOLD1H---AL","Hydro Pumped Storage","11WD8GOLD1H---AL","01/04/2026 02:00 - 01/04/2026 03:00","0.00",""
"01/04/2026 00:00 - 02/04/2026 00:00","CTA|DE(50Hertz)","PSW Goldisthal PSS A","11WD8GOLD1H---AL","Hydro Pumped Storage","11WD8GOLD1H---AL","01/04/2026 03:00 - 01/04/2026 04:00","0.00",""
"01/04/2026 00:00 - 02/04/2026 00:00","CTA|DE(50Hertz)","PSW Goldisthal PSS A","11WD8GOLD1H---AL","Hydro Pumped Storage","11WD8GOLD1H---AL","01/04/2026 04:00 - 01/04/2026 05:00","0.00",""
"01/04/2026 00:00 - 02/04/2026 00:00","CTA|DE(50Hertz)","PSW Goldisthal PSS A","11WD8GOLD1H---AL","Hydro Pumped Storage","11WD8GOLD1H---AL","01/04/2026 05:00 - 01/04/2026 06:00","0.00",""
"01/04/2026 00:00 - 02/04/2026 00:00","CTA|DE(50Hertz)","PSW Goldisthal PSS A","11WD8GOLD1H---AL","Hydro Pumped Storage","11WD8GOLD1H---AL","01/04/2026 06:00 - 01/04/2026 07:00","0.00",""
"01/04/2026 00:00 - 02/04/2026 00:00","CTA|DE(50Hertz)","PSW Goldisthal PSS A","11WD8GOLD1H---AL","Hydro Pumped Storage","11WD8GOLD1H---AL","01/04/2026 07:00 - 01/04/2026 08:00","0.00",""
"01/04/2026 00:00 - 02/04/2026 00:00","CTA|DE(50Hertz)","PSW Goldisthal PSS A","11WD8GOLD1H---AL","Hydro Pumped Storage","11WD8GOLD1H---AL","01/04/2026 08:00 - 01/04/2026 09:00","0.00",""
"01/04/2026 00:00 - 02/04/2026 00:00","CTA|DE(50Hertz)","PSW Goldisthal PSS A","11WD8GOLD1H---AL","Hydro Pumped Storage","11WD8GOLD1H---AL","01/04/2026 09:00 - 01/04/2026 10:00","0.00",""
"01/04/2026 00:00 - 02/04/2026 00:00","CTA|DE(50Hertz)","PSW Goldisthal PSS A","11WD8GOLD1H---AL","Hydro Pumped Storage","11WD8GOLD1H---AL","01/04/2026 10:00 - 01/04/2026 11:00","0.00",""
"01/04/2026 00:00 - 02/04/2026 00:00","CTA|DE(50Hertz)","PSW Goldisthal PSS A","11WD8GOLD1H---AL","Hydro Pumped Storage","11WD8GOLD1H---AL","01/04/2026 11:00 - 01/04/2026 12:00","0.00",""
"01/04/2026 00:00 - 02/04/2026 00:00","CTA|DE(50Hertz)","PSW Goldisthal PSS A","11WD8GOLD1H---AL","Hydro Pumped Storage","11WD8GOLD1H---AL","01/04/2026 12:00 - 01/04/2026 13:00","0.00",""
"01/04/2026 00:00 - 02/04/2026 00:00","CTA|DE(50Hertz)","PSW Goldisthal PSS A","11WD8GOLD1H---AL","Hydro Pumped Storage","11WD8GOLD1H---AL","01/04/2026 13:00 - 01/04/2026 14:00","0.00",""
"01/04/2026 00:00 - 02/04/2026 00:00","CTA|DE(50Hertz)","PSW Goldisthal PSS A","11WD8GOLD1H---AL","Hydro Pumped Storage","11WD8GOLD1H---AL","01/04/2026 14:00 - 01/04/2026 15:00","0.00",""
"01/04/2026 00:00 - 02/04/2026 00:00","CTA|DE(50Hertz)","PSW Goldisthal PSS A","11WD8GOLD1H---AL","Hydro Pumped Storage","11WD8GOLD1H---AL","01/04/2026 15:00 - 01/04/2026 16:00","0.00",""
"01/04/2026 00:00 - 02/04/2026 00:00","CTA|DE(50Hertz)","PSW Goldisthal PSS A","11WD8GOLD1H---AL","Hydro Pumped Storage","11WD8GOLD1H---AL","01/04/2026 16:00 - 01/04/2026 17:00","0.00",""
"01/04/2026 00:00 - 02/04/2026 00:00","CTA|DE(50Hertz)","PSW Goldisthal PSS A","11WD8GOLD1H---AL","Hydro Pumped Storage","11WD8GOLD1H---AL","01/04/2026 17:00 - 01/04/2026 18:00","0.00",""
"01/04/2026 00:00 - 02/04/2026 00:00","CTA|DE(50Hertz)","PSW Goldisthal PSS A","11WD8GOLD1H---AL","Hydro Pumped Storage","11WD8GOLD1H---AL","01/04/2026 18:00 - 01/04/2026 19:00","0.00",""
"01/04/2026 00:00 - 02/04/2026 00:00","CTA|DE(50Hertz)","PSW Goldisthal PSS A","11WD8GOLD1H---AL","Hydro Pumped Storage","11WD8GOLD1H---AL","01/04/2026 19:00 - 01/04/2026 20:00","0.00",""
"01/04/2026 00:00 - 02/04/2026 00:00","CTA|DE(50Hertz)","PSW Goldisthal PSS A","11WD8GOLD1H---AL","Hydro Pumped Storage","11WD8GOLD1H---AL","01/04/2026 20:00 - 01/04/2026 21:00","0.00",""
"01/04/2026 00:00 - 02/04/2026 00:00","CTA|DE(50Hertz)","PSW Goldisthal PSS A","11WD8GOLD1H---AL","Hydro Pumped Storage","11WD8GOLD1H---AL","01/04/2026 21:00 - 01/04/2026 22:00","0.00",""
"01/04/2026 00:00 - 02/04/2026 00:00","CTA|DE(50Hertz)","PSW Goldisthal PSS A","11WD8GOLD1H---AL","Hydro Pumped Storage","11WD8GOLD1H---AL","01/04/2026 22:00 - 01/04/2026 23:00","0.00",""
"01/04/2026 00:00 - 02/04/2026 00:00","CTA|DE(50Hertz)","PSW Goldisthal PSS A","11WD8GOLD1H---AL","Hydro Pumped Storage","11WD8GOLD1H---AL","01/04/2026 23:00 - 02/04/2026 00:00","0.00",""
"01/04/2026 00:00 - 02/04/2026 00:00","CTA|DE(50Hertz)","PSW Goldisthal PSS B","11WD8GOLD1H---BJ","Hydro Pumped Storage","11WD8GOLD1H---BJ","01/04/2026 00:00 - 01/04/2026 01:00","0.00",""
"01/04/2026 00:00 - 02/04/2026 00:00","CTA|DE(50Hertz)","PSW Goldisthal PSS B","11WD8GOLD1H---BJ","Hydro Pumped Storage","11WD8GOLD1H---BJ","01/04/2026 01:00 - 01/04/2026 02:00","0.00",""
"01/04/2026 00:00 - 02/04/2026 00:00","CTA|DE(50Hertz)","PSW Goldisthal PSS B","11WD8GOLD1H---BJ","Hydro Pumped Storage","11WD8GOLD1H---BJ","01/04/2026 02:00 - 01/04/2026 03:00","0.00",""
"01/04/2026 00:00 - 02/04/2026 00:00","CTA|DE(50Hertz)","PSW Goldisthal PSS B","11WD8GOLD1H---BJ","Hydro Pumped Storage","11WD8GOLD1H---BJ","01/04/2026 03:00 - 01/04/2026 04:00","0.00",""
"01/04/2026 00:00 - 02/04/2026 00:00","CTA|DE(50Hertz)","PSW Goldisthal PSS B","11WD8GOLD1H---BJ","Hydro Pumped Storage","11WD8GOLD1H---BJ","01/04/2026 04:00 - 01/04/2026 05:00","0.00",""
"01/04/2026 00:00 - 02/04/2026 00:00","CTA|DE(50Hertz)","PSW Goldisthal PSS B","11WD8GOLD1H---BJ","Hydro Pumped Storage","11WD8GOLD1H---BJ","01/04/2026 05:00 - 01/04/2026 06:00","0.00",""
"01/04/2026 00:00 - 02/04/2026 00:00","CTA|DE(50Hertz)","PSW Goldisthal PSS B","11WD8GOLD1H---BJ","Hydro Pumped Storage","11WD8GOLD1H---BJ","01/04/2026 06:00 - 01/04/2026 07:00","0.00",""
"01/04/2026 00:00 - 02/04/2026 00:00","CTA|DE(50Hertz)","PSW Goldisthal PSS B","11WD8GOLD1H---BJ","Hydro Pumped Storage","11WD8GOLD1H---BJ","01/04/2026 07:00 - 01/04/2026 08:00","0.00",""
"01/04/2026 00:00 - 02/04/2026 00:00","CTA|DE(50Hertz)","PSW Goldisthal PSS B","11WD8GOLD1H---BJ","Hydro Pumped Storage","11WD8GOLD1H---BJ","01/04/2026 08:00 - 01/04/2026 09:00","0.00",""
"01/04/2026 00:00 - 02/04/2026 00:00","CTA|DE(50Hertz)","PSW Goldisthal PSS B","11WD8GOLD1H---BJ","Hydro Pumped Storage","11WD8GOLD1H---BJ","01/04/2026 09:00 - 01/04/2026 10:00","0.00",""
"01/04/2026 00:00 - 02/04/2026 00:00","CTA|DE(50Hertz)","PSW Goldisthal PSS B","11WD8GOLD1H---BJ","Hydro Pumped Storage","11WD8GOLD1H---BJ","01/04/2026 10:00 - 01/04/2026 11:00","0.00",""
"01/04/2026 00:00 - 02/04/2026 00:00","CTA|DE(50Hertz)","PSW Goldisthal PSS B","11WD8GOLD1H---BJ","Hydro Pumped Storage","11WD8GOLD1H---BJ","01/04/2026 11:00 - 01/04/2026 12:00","0.00",""
"01/04/2026 00:00 - 02/04/2026 00:00","CTA|DE(50Hertz)","PSW Goldisthal PSS B","11WD8GOLD1H---BJ","Hydro Pumped Storage","11WD8GOLD1H---BJ","01/04/2026 12:00 - 01/04/2026 13:00","0.00",""
"01/04/2026 00:00 - 02/04/2026 00:00","CTA|DE(50Hertz)","PSW Goldisthal PSS B","11WD8GOLD1H---BJ","Hydro Pumped Storage","11WD8GOLD1H---BJ","01/04/2026 13:00 - 01/04/2026 14:00","0.00",""
"01/04/2026 00:00 - 02/04/2026 00:00","CTA|DE(50Hertz)","PSW Goldisthal PSS B","11WD8GOLD1H---BJ","Hydro Pumped Storage","11WD8GOLD1H---BJ","01/04/2026 14:00 - 01/04/2026 15:00","0.00",""
"01/04/2026 00:00 - 02/04/2026 00:00","CTA|DE(50Hertz)","PSW Goldisthal PSS B","11WD8GOLD1H---BJ","Hydro Pumped Storage","11WD8GOLD1H---BJ","01/04/2026 15:00 - 01/04/2026 16:00","0.00",""
"01/04/2026 00:00 - 02/04/2026 00:00","CTA|DE(50Hertz)","PSW Goldisthal PSS B","11WD8GOLD1H---BJ","Hydro Pumped Storage","11WD8GOLD1H---BJ","01/04/2026 16:00 - 01/04/2026 17:00","0.00",""
"01/04/2026 00:00 - 02/04/2026 00:00","CTA|DE(50Hertz)","PSW Goldisthal PSS B","11WD8GOLD1H---BJ","Hydro Pumped Storage","11WD8GOLD1H---BJ","01/04/2026 17:00 - 01/04/2026 18:00","0.00",""
"01/04/2026 00:00 - 02/04/2026 00:00","CTA|DE(50Hertz)","PSW Goldisthal PSS B","11WD8GOLD1H---BJ","Hydro Pumped Storage","11WD8GOLD1H---BJ","01/04/2026 18:00 - 01/04/2026 19:00","0.00",""
"01/04/2026 00:00 - 02/04/2026 00:00","CTA|DE(50Hertz)","PSW Goldisthal PSS B","11WD8GOLD1H---BJ","Hydro Pumped Storage","11WD8GOLD1H---BJ","01/04/2026 19:00 - 01/04/2026 20:00","0.00",""
"01/04/2026 00:00 - 02/04/2026 00:00","CTA|DE(50Hertz)","PSW Goldisthal PSS B","11WD8GOLD1H---BJ","Hydro Pumped Storage","11WD8GOLD1H---BJ","01/04/2026 20:00 - 01/04/2026 21:00","0.00",""
"01/04/2026 00:00 - 02/04/2026 00:00","CTA|DE(50Hertz)","PSW Goldisthal PSS B","11WD8GOLD1H---BJ","Hydro Pumped Storage","11WD8GOLD1H---BJ","01/04/2026 21:00 - 01/04/2026 22:00","0.00",""
"01/04/2026 00:00 - 02/04/2026 00:00","CTA|DE(50Hertz)","PSW Goldisthal PSS B","11WD8GOLD1H---BJ","Hydro Pumped Storage","11WD8GOLD1H---BJ","01/04/2026 22:00 - 01/04/2026 23:00","0.00",""
"01/04/2026 00:00 - 02/04/2026 00:00","CTA|DE(50Hertz)","PSW Goldisthal PSS B","11WD8GOLD1H---BJ","Hydro Pumped Storage","11WD8GOLD1H---BJ","01/04/2026 23:00 - 02/04/2026 00:00","0.00",""
"01/04/2026 00:00 - 02/04/2026 00:00","CTA|DE(50Hertz)","PSW Goldisthal PSS C","11WD8GOLD1H---CH","Hydro Pumped Storage","11WD8GOLD1H---CH","01/04/2026 00:00 - 01/04/2026 01:00","0.00",""
"01/04/2026 00:00 - 02/04/2026 00:00","CTA|DE(50Hertz)","PSW Goldisthal PSS C","11WD8GOLD1H---CH","Hydro Pumped Storage","11WD8GOLD1H---CH","01/04/2026 01:00 - 01/04/2026 02:00","0.00",""
"01/04/2026 00:00 - 02/04/2026 00:00","CTA|DE(50Hertz)","PSW Goldisthal PSS C","11WD8GOLD1H---CH","Hydro Pumped Storage","11WD8GOLD1H---CH","01/04/2026 02:00 - 01/04/2026 03:00","0.00",""
"01/04/2026 00:00 - 02/04/2026 00:00","CTA|DE(50Hertz)","PSW Goldisthal PSS C","11WD8GOLD1H---CH","Hydro Pumped Storage","11WD8GOLD1H---CH","01/04/2026 03:00 - 01/04/2026 04:00","0.00",""
"01/04/2026 00:00 - 02/04/2026 00:00","CTA|DE(50Hertz)","PSW Goldisthal PSS C","11WD8GOLD1H---CH","Hydro Pumped Storage","11WD8GOLD1H---CH","01/04/2026 04:00 - 01/04/2026 05:00","0.00",""
"01/04/2026 00:00 - 02/04/2026 00:00","CTA|DE(50Hertz)","PSW Goldisthal PSS C","11WD8GOLD1H---CH","Hydro Pumped Storage","11WD8GOLD1H---CH","01/04/2026 05:00 - 01/04/2026 06:00","103.00",""
"01/04/2026 00:00 - 02/04/2026 00:00","CTA|DE(50Hertz)","PSW Goldisthal PSS C","11WD8GOLD1H---CH","Hydro Pumped Storage","11WD8GOLD1H---CH","01/04/2026 06:00 - 01/04/2026 07:00","260.50",""
"01/04/2026 00:00 - 02/04/2026 00:00","CTA|DE(50Hertz)","PSW Goldisthal PSS C","11WD8GOLD1H---CH","Hydro Pumped Storage","11WD8GOLD1H---CH","01/04/2026 07:00 - 01/04/2026 08:00","256.50",""
"01/04/2026 00:00 - 02/04/2026 00:00","CTA|DE(50Hertz)","PSW Goldisthal PSS C","11WD8GOLD1H---CH","Hydro Pumped Storage","11WD8GOLD1H---CH","01/04/2026 08:00 - 01/04/2026 09:00","252.50",""
"01/04/2026 00:00 - 02/04/2026 00:00","CTA|DE(50Hertz)","PSW Goldisthal PSS C","11WD8GOLD1H---CH","Hydro Pumped Storage","11WD8GOLD1H---CH","01/04/2026 09:00 - 01/04/2026 10:00","124.50",""
"01/04/2026 00:00 - 02/04/2026 00:00","CTA|DE(50Hertz)","PSW Goldisthal PSS C","11WD8GOLD1H---CH","Hydro Pumped Storage","11WD8GOLD1H---CH","01/04/2026 10:00 - 01/04/2026 11:00","0.00",""
"01/04/2026 00:00 - 02/04/2026 00:00","CTA|DE(50Hertz)","PSW Goldisthal PSS C","11WD8GOLD1H---CH","Hydro Pumped Storage","11WD8GOLD1H---CH","01/04/2026 11:00 - 01/04/2026 12:00","0.00",""
"01/04/2026 00:00 - 02/04/2026 00:00","CTA|DE(50Hertz)","PSW Goldisthal PSS C","11WD8GOLD1H---CH","Hydro Pumped Storage","11WD8GOLD1H---CH","01/04/2026 12:00 - 01/04/2026 13:00","0.00",""
"01/04/2026 00:00 - 02/04/2026 00:00","CTA|DE(50Hertz)","PSW Goldisthal PSS C","11WD8GOLD1H---CH","Hydro Pumped Storage","11WD8GOLD1H---CH","01/04/2026 13:00 - 01/04/2026 14:00","0.00",""
"01/04/2026 00:00 - 02/04/2026 00:00","CTA|DE(50Hertz)","PSW Goldisthal PSS C","11WD8GOLD1H---CH","Hydro Pumped Storage","11WD8GOLD1H---CH","01/04/2026 14:00 - 01/04/2026 15:00","0.00",""
"01/04/2026 00:00 - 02/04/2026 00:00","CTA|DE(50Hertz)","PSW Goldisthal PSS C","11WD8GOLD1H---CH","Hydro Pumped Storage","11WD8GOLD1H---CH","01/04/2026 15:00 - 01/04/2026 16:00","0.00",""
"01/04/2026 00:00 - 02/04/2026 00:00","CTA|DE(50Hertz)","PSW Goldisthal PSS C","11WD8GOLD1H---CH","Hydro Pumped Storage","11WD8GOLD1H---CH","01/04/2026 16:00 - 01/04/2026 17:00","0.00",""
"01/04/2026 00:00 - 02/04/2026 00:00","CTA|DE(50Hertz)","PSW Goldisthal PSS C","11WD8GOLD1H---CH","Hydro Pumped Storage","11WD8GOLD1H---CH","01/04/2026 17:00 - 01/04/2026 18:00","0.00",""
"01/04/2026 00:00 - 02/04/2026 00:00","CTA|DE(50Hertz)","PSW Goldisthal PSS C","11WD8GOLD1H---CH","Hydro Pumped Storage","11WD8GOLD1H---CH","01/04/2026 18:00 - 01/04/2026 19:00","134.50",""
"01/04/2026 00:00 - 02/04/2026 00:00","CTA|DE(50Hertz)","PSW Goldisthal PSS C","11WD8GOLD1H---CH","Hydro Pumped Storage","11WD8GOLD1H---CH","01/04/2026 19:00 - 01/04/2026 20:00","265.00",""
"01/04/2026 00:00 - 02/04/2026 00:00","CTA|DE(50Hertz)","PSW Goldisthal PSS C","11WD8GOLD1H---CH","Hydro Pumped Storage","11WD8GOLD1H---CH","01/04/2026 20:00 - 01/04/2026 21:00","261.25",""
"01/04/2026 00:00 - 02/04/2026 00:00","CTA|DE(50Hertz)","PSW Goldisthal PSS C","11WD8GOLD1H---CH","Hydro Pumped Storage","11WD8GOLD1H---CH","01/04/2026 21:00 - 01/04/2026 22:00","244.75",""
"01/04/2026 00:00 - 02/04/2026 00:00","CTA|DE(50Hertz)","PSW Goldisthal PSS C","11WD8GOLD1H---CH","Hydro Pumped Storage","11WD8GOLD1H---CH","01/04/2026 22:00 - 01/04/2026 23:00","126.75",""
"01/04/2026 00:00 - 02/04/2026 00:00","CTA|DE(50Hertz)","PSW Goldisthal PSS C","11WD8GOLD1H---CH","Hydro Pumped Storage","11WD8GOLD1H---CH","01/04/2026 23:00 - 02/04/2026 00:00","0.00",""
"01/04/2026 00:00 - 02/04/2026 00:00","CTA|DE(50Hertz)","PSW Goldisthal PSS D","11WD8GOLD1H---DF","Hydro Pumped Storage","11WD8GOLD1H---DF","01/04/2026 00:00 - 01/04/2026 01:00","39.75",""
"01/04/2026 00:00 - 02/04/2026 00:00","CTA|DE(50Hertz)","PSW Goldisthal PSS D","11WD8GOLD1H---DF","Hydro Pumped Storage","11WD8GOLD1H---DF","01/04/2026 01:00 - 01/04/2026 02:00","0.00",""
"01/04/2026 00:00 - 02/04/2026 00:00","CTA|DE(50Hertz)","PSW Goldisthal PSS D","11WD8GOLD1H---DF","Hydro Pumped Storage","11WD8GOLD1H---DF","01/04/2026 02:00 - 01/04/2026 03:00","0.00",""
"01/04/2026 00:00 - 02/04/2026 00:00","CTA|DE(50Hertz)","PSW Goldisthal PSS D","11WD8GOLD1H---DF","Hydro Pumped Storage","11WD8GOLD1H---DF","01/04/2026 03:00 - 01/04/2026 04:00","0.00",""
"01/04/2026 00:00 - 02/04/2026 00:00","CTA|DE(50Hertz)","PSW Goldisthal PSS D","11WD8GOLD1H---DF","Hydro Pumped Storage","11WD8GOLD1H---DF","01/04/2026 04:00 - 01/04/2026 05:00","98.75",""
"01/04/2026 00:00 - 02/04/2026 00:00","CTA|DE(50Hertz)","PSW Goldisthal PSS D","11WD8GOLD1H---DF","Hydro Pumped Storage","11WD8GOLD1H---DF","01/04/2026 05:00 - 01/04/2026 06:00","182.00",""
"01/04/2026 00:00 - 02/04/2026 00:00","CTA|DE(50Hertz)","PSW Goldisthal PSS D","11WD8GOLD1H---DF","Hydro Pumped Storage","11WD8GOLD1H---DF","01/04/2026 06:00 - 01/04/2026 07:00","263.50",""
"01/04/2026 00:00 - 02/04/2026 00:00","CTA|DE(50Hertz)","PSW Goldisthal PSS D","11WD8GOLD1H---DF","Hydro Pumped Storage","11WD8GOLD1H---DF","01/04/2026 07:00 - 01/04/2026 08:00","261.25",""
"01/04/2026 00:00 - 02/04/2026 00:00","CTA|DE(50Hertz)","PSW Goldisthal PSS D","11WD8GOLD1H---DF","Hydro Pumped Storage","11WD8GOLD1H---DF","01/04/2026 08:00 - 01/04/2026 09:00","256.00",""
"01/04/2026 00:00 - 02/04/2026 00:00","CTA|DE(50Hertz)","PSW Goldisthal PSS D","11WD8GOLD1H---DF","Hydro Pumped Storage","11WD8GOLD1H---DF","01/04/2026 09:00 - 01/04/2026 10:00","126.00",""
"01/04/2026 00:00 - 02/04/2026 00:00","CTA|DE(50Hertz)","PSW Goldisthal PSS D","11WD8GOLD1H---DF","Hydro Pumped Storage","11WD8GOLD1H---DF","01/04/2026 10:00 - 01/04/2026 11:00","0.00",""
"01/04/2026 00:00 - 02/04/2026 00:00","CTA|DE(50Hertz)","PSW Goldisthal PSS D","11WD8GOLD1H---DF","Hydro Pumped Storage","11WD8GOLD1H---DF","01/04/2026 11:00 - 01/04/2026 12:00","0.00",""
"01/04/2026 00:00 - 02/04/2026 00:00","CTA|DE(50Hertz)","PSW Goldisthal PSS D","11WD8GOLD1H---DF","Hydro Pumped Storage","11WD8GOLD1H---DF","01/04/2026 12:00 - 01/04/2026 13:00","0.00",""
"01/04/2026 00:00 - 02/04/2026 00:00","CTA|DE(50Hertz)","PSW Goldisthal PSS D","11WD8GOLD1H---DF","Hydro Pumped Storage","11WD8GOLD1H---DF","01/04/2026 13:00 - 01/04/2026 14:00","0.00",""
"01/04/2026 00:00 - 02/04/2026 00:00","CTA|DE(50Hertz)","PSW Goldisthal PSS D","11WD8GOLD1H---DF","Hydro Pumped Storage","11WD8GOLD1H---DF","01/04/2026 14:00 - 01/04/2026 15:00","0.00",""
"01/04/2026 00:00 - 02/04/2026 00:00","CTA|DE(50Hertz)","PSW Goldisthal PSS D","11WD8GOLD1H---DF","Hydro Pumped Storage","11WD8GOLD1H---DF","01/04/2026 15:00 - 01/04/2026 16:00","0.00",""
"01/04/2026 00:00 - 02/04/2026 00:00","CTA|DE(50Hertz)","PSW Goldisthal PSS D","11WD8GOLD1H---DF","Hydro Pumped Storage","11WD8GOLD1H---DF","01/04/2026 16:00 - 01/04/2026 17:00","0.00",""
"01/04/2026 00:00 - 02/04/2026 00:00","CTA|DE(50Hertz)","PSW Goldisthal PSS D","11WD8GOLD1H---DF","Hydro Pumped Storage","11WD8GOLD1H---DF","01/04/2026 17:00 - 01/04/2026 18:00","0.00",""
"01/04/2026 00:00 - 02/04/2026 00:00","CTA|DE(50Hertz)","PSW Goldisthal PSS D","11WD8GOLD1H---DF","Hydro Pumped Storage","11WD8GOLD1H---DF","01/04/2026 18:00 - 01/04/2026 19:00","191.50",""
"01/04/2026 00:00 - 02/04/2026 00:00","CTA|DE(50Hertz)","PSW Goldisthal PSS D","11WD8GOLD1H---DF","Hydro Pumped Storage","11WD8GOLD1H---DF","01/04/2026 19:00 - 01/04/2026 20:00","270.00",""
"01/04/2026 00:00 - 02/04/2026 00:00","CTA|DE(50Hertz)","PSW Goldisthal PSS D","11WD8GOLD1H---DF","Hydro Pumped Storage","11WD8GOLD1H---DF","01/04/2026 20:00 - 01/04/2026 21:00","266.50",""
"01/04/2026 00:00 - 02/04/2026 00:00","CTA|DE(50Hertz)","PSW Goldisthal PSS D","11WD8GOLD1H---DF","Hydro Pumped Storage","11WD8GOLD1H---DF","01/04/2026 21:00 - 01/04/2026 22:00","262.25",""
"01/04/2026 00:00 - 02/04/2026 00:00","CTA|DE(50Hertz)","PSW Goldisthal PSS D","11WD8GOLD1H---DF","Hydro Pumped Storage","11WD8GOLD1H---DF","01/04/2026 22:00 - 01/04/2026 23:00","168.50",""
"01/04/2026 00:00 - 02/04/2026 00:00","CTA|DE(50Hertz)","PSW Goldisthal PSS D","11WD8GOLD1H---DF","Hydro Pumped Storage","11WD8GOLD1H---DF","01/04/2026 23:00 - 02/04/2026 00:00","53.25",""
"01/04/2026 00:00 - 02/04/2026 00:00","CTA|DE(50Hertz)","KW Jänschwalde Block B","11WD8JAEN1L---BB","Fossil Brown coal/Lignite","11WD8JAEN1L---BB","01/04/2026 00:00 - 01/04/2026 01:00","483.75",""
"01/04/2026 00:00 - 02/04/2026 00:00","CTA|DE(50Hertz)","KW Jänschwalde Block B","11WD8JAEN1L---BB","Fossil Brown coal/Lignite","11WD8JAEN1L---BB","01/04/2026 01:00 - 01/04/2026 02:00","488.75",""
"01/04/2026 00:00 - 02/04/2026 00:00","CTA|DE(50Hertz)","KW Jänschwalde Block B","11WD8JAEN1L---BB","Fossil Brown coal/Lignite","11WD8JAEN1L---BB","01/04/2026 02:00 - 01/04/2026 03:00","492.75",""
"01/04/2026 00:00 - 02/04/2026 00:00","CTA|DE(50Hertz)","KW Jänschwalde Block B","11WD8JAEN1L---BB","Fossil Brown coal/Lignite","11WD8JAEN1L---BB","01/04/2026 03:00 - 01/04/2026 04:00","487.25",""
"01/04/2026 00:00 - 02/04/2026 00:00","CTA|DE(50Hertz)","KW Jänschwalde Block B","11WD8JAEN1L---BB","Fossil Brown coal/Lignite","11WD8JAEN1L---BB","01/04/2026 04:00 - 01/04/2026 05:00","490.00",""
"01/04/2026 00:00 - 02/04/2026 00:00","CTA|DE(50Hertz)","KW Jänschwalde Block B","11WD8JAEN1L---BB","Fossil Brown coal/Lignite","11WD8JAEN1L---BB","01/04/2026 05:00 - 01/04/2026 06:00","489.50",""
"01/04/2026 00:00 - 02/04/2026 00:00","CTA|DE(50Hertz)","KW Jänschwalde Block B","11WD8JAEN1L---BB","Fossil Brown coal/Lignite","11WD8JAEN1L---BB","01/04/2026 06:00 - 01/04/2026 07:00","483.75",""
"01/04/2026 00:00 - 02/04/2026 00:00","CTA|DE(50Hertz)","KW Jänschwalde Block B","11WD8JAEN1L---BB","Fossil Brown coal/Lignite","11WD8JAEN1L---BB","01/04/2026 07:00 - 01/04/2026 08:00","485.00",""
"01/04/2026 00:00 - 02/04/2026 00:00","CTA|DE(50Hertz)","KW Jänschwalde Block B","11WD8JAEN1L---BB","Fossil Brown coal/Lignite","11WD8JAEN1L---BB","01/04/2026 08:00 - 01/04/2026 09:00","491.50",""
"01/04/2026 00:00 - 02/04/2026 00:00","CTA|DE(50Hertz)","KW Jänschwalde Block B","11WD8JAEN1L---BB","Fossil Brown coal/Lignite","11WD8JAEN1L---BB","01/04/2026 09:00 - 01/04/2026 10:00","484.50",""
"01/04/2026 00:00 - 02/04/2026 00:00","CTA|DE(50Hertz)","KW Jänschwalde Block B","11WD8JAEN1L---BB","Fossil Brown coal/Lignite","11WD8JAEN1L---BB","01/04/2026 10:00 - 01/04/2026 11:00","390.00",""
"01/04/2026 00:00 - 02/04/2026 00:00","CTA|DE(50Hertz)","KW Jänschwalde Block B","11WD8JAEN1L---BB","Fossil Brown coal/Lignite","11WD8JAEN1L---BB","01/04/2026 11:00 - 01/04/2026 12:00","329.00",""
"01/04/2026 00:00 - 02/04/2026 00:00","CTA|DE(50Hertz)","KW Jänschwalde Block B","11WD8JAEN1L---BB","Fossil Brown coal/Lignite","11WD8JAEN1L---BB","01/04/2026 12:00 - 01/04/2026 13:00","363.25",""
"01/04/2026 00:00 - 02/04/2026 00:00","CTA|DE(50Hertz)","KW Jänschwalde Block B","11WD8JAEN1L---BB","Fossil Brown coal/Lignite","11WD8JAEN1L---BB","01/04/2026 13:00 - 01/04/2026 14:00","420.00",""
"01/04/2026 00:00 - 02/04/2026 00:00","CTA|DE(50Hertz)","KW Jänschwalde Block B","11WD8JAEN1L---BB","Fossil Brown coal/Lignite","11WD8JAEN1L---BB","01/04/2026 14:00 - 01/04/2026 15:00","402.00",""
"01/04/2026 00:00 - 02/04/2026 00:00","CTA|DE(50Hertz)","KW Jänschwalde Block B","11WD8JAEN1L---BB","Fossil Brown coal/Lignite","11WD8JAEN1L---BB","01/04/2026 15:00 - 01/04/2026 16:00","486.00",""
"01/04/2026 00:00 - 02/04/2026 00:00","CTA|DE(50Hertz)","KW Jänschwalde Block B","11WD8JAEN1L---BB","Fossil Brown coal/Lignite","11WD8JAEN1L---BB","01/04/2026 16:00 - 01/04/2026 17:00","485.00",""
"01/04/2026 00:00 - 02/04/2026 00:00","CTA|DE(50Hertz)","KW Jänschwalde Block B","11WD8JAEN1L---BB","Fossil Brown coal/Lignite","11WD8JAEN1L---BB","01/04/2026 17:00 - 01/04/2026 18:00","479.75",""
"01/04/2026 00:00 - 02/04/2026 00:00","CTA|DE(50Hertz)","KW Jänschwalde Block B","11WD8JAEN1L---BB","Fossil Brown coal/Lignite","11WD8JAEN1L---BB","01/04/2026 18:00 - 01/04/2026 19:00","489.00",""
"01/04/2026 00:00 - 02/04/2026 00:00","CTA|DE(50Hertz)","KW Jänschwalde Block B","11WD8JAEN1L---BB","Fossil Brown coal/Lignite","11WD8JAEN1L---BB","01/04/2026 19:00 - 01/04/2026 20:00","499.25",""
"01/04/2026 00:00 - 02/04/2026 00:00","CTA|DE(50Hertz)","KW Jänschwalde Block B","11WD8JAEN1L---BB","Fossil Brown coal/Lignite","11WD8JAEN1L---BB","01/04/2026 20:00 - 01/04/2026 21:00","495.25",""
"01/04/2026 00:00 - 02/04/2026 00:00","CTA|DE(50Hertz)","KW Jänschwalde Block B","11WD8JAEN1L---BB","Fossil Brown coal/Lignite","11WD8JAEN1L---BB","01/04/2026 21:00 - 01/04/2026 22:00","491.50",""
"01/04/2026 00:00 - 02/04/2026 00:00","CTA|DE(50Hertz)","KW Jänschwalde Block B","11WD8JAEN1L---BB","Fossil Brown coal/Lignite","11WD8JAEN1L---BB","01/04/2026 22:00 - 01/04/2026 23:00","499.75",""
"01/04/2026 00:00 - 02/04/2026 00:00","CTA|DE(50Hertz)","KW Jänschwalde Block B","11WD8JAEN1L---BB","Fossil Brown coal/Lignite","11WD8JAEN1L---BB","01/04/2026 23:00 - 02/04/2026 00:00","498.25",""
"01/04/2026 00:00 - 02/04/2026 00:00","CTA|DE(50Hertz)","KW Jänschwalde Block C","11WD8JAEN1L---C9","Fossil Brown coal/Lignite","11WD8JAEN1L---C9","01/04/2026 00:00 - 01/04/2026 01:00","237.00",""
"01/04/2026 00:00 - 02/04/2026 00:00","CTA|DE(50Hertz)","KW Jänschwalde Block C","11WD8JAEN1L---C9","Fossil Brown coal/Lignite","11WD8JAEN1L---C9","01/04/2026 01:00 - 01/04/2026 02:00","237.50",""
"01/04/2026 00:00 - 02/04/2026 00:00","CTA|DE(50Hertz)","KW Jänschwalde Block C","11WD8JAEN1L---C9","Fossil Brown coal/Lignite","11WD8JAEN1L---C9","01/04/2026 02:00 - 01/04/2026 03:00","236.75",""
"01/04/2026 00:00 - 02/04/2026 00:00","CTA|DE(50Hertz)","KW Jänschwalde Block C","11WD8JAEN1L---C9","Fossil Brown coal/Lignite","11WD8JAEN1L---C9","01/04/2026 03:00 - 01/04/2026 04:00","238.00",""
"01/04/2026 00:00 - 02/04/2026 00:00","CTA|DE(50Hertz)","KW Jänschwalde Block C","11WD8JAEN1L---C9","Fossil Brown coal/Lignite","11WD8JAEN1L---C9","01/04/2026 04:00 - 01/04/2026 05:00","235.00",""
"01/04/2026 00:00 - 02/04/2026 00:00","CTA|DE(50Hertz)","KW Jänschwalde Block C","11WD8JAEN1L---C9","Fossil Brown coal/Lignite","11WD8JAEN1L---C9","01/04/2026 05:00 - 01/04/2026 06:00","235.50",""
"01/04/2026 00:00 - 02/04/2026 00:00","CTA|DE(50Hertz)","KW Jänschwalde Block C","11WD8JAEN1L---C9","Fossil Brown coal/Lignite","11WD8JAEN1L---C9","01/04/2026 06:00 - 01/04/2026 07:00","233.00",""
"01/04/2026 00:00 - 02/04/2026 00:00","CTA|DE(50Hertz)","KW Jänschwalde Block C","11WD8JAEN1L---C9","Fossil Brown coal/Lignite","11WD8JAEN1L---C9","01/04/2026 07:00 - 01/04/2026 08:00","230.75",""
"01/04/2026 00:00 - 02/04/2026 00:00","CTA|DE(50Hertz)","KW Jänschwalde Block C","11WD8JAEN1L---C9","Fossil Brown coal/Lignite","11WD8JAEN1L---C9","01/04/2026 08:00 - 01/04/2026 09:00","225.25",""
"01/04/2026 00:00 - 02/04/2026 00:00","CTA|DE(50Hertz)","KW Jänschwalde Block C","11WD8JAEN1L---C9","Fossil Brown coal/Lignite","11WD8JAEN1L---C9","01/04/2026 09:00 - 01/04/2026 10:00","220.25",""
"01/04/2026 00:00 - 02/04/2026 00:00","CTA|DE(50Hertz)","KW Jänschwalde Block C","11WD8JAEN1L---C9","Fossil Brown coal/Lignite","11WD8JAEN1L---C9","01/04/2026 10:00 - 01/04/2026 11:00","172.00",""
"01/04/2026 00:00 - 02/04/2026 00:00","CTA|DE(50Hertz)","KW Jänschwalde Block C","11WD8JAEN1L---C9","Fossil Brown coal/Lignite","11WD8JAEN1L---C9","01/04/2026 11:00 - 01/04/2026 12:00","172.25",""
"01/04/2026 00:00 - 02/04/2026 00:00","CTA|DE(50Hertz)","KW Jänschwalde Block C","11WD8JAEN1L---C9","Fossil Brown coal/Lignite","11WD8JAEN1L---C9","01/04/2026 12:00 - 01/04/2026 13:00","184.00",""
"01/04/2026 00:00 - 02/04/2026 00:00","CTA|DE(50Hertz)","KW Jänschwalde Block C","11WD8JAEN1L---C9","Fossil Brown coal/Lignite","11WD8JAEN1L---C9","01/04/2026 13:00 - 01/04/2026 14:00","180.75",""
"01/04/2026 00:00 - 02/04/2026 00:00","CTA|DE(50Hertz)","KW Jänschwalde Block C","11WD8JAEN1L---C9","Fossil Brown coal/Lignite","11WD8JAEN1L---C9","01/04/2026 14:00 - 01/04/2026 15:00","176.50",""
"01/04/2026 00:00 - 02/04/2026 00:00","CTA|DE(50Hertz)","KW Jänschwalde Block C","11WD8JAEN1L---C9","Fossil Brown coal/Lignite","11WD8JAEN1L---C9","01/04/2026 15:00 - 01/04/2026 16:00","231.25",""
"01/04/2026 00:00 - 02/04/2026 00:00","CTA|DE(50Hertz)","KW Jänschwalde Block C","11WD8JAEN1L---C9","Fossil Brown coal/Lignite","11WD8JAEN1L---C9","01/04/2026 16:00 - 01/04/2026 17:00","231.25",""
"01/04/2026 00:00 - 02/04/2026 00:00","CTA|DE(50Hertz)","KW Jänschwalde Block C","11WD8JAEN1L---C9","Fossil Brown coal/Lignite","11WD8JAEN1L---C9","01/04/2026 17:00 - 01/04/2026 18:00","230.50",""
"01/04/2026 00:00 - 02/04/2026 00:00","CTA|DE(50Hertz)","KW Jänschwalde Block C","11WD8JAEN1L---C9","Fossil Brown coal/Lignite","11WD8JAEN1L---C9","01/04/2026 18:00 - 01/04/2026 19:00","233.25",""
"01/04/2026 00:00 - 02/04/2026 00:00","CTA|DE(50Hertz)","KW Jänschwalde Block C","11WD8JAEN1L---C9","Fossil Brown coal/Lignite","11WD8JAEN1L---C9","01/04/2026 19:00 - 01/04/2026 20:00","235.25",""
"01/04/2026 00:00 - 02/04/2026 00:00","CTA|DE(50Hertz)","KW Jänschwalde Block C","11WD8JAEN1L---C9","Fossil Brown coal/Lignite","11WD8JAEN1L---C9","01/04/2026 20:00 - 01/04/2026 21:00","235.00",""
"01/04/2026 00:00 - 02/04/2026 00:00","CTA|DE(50Hertz)","KW Jänschwalde Block C","11WD8JAEN1L---C9","Fossil Brown coal/Lignite","11WD8JAEN1L---C9","01/04/2026 21:00 - 01/04/2026 22:00","233.50",""
"01/04/2026 00:00 - 02/04/2026 00:00","CTA|DE(50Hertz)","KW Jänschwalde Block C","11WD8JAEN1L---C9","Fossil Brown coal/Lignite","11WD8JAEN1L---C9","01/04/2026 22:00 - 01/04/2026 23:00","231.50",""
"01/04/2026 00:00 - 02/04/2026 00:00","CTA|DE(50Hertz)","KW Jänschwalde Block C","11WD8JAEN1L---C9","Fossil Brown coal/Lignite","11WD8JAEN1L---C9","01/04/2026 23:00 - 02/04/2026 00:00","230.25",""
"01/04/2026 00:00 - 02/04/2026 00:00","CTA|DE(50Hertz)","KW Jänschwalde Block D","11WD8JAEN1L---D7","Fossil Brown coal/Lignite","11WD8JAEN1L---D7","01/04/2026 00:00 - 01/04/2026 01:00","486.25",""
"01/04/2026 00:00 - 02/04/2026 00:00","CTA|DE(50Hertz)","KW Jänschwalde Block D","11WD8JAEN1L---D7","Fossil Brown coal/Lignite","11WD8JAEN1L---D7","01/04/2026 01:00 - 01/04/2026 02:00","490.50",""
"01/04/2026 00:00 - 02/04/2026 00:00","CTA|DE(50Hertz)","KW Jänschwalde Block D","11WD8JAEN1L---D7","Fossil Brown coal/Lignite","11WD8JAEN1L---D7","01/04/2026 02:00 - 01/04/2026 03:00","494.00",""
"01/04/2026 00:00 - 02/04/2026 00:00","CTA|DE(50Hertz)","KW Jänschwalde Block D","11WD8JAEN1L---D7","Fossil Brown coal/Lignite","11WD8JAEN1L---D7","01/04/2026 03:00 - 01/04/2026 04:00","489.50",""
"01/04/2026 00:00 - 02/04/2026 00:00","CTA|DE(50Hertz)","KW Jänschwalde Block D","11WD8JAEN1L---D7","Fossil Brown coal/Lignite","11WD8JAEN1L---D7","01/04/2026 04:00 - 01/04/2026 05:00","490.75",""
"01/04/2026 00:00 - 02/04/2026 00:00","CTA|DE(50Hertz)","KW Jänschwalde Block D","11WD8JAEN1L---D7","Fossil Brown coal/Lignite","11WD8JAEN1L---D7","01/04/2026 05:00 - 01/04/2026 06:00","489.25",""
"01/04/2026 00:00 - 02/04/2026 00:00","CTA|DE(50Hertz)","KW Jänschwalde Block D","11WD8JAEN1L---D7","Fossil Brown coal/Lignite","11WD8JAEN1L---D7","01/04/2026 06:00 - 01/04/2026 07:00","484.00",""
"01/04/2026 00:00 - 02/04/2026 00:00","CTA|DE(50Hertz)","KW Jänschwalde Block D","11WD8JAEN1L---D7","Fossil Brown coal/Lignite","11WD8JAEN1L---D7","01/04/2026 07:00 - 01/04/2026 08:00","483.50",""
"01/04/2026 00:00 - 02/04/2026 00:00","CTA|DE(50Hertz)","KW Jänschwalde Block D","11WD8JAEN1L---D7","Fossil Brown coal/Lignite","11WD8JAEN1L---D7","01/04/2026 08:00 - 01/04/2026 09:00","478.75",""
"01/04/2026 00:00 - 02/04/2026 00:00","CTA|DE(50Hertz)","KW Jänschwalde Block D","11WD8JAEN1L---D7","Fossil Brown coal/Lignite","11WD8JAEN1L---D7","01/04/2026 09:00 - 01/04/2026 10:00","475.75",""
"01/04/2026 00:00 - 02/04/2026 00:00","CTA|DE(50Hertz)","KW Jänschwalde Block D","11WD8JAEN1L---D7","Fossil Brown coal/Lignite","11WD8JAEN1L---D7","01/04/2026 10:00 - 01/04/2026 11:00","365.75",""
"01/04/2026 00:00 - 02/04/2026 00:00","CTA|DE(50Hertz)","KW Jänschwalde Block D","11WD8JAEN1L---D7","Fossil Brown coal/Lignite","11WD8JAEN1L---D7","01/04/2026 11:00 - 01/04/2026 12:00","328.25",""
"01/04/2026 00:00 - 02/04/2026 00:00","CTA|DE(50Hertz)","KW Jänschwalde Block D","11WD8JAEN1L---D7","Fossil Brown coal/Lignite","11WD8JAEN1L---D7","01/04/2026 12:00 - 01/04/2026 13:00","322.75",""
"01/04/2026 00:00 - 02/04/2026 00:00","CTA|DE(50Hertz)","KW Jänschwalde Block D","11WD8JAEN1L---D7","Fossil Brown coal/Lignite","11WD8JAEN1L---D7","01/04/2026 13:00 - 01/04/2026 14:00","308.50",""
"01/04/2026 00:00 - 02/04/2026 00:00","CTA|DE(50Hertz)","KW Jänschwalde Block D","11WD8JAEN1L---D7","Fossil Brown coal/Lignite","11WD8JAEN1L---D7","01/04/2026 14:00 - 01/04/2026 15:00","308.75",""
"01/04/2026 00:00 - 02/04/2026 00:00","CTA|DE(50Hertz)","KW Jänschwalde Block D","11WD8JAEN1L---D7","Fossil Brown coal/Lignite","11WD8JAEN1L---D7","01/04/2026 15:00 - 01/04/2026 16:00","431.50",""
"01/04/2026 00:00 - 02/04/2026 00:00","CTA|DE(50Hertz)","KW Jänschwalde Block D","11WD8JAEN1L---D7","Fossil Brown coal/Lignite","11WD8JAEN1L---D7","01/04/2026 16:00 - 01/04/2026 17:00","471.25",""
"01/04/2026 00:00 - 02/04/2026 00:00","CTA|DE(50Hertz)","KW Jänschwalde Block D","11WD8JAEN1L---D7","Fossil Brown coal/Lignite","11WD8JAEN1L---D7","01/04/2026 17:00 - 01/04/2026 18:00","461.00",""
"01/04/2026 00:00 - 02/04/2026 00:00","CTA|DE(50Hertz)","KW Jänschwalde Block D","11WD8JAEN1L---D7","Fossil Brown coal/Lignite","11WD8JAEN1L---D7","01/04/2026 18:00 - 01/04/2026 19:00","467.00",""
"01/04/2026 00:00 - 02/04/2026 00:00","CTA|DE(50Hertz)","KW Jänschwalde Block D","11WD8JAEN1L---D7","Fossil Brown coal/Lignite","11WD8JAEN1L---D7","01/04/2026 19:00 - 01/04/2026 20:00","474.75",""
"01/04/2026 00:00 - 02/04/2026 00:00","CTA|DE(50Hertz)","KW Jänschwalde Block D","11WD8JAEN1L---D7","Fossil Brown coal/Lignite","11WD8JAEN1L---D7","01/04/2026 20:00 - 01/04/2026 21:00","472.25",""
"01/04/2026 00:00 - 02/04/2026 00:00","CTA|DE(50Hertz)","KW Jänschwalde Block D","11WD8JAEN1L---D7","Fossil Brown coal/Lignite","11WD8JAEN1L---D7","01/04/2026 21:00 - 01/04/2026 22:00","470.75",""
"01/04/2026 00:00 - 02/04/2026 00:00","CTA|DE(50Hertz)","KW Jänschwalde Block D","11WD8JAEN1L---D7","Fossil Brown coal/Lignite","11WD8JAEN1L---D7","01/04/2026 22:00 - 01/04/2026 23:00","472.75",""
"01/04/2026 00:00 - 02/04/2026 00:00","CTA|DE(50Hertz)","KW Jänschwalde Block D","11WD8JAEN1L---D7","Fossil Brown coal/Lignite","11WD8JAEN1L---D7","01/04/2026 23:00 - 02/04/2026 00:00","471.75",""
"01/04/2026 00:00 - 02/04/2026 00:00","CTA|DE(50Hertz)","HKW Klingenberg 1-3","11WD8KLIN5G--13E","Fossil Gas","11WD8KLIN5G--13E","01/04/2026 00:00 - 01/04/2026 01:00","32.25",""
"01/04/2026 00:00 - 02/04/2026 00:00","CTA|DE(50Hertz)","HKW Klingenberg 1-3","11WD8KLIN5G--13E","Fossil Gas","11WD8KLIN5G--13E","01/04/2026 01:00 - 01/04/2026 02:00","32.00",""
"01/04/2026 00:00 - 02/04/2026 00:00","CTA|DE(50Hertz)","HKW Klingenberg 1-3","11WD8KLIN5G--13E","Fossil Gas","11WD8KLIN5G--13E","01/04/2026 02:00 - 01/04/2026 03:00","32.00",""
"01/04/2026 00:00 - 02/04/2026 00:00","CTA|DE(50Hertz)","HKW Klingenberg 1-3","11WD8KLIN5G--13E","Fossil Gas","11WD8KLIN5G--13E","01/04/2026 03:00 - 01/04/2026 04:00","32.00",""
"01/04/2026 00:00 - 02/04/2026 00:00","CTA|DE(50Hertz)","HKW Klingenberg 1-3","11WD8KLIN5G--13E","Fossil Gas","11WD8KLIN5G--13E","01/04/2026 04:00 - 01/04/2026 05:00","32.25",""
"01/04/2026 00:00 - 02/04/2026 00:00","CTA|DE(50Hertz)","HKW Klingenberg 1-3","11WD8KLIN5G--13E","Fossil Gas","11WD8KLIN5G--13E","01/04/2026 05:00 - 01/04/2026 06:00","39.00",""
"01/04/2026 00:00 - 02/04/2026 00:00","CTA|DE(50Hertz)","HKW Klingenberg 1-3","11WD8KLIN5G--13E","Fossil Gas","11WD8KLIN5G--13E","01/04/2026 06:00 - 01/04/2026 07:00","39.25",""
"01/04/2026 00:00 - 02/04/2026 00:00","CTA|DE(50Hertz)","HKW Klingenberg 1-3","11WD8KLIN5G--13E","Fossil Gas","11WD8KLIN5G--13E","01/04/2026 07:00 - 01/04/2026 08:00","39.75",""
"01/04/2026 00:00 - 02/04/2026 00:00","CTA|DE(50Hertz)","HKW Klingenberg 1-3","11WD8KLIN5G--13E","Fossil Gas","11WD8KLIN5G--13E","01/04/2026 08:00 - 01/04/2026 09:00","42.00",""
"01/04/2026 00:00 - 02/04/2026 00:00","CTA|DE(50Hertz)","HKW Klingenberg 1-3","11WD8KLIN5G--13E","Fossil Gas","11WD8KLIN5G--13E","01/04/2026 09:00 - 01/04/2026 10:00","41.75",""
"01/04/2026 00:00 - 02/04/2026 00:00","CTA|DE(50Hertz)","HKW Klingenberg 1-3","11WD8KLIN5G--13E","Fossil Gas","11WD8KLIN5G--13E","01/04/2026 10:00 - 01/04/2026 11:00","42.00",""
"01/04/2026 00:00 - 02/04/2026 00:00","CTA|DE(50Hertz)","HKW Klingenberg 1-3","11WD8KLIN5G--13E","Fossil Gas","11WD8KLIN5G--13E","01/04/2026 11:00 - 01/04/2026 12:00","42.25",""
"01/04/2026 00:00 - 02/04/2026 00:00","CTA|DE(50Hertz)","HKW Klingenberg 1-3","11WD8KLIN5G--13E","Fossil Gas","11WD8KLIN5G--13E","01/04/2026 12:00 - 01/04/2026 13:00","37.50",""
"01/04/2026 00:00 - 02/04/2026 00:00","CTA|DE(50Hertz)","HKW Klingenberg 1-3","11WD8KLIN5G--13E","Fossil Gas","11WD8KLIN5G--13E","01/04/2026 13:00 - 01/04/2026 14:00","36.00",""
"01/04/2026 00:00 - 02/04/2026 00:00","CTA|DE(50Hertz)","HKW Klingenberg 1-3","11WD8KLIN5G--13E","Fossil Gas","11WD8KLIN5G--13E","01/04/2026 14:00 - 01/04/2026 15:00","36.25",""
"01/04/2026 00:00 - 02/04/2026 00:00","CTA|DE(50Hertz)","HKW Klingenberg 1-3","11WD8KLIN5G--13E","Fossil Gas","11WD8KLIN5G--13E","01/04/2026 15:00 - 01/04/2026 16:00","36.00",""
"01/04/2026 00:00 - 02/04/2026 00:00","CTA|DE(50Hertz)","HKW Klingenberg 1-3","11WD8KLIN5G--13E","Fossil Gas","11WD8KLIN5G--13E","01/04/2026 16:00 - 01/04/2026 17:00","35.25",""
"01/04/2026 00:00 - 02/04/2026 00:00","CTA|DE(50Hertz)","HKW Klingenberg 1-3","11WD8KLIN5G--13E","Fossil Gas","11WD8KLIN5G--13E","01/04/2026 17:00 - 01/04/2026 18:00","29.00",""
"01/04/2026 00:00 - 02/04/2026 00:00","CTA|DE(50Hertz)","HKW Klingenberg 1-3","11WD8KLIN5G--13E","Fossil Gas","11WD8KLIN5G--13E","01/04/2026 18:00 - 01/04/2026 19:00","32.50",""
"01/04/2026 00:00 - 02/04/2026 00:00","CTA|DE(50Hertz)","HKW Klingenberg 1-3","11WD8KLIN5G--13E","Fossil Gas","11WD8KLIN5G--13E","01/04/2026 19:00 - 01/04/2026 20:00","34.00",""
"01/04/2026 00:00 - 02/04/2026 00:00","CTA|DE(50Hertz)","HKW Klingenberg 1-3","11WD8KLIN5G--13E","Fossil Gas","11WD8KLIN5G--13E","01/04/2026 20:00 - 01/04/2026 21:00","34.00",""
"01/04/2026 00:00 - 02/04/2026 00:00","CTA|DE(50Hertz)","HKW Klingenberg 1-3","11WD8KLIN5G--13E","Fossil Gas","11WD8KLIN5G--13E","01/04/2026 21:00 - 01/04/2026 22:00","29.75",""
"01/04/2026 00:00 - 02/04/2026 00:00","CTA|DE(50Hertz)","HKW Klingenberg 1-3","11WD8KLIN5G--13E","Fossil Gas","11WD8KLIN5G--13E","01/04/2026 22:00 - 01/04/2026 23:00","28.75",""
"01/04/2026 00:00 - 02/04/2026 00:00","CTA|DE(50Hertz)","HKW Klingenberg 1-3","11WD8KLIN5G--13E","Fossil Gas","11WD8KLIN5G--13E","01/04/2026 23:00 - 02/04/2026 00:00","28.75",""
"01/04/2026 00:00 - 02/04/2026 00:00","CTA|DE(50Hertz)","HKW Nord GuD Nord","11WD8LEIP5X----6","Fossil Gas","11WD8LEIP5X----6","01/04/2026 00:00 - 01/04/2026 01:00","76.47",""
"01/04/2026 00:00 - 02/04/2026 00:00","CTA|DE(50Hertz)","HKW Nord GuD Nord","11WD8LEIP5X----6","Fossil Gas","11WD8LEIP5X----6","01/04/2026 01:00 - 01/04/2026 02:00","77.13",""
"01/04/2026 00:00 - 02/04/2026 00:00","CTA|DE(50Hertz)","HKW Nord GuD Nord","11WD8LEIP5X----6","Fossil Gas","11WD8LEIP5X----6","01/04/2026 02:00 - 01/04/2026 03:00","77.45",""
"01/04/2026 00:00 - 02/04/2026 00:00","CTA|DE(50Hertz)","HKW Nord GuD Nord","11WD8LEIP5X----6","Fossil Gas","11WD8LEIP5X----6","01/04/2026 03:00 - 01/04/2026 04:00","77.40",""
"01/04/2026 00:00 - 02/04/2026 00:00","CTA|DE(50Hertz)","HKW Nord GuD Nord","11WD8LEIP5X----6","Fossil Gas","11WD8LEIP5X----6","01/04/2026 04:00 - 01/04/2026 05:00","77.42",""
"01/04/2026 00:00 - 02/04/2026 00:00","CTA|DE(50Hertz)","HKW Nord GuD Nord","11WD8LEIP5X----6","Fossil Gas","11WD8LEIP5X----6","01/04/2026 05:00 - 01/04/2026 06:00","79.97",""
"01/04/2026 00:00 - 02/04/2026 00:00","CTA|DE(50Hertz)","HKW Nord GuD Nord","11WD8LEIP5X----6","Fossil Gas","11WD8LEIP5X----6","01/04/2026 06:00 - 01/04/2026 07:00","143.55",""
"01/04/2026 00:00 - 02/04/2026 00:00","CTA|DE(50Hertz)","HKW Nord GuD Nord","11WD8LEIP5X----6","Fossil Gas","11WD8LEIP5X----6","01/04/2026 07:00 - 01/04/2026 08:00","146.05",""
"01/04/2026 00:00 - 02/04/2026 00:00","CTA|DE(50Hertz)","HKW Nord GuD Nord","11WD8LEIP5X----6","Fossil Gas","11WD8LEIP5X----6","01/04/2026 08:00 - 01/04/2026 09:00","147.95",""
"01/04/2026 00:00 - 02/04/2026 00:00","CTA|DE(50Hertz)","HKW Nord GuD Nord","11WD8LEIP5X----6","Fossil Gas","11WD8LEIP5X----6","01/04/2026 09:00 - 01/04/2026 10:00","102.97",""
"01/04/2026 00:00 - 02/04/2026 00:00","CTA|DE(50Hertz)","HKW Nord GuD Nord","11WD8LEIP5X----6","Fossil Gas","11WD8LEIP5X----6","01/04/2026 10:00 - 01/04/2026 11:00","83.85",""
"01/04/2026 00:00 - 02/04/2026 00:00","CTA|DE(50Hertz)","HKW Nord GuD Nord","11WD8LEIP5X----6","Fossil Gas","11WD8LEIP5X----6","01/04/2026 11:00 - 01/04/2026 12:00","73.10",""
"01/04/2026 00:00 - 02/04/2026 00:00","CTA|DE(50Hertz)","HKW Nord GuD Nord","11WD8LEIP5X----6","Fossil Gas","11WD8LEIP5X----6","01/04/2026 12:00 - 01/04/2026 13:00","50.70",""
"01/04/2026 00:00 - 02/04/2026 00:00","CTA|DE(50Hertz)","HKW Nord GuD Nord","11WD8LEIP5X----6","Fossil Gas","11WD8LEIP5X----6","01/04/2026 13:00 - 01/04/2026 14:00","41.67",""
"01/04/2026 00:00 - 02/04/2026 00:00","CTA|DE(50Hertz)","HKW Nord GuD Nord","11WD8LEIP5X----6","Fossil Gas","11WD8LEIP5X----6","01/04/2026 14:00 - 01/04/2026 15:00","42.40",""
"01/04/2026 00:00 - 02/04/2026 00:00","CTA|DE(50Hertz)","HKW Nord GuD Nord","11WD8LEIP5X----6","Fossil Gas","11WD8LEIP5X----6","01/04/2026 15:00 - 01/04/2026 16:00","47.05",""
"01/04/2026 00:00 - 02/04/2026 00:00","CTA|DE(50Hertz)","HKW Nord GuD Nord","11WD8LEIP5X----6","Fossil Gas","11WD8LEIP5X----6","01/04/2026 16:00 - 01/04/2026 17:00","45.98",""
"01/04/2026 00:00 - 02/04/2026 00:00","CTA|DE(50Hertz)","HKW Nord GuD Nord","11WD8LEIP5X----6","Fossil Gas","11WD8LEIP5X----6","01/04/2026 17:00 - 01/04/2026 18:00","66.47",""
"01/04/2026 00:00 - 02/04/2026 00:00","CTA|DE(50Hertz)","HKW Nord GuD Nord","11WD8LEIP5X----6","Fossil Gas","11WD8LEIP5X----6","01/04/2026 18:00 - 01/04/2026 19:00","124.92",""
"01/04/2026 00:00 - 02/04/2026 00:00","CTA|DE(50Hertz)","HKW Nord GuD Nord","11WD8LEIP5X----6","Fossil Gas","11WD8LEIP5X----6","01/04/2026 19:00 - 01/04/2026 20:00","152.45",""
"01/04/2026 00:00 - 02/04/2026 00:00","CTA|DE(50Hertz)","HKW Nord GuD Nord","11WD8LEIP5X----6","Fossil Gas","11WD8LEIP5X----6","01/04/2026 20:00 - 01/04/2026 21:00","154.60",""
"01/04/2026 00:00 - 02/04/2026 00:00","CTA|DE(50Hertz)","HKW Nord GuD Nord","11WD8LEIP5X----6","Fossil Gas","11WD8LEIP5X----6","01/04/2026 21:00 - 01/04/2026 22:00","154.97",""
"01/04/2026 00:00 - 02/04/2026 00:00","CTA|DE(50Hertz)","HKW Nord GuD Nord","11WD8LEIP5X----6","Fossil Gas","11WD8LEIP5X----6","01/04/2026 22:00 - 01/04/2026 23:00","146.03",""
"01/04/2026 00:00 - 02/04/2026 00:00","CTA|DE(50Hertz)","HKW Nord GuD Nord","11WD8LEIP5X----6","Fossil Gas","11WD8LEIP5X----6","01/04/2026 23:00 - 02/04/2026 00:00","129.13",""
"01/04/2026 00:00 - 02/04/2026 00:00","CTA|DE(50Hertz)","KW Lippendorf Block R","11WD8LIPD1L---R6","Fossil Brown coal/Lignite","11WD8LIPD1L---R6","01/04/2026 00:00 - 01/04/2026 01:00","464.25",""
"01/04/2026 00:00 - 02/04/2026 00:00","CTA|DE(50Hertz)","KW Lippendorf Block R","11WD8LIPD1L---R6","Fossil Brown coal/Lignite","11WD8LIPD1L---R6","01/04/2026 01:00 - 01/04/2026 02:00","435.75",""
"01/04/2026 00:00 - 02/04/2026 00:00","CTA|DE(50Hertz)","KW Lippendorf Block R","11WD8LIPD1L---R6","Fossil Brown coal/Lignite","11WD8LIPD1L---R6","01/04/2026 02:00 - 01/04/2026 03:00","436.50",""
"01/04/2026 00:00 - 02/04/2026 00:00","CTA|DE(50Hertz)","KW Lippendorf Block R","11WD8LIPD1L---R6","Fossil Brown coal/Lignite","11WD8LIPD1L---R6","01/04/2026 03:00 - 01/04/2026 04:00","437.25",""
"01/04/2026 00:00 - 02/04/2026 00:00","CTA|DE(50Hertz)","KW Lippendorf Block R","11WD8LIPD1L---R6","Fossil Brown coal/Lignite","11WD8LIPD1L---R6","01/04/2026 04:00 - 01/04/2026 05:00","502.50",""
"01/04/2026 00:00 - 02/04/2026 00:00","CTA|DE(50Hertz)","KW Lippendorf Block R","11WD8LIPD1L---R6","Fossil Brown coal/Lignite","11WD8LIPD1L---R6","01/04/2026 05:00 - 01/04/2026 06:00","845.25",""
"01/04/2026 00:00 - 02/04/2026 00:00","CTA|DE(50Hertz)","KW Lippendorf Block R","11WD8LIPD1L---R6","Fossil Brown coal/Lignite","11WD8LIPD1L---R6","01/04/2026 06:00 - 01/04/2026 07:00","860.75",""
"01/04/2026 00:00 - 02/04/2026 00:00","CTA|DE(50Hertz)","KW Lippendorf Block R","11WD8LIPD1L---R6","Fossil Brown coal/Lignite","11WD8LIPD1L---R6","01/04/2026 07:00 - 01/04/2026 08:00","857.00",""
"01/04/2026 00:00 - 02/04/2026 00:00","CTA|DE(50Hertz)","KW Lippendorf Block R","11WD8LIPD1L---R6","Fossil Brown coal/Lignite","11WD8LIPD1L---R6","01/04/2026 08:00 - 01/04/2026 09:00","855.00",""
"01/04/2026 00:00 - 02/04/2026 00:00","CTA|DE(50Hertz)","KW Lippendorf Block R","11WD8LIPD1L---R6","Fossil Brown coal/Lignite","11WD8LIPD1L---R6","01/04/2026 09:00 - 01/04/2026 10:00","848.50",""
"01/04/2026 00:00 - 02/04/2026 00:00","CTA|DE(50Hertz)","KW Lippendorf Block R","11WD8LIPD1L---R6","Fossil Brown coal/Lignite","11WD8LIPD1L---R6","01/04/2026 10:00 - 01/04/2026 11:00","471.00",""
"01/04/2026 00:00 - 02/04/2026 00:00","CTA|DE(50Hertz)","KW Lippendorf Block R","11WD8LIPD1L---R6","Fossil Brown coal/Lignite","11WD8LIPD1L---R6","01/04/2026 11:00 - 01/04/2026 12:00","291.50",""
"01/04/2026 00:00 - 02/04/2026 00:00","CTA|DE(50Hertz)","KW Lippendorf Block R","11WD8LIPD1L---R6","Fossil Brown coal/Lignite","11WD8LIPD1L---R6","01/04/2026 12:00 - 01/04/2026 13:00","282.75",""
"01/04/2026 00:00 - 02/04/2026 00:00","CTA|DE(50Hertz)","KW Lippendorf Block R","11WD8LIPD1L---R6","Fossil Brown coal/Lignite","11WD8LIPD1L---R6","01/04/2026 13:00 - 01/04/2026 14:00","281.50",""
"01/04/2026 00:00 - 02/04/2026 00:00","CTA|DE(50Hertz)","KW Lippendorf Block R","11WD8LIPD1L---R6","Fossil Brown coal/Lignite","11WD8LIPD1L---R6","01/04/2026 14:00 - 01/04/2026 15:00","275.25",""
"01/04/2026 00:00 - 02/04/2026 00:00","CTA|DE(50Hertz)","KW Lippendorf Block R","11WD8LIPD1L---R6","Fossil Brown coal/Lignite","11WD8LIPD1L---R6","01/04/2026 15:00 - 01/04/2026 16:00","249.25",""
"01/04/2026 00:00 - 02/04/2026 00:00","CTA|DE(50Hertz)","KW Lippendorf Block R","11WD8LIPD1L---R6","Fossil Brown coal/Lignite","11WD8LIPD1L---R6","01/04/2026 16:00 - 01/04/2026 17:00","269.50",""
"01/04/2026 00:00 - 02/04/2026 00:00","CTA|DE(50Hertz)","KW Lippendorf Block R","11WD8LIPD1L---R6","Fossil Brown coal/Lignite","11WD8LIPD1L---R6","01/04/2026 17:00 - 01/04/2026 18:00","450.50",""
"01/04/2026 00:00 - 02/04/2026 00:00","CTA|DE(50Hertz)","KW Lippendorf Block R","11WD8LIPD1L---R6","Fossil Brown coal/Lignite","11WD8LIPD1L---R6","01/04/2026 18:00 - 01/04/2026 19:00","758.50",""
"01/04/2026 00:00 - 02/04/2026 00:00","CTA|DE(50Hertz)","KW Lippendorf Block R","11WD8LIPD1L---R6","Fossil Brown coal/Lignite","11WD8LIPD1L---R6","01/04/2026 19:00 - 01/04/2026 20:00","818.25",""
"01/04/2026 00:00 - 02/04/2026 00:00","CTA|DE(50Hertz)","KW Lippendorf Block R","11WD8LIPD1L---R6","Fossil Brown coal/Lignite","11WD8LIPD1L---R6","01/04/2026 20:00 - 01/04/2026 21:00","858.00",""
"01/04/2026 00:00 - 02/04/2026 00:00","CTA|DE(50Hertz)","KW Lippendorf Block R","11WD8LIPD1L---R6","Fossil Brown coal/Lignite","11WD8LIPD1L---R6","01/04/2026 21:00 - 01/04/2026 22:00","857.75",""
"01/04/2026 00:00 - 02/04/2026 00:00","CTA|DE(50Hertz)","KW Lippendorf Block R","11WD8LIPD1L---R6","Fossil Brown coal/Lignite","11WD8LIPD1L---R6","01/04/2026 22:00 - 01/04/2026 23:00","856.00",""
"01/04/2026 00:00 - 02/04/2026 00:00","CTA|DE(50Hertz)","KW Lippendorf Block R","11WD8LIPD1L---R6","Fossil Brown coal/Lignite","11WD8LIPD1L---R6","01/04/2026 23:00 - 02/04/2026 00:00","857.25",""
"01/04/2026 00:00 - 02/04/2026 00:00","CTA|DE(50Hertz)","KW Lippendorf Block S","11WD8LIPD1L---S4","Fossil Brown coal/Lignite","11WD8LIPD1L---S4","01/04/2026 00:00 - 01/04/2026 01:00","449.50",""
"01/04/2026 00:00 - 02/04/2026 00:00","CTA|DE(50Hertz)","KW Lippendorf Block S","11WD8LIPD1L---S4","Fossil Brown coal/Lignite","11WD8LIPD1L---S4","01/04/2026 01:00 - 01/04/2026 02:00","432.00",""
"01/04/2026 00:00 - 02/04/2026 00:00","CTA|DE(50Hertz)","KW Lippendorf Block S","11WD8LIPD1L---S4","Fossil Brown coal/Lignite","11WD8LIPD1L---S4","01/04/2026 02:00 - 01/04/2026 03:00","432.75",""
"01/04/2026 00:00 - 02/04/2026 00:00","CTA|DE(50Hertz)","KW Lippendorf Block S","11WD8LIPD1L---S4","Fossil Brown coal/Lignite","11WD8LIPD1L---S4","01/04/2026 03:00 - 01/04/2026 04:00","432.75",""
"01/04/2026 00:00 - 02/04/2026 00:00","CTA|DE(50Hertz)","KW Lippendorf Block S","11WD8LIPD1L---S4","Fossil Brown coal/Lignite","11WD8LIPD1L---S4","01/04/2026 04:00 - 01/04/2026 05:00","486.75",""
"01/04/2026 00:00 - 02/04/2026 00:00","CTA|DE(50Hertz)","KW Lippendorf Block S","11WD8LIPD1L---S4","Fossil Brown coal/Lignite","11WD8LIPD1L---S4","01/04/2026 05:00 - 01/04/2026 06:00","834.25",""
"01/04/2026 00:00 - 02/04/2026 00:00","CTA|DE(50Hertz)","KW Lippendorf Block S","11WD8LIPD1L---S4","Fossil Brown coal/Lignite","11WD8LIPD1L---S4","01/04/2026 06:00 - 01/04/2026 07:00","850.75",""
"01/04/2026 00:00 - 02/04/2026 00:00","CTA|DE(50Hertz)","KW Lippendorf Block S","11WD8LIPD1L---S4","Fossil Brown coal/Lignite","11WD8LIPD1L---S4","01/04/2026 07:00 - 01/04/2026 08:00","858.25",""
"01/04/2026 00:00 - 02/04/2026 00:00","CTA|DE(50Hertz)","KW Lippendorf Block S","11WD8LIPD1L---S4","Fossil Brown coal/Lignite","11WD8LIPD1L---S4","01/04/2026 08:00 - 01/04/2026 09:00","857.75",""
"01/04/2026 00:00 - 02/04/2026 00:00","CTA|DE(50Hertz)","KW Lippendorf Block S","11WD8LIPD1L---S4","Fossil Brown coal/Lignite","11WD8LIPD1L---S4","01/04/2026 09:00 - 01/04/2026 10:00","853.50",""
"01/04/2026 00:00 - 02/04/2026 00:00","CTA|DE(50Hertz)","KW Lippendorf Block S","11WD8LIPD1L---S4","Fossil Brown coal/Lignite","11WD8LIPD1L---S4","01/04/2026 10:00 - 01/04/2026 11:00","494.00",""
"01/04/2026 00:00 - 02/04/2026 00:00","CTA|DE(50Hertz)","KW Lippendorf Block S","11WD8LIPD1L---S4","Fossil Brown coal/Lignite","11WD8LIPD1L---S4","01/04/2026 11:00 - 01/04/2026 12:00","286.75",""
"01/04/2026 00:00 - 02/04/2026 00:00","CTA|DE(50Hertz)","KW Lippendorf Block S","11WD8LIPD1L---S4","Fossil Brown coal/Lignite","11WD8LIPD1L---S4","01/04/2026 12:00 - 01/04/2026 13:00","276.50",""
"01/04/2026 00:00 - 02/04/2026 00:00","CTA|DE(50Hertz)","KW Lippendorf Block S","11WD8LIPD1L---S4","Fossil Brown coal/Lignite","11WD8LIPD1L---S4","01/04/2026 13:00 - 01/04/2026 14:00","277.75",""
"01/04/2026 00:00 - 02/04/2026 00:00","CTA|DE(50Hertz)","KW Lippendorf Block S","11WD8LIPD1L---S4","Fossil Brown coal/Lignite","11WD8LIPD1L---S4","01/04/2026 14:00 - 01/04/2026 15:00","278.00",""
"01/04/2026 00:00 - 02/04/2026 00:00","CTA|DE(50Hertz)","KW Lippendorf Block S","11WD8LIPD1L---S4","Fossil Brown coal/Lignite","11WD8LIPD1L---S4","01/04/2026 15:00 - 01/04/2026 16:00","277.00",""
"01/04/2026 00:00 - 02/04/2026 00:00","CTA|DE(50Hertz)","KW Lippendorf Block S","11WD8LIPD1L---S4","Fossil Brown coal/Lignite","11WD8LIPD1L---S4","01/04/2026 16:00 - 01/04/2026 17:00","286.00",""
"01/04/2026 00:00 - 02/04/2026 00:00","CTA|DE(50Hertz)","KW Lippendorf Block S","11WD8LIPD1L---S4","Fossil Brown coal/Lignite","11WD8LIPD1L---S4","01/04/2026 17:00 - 01/04/2026 18:00","446.00",""
"01/04/2026 00:00 - 02/04/2026 00:00","CTA|DE(50Hertz)","KW Lippendorf Block S","11WD8LIPD1L---S4","Fossil Brown coal/Lignite","11WD8LIPD1L---S4","01/04/2026 18:00 - 01/04/2026 19:00","785.25",""
"01/04/2026 00:00 - 02/04/2026 00:00","CTA|DE(50Hertz)","KW Lippendorf Block S","11WD8LIPD1L---S4","Fossil Brown coal/Lignite","11WD8LIPD1L---S4","01/04/2026 19:00 - 01/04/2026 20:00","814.25",""
"01/04/2026 00:00 - 02/04/2026 00:00","CTA|DE(50Hertz)","KW Lippendorf Block S","11WD8LIPD1L---S4","Fossil Brown coal/Lignite","11WD8LIPD1L---S4","01/04/2026 20:00 - 01/04/2026 21:00","846.75",""
"01/04/2026 00:00 - 02/04/2026 00:00","CTA|DE(50Hertz)","KW Lippendorf Block S","11WD8LIPD1L---S4","Fossil Brown coal/Lignite","11WD8LIPD1L---S4","01/04/2026 21:00 - 01/04/2026 22:00","849.75",""
"01/04/2026 00:00 - 02/04/2026 00:00","CTA|DE(50Hertz)","KW Lippendorf Block S","11WD8LIPD1L---S4","Fossil Brown coal/Lignite","11WD8LIPD1L---S4","01/04/2026 22:00 - 01/04/2026 23:00","851.25",""
"01/04/2026 00:00 - 02/04/2026 00:00","CTA|DE(50Hertz)","KW Lippendorf Block S","11WD8LIPD1L---S4","Fossil Brown coal/Lignite","11WD8LIPD1L---S4","01/04/2026 23:00 - 02/04/2026 00:00","852.00",""
"01/04/2026 00:00 - 02/04/2026 00:00","CTA|DE(50Hertz)","PSW Markersbach PSS A","11WD8MARK1H---AM","Hydro Pumped Storage","11WD8MARK1H---AM","01/04/2026 00:00 - 01/04/2026 01:00","0.00",""
"01/04/2026 00:00 - 02/04/2026 00:00","CTA|DE(50Hertz)","PSW Markersbach PSS A","11WD8MARK1H---AM","Hydro Pumped Storage","11WD8MARK1H---AM","01/04/2026 01:00 - 01/04/2026 02:00","0.00",""
"01/04/2026 00:00 - 02/04/2026 00:00","CTA|DE(50Hertz)","PSW Markersbach PSS A","11WD8MARK1H---AM","Hydro Pumped Storage","11WD8MARK1H---AM","01/04/2026 02:00 - 01/04/2026 03:00","0.00",""
"01/04/2026 00:00 - 02/04/2026 00:00","CTA|DE(50Hertz)","PSW Markersbach PSS A","11WD8MARK1H---AM","Hydro Pumped Storage","11WD8MARK1H---AM","01/04/2026 03:00 - 01/04/2026 04:00","0.00",""
"01/04/2026 00:00 - 02/04/2026 00:00","CTA|DE(50Hertz)","PSW Markersbach PSS A","11WD8MARK1H---AM","Hydro Pumped Storage","11WD8MARK1H---AM","01/04/2026 04:00 - 01/04/2026 05:00","0.00",""
"01/04/2026 00:00 - 02/04/2026 00:00","CTA|DE(50Hertz)","PSW Markersbach PSS A","11WD8MARK1H---AM","Hydro Pumped Storage","11WD8MARK1H---AM","01/04/2026 05:00 - 01/04/2026 06:00","21.50",""
"01/04/2026 00:00 - 02/04/2026 00:00","CTA|DE(50Hertz)","PSW Markersbach PSS A","11WD8MARK1H---AM","Hydro Pumped Storage","11WD8MARK1H---AM","01/04/2026 06:00 - 01/04/2026 07:00","133.75",""
"01/04/2026 00:00 - 02/04/2026 00:00","CTA|DE(50Hertz)","PSW Markersbach PSS A","11WD8MARK1H---AM","Hydro Pumped Storage","11WD8MARK1H---AM","01/04/2026 07:00 - 01/04/2026 08:00","146.00",""
"01/04/2026 00:00 - 02/04/2026 00:00","CTA|DE(50Hertz)","PSW Markersbach PSS A","11WD8MARK1H---AM","Hydro Pumped Storage","11WD8MARK1H---AM","01/04/2026 08:00 - 01/04/2026 09:00","100.50",""
"01/04/2026 00:00 - 02/04/2026 00:00","CTA|DE(50Hertz)","PSW Markersbach PSS A","11WD8MARK1H---AM","Hydro Pumped Storage","11WD8MARK1H---AM","01/04/2026 09:00 - 01/04/2026 10:00","99.25",""
"01/04/2026 00:00 - 02/04/2026 00:00","CTA|DE(50Hertz)","PSW Markersbach PSS A","11WD8MARK1H---AM","Hydro Pumped Storage","11WD8MARK1H---AM","01/04/2026 10:00 - 01/04/2026 11:00","81.75",""
"01/04/2026 00:00 - 02/04/2026 00:00","CTA|DE(50Hertz)","PSW Markersbach PSS A","11WD8MARK1H---AM","Hydro Pumped Storage","11WD8MARK1H---AM","01/04/2026 11:00 - 01/04/2026 12:00","0.00",""
"01/04/2026 00:00 - 02/04/2026 00:00","CTA|DE(50Hertz)","PSW Markersbach PSS A","11WD8MARK1H---AM","Hydro Pumped Storage","11WD8MARK1H---AM","01/04/2026 12:00 - 01/04/2026 13:00","0.00",""
"01/04/2026 00:00 - 02/04/2026 00:00","CTA|DE(50Hertz)","PSW Markersbach PSS A","11WD8MARK1H---AM","Hydro Pumped Storage","11WD8MARK1H---AM","01/04/2026 13:00 - 01/04/2026 14:00","0.00",""
"01/04/2026 00:00 - 02/04/2026 00:00","CTA|DE(50Hertz)","PSW Markersbach PSS A","11WD8MARK1H---AM","Hydro Pumped Storage","11WD8MARK1H---AM","01/04/2026 14:00 - 01/04/2026 15:00","0.00",""
"01/04/2026 00:00 - 02/04/2026 00:00","CTA|DE(50Hertz)","PSW Markersbach PSS A","11WD8MARK1H---AM","Hydro Pumped Storage","11WD8MARK1H---AM","01/04/2026 15:00 - 01/04/2026 16:00","0.00",""
"01/04/2026 00:00 - 02/04/2026 00:00","CTA|DE(50Hertz)","PSW Markersbach PSS A","11WD8MARK1H---AM","Hydro Pumped Storage","11WD8MARK1H---AM","01/04/2026 16:00 - 01/04/2026 17:00","0.00",""
"01/04/2026 00:00 - 02/04/2026 00:00","CTA|DE(50Hertz)","PSW Markersbach PSS A","11WD8MARK1H---AM","Hydro Pumped Storage","11WD8MARK1H---AM","01/04/2026 17:00 - 01/04/2026 18:00","0.00",""
"01/04/2026 00:00 - 02/04/2026 00:00","CTA|DE(50Hertz)","PSW Markersbach PSS A","11WD8MARK1H---AM","Hydro Pumped Storage","11WD8MARK1H---AM","01/04/2026 18:00 - 01/04/2026 19:00","84.25",""
"01/04/2026 00:00 - 02/04/2026 00:00","CTA|DE(50Hertz)","PSW Markersbach PSS A","11WD8MARK1H---AM","Hydro Pumped Storage","11WD8MARK1H---AM","01/04/2026 19:00 - 01/04/2026 20:00","166.00",""
"01/04/2026 00:00 - 02/04/2026 00:00","CTA|DE(50Hertz)","PSW Markersbach PSS A","11WD8MARK1H---AM","Hydro Pumped Storage","11WD8MARK1H---AM","01/04/2026 20:00 - 01/04/2026 21:00","162.00",""
"01/04/2026 00:00 - 02/04/2026 00:00","CTA|DE(50Hertz)","PSW Markersbach PSS A","11WD8MARK1H---AM","Hydro Pumped Storage","11WD8MARK1H---AM","01/04/2026 21:00 - 01/04/2026 22:00","144.00",""
"01/04/2026 00:00 - 02/04/2026 00:00","CTA|DE(50Hertz)","PSW Markersbach PSS A","11WD8MARK1H---AM","Hydro Pumped Storage","11WD8MARK1H---AM","01/04/2026 22:00 - 01/04/2026 23:00","99.75",""
"01/04/2026 00:00 - 02/04/2026 00:00","CTA|DE(50Hertz)","PSW Markersbach PSS A","11WD8MARK1H---AM","Hydro Pumped Storage","11WD8MARK1H---AM","01/04/2026 23:00 - 02/04/2026 00:00","0.00",""
"01/04/2026 00:00 - 02/04/2026 00:00","CTA|DE(50Hertz)","PSW Markersbach PSS B","11WD8MARK1H---BK","Hydro Pumped Storage","11WD8MARK1H---BK","01/04/2026 00:00 - 01/04/2026 01:00","0.00",""
"01/04/2026 00:00 - 02/04/2026 00:00","CTA|DE(50Hertz)","PSW Markersbach PSS B","11WD8MARK1H---BK","Hydro Pumped Storage","11WD8MARK1H---BK","01/04/2026 01:00 - 01/04/2026 02:00","0.00",""
"01/04/2026 00:00 - 02/04/2026 00:00","CTA|DE(50Hertz)","PSW Markersbach PSS B","11WD8MARK1H---BK","Hydro Pumped Storage","11WD8MARK1H---BK","01/04/2026 02:00 - 01/04/2026 03:00","0.00",""
"01/04/2026 00:00 - 02/04/2026 00:00","CTA|DE(50Hertz)","PSW Markersbach PSS B","11WD8MARK1H---BK","Hydro Pumped Storage","11WD8MARK1H---BK","01/04/2026 03:00 - 01/04/2026 04:00","0.00",""
"01/04/2026 00:00 - 02/04/2026 00:00","CTA|DE(50Hertz)","PSW Markersbach PSS B","11WD8MARK1H---BK","Hydro Pumped Storage","11WD8MARK1H---BK","01/04/2026 04:00 - 01/04/2026 05:00","0.00",""
"01/04/2026 00:00 - 02/04/2026 00:00","CTA|DE(50Hertz)","PSW Markersbach PSS B","11WD8MARK1H---BK","Hydro Pumped Storage","11WD8MARK1H---BK","01/04/2026 05:00 - 01/04/2026 06:00","0.00",""
"01/04/2026 00:00 - 02/04/2026 00:00","CTA|DE(50Hertz)","PSW Markersbach PSS B","11WD8MARK1H---BK","Hydro Pumped Storage","11WD8MARK1H---BK","01/04/2026 06:00 - 01/04/2026 07:00","0.00",""
"01/04/2026 00:00 - 02/04/2026 00:00","CTA|DE(50Hertz)","PSW Markersbach PSS B","11WD8MARK1H---BK","Hydro Pumped Storage","11WD8MARK1H---BK","01/04/2026 07:00 - 01/04/2026 08:00","0.00",""
"01/04/2026 00:00 - 02/04/2026 00:00","CTA|DE(50Hertz)","PSW Markersbach PSS B","11WD8MARK1H---BK","Hydro Pumped Storage","11WD8MARK1H---BK","01/04/2026 08:00 - 01/04/2026 09:00","0.00",""
"01/04/2026 00:00 - 02/04/2026 00:00","CTA|DE(50Hertz)","PSW Markersbach PSS B","11WD8MARK1H---BK","Hydro Pumped Storage","11WD8MARK1H---BK","01/04/2026 09:00 - 01/04/2026 10:00","0.00",""
"01/04/2026 00:00 - 02/04/2026 00:00","CTA|DE(50Hertz)","PSW Markersbach PSS B","11WD8MARK1H---BK","Hydro Pumped Storage","11WD8MARK1H---BK","01/04/2026 10:00 - 01/04/2026 11:00","0.00",""
"01/04/2026 00:00 - 02/04/2026 00:00","CTA|DE(50Hertz)","PSW Markersbach PSS B","11WD8MARK1H---BK","Hydro Pumped Storage","11WD8MARK1H---BK","01/04/2026 11:00 - 01/04/2026 12:00","0.00",""
"01/04/2026 00:00 - 02/04/2026 00:00","CTA|DE(50Hertz)","PSW Markersbach PSS B","11WD8MARK1H---BK","Hydro Pumped Storage","11WD8MARK1H---BK","01/04/2026 12:00 - 01/04/2026 13:00","0.00",""
"01/04/2026 00:00 - 02/04/2026 00:00","CTA|DE(50Hertz)","PSW Markersbach PSS B","11WD8MARK1H---BK","Hydro Pumped Storage","11WD8MARK1H---BK","01/04/2026 13:00 - 01/04/2026 14:00","0.00",""
"01/04/2026 00:00 - 02/04/2026 00:00","CTA|DE(50Hertz)","PSW Markersbach PSS B","11WD8MARK1H---BK","Hydro Pumped Storage","11WD8MARK1H---BK","01/04/2026 14:00 - 01/04/2026 15:00","0.00",""
"01/04/2026 00:00 - 02/04/2026 00:00","CTA|DE(50Hertz)","PSW Markersbach PSS B","11WD8MARK1H---BK","Hydro Pumped Storage","11WD8MARK1H---BK","01/04/2026 15:00 - 01/04/2026 16:00","0.00",""
"01/04/2026 00:00 - 02/04/2026 00:00","CTA|DE(50Hertz)","PSW Markersbach PSS B","11WD8MARK1H---BK","Hydro Pumped Storage","11WD8MARK1H---BK","01/04/2026 16:00 - 01/04/2026 17:00","0.00",""
"01/04/2026 00:00 - 02/04/2026 00:00","CTA|DE(50Hertz)","PSW Markersbach PSS B","11WD8MARK1H---BK","Hydro Pumped Storage","11WD8MARK1H---BK","01/04/2026 17:00 - 01/04/2026 18:00","0.00",""
"01/04/2026 00:00 - 02/04/2026 00:00","CTA|DE(50Hertz)","PSW Markersbach PSS B","11WD8MARK1H---BK","Hydro Pumped Storage","11WD8MARK1H---BK","01/04/2026 18:00 - 01/04/2026 19:00","0.00",""
"01/04/2026 00:00 - 02/04/2026 00:00","CTA|DE(50Hertz)","PSW Markersbach PSS B","11WD8MARK1H---BK","Hydro Pumped Storage","11WD8MARK1H---BK","01/04/2026 19:00 - 01/04/2026 20:00","0.00",""
"01/04/2026 00:00 - 02/04/2026 00:00","CTA|DE(50Hertz)","PSW Markersbach PSS B","11WD8MARK1H---BK","Hydro Pumped Storage","11WD8MARK1H---BK","01/04/2026 20:00 - 01/04/2026 21:00","0.00",""
"01/04/2026 00:00 - 02/04/2026 00:00","CTA|DE(50Hertz)","PSW Markersbach PSS B","11WD8MARK1H---BK","Hydro Pumped Storage","11WD8MARK1H---BK","01/04/2026 21:00 - 01/04/2026 22:00","0.00",""
"01/04/2026 00:00 - 02/04/2026 00:00","CTA|DE(50Hertz)","PSW Markersbach PSS B","11WD8MARK1H---BK","Hydro Pumped Storage","11WD8MARK1H---BK","01/04/2026 22:00 - 01/04/2026 23:00","0.00",""
"01/04/2026 00:00 - 02/04/2026 00:00","CTA|DE(50Hertz)","PSW Markersbach PSS B","11WD8MARK1H---BK","Hydro Pumped Storage","11WD8MARK1H---BK","01/04/2026 23:00 - 02/04/2026 00:00","0.00",""
"01/04/2026 00:00 - 02/04/2026 00:00","CTA|DE(50Hertz)","PSW Markersbach PSS C","11WD8MARK1H---CI","Hydro Pumped Storage","11WD8MARK1H---CI","01/04/2026 00:00 - 01/04/2026 01:00","0.00",""
"01/04/2026 00:00 - 02/04/2026 00:00","CTA|DE(50Hertz)","PSW Markersbach PSS C","11WD8MARK1H---CI","Hydro Pumped Storage","11WD8MARK1H---CI","01/04/2026 01:00 - 01/04/2026 02:00","0.00",""
"01/04/2026 00:00 - 02/04/2026 00:00","CTA|DE(50Hertz)","PSW Markersbach PSS C","11WD8MARK1H---CI","Hydro Pumped Storage","11WD8MARK1H---CI","01/04/2026 02:00 - 01/04/2026 03:00","0.00",""
"01/04/2026 00:00 - 02/04/2026 00:00","CTA|DE(50Hertz)","PSW Markersbach PSS C","11WD8MARK1H---CI","Hydro Pumped Storage","11WD8MARK1H---CI","01/04/2026 03:00 - 01/04/2026 04:00","0.00",""
"01/04/2026 00:00 - 02/04/2026 00:00","CTA|DE(50Hertz)","PSW Markersbach PSS C","11WD8MARK1H---CI","Hydro Pumped Storage","11WD8MARK1H---CI","01/04/2026 04:00 - 01/04/2026 05:00","0.00",""
"01/04/2026 00:00 - 02/04/2026 00:00","CTA|DE(50Hertz)","PSW Markersbach PSS C","11WD8MARK1H---CI","Hydro Pumped Storage","11WD8MARK1H---CI","01/04/2026 05:00 - 01/04/2026 06:00","0.00",""
"01/04/2026 00:00 - 02/04/2026 00:00","CTA|DE(50Hertz)","PSW Markersbach PSS C","11WD8MARK1H---CI","Hydro Pumped Storage","11WD8MARK1H---CI","01/04/2026 06:00 - 01/04/2026 07:00","120.00",""
"01/04/2026 00:00 - 02/04/2026 00:00","CTA|DE(50Hertz)","PSW Markersbach PSS C","11WD8MARK1H---CI","Hydro Pumped Storage","11WD8MARK1H---CI","01/04/2026 07:00 - 01/04/2026 08:00","157.50",""
"01/04/2026 00:00 - 02/04/2026 00:00","CTA|DE(50Hertz)","PSW Markersbach PSS C","11WD8MARK1H---CI","Hydro Pumped Storage","11WD8MARK1H---CI","01/04/2026 08:00 - 01/04/2026 09:00","140.50",""
"01/04/2026 00:00 - 02/04/2026 00:00","CTA|DE(50Hertz)","PSW Markersbach PSS C","11WD8MARK1H---CI","Hydro Pumped Storage","11WD8MARK1H---CI","01/04/2026 09:00 - 01/04/2026 10:00","71.50",""
"01/04/2026 00:00 - 02/04/2026 00:00","CTA|DE(50Hertz)","PSW Markersbach PSS C","11WD8MARK1H---CI","Hydro Pumped Storage","11WD8MARK1H---CI","01/04/2026 10:00 - 01/04/2026 11:00","0.00",""
"01/04/2026 00:00 - 02/04/2026 00:00","CTA|DE(50Hertz)","PSW Markersbach PSS C","11WD8MARK1H---CI","Hydro Pumped Storage","11WD8MARK1H---CI","01/04/2026 11:00 - 01/04/2026 12:00","0.00",""
"01/04/2026 00:00 - 02/04/2026 00:00","CTA|DE(50Hertz)","PSW Markersbach PSS C","11WD8MARK1H---CI","Hydro Pumped Storage","11WD8MARK1H---CI","01/04/2026 12:00 - 01/04/2026 13:00","0.00",""
"01/04/2026 00:00 - 02/04/2026 00:00","CTA|DE(50Hertz)","PSW Markersbach PSS C","11WD8MARK1H---CI","Hydro Pumped Storage","11WD8MARK1H---CI","01/04/2026 13:00 - 01/04/2026 14:00","0.00",""
"01/04/2026 00:00 - 02/04/2026 00:00","CTA|DE(50Hertz)","PSW Markersbach PSS C","11WD8MARK1H---CI","Hydro Pumped Storage","11WD8MARK1H---CI","01/04/2026 14:00 - 01/04/2026 15:00","0.00",""
"01/04/2026 00:00 - 02/04/2026 00:00","CTA|DE(50Hertz)","PSW Markersbach PSS C","11WD8MARK1H---CI","Hydro Pumped Storage","11WD8MARK1H---CI","01/04/2026 15:00 - 01/04/2026 16:00","0.00",""
"01/04/2026 00:00 - 02/04/2026 00:00","CTA|DE(50Hertz)","PSW Markersbach PSS C","11WD8MARK1H---CI","Hydro Pumped Storage","11WD8MARK1H---CI","01/04/2026 16:00 - 01/04/2026 17:00","0.00",""
"01/04/2026 00:00 - 02/04/2026 00:00","CTA|DE(50Hertz)","PSW Markersbach PSS C","11WD8MARK1H---CI","Hydro Pumped Storage","11WD8MARK1H---CI","01/04/2026 17:00 - 01/04/2026 18:00","0.00",""
"01/04/2026 00:00 - 02/04/2026 00:00","CTA|DE(50Hertz)","PSW Markersbach PSS C","11WD8MARK1H---CI","Hydro Pumped Storage","11WD8MARK1H---CI","01/04/2026 18:00 - 01/04/2026 19:00","79.50",""
"01/04/2026 00:00 - 02/04/2026 00:00","CTA|DE(50Hertz)","PSW Markersbach PSS C","11WD8MARK1H---CI","Hydro Pumped Storage","11WD8MARK1H---CI","01/04/2026 19:00 - 01/04/2026 20:00","165.50",""
"01/04/2026 00:00 - 02/04/2026 00:00","CTA|DE(50Hertz)","PSW Markersbach PSS C","11WD8MARK1H---CI","Hydro Pumped Storage","11WD8MARK1H---CI","01/04/2026 20:00 - 01/04/2026 21:00","162.00",""
"01/04/2026 00:00 - 02/04/2026 00:00","CTA|DE(50Hertz)","PSW Markersbach PSS C","11WD8MARK1H---CI","Hydro Pumped Storage","11WD8MARK1H---CI","01/04/2026 21:00 - 01/04/2026 22:00","119.25",""
"01/04/2026 00:00 - 02/04/2026 00:00","CTA|DE(50Hertz)","PSW Markersbach PSS C","11WD8MARK1H---CI","Hydro Pumped Storage","11WD8MARK1H---CI","01/04/2026 22:00 - 01/04/2026 23:00","0.00",""
"01/04/2026 00:00 - 02/04/2026 00:00","CTA|DE(50Hertz)","PSW Markersbach PSS C","11WD8MARK1H---CI","Hydro Pumped Storage","11WD8MARK1H---CI","01/04/2026 23:00 - 02/04/2026 00:00","0.00",""
"01/04/2026 00:00 - 02/04/2026 00:00","CTA|DE(50Hertz)","PSW Markersbach PSS D","11WD8MARK1H---DG","Hydro Pumped Storage","11WD8MARK1H---DG","01/04/2026 00:00 - 01/04/2026 01:00","0.00",""
"01/04/2026 00:00 - 02/04/2026 00:00","CTA|DE(50Hertz)","PSW Markersbach PSS D","11WD8MARK1H---DG","Hydro Pumped Storage","11WD8MARK1H---DG","01/04/2026 01:00 - 01/04/2026 02:00","0.00",""
"01/04/2026 00:00 - 02/04/2026 00:00","CTA|DE(50Hertz)","PSW Markersbach PSS D","11WD8MARK1H---DG","Hydro Pumped Storage","11WD8MARK1H---DG","01/04/2026 02:00 - 01/04/2026 03:00","0.00",""
"01/04/2026 00:00 - 02/04/2026 00:00","CTA|DE(50Hertz)","PSW Markersbach PSS D","11WD8MARK1H---DG","Hydro Pumped Storage","11WD8MARK1H---DG","01/04/2026 03:00 - 01/04/2026 04:00","0.00",""
"01/04/2026 00:00 - 02/04/2026 00:00","CTA|DE(50Hertz)","PSW Markersbach PSS D","11WD8MARK1H---DG","Hydro Pumped Storage","11WD8MARK1H---DG","01/04/2026 04:00 - 01/04/2026 05:00","0.00",""
"01/04/2026 00:00 - 02/04/2026 00:00","CTA|DE(50Hertz)","PSW Markersbach PSS D","11WD8MARK1H---DG","Hydro Pumped Storage","11WD8MARK1H---DG","01/04/2026 05:00 - 01/04/2026 06:00","0.00",""
"01/04/2026 00:00 - 02/04/2026 00:00","CTA|DE(50Hertz)","PSW Markersbach PSS D","11WD8MARK1H---DG","Hydro Pumped Storage","11WD8MARK1H---DG","01/04/2026 06:00 - 01/04/2026 07:00","115.50",""
"01/04/2026 00:00 - 02/04/2026 00:00","CTA|DE(50Hertz)","PSW Markersbach PSS D","11WD8MARK1H---DG","Hydro Pumped Storage","11WD8MARK1H---DG","01/04/2026 07:00 - 01/04/2026 08:00","157.50",""
"01/04/2026 00:00 - 02/04/2026 00:00","CTA|DE(50Hertz)","PSW Markersbach PSS D","11WD8MARK1H---DG","Hydro Pumped Storage","11WD8MARK1H---DG","01/04/2026 08:00 - 01/04/2026 09:00","140.25",""
"01/04/2026 00:00 - 02/04/2026 00:00","CTA|DE(50Hertz)","PSW Markersbach PSS D","11WD8MARK1H---DG","Hydro Pumped Storage","11WD8MARK1H---DG","01/04/2026 09:00 - 01/04/2026 10:00","38.00",""
"01/04/2026 00:00 - 02/04/2026 00:00","CTA|DE(50Hertz)","PSW Markersbach PSS D","11WD8MARK1H---DG","Hydro Pumped Storage","11WD8MARK1H---DG","01/04/2026 10:00 - 01/04/2026 11:00","0.00",""
"01/04/2026 00:00 - 02/04/2026 00:00","CTA|DE(50Hertz)","PSW Markersbach PSS D","11WD8MARK1H---DG","Hydro Pumped Storage","11WD8MARK1H---DG","01/04/2026 11:00 - 01/04/2026 12:00","0.00",""
"01/04/2026 00:00 - 02/04/2026 00:00","CTA|DE(50Hertz)","PSW Markersbach PSS D","11WD8MARK1H---DG","Hydro Pumped Storage","11WD8MARK1H---DG","01/04/2026 12:00 - 01/04/2026 13:00","0.00",""
"01/04/2026 00:00 - 02/04/2026 00:00","CTA|DE(50Hertz)","PSW Markersbach PSS D","11WD8MARK1H---DG","Hydro Pumped Storage","11WD8MARK1H---DG","01/04/2026 13:00 - 01/04/2026 14:00","0.00",""
"01/04/2026 00:00 - 02/04/2026 00:00","CTA|DE(50Hertz)","PSW Markersbach PSS D","11WD8MARK1H---DG","Hydro Pumped Storage","11WD8MARK1H---DG","01/04/2026 14:00 - 01/04/2026 15:00","0.00",""
"01/04/2026 00:00 - 02/04/2026 00:00","CTA|DE(50Hertz)","PSW Markersbach PSS D","11WD8MARK1H---DG","Hydro Pumped Storage","11WD8MARK1H---DG","01/04/2026 15:00 - 01/04/2026 16:00","0.00",""
"01/04/2026 00:00 - 02/04/2026 00:00","CTA|DE(50Hertz)","PSW Markersbach PSS D","11WD8MARK1H---DG","Hydro Pumped Storage","11WD8MARK1H---DG","01/04/2026 16:00 - 01/04/2026 17:00","0.00",""
"01/04/2026 00:00 - 02/04/2026 00:00","CTA|DE(50Hertz)","PSW Markersbach PSS D","11WD8MARK1H---DG","Hydro Pumped Storage","11WD8MARK1H---DG","01/04/2026 17:00 - 01/04/2026 18:00","0.00",""
"01/04/2026 00:00 - 02/04/2026 00:00","CTA|DE(50Hertz)","PSW Markersbach PSS D","11WD8MARK1H---DG","Hydro Pumped Storage","11WD8MARK1H---DG","01/04/2026 18:00 - 01/04/2026 19:00","84.25",""
"01/04/2026 00:00 - 02/04/2026 00:00","CTA|DE(50Hertz)","PSW Markersbach PSS D","11WD8MARK1H---DG","Hydro Pumped Storage","11WD8MARK1H---DG","01/04/2026 19:00 - 01/04/2026 20:00","155.25",""
"01/04/2026 00:00 - 02/04/2026 00:00","CTA|DE(50Hertz)","PSW Markersbach PSS D","11WD8MARK1H---DG","Hydro Pumped Storage","11WD8MARK1H---DG","01/04/2026 20:00 - 01/04/2026 21:00","162.25",""
"01/04/2026 00:00 - 02/04/2026 00:00","CTA|DE(50Hertz)","PSW Markersbach PSS D","11WD8MARK1H---DG","Hydro Pumped Storage","11WD8MARK1H---DG","01/04/2026 21:00 - 01/04/2026 22:00","116.25",""
"01/04/2026 00:00 - 02/04/2026 00:00","CTA|DE(50Hertz)","PSW Markersbach PSS D","11WD8MARK1H---DG","Hydro Pumped Storage","11WD8MARK1H---DG","01/04/2026 22:00 - 01/04/2026 23:00","0.00",""
"01/04/2026 00:00 - 02/04/2026 00:00","CTA|DE(50Hertz)","PSW Markersbach PSS D","11WD8MARK1H---DG","Hydro Pumped Storage","11WD8MARK1H---DG","01/04/2026 23:00 - 02/04/2026 00:00","0.00",""
"01/04/2026 00:00 - 02/04/2026 00:00","CTA|DE(50Hertz)","PSW Markersbach PSS E","11WD8MARK1H---EE","Hydro Pumped Storage","11WD8MARK1H---EE","01/04/2026 00:00 - 01/04/2026 01:00","0.00",""
"01/04/2026 00:00 - 02/04/2026 00:00","CTA|DE(50Hertz)","PSW Markersbach PSS E","11WD8MARK1H---EE","Hydro Pumped Storage","11WD8MARK1H---EE","01/04/2026 01:00 - 01/04/2026 02:00","0.00",""
"01/04/2026 00:00 - 02/04/2026 00:00","CTA|DE(50Hertz)","PSW Markersbach PSS E","11WD8MARK1H---EE","Hydro Pumped Storage","11WD8MARK1H---EE","01/04/2026 02:00 - 01/04/2026 03:00","0.00",""
"01/04/2026 00:00 - 02/04/2026 00:00","CTA|DE(50Hertz)","PSW Markersbach PSS E","11WD8MARK1H---EE","Hydro Pumped Storage","11WD8MARK1H---EE","01/04/2026 03:00 - 01/04/2026 04:00","0.00",""
"01/04/2026 00:00 - 02/04/2026 00:00","CTA|DE(50Hertz)","PSW Markersbach PSS E","11WD8MARK1H---EE","Hydro Pumped Storage","11WD8MARK1H---EE","01/04/2026 04:00 - 01/04/2026 05:00","0.00",""
"01/04/2026 00:00 - 02/04/2026 00:00","CTA|DE(50Hertz)","PSW Markersbach PSS E","11WD8MARK1H---EE","Hydro Pumped Storage","11WD8MARK1H---EE","01/04/2026 05:00 - 01/04/2026 06:00","0.00",""
"01/04/2026 00:00 - 02/04/2026 00:00","CTA|DE(50Hertz)","PSW Markersbach PSS E","11WD8MARK1H---EE","Hydro Pumped Storage","11WD8MARK1H---EE","01/04/2026 06:00 - 01/04/2026 07:00","105.75",""
"01/04/2026 00:00 - 02/04/2026 00:00","CTA|DE(50Hertz)","PSW Markersbach PSS E","11WD8MARK1H---EE","Hydro Pumped Storage","11WD8MARK1H---EE","01/04/2026 07:00 - 01/04/2026 08:00","158.50",""
"01/04/2026 00:00 - 02/04/2026 00:00","CTA|DE(50Hertz)","PSW Markersbach PSS E","11WD8MARK1H---EE","Hydro Pumped Storage","11WD8MARK1H---EE","01/04/2026 08:00 - 01/04/2026 09:00","141.50",""
"01/04/2026 00:00 - 02/04/2026 00:00","CTA|DE(50Hertz)","PSW Markersbach PSS E","11WD8MARK1H---EE","Hydro Pumped Storage","11WD8MARK1H---EE","01/04/2026 09:00 - 01/04/2026 10:00","38.00",""
"01/04/2026 00:00 - 02/04/2026 00:00","CTA|DE(50Hertz)","PSW Markersbach PSS E","11WD8MARK1H---EE","Hydro Pumped Storage","11WD8MARK1H---EE","01/04/2026 10:00 - 01/04/2026 11:00","0.00",""
"01/04/2026 00:00 - 02/04/2026 00:00","CTA|DE(50Hertz)","PSW Markersbach PSS E","11WD8MARK1H---EE","Hydro Pumped Storage","11WD8MARK1H---EE","01/04/2026 11:00 - 01/04/2026 12:00","0.00",""
"01/04/2026 00:00 - 02/04/2026 00:00","CTA|DE(50Hertz)","PSW Markersbach PSS E","11WD8MARK1H---EE","Hydro Pumped Storage","11WD8MARK1H---EE","01/04/2026 12:00 - 01/04/2026 13:00","0.00",""
"01/04/2026 00:00 - 02/04/2026 00:00","CTA|DE(50Hertz)","PSW Markersbach PSS E","11WD8MARK1H---EE","Hydro Pumped Storage","11WD8MARK1H---EE","01/04/2026 13:00 - 01/04/2026 14:00","0.00",""
"01/04/2026 00:00 - 02/04/2026 00:00","CTA|DE(50Hertz)","PSW Markersbach PSS E","11WD8MARK1H---EE","Hydro Pumped Storage","11WD8MARK1H---EE","01/04/2026 14:00 - 01/04/2026 15:00","0.00",""
"01/04/2026 00:00 - 02/04/2026 00:00","CTA|DE(50Hertz)","PSW Markersbach PSS E","11WD8MARK1H---EE","Hydro Pumped Storage","11WD8MARK1H---EE","01/04/2026 15:00 - 01/04/2026 16:00","0.00",""
"01/04/2026 00:00 - 02/04/2026 00:00","CTA|DE(50Hertz)","PSW Markersbach PSS E","11WD8MARK1H---EE","Hydro Pumped Storage","11WD8MARK1H---EE","01/04/2026 16:00 - 01/04/2026 17:00","0.00",""
"01/04/2026 00:00 - 02/04/2026 00:00","CTA|DE(50Hertz)","PSW Markersbach PSS E","11WD8MARK1H---EE","Hydro Pumped Storage","11WD8MARK1H---EE","01/04/2026 17:00 - 01/04/2026 18:00","0.00",""
"01/04/2026 00:00 - 02/04/2026 00:00","CTA|DE(50Hertz)","PSW Markersbach PSS E","11WD8MARK1H---EE","Hydro Pumped Storage","11WD8MARK1H---EE","01/04/2026 18:00 - 01/04/2026 19:00","74.00",""
"01/04/2026 00:00 - 02/04/2026 00:00","CTA|DE(50Hertz)","PSW Markersbach PSS E","11WD8MARK1H---EE","Hydro Pumped Storage","11WD8MARK1H---EE","01/04/2026 19:00 - 01/04/2026 20:00","150.25",""
"01/04/2026 00:00 - 02/04/2026 00:00","CTA|DE(50Hertz)","PSW Markersbach PSS E","11WD8MARK1H---EE","Hydro Pumped Storage","11WD8MARK1H---EE","01/04/2026 20:00 - 01/04/2026 21:00","150.75",""
"01/04/2026 00:00 - 02/04/2026 00:00","CTA|DE(50Hertz)","PSW Markersbach PSS E","11WD8MARK1H---EE","Hydro Pumped Storage","11WD8MARK1H---EE","01/04/2026 21:00 - 01/04/2026 22:00","95.25",""
"01/04/2026 00:00 - 02/04/2026 00:00","CTA|DE(50Hertz)","PSW Markersbach PSS E","11WD8MARK1H---EE","Hydro Pumped Storage","11WD8MARK1H---EE","01/04/2026 22:00 - 01/04/2026 23:00","0.00",""
"01/04/2026 00:00 - 02/04/2026 00:00","CTA|DE(50Hertz)","PSW Markersbach PSS E","11WD8MARK1H---EE","Hydro Pumped Storage","11WD8MARK1H---EE","01/04/2026 23:00 - 02/04/2026 00:00","0.00",""
"01/04/2026 00:00 - 02/04/2026 00:00","CTA|DE(50Hertz)","PSW Markersbach PSS F","11WD8MARK1H---FC","Hydro Pumped Storage","11WD8MARK1H---FC","01/04/2026 00:00 - 01/04/2026 01:00","0.00",""
"01/04/2026 00:00 - 02/04/2026 00:00","CTA|DE(50Hertz)","PSW Markersbach PSS F","11WD8MARK1H---FC","Hydro Pumped Storage","11WD8MARK1H---FC","01/04/2026 01:00 - 01/04/2026 02:00","0.00",""
"01/04/2026 00:00 - 02/04/2026 00:00","CTA|DE(50Hertz)","PSW Markersbach PSS F","11WD8MARK1H---FC","Hydro Pumped Storage","11WD8MARK1H---FC","01/04/2026 02:00 - 01/04/2026 03:00","0.00",""
"01/04/2026 00:00 - 02/04/2026 00:00","CTA|DE(50Hertz)","PSW Markersbach PSS F","11WD8MARK1H---FC","Hydro Pumped Storage","11WD8MARK1H---FC","01/04/2026 03:00 - 01/04/2026 04:00","0.00",""
"01/04/2026 00:00 - 02/04/2026 00:00","CTA|DE(50Hertz)","PSW Markersbach PSS F","11WD8MARK1H---FC","Hydro Pumped Storage","11WD8MARK1H---FC","01/04/2026 04:00 - 01/04/2026 05:00","0.00",""
"01/04/2026 00:00 - 02/04/2026 00:00","CTA|DE(50Hertz)","PSW Markersbach PSS F","11WD8MARK1H---FC","Hydro Pumped Storage","11WD8MARK1H---FC","01/04/2026 05:00 - 01/04/2026 06:00","0.00",""
"01/04/2026 00:00 - 02/04/2026 00:00","CTA|DE(50Hertz)","PSW Markersbach PSS F","11WD8MARK1H---FC","Hydro Pumped Storage","11WD8MARK1H---FC","01/04/2026 06:00 - 01/04/2026 07:00","0.00",""
"01/04/2026 00:00 - 02/04/2026 00:00","CTA|DE(50Hertz)","PSW Markersbach PSS F","11WD8MARK1H---FC","Hydro Pumped Storage","11WD8MARK1H---FC","01/04/2026 07:00 - 01/04/2026 08:00","0.00",""
"01/04/2026 00:00 - 02/04/2026 00:00","CTA|DE(50Hertz)","PSW Markersbach PSS F","11WD8MARK1H---FC","Hydro Pumped Storage","11WD8MARK1H---FC","01/04/2026 08:00 - 01/04/2026 09:00","0.00",""
"01/04/2026 00:00 - 02/04/2026 00:00","CTA|DE(50Hertz)","PSW Markersbach PSS F","11WD8MARK1H---FC","Hydro Pumped Storage","11WD8MARK1H---FC","01/04/2026 09:00 - 01/04/2026 10:00","0.00",""
"01/04/2026 00:00 - 02/04/2026 00:00","CTA|DE(50Hertz)","PSW Markersbach PSS F","11WD8MARK1H---FC","Hydro Pumped Storage","11WD8MARK1H---FC","01/04/2026 10:00 - 01/04/2026 11:00","0.00",""
"01/04/2026 00:00 - 02/04/2026 00:00","CTA|DE(50Hertz)","PSW Markersbach PSS F","11WD8MARK1H---FC","Hydro Pumped Storage","11WD8MARK1H---FC","01/04/2026 11:00 - 01/04/2026 12:00","0.00",""
"01/04/2026 00:00 - 02/04/2026 00:00","CTA|DE(50Hertz)","PSW Markersbach PSS F","11WD8MARK1H---FC","Hydro Pumped Storage","11WD8MARK1H---FC","01/04/2026 12:00 - 01/04/2026 13:00","0.00",""
"01/04/2026 00:00 - 02/04/2026 00:00","CTA|DE(50Hertz)","PSW Markersbach PSS F","11WD8MARK1H---FC","Hydro Pumped Storage","11WD8MARK1H---FC","01/04/2026 13:00 - 01/04/2026 14:00","0.00",""
"01/04/2026 00:00 - 02/04/2026 00:00","CTA|DE(50Hertz)","PSW Markersbach PSS F","11WD8MARK1H---FC","Hydro Pumped Storage","11WD8MARK1H---FC","01/04/2026 14:00 - 01/04/2026 15:00","0.00",""
"01/04/2026 00:00 - 02/04/2026 00:00","CTA|DE(50Hertz)","PSW Markersbach PSS F","11WD8MARK1H---FC","Hydro Pumped Storage","11WD8MARK1H---FC","01/04/2026 15:00 - 01/04/2026 16:00","0.00",""
"01/04/2026 00:00 - 02/04/2026 00:00","CTA|DE(50Hertz)","PSW Markersbach PSS F","11WD8MARK1H---FC","Hydro Pumped Storage","11WD8MARK1H---FC","01/04/2026 16:00 - 01/04/2026 17:00","0.00",""
"01/04/2026 00:00 - 02/04/2026 00:00","CTA|DE(50Hertz)","PSW Markersbach PSS F","11WD8MARK1H---FC","Hydro Pumped Storage","11WD8MARK1H---FC","01/04/2026 17:00 - 01/04/2026 18:00","0.00",""
"01/04/2026 00:00 - 02/04/2026 00:00","CTA|DE(50Hertz)","PSW Markersbach PSS F","11WD8MARK1H---FC","Hydro Pumped Storage","11WD8MARK1H---FC","01/04/2026 18:00 - 01/04/2026 19:00","0.00",""
"01/04/2026 00:00 - 02/04/2026 00:00","CTA|DE(50Hertz)","PSW Markersbach PSS F","11WD8MARK1H---FC","Hydro Pumped Storage","11WD8MARK1H---FC","01/04/2026 19:00 - 01/04/2026 20:00","0.00",""
"01/04/2026 00:00 - 02/04/2026 00:00","CTA|DE(50Hertz)","PSW Markersbach PSS F","11WD8MARK1H---FC","Hydro Pumped Storage","11WD8MARK1H---FC","01/04/2026 20:00 - 01/04/2026 21:00","0.00",""
"01/04/2026 00:00 - 02/04/2026 00:00","CTA|DE(50Hertz)","PSW Markersbach PSS F","11WD8MARK1H---FC","Hydro Pumped Storage","11WD8MARK1H---FC","01/04/2026 21:00 - 01/04/2026 22:00","0.00",""
"01/04/2026 00:00 - 02/04/2026 00:00","CTA|DE(50Hertz)","PSW Markersbach PSS F","11WD8MARK1H---FC","Hydro Pumped Storage","11WD8MARK1H---FC","01/04/2026 22:00 - 01/04/2026 23:00","0.00",""
"01/04/2026 00:00 - 02/04/2026 00:00","CTA|DE(50Hertz)","PSW Markersbach PSS F","11WD8MARK1H---FC","Hydro Pumped Storage","11WD8MARK1H---FC","01/04/2026 23:00 - 02/04/2026 00:00","0.00",""
"01/04/2026 00:00 - 02/04/2026 00:00","CTA|DE(50Hertz)","HKW Mitte GUD","11WD8MITT5GGUD-8","Fossil Gas","11WD8MITT5GGUD-8","01/04/2026 00:00 - 01/04/2026 01:00","396.75",""
"01/04/2026 00:00 - 02/04/2026 00:00","CTA|DE(50Hertz)","HKW Mitte GUD","11WD8MITT5GGUD-8","Fossil Gas","11WD8MITT5GGUD-8","01/04/2026 01:00 - 01/04/2026 02:00","397.50",""
"01/04/2026 00:00 - 02/04/2026 00:00","CTA|DE(50Hertz)","HKW Mitte GUD","11WD8MITT5GGUD-8","Fossil Gas","11WD8MITT5GGUD-8","01/04/2026 02:00 - 01/04/2026 03:00","397.50",""
"01/04/2026 00:00 - 02/04/2026 00:00","CTA|DE(50Hertz)","HKW Mitte GUD","11WD8MITT5GGUD-8","Fossil Gas","11WD8MITT5GGUD-8","01/04/2026 03:00 - 01/04/2026 04:00","394.50",""
"01/04/2026 00:00 - 02/04/2026 00:00","CTA|DE(50Hertz)","HKW Mitte GUD","11WD8MITT5GGUD-8","Fossil Gas","11WD8MITT5GGUD-8","01/04/2026 04:00 - 01/04/2026 05:00","412.25",""
"01/04/2026 00:00 - 02/04/2026 00:00","CTA|DE(50Hertz)","HKW Mitte GUD","11WD8MITT5GGUD-8","Fossil Gas","11WD8MITT5GGUD-8","01/04/2026 05:00 - 01/04/2026 06:00","431.00",""
"01/04/2026 00:00 - 02/04/2026 00:00","CTA|DE(50Hertz)","HKW Mitte GUD","11WD8MITT5GGUD-8","Fossil Gas","11WD8MITT5GGUD-8","01/04/2026 06:00 - 01/04/2026 07:00","430.50",""
"01/04/2026 00:00 - 02/04/2026 00:00","CTA|DE(50Hertz)","HKW Mitte GUD","11WD8MITT5GGUD-8","Fossil Gas","11WD8MITT5GGUD-8","01/04/2026 07:00 - 01/04/2026 08:00","430.00",""
"01/04/2026 00:00 - 02/04/2026 00:00","CTA|DE(50Hertz)","HKW Mitte GUD","11WD8MITT5GGUD-8","Fossil Gas","11WD8MITT5GGUD-8","01/04/2026 08:00 - 01/04/2026 09:00","429.75",""
"01/04/2026 00:00 - 02/04/2026 00:00","CTA|DE(50Hertz)","HKW Mitte GUD","11WD8MITT5GGUD-8","Fossil Gas","11WD8MITT5GGUD-8","01/04/2026 09:00 - 01/04/2026 10:00","401.00",""
"01/04/2026 00:00 - 02/04/2026 00:00","CTA|DE(50Hertz)","HKW Mitte GUD","11WD8MITT5GGUD-8","Fossil Gas","11WD8MITT5GGUD-8","01/04/2026 10:00 - 01/04/2026 11:00","342.75",""
"01/04/2026 00:00 - 02/04/2026 00:00","CTA|DE(50Hertz)","HKW Mitte GUD","11WD8MITT5GGUD-8","Fossil Gas","11WD8MITT5GGUD-8","01/04/2026 11:00 - 01/04/2026 12:00","260.25",""
"01/04/2026 00:00 - 02/04/2026 00:00","CTA|DE(50Hertz)","HKW Mitte GUD","11WD8MITT5GGUD-8","Fossil Gas","11WD8MITT5GGUD-8","01/04/2026 12:00 - 01/04/2026 13:00","198.00",""
"01/04/2026 00:00 - 02/04/2026 00:00","CTA|DE(50Hertz)","HKW Mitte GUD","11WD8MITT5GGUD-8","Fossil Gas","11WD8MITT5GGUD-8","01/04/2026 13:00 - 01/04/2026 14:00","209.75",""
"01/04/2026 00:00 - 02/04/2026 00:00","CTA|DE(50Hertz)","HKW Mitte GUD","11WD8MITT5GGUD-8","Fossil Gas","11WD8MITT5GGUD-8","01/04/2026 14:00 - 01/04/2026 15:00","185.25",""
"01/04/2026 00:00 - 02/04/2026 00:00","CTA|DE(50Hertz)","HKW Mitte GUD","11WD8MITT5GGUD-8","Fossil Gas","11WD8MITT5GGUD-8","01/04/2026 15:00 - 01/04/2026 16:00","185.25",""
"01/04/2026 00:00 - 02/04/2026 00:00","CTA|DE(50Hertz)","HKW Mitte GUD","11WD8MITT5GGUD-8","Fossil Gas","11WD8MITT5GGUD-8","01/04/2026 16:00 - 01/04/2026 17:00","208.50",""
"01/04/2026 00:00 - 02/04/2026 00:00","CTA|DE(50Hertz)","HKW Mitte GUD","11WD8MITT5GGUD-8","Fossil Gas","11WD8MITT5GGUD-8","01/04/2026 17:00 - 01/04/2026 18:00","250.00",""
"01/04/2026 00:00 - 02/04/2026 00:00","CTA|DE(50Hertz)","HKW Mitte GUD","11WD8MITT5GGUD-8","Fossil Gas","11WD8MITT5GGUD-8","01/04/2026 18:00 - 01/04/2026 19:00","254.00",""
"01/04/2026 00:00 - 02/04/2026 00:00","CTA|DE(50Hertz)","HKW Mitte GUD","11WD8MITT5GGUD-8","Fossil Gas","11WD8MITT5GGUD-8","01/04/2026 19:00 - 01/04/2026 20:00","254.00",""
"01/04/2026 00:00 - 02/04/2026 00:00","CTA|DE(50Hertz)","HKW Mitte GUD","11WD8MITT5GGUD-8","Fossil Gas","11WD8MITT5GGUD-8","01/04/2026 20:00 - 01/04/2026 21:00","257.00",""
"01/04/2026 00:00 - 02/04/2026 00:00","CTA|DE(50Hertz)","HKW Mitte GUD","11WD8MITT5GGUD-8","Fossil Gas","11WD8MITT5GGUD-8","01/04/2026 21:00 - 01/04/2026 22:00","257.50",""
"01/04/2026 00:00 - 02/04/2026 00:00","CTA|DE(50Hertz)","HKW Mitte GUD","11WD8MITT5GGUD-8","Fossil Gas","11WD8MITT5GGUD-8","01/04/2026 22:00 - 01/04/2026 23:00","255.00",""
"01/04/2026 00:00 - 02/04/2026 00:00","CTA|DE(50Hertz)","HKW Mitte GUD","11WD8MITT5GGUD-8","Fossil Gas","11WD8MITT5GGUD-8","01/04/2026 23:00 - 02/04/2026 00:00","229.50",""
"01/04/2026 00:00 - 02/04/2026 00:00","CTA|DE(50Hertz)","HKW Reuter West Block D","11WD8REUW1C---DD","Fossil Hard coal","11WD8REUW1C---DD","01/04/2026 00:00 - 01/04/2026 01:00","0.00",""
"01/04/2026 00:00 - 02/04/2026 00:00","CTA|DE(50Hertz)","HKW Reuter West Block D","11WD8REUW1C---DD","Fossil Hard coal","11WD8REUW1C---DD","01/04/2026 01:00 - 01/04/2026 02:00","0.00",""
"01/04/2026 00:00 - 02/04/2026 00:00","CTA|DE(50Hertz)","HKW Reuter West Block D","11WD8REUW1C---DD","Fossil Hard coal","11WD8REUW1C---DD","01/04/2026 02:00 - 01/04/2026 03:00","0.00",""
"01/04/2026 00:00 - 02/04/2026 00:00","CTA|DE(50Hertz)","HKW Reuter West Block D","11WD8REUW1C---DD","Fossil Hard coal","11WD8REUW1C---DD","01/04/2026 03:00 - 01/04/2026 04:00","0.00",""
"01/04/2026 00:00 - 02/04/2026 00:00","CTA|DE(50Hertz)","HKW Reuter West Block D","11WD8REUW1C---DD","Fossil Hard coal","11WD8REUW1C---DD","01/04/2026 04:00 - 01/04/2026 05:00","0.00",""
"01/04/2026 00:00 - 02/04/2026 00:00","CTA|DE(50Hertz)","HKW Reuter West Block D","11WD8REUW1C---DD","Fossil Hard coal","11WD8REUW1C---DD","01/04/2026 05:00 - 01/04/2026 06:00","0.00",""
"01/04/2026 00:00 - 02/04/2026 00:00","CTA|DE(50Hertz)","HKW Reuter West Block D","11WD8REUW1C---DD","Fossil Hard coal","11WD8REUW1C---DD","01/04/2026 06:00 - 01/04/2026 07:00","0.00",""
"01/04/2026 00:00 - 02/04/2026 00:00","CTA|DE(50Hertz)","HKW Reuter West Block D","11WD8REUW1C---DD","Fossil Hard coal","11WD8REUW1C---DD","01/04/2026 07:00 - 01/04/2026 08:00","0.00",""
"01/04/2026 00:00 - 02/04/2026 00:00","CTA|DE(50Hertz)","HKW Reuter West Block D","11WD8REUW1C---DD","Fossil Hard coal","11WD8REUW1C---DD","01/04/2026 08:00 - 01/04/2026 09:00","0.00",""
"01/04/2026 00:00 - 02/04/2026 00:00","CTA|DE(50Hertz)","HKW Reuter West Block D","11WD8REUW1C---DD","Fossil Hard coal","11WD8REUW1C---DD","01/04/2026 09:00 - 01/04/2026 10:00","0.00",""
"01/04/2026 00:00 - 02/04/2026 00:00","CTA|DE(50Hertz)","HKW Reuter West Block D","11WD8REUW1C---DD","Fossil Hard coal","11WD8REUW1C---DD","01/04/2026 10:00 - 01/04/2026 11:00","0.00",""
"01/04/2026 00:00 - 02/04/2026 00:00","CTA|DE(50Hertz)","HKW Reuter West Block D","11WD8REUW1C---DD","Fossil Hard coal","11WD8REUW1C---DD","01/04/2026 11:00 - 01/04/2026 12:00","0.00",""
"01/04/2026 00:00 - 02/04/2026 00:00","CTA|DE(50Hertz)","HKW Reuter West Block D","11WD8REUW1C---DD","Fossil Hard coal","11WD8REUW1C---DD","01/04/2026 12:00 - 01/04/2026 13:00","0.00",""
"01/04/2026 00:00 - 02/04/2026 00:00","CTA|DE(50Hertz)","HKW Reuter West Block D","11WD8REUW1C---DD","Fossil Hard coal","11WD8REUW1C---DD","01/04/2026 13:00 - 01/04/2026 14:00","0.00",""
"01/04/2026 00:00 - 02/04/2026 00:00","CTA|DE(50Hertz)","HKW Reuter West Block D","11WD8REUW1C---DD","Fossil Hard coal","11WD8REUW1C---DD","01/04/2026 14:00 - 01/04/2026 15:00","0.00",""
"01/04/2026 00:00 - 02/04/2026 00:00","CTA|DE(50Hertz)","HKW Reuter West Block D","11WD8REUW1C---DD","Fossil Hard coal","11WD8REUW1C---DD","01/04/2026 15:00 - 01/04/2026 16:00","0.00",""
"01/04/2026 00:00 - 02/04/2026 00:00","CTA|DE(50Hertz)","HKW Reuter West Block D","11WD8REUW1C---DD","Fossil Hard coal","11WD8REUW1C---DD","01/04/2026 16:00 - 01/04/2026 17:00","0.00",""
"01/04/2026 00:00 - 02/04/2026 00:00","CTA|DE(50Hertz)","HKW Reuter West Block D","11WD8REUW1C---DD","Fossil Hard coal","11WD8REUW1C---DD","01/04/2026 17:00 - 01/04/2026 18:00","0.00",""
"01/04/2026 00:00 - 02/04/2026 00:00","CTA|DE(50Hertz)","HKW Reuter West Block D","11WD8REUW1C---DD","Fossil Hard coal","11WD8REUW1C---DD","01/04/2026 18:00 - 01/04/2026 19:00","0.00",""
"01/04/2026 00:00 - 02/04/2026 00:00","CTA|DE(50Hertz)","HKW Reuter West Block D","11WD8REUW1C---DD","Fossil Hard coal","11WD8REUW1C---DD","01/04/2026 19:00 - 01/04/2026 20:00","0.00",""
"01/04/2026 00:00 - 02/04/2026 00:00","CTA|DE(50Hertz)","HKW Reuter West Block D","11WD8REUW1C---DD","Fossil Hard coal","11WD8REUW1C---DD","01/04/2026 20:00 - 01/04/2026 21:00","0.00",""
"01/04/2026 00:00 - 02/04/2026 00:00","CTA|DE(50Hertz)","HKW Reuter West Block D","11WD8REUW1C---DD","Fossil Hard coal","11WD8REUW1C---DD","01/04/2026 21:00 - 01/04/2026 22:00","0.00",""
"01/04/2026 00:00 - 02/04/2026 00:00","CTA|DE(50Hertz)","HKW Reuter West Block D","11WD8REUW1C---DD","Fossil Hard coal","11WD8REUW1C---DD","01/04/2026 22:00 - 01/04/2026 23:00","0.00",""
"01/04/2026 00:00 - 02/04/2026 00:00","CTA|DE(50Hertz)","HKW Reuter West Block D","11WD8REUW1C---DD","Fossil Hard coal","11WD8REUW1C---DD","01/04/2026 23:00 - 02/04/2026 00:00","0.00",""
"01/04/2026 00:00 - 02/04/2026 00:00","CTA|DE(50Hertz)","HKW Reuter West Block E","11WD8REUW1C---EB","Fossil Hard coal","11WD8REUW1C---EB","01/04/2026 00:00 - 01/04/2026 01:00","133.75",""
"01/04/2026 00:00 - 02/04/2026 00:00","CTA|DE(50Hertz)","HKW Reuter West Block E","11WD8REUW1C---EB","Fossil Hard coal","11WD8REUW1C---EB","01/04/2026 01:00 - 01/04/2026 02:00","130.50",""
"01/04/2026 00:00 - 02/04/2026 00:00","CTA|DE(50Hertz)","HKW Reuter West Block E","11WD8REUW1C---EB","Fossil Hard coal","11WD8REUW1C---EB","01/04/2026 02:00 - 01/04/2026 03:00","132.50",""
"01/04/2026 00:00 - 02/04/2026 00:00","CTA|DE(50Hertz)","HKW Reuter West Block E","11WD8REUW1C---EB","Fossil Hard coal","11WD8REUW1C---EB","01/04/2026 03:00 - 01/04/2026 04:00","130.00",""
"01/04/2026 00:00 - 02/04/2026 00:00","CTA|DE(50Hertz)","HKW Reuter West Block E","11WD8REUW1C---EB","Fossil Hard coal","11WD8REUW1C---EB","01/04/2026 04:00 - 01/04/2026 05:00","132.00",""
"01/04/2026 00:00 - 02/04/2026 00:00","CTA|DE(50Hertz)","HKW Reuter West Block E","11WD8REUW1C---EB","Fossil Hard coal","11WD8REUW1C---EB","01/04/2026 05:00 - 01/04/2026 06:00","130.75",""
"01/04/2026 00:00 - 02/04/2026 00:00","CTA|DE(50Hertz)","HKW Reuter West Block E","11WD8REUW1C---EB","Fossil Hard coal","11WD8REUW1C---EB","01/04/2026 06:00 - 01/04/2026 07:00","129.50",""
"01/04/2026 00:00 - 02/04/2026 00:00","CTA|DE(50Hertz)","HKW Reuter West Block E","11WD8REUW1C---EB","Fossil Hard coal","11WD8REUW1C---EB","01/04/2026 07:00 - 01/04/2026 08:00","130.00",""
"01/04/2026 00:00 - 02/04/2026 00:00","CTA|DE(50Hertz)","HKW Reuter West Block E","11WD8REUW1C---EB","Fossil Hard coal","11WD8REUW1C---EB","01/04/2026 08:00 - 01/04/2026 09:00","132.75",""
"01/04/2026 00:00 - 02/04/2026 00:00","CTA|DE(50Hertz)","HKW Reuter West Block E","11WD8REUW1C---EB","Fossil Hard coal","11WD8REUW1C---EB","01/04/2026 09:00 - 01/04/2026 10:00","133.00",""
"01/04/2026 00:00 - 02/04/2026 00:00","CTA|DE(50Hertz)","HKW Reuter West Block E","11WD8REUW1C---EB","Fossil Hard coal","11WD8REUW1C---EB","01/04/2026 10:00 - 01/04/2026 11:00","135.75",""
"01/04/2026 00:00 - 02/04/2026 00:00","CTA|DE(50Hertz)","HKW Reuter West Block E","11WD8REUW1C---EB","Fossil Hard coal","11WD8REUW1C---EB","01/04/2026 11:00 - 01/04/2026 12:00","137.75",""
"01/04/2026 00:00 - 02/04/2026 00:00","CTA|DE(50Hertz)","HKW Reuter West Block E","11WD8REUW1C---EB","Fossil Hard coal","11WD8REUW1C---EB","01/04/2026 12:00 - 01/04/2026 13:00","138.00",""
"01/04/2026 00:00 - 02/04/2026 00:00","CTA|DE(50Hertz)","HKW Reuter West Block E","11WD8REUW1C---EB","Fossil Hard coal","11WD8REUW1C---EB","01/04/2026 13:00 - 01/04/2026 14:00","137.25",""
"01/04/2026 00:00 - 02/04/2026 00:00","CTA|DE(50Hertz)","HKW Reuter West Block E","11WD8REUW1C---EB","Fossil Hard coal","11WD8REUW1C---EB","01/04/2026 14:00 - 01/04/2026 15:00","135.75",""
"01/04/2026 00:00 - 02/04/2026 00:00","CTA|DE(50Hertz)","HKW Reuter West Block E","11WD8REUW1C---EB","Fossil Hard coal","11WD8REUW1C---EB","01/04/2026 15:00 - 01/04/2026 16:00","138.00",""
"01/04/2026 00:00 - 02/04/2026 00:00","CTA|DE(50Hertz)","HKW Reuter West Block E","11WD8REUW1C---EB","Fossil Hard coal","11WD8REUW1C---EB","01/04/2026 16:00 - 01/04/2026 17:00","136.00",""
"01/04/2026 00:00 - 02/04/2026 00:00","CTA|DE(50Hertz)","HKW Reuter West Block E","11WD8REUW1C---EB","Fossil Hard coal","11WD8REUW1C---EB","01/04/2026 17:00 - 01/04/2026 18:00","136.75",""
"01/04/2026 00:00 - 02/04/2026 00:00","CTA|DE(50Hertz)","HKW Reuter West Block E","11WD8REUW1C---EB","Fossil Hard coal","11WD8REUW1C---EB","01/04/2026 18:00 - 01/04/2026 19:00","145.50",""
"01/04/2026 00:00 - 02/04/2026 00:00","CTA|DE(50Hertz)","HKW Reuter West Block E","11WD8REUW1C---EB","Fossil Hard coal","11WD8REUW1C---EB","01/04/2026 19:00 - 01/04/2026 20:00","147.00",""
"01/04/2026 00:00 - 02/04/2026 00:00","CTA|DE(50Hertz)","HKW Reuter West Block E","11WD8REUW1C---EB","Fossil Hard coal","11WD8REUW1C---EB","01/04/2026 20:00 - 01/04/2026 21:00","147.00",""
"01/04/2026 00:00 - 02/04/2026 00:00","CTA|DE(50Hertz)","HKW Reuter West Block E","11WD8REUW1C---EB","Fossil Hard coal","11WD8REUW1C---EB","01/04/2026 21:00 - 01/04/2026 22:00","146.75",""
"01/04/2026 00:00 - 02/04/2026 00:00","CTA|DE(50Hertz)","HKW Reuter West Block E","11WD8REUW1C---EB","Fossil Hard coal","11WD8REUW1C---EB","01/04/2026 22:00 - 01/04/2026 23:00","146.50",""
"01/04/2026 00:00 - 02/04/2026 00:00","CTA|DE(50Hertz)","HKW Reuter West Block E","11WD8REUW1C---EB","Fossil Hard coal","11WD8REUW1C---EB","01/04/2026 23:00 - 02/04/2026 00:00","147.00",""
"01/04/2026 00:00 - 02/04/2026 00:00","CTA|DE(50Hertz)","Kraftwerk Rostock","11WD8ROST1C----K","Fossil Hard coal","11WD8ROST1C----K","01/04/2026 00:00 - 01/04/2026 01:00","506.90",""
"01/04/2026 00:00 - 02/04/2026 00:00","CTA|DE(50Hertz)","Kraftwerk Rostock","11WD8ROST1C----K","Fossil Hard coal","11WD8ROST1C----K","01/04/2026 01:00 - 01/04/2026 02:00","504.02",""
"01/04/2026 00:00 - 02/04/2026 00:00","CTA|DE(50Hertz)","Kraftwerk Rostock","11WD8ROST1C----K","Fossil Hard coal","11WD8ROST1C----K","01/04/2026 02:00 - 01/04/2026 03:00","503.48",""
"01/04/2026 00:00 - 02/04/2026 00:00","CTA|DE(50Hertz)","Kraftwerk Rostock","11WD8ROST1C----K","Fossil Hard coal","11WD8ROST1C----K","01/04/2026 03:00 - 01/04/2026 04:00","501.65",""
"01/04/2026 00:00 - 02/04/2026 00:00","CTA|DE(50Hertz)","Kraftwerk Rostock","11WD8ROST1C----K","Fossil Hard coal","11WD8ROST1C----K","01/04/2026 04:00 - 01/04/2026 05:00","502.45",""
"01/04/2026 00:00 - 02/04/2026 00:00","CTA|DE(50Hertz)","Kraftwerk Rostock","11WD8ROST1C----K","Fossil Hard coal","11WD8ROST1C----K","01/04/2026 05:00 - 01/04/2026 06:00","502.80",""
"01/04/2026 00:00 - 02/04/2026 00:00","CTA|DE(50Hertz)","Kraftwerk Rostock","11WD8ROST1C----K","Fossil Hard coal","11WD8ROST1C----K","01/04/2026 06:00 - 01/04/2026 07:00","502.38",""
"01/04/2026 00:00 - 02/04/2026 00:00","CTA|DE(50Hertz)","Kraftwerk Rostock","11WD8ROST1C----K","Fossil Hard coal","11WD8ROST1C----K","01/04/2026 07:00 - 01/04/2026 08:00","503.35",""
"01/04/2026 00:00 - 02/04/2026 00:00","CTA|DE(50Hertz)","Kraftwerk Rostock","11WD8ROST1C----K","Fossil Hard coal","11WD8ROST1C----K","01/04/2026 08:00 - 01/04/2026 09:00","505.73",""
"01/04/2026 00:00 - 02/04/2026 00:00","CTA|DE(50Hertz)","Kraftwerk Rostock","11WD8ROST1C----K","Fossil Hard coal","11WD8ROST1C----K","01/04/2026 09:00 - 01/04/2026 10:00","504.13",""
"01/04/2026 00:00 - 02/04/2026 00:00","CTA|DE(50Hertz)","Kraftwerk Rostock","11WD8ROST1C----K","Fossil Hard coal","11WD8ROST1C----K","01/04/2026 10:00 - 01/04/2026 11:00","311.40",""
"01/04/2026 00:00 - 02/04/2026 00:00","CTA|DE(50Hertz)","Kraftwerk Rostock","11WD8ROST1C----K","Fossil Hard coal","11WD8ROST1C----K","01/04/2026 11:00 - 01/04/2026 12:00","264.70",""
"01/04/2026 00:00 - 02/04/2026 00:00","CTA|DE(50Hertz)","Kraftwerk Rostock","11WD8ROST1C----K","Fossil Hard coal","11WD8ROST1C----K","01/04/2026 12:00 - 01/04/2026 13:00","265.88",""
"01/04/2026 00:00 - 02/04/2026 00:00","CTA|DE(50Hertz)","Kraftwerk Rostock","11WD8ROST1C----K","Fossil Hard coal","11WD8ROST1C----K","01/04/2026 13:00 - 01/04/2026 14:00","266.63",""
"01/04/2026 00:00 - 02/04/2026 00:00","CTA|DE(50Hertz)","Kraftwerk Rostock","11WD8ROST1C----K","Fossil Hard coal","11WD8ROST1C----K","01/04/2026 14:00 - 01/04/2026 15:00","266.10",""
"01/04/2026 00:00 - 02/04/2026 00:00","CTA|DE(50Hertz)","Kraftwerk Rostock","11WD8ROST1C----K","Fossil Hard coal","11WD8ROST1C----K","01/04/2026 15:00 - 01/04/2026 16:00","266.23",""
"01/04/2026 00:00 - 02/04/2026 00:00","CTA|DE(50Hertz)","Kraftwerk Rostock","11WD8ROST1C----K","Fossil Hard coal","11WD8ROST1C----K","01/04/2026 16:00 - 01/04/2026 17:00","411.57",""
"01/04/2026 00:00 - 02/04/2026 00:00","CTA|DE(50Hertz)","Kraftwerk Rostock","11WD8ROST1C----K","Fossil Hard coal","11WD8ROST1C----K","01/04/2026 17:00 - 01/04/2026 18:00","511.00",""
"01/04/2026 00:00 - 02/04/2026 00:00","CTA|DE(50Hertz)","Kraftwerk Rostock","11WD8ROST1C----K","Fossil Hard coal","11WD8ROST1C----K","01/04/2026 18:00 - 01/04/2026 19:00","505.55",""
"01/04/2026 00:00 - 02/04/2026 00:00","CTA|DE(50Hertz)","Kraftwerk Rostock","11WD8ROST1C----K","Fossil Hard coal","11WD8ROST1C----K","01/04/2026 19:00 - 01/04/2026 20:00","502.88",""
"01/04/2026 00:00 - 02/04/2026 00:00","CTA|DE(50Hertz)","Kraftwerk Rostock","11WD8ROST1C----K","Fossil Hard coal","11WD8ROST1C----K","01/04/2026 20:00 - 01/04/2026 21:00","504.07",""
"01/04/2026 00:00 - 02/04/2026 00:00","CTA|DE(50Hertz)","Kraftwerk Rostock","11WD8ROST1C----K","Fossil Hard coal","11WD8ROST1C----K","01/04/2026 21:00 - 01/04/2026 22:00","504.48",""
"01/04/2026 00:00 - 02/04/2026 00:00","CTA|DE(50Hertz)","Kraftwerk Rostock","11WD8ROST1C----K","Fossil Hard coal","11WD8ROST1C----K","01/04/2026 22:00 - 01/04/2026 23:00","503.68",""
"01/04/2026 00:00 - 02/04/2026 00:00","CTA|DE(50Hertz)","Kraftwerk Rostock","11WD8ROST1C----K","Fossil Hard coal","11WD8ROST1C----K","01/04/2026 23:00 - 02/04/2026 00:00","502.30",""
"01/04/2026 00:00 - 02/04/2026 00:00","CTA|DE(50Hertz)","Schkopau A","11WD8SCHK1L---A2","Fossil Brown coal/Lignite","11WD8SCHK1L---A2","01/04/2026 00:00 - 01/04/2026 01:00","410.00",""
"01/04/2026 00:00 - 02/04/2026 00:00","CTA|DE(50Hertz)","Schkopau A","11WD8SCHK1L---A2","Fossil Brown coal/Lignite","11WD8SCHK1L---A2","01/04/2026 01:00 - 01/04/2026 02:00","415.25",""
"01/04/2026 00:00 - 02/04/2026 00:00","CTA|DE(50Hertz)","Schkopau A","11WD8SCHK1L---A2","Fossil Brown coal/Lignite","11WD8SCHK1L---A2","01/04/2026 02:00 - 01/04/2026 03:00","442.75",""
"01/04/2026 00:00 - 02/04/2026 00:00","CTA|DE(50Hertz)","Schkopau A","11WD8SCHK1L---A2","Fossil Brown coal/Lignite","11WD8SCHK1L---A2","01/04/2026 03:00 - 01/04/2026 04:00","427.00",""
"01/04/2026 00:00 - 02/04/2026 00:00","CTA|DE(50Hertz)","Schkopau A","11WD8SCHK1L---A2","Fossil Brown coal/Lignite","11WD8SCHK1L---A2","01/04/2026 04:00 - 01/04/2026 05:00","409.75",""
"01/04/2026 00:00 - 02/04/2026 00:00","CTA|DE(50Hertz)","Schkopau A","11WD8SCHK1L---A2","Fossil Brown coal/Lignite","11WD8SCHK1L---A2","01/04/2026 05:00 - 01/04/2026 06:00","413.75",""
"01/04/2026 00:00 - 02/04/2026 00:00","CTA|DE(50Hertz)","Schkopau A","11WD8SCHK1L---A2","Fossil Brown coal/Lignite","11WD8SCHK1L---A2","01/04/2026 06:00 - 01/04/2026 07:00","415.00",""
"01/04/2026 00:00 - 02/04/2026 00:00","CTA|DE(50Hertz)","Schkopau A","11WD8SCHK1L---A2","Fossil Brown coal/Lignite","11WD8SCHK1L---A2","01/04/2026 07:00 - 01/04/2026 08:00","417.25",""
"01/04/2026 00:00 - 02/04/2026 00:00","CTA|DE(50Hertz)","Schkopau A","11WD8SCHK1L---A2","Fossil Brown coal/Lignite","11WD8SCHK1L---A2","01/04/2026 08:00 - 01/04/2026 09:00","438.25",""
"01/04/2026 00:00 - 02/04/2026 00:00","CTA|DE(50Hertz)","Schkopau A","11WD8SCHK1L---A2","Fossil Brown coal/Lignite","11WD8SCHK1L---A2","01/04/2026 09:00 - 01/04/2026 10:00","368.25",""
"01/04/2026 00:00 - 02/04/2026 00:00","CTA|DE(50Hertz)","Schkopau A","11WD8SCHK1L---A2","Fossil Brown coal/Lignite","11WD8SCHK1L---A2","01/04/2026 10:00 - 01/04/2026 11:00","261.25",""
"01/04/2026 00:00 - 02/04/2026 00:00","CTA|DE(50Hertz)","Schkopau A","11WD8SCHK1L---A2","Fossil Brown coal/Lignite","11WD8SCHK1L---A2","01/04/2026 11:00 - 01/04/2026 12:00","158.50",""
"01/04/2026 00:00 - 02/04/2026 00:00","CTA|DE(50Hertz)","Schkopau A","11WD8SCHK1L---A2","Fossil Brown coal/Lignite","11WD8SCHK1L---A2","01/04/2026 12:00 - 01/04/2026 13:00","140.50",""
"01/04/2026 00:00 - 02/04/2026 00:00","CTA|DE(50Hertz)","Schkopau A","11WD8SCHK1L---A2","Fossil Brown coal/Lignite","11WD8SCHK1L---A2","01/04/2026 13:00 - 01/04/2026 14:00","161.00",""
"01/04/2026 00:00 - 02/04/2026 00:00","CTA|DE(50Hertz)","Schkopau A","11WD8SCHK1L---A2","Fossil Brown coal/Lignite","11WD8SCHK1L---A2","01/04/2026 14:00 - 01/04/2026 15:00","157.75",""
"01/04/2026 00:00 - 02/04/2026 00:00","CTA|DE(50Hertz)","Schkopau A","11WD8SCHK1L---A2","Fossil Brown coal/Lignite","11WD8SCHK1L---A2","01/04/2026 15:00 - 01/04/2026 16:00","162.50",""
"01/04/2026 00:00 - 02/04/2026 00:00","CTA|DE(50Hertz)","Schkopau A","11WD8SCHK1L---A2","Fossil Brown coal/Lignite","11WD8SCHK1L---A2","01/04/2026 16:00 - 01/04/2026 17:00","333.50",""
"01/04/2026 00:00 - 02/04/2026 00:00","CTA|DE(50Hertz)","Schkopau A","11WD8SCHK1L---A2","Fossil Brown coal/Lignite","11WD8SCHK1L---A2","01/04/2026 17:00 - 01/04/2026 18:00","417.75",""
"01/04/2026 00:00 - 02/04/2026 00:00","CTA|DE(50Hertz)","Schkopau A","11WD8SCHK1L---A2","Fossil Brown coal/Lignite","11WD8SCHK1L---A2","01/04/2026 18:00 - 01/04/2026 19:00","407.50",""
"01/04/2026 00:00 - 02/04/2026 00:00","CTA|DE(50Hertz)","Schkopau A","11WD8SCHK1L---A2","Fossil Brown coal/Lignite","11WD8SCHK1L---A2","01/04/2026 19:00 - 01/04/2026 20:00","422.00",""
"01/04/2026 00:00 - 02/04/2026 00:00","CTA|DE(50Hertz)","Schkopau A","11WD8SCHK1L---A2","Fossil Brown coal/Lignite","11WD8SCHK1L---A2","01/04/2026 20:00 - 01/04/2026 21:00","401.00",""
"01/04/2026 00:00 - 02/04/2026 00:00","CTA|DE(50Hertz)","Schkopau A","11WD8SCHK1L---A2","Fossil Brown coal/Lignite","11WD8SCHK1L---A2","01/04/2026 21:00 - 01/04/2026 22:00","432.25",""
"01/04/2026 00:00 - 02/04/2026 00:00","CTA|DE(50Hertz)","Schkopau A","11WD8SCHK1L---A2","Fossil Brown coal/Lignite","11WD8SCHK1L---A2","01/04/2026 22:00 - 01/04/2026 23:00","379.50",""
"01/04/2026 00:00 - 02/04/2026 00:00","CTA|DE(50Hertz)","Schkopau A","11WD8SCHK1L---A2","Fossil Brown coal/Lignite","11WD8SCHK1L---A2","01/04/2026 23:00 - 02/04/2026 00:00","190.00",""
"01/04/2026 00:00 - 02/04/2026 00:00","CTA|DE(50Hertz)","Schkopau B","11WD8SCHK1L---B0","Fossil Brown coal/Lignite","11WD8SCHK1L---B0","01/04/2026 00:00 - 01/04/2026 01:00","291.75",""
"01/04/2026 00:00 - 02/04/2026 00:00","CTA|DE(50Hertz)","Schkopau B","11WD8SCHK1L---B0","Fossil Brown coal/Lignite","11WD8SCHK1L---B0","01/04/2026 01:00 - 01/04/2026 02:00","306.75",""
"01/04/2026 00:00 - 02/04/2026 00:00","CTA|DE(50Hertz)","Schkopau B","11WD8SCHK1L---B0","Fossil Brown coal/Lignite","11WD8SCHK1L---B0","01/04/2026 02:00 - 01/04/2026 03:00","306.25",""
"01/04/2026 00:00 - 02/04/2026 00:00","CTA|DE(50Hertz)","Schkopau B","11WD8SCHK1L---B0","Fossil Brown coal/Lignite","11WD8SCHK1L---B0","01/04/2026 03:00 - 01/04/2026 04:00","306.00",""
"01/04/2026 00:00 - 02/04/2026 00:00","CTA|DE(50Hertz)","Schkopau B","11WD8SCHK1L---B0","Fossil Brown coal/Lignite","11WD8SCHK1L---B0","01/04/2026 04:00 - 01/04/2026 05:00","307.00",""
"01/04/2026 00:00 - 02/04/2026 00:00","CTA|DE(50Hertz)","Schkopau B","11WD8SCHK1L---B0","Fossil Brown coal/Lignite","11WD8SCHK1L---B0","01/04/2026 05:00 - 01/04/2026 06:00","306.75",""
"01/04/2026 00:00 - 02/04/2026 00:00","CTA|DE(50Hertz)","Schkopau B","11WD8SCHK1L---B0","Fossil Brown coal/Lignite","11WD8SCHK1L---B0","01/04/2026 06:00 - 01/04/2026 07:00","306.75",""
"01/04/2026 00:00 - 02/04/2026 00:00","CTA|DE(50Hertz)","Schkopau B","11WD8SCHK1L---B0","Fossil Brown coal/Lignite","11WD8SCHK1L---B0","01/04/2026 07:00 - 01/04/2026 08:00","306.25",""
"01/04/2026 00:00 - 02/04/2026 00:00","CTA|DE(50Hertz)","Schkopau B","11WD8SCHK1L---B0","Fossil Brown coal/Lignite","11WD8SCHK1L---B0","01/04/2026 08:00 - 01/04/2026 09:00","303.50",""
"01/04/2026 00:00 - 02/04/2026 00:00","CTA|DE(50Hertz)","Schkopau B","11WD8SCHK1L---B0","Fossil Brown coal/Lignite","11WD8SCHK1L---B0","01/04/2026 09:00 - 01/04/2026 10:00","294.75",""
"01/04/2026 00:00 - 02/04/2026 00:00","CTA|DE(50Hertz)","Schkopau B","11WD8SCHK1L---B0","Fossil Brown coal/Lignite","11WD8SCHK1L---B0","01/04/2026 10:00 - 01/04/2026 11:00","224.00",""
"01/04/2026 00:00 - 02/04/2026 00:00","CTA|DE(50Hertz)","Schkopau B","11WD8SCHK1L---B0","Fossil Brown coal/Lignite","11WD8SCHK1L---B0","01/04/2026 11:00 - 01/04/2026 12:00","173.75",""
"01/04/2026 00:00 - 02/04/2026 00:00","CTA|DE(50Hertz)","Schkopau B","11WD8SCHK1L---B0","Fossil Brown coal/Lignite","11WD8SCHK1L---B0","01/04/2026 12:00 - 01/04/2026 13:00","176.00",""
"01/04/2026 00:00 - 02/04/2026 00:00","CTA|DE(50Hertz)","Schkopau B","11WD8SCHK1L---B0","Fossil Brown coal/Lignite","11WD8SCHK1L---B0","01/04/2026 13:00 - 01/04/2026 14:00","192.25",""
"01/04/2026 00:00 - 02/04/2026 00:00","CTA|DE(50Hertz)","Schkopau B","11WD8SCHK1L---B0","Fossil Brown coal/Lignite","11WD8SCHK1L---B0","01/04/2026 14:00 - 01/04/2026 15:00","191.75",""
"01/04/2026 00:00 - 02/04/2026 00:00","CTA|DE(50Hertz)","Schkopau B","11WD8SCHK1L---B0","Fossil Brown coal/Lignite","11WD8SCHK1L---B0","01/04/2026 15:00 - 01/04/2026 16:00","202.75",""
"01/04/2026 00:00 - 02/04/2026 00:00","CTA|DE(50Hertz)","Schkopau B","11WD8SCHK1L---B0","Fossil Brown coal/Lignite","11WD8SCHK1L---B0","01/04/2026 16:00 - 01/04/2026 17:00","281.75",""
"01/04/2026 00:00 - 02/04/2026 00:00","CTA|DE(50Hertz)","Schkopau B","11WD8SCHK1L---B0","Fossil Brown coal/Lignite","11WD8SCHK1L---B0","01/04/2026 17:00 - 01/04/2026 18:00","329.25",""
"01/04/2026 00:00 - 02/04/2026 00:00","CTA|DE(50Hertz)","Schkopau B","11WD8SCHK1L---B0","Fossil Brown coal/Lignite","11WD8SCHK1L---B0","01/04/2026 18:00 - 01/04/2026 19:00","329.75",""
"01/04/2026 00:00 - 02/04/2026 00:00","CTA|DE(50Hertz)","Schkopau B","11WD8SCHK1L---B0","Fossil Brown coal/Lignite","11WD8SCHK1L---B0","01/04/2026 19:00 - 01/04/2026 20:00","328.25",""
"01/04/2026 00:00 - 02/04/2026 00:00","CTA|DE(50Hertz)","Schkopau B","11WD8SCHK1L---B0","Fossil Brown coal/Lignite","11WD8SCHK1L---B0","01/04/2026 20:00 - 01/04/2026 21:00","326.00",""
"01/04/2026 00:00 - 02/04/2026 00:00","CTA|DE(50Hertz)","Schkopau B","11WD8SCHK1L---B0","Fossil Brown coal/Lignite","11WD8SCHK1L---B0","01/04/2026 21:00 - 01/04/2026 22:00","320.75",""
"01/04/2026 00:00 - 02/04/2026 00:00","CTA|DE(50Hertz)","Schkopau B","11WD8SCHK1L---B0","Fossil Brown coal/Lignite","11WD8SCHK1L---B0","01/04/2026 22:00 - 01/04/2026 23:00","287.75",""
"01/04/2026 00:00 - 02/04/2026 00:00","CTA|DE(50Hertz)","Schkopau B","11WD8SCHK1L---B0","Fossil Brown coal/Lignite","11WD8SCHK1L---B0","01/04/2026 23:00 - 02/04/2026 00:00","135.75",""
"01/04/2026 00:00 - 02/04/2026 00:00","CTA|DE(50Hertz)","IKS Schwedt SE1 Block 1","11WD8SCHW5X---19","Fossil Oil","11WD8SCHW5X---19","01/04/2026 00:00 - 01/04/2026 01:00","12.00",""
"01/04/2026 00:00 - 02/04/2026 00:00","CTA|DE(50Hertz)","IKS Schwedt SE1 Block 1","11WD8SCHW5X---19","Fossil Oil","11WD8SCHW5X---19","01/04/2026 01:00 - 01/04/2026 02:00","12.00",""
"01/04/2026 00:00 - 02/04/2026 00:00","CTA|DE(50Hertz)","IKS Schwedt SE1 Block 1","11WD8SCHW5X---19","Fossil Oil","11WD8SCHW5X---19","01/04/2026 02:00 - 01/04/2026 03:00","12.00",""
"01/04/2026 00:00 - 02/04/2026 00:00","CTA|DE(50Hertz)","IKS Schwedt SE1 Block 1","11WD8SCHW5X---19","Fossil Oil","11WD8SCHW5X---19","01/04/2026 03:00 - 01/04/2026 04:00","12.00",""
"01/04/2026 00:00 - 02/04/2026 00:00","CTA|DE(50Hertz)","IKS Schwedt SE1 Block 1","11WD8SCHW5X---19","Fossil Oil","11WD8SCHW5X---19","01/04/2026 04:00 - 01/04/2026 05:00","12.00",""
"01/04/2026 00:00 - 02/04/2026 00:00","CTA|DE(50Hertz)","IKS Schwedt SE1 Block 1","11WD8SCHW5X---19","Fossil Oil","11WD8SCHW5X---19","01/04/2026 05:00 - 01/04/2026 06:00","12.00",""
"01/04/2026 00:00 - 02/04/2026 00:00","CTA|DE(50Hertz)","IKS Schwedt SE1 Block 1","11WD8SCHW5X---19","Fossil Oil","11WD8SCHW5X---19","01/04/2026 06:00 - 01/04/2026 07:00","12.00",""
"01/04/2026 00:00 - 02/04/2026 00:00","CTA|DE(50Hertz)","IKS Schwedt SE1 Block 1","11WD8SCHW5X---19","Fossil Oil","11WD8SCHW5X---19","01/04/2026 07:00 - 01/04/2026 08:00","12.00",""
"01/04/2026 00:00 - 02/04/2026 00:00","CTA|DE(50Hertz)","IKS Schwedt SE1 Block 1","11WD8SCHW5X---19","Fossil Oil","11WD8SCHW5X---19","01/04/2026 08:00 - 01/04/2026 09:00","12.00",""
"01/04/2026 00:00 - 02/04/2026 00:00","CTA|DE(50Hertz)","IKS Schwedt SE1 Block 1","11WD8SCHW5X---19","Fossil Oil","11WD8SCHW5X---19","01/04/2026 09:00 - 01/04/2026 10:00","12.00",""
"01/04/2026 00:00 - 02/04/2026 00:00","CTA|DE(50Hertz)","IKS Schwedt SE1 Block 1","11WD8SCHW5X---19","Fossil Oil","11WD8SCHW5X---19","01/04/2026 10:00 - 01/04/2026 11:00","12.00",""
"01/04/2026 00:00 - 02/04/2026 00:00","CTA|DE(50Hertz)","IKS Schwedt SE1 Block 1","11WD8SCHW5X---19","Fossil Oil","11WD8SCHW5X---19","01/04/2026 11:00 - 01/04/2026 12:00","12.00",""
"01/04/2026 00:00 - 02/04/2026 00:00","CTA|DE(50Hertz)","IKS Schwedt SE1 Block 1","11WD8SCHW5X---19","Fossil Oil","11WD8SCHW5X---19","01/04/2026 12:00 - 01/04/2026 13:00","12.00",""
"01/04/2026 00:00 - 02/04/2026 00:00","CTA|DE(50Hertz)","IKS Schwedt SE1 Block 1","11WD8SCHW5X---19","Fossil Oil","11WD8SCHW5X---19","01/04/2026 13:00 - 01/04/2026 14:00","12.00",""
"01/04/2026 00:00 - 02/04/2026 00:00","CTA|DE(50Hertz)","IKS Schwedt SE1 Block 1","11WD8SCHW5X---19","Fossil Oil","11WD8SCHW5X---19","01/04/2026 14:00 - 01/04/2026 15:00","11.25",""
"01/04/2026 00:00 - 02/04/2026 00:00","CTA|DE(50Hertz)","IKS Schwedt SE1 Block 1","11WD8SCHW5X---19","Fossil Oil","11WD8SCHW5X---19","01/04/2026 15:00 - 01/04/2026 16:00","11.00",""
"01/04/2026 00:00 - 02/04/2026 00:00","CTA|DE(50Hertz)","IKS Schwedt SE1 Block 1","11WD8SCHW5X---19","Fossil Oil","11WD8SCHW5X---19","01/04/2026 16:00 - 01/04/2026 17:00","10.00",""
"01/04/2026 00:00 - 02/04/2026 00:00","CTA|DE(50Hertz)","IKS Schwedt SE1 Block 1","11WD8SCHW5X---19","Fossil Oil","11WD8SCHW5X---19","01/04/2026 17:00 - 01/04/2026 18:00","10.00",""
"01/04/2026 00:00 - 02/04/2026 00:00","CTA|DE(50Hertz)","IKS Schwedt SE1 Block 1","11WD8SCHW5X---19","Fossil Oil","11WD8SCHW5X---19","01/04/2026 18:00 - 01/04/2026 19:00","10.00",""
"01/04/2026 00:00 - 02/04/2026 00:00","CTA|DE(50Hertz)","IKS Schwedt SE1 Block 1","11WD8SCHW5X---19","Fossil Oil","11WD8SCHW5X---19","01/04/2026 19:00 - 01/04/2026 20:00","10.00",""
"01/04/2026 00:00 - 02/04/2026 00:00","CTA|DE(50Hertz)","IKS Schwedt SE1 Block 1","11WD8SCHW5X---19","Fossil Oil","11WD8SCHW5X---19","01/04/2026 20:00 - 01/04/2026 21:00","10.00",""
"01/04/2026 00:00 - 02/04/2026 00:00","CTA|DE(50Hertz)","IKS Schwedt SE1 Block 1","11WD8SCHW5X---19","Fossil Oil","11WD8SCHW5X---19","01/04/2026 21:00 - 01/04/2026 22:00","10.00",""
"01/04/2026 00:00 - 02/04/2026 00:00","CTA|DE(50Hertz)","IKS Schwedt SE1 Block 1","11WD8SCHW5X---19","Fossil Oil","11WD8SCHW5X---19","01/04/2026 22:00 - 01/04/2026 23:00","10.00",""
"01/04/2026 00:00 - 02/04/2026 00:00","CTA|DE(50Hertz)","IKS Schwedt SE1 Block 1","11WD8SCHW5X---19","Fossil Oil","11WD8SCHW5X---19","01/04/2026 23:00 - 02/04/2026 00:00","10.00",""
"01/04/2026 00:00 - 02/04/2026 00:00","CTA|DE(50Hertz)","IKS Schwedt SE2 Block 2","11WD8SCHW5X---27","Fossil Oil","11WD8SCHW5X---27","01/04/2026 00:00 - 01/04/2026 01:00","86.00",""
"01/04/2026 00:00 - 02/04/2026 00:00","CTA|DE(50Hertz)","IKS Schwedt SE2 Block 2","11WD8SCHW5X---27","Fossil Oil","11WD8SCHW5X---27","01/04/2026 01:00 - 01/04/2026 02:00","85.75",""
"01/04/2026 00:00 - 02/04/2026 00:00","CTA|DE(50Hertz)","IKS Schwedt SE2 Block 2","11WD8SCHW5X---27","Fossil Oil","11WD8SCHW5X---27","01/04/2026 02:00 - 01/04/2026 03:00","84.75",""
"01/04/2026 00:00 - 02/04/2026 00:00","CTA|DE(50Hertz)","IKS Schwedt SE2 Block 2","11WD8SCHW5X---27","Fossil Oil","11WD8SCHW5X---27","01/04/2026 03:00 - 01/04/2026 04:00","85.50",""
"01/04/2026 00:00 - 02/04/2026 00:00","CTA|DE(50Hertz)","IKS Schwedt SE2 Block 2","11WD8SCHW5X---27","Fossil Oil","11WD8SCHW5X---27","01/04/2026 04:00 - 01/04/2026 05:00","86.00",""
"01/04/2026 00:00 - 02/04/2026 00:00","CTA|DE(50Hertz)","IKS Schwedt SE2 Block 2","11WD8SCHW5X---27","Fossil Oil","11WD8SCHW5X---27","01/04/2026 05:00 - 01/04/2026 06:00","86.00",""
"01/04/2026 00:00 - 02/04/2026 00:00","CTA|DE(50Hertz)","IKS Schwedt SE2 Block 2","11WD8SCHW5X---27","Fossil Oil","11WD8SCHW5X---27","01/04/2026 06:00 - 01/04/2026 07:00","86.00",""
"01/04/2026 00:00 - 02/04/2026 00:00","CTA|DE(50Hertz)","IKS Schwedt SE2 Block 2","11WD8SCHW5X---27","Fossil Oil","11WD8SCHW5X---27","01/04/2026 07:00 - 01/04/2026 08:00","86.75",""
"01/04/2026 00:00 - 02/04/2026 00:00","CTA|DE(50Hertz)","IKS Schwedt SE2 Block 2","11WD8SCHW5X---27","Fossil Oil","11WD8SCHW5X---27","01/04/2026 08:00 - 01/04/2026 09:00","86.25",""
"01/04/2026 00:00 - 02/04/2026 00:00","CTA|DE(50Hertz)","IKS Schwedt SE2 Block 2","11WD8SCHW5X---27","Fossil Oil","11WD8SCHW5X---27","01/04/2026 09:00 - 01/04/2026 10:00","86.75",""
"01/04/2026 00:00 - 02/04/2026 00:00","CTA|DE(50Hertz)","IKS Schwedt SE2 Block 2","11WD8SCHW5X---27","Fossil Oil","11WD8SCHW5X---27","01/04/2026 10:00 - 01/04/2026 11:00","87.25",""
"01/04/2026 00:00 - 02/04/2026 00:00","CTA|DE(50Hertz)","IKS Schwedt SE2 Block 2","11WD8SCHW5X---27","Fossil Oil","11WD8SCHW5X---27","01/04/2026 11:00 - 01/04/2026 12:00","89.00",""
"01/04/2026 00:00 - 02/04/2026 00:00","CTA|DE(50Hertz)","IKS Schwedt SE2 Block 2","11WD8SCHW5X---27","Fossil Oil","11WD8SCHW5X---27","01/04/2026 12:00 - 01/04/2026 13:00","89.25",""
"01/04/2026 00:00 - 02/04/2026 00:00","CTA|DE(50Hertz)","IKS Schwedt SE2 Block 2","11WD8SCHW5X---27","Fossil Oil","11WD8SCHW5X---27","01/04/2026 13:00 - 01/04/2026 14:00","90.75",""
"01/04/2026 00:00 - 02/04/2026 00:00","CTA|DE(50Hertz)","IKS Schwedt SE2 Block 2","11WD8SCHW5X---27","Fossil Oil","11WD8SCHW5X---27","01/04/2026 14:00 - 01/04/2026 15:00","89.50",""
"01/04/2026 00:00 - 02/04/2026 00:00","CTA|DE(50Hertz)","IKS Schwedt SE2 Block 2","11WD8SCHW5X---27","Fossil Oil","11WD8SCHW5X---27","01/04/2026 15:00 - 01/04/2026 16:00","89.50",""
"01/04/2026 00:00 - 02/04/2026 00:00","CTA|DE(50Hertz)","IKS Schwedt SE2 Block 2","11WD8SCHW5X---27","Fossil Oil","11WD8SCHW5X---27","01/04/2026 16:00 - 01/04/2026 17:00","89.50",""
"01/04/2026 00:00 - 02/04/2026 00:00","CTA|DE(50Hertz)","IKS Schwedt SE2 Block 2","11WD8SCHW5X---27","Fossil Oil","11WD8SCHW5X---27","01/04/2026 17:00 - 01/04/2026 18:00","89.00",""
"01/04/2026 00:00 - 02/04/2026 00:00","CTA|DE(50Hertz)","IKS Schwedt SE2 Block 2","11WD8SCHW5X---27","Fossil Oil","11WD8SCHW5X---27","01/04/2026 18:00 - 01/04/2026 19:00","89.50",""
"01/04/2026 00:00 - 02/04/2026 00:00","CTA|DE(50Hertz)","IKS Schwedt SE2 Block 2","11WD8SCHW5X---27","Fossil Oil","11WD8SCHW5X---27","01/04/2026 19:00 - 01/04/2026 20:00","90.00",""
"01/04/2026 00:00 - 02/04/2026 00:00","CTA|DE(50Hertz)","IKS Schwedt SE2 Block 2","11WD8SCHW5X---27","Fossil Oil","11WD8SCHW5X---27","01/04/2026 20:00 - 01/04/2026 21:00","90.00",""
"01/04/2026 00:00 - 02/04/2026 00:00","CTA|DE(50Hertz)","IKS Schwedt SE2 Block 2","11WD8SCHW5X---27","Fossil Oil","11WD8SCHW5X---27","01/04/2026 21:00 - 01/04/2026 22:00","89.50",""
"01/04/2026 00:00 - 02/04/2026 00:00","CTA|DE(50Hertz)","IKS Schwedt SE2 Block 2","11WD8SCHW5X---27","Fossil Oil","11WD8SCHW5X---27","01/04/2026 22:00 - 01/04/2026 23:00","86.00",""
"01/04/2026 00:00 - 02/04/2026 00:00","CTA|DE(50Hertz)","IKS Schwedt SE2 Block 2","11WD8SCHW5X---27","Fossil Oil","11WD8SCHW5X---27","01/04/2026 23:00 - 02/04/2026 00:00","86.00",""
"01/04/2026 00:00 - 02/04/2026 00:00","CTA|DE(50Hertz)","KW Schwarze Pumpe Block A","11WD8SWPU1L---AK","Fossil Brown coal/Lignite","11WD8SWPU1L---AK","01/04/2026 00:00 - 01/04/2026 01:00","541.00",""
"01/04/2026 00:00 - 02/04/2026 00:00","CTA|DE(50Hertz)","KW Schwarze Pumpe Block A","11WD8SWPU1L---AK","Fossil Brown coal/Lignite","11WD8SWPU1L---AK","01/04/2026 01:00 - 01/04/2026 02:00","541.75",""
"01/04/2026 00:00 - 02/04/2026 00:00","CTA|DE(50Hertz)","KW Schwarze Pumpe Block A","11WD8SWPU1L---AK","Fossil Brown coal/Lignite","11WD8SWPU1L---AK","01/04/2026 02:00 - 01/04/2026 03:00","541.50",""
"01/04/2026 00:00 - 02/04/2026 00:00","CTA|DE(50Hertz)","KW Schwarze Pumpe Block A","11WD8SWPU1L---AK","Fossil Brown coal/Lignite","11WD8SWPU1L---AK","01/04/2026 03:00 - 01/04/2026 04:00","542.75",""
"01/04/2026 00:00 - 02/04/2026 00:00","CTA|DE(50Hertz)","KW Schwarze Pumpe Block A","11WD8SWPU1L---AK","Fossil Brown coal/Lignite","11WD8SWPU1L---AK","01/04/2026 04:00 - 01/04/2026 05:00","542.25",""
"01/04/2026 00:00 - 02/04/2026 00:00","CTA|DE(50Hertz)","KW Schwarze Pumpe Block A","11WD8SWPU1L---AK","Fossil Brown coal/Lignite","11WD8SWPU1L---AK","01/04/2026 05:00 - 01/04/2026 06:00","576.50",""
"01/04/2026 00:00 - 02/04/2026 00:00","CTA|DE(50Hertz)","KW Schwarze Pumpe Block A","11WD8SWPU1L---AK","Fossil Brown coal/Lignite","11WD8SWPU1L---AK","01/04/2026 06:00 - 01/04/2026 07:00","568.75",""
"01/04/2026 00:00 - 02/04/2026 00:00","CTA|DE(50Hertz)","KW Schwarze Pumpe Block A","11WD8SWPU1L---AK","Fossil Brown coal/Lignite","11WD8SWPU1L---AK","01/04/2026 07:00 - 01/04/2026 08:00","570.00",""
"01/04/2026 00:00 - 02/04/2026 00:00","CTA|DE(50Hertz)","KW Schwarze Pumpe Block A","11WD8SWPU1L---AK","Fossil Brown coal/Lignite","11WD8SWPU1L---AK","01/04/2026 08:00 - 01/04/2026 09:00","578.50",""
"01/04/2026 00:00 - 02/04/2026 00:00","CTA|DE(50Hertz)","KW Schwarze Pumpe Block A","11WD8SWPU1L---AK","Fossil Brown coal/Lignite","11WD8SWPU1L---AK","01/04/2026 09:00 - 01/04/2026 10:00","580.25",""
"01/04/2026 00:00 - 02/04/2026 00:00","CTA|DE(50Hertz)","KW Schwarze Pumpe Block A","11WD8SWPU1L---AK","Fossil Brown coal/Lignite","11WD8SWPU1L---AK","01/04/2026 10:00 - 01/04/2026 11:00","584.75",""
"01/04/2026 00:00 - 02/04/2026 00:00","CTA|DE(50Hertz)","KW Schwarze Pumpe Block A","11WD8SWPU1L---AK","Fossil Brown coal/Lignite","11WD8SWPU1L---AK","01/04/2026 11:00 - 01/04/2026 12:00","570.50",""
"01/04/2026 00:00 - 02/04/2026 00:00","CTA|DE(50Hertz)","KW Schwarze Pumpe Block A","11WD8SWPU1L---AK","Fossil Brown coal/Lignite","11WD8SWPU1L---AK","01/04/2026 12:00 - 01/04/2026 13:00","577.75",""
"01/04/2026 00:00 - 02/04/2026 00:00","CTA|DE(50Hertz)","KW Schwarze Pumpe Block A","11WD8SWPU1L---AK","Fossil Brown coal/Lignite","11WD8SWPU1L---AK","01/04/2026 13:00 - 01/04/2026 14:00","537.00",""
"01/04/2026 00:00 - 02/04/2026 00:00","CTA|DE(50Hertz)","KW Schwarze Pumpe Block A","11WD8SWPU1L---AK","Fossil Brown coal/Lignite","11WD8SWPU1L---AK","01/04/2026 14:00 - 01/04/2026 15:00","512.00",""
"01/04/2026 00:00 - 02/04/2026 00:00","CTA|DE(50Hertz)","KW Schwarze Pumpe Block A","11WD8SWPU1L---AK","Fossil Brown coal/Lignite","11WD8SWPU1L---AK","01/04/2026 15:00 - 01/04/2026 16:00","544.75",""
"01/04/2026 00:00 - 02/04/2026 00:00","CTA|DE(50Hertz)","KW Schwarze Pumpe Block A","11WD8SWPU1L---AK","Fossil Brown coal/Lignite","11WD8SWPU1L---AK","01/04/2026 16:00 - 01/04/2026 17:00","551.50",""
"01/04/2026 00:00 - 02/04/2026 00:00","CTA|DE(50Hertz)","KW Schwarze Pumpe Block A","11WD8SWPU1L---AK","Fossil Brown coal/Lignite","11WD8SWPU1L---AK","01/04/2026 17:00 - 01/04/2026 18:00","554.75",""
"01/04/2026 00:00 - 02/04/2026 00:00","CTA|DE(50Hertz)","KW Schwarze Pumpe Block A","11WD8SWPU1L---AK","Fossil Brown coal/Lignite","11WD8SWPU1L---AK","01/04/2026 18:00 - 01/04/2026 19:00","544.25",""
"01/04/2026 00:00 - 02/04/2026 00:00","CTA|DE(50Hertz)","KW Schwarze Pumpe Block A","11WD8SWPU1L---AK","Fossil Brown coal/Lignite","11WD8SWPU1L---AK","01/04/2026 19:00 - 01/04/2026 20:00","539.00",""
"01/04/2026 00:00 - 02/04/2026 00:00","CTA|DE(50Hertz)","KW Schwarze Pumpe Block A","11WD8SWPU1L---AK","Fossil Brown coal/Lignite","11WD8SWPU1L---AK","01/04/2026 20:00 - 01/04/2026 21:00","533.50",""
"01/04/2026 00:00 - 02/04/2026 00:00","CTA|DE(50Hertz)","KW Schwarze Pumpe Block A","11WD8SWPU1L---AK","Fossil Brown coal/Lignite","11WD8SWPU1L---AK","01/04/2026 21:00 - 01/04/2026 22:00","541.25",""
"01/04/2026 00:00 - 02/04/2026 00:00","CTA|DE(50Hertz)","KW Schwarze Pumpe Block A","11WD8SWPU1L---AK","Fossil Brown coal/Lignite","11WD8SWPU1L---AK","01/04/2026 22:00 - 01/04/2026 23:00","525.00",""
"01/04/2026 00:00 - 02/04/2026 00:00","CTA|DE(50Hertz)","KW Schwarze Pumpe Block A","11WD8SWPU1L---AK","Fossil Brown coal/Lignite","11WD8SWPU1L---AK","01/04/2026 23:00 - 02/04/2026 00:00","527.00",""
"01/04/2026 00:00 - 02/04/2026 00:00","CTA|DE(50Hertz)","KW Schwarze Pumpe Block B","11WD8SWPU1L---BI","Fossil Brown coal/Lignite","11WD8SWPU1L---BI","01/04/2026 00:00 - 01/04/2026 01:00","712.00",""
"01/04/2026 00:00 - 02/04/2026 00:00","CTA|DE(50Hertz)","KW Schwarze Pumpe Block B","11WD8SWPU1L---BI","Fossil Brown coal/Lignite","11WD8SWPU1L---BI","01/04/2026 01:00 - 01/04/2026 02:00","710.00",""
"01/04/2026 00:00 - 02/04/2026 00:00","CTA|DE(50Hertz)","KW Schwarze Pumpe Block B","11WD8SWPU1L---BI","Fossil Brown coal/Lignite","11WD8SWPU1L---BI","01/04/2026 02:00 - 01/04/2026 03:00","710.50",""
"01/04/2026 00:00 - 02/04/2026 00:00","CTA|DE(50Hertz)","KW Schwarze Pumpe Block B","11WD8SWPU1L---BI","Fossil Brown coal/Lignite","11WD8SWPU1L---BI","01/04/2026 03:00 - 01/04/2026 04:00","716.25",""
"01/04/2026 00:00 - 02/04/2026 00:00","CTA|DE(50Hertz)","KW Schwarze Pumpe Block B","11WD8SWPU1L---BI","Fossil Brown coal/Lignite","11WD8SWPU1L---BI","01/04/2026 04:00 - 01/04/2026 05:00","721.00",""
"01/04/2026 00:00 - 02/04/2026 00:00","CTA|DE(50Hertz)","KW Schwarze Pumpe Block B","11WD8SWPU1L---BI","Fossil Brown coal/Lignite","11WD8SWPU1L---BI","01/04/2026 05:00 - 01/04/2026 06:00","725.25",""
"01/04/2026 00:00 - 02/04/2026 00:00","CTA|DE(50Hertz)","KW Schwarze Pumpe Block B","11WD8SWPU1L---BI","Fossil Brown coal/Lignite","11WD8SWPU1L---BI","01/04/2026 06:00 - 01/04/2026 07:00","724.00",""
"01/04/2026 00:00 - 02/04/2026 00:00","CTA|DE(50Hertz)","KW Schwarze Pumpe Block B","11WD8SWPU1L---BI","Fossil Brown coal/Lignite","11WD8SWPU1L---BI","01/04/2026 07:00 - 01/04/2026 08:00","730.75",""
"01/04/2026 00:00 - 02/04/2026 00:00","CTA|DE(50Hertz)","KW Schwarze Pumpe Block B","11WD8SWPU1L---BI","Fossil Brown coal/Lignite","11WD8SWPU1L---BI","01/04/2026 08:00 - 01/04/2026 09:00","724.50",""
"01/04/2026 00:00 - 02/04/2026 00:00","CTA|DE(50Hertz)","KW Schwarze Pumpe Block B","11WD8SWPU1L---BI","Fossil Brown coal/Lignite","11WD8SWPU1L---BI","01/04/2026 09:00 - 01/04/2026 10:00","717.75",""
"01/04/2026 00:00 - 02/04/2026 00:00","CTA|DE(50Hertz)","KW Schwarze Pumpe Block B","11WD8SWPU1L---BI","Fossil Brown coal/Lignite","11WD8SWPU1L---BI","01/04/2026 10:00 - 01/04/2026 11:00","572.75",""
"01/04/2026 00:00 - 02/04/2026 00:00","CTA|DE(50Hertz)","KW Schwarze Pumpe Block B","11WD8SWPU1L---BI","Fossil Brown coal/Lignite","11WD8SWPU1L---BI","01/04/2026 11:00 - 01/04/2026 12:00","566.75",""
"01/04/2026 00:00 - 02/04/2026 00:00","CTA|DE(50Hertz)","KW Schwarze Pumpe Block B","11WD8SWPU1L---BI","Fossil Brown coal/Lignite","11WD8SWPU1L---BI","01/04/2026 12:00 - 01/04/2026 13:00","571.00",""
"01/04/2026 00:00 - 02/04/2026 00:00","CTA|DE(50Hertz)","KW Schwarze Pumpe Block B","11WD8SWPU1L---BI","Fossil Brown coal/Lignite","11WD8SWPU1L---BI","01/04/2026 13:00 - 01/04/2026 14:00","566.75",""
"01/04/2026 00:00 - 02/04/2026 00:00","CTA|DE(50Hertz)","KW Schwarze Pumpe Block B","11WD8SWPU1L---BI","Fossil Brown coal/Lignite","11WD8SWPU1L---BI","01/04/2026 14:00 - 01/04/2026 15:00","569.25",""
"01/04/2026 00:00 - 02/04/2026 00:00","CTA|DE(50Hertz)","KW Schwarze Pumpe Block B","11WD8SWPU1L---BI","Fossil Brown coal/Lignite","11WD8SWPU1L---BI","01/04/2026 15:00 - 01/04/2026 16:00","678.50",""
"01/04/2026 00:00 - 02/04/2026 00:00","CTA|DE(50Hertz)","KW Schwarze Pumpe Block B","11WD8SWPU1L---BI","Fossil Brown coal/Lignite","11WD8SWPU1L---BI","01/04/2026 16:00 - 01/04/2026 17:00","706.25",""
"01/04/2026 00:00 - 02/04/2026 00:00","CTA|DE(50Hertz)","KW Schwarze Pumpe Block B","11WD8SWPU1L---BI","Fossil Brown coal/Lignite","11WD8SWPU1L---BI","01/04/2026 17:00 - 01/04/2026 18:00","702.00",""
"01/04/2026 00:00 - 02/04/2026 00:00","CTA|DE(50Hertz)","KW Schwarze Pumpe Block B","11WD8SWPU1L---BI","Fossil Brown coal/Lignite","11WD8SWPU1L---BI","01/04/2026 18:00 - 01/04/2026 19:00","719.25",""
"01/04/2026 00:00 - 02/04/2026 00:00","CTA|DE(50Hertz)","KW Schwarze Pumpe Block B","11WD8SWPU1L---BI","Fossil Brown coal/Lignite","11WD8SWPU1L---BI","01/04/2026 19:00 - 01/04/2026 20:00","728.50",""
"01/04/2026 00:00 - 02/04/2026 00:00","CTA|DE(50Hertz)","KW Schwarze Pumpe Block B","11WD8SWPU1L---BI","Fossil Brown coal/Lignite","11WD8SWPU1L---BI","01/04/2026 20:00 - 01/04/2026 21:00","728.00",""
"01/04/2026 00:00 - 02/04/2026 00:00","CTA|DE(50Hertz)","KW Schwarze Pumpe Block B","11WD8SWPU1L---BI","Fossil Brown coal/Lignite","11WD8SWPU1L---BI","01/04/2026 21:00 - 01/04/2026 22:00","726.50",""
"01/04/2026 00:00 - 02/04/2026 00:00","CTA|DE(50Hertz)","KW Schwarze Pumpe Block B","11WD8SWPU1L---BI","Fossil Brown coal/Lignite","11WD8SWPU1L---BI","01/04/2026 22:00 - 01/04/2026 23:00","731.25",""
"01/04/2026 00:00 - 02/04/2026 00:00","CTA|DE(50Hertz)","KW Schwarze Pumpe Block B","11WD8SWPU1L---BI","Fossil Brown coal/Lignite","11WD8SWPU1L---BI","01/04/2026 23:00 - 02/04/2026 00:00","734.25",""
"01/04/2026 00:00 - 02/04/2026 00:00","CTA|DE(50Hertz)","HKW Tiefstack Block 2","11WD8TIEF5C----9","Fossil Hard coal","11WD8TIEF5C----9","01/04/2026 00:00 - 01/04/2026 01:00","68.50",""
"01/04/2026 00:00 - 02/04/2026 00:00","CTA|DE(50Hertz)","HKW Tiefstack Block 2","11WD8TIEF5C----9","Fossil Hard coal","11WD8TIEF5C----9","01/04/2026 01:00 - 01/04/2026 02:00","67.75",""
"01/04/2026 00:00 - 02/04/2026 00:00","CTA|DE(50Hertz)","HKW Tiefstack Block 2","11WD8TIEF5C----9","Fossil Hard coal","11WD8TIEF5C----9","01/04/2026 02:00 - 01/04/2026 03:00","65.25",""
"01/04/2026 00:00 - 02/04/2026 00:00","CTA|DE(50Hertz)","HKW Tiefstack Block 2","11WD8TIEF5C----9","Fossil Hard coal","11WD8TIEF5C----9","01/04/2026 03:00 - 01/04/2026 04:00","66.25",""
"01/04/2026 00:00 - 02/04/2026 00:00","CTA|DE(50Hertz)","HKW Tiefstack Block 2","11WD8TIEF5C----9","Fossil Hard coal","11WD8TIEF5C----9","01/04/2026 04:00 - 01/04/2026 05:00","66.75",""
"01/04/2026 00:00 - 02/04/2026 00:00","CTA|DE(50Hertz)","HKW Tiefstack Block 2","11WD8TIEF5C----9","Fossil Hard coal","11WD8TIEF5C----9","01/04/2026 05:00 - 01/04/2026 06:00","67.75",""
"01/04/2026 00:00 - 02/04/2026 00:00","CTA|DE(50Hertz)","HKW Tiefstack Block 2","11WD8TIEF5C----9","Fossil Hard coal","11WD8TIEF5C----9","01/04/2026 06:00 - 01/04/2026 07:00","66.75",""
"01/04/2026 00:00 - 02/04/2026 00:00","CTA|DE(50Hertz)","HKW Tiefstack Block 2","11WD8TIEF5C----9","Fossil Hard coal","11WD8TIEF5C----9","01/04/2026 07:00 - 01/04/2026 08:00","65.50",""
"01/04/2026 00:00 - 02/04/2026 00:00","CTA|DE(50Hertz)","HKW Tiefstack Block 2","11WD8TIEF5C----9","Fossil Hard coal","11WD8TIEF5C----9","01/04/2026 08:00 - 01/04/2026 09:00","65.75",""
"01/04/2026 00:00 - 02/04/2026 00:00","CTA|DE(50Hertz)","HKW Tiefstack Block 2","11WD8TIEF5C----9","Fossil Hard coal","11WD8TIEF5C----9","01/04/2026 09:00 - 01/04/2026 10:00","69.75",""
"01/04/2026 00:00 - 02/04/2026 00:00","CTA|DE(50Hertz)","HKW Tiefstack Block 2","11WD8TIEF5C----9","Fossil Hard coal","11WD8TIEF5C----9","01/04/2026 10:00 - 01/04/2026 11:00","66.00",""
"01/04/2026 00:00 - 02/04/2026 00:00","CTA|DE(50Hertz)","HKW Tiefstack Block 2","11WD8TIEF5C----9","Fossil Hard coal","11WD8TIEF5C----9","01/04/2026 11:00 - 01/04/2026 12:00","68.75",""
"01/04/2026 00:00 - 02/04/2026 00:00","CTA|DE(50Hertz)","HKW Tiefstack Block 2","11WD8TIEF5C----9","Fossil Hard coal","11WD8TIEF5C----9","01/04/2026 12:00 - 01/04/2026 13:00","60.50",""
"01/04/2026 00:00 - 02/04/2026 00:00","CTA|DE(50Hertz)","HKW Tiefstack Block 2","11WD8TIEF5C----9","Fossil Hard coal","11WD8TIEF5C----9","01/04/2026 13:00 - 01/04/2026 14:00","46.00",""
"01/04/2026 00:00 - 02/04/2026 00:00","CTA|DE(50Hertz)","HKW Tiefstack Block 2","11WD8TIEF5C----9","Fossil Hard coal","11WD8TIEF5C----9","01/04/2026 14:00 - 01/04/2026 15:00","35.00",""
"01/04/2026 00:00 - 02/04/2026 00:00","CTA|DE(50Hertz)","HKW Tiefstack Block 2","11WD8TIEF5C----9","Fossil Hard coal","11WD8TIEF5C----9","01/04/2026 15:00 - 01/04/2026 16:00","31.25",""
"01/04/2026 00:00 - 02/04/2026 00:00","CTA|DE(50Hertz)","HKW Tiefstack Block 2","11WD8TIEF5C----9","Fossil Hard coal","11WD8TIEF5C----9","01/04/2026 16:00 - 01/04/2026 17:00","63.00",""
"01/04/2026 00:00 - 02/04/2026 00:00","CTA|DE(50Hertz)","HKW Tiefstack Block 2","11WD8TIEF5C----9","Fossil Hard coal","11WD8TIEF5C----9","01/04/2026 17:00 - 01/04/2026 18:00","77.75",""
"01/04/2026 00:00 - 02/04/2026 00:00","CTA|DE(50Hertz)","HKW Tiefstack Block 2","11WD8TIEF5C----9","Fossil Hard coal","11WD8TIEF5C----9","01/04/2026 18:00 - 01/04/2026 19:00","73.00",""
"01/04/2026 00:00 - 02/04/2026 00:00","CTA|DE(50Hertz)","HKW Tiefstack Block 2","11WD8TIEF5C----9","Fossil Hard coal","11WD8TIEF5C----9","01/04/2026 19:00 - 01/04/2026 20:00","68.00",""
"01/04/2026 00:00 - 02/04/2026 00:00","CTA|DE(50Hertz)","HKW Tiefstack Block 2","11WD8TIEF5C----9","Fossil Hard coal","11WD8TIEF5C----9","01/04/2026 20:00 - 01/04/2026 21:00","69.25",""
"01/04/2026 00:00 - 02/04/2026 00:00","CTA|DE(50Hertz)","HKW Tiefstack Block 2","11WD8TIEF5C----9","Fossil Hard coal","11WD8TIEF5C----9","01/04/2026 21:00 - 01/04/2026 22:00","66.75",""
"01/04/2026 00:00 - 02/04/2026 00:00","CTA|DE(50Hertz)","HKW Tiefstack Block 2","11WD8TIEF5C----9","Fossil Hard coal","11WD8TIEF5C----9","01/04/2026 22:00 - 01/04/2026 23:00","67.00",""
"01/04/2026 00:00 - 02/04/2026 00:00","CTA|DE(50Hertz)","HKW Tiefstack Block 2","11WD8TIEF5C----9","Fossil Hard coal","11WD8TIEF5C----9","01/04/2026 23:00 - 02/04/2026 00:00","68.25",""
"01/04/2026 00:00 - 02/04/2026 00:00","CTA|DE(50Hertz)","HKW Tiefstack GuD","11WD8TIEF5G-GUDI","Fossil Gas","11WD8TIEF5G-GUDI","01/04/2026 00:00 - 01/04/2026 01:00","0.00",""
"01/04/2026 00:00 - 02/04/2026 00:00","CTA|DE(50Hertz)","HKW Tiefstack GuD","11WD8TIEF5G-GUDI","Fossil Gas","11WD8TIEF5G-GUDI","01/04/2026 01:00 - 01/04/2026 02:00","0.00",""
"01/04/2026 00:00 - 02/04/2026 00:00","CTA|DE(50Hertz)","HKW Tiefstack GuD","11WD8TIEF5G-GUDI","Fossil Gas","11WD8TIEF5G-GUDI","01/04/2026 02:00 - 01/04/2026 03:00","0.00",""
"01/04/2026 00:00 - 02/04/2026 00:00","CTA|DE(50Hertz)","HKW Tiefstack GuD","11WD8TIEF5G-GUDI","Fossil Gas","11WD8TIEF5G-GUDI","01/04/2026 03:00 - 01/04/2026 04:00","0.00",""
"01/04/2026 00:00 - 02/04/2026 00:00","CTA|DE(50Hertz)","HKW Tiefstack GuD","11WD8TIEF5G-GUDI","Fossil Gas","11WD8TIEF5G-GUDI","01/04/2026 04:00 - 01/04/2026 05:00","0.00",""
"01/04/2026 00:00 - 02/04/2026 00:00","CTA|DE(50Hertz)","HKW Tiefstack GuD","11WD8TIEF5G-GUDI","Fossil Gas","11WD8TIEF5G-GUDI","01/04/2026 05:00 - 01/04/2026 06:00","0.00",""
"01/04/2026 00:00 - 02/04/2026 00:00","CTA|DE(50Hertz)","HKW Tiefstack GuD","11WD8TIEF5G-GUDI","Fossil Gas","11WD8TIEF5G-GUDI","01/04/2026 06:00 - 01/04/2026 07:00","40.75",""
"01/04/2026 00:00 - 02/04/2026 00:00","CTA|DE(50Hertz)","HKW Tiefstack GuD","11WD8TIEF5G-GUDI","Fossil Gas","11WD8TIEF5G-GUDI","01/04/2026 07:00 - 01/04/2026 08:00","58.75",""
"01/04/2026 00:00 - 02/04/2026 00:00","CTA|DE(50Hertz)","HKW Tiefstack GuD","11WD8TIEF5G-GUDI","Fossil Gas","11WD8TIEF5G-GUDI","01/04/2026 08:00 - 01/04/2026 09:00","58.25",""
"01/04/2026 00:00 - 02/04/2026 00:00","CTA|DE(50Hertz)","HKW Tiefstack GuD","11WD8TIEF5G-GUDI","Fossil Gas","11WD8TIEF5G-GUDI","01/04/2026 09:00 - 01/04/2026 10:00","48.00",""
"01/04/2026 00:00 - 02/04/2026 00:00","CTA|DE(50Hertz)","HKW Tiefstack GuD","11WD8TIEF5G-GUDI","Fossil Gas","11WD8TIEF5G-GUDI","01/04/2026 10:00 - 01/04/2026 11:00","0.50",""
"01/04/2026 00:00 - 02/04/2026 00:00","CTA|DE(50Hertz)","HKW Tiefstack GuD","11WD8TIEF5G-GUDI","Fossil Gas","11WD8TIEF5G-GUDI","01/04/2026 11:00 - 01/04/2026 12:00","0.00",""
"01/04/2026 00:00 - 02/04/2026 00:00","CTA|DE(50Hertz)","HKW Tiefstack GuD","11WD8TIEF5G-GUDI","Fossil Gas","11WD8TIEF5G-GUDI","01/04/2026 12:00 - 01/04/2026 13:00","0.00",""
"01/04/2026 00:00 - 02/04/2026 00:00","CTA|DE(50Hertz)","HKW Tiefstack GuD","11WD8TIEF5G-GUDI","Fossil Gas","11WD8TIEF5G-GUDI","01/04/2026 13:00 - 01/04/2026 14:00","0.00",""
"01/04/2026 00:00 - 02/04/2026 00:00","CTA|DE(50Hertz)","HKW Tiefstack GuD","11WD8TIEF5G-GUDI","Fossil Gas","11WD8TIEF5G-GUDI","01/04/2026 14:00 - 01/04/2026 15:00","0.00",""
"01/04/2026 00:00 - 02/04/2026 00:00","CTA|DE(50Hertz)","HKW Tiefstack GuD","11WD8TIEF5G-GUDI","Fossil Gas","11WD8TIEF5G-GUDI","01/04/2026 15:00 - 01/04/2026 16:00","0.00",""
"01/04/2026 00:00 - 02/04/2026 00:00","CTA|DE(50Hertz)","HKW Tiefstack GuD","11WD8TIEF5G-GUDI","Fossil Gas","11WD8TIEF5G-GUDI","01/04/2026 16:00 - 01/04/2026 17:00","0.00",""
"01/04/2026 00:00 - 02/04/2026 00:00","CTA|DE(50Hertz)","HKW Tiefstack GuD","11WD8TIEF5G-GUDI","Fossil Gas","11WD8TIEF5G-GUDI","01/04/2026 17:00 - 01/04/2026 18:00","0.00",""
"01/04/2026 00:00 - 02/04/2026 00:00","CTA|DE(50Hertz)","HKW Tiefstack GuD","11WD8TIEF5G-GUDI","Fossil Gas","11WD8TIEF5G-GUDI","01/04/2026 18:00 - 01/04/2026 19:00","12.50",""
"01/04/2026 00:00 - 02/04/2026 00:00","CTA|DE(50Hertz)","HKW Tiefstack GuD","11WD8TIEF5G-GUDI","Fossil Gas","11WD8TIEF5G-GUDI","01/04/2026 19:00 - 01/04/2026 20:00","88.00",""
"01/04/2026 00:00 - 02/04/2026 00:00","CTA|DE(50Hertz)","HKW Tiefstack GuD","11WD8TIEF5G-GUDI","Fossil Gas","11WD8TIEF5G-GUDI","01/04/2026 20:00 - 01/04/2026 21:00","109.75",""
"01/04/2026 00:00 - 02/04/2026 00:00","CTA|DE(50Hertz)","HKW Tiefstack GuD","11WD8TIEF5G-GUDI","Fossil Gas","11WD8TIEF5G-GUDI","01/04/2026 21:00 - 01/04/2026 22:00","69.50",""
"01/04/2026 00:00 - 02/04/2026 00:00","CTA|DE(50Hertz)","HKW Tiefstack GuD","11WD8TIEF5G-GUDI","Fossil Gas","11WD8TIEF5G-GUDI","01/04/2026 22:00 - 01/04/2026 23:00","0.00",""
"01/04/2026 00:00 - 02/04/2026 00:00","CTA|DE(50Hertz)","HKW Tiefstack GuD","11WD8TIEF5G-GUDI","Fossil Gas","11WD8TIEF5G-GUDI","01/04/2026 23:00 - 02/04/2026 00:00","0.00",""
"01/04/2026 00:00 - 02/04/2026 00:00","CTA|DE(50Hertz)","HKW Wedel Block 1","11WD8WED15C---1M","Fossil Hard coal","11WD8WED15C---1M","01/04/2026 00:00 - 01/04/2026 01:00","68.75",""
"01/04/2026 00:00 - 02/04/2026 00:00","CTA|DE(50Hertz)","HKW Wedel Block 1","11WD8WED15C---1M","Fossil Hard coal","11WD8WED15C---1M","01/04/2026 01:00 - 01/04/2026 02:00","68.25",""
"01/04/2026 00:00 - 02/04/2026 00:00","CTA|DE(50Hertz)","HKW Wedel Block 1","11WD8WED15C---1M","Fossil Hard coal","11WD8WED15C---1M","01/04/2026 02:00 - 01/04/2026 03:00","68.00",""
"01/04/2026 00:00 - 02/04/2026 00:00","CTA|DE(50Hertz)","HKW Wedel Block 1","11WD8WED15C---1M","Fossil Hard coal","11WD8WED15C---1M","01/04/2026 03:00 - 01/04/2026 04:00","67.75",""
"01/04/2026 00:00 - 02/04/2026 00:00","CTA|DE(50Hertz)","HKW Wedel Block 1","11WD8WED15C---1M","Fossil Hard coal","11WD8WED15C---1M","01/04/2026 04:00 - 01/04/2026 05:00","68.25",""
"01/04/2026 00:00 - 02/04/2026 00:00","CTA|DE(50Hertz)","HKW Wedel Block 1","11WD8WED15C---1M","Fossil Hard coal","11WD8WED15C---1M","01/04/2026 05:00 - 01/04/2026 06:00","68.00",""
"01/04/2026 00:00 - 02/04/2026 00:00","CTA|DE(50Hertz)","HKW Wedel Block 1","11WD8WED15C---1M","Fossil Hard coal","11WD8WED15C---1M","01/04/2026 06:00 - 01/04/2026 07:00","68.00",""
"01/04/2026 00:00 - 02/04/2026 00:00","CTA|DE(50Hertz)","HKW Wedel Block 1","11WD8WED15C---1M","Fossil Hard coal","11WD8WED15C---1M","01/04/2026 07:00 - 01/04/2026 08:00","68.00",""
"01/04/2026 00:00 - 02/04/2026 00:00","CTA|DE(50Hertz)","HKW Wedel Block 1","11WD8WED15C---1M","Fossil Hard coal","11WD8WED15C---1M","01/04/2026 08:00 - 01/04/2026 09:00","67.75",""
"01/04/2026 00:00 - 02/04/2026 00:00","CTA|DE(50Hertz)","HKW Wedel Block 1","11WD8WED15C---1M","Fossil Hard coal","11WD8WED15C---1M","01/04/2026 09:00 - 01/04/2026 10:00","67.75",""
"01/04/2026 00:00 - 02/04/2026 00:00","CTA|DE(50Hertz)","HKW Wedel Block 1","11WD8WED15C---1M","Fossil Hard coal","11WD8WED15C---1M","01/04/2026 10:00 - 01/04/2026 11:00","68.00",""
"01/04/2026 00:00 - 02/04/2026 00:00","CTA|DE(50Hertz)","HKW Wedel Block 1","11WD8WED15C---1M","Fossil Hard coal","11WD8WED15C---1M","01/04/2026 11:00 - 01/04/2026 12:00","68.50",""
"01/04/2026 00:00 - 02/04/2026 00:00","CTA|DE(50Hertz)","HKW Wedel Block 1","11WD8WED15C---1M","Fossil Hard coal","11WD8WED15C---1M","01/04/2026 12:00 - 01/04/2026 13:00","57.50",""
"01/04/2026 00:00 - 02/04/2026 00:00","CTA|DE(50Hertz)","HKW Wedel Block 1","11WD8WED15C---1M","Fossil Hard coal","11WD8WED15C---1M","01/04/2026 13:00 - 01/04/2026 14:00","47.75",""
"01/04/2026 00:00 - 02/04/2026 00:00","CTA|DE(50Hertz)","HKW Wedel Block 1","11WD8WED15C---1M","Fossil Hard coal","11WD8WED15C---1M","01/04/2026 14:00 - 01/04/2026 15:00","43.00",""
"01/04/2026 00:00 - 02/04/2026 00:00","CTA|DE(50Hertz)","HKW Wedel Block 1","11WD8WED15C---1M","Fossil Hard coal","11WD8WED15C---1M","01/04/2026 15:00 - 01/04/2026 16:00","42.00",""
"01/04/2026 00:00 - 02/04/2026 00:00","CTA|DE(50Hertz)","HKW Wedel Block 1","11WD8WED15C---1M","Fossil Hard coal","11WD8WED15C---1M","01/04/2026 16:00 - 01/04/2026 17:00","60.75",""
"01/04/2026 00:00 - 02/04/2026 00:00","CTA|DE(50Hertz)","HKW Wedel Block 1","11WD8WED15C---1M","Fossil Hard coal","11WD8WED15C---1M","01/04/2026 17:00 - 01/04/2026 18:00","77.50",""
"01/04/2026 00:00 - 02/04/2026 00:00","CTA|DE(50Hertz)","HKW Wedel Block 1","11WD8WED15C---1M","Fossil Hard coal","11WD8WED15C---1M","01/04/2026 18:00 - 01/04/2026 19:00","79.75",""
"01/04/2026 00:00 - 02/04/2026 00:00","CTA|DE(50Hertz)","HKW Wedel Block 1","11WD8WED15C---1M","Fossil Hard coal","11WD8WED15C---1M","01/04/2026 19:00 - 01/04/2026 20:00","78.25",""
"01/04/2026 00:00 - 02/04/2026 00:00","CTA|DE(50Hertz)","HKW Wedel Block 1","11WD8WED15C---1M","Fossil Hard coal","11WD8WED15C---1M","01/04/2026 20:00 - 01/04/2026 21:00","76.25",""
"01/04/2026 00:00 - 02/04/2026 00:00","CTA|DE(50Hertz)","HKW Wedel Block 1","11WD8WED15C---1M","Fossil Hard coal","11WD8WED15C---1M","01/04/2026 21:00 - 01/04/2026 22:00","75.75",""
"01/04/2026 00:00 - 02/04/2026 00:00","CTA|DE(50Hertz)","HKW Wedel Block 1","11WD8WED15C---1M","Fossil Hard coal","11WD8WED15C---1M","01/04/2026 22:00 - 01/04/2026 23:00","76.00",""
"01/04/2026 00:00 - 02/04/2026 00:00","CTA|DE(50Hertz)","HKW Wedel Block 1","11WD8WED15C---1M","Fossil Hard coal","11WD8WED15C---1M","01/04/2026 23:00 - 02/04/2026 00:00","77.75",""
"01/04/2026 00:00 - 02/04/2026 00:00","CTA|DE(50Hertz)","HKW Wedel Block 2","11WD8WED15C---2K","Fossil Hard coal","11WD8WED15C---2K","01/04/2026 00:00 - 01/04/2026 01:00","72.25",""
"01/04/2026 00:00 - 02/04/2026 00:00","CTA|DE(50Hertz)","HKW Wedel Block 2","11WD8WED15C---2K","Fossil Hard coal","11WD8WED15C---2K","01/04/2026 01:00 - 01/04/2026 02:00","70.75",""
"01/04/2026 00:00 - 02/04/2026 00:00","CTA|DE(50Hertz)","HKW Wedel Block 2","11WD8WED15C---2K","Fossil Hard coal","11WD8WED15C---2K","01/04/2026 02:00 - 01/04/2026 03:00","70.00",""
"01/04/2026 00:00 - 02/04/2026 00:00","CTA|DE(50Hertz)","HKW Wedel Block 2","11WD8WED15C---2K","Fossil Hard coal","11WD8WED15C---2K","01/04/2026 03:00 - 01/04/2026 04:00","70.00",""
"01/04/2026 00:00 - 02/04/2026 00:00","CTA|DE(50Hertz)","HKW Wedel Block 2","11WD8WED15C---2K","Fossil Hard coal","11WD8WED15C---2K","01/04/2026 04:00 - 01/04/2026 05:00","71.00",""
"01/04/2026 00:00 - 02/04/2026 00:00","CTA|DE(50Hertz)","HKW Wedel Block 2","11WD8WED15C---2K","Fossil Hard coal","11WD8WED15C---2K","01/04/2026 05:00 - 01/04/2026 06:00","71.25",""
"01/04/2026 00:00 - 02/04/2026 00:00","CTA|DE(50Hertz)","HKW Wedel Block 2","11WD8WED15C---2K","Fossil Hard coal","11WD8WED15C---2K","01/04/2026 06:00 - 01/04/2026 07:00","71.00",""
"01/04/2026 00:00 - 02/04/2026 00:00","CTA|DE(50Hertz)","HKW Wedel Block 2","11WD8WED15C---2K","Fossil Hard coal","11WD8WED15C---2K","01/04/2026 07:00 - 01/04/2026 08:00","71.25",""
"01/04/2026 00:00 - 02/04/2026 00:00","CTA|DE(50Hertz)","HKW Wedel Block 2","11WD8WED15C---2K","Fossil Hard coal","11WD8WED15C---2K","01/04/2026 08:00 - 01/04/2026 09:00","71.50",""
"01/04/2026 00:00 - 02/04/2026 00:00","CTA|DE(50Hertz)","HKW Wedel Block 2","11WD8WED15C---2K","Fossil Hard coal","11WD8WED15C---2K","01/04/2026 09:00 - 01/04/2026 10:00","72.75",""
"01/04/2026 00:00 - 02/04/2026 00:00","CTA|DE(50Hertz)","HKW Wedel Block 2","11WD8WED15C---2K","Fossil Hard coal","11WD8WED15C---2K","01/04/2026 10:00 - 01/04/2026 11:00","73.00",""
"01/04/2026 00:00 - 02/04/2026 00:00","CTA|DE(50Hertz)","HKW Wedel Block 2","11WD8WED15C---2K","Fossil Hard coal","11WD8WED15C---2K","01/04/2026 11:00 - 01/04/2026 12:00","67.00",""
"01/04/2026 00:00 - 02/04/2026 00:00","CTA|DE(50Hertz)","HKW Wedel Block 2","11WD8WED15C---2K","Fossil Hard coal","11WD8WED15C---2K","01/04/2026 12:00 - 01/04/2026 13:00","45.25",""
"01/04/2026 00:00 - 02/04/2026 00:00","CTA|DE(50Hertz)","HKW Wedel Block 2","11WD8WED15C---2K","Fossil Hard coal","11WD8WED15C---2K","01/04/2026 13:00 - 01/04/2026 14:00","40.75",""
"01/04/2026 00:00 - 02/04/2026 00:00","CTA|DE(50Hertz)","HKW Wedel Block 2","11WD8WED15C---2K","Fossil Hard coal","11WD8WED15C---2K","01/04/2026 14:00 - 01/04/2026 15:00","40.25",""
"01/04/2026 00:00 - 02/04/2026 00:00","CTA|DE(50Hertz)","HKW Wedel Block 2","11WD8WED15C---2K","Fossil Hard coal","11WD8WED15C---2K","01/04/2026 15:00 - 01/04/2026 16:00","40.00",""
"01/04/2026 00:00 - 02/04/2026 00:00","CTA|DE(50Hertz)","HKW Wedel Block 2","11WD8WED15C---2K","Fossil Hard coal","11WD8WED15C---2K","01/04/2026 16:00 - 01/04/2026 17:00","62.75",""
"01/04/2026 00:00 - 02/04/2026 00:00","CTA|DE(50Hertz)","HKW Wedel Block 2","11WD8WED15C---2K","Fossil Hard coal","11WD8WED15C---2K","01/04/2026 17:00 - 01/04/2026 18:00","80.25",""
"01/04/2026 00:00 - 02/04/2026 00:00","CTA|DE(50Hertz)","HKW Wedel Block 2","11WD8WED15C---2K","Fossil Hard coal","11WD8WED15C---2K","01/04/2026 18:00 - 01/04/2026 19:00","82.50",""
"01/04/2026 00:00 - 02/04/2026 00:00","CTA|DE(50Hertz)","HKW Wedel Block 2","11WD8WED15C---2K","Fossil Hard coal","11WD8WED15C---2K","01/04/2026 19:00 - 01/04/2026 20:00","79.25",""
"01/04/2026 00:00 - 02/04/2026 00:00","CTA|DE(50Hertz)","HKW Wedel Block 2","11WD8WED15C---2K","Fossil Hard coal","11WD8WED15C---2K","01/04/2026 20:00 - 01/04/2026 21:00","76.00",""
"01/04/2026 00:00 - 02/04/2026 00:00","CTA|DE(50Hertz)","HKW Wedel Block 2","11WD8WED15C---2K","Fossil Hard coal","11WD8WED15C---2K","01/04/2026 21:00 - 01/04/2026 22:00","76.00",""
"01/04/2026 00:00 - 02/04/2026 00:00","CTA|DE(50Hertz)","HKW Wedel Block 2","11WD8WED15C---2K","Fossil Hard coal","11WD8WED15C---2K","01/04/2026 22:00 - 01/04/2026 23:00","76.00",""
"01/04/2026 00:00 - 02/04/2026 00:00","CTA|DE(50Hertz)","HKW Wedel Block 2","11WD8WED15C---2K","Fossil Hard coal","11WD8WED15C---2K","01/04/2026 23:00 - 02/04/2026 00:00","75.25",""
"01/04/2026 00:00 - 02/04/2026 00:00","CTA|DE(TenneT GER)","Sued GuD1 GT11","11W0-0000-0241-V","Fossil Gas","11W0-0000-0241-V","01/04/2026 00:00 - 01/04/2026 01:00","n/e","n/e"
"01/04/2026 00:00 - 02/04/2026 00:00","CTA|DE(TenneT GER)","Sued GuD1 GT11","11W0-0000-0241-V","Fossil Gas","11W0-0000-0241-V","01/04/2026 01:00 - 01/04/2026 02:00","n/e","n/e"
"01/04/2026 00:00 - 02/04/2026 00:00","CTA|DE(TenneT GER)","Sued GuD1 GT11","11W0-0000-0241-V","Fossil Gas","11W0-0000-0241-V","01/04/2026 02:00 - 01/04/2026 03:00","n/e","n/e"
"01/04/2026 00:00 - 02/04/2026 00:00","CTA|DE(TenneT GER)","Sued GuD1 GT11","11W0-0000-0241-V","Fossil Gas","11W0-0000-0241-V","01/04/2026 03:00 - 01/04/2026 04:00","n/e","n/e"
"01/04/2026 00:00 - 02/04/2026 00:00","CTA|DE(TenneT GER)","Sued GuD1 GT11","11W0-0000-0241-V","Fossil Gas","11W0-0000-0241-V","01/04/2026 04:00 - 01/04/2026 05:00","n/e","n/e"
"01/04/2026 00:00 - 02/04/2026 00:00","CTA|DE(TenneT GER)","Sued GuD1 GT11","11W0-0000-0241-V","Fossil Gas","11W0-0000-0241-V","01/04/2026 05:00 - 01/04/2026 06:00","n/e","n/e"
"01/04/2026 00:00 - 02/04/2026 00:00","CTA|DE(TenneT GER)","Sued GuD1 GT11","11W0-0000-0241-V","Fossil Gas","11W0-0000-0241-V","01/04/2026 06:00 - 01/04/2026 07:00","n/e","n/e"
"01/04/2026 00:00 - 02/04/2026 00:00","CTA|DE(TenneT GER)","Sued GuD1 GT11","11W0-0000-0241-V","Fossil Gas","11W0-0000-0241-V","01/04/2026 07:00 - 01/04/2026 08:00","n/e","n/e"
"01/04/2026 00:00 - 02/04/2026 00:00","CTA|DE(TenneT GER)","Sued GuD1 GT11","11W0-0000-0241-V","Fossil Gas","11W0-0000-0241-V","01/04/2026 08:00 - 01/04/2026 09:00","n/e","n/e"
"01/04/2026 00:00 - 02/04/2026 00:00","CTA|DE(TenneT GER)","Sued GuD1 GT11","11W0-0000-0241-V","Fossil Gas","11W0-0000-0241-V","01/04/2026 09:00 - 01/04/2026 10:00","n/e","n/e"
"01/04/2026 00:00 - 02/04/2026 00:00","CTA|DE(TenneT GER)","Sued GuD1 GT11","11W0-0000-0241-V","Fossil Gas","11W0-0000-0241-V","01/04/2026 10:00 - 01/04/2026 11:00","n/e","n/e"
"01/04/2026 00:00 - 02/04/2026 00:00","CTA|DE(TenneT GER)","Sued GuD1 GT11","11W0-0000-0241-V","Fossil Gas","11W0-0000-0241-V","01/04/2026 11:00 - 01/04/2026 12:00","n/e","n/e"
"01/04/2026 00:00 - 02/04/2026 00:00","CTA|DE(TenneT GER)","Sued GuD1 GT11","11W0-0000-0241-V","Fossil Gas","11W0-0000-0241-V","01/04/2026 12:00 - 01/04/2026 13:00","n/e","n/e"
"01/04/2026 00:00 - 02/04/2026 00:00","CTA|DE(TenneT GER)","Sued GuD1 GT11","11W0-0000-0241-V","Fossil Gas","11W0-0000-0241-V","01/04/2026 13:00 - 01/04/2026 14:00","n/e","n/e"
"01/04/2026 00:00 - 02/04/2026 00:00","CTA|DE(TenneT GER)","Sued GuD1 GT11","11W0-0000-0241-V","Fossil Gas","11W0-0000-0241-V","01/04/2026 14:00 - 01/04/2026 15:00","n/e","n/e"
"01/04/2026 00:00 - 02/04/2026 00:00","CTA|DE(TenneT GER)","Sued GuD1 GT11","11W0-0000-0241-V","Fossil Gas","11W0-0000-0241-V","01/04/2026 15:00 - 01/04/2026 16:00","n/e","n/e"
"01/04/2026 00:00 - 02/04/2026 00:00","CTA|DE(TenneT GER)","Sued GuD1 GT11","11W0-0000-0241-V","Fossil Gas","11W0-0000-0241-V","01/04/2026 16:00 - 01/04/2026 17:00","n/e","n/e"
"01/04/2026 00:00 - 02/04/2026 00:00","CTA|DE(TenneT GER)","Sued GuD1 GT11","11W0-0000-0241-V","Fossil Gas","11W0-0000-0241-V","01/04/2026 17:00 - 01/04/2026 18:00","n/e","n/e"
"01/04/2026 00:00 - 02/04/2026 00:00","CTA|DE(TenneT GER)","Sued GuD1 GT11","11W0-0000-0241-V","Fossil Gas","11W0-0000-0241-V","01/04/2026 18:00 - 01/04/2026 19:00","n/e","n/e"
"01/04/2026 00:00 - 02/04/2026 00:00","CTA|DE(TenneT GER)","Sued GuD1 GT11","11W0-0000-0241-V","Fossil Gas","11W0-0000-0241-V","01/04/2026 19:00 - 01/04/2026 20:00","n/e","n/e"
"01/04/2026 00:00 - 02/04/2026 00:00","CTA|DE(TenneT GER)","Sued GuD1 GT11","11W0-0000-0241-V","Fossil Gas","11W0-0000-0241-V","01/04/2026 20:00 - 01/04/2026 21:00","n/e","n/e"
"01/04/2026 00:00 - 02/04/2026 00:00","CTA|DE(TenneT GER)","Sued GuD1 GT11","11W0-0000-0241-V","Fossil Gas","11W0-0000-0241-V","01/04/2026 21:00 - 01/04/2026 22:00","n/e","n/e"
"01/04/2026 00:00 - 02/04/2026 00:00","CTA|DE(TenneT GER)","Sued GuD1 GT11","11W0-0000-0241-V","Fossil Gas","11W0-0000-0241-V","01/04/2026 22:00 - 01/04/2026 23:00","n/e","n/e"
"01/04/2026 00:00 - 02/04/2026 00:00","CTA|DE(TenneT GER)","Sued GuD1 GT11","11W0-0000-0241-V","Fossil Gas","11W0-0000-0241-V","01/04/2026 23:00 - 02/04/2026 00:00","n/e","n/e"
"01/04/2026 00:00 - 02/04/2026 00:00","CTA|DE(Amprion)","RUHRORT-2","11WD7BEEC5XRUH2I","Fossil Coal-derived gas","11WD7BEEC5XRUH2I","01/04/2026 00:00 - 01/04/2026 01:00","n/e","n/e"
"01/04/2026 00:00 - 02/04/2026 00:00","CTA|DE(Amprion)","RUHRORT-2","11WD7BEEC5XRUH2I","Fossil Coal-derived gas","11WD7BEEC5XRUH2I","01/04/2026 01:00 - 01/04/2026 02:00","n/e","n/e"
"01/04/2026 00:00 - 02/04/2026 00:00","CTA|DE(Amprion)","RUHRORT-2","11WD7BEEC5XRUH2I","Fossil Coal-derived gas","11WD7BEEC5XRUH2I","01/04/2026 02:00 - 01/04/2026 03:00","n/e","n/e"
"01/04/2026 00:00 - 02/04/2026 00:00","CTA|DE(Amprion)","RUHRORT-2","11WD7BEEC5XRUH2I","Fossil Coal-derived gas","11WD7BEEC5XRUH2I","01/04/2026 03:00 - 01/04/2026 04:00","n/e","n/e"
"01/04/2026 00:00 - 02/04/2026 00:00","CTA|DE(Amprion)","RUHRORT-2","11WD7BEEC5XRUH2I","Fossil Coal-derived gas","11WD7BEEC5XRUH2I","01/04/2026 04:00 - 01/04/2026 05:00","n/e","n/e"
"01/04/2026 00:00 - 02/04/2026 00:00","CTA|DE(Amprion)","RUHRORT-2","11WD7BEEC5XRUH2I","Fossil Coal-derived gas","11WD7BEEC5XRUH2I","01/04/2026 05:00 - 01/04/2026 06:00","n/e","n/e"
"01/04/2026 00:00 - 02/04/2026 00:00","CTA|DE(Amprion)","RUHRORT-2","11WD7BEEC5XRUH2I","Fossil Coal-derived gas","11WD7BEEC5XRUH2I","01/04/2026 06:00 - 01/04/2026 07:00","n/e","n/e"
"01/04/2026 00:00 - 02/04/2026 00:00","CTA|DE(Amprion)","RUHRORT-2","11WD7BEEC5XRUH2I","Fossil Coal-derived gas","11WD7BEEC5XRUH2I","01/04/2026 07:00 - 01/04/2026 08:00","n/e","n/e"
"01/04/2026 00:00 - 02/04/2026 00:00","CTA|DE(Amprion)","RUHRORT-2","11WD7BEEC5XRUH2I","Fossil Coal-derived gas","11WD7BEEC5XRUH2I","01/04/2026 08:00 - 01/04/2026 09:00","n/e","n/e"
"01/04/2026 00:00 - 02/04/2026 00:00","CTA|DE(Amprion)","RUHRORT-2","11WD7BEEC5XRUH2I","Fossil Coal-derived gas","11WD7BEEC5XRUH2I","01/04/2026 09:00 - 01/04/2026 10:00","n/e","n/e"
"01/04/2026 00:00 - 02/04/2026 00:00","CTA|DE(Amprion)","RUHRORT-2","11WD7BEEC5XRUH2I","Fossil Coal-derived gas","11WD7BEEC5XRUH2I","01/04/2026 10:00 - 01/04/2026 11:00","n/e","n/e"
"01/04/2026 00:00 - 02/04/2026 00:00","CTA|DE(Amprion)","RUHRORT-2","11WD7BEEC5XRUH2I","Fossil Coal-derived gas","11WD7BEEC5XRUH2I","01/04/2026 11:00 - 01/04/2026 12:00","n/e","n/e"
"01/04/2026 00:00 - 02/04/2026 00:00","CTA|DE(Amprion)","RUHRORT-2","11WD7BEEC5XRUH2I","Fossil Coal-derived gas","11WD7BEEC5XRUH2I","01/04/2026 12:00 - 01/04/2026 13:00","n/e","n/e"
"01/04/2026 00:00 - 02/04/2026 00:00","CTA|DE(Amprion)","RUHRORT-2","11WD7BEEC5XRUH2I","Fossil Coal-derived gas","11WD7BEEC5XRUH2I","01/04/2026 13:00 - 01/04/2026 14:00","n/e","n/e"
"01/04/2026 00:00 - 02/04/2026 00:00","CTA|DE(Amprion)","RUHRORT-2","11WD7BEEC5XRUH2I","Fossil Coal-derived gas","11WD7BEEC5XRUH2I","01/04/2026 14:00 - 01/04/2026 15:00","n/e","n/e"
"01/04/2026 00:00 - 02/04/2026 00:00","CTA|DE(Amprion)","RUHRORT-2","11WD7BEEC5XRUH2I","Fossil Coal-derived gas","11WD7BEEC5XRUH2I","01/04/2026 15:00 - 01/04/2026 16:00","n/e","n/e"
"01/04/2026 00:00 - 02/04/2026 00:00","CTA|DE(Amprion)","RUHRORT-2","11WD7BEEC5XRUH2I","Fossil Coal-derived gas","11WD7BEEC5XRUH2I","01/04/2026 16:00 - 01/04/2026 17:00","n/e","n/e"
"01/04/2026 00:00 - 02/04/2026 00:00","CTA|DE(Amprion)","RUHRORT-2","11WD7BEEC5XRUH2I","Fossil Coal-derived gas","11WD7BEEC5XRUH2I","01/04/2026 17:00 - 01/04/2026 18:00","n/e","n/e"
"01/04/2026 00:00 - 02/04/2026 00:00","CTA|DE(Amprion)","RUHRORT-2","11WD7BEEC5XRUH2I","Fossil Coal-derived gas","11WD7BEEC5XRUH2I","01/04/2026 18:00 - 01/04/2026 19:00","n/e","n/e"
"01/04/2026 00:00 - 02/04/2026 00:00","CTA|DE(Amprion)","RUHRORT-2","11WD7BEEC5XRUH2I","Fossil Coal-derived gas","11WD7BEEC5XRUH2I","01/04/2026 19:00 - 01/04/2026 20:00","n/e","n/e"
"01/04/2026 00:00 - 02/04/2026 00:00","CTA|DE(Amprion)","RUHRORT-2","11WD7BEEC5XRUH2I","Fossil Coal-derived gas","11WD7BEEC5XRUH2I","01/04/2026 20:00 - 01/04/2026 21:00","n/e","n/e"
"01/04/2026 00:00 - 02/04/2026 00:00","CTA|DE(Amprion)","RUHRORT-2","11WD7BEEC5XRUH2I","Fossil Coal-derived gas","11WD7BEEC5XRUH2I","01/04/2026 21:00 - 01/04/2026 22:00","n/e","n/e"
"01/04/2026 00:00 - 02/04/2026 00:00","CTA|DE(Amprion)","RUHRORT-2","11WD7BEEC5XRUH2I","Fossil Coal-derived gas","11WD7BEEC5XRUH2I","01/04/2026 22:00 - 01/04/2026 23:00","n/e","n/e"
"01/04/2026 00:00 - 02/04/2026 00:00","CTA|DE(Amprion)","RUHRORT-2","11WD7BEEC5XRUH2I","Fossil Coal-derived gas","11WD7BEEC5XRUH2I","01/04/2026 23:00 - 02/04/2026 00:00","n/e","n/e"
"01/04/2026 00:00 - 02/04/2026 00:00","CTA|DE(Amprion)","RUHRORT-3","11WD7BEEC5XRUH3G","Fossil Coal-derived gas","11WD7BEEC5XRUH3G","01/04/2026 00:00 - 01/04/2026 01:00","n/e","n/e"
"01/04/2026 00:00 - 02/04/2026 00:00","CTA|DE(Amprion)","RUHRORT-3","11WD7BEEC5XRUH3G","Fossil Coal-derived gas","11WD7BEEC5XRUH3G","01/04/2026 01:00 - 01/04/2026 02:00","n/e","n/e"
"01/04/2026 00:00 - 02/04/2026 00:00","CTA|DE(Amprion)","RUHRORT-3","11WD7BEEC5XRUH3G","Fossil Coal-derived gas","11WD7BEEC5XRUH3G","01/04/2026 02:00 - 01/04/2026 03:00","n/e","n/e"
"01/04/2026 00:00 - 02/04/2026 00:00","CTA|DE(Amprion)","RUHRORT-3","11WD7BEEC5XRUH3G","Fossil Coal-derived gas","11WD7BEEC5XRUH3G","01/04/2026 03:00 - 01/04/2026 04:00","n/e","n/e"
"01/04/2026 00:00 - 02/04/2026 00:00","CTA|DE(Amprion)","RUHRORT-3","11WD7BEEC5XRUH3G","Fossil Coal-derived gas","11WD7BEEC5XRUH3G","01/04/2026 04:00 - 01/04/2026 05:00","n/e","n/e"
"01/04/2026 00:00 - 02/04/2026 00:00","CTA|DE(Amprion)","RUHRORT-3","11WD7BEEC5XRUH3G","Fossil Coal-derived gas","11WD7BEEC5XRUH3G","01/04/2026 05:00 - 01/04/2026 06:00","n/e","n/e"
"01/04/2026 00:00 - 02/04/2026 00:00","CTA|DE(Amprion)","RUHRORT-3","11WD7BEEC5XRUH3G","Fossil Coal-derived gas","11WD7BEEC5XRUH3G","01/04/2026 06:00 - 01/04/2026 07:00","n/e","n/e"
"01/04/2026 00:00 - 02/04/2026 00:00","CTA|DE(Amprion)","RUHRORT-3","11WD7BEEC5XRUH3G","Fossil Coal-derived gas","11WD7BEEC5XRUH3G","01/04/2026 07:00 - 01/04/2026 08:00","n/e","n/e"
"01/04/2026 00:00 - 02/04/2026 00:00","CTA|DE(Amprion)","RUHRORT-3","11WD7BEEC5XRUH3G","Fossil Coal-derived gas","11WD7BEEC5XRUH3G","01/04/2026 08:00 - 01/04/2026 09:00","n/e","n/e"
"01/04/2026 00:00 - 02/04/2026 00:00","CTA|DE(Amprion)","RUHRORT-3","11WD7BEEC5XRUH3G","Fossil Coal-derived gas","11WD7BEEC5XRUH3G","01/04/2026 09:00 - 01/04/2026 10:00","n/e","n/e"
"01/04/2026 00:00 - 02/04/2026 00:00","CTA|DE(Amprion)","RUHRORT-3","11WD7BEEC5XRUH3G","Fossil Coal-derived gas","11WD7BEEC5XRUH3G","01/04/2026 10:00 - 01/04/2026 11:00","n/e","n/e"
"01/04/2026 00:00 - 02/04/2026 00:00","CTA|DE(Amprion)","RUHRORT-3","11WD7BEEC5XRUH3G","Fossil Coal-derived gas","11WD7BEEC5XRUH3G","01/04/2026 11:00 - 01/04/2026 12:00","n/e","n/e"
"01/04/2026 00:00 - 02/04/2026 00:00","CTA|DE(Amprion)","RUHRORT-3","11WD7BEEC5XRUH3G","Fossil Coal-derived gas","11WD7BEEC5XRUH3G","01/04/2026 12:00 - 01/04/2026 13:00","n/e","n/e"
"01/04/2026 00:00 - 02/04/2026 00:00","CTA|DE(Amprion)","RUHRORT-3","11WD7BEEC5XRUH3G","Fossil Coal-derived gas","11WD7BEEC5XRUH3G","01/04/2026 13:00 - 01/04/2026 14:00","n/e","n/e"
"01/04/2026 00:00 - 02/04/2026 00:00","CTA|DE(Amprion)","RUHRORT-3","11WD7BEEC5XRUH3G","Fossil Coal-derived gas","11WD7BEEC5XRUH3G","01/04/2026 14:00 - 01/04/2026 15:00","n/e","n/e"
"01/04/2026 00:00 - 02/04/2026 00:00","CTA|DE(Amprion)","RUHRORT-3","11WD7BEEC5XRUH3G","Fossil Coal-derived gas","11WD7BEEC5XRUH3G","01/04/2026 15:00 - 01/04/2026 16:00","n/e","n/e"
"01/04/2026 00:00 - 02/04/2026 00:00","CTA|DE(Amprion)","RUHRORT-3","11WD7BEEC5XRUH3G","Fossil Coal-derived gas","11WD7BEEC5XRUH3G","01/04/2026 16:00 - 01/04/2026 17:00","n/e","n/e"
"01/04/2026 00:00 - 02/04/2026 00:00","CTA|DE(Amprion)","RUHRORT-3","11WD7BEEC5XRUH3G","Fossil Coal-derived gas","11WD7BEEC5XRUH3G","01/04/2026 17:00 - 01/04/2026 18:00","n/e","n/e"
"01/04/2026 00:00 - 02/04/2026 00:00","CTA|DE(Amprion)","RUHRORT-3","11WD7BEEC5XRUH3G","Fossil Coal-derived gas","11WD7BEEC5XRUH3G","01/04/2026 18:00 - 01/04/2026 19:00","n/e","n/e"
"01/04/2026 00:00 - 02/04/2026 00:00","CTA|DE(Amprion)","RUHRORT-3","11WD7BEEC5XRUH3G","Fossil Coal-derived gas","11WD7BEEC5XRUH3G","01/04/2026 19:00 - 01/04/2026 20:00","n/e","n/e"
"01/04/2026 00:00 - 02/04/2026 00:00","CTA|DE(Amprion)","RUHRORT-3","11WD7BEEC5XRUH3G","Fossil Coal-derived gas","11WD7BEEC5XRUH3G","01/04/2026 20:00 - 01/04/2026 21:00","n/e","n/e"
"01/04/2026 00:00 - 02/04/2026 00:00","CTA|DE(Amprion)","RUHRORT-3","11WD7BEEC5XRUH3G","Fossil Coal-derived gas","11WD7BEEC5XRUH3G","01/04/2026 21:00 - 01/04/2026 22:00","n/e","n/e"
"01/04/2026 00:00 - 02/04/2026 00:00","CTA|DE(Amprion)","RUHRORT-3","11WD7BEEC5XRUH3G","Fossil Coal-derived gas","11WD7BEEC5XRUH3G","01/04/2026 22:00 - 01/04/2026 23:00","n/e","n/e"
"01/04/2026 00:00 - 02/04/2026 00:00","CTA|DE(Amprion)","RUHRORT-3","11WD7BEEC5XRUH3G","Fossil Coal-derived gas","11WD7BEEC5XRUH3G","01/04/2026 23:00 - 02/04/2026 00:00","n/e","n/e"
"01/04/2026 00:00 - 02/04/2026 00:00","CTA|DE(Amprion)","ROENKHAUSEN_PSW1","11WD7GARE5XPSW1U","Hydro Pumped Storage","11WD7GARE5XPSW1U","01/04/2026 00:00 - 01/04/2026 01:00","n/e","n/e"
"01/04/2026 00:00 - 02/04/2026 00:00","CTA|DE(Amprion)","ROENKHAUSEN_PSW1","11WD7GARE5XPSW1U","Hydro Pumped Storage","11WD7GARE5XPSW1U","01/04/2026 01:00 - 01/04/2026 02:00","n/e","n/e"
"01/04/2026 00:00 - 02/04/2026 00:00","CTA|DE(Amprion)","ROENKHAUSEN_PSW1","11WD7GARE5XPSW1U","Hydro Pumped Storage","11WD7GARE5XPSW1U","01/04/2026 02:00 - 01/04/2026 03:00","n/e","n/e"
"01/04/2026 00:00 - 02/04/2026 00:00","CTA|DE(Amprion)","ROENKHAUSEN_PSW1","11WD7GARE5XPSW1U","Hydro Pumped Storage","11WD7GARE5XPSW1U","01/04/2026 03:00 - 01/04/2026 04:00","n/e","n/e"
"01/04/2026 00:00 - 02/04/2026 00:00","CTA|DE(Amprion)","ROENKHAUSEN_PSW1","11WD7GARE5XPSW1U","Hydro Pumped Storage","11WD7GARE5XPSW1U","01/04/2026 04:00 - 01/04/2026 05:00","n/e","n/e"
"01/04/2026 00:00 - 02/04/2026 00:00","CTA|DE(Amprion)","ROENKHAUSEN_PSW1","11WD7GARE5XPSW1U","Hydro Pumped Storage","11WD7GARE5XPSW1U","01/04/2026 05:00 - 01/04/2026 06:00","n/e","n/e"
"01/04/2026 00:00 - 02/04/2026 00:00","CTA|DE(Amprion)","ROENKHAUSEN_PSW1","11WD7GARE5XPSW1U","Hydro Pumped Storage","11WD7GARE5XPSW1U","01/04/2026 06:00 - 01/04/2026 07:00","n/e","n/e"
"01/04/2026 00:00 - 02/04/2026 00:00","CTA|DE(Amprion)","ROENKHAUSEN_PSW1","11WD7GARE5XPSW1U","Hydro Pumped Storage","11WD7GARE5XPSW1U","01/04/2026 07:00 - 01/04/2026 08:00","n/e","n/e"
"01/04/2026 00:00 - 02/04/2026 00:00","CTA|DE(Amprion)","ROENKHAUSEN_PSW1","11WD7GARE5XPSW1U","Hydro Pumped Storage","11WD7GARE5XPSW1U","01/04/2026 08:00 - 01/04/2026 09:00","n/e","n/e"
"01/04/2026 00:00 - 02/04/2026 00:00","CTA|DE(Amprion)","ROENKHAUSEN_PSW1","11WD7GARE5XPSW1U","Hydro Pumped Storage","11WD7GARE5XPSW1U","01/04/2026 09:00 - 01/04/2026 10:00","n/e","n/e"
"01/04/2026 00:00 - 02/04/2026 00:00","CTA|DE(Amprion)","ROENKHAUSEN_PSW1","11WD7GARE5XPSW1U","Hydro Pumped Storage","11WD7GARE5XPSW1U","01/04/2026 10:00 - 01/04/2026 11:00","n/e","n/e"
"01/04/2026 00:00 - 02/04/2026 00:00","CTA|DE(Amprion)","ROENKHAUSEN_PSW1","11WD7GARE5XPSW1U","Hydro Pumped Storage","11WD7GARE5XPSW1U","01/04/2026 11:00 - 01/04/2026 12:00","n/e","n/e"
"01/04/2026 00:00 - 02/04/2026 00:00","CTA|DE(Amprion)","ROENKHAUSEN_PSW1","11WD7GARE5XPSW1U","Hydro Pumped Storage","11WD7GARE5XPSW1U","01/04/2026 12:00 - 01/04/2026 13:00","n/e","n/e"
"01/04/2026 00:00 - 02/04/2026 00:00","CTA|DE(Amprion)","ROENKHAUSEN_PSW1","11WD7GARE5XPSW1U","Hydro Pumped Storage","11WD7GARE5XPSW1U","01/04/2026 13:00 - 01/04/2026 14:00","n/e","n/e"
"01/04/2026 00:00 - 02/04/2026 00:00","CTA|DE(Amprion)","ROENKHAUSEN_PSW1","11WD7GARE5XPSW1U","Hydro Pumped Storage","11WD7GARE5XPSW1U","01/04/2026 14:00 - 01/04/2026 15:00","n/e","n/e"
"01/04/2026 00:00 - 02/04/2026 00:00","CTA|DE(Amprion)","ROENKHAUSEN_PSW1","11WD7GARE5XPSW1U","Hydro Pumped Storage","11WD7GARE5XPSW1U","01/04/2026 15:00 - 01/04/2026 16:00","n/e","n/e"
"01/04/2026 00:00 - 02/04/2026 00:00","CTA|DE(Amprion)","ROENKHAUSEN_PSW1","11WD7GARE5XPSW1U","Hydro Pumped Storage","11WD7GARE5XPSW1U","01/04/2026 16:00 - 01/04/2026 17:00","n/e","n/e"
"01/04/2026 00:00 - 02/04/2026 00:00","CTA|DE(Amprion)","ROENKHAUSEN_PSW1","11WD7GARE5XPSW1U","Hydro Pumped Storage","11WD7GARE5XPSW1U","01/04/2026 17:00 - 01/04/2026 18:00","n/e","n/e"
"01/04/2026 00:00 - 02/04/2026 00:00","CTA|DE(Amprion)","ROENKHAUSEN_PSW1","11WD7GARE5XPSW1U","Hydro Pumped Storage","11WD7GARE5XPSW1U","01/04/2026 18:00 - 01/04/2026 19:00","n/e","n/e"
"01/04/2026 00:00 - 02/04/2026 00:00","CTA|DE(Amprion)","ROENKHAUSEN_PSW1","11WD7GARE5XPSW1U","Hydro Pumped Storage","11WD7GARE5XPSW1U","01/04/2026 19:00 - 01/04/2026 20:00","n/e","n/e"
"01/04/2026 00:00 - 02/04/2026 00:00","CTA|DE(Amprion)","ROENKHAUSEN_PSW1","11WD7GARE5XPSW1U","Hydro Pumped Storage","11WD7GARE5XPSW1U","01/04/2026 20:00 - 01/04/2026 21:00","n/e","n/e"
"01/04/2026 00:00 - 02/04/2026 00:00","CTA|DE(Amprion)","ROENKHAUSEN_PSW1","11WD7GARE5XPSW1U","Hydro Pumped Storage","11WD7GARE5XPSW1U","01/04/2026 21:00 - 01/04/2026 22:00","n/e","n/e"
"01/04/2026 00:00 - 02/04/2026 00:00","CTA|DE(Amprion)","ROENKHAUSEN_PSW1","11WD7GARE5XPSW1U","Hydro Pumped Storage","11WD7GARE5XPSW1U","01/04/2026 22:00 - 01/04/2026 23:00","n/e","n/e"
"01/04/2026 00:00 - 02/04/2026 00:00","CTA|DE(Amprion)","ROENKHAUSEN_PSW1","11WD7GARE5XPSW1U","Hydro Pumped Storage","11WD7GARE5XPSW1U","01/04/2026 23:00 - 02/04/2026 00:00","n/e","n/e"
"01/04/2026 00:00 - 02/04/2026 00:00","CTA|DE(Amprion)","ROENKHAUSEN_PSW2","11WD7GARE5XPSW2S","Hydro Pumped Storage","11WD7GARE5XPSW2S","01/04/2026 00:00 - 01/04/2026 01:00","n/e","n/e"
"01/04/2026 00:00 - 02/04/2026 00:00","CTA|DE(Amprion)","ROENKHAUSEN_PSW2","11WD7GARE5XPSW2S","Hydro Pumped Storage","11WD7GARE5XPSW2S","01/04/2026 01:00 - 01/04/2026 02:00","n/e","n/e"
"01/04/2026 00:00 - 02/04/2026 00:00","CTA|DE(Amprion)","ROENKHAUSEN_PSW2","11WD7GARE5XPSW2S","Hydro Pumped Storage","11WD7GARE5XPSW2S","01/04/2026 02:00 - 01/04/2026 03:00","n/e","n/e"
"01/04/2026 00:00 - 02/04/2026 00:00","CTA|DE(Amprion)","ROENKHAUSEN_PSW2","11WD7GARE5XPSW2S","Hydro Pumped Storage","11WD7GARE5XPSW2S","01/04/2026 03:00 - 01/04/2026 04:00","n/e","n/e"
"01/04/2026 00:00 - 02/04/2026 00:00","CTA|DE(Amprion)","ROENKHAUSEN_PSW2","11WD7GARE5XPSW2S","Hydro Pumped Storage","11WD7GARE5XPSW2S","01/04/2026 04:00 - 01/04/2026 05:00","n/e","n/e"
"01/04/2026 00:00 - 02/04/2026 00:00","CTA|DE(Amprion)","ROENKHAUSEN_PSW2","11WD7GARE5XPSW2S","Hydro Pumped Storage","11WD7GARE5XPSW2S","01/04/2026 05:00 - 01/04/2026 06:00","n/e","n/e"
"01/04/2026 00:00 - 02/04/2026 00:00","CTA|DE(Amprion)","ROENKHAUSEN_PSW2","11WD7GARE5XPSW2S","Hydro Pumped Storage","11WD7GARE5XPSW2S","01/04/2026 06:00 - 01/04/2026 07:00","n/e","n/e"
"01/04/2026 00:00 - 02/04/2026 00:00","CTA|DE(Amprion)","ROENKHAUSEN_PSW2","11WD7GARE5XPSW2S","Hydro Pumped Storage","11WD7GARE5XPSW2S","01/04/2026 07:00 - 01/04/2026 08:00","n/e","n/e"
"01/04/2026 00:00 - 02/04/2026 00:00","CTA|DE(Amprion)","ROENKHAUSEN_PSW2","11WD7GARE5XPSW2S","Hydro Pumped Storage","11WD7GARE5XPSW2S","01/04/2026 08:00 - 01/04/2026 09:00","n/e","n/e"
"01/04/2026 00:00 - 02/04/2026 00:00","CTA|DE(Amprion)","ROENKHAUSEN_PSW2","11WD7GARE5XPSW2S","Hydro Pumped Storage","11WD7GARE5XPSW2S","01/04/2026 09:00 - 01/04/2026 10:00","n/e","n/e"
"01/04/2026 00:00 - 02/04/2026 00:00","CTA|DE(Amprion)","ROENKHAUSEN_PSW2","11WD7GARE5XPSW2S","Hydro Pumped Storage","11WD7GARE5XPSW2S","01/04/2026 10:00 - 01/04/2026 11:00","n/e","n/e"
"01/04/2026 00:00 - 02/04/2026 00:00","CTA|DE(Amprion)","ROENKHAUSEN_PSW2","11WD7GARE5XPSW2S","Hydro Pumped Storage","11WD7GARE5XPSW2S","01/04/2026 11:00 - 01/04/2026 12:00","n/e","n/e"
"01/04/2026 00:00 - 02/04/2026 00:00","CTA|DE(Amprion)","ROENKHAUSEN_PSW2","11WD7GARE5XPSW2S","Hydro Pumped Storage","11WD7GARE5XPSW2S","01/04/2026 12:00 - 01/04/2026 13:00","n/e","n/e"
"01/04/2026 00:00 - 02/04/2026 00:00","CTA|DE(Amprion)","ROENKHAUSEN_PSW2","11WD7GARE5XPSW2S","Hydro Pumped Storage","11WD7GARE5XPSW2S","01/04/2026 13:00 - 01/04/2026 14:00","n/e","n/e"
"01/04/2026 00:00 - 02/04/2026 00:00","CTA|DE(Amprion)","ROENKHAUSEN_PSW2","11WD7GARE5XPSW2S","Hydro Pumped Storage","11WD7GARE5XPSW2S","01/04/2026 14:00 - 01/04/2026 15:00","n/e","n/e"
"01/04/2026 00:00 - 02/04/2026 00:00","CTA|DE(Amprion)","ROENKHAUSEN_PSW2","11WD7GARE5XPSW2S","Hydro Pumped Storage","11WD7GARE5XPSW2S","01/04/2026 15:00 - 01/04/2026 16:00","n/e","n/e"
"01/04/2026 00:00 - 02/04/2026 00:00","CTA|DE(Amprion)","ROENKHAUSEN_PSW2","11WD7GARE5XPSW2S","Hydro Pumped Storage","11WD7GARE5XPSW2S","01/04/2026 16:00 - 01/04/2026 17:00","n/e","n/e"
"01/04/2026 00:00 - 02/04/2026 00:00","CTA|DE(Amprion)","ROENKHAUSEN_PSW2","11WD7GARE5XPSW2S","Hydro Pumped Storage","11WD7GARE5XPSW2S","01/04/2026 17:00 - 01/04/2026 18:00","n/e","n/e"
"01/04/2026 00:00 - 02/04/2026 00:00","CTA|DE(Amprion)","ROENKHAUSEN_PSW2","11WD7GARE5XPSW2S","Hydro Pumped Storage","11WD7GARE5XPSW2S","01/04/2026 18:00 - 01/04/2026 19:00","n/e","n/e"
"01/04/2026 00:00 - 02/04/2026 00:00","CTA|DE(Amprion)","ROENKHAUSEN_PSW2","11WD7GARE5XPSW2S","Hydro Pumped Storage","11WD7GARE5XPSW2S","01/04/2026 19:00 - 01/04/2026 20:00","n/e","n/e"
"01/04/2026 00:00 - 02/04/2026 00:00","CTA|DE(Amprion)","ROENKHAUSEN_PSW2","11WD7GARE5XPSW2S","Hydro Pumped Storage","11WD7GARE5XPSW2S","01/04/2026 20:00 - 01/04/2026 21:00","n/e","n/e"
"01/04/2026 00:00 - 02/04/2026 00:00","CTA|DE(Amprion)","ROENKHAUSEN_PSW2","11WD7GARE5XPSW2S","Hydro Pumped Storage","11WD7GARE5XPSW2S","01/04/2026 21:00 - 01/04/2026 22:00","n/e","n/e"
"01/04/2026 00:00 - 02/04/2026 00:00","CTA|DE(Amprion)","ROENKHAUSEN_PSW2","11WD7GARE5XPSW2S","Hydro Pumped Storage","11WD7GARE5XPSW2S","01/04/2026 22:00 - 01/04/2026 23:00","n/e","n/e"
"01/04/2026 00:00 - 02/04/2026 00:00","CTA|DE(Amprion)","ROENKHAUSEN_PSW2","11WD7GARE5XPSW2S","Hydro Pumped Storage","11WD7GARE5XPSW2S","01/04/2026 23:00 - 02/04/2026 00:00","n/e","n/e"
"01/04/2026 00:00 - 02/04/2026 00:00","CTA|DE(TransnetBW)","HKW Heilbronn Block 7","11WD4HLBR1C7---4","Fossil Hard coal","11WD4HLBR1C7---4","01/04/2026 00:00 - 01/04/2026 01:00","N/A","N/A"
"01/04/2026 00:00 - 02/04/2026 00:00","CTA|DE(TransnetBW)","HKW Heilbronn Block 7","11WD4HLBR1C7---4","Fossil Hard coal","11WD4HLBR1C7---4","01/04/2026 01:00 - 01/04/2026 02:00","N/A","N/A"
"01/04/2026 00:00 - 02/04/2026 00:00","CTA|DE(TransnetBW)","HKW Heilbronn Block 7","11WD4HLBR1C7---4","Fossil Hard coal","11WD4HLBR1C7---4","01/04/2026 02:00 - 01/04/2026 03:00","N/A","N/A"
"01/04/2026 00:00 - 02/04/2026 00:00","CTA|DE(TransnetBW)","HKW Heilbronn Block 7","11WD4HLBR1C7---4","Fossil Hard coal","11WD4HLBR1C7---4","01/04/2026 03:00 - 01/04/2026 04:00","N/A","N/A"
"01/04/2026 00:00 - 02/04/2026 00:00","CTA|DE(TransnetBW)","HKW Heilbronn Block 7","11WD4HLBR1C7---4","Fossil Hard coal","11WD4HLBR1C7---4","01/04/2026 04:00 - 01/04/2026 05:00","N/A","N/A"
"01/04/2026 00:00 - 02/04/2026 00:00","CTA|DE(TransnetBW)","HKW Heilbronn Block 7","11WD4HLBR1C7---4","Fossil Hard coal","11WD4HLBR1C7---4","01/04/2026 05:00 - 01/04/2026 06:00","N/A","N/A"
"01/04/2026 00:00 - 02/04/2026 00:00","CTA|DE(TransnetBW)","HKW Heilbronn Block 7","11WD4HLBR1C7---4","Fossil Hard coal","11WD4HLBR1C7---4","01/04/2026 06:00 - 01/04/2026 07:00","N/A","N/A"
"01/04/2026 00:00 - 02/04/2026 00:00","CTA|DE(TransnetBW)","HKW Heilbronn Block 7","11WD4HLBR1C7---4","Fossil Hard coal","11WD4HLBR1C7---4","01/04/2026 07:00 - 01/04/2026 08:00","N/A","N/A"
"01/04/2026 00:00 - 02/04/2026 00:00","CTA|DE(TransnetBW)","HKW Heilbronn Block 7","11WD4HLBR1C7---4","Fossil Hard coal","11WD4HLBR1C7---4","01/04/2026 08:00 - 01/04/2026 09:00","N/A","N/A"
"01/04/2026 00:00 - 02/04/2026 00:00","CTA|DE(TransnetBW)","HKW Heilbronn Block 7","11WD4HLBR1C7---4","Fossil Hard coal","11WD4HLBR1C7---4","01/04/2026 09:00 - 01/04/2026 10:00","N/A","N/A"
"01/04/2026 00:00 - 02/04/2026 00:00","CTA|DE(TransnetBW)","HKW Heilbronn Block 7","11WD4HLBR1C7---4","Fossil Hard coal","11WD4HLBR1C7---4","01/04/2026 10:00 - 01/04/2026 11:00","N/A","N/A"
"01/04/2026 00:00 - 02/04/2026 00:00","CTA|DE(TransnetBW)","HKW Heilbronn Block 7","11WD4HLBR1C7---4","Fossil Hard coal","11WD4HLBR1C7---4","01/04/2026 11:00 - 01/04/2026 12:00","N/A","N/A"
"01/04/2026 00:00 - 02/04/2026 00:00","CTA|DE(TransnetBW)","HKW Heilbronn Block 7","11WD4HLBR1C7---4","Fossil Hard coal","11WD4HLBR1C7---4","01/04/2026 12:00 - 01/04/2026 13:00","N/A","N/A"
"01/04/2026 00:00 - 02/04/2026 00:00","CTA|DE(TransnetBW)","HKW Heilbronn Block 7","11WD4HLBR1C7---4","Fossil Hard coal","11WD4HLBR1C7---4","01/04/2026 13:00 - 01/04/2026 14:00","N/A","N/A"
"01/04/2026 00:00 - 02/04/2026 00:00","CTA|DE(TransnetBW)","HKW Heilbronn Block 7","11WD4HLBR1C7---4","Fossil Hard coal","11WD4HLBR1C7---4","01/04/2026 14:00 - 01/04/2026 15:00","N/A","N/A"
"01/04/2026 00:00 - 02/04/2026 00:00","CTA|DE(TransnetBW)","HKW Heilbronn Block 7","11WD4HLBR1C7---4","Fossil Hard coal","11WD4HLBR1C7---4","01/04/2026 15:00 - 01/04/2026 16:00","N/A","N/A"
"01/04/2026 00:00 - 02/04/2026 00:00","CTA|DE(TransnetBW)","HKW Heilbronn Block 7","11WD4HLBR1C7---4","Fossil Hard coal","11WD4HLBR1C7---4","01/04/2026 16:00 - 01/04/2026 17:00","N/A","N/A"
"01/04/2026 00:00 - 02/04/2026 00:00","CTA|DE(TransnetBW)","HKW Heilbronn Block 7","11WD4HLBR1C7---4","Fossil Hard coal","11WD4HLBR1C7---4","01/04/2026 17:00 - 01/04/2026 18:00","N/A","N/A"
"01/04/2026 00:00 - 02/04/2026 00:00","CTA|DE(TransnetBW)","HKW Heilbronn Block 7","11WD4HLBR1C7---4","Fossil Hard coal","11WD4HLBR1C7---4","01/04/2026 18:00 - 01/04/2026 19:00","N/A","N/A"
"01/04/2026 00:00 - 02/04/2026 00:00","CTA|DE(TransnetBW)","HKW Heilbronn Block 7","11WD4HLBR1C7---4","Fossil Hard coal","11WD4HLBR1C7---4","01/04/2026 19:00 - 01/04/2026 20:00","N/A","N/A"
"01/04/2026 00:00 - 02/04/2026 00:00","CTA|DE(TransnetBW)","HKW Heilbronn Block 7","11WD4HLBR1C7---4","Fossil Hard coal","11WD4HLBR1C7---4","01/04/2026 20:00 - 01/04/2026 21:00","N/A","N/A"
"01/04/2026 00:00 - 02/04/2026 00:00","CTA|DE(TransnetBW)","HKW Heilbronn Block 7","11WD4HLBR1C7---4","Fossil Hard coal","11WD4HLBR1C7---4","01/04/2026 21:00 - 01/04/2026 22:00","N/A","N/A"
"01/04/2026 00:00 - 02/04/2026 00:00","CTA|DE(TransnetBW)","HKW Heilbronn Block 7","11WD4HLBR1C7---4","Fossil Hard coal","11WD4HLBR1C7---4","01/04/2026 22:00 - 01/04/2026 23:00","N/A","N/A"
"01/04/2026 00:00 - 02/04/2026 00:00","CTA|DE(TransnetBW)","HKW Heilbronn Block 7","11WD4HLBR1C7---4","Fossil Hard coal","11WD4HLBR1C7---4","01/04/2026 23:00 - 02/04/2026 00:00","N/A","N/A"
"01/04/2026 00:00 - 02/04/2026 00:00","CTA|DE(50Hertz)","PSW Hohenwarte II PSS A-H","11W0-0000-0858-D","Hydro Pumped Storage","11W0-0000-0858-D","01/04/2026 00:00 - 01/04/2026 01:00","n/e","n/e"
"01/04/2026 00:00 - 02/04/2026 00:00","CTA|DE(50Hertz)","PSW Hohenwarte II PSS A-H","11W0-0000-0858-D","Hydro Pumped Storage","11W0-0000-0858-D","01/04/2026 01:00 - 01/04/2026 02:00","n/e","n/e"
"01/04/2026 00:00 - 02/04/2026 00:00","CTA|DE(50Hertz)","PSW Hohenwarte II PSS A-H","11W0-0000-0858-D","Hydro Pumped Storage","11W0-0000-0858-D","01/04/2026 02:00 - 01/04/2026 03:00","n/e","n/e"
"01/04/2026 00:00 - 02/04/2026 00:00","CTA|DE(50Hertz)","PSW Hohenwarte II PSS A-H","11W0-0000-0858-D","Hydro Pumped Storage","11W0-0000-0858-D","01/04/2026 03:00 - 01/04/2026 04:00","n/e","n/e"
"01/04/2026 00:00 - 02/04/2026 00:00","CTA|DE(50Hertz)","PSW Hohenwarte II PSS A-H","11W0-0000-0858-D","Hydro Pumped Storage","11W0-0000-0858-D","01/04/2026 04:00 - 01/04/2026 05:00","n/e","n/e"
"01/04/2026 00:00 - 02/04/2026 00:00","CTA|DE(50Hertz)","PSW Hohenwarte II PSS A-H","11W0-0000-0858-D","Hydro Pumped Storage","11W0-0000-0858-D","01/04/2026 05:00 - 01/04/2026 06:00","n/e","n/e"
"01/04/2026 00:00 - 02/04/2026 00:00","CTA|DE(50Hertz)","PSW Hohenwarte II PSS A-H","11W0-0000-0858-D","Hydro Pumped Storage","11W0-0000-0858-D","01/04/2026 06:00 - 01/04/2026 07:00","n/e","n/e"
"01/04/2026 00:00 - 02/04/2026 00:00","CTA|DE(50Hertz)","PSW Hohenwarte II PSS A-H","11W0-0000-0858-D","Hydro Pumped Storage","11W0-0000-0858-D","01/04/2026 07:00 - 01/04/2026 08:00","n/e","n/e"
"01/04/2026 00:00 - 02/04/2026 00:00","CTA|DE(50Hertz)","PSW Hohenwarte II PSS A-H","11W0-0000-0858-D","Hydro Pumped Storage","11W0-0000-0858-D","01/04/2026 08:00 - 01/04/2026 09:00","n/e","n/e"
"01/04/2026 00:00 - 02/04/2026 00:00","CTA|DE(50Hertz)","PSW Hohenwarte II PSS A-H","11W0-0000-0858-D","Hydro Pumped Storage","11W0-0000-0858-D","01/04/2026 09:00 - 01/04/2026 10:00","n/e","n/e"
"01/04/2026 00:00 - 02/04/2026 00:00","CTA|DE(50Hertz)","PSW Hohenwarte II PSS A-H","11W0-0000-0858-D","Hydro Pumped Storage","11W0-0000-0858-D","01/04/2026 10:00 - 01/04/2026 11:00","n/e","n/e"
"01/04/2026 00:00 - 02/04/2026 00:00","CTA|DE(50Hertz)","PSW Hohenwarte II PSS A-H","11W0-0000-0858-D","Hydro Pumped Storage","11W0-0000-0858-D","01/04/2026 11:00 - 01/04/2026 12:00","n/e","n/e"
"01/04/2026 00:00 - 02/04/2026 00:00","CTA|DE(50Hertz)","PSW Hohenwarte II PSS A-H","11W0-0000-0858-D","Hydro Pumped Storage","11W0-0000-0858-D","01/04/2026 12:00 - 01/04/2026 13:00","n/e","n/e"
"01/04/2026 00:00 - 02/04/2026 00:00","CTA|DE(50Hertz)","PSW Hohenwarte II PSS A-H","11W0-0000-0858-D","Hydro Pumped Storage","11W0-0000-0858-D","01/04/2026 13:00 - 01/04/2026 14:00","n/e","n/e"
"01/04/2026 00:00 - 02/04/2026 00:00","CTA|DE(50Hertz)","PSW Hohenwarte II PSS A-H","11W0-0000-0858-D","Hydro Pumped Storage","11W0-0000-0858-D","01/04/2026 14:00 - 01/04/2026 15:00","n/e","n/e"
"01/04/2026 00:00 - 02/04/2026 00:00","CTA|DE(50Hertz)","PSW Hohenwarte II PSS A-H","11W0-0000-0858-D","Hydro Pumped Storage","11W0-0000-0858-D","01/04/2026 15:00 - 01/04/2026 16:00","n/e","n/e"
"01/04/2026 00:00 - 02/04/2026 00:00","CTA|DE(50Hertz)","PSW Hohenwarte II PSS A-H","11W0-0000-0858-D","Hydro Pumped Storage","11W0-0000-0858-D","01/04/2026 16:00 - 01/04/2026 17:00","n/e","n/e"
"01/04/2026 00:00 - 02/04/2026 00:00","CTA|DE(50Hertz)","PSW Hohenwarte II PSS A-H","11W0-0000-0858-D","Hydro Pumped Storage","11W0-0000-0858-D","01/04/2026 17:00 - 01/04/2026 18:00","n/e","n/e"
"01/04/2026 00:00 - 02/04/2026 00:00","CTA|DE(50Hertz)","PSW Hohenwarte II PSS A-H","11W0-0000-0858-D","Hydro Pumped Storage","11W0-0000-0858-D","01/04/2026 18:00 - 01/04/2026 19:00","n/e","n/e"
"01/04/2026 00:00 - 02/04/2026 00:00","CTA|DE(50Hertz)","PSW Hohenwarte II PSS A-H","11W0-0000-0858-D","Hydro Pumped Storage","11W0-0000-0858-D","01/04/2026 19:00 - 01/04/2026 20:00","n/e","n/e"
"01/04/2026 00:00 - 02/04/2026 00:00","CTA|DE(50Hertz)","PSW Hohenwarte II PSS A-H","11W0-0000-0858-D","Hydro Pumped Storage","11W0-0000-0858-D","01/04/2026 20:00 - 01/04/2026 21:00","n/e","n/e"
"01/04/2026 00:00 - 02/04/2026 00:00","CTA|DE(50Hertz)","PSW Hohenwarte II PSS A-H","11W0-0000-0858-D","Hydro Pumped Storage","11W0-0000-0858-D","01/04/2026 21:00 - 01/04/2026 22:00","n/e","n/e"
"01/04/2026 00:00 - 02/04/2026 00:00","CTA|DE(50Hertz)","PSW Hohenwarte II PSS A-H","11W0-0000-0858-D","Hydro Pumped Storage","11W0-0000-0858-D","01/04/2026 22:00 - 01/04/2026 23:00","n/e","n/e"
"01/04/2026 00:00 - 02/04/2026 00:00","CTA|DE(50Hertz)","PSW Hohenwarte II PSS A-H","11W0-0000-0858-D","Hydro Pumped Storage","11W0-0000-0858-D","01/04/2026 23:00 - 02/04/2026 00:00","n/e","n/e"
"01/04/2026 00:00 - 02/04/2026 00:00","CTA|DE(50Hertz)","Geesthacht A-C","11W0-0000-0859-A","Hydro Pumped Storage","11W0-0000-0859-A","01/04/2026 00:00 - 01/04/2026 01:00","n/e","n/e"
"01/04/2026 00:00 - 02/04/2026 00:00","CTA|DE(50Hertz)","Geesthacht A-C","11W0-0000-0859-A","Hydro Pumped Storage","11W0-0000-0859-A","01/04/2026 01:00 - 01/04/2026 02:00","n/e","n/e"
"01/04/2026 00:00 - 02/04/2026 00:00","CTA|DE(50Hertz)","Geesthacht A-C","11W0-0000-0859-A","Hydro Pumped Storage","11W0-0000-0859-A","01/04/2026 02:00 - 01/04/2026 03:00","n/e","n/e"
"01/04/2026 00:00 - 02/04/2026 00:00","CTA|DE(50Hertz)","Geesthacht A-C","11W0-0000-0859-A","Hydro Pumped Storage","11W0-0000-0859-A","01/04/2026 03:00 - 01/04/2026 04:00","n/e","n/e"
"01/04/2026 00:00 - 02/04/2026 00:00","CTA|DE(50Hertz)","Geesthacht A-C","11W0-0000-0859-A","Hydro Pumped Storage","11W0-0000-0859-A","01/04/2026 04:00 - 01/04/2026 05:00","n/e","n/e"
"01/04/2026 00:00 - 02/04/2026 00:00","CTA|DE(50Hertz)","Geesthacht A-C","11W0-0000-0859-A","Hydro Pumped Storage","11W0-0000-0859-A","01/04/2026 05:00 - 01/04/2026 06:00","n/e","n/e"
"01/04/2026 00:00 - 02/04/2026 00:00","CTA|DE(50Hertz)","Geesthacht A-C","11W0-0000-0859-A","Hydro Pumped Storage","11W0-0000-0859-A","01/04/2026 06:00 - 01/04/2026 07:00","n/e","n/e"
"01/04/2026 00:00 - 02/04/2026 00:00","CTA|DE(50Hertz)","Geesthacht A-C","11W0-0000-0859-A","Hydro Pumped Storage","11W0-0000-0859-A","01/04/2026 07:00 - 01/04/2026 08:00","n/e","n/e"
"01/04/2026 00:00 - 02/04/2026 00:00","CTA|DE(50Hertz)","Geesthacht A-C","11W0-0000-0859-A","Hydro Pumped Storage","11W0-0000-0859-A","01/04/2026 08:00 - 01/04/2026 09:00","n/e","n/e"
"01/04/2026 00:00 - 02/04/2026 00:00","CTA|DE(50Hertz)","Geesthacht A-C","11W0-0000-0859-A","Hydro Pumped Storage","11W0-0000-0859-A","01/04/2026 09:00 - 01/04/2026 10:00","n/e","n/e"
"01/04/2026 00:00 - 02/04/2026 00:00","CTA|DE(50Hertz)","Geesthacht A-C","11W0-0000-0859-A","Hydro Pumped Storage","11W0-0000-0859-A","01/04/2026 10:00 - 01/04/2026 11:00","n/e","n/e"
"01/04/2026 00:00 - 02/04/2026 00:00","CTA|DE(50Hertz)","Geesthacht A-C","11W0-0000-0859-A","Hydro Pumped Storage","11W0-0000-0859-A","01/04/2026 11:00 - 01/04/2026 12:00","n/e","n/e"
"01/04/2026 00:00 - 02/04/2026 00:00","CTA|DE(50Hertz)","Geesthacht A-C","11W0-0000-0859-A","Hydro Pumped Storage","11W0-0000-0859-A","01/04/2026 12:00 - 01/04/2026 13:00","n/e","n/e"
"01/04/2026 00:00 - 02/04/2026 00:00","CTA|DE(50Hertz)","Geesthacht A-C","11W0-0000-0859-A","Hydro Pumped Storage","11W0-0000-0859-A","01/04/2026 13:00 - 01/04/2026 14:00","n/e","n/e"
"01/04/2026 00:00 - 02/04/2026 00:00","CTA|DE(50Hertz)","Geesthacht A-C","11W0-0000-0859-A","Hydro Pumped Storage","11W0-0000-0859-A","01/04/2026 14:00 - 01/04/2026 15:00","n/e","n/e"
"01/04/2026 00:00 - 02/04/2026 00:00","CTA|DE(50Hertz)","Geesthacht A-C","11W0-0000-0859-A","Hydro Pumped Storage","11W0-0000-0859-A","01/04/2026 15:00 - 01/04/2026 16:00","n/e","n/e"
"01/04/2026 00:00 - 02/04/2026 00:00","CTA|DE(50Hertz)","Geesthacht A-C","11W0-0000-0859-A","Hydro Pumped Storage","11W0-0000-0859-A","01/04/2026 16:00 - 01/04/2026 17:00","n/e","n/e"
"01/04/2026 00:00 - 02/04/2026 00:00","CTA|DE(50Hertz)","Geesthacht A-C","11W0-0000-0859-A","Hydro Pumped Storage","11W0-0000-0859-A","01/04/2026 17:00 - 01/04/2026 18:00","n/e","n/e"
"01/04/2026 00:00 - 02/04/2026 00:00","CTA|DE(50Hertz)","Geesthacht A-C","11W0-0000-0859-A","Hydro Pumped Storage","11W0-0000-0859-A","01/04/2026 18:00 - 01/04/2026 19:00","n/e","n/e"
"01/04/2026 00:00 - 02/04/2026 00:00","CTA|DE(50Hertz)","Geesthacht A-C","11W0-0000-0859-A","Hydro Pumped Storage","11W0-0000-0859-A","01/04/2026 19:00 - 01/04/2026 20:00","n/e","n/e"
"01/04/2026 00:00 - 02/04/2026 00:00","CTA|DE(50Hertz)","Geesthacht A-C","11W0-0000-0859-A","Hydro Pumped Storage","11W0-0000-0859-A","01/04/2026 20:00 - 01/04/2026 21:00","n/e","n/e"
"01/04/2026 00:00 - 02/04/2026 00:00","CTA|DE(50Hertz)","Geesthacht A-C","11W0-0000-0859-A","Hydro Pumped Storage","11W0-0000-0859-A","01/04/2026 21:00 - 01/04/2026 22:00","n/e","n/e"
"01/04/2026 00:00 - 02/04/2026 00:00","CTA|DE(50Hertz)","Geesthacht A-C","11W0-0000-0859-A","Hydro Pumped Storage","11W0-0000-0859-A","01/04/2026 22:00 - 01/04/2026 23:00","n/e","n/e"
"01/04/2026 00:00 - 02/04/2026 00:00","CTA|DE(50Hertz)","Geesthacht A-C","11W0-0000-0859-A","Hydro Pumped Storage","11W0-0000-0859-A","01/04/2026 23:00 - 02/04/2026 00:00","n/e","n/e"
