"Time Interval (CET/CEST)","Area","Unit Name","Unit Code","Type","Instance Code","MTU (CET/CEST)","Generation (MW)","Consumption (MW)"
"04/04/2026 00:00 - 05/04/2026 00:00","CTA|DE(Amprion)","HAMBORN-5","11WD7BEEC5XHAM5G","Fossil Coal-derived gas","11WD7BEEC5XHAM5G","04/04/2026 00:00 - 04/04/2026 01:00","211.00",""
"04/04/2026 00:00 - 05/04/2026 00:00","CTA|DE(Amprion)","HAMBORN-5","11WD7BEEC5XHAM5G","Fossil Coal-derived gas","11WD7BEEC5XHAM5G","04/04/2026 01:00 - 04/04/2026 02:00","204.25",""
"04/04/2026 00:00 - 05/04/2026 00:00","CTA|DE(Amprion)","HAMBORN-5","11WD7BEEC5XHAM5G","Fossil Coal-derived gas","11WD7BEEC5XHAM5G","04/04/2026 02:00 - 04/04/2026 03:00","187.25",""
"04/04/2026 00:00 - 05/04/2026 00:00","CTA|DE(Amprion)","HAMBORN-5","11WD7BEEC5XHAM5G","Fossil Coal-derived gas","11WD7BEEC5XHAM5G","04/04/2026 03:00 - 04/04/2026 04:00","187.00",""
"04/04/2026 00:00 - 05/04/2026 00:00","CTA|DE(Amprion)","HAMBORN-5","11WD7BEEC5XHAM5G","Fossil Coal-derived gas","11WD7BEEC5XHAM5G","04/04/2026 04:00 - 04/04/2026 05:00","187.50",""
"04/04/2026 00:00 - 05/04/2026 00:00","CTA|DE(Amprion)","HAMBORN-5","11WD7BEEC5XHAM5G","Fossil Coal-derived gas","11WD7BEEC5XHAM5G","04/04/2026 05:00 - 04/04/2026 06:00","186.50",""
"04/04/2026 00:00 - 05/04/2026 00:00","CTA|DE(Amprion)","HAMBORN-5","11WD7BEEC5XHAM5G","Fossil Coal-derived gas","11WD7BEEC5XHAM5G","04/04/2026 06:00 - 04/04/2026 07:00","196.25",""
"04/04/2026 00:00 - 05/04/2026 00:00","CTA|DE(Amprion)","HAMBORN-5","11WD7BEEC5XHAM5G","Fossil Coal-derived gas","11WD7BEEC5XHAM5G","04/04/2026 07:00 - 04/04/2026 08:00","192.75",""
"04/04/2026 00:00 - 05/04/2026 00:00","CTA|DE(Amprion)","HAMBORN-5","11WD7BEEC5XHAM5G","Fossil Coal-derived gas","11WD7BEEC5XHAM5G","04/04/2026 08:00 - 04/04/2026 09:00","185.00",""
"04/04/2026 00:00 - 05/04/2026 00:00","CTA|DE(Amprion)","HAMBORN-5","11WD7BEEC5XHAM5G","Fossil Coal-derived gas","11WD7BEEC5XHAM5G","04/04/2026 09:00 - 04/04/2026 10:00","167.50",""
"04/04/2026 00:00 - 05/04/2026 00:00","CTA|DE(Amprion)","HAMBORN-5","11WD7BEEC5XHAM5G","Fossil Coal-derived gas","11WD7BEEC5XHAM5G","04/04/2026 10:00 - 04/04/2026 11:00","176.50",""
"04/04/2026 00:00 - 05/04/2026 00:00","CTA|DE(Amprion)","HAMBORN-5","11WD7BEEC5XHAM5G","Fossil Coal-derived gas","11WD7BEEC5XHAM5G","04/04/2026 11:00 - 04/04/2026 12:00","194.00",""
"04/04/2026 00:00 - 05/04/2026 00:00","CTA|DE(Amprion)","HAMBORN-5","11WD7BEEC5XHAM5G","Fossil Coal-derived gas","11WD7BEEC5XHAM5G","04/04/2026 12:00 - 04/04/2026 13:00","211.00",""
"04/04/2026 00:00 - 05/04/2026 00:00","CTA|DE(Amprion)","HAMBORN-5","11WD7BEEC5XHAM5G","Fossil Coal-derived gas","11WD7BEEC5XHAM5G","04/04/2026 13:00 - 04/04/2026 14:00","211.00",""
"04/04/2026 00:00 - 05/04/2026 00:00","CTA|DE(Amprion)","HAMBORN-5","11WD7BEEC5XHAM5G","Fossil Coal-derived gas","11WD7BEEC5XHAM5G","04/04/2026 14:00 - 04/04/2026 15:00","211.00",""
"04/04/2026 00:00 - 05/04/2026 00:00","CTA|DE(Amprion)","HAMBORN-5","11WD7BEEC5XHAM5G","Fossil Coal-derived gas","11WD7BEEC5XHAM5G","04/04/2026 15:00 - 04/04/2026 16:00","211.00",""
"04/04/2026 00:00 - 05/04/2026 00:00","CTA|DE(Amprion)","HAMBORN-5","11WD7BEEC5XHAM5G","Fossil Coal-derived gas","11WD7BEEC5XHAM5G","04/04/2026 16:00 - 04/04/2026 17:00","211.00",""
"04/04/2026 00:00 - 05/04/2026 00:00","CTA|DE(Amprion)","HAMBORN-5","11WD7BEEC5XHAM5G","Fossil Coal-derived gas","11WD7BEEC5XHAM5G","04/04/2026 17:00 - 04/04/2026 18:00","211.00",""
"04/04/2026 00:00 - 05/04/2026 00:00","CTA|DE(Amprion)","HAMBORN-5","11WD7BEEC5XHAM5G","Fossil Coal-derived gas","11WD7BEEC5XHAM5G","04/04/2026 18:00 - 04/04/2026 19:00","211.00",""
"04/04/2026 00:00 - 05/04/2026 00:00","CTA|DE(Amprion)","HAMBORN-5","11WD7BEEC5XHAM5G","Fossil Coal-derived gas","11WD7BEEC5XHAM5G","04/04/2026 19:00 - 04/04/2026 20:00","211.00",""
"04/04/2026 00:00 - 05/04/2026 00:00","CTA|DE(Amprion)","HAMBORN-5","11WD7BEEC5XHAM5G","Fossil Coal-derived gas","11WD7BEEC5XHAM5G","04/04/2026 20:00 - 04/04/2026 21:00","211.00",""
"04/04/2026 00:00 - 05/04/2026 00:00","CTA|DE(Amprion)","HAMBORN-5","11WD7BEEC5XHAM5G","Fossil Coal-derived gas","11WD7BEEC5XHAM5G","04/04/2026 21:00 - 04/04/2026 22:00","211.00",""
"04/04/2026 00:00 - 05/04/2026 00:00","CTA|DE(Amprion)","HAMBORN-5","11WD7BEEC5XHAM5G","Fossil Coal-derived gas","11WD7BEEC5XHAM5G","04/04/2026 22:00 - 04/04/2026 23:00","211.00",""
"04/04/2026 00:00 - 05/04/2026 00:00","CTA|DE(Amprion)","HAMBORN-5","11WD7BEEC5XHAM5G","Fossil Coal-derived gas","11WD7BEEC5XHAM5G","04/04/2026 23:00 - 05/04/2026 00:00","211.00",""
"04/04/2026 00:00 - 05/04/2026 00:00","CTA|DE(Amprion)","RUHRORT-4","11WD7BEEC5XRUH4E","Fossil Coal-derived gas","11WD7BEEC5XRUH4E","04/04/2026 00:00 - 04/04/2026 01:00","0.00",""
"04/04/2026 00:00 - 05/04/2026 00:00","CTA|DE(Amprion)","RUHRORT-4","11WD7BEEC5XRUH4E","Fossil Coal-derived gas","11WD7BEEC5XRUH4E","04/04/2026 01:00 - 04/04/2026 02:00","0.00",""
"04/04/2026 00:00 - 05/04/2026 00:00","CTA|DE(Amprion)","RUHRORT-4","11WD7BEEC5XRUH4E","Fossil Coal-derived gas","11WD7BEEC5XRUH4E","04/04/2026 02:00 - 04/04/2026 03:00","0.00",""
"04/04/2026 00:00 - 05/04/2026 00:00","CTA|DE(Amprion)","RUHRORT-4","11WD7BEEC5XRUH4E","Fossil Coal-derived gas","11WD7BEEC5XRUH4E","04/04/2026 03:00 - 04/04/2026 04:00","0.00",""
"04/04/2026 00:00 - 05/04/2026 00:00","CTA|DE(Amprion)","RUHRORT-4","11WD7BEEC5XRUH4E","Fossil Coal-derived gas","11WD7BEEC5XRUH4E","04/04/2026 04:00 - 04/04/2026 05:00","0.00",""
"04/04/2026 00:00 - 05/04/2026 00:00","CTA|DE(Amprion)","RUHRORT-4","11WD7BEEC5XRUH4E","Fossil Coal-derived gas","11WD7BEEC5XRUH4E","04/04/2026 05:00 - 04/04/2026 06:00","0.00",""
"04/04/2026 00:00 - 05/04/2026 00:00","CTA|DE(Amprion)","RUHRORT-4","11WD7BEEC5XRUH4E","Fossil Coal-derived gas","11WD7BEEC5XRUH4E","04/04/2026 06:00 - 04/04/2026 07:00","0.00",""
"04/04/2026 00:00 - 05/04/2026 00:00","CTA|DE(Amprion)","RUHRORT-4","11WD7BEEC5XRUH4E","Fossil Coal-derived gas","11WD7BEEC5XRUH4E","04/04/2026 07:00 - 04/04/2026 08:00","0.00",""
"04/04/2026 00:00 - 05/04/2026 00:00","CTA|DE(Amprion)","RUHRORT-4","11WD7BEEC5XRUH4E","Fossil Coal-derived gas","11WD7BEEC5XRUH4E","04/04/2026 08:00 - 04/04/2026 09:00","0.00",""
"04/04/2026 00:00 - 05/04/2026 00:00","CTA|DE(Amprion)","RUHRORT-4","11WD7BEEC5XRUH4E","Fossil Coal-derived gas","11WD7BEEC5XRUH4E","04/04/2026 09:00 - 04/04/2026 10:00","0.00",""
"04/04/2026 00:00 - 05/04/2026 00:00","CTA|DE(Amprion)","RUHRORT-4","11WD7BEEC5XRUH4E","Fossil Coal-derived gas","11WD7BEEC5XRUH4E","04/04/2026 10:00 - 04/04/2026 11:00","0.00",""
"04/04/2026 00:00 - 05/04/2026 00:00","CTA|DE(Amprion)","RUHRORT-4","11WD7BEEC5XRUH4E","Fossil Coal-derived gas","11WD7BEEC5XRUH4E","04/04/2026 11:00 - 04/04/2026 12:00","0.00",""
"04/04/2026 00:00 - 05/04/2026 00:00","CTA|DE(Amprion)","RUHRORT-4","11WD7BEEC5XRUH4E","Fossil Coal-derived gas","11WD7BEEC5XRUH4E","04/04/2026 12:00 - 04/04/2026 13:00","0.00",""
"04/04/2026 00:00 - 05/04/2026 00:00","CTA|DE(Amprion)","RUHRORT-4","11WD7BEEC5XRUH4E","Fossil Coal-derived gas","11WD7BEEC5XRUH4E","04/04/2026 13:00 - 04/04/2026 14:00","0.00",""
"04/04/2026 00:00 - 05/04/2026 00:00","CTA|DE(Amprion)","RUHRORT-4","11WD7BEEC5XRUH4E","Fossil Coal-derived gas","11WD7BEEC5XRUH4E","04/04/2026 14:00 - 04/04/2026 15:00","0.00",""
"04/04/2026 00:00 - 05/04/2026 00:00","CTA|DE(Amprion)","RUHRORT-4","11WD7BEEC5XRUH4E","Fossil Coal-derived gas","11WD7BEEC5XRUH4E","04/04/2026 15:00 - 04/04/2026 16:00","0.00",""
"04/04/2026 00:00 - 05/04/2026 00:00","CTA|DE(Amprion)","RUHRORT-4","11WD7BEEC5XRUH4E","Fossil Coal-derived gas","11WD7BEEC5XRUH4E","04/04/2026 16:00 - 04/04/2026 17:00","0.00",""
"04/04/2026 00:00 - 05/04/2026 00:00","CTA|DE(Amprion)","RUHRORT-4","11WD7BEEC5XRUH4E","Fossil Coal-derived gas","11WD7BEEC5XRUH4E","04/04/2026 17:00 - 04/04/2026 18:00","0.00",""
"04/04/2026 00:00 - 05/04/2026 00:00","CTA|DE(Amprion)","RUHRORT-4","11WD7BEEC5XRUH4E","Fossil Coal-derived gas","11WD7BEEC5XRUH4E","04/04/2026 18:00 - 04/04/2026 19:00","0.00",""
"04/04/2026 00:00 - 05/04/2026 00:00","CTA|DE(Amprion)","RUHRORT-4","11WD7BEEC5XRUH4E","Fossil Coal-derived gas","11WD7BEEC5XRUH4E","04/04/2026 19:00 - 04/04/2026 20:00","0.00",""
"04/04/2026 00:00 - 05/04/2026 00:00","CTA|DE(Amprion)","RUHRORT-4","11WD7BEEC5XRUH4E","Fossil Coal-derived gas","11WD7BEEC5XRUH4E","04/04/2026 20:00 - 04/04/2026 21:00","0.00",""
"04/04/2026 00:00 - 05/04/2026 00:00","CTA|DE(Amprion)","RUHRORT-4","11WD7BEEC5XRUH4E","Fossil Coal-derived gas","11WD7BEEC5XRUH4E","04/04/2026 21:00 - 04/04/2026 22:00","0.00",""
"04/04/2026 00:00 - 05/04/2026 00:00","CTA|DE(Amprion)","RUHRORT-4","11WD7BEEC5XRUH4E","Fossil Coal-derived gas","11WD7BEEC5XRUH4E","04/04/2026 22:00 - 04/04/2026 23:00","0.00",""
"04/04/2026 00:00 - 05/04/2026 00:00","CTA|DE(Amprion)","RUHRORT-4","11WD7BEEC5XRUH4E","Fossil Coal-derived gas","11WD7BEEC5XRUH4E","04/04/2026 23:00 - 05/04/2026 00:00","0.00",""
"04/04/2026 00:00 - 05/04/2026 00:00","CTA|DE(Amprion)","BERGKAMEN_A","11WD7BERG1S--A-X","Fossil Hard coal","11WD7BERG1S--A-X","04/04/2026 00:00 - 04/04/2026 01:00","0.00",""
"04/04/2026 00:00 - 05/04/2026 00:00","CTA|DE(Amprion)","BERGKAMEN_A","11WD7BERG1S--A-X","Fossil Hard coal","11WD7BERG1S--A-X","04/04/2026 01:00 - 04/04/2026 02:00","0.00",""
"04/04/2026 00:00 - 05/04/2026 00:00","CTA|DE(Amprion)","BERGKAMEN_A","11WD7BERG1S--A-X","Fossil Hard coal","11WD7BERG1S--A-X","04/04/2026 02:00 - 04/04/2026 03:00","62.49",""
"04/04/2026 00:00 - 05/04/2026 00:00","CTA|DE(Amprion)","BERGKAMEN_A","11WD7BERG1S--A-X","Fossil Hard coal","11WD7BERG1S--A-X","04/04/2026 03:00 - 04/04/2026 04:00","146.88",""
"04/04/2026 00:00 - 05/04/2026 00:00","CTA|DE(Amprion)","BERGKAMEN_A","11WD7BERG1S--A-X","Fossil Hard coal","11WD7BERG1S--A-X","04/04/2026 04:00 - 04/04/2026 05:00","225.72",""
"04/04/2026 00:00 - 05/04/2026 00:00","CTA|DE(Amprion)","BERGKAMEN_A","11WD7BERG1S--A-X","Fossil Hard coal","11WD7BERG1S--A-X","04/04/2026 05:00 - 04/04/2026 06:00","287.55",""
"04/04/2026 00:00 - 05/04/2026 00:00","CTA|DE(Amprion)","BERGKAMEN_A","11WD7BERG1S--A-X","Fossil Hard coal","11WD7BERG1S--A-X","04/04/2026 06:00 - 04/04/2026 07:00","310.05",""
"04/04/2026 00:00 - 05/04/2026 00:00","CTA|DE(Amprion)","BERGKAMEN_A","11WD7BERG1S--A-X","Fossil Hard coal","11WD7BERG1S--A-X","04/04/2026 07:00 - 04/04/2026 08:00","433.01",""
"04/04/2026 00:00 - 05/04/2026 00:00","CTA|DE(Amprion)","BERGKAMEN_A","11WD7BERG1S--A-X","Fossil Hard coal","11WD7BERG1S--A-X","04/04/2026 08:00 - 04/04/2026 09:00","413.52",""
"04/04/2026 00:00 - 05/04/2026 00:00","CTA|DE(Amprion)","BERGKAMEN_A","11WD7BERG1S--A-X","Fossil Hard coal","11WD7BERG1S--A-X","04/04/2026 09:00 - 04/04/2026 10:00","304.80",""
"04/04/2026 00:00 - 05/04/2026 00:00","CTA|DE(Amprion)","BERGKAMEN_A","11WD7BERG1S--A-X","Fossil Hard coal","11WD7BERG1S--A-X","04/04/2026 10:00 - 04/04/2026 11:00","282.01",""
"04/04/2026 00:00 - 05/04/2026 00:00","CTA|DE(Amprion)","BERGKAMEN_A","11WD7BERG1S--A-X","Fossil Hard coal","11WD7BERG1S--A-X","04/04/2026 11:00 - 04/04/2026 12:00","264.50",""
"04/04/2026 00:00 - 05/04/2026 00:00","CTA|DE(Amprion)","BERGKAMEN_A","11WD7BERG1S--A-X","Fossil Hard coal","11WD7BERG1S--A-X","04/04/2026 12:00 - 04/04/2026 13:00","0.00",""
"04/04/2026 00:00 - 05/04/2026 00:00","CTA|DE(Amprion)","BERGKAMEN_A","11WD7BERG1S--A-X","Fossil Hard coal","11WD7BERG1S--A-X","04/04/2026 13:00 - 04/04/2026 14:00","0.00",""
"04/04/2026 00:00 - 05/04/2026 00:00","CTA|DE(Amprion)","BERGKAMEN_A","11WD7BERG1S--A-X","Fossil Hard coal","11WD7BERG1S--A-X","04/04/2026 14:00 - 04/04/2026 15:00","0.00",""
"04/04/2026 00:00 - 05/04/2026 00:00","CTA|DE(Amprion)","BERGKAMEN_A","11WD7BERG1S--A-X","Fossil Hard coal","11WD7BERG1S--A-X","04/04/2026 15:00 - 04/04/2026 16:00","0.00",""
"04/04/2026 00:00 - 05/04/2026 00:00","CTA|DE(Amprion)","BERGKAMEN_A","11WD7BERG1S--A-X","Fossil Hard coal","11WD7BERG1S--A-X","04/04/2026 16:00 - 04/04/2026 17:00","0.00",""
"04/04/2026 00:00 - 05/04/2026 00:00","CTA|DE(Amprion)","BERGKAMEN_A","11WD7BERG1S--A-X","Fossil Hard coal","11WD7BERG1S--A-X","04/04/2026 17:00 - 04/04/2026 18:00","0.00",""
"04/04/2026 00:00 - 05/04/2026 00:00","CTA|DE(Amprion)","BERGKAMEN_A","11WD7BERG1S--A-X","Fossil Hard coal","11WD7BERG1S--A-X","04/04/2026 18:00 - 04/04/2026 19:00","0.00",""
"04/04/2026 00:00 - 05/04/2026 00:00","CTA|DE(Amprion)","BERGKAMEN_A","11WD7BERG1S--A-X","Fossil Hard coal","11WD7BERG1S--A-X","04/04/2026 19:00 - 04/04/2026 20:00","0.00",""
"04/04/2026 00:00 - 05/04/2026 00:00","CTA|DE(Amprion)","BERGKAMEN_A","11WD7BERG1S--A-X","Fossil Hard coal","11WD7BERG1S--A-X","04/04/2026 20:00 - 04/04/2026 21:00","0.00",""
"04/04/2026 00:00 - 05/04/2026 00:00","CTA|DE(Amprion)","BERGKAMEN_A","11WD7BERG1S--A-X","Fossil Hard coal","11WD7BERG1S--A-X","04/04/2026 21:00 - 04/04/2026 22:00","0.00",""
"04/04/2026 00:00 - 05/04/2026 00:00","CTA|DE(Amprion)","BERGKAMEN_A","11WD7BERG1S--A-X","Fossil Hard coal","11WD7BERG1S--A-X","04/04/2026 22:00 - 04/04/2026 23:00","0.00",""
"04/04/2026 00:00 - 05/04/2026 00:00","CTA|DE(Amprion)","BERGKAMEN_A","11WD7BERG1S--A-X","Fossil Hard coal","11WD7BERG1S--A-X","04/04/2026 23:00 - 05/04/2026 00:00","0.00",""
"04/04/2026 00:00 - 05/04/2026 00:00","CTA|DE(Amprion)","KMW_KW3","11WD7BISC5GKW3-T","Fossil Gas","11WD7BISC5GKW3-T","04/04/2026 00:00 - 04/04/2026 01:00","0.00",""
"04/04/2026 00:00 - 05/04/2026 00:00","CTA|DE(Amprion)","KMW_KW3","11WD7BISC5GKW3-T","Fossil Gas","11WD7BISC5GKW3-T","04/04/2026 01:00 - 04/04/2026 02:00","0.00",""
"04/04/2026 00:00 - 05/04/2026 00:00","CTA|DE(Amprion)","KMW_KW3","11WD7BISC5GKW3-T","Fossil Gas","11WD7BISC5GKW3-T","04/04/2026 02:00 - 04/04/2026 03:00","0.00",""
"04/04/2026 00:00 - 05/04/2026 00:00","CTA|DE(Amprion)","KMW_KW3","11WD7BISC5GKW3-T","Fossil Gas","11WD7BISC5GKW3-T","04/04/2026 03:00 - 04/04/2026 04:00","0.00",""
"04/04/2026 00:00 - 05/04/2026 00:00","CTA|DE(Amprion)","KMW_KW3","11WD7BISC5GKW3-T","Fossil Gas","11WD7BISC5GKW3-T","04/04/2026 04:00 - 04/04/2026 05:00","0.00",""
"04/04/2026 00:00 - 05/04/2026 00:00","CTA|DE(Amprion)","KMW_KW3","11WD7BISC5GKW3-T","Fossil Gas","11WD7BISC5GKW3-T","04/04/2026 05:00 - 04/04/2026 06:00","0.00",""
"04/04/2026 00:00 - 05/04/2026 00:00","CTA|DE(Amprion)","KMW_KW3","11WD7BISC5GKW3-T","Fossil Gas","11WD7BISC5GKW3-T","04/04/2026 06:00 - 04/04/2026 07:00","0.00",""
"04/04/2026 00:00 - 05/04/2026 00:00","CTA|DE(Amprion)","KMW_KW3","11WD7BISC5GKW3-T","Fossil Gas","11WD7BISC5GKW3-T","04/04/2026 07:00 - 04/04/2026 08:00","0.00",""
"04/04/2026 00:00 - 05/04/2026 00:00","CTA|DE(Amprion)","KMW_KW3","11WD7BISC5GKW3-T","Fossil Gas","11WD7BISC5GKW3-T","04/04/2026 08:00 - 04/04/2026 09:00","0.00",""
"04/04/2026 00:00 - 05/04/2026 00:00","CTA|DE(Amprion)","KMW_KW3","11WD7BISC5GKW3-T","Fossil Gas","11WD7BISC5GKW3-T","04/04/2026 09:00 - 04/04/2026 10:00","0.00",""
"04/04/2026 00:00 - 05/04/2026 00:00","CTA|DE(Amprion)","KMW_KW3","11WD7BISC5GKW3-T","Fossil Gas","11WD7BISC5GKW3-T","04/04/2026 10:00 - 04/04/2026 11:00","0.00",""
"04/04/2026 00:00 - 05/04/2026 00:00","CTA|DE(Amprion)","KMW_KW3","11WD7BISC5GKW3-T","Fossil Gas","11WD7BISC5GKW3-T","04/04/2026 11:00 - 04/04/2026 12:00","0.00",""
"04/04/2026 00:00 - 05/04/2026 00:00","CTA|DE(Amprion)","KMW_KW3","11WD7BISC5GKW3-T","Fossil Gas","11WD7BISC5GKW3-T","04/04/2026 12:00 - 04/04/2026 13:00","0.00",""
"04/04/2026 00:00 - 05/04/2026 00:00","CTA|DE(Amprion)","KMW_KW3","11WD7BISC5GKW3-T","Fossil Gas","11WD7BISC5GKW3-T","04/04/2026 13:00 - 04/04/2026 14:00","0.00",""
"04/04/2026 00:00 - 05/04/2026 00:00","CTA|DE(Amprion)","KMW_KW3","11WD7BISC5GKW3-T","Fossil Gas","11WD7BISC5GKW3-T","04/04/2026 14:00 - 04/04/2026 15:00","0.00",""
"04/04/2026 00:00 - 05/04/2026 00:00","CTA|DE(Amprion)","KMW_KW3","11WD7BISC5GKW3-T","Fossil Gas","11WD7BISC5GKW3-T","04/04/2026 15:00 - 04/04/2026 16:00","0.00",""
"04/04/2026 00:00 - 05/04/2026 00:00","CTA|DE(Amprion)","KMW_KW3","11WD7BISC5GKW3-T","Fossil Gas","11WD7BISC5GKW3-T","04/04/2026 16:00 - 04/04/2026 17:00","0.00",""
"04/04/2026 00:00 - 05/04/2026 00:00","CTA|DE(Amprion)","KMW_KW3","11WD7BISC5GKW3-T","Fossil Gas","11WD7BISC5GKW3-T","04/04/2026 17:00 - 04/04/2026 18:00","0.00",""
"04/04/2026 00:00 - 05/04/2026 00:00","CTA|DE(Amprion)","KMW_KW3","11WD7BISC5GKW3-T","Fossil Gas","11WD7BISC5GKW3-T","04/04/2026 18:00 - 04/04/2026 19:00","0.00",""
"04/04/2026 00:00 - 05/04/2026 00:00","CTA|DE(Amprion)","KMW_KW3","11WD7BISC5GKW3-T","Fossil Gas","11WD7BISC5GKW3-T","04/04/2026 19:00 - 04/04/2026 20:00","0.00",""
"04/04/2026 00:00 - 05/04/2026 00:00","CTA|DE(Amprion)","KMW_KW3","11WD7BISC5GKW3-T","Fossil Gas","11WD7BISC5GKW3-T","04/04/2026 20:00 - 04/04/2026 21:00","0.00",""
"04/04/2026 00:00 - 05/04/2026 00:00","CTA|DE(Amprion)","KMW_KW3","11WD7BISC5GKW3-T","Fossil Gas","11WD7BISC5GKW3-T","04/04/2026 21:00 - 04/04/2026 22:00","0.00",""
"04/04/2026 00:00 - 05/04/2026 00:00","CTA|DE(Amprion)","KMW_KW3","11WD7BISC5GKW3-T","Fossil Gas","11WD7BISC5GKW3-T","04/04/2026 22:00 - 04/04/2026 23:00","0.00",""
"04/04/2026 00:00 - 05/04/2026 00:00","CTA|DE(Amprion)","KMW_KW3","11WD7BISC5GKW3-T","Fossil Gas","11WD7BISC5GKW3-T","04/04/2026 23:00 - 05/04/2026 00:00","0.00",""
"04/04/2026 00:00 - 05/04/2026 00:00","CTA|DE(Amprion)","DT HKW-Niehl-2","11WD7BOLA5GDTN2T","Fossil Gas","11WD7BOLA5GDTN2T","04/04/2026 00:00 - 04/04/2026 01:00","0.00",""
"04/04/2026 00:00 - 05/04/2026 00:00","CTA|DE(Amprion)","DT HKW-Niehl-2","11WD7BOLA5GDTN2T","Fossil Gas","11WD7BOLA5GDTN2T","04/04/2026 01:00 - 04/04/2026 02:00","0.00",""
"04/04/2026 00:00 - 05/04/2026 00:00","CTA|DE(Amprion)","DT HKW-Niehl-2","11WD7BOLA5GDTN2T","Fossil Gas","11WD7BOLA5GDTN2T","04/04/2026 02:00 - 04/04/2026 03:00","0.00",""
"04/04/2026 00:00 - 05/04/2026 00:00","CTA|DE(Amprion)","DT HKW-Niehl-2","11WD7BOLA5GDTN2T","Fossil Gas","11WD7BOLA5GDTN2T","04/04/2026 03:00 - 04/04/2026 04:00","0.00",""
"04/04/2026 00:00 - 05/04/2026 00:00","CTA|DE(Amprion)","DT HKW-Niehl-2","11WD7BOLA5GDTN2T","Fossil Gas","11WD7BOLA5GDTN2T","04/04/2026 04:00 - 04/04/2026 05:00","0.00",""
"04/04/2026 00:00 - 05/04/2026 00:00","CTA|DE(Amprion)","DT HKW-Niehl-2","11WD7BOLA5GDTN2T","Fossil Gas","11WD7BOLA5GDTN2T","04/04/2026 05:00 - 04/04/2026 06:00","0.00",""
"04/04/2026 00:00 - 05/04/2026 00:00","CTA|DE(Amprion)","DT HKW-Niehl-2","11WD7BOLA5GDTN2T","Fossil Gas","11WD7BOLA5GDTN2T","04/04/2026 06:00 - 04/04/2026 07:00","0.00",""
"04/04/2026 00:00 - 05/04/2026 00:00","CTA|DE(Amprion)","DT HKW-Niehl-2","11WD7BOLA5GDTN2T","Fossil Gas","11WD7BOLA5GDTN2T","04/04/2026 07:00 - 04/04/2026 08:00","0.00",""
"04/04/2026 00:00 - 05/04/2026 00:00","CTA|DE(Amprion)","DT HKW-Niehl-2","11WD7BOLA5GDTN2T","Fossil Gas","11WD7BOLA5GDTN2T","04/04/2026 08:00 - 04/04/2026 09:00","0.00",""
"04/04/2026 00:00 - 05/04/2026 00:00","CTA|DE(Amprion)","DT HKW-Niehl-2","11WD7BOLA5GDTN2T","Fossil Gas","11WD7BOLA5GDTN2T","04/04/2026 09:00 - 04/04/2026 10:00","0.00",""
"04/04/2026 00:00 - 05/04/2026 00:00","CTA|DE(Amprion)","DT HKW-Niehl-2","11WD7BOLA5GDTN2T","Fossil Gas","11WD7BOLA5GDTN2T","04/04/2026 10:00 - 04/04/2026 11:00","0.00",""
"04/04/2026 00:00 - 05/04/2026 00:00","CTA|DE(Amprion)","DT HKW-Niehl-2","11WD7BOLA5GDTN2T","Fossil Gas","11WD7BOLA5GDTN2T","04/04/2026 11:00 - 04/04/2026 12:00","0.00",""
"04/04/2026 00:00 - 05/04/2026 00:00","CTA|DE(Amprion)","DT HKW-Niehl-2","11WD7BOLA5GDTN2T","Fossil Gas","11WD7BOLA5GDTN2T","04/04/2026 12:00 - 04/04/2026 13:00","0.00",""
"04/04/2026 00:00 - 05/04/2026 00:00","CTA|DE(Amprion)","DT HKW-Niehl-2","11WD7BOLA5GDTN2T","Fossil Gas","11WD7BOLA5GDTN2T","04/04/2026 13:00 - 04/04/2026 14:00","0.00",""
"04/04/2026 00:00 - 05/04/2026 00:00","CTA|DE(Amprion)","DT HKW-Niehl-2","11WD7BOLA5GDTN2T","Fossil Gas","11WD7BOLA5GDTN2T","04/04/2026 14:00 - 04/04/2026 15:00","0.00",""
"04/04/2026 00:00 - 05/04/2026 00:00","CTA|DE(Amprion)","DT HKW-Niehl-2","11WD7BOLA5GDTN2T","Fossil Gas","11WD7BOLA5GDTN2T","04/04/2026 15:00 - 04/04/2026 16:00","0.00",""
"04/04/2026 00:00 - 05/04/2026 00:00","CTA|DE(Amprion)","DT HKW-Niehl-2","11WD7BOLA5GDTN2T","Fossil Gas","11WD7BOLA5GDTN2T","04/04/2026 16:00 - 04/04/2026 17:00","0.00",""
"04/04/2026 00:00 - 05/04/2026 00:00","CTA|DE(Amprion)","DT HKW-Niehl-2","11WD7BOLA5GDTN2T","Fossil Gas","11WD7BOLA5GDTN2T","04/04/2026 17:00 - 04/04/2026 18:00","0.00",""
"04/04/2026 00:00 - 05/04/2026 00:00","CTA|DE(Amprion)","DT HKW-Niehl-2","11WD7BOLA5GDTN2T","Fossil Gas","11WD7BOLA5GDTN2T","04/04/2026 18:00 - 04/04/2026 19:00","0.00",""
"04/04/2026 00:00 - 05/04/2026 00:00","CTA|DE(Amprion)","DT HKW-Niehl-2","11WD7BOLA5GDTN2T","Fossil Gas","11WD7BOLA5GDTN2T","04/04/2026 19:00 - 04/04/2026 20:00","0.00",""
"04/04/2026 00:00 - 05/04/2026 00:00","CTA|DE(Amprion)","DT HKW-Niehl-2","11WD7BOLA5GDTN2T","Fossil Gas","11WD7BOLA5GDTN2T","04/04/2026 20:00 - 04/04/2026 21:00","0.00",""
"04/04/2026 00:00 - 05/04/2026 00:00","CTA|DE(Amprion)","DT HKW-Niehl-2","11WD7BOLA5GDTN2T","Fossil Gas","11WD7BOLA5GDTN2T","04/04/2026 21:00 - 04/04/2026 22:00","0.00",""
"04/04/2026 00:00 - 05/04/2026 00:00","CTA|DE(Amprion)","DT HKW-Niehl-2","11WD7BOLA5GDTN2T","Fossil Gas","11WD7BOLA5GDTN2T","04/04/2026 22:00 - 04/04/2026 23:00","0.00",""
"04/04/2026 00:00 - 05/04/2026 00:00","CTA|DE(Amprion)","DT HKW-Niehl-2","11WD7BOLA5GDTN2T","Fossil Gas","11WD7BOLA5GDTN2T","04/04/2026 23:00 - 05/04/2026 00:00","0.00",""
"04/04/2026 00:00 - 05/04/2026 00:00","CTA|DE(Amprion)","GT HKW-Niehl-2","11WD7BOLA5GGTN2E","Fossil Gas","11WD7BOLA5GGTN2E","04/04/2026 00:00 - 04/04/2026 01:00","0.00",""
"04/04/2026 00:00 - 05/04/2026 00:00","CTA|DE(Amprion)","GT HKW-Niehl-2","11WD7BOLA5GGTN2E","Fossil Gas","11WD7BOLA5GGTN2E","04/04/2026 01:00 - 04/04/2026 02:00","0.00",""
"04/04/2026 00:00 - 05/04/2026 00:00","CTA|DE(Amprion)","GT HKW-Niehl-2","11WD7BOLA5GGTN2E","Fossil Gas","11WD7BOLA5GGTN2E","04/04/2026 02:00 - 04/04/2026 03:00","0.00",""
"04/04/2026 00:00 - 05/04/2026 00:00","CTA|DE(Amprion)","GT HKW-Niehl-2","11WD7BOLA5GGTN2E","Fossil Gas","11WD7BOLA5GGTN2E","04/04/2026 03:00 - 04/04/2026 04:00","0.00",""
"04/04/2026 00:00 - 05/04/2026 00:00","CTA|DE(Amprion)","GT HKW-Niehl-2","11WD7BOLA5GGTN2E","Fossil Gas","11WD7BOLA5GGTN2E","04/04/2026 04:00 - 04/04/2026 05:00","0.00",""
"04/04/2026 00:00 - 05/04/2026 00:00","CTA|DE(Amprion)","GT HKW-Niehl-2","11WD7BOLA5GGTN2E","Fossil Gas","11WD7BOLA5GGTN2E","04/04/2026 05:00 - 04/04/2026 06:00","0.00",""
"04/04/2026 00:00 - 05/04/2026 00:00","CTA|DE(Amprion)","GT HKW-Niehl-2","11WD7BOLA5GGTN2E","Fossil Gas","11WD7BOLA5GGTN2E","04/04/2026 06:00 - 04/04/2026 07:00","0.00",""
"04/04/2026 00:00 - 05/04/2026 00:00","CTA|DE(Amprion)","GT HKW-Niehl-2","11WD7BOLA5GGTN2E","Fossil Gas","11WD7BOLA5GGTN2E","04/04/2026 07:00 - 04/04/2026 08:00","0.00",""
"04/04/2026 00:00 - 05/04/2026 00:00","CTA|DE(Amprion)","GT HKW-Niehl-2","11WD7BOLA5GGTN2E","Fossil Gas","11WD7BOLA5GGTN2E","04/04/2026 08:00 - 04/04/2026 09:00","0.00",""
"04/04/2026 00:00 - 05/04/2026 00:00","CTA|DE(Amprion)","GT HKW-Niehl-2","11WD7BOLA5GGTN2E","Fossil Gas","11WD7BOLA5GGTN2E","04/04/2026 09:00 - 04/04/2026 10:00","0.00",""
"04/04/2026 00:00 - 05/04/2026 00:00","CTA|DE(Amprion)","GT HKW-Niehl-2","11WD7BOLA5GGTN2E","Fossil Gas","11WD7BOLA5GGTN2E","04/04/2026 10:00 - 04/04/2026 11:00","0.00",""
"04/04/2026 00:00 - 05/04/2026 00:00","CTA|DE(Amprion)","GT HKW-Niehl-2","11WD7BOLA5GGTN2E","Fossil Gas","11WD7BOLA5GGTN2E","04/04/2026 11:00 - 04/04/2026 12:00","0.00",""
"04/04/2026 00:00 - 05/04/2026 00:00","CTA|DE(Amprion)","GT HKW-Niehl-2","11WD7BOLA5GGTN2E","Fossil Gas","11WD7BOLA5GGTN2E","04/04/2026 12:00 - 04/04/2026 13:00","0.00",""
"04/04/2026 00:00 - 05/04/2026 00:00","CTA|DE(Amprion)","GT HKW-Niehl-2","11WD7BOLA5GGTN2E","Fossil Gas","11WD7BOLA5GGTN2E","04/04/2026 13:00 - 04/04/2026 14:00","0.00",""
"04/04/2026 00:00 - 05/04/2026 00:00","CTA|DE(Amprion)","GT HKW-Niehl-2","11WD7BOLA5GGTN2E","Fossil Gas","11WD7BOLA5GGTN2E","04/04/2026 14:00 - 04/04/2026 15:00","0.00",""
"04/04/2026 00:00 - 05/04/2026 00:00","CTA|DE(Amprion)","GT HKW-Niehl-2","11WD7BOLA5GGTN2E","Fossil Gas","11WD7BOLA5GGTN2E","04/04/2026 15:00 - 04/04/2026 16:00","0.00",""
"04/04/2026 00:00 - 05/04/2026 00:00","CTA|DE(Amprion)","GT HKW-Niehl-2","11WD7BOLA5GGTN2E","Fossil Gas","11WD7BOLA5GGTN2E","04/04/2026 16:00 - 04/04/2026 17:00","0.00",""
"04/04/2026 00:00 - 05/04/2026 00:00","CTA|DE(Amprion)","GT HKW-Niehl-2","11WD7BOLA5GGTN2E","Fossil Gas","11WD7BOLA5GGTN2E","04/04/2026 17:00 - 04/04/2026 18:00","0.00",""
"04/04/2026 00:00 - 05/04/2026 00:00","CTA|DE(Amprion)","GT HKW-Niehl-2","11WD7BOLA5GGTN2E","Fossil Gas","11WD7BOLA5GGTN2E","04/04/2026 18:00 - 04/04/2026 19:00","0.00",""
"04/04/2026 00:00 - 05/04/2026 00:00","CTA|DE(Amprion)","GT HKW-Niehl-2","11WD7BOLA5GGTN2E","Fossil Gas","11WD7BOLA5GGTN2E","04/04/2026 19:00 - 04/04/2026 20:00","0.00",""
"04/04/2026 00:00 - 05/04/2026 00:00","CTA|DE(Amprion)","GT HKW-Niehl-2","11WD7BOLA5GGTN2E","Fossil Gas","11WD7BOLA5GGTN2E","04/04/2026 20:00 - 04/04/2026 21:00","0.00",""
"04/04/2026 00:00 - 05/04/2026 00:00","CTA|DE(Amprion)","GT HKW-Niehl-2","11WD7BOLA5GGTN2E","Fossil Gas","11WD7BOLA5GGTN2E","04/04/2026 21:00 - 04/04/2026 22:00","0.00",""
"04/04/2026 00:00 - 05/04/2026 00:00","CTA|DE(Amprion)","GT HKW-Niehl-2","11WD7BOLA5GGTN2E","Fossil Gas","11WD7BOLA5GGTN2E","04/04/2026 22:00 - 04/04/2026 23:00","0.00",""
"04/04/2026 00:00 - 05/04/2026 00:00","CTA|DE(Amprion)","GT HKW-Niehl-2","11WD7BOLA5GGTN2E","Fossil Gas","11WD7BOLA5GGTN2E","04/04/2026 23:00 - 05/04/2026 00:00","0.00",""
"04/04/2026 00:00 - 05/04/2026 00:00","CTA|DE(Amprion)","GuD Dormagen","11WD7BRAU5G-GUDH","Fossil Gas","11WD7BRAU5G-GUDH","04/04/2026 00:00 - 04/04/2026 01:00","0.00",""
"04/04/2026 00:00 - 05/04/2026 00:00","CTA|DE(Amprion)","GuD Dormagen","11WD7BRAU5G-GUDH","Fossil Gas","11WD7BRAU5G-GUDH","04/04/2026 01:00 - 04/04/2026 02:00","0.00",""
"04/04/2026 00:00 - 05/04/2026 00:00","CTA|DE(Amprion)","GuD Dormagen","11WD7BRAU5G-GUDH","Fossil Gas","11WD7BRAU5G-GUDH","04/04/2026 02:00 - 04/04/2026 03:00","0.00",""
"04/04/2026 00:00 - 05/04/2026 00:00","CTA|DE(Amprion)","GuD Dormagen","11WD7BRAU5G-GUDH","Fossil Gas","11WD7BRAU5G-GUDH","04/04/2026 03:00 - 04/04/2026 04:00","0.00",""
"04/04/2026 00:00 - 05/04/2026 00:00","CTA|DE(Amprion)","GuD Dormagen","11WD7BRAU5G-GUDH","Fossil Gas","11WD7BRAU5G-GUDH","04/04/2026 04:00 - 04/04/2026 05:00","0.00",""
"04/04/2026 00:00 - 05/04/2026 00:00","CTA|DE(Amprion)","GuD Dormagen","11WD7BRAU5G-GUDH","Fossil Gas","11WD7BRAU5G-GUDH","04/04/2026 05:00 - 04/04/2026 06:00","0.00",""
"04/04/2026 00:00 - 05/04/2026 00:00","CTA|DE(Amprion)","GuD Dormagen","11WD7BRAU5G-GUDH","Fossil Gas","11WD7BRAU5G-GUDH","04/04/2026 06:00 - 04/04/2026 07:00","0.00",""
"04/04/2026 00:00 - 05/04/2026 00:00","CTA|DE(Amprion)","GuD Dormagen","11WD7BRAU5G-GUDH","Fossil Gas","11WD7BRAU5G-GUDH","04/04/2026 07:00 - 04/04/2026 08:00","0.00",""
"04/04/2026 00:00 - 05/04/2026 00:00","CTA|DE(Amprion)","GuD Dormagen","11WD7BRAU5G-GUDH","Fossil Gas","11WD7BRAU5G-GUDH","04/04/2026 08:00 - 04/04/2026 09:00","0.00",""
"04/04/2026 00:00 - 05/04/2026 00:00","CTA|DE(Amprion)","GuD Dormagen","11WD7BRAU5G-GUDH","Fossil Gas","11WD7BRAU5G-GUDH","04/04/2026 09:00 - 04/04/2026 10:00","0.00",""
"04/04/2026 00:00 - 05/04/2026 00:00","CTA|DE(Amprion)","GuD Dormagen","11WD7BRAU5G-GUDH","Fossil Gas","11WD7BRAU5G-GUDH","04/04/2026 10:00 - 04/04/2026 11:00","0.00",""
"04/04/2026 00:00 - 05/04/2026 00:00","CTA|DE(Amprion)","GuD Dormagen","11WD7BRAU5G-GUDH","Fossil Gas","11WD7BRAU5G-GUDH","04/04/2026 11:00 - 04/04/2026 12:00","0.00",""
"04/04/2026 00:00 - 05/04/2026 00:00","CTA|DE(Amprion)","GuD Dormagen","11WD7BRAU5G-GUDH","Fossil Gas","11WD7BRAU5G-GUDH","04/04/2026 12:00 - 04/04/2026 13:00","0.00",""
"04/04/2026 00:00 - 05/04/2026 00:00","CTA|DE(Amprion)","GuD Dormagen","11WD7BRAU5G-GUDH","Fossil Gas","11WD7BRAU5G-GUDH","04/04/2026 13:00 - 04/04/2026 14:00","0.00",""
"04/04/2026 00:00 - 05/04/2026 00:00","CTA|DE(Amprion)","GuD Dormagen","11WD7BRAU5G-GUDH","Fossil Gas","11WD7BRAU5G-GUDH","04/04/2026 14:00 - 04/04/2026 15:00","0.00",""
"04/04/2026 00:00 - 05/04/2026 00:00","CTA|DE(Amprion)","GuD Dormagen","11WD7BRAU5G-GUDH","Fossil Gas","11WD7BRAU5G-GUDH","04/04/2026 15:00 - 04/04/2026 16:00","0.00",""
"04/04/2026 00:00 - 05/04/2026 00:00","CTA|DE(Amprion)","GuD Dormagen","11WD7BRAU5G-GUDH","Fossil Gas","11WD7BRAU5G-GUDH","04/04/2026 16:00 - 04/04/2026 17:00","0.00",""
"04/04/2026 00:00 - 05/04/2026 00:00","CTA|DE(Amprion)","GuD Dormagen","11WD7BRAU5G-GUDH","Fossil Gas","11WD7BRAU5G-GUDH","04/04/2026 17:00 - 04/04/2026 18:00","0.00",""
"04/04/2026 00:00 - 05/04/2026 00:00","CTA|DE(Amprion)","GuD Dormagen","11WD7BRAU5G-GUDH","Fossil Gas","11WD7BRAU5G-GUDH","04/04/2026 18:00 - 04/04/2026 19:00","0.00",""
"04/04/2026 00:00 - 05/04/2026 00:00","CTA|DE(Amprion)","GuD Dormagen","11WD7BRAU5G-GUDH","Fossil Gas","11WD7BRAU5G-GUDH","04/04/2026 19:00 - 04/04/2026 20:00","0.00",""
"04/04/2026 00:00 - 05/04/2026 00:00","CTA|DE(Amprion)","GuD Dormagen","11WD7BRAU5G-GUDH","Fossil Gas","11WD7BRAU5G-GUDH","04/04/2026 20:00 - 04/04/2026 21:00","0.00",""
"04/04/2026 00:00 - 05/04/2026 00:00","CTA|DE(Amprion)","GuD Dormagen","11WD7BRAU5G-GUDH","Fossil Gas","11WD7BRAU5G-GUDH","04/04/2026 21:00 - 04/04/2026 22:00","0.00",""
"04/04/2026 00:00 - 05/04/2026 00:00","CTA|DE(Amprion)","GuD Dormagen","11WD7BRAU5G-GUDH","Fossil Gas","11WD7BRAU5G-GUDH","04/04/2026 22:00 - 04/04/2026 23:00","0.00",""
"04/04/2026 00:00 - 05/04/2026 00:00","CTA|DE(Amprion)","GuD Dormagen","11WD7BRAU5G-GUDH","Fossil Gas","11WD7BRAU5G-GUDH","04/04/2026 23:00 - 05/04/2026 00:00","0.00",""
"04/04/2026 00:00 - 05/04/2026 00:00","CTA|DE(Amprion)","Emsland B","11WD7EMSL-G-BLB0","Fossil Gas","11WD7EMSL-G-BLB0","04/04/2026 00:00 - 04/04/2026 01:00","0.00",""
"04/04/2026 00:00 - 05/04/2026 00:00","CTA|DE(Amprion)","Emsland B","11WD7EMSL-G-BLB0","Fossil Gas","11WD7EMSL-G-BLB0","04/04/2026 01:00 - 04/04/2026 02:00","0.00",""
"04/04/2026 00:00 - 05/04/2026 00:00","CTA|DE(Amprion)","Emsland B","11WD7EMSL-G-BLB0","Fossil Gas","11WD7EMSL-G-BLB0","04/04/2026 02:00 - 04/04/2026 03:00","0.00",""
"04/04/2026 00:00 - 05/04/2026 00:00","CTA|DE(Amprion)","Emsland B","11WD7EMSL-G-BLB0","Fossil Gas","11WD7EMSL-G-BLB0","04/04/2026 03:00 - 04/04/2026 04:00","0.00",""
"04/04/2026 00:00 - 05/04/2026 00:00","CTA|DE(Amprion)","Emsland B","11WD7EMSL-G-BLB0","Fossil Gas","11WD7EMSL-G-BLB0","04/04/2026 04:00 - 04/04/2026 05:00","0.00",""
"04/04/2026 00:00 - 05/04/2026 00:00","CTA|DE(Amprion)","Emsland B","11WD7EMSL-G-BLB0","Fossil Gas","11WD7EMSL-G-BLB0","04/04/2026 05:00 - 04/04/2026 06:00","0.00",""
"04/04/2026 00:00 - 05/04/2026 00:00","CTA|DE(Amprion)","Emsland B","11WD7EMSL-G-BLB0","Fossil Gas","11WD7EMSL-G-BLB0","04/04/2026 06:00 - 04/04/2026 07:00","0.00",""
"04/04/2026 00:00 - 05/04/2026 00:00","CTA|DE(Amprion)","Emsland B","11WD7EMSL-G-BLB0","Fossil Gas","11WD7EMSL-G-BLB0","04/04/2026 07:00 - 04/04/2026 08:00","0.00",""
"04/04/2026 00:00 - 05/04/2026 00:00","CTA|DE(Amprion)","Emsland B","11WD7EMSL-G-BLB0","Fossil Gas","11WD7EMSL-G-BLB0","04/04/2026 08:00 - 04/04/2026 09:00","0.00",""
"04/04/2026 00:00 - 05/04/2026 00:00","CTA|DE(Amprion)","Emsland B","11WD7EMSL-G-BLB0","Fossil Gas","11WD7EMSL-G-BLB0","04/04/2026 09:00 - 04/04/2026 10:00","0.00",""
"04/04/2026 00:00 - 05/04/2026 00:00","CTA|DE(Amprion)","Emsland B","11WD7EMSL-G-BLB0","Fossil Gas","11WD7EMSL-G-BLB0","04/04/2026 10:00 - 04/04/2026 11:00","0.00",""
"04/04/2026 00:00 - 05/04/2026 00:00","CTA|DE(Amprion)","Emsland B","11WD7EMSL-G-BLB0","Fossil Gas","11WD7EMSL-G-BLB0","04/04/2026 11:00 - 04/04/2026 12:00","0.00",""
"04/04/2026 00:00 - 05/04/2026 00:00","CTA|DE(Amprion)","Emsland B","11WD7EMSL-G-BLB0","Fossil Gas","11WD7EMSL-G-BLB0","04/04/2026 12:00 - 04/04/2026 13:00","0.00",""
"04/04/2026 00:00 - 05/04/2026 00:00","CTA|DE(Amprion)","Emsland B","11WD7EMSL-G-BLB0","Fossil Gas","11WD7EMSL-G-BLB0","04/04/2026 13:00 - 04/04/2026 14:00","0.00",""
"04/04/2026 00:00 - 05/04/2026 00:00","CTA|DE(Amprion)","Emsland B","11WD7EMSL-G-BLB0","Fossil Gas","11WD7EMSL-G-BLB0","04/04/2026 14:00 - 04/04/2026 15:00","0.00",""
"04/04/2026 00:00 - 05/04/2026 00:00","CTA|DE(Amprion)","Emsland B","11WD7EMSL-G-BLB0","Fossil Gas","11WD7EMSL-G-BLB0","04/04/2026 15:00 - 04/04/2026 16:00","0.00",""
"04/04/2026 00:00 - 05/04/2026 00:00","CTA|DE(Amprion)","Emsland B","11WD7EMSL-G-BLB0","Fossil Gas","11WD7EMSL-G-BLB0","04/04/2026 16:00 - 04/04/2026 17:00","0.00",""
"04/04/2026 00:00 - 05/04/2026 00:00","CTA|DE(Amprion)","Emsland B","11WD7EMSL-G-BLB0","Fossil Gas","11WD7EMSL-G-BLB0","04/04/2026 17:00 - 04/04/2026 18:00","0.00",""
"04/04/2026 00:00 - 05/04/2026 00:00","CTA|DE(Amprion)","Emsland B","11WD7EMSL-G-BLB0","Fossil Gas","11WD7EMSL-G-BLB0","04/04/2026 18:00 - 04/04/2026 19:00","0.00",""
"04/04/2026 00:00 - 05/04/2026 00:00","CTA|DE(Amprion)","Emsland B","11WD7EMSL-G-BLB0","Fossil Gas","11WD7EMSL-G-BLB0","04/04/2026 19:00 - 04/04/2026 20:00","0.00",""
"04/04/2026 00:00 - 05/04/2026 00:00","CTA|DE(Amprion)","Emsland B","11WD7EMSL-G-BLB0","Fossil Gas","11WD7EMSL-G-BLB0","04/04/2026 20:00 - 04/04/2026 21:00","0.00",""
"04/04/2026 00:00 - 05/04/2026 00:00","CTA|DE(Amprion)","Emsland B","11WD7EMSL-G-BLB0","Fossil Gas","11WD7EMSL-G-BLB0","04/04/2026 21:00 - 04/04/2026 22:00","0.00",""
"04/04/2026 00:00 - 05/04/2026 00:00","CTA|DE(Amprion)","Emsland B","11WD7EMSL-G-BLB0","Fossil Gas","11WD7EMSL-G-BLB0","04/04/2026 22:00 - 04/04/2026 23:00","0.00",""
"04/04/2026 00:00 - 05/04/2026 00:00","CTA|DE(Amprion)","Emsland B","11WD7EMSL-G-BLB0","Fossil Gas","11WD7EMSL-G-BLB0","04/04/2026 23:00 - 05/04/2026 00:00","0.00",""
"04/04/2026 00:00 - 05/04/2026 00:00","CTA|DE(Amprion)","Emsland C","11WD7EMSL-G-BLCZ","Fossil Gas","11WD7EMSL-G-BLCZ","04/04/2026 00:00 - 04/04/2026 01:00","213.93",""
"04/04/2026 00:00 - 05/04/2026 00:00","CTA|DE(Amprion)","Emsland C","11WD7EMSL-G-BLCZ","Fossil Gas","11WD7EMSL-G-BLCZ","04/04/2026 01:00 - 04/04/2026 02:00","213.88",""
"04/04/2026 00:00 - 05/04/2026 00:00","CTA|DE(Amprion)","Emsland C","11WD7EMSL-G-BLCZ","Fossil Gas","11WD7EMSL-G-BLCZ","04/04/2026 02:00 - 04/04/2026 03:00","213.85",""
"04/04/2026 00:00 - 05/04/2026 00:00","CTA|DE(Amprion)","Emsland C","11WD7EMSL-G-BLCZ","Fossil Gas","11WD7EMSL-G-BLCZ","04/04/2026 03:00 - 04/04/2026 04:00","213.97",""
"04/04/2026 00:00 - 05/04/2026 00:00","CTA|DE(Amprion)","Emsland C","11WD7EMSL-G-BLCZ","Fossil Gas","11WD7EMSL-G-BLCZ","04/04/2026 04:00 - 04/04/2026 05:00","213.90",""
"04/04/2026 00:00 - 05/04/2026 00:00","CTA|DE(Amprion)","Emsland C","11WD7EMSL-G-BLCZ","Fossil Gas","11WD7EMSL-G-BLCZ","04/04/2026 05:00 - 04/04/2026 06:00","214.15",""
"04/04/2026 00:00 - 05/04/2026 00:00","CTA|DE(Amprion)","Emsland C","11WD7EMSL-G-BLCZ","Fossil Gas","11WD7EMSL-G-BLCZ","04/04/2026 06:00 - 04/04/2026 07:00","214.07",""
"04/04/2026 00:00 - 05/04/2026 00:00","CTA|DE(Amprion)","Emsland C","11WD7EMSL-G-BLCZ","Fossil Gas","11WD7EMSL-G-BLCZ","04/04/2026 07:00 - 04/04/2026 08:00","214.10",""
"04/04/2026 00:00 - 05/04/2026 00:00","CTA|DE(Amprion)","Emsland C","11WD7EMSL-G-BLCZ","Fossil Gas","11WD7EMSL-G-BLCZ","04/04/2026 08:00 - 04/04/2026 09:00","213.75",""
"04/04/2026 00:00 - 05/04/2026 00:00","CTA|DE(Amprion)","Emsland C","11WD7EMSL-G-BLCZ","Fossil Gas","11WD7EMSL-G-BLCZ","04/04/2026 09:00 - 04/04/2026 10:00","214.32",""
"04/04/2026 00:00 - 05/04/2026 00:00","CTA|DE(Amprion)","Emsland C","11WD7EMSL-G-BLCZ","Fossil Gas","11WD7EMSL-G-BLCZ","04/04/2026 10:00 - 04/04/2026 11:00","225.15",""
"04/04/2026 00:00 - 05/04/2026 00:00","CTA|DE(Amprion)","Emsland C","11WD7EMSL-G-BLCZ","Fossil Gas","11WD7EMSL-G-BLCZ","04/04/2026 11:00 - 04/04/2026 12:00","224.45",""
"04/04/2026 00:00 - 05/04/2026 00:00","CTA|DE(Amprion)","Emsland C","11WD7EMSL-G-BLCZ","Fossil Gas","11WD7EMSL-G-BLCZ","04/04/2026 12:00 - 04/04/2026 13:00","227.55",""
"04/04/2026 00:00 - 05/04/2026 00:00","CTA|DE(Amprion)","Emsland C","11WD7EMSL-G-BLCZ","Fossil Gas","11WD7EMSL-G-BLCZ","04/04/2026 13:00 - 04/04/2026 14:00","6.45",""
"04/04/2026 00:00 - 05/04/2026 00:00","CTA|DE(Amprion)","Emsland C","11WD7EMSL-G-BLCZ","Fossil Gas","11WD7EMSL-G-BLCZ","04/04/2026 14:00 - 04/04/2026 15:00","0.00",""
"04/04/2026 00:00 - 05/04/2026 00:00","CTA|DE(Amprion)","Emsland C","11WD7EMSL-G-BLCZ","Fossil Gas","11WD7EMSL-G-BLCZ","04/04/2026 15:00 - 04/04/2026 16:00","0.00",""
"04/04/2026 00:00 - 05/04/2026 00:00","CTA|DE(Amprion)","Emsland C","11WD7EMSL-G-BLCZ","Fossil Gas","11WD7EMSL-G-BLCZ","04/04/2026 16:00 - 04/04/2026 17:00","0.00",""
"04/04/2026 00:00 - 05/04/2026 00:00","CTA|DE(Amprion)","Emsland C","11WD7EMSL-G-BLCZ","Fossil Gas","11WD7EMSL-G-BLCZ","04/04/2026 17:00 - 04/04/2026 18:00","0.00",""
"04/04/2026 00:00 - 05/04/2026 00:00","CTA|DE(Amprion)","Emsland C","11WD7EMSL-G-BLCZ","Fossil Gas","11WD7EMSL-G-BLCZ","04/04/2026 18:00 - 04/04/2026 19:00","5.03",""
"04/04/2026 00:00 - 05/04/2026 00:00","CTA|DE(Amprion)","Emsland C","11WD7EMSL-G-BLCZ","Fossil Gas","11WD7EMSL-G-BLCZ","04/04/2026 19:00 - 04/04/2026 20:00","135.25",""
"04/04/2026 00:00 - 05/04/2026 00:00","CTA|DE(Amprion)","Emsland C","11WD7EMSL-G-BLCZ","Fossil Gas","11WD7EMSL-G-BLCZ","04/04/2026 20:00 - 04/04/2026 21:00","219.25",""
"04/04/2026 00:00 - 05/04/2026 00:00","CTA|DE(Amprion)","Emsland C","11WD7EMSL-G-BLCZ","Fossil Gas","11WD7EMSL-G-BLCZ","04/04/2026 21:00 - 04/04/2026 22:00","225.72",""
"04/04/2026 00:00 - 05/04/2026 00:00","CTA|DE(Amprion)","Emsland C","11WD7EMSL-G-BLCZ","Fossil Gas","11WD7EMSL-G-BLCZ","04/04/2026 22:00 - 04/04/2026 23:00","411.75",""
"04/04/2026 00:00 - 05/04/2026 00:00","CTA|DE(Amprion)","Emsland C","11WD7EMSL-G-BLCZ","Fossil Gas","11WD7EMSL-G-BLCZ","04/04/2026 23:00 - 05/04/2026 00:00","201.68",""
"04/04/2026 00:00 - 05/04/2026 00:00","CTA|DE(Amprion)","Emsland D","11WD7EMSL1G-GUD9","Fossil Gas","11WD7EMSL1G-GUD9","04/04/2026 00:00 - 04/04/2026 01:00","0.00",""
"04/04/2026 00:00 - 05/04/2026 00:00","CTA|DE(Amprion)","Emsland D","11WD7EMSL1G-GUD9","Fossil Gas","11WD7EMSL1G-GUD9","04/04/2026 01:00 - 04/04/2026 02:00","0.00",""
"04/04/2026 00:00 - 05/04/2026 00:00","CTA|DE(Amprion)","Emsland D","11WD7EMSL1G-GUD9","Fossil Gas","11WD7EMSL1G-GUD9","04/04/2026 02:00 - 04/04/2026 03:00","0.00",""
"04/04/2026 00:00 - 05/04/2026 00:00","CTA|DE(Amprion)","Emsland D","11WD7EMSL1G-GUD9","Fossil Gas","11WD7EMSL1G-GUD9","04/04/2026 03:00 - 04/04/2026 04:00","0.00",""
"04/04/2026 00:00 - 05/04/2026 00:00","CTA|DE(Amprion)","Emsland D","11WD7EMSL1G-GUD9","Fossil Gas","11WD7EMSL1G-GUD9","04/04/2026 04:00 - 04/04/2026 05:00","0.00",""
"04/04/2026 00:00 - 05/04/2026 00:00","CTA|DE(Amprion)","Emsland D","11WD7EMSL1G-GUD9","Fossil Gas","11WD7EMSL1G-GUD9","04/04/2026 05:00 - 04/04/2026 06:00","0.00",""
"04/04/2026 00:00 - 05/04/2026 00:00","CTA|DE(Amprion)","Emsland D","11WD7EMSL1G-GUD9","Fossil Gas","11WD7EMSL1G-GUD9","04/04/2026 06:00 - 04/04/2026 07:00","0.00",""
"04/04/2026 00:00 - 05/04/2026 00:00","CTA|DE(Amprion)","Emsland D","11WD7EMSL1G-GUD9","Fossil Gas","11WD7EMSL1G-GUD9","04/04/2026 07:00 - 04/04/2026 08:00","0.00",""
"04/04/2026 00:00 - 05/04/2026 00:00","CTA|DE(Amprion)","Emsland D","11WD7EMSL1G-GUD9","Fossil Gas","11WD7EMSL1G-GUD9","04/04/2026 08:00 - 04/04/2026 09:00","0.00",""
"04/04/2026 00:00 - 05/04/2026 00:00","CTA|DE(Amprion)","Emsland D","11WD7EMSL1G-GUD9","Fossil Gas","11WD7EMSL1G-GUD9","04/04/2026 09:00 - 04/04/2026 10:00","0.00",""
"04/04/2026 00:00 - 05/04/2026 00:00","CTA|DE(Amprion)","Emsland D","11WD7EMSL1G-GUD9","Fossil Gas","11WD7EMSL1G-GUD9","04/04/2026 10:00 - 04/04/2026 11:00","0.00",""
"04/04/2026 00:00 - 05/04/2026 00:00","CTA|DE(Amprion)","Emsland D","11WD7EMSL1G-GUD9","Fossil Gas","11WD7EMSL1G-GUD9","04/04/2026 11:00 - 04/04/2026 12:00","0.00",""
"04/04/2026 00:00 - 05/04/2026 00:00","CTA|DE(Amprion)","Emsland D","11WD7EMSL1G-GUD9","Fossil Gas","11WD7EMSL1G-GUD9","04/04/2026 12:00 - 04/04/2026 13:00","0.00",""
"04/04/2026 00:00 - 05/04/2026 00:00","CTA|DE(Amprion)","Emsland D","11WD7EMSL1G-GUD9","Fossil Gas","11WD7EMSL1G-GUD9","04/04/2026 13:00 - 04/04/2026 14:00","0.00",""
"04/04/2026 00:00 - 05/04/2026 00:00","CTA|DE(Amprion)","Emsland D","11WD7EMSL1G-GUD9","Fossil Gas","11WD7EMSL1G-GUD9","04/04/2026 14:00 - 04/04/2026 15:00","0.00",""
"04/04/2026 00:00 - 05/04/2026 00:00","CTA|DE(Amprion)","Emsland D","11WD7EMSL1G-GUD9","Fossil Gas","11WD7EMSL1G-GUD9","04/04/2026 15:00 - 04/04/2026 16:00","0.00",""
"04/04/2026 00:00 - 05/04/2026 00:00","CTA|DE(Amprion)","Emsland D","11WD7EMSL1G-GUD9","Fossil Gas","11WD7EMSL1G-GUD9","04/04/2026 16:00 - 04/04/2026 17:00","0.00",""
"04/04/2026 00:00 - 05/04/2026 00:00","CTA|DE(Amprion)","Emsland D","11WD7EMSL1G-GUD9","Fossil Gas","11WD7EMSL1G-GUD9","04/04/2026 17:00 - 04/04/2026 18:00","0.00",""
"04/04/2026 00:00 - 05/04/2026 00:00","CTA|DE(Amprion)","Emsland D","11WD7EMSL1G-GUD9","Fossil Gas","11WD7EMSL1G-GUD9","04/04/2026 18:00 - 04/04/2026 19:00","0.00",""
"04/04/2026 00:00 - 05/04/2026 00:00","CTA|DE(Amprion)","Emsland D","11WD7EMSL1G-GUD9","Fossil Gas","11WD7EMSL1G-GUD9","04/04/2026 19:00 - 04/04/2026 20:00","0.00",""
"04/04/2026 00:00 - 05/04/2026 00:00","CTA|DE(Amprion)","Emsland D","11WD7EMSL1G-GUD9","Fossil Gas","11WD7EMSL1G-GUD9","04/04/2026 20:00 - 04/04/2026 21:00","0.00",""
"04/04/2026 00:00 - 05/04/2026 00:00","CTA|DE(Amprion)","Emsland D","11WD7EMSL1G-GUD9","Fossil Gas","11WD7EMSL1G-GUD9","04/04/2026 21:00 - 04/04/2026 22:00","0.00",""
"04/04/2026 00:00 - 05/04/2026 00:00","CTA|DE(Amprion)","Emsland D","11WD7EMSL1G-GUD9","Fossil Gas","11WD7EMSL1G-GUD9","04/04/2026 22:00 - 04/04/2026 23:00","0.00",""
"04/04/2026 00:00 - 05/04/2026 00:00","CTA|DE(Amprion)","Emsland D","11WD7EMSL1G-GUD9","Fossil Gas","11WD7EMSL1G-GUD9","04/04/2026 23:00 - 05/04/2026 00:00","0.00",""
"04/04/2026 00:00 - 05/04/2026 00:00","CTA|DE(Amprion)","GuD-Anlage-HKW-Merkenich","11WD7FUEH5GMERKA","Fossil Gas","11WD7FUEH5GMERKA","04/04/2026 00:00 - 04/04/2026 01:00","0.00",""
"04/04/2026 00:00 - 05/04/2026 00:00","CTA|DE(Amprion)","GuD-Anlage-HKW-Merkenich","11WD7FUEH5GMERKA","Fossil Gas","11WD7FUEH5GMERKA","04/04/2026 01:00 - 04/04/2026 02:00","0.00",""
"04/04/2026 00:00 - 05/04/2026 00:00","CTA|DE(Amprion)","GuD-Anlage-HKW-Merkenich","11WD7FUEH5GMERKA","Fossil Gas","11WD7FUEH5GMERKA","04/04/2026 02:00 - 04/04/2026 03:00","0.00",""
"04/04/2026 00:00 - 05/04/2026 00:00","CTA|DE(Amprion)","GuD-Anlage-HKW-Merkenich","11WD7FUEH5GMERKA","Fossil Gas","11WD7FUEH5GMERKA","04/04/2026 03:00 - 04/04/2026 04:00","0.00",""
"04/04/2026 00:00 - 05/04/2026 00:00","CTA|DE(Amprion)","GuD-Anlage-HKW-Merkenich","11WD7FUEH5GMERKA","Fossil Gas","11WD7FUEH5GMERKA","04/04/2026 04:00 - 04/04/2026 05:00","0.00",""
"04/04/2026 00:00 - 05/04/2026 00:00","CTA|DE(Amprion)","GuD-Anlage-HKW-Merkenich","11WD7FUEH5GMERKA","Fossil Gas","11WD7FUEH5GMERKA","04/04/2026 05:00 - 04/04/2026 06:00","0.00",""
"04/04/2026 00:00 - 05/04/2026 00:00","CTA|DE(Amprion)","GuD-Anlage-HKW-Merkenich","11WD7FUEH5GMERKA","Fossil Gas","11WD7FUEH5GMERKA","04/04/2026 06:00 - 04/04/2026 07:00","0.00",""
"04/04/2026 00:00 - 05/04/2026 00:00","CTA|DE(Amprion)","GuD-Anlage-HKW-Merkenich","11WD7FUEH5GMERKA","Fossil Gas","11WD7FUEH5GMERKA","04/04/2026 07:00 - 04/04/2026 08:00","0.00",""
"04/04/2026 00:00 - 05/04/2026 00:00","CTA|DE(Amprion)","GuD-Anlage-HKW-Merkenich","11WD7FUEH5GMERKA","Fossil Gas","11WD7FUEH5GMERKA","04/04/2026 08:00 - 04/04/2026 09:00","0.00",""
"04/04/2026 00:00 - 05/04/2026 00:00","CTA|DE(Amprion)","GuD-Anlage-HKW-Merkenich","11WD7FUEH5GMERKA","Fossil Gas","11WD7FUEH5GMERKA","04/04/2026 09:00 - 04/04/2026 10:00","0.00",""
"04/04/2026 00:00 - 05/04/2026 00:00","CTA|DE(Amprion)","GuD-Anlage-HKW-Merkenich","11WD7FUEH5GMERKA","Fossil Gas","11WD7FUEH5GMERKA","04/04/2026 10:00 - 04/04/2026 11:00","0.00",""
"04/04/2026 00:00 - 05/04/2026 00:00","CTA|DE(Amprion)","GuD-Anlage-HKW-Merkenich","11WD7FUEH5GMERKA","Fossil Gas","11WD7FUEH5GMERKA","04/04/2026 11:00 - 04/04/2026 12:00","0.00",""
"04/04/2026 00:00 - 05/04/2026 00:00","CTA|DE(Amprion)","GuD-Anlage-HKW-Merkenich","11WD7FUEH5GMERKA","Fossil Gas","11WD7FUEH5GMERKA","04/04/2026 12:00 - 04/04/2026 13:00","0.00",""
"04/04/2026 00:00 - 05/04/2026 00:00","CTA|DE(Amprion)","GuD-Anlage-HKW-Merkenich","11WD7FUEH5GMERKA","Fossil Gas","11WD7FUEH5GMERKA","04/04/2026 13:00 - 04/04/2026 14:00","0.00",""
"04/04/2026 00:00 - 05/04/2026 00:00","CTA|DE(Amprion)","GuD-Anlage-HKW-Merkenich","11WD7FUEH5GMERKA","Fossil Gas","11WD7FUEH5GMERKA","04/04/2026 14:00 - 04/04/2026 15:00","0.00",""
"04/04/2026 00:00 - 05/04/2026 00:00","CTA|DE(Amprion)","GuD-Anlage-HKW-Merkenich","11WD7FUEH5GMERKA","Fossil Gas","11WD7FUEH5GMERKA","04/04/2026 15:00 - 04/04/2026 16:00","0.00",""
"04/04/2026 00:00 - 05/04/2026 00:00","CTA|DE(Amprion)","GuD-Anlage-HKW-Merkenich","11WD7FUEH5GMERKA","Fossil Gas","11WD7FUEH5GMERKA","04/04/2026 16:00 - 04/04/2026 17:00","0.00",""
"04/04/2026 00:00 - 05/04/2026 00:00","CTA|DE(Amprion)","GuD-Anlage-HKW-Merkenich","11WD7FUEH5GMERKA","Fossil Gas","11WD7FUEH5GMERKA","04/04/2026 17:00 - 04/04/2026 18:00","0.00",""
"04/04/2026 00:00 - 05/04/2026 00:00","CTA|DE(Amprion)","GuD-Anlage-HKW-Merkenich","11WD7FUEH5GMERKA","Fossil Gas","11WD7FUEH5GMERKA","04/04/2026 18:00 - 04/04/2026 19:00","0.00",""
"04/04/2026 00:00 - 05/04/2026 00:00","CTA|DE(Amprion)","GuD-Anlage-HKW-Merkenich","11WD7FUEH5GMERKA","Fossil Gas","11WD7FUEH5GMERKA","04/04/2026 19:00 - 04/04/2026 20:00","0.00",""
"04/04/2026 00:00 - 05/04/2026 00:00","CTA|DE(Amprion)","GuD-Anlage-HKW-Merkenich","11WD7FUEH5GMERKA","Fossil Gas","11WD7FUEH5GMERKA","04/04/2026 20:00 - 04/04/2026 21:00","0.00",""
"04/04/2026 00:00 - 05/04/2026 00:00","CTA|DE(Amprion)","GuD-Anlage-HKW-Merkenich","11WD7FUEH5GMERKA","Fossil Gas","11WD7FUEH5GMERKA","04/04/2026 21:00 - 04/04/2026 22:00","0.00",""
"04/04/2026 00:00 - 05/04/2026 00:00","CTA|DE(Amprion)","GuD-Anlage-HKW-Merkenich","11WD7FUEH5GMERKA","Fossil Gas","11WD7FUEH5GMERKA","04/04/2026 22:00 - 04/04/2026 23:00","0.00",""
"04/04/2026 00:00 - 05/04/2026 00:00","CTA|DE(Amprion)","GuD-Anlage-HKW-Merkenich","11WD7FUEH5GMERKA","Fossil Gas","11WD7FUEH5GMERKA","04/04/2026 23:00 - 05/04/2026 00:00","0.00",""
"04/04/2026 00:00 - 05/04/2026 00:00","CTA|DE(Amprion)","Gersteinwerk I","11WD7GERS-G-BLIY","Fossil Gas","11WD7GERS-G-BLIY","04/04/2026 00:00 - 04/04/2026 01:00","0.00",""
"04/04/2026 00:00 - 05/04/2026 00:00","CTA|DE(Amprion)","Gersteinwerk I","11WD7GERS-G-BLIY","Fossil Gas","11WD7GERS-G-BLIY","04/04/2026 01:00 - 04/04/2026 02:00","0.00",""
"04/04/2026 00:00 - 05/04/2026 00:00","CTA|DE(Amprion)","Gersteinwerk I","11WD7GERS-G-BLIY","Fossil Gas","11WD7GERS-G-BLIY","04/04/2026 02:00 - 04/04/2026 03:00","0.00",""
"04/04/2026 00:00 - 05/04/2026 00:00","CTA|DE(Amprion)","Gersteinwerk I","11WD7GERS-G-BLIY","Fossil Gas","11WD7GERS-G-BLIY","04/04/2026 03:00 - 04/04/2026 04:00","0.00",""
"04/04/2026 00:00 - 05/04/2026 00:00","CTA|DE(Amprion)","Gersteinwerk I","11WD7GERS-G-BLIY","Fossil Gas","11WD7GERS-G-BLIY","04/04/2026 04:00 - 04/04/2026 05:00","0.00",""
"04/04/2026 00:00 - 05/04/2026 00:00","CTA|DE(Amprion)","Gersteinwerk I","11WD7GERS-G-BLIY","Fossil Gas","11WD7GERS-G-BLIY","04/04/2026 05:00 - 04/04/2026 06:00","0.00",""
"04/04/2026 00:00 - 05/04/2026 00:00","CTA|DE(Amprion)","Gersteinwerk I","11WD7GERS-G-BLIY","Fossil Gas","11WD7GERS-G-BLIY","04/04/2026 06:00 - 04/04/2026 07:00","0.00",""
"04/04/2026 00:00 - 05/04/2026 00:00","CTA|DE(Amprion)","Gersteinwerk I","11WD7GERS-G-BLIY","Fossil Gas","11WD7GERS-G-BLIY","04/04/2026 07:00 - 04/04/2026 08:00","0.00",""
"04/04/2026 00:00 - 05/04/2026 00:00","CTA|DE(Amprion)","Gersteinwerk I","11WD7GERS-G-BLIY","Fossil Gas","11WD7GERS-G-BLIY","04/04/2026 08:00 - 04/04/2026 09:00","0.00",""
"04/04/2026 00:00 - 05/04/2026 00:00","CTA|DE(Amprion)","Gersteinwerk I","11WD7GERS-G-BLIY","Fossil Gas","11WD7GERS-G-BLIY","04/04/2026 09:00 - 04/04/2026 10:00","0.00",""
"04/04/2026 00:00 - 05/04/2026 00:00","CTA|DE(Amprion)","Gersteinwerk I","11WD7GERS-G-BLIY","Fossil Gas","11WD7GERS-G-BLIY","04/04/2026 10:00 - 04/04/2026 11:00","0.00",""
"04/04/2026 00:00 - 05/04/2026 00:00","CTA|DE(Amprion)","Gersteinwerk I","11WD7GERS-G-BLIY","Fossil Gas","11WD7GERS-G-BLIY","04/04/2026 11:00 - 04/04/2026 12:00","0.00",""
"04/04/2026 00:00 - 05/04/2026 00:00","CTA|DE(Amprion)","Gersteinwerk I","11WD7GERS-G-BLIY","Fossil Gas","11WD7GERS-G-BLIY","04/04/2026 12:00 - 04/04/2026 13:00","0.00",""
"04/04/2026 00:00 - 05/04/2026 00:00","CTA|DE(Amprion)","Gersteinwerk I","11WD7GERS-G-BLIY","Fossil Gas","11WD7GERS-G-BLIY","04/04/2026 13:00 - 04/04/2026 14:00","0.00",""
"04/04/2026 00:00 - 05/04/2026 00:00","CTA|DE(Amprion)","Gersteinwerk I","11WD7GERS-G-BLIY","Fossil Gas","11WD7GERS-G-BLIY","04/04/2026 14:00 - 04/04/2026 15:00","0.00",""
"04/04/2026 00:00 - 05/04/2026 00:00","CTA|DE(Amprion)","Gersteinwerk I","11WD7GERS-G-BLIY","Fossil Gas","11WD7GERS-G-BLIY","04/04/2026 15:00 - 04/04/2026 16:00","0.00",""
"04/04/2026 00:00 - 05/04/2026 00:00","CTA|DE(Amprion)","Gersteinwerk I","11WD7GERS-G-BLIY","Fossil Gas","11WD7GERS-G-BLIY","04/04/2026 16:00 - 04/04/2026 17:00","0.00",""
"04/04/2026 00:00 - 05/04/2026 00:00","CTA|DE(Amprion)","Gersteinwerk I","11WD7GERS-G-BLIY","Fossil Gas","11WD7GERS-G-BLIY","04/04/2026 17:00 - 04/04/2026 18:00","0.00",""
"04/04/2026 00:00 - 05/04/2026 00:00","CTA|DE(Amprion)","Gersteinwerk I","11WD7GERS-G-BLIY","Fossil Gas","11WD7GERS-G-BLIY","04/04/2026 18:00 - 04/04/2026 19:00","0.00",""
"04/04/2026 00:00 - 05/04/2026 00:00","CTA|DE(Amprion)","Gersteinwerk I","11WD7GERS-G-BLIY","Fossil Gas","11WD7GERS-G-BLIY","04/04/2026 19:00 - 04/04/2026 20:00","0.00",""
"04/04/2026 00:00 - 05/04/2026 00:00","CTA|DE(Amprion)","Gersteinwerk I","11WD7GERS-G-BLIY","Fossil Gas","11WD7GERS-G-BLIY","04/04/2026 20:00 - 04/04/2026 21:00","0.00",""
"04/04/2026 00:00 - 05/04/2026 00:00","CTA|DE(Amprion)","Gersteinwerk I","11WD7GERS-G-BLIY","Fossil Gas","11WD7GERS-G-BLIY","04/04/2026 21:00 - 04/04/2026 22:00","0.00",""
"04/04/2026 00:00 - 05/04/2026 00:00","CTA|DE(Amprion)","Gersteinwerk I","11WD7GERS-G-BLIY","Fossil Gas","11WD7GERS-G-BLIY","04/04/2026 22:00 - 04/04/2026 23:00","0.00",""
"04/04/2026 00:00 - 05/04/2026 00:00","CTA|DE(Amprion)","Gersteinwerk I","11WD7GERS-G-BLIY","Fossil Gas","11WD7GERS-G-BLIY","04/04/2026 23:00 - 05/04/2026 00:00","0.00",""
"04/04/2026 00:00 - 05/04/2026 00:00","CTA|DE(Amprion)","HERDECKE_H6","11WD7HERD2G-H6-X","Fossil Gas","11WD7HERD2G-H6-X","04/04/2026 00:00 - 04/04/2026 01:00","0.00",""
"04/04/2026 00:00 - 05/04/2026 00:00","CTA|DE(Amprion)","HERDECKE_H6","11WD7HERD2G-H6-X","Fossil Gas","11WD7HERD2G-H6-X","04/04/2026 01:00 - 04/04/2026 02:00","0.00",""
"04/04/2026 00:00 - 05/04/2026 00:00","CTA|DE(Amprion)","HERDECKE_H6","11WD7HERD2G-H6-X","Fossil Gas","11WD7HERD2G-H6-X","04/04/2026 02:00 - 04/04/2026 03:00","0.00",""
"04/04/2026 00:00 - 05/04/2026 00:00","CTA|DE(Amprion)","HERDECKE_H6","11WD7HERD2G-H6-X","Fossil Gas","11WD7HERD2G-H6-X","04/04/2026 03:00 - 04/04/2026 04:00","0.00",""
"04/04/2026 00:00 - 05/04/2026 00:00","CTA|DE(Amprion)","HERDECKE_H6","11WD7HERD2G-H6-X","Fossil Gas","11WD7HERD2G-H6-X","04/04/2026 04:00 - 04/04/2026 05:00","0.00",""
"04/04/2026 00:00 - 05/04/2026 00:00","CTA|DE(Amprion)","HERDECKE_H6","11WD7HERD2G-H6-X","Fossil Gas","11WD7HERD2G-H6-X","04/04/2026 05:00 - 04/04/2026 06:00","0.00",""
"04/04/2026 00:00 - 05/04/2026 00:00","CTA|DE(Amprion)","HERDECKE_H6","11WD7HERD2G-H6-X","Fossil Gas","11WD7HERD2G-H6-X","04/04/2026 06:00 - 04/04/2026 07:00","0.00",""
"04/04/2026 00:00 - 05/04/2026 00:00","CTA|DE(Amprion)","HERDECKE_H6","11WD7HERD2G-H6-X","Fossil Gas","11WD7HERD2G-H6-X","04/04/2026 07:00 - 04/04/2026 08:00","0.00",""
"04/04/2026 00:00 - 05/04/2026 00:00","CTA|DE(Amprion)","HERDECKE_H6","11WD7HERD2G-H6-X","Fossil Gas","11WD7HERD2G-H6-X","04/04/2026 08:00 - 04/04/2026 09:00","0.00",""
"04/04/2026 00:00 - 05/04/2026 00:00","CTA|DE(Amprion)","HERDECKE_H6","11WD7HERD2G-H6-X","Fossil Gas","11WD7HERD2G-H6-X","04/04/2026 09:00 - 04/04/2026 10:00","0.00",""
"04/04/2026 00:00 - 05/04/2026 00:00","CTA|DE(Amprion)","HERDECKE_H6","11WD7HERD2G-H6-X","Fossil Gas","11WD7HERD2G-H6-X","04/04/2026 10:00 - 04/04/2026 11:00","0.00",""
"04/04/2026 00:00 - 05/04/2026 00:00","CTA|DE(Amprion)","HERDECKE_H6","11WD7HERD2G-H6-X","Fossil Gas","11WD7HERD2G-H6-X","04/04/2026 11:00 - 04/04/2026 12:00","0.00",""
"04/04/2026 00:00 - 05/04/2026 00:00","CTA|DE(Amprion)","HERDECKE_H6","11WD7HERD2G-H6-X","Fossil Gas","11WD7HERD2G-H6-X","04/04/2026 12:00 - 04/04/2026 13:00","0.00",""
"04/04/2026 00:00 - 05/04/2026 00:00","CTA|DE(Amprion)","HERDECKE_H6","11WD7HERD2G-H6-X","Fossil Gas","11WD7HERD2G-H6-X","04/04/2026 13:00 - 04/04/2026 14:00","0.00",""
"04/04/2026 00:00 - 05/04/2026 00:00","CTA|DE(Amprion)","HERDECKE_H6","11WD7HERD2G-H6-X","Fossil Gas","11WD7HERD2G-H6-X","04/04/2026 14:00 - 04/04/2026 15:00","0.00",""
"04/04/2026 00:00 - 05/04/2026 00:00","CTA|DE(Amprion)","HERDECKE_H6","11WD7HERD2G-H6-X","Fossil Gas","11WD7HERD2G-H6-X","04/04/2026 15:00 - 04/04/2026 16:00","0.00",""
"04/04/2026 00:00 - 05/04/2026 00:00","CTA|DE(Amprion)","HERDECKE_H6","11WD7HERD2G-H6-X","Fossil Gas","11WD7HERD2G-H6-X","04/04/2026 16:00 - 04/04/2026 17:00","0.00",""
"04/04/2026 00:00 - 05/04/2026 00:00","CTA|DE(Amprion)","HERDECKE_H6","11WD7HERD2G-H6-X","Fossil Gas","11WD7HERD2G-H6-X","04/04/2026 17:00 - 04/04/2026 18:00","0.00",""
"04/04/2026 00:00 - 05/04/2026 00:00","CTA|DE(Amprion)","HERDECKE_H6","11WD7HERD2G-H6-X","Fossil Gas","11WD7HERD2G-H6-X","04/04/2026 18:00 - 04/04/2026 19:00","0.00",""
"04/04/2026 00:00 - 05/04/2026 00:00","CTA|DE(Amprion)","HERDECKE_H6","11WD7HERD2G-H6-X","Fossil Gas","11WD7HERD2G-H6-X","04/04/2026 19:00 - 04/04/2026 20:00","0.00",""
"04/04/2026 00:00 - 05/04/2026 00:00","CTA|DE(Amprion)","HERDECKE_H6","11WD7HERD2G-H6-X","Fossil Gas","11WD7HERD2G-H6-X","04/04/2026 20:00 - 04/04/2026 21:00","0.00",""
"04/04/2026 00:00 - 05/04/2026 00:00","CTA|DE(Amprion)","HERDECKE_H6","11WD7HERD2G-H6-X","Fossil Gas","11WD7HERD2G-H6-X","04/04/2026 21:00 - 04/04/2026 22:00","0.00",""
"04/04/2026 00:00 - 05/04/2026 00:00","CTA|DE(Amprion)","HERDECKE_H6","11WD7HERD2G-H6-X","Fossil Gas","11WD7HERD2G-H6-X","04/04/2026 22:00 - 04/04/2026 23:00","0.00",""
"04/04/2026 00:00 - 05/04/2026 00:00","CTA|DE(Amprion)","HERDECKE_H6","11WD7HERD2G-H6-X","Fossil Gas","11WD7HERD2G-H6-X","04/04/2026 23:00 - 05/04/2026 00:00","0.00",""
"04/04/2026 00:00 - 05/04/2026 00:00","CTA|DE(Amprion)","HERNE_4","11WD7HERN2S--4-X","Fossil Hard coal","11WD7HERN2S--4-X","04/04/2026 00:00 - 04/04/2026 00:15","0.21",""
"04/04/2026 00:00 - 05/04/2026 00:00","CTA|DE(Amprion)","HERNE_4","11WD7HERN2S--4-X","Fossil Hard coal","11WD7HERN2S--4-X","04/04/2026 00:15 - 04/04/2026 00:30","0.42",""
"04/04/2026 00:00 - 05/04/2026 00:00","CTA|DE(Amprion)","HERNE_4","11WD7HERN2S--4-X","Fossil Hard coal","11WD7HERN2S--4-X","04/04/2026 00:30 - 04/04/2026 00:45","0.00",""
"04/04/2026 00:00 - 05/04/2026 00:00","CTA|DE(Amprion)","HERNE_4","11WD7HERN2S--4-X","Fossil Hard coal","11WD7HERN2S--4-X","04/04/2026 00:45 - 04/04/2026 01:00","0.00",""
"04/04/2026 00:00 - 05/04/2026 00:00","CTA|DE(Amprion)","HERNE_4","11WD7HERN2S--4-X","Fossil Hard coal","11WD7HERN2S--4-X","04/04/2026 01:00 - 04/04/2026 01:15","0.00",""
"04/04/2026 00:00 - 05/04/2026 00:00","CTA|DE(Amprion)","HERNE_4","11WD7HERN2S--4-X","Fossil Hard coal","11WD7HERN2S--4-X","04/04/2026 01:15 - 04/04/2026 01:30","0.00",""
"04/04/2026 00:00 - 05/04/2026 00:00","CTA|DE(Amprion)","HERNE_4","11WD7HERN2S--4-X","Fossil Hard coal","11WD7HERN2S--4-X","04/04/2026 01:30 - 04/04/2026 01:45","0.00",""
"04/04/2026 00:00 - 05/04/2026 00:00","CTA|DE(Amprion)","HERNE_4","11WD7HERN2S--4-X","Fossil Hard coal","11WD7HERN2S--4-X","04/04/2026 01:45 - 04/04/2026 02:00","0.00",""
"04/04/2026 00:00 - 05/04/2026 00:00","CTA|DE(Amprion)","HERNE_4","11WD7HERN2S--4-X","Fossil Hard coal","11WD7HERN2S--4-X","04/04/2026 02:00 - 04/04/2026 02:15","0.21",""
"04/04/2026 00:00 - 05/04/2026 00:00","CTA|DE(Amprion)","HERNE_4","11WD7HERN2S--4-X","Fossil Hard coal","11WD7HERN2S--4-X","04/04/2026 02:15 - 04/04/2026 02:30","0.00",""
"04/04/2026 00:00 - 05/04/2026 00:00","CTA|DE(Amprion)","HERNE_4","11WD7HERN2S--4-X","Fossil Hard coal","11WD7HERN2S--4-X","04/04/2026 02:30 - 04/04/2026 02:45","0.00",""
"04/04/2026 00:00 - 05/04/2026 00:00","CTA|DE(Amprion)","HERNE_4","11WD7HERN2S--4-X","Fossil Hard coal","11WD7HERN2S--4-X","04/04/2026 02:45 - 04/04/2026 03:00","0.00",""
"04/04/2026 00:00 - 05/04/2026 00:00","CTA|DE(Amprion)","HERNE_4","11WD7HERN2S--4-X","Fossil Hard coal","11WD7HERN2S--4-X","04/04/2026 03:00 - 04/04/2026 03:15","0.00",""
"04/04/2026 00:00 - 05/04/2026 00:00","CTA|DE(Amprion)","HERNE_4","11WD7HERN2S--4-X","Fossil Hard coal","11WD7HERN2S--4-X","04/04/2026 03:15 - 04/04/2026 03:30","0.00",""
"04/04/2026 00:00 - 05/04/2026 00:00","CTA|DE(Amprion)","HERNE_4","11WD7HERN2S--4-X","Fossil Hard coal","11WD7HERN2S--4-X","04/04/2026 03:30 - 04/04/2026 03:45","0.00",""
"04/04/2026 00:00 - 05/04/2026 00:00","CTA|DE(Amprion)","HERNE_4","11WD7HERN2S--4-X","Fossil Hard coal","11WD7HERN2S--4-X","04/04/2026 03:45 - 04/04/2026 04:00","0.00",""
"04/04/2026 00:00 - 05/04/2026 00:00","CTA|DE(Amprion)","HERNE_4","11WD7HERN2S--4-X","Fossil Hard coal","11WD7HERN2S--4-X","04/04/2026 04:00 - 04/04/2026 04:15","0.00",""
"04/04/2026 00:00 - 05/04/2026 00:00","CTA|DE(Amprion)","HERNE_4","11WD7HERN2S--4-X","Fossil Hard coal","11WD7HERN2S--4-X","04/04/2026 04:15 - 04/04/2026 04:30","0.00",""
"04/04/2026 00:00 - 05/04/2026 00:00","CTA|DE(Amprion)","HERNE_4","11WD7HERN2S--4-X","Fossil Hard coal","11WD7HERN2S--4-X","04/04/2026 04:30 - 04/04/2026 04:45","0.00",""
"04/04/2026 00:00 - 05/04/2026 00:00","CTA|DE(Amprion)","HERNE_4","11WD7HERN2S--4-X","Fossil Hard coal","11WD7HERN2S--4-X","04/04/2026 04:45 - 04/04/2026 05:00","0.00",""
"04/04/2026 00:00 - 05/04/2026 00:00","CTA|DE(Amprion)","HERNE_4","11WD7HERN2S--4-X","Fossil Hard coal","11WD7HERN2S--4-X","04/04/2026 05:00 - 04/04/2026 05:15","0.00",""
"04/04/2026 00:00 - 05/04/2026 00:00","CTA|DE(Amprion)","HERNE_4","11WD7HERN2S--4-X","Fossil Hard coal","11WD7HERN2S--4-X","04/04/2026 05:15 - 04/04/2026 05:30","0.00",""
"04/04/2026 00:00 - 05/04/2026 00:00","CTA|DE(Amprion)","HERNE_4","11WD7HERN2S--4-X","Fossil Hard coal","11WD7HERN2S--4-X","04/04/2026 05:30 - 04/04/2026 05:45","0.00",""
"04/04/2026 00:00 - 05/04/2026 00:00","CTA|DE(Amprion)","HERNE_4","11WD7HERN2S--4-X","Fossil Hard coal","11WD7HERN2S--4-X","04/04/2026 05:45 - 04/04/2026 06:00","0.00",""
"04/04/2026 00:00 - 05/04/2026 00:00","CTA|DE(Amprion)","HERNE_4","11WD7HERN2S--4-X","Fossil Hard coal","11WD7HERN2S--4-X","04/04/2026 06:00 - 04/04/2026 06:15","0.00",""
"04/04/2026 00:00 - 05/04/2026 00:00","CTA|DE(Amprion)","HERNE_4","11WD7HERN2S--4-X","Fossil Hard coal","11WD7HERN2S--4-X","04/04/2026 06:15 - 04/04/2026 06:30","0.00",""
"04/04/2026 00:00 - 05/04/2026 00:00","CTA|DE(Amprion)","HERNE_4","11WD7HERN2S--4-X","Fossil Hard coal","11WD7HERN2S--4-X","04/04/2026 06:30 - 04/04/2026 06:45","0.00",""
"04/04/2026 00:00 - 05/04/2026 00:00","CTA|DE(Amprion)","HERNE_4","11WD7HERN2S--4-X","Fossil Hard coal","11WD7HERN2S--4-X","04/04/2026 06:45 - 04/04/2026 07:00","0.00",""
"04/04/2026 00:00 - 05/04/2026 00:00","CTA|DE(Amprion)","HERNE_4","11WD7HERN2S--4-X","Fossil Hard coal","11WD7HERN2S--4-X","04/04/2026 07:00 - 04/04/2026 07:15","0.00",""
"04/04/2026 00:00 - 05/04/2026 00:00","CTA|DE(Amprion)","HERNE_4","11WD7HERN2S--4-X","Fossil Hard coal","11WD7HERN2S--4-X","04/04/2026 07:15 - 04/04/2026 07:30","0.00",""
"04/04/2026 00:00 - 05/04/2026 00:00","CTA|DE(Amprion)","HERNE_4","11WD7HERN2S--4-X","Fossil Hard coal","11WD7HERN2S--4-X","04/04/2026 07:30 - 04/04/2026 07:45","0.00",""
"04/04/2026 00:00 - 05/04/2026 00:00","CTA|DE(Amprion)","HERNE_4","11WD7HERN2S--4-X","Fossil Hard coal","11WD7HERN2S--4-X","04/04/2026 07:45 - 04/04/2026 08:00","0.00",""
"04/04/2026 00:00 - 05/04/2026 00:00","CTA|DE(Amprion)","HERNE_4","11WD7HERN2S--4-X","Fossil Hard coal","11WD7HERN2S--4-X","04/04/2026 08:00 - 04/04/2026 08:15","0.63",""
"04/04/2026 00:00 - 05/04/2026 00:00","CTA|DE(Amprion)","HERNE_4","11WD7HERN2S--4-X","Fossil Hard coal","11WD7HERN2S--4-X","04/04/2026 08:15 - 04/04/2026 08:30","0.00",""
"04/04/2026 00:00 - 05/04/2026 00:00","CTA|DE(Amprion)","HERNE_4","11WD7HERN2S--4-X","Fossil Hard coal","11WD7HERN2S--4-X","04/04/2026 08:30 - 04/04/2026 08:45","0.00",""
"04/04/2026 00:00 - 05/04/2026 00:00","CTA|DE(Amprion)","HERNE_4","11WD7HERN2S--4-X","Fossil Hard coal","11WD7HERN2S--4-X","04/04/2026 08:45 - 04/04/2026 09:00","0.21",""
"04/04/2026 00:00 - 05/04/2026 00:00","CTA|DE(Amprion)","HERNE_4","11WD7HERN2S--4-X","Fossil Hard coal","11WD7HERN2S--4-X","04/04/2026 09:00 - 04/04/2026 09:15","1.48",""
"04/04/2026 00:00 - 05/04/2026 00:00","CTA|DE(Amprion)","HERNE_4","11WD7HERN2S--4-X","Fossil Hard coal","11WD7HERN2S--4-X","04/04/2026 09:15 - 04/04/2026 09:30","0.11",""
"04/04/2026 00:00 - 05/04/2026 00:00","CTA|DE(Amprion)","HERNE_4","11WD7HERN2S--4-X","Fossil Hard coal","11WD7HERN2S--4-X","04/04/2026 09:30 - 04/04/2026 09:45","0.00",""
"04/04/2026 00:00 - 05/04/2026 00:00","CTA|DE(Amprion)","HERNE_4","11WD7HERN2S--4-X","Fossil Hard coal","11WD7HERN2S--4-X","04/04/2026 09:45 - 04/04/2026 10:00","0.00",""
"04/04/2026 00:00 - 05/04/2026 00:00","CTA|DE(Amprion)","HERNE_4","11WD7HERN2S--4-X","Fossil Hard coal","11WD7HERN2S--4-X","04/04/2026 10:00 - 04/04/2026 10:15","0.00",""
"04/04/2026 00:00 - 05/04/2026 00:00","CTA|DE(Amprion)","HERNE_4","11WD7HERN2S--4-X","Fossil Hard coal","11WD7HERN2S--4-X","04/04/2026 10:15 - 04/04/2026 10:30","0.53",""
"04/04/2026 00:00 - 05/04/2026 00:00","CTA|DE(Amprion)","HERNE_4","11WD7HERN2S--4-X","Fossil Hard coal","11WD7HERN2S--4-X","04/04/2026 10:30 - 04/04/2026 10:45","0.00",""
"04/04/2026 00:00 - 05/04/2026 00:00","CTA|DE(Amprion)","HERNE_4","11WD7HERN2S--4-X","Fossil Hard coal","11WD7HERN2S--4-X","04/04/2026 10:45 - 04/04/2026 11:00","0.00",""
"04/04/2026 00:00 - 05/04/2026 00:00","CTA|DE(Amprion)","HERNE_4","11WD7HERN2S--4-X","Fossil Hard coal","11WD7HERN2S--4-X","04/04/2026 11:00 - 04/04/2026 11:15","0.84",""
"04/04/2026 00:00 - 05/04/2026 00:00","CTA|DE(Amprion)","HERNE_4","11WD7HERN2S--4-X","Fossil Hard coal","11WD7HERN2S--4-X","04/04/2026 11:15 - 04/04/2026 11:30","0.21",""
"04/04/2026 00:00 - 05/04/2026 00:00","CTA|DE(Amprion)","HERNE_4","11WD7HERN2S--4-X","Fossil Hard coal","11WD7HERN2S--4-X","04/04/2026 11:30 - 04/04/2026 11:45","0.00",""
"04/04/2026 00:00 - 05/04/2026 00:00","CTA|DE(Amprion)","HERNE_4","11WD7HERN2S--4-X","Fossil Hard coal","11WD7HERN2S--4-X","04/04/2026 11:45 - 04/04/2026 12:00","0.00",""
"04/04/2026 00:00 - 05/04/2026 00:00","CTA|DE(Amprion)","HERNE_4","11WD7HERN2S--4-X","Fossil Hard coal","11WD7HERN2S--4-X","04/04/2026 12:00 - 04/04/2026 12:15","0.00",""
"04/04/2026 00:00 - 05/04/2026 00:00","CTA|DE(Amprion)","HERNE_4","11WD7HERN2S--4-X","Fossil Hard coal","11WD7HERN2S--4-X","04/04/2026 12:15 - 04/04/2026 12:30","0.11",""
"04/04/2026 00:00 - 05/04/2026 00:00","CTA|DE(Amprion)","HERNE_4","11WD7HERN2S--4-X","Fossil Hard coal","11WD7HERN2S--4-X","04/04/2026 12:30 - 04/04/2026 12:45","0.84",""
"04/04/2026 00:00 - 05/04/2026 00:00","CTA|DE(Amprion)","HERNE_4","11WD7HERN2S--4-X","Fossil Hard coal","11WD7HERN2S--4-X","04/04/2026 12:45 - 04/04/2026 13:00","0.00",""
"04/04/2026 00:00 - 05/04/2026 00:00","CTA|DE(Amprion)","HERNE_4","11WD7HERN2S--4-X","Fossil Hard coal","11WD7HERN2S--4-X","04/04/2026 13:00 - 04/04/2026 13:15","0.00",""
"04/04/2026 00:00 - 05/04/2026 00:00","CTA|DE(Amprion)","HERNE_4","11WD7HERN2S--4-X","Fossil Hard coal","11WD7HERN2S--4-X","04/04/2026 13:15 - 04/04/2026 13:30","0.00",""
"04/04/2026 00:00 - 05/04/2026 00:00","CTA|DE(Amprion)","HERNE_4","11WD7HERN2S--4-X","Fossil Hard coal","11WD7HERN2S--4-X","04/04/2026 13:30 - 04/04/2026 13:45","0.00",""
"04/04/2026 00:00 - 05/04/2026 00:00","CTA|DE(Amprion)","HERNE_4","11WD7HERN2S--4-X","Fossil Hard coal","11WD7HERN2S--4-X","04/04/2026 13:45 - 04/04/2026 14:00","0.00",""
"04/04/2026 00:00 - 05/04/2026 00:00","CTA|DE(Amprion)","HERNE_4","11WD7HERN2S--4-X","Fossil Hard coal","11WD7HERN2S--4-X","04/04/2026 14:00 - 04/04/2026 14:15","0.00",""
"04/04/2026 00:00 - 05/04/2026 00:00","CTA|DE(Amprion)","HERNE_4","11WD7HERN2S--4-X","Fossil Hard coal","11WD7HERN2S--4-X","04/04/2026 14:15 - 04/04/2026 14:30","0.00",""
"04/04/2026 00:00 - 05/04/2026 00:00","CTA|DE(Amprion)","HERNE_4","11WD7HERN2S--4-X","Fossil Hard coal","11WD7HERN2S--4-X","04/04/2026 14:30 - 04/04/2026 14:45","0.11",""
"04/04/2026 00:00 - 05/04/2026 00:00","CTA|DE(Amprion)","HERNE_4","11WD7HERN2S--4-X","Fossil Hard coal","11WD7HERN2S--4-X","04/04/2026 14:45 - 04/04/2026 15:00","0.53",""
"04/04/2026 00:00 - 05/04/2026 00:00","CTA|DE(Amprion)","HERNE_4","11WD7HERN2S--4-X","Fossil Hard coal","11WD7HERN2S--4-X","04/04/2026 15:00 - 04/04/2026 15:15","0.00",""
"04/04/2026 00:00 - 05/04/2026 00:00","CTA|DE(Amprion)","HERNE_4","11WD7HERN2S--4-X","Fossil Hard coal","11WD7HERN2S--4-X","04/04/2026 15:15 - 04/04/2026 15:30","0.00",""
"04/04/2026 00:00 - 05/04/2026 00:00","CTA|DE(Amprion)","HERNE_4","11WD7HERN2S--4-X","Fossil Hard coal","11WD7HERN2S--4-X","04/04/2026 15:30 - 04/04/2026 15:45","0.00",""
"04/04/2026 00:00 - 05/04/2026 00:00","CTA|DE(Amprion)","HERNE_4","11WD7HERN2S--4-X","Fossil Hard coal","11WD7HERN2S--4-X","04/04/2026 15:45 - 04/04/2026 16:00","0.21",""
"04/04/2026 00:00 - 05/04/2026 00:00","CTA|DE(Amprion)","HERNE_4","11WD7HERN2S--4-X","Fossil Hard coal","11WD7HERN2S--4-X","04/04/2026 16:00 - 04/04/2026 16:15","0.00",""
"04/04/2026 00:00 - 05/04/2026 00:00","CTA|DE(Amprion)","HERNE_4","11WD7HERN2S--4-X","Fossil Hard coal","11WD7HERN2S--4-X","04/04/2026 16:15 - 04/04/2026 16:30","0.32",""
"04/04/2026 00:00 - 05/04/2026 00:00","CTA|DE(Amprion)","HERNE_4","11WD7HERN2S--4-X","Fossil Hard coal","11WD7HERN2S--4-X","04/04/2026 16:30 - 04/04/2026 16:45","0.74",""
"04/04/2026 00:00 - 05/04/2026 00:00","CTA|DE(Amprion)","HERNE_4","11WD7HERN2S--4-X","Fossil Hard coal","11WD7HERN2S--4-X","04/04/2026 16:45 - 04/04/2026 17:00","0.11",""
"04/04/2026 00:00 - 05/04/2026 00:00","CTA|DE(Amprion)","HERNE_4","11WD7HERN2S--4-X","Fossil Hard coal","11WD7HERN2S--4-X","04/04/2026 17:00 - 04/04/2026 17:15","0.00",""
"04/04/2026 00:00 - 05/04/2026 00:00","CTA|DE(Amprion)","HERNE_4","11WD7HERN2S--4-X","Fossil Hard coal","11WD7HERN2S--4-X","04/04/2026 17:15 - 04/04/2026 17:30","0.63",""
"04/04/2026 00:00 - 05/04/2026 00:00","CTA|DE(Amprion)","HERNE_4","11WD7HERN2S--4-X","Fossil Hard coal","11WD7HERN2S--4-X","04/04/2026 17:30 - 04/04/2026 17:45","2.01",""
"04/04/2026 00:00 - 05/04/2026 00:00","CTA|DE(Amprion)","HERNE_4","11WD7HERN2S--4-X","Fossil Hard coal","11WD7HERN2S--4-X","04/04/2026 17:45 - 04/04/2026 18:00","0.00",""
"04/04/2026 00:00 - 05/04/2026 00:00","CTA|DE(Amprion)","HERNE_4","11WD7HERN2S--4-X","Fossil Hard coal","11WD7HERN2S--4-X","04/04/2026 18:00 - 04/04/2026 18:15","0.00",""
"04/04/2026 00:00 - 05/04/2026 00:00","CTA|DE(Amprion)","HERNE_4","11WD7HERN2S--4-X","Fossil Hard coal","11WD7HERN2S--4-X","04/04/2026 18:15 - 04/04/2026 18:30","0.53",""
"04/04/2026 00:00 - 05/04/2026 00:00","CTA|DE(Amprion)","HERNE_4","11WD7HERN2S--4-X","Fossil Hard coal","11WD7HERN2S--4-X","04/04/2026 18:30 - 04/04/2026 18:45","0.11",""
"04/04/2026 00:00 - 05/04/2026 00:00","CTA|DE(Amprion)","HERNE_4","11WD7HERN2S--4-X","Fossil Hard coal","11WD7HERN2S--4-X","04/04/2026 18:45 - 04/04/2026 19:00","0.00",""
"04/04/2026 00:00 - 05/04/2026 00:00","CTA|DE(Amprion)","HERNE_4","11WD7HERN2S--4-X","Fossil Hard coal","11WD7HERN2S--4-X","04/04/2026 19:00 - 04/04/2026 19:15","0.00",""
"04/04/2026 00:00 - 05/04/2026 00:00","CTA|DE(Amprion)","HERNE_4","11WD7HERN2S--4-X","Fossil Hard coal","11WD7HERN2S--4-X","04/04/2026 19:15 - 04/04/2026 19:30","0.00",""
"04/04/2026 00:00 - 05/04/2026 00:00","CTA|DE(Amprion)","HERNE_4","11WD7HERN2S--4-X","Fossil Hard coal","11WD7HERN2S--4-X","04/04/2026 19:30 - 04/04/2026 19:45","0.00",""
"04/04/2026 00:00 - 05/04/2026 00:00","CTA|DE(Amprion)","HERNE_4","11WD7HERN2S--4-X","Fossil Hard coal","11WD7HERN2S--4-X","04/04/2026 19:45 - 04/04/2026 20:00","0.00",""
"04/04/2026 00:00 - 05/04/2026 00:00","CTA|DE(Amprion)","HERNE_4","11WD7HERN2S--4-X","Fossil Hard coal","11WD7HERN2S--4-X","04/04/2026 20:00 - 04/04/2026 20:15","0.00",""
"04/04/2026 00:00 - 05/04/2026 00:00","CTA|DE(Amprion)","HERNE_4","11WD7HERN2S--4-X","Fossil Hard coal","11WD7HERN2S--4-X","04/04/2026 20:15 - 04/04/2026 20:30","0.00",""
"04/04/2026 00:00 - 05/04/2026 00:00","CTA|DE(Amprion)","HERNE_4","11WD7HERN2S--4-X","Fossil Hard coal","11WD7HERN2S--4-X","04/04/2026 20:30 - 04/04/2026 20:45","0.00",""
"04/04/2026 00:00 - 05/04/2026 00:00","CTA|DE(Amprion)","HERNE_4","11WD7HERN2S--4-X","Fossil Hard coal","11WD7HERN2S--4-X","04/04/2026 20:45 - 04/04/2026 21:00","0.00",""
"04/04/2026 00:00 - 05/04/2026 00:00","CTA|DE(Amprion)","HERNE_4","11WD7HERN2S--4-X","Fossil Hard coal","11WD7HERN2S--4-X","04/04/2026 21:00 - 04/04/2026 21:15","0.11",""
"04/04/2026 00:00 - 05/04/2026 00:00","CTA|DE(Amprion)","HERNE_4","11WD7HERN2S--4-X","Fossil Hard coal","11WD7HERN2S--4-X","04/04/2026 21:15 - 04/04/2026 21:30","0.00",""
"04/04/2026 00:00 - 05/04/2026 00:00","CTA|DE(Amprion)","HERNE_4","11WD7HERN2S--4-X","Fossil Hard coal","11WD7HERN2S--4-X","04/04/2026 21:30 - 04/04/2026 21:45","0.00",""
"04/04/2026 00:00 - 05/04/2026 00:00","CTA|DE(Amprion)","HERNE_4","11WD7HERN2S--4-X","Fossil Hard coal","11WD7HERN2S--4-X","04/04/2026 21:45 - 04/04/2026 22:00","0.00",""
"04/04/2026 00:00 - 05/04/2026 00:00","CTA|DE(Amprion)","HERNE_4","11WD7HERN2S--4-X","Fossil Hard coal","11WD7HERN2S--4-X","04/04/2026 22:00 - 04/04/2026 22:15","0.63",""
"04/04/2026 00:00 - 05/04/2026 00:00","CTA|DE(Amprion)","HERNE_4","11WD7HERN2S--4-X","Fossil Hard coal","11WD7HERN2S--4-X","04/04/2026 22:15 - 04/04/2026 22:30","0.00",""
"04/04/2026 00:00 - 05/04/2026 00:00","CTA|DE(Amprion)","HERNE_4","11WD7HERN2S--4-X","Fossil Hard coal","11WD7HERN2S--4-X","04/04/2026 22:30 - 04/04/2026 22:45","0.00",""
"04/04/2026 00:00 - 05/04/2026 00:00","CTA|DE(Amprion)","HERNE_4","11WD7HERN2S--4-X","Fossil Hard coal","11WD7HERN2S--4-X","04/04/2026 22:45 - 04/04/2026 23:00","0.00",""
"04/04/2026 00:00 - 05/04/2026 00:00","CTA|DE(Amprion)","HERNE_4","11WD7HERN2S--4-X","Fossil Hard coal","11WD7HERN2S--4-X","04/04/2026 23:00 - 04/04/2026 23:15","0.63",""
"04/04/2026 00:00 - 05/04/2026 00:00","CTA|DE(Amprion)","HERNE_4","11WD7HERN2S--4-X","Fossil Hard coal","11WD7HERN2S--4-X","04/04/2026 23:15 - 04/04/2026 23:30","0.11",""
"04/04/2026 00:00 - 05/04/2026 00:00","CTA|DE(Amprion)","HERNE_4","11WD7HERN2S--4-X","Fossil Hard coal","11WD7HERN2S--4-X","04/04/2026 23:30 - 04/04/2026 23:45","0.00",""
"04/04/2026 00:00 - 05/04/2026 00:00","CTA|DE(Amprion)","HERNE_4","11WD7HERN2S--4-X","Fossil Hard coal","11WD7HERN2S--4-X","04/04/2026 23:45 - 05/04/2026 00:00","0.00",""
"04/04/2026 00:00 - 05/04/2026 00:00","CTA|DE(Amprion)","Huckingen A","11WD7HUCK2G--A-C","Fossil Coal-derived gas","11WD7HUCK2G--A-C","04/04/2026 00:00 - 04/04/2026 01:00","0.00",""
"04/04/2026 00:00 - 05/04/2026 00:00","CTA|DE(Amprion)","Huckingen A","11WD7HUCK2G--A-C","Fossil Coal-derived gas","11WD7HUCK2G--A-C","04/04/2026 01:00 - 04/04/2026 02:00","0.00",""
"04/04/2026 00:00 - 05/04/2026 00:00","CTA|DE(Amprion)","Huckingen A","11WD7HUCK2G--A-C","Fossil Coal-derived gas","11WD7HUCK2G--A-C","04/04/2026 02:00 - 04/04/2026 03:00","0.00",""
"04/04/2026 00:00 - 05/04/2026 00:00","CTA|DE(Amprion)","Huckingen A","11WD7HUCK2G--A-C","Fossil Coal-derived gas","11WD7HUCK2G--A-C","04/04/2026 03:00 - 04/04/2026 04:00","0.00",""
"04/04/2026 00:00 - 05/04/2026 00:00","CTA|DE(Amprion)","Huckingen A","11WD7HUCK2G--A-C","Fossil Coal-derived gas","11WD7HUCK2G--A-C","04/04/2026 04:00 - 04/04/2026 05:00","0.00",""
"04/04/2026 00:00 - 05/04/2026 00:00","CTA|DE(Amprion)","Huckingen A","11WD7HUCK2G--A-C","Fossil Coal-derived gas","11WD7HUCK2G--A-C","04/04/2026 05:00 - 04/04/2026 06:00","0.00",""
"04/04/2026 00:00 - 05/04/2026 00:00","CTA|DE(Amprion)","Huckingen A","11WD7HUCK2G--A-C","Fossil Coal-derived gas","11WD7HUCK2G--A-C","04/04/2026 06:00 - 04/04/2026 07:00","0.00",""
"04/04/2026 00:00 - 05/04/2026 00:00","CTA|DE(Amprion)","Huckingen A","11WD7HUCK2G--A-C","Fossil Coal-derived gas","11WD7HUCK2G--A-C","04/04/2026 07:00 - 04/04/2026 08:00","0.00",""
"04/04/2026 00:00 - 05/04/2026 00:00","CTA|DE(Amprion)","Huckingen A","11WD7HUCK2G--A-C","Fossil Coal-derived gas","11WD7HUCK2G--A-C","04/04/2026 08:00 - 04/04/2026 09:00","0.00",""
"04/04/2026 00:00 - 05/04/2026 00:00","CTA|DE(Amprion)","Huckingen A","11WD7HUCK2G--A-C","Fossil Coal-derived gas","11WD7HUCK2G--A-C","04/04/2026 09:00 - 04/04/2026 10:00","0.00",""
"04/04/2026 00:00 - 05/04/2026 00:00","CTA|DE(Amprion)","Huckingen A","11WD7HUCK2G--A-C","Fossil Coal-derived gas","11WD7HUCK2G--A-C","04/04/2026 10:00 - 04/04/2026 11:00","0.00",""
"04/04/2026 00:00 - 05/04/2026 00:00","CTA|DE(Amprion)","Huckingen A","11WD7HUCK2G--A-C","Fossil Coal-derived gas","11WD7HUCK2G--A-C","04/04/2026 11:00 - 04/04/2026 12:00","0.00",""
"04/04/2026 00:00 - 05/04/2026 00:00","CTA|DE(Amprion)","Huckingen A","11WD7HUCK2G--A-C","Fossil Coal-derived gas","11WD7HUCK2G--A-C","04/04/2026 12:00 - 04/04/2026 13:00","0.00",""
"04/04/2026 00:00 - 05/04/2026 00:00","CTA|DE(Amprion)","Huckingen A","11WD7HUCK2G--A-C","Fossil Coal-derived gas","11WD7HUCK2G--A-C","04/04/2026 13:00 - 04/04/2026 14:00","0.00",""
"04/04/2026 00:00 - 05/04/2026 00:00","CTA|DE(Amprion)","Huckingen A","11WD7HUCK2G--A-C","Fossil Coal-derived gas","11WD7HUCK2G--A-C","04/04/2026 14:00 - 04/04/2026 15:00","0.00",""
"04/04/2026 00:00 - 05/04/2026 00:00","CTA|DE(Amprion)","Huckingen A","11WD7HUCK2G--A-C","Fossil Coal-derived gas","11WD7HUCK2G--A-C","04/04/2026 15:00 - 04/04/2026 16:00","0.00",""
"04/04/2026 00:00 - 05/04/2026 00:00","CTA|DE(Amprion)","Huckingen A","11WD7HUCK2G--A-C","Fossil Coal-derived gas","11WD7HUCK2G--A-C","04/04/2026 16:00 - 04/04/2026 17:00","0.00",""
"04/04/2026 00:00 - 05/04/2026 00:00","CTA|DE(Amprion)","Huckingen A","11WD7HUCK2G--A-C","Fossil Coal-derived gas","11WD7HUCK2G--A-C","04/04/2026 17:00 - 04/04/2026 18:00","0.00",""
"04/04/2026 00:00 - 05/04/2026 00:00","CTA|DE(Amprion)","Huckingen A","11WD7HUCK2G--A-C","Fossil Coal-derived gas","11WD7HUCK2G--A-C","04/04/2026 18:00 - 04/04/2026 19:00","0.00",""
"04/04/2026 00:00 - 05/04/2026 00:00","CTA|DE(Amprion)","Huckingen A","11WD7HUCK2G--A-C","Fossil Coal-derived gas","11WD7HUCK2G--A-C","04/04/2026 19:00 - 04/04/2026 20:00","0.00",""
"04/04/2026 00:00 - 05/04/2026 00:00","CTA|DE(Amprion)","Huckingen A","11WD7HUCK2G--A-C","Fossil Coal-derived gas","11WD7HUCK2G--A-C","04/04/2026 20:00 - 04/04/2026 21:00","0.00",""
"04/04/2026 00:00 - 05/04/2026 00:00","CTA|DE(Amprion)","Huckingen A","11WD7HUCK2G--A-C","Fossil Coal-derived gas","11WD7HUCK2G--A-C","04/04/2026 21:00 - 04/04/2026 22:00","0.00",""
"04/04/2026 00:00 - 05/04/2026 00:00","CTA|DE(Amprion)","Huckingen A","11WD7HUCK2G--A-C","Fossil Coal-derived gas","11WD7HUCK2G--A-C","04/04/2026 22:00 - 04/04/2026 23:00","0.00",""
"04/04/2026 00:00 - 05/04/2026 00:00","CTA|DE(Amprion)","Huckingen A","11WD7HUCK2G--A-C","Fossil Coal-derived gas","11WD7HUCK2G--A-C","04/04/2026 23:00 - 05/04/2026 00:00","0.00",""
"04/04/2026 00:00 - 05/04/2026 00:00","CTA|DE(Amprion)","Huckingen B","11WD7HUCK2G--B-9","Fossil Coal-derived gas","11WD7HUCK2G--B-9","04/04/2026 00:00 - 04/04/2026 01:00","185.38",""
"04/04/2026 00:00 - 05/04/2026 00:00","CTA|DE(Amprion)","Huckingen B","11WD7HUCK2G--B-9","Fossil Coal-derived gas","11WD7HUCK2G--B-9","04/04/2026 01:00 - 04/04/2026 02:00","210.85",""
"04/04/2026 00:00 - 05/04/2026 00:00","CTA|DE(Amprion)","Huckingen B","11WD7HUCK2G--B-9","Fossil Coal-derived gas","11WD7HUCK2G--B-9","04/04/2026 02:00 - 04/04/2026 03:00","188.88",""
"04/04/2026 00:00 - 05/04/2026 00:00","CTA|DE(Amprion)","Huckingen B","11WD7HUCK2G--B-9","Fossil Coal-derived gas","11WD7HUCK2G--B-9","04/04/2026 03:00 - 04/04/2026 04:00","189.20",""
"04/04/2026 00:00 - 05/04/2026 00:00","CTA|DE(Amprion)","Huckingen B","11WD7HUCK2G--B-9","Fossil Coal-derived gas","11WD7HUCK2G--B-9","04/04/2026 04:00 - 04/04/2026 05:00","203.60",""
"04/04/2026 00:00 - 05/04/2026 00:00","CTA|DE(Amprion)","Huckingen B","11WD7HUCK2G--B-9","Fossil Coal-derived gas","11WD7HUCK2G--B-9","04/04/2026 05:00 - 04/04/2026 06:00","185.07",""
"04/04/2026 00:00 - 05/04/2026 00:00","CTA|DE(Amprion)","Huckingen B","11WD7HUCK2G--B-9","Fossil Coal-derived gas","11WD7HUCK2G--B-9","04/04/2026 06:00 - 04/04/2026 07:00","184.07",""
"04/04/2026 00:00 - 05/04/2026 00:00","CTA|DE(Amprion)","Huckingen B","11WD7HUCK2G--B-9","Fossil Coal-derived gas","11WD7HUCK2G--B-9","04/04/2026 07:00 - 04/04/2026 08:00","210.60",""
"04/04/2026 00:00 - 05/04/2026 00:00","CTA|DE(Amprion)","Huckingen B","11WD7HUCK2G--B-9","Fossil Coal-derived gas","11WD7HUCK2G--B-9","04/04/2026 08:00 - 04/04/2026 09:00","175.18",""
"04/04/2026 00:00 - 05/04/2026 00:00","CTA|DE(Amprion)","Huckingen B","11WD7HUCK2G--B-9","Fossil Coal-derived gas","11WD7HUCK2G--B-9","04/04/2026 09:00 - 04/04/2026 10:00","170.93",""
"04/04/2026 00:00 - 05/04/2026 00:00","CTA|DE(Amprion)","Huckingen B","11WD7HUCK2G--B-9","Fossil Coal-derived gas","11WD7HUCK2G--B-9","04/04/2026 10:00 - 04/04/2026 11:00","194.53",""
"04/04/2026 00:00 - 05/04/2026 00:00","CTA|DE(Amprion)","Huckingen B","11WD7HUCK2G--B-9","Fossil Coal-derived gas","11WD7HUCK2G--B-9","04/04/2026 11:00 - 04/04/2026 12:00","161.53",""
"04/04/2026 00:00 - 05/04/2026 00:00","CTA|DE(Amprion)","Huckingen B","11WD7HUCK2G--B-9","Fossil Coal-derived gas","11WD7HUCK2G--B-9","04/04/2026 12:00 - 04/04/2026 13:00","169.00",""
"04/04/2026 00:00 - 05/04/2026 00:00","CTA|DE(Amprion)","Huckingen B","11WD7HUCK2G--B-9","Fossil Coal-derived gas","11WD7HUCK2G--B-9","04/04/2026 13:00 - 04/04/2026 14:00","191.65",""
"04/04/2026 00:00 - 05/04/2026 00:00","CTA|DE(Amprion)","Huckingen B","11WD7HUCK2G--B-9","Fossil Coal-derived gas","11WD7HUCK2G--B-9","04/04/2026 14:00 - 04/04/2026 15:00","156.38",""
"04/04/2026 00:00 - 05/04/2026 00:00","CTA|DE(Amprion)","Huckingen B","11WD7HUCK2G--B-9","Fossil Coal-derived gas","11WD7HUCK2G--B-9","04/04/2026 15:00 - 04/04/2026 16:00","148.07",""
"04/04/2026 00:00 - 05/04/2026 00:00","CTA|DE(Amprion)","Huckingen B","11WD7HUCK2G--B-9","Fossil Coal-derived gas","11WD7HUCK2G--B-9","04/04/2026 16:00 - 04/04/2026 17:00","157.38",""
"04/04/2026 00:00 - 05/04/2026 00:00","CTA|DE(Amprion)","Huckingen B","11WD7HUCK2G--B-9","Fossil Coal-derived gas","11WD7HUCK2G--B-9","04/04/2026 17:00 - 04/04/2026 18:00","129.60",""
"04/04/2026 00:00 - 05/04/2026 00:00","CTA|DE(Amprion)","Huckingen B","11WD7HUCK2G--B-9","Fossil Coal-derived gas","11WD7HUCK2G--B-9","04/04/2026 18:00 - 04/04/2026 19:00","146.53",""
"04/04/2026 00:00 - 05/04/2026 00:00","CTA|DE(Amprion)","Huckingen B","11WD7HUCK2G--B-9","Fossil Coal-derived gas","11WD7HUCK2G--B-9","04/04/2026 19:00 - 04/04/2026 20:00","160.75",""
"04/04/2026 00:00 - 05/04/2026 00:00","CTA|DE(Amprion)","Huckingen B","11WD7HUCK2G--B-9","Fossil Coal-derived gas","11WD7HUCK2G--B-9","04/04/2026 20:00 - 04/04/2026 21:00","148.13",""
"04/04/2026 00:00 - 05/04/2026 00:00","CTA|DE(Amprion)","Huckingen B","11WD7HUCK2G--B-9","Fossil Coal-derived gas","11WD7HUCK2G--B-9","04/04/2026 21:00 - 04/04/2026 22:00","155.30",""
"04/04/2026 00:00 - 05/04/2026 00:00","CTA|DE(Amprion)","Huckingen B","11WD7HUCK2G--B-9","Fossil Coal-derived gas","11WD7HUCK2G--B-9","04/04/2026 22:00 - 04/04/2026 23:00","166.55",""
"04/04/2026 00:00 - 05/04/2026 00:00","CTA|DE(Amprion)","Huckingen B","11WD7HUCK2G--B-9","Fossil Coal-derived gas","11WD7HUCK2G--B-9","04/04/2026 23:00 - 05/04/2026 00:00","146.10",""
"04/04/2026 00:00 - 05/04/2026 00:00","CTA|DE(Amprion)","Koepchenwerk","11WD7KOEP2P--5-G","Hydro Pumped Storage","11WD7KOEP2P--5-G","04/04/2026 00:00 - 04/04/2026 01:00","0.00",""
"04/04/2026 00:00 - 05/04/2026 00:00","CTA|DE(Amprion)","Koepchenwerk","11WD7KOEP2P--5-G","Hydro Pumped Storage","11WD7KOEP2P--5-G","04/04/2026 01:00 - 04/04/2026 02:00","0.00",""
"04/04/2026 00:00 - 05/04/2026 00:00","CTA|DE(Amprion)","Koepchenwerk","11WD7KOEP2P--5-G","Hydro Pumped Storage","11WD7KOEP2P--5-G","04/04/2026 02:00 - 04/04/2026 03:00","0.00",""
"04/04/2026 00:00 - 05/04/2026 00:00","CTA|DE(Amprion)","Koepchenwerk","11WD7KOEP2P--5-G","Hydro Pumped Storage","11WD7KOEP2P--5-G","04/04/2026 03:00 - 04/04/2026 04:00","0.00",""
"04/04/2026 00:00 - 05/04/2026 00:00","CTA|DE(Amprion)","Koepchenwerk","11WD7KOEP2P--5-G","Hydro Pumped Storage","11WD7KOEP2P--5-G","04/04/2026 04:00 - 04/04/2026 05:00","0.00",""
"04/04/2026 00:00 - 05/04/2026 00:00","CTA|DE(Amprion)","Koepchenwerk","11WD7KOEP2P--5-G","Hydro Pumped Storage","11WD7KOEP2P--5-G","04/04/2026 05:00 - 04/04/2026 06:00","0.00",""
"04/04/2026 00:00 - 05/04/2026 00:00","CTA|DE(Amprion)","Koepchenwerk","11WD7KOEP2P--5-G","Hydro Pumped Storage","11WD7KOEP2P--5-G","04/04/2026 06:00 - 04/04/2026 07:00","0.00",""
"04/04/2026 00:00 - 05/04/2026 00:00","CTA|DE(Amprion)","Koepchenwerk","11WD7KOEP2P--5-G","Hydro Pumped Storage","11WD7KOEP2P--5-G","04/04/2026 07:00 - 04/04/2026 08:00","0.00",""
"04/04/2026 00:00 - 05/04/2026 00:00","CTA|DE(Amprion)","Koepchenwerk","11WD7KOEP2P--5-G","Hydro Pumped Storage","11WD7KOEP2P--5-G","04/04/2026 08:00 - 04/04/2026 09:00","0.00",""
"04/04/2026 00:00 - 05/04/2026 00:00","CTA|DE(Amprion)","Koepchenwerk","11WD7KOEP2P--5-G","Hydro Pumped Storage","11WD7KOEP2P--5-G","04/04/2026 09:00 - 04/04/2026 10:00","103.40",""
"04/04/2026 00:00 - 05/04/2026 00:00","CTA|DE(Amprion)","Koepchenwerk","11WD7KOEP2P--5-G","Hydro Pumped Storage","11WD7KOEP2P--5-G","04/04/2026 10:00 - 04/04/2026 11:00","103.63",""
"04/04/2026 00:00 - 05/04/2026 00:00","CTA|DE(Amprion)","Koepchenwerk","11WD7KOEP2P--5-G","Hydro Pumped Storage","11WD7KOEP2P--5-G","04/04/2026 11:00 - 04/04/2026 12:00","30.02",""
"04/04/2026 00:00 - 05/04/2026 00:00","CTA|DE(Amprion)","Koepchenwerk","11WD7KOEP2P--5-G","Hydro Pumped Storage","11WD7KOEP2P--5-G","04/04/2026 12:00 - 04/04/2026 13:00","0.00",""
"04/04/2026 00:00 - 05/04/2026 00:00","CTA|DE(Amprion)","Koepchenwerk","11WD7KOEP2P--5-G","Hydro Pumped Storage","11WD7KOEP2P--5-G","04/04/2026 13:00 - 04/04/2026 14:00","0.00",""
"04/04/2026 00:00 - 05/04/2026 00:00","CTA|DE(Amprion)","Koepchenwerk","11WD7KOEP2P--5-G","Hydro Pumped Storage","11WD7KOEP2P--5-G","04/04/2026 14:00 - 04/04/2026 15:00","0.00",""
"04/04/2026 00:00 - 05/04/2026 00:00","CTA|DE(Amprion)","Koepchenwerk","11WD7KOEP2P--5-G","Hydro Pumped Storage","11WD7KOEP2P--5-G","04/04/2026 15:00 - 04/04/2026 16:00","0.00",""
"04/04/2026 00:00 - 05/04/2026 00:00","CTA|DE(Amprion)","Koepchenwerk","11WD7KOEP2P--5-G","Hydro Pumped Storage","11WD7KOEP2P--5-G","04/04/2026 16:00 - 04/04/2026 17:00","0.00",""
"04/04/2026 00:00 - 05/04/2026 00:00","CTA|DE(Amprion)","Koepchenwerk","11WD7KOEP2P--5-G","Hydro Pumped Storage","11WD7KOEP2P--5-G","04/04/2026 17:00 - 04/04/2026 18:00","0.00",""
"04/04/2026 00:00 - 05/04/2026 00:00","CTA|DE(Amprion)","Koepchenwerk","11WD7KOEP2P--5-G","Hydro Pumped Storage","11WD7KOEP2P--5-G","04/04/2026 18:00 - 04/04/2026 19:00","56.42",""
"04/04/2026 00:00 - 05/04/2026 00:00","CTA|DE(Amprion)","Koepchenwerk","11WD7KOEP2P--5-G","Hydro Pumped Storage","11WD7KOEP2P--5-G","04/04/2026 19:00 - 04/04/2026 20:00","109.88",""
"04/04/2026 00:00 - 05/04/2026 00:00","CTA|DE(Amprion)","Koepchenwerk","11WD7KOEP2P--5-G","Hydro Pumped Storage","11WD7KOEP2P--5-G","04/04/2026 20:00 - 04/04/2026 21:00","145.93",""
"04/04/2026 00:00 - 05/04/2026 00:00","CTA|DE(Amprion)","Koepchenwerk","11WD7KOEP2P--5-G","Hydro Pumped Storage","11WD7KOEP2P--5-G","04/04/2026 21:00 - 04/04/2026 22:00","108.63",""
"04/04/2026 00:00 - 05/04/2026 00:00","CTA|DE(Amprion)","Koepchenwerk","11WD7KOEP2P--5-G","Hydro Pumped Storage","11WD7KOEP2P--5-G","04/04/2026 22:00 - 04/04/2026 23:00","0.00",""
"04/04/2026 00:00 - 05/04/2026 00:00","CTA|DE(Amprion)","Koepchenwerk","11WD7KOEP2P--5-G","Hydro Pumped Storage","11WD7KOEP2P--5-G","04/04/2026 23:00 - 05/04/2026 00:00","0.00",""
"04/04/2026 00:00 - 05/04/2026 00:00","CTA|DE(Amprion)","KW Hamm-Uentrop Block 10","11WD7KWHU1GBL10E","Fossil Gas","11WD7KWHU1GBL10E","04/04/2026 00:00 - 04/04/2026 01:00","0.20",""
"04/04/2026 00:00 - 05/04/2026 00:00","CTA|DE(Amprion)","KW Hamm-Uentrop Block 10","11WD7KWHU1GBL10E","Fossil Gas","11WD7KWHU1GBL10E","04/04/2026 01:00 - 04/04/2026 02:00","0.20",""
"04/04/2026 00:00 - 05/04/2026 00:00","CTA|DE(Amprion)","KW Hamm-Uentrop Block 10","11WD7KWHU1GBL10E","Fossil Gas","11WD7KWHU1GBL10E","04/04/2026 02:00 - 04/04/2026 03:00","0.20",""
"04/04/2026 00:00 - 05/04/2026 00:00","CTA|DE(Amprion)","KW Hamm-Uentrop Block 10","11WD7KWHU1GBL10E","Fossil Gas","11WD7KWHU1GBL10E","04/04/2026 03:00 - 04/04/2026 04:00","0.20",""
"04/04/2026 00:00 - 05/04/2026 00:00","CTA|DE(Amprion)","KW Hamm-Uentrop Block 10","11WD7KWHU1GBL10E","Fossil Gas","11WD7KWHU1GBL10E","04/04/2026 04:00 - 04/04/2026 05:00","0.20",""
"04/04/2026 00:00 - 05/04/2026 00:00","CTA|DE(Amprion)","KW Hamm-Uentrop Block 10","11WD7KWHU1GBL10E","Fossil Gas","11WD7KWHU1GBL10E","04/04/2026 05:00 - 04/04/2026 06:00","0.20",""
"04/04/2026 00:00 - 05/04/2026 00:00","CTA|DE(Amprion)","KW Hamm-Uentrop Block 10","11WD7KWHU1GBL10E","Fossil Gas","11WD7KWHU1GBL10E","04/04/2026 06:00 - 04/04/2026 07:00","0.20",""
"04/04/2026 00:00 - 05/04/2026 00:00","CTA|DE(Amprion)","KW Hamm-Uentrop Block 10","11WD7KWHU1GBL10E","Fossil Gas","11WD7KWHU1GBL10E","04/04/2026 07:00 - 04/04/2026 08:00","0.20",""
"04/04/2026 00:00 - 05/04/2026 00:00","CTA|DE(Amprion)","KW Hamm-Uentrop Block 10","11WD7KWHU1GBL10E","Fossil Gas","11WD7KWHU1GBL10E","04/04/2026 08:00 - 04/04/2026 09:00","0.20",""
"04/04/2026 00:00 - 05/04/2026 00:00","CTA|DE(Amprion)","KW Hamm-Uentrop Block 10","11WD7KWHU1GBL10E","Fossil Gas","11WD7KWHU1GBL10E","04/04/2026 09:00 - 04/04/2026 10:00","0.20",""
"04/04/2026 00:00 - 05/04/2026 00:00","CTA|DE(Amprion)","KW Hamm-Uentrop Block 10","11WD7KWHU1GBL10E","Fossil Gas","11WD7KWHU1GBL10E","04/04/2026 10:00 - 04/04/2026 11:00","0.20",""
"04/04/2026 00:00 - 05/04/2026 00:00","CTA|DE(Amprion)","KW Hamm-Uentrop Block 10","11WD7KWHU1GBL10E","Fossil Gas","11WD7KWHU1GBL10E","04/04/2026 11:00 - 04/04/2026 12:00","0.20",""
"04/04/2026 00:00 - 05/04/2026 00:00","CTA|DE(Amprion)","KW Hamm-Uentrop Block 10","11WD7KWHU1GBL10E","Fossil Gas","11WD7KWHU1GBL10E","04/04/2026 12:00 - 04/04/2026 13:00","0.20",""
"04/04/2026 00:00 - 05/04/2026 00:00","CTA|DE(Amprion)","KW Hamm-Uentrop Block 10","11WD7KWHU1GBL10E","Fossil Gas","11WD7KWHU1GBL10E","04/04/2026 13:00 - 04/04/2026 14:00","0.30",""
"04/04/2026 00:00 - 05/04/2026 00:00","CTA|DE(Amprion)","KW Hamm-Uentrop Block 10","11WD7KWHU1GBL10E","Fossil Gas","11WD7KWHU1GBL10E","04/04/2026 14:00 - 04/04/2026 15:00","0.30",""
"04/04/2026 00:00 - 05/04/2026 00:00","CTA|DE(Amprion)","KW Hamm-Uentrop Block 10","11WD7KWHU1GBL10E","Fossil Gas","11WD7KWHU1GBL10E","04/04/2026 15:00 - 04/04/2026 16:00","0.30",""
"04/04/2026 00:00 - 05/04/2026 00:00","CTA|DE(Amprion)","KW Hamm-Uentrop Block 10","11WD7KWHU1GBL10E","Fossil Gas","11WD7KWHU1GBL10E","04/04/2026 16:00 - 04/04/2026 17:00","0.30",""
"04/04/2026 00:00 - 05/04/2026 00:00","CTA|DE(Amprion)","KW Hamm-Uentrop Block 10","11WD7KWHU1GBL10E","Fossil Gas","11WD7KWHU1GBL10E","04/04/2026 17:00 - 04/04/2026 18:00","0.30",""
"04/04/2026 00:00 - 05/04/2026 00:00","CTA|DE(Amprion)","KW Hamm-Uentrop Block 10","11WD7KWHU1GBL10E","Fossil Gas","11WD7KWHU1GBL10E","04/04/2026 18:00 - 04/04/2026 19:00","0.30",""
"04/04/2026 00:00 - 05/04/2026 00:00","CTA|DE(Amprion)","KW Hamm-Uentrop Block 10","11WD7KWHU1GBL10E","Fossil Gas","11WD7KWHU1GBL10E","04/04/2026 19:00 - 04/04/2026 20:00","0.30",""
"04/04/2026 00:00 - 05/04/2026 00:00","CTA|DE(Amprion)","KW Hamm-Uentrop Block 10","11WD7KWHU1GBL10E","Fossil Gas","11WD7KWHU1GBL10E","04/04/2026 20:00 - 04/04/2026 21:00","0.30",""
"04/04/2026 00:00 - 05/04/2026 00:00","CTA|DE(Amprion)","KW Hamm-Uentrop Block 10","11WD7KWHU1GBL10E","Fossil Gas","11WD7KWHU1GBL10E","04/04/2026 21:00 - 04/04/2026 22:00","0.30",""
"04/04/2026 00:00 - 05/04/2026 00:00","CTA|DE(Amprion)","KW Hamm-Uentrop Block 10","11WD7KWHU1GBL10E","Fossil Gas","11WD7KWHU1GBL10E","04/04/2026 22:00 - 04/04/2026 23:00","0.30",""
"04/04/2026 00:00 - 05/04/2026 00:00","CTA|DE(Amprion)","KW Hamm-Uentrop Block 10","11WD7KWHU1GBL10E","Fossil Gas","11WD7KWHU1GBL10E","04/04/2026 23:00 - 05/04/2026 00:00","0.25",""
"04/04/2026 00:00 - 05/04/2026 00:00","CTA|DE(Amprion)","KW Hamm-Uentrop Block 20","11WD7KWHU1GBL20B","Fossil Gas","11WD7KWHU1GBL20B","04/04/2026 00:00 - 04/04/2026 01:00","0.10",""
"04/04/2026 00:00 - 05/04/2026 00:00","CTA|DE(Amprion)","KW Hamm-Uentrop Block 20","11WD7KWHU1GBL20B","Fossil Gas","11WD7KWHU1GBL20B","04/04/2026 01:00 - 04/04/2026 02:00","0.10",""
"04/04/2026 00:00 - 05/04/2026 00:00","CTA|DE(Amprion)","KW Hamm-Uentrop Block 20","11WD7KWHU1GBL20B","Fossil Gas","11WD7KWHU1GBL20B","04/04/2026 02:00 - 04/04/2026 03:00","0.10",""
"04/04/2026 00:00 - 05/04/2026 00:00","CTA|DE(Amprion)","KW Hamm-Uentrop Block 20","11WD7KWHU1GBL20B","Fossil Gas","11WD7KWHU1GBL20B","04/04/2026 03:00 - 04/04/2026 04:00","0.10",""
"04/04/2026 00:00 - 05/04/2026 00:00","CTA|DE(Amprion)","KW Hamm-Uentrop Block 20","11WD7KWHU1GBL20B","Fossil Gas","11WD7KWHU1GBL20B","04/04/2026 04:00 - 04/04/2026 05:00","0.10",""
"04/04/2026 00:00 - 05/04/2026 00:00","CTA|DE(Amprion)","KW Hamm-Uentrop Block 20","11WD7KWHU1GBL20B","Fossil Gas","11WD7KWHU1GBL20B","04/04/2026 05:00 - 04/04/2026 06:00","0.10",""
"04/04/2026 00:00 - 05/04/2026 00:00","CTA|DE(Amprion)","KW Hamm-Uentrop Block 20","11WD7KWHU1GBL20B","Fossil Gas","11WD7KWHU1GBL20B","04/04/2026 06:00 - 04/04/2026 07:00","0.10",""
"04/04/2026 00:00 - 05/04/2026 00:00","CTA|DE(Amprion)","KW Hamm-Uentrop Block 20","11WD7KWHU1GBL20B","Fossil Gas","11WD7KWHU1GBL20B","04/04/2026 07:00 - 04/04/2026 08:00","0.10",""
"04/04/2026 00:00 - 05/04/2026 00:00","CTA|DE(Amprion)","KW Hamm-Uentrop Block 20","11WD7KWHU1GBL20B","Fossil Gas","11WD7KWHU1GBL20B","04/04/2026 08:00 - 04/04/2026 09:00","0.10",""
"04/04/2026 00:00 - 05/04/2026 00:00","CTA|DE(Amprion)","KW Hamm-Uentrop Block 20","11WD7KWHU1GBL20B","Fossil Gas","11WD7KWHU1GBL20B","04/04/2026 09:00 - 04/04/2026 10:00","0.10",""
"04/04/2026 00:00 - 05/04/2026 00:00","CTA|DE(Amprion)","KW Hamm-Uentrop Block 20","11WD7KWHU1GBL20B","Fossil Gas","11WD7KWHU1GBL20B","04/04/2026 10:00 - 04/04/2026 11:00","0.10",""
"04/04/2026 00:00 - 05/04/2026 00:00","CTA|DE(Amprion)","KW Hamm-Uentrop Block 20","11WD7KWHU1GBL20B","Fossil Gas","11WD7KWHU1GBL20B","04/04/2026 11:00 - 04/04/2026 12:00","0.10",""
"04/04/2026 00:00 - 05/04/2026 00:00","CTA|DE(Amprion)","KW Hamm-Uentrop Block 20","11WD7KWHU1GBL20B","Fossil Gas","11WD7KWHU1GBL20B","04/04/2026 12:00 - 04/04/2026 13:00","0.10",""
"04/04/2026 00:00 - 05/04/2026 00:00","CTA|DE(Amprion)","KW Hamm-Uentrop Block 20","11WD7KWHU1GBL20B","Fossil Gas","11WD7KWHU1GBL20B","04/04/2026 13:00 - 04/04/2026 14:00","0.10",""
"04/04/2026 00:00 - 05/04/2026 00:00","CTA|DE(Amprion)","KW Hamm-Uentrop Block 20","11WD7KWHU1GBL20B","Fossil Gas","11WD7KWHU1GBL20B","04/04/2026 14:00 - 04/04/2026 15:00","0.10",""
"04/04/2026 00:00 - 05/04/2026 00:00","CTA|DE(Amprion)","KW Hamm-Uentrop Block 20","11WD7KWHU1GBL20B","Fossil Gas","11WD7KWHU1GBL20B","04/04/2026 15:00 - 04/04/2026 16:00","0.10",""
"04/04/2026 00:00 - 05/04/2026 00:00","CTA|DE(Amprion)","KW Hamm-Uentrop Block 20","11WD7KWHU1GBL20B","Fossil Gas","11WD7KWHU1GBL20B","04/04/2026 16:00 - 04/04/2026 17:00","0.10",""
"04/04/2026 00:00 - 05/04/2026 00:00","CTA|DE(Amprion)","KW Hamm-Uentrop Block 20","11WD7KWHU1GBL20B","Fossil Gas","11WD7KWHU1GBL20B","04/04/2026 17:00 - 04/04/2026 18:00","0.10",""
"04/04/2026 00:00 - 05/04/2026 00:00","CTA|DE(Amprion)","KW Hamm-Uentrop Block 20","11WD7KWHU1GBL20B","Fossil Gas","11WD7KWHU1GBL20B","04/04/2026 18:00 - 04/04/2026 19:00","0.10",""
"04/04/2026 00:00 - 05/04/2026 00:00","CTA|DE(Amprion)","KW Hamm-Uentrop Block 20","11WD7KWHU1GBL20B","Fossil Gas","11WD7KWHU1GBL20B","04/04/2026 19:00 - 04/04/2026 20:00","0.10",""
"04/04/2026 00:00 - 05/04/2026 00:00","CTA|DE(Amprion)","KW Hamm-Uentrop Block 20","11WD7KWHU1GBL20B","Fossil Gas","11WD7KWHU1GBL20B","04/04/2026 20:00 - 04/04/2026 21:00","0.10",""
"04/04/2026 00:00 - 05/04/2026 00:00","CTA|DE(Amprion)","KW Hamm-Uentrop Block 20","11WD7KWHU1GBL20B","Fossil Gas","11WD7KWHU1GBL20B","04/04/2026 21:00 - 04/04/2026 22:00","0.10",""
"04/04/2026 00:00 - 05/04/2026 00:00","CTA|DE(Amprion)","KW Hamm-Uentrop Block 20","11WD7KWHU1GBL20B","Fossil Gas","11WD7KWHU1GBL20B","04/04/2026 22:00 - 04/04/2026 23:00","0.10",""
"04/04/2026 00:00 - 05/04/2026 00:00","CTA|DE(Amprion)","KW Hamm-Uentrop Block 20","11WD7KWHU1GBL20B","Fossil Gas","11WD7KWHU1GBL20B","04/04/2026 23:00 - 05/04/2026 00:00","0.10",""
"04/04/2026 00:00 - 05/04/2026 00:00","CTA|DE(Amprion)","Knapsack 2","11WD7KWKN-20-EEW","Fossil Gas","11WD7KWKN-20-EEW","04/04/2026 00:00 - 04/04/2026 01:00","0.00",""
"04/04/2026 00:00 - 05/04/2026 00:00","CTA|DE(Amprion)","Knapsack 2","11WD7KWKN-20-EEW","Fossil Gas","11WD7KWKN-20-EEW","04/04/2026 01:00 - 04/04/2026 02:00","0.00",""
"04/04/2026 00:00 - 05/04/2026 00:00","CTA|DE(Amprion)","Knapsack 2","11WD7KWKN-20-EEW","Fossil Gas","11WD7KWKN-20-EEW","04/04/2026 02:00 - 04/04/2026 03:00","0.00",""
"04/04/2026 00:00 - 05/04/2026 00:00","CTA|DE(Amprion)","Knapsack 2","11WD7KWKN-20-EEW","Fossil Gas","11WD7KWKN-20-EEW","04/04/2026 03:00 - 04/04/2026 04:00","0.00",""
"04/04/2026 00:00 - 05/04/2026 00:00","CTA|DE(Amprion)","Knapsack 2","11WD7KWKN-20-EEW","Fossil Gas","11WD7KWKN-20-EEW","04/04/2026 04:00 - 04/04/2026 05:00","0.00",""
"04/04/2026 00:00 - 05/04/2026 00:00","CTA|DE(Amprion)","Knapsack 2","11WD7KWKN-20-EEW","Fossil Gas","11WD7KWKN-20-EEW","04/04/2026 05:00 - 04/04/2026 06:00","0.00",""
"04/04/2026 00:00 - 05/04/2026 00:00","CTA|DE(Amprion)","Knapsack 2","11WD7KWKN-20-EEW","Fossil Gas","11WD7KWKN-20-EEW","04/04/2026 06:00 - 04/04/2026 07:00","0.00",""
"04/04/2026 00:00 - 05/04/2026 00:00","CTA|DE(Amprion)","Knapsack 2","11WD7KWKN-20-EEW","Fossil Gas","11WD7KWKN-20-EEW","04/04/2026 07:00 - 04/04/2026 08:00","0.00",""
"04/04/2026 00:00 - 05/04/2026 00:00","CTA|DE(Amprion)","Knapsack 2","11WD7KWKN-20-EEW","Fossil Gas","11WD7KWKN-20-EEW","04/04/2026 08:00 - 04/04/2026 09:00","0.00",""
"04/04/2026 00:00 - 05/04/2026 00:00","CTA|DE(Amprion)","Knapsack 2","11WD7KWKN-20-EEW","Fossil Gas","11WD7KWKN-20-EEW","04/04/2026 09:00 - 04/04/2026 10:00","0.00",""
"04/04/2026 00:00 - 05/04/2026 00:00","CTA|DE(Amprion)","Knapsack 2","11WD7KWKN-20-EEW","Fossil Gas","11WD7KWKN-20-EEW","04/04/2026 10:00 - 04/04/2026 11:00","0.00",""
"04/04/2026 00:00 - 05/04/2026 00:00","CTA|DE(Amprion)","Knapsack 2","11WD7KWKN-20-EEW","Fossil Gas","11WD7KWKN-20-EEW","04/04/2026 11:00 - 04/04/2026 12:00","0.00",""
"04/04/2026 00:00 - 05/04/2026 00:00","CTA|DE(Amprion)","Knapsack 2","11WD7KWKN-20-EEW","Fossil Gas","11WD7KWKN-20-EEW","04/04/2026 12:00 - 04/04/2026 13:00","0.00",""
"04/04/2026 00:00 - 05/04/2026 00:00","CTA|DE(Amprion)","Knapsack 2","11WD7KWKN-20-EEW","Fossil Gas","11WD7KWKN-20-EEW","04/04/2026 13:00 - 04/04/2026 14:00","0.00",""
"04/04/2026 00:00 - 05/04/2026 00:00","CTA|DE(Amprion)","Knapsack 2","11WD7KWKN-20-EEW","Fossil Gas","11WD7KWKN-20-EEW","04/04/2026 14:00 - 04/04/2026 15:00","0.00",""
"04/04/2026 00:00 - 05/04/2026 00:00","CTA|DE(Amprion)","Knapsack 2","11WD7KWKN-20-EEW","Fossil Gas","11WD7KWKN-20-EEW","04/04/2026 15:00 - 04/04/2026 16:00","0.00",""
"04/04/2026 00:00 - 05/04/2026 00:00","CTA|DE(Amprion)","Knapsack 2","11WD7KWKN-20-EEW","Fossil Gas","11WD7KWKN-20-EEW","04/04/2026 16:00 - 04/04/2026 17:00","0.00",""
"04/04/2026 00:00 - 05/04/2026 00:00","CTA|DE(Amprion)","Knapsack 2","11WD7KWKN-20-EEW","Fossil Gas","11WD7KWKN-20-EEW","04/04/2026 17:00 - 04/04/2026 18:00","0.00",""
"04/04/2026 00:00 - 05/04/2026 00:00","CTA|DE(Amprion)","Knapsack 2","11WD7KWKN-20-EEW","Fossil Gas","11WD7KWKN-20-EEW","04/04/2026 18:00 - 04/04/2026 19:00","0.00",""
"04/04/2026 00:00 - 05/04/2026 00:00","CTA|DE(Amprion)","Knapsack 2","11WD7KWKN-20-EEW","Fossil Gas","11WD7KWKN-20-EEW","04/04/2026 19:00 - 04/04/2026 20:00","0.00",""
"04/04/2026 00:00 - 05/04/2026 00:00","CTA|DE(Amprion)","Knapsack 2","11WD7KWKN-20-EEW","Fossil Gas","11WD7KWKN-20-EEW","04/04/2026 20:00 - 04/04/2026 21:00","0.00",""
"04/04/2026 00:00 - 05/04/2026 00:00","CTA|DE(Amprion)","Knapsack 2","11WD7KWKN-20-EEW","Fossil Gas","11WD7KWKN-20-EEW","04/04/2026 21:00 - 04/04/2026 22:00","0.00",""
"04/04/2026 00:00 - 05/04/2026 00:00","CTA|DE(Amprion)","Knapsack 2","11WD7KWKN-20-EEW","Fossil Gas","11WD7KWKN-20-EEW","04/04/2026 22:00 - 04/04/2026 23:00","0.00",""
"04/04/2026 00:00 - 05/04/2026 00:00","CTA|DE(Amprion)","Knapsack 2","11WD7KWKN-20-EEW","Fossil Gas","11WD7KWKN-20-EEW","04/04/2026 23:00 - 05/04/2026 00:00","0.00",""
"04/04/2026 00:00 - 05/04/2026 00:00","CTA|DE(Amprion)","Knapsack 1","11WD7KWKN-KW-EEN","Fossil Gas","11WD7KWKN-KW-EEN","04/04/2026 00:00 - 04/04/2026 01:00","0.00",""
"04/04/2026 00:00 - 05/04/2026 00:00","CTA|DE(Amprion)","Knapsack 1","11WD7KWKN-KW-EEN","Fossil Gas","11WD7KWKN-KW-EEN","04/04/2026 01:00 - 04/04/2026 02:00","0.00",""
"04/04/2026 00:00 - 05/04/2026 00:00","CTA|DE(Amprion)","Knapsack 1","11WD7KWKN-KW-EEN","Fossil Gas","11WD7KWKN-KW-EEN","04/04/2026 02:00 - 04/04/2026 03:00","0.00",""
"04/04/2026 00:00 - 05/04/2026 00:00","CTA|DE(Amprion)","Knapsack 1","11WD7KWKN-KW-EEN","Fossil Gas","11WD7KWKN-KW-EEN","04/04/2026 03:00 - 04/04/2026 04:00","0.00",""
"04/04/2026 00:00 - 05/04/2026 00:00","CTA|DE(Amprion)","Knapsack 1","11WD7KWKN-KW-EEN","Fossil Gas","11WD7KWKN-KW-EEN","04/04/2026 04:00 - 04/04/2026 05:00","72.40",""
"04/04/2026 00:00 - 05/04/2026 00:00","CTA|DE(Amprion)","Knapsack 1","11WD7KWKN-KW-EEN","Fossil Gas","11WD7KWKN-KW-EEN","04/04/2026 05:00 - 04/04/2026 06:00","199.70",""
"04/04/2026 00:00 - 05/04/2026 00:00","CTA|DE(Amprion)","Knapsack 1","11WD7KWKN-KW-EEN","Fossil Gas","11WD7KWKN-KW-EEN","04/04/2026 06:00 - 04/04/2026 07:00","425.40",""
"04/04/2026 00:00 - 05/04/2026 00:00","CTA|DE(Amprion)","Knapsack 1","11WD7KWKN-KW-EEN","Fossil Gas","11WD7KWKN-KW-EEN","04/04/2026 07:00 - 04/04/2026 08:00","507.10",""
"04/04/2026 00:00 - 05/04/2026 00:00","CTA|DE(Amprion)","Knapsack 1","11WD7KWKN-KW-EEN","Fossil Gas","11WD7KWKN-KW-EEN","04/04/2026 08:00 - 04/04/2026 09:00","531.40",""
"04/04/2026 00:00 - 05/04/2026 00:00","CTA|DE(Amprion)","Knapsack 1","11WD7KWKN-KW-EEN","Fossil Gas","11WD7KWKN-KW-EEN","04/04/2026 09:00 - 04/04/2026 10:00","506.90",""
"04/04/2026 00:00 - 05/04/2026 00:00","CTA|DE(Amprion)","Knapsack 1","11WD7KWKN-KW-EEN","Fossil Gas","11WD7KWKN-KW-EEN","04/04/2026 10:00 - 04/04/2026 11:00","506.90",""
"04/04/2026 00:00 - 05/04/2026 00:00","CTA|DE(Amprion)","Knapsack 1","11WD7KWKN-KW-EEN","Fossil Gas","11WD7KWKN-KW-EEN","04/04/2026 11:00 - 04/04/2026 12:00","506.80",""
"04/04/2026 00:00 - 05/04/2026 00:00","CTA|DE(Amprion)","Knapsack 1","11WD7KWKN-KW-EEN","Fossil Gas","11WD7KWKN-KW-EEN","04/04/2026 12:00 - 04/04/2026 13:00","60.60",""
"04/04/2026 00:00 - 05/04/2026 00:00","CTA|DE(Amprion)","Knapsack 1","11WD7KWKN-KW-EEN","Fossil Gas","11WD7KWKN-KW-EEN","04/04/2026 13:00 - 04/04/2026 14:00","0.00",""
"04/04/2026 00:00 - 05/04/2026 00:00","CTA|DE(Amprion)","Knapsack 1","11WD7KWKN-KW-EEN","Fossil Gas","11WD7KWKN-KW-EEN","04/04/2026 14:00 - 04/04/2026 15:00","0.00",""
"04/04/2026 00:00 - 05/04/2026 00:00","CTA|DE(Amprion)","Knapsack 1","11WD7KWKN-KW-EEN","Fossil Gas","11WD7KWKN-KW-EEN","04/04/2026 15:00 - 04/04/2026 16:00","0.00",""
"04/04/2026 00:00 - 05/04/2026 00:00","CTA|DE(Amprion)","Knapsack 1","11WD7KWKN-KW-EEN","Fossil Gas","11WD7KWKN-KW-EEN","04/04/2026 16:00 - 04/04/2026 17:00","0.00",""
"04/04/2026 00:00 - 05/04/2026 00:00","CTA|DE(Amprion)","Knapsack 1","11WD7KWKN-KW-EEN","Fossil Gas","11WD7KWKN-KW-EEN","04/04/2026 17:00 - 04/04/2026 18:00","0.00",""
"04/04/2026 00:00 - 05/04/2026 00:00","CTA|DE(Amprion)","Knapsack 1","11WD7KWKN-KW-EEN","Fossil Gas","11WD7KWKN-KW-EEN","04/04/2026 18:00 - 04/04/2026 19:00","0.00",""
"04/04/2026 00:00 - 05/04/2026 00:00","CTA|DE(Amprion)","Knapsack 1","11WD7KWKN-KW-EEN","Fossil Gas","11WD7KWKN-KW-EEN","04/04/2026 19:00 - 04/04/2026 20:00","0.00",""
"04/04/2026 00:00 - 05/04/2026 00:00","CTA|DE(Amprion)","Knapsack 1","11WD7KWKN-KW-EEN","Fossil Gas","11WD7KWKN-KW-EEN","04/04/2026 20:00 - 04/04/2026 21:00","0.00",""
"04/04/2026 00:00 - 05/04/2026 00:00","CTA|DE(Amprion)","Knapsack 1","11WD7KWKN-KW-EEN","Fossil Gas","11WD7KWKN-KW-EEN","04/04/2026 21:00 - 04/04/2026 22:00","0.00",""
"04/04/2026 00:00 - 05/04/2026 00:00","CTA|DE(Amprion)","Knapsack 1","11WD7KWKN-KW-EEN","Fossil Gas","11WD7KWKN-KW-EEN","04/04/2026 22:00 - 04/04/2026 23:00","0.00",""
"04/04/2026 00:00 - 05/04/2026 00:00","CTA|DE(Amprion)","Knapsack 1","11WD7KWKN-KW-EEN","Fossil Gas","11WD7KWKN-KW-EEN","04/04/2026 23:00 - 05/04/2026 00:00","0.00",""
"04/04/2026 00:00 - 05/04/2026 00:00","CTA|DE(Amprion)","Block GT 11","11WD7LUDW2GGT11E","Fossil Gas","11WD7LUDW2GGT11E","04/04/2026 00:00 - 04/04/2026 01:00","0.00",""
"04/04/2026 00:00 - 05/04/2026 00:00","CTA|DE(Amprion)","Block GT 11","11WD7LUDW2GGT11E","Fossil Gas","11WD7LUDW2GGT11E","04/04/2026 01:00 - 04/04/2026 02:00","0.00",""
"04/04/2026 00:00 - 05/04/2026 00:00","CTA|DE(Amprion)","Block GT 11","11WD7LUDW2GGT11E","Fossil Gas","11WD7LUDW2GGT11E","04/04/2026 02:00 - 04/04/2026 03:00","0.00",""
"04/04/2026 00:00 - 05/04/2026 00:00","CTA|DE(Amprion)","Block GT 11","11WD7LUDW2GGT11E","Fossil Gas","11WD7LUDW2GGT11E","04/04/2026 03:00 - 04/04/2026 04:00","0.00",""
"04/04/2026 00:00 - 05/04/2026 00:00","CTA|DE(Amprion)","Block GT 11","11WD7LUDW2GGT11E","Fossil Gas","11WD7LUDW2GGT11E","04/04/2026 04:00 - 04/04/2026 05:00","0.00",""
"04/04/2026 00:00 - 05/04/2026 00:00","CTA|DE(Amprion)","Block GT 11","11WD7LUDW2GGT11E","Fossil Gas","11WD7LUDW2GGT11E","04/04/2026 05:00 - 04/04/2026 06:00","0.00",""
"04/04/2026 00:00 - 05/04/2026 00:00","CTA|DE(Amprion)","Block GT 11","11WD7LUDW2GGT11E","Fossil Gas","11WD7LUDW2GGT11E","04/04/2026 06:00 - 04/04/2026 07:00","0.00",""
"04/04/2026 00:00 - 05/04/2026 00:00","CTA|DE(Amprion)","Block GT 11","11WD7LUDW2GGT11E","Fossil Gas","11WD7LUDW2GGT11E","04/04/2026 07:00 - 04/04/2026 08:00","0.00",""
"04/04/2026 00:00 - 05/04/2026 00:00","CTA|DE(Amprion)","Block GT 11","11WD7LUDW2GGT11E","Fossil Gas","11WD7LUDW2GGT11E","04/04/2026 08:00 - 04/04/2026 09:00","0.00",""
"04/04/2026 00:00 - 05/04/2026 00:00","CTA|DE(Amprion)","Block GT 11","11WD7LUDW2GGT11E","Fossil Gas","11WD7LUDW2GGT11E","04/04/2026 09:00 - 04/04/2026 10:00","0.00",""
"04/04/2026 00:00 - 05/04/2026 00:00","CTA|DE(Amprion)","Block GT 11","11WD7LUDW2GGT11E","Fossil Gas","11WD7LUDW2GGT11E","04/04/2026 10:00 - 04/04/2026 11:00","0.00",""
"04/04/2026 00:00 - 05/04/2026 00:00","CTA|DE(Amprion)","Block GT 11","11WD7LUDW2GGT11E","Fossil Gas","11WD7LUDW2GGT11E","04/04/2026 11:00 - 04/04/2026 12:00","0.00",""
"04/04/2026 00:00 - 05/04/2026 00:00","CTA|DE(Amprion)","Block GT 11","11WD7LUDW2GGT11E","Fossil Gas","11WD7LUDW2GGT11E","04/04/2026 12:00 - 04/04/2026 13:00","0.00",""
"04/04/2026 00:00 - 05/04/2026 00:00","CTA|DE(Amprion)","Block GT 11","11WD7LUDW2GGT11E","Fossil Gas","11WD7LUDW2GGT11E","04/04/2026 13:00 - 04/04/2026 14:00","0.00",""
"04/04/2026 00:00 - 05/04/2026 00:00","CTA|DE(Amprion)","Block GT 11","11WD7LUDW2GGT11E","Fossil Gas","11WD7LUDW2GGT11E","04/04/2026 14:00 - 04/04/2026 15:00","0.00",""
"04/04/2026 00:00 - 05/04/2026 00:00","CTA|DE(Amprion)","Block GT 11","11WD7LUDW2GGT11E","Fossil Gas","11WD7LUDW2GGT11E","04/04/2026 15:00 - 04/04/2026 16:00","0.00",""
"04/04/2026 00:00 - 05/04/2026 00:00","CTA|DE(Amprion)","Block GT 11","11WD7LUDW2GGT11E","Fossil Gas","11WD7LUDW2GGT11E","04/04/2026 16:00 - 04/04/2026 17:00","0.00",""
"04/04/2026 00:00 - 05/04/2026 00:00","CTA|DE(Amprion)","Block GT 11","11WD7LUDW2GGT11E","Fossil Gas","11WD7LUDW2GGT11E","04/04/2026 17:00 - 04/04/2026 18:00","0.00",""
"04/04/2026 00:00 - 05/04/2026 00:00","CTA|DE(Amprion)","Block GT 11","11WD7LUDW2GGT11E","Fossil Gas","11WD7LUDW2GGT11E","04/04/2026 18:00 - 04/04/2026 19:00","0.00",""
"04/04/2026 00:00 - 05/04/2026 00:00","CTA|DE(Amprion)","Block GT 11","11WD7LUDW2GGT11E","Fossil Gas","11WD7LUDW2GGT11E","04/04/2026 19:00 - 04/04/2026 20:00","0.00",""
"04/04/2026 00:00 - 05/04/2026 00:00","CTA|DE(Amprion)","Block GT 11","11WD7LUDW2GGT11E","Fossil Gas","11WD7LUDW2GGT11E","04/04/2026 20:00 - 04/04/2026 21:00","0.00",""
"04/04/2026 00:00 - 05/04/2026 00:00","CTA|DE(Amprion)","Block GT 11","11WD7LUDW2GGT11E","Fossil Gas","11WD7LUDW2GGT11E","04/04/2026 21:00 - 04/04/2026 22:00","0.00",""
"04/04/2026 00:00 - 05/04/2026 00:00","CTA|DE(Amprion)","Block GT 11","11WD7LUDW2GGT11E","Fossil Gas","11WD7LUDW2GGT11E","04/04/2026 22:00 - 04/04/2026 23:00","0.00",""
"04/04/2026 00:00 - 05/04/2026 00:00","CTA|DE(Amprion)","Block GT 11","11WD7LUDW2GGT11E","Fossil Gas","11WD7LUDW2GGT11E","04/04/2026 23:00 - 05/04/2026 00:00","0.00",""
"04/04/2026 00:00 - 05/04/2026 00:00","CTA|DE(Amprion)","Block GT 12","11WD7LUDW2GGT12C","Fossil Gas","11WD7LUDW2GGT12C","04/04/2026 00:00 - 04/04/2026 01:00","122.55",""
"04/04/2026 00:00 - 05/04/2026 00:00","CTA|DE(Amprion)","Block GT 12","11WD7LUDW2GGT12C","Fossil Gas","11WD7LUDW2GGT12C","04/04/2026 01:00 - 04/04/2026 02:00","121.28",""
"04/04/2026 00:00 - 05/04/2026 00:00","CTA|DE(Amprion)","Block GT 12","11WD7LUDW2GGT12C","Fossil Gas","11WD7LUDW2GGT12C","04/04/2026 02:00 - 04/04/2026 03:00","120.78",""
"04/04/2026 00:00 - 05/04/2026 00:00","CTA|DE(Amprion)","Block GT 12","11WD7LUDW2GGT12C","Fossil Gas","11WD7LUDW2GGT12C","04/04/2026 03:00 - 04/04/2026 04:00","119.78",""
"04/04/2026 00:00 - 05/04/2026 00:00","CTA|DE(Amprion)","Block GT 12","11WD7LUDW2GGT12C","Fossil Gas","11WD7LUDW2GGT12C","04/04/2026 04:00 - 04/04/2026 05:00","118.95",""
"04/04/2026 00:00 - 05/04/2026 00:00","CTA|DE(Amprion)","Block GT 12","11WD7LUDW2GGT12C","Fossil Gas","11WD7LUDW2GGT12C","04/04/2026 05:00 - 04/04/2026 06:00","115.90",""
"04/04/2026 00:00 - 05/04/2026 00:00","CTA|DE(Amprion)","Block GT 12","11WD7LUDW2GGT12C","Fossil Gas","11WD7LUDW2GGT12C","04/04/2026 06:00 - 04/04/2026 07:00","118.45",""
"04/04/2026 00:00 - 05/04/2026 00:00","CTA|DE(Amprion)","Block GT 12","11WD7LUDW2GGT12C","Fossil Gas","11WD7LUDW2GGT12C","04/04/2026 07:00 - 04/04/2026 08:00","115.88",""
"04/04/2026 00:00 - 05/04/2026 00:00","CTA|DE(Amprion)","Block GT 12","11WD7LUDW2GGT12C","Fossil Gas","11WD7LUDW2GGT12C","04/04/2026 08:00 - 04/04/2026 09:00","115.25",""
"04/04/2026 00:00 - 05/04/2026 00:00","CTA|DE(Amprion)","Block GT 12","11WD7LUDW2GGT12C","Fossil Gas","11WD7LUDW2GGT12C","04/04/2026 09:00 - 04/04/2026 10:00","114.00",""
"04/04/2026 00:00 - 05/04/2026 00:00","CTA|DE(Amprion)","Block GT 12","11WD7LUDW2GGT12C","Fossil Gas","11WD7LUDW2GGT12C","04/04/2026 10:00 - 04/04/2026 11:00","112.00",""
"04/04/2026 00:00 - 05/04/2026 00:00","CTA|DE(Amprion)","Block GT 12","11WD7LUDW2GGT12C","Fossil Gas","11WD7LUDW2GGT12C","04/04/2026 11:00 - 04/04/2026 12:00","112.22",""
"04/04/2026 00:00 - 05/04/2026 00:00","CTA|DE(Amprion)","Block GT 12","11WD7LUDW2GGT12C","Fossil Gas","11WD7LUDW2GGT12C","04/04/2026 12:00 - 04/04/2026 13:00","112.80",""
"04/04/2026 00:00 - 05/04/2026 00:00","CTA|DE(Amprion)","Block GT 12","11WD7LUDW2GGT12C","Fossil Gas","11WD7LUDW2GGT12C","04/04/2026 13:00 - 04/04/2026 14:00","112.35",""
"04/04/2026 00:00 - 05/04/2026 00:00","CTA|DE(Amprion)","Block GT 12","11WD7LUDW2GGT12C","Fossil Gas","11WD7LUDW2GGT12C","04/04/2026 14:00 - 04/04/2026 15:00","113.78",""
"04/04/2026 00:00 - 05/04/2026 00:00","CTA|DE(Amprion)","Block GT 12","11WD7LUDW2GGT12C","Fossil Gas","11WD7LUDW2GGT12C","04/04/2026 15:00 - 04/04/2026 16:00","111.42",""
"04/04/2026 00:00 - 05/04/2026 00:00","CTA|DE(Amprion)","Block GT 12","11WD7LUDW2GGT12C","Fossil Gas","11WD7LUDW2GGT12C","04/04/2026 16:00 - 04/04/2026 17:00","110.38",""
"04/04/2026 00:00 - 05/04/2026 00:00","CTA|DE(Amprion)","Block GT 12","11WD7LUDW2GGT12C","Fossil Gas","11WD7LUDW2GGT12C","04/04/2026 17:00 - 04/04/2026 18:00","108.08",""
"04/04/2026 00:00 - 05/04/2026 00:00","CTA|DE(Amprion)","Block GT 12","11WD7LUDW2GGT12C","Fossil Gas","11WD7LUDW2GGT12C","04/04/2026 18:00 - 04/04/2026 19:00","113.15",""
"04/04/2026 00:00 - 05/04/2026 00:00","CTA|DE(Amprion)","Block GT 12","11WD7LUDW2GGT12C","Fossil Gas","11WD7LUDW2GGT12C","04/04/2026 19:00 - 04/04/2026 20:00","111.45",""
"04/04/2026 00:00 - 05/04/2026 00:00","CTA|DE(Amprion)","Block GT 12","11WD7LUDW2GGT12C","Fossil Gas","11WD7LUDW2GGT12C","04/04/2026 20:00 - 04/04/2026 21:00","156.30",""
"04/04/2026 00:00 - 05/04/2026 00:00","CTA|DE(Amprion)","Block GT 12","11WD7LUDW2GGT12C","Fossil Gas","11WD7LUDW2GGT12C","04/04/2026 21:00 - 04/04/2026 22:00","154.65",""
"04/04/2026 00:00 - 05/04/2026 00:00","CTA|DE(Amprion)","Block GT 12","11WD7LUDW2GGT12C","Fossil Gas","11WD7LUDW2GGT12C","04/04/2026 22:00 - 04/04/2026 23:00","112.60",""
"04/04/2026 00:00 - 05/04/2026 00:00","CTA|DE(Amprion)","Block GT 12","11WD7LUDW2GGT12C","Fossil Gas","11WD7LUDW2GGT12C","04/04/2026 23:00 - 05/04/2026 00:00","110.17",""
"04/04/2026 00:00 - 05/04/2026 00:00","CTA|DE(Amprion)","Block GT1","11WD7LUDW5GSDG1Q","Fossil Gas","11WD7LUDW5GSDG1Q","04/04/2026 00:00 - 04/04/2026 01:00","110.30",""
"04/04/2026 00:00 - 05/04/2026 00:00","CTA|DE(Amprion)","Block GT1","11WD7LUDW5GSDG1Q","Fossil Gas","11WD7LUDW5GSDG1Q","04/04/2026 01:00 - 04/04/2026 02:00","110.28",""
"04/04/2026 00:00 - 05/04/2026 00:00","CTA|DE(Amprion)","Block GT1","11WD7LUDW5GSDG1Q","Fossil Gas","11WD7LUDW5GSDG1Q","04/04/2026 02:00 - 04/04/2026 03:00","110.30",""
"04/04/2026 00:00 - 05/04/2026 00:00","CTA|DE(Amprion)","Block GT1","11WD7LUDW5GSDG1Q","Fossil Gas","11WD7LUDW5GSDG1Q","04/04/2026 03:00 - 04/04/2026 04:00","110.30",""
"04/04/2026 00:00 - 05/04/2026 00:00","CTA|DE(Amprion)","Block GT1","11WD7LUDW5GSDG1Q","Fossil Gas","11WD7LUDW5GSDG1Q","04/04/2026 04:00 - 04/04/2026 05:00","110.28",""
"04/04/2026 00:00 - 05/04/2026 00:00","CTA|DE(Amprion)","Block GT1","11WD7LUDW5GSDG1Q","Fossil Gas","11WD7LUDW5GSDG1Q","04/04/2026 05:00 - 04/04/2026 06:00","110.33",""
"04/04/2026 00:00 - 05/04/2026 00:00","CTA|DE(Amprion)","Block GT1","11WD7LUDW5GSDG1Q","Fossil Gas","11WD7LUDW5GSDG1Q","04/04/2026 06:00 - 04/04/2026 07:00","110.30",""
"04/04/2026 00:00 - 05/04/2026 00:00","CTA|DE(Amprion)","Block GT1","11WD7LUDW5GSDG1Q","Fossil Gas","11WD7LUDW5GSDG1Q","04/04/2026 07:00 - 04/04/2026 08:00","110.28",""
"04/04/2026 00:00 - 05/04/2026 00:00","CTA|DE(Amprion)","Block GT1","11WD7LUDW5GSDG1Q","Fossil Gas","11WD7LUDW5GSDG1Q","04/04/2026 08:00 - 04/04/2026 09:00","110.30",""
"04/04/2026 00:00 - 05/04/2026 00:00","CTA|DE(Amprion)","Block GT1","11WD7LUDW5GSDG1Q","Fossil Gas","11WD7LUDW5GSDG1Q","04/04/2026 09:00 - 04/04/2026 10:00","110.30",""
"04/04/2026 00:00 - 05/04/2026 00:00","CTA|DE(Amprion)","Block GT1","11WD7LUDW5GSDG1Q","Fossil Gas","11WD7LUDW5GSDG1Q","04/04/2026 10:00 - 04/04/2026 11:00","110.30",""
"04/04/2026 00:00 - 05/04/2026 00:00","CTA|DE(Amprion)","Block GT1","11WD7LUDW5GSDG1Q","Fossil Gas","11WD7LUDW5GSDG1Q","04/04/2026 11:00 - 04/04/2026 12:00","110.28",""
"04/04/2026 00:00 - 05/04/2026 00:00","CTA|DE(Amprion)","Block GT1","11WD7LUDW5GSDG1Q","Fossil Gas","11WD7LUDW5GSDG1Q","04/04/2026 12:00 - 04/04/2026 13:00","110.30",""
"04/04/2026 00:00 - 05/04/2026 00:00","CTA|DE(Amprion)","Block GT1","11WD7LUDW5GSDG1Q","Fossil Gas","11WD7LUDW5GSDG1Q","04/04/2026 13:00 - 04/04/2026 14:00","110.30",""
"04/04/2026 00:00 - 05/04/2026 00:00","CTA|DE(Amprion)","Block GT1","11WD7LUDW5GSDG1Q","Fossil Gas","11WD7LUDW5GSDG1Q","04/04/2026 14:00 - 04/04/2026 15:00","110.33",""
"04/04/2026 00:00 - 05/04/2026 00:00","CTA|DE(Amprion)","Block GT1","11WD7LUDW5GSDG1Q","Fossil Gas","11WD7LUDW5GSDG1Q","04/04/2026 15:00 - 04/04/2026 16:00","110.30",""
"04/04/2026 00:00 - 05/04/2026 00:00","CTA|DE(Amprion)","Block GT1","11WD7LUDW5GSDG1Q","Fossil Gas","11WD7LUDW5GSDG1Q","04/04/2026 16:00 - 04/04/2026 17:00","110.30",""
"04/04/2026 00:00 - 05/04/2026 00:00","CTA|DE(Amprion)","Block GT1","11WD7LUDW5GSDG1Q","Fossil Gas","11WD7LUDW5GSDG1Q","04/04/2026 17:00 - 04/04/2026 18:00","110.30",""
"04/04/2026 00:00 - 05/04/2026 00:00","CTA|DE(Amprion)","Block GT1","11WD7LUDW5GSDG1Q","Fossil Gas","11WD7LUDW5GSDG1Q","04/04/2026 18:00 - 04/04/2026 19:00","110.40",""
"04/04/2026 00:00 - 05/04/2026 00:00","CTA|DE(Amprion)","Block GT1","11WD7LUDW5GSDG1Q","Fossil Gas","11WD7LUDW5GSDG1Q","04/04/2026 19:00 - 04/04/2026 20:00","112.45",""
"04/04/2026 00:00 - 05/04/2026 00:00","CTA|DE(Amprion)","Block GT1","11WD7LUDW5GSDG1Q","Fossil Gas","11WD7LUDW5GSDG1Q","04/04/2026 20:00 - 04/04/2026 21:00","160.57",""
"04/04/2026 00:00 - 05/04/2026 00:00","CTA|DE(Amprion)","Block GT1","11WD7LUDW5GSDG1Q","Fossil Gas","11WD7LUDW5GSDG1Q","04/04/2026 21:00 - 04/04/2026 22:00","159.50",""
"04/04/2026 00:00 - 05/04/2026 00:00","CTA|DE(Amprion)","Block GT1","11WD7LUDW5GSDG1Q","Fossil Gas","11WD7LUDW5GSDG1Q","04/04/2026 22:00 - 04/04/2026 23:00","110.60",""
"04/04/2026 00:00 - 05/04/2026 00:00","CTA|DE(Amprion)","Block GT1","11WD7LUDW5GSDG1Q","Fossil Gas","11WD7LUDW5GSDG1Q","04/04/2026 23:00 - 05/04/2026 00:00","111.50",""
"04/04/2026 00:00 - 05/04/2026 00:00","CTA|DE(Amprion)","Block GT2","11WD7LUDW5GSDG2O","Fossil Gas","11WD7LUDW5GSDG2O","04/04/2026 00:00 - 04/04/2026 01:00","0.20",""
"04/04/2026 00:00 - 05/04/2026 00:00","CTA|DE(Amprion)","Block GT2","11WD7LUDW5GSDG2O","Fossil Gas","11WD7LUDW5GSDG2O","04/04/2026 01:00 - 04/04/2026 02:00","0.20",""
"04/04/2026 00:00 - 05/04/2026 00:00","CTA|DE(Amprion)","Block GT2","11WD7LUDW5GSDG2O","Fossil Gas","11WD7LUDW5GSDG2O","04/04/2026 02:00 - 04/04/2026 03:00","0.20",""
"04/04/2026 00:00 - 05/04/2026 00:00","CTA|DE(Amprion)","Block GT2","11WD7LUDW5GSDG2O","Fossil Gas","11WD7LUDW5GSDG2O","04/04/2026 03:00 - 04/04/2026 04:00","0.20",""
"04/04/2026 00:00 - 05/04/2026 00:00","CTA|DE(Amprion)","Block GT2","11WD7LUDW5GSDG2O","Fossil Gas","11WD7LUDW5GSDG2O","04/04/2026 04:00 - 04/04/2026 05:00","0.20",""
"04/04/2026 00:00 - 05/04/2026 00:00","CTA|DE(Amprion)","Block GT2","11WD7LUDW5GSDG2O","Fossil Gas","11WD7LUDW5GSDG2O","04/04/2026 05:00 - 04/04/2026 06:00","0.20",""
"04/04/2026 00:00 - 05/04/2026 00:00","CTA|DE(Amprion)","Block GT2","11WD7LUDW5GSDG2O","Fossil Gas","11WD7LUDW5GSDG2O","04/04/2026 06:00 - 04/04/2026 07:00","0.20",""
"04/04/2026 00:00 - 05/04/2026 00:00","CTA|DE(Amprion)","Block GT2","11WD7LUDW5GSDG2O","Fossil Gas","11WD7LUDW5GSDG2O","04/04/2026 07:00 - 04/04/2026 08:00","0.20",""
"04/04/2026 00:00 - 05/04/2026 00:00","CTA|DE(Amprion)","Block GT2","11WD7LUDW5GSDG2O","Fossil Gas","11WD7LUDW5GSDG2O","04/04/2026 08:00 - 04/04/2026 09:00","0.20",""
"04/04/2026 00:00 - 05/04/2026 00:00","CTA|DE(Amprion)","Block GT2","11WD7LUDW5GSDG2O","Fossil Gas","11WD7LUDW5GSDG2O","04/04/2026 09:00 - 04/04/2026 10:00","0.20",""
"04/04/2026 00:00 - 05/04/2026 00:00","CTA|DE(Amprion)","Block GT2","11WD7LUDW5GSDG2O","Fossil Gas","11WD7LUDW5GSDG2O","04/04/2026 10:00 - 04/04/2026 11:00","0.20",""
"04/04/2026 00:00 - 05/04/2026 00:00","CTA|DE(Amprion)","Block GT2","11WD7LUDW5GSDG2O","Fossil Gas","11WD7LUDW5GSDG2O","04/04/2026 11:00 - 04/04/2026 12:00","0.20",""
"04/04/2026 00:00 - 05/04/2026 00:00","CTA|DE(Amprion)","Block GT2","11WD7LUDW5GSDG2O","Fossil Gas","11WD7LUDW5GSDG2O","04/04/2026 12:00 - 04/04/2026 13:00","0.20",""
"04/04/2026 00:00 - 05/04/2026 00:00","CTA|DE(Amprion)","Block GT2","11WD7LUDW5GSDG2O","Fossil Gas","11WD7LUDW5GSDG2O","04/04/2026 13:00 - 04/04/2026 14:00","0.20",""
"04/04/2026 00:00 - 05/04/2026 00:00","CTA|DE(Amprion)","Block GT2","11WD7LUDW5GSDG2O","Fossil Gas","11WD7LUDW5GSDG2O","04/04/2026 14:00 - 04/04/2026 15:00","0.20",""
"04/04/2026 00:00 - 05/04/2026 00:00","CTA|DE(Amprion)","Block GT2","11WD7LUDW5GSDG2O","Fossil Gas","11WD7LUDW5GSDG2O","04/04/2026 15:00 - 04/04/2026 16:00","0.20",""
"04/04/2026 00:00 - 05/04/2026 00:00","CTA|DE(Amprion)","Block GT2","11WD7LUDW5GSDG2O","Fossil Gas","11WD7LUDW5GSDG2O","04/04/2026 16:00 - 04/04/2026 17:00","0.20",""
"04/04/2026 00:00 - 05/04/2026 00:00","CTA|DE(Amprion)","Block GT2","11WD7LUDW5GSDG2O","Fossil Gas","11WD7LUDW5GSDG2O","04/04/2026 17:00 - 04/04/2026 18:00","0.20",""
"04/04/2026 00:00 - 05/04/2026 00:00","CTA|DE(Amprion)","Block GT2","11WD7LUDW5GSDG2O","Fossil Gas","11WD7LUDW5GSDG2O","04/04/2026 18:00 - 04/04/2026 19:00","0.20",""
"04/04/2026 00:00 - 05/04/2026 00:00","CTA|DE(Amprion)","Block GT2","11WD7LUDW5GSDG2O","Fossil Gas","11WD7LUDW5GSDG2O","04/04/2026 19:00 - 04/04/2026 20:00","0.20",""
"04/04/2026 00:00 - 05/04/2026 00:00","CTA|DE(Amprion)","Block GT2","11WD7LUDW5GSDG2O","Fossil Gas","11WD7LUDW5GSDG2O","04/04/2026 20:00 - 04/04/2026 21:00","0.20",""
"04/04/2026 00:00 - 05/04/2026 00:00","CTA|DE(Amprion)","Block GT2","11WD7LUDW5GSDG2O","Fossil Gas","11WD7LUDW5GSDG2O","04/04/2026 21:00 - 04/04/2026 22:00","0.20",""
"04/04/2026 00:00 - 05/04/2026 00:00","CTA|DE(Amprion)","Block GT2","11WD7LUDW5GSDG2O","Fossil Gas","11WD7LUDW5GSDG2O","04/04/2026 22:00 - 04/04/2026 23:00","0.20",""
"04/04/2026 00:00 - 05/04/2026 00:00","CTA|DE(Amprion)","Block GT2","11WD7LUDW5GSDG2O","Fossil Gas","11WD7LUDW5GSDG2O","04/04/2026 23:00 - 05/04/2026 00:00","0.20",""
"04/04/2026 00:00 - 05/04/2026 00:00","CTA|DE(Amprion)","BEXBACH_A_GESAMT","11WD7MITB1C---A1","Fossil Hard coal","11WD7MITB1C---A1","04/04/2026 00:00 - 04/04/2026 01:00","0.00",""
"04/04/2026 00:00 - 05/04/2026 00:00","CTA|DE(Amprion)","BEXBACH_A_GESAMT","11WD7MITB1C---A1","Fossil Hard coal","11WD7MITB1C---A1","04/04/2026 01:00 - 04/04/2026 02:00","0.00",""
"04/04/2026 00:00 - 05/04/2026 00:00","CTA|DE(Amprion)","BEXBACH_A_GESAMT","11WD7MITB1C---A1","Fossil Hard coal","11WD7MITB1C---A1","04/04/2026 02:00 - 04/04/2026 03:00","0.00",""
"04/04/2026 00:00 - 05/04/2026 00:00","CTA|DE(Amprion)","BEXBACH_A_GESAMT","11WD7MITB1C---A1","Fossil Hard coal","11WD7MITB1C---A1","04/04/2026 03:00 - 04/04/2026 04:00","0.00",""
"04/04/2026 00:00 - 05/04/2026 00:00","CTA|DE(Amprion)","BEXBACH_A_GESAMT","11WD7MITB1C---A1","Fossil Hard coal","11WD7MITB1C---A1","04/04/2026 04:00 - 04/04/2026 05:00","0.00",""
"04/04/2026 00:00 - 05/04/2026 00:00","CTA|DE(Amprion)","BEXBACH_A_GESAMT","11WD7MITB1C---A1","Fossil Hard coal","11WD7MITB1C---A1","04/04/2026 05:00 - 04/04/2026 06:00","0.00",""
"04/04/2026 00:00 - 05/04/2026 00:00","CTA|DE(Amprion)","BEXBACH_A_GESAMT","11WD7MITB1C---A1","Fossil Hard coal","11WD7MITB1C---A1","04/04/2026 06:00 - 04/04/2026 07:00","0.00",""
"04/04/2026 00:00 - 05/04/2026 00:00","CTA|DE(Amprion)","BEXBACH_A_GESAMT","11WD7MITB1C---A1","Fossil Hard coal","11WD7MITB1C---A1","04/04/2026 07:00 - 04/04/2026 08:00","0.00",""
"04/04/2026 00:00 - 05/04/2026 00:00","CTA|DE(Amprion)","BEXBACH_A_GESAMT","11WD7MITB1C---A1","Fossil Hard coal","11WD7MITB1C---A1","04/04/2026 08:00 - 04/04/2026 09:00","0.00",""
"04/04/2026 00:00 - 05/04/2026 00:00","CTA|DE(Amprion)","BEXBACH_A_GESAMT","11WD7MITB1C---A1","Fossil Hard coal","11WD7MITB1C---A1","04/04/2026 09:00 - 04/04/2026 10:00","0.00",""
"04/04/2026 00:00 - 05/04/2026 00:00","CTA|DE(Amprion)","BEXBACH_A_GESAMT","11WD7MITB1C---A1","Fossil Hard coal","11WD7MITB1C---A1","04/04/2026 10:00 - 04/04/2026 11:00","0.00",""
"04/04/2026 00:00 - 05/04/2026 00:00","CTA|DE(Amprion)","BEXBACH_A_GESAMT","11WD7MITB1C---A1","Fossil Hard coal","11WD7MITB1C---A1","04/04/2026 11:00 - 04/04/2026 12:00","0.00",""
"04/04/2026 00:00 - 05/04/2026 00:00","CTA|DE(Amprion)","BEXBACH_A_GESAMT","11WD7MITB1C---A1","Fossil Hard coal","11WD7MITB1C---A1","04/04/2026 12:00 - 04/04/2026 13:00","0.00",""
"04/04/2026 00:00 - 05/04/2026 00:00","CTA|DE(Amprion)","BEXBACH_A_GESAMT","11WD7MITB1C---A1","Fossil Hard coal","11WD7MITB1C---A1","04/04/2026 13:00 - 04/04/2026 14:00","0.00",""
"04/04/2026 00:00 - 05/04/2026 00:00","CTA|DE(Amprion)","BEXBACH_A_GESAMT","11WD7MITB1C---A1","Fossil Hard coal","11WD7MITB1C---A1","04/04/2026 14:00 - 04/04/2026 15:00","0.00",""
"04/04/2026 00:00 - 05/04/2026 00:00","CTA|DE(Amprion)","BEXBACH_A_GESAMT","11WD7MITB1C---A1","Fossil Hard coal","11WD7MITB1C---A1","04/04/2026 15:00 - 04/04/2026 16:00","0.00",""
"04/04/2026 00:00 - 05/04/2026 00:00","CTA|DE(Amprion)","BEXBACH_A_GESAMT","11WD7MITB1C---A1","Fossil Hard coal","11WD7MITB1C---A1","04/04/2026 16:00 - 04/04/2026 17:00","0.00",""
"04/04/2026 00:00 - 05/04/2026 00:00","CTA|DE(Amprion)","BEXBACH_A_GESAMT","11WD7MITB1C---A1","Fossil Hard coal","11WD7MITB1C---A1","04/04/2026 17:00 - 04/04/2026 18:00","0.00",""
"04/04/2026 00:00 - 05/04/2026 00:00","CTA|DE(Amprion)","BEXBACH_A_GESAMT","11WD7MITB1C---A1","Fossil Hard coal","11WD7MITB1C---A1","04/04/2026 18:00 - 04/04/2026 19:00","0.00",""
"04/04/2026 00:00 - 05/04/2026 00:00","CTA|DE(Amprion)","BEXBACH_A_GESAMT","11WD7MITB1C---A1","Fossil Hard coal","11WD7MITB1C---A1","04/04/2026 19:00 - 04/04/2026 20:00","0.00",""
"04/04/2026 00:00 - 05/04/2026 00:00","CTA|DE(Amprion)","BEXBACH_A_GESAMT","11WD7MITB1C---A1","Fossil Hard coal","11WD7MITB1C---A1","04/04/2026 20:00 - 04/04/2026 21:00","0.00",""
"04/04/2026 00:00 - 05/04/2026 00:00","CTA|DE(Amprion)","BEXBACH_A_GESAMT","11WD7MITB1C---A1","Fossil Hard coal","11WD7MITB1C---A1","04/04/2026 21:00 - 04/04/2026 22:00","0.00",""
"04/04/2026 00:00 - 05/04/2026 00:00","CTA|DE(Amprion)","BEXBACH_A_GESAMT","11WD7MITB1C---A1","Fossil Hard coal","11WD7MITB1C---A1","04/04/2026 22:00 - 04/04/2026 23:00","0.00",""
"04/04/2026 00:00 - 05/04/2026 00:00","CTA|DE(Amprion)","BEXBACH_A_GESAMT","11WD7MITB1C---A1","Fossil Hard coal","11WD7MITB1C---A1","04/04/2026 23:00 - 05/04/2026 00:00","0.00",""
"04/04/2026 00:00 - 05/04/2026 00:00","CTA|DE(Amprion)","Neurath F","11WD7NEUR1B--F-L","Fossil Brown coal/Lignite","11WD7NEUR1B--F-L","04/04/2026 00:00 - 04/04/2026 01:00","0.00",""
"04/04/2026 00:00 - 05/04/2026 00:00","CTA|DE(Amprion)","Neurath F","11WD7NEUR1B--F-L","Fossil Brown coal/Lignite","11WD7NEUR1B--F-L","04/04/2026 01:00 - 04/04/2026 02:00","0.00",""
"04/04/2026 00:00 - 05/04/2026 00:00","CTA|DE(Amprion)","Neurath F","11WD7NEUR1B--F-L","Fossil Brown coal/Lignite","11WD7NEUR1B--F-L","04/04/2026 02:00 - 04/04/2026 03:00","0.00",""
"04/04/2026 00:00 - 05/04/2026 00:00","CTA|DE(Amprion)","Neurath F","11WD7NEUR1B--F-L","Fossil Brown coal/Lignite","11WD7NEUR1B--F-L","04/04/2026 03:00 - 04/04/2026 04:00","0.00",""
"04/04/2026 00:00 - 05/04/2026 00:00","CTA|DE(Amprion)","Neurath F","11WD7NEUR1B--F-L","Fossil Brown coal/Lignite","11WD7NEUR1B--F-L","04/04/2026 04:00 - 04/04/2026 05:00","0.00",""
"04/04/2026 00:00 - 05/04/2026 00:00","CTA|DE(Amprion)","Neurath F","11WD7NEUR1B--F-L","Fossil Brown coal/Lignite","11WD7NEUR1B--F-L","04/04/2026 05:00 - 04/04/2026 06:00","0.00",""
"04/04/2026 00:00 - 05/04/2026 00:00","CTA|DE(Amprion)","Neurath F","11WD7NEUR1B--F-L","Fossil Brown coal/Lignite","11WD7NEUR1B--F-L","04/04/2026 06:00 - 04/04/2026 07:00","0.00",""
"04/04/2026 00:00 - 05/04/2026 00:00","CTA|DE(Amprion)","Neurath F","11WD7NEUR1B--F-L","Fossil Brown coal/Lignite","11WD7NEUR1B--F-L","04/04/2026 07:00 - 04/04/2026 08:00","0.00",""
"04/04/2026 00:00 - 05/04/2026 00:00","CTA|DE(Amprion)","Neurath F","11WD7NEUR1B--F-L","Fossil Brown coal/Lignite","11WD7NEUR1B--F-L","04/04/2026 08:00 - 04/04/2026 09:00","0.00",""
"04/04/2026 00:00 - 05/04/2026 00:00","CTA|DE(Amprion)","Neurath F","11WD7NEUR1B--F-L","Fossil Brown coal/Lignite","11WD7NEUR1B--F-L","04/04/2026 09:00 - 04/04/2026 10:00","0.00",""
"04/04/2026 00:00 - 05/04/2026 00:00","CTA|DE(Amprion)","Neurath F","11WD7NEUR1B--F-L","Fossil Brown coal/Lignite","11WD7NEUR1B--F-L","04/04/2026 10:00 - 04/04/2026 11:00","0.00",""
"04/04/2026 00:00 - 05/04/2026 00:00","CTA|DE(Amprion)","Neurath F","11WD7NEUR1B--F-L","Fossil Brown coal/Lignite","11WD7NEUR1B--F-L","04/04/2026 11:00 - 04/04/2026 12:00","0.00",""
"04/04/2026 00:00 - 05/04/2026 00:00","CTA|DE(Amprion)","Neurath F","11WD7NEUR1B--F-L","Fossil Brown coal/Lignite","11WD7NEUR1B--F-L","04/04/2026 12:00 - 04/04/2026 13:00","0.00",""
"04/04/2026 00:00 - 05/04/2026 00:00","CTA|DE(Amprion)","Neurath F","11WD7NEUR1B--F-L","Fossil Brown coal/Lignite","11WD7NEUR1B--F-L","04/04/2026 13:00 - 04/04/2026 14:00","0.00",""
"04/04/2026 00:00 - 05/04/2026 00:00","CTA|DE(Amprion)","Neurath F","11WD7NEUR1B--F-L","Fossil Brown coal/Lignite","11WD7NEUR1B--F-L","04/04/2026 14:00 - 04/04/2026 15:00","0.00",""
"04/04/2026 00:00 - 05/04/2026 00:00","CTA|DE(Amprion)","Neurath F","11WD7NEUR1B--F-L","Fossil Brown coal/Lignite","11WD7NEUR1B--F-L","04/04/2026 15:00 - 04/04/2026 16:00","0.00",""
"04/04/2026 00:00 - 05/04/2026 00:00","CTA|DE(Amprion)","Neurath F","11WD7NEUR1B--F-L","Fossil Brown coal/Lignite","11WD7NEUR1B--F-L","04/04/2026 16:00 - 04/04/2026 17:00","0.00",""
"04/04/2026 00:00 - 05/04/2026 00:00","CTA|DE(Amprion)","Neurath F","11WD7NEUR1B--F-L","Fossil Brown coal/Lignite","11WD7NEUR1B--F-L","04/04/2026 17:00 - 04/04/2026 18:00","0.00",""
"04/04/2026 00:00 - 05/04/2026 00:00","CTA|DE(Amprion)","Neurath F","11WD7NEUR1B--F-L","Fossil Brown coal/Lignite","11WD7NEUR1B--F-L","04/04/2026 18:00 - 04/04/2026 19:00","0.00",""
"04/04/2026 00:00 - 05/04/2026 00:00","CTA|DE(Amprion)","Neurath F","11WD7NEUR1B--F-L","Fossil Brown coal/Lignite","11WD7NEUR1B--F-L","04/04/2026 19:00 - 04/04/2026 20:00","0.00",""
"04/04/2026 00:00 - 05/04/2026 00:00","CTA|DE(Amprion)","Neurath F","11WD7NEUR1B--F-L","Fossil Brown coal/Lignite","11WD7NEUR1B--F-L","04/04/2026 20:00 - 04/04/2026 21:00","0.00",""
"04/04/2026 00:00 - 05/04/2026 00:00","CTA|DE(Amprion)","Neurath F","11WD7NEUR1B--F-L","Fossil Brown coal/Lignite","11WD7NEUR1B--F-L","04/04/2026 21:00 - 04/04/2026 22:00","0.00",""
"04/04/2026 00:00 - 05/04/2026 00:00","CTA|DE(Amprion)","Neurath F","11WD7NEUR1B--F-L","Fossil Brown coal/Lignite","11WD7NEUR1B--F-L","04/04/2026 22:00 - 04/04/2026 23:00","0.00",""
"04/04/2026 00:00 - 05/04/2026 00:00","CTA|DE(Amprion)","Neurath F","11WD7NEUR1B--F-L","Fossil Brown coal/Lignite","11WD7NEUR1B--F-L","04/04/2026 23:00 - 05/04/2026 00:00","0.00",""
"04/04/2026 00:00 - 05/04/2026 00:00","CTA|DE(Amprion)","Neurath G","11WD7NEUR1B--G-I","Fossil Brown coal/Lignite","11WD7NEUR1B--G-I","04/04/2026 00:00 - 04/04/2026 01:00","0.00",""
"04/04/2026 00:00 - 05/04/2026 00:00","CTA|DE(Amprion)","Neurath G","11WD7NEUR1B--G-I","Fossil Brown coal/Lignite","11WD7NEUR1B--G-I","04/04/2026 01:00 - 04/04/2026 02:00","0.00",""
"04/04/2026 00:00 - 05/04/2026 00:00","CTA|DE(Amprion)","Neurath G","11WD7NEUR1B--G-I","Fossil Brown coal/Lignite","11WD7NEUR1B--G-I","04/04/2026 02:00 - 04/04/2026 03:00","0.00",""
"04/04/2026 00:00 - 05/04/2026 00:00","CTA|DE(Amprion)","Neurath G","11WD7NEUR1B--G-I","Fossil Brown coal/Lignite","11WD7NEUR1B--G-I","04/04/2026 03:00 - 04/04/2026 04:00","0.00",""
"04/04/2026 00:00 - 05/04/2026 00:00","CTA|DE(Amprion)","Neurath G","11WD7NEUR1B--G-I","Fossil Brown coal/Lignite","11WD7NEUR1B--G-I","04/04/2026 04:00 - 04/04/2026 05:00","0.00",""
"04/04/2026 00:00 - 05/04/2026 00:00","CTA|DE(Amprion)","Neurath G","11WD7NEUR1B--G-I","Fossil Brown coal/Lignite","11WD7NEUR1B--G-I","04/04/2026 05:00 - 04/04/2026 06:00","0.00",""
"04/04/2026 00:00 - 05/04/2026 00:00","CTA|DE(Amprion)","Neurath G","11WD7NEUR1B--G-I","Fossil Brown coal/Lignite","11WD7NEUR1B--G-I","04/04/2026 06:00 - 04/04/2026 07:00","0.00",""
"04/04/2026 00:00 - 05/04/2026 00:00","CTA|DE(Amprion)","Neurath G","11WD7NEUR1B--G-I","Fossil Brown coal/Lignite","11WD7NEUR1B--G-I","04/04/2026 07:00 - 04/04/2026 08:00","0.00",""
"04/04/2026 00:00 - 05/04/2026 00:00","CTA|DE(Amprion)","Neurath G","11WD7NEUR1B--G-I","Fossil Brown coal/Lignite","11WD7NEUR1B--G-I","04/04/2026 08:00 - 04/04/2026 09:00","0.00",""
"04/04/2026 00:00 - 05/04/2026 00:00","CTA|DE(Amprion)","Neurath G","11WD7NEUR1B--G-I","Fossil Brown coal/Lignite","11WD7NEUR1B--G-I","04/04/2026 09:00 - 04/04/2026 10:00","0.00",""
"04/04/2026 00:00 - 05/04/2026 00:00","CTA|DE(Amprion)","Neurath G","11WD7NEUR1B--G-I","Fossil Brown coal/Lignite","11WD7NEUR1B--G-I","04/04/2026 10:00 - 04/04/2026 11:00","0.00",""
"04/04/2026 00:00 - 05/04/2026 00:00","CTA|DE(Amprion)","Neurath G","11WD7NEUR1B--G-I","Fossil Brown coal/Lignite","11WD7NEUR1B--G-I","04/04/2026 11:00 - 04/04/2026 12:00","0.00",""
"04/04/2026 00:00 - 05/04/2026 00:00","CTA|DE(Amprion)","Neurath G","11WD7NEUR1B--G-I","Fossil Brown coal/Lignite","11WD7NEUR1B--G-I","04/04/2026 12:00 - 04/04/2026 13:00","0.00",""
"04/04/2026 00:00 - 05/04/2026 00:00","CTA|DE(Amprion)","Neurath G","11WD7NEUR1B--G-I","Fossil Brown coal/Lignite","11WD7NEUR1B--G-I","04/04/2026 13:00 - 04/04/2026 14:00","0.00",""
"04/04/2026 00:00 - 05/04/2026 00:00","CTA|DE(Amprion)","Neurath G","11WD7NEUR1B--G-I","Fossil Brown coal/Lignite","11WD7NEUR1B--G-I","04/04/2026 14:00 - 04/04/2026 15:00","0.00",""
"04/04/2026 00:00 - 05/04/2026 00:00","CTA|DE(Amprion)","Neurath G","11WD7NEUR1B--G-I","Fossil Brown coal/Lignite","11WD7NEUR1B--G-I","04/04/2026 15:00 - 04/04/2026 16:00","0.00",""
"04/04/2026 00:00 - 05/04/2026 00:00","CTA|DE(Amprion)","Neurath G","11WD7NEUR1B--G-I","Fossil Brown coal/Lignite","11WD7NEUR1B--G-I","04/04/2026 16:00 - 04/04/2026 17:00","0.00",""
"04/04/2026 00:00 - 05/04/2026 00:00","CTA|DE(Amprion)","Neurath G","11WD7NEUR1B--G-I","Fossil Brown coal/Lignite","11WD7NEUR1B--G-I","04/04/2026 17:00 - 04/04/2026 18:00","0.00",""
"04/04/2026 00:00 - 05/04/2026 00:00","CTA|DE(Amprion)","Neurath G","11WD7NEUR1B--G-I","Fossil Brown coal/Lignite","11WD7NEUR1B--G-I","04/04/2026 18:00 - 04/04/2026 19:00","0.00",""
"04/04/2026 00:00 - 05/04/2026 00:00","CTA|DE(Amprion)","Neurath G","11WD7NEUR1B--G-I","Fossil Brown coal/Lignite","11WD7NEUR1B--G-I","04/04/2026 19:00 - 04/04/2026 20:00","0.00",""
"04/04/2026 00:00 - 05/04/2026 00:00","CTA|DE(Amprion)","Neurath G","11WD7NEUR1B--G-I","Fossil Brown coal/Lignite","11WD7NEUR1B--G-I","04/04/2026 20:00 - 04/04/2026 21:00","0.00",""
"04/04/2026 00:00 - 05/04/2026 00:00","CTA|DE(Amprion)","Neurath G","11WD7NEUR1B--G-I","Fossil Brown coal/Lignite","11WD7NEUR1B--G-I","04/04/2026 21:00 - 04/04/2026 22:00","0.00",""
"04/04/2026 00:00 - 05/04/2026 00:00","CTA|DE(Amprion)","Neurath G","11WD7NEUR1B--G-I","Fossil Brown coal/Lignite","11WD7NEUR1B--G-I","04/04/2026 22:00 - 04/04/2026 23:00","0.00",""
"04/04/2026 00:00 - 05/04/2026 00:00","CTA|DE(Amprion)","Neurath G","11WD7NEUR1B--G-I","Fossil Brown coal/Lignite","11WD7NEUR1B--G-I","04/04/2026 23:00 - 05/04/2026 00:00","0.00",""
"04/04/2026 00:00 - 05/04/2026 00:00","CTA|DE(Amprion)","Niederaußem G","11WD7NIED1B--G-C","Fossil Brown coal/Lignite","11WD7NIED1B--G-C","04/04/2026 00:00 - 04/04/2026 01:00","0.00",""
"04/04/2026 00:00 - 05/04/2026 00:00","CTA|DE(Amprion)","Niederaußem G","11WD7NIED1B--G-C","Fossil Brown coal/Lignite","11WD7NIED1B--G-C","04/04/2026 01:00 - 04/04/2026 02:00","0.00",""
"04/04/2026 00:00 - 05/04/2026 00:00","CTA|DE(Amprion)","Niederaußem G","11WD7NIED1B--G-C","Fossil Brown coal/Lignite","11WD7NIED1B--G-C","04/04/2026 02:00 - 04/04/2026 03:00","0.00",""
"04/04/2026 00:00 - 05/04/2026 00:00","CTA|DE(Amprion)","Niederaußem G","11WD7NIED1B--G-C","Fossil Brown coal/Lignite","11WD7NIED1B--G-C","04/04/2026 03:00 - 04/04/2026 04:00","0.00",""
"04/04/2026 00:00 - 05/04/2026 00:00","CTA|DE(Amprion)","Niederaußem G","11WD7NIED1B--G-C","Fossil Brown coal/Lignite","11WD7NIED1B--G-C","04/04/2026 04:00 - 04/04/2026 05:00","0.00",""
"04/04/2026 00:00 - 05/04/2026 00:00","CTA|DE(Amprion)","Niederaußem G","11WD7NIED1B--G-C","Fossil Brown coal/Lignite","11WD7NIED1B--G-C","04/04/2026 05:00 - 04/04/2026 06:00","0.00",""
"04/04/2026 00:00 - 05/04/2026 00:00","CTA|DE(Amprion)","Niederaußem G","11WD7NIED1B--G-C","Fossil Brown coal/Lignite","11WD7NIED1B--G-C","04/04/2026 06:00 - 04/04/2026 07:00","0.00",""
"04/04/2026 00:00 - 05/04/2026 00:00","CTA|DE(Amprion)","Niederaußem G","11WD7NIED1B--G-C","Fossil Brown coal/Lignite","11WD7NIED1B--G-C","04/04/2026 07:00 - 04/04/2026 08:00","0.00",""
"04/04/2026 00:00 - 05/04/2026 00:00","CTA|DE(Amprion)","Niederaußem G","11WD7NIED1B--G-C","Fossil Brown coal/Lignite","11WD7NIED1B--G-C","04/04/2026 08:00 - 04/04/2026 09:00","0.00",""
"04/04/2026 00:00 - 05/04/2026 00:00","CTA|DE(Amprion)","Niederaußem G","11WD7NIED1B--G-C","Fossil Brown coal/Lignite","11WD7NIED1B--G-C","04/04/2026 09:00 - 04/04/2026 10:00","0.00",""
"04/04/2026 00:00 - 05/04/2026 00:00","CTA|DE(Amprion)","Niederaußem G","11WD7NIED1B--G-C","Fossil Brown coal/Lignite","11WD7NIED1B--G-C","04/04/2026 10:00 - 04/04/2026 11:00","0.00",""
"04/04/2026 00:00 - 05/04/2026 00:00","CTA|DE(Amprion)","Niederaußem G","11WD7NIED1B--G-C","Fossil Brown coal/Lignite","11WD7NIED1B--G-C","04/04/2026 11:00 - 04/04/2026 12:00","0.00",""
"04/04/2026 00:00 - 05/04/2026 00:00","CTA|DE(Amprion)","Niederaußem G","11WD7NIED1B--G-C","Fossil Brown coal/Lignite","11WD7NIED1B--G-C","04/04/2026 12:00 - 04/04/2026 13:00","0.00",""
"04/04/2026 00:00 - 05/04/2026 00:00","CTA|DE(Amprion)","Niederaußem G","11WD7NIED1B--G-C","Fossil Brown coal/Lignite","11WD7NIED1B--G-C","04/04/2026 13:00 - 04/04/2026 14:00","0.00",""
"04/04/2026 00:00 - 05/04/2026 00:00","CTA|DE(Amprion)","Niederaußem G","11WD7NIED1B--G-C","Fossil Brown coal/Lignite","11WD7NIED1B--G-C","04/04/2026 14:00 - 04/04/2026 15:00","0.00",""
"04/04/2026 00:00 - 05/04/2026 00:00","CTA|DE(Amprion)","Niederaußem G","11WD7NIED1B--G-C","Fossil Brown coal/Lignite","11WD7NIED1B--G-C","04/04/2026 15:00 - 04/04/2026 16:00","0.00",""
"04/04/2026 00:00 - 05/04/2026 00:00","CTA|DE(Amprion)","Niederaußem G","11WD7NIED1B--G-C","Fossil Brown coal/Lignite","11WD7NIED1B--G-C","04/04/2026 16:00 - 04/04/2026 17:00","0.00",""
"04/04/2026 00:00 - 05/04/2026 00:00","CTA|DE(Amprion)","Niederaußem G","11WD7NIED1B--G-C","Fossil Brown coal/Lignite","11WD7NIED1B--G-C","04/04/2026 17:00 - 04/04/2026 18:00","0.00",""
"04/04/2026 00:00 - 05/04/2026 00:00","CTA|DE(Amprion)","Niederaußem G","11WD7NIED1B--G-C","Fossil Brown coal/Lignite","11WD7NIED1B--G-C","04/04/2026 18:00 - 04/04/2026 19:00","0.00",""
"04/04/2026 00:00 - 05/04/2026 00:00","CTA|DE(Amprion)","Niederaußem G","11WD7NIED1B--G-C","Fossil Brown coal/Lignite","11WD7NIED1B--G-C","04/04/2026 19:00 - 04/04/2026 20:00","0.00",""
"04/04/2026 00:00 - 05/04/2026 00:00","CTA|DE(Amprion)","Niederaußem G","11WD7NIED1B--G-C","Fossil Brown coal/Lignite","11WD7NIED1B--G-C","04/04/2026 20:00 - 04/04/2026 21:00","0.00",""
"04/04/2026 00:00 - 05/04/2026 00:00","CTA|DE(Amprion)","Niederaußem G","11WD7NIED1B--G-C","Fossil Brown coal/Lignite","11WD7NIED1B--G-C","04/04/2026 21:00 - 04/04/2026 22:00","0.00",""
"04/04/2026 00:00 - 05/04/2026 00:00","CTA|DE(Amprion)","Niederaußem G","11WD7NIED1B--G-C","Fossil Brown coal/Lignite","11WD7NIED1B--G-C","04/04/2026 22:00 - 04/04/2026 23:00","0.00",""
"04/04/2026 00:00 - 05/04/2026 00:00","CTA|DE(Amprion)","Niederaußem G","11WD7NIED1B--G-C","Fossil Brown coal/Lignite","11WD7NIED1B--G-C","04/04/2026 23:00 - 05/04/2026 00:00","0.00",""
"04/04/2026 00:00 - 05/04/2026 00:00","CTA|DE(Amprion)","Niederaußem H","11WD7NIED1B--H-9","Fossil Brown coal/Lignite","11WD7NIED1B--H-9","04/04/2026 00:00 - 04/04/2026 01:00","286.10",""
"04/04/2026 00:00 - 05/04/2026 00:00","CTA|DE(Amprion)","Niederaußem H","11WD7NIED1B--H-9","Fossil Brown coal/Lignite","11WD7NIED1B--H-9","04/04/2026 01:00 - 04/04/2026 02:00","278.32",""
"04/04/2026 00:00 - 05/04/2026 00:00","CTA|DE(Amprion)","Niederaußem H","11WD7NIED1B--H-9","Fossil Brown coal/Lignite","11WD7NIED1B--H-9","04/04/2026 02:00 - 04/04/2026 03:00","288.98",""
"04/04/2026 00:00 - 05/04/2026 00:00","CTA|DE(Amprion)","Niederaußem H","11WD7NIED1B--H-9","Fossil Brown coal/Lignite","11WD7NIED1B--H-9","04/04/2026 03:00 - 04/04/2026 04:00","285.77",""
"04/04/2026 00:00 - 05/04/2026 00:00","CTA|DE(Amprion)","Niederaußem H","11WD7NIED1B--H-9","Fossil Brown coal/Lignite","11WD7NIED1B--H-9","04/04/2026 04:00 - 04/04/2026 05:00","279.35",""
"04/04/2026 00:00 - 05/04/2026 00:00","CTA|DE(Amprion)","Niederaußem H","11WD7NIED1B--H-9","Fossil Brown coal/Lignite","11WD7NIED1B--H-9","04/04/2026 05:00 - 04/04/2026 06:00","278.32",""
"04/04/2026 00:00 - 05/04/2026 00:00","CTA|DE(Amprion)","Niederaußem H","11WD7NIED1B--H-9","Fossil Brown coal/Lignite","11WD7NIED1B--H-9","04/04/2026 06:00 - 04/04/2026 07:00","280.65",""
"04/04/2026 00:00 - 05/04/2026 00:00","CTA|DE(Amprion)","Niederaußem H","11WD7NIED1B--H-9","Fossil Brown coal/Lignite","11WD7NIED1B--H-9","04/04/2026 07:00 - 04/04/2026 08:00","282.75",""
"04/04/2026 00:00 - 05/04/2026 00:00","CTA|DE(Amprion)","Niederaußem H","11WD7NIED1B--H-9","Fossil Brown coal/Lignite","11WD7NIED1B--H-9","04/04/2026 08:00 - 04/04/2026 09:00","279.13",""
"04/04/2026 00:00 - 05/04/2026 00:00","CTA|DE(Amprion)","Niederaußem H","11WD7NIED1B--H-9","Fossil Brown coal/Lignite","11WD7NIED1B--H-9","04/04/2026 09:00 - 04/04/2026 10:00","331.50",""
"04/04/2026 00:00 - 05/04/2026 00:00","CTA|DE(Amprion)","Niederaußem H","11WD7NIED1B--H-9","Fossil Brown coal/Lignite","11WD7NIED1B--H-9","04/04/2026 10:00 - 04/04/2026 11:00","471.18",""
"04/04/2026 00:00 - 05/04/2026 00:00","CTA|DE(Amprion)","Niederaußem H","11WD7NIED1B--H-9","Fossil Brown coal/Lignite","11WD7NIED1B--H-9","04/04/2026 11:00 - 04/04/2026 12:00","431.35",""
"04/04/2026 00:00 - 05/04/2026 00:00","CTA|DE(Amprion)","Niederaußem H","11WD7NIED1B--H-9","Fossil Brown coal/Lignite","11WD7NIED1B--H-9","04/04/2026 12:00 - 04/04/2026 13:00","305.45",""
"04/04/2026 00:00 - 05/04/2026 00:00","CTA|DE(Amprion)","Niederaußem H","11WD7NIED1B--H-9","Fossil Brown coal/Lignite","11WD7NIED1B--H-9","04/04/2026 13:00 - 04/04/2026 14:00","280.63",""
"04/04/2026 00:00 - 05/04/2026 00:00","CTA|DE(Amprion)","Niederaußem H","11WD7NIED1B--H-9","Fossil Brown coal/Lignite","11WD7NIED1B--H-9","04/04/2026 14:00 - 04/04/2026 15:00","280.40",""
"04/04/2026 00:00 - 05/04/2026 00:00","CTA|DE(Amprion)","Niederaußem H","11WD7NIED1B--H-9","Fossil Brown coal/Lignite","11WD7NIED1B--H-9","04/04/2026 15:00 - 04/04/2026 16:00","279.68",""
"04/04/2026 00:00 - 05/04/2026 00:00","CTA|DE(Amprion)","Niederaußem H","11WD7NIED1B--H-9","Fossil Brown coal/Lignite","11WD7NIED1B--H-9","04/04/2026 16:00 - 04/04/2026 17:00","279.52",""
"04/04/2026 00:00 - 05/04/2026 00:00","CTA|DE(Amprion)","Niederaußem H","11WD7NIED1B--H-9","Fossil Brown coal/Lignite","11WD7NIED1B--H-9","04/04/2026 17:00 - 04/04/2026 18:00","279.77",""
"04/04/2026 00:00 - 05/04/2026 00:00","CTA|DE(Amprion)","Niederaußem H","11WD7NIED1B--H-9","Fossil Brown coal/Lignite","11WD7NIED1B--H-9","04/04/2026 18:00 - 04/04/2026 19:00","331.50",""
"04/04/2026 00:00 - 05/04/2026 00:00","CTA|DE(Amprion)","Niederaußem H","11WD7NIED1B--H-9","Fossil Brown coal/Lignite","11WD7NIED1B--H-9","04/04/2026 19:00 - 04/04/2026 20:00","474.43",""
"04/04/2026 00:00 - 05/04/2026 00:00","CTA|DE(Amprion)","Niederaußem H","11WD7NIED1B--H-9","Fossil Brown coal/Lignite","11WD7NIED1B--H-9","04/04/2026 20:00 - 04/04/2026 21:00","495.20",""
"04/04/2026 00:00 - 05/04/2026 00:00","CTA|DE(Amprion)","Niederaußem H","11WD7NIED1B--H-9","Fossil Brown coal/Lignite","11WD7NIED1B--H-9","04/04/2026 21:00 - 04/04/2026 22:00","493.38",""
"04/04/2026 00:00 - 05/04/2026 00:00","CTA|DE(Amprion)","Niederaußem H","11WD7NIED1B--H-9","Fossil Brown coal/Lignite","11WD7NIED1B--H-9","04/04/2026 22:00 - 04/04/2026 23:00","381.38",""
"04/04/2026 00:00 - 05/04/2026 00:00","CTA|DE(Amprion)","Niederaußem H","11WD7NIED1B--H-9","Fossil Brown coal/Lignite","11WD7NIED1B--H-9","04/04/2026 23:00 - 05/04/2026 00:00","280.27",""
"04/04/2026 00:00 - 05/04/2026 00:00","CTA|DE(Amprion)","Niederaußem K (BoA 1)","11WD7NIED1B--K-0","Fossil Brown coal/Lignite","11WD7NIED1B--K-0","04/04/2026 00:00 - 04/04/2026 01:00","369.00",""
"04/04/2026 00:00 - 05/04/2026 00:00","CTA|DE(Amprion)","Niederaußem K (BoA 1)","11WD7NIED1B--K-0","Fossil Brown coal/Lignite","11WD7NIED1B--K-0","04/04/2026 01:00 - 04/04/2026 02:00","367.63",""
"04/04/2026 00:00 - 05/04/2026 00:00","CTA|DE(Amprion)","Niederaußem K (BoA 1)","11WD7NIED1B--K-0","Fossil Brown coal/Lignite","11WD7NIED1B--K-0","04/04/2026 02:00 - 04/04/2026 03:00","370.45",""
"04/04/2026 00:00 - 05/04/2026 00:00","CTA|DE(Amprion)","Niederaußem K (BoA 1)","11WD7NIED1B--K-0","Fossil Brown coal/Lignite","11WD7NIED1B--K-0","04/04/2026 03:00 - 04/04/2026 04:00","369.00",""
"04/04/2026 00:00 - 05/04/2026 00:00","CTA|DE(Amprion)","Niederaußem K (BoA 1)","11WD7NIED1B--K-0","Fossil Brown coal/Lignite","11WD7NIED1B--K-0","04/04/2026 04:00 - 04/04/2026 05:00","369.38",""
"04/04/2026 00:00 - 05/04/2026 00:00","CTA|DE(Amprion)","Niederaußem K (BoA 1)","11WD7NIED1B--K-0","Fossil Brown coal/Lignite","11WD7NIED1B--K-0","04/04/2026 05:00 - 04/04/2026 06:00","392.55",""
"04/04/2026 00:00 - 05/04/2026 00:00","CTA|DE(Amprion)","Niederaußem K (BoA 1)","11WD7NIED1B--K-0","Fossil Brown coal/Lignite","11WD7NIED1B--K-0","04/04/2026 06:00 - 04/04/2026 07:00","602.08",""
"04/04/2026 00:00 - 05/04/2026 00:00","CTA|DE(Amprion)","Niederaußem K (BoA 1)","11WD7NIED1B--K-0","Fossil Brown coal/Lignite","11WD7NIED1B--K-0","04/04/2026 07:00 - 04/04/2026 08:00","764.05",""
"04/04/2026 00:00 - 05/04/2026 00:00","CTA|DE(Amprion)","Niederaußem K (BoA 1)","11WD7NIED1B--K-0","Fossil Brown coal/Lignite","11WD7NIED1B--K-0","04/04/2026 08:00 - 04/04/2026 09:00","841.90",""
"04/04/2026 00:00 - 05/04/2026 00:00","CTA|DE(Amprion)","Niederaußem K (BoA 1)","11WD7NIED1B--K-0","Fossil Brown coal/Lignite","11WD7NIED1B--K-0","04/04/2026 09:00 - 04/04/2026 10:00","839.58",""
"04/04/2026 00:00 - 05/04/2026 00:00","CTA|DE(Amprion)","Niederaußem K (BoA 1)","11WD7NIED1B--K-0","Fossil Brown coal/Lignite","11WD7NIED1B--K-0","04/04/2026 10:00 - 04/04/2026 11:00","731.73",""
"04/04/2026 00:00 - 05/04/2026 00:00","CTA|DE(Amprion)","Niederaußem K (BoA 1)","11WD7NIED1B--K-0","Fossil Brown coal/Lignite","11WD7NIED1B--K-0","04/04/2026 11:00 - 04/04/2026 12:00","534.05",""
"04/04/2026 00:00 - 05/04/2026 00:00","CTA|DE(Amprion)","Niederaußem K (BoA 1)","11WD7NIED1B--K-0","Fossil Brown coal/Lignite","11WD7NIED1B--K-0","04/04/2026 12:00 - 04/04/2026 13:00","368.43",""
"04/04/2026 00:00 - 05/04/2026 00:00","CTA|DE(Amprion)","Niederaußem K (BoA 1)","11WD7NIED1B--K-0","Fossil Brown coal/Lignite","11WD7NIED1B--K-0","04/04/2026 13:00 - 04/04/2026 14:00","365.57",""
"04/04/2026 00:00 - 05/04/2026 00:00","CTA|DE(Amprion)","Niederaußem K (BoA 1)","11WD7NIED1B--K-0","Fossil Brown coal/Lignite","11WD7NIED1B--K-0","04/04/2026 14:00 - 04/04/2026 15:00","370.15",""
"04/04/2026 00:00 - 05/04/2026 00:00","CTA|DE(Amprion)","Niederaußem K (BoA 1)","11WD7NIED1B--K-0","Fossil Brown coal/Lignite","11WD7NIED1B--K-0","04/04/2026 15:00 - 04/04/2026 16:00","369.52",""
"04/04/2026 00:00 - 05/04/2026 00:00","CTA|DE(Amprion)","Niederaußem K (BoA 1)","11WD7NIED1B--K-0","Fossil Brown coal/Lignite","11WD7NIED1B--K-0","04/04/2026 16:00 - 04/04/2026 17:00","371.40",""
"04/04/2026 00:00 - 05/04/2026 00:00","CTA|DE(Amprion)","Niederaußem K (BoA 1)","11WD7NIED1B--K-0","Fossil Brown coal/Lignite","11WD7NIED1B--K-0","04/04/2026 17:00 - 04/04/2026 18:00","369.43",""
"04/04/2026 00:00 - 05/04/2026 00:00","CTA|DE(Amprion)","Niederaußem K (BoA 1)","11WD7NIED1B--K-0","Fossil Brown coal/Lignite","11WD7NIED1B--K-0","04/04/2026 18:00 - 04/04/2026 19:00","594.65",""
"04/04/2026 00:00 - 05/04/2026 00:00","CTA|DE(Amprion)","Niederaußem K (BoA 1)","11WD7NIED1B--K-0","Fossil Brown coal/Lignite","11WD7NIED1B--K-0","04/04/2026 19:00 - 04/04/2026 20:00","877.42",""
"04/04/2026 00:00 - 05/04/2026 00:00","CTA|DE(Amprion)","Niederaußem K (BoA 1)","11WD7NIED1B--K-0","Fossil Brown coal/Lignite","11WD7NIED1B--K-0","04/04/2026 20:00 - 04/04/2026 21:00","901.92",""
"04/04/2026 00:00 - 05/04/2026 00:00","CTA|DE(Amprion)","Niederaußem K (BoA 1)","11WD7NIED1B--K-0","Fossil Brown coal/Lignite","11WD7NIED1B--K-0","04/04/2026 21:00 - 04/04/2026 22:00","895.83",""
"04/04/2026 00:00 - 05/04/2026 00:00","CTA|DE(Amprion)","Niederaußem K (BoA 1)","11WD7NIED1B--K-0","Fossil Brown coal/Lignite","11WD7NIED1B--K-0","04/04/2026 22:00 - 04/04/2026 23:00","507.98",""
"04/04/2026 00:00 - 05/04/2026 00:00","CTA|DE(Amprion)","Niederaußem K (BoA 1)","11WD7NIED1B--K-0","Fossil Brown coal/Lignite","11WD7NIED1B--K-0","04/04/2026 23:00 - 05/04/2026 00:00","368.50",""
"04/04/2026 00:00 - 05/04/2026 00:00","CTA|DE(Amprion)","Block AGuD","11WD7NORF5GAGUDC","Fossil Gas","11WD7NORF5GAGUDC","04/04/2026 00:00 - 04/04/2026 01:00","0.00",""
"04/04/2026 00:00 - 05/04/2026 00:00","CTA|DE(Amprion)","Block AGuD","11WD7NORF5GAGUDC","Fossil Gas","11WD7NORF5GAGUDC","04/04/2026 01:00 - 04/04/2026 02:00","0.00",""
"04/04/2026 00:00 - 05/04/2026 00:00","CTA|DE(Amprion)","Block AGuD","11WD7NORF5GAGUDC","Fossil Gas","11WD7NORF5GAGUDC","04/04/2026 02:00 - 04/04/2026 03:00","0.00",""
"04/04/2026 00:00 - 05/04/2026 00:00","CTA|DE(Amprion)","Block AGuD","11WD7NORF5GAGUDC","Fossil Gas","11WD7NORF5GAGUDC","04/04/2026 03:00 - 04/04/2026 04:00","0.00",""
"04/04/2026 00:00 - 05/04/2026 00:00","CTA|DE(Amprion)","Block AGuD","11WD7NORF5GAGUDC","Fossil Gas","11WD7NORF5GAGUDC","04/04/2026 04:00 - 04/04/2026 05:00","0.00",""
"04/04/2026 00:00 - 05/04/2026 00:00","CTA|DE(Amprion)","Block AGuD","11WD7NORF5GAGUDC","Fossil Gas","11WD7NORF5GAGUDC","04/04/2026 05:00 - 04/04/2026 06:00","0.00",""
"04/04/2026 00:00 - 05/04/2026 00:00","CTA|DE(Amprion)","Block AGuD","11WD7NORF5GAGUDC","Fossil Gas","11WD7NORF5GAGUDC","04/04/2026 06:00 - 04/04/2026 07:00","0.00",""
"04/04/2026 00:00 - 05/04/2026 00:00","CTA|DE(Amprion)","Block AGuD","11WD7NORF5GAGUDC","Fossil Gas","11WD7NORF5GAGUDC","04/04/2026 07:00 - 04/04/2026 08:00","0.00",""
"04/04/2026 00:00 - 05/04/2026 00:00","CTA|DE(Amprion)","Block AGuD","11WD7NORF5GAGUDC","Fossil Gas","11WD7NORF5GAGUDC","04/04/2026 08:00 - 04/04/2026 09:00","0.00",""
"04/04/2026 00:00 - 05/04/2026 00:00","CTA|DE(Amprion)","Block AGuD","11WD7NORF5GAGUDC","Fossil Gas","11WD7NORF5GAGUDC","04/04/2026 09:00 - 04/04/2026 10:00","0.00",""
"04/04/2026 00:00 - 05/04/2026 00:00","CTA|DE(Amprion)","Block AGuD","11WD7NORF5GAGUDC","Fossil Gas","11WD7NORF5GAGUDC","04/04/2026 10:00 - 04/04/2026 11:00","0.00",""
"04/04/2026 00:00 - 05/04/2026 00:00","CTA|DE(Amprion)","Block AGuD","11WD7NORF5GAGUDC","Fossil Gas","11WD7NORF5GAGUDC","04/04/2026 11:00 - 04/04/2026 12:00","0.00",""
"04/04/2026 00:00 - 05/04/2026 00:00","CTA|DE(Amprion)","Block AGuD","11WD7NORF5GAGUDC","Fossil Gas","11WD7NORF5GAGUDC","04/04/2026 12:00 - 04/04/2026 13:00","0.00",""
"04/04/2026 00:00 - 05/04/2026 00:00","CTA|DE(Amprion)","Block AGuD","11WD7NORF5GAGUDC","Fossil Gas","11WD7NORF5GAGUDC","04/04/2026 13:00 - 04/04/2026 14:00","0.00",""
"04/04/2026 00:00 - 05/04/2026 00:00","CTA|DE(Amprion)","Block AGuD","11WD7NORF5GAGUDC","Fossil Gas","11WD7NORF5GAGUDC","04/04/2026 14:00 - 04/04/2026 15:00","0.00",""
"04/04/2026 00:00 - 05/04/2026 00:00","CTA|DE(Amprion)","Block AGuD","11WD7NORF5GAGUDC","Fossil Gas","11WD7NORF5GAGUDC","04/04/2026 15:00 - 04/04/2026 16:00","0.00",""
"04/04/2026 00:00 - 05/04/2026 00:00","CTA|DE(Amprion)","Block AGuD","11WD7NORF5GAGUDC","Fossil Gas","11WD7NORF5GAGUDC","04/04/2026 16:00 - 04/04/2026 17:00","0.00",""
"04/04/2026 00:00 - 05/04/2026 00:00","CTA|DE(Amprion)","Block AGuD","11WD7NORF5GAGUDC","Fossil Gas","11WD7NORF5GAGUDC","04/04/2026 17:00 - 04/04/2026 18:00","0.00",""
"04/04/2026 00:00 - 05/04/2026 00:00","CTA|DE(Amprion)","Block AGuD","11WD7NORF5GAGUDC","Fossil Gas","11WD7NORF5GAGUDC","04/04/2026 18:00 - 04/04/2026 19:00","0.00",""
"04/04/2026 00:00 - 05/04/2026 00:00","CTA|DE(Amprion)","Block AGuD","11WD7NORF5GAGUDC","Fossil Gas","11WD7NORF5GAGUDC","04/04/2026 19:00 - 04/04/2026 20:00","0.00",""
"04/04/2026 00:00 - 05/04/2026 00:00","CTA|DE(Amprion)","Block AGuD","11WD7NORF5GAGUDC","Fossil Gas","11WD7NORF5GAGUDC","04/04/2026 20:00 - 04/04/2026 21:00","0.00",""
"04/04/2026 00:00 - 05/04/2026 00:00","CTA|DE(Amprion)","Block AGuD","11WD7NORF5GAGUDC","Fossil Gas","11WD7NORF5GAGUDC","04/04/2026 21:00 - 04/04/2026 22:00","0.00",""
"04/04/2026 00:00 - 05/04/2026 00:00","CTA|DE(Amprion)","Block AGuD","11WD7NORF5GAGUDC","Fossil Gas","11WD7NORF5GAGUDC","04/04/2026 22:00 - 04/04/2026 23:00","0.00",""
"04/04/2026 00:00 - 05/04/2026 00:00","CTA|DE(Amprion)","Block AGuD","11WD7NORF5GAGUDC","Fossil Gas","11WD7NORF5GAGUDC","04/04/2026 23:00 - 05/04/2026 00:00","0.00",""
"04/04/2026 00:00 - 05/04/2026 00:00","CTA|DE(Amprion)","Block F","11WD7NORF5GGUDFA","Fossil Gas","11WD7NORF5GGUDFA","04/04/2026 00:00 - 04/04/2026 01:00","0.00",""
"04/04/2026 00:00 - 05/04/2026 00:00","CTA|DE(Amprion)","Block F","11WD7NORF5GGUDFA","Fossil Gas","11WD7NORF5GGUDFA","04/04/2026 01:00 - 04/04/2026 02:00","0.00",""
"04/04/2026 00:00 - 05/04/2026 00:00","CTA|DE(Amprion)","Block F","11WD7NORF5GGUDFA","Fossil Gas","11WD7NORF5GGUDFA","04/04/2026 02:00 - 04/04/2026 03:00","0.00",""
"04/04/2026 00:00 - 05/04/2026 00:00","CTA|DE(Amprion)","Block F","11WD7NORF5GGUDFA","Fossil Gas","11WD7NORF5GGUDFA","04/04/2026 03:00 - 04/04/2026 04:00","0.00",""
"04/04/2026 00:00 - 05/04/2026 00:00","CTA|DE(Amprion)","Block F","11WD7NORF5GGUDFA","Fossil Gas","11WD7NORF5GGUDFA","04/04/2026 04:00 - 04/04/2026 05:00","0.00",""
"04/04/2026 00:00 - 05/04/2026 00:00","CTA|DE(Amprion)","Block F","11WD7NORF5GGUDFA","Fossil Gas","11WD7NORF5GGUDFA","04/04/2026 05:00 - 04/04/2026 06:00","0.00",""
"04/04/2026 00:00 - 05/04/2026 00:00","CTA|DE(Amprion)","Block F","11WD7NORF5GGUDFA","Fossil Gas","11WD7NORF5GGUDFA","04/04/2026 06:00 - 04/04/2026 07:00","0.00",""
"04/04/2026 00:00 - 05/04/2026 00:00","CTA|DE(Amprion)","Block F","11WD7NORF5GGUDFA","Fossil Gas","11WD7NORF5GGUDFA","04/04/2026 07:00 - 04/04/2026 08:00","0.00",""
"04/04/2026 00:00 - 05/04/2026 00:00","CTA|DE(Amprion)","Block F","11WD7NORF5GGUDFA","Fossil Gas","11WD7NORF5GGUDFA","04/04/2026 08:00 - 04/04/2026 09:00","0.00",""
"04/04/2026 00:00 - 05/04/2026 00:00","CTA|DE(Amprion)","Block F","11WD7NORF5GGUDFA","Fossil Gas","11WD7NORF5GGUDFA","04/04/2026 09:00 - 04/04/2026 10:00","0.00",""
"04/04/2026 00:00 - 05/04/2026 00:00","CTA|DE(Amprion)","Block F","11WD7NORF5GGUDFA","Fossil Gas","11WD7NORF5GGUDFA","04/04/2026 10:00 - 04/04/2026 11:00","0.00",""
"04/04/2026 00:00 - 05/04/2026 00:00","CTA|DE(Amprion)","Block F","11WD7NORF5GGUDFA","Fossil Gas","11WD7NORF5GGUDFA","04/04/2026 11:00 - 04/04/2026 12:00","0.00",""
"04/04/2026 00:00 - 05/04/2026 00:00","CTA|DE(Amprion)","Block F","11WD7NORF5GGUDFA","Fossil Gas","11WD7NORF5GGUDFA","04/04/2026 12:00 - 04/04/2026 13:00","0.00",""
"04/04/2026 00:00 - 05/04/2026 00:00","CTA|DE(Amprion)","Block F","11WD7NORF5GGUDFA","Fossil Gas","11WD7NORF5GGUDFA","04/04/2026 13:00 - 04/04/2026 14:00","0.00",""
"04/04/2026 00:00 - 05/04/2026 00:00","CTA|DE(Amprion)","Block F","11WD7NORF5GGUDFA","Fossil Gas","11WD7NORF5GGUDFA","04/04/2026 14:00 - 04/04/2026 15:00","0.00",""
"04/04/2026 00:00 - 05/04/2026 00:00","CTA|DE(Amprion)","Block F","11WD7NORF5GGUDFA","Fossil Gas","11WD7NORF5GGUDFA","04/04/2026 15:00 - 04/04/2026 16:00","0.00",""
"04/04/2026 00:00 - 05/04/2026 00:00","CTA|DE(Amprion)","Block F","11WD7NORF5GGUDFA","Fossil Gas","11WD7NORF5GGUDFA","04/04/2026 16:00 - 04/04/2026 17:00","0.00",""
"04/04/2026 00:00 - 05/04/2026 00:00","CTA|DE(Amprion)","Block F","11WD7NORF5GGUDFA","Fossil Gas","11WD7NORF5GGUDFA","04/04/2026 17:00 - 04/04/2026 18:00","0.00",""
"04/04/2026 00:00 - 05/04/2026 00:00","CTA|DE(Amprion)","Block F","11WD7NORF5GGUDFA","Fossil Gas","11WD7NORF5GGUDFA","04/04/2026 18:00 - 04/04/2026 19:00","0.00",""
"04/04/2026 00:00 - 05/04/2026 00:00","CTA|DE(Amprion)","Block F","11WD7NORF5GGUDFA","Fossil Gas","11WD7NORF5GGUDFA","04/04/2026 19:00 - 04/04/2026 20:00","0.00",""
"04/04/2026 00:00 - 05/04/2026 00:00","CTA|DE(Amprion)","Block F","11WD7NORF5GGUDFA","Fossil Gas","11WD7NORF5GGUDFA","04/04/2026 20:00 - 04/04/2026 21:00","0.00",""
"04/04/2026 00:00 - 05/04/2026 00:00","CTA|DE(Amprion)","Block F","11WD7NORF5GGUDFA","Fossil Gas","11WD7NORF5GGUDFA","04/04/2026 21:00 - 04/04/2026 22:00","0.00",""
"04/04/2026 00:00 - 05/04/2026 00:00","CTA|DE(Amprion)","Block F","11WD7NORF5GGUDFA","Fossil Gas","11WD7NORF5GGUDFA","04/04/2026 22:00 - 04/04/2026 23:00","0.00",""
"04/04/2026 00:00 - 05/04/2026 00:00","CTA|DE(Amprion)","Block F","11WD7NORF5GGUDFA","Fossil Gas","11WD7NORF5GGUDFA","04/04/2026 23:00 - 05/04/2026 00:00","0.00",""
"04/04/2026 00:00 - 05/04/2026 00:00","CTA|DE(Amprion)","HKW-Niehl-3","11WD7OPLA1G--318","Fossil Gas","11WD7OPLA1G--318","04/04/2026 00:00 - 04/04/2026 01:00","99.88",""
"04/04/2026 00:00 - 05/04/2026 00:00","CTA|DE(Amprion)","HKW-Niehl-3","11WD7OPLA1G--318","Fossil Gas","11WD7OPLA1G--318","04/04/2026 01:00 - 04/04/2026 02:00","100.05",""
"04/04/2026 00:00 - 05/04/2026 00:00","CTA|DE(Amprion)","HKW-Niehl-3","11WD7OPLA1G--318","Fossil Gas","11WD7OPLA1G--318","04/04/2026 02:00 - 04/04/2026 03:00","100.00",""
"04/04/2026 00:00 - 05/04/2026 00:00","CTA|DE(Amprion)","HKW-Niehl-3","11WD7OPLA1G--318","Fossil Gas","11WD7OPLA1G--318","04/04/2026 03:00 - 04/04/2026 04:00","100.05",""
"04/04/2026 00:00 - 05/04/2026 00:00","CTA|DE(Amprion)","HKW-Niehl-3","11WD7OPLA1G--318","Fossil Gas","11WD7OPLA1G--318","04/04/2026 04:00 - 04/04/2026 05:00","100.05",""
"04/04/2026 00:00 - 05/04/2026 00:00","CTA|DE(Amprion)","HKW-Niehl-3","11WD7OPLA1G--318","Fossil Gas","11WD7OPLA1G--318","04/04/2026 05:00 - 04/04/2026 06:00","129.18",""
"04/04/2026 00:00 - 05/04/2026 00:00","CTA|DE(Amprion)","HKW-Niehl-3","11WD7OPLA1G--318","Fossil Gas","11WD7OPLA1G--318","04/04/2026 06:00 - 04/04/2026 07:00","264.25",""
"04/04/2026 00:00 - 05/04/2026 00:00","CTA|DE(Amprion)","HKW-Niehl-3","11WD7OPLA1G--318","Fossil Gas","11WD7OPLA1G--318","04/04/2026 07:00 - 04/04/2026 08:00","365.68",""
"04/04/2026 00:00 - 05/04/2026 00:00","CTA|DE(Amprion)","HKW-Niehl-3","11WD7OPLA1G--318","Fossil Gas","11WD7OPLA1G--318","04/04/2026 08:00 - 04/04/2026 09:00","370.43",""
"04/04/2026 00:00 - 05/04/2026 00:00","CTA|DE(Amprion)","HKW-Niehl-3","11WD7OPLA1G--318","Fossil Gas","11WD7OPLA1G--318","04/04/2026 09:00 - 04/04/2026 10:00","368.43",""
"04/04/2026 00:00 - 05/04/2026 00:00","CTA|DE(Amprion)","HKW-Niehl-3","11WD7OPLA1G--318","Fossil Gas","11WD7OPLA1G--318","04/04/2026 10:00 - 04/04/2026 11:00","364.23",""
"04/04/2026 00:00 - 05/04/2026 00:00","CTA|DE(Amprion)","HKW-Niehl-3","11WD7OPLA1G--318","Fossil Gas","11WD7OPLA1G--318","04/04/2026 11:00 - 04/04/2026 12:00","360.98",""
"04/04/2026 00:00 - 05/04/2026 00:00","CTA|DE(Amprion)","HKW-Niehl-3","11WD7OPLA1G--318","Fossil Gas","11WD7OPLA1G--318","04/04/2026 12:00 - 04/04/2026 13:00","341.32",""
"04/04/2026 00:00 - 05/04/2026 00:00","CTA|DE(Amprion)","HKW-Niehl-3","11WD7OPLA1G--318","Fossil Gas","11WD7OPLA1G--318","04/04/2026 13:00 - 04/04/2026 14:00","139.85",""
"04/04/2026 00:00 - 05/04/2026 00:00","CTA|DE(Amprion)","HKW-Niehl-3","11WD7OPLA1G--318","Fossil Gas","11WD7OPLA1G--318","04/04/2026 14:00 - 04/04/2026 15:00","99.95",""
"04/04/2026 00:00 - 05/04/2026 00:00","CTA|DE(Amprion)","HKW-Niehl-3","11WD7OPLA1G--318","Fossil Gas","11WD7OPLA1G--318","04/04/2026 15:00 - 04/04/2026 16:00","100.05",""
"04/04/2026 00:00 - 05/04/2026 00:00","CTA|DE(Amprion)","HKW-Niehl-3","11WD7OPLA1G--318","Fossil Gas","11WD7OPLA1G--318","04/04/2026 16:00 - 04/04/2026 17:00","99.95",""
"04/04/2026 00:00 - 05/04/2026 00:00","CTA|DE(Amprion)","HKW-Niehl-3","11WD7OPLA1G--318","Fossil Gas","11WD7OPLA1G--318","04/04/2026 17:00 - 04/04/2026 18:00","103.17",""
"04/04/2026 00:00 - 05/04/2026 00:00","CTA|DE(Amprion)","HKW-Niehl-3","11WD7OPLA1G--318","Fossil Gas","11WD7OPLA1G--318","04/04/2026 18:00 - 04/04/2026 19:00","239.13",""
"04/04/2026 00:00 - 05/04/2026 00:00","CTA|DE(Amprion)","HKW-Niehl-3","11WD7OPLA1G--318","Fossil Gas","11WD7OPLA1G--318","04/04/2026 19:00 - 04/04/2026 20:00","121.25",""
"04/04/2026 00:00 - 05/04/2026 00:00","CTA|DE(Amprion)","HKW-Niehl-3","11WD7OPLA1G--318","Fossil Gas","11WD7OPLA1G--318","04/04/2026 20:00 - 04/04/2026 21:00","378.45",""
"04/04/2026 00:00 - 05/04/2026 00:00","CTA|DE(Amprion)","HKW-Niehl-3","11WD7OPLA1G--318","Fossil Gas","11WD7OPLA1G--318","04/04/2026 21:00 - 04/04/2026 22:00","156.60",""
"04/04/2026 00:00 - 05/04/2026 00:00","CTA|DE(Amprion)","HKW-Niehl-3","11WD7OPLA1G--318","Fossil Gas","11WD7OPLA1G--318","04/04/2026 22:00 - 04/04/2026 23:00","362.15",""
"04/04/2026 00:00 - 05/04/2026 00:00","CTA|DE(Amprion)","HKW-Niehl-3","11WD7OPLA1G--318","Fossil Gas","11WD7OPLA1G--318","04/04/2026 23:00 - 05/04/2026 00:00","145.32",""
"04/04/2026 00:00 - 05/04/2026 00:00","CTA|DE(Amprion)","HKW IIIB","11WD7RHAU5GKW3B5","Fossil Gas","11WD7RHAU5GKW3B5","04/04/2026 00:00 - 04/04/2026 01:00","0.00",""
"04/04/2026 00:00 - 05/04/2026 00:00","CTA|DE(Amprion)","HKW IIIB","11WD7RHAU5GKW3B5","Fossil Gas","11WD7RHAU5GKW3B5","04/04/2026 01:00 - 04/04/2026 02:00","0.00",""
"04/04/2026 00:00 - 05/04/2026 00:00","CTA|DE(Amprion)","HKW IIIB","11WD7RHAU5GKW3B5","Fossil Gas","11WD7RHAU5GKW3B5","04/04/2026 02:00 - 04/04/2026 03:00","0.00",""
"04/04/2026 00:00 - 05/04/2026 00:00","CTA|DE(Amprion)","HKW IIIB","11WD7RHAU5GKW3B5","Fossil Gas","11WD7RHAU5GKW3B5","04/04/2026 03:00 - 04/04/2026 04:00","0.00",""
"04/04/2026 00:00 - 05/04/2026 00:00","CTA|DE(Amprion)","HKW IIIB","11WD7RHAU5GKW3B5","Fossil Gas","11WD7RHAU5GKW3B5","04/04/2026 04:00 - 04/04/2026 05:00","0.00",""
"04/04/2026 00:00 - 05/04/2026 00:00","CTA|DE(Amprion)","HKW IIIB","11WD7RHAU5GKW3B5","Fossil Gas","11WD7RHAU5GKW3B5","04/04/2026 05:00 - 04/04/2026 06:00","0.00",""
"04/04/2026 00:00 - 05/04/2026 00:00","CTA|DE(Amprion)","HKW IIIB","11WD7RHAU5GKW3B5","Fossil Gas","11WD7RHAU5GKW3B5","04/04/2026 06:00 - 04/04/2026 07:00","0.00",""
"04/04/2026 00:00 - 05/04/2026 00:00","CTA|DE(Amprion)","HKW IIIB","11WD7RHAU5GKW3B5","Fossil Gas","11WD7RHAU5GKW3B5","04/04/2026 07:00 - 04/04/2026 08:00","0.00",""
"04/04/2026 00:00 - 05/04/2026 00:00","CTA|DE(Amprion)","HKW IIIB","11WD7RHAU5GKW3B5","Fossil Gas","11WD7RHAU5GKW3B5","04/04/2026 08:00 - 04/04/2026 09:00","0.00",""
"04/04/2026 00:00 - 05/04/2026 00:00","CTA|DE(Amprion)","HKW IIIB","11WD7RHAU5GKW3B5","Fossil Gas","11WD7RHAU5GKW3B5","04/04/2026 09:00 - 04/04/2026 10:00","0.00",""
"04/04/2026 00:00 - 05/04/2026 00:00","CTA|DE(Amprion)","HKW IIIB","11WD7RHAU5GKW3B5","Fossil Gas","11WD7RHAU5GKW3B5","04/04/2026 10:00 - 04/04/2026 11:00","0.00",""
"04/04/2026 00:00 - 05/04/2026 00:00","CTA|DE(Amprion)","HKW IIIB","11WD7RHAU5GKW3B5","Fossil Gas","11WD7RHAU5GKW3B5","04/04/2026 11:00 - 04/04/2026 12:00","0.00",""
"04/04/2026 00:00 - 05/04/2026 00:00","CTA|DE(Amprion)","HKW IIIB","11WD7RHAU5GKW3B5","Fossil Gas","11WD7RHAU5GKW3B5","04/04/2026 12:00 - 04/04/2026 13:00","0.00",""
"04/04/2026 00:00 - 05/04/2026 00:00","CTA|DE(Amprion)","HKW IIIB","11WD7RHAU5GKW3B5","Fossil Gas","11WD7RHAU5GKW3B5","04/04/2026 13:00 - 04/04/2026 14:00","0.00",""
"04/04/2026 00:00 - 05/04/2026 00:00","CTA|DE(Amprion)","HKW IIIB","11WD7RHAU5GKW3B5","Fossil Gas","11WD7RHAU5GKW3B5","04/04/2026 14:00 - 04/04/2026 15:00","0.00",""
"04/04/2026 00:00 - 05/04/2026 00:00","CTA|DE(Amprion)","HKW IIIB","11WD7RHAU5GKW3B5","Fossil Gas","11WD7RHAU5GKW3B5","04/04/2026 15:00 - 04/04/2026 16:00","0.00",""
"04/04/2026 00:00 - 05/04/2026 00:00","CTA|DE(Amprion)","HKW IIIB","11WD7RHAU5GKW3B5","Fossil Gas","11WD7RHAU5GKW3B5","04/04/2026 16:00 - 04/04/2026 17:00","0.00",""
"04/04/2026 00:00 - 05/04/2026 00:00","CTA|DE(Amprion)","HKW IIIB","11WD7RHAU5GKW3B5","Fossil Gas","11WD7RHAU5GKW3B5","04/04/2026 17:00 - 04/04/2026 18:00","0.00",""
"04/04/2026 00:00 - 05/04/2026 00:00","CTA|DE(Amprion)","HKW IIIB","11WD7RHAU5GKW3B5","Fossil Gas","11WD7RHAU5GKW3B5","04/04/2026 18:00 - 04/04/2026 19:00","0.00",""
"04/04/2026 00:00 - 05/04/2026 00:00","CTA|DE(Amprion)","HKW IIIB","11WD7RHAU5GKW3B5","Fossil Gas","11WD7RHAU5GKW3B5","04/04/2026 19:00 - 04/04/2026 20:00","0.00",""
"04/04/2026 00:00 - 05/04/2026 00:00","CTA|DE(Amprion)","HKW IIIB","11WD7RHAU5GKW3B5","Fossil Gas","11WD7RHAU5GKW3B5","04/04/2026 20:00 - 04/04/2026 21:00","0.00",""
"04/04/2026 00:00 - 05/04/2026 00:00","CTA|DE(Amprion)","HKW IIIB","11WD7RHAU5GKW3B5","Fossil Gas","11WD7RHAU5GKW3B5","04/04/2026 21:00 - 04/04/2026 22:00","0.00",""
"04/04/2026 00:00 - 05/04/2026 00:00","CTA|DE(Amprion)","HKW IIIB","11WD7RHAU5GKW3B5","Fossil Gas","11WD7RHAU5GKW3B5","04/04/2026 22:00 - 04/04/2026 23:00","0.00",""
"04/04/2026 00:00 - 05/04/2026 00:00","CTA|DE(Amprion)","HKW IIIB","11WD7RHAU5GKW3B5","Fossil Gas","11WD7RHAU5GKW3B5","04/04/2026 23:00 - 05/04/2026 00:00","0.00",""
"04/04/2026 00:00 - 05/04/2026 00:00","CTA|DE(Amprion)","KW Lünen Block 1","11WD7STUM1SBL10G","Fossil Hard coal","11WD7STUM1SBL10G","04/04/2026 00:00 - 04/04/2026 01:00","0.00",""
"04/04/2026 00:00 - 05/04/2026 00:00","CTA|DE(Amprion)","KW Lünen Block 1","11WD7STUM1SBL10G","Fossil Hard coal","11WD7STUM1SBL10G","04/04/2026 01:00 - 04/04/2026 02:00","0.00",""
"04/04/2026 00:00 - 05/04/2026 00:00","CTA|DE(Amprion)","KW Lünen Block 1","11WD7STUM1SBL10G","Fossil Hard coal","11WD7STUM1SBL10G","04/04/2026 02:00 - 04/04/2026 03:00","0.00",""
"04/04/2026 00:00 - 05/04/2026 00:00","CTA|DE(Amprion)","KW Lünen Block 1","11WD7STUM1SBL10G","Fossil Hard coal","11WD7STUM1SBL10G","04/04/2026 03:00 - 04/04/2026 04:00","0.00",""
"04/04/2026 00:00 - 05/04/2026 00:00","CTA|DE(Amprion)","KW Lünen Block 1","11WD7STUM1SBL10G","Fossil Hard coal","11WD7STUM1SBL10G","04/04/2026 04:00 - 04/04/2026 05:00","0.00",""
"04/04/2026 00:00 - 05/04/2026 00:00","CTA|DE(Amprion)","KW Lünen Block 1","11WD7STUM1SBL10G","Fossil Hard coal","11WD7STUM1SBL10G","04/04/2026 05:00 - 04/04/2026 06:00","0.00",""
"04/04/2026 00:00 - 05/04/2026 00:00","CTA|DE(Amprion)","KW Lünen Block 1","11WD7STUM1SBL10G","Fossil Hard coal","11WD7STUM1SBL10G","04/04/2026 06:00 - 04/04/2026 07:00","0.00",""
"04/04/2026 00:00 - 05/04/2026 00:00","CTA|DE(Amprion)","KW Lünen Block 1","11WD7STUM1SBL10G","Fossil Hard coal","11WD7STUM1SBL10G","04/04/2026 07:00 - 04/04/2026 08:00","0.00",""
"04/04/2026 00:00 - 05/04/2026 00:00","CTA|DE(Amprion)","KW Lünen Block 1","11WD7STUM1SBL10G","Fossil Hard coal","11WD7STUM1SBL10G","04/04/2026 08:00 - 04/04/2026 09:00","0.00",""
"04/04/2026 00:00 - 05/04/2026 00:00","CTA|DE(Amprion)","KW Lünen Block 1","11WD7STUM1SBL10G","Fossil Hard coal","11WD7STUM1SBL10G","04/04/2026 09:00 - 04/04/2026 10:00","0.00",""
"04/04/2026 00:00 - 05/04/2026 00:00","CTA|DE(Amprion)","KW Lünen Block 1","11WD7STUM1SBL10G","Fossil Hard coal","11WD7STUM1SBL10G","04/04/2026 10:00 - 04/04/2026 11:00","0.00",""
"04/04/2026 00:00 - 05/04/2026 00:00","CTA|DE(Amprion)","KW Lünen Block 1","11WD7STUM1SBL10G","Fossil Hard coal","11WD7STUM1SBL10G","04/04/2026 11:00 - 04/04/2026 12:00","0.00",""
"04/04/2026 00:00 - 05/04/2026 00:00","CTA|DE(Amprion)","KW Lünen Block 1","11WD7STUM1SBL10G","Fossil Hard coal","11WD7STUM1SBL10G","04/04/2026 12:00 - 04/04/2026 13:00","0.00",""
"04/04/2026 00:00 - 05/04/2026 00:00","CTA|DE(Amprion)","KW Lünen Block 1","11WD7STUM1SBL10G","Fossil Hard coal","11WD7STUM1SBL10G","04/04/2026 13:00 - 04/04/2026 14:00","0.00",""
"04/04/2026 00:00 - 05/04/2026 00:00","CTA|DE(Amprion)","KW Lünen Block 1","11WD7STUM1SBL10G","Fossil Hard coal","11WD7STUM1SBL10G","04/04/2026 14:00 - 04/04/2026 15:00","0.00",""
"04/04/2026 00:00 - 05/04/2026 00:00","CTA|DE(Amprion)","KW Lünen Block 1","11WD7STUM1SBL10G","Fossil Hard coal","11WD7STUM1SBL10G","04/04/2026 15:00 - 04/04/2026 16:00","0.00",""
"04/04/2026 00:00 - 05/04/2026 00:00","CTA|DE(Amprion)","KW Lünen Block 1","11WD7STUM1SBL10G","Fossil Hard coal","11WD7STUM1SBL10G","04/04/2026 16:00 - 04/04/2026 17:00","0.00",""
"04/04/2026 00:00 - 05/04/2026 00:00","CTA|DE(Amprion)","KW Lünen Block 1","11WD7STUM1SBL10G","Fossil Hard coal","11WD7STUM1SBL10G","04/04/2026 17:00 - 04/04/2026 18:00","0.00",""
"04/04/2026 00:00 - 05/04/2026 00:00","CTA|DE(Amprion)","KW Lünen Block 1","11WD7STUM1SBL10G","Fossil Hard coal","11WD7STUM1SBL10G","04/04/2026 18:00 - 04/04/2026 19:00","0.00",""
"04/04/2026 00:00 - 05/04/2026 00:00","CTA|DE(Amprion)","KW Lünen Block 1","11WD7STUM1SBL10G","Fossil Hard coal","11WD7STUM1SBL10G","04/04/2026 19:00 - 04/04/2026 20:00","0.00",""
"04/04/2026 00:00 - 05/04/2026 00:00","CTA|DE(Amprion)","KW Lünen Block 1","11WD7STUM1SBL10G","Fossil Hard coal","11WD7STUM1SBL10G","04/04/2026 20:00 - 04/04/2026 21:00","0.00",""
"04/04/2026 00:00 - 05/04/2026 00:00","CTA|DE(Amprion)","KW Lünen Block 1","11WD7STUM1SBL10G","Fossil Hard coal","11WD7STUM1SBL10G","04/04/2026 21:00 - 04/04/2026 22:00","0.00",""
"04/04/2026 00:00 - 05/04/2026 00:00","CTA|DE(Amprion)","KW Lünen Block 1","11WD7STUM1SBL10G","Fossil Hard coal","11WD7STUM1SBL10G","04/04/2026 22:00 - 04/04/2026 23:00","0.00",""
"04/04/2026 00:00 - 05/04/2026 00:00","CTA|DE(Amprion)","KW Lünen Block 1","11WD7STUM1SBL10G","Fossil Hard coal","11WD7STUM1SBL10G","04/04/2026 23:00 - 05/04/2026 00:00","0.00",""
"04/04/2026 00:00 - 05/04/2026 00:00","CTA|DE(Amprion)","DESBR____CHP____","11WD7UCHT5XROEMT","Fossil Gas","11WD7UCHT5XROEMT","04/04/2026 00:00 - 04/04/2026 01:00","11.13",""
"04/04/2026 00:00 - 05/04/2026 00:00","CTA|DE(Amprion)","DESBR____CHP____","11WD7UCHT5XROEMT","Fossil Gas","11WD7UCHT5XROEMT","04/04/2026 01:00 - 04/04/2026 02:00","10.57",""
"04/04/2026 00:00 - 05/04/2026 00:00","CTA|DE(Amprion)","DESBR____CHP____","11WD7UCHT5XROEMT","Fossil Gas","11WD7UCHT5XROEMT","04/04/2026 02:00 - 04/04/2026 03:00","7.67",""
"04/04/2026 00:00 - 05/04/2026 00:00","CTA|DE(Amprion)","DESBR____CHP____","11WD7UCHT5XROEMT","Fossil Gas","11WD7UCHT5XROEMT","04/04/2026 03:00 - 04/04/2026 04:00","10.25",""
"04/04/2026 00:00 - 05/04/2026 00:00","CTA|DE(Amprion)","DESBR____CHP____","11WD7UCHT5XROEMT","Fossil Gas","11WD7UCHT5XROEMT","04/04/2026 04:00 - 04/04/2026 05:00","10.68",""
"04/04/2026 00:00 - 05/04/2026 00:00","CTA|DE(Amprion)","DESBR____CHP____","11WD7UCHT5XROEMT","Fossil Gas","11WD7UCHT5XROEMT","04/04/2026 05:00 - 04/04/2026 06:00","10.70",""
"04/04/2026 00:00 - 05/04/2026 00:00","CTA|DE(Amprion)","DESBR____CHP____","11WD7UCHT5XROEMT","Fossil Gas","11WD7UCHT5XROEMT","04/04/2026 06:00 - 04/04/2026 07:00","10.95",""
"04/04/2026 00:00 - 05/04/2026 00:00","CTA|DE(Amprion)","DESBR____CHP____","11WD7UCHT5XROEMT","Fossil Gas","11WD7UCHT5XROEMT","04/04/2026 07:00 - 04/04/2026 08:00","10.88",""
"04/04/2026 00:00 - 05/04/2026 00:00","CTA|DE(Amprion)","DESBR____CHP____","11WD7UCHT5XROEMT","Fossil Gas","11WD7UCHT5XROEMT","04/04/2026 08:00 - 04/04/2026 09:00","10.78",""
"04/04/2026 00:00 - 05/04/2026 00:00","CTA|DE(Amprion)","DESBR____CHP____","11WD7UCHT5XROEMT","Fossil Gas","11WD7UCHT5XROEMT","04/04/2026 09:00 - 04/04/2026 10:00","8.22",""
"04/04/2026 00:00 - 05/04/2026 00:00","CTA|DE(Amprion)","DESBR____CHP____","11WD7UCHT5XROEMT","Fossil Gas","11WD7UCHT5XROEMT","04/04/2026 10:00 - 04/04/2026 11:00","6.35",""
"04/04/2026 00:00 - 05/04/2026 00:00","CTA|DE(Amprion)","DESBR____CHP____","11WD7UCHT5XROEMT","Fossil Gas","11WD7UCHT5XROEMT","04/04/2026 11:00 - 04/04/2026 12:00","6.30",""
"04/04/2026 00:00 - 05/04/2026 00:00","CTA|DE(Amprion)","DESBR____CHP____","11WD7UCHT5XROEMT","Fossil Gas","11WD7UCHT5XROEMT","04/04/2026 12:00 - 04/04/2026 13:00","6.05",""
"04/04/2026 00:00 - 05/04/2026 00:00","CTA|DE(Amprion)","DESBR____CHP____","11WD7UCHT5XROEMT","Fossil Gas","11WD7UCHT5XROEMT","04/04/2026 13:00 - 04/04/2026 14:00","6.10",""
"04/04/2026 00:00 - 05/04/2026 00:00","CTA|DE(Amprion)","DESBR____CHP____","11WD7UCHT5XROEMT","Fossil Gas","11WD7UCHT5XROEMT","04/04/2026 14:00 - 04/04/2026 15:00","5.90",""
"04/04/2026 00:00 - 05/04/2026 00:00","CTA|DE(Amprion)","DESBR____CHP____","11WD7UCHT5XROEMT","Fossil Gas","11WD7UCHT5XROEMT","04/04/2026 15:00 - 04/04/2026 16:00","5.90",""
"04/04/2026 00:00 - 05/04/2026 00:00","CTA|DE(Amprion)","DESBR____CHP____","11WD7UCHT5XROEMT","Fossil Gas","11WD7UCHT5XROEMT","04/04/2026 16:00 - 04/04/2026 17:00","5.95",""
"04/04/2026 00:00 - 05/04/2026 00:00","CTA|DE(Amprion)","DESBR____CHP____","11WD7UCHT5XROEMT","Fossil Gas","11WD7UCHT5XROEMT","04/04/2026 17:00 - 04/04/2026 18:00","9.47",""
"04/04/2026 00:00 - 05/04/2026 00:00","CTA|DE(Amprion)","DESBR____CHP____","11WD7UCHT5XROEMT","Fossil Gas","11WD7UCHT5XROEMT","04/04/2026 18:00 - 04/04/2026 19:00","12.93",""
"04/04/2026 00:00 - 05/04/2026 00:00","CTA|DE(Amprion)","DESBR____CHP____","11WD7UCHT5XROEMT","Fossil Gas","11WD7UCHT5XROEMT","04/04/2026 19:00 - 04/04/2026 20:00","15.25",""
"04/04/2026 00:00 - 05/04/2026 00:00","CTA|DE(Amprion)","DESBR____CHP____","11WD7UCHT5XROEMT","Fossil Gas","11WD7UCHT5XROEMT","04/04/2026 20:00 - 04/04/2026 21:00","14.93",""
"04/04/2026 00:00 - 05/04/2026 00:00","CTA|DE(Amprion)","DESBR____CHP____","11WD7UCHT5XROEMT","Fossil Gas","11WD7UCHT5XROEMT","04/04/2026 21:00 - 04/04/2026 22:00","13.65",""
"04/04/2026 00:00 - 05/04/2026 00:00","CTA|DE(Amprion)","DESBR____CHP____","11WD7UCHT5XROEMT","Fossil Gas","11WD7UCHT5XROEMT","04/04/2026 22:00 - 04/04/2026 23:00","11.30",""
"04/04/2026 00:00 - 05/04/2026 00:00","CTA|DE(Amprion)","DESBR____CHP____","11WD7UCHT5XROEMT","Fossil Gas","11WD7UCHT5XROEMT","04/04/2026 23:00 - 05/04/2026 00:00","11.18",""
"04/04/2026 00:00 - 05/04/2026 00:00","CTA|DE(Amprion)","Vianden 1","11WD7VIAN2H-1-1O","Hydro Pumped Storage","11WD7VIAN2H-1-1O","04/04/2026 00:00 - 04/04/2026 01:00","0.00",""
"04/04/2026 00:00 - 05/04/2026 00:00","CTA|DE(Amprion)","Vianden 1","11WD7VIAN2H-1-1O","Hydro Pumped Storage","11WD7VIAN2H-1-1O","04/04/2026 01:00 - 04/04/2026 02:00","0.00",""
"04/04/2026 00:00 - 05/04/2026 00:00","CTA|DE(Amprion)","Vianden 1","11WD7VIAN2H-1-1O","Hydro Pumped Storage","11WD7VIAN2H-1-1O","04/04/2026 02:00 - 04/04/2026 03:00","0.00",""
"04/04/2026 00:00 - 05/04/2026 00:00","CTA|DE(Amprion)","Vianden 1","11WD7VIAN2H-1-1O","Hydro Pumped Storage","11WD7VIAN2H-1-1O","04/04/2026 03:00 - 04/04/2026 04:00","0.00",""
"04/04/2026 00:00 - 05/04/2026 00:00","CTA|DE(Amprion)","Vianden 1","11WD7VIAN2H-1-1O","Hydro Pumped Storage","11WD7VIAN2H-1-1O","04/04/2026 04:00 - 04/04/2026 05:00","0.00",""
"04/04/2026 00:00 - 05/04/2026 00:00","CTA|DE(Amprion)","Vianden 1","11WD7VIAN2H-1-1O","Hydro Pumped Storage","11WD7VIAN2H-1-1O","04/04/2026 05:00 - 04/04/2026 06:00","0.00",""
"04/04/2026 00:00 - 05/04/2026 00:00","CTA|DE(Amprion)","Vianden 1","11WD7VIAN2H-1-1O","Hydro Pumped Storage","11WD7VIAN2H-1-1O","04/04/2026 06:00 - 04/04/2026 07:00","17.13",""
"04/04/2026 00:00 - 05/04/2026 00:00","CTA|DE(Amprion)","Vianden 1","11WD7VIAN2H-1-1O","Hydro Pumped Storage","11WD7VIAN2H-1-1O","04/04/2026 07:00 - 04/04/2026 08:00","0.00",""
"04/04/2026 00:00 - 05/04/2026 00:00","CTA|DE(Amprion)","Vianden 1","11WD7VIAN2H-1-1O","Hydro Pumped Storage","11WD7VIAN2H-1-1O","04/04/2026 08:00 - 04/04/2026 09:00","0.00",""
"04/04/2026 00:00 - 05/04/2026 00:00","CTA|DE(Amprion)","Vianden 1","11WD7VIAN2H-1-1O","Hydro Pumped Storage","11WD7VIAN2H-1-1O","04/04/2026 09:00 - 04/04/2026 10:00","0.00",""
"04/04/2026 00:00 - 05/04/2026 00:00","CTA|DE(Amprion)","Vianden 1","11WD7VIAN2H-1-1O","Hydro Pumped Storage","11WD7VIAN2H-1-1O","04/04/2026 10:00 - 04/04/2026 11:00","0.00",""
"04/04/2026 00:00 - 05/04/2026 00:00","CTA|DE(Amprion)","Vianden 1","11WD7VIAN2H-1-1O","Hydro Pumped Storage","11WD7VIAN2H-1-1O","04/04/2026 11:00 - 04/04/2026 12:00","0.00",""
"04/04/2026 00:00 - 05/04/2026 00:00","CTA|DE(Amprion)","Vianden 1","11WD7VIAN2H-1-1O","Hydro Pumped Storage","11WD7VIAN2H-1-1O","04/04/2026 12:00 - 04/04/2026 13:00","0.00",""
"04/04/2026 00:00 - 05/04/2026 00:00","CTA|DE(Amprion)","Vianden 1","11WD7VIAN2H-1-1O","Hydro Pumped Storage","11WD7VIAN2H-1-1O","04/04/2026 13:00 - 04/04/2026 14:00","0.00",""
"04/04/2026 00:00 - 05/04/2026 00:00","CTA|DE(Amprion)","Vianden 1","11WD7VIAN2H-1-1O","Hydro Pumped Storage","11WD7VIAN2H-1-1O","04/04/2026 14:00 - 04/04/2026 15:00","0.00",""
"04/04/2026 00:00 - 05/04/2026 00:00","CTA|DE(Amprion)","Vianden 1","11WD7VIAN2H-1-1O","Hydro Pumped Storage","11WD7VIAN2H-1-1O","04/04/2026 15:00 - 04/04/2026 16:00","0.00",""
"04/04/2026 00:00 - 05/04/2026 00:00","CTA|DE(Amprion)","Vianden 1","11WD7VIAN2H-1-1O","Hydro Pumped Storage","11WD7VIAN2H-1-1O","04/04/2026 16:00 - 04/04/2026 17:00","0.00",""
"04/04/2026 00:00 - 05/04/2026 00:00","CTA|DE(Amprion)","Vianden 1","11WD7VIAN2H-1-1O","Hydro Pumped Storage","11WD7VIAN2H-1-1O","04/04/2026 17:00 - 04/04/2026 18:00","22.23",""
"04/04/2026 00:00 - 05/04/2026 00:00","CTA|DE(Amprion)","Vianden 1","11WD7VIAN2H-1-1O","Hydro Pumped Storage","11WD7VIAN2H-1-1O","04/04/2026 18:00 - 04/04/2026 19:00","98.88",""
"04/04/2026 00:00 - 05/04/2026 00:00","CTA|DE(Amprion)","Vianden 1","11WD7VIAN2H-1-1O","Hydro Pumped Storage","11WD7VIAN2H-1-1O","04/04/2026 19:00 - 04/04/2026 20:00","97.95",""
"04/04/2026 00:00 - 05/04/2026 00:00","CTA|DE(Amprion)","Vianden 1","11WD7VIAN2H-1-1O","Hydro Pumped Storage","11WD7VIAN2H-1-1O","04/04/2026 20:00 - 04/04/2026 21:00","97.80",""
"04/04/2026 00:00 - 05/04/2026 00:00","CTA|DE(Amprion)","Vianden 1","11WD7VIAN2H-1-1O","Hydro Pumped Storage","11WD7VIAN2H-1-1O","04/04/2026 21:00 - 04/04/2026 22:00","97.80",""
"04/04/2026 00:00 - 05/04/2026 00:00","CTA|DE(Amprion)","Vianden 1","11WD7VIAN2H-1-1O","Hydro Pumped Storage","11WD7VIAN2H-1-1O","04/04/2026 22:00 - 04/04/2026 23:00","75.75",""
"04/04/2026 00:00 - 05/04/2026 00:00","CTA|DE(Amprion)","Vianden 1","11WD7VIAN2H-1-1O","Hydro Pumped Storage","11WD7VIAN2H-1-1O","04/04/2026 23:00 - 05/04/2026 00:00","11.07",""
"04/04/2026 00:00 - 05/04/2026 00:00","CTA|DE(Amprion)","Vianden 2","11WD7VIAN2H-1-2M","Hydro Pumped Storage","11WD7VIAN2H-1-2M","04/04/2026 00:00 - 04/04/2026 01:00","0.00",""
"04/04/2026 00:00 - 05/04/2026 00:00","CTA|DE(Amprion)","Vianden 2","11WD7VIAN2H-1-2M","Hydro Pumped Storage","11WD7VIAN2H-1-2M","04/04/2026 01:00 - 04/04/2026 02:00","0.00",""
"04/04/2026 00:00 - 05/04/2026 00:00","CTA|DE(Amprion)","Vianden 2","11WD7VIAN2H-1-2M","Hydro Pumped Storage","11WD7VIAN2H-1-2M","04/04/2026 02:00 - 04/04/2026 03:00","0.00",""
"04/04/2026 00:00 - 05/04/2026 00:00","CTA|DE(Amprion)","Vianden 2","11WD7VIAN2H-1-2M","Hydro Pumped Storage","11WD7VIAN2H-1-2M","04/04/2026 03:00 - 04/04/2026 04:00","0.00",""
"04/04/2026 00:00 - 05/04/2026 00:00","CTA|DE(Amprion)","Vianden 2","11WD7VIAN2H-1-2M","Hydro Pumped Storage","11WD7VIAN2H-1-2M","04/04/2026 04:00 - 04/04/2026 05:00","0.00",""
"04/04/2026 00:00 - 05/04/2026 00:00","CTA|DE(Amprion)","Vianden 2","11WD7VIAN2H-1-2M","Hydro Pumped Storage","11WD7VIAN2H-1-2M","04/04/2026 05:00 - 04/04/2026 06:00","0.00",""
"04/04/2026 00:00 - 05/04/2026 00:00","CTA|DE(Amprion)","Vianden 2","11WD7VIAN2H-1-2M","Hydro Pumped Storage","11WD7VIAN2H-1-2M","04/04/2026 06:00 - 04/04/2026 07:00","0.00",""
"04/04/2026 00:00 - 05/04/2026 00:00","CTA|DE(Amprion)","Vianden 2","11WD7VIAN2H-1-2M","Hydro Pumped Storage","11WD7VIAN2H-1-2M","04/04/2026 07:00 - 04/04/2026 08:00","0.00",""
"04/04/2026 00:00 - 05/04/2026 00:00","CTA|DE(Amprion)","Vianden 2","11WD7VIAN2H-1-2M","Hydro Pumped Storage","11WD7VIAN2H-1-2M","04/04/2026 08:00 - 04/04/2026 09:00","0.00",""
"04/04/2026 00:00 - 05/04/2026 00:00","CTA|DE(Amprion)","Vianden 2","11WD7VIAN2H-1-2M","Hydro Pumped Storage","11WD7VIAN2H-1-2M","04/04/2026 09:00 - 04/04/2026 10:00","0.00",""
"04/04/2026 00:00 - 05/04/2026 00:00","CTA|DE(Amprion)","Vianden 2","11WD7VIAN2H-1-2M","Hydro Pumped Storage","11WD7VIAN2H-1-2M","04/04/2026 10:00 - 04/04/2026 11:00","0.00",""
"04/04/2026 00:00 - 05/04/2026 00:00","CTA|DE(Amprion)","Vianden 2","11WD7VIAN2H-1-2M","Hydro Pumped Storage","11WD7VIAN2H-1-2M","04/04/2026 11:00 - 04/04/2026 12:00","0.00",""
"04/04/2026 00:00 - 05/04/2026 00:00","CTA|DE(Amprion)","Vianden 2","11WD7VIAN2H-1-2M","Hydro Pumped Storage","11WD7VIAN2H-1-2M","04/04/2026 12:00 - 04/04/2026 13:00","0.00",""
"04/04/2026 00:00 - 05/04/2026 00:00","CTA|DE(Amprion)","Vianden 2","11WD7VIAN2H-1-2M","Hydro Pumped Storage","11WD7VIAN2H-1-2M","04/04/2026 13:00 - 04/04/2026 14:00","70.28",""
"04/04/2026 00:00 - 05/04/2026 00:00","CTA|DE(Amprion)","Vianden 2","11WD7VIAN2H-1-2M","Hydro Pumped Storage","11WD7VIAN2H-1-2M","04/04/2026 14:00 - 04/04/2026 15:00","22.73",""
"04/04/2026 00:00 - 05/04/2026 00:00","CTA|DE(Amprion)","Vianden 2","11WD7VIAN2H-1-2M","Hydro Pumped Storage","11WD7VIAN2H-1-2M","04/04/2026 15:00 - 04/04/2026 16:00","0.00",""
"04/04/2026 00:00 - 05/04/2026 00:00","CTA|DE(Amprion)","Vianden 2","11WD7VIAN2H-1-2M","Hydro Pumped Storage","11WD7VIAN2H-1-2M","04/04/2026 16:00 - 04/04/2026 17:00","0.00",""
"04/04/2026 00:00 - 05/04/2026 00:00","CTA|DE(Amprion)","Vianden 2","11WD7VIAN2H-1-2M","Hydro Pumped Storage","11WD7VIAN2H-1-2M","04/04/2026 17:00 - 04/04/2026 18:00","22.55",""
"04/04/2026 00:00 - 05/04/2026 00:00","CTA|DE(Amprion)","Vianden 2","11WD7VIAN2H-1-2M","Hydro Pumped Storage","11WD7VIAN2H-1-2M","04/04/2026 18:00 - 04/04/2026 19:00","100.50",""
"04/04/2026 00:00 - 05/04/2026 00:00","CTA|DE(Amprion)","Vianden 2","11WD7VIAN2H-1-2M","Hydro Pumped Storage","11WD7VIAN2H-1-2M","04/04/2026 19:00 - 04/04/2026 20:00","100.50",""
"04/04/2026 00:00 - 05/04/2026 00:00","CTA|DE(Amprion)","Vianden 2","11WD7VIAN2H-1-2M","Hydro Pumped Storage","11WD7VIAN2H-1-2M","04/04/2026 20:00 - 04/04/2026 21:00","100.50",""
"04/04/2026 00:00 - 05/04/2026 00:00","CTA|DE(Amprion)","Vianden 2","11WD7VIAN2H-1-2M","Hydro Pumped Storage","11WD7VIAN2H-1-2M","04/04/2026 21:00 - 04/04/2026 22:00","100.22",""
"04/04/2026 00:00 - 05/04/2026 00:00","CTA|DE(Amprion)","Vianden 2","11WD7VIAN2H-1-2M","Hydro Pumped Storage","11WD7VIAN2H-1-2M","04/04/2026 22:00 - 04/04/2026 23:00","82.75",""
"04/04/2026 00:00 - 05/04/2026 00:00","CTA|DE(Amprion)","Vianden 2","11WD7VIAN2H-1-2M","Hydro Pumped Storage","11WD7VIAN2H-1-2M","04/04/2026 23:00 - 05/04/2026 00:00","11.00",""
"04/04/2026 00:00 - 05/04/2026 00:00","CTA|DE(Amprion)","Vianden 3","11WD7VIAN2H-1-3K","Hydro Pumped Storage","11WD7VIAN2H-1-3K","04/04/2026 00:00 - 04/04/2026 01:00","0.00",""
"04/04/2026 00:00 - 05/04/2026 00:00","CTA|DE(Amprion)","Vianden 3","11WD7VIAN2H-1-3K","Hydro Pumped Storage","11WD7VIAN2H-1-3K","04/04/2026 01:00 - 04/04/2026 02:00","0.00",""
"04/04/2026 00:00 - 05/04/2026 00:00","CTA|DE(Amprion)","Vianden 3","11WD7VIAN2H-1-3K","Hydro Pumped Storage","11WD7VIAN2H-1-3K","04/04/2026 02:00 - 04/04/2026 03:00","0.00",""
"04/04/2026 00:00 - 05/04/2026 00:00","CTA|DE(Amprion)","Vianden 3","11WD7VIAN2H-1-3K","Hydro Pumped Storage","11WD7VIAN2H-1-3K","04/04/2026 03:00 - 04/04/2026 04:00","0.00",""
"04/04/2026 00:00 - 05/04/2026 00:00","CTA|DE(Amprion)","Vianden 3","11WD7VIAN2H-1-3K","Hydro Pumped Storage","11WD7VIAN2H-1-3K","04/04/2026 04:00 - 04/04/2026 05:00","0.00",""
"04/04/2026 00:00 - 05/04/2026 00:00","CTA|DE(Amprion)","Vianden 3","11WD7VIAN2H-1-3K","Hydro Pumped Storage","11WD7VIAN2H-1-3K","04/04/2026 05:00 - 04/04/2026 06:00","0.07",""
"04/04/2026 00:00 - 05/04/2026 00:00","CTA|DE(Amprion)","Vianden 3","11WD7VIAN2H-1-3K","Hydro Pumped Storage","11WD7VIAN2H-1-3K","04/04/2026 06:00 - 04/04/2026 07:00","0.10",""
"04/04/2026 00:00 - 05/04/2026 00:00","CTA|DE(Amprion)","Vianden 3","11WD7VIAN2H-1-3K","Hydro Pumped Storage","11WD7VIAN2H-1-3K","04/04/2026 07:00 - 04/04/2026 08:00","0.10",""
"04/04/2026 00:00 - 05/04/2026 00:00","CTA|DE(Amprion)","Vianden 3","11WD7VIAN2H-1-3K","Hydro Pumped Storage","11WD7VIAN2H-1-3K","04/04/2026 08:00 - 04/04/2026 09:00","0.10",""
"04/04/2026 00:00 - 05/04/2026 00:00","CTA|DE(Amprion)","Vianden 3","11WD7VIAN2H-1-3K","Hydro Pumped Storage","11WD7VIAN2H-1-3K","04/04/2026 09:00 - 04/04/2026 10:00","0.10",""
"04/04/2026 00:00 - 05/04/2026 00:00","CTA|DE(Amprion)","Vianden 3","11WD7VIAN2H-1-3K","Hydro Pumped Storage","11WD7VIAN2H-1-3K","04/04/2026 10:00 - 04/04/2026 11:00","0.10",""
"04/04/2026 00:00 - 05/04/2026 00:00","CTA|DE(Amprion)","Vianden 3","11WD7VIAN2H-1-3K","Hydro Pumped Storage","11WD7VIAN2H-1-3K","04/04/2026 11:00 - 04/04/2026 12:00","0.10",""
"04/04/2026 00:00 - 05/04/2026 00:00","CTA|DE(Amprion)","Vianden 3","11WD7VIAN2H-1-3K","Hydro Pumped Storage","11WD7VIAN2H-1-3K","04/04/2026 12:00 - 04/04/2026 13:00","0.10",""
"04/04/2026 00:00 - 05/04/2026 00:00","CTA|DE(Amprion)","Vianden 3","11WD7VIAN2H-1-3K","Hydro Pumped Storage","11WD7VIAN2H-1-3K","04/04/2026 13:00 - 04/04/2026 14:00","0.10",""
"04/04/2026 00:00 - 05/04/2026 00:00","CTA|DE(Amprion)","Vianden 3","11WD7VIAN2H-1-3K","Hydro Pumped Storage","11WD7VIAN2H-1-3K","04/04/2026 14:00 - 04/04/2026 15:00","0.10",""
"04/04/2026 00:00 - 05/04/2026 00:00","CTA|DE(Amprion)","Vianden 3","11WD7VIAN2H-1-3K","Hydro Pumped Storage","11WD7VIAN2H-1-3K","04/04/2026 15:00 - 04/04/2026 16:00","0.10",""
"04/04/2026 00:00 - 05/04/2026 00:00","CTA|DE(Amprion)","Vianden 3","11WD7VIAN2H-1-3K","Hydro Pumped Storage","11WD7VIAN2H-1-3K","04/04/2026 16:00 - 04/04/2026 17:00","0.10",""
"04/04/2026 00:00 - 05/04/2026 00:00","CTA|DE(Amprion)","Vianden 3","11WD7VIAN2H-1-3K","Hydro Pumped Storage","11WD7VIAN2H-1-3K","04/04/2026 17:00 - 04/04/2026 18:00","67.55",""
"04/04/2026 00:00 - 05/04/2026 00:00","CTA|DE(Amprion)","Vianden 3","11WD7VIAN2H-1-3K","Hydro Pumped Storage","11WD7VIAN2H-1-3K","04/04/2026 18:00 - 04/04/2026 19:00","97.08",""
"04/04/2026 00:00 - 05/04/2026 00:00","CTA|DE(Amprion)","Vianden 3","11WD7VIAN2H-1-3K","Hydro Pumped Storage","11WD7VIAN2H-1-3K","04/04/2026 19:00 - 04/04/2026 20:00","103.00",""
"04/04/2026 00:00 - 05/04/2026 00:00","CTA|DE(Amprion)","Vianden 3","11WD7VIAN2H-1-3K","Hydro Pumped Storage","11WD7VIAN2H-1-3K","04/04/2026 20:00 - 04/04/2026 21:00","103.00",""
"04/04/2026 00:00 - 05/04/2026 00:00","CTA|DE(Amprion)","Vianden 3","11WD7VIAN2H-1-3K","Hydro Pumped Storage","11WD7VIAN2H-1-3K","04/04/2026 21:00 - 04/04/2026 22:00","103.00",""
"04/04/2026 00:00 - 05/04/2026 00:00","CTA|DE(Amprion)","Vianden 3","11WD7VIAN2H-1-3K","Hydro Pumped Storage","11WD7VIAN2H-1-3K","04/04/2026 22:00 - 04/04/2026 23:00","87.45",""
"04/04/2026 00:00 - 05/04/2026 00:00","CTA|DE(Amprion)","Vianden 3","11WD7VIAN2H-1-3K","Hydro Pumped Storage","11WD7VIAN2H-1-3K","04/04/2026 23:00 - 05/04/2026 00:00","11.45",""
"04/04/2026 00:00 - 05/04/2026 00:00","CTA|DE(Amprion)","Vianden 4","11WD7VIAN2H-1-4I","Hydro Pumped Storage","11WD7VIAN2H-1-4I","04/04/2026 00:00 - 04/04/2026 01:00","0.00",""
"04/04/2026 00:00 - 05/04/2026 00:00","CTA|DE(Amprion)","Vianden 4","11WD7VIAN2H-1-4I","Hydro Pumped Storage","11WD7VIAN2H-1-4I","04/04/2026 01:00 - 04/04/2026 02:00","0.00",""
"04/04/2026 00:00 - 05/04/2026 00:00","CTA|DE(Amprion)","Vianden 4","11WD7VIAN2H-1-4I","Hydro Pumped Storage","11WD7VIAN2H-1-4I","04/04/2026 02:00 - 04/04/2026 03:00","0.00",""
"04/04/2026 00:00 - 05/04/2026 00:00","CTA|DE(Amprion)","Vianden 4","11WD7VIAN2H-1-4I","Hydro Pumped Storage","11WD7VIAN2H-1-4I","04/04/2026 03:00 - 04/04/2026 04:00","0.00",""
"04/04/2026 00:00 - 05/04/2026 00:00","CTA|DE(Amprion)","Vianden 4","11WD7VIAN2H-1-4I","Hydro Pumped Storage","11WD7VIAN2H-1-4I","04/04/2026 04:00 - 04/04/2026 05:00","0.00",""
"04/04/2026 00:00 - 05/04/2026 00:00","CTA|DE(Amprion)","Vianden 4","11WD7VIAN2H-1-4I","Hydro Pumped Storage","11WD7VIAN2H-1-4I","04/04/2026 05:00 - 04/04/2026 06:00","0.00",""
"04/04/2026 00:00 - 05/04/2026 00:00","CTA|DE(Amprion)","Vianden 4","11WD7VIAN2H-1-4I","Hydro Pumped Storage","11WD7VIAN2H-1-4I","04/04/2026 06:00 - 04/04/2026 07:00","0.00",""
"04/04/2026 00:00 - 05/04/2026 00:00","CTA|DE(Amprion)","Vianden 4","11WD7VIAN2H-1-4I","Hydro Pumped Storage","11WD7VIAN2H-1-4I","04/04/2026 07:00 - 04/04/2026 08:00","0.00",""
"04/04/2026 00:00 - 05/04/2026 00:00","CTA|DE(Amprion)","Vianden 4","11WD7VIAN2H-1-4I","Hydro Pumped Storage","11WD7VIAN2H-1-4I","04/04/2026 08:00 - 04/04/2026 09:00","0.00",""
"04/04/2026 00:00 - 05/04/2026 00:00","CTA|DE(Amprion)","Vianden 4","11WD7VIAN2H-1-4I","Hydro Pumped Storage","11WD7VIAN2H-1-4I","04/04/2026 09:00 - 04/04/2026 10:00","0.00",""
"04/04/2026 00:00 - 05/04/2026 00:00","CTA|DE(Amprion)","Vianden 4","11WD7VIAN2H-1-4I","Hydro Pumped Storage","11WD7VIAN2H-1-4I","04/04/2026 10:00 - 04/04/2026 11:00","0.00",""
"04/04/2026 00:00 - 05/04/2026 00:00","CTA|DE(Amprion)","Vianden 4","11WD7VIAN2H-1-4I","Hydro Pumped Storage","11WD7VIAN2H-1-4I","04/04/2026 11:00 - 04/04/2026 12:00","0.00",""
"04/04/2026 00:00 - 05/04/2026 00:00","CTA|DE(Amprion)","Vianden 4","11WD7VIAN2H-1-4I","Hydro Pumped Storage","11WD7VIAN2H-1-4I","04/04/2026 12:00 - 04/04/2026 13:00","0.00",""
"04/04/2026 00:00 - 05/04/2026 00:00","CTA|DE(Amprion)","Vianden 4","11WD7VIAN2H-1-4I","Hydro Pumped Storage","11WD7VIAN2H-1-4I","04/04/2026 13:00 - 04/04/2026 14:00","0.00",""
"04/04/2026 00:00 - 05/04/2026 00:00","CTA|DE(Amprion)","Vianden 4","11WD7VIAN2H-1-4I","Hydro Pumped Storage","11WD7VIAN2H-1-4I","04/04/2026 14:00 - 04/04/2026 15:00","0.00",""
"04/04/2026 00:00 - 05/04/2026 00:00","CTA|DE(Amprion)","Vianden 4","11WD7VIAN2H-1-4I","Hydro Pumped Storage","11WD7VIAN2H-1-4I","04/04/2026 15:00 - 04/04/2026 16:00","0.00",""
"04/04/2026 00:00 - 05/04/2026 00:00","CTA|DE(Amprion)","Vianden 4","11WD7VIAN2H-1-4I","Hydro Pumped Storage","11WD7VIAN2H-1-4I","04/04/2026 16:00 - 04/04/2026 17:00","0.00",""
"04/04/2026 00:00 - 05/04/2026 00:00","CTA|DE(Amprion)","Vianden 4","11WD7VIAN2H-1-4I","Hydro Pumped Storage","11WD7VIAN2H-1-4I","04/04/2026 17:00 - 04/04/2026 18:00","22.40",""
"04/04/2026 00:00 - 05/04/2026 00:00","CTA|DE(Amprion)","Vianden 4","11WD7VIAN2H-1-4I","Hydro Pumped Storage","11WD7VIAN2H-1-4I","04/04/2026 18:00 - 04/04/2026 19:00","94.85",""
"04/04/2026 00:00 - 05/04/2026 00:00","CTA|DE(Amprion)","Vianden 4","11WD7VIAN2H-1-4I","Hydro Pumped Storage","11WD7VIAN2H-1-4I","04/04/2026 19:00 - 04/04/2026 20:00","100.15",""
"04/04/2026 00:00 - 05/04/2026 00:00","CTA|DE(Amprion)","Vianden 4","11WD7VIAN2H-1-4I","Hydro Pumped Storage","11WD7VIAN2H-1-4I","04/04/2026 20:00 - 04/04/2026 21:00","99.78",""
"04/04/2026 00:00 - 05/04/2026 00:00","CTA|DE(Amprion)","Vianden 4","11WD7VIAN2H-1-4I","Hydro Pumped Storage","11WD7VIAN2H-1-4I","04/04/2026 21:00 - 04/04/2026 22:00","98.72",""
"04/04/2026 00:00 - 05/04/2026 00:00","CTA|DE(Amprion)","Vianden 4","11WD7VIAN2H-1-4I","Hydro Pumped Storage","11WD7VIAN2H-1-4I","04/04/2026 22:00 - 04/04/2026 23:00","87.42",""
"04/04/2026 00:00 - 05/04/2026 00:00","CTA|DE(Amprion)","Vianden 4","11WD7VIAN2H-1-4I","Hydro Pumped Storage","11WD7VIAN2H-1-4I","04/04/2026 23:00 - 05/04/2026 00:00","10.88",""
"04/04/2026 00:00 - 05/04/2026 00:00","CTA|DE(Amprion)","Vianden 5","11WD7VIAN2H-2-5C","Hydro Pumped Storage","11WD7VIAN2H-2-5C","04/04/2026 00:00 - 04/04/2026 01:00","0.00",""
"04/04/2026 00:00 - 05/04/2026 00:00","CTA|DE(Amprion)","Vianden 5","11WD7VIAN2H-2-5C","Hydro Pumped Storage","11WD7VIAN2H-2-5C","04/04/2026 01:00 - 04/04/2026 02:00","0.00",""
"04/04/2026 00:00 - 05/04/2026 00:00","CTA|DE(Amprion)","Vianden 5","11WD7VIAN2H-2-5C","Hydro Pumped Storage","11WD7VIAN2H-2-5C","04/04/2026 02:00 - 04/04/2026 03:00","0.00",""
"04/04/2026 00:00 - 05/04/2026 00:00","CTA|DE(Amprion)","Vianden 5","11WD7VIAN2H-2-5C","Hydro Pumped Storage","11WD7VIAN2H-2-5C","04/04/2026 03:00 - 04/04/2026 04:00","0.00",""
"04/04/2026 00:00 - 05/04/2026 00:00","CTA|DE(Amprion)","Vianden 5","11WD7VIAN2H-2-5C","Hydro Pumped Storage","11WD7VIAN2H-2-5C","04/04/2026 04:00 - 04/04/2026 05:00","0.00",""
"04/04/2026 00:00 - 05/04/2026 00:00","CTA|DE(Amprion)","Vianden 5","11WD7VIAN2H-2-5C","Hydro Pumped Storage","11WD7VIAN2H-2-5C","04/04/2026 05:00 - 04/04/2026 06:00","0.00",""
"04/04/2026 00:00 - 05/04/2026 00:00","CTA|DE(Amprion)","Vianden 5","11WD7VIAN2H-2-5C","Hydro Pumped Storage","11WD7VIAN2H-2-5C","04/04/2026 06:00 - 04/04/2026 07:00","0.00",""
"04/04/2026 00:00 - 05/04/2026 00:00","CTA|DE(Amprion)","Vianden 5","11WD7VIAN2H-2-5C","Hydro Pumped Storage","11WD7VIAN2H-2-5C","04/04/2026 07:00 - 04/04/2026 08:00","0.00",""
"04/04/2026 00:00 - 05/04/2026 00:00","CTA|DE(Amprion)","Vianden 5","11WD7VIAN2H-2-5C","Hydro Pumped Storage","11WD7VIAN2H-2-5C","04/04/2026 08:00 - 04/04/2026 09:00","0.00",""
"04/04/2026 00:00 - 05/04/2026 00:00","CTA|DE(Amprion)","Vianden 5","11WD7VIAN2H-2-5C","Hydro Pumped Storage","11WD7VIAN2H-2-5C","04/04/2026 09:00 - 04/04/2026 10:00","0.00",""
"04/04/2026 00:00 - 05/04/2026 00:00","CTA|DE(Amprion)","Vianden 5","11WD7VIAN2H-2-5C","Hydro Pumped Storage","11WD7VIAN2H-2-5C","04/04/2026 10:00 - 04/04/2026 11:00","0.00",""
"04/04/2026 00:00 - 05/04/2026 00:00","CTA|DE(Amprion)","Vianden 5","11WD7VIAN2H-2-5C","Hydro Pumped Storage","11WD7VIAN2H-2-5C","04/04/2026 11:00 - 04/04/2026 12:00","0.00",""
"04/04/2026 00:00 - 05/04/2026 00:00","CTA|DE(Amprion)","Vianden 5","11WD7VIAN2H-2-5C","Hydro Pumped Storage","11WD7VIAN2H-2-5C","04/04/2026 12:00 - 04/04/2026 13:00","0.00",""
"04/04/2026 00:00 - 05/04/2026 00:00","CTA|DE(Amprion)","Vianden 5","11WD7VIAN2H-2-5C","Hydro Pumped Storage","11WD7VIAN2H-2-5C","04/04/2026 13:00 - 04/04/2026 14:00","0.00",""
"04/04/2026 00:00 - 05/04/2026 00:00","CTA|DE(Amprion)","Vianden 5","11WD7VIAN2H-2-5C","Hydro Pumped Storage","11WD7VIAN2H-2-5C","04/04/2026 14:00 - 04/04/2026 15:00","0.00",""
"04/04/2026 00:00 - 05/04/2026 00:00","CTA|DE(Amprion)","Vianden 5","11WD7VIAN2H-2-5C","Hydro Pumped Storage","11WD7VIAN2H-2-5C","04/04/2026 15:00 - 04/04/2026 16:00","0.00",""
"04/04/2026 00:00 - 05/04/2026 00:00","CTA|DE(Amprion)","Vianden 5","11WD7VIAN2H-2-5C","Hydro Pumped Storage","11WD7VIAN2H-2-5C","04/04/2026 16:00 - 04/04/2026 17:00","0.00",""
"04/04/2026 00:00 - 05/04/2026 00:00","CTA|DE(Amprion)","Vianden 5","11WD7VIAN2H-2-5C","Hydro Pumped Storage","11WD7VIAN2H-2-5C","04/04/2026 17:00 - 04/04/2026 18:00","0.00",""
"04/04/2026 00:00 - 05/04/2026 00:00","CTA|DE(Amprion)","Vianden 5","11WD7VIAN2H-2-5C","Hydro Pumped Storage","11WD7VIAN2H-2-5C","04/04/2026 18:00 - 04/04/2026 19:00","0.00",""
"04/04/2026 00:00 - 05/04/2026 00:00","CTA|DE(Amprion)","Vianden 5","11WD7VIAN2H-2-5C","Hydro Pumped Storage","11WD7VIAN2H-2-5C","04/04/2026 19:00 - 04/04/2026 20:00","0.00",""
"04/04/2026 00:00 - 05/04/2026 00:00","CTA|DE(Amprion)","Vianden 5","11WD7VIAN2H-2-5C","Hydro Pumped Storage","11WD7VIAN2H-2-5C","04/04/2026 20:00 - 04/04/2026 21:00","0.00",""
"04/04/2026 00:00 - 05/04/2026 00:00","CTA|DE(Amprion)","Vianden 5","11WD7VIAN2H-2-5C","Hydro Pumped Storage","11WD7VIAN2H-2-5C","04/04/2026 21:00 - 04/04/2026 22:00","0.00",""
"04/04/2026 00:00 - 05/04/2026 00:00","CTA|DE(Amprion)","Vianden 5","11WD7VIAN2H-2-5C","Hydro Pumped Storage","11WD7VIAN2H-2-5C","04/04/2026 22:00 - 04/04/2026 23:00","0.00",""
"04/04/2026 00:00 - 05/04/2026 00:00","CTA|DE(Amprion)","Vianden 5","11WD7VIAN2H-2-5C","Hydro Pumped Storage","11WD7VIAN2H-2-5C","04/04/2026 23:00 - 05/04/2026 00:00","0.00",""
"04/04/2026 00:00 - 05/04/2026 00:00","CTA|DE(Amprion)","Vianden 6","11WD7VIAN2H-2-6A","Hydro Pumped Storage","11WD7VIAN2H-2-6A","04/04/2026 00:00 - 04/04/2026 01:00","0.00",""
"04/04/2026 00:00 - 05/04/2026 00:00","CTA|DE(Amprion)","Vianden 6","11WD7VIAN2H-2-6A","Hydro Pumped Storage","11WD7VIAN2H-2-6A","04/04/2026 01:00 - 04/04/2026 02:00","0.00",""
"04/04/2026 00:00 - 05/04/2026 00:00","CTA|DE(Amprion)","Vianden 6","11WD7VIAN2H-2-6A","Hydro Pumped Storage","11WD7VIAN2H-2-6A","04/04/2026 02:00 - 04/04/2026 03:00","0.00",""
"04/04/2026 00:00 - 05/04/2026 00:00","CTA|DE(Amprion)","Vianden 6","11WD7VIAN2H-2-6A","Hydro Pumped Storage","11WD7VIAN2H-2-6A","04/04/2026 03:00 - 04/04/2026 04:00","0.00",""
"04/04/2026 00:00 - 05/04/2026 00:00","CTA|DE(Amprion)","Vianden 6","11WD7VIAN2H-2-6A","Hydro Pumped Storage","11WD7VIAN2H-2-6A","04/04/2026 04:00 - 04/04/2026 05:00","0.00",""
"04/04/2026 00:00 - 05/04/2026 00:00","CTA|DE(Amprion)","Vianden 6","11WD7VIAN2H-2-6A","Hydro Pumped Storage","11WD7VIAN2H-2-6A","04/04/2026 05:00 - 04/04/2026 06:00","0.00",""
"04/04/2026 00:00 - 05/04/2026 00:00","CTA|DE(Amprion)","Vianden 6","11WD7VIAN2H-2-6A","Hydro Pumped Storage","11WD7VIAN2H-2-6A","04/04/2026 06:00 - 04/04/2026 07:00","0.00",""
"04/04/2026 00:00 - 05/04/2026 00:00","CTA|DE(Amprion)","Vianden 6","11WD7VIAN2H-2-6A","Hydro Pumped Storage","11WD7VIAN2H-2-6A","04/04/2026 07:00 - 04/04/2026 08:00","0.00",""
"04/04/2026 00:00 - 05/04/2026 00:00","CTA|DE(Amprion)","Vianden 6","11WD7VIAN2H-2-6A","Hydro Pumped Storage","11WD7VIAN2H-2-6A","04/04/2026 08:00 - 04/04/2026 09:00","0.00",""
"04/04/2026 00:00 - 05/04/2026 00:00","CTA|DE(Amprion)","Vianden 6","11WD7VIAN2H-2-6A","Hydro Pumped Storage","11WD7VIAN2H-2-6A","04/04/2026 09:00 - 04/04/2026 10:00","0.00",""
"04/04/2026 00:00 - 05/04/2026 00:00","CTA|DE(Amprion)","Vianden 6","11WD7VIAN2H-2-6A","Hydro Pumped Storage","11WD7VIAN2H-2-6A","04/04/2026 10:00 - 04/04/2026 11:00","0.00",""
"04/04/2026 00:00 - 05/04/2026 00:00","CTA|DE(Amprion)","Vianden 6","11WD7VIAN2H-2-6A","Hydro Pumped Storage","11WD7VIAN2H-2-6A","04/04/2026 11:00 - 04/04/2026 12:00","0.00",""
"04/04/2026 00:00 - 05/04/2026 00:00","CTA|DE(Amprion)","Vianden 6","11WD7VIAN2H-2-6A","Hydro Pumped Storage","11WD7VIAN2H-2-6A","04/04/2026 12:00 - 04/04/2026 13:00","0.00",""
"04/04/2026 00:00 - 05/04/2026 00:00","CTA|DE(Amprion)","Vianden 6","11WD7VIAN2H-2-6A","Hydro Pumped Storage","11WD7VIAN2H-2-6A","04/04/2026 13:00 - 04/04/2026 14:00","0.00",""
"04/04/2026 00:00 - 05/04/2026 00:00","CTA|DE(Amprion)","Vianden 6","11WD7VIAN2H-2-6A","Hydro Pumped Storage","11WD7VIAN2H-2-6A","04/04/2026 14:00 - 04/04/2026 15:00","0.00",""
"04/04/2026 00:00 - 05/04/2026 00:00","CTA|DE(Amprion)","Vianden 6","11WD7VIAN2H-2-6A","Hydro Pumped Storage","11WD7VIAN2H-2-6A","04/04/2026 15:00 - 04/04/2026 16:00","0.00",""
"04/04/2026 00:00 - 05/04/2026 00:00","CTA|DE(Amprion)","Vianden 6","11WD7VIAN2H-2-6A","Hydro Pumped Storage","11WD7VIAN2H-2-6A","04/04/2026 16:00 - 04/04/2026 17:00","0.00",""
"04/04/2026 00:00 - 05/04/2026 00:00","CTA|DE(Amprion)","Vianden 6","11WD7VIAN2H-2-6A","Hydro Pumped Storage","11WD7VIAN2H-2-6A","04/04/2026 17:00 - 04/04/2026 18:00","19.48",""
"04/04/2026 00:00 - 05/04/2026 00:00","CTA|DE(Amprion)","Vianden 6","11WD7VIAN2H-2-6A","Hydro Pumped Storage","11WD7VIAN2H-2-6A","04/04/2026 18:00 - 04/04/2026 19:00","91.15",""
"04/04/2026 00:00 - 05/04/2026 00:00","CTA|DE(Amprion)","Vianden 6","11WD7VIAN2H-2-6A","Hydro Pumped Storage","11WD7VIAN2H-2-6A","04/04/2026 19:00 - 04/04/2026 20:00","98.50",""
"04/04/2026 00:00 - 05/04/2026 00:00","CTA|DE(Amprion)","Vianden 6","11WD7VIAN2H-2-6A","Hydro Pumped Storage","11WD7VIAN2H-2-6A","04/04/2026 20:00 - 04/04/2026 21:00","98.50",""
"04/04/2026 00:00 - 05/04/2026 00:00","CTA|DE(Amprion)","Vianden 6","11WD7VIAN2H-2-6A","Hydro Pumped Storage","11WD7VIAN2H-2-6A","04/04/2026 21:00 - 04/04/2026 22:00","98.50",""
"04/04/2026 00:00 - 05/04/2026 00:00","CTA|DE(Amprion)","Vianden 6","11WD7VIAN2H-2-6A","Hydro Pumped Storage","11WD7VIAN2H-2-6A","04/04/2026 22:00 - 04/04/2026 23:00","71.22",""
"04/04/2026 00:00 - 05/04/2026 00:00","CTA|DE(Amprion)","Vianden 6","11WD7VIAN2H-2-6A","Hydro Pumped Storage","11WD7VIAN2H-2-6A","04/04/2026 23:00 - 05/04/2026 00:00","0.00",""
"04/04/2026 00:00 - 05/04/2026 00:00","CTA|DE(Amprion)","Vianden 7","11WD7VIAN2H-2-78","Hydro Pumped Storage","11WD7VIAN2H-2-78","04/04/2026 00:00 - 04/04/2026 01:00","0.00",""
"04/04/2026 00:00 - 05/04/2026 00:00","CTA|DE(Amprion)","Vianden 7","11WD7VIAN2H-2-78","Hydro Pumped Storage","11WD7VIAN2H-2-78","04/04/2026 01:00 - 04/04/2026 02:00","0.00",""
"04/04/2026 00:00 - 05/04/2026 00:00","CTA|DE(Amprion)","Vianden 7","11WD7VIAN2H-2-78","Hydro Pumped Storage","11WD7VIAN2H-2-78","04/04/2026 02:00 - 04/04/2026 03:00","0.00",""
"04/04/2026 00:00 - 05/04/2026 00:00","CTA|DE(Amprion)","Vianden 7","11WD7VIAN2H-2-78","Hydro Pumped Storage","11WD7VIAN2H-2-78","04/04/2026 03:00 - 04/04/2026 04:00","0.00",""
"04/04/2026 00:00 - 05/04/2026 00:00","CTA|DE(Amprion)","Vianden 7","11WD7VIAN2H-2-78","Hydro Pumped Storage","11WD7VIAN2H-2-78","04/04/2026 04:00 - 04/04/2026 05:00","0.00",""
"04/04/2026 00:00 - 05/04/2026 00:00","CTA|DE(Amprion)","Vianden 7","11WD7VIAN2H-2-78","Hydro Pumped Storage","11WD7VIAN2H-2-78","04/04/2026 05:00 - 04/04/2026 06:00","0.00",""
"04/04/2026 00:00 - 05/04/2026 00:00","CTA|DE(Amprion)","Vianden 7","11WD7VIAN2H-2-78","Hydro Pumped Storage","11WD7VIAN2H-2-78","04/04/2026 06:00 - 04/04/2026 07:00","0.00",""
"04/04/2026 00:00 - 05/04/2026 00:00","CTA|DE(Amprion)","Vianden 7","11WD7VIAN2H-2-78","Hydro Pumped Storage","11WD7VIAN2H-2-78","04/04/2026 07:00 - 04/04/2026 08:00","0.00",""
"04/04/2026 00:00 - 05/04/2026 00:00","CTA|DE(Amprion)","Vianden 7","11WD7VIAN2H-2-78","Hydro Pumped Storage","11WD7VIAN2H-2-78","04/04/2026 08:00 - 04/04/2026 09:00","0.00",""
"04/04/2026 00:00 - 05/04/2026 00:00","CTA|DE(Amprion)","Vianden 7","11WD7VIAN2H-2-78","Hydro Pumped Storage","11WD7VIAN2H-2-78","04/04/2026 09:00 - 04/04/2026 10:00","0.00",""
"04/04/2026 00:00 - 05/04/2026 00:00","CTA|DE(Amprion)","Vianden 7","11WD7VIAN2H-2-78","Hydro Pumped Storage","11WD7VIAN2H-2-78","04/04/2026 10:00 - 04/04/2026 11:00","0.00",""
"04/04/2026 00:00 - 05/04/2026 00:00","CTA|DE(Amprion)","Vianden 7","11WD7VIAN2H-2-78","Hydro Pumped Storage","11WD7VIAN2H-2-78","04/04/2026 11:00 - 04/04/2026 12:00","0.00",""
"04/04/2026 00:00 - 05/04/2026 00:00","CTA|DE(Amprion)","Vianden 7","11WD7VIAN2H-2-78","Hydro Pumped Storage","11WD7VIAN2H-2-78","04/04/2026 12:00 - 04/04/2026 13:00","0.00",""
"04/04/2026 00:00 - 05/04/2026 00:00","CTA|DE(Amprion)","Vianden 7","11WD7VIAN2H-2-78","Hydro Pumped Storage","11WD7VIAN2H-2-78","04/04/2026 13:00 - 04/04/2026 14:00","0.00",""
"04/04/2026 00:00 - 05/04/2026 00:00","CTA|DE(Amprion)","Vianden 7","11WD7VIAN2H-2-78","Hydro Pumped Storage","11WD7VIAN2H-2-78","04/04/2026 14:00 - 04/04/2026 15:00","0.00",""
"04/04/2026 00:00 - 05/04/2026 00:00","CTA|DE(Amprion)","Vianden 7","11WD7VIAN2H-2-78","Hydro Pumped Storage","11WD7VIAN2H-2-78","04/04/2026 15:00 - 04/04/2026 16:00","0.00",""
"04/04/2026 00:00 - 05/04/2026 00:00","CTA|DE(Amprion)","Vianden 7","11WD7VIAN2H-2-78","Hydro Pumped Storage","11WD7VIAN2H-2-78","04/04/2026 16:00 - 04/04/2026 17:00","0.00",""
"04/04/2026 00:00 - 05/04/2026 00:00","CTA|DE(Amprion)","Vianden 7","11WD7VIAN2H-2-78","Hydro Pumped Storage","11WD7VIAN2H-2-78","04/04/2026 17:00 - 04/04/2026 18:00","19.80",""
"04/04/2026 00:00 - 05/04/2026 00:00","CTA|DE(Amprion)","Vianden 7","11WD7VIAN2H-2-78","Hydro Pumped Storage","11WD7VIAN2H-2-78","04/04/2026 18:00 - 04/04/2026 19:00","91.63",""
"04/04/2026 00:00 - 05/04/2026 00:00","CTA|DE(Amprion)","Vianden 7","11WD7VIAN2H-2-78","Hydro Pumped Storage","11WD7VIAN2H-2-78","04/04/2026 19:00 - 04/04/2026 20:00","99.08",""
"04/04/2026 00:00 - 05/04/2026 00:00","CTA|DE(Amprion)","Vianden 7","11WD7VIAN2H-2-78","Hydro Pumped Storage","11WD7VIAN2H-2-78","04/04/2026 20:00 - 04/04/2026 21:00","99.08",""
"04/04/2026 00:00 - 05/04/2026 00:00","CTA|DE(Amprion)","Vianden 7","11WD7VIAN2H-2-78","Hydro Pumped Storage","11WD7VIAN2H-2-78","04/04/2026 21:00 - 04/04/2026 22:00","99.03",""
"04/04/2026 00:00 - 05/04/2026 00:00","CTA|DE(Amprion)","Vianden 7","11WD7VIAN2H-2-78","Hydro Pumped Storage","11WD7VIAN2H-2-78","04/04/2026 22:00 - 04/04/2026 23:00","86.53",""
"04/04/2026 00:00 - 05/04/2026 00:00","CTA|DE(Amprion)","Vianden 7","11WD7VIAN2H-2-78","Hydro Pumped Storage","11WD7VIAN2H-2-78","04/04/2026 23:00 - 05/04/2026 00:00","11.60",""
"04/04/2026 00:00 - 05/04/2026 00:00","CTA|DE(Amprion)","Vianden 8","11WD7VIAN2H-2-86","Hydro Pumped Storage","11WD7VIAN2H-2-86","04/04/2026 00:00 - 04/04/2026 01:00","0.00",""
"04/04/2026 00:00 - 05/04/2026 00:00","CTA|DE(Amprion)","Vianden 8","11WD7VIAN2H-2-86","Hydro Pumped Storage","11WD7VIAN2H-2-86","04/04/2026 01:00 - 04/04/2026 02:00","0.00",""
"04/04/2026 00:00 - 05/04/2026 00:00","CTA|DE(Amprion)","Vianden 8","11WD7VIAN2H-2-86","Hydro Pumped Storage","11WD7VIAN2H-2-86","04/04/2026 02:00 - 04/04/2026 03:00","0.00",""
"04/04/2026 00:00 - 05/04/2026 00:00","CTA|DE(Amprion)","Vianden 8","11WD7VIAN2H-2-86","Hydro Pumped Storage","11WD7VIAN2H-2-86","04/04/2026 03:00 - 04/04/2026 04:00","0.00",""
"04/04/2026 00:00 - 05/04/2026 00:00","CTA|DE(Amprion)","Vianden 8","11WD7VIAN2H-2-86","Hydro Pumped Storage","11WD7VIAN2H-2-86","04/04/2026 04:00 - 04/04/2026 05:00","0.00",""
"04/04/2026 00:00 - 05/04/2026 00:00","CTA|DE(Amprion)","Vianden 8","11WD7VIAN2H-2-86","Hydro Pumped Storage","11WD7VIAN2H-2-86","04/04/2026 05:00 - 04/04/2026 06:00","0.00",""
"04/04/2026 00:00 - 05/04/2026 00:00","CTA|DE(Amprion)","Vianden 8","11WD7VIAN2H-2-86","Hydro Pumped Storage","11WD7VIAN2H-2-86","04/04/2026 06:00 - 04/04/2026 07:00","0.00",""
"04/04/2026 00:00 - 05/04/2026 00:00","CTA|DE(Amprion)","Vianden 8","11WD7VIAN2H-2-86","Hydro Pumped Storage","11WD7VIAN2H-2-86","04/04/2026 07:00 - 04/04/2026 08:00","0.00",""
"04/04/2026 00:00 - 05/04/2026 00:00","CTA|DE(Amprion)","Vianden 8","11WD7VIAN2H-2-86","Hydro Pumped Storage","11WD7VIAN2H-2-86","04/04/2026 08:00 - 04/04/2026 09:00","0.00",""
"04/04/2026 00:00 - 05/04/2026 00:00","CTA|DE(Amprion)","Vianden 8","11WD7VIAN2H-2-86","Hydro Pumped Storage","11WD7VIAN2H-2-86","04/04/2026 09:00 - 04/04/2026 10:00","0.00",""
"04/04/2026 00:00 - 05/04/2026 00:00","CTA|DE(Amprion)","Vianden 8","11WD7VIAN2H-2-86","Hydro Pumped Storage","11WD7VIAN2H-2-86","04/04/2026 10:00 - 04/04/2026 11:00","0.00",""
"04/04/2026 00:00 - 05/04/2026 00:00","CTA|DE(Amprion)","Vianden 8","11WD7VIAN2H-2-86","Hydro Pumped Storage","11WD7VIAN2H-2-86","04/04/2026 11:00 - 04/04/2026 12:00","0.00",""
"04/04/2026 00:00 - 05/04/2026 00:00","CTA|DE(Amprion)","Vianden 8","11WD7VIAN2H-2-86","Hydro Pumped Storage","11WD7VIAN2H-2-86","04/04/2026 12:00 - 04/04/2026 13:00","0.00",""
"04/04/2026 00:00 - 05/04/2026 00:00","CTA|DE(Amprion)","Vianden 8","11WD7VIAN2H-2-86","Hydro Pumped Storage","11WD7VIAN2H-2-86","04/04/2026 13:00 - 04/04/2026 14:00","0.00",""
"04/04/2026 00:00 - 05/04/2026 00:00","CTA|DE(Amprion)","Vianden 8","11WD7VIAN2H-2-86","Hydro Pumped Storage","11WD7VIAN2H-2-86","04/04/2026 14:00 - 04/04/2026 15:00","0.00",""
"04/04/2026 00:00 - 05/04/2026 00:00","CTA|DE(Amprion)","Vianden 8","11WD7VIAN2H-2-86","Hydro Pumped Storage","11WD7VIAN2H-2-86","04/04/2026 15:00 - 04/04/2026 16:00","0.00",""
"04/04/2026 00:00 - 05/04/2026 00:00","CTA|DE(Amprion)","Vianden 8","11WD7VIAN2H-2-86","Hydro Pumped Storage","11WD7VIAN2H-2-86","04/04/2026 16:00 - 04/04/2026 17:00","0.00",""
"04/04/2026 00:00 - 05/04/2026 00:00","CTA|DE(Amprion)","Vianden 8","11WD7VIAN2H-2-86","Hydro Pumped Storage","11WD7VIAN2H-2-86","04/04/2026 17:00 - 04/04/2026 18:00","0.00",""
"04/04/2026 00:00 - 05/04/2026 00:00","CTA|DE(Amprion)","Vianden 8","11WD7VIAN2H-2-86","Hydro Pumped Storage","11WD7VIAN2H-2-86","04/04/2026 18:00 - 04/04/2026 19:00","68.53",""
"04/04/2026 00:00 - 05/04/2026 00:00","CTA|DE(Amprion)","Vianden 8","11WD7VIAN2H-2-86","Hydro Pumped Storage","11WD7VIAN2H-2-86","04/04/2026 19:00 - 04/04/2026 20:00","100.22",""
"04/04/2026 00:00 - 05/04/2026 00:00","CTA|DE(Amprion)","Vianden 8","11WD7VIAN2H-2-86","Hydro Pumped Storage","11WD7VIAN2H-2-86","04/04/2026 20:00 - 04/04/2026 21:00","100.20",""
"04/04/2026 00:00 - 05/04/2026 00:00","CTA|DE(Amprion)","Vianden 8","11WD7VIAN2H-2-86","Hydro Pumped Storage","11WD7VIAN2H-2-86","04/04/2026 21:00 - 04/04/2026 22:00","99.88",""
"04/04/2026 00:00 - 05/04/2026 00:00","CTA|DE(Amprion)","Vianden 8","11WD7VIAN2H-2-86","Hydro Pumped Storage","11WD7VIAN2H-2-86","04/04/2026 22:00 - 04/04/2026 23:00","74.33",""
"04/04/2026 00:00 - 05/04/2026 00:00","CTA|DE(Amprion)","Vianden 8","11WD7VIAN2H-2-86","Hydro Pumped Storage","11WD7VIAN2H-2-86","04/04/2026 23:00 - 05/04/2026 00:00","0.00",""
"04/04/2026 00:00 - 05/04/2026 00:00","CTA|DE(Amprion)","Vianden 9","11WD7VIAN2H-2-94","Hydro Pumped Storage","11WD7VIAN2H-2-94","04/04/2026 00:00 - 04/04/2026 01:00","0.00",""
"04/04/2026 00:00 - 05/04/2026 00:00","CTA|DE(Amprion)","Vianden 9","11WD7VIAN2H-2-94","Hydro Pumped Storage","11WD7VIAN2H-2-94","04/04/2026 01:00 - 04/04/2026 02:00","0.00",""
"04/04/2026 00:00 - 05/04/2026 00:00","CTA|DE(Amprion)","Vianden 9","11WD7VIAN2H-2-94","Hydro Pumped Storage","11WD7VIAN2H-2-94","04/04/2026 02:00 - 04/04/2026 03:00","0.00",""
"04/04/2026 00:00 - 05/04/2026 00:00","CTA|DE(Amprion)","Vianden 9","11WD7VIAN2H-2-94","Hydro Pumped Storage","11WD7VIAN2H-2-94","04/04/2026 03:00 - 04/04/2026 04:00","0.00",""
"04/04/2026 00:00 - 05/04/2026 00:00","CTA|DE(Amprion)","Vianden 9","11WD7VIAN2H-2-94","Hydro Pumped Storage","11WD7VIAN2H-2-94","04/04/2026 04:00 - 04/04/2026 05:00","0.00",""
"04/04/2026 00:00 - 05/04/2026 00:00","CTA|DE(Amprion)","Vianden 9","11WD7VIAN2H-2-94","Hydro Pumped Storage","11WD7VIAN2H-2-94","04/04/2026 05:00 - 04/04/2026 06:00","0.00",""
"04/04/2026 00:00 - 05/04/2026 00:00","CTA|DE(Amprion)","Vianden 9","11WD7VIAN2H-2-94","Hydro Pumped Storage","11WD7VIAN2H-2-94","04/04/2026 06:00 - 04/04/2026 07:00","0.00",""
"04/04/2026 00:00 - 05/04/2026 00:00","CTA|DE(Amprion)","Vianden 9","11WD7VIAN2H-2-94","Hydro Pumped Storage","11WD7VIAN2H-2-94","04/04/2026 07:00 - 04/04/2026 08:00","0.00",""
"04/04/2026 00:00 - 05/04/2026 00:00","CTA|DE(Amprion)","Vianden 9","11WD7VIAN2H-2-94","Hydro Pumped Storage","11WD7VIAN2H-2-94","04/04/2026 08:00 - 04/04/2026 09:00","0.00",""
"04/04/2026 00:00 - 05/04/2026 00:00","CTA|DE(Amprion)","Vianden 9","11WD7VIAN2H-2-94","Hydro Pumped Storage","11WD7VIAN2H-2-94","04/04/2026 09:00 - 04/04/2026 10:00","0.00",""
"04/04/2026 00:00 - 05/04/2026 00:00","CTA|DE(Amprion)","Vianden 9","11WD7VIAN2H-2-94","Hydro Pumped Storage","11WD7VIAN2H-2-94","04/04/2026 10:00 - 04/04/2026 11:00","0.00",""
"04/04/2026 00:00 - 05/04/2026 00:00","CTA|DE(Amprion)","Vianden 9","11WD7VIAN2H-2-94","Hydro Pumped Storage","11WD7VIAN2H-2-94","04/04/2026 11:00 - 04/04/2026 12:00","0.00",""
"04/04/2026 00:00 - 05/04/2026 00:00","CTA|DE(Amprion)","Vianden 9","11WD7VIAN2H-2-94","Hydro Pumped Storage","11WD7VIAN2H-2-94","04/04/2026 12:00 - 04/04/2026 13:00","0.00",""
"04/04/2026 00:00 - 05/04/2026 00:00","CTA|DE(Amprion)","Vianden 9","11WD7VIAN2H-2-94","Hydro Pumped Storage","11WD7VIAN2H-2-94","04/04/2026 13:00 - 04/04/2026 14:00","0.00",""
"04/04/2026 00:00 - 05/04/2026 00:00","CTA|DE(Amprion)","Vianden 9","11WD7VIAN2H-2-94","Hydro Pumped Storage","11WD7VIAN2H-2-94","04/04/2026 14:00 - 04/04/2026 15:00","0.00",""
"04/04/2026 00:00 - 05/04/2026 00:00","CTA|DE(Amprion)","Vianden 9","11WD7VIAN2H-2-94","Hydro Pumped Storage","11WD7VIAN2H-2-94","04/04/2026 15:00 - 04/04/2026 16:00","0.00",""
"04/04/2026 00:00 - 05/04/2026 00:00","CTA|DE(Amprion)","Vianden 9","11WD7VIAN2H-2-94","Hydro Pumped Storage","11WD7VIAN2H-2-94","04/04/2026 16:00 - 04/04/2026 17:00","0.00",""
"04/04/2026 00:00 - 05/04/2026 00:00","CTA|DE(Amprion)","Vianden 9","11WD7VIAN2H-2-94","Hydro Pumped Storage","11WD7VIAN2H-2-94","04/04/2026 17:00 - 04/04/2026 18:00","0.00",""
"04/04/2026 00:00 - 05/04/2026 00:00","CTA|DE(Amprion)","Vianden 9","11WD7VIAN2H-2-94","Hydro Pumped Storage","11WD7VIAN2H-2-94","04/04/2026 18:00 - 04/04/2026 19:00","66.78",""
"04/04/2026 00:00 - 05/04/2026 00:00","CTA|DE(Amprion)","Vianden 9","11WD7VIAN2H-2-94","Hydro Pumped Storage","11WD7VIAN2H-2-94","04/04/2026 19:00 - 04/04/2026 20:00","99.20",""
"04/04/2026 00:00 - 05/04/2026 00:00","CTA|DE(Amprion)","Vianden 9","11WD7VIAN2H-2-94","Hydro Pumped Storage","11WD7VIAN2H-2-94","04/04/2026 20:00 - 04/04/2026 21:00","99.20",""
"04/04/2026 00:00 - 05/04/2026 00:00","CTA|DE(Amprion)","Vianden 9","11WD7VIAN2H-2-94","Hydro Pumped Storage","11WD7VIAN2H-2-94","04/04/2026 21:00 - 04/04/2026 22:00","99.13",""
"04/04/2026 00:00 - 05/04/2026 00:00","CTA|DE(Amprion)","Vianden 9","11WD7VIAN2H-2-94","Hydro Pumped Storage","11WD7VIAN2H-2-94","04/04/2026 22:00 - 04/04/2026 23:00","81.80",""
"04/04/2026 00:00 - 05/04/2026 00:00","CTA|DE(Amprion)","Vianden 9","11WD7VIAN2H-2-94","Hydro Pumped Storage","11WD7VIAN2H-2-94","04/04/2026 23:00 - 05/04/2026 00:00","8.70",""
"04/04/2026 00:00 - 05/04/2026 00:00","CTA|DE(Amprion)","VOELKLINGEN_HKV","11WD7VOLK5S-HKVM","Fossil Hard coal","11WD7VOLK5S-HKVM","04/04/2026 00:00 - 04/04/2026 01:00","0.00",""
"04/04/2026 00:00 - 05/04/2026 00:00","CTA|DE(Amprion)","VOELKLINGEN_HKV","11WD7VOLK5S-HKVM","Fossil Hard coal","11WD7VOLK5S-HKVM","04/04/2026 01:00 - 04/04/2026 02:00","0.00",""
"04/04/2026 00:00 - 05/04/2026 00:00","CTA|DE(Amprion)","VOELKLINGEN_HKV","11WD7VOLK5S-HKVM","Fossil Hard coal","11WD7VOLK5S-HKVM","04/04/2026 02:00 - 04/04/2026 03:00","0.00",""
"04/04/2026 00:00 - 05/04/2026 00:00","CTA|DE(Amprion)","VOELKLINGEN_HKV","11WD7VOLK5S-HKVM","Fossil Hard coal","11WD7VOLK5S-HKVM","04/04/2026 03:00 - 04/04/2026 04:00","0.00",""
"04/04/2026 00:00 - 05/04/2026 00:00","CTA|DE(Amprion)","VOELKLINGEN_HKV","11WD7VOLK5S-HKVM","Fossil Hard coal","11WD7VOLK5S-HKVM","04/04/2026 04:00 - 04/04/2026 05:00","0.00",""
"04/04/2026 00:00 - 05/04/2026 00:00","CTA|DE(Amprion)","VOELKLINGEN_HKV","11WD7VOLK5S-HKVM","Fossil Hard coal","11WD7VOLK5S-HKVM","04/04/2026 05:00 - 04/04/2026 06:00","0.00",""
"04/04/2026 00:00 - 05/04/2026 00:00","CTA|DE(Amprion)","VOELKLINGEN_HKV","11WD7VOLK5S-HKVM","Fossil Hard coal","11WD7VOLK5S-HKVM","04/04/2026 06:00 - 04/04/2026 07:00","0.00",""
"04/04/2026 00:00 - 05/04/2026 00:00","CTA|DE(Amprion)","VOELKLINGEN_HKV","11WD7VOLK5S-HKVM","Fossil Hard coal","11WD7VOLK5S-HKVM","04/04/2026 07:00 - 04/04/2026 08:00","0.00",""
"04/04/2026 00:00 - 05/04/2026 00:00","CTA|DE(Amprion)","VOELKLINGEN_HKV","11WD7VOLK5S-HKVM","Fossil Hard coal","11WD7VOLK5S-HKVM","04/04/2026 08:00 - 04/04/2026 09:00","0.00",""
"04/04/2026 00:00 - 05/04/2026 00:00","CTA|DE(Amprion)","VOELKLINGEN_HKV","11WD7VOLK5S-HKVM","Fossil Hard coal","11WD7VOLK5S-HKVM","04/04/2026 09:00 - 04/04/2026 10:00","0.00",""
"04/04/2026 00:00 - 05/04/2026 00:00","CTA|DE(Amprion)","VOELKLINGEN_HKV","11WD7VOLK5S-HKVM","Fossil Hard coal","11WD7VOLK5S-HKVM","04/04/2026 10:00 - 04/04/2026 11:00","0.00",""
"04/04/2026 00:00 - 05/04/2026 00:00","CTA|DE(Amprion)","VOELKLINGEN_HKV","11WD7VOLK5S-HKVM","Fossil Hard coal","11WD7VOLK5S-HKVM","04/04/2026 11:00 - 04/04/2026 12:00","0.00",""
"04/04/2026 00:00 - 05/04/2026 00:00","CTA|DE(Amprion)","VOELKLINGEN_HKV","11WD7VOLK5S-HKVM","Fossil Hard coal","11WD7VOLK5S-HKVM","04/04/2026 12:00 - 04/04/2026 13:00","0.00",""
"04/04/2026 00:00 - 05/04/2026 00:00","CTA|DE(Amprion)","VOELKLINGEN_HKV","11WD7VOLK5S-HKVM","Fossil Hard coal","11WD7VOLK5S-HKVM","04/04/2026 13:00 - 04/04/2026 14:00","0.00",""
"04/04/2026 00:00 - 05/04/2026 00:00","CTA|DE(Amprion)","VOELKLINGEN_HKV","11WD7VOLK5S-HKVM","Fossil Hard coal","11WD7VOLK5S-HKVM","04/04/2026 14:00 - 04/04/2026 15:00","0.00",""
"04/04/2026 00:00 - 05/04/2026 00:00","CTA|DE(Amprion)","VOELKLINGEN_HKV","11WD7VOLK5S-HKVM","Fossil Hard coal","11WD7VOLK5S-HKVM","04/04/2026 15:00 - 04/04/2026 16:00","0.00",""
"04/04/2026 00:00 - 05/04/2026 00:00","CTA|DE(Amprion)","VOELKLINGEN_HKV","11WD7VOLK5S-HKVM","Fossil Hard coal","11WD7VOLK5S-HKVM","04/04/2026 16:00 - 04/04/2026 17:00","0.00",""
"04/04/2026 00:00 - 05/04/2026 00:00","CTA|DE(Amprion)","VOELKLINGEN_HKV","11WD7VOLK5S-HKVM","Fossil Hard coal","11WD7VOLK5S-HKVM","04/04/2026 17:00 - 04/04/2026 18:00","0.00",""
"04/04/2026 00:00 - 05/04/2026 00:00","CTA|DE(Amprion)","VOELKLINGEN_HKV","11WD7VOLK5S-HKVM","Fossil Hard coal","11WD7VOLK5S-HKVM","04/04/2026 18:00 - 04/04/2026 19:00","0.00",""
"04/04/2026 00:00 - 05/04/2026 00:00","CTA|DE(Amprion)","VOELKLINGEN_HKV","11WD7VOLK5S-HKVM","Fossil Hard coal","11WD7VOLK5S-HKVM","04/04/2026 19:00 - 04/04/2026 20:00","0.00",""
"04/04/2026 00:00 - 05/04/2026 00:00","CTA|DE(Amprion)","VOELKLINGEN_HKV","11WD7VOLK5S-HKVM","Fossil Hard coal","11WD7VOLK5S-HKVM","04/04/2026 20:00 - 04/04/2026 21:00","0.00",""
"04/04/2026 00:00 - 05/04/2026 00:00","CTA|DE(Amprion)","VOELKLINGEN_HKV","11WD7VOLK5S-HKVM","Fossil Hard coal","11WD7VOLK5S-HKVM","04/04/2026 21:00 - 04/04/2026 22:00","0.00",""
"04/04/2026 00:00 - 05/04/2026 00:00","CTA|DE(Amprion)","VOELKLINGEN_HKV","11WD7VOLK5S-HKVM","Fossil Hard coal","11WD7VOLK5S-HKVM","04/04/2026 22:00 - 04/04/2026 23:00","0.00",""
"04/04/2026 00:00 - 05/04/2026 00:00","CTA|DE(Amprion)","VOELKLINGEN_HKV","11WD7VOLK5S-HKVM","Fossil Hard coal","11WD7VOLK5S-HKVM","04/04/2026 23:00 - 05/04/2026 00:00","0.00",""
"04/04/2026 00:00 - 05/04/2026 00:00","CTA|DE(Amprion)","VOELKLINGEN_MKV","11WD7VOLK5S-MKV2","Fossil Hard coal","11WD7VOLK5S-MKV2","04/04/2026 00:00 - 04/04/2026 01:00","0.00",""
"04/04/2026 00:00 - 05/04/2026 00:00","CTA|DE(Amprion)","VOELKLINGEN_MKV","11WD7VOLK5S-MKV2","Fossil Hard coal","11WD7VOLK5S-MKV2","04/04/2026 01:00 - 04/04/2026 02:00","0.00",""
"04/04/2026 00:00 - 05/04/2026 00:00","CTA|DE(Amprion)","VOELKLINGEN_MKV","11WD7VOLK5S-MKV2","Fossil Hard coal","11WD7VOLK5S-MKV2","04/04/2026 02:00 - 04/04/2026 03:00","0.00",""
"04/04/2026 00:00 - 05/04/2026 00:00","CTA|DE(Amprion)","VOELKLINGEN_MKV","11WD7VOLK5S-MKV2","Fossil Hard coal","11WD7VOLK5S-MKV2","04/04/2026 03:00 - 04/04/2026 04:00","0.00",""
"04/04/2026 00:00 - 05/04/2026 00:00","CTA|DE(Amprion)","VOELKLINGEN_MKV","11WD7VOLK5S-MKV2","Fossil Hard coal","11WD7VOLK5S-MKV2","04/04/2026 04:00 - 04/04/2026 05:00","0.00",""
"04/04/2026 00:00 - 05/04/2026 00:00","CTA|DE(Amprion)","VOELKLINGEN_MKV","11WD7VOLK5S-MKV2","Fossil Hard coal","11WD7VOLK5S-MKV2","04/04/2026 05:00 - 04/04/2026 06:00","0.00",""
"04/04/2026 00:00 - 05/04/2026 00:00","CTA|DE(Amprion)","VOELKLINGEN_MKV","11WD7VOLK5S-MKV2","Fossil Hard coal","11WD7VOLK5S-MKV2","04/04/2026 06:00 - 04/04/2026 07:00","0.00",""
"04/04/2026 00:00 - 05/04/2026 00:00","CTA|DE(Amprion)","VOELKLINGEN_MKV","11WD7VOLK5S-MKV2","Fossil Hard coal","11WD7VOLK5S-MKV2","04/04/2026 07:00 - 04/04/2026 08:00","0.00",""
"04/04/2026 00:00 - 05/04/2026 00:00","CTA|DE(Amprion)","VOELKLINGEN_MKV","11WD7VOLK5S-MKV2","Fossil Hard coal","11WD7VOLK5S-MKV2","04/04/2026 08:00 - 04/04/2026 09:00","0.00",""
"04/04/2026 00:00 - 05/04/2026 00:00","CTA|DE(Amprion)","VOELKLINGEN_MKV","11WD7VOLK5S-MKV2","Fossil Hard coal","11WD7VOLK5S-MKV2","04/04/2026 09:00 - 04/04/2026 10:00","0.00",""
"04/04/2026 00:00 - 05/04/2026 00:00","CTA|DE(Amprion)","VOELKLINGEN_MKV","11WD7VOLK5S-MKV2","Fossil Hard coal","11WD7VOLK5S-MKV2","04/04/2026 10:00 - 04/04/2026 11:00","0.00",""
"04/04/2026 00:00 - 05/04/2026 00:00","CTA|DE(Amprion)","VOELKLINGEN_MKV","11WD7VOLK5S-MKV2","Fossil Hard coal","11WD7VOLK5S-MKV2","04/04/2026 11:00 - 04/04/2026 12:00","0.00",""
"04/04/2026 00:00 - 05/04/2026 00:00","CTA|DE(Amprion)","VOELKLINGEN_MKV","11WD7VOLK5S-MKV2","Fossil Hard coal","11WD7VOLK5S-MKV2","04/04/2026 12:00 - 04/04/2026 13:00","0.00",""
"04/04/2026 00:00 - 05/04/2026 00:00","CTA|DE(Amprion)","VOELKLINGEN_MKV","11WD7VOLK5S-MKV2","Fossil Hard coal","11WD7VOLK5S-MKV2","04/04/2026 13:00 - 04/04/2026 14:00","0.00",""
"04/04/2026 00:00 - 05/04/2026 00:00","CTA|DE(Amprion)","VOELKLINGEN_MKV","11WD7VOLK5S-MKV2","Fossil Hard coal","11WD7VOLK5S-MKV2","04/04/2026 14:00 - 04/04/2026 15:00","0.00",""
"04/04/2026 00:00 - 05/04/2026 00:00","CTA|DE(Amprion)","VOELKLINGEN_MKV","11WD7VOLK5S-MKV2","Fossil Hard coal","11WD7VOLK5S-MKV2","04/04/2026 15:00 - 04/04/2026 16:00","0.00",""
"04/04/2026 00:00 - 05/04/2026 00:00","CTA|DE(Amprion)","VOELKLINGEN_MKV","11WD7VOLK5S-MKV2","Fossil Hard coal","11WD7VOLK5S-MKV2","04/04/2026 16:00 - 04/04/2026 17:00","0.00",""
"04/04/2026 00:00 - 05/04/2026 00:00","CTA|DE(Amprion)","VOELKLINGEN_MKV","11WD7VOLK5S-MKV2","Fossil Hard coal","11WD7VOLK5S-MKV2","04/04/2026 17:00 - 04/04/2026 18:00","0.00",""
"04/04/2026 00:00 - 05/04/2026 00:00","CTA|DE(Amprion)","VOELKLINGEN_MKV","11WD7VOLK5S-MKV2","Fossil Hard coal","11WD7VOLK5S-MKV2","04/04/2026 18:00 - 04/04/2026 19:00","0.00",""
"04/04/2026 00:00 - 05/04/2026 00:00","CTA|DE(Amprion)","VOELKLINGEN_MKV","11WD7VOLK5S-MKV2","Fossil Hard coal","11WD7VOLK5S-MKV2","04/04/2026 19:00 - 04/04/2026 20:00","0.00",""
"04/04/2026 00:00 - 05/04/2026 00:00","CTA|DE(Amprion)","VOELKLINGEN_MKV","11WD7VOLK5S-MKV2","Fossil Hard coal","11WD7VOLK5S-MKV2","04/04/2026 20:00 - 04/04/2026 21:00","0.00",""
"04/04/2026 00:00 - 05/04/2026 00:00","CTA|DE(Amprion)","VOELKLINGEN_MKV","11WD7VOLK5S-MKV2","Fossil Hard coal","11WD7VOLK5S-MKV2","04/04/2026 21:00 - 04/04/2026 22:00","0.00",""
"04/04/2026 00:00 - 05/04/2026 00:00","CTA|DE(Amprion)","VOELKLINGEN_MKV","11WD7VOLK5S-MKV2","Fossil Hard coal","11WD7VOLK5S-MKV2","04/04/2026 22:00 - 04/04/2026 23:00","0.00",""
"04/04/2026 00:00 - 05/04/2026 00:00","CTA|DE(Amprion)","VOELKLINGEN_MKV","11WD7VOLK5S-MKV2","Fossil Hard coal","11WD7VOLK5S-MKV2","04/04/2026 23:00 - 05/04/2026 00:00","0.00",""
"04/04/2026 00:00 - 05/04/2026 00:00","CTA|DE(Amprion)","WALSUM_10","11WD7WALS1S--10A","Fossil Hard coal","11WD7WALS1S--10A","04/04/2026 00:00 - 04/04/2026 00:15","0.00",""
"04/04/2026 00:00 - 05/04/2026 00:00","CTA|DE(Amprion)","WALSUM_10","11WD7WALS1S--10A","Fossil Hard coal","11WD7WALS1S--10A","04/04/2026 00:15 - 04/04/2026 00:30","0.00",""
"04/04/2026 00:00 - 05/04/2026 00:00","CTA|DE(Amprion)","WALSUM_10","11WD7WALS1S--10A","Fossil Hard coal","11WD7WALS1S--10A","04/04/2026 00:30 - 04/04/2026 00:45","0.00",""
"04/04/2026 00:00 - 05/04/2026 00:00","CTA|DE(Amprion)","WALSUM_10","11WD7WALS1S--10A","Fossil Hard coal","11WD7WALS1S--10A","04/04/2026 00:45 - 04/04/2026 01:00","0.00",""
"04/04/2026 00:00 - 05/04/2026 00:00","CTA|DE(Amprion)","WALSUM_10","11WD7WALS1S--10A","Fossil Hard coal","11WD7WALS1S--10A","04/04/2026 01:00 - 04/04/2026 01:15","0.00",""
"04/04/2026 00:00 - 05/04/2026 00:00","CTA|DE(Amprion)","WALSUM_10","11WD7WALS1S--10A","Fossil Hard coal","11WD7WALS1S--10A","04/04/2026 01:15 - 04/04/2026 01:30","0.00",""
"04/04/2026 00:00 - 05/04/2026 00:00","CTA|DE(Amprion)","WALSUM_10","11WD7WALS1S--10A","Fossil Hard coal","11WD7WALS1S--10A","04/04/2026 01:30 - 04/04/2026 01:45","0.00",""
"04/04/2026 00:00 - 05/04/2026 00:00","CTA|DE(Amprion)","WALSUM_10","11WD7WALS1S--10A","Fossil Hard coal","11WD7WALS1S--10A","04/04/2026 01:45 - 04/04/2026 02:00","0.00",""
"04/04/2026 00:00 - 05/04/2026 00:00","CTA|DE(Amprion)","WALSUM_10","11WD7WALS1S--10A","Fossil Hard coal","11WD7WALS1S--10A","04/04/2026 02:00 - 04/04/2026 02:15","0.00",""
"04/04/2026 00:00 - 05/04/2026 00:00","CTA|DE(Amprion)","WALSUM_10","11WD7WALS1S--10A","Fossil Hard coal","11WD7WALS1S--10A","04/04/2026 02:15 - 04/04/2026 02:30","0.00",""
"04/04/2026 00:00 - 05/04/2026 00:00","CTA|DE(Amprion)","WALSUM_10","11WD7WALS1S--10A","Fossil Hard coal","11WD7WALS1S--10A","04/04/2026 02:30 - 04/04/2026 02:45","0.00",""
"04/04/2026 00:00 - 05/04/2026 00:00","CTA|DE(Amprion)","WALSUM_10","11WD7WALS1S--10A","Fossil Hard coal","11WD7WALS1S--10A","04/04/2026 02:45 - 04/04/2026 03:00","0.00",""
"04/04/2026 00:00 - 05/04/2026 00:00","CTA|DE(Amprion)","WALSUM_10","11WD7WALS1S--10A","Fossil Hard coal","11WD7WALS1S--10A","04/04/2026 03:00 - 04/04/2026 03:15","0.00",""
"04/04/2026 00:00 - 05/04/2026 00:00","CTA|DE(Amprion)","WALSUM_10","11WD7WALS1S--10A","Fossil Hard coal","11WD7WALS1S--10A","04/04/2026 03:15 - 04/04/2026 03:30","0.00",""
"04/04/2026 00:00 - 05/04/2026 00:00","CTA|DE(Amprion)","WALSUM_10","11WD7WALS1S--10A","Fossil Hard coal","11WD7WALS1S--10A","04/04/2026 03:30 - 04/04/2026 03:45","0.00",""
"04/04/2026 00:00 - 05/04/2026 00:00","CTA|DE(Amprion)","WALSUM_10","11WD7WALS1S--10A","Fossil Hard coal","11WD7WALS1S--10A","04/04/2026 03:45 - 04/04/2026 04:00","0.00",""
"04/04/2026 00:00 - 05/04/2026 00:00","CTA|DE(Amprion)","WALSUM_10","11WD7WALS1S--10A","Fossil Hard coal","11WD7WALS1S--10A","04/04/2026 04:00 - 04/04/2026 04:15","0.00",""
"04/04/2026 00:00 - 05/04/2026 00:00","CTA|DE(Amprion)","WALSUM_10","11WD7WALS1S--10A","Fossil Hard coal","11WD7WALS1S--10A","04/04/2026 04:15 - 04/04/2026 04:30","0.00",""
"04/04/2026 00:00 - 05/04/2026 00:00","CTA|DE(Amprion)","WALSUM_10","11WD7WALS1S--10A","Fossil Hard coal","11WD7WALS1S--10A","04/04/2026 04:30 - 04/04/2026 04:45","0.00",""
"04/04/2026 00:00 - 05/04/2026 00:00","CTA|DE(Amprion)","WALSUM_10","11WD7WALS1S--10A","Fossil Hard coal","11WD7WALS1S--10A","04/04/2026 04:45 - 04/04/2026 05:00","0.00",""
"04/04/2026 00:00 - 05/04/2026 00:00","CTA|DE(Amprion)","WALSUM_10","11WD7WALS1S--10A","Fossil Hard coal","11WD7WALS1S--10A","04/04/2026 05:00 - 04/04/2026 05:15","0.00",""
"04/04/2026 00:00 - 05/04/2026 00:00","CTA|DE(Amprion)","WALSUM_10","11WD7WALS1S--10A","Fossil Hard coal","11WD7WALS1S--10A","04/04/2026 05:15 - 04/04/2026 05:30","0.00",""
"04/04/2026 00:00 - 05/04/2026 00:00","CTA|DE(Amprion)","WALSUM_10","11WD7WALS1S--10A","Fossil Hard coal","11WD7WALS1S--10A","04/04/2026 05:30 - 04/04/2026 05:45","0.00",""
"04/04/2026 00:00 - 05/04/2026 00:00","CTA|DE(Amprion)","WALSUM_10","11WD7WALS1S--10A","Fossil Hard coal","11WD7WALS1S--10A","04/04/2026 05:45 - 04/04/2026 06:00","0.00",""
"04/04/2026 00:00 - 05/04/2026 00:00","CTA|DE(Amprion)","WALSUM_10","11WD7WALS1S--10A","Fossil Hard coal","11WD7WALS1S--10A","04/04/2026 06:00 - 04/04/2026 06:15","0.00",""
"04/04/2026 00:00 - 05/04/2026 00:00","CTA|DE(Amprion)","WALSUM_10","11WD7WALS1S--10A","Fossil Hard coal","11WD7WALS1S--10A","04/04/2026 06:15 - 04/04/2026 06:30","0.00",""
"04/04/2026 00:00 - 05/04/2026 00:00","CTA|DE(Amprion)","WALSUM_10","11WD7WALS1S--10A","Fossil Hard coal","11WD7WALS1S--10A","04/04/2026 06:30 - 04/04/2026 06:45","0.00",""
"04/04/2026 00:00 - 05/04/2026 00:00","CTA|DE(Amprion)","WALSUM_10","11WD7WALS1S--10A","Fossil Hard coal","11WD7WALS1S--10A","04/04/2026 06:45 - 04/04/2026 07:00","0.00",""
"04/04/2026 00:00 - 05/04/2026 00:00","CTA|DE(Amprion)","WALSUM_10","11WD7WALS1S--10A","Fossil Hard coal","11WD7WALS1S--10A","04/04/2026 07:00 - 04/04/2026 07:15","0.00",""
"04/04/2026 00:00 - 05/04/2026 00:00","CTA|DE(Amprion)","WALSUM_10","11WD7WALS1S--10A","Fossil Hard coal","11WD7WALS1S--10A","04/04/2026 07:15 - 04/04/2026 07:30","0.00",""
"04/04/2026 00:00 - 05/04/2026 00:00","CTA|DE(Amprion)","WALSUM_10","11WD7WALS1S--10A","Fossil Hard coal","11WD7WALS1S--10A","04/04/2026 07:30 - 04/04/2026 07:45","0.00",""
"04/04/2026 00:00 - 05/04/2026 00:00","CTA|DE(Amprion)","WALSUM_10","11WD7WALS1S--10A","Fossil Hard coal","11WD7WALS1S--10A","04/04/2026 07:45 - 04/04/2026 08:00","0.00",""
"04/04/2026 00:00 - 05/04/2026 00:00","CTA|DE(Amprion)","WALSUM_10","11WD7WALS1S--10A","Fossil Hard coal","11WD7WALS1S--10A","04/04/2026 08:00 - 04/04/2026 08:15","0.00",""
"04/04/2026 00:00 - 05/04/2026 00:00","CTA|DE(Amprion)","WALSUM_10","11WD7WALS1S--10A","Fossil Hard coal","11WD7WALS1S--10A","04/04/2026 08:15 - 04/04/2026 08:30","0.00",""
"04/04/2026 00:00 - 05/04/2026 00:00","CTA|DE(Amprion)","WALSUM_10","11WD7WALS1S--10A","Fossil Hard coal","11WD7WALS1S--10A","04/04/2026 08:30 - 04/04/2026 08:45","0.00",""
"04/04/2026 00:00 - 05/04/2026 00:00","CTA|DE(Amprion)","WALSUM_10","11WD7WALS1S--10A","Fossil Hard coal","11WD7WALS1S--10A","04/04/2026 08:45 - 04/04/2026 09:00","0.00",""
"04/04/2026 00:00 - 05/04/2026 00:00","CTA|DE(Amprion)","WALSUM_10","11WD7WALS1S--10A","Fossil Hard coal","11WD7WALS1S--10A","04/04/2026 09:00 - 04/04/2026 09:15","0.00",""
"04/04/2026 00:00 - 05/04/2026 00:00","CTA|DE(Amprion)","WALSUM_10","11WD7WALS1S--10A","Fossil Hard coal","11WD7WALS1S--10A","04/04/2026 09:15 - 04/04/2026 09:30","0.00",""
"04/04/2026 00:00 - 05/04/2026 00:00","CTA|DE(Amprion)","WALSUM_10","11WD7WALS1S--10A","Fossil Hard coal","11WD7WALS1S--10A","04/04/2026 09:30 - 04/04/2026 09:45","0.00",""
"04/04/2026 00:00 - 05/04/2026 00:00","CTA|DE(Amprion)","WALSUM_10","11WD7WALS1S--10A","Fossil Hard coal","11WD7WALS1S--10A","04/04/2026 09:45 - 04/04/2026 10:00","0.00",""
"04/04/2026 00:00 - 05/04/2026 00:00","CTA|DE(Amprion)","WALSUM_10","11WD7WALS1S--10A","Fossil Hard coal","11WD7WALS1S--10A","04/04/2026 10:00 - 04/04/2026 10:15","0.00",""
"04/04/2026 00:00 - 05/04/2026 00:00","CTA|DE(Amprion)","WALSUM_10","11WD7WALS1S--10A","Fossil Hard coal","11WD7WALS1S--10A","04/04/2026 10:15 - 04/04/2026 10:30","0.00",""
"04/04/2026 00:00 - 05/04/2026 00:00","CTA|DE(Amprion)","WALSUM_10","11WD7WALS1S--10A","Fossil Hard coal","11WD7WALS1S--10A","04/04/2026 10:30 - 04/04/2026 10:45","0.00",""
"04/04/2026 00:00 - 05/04/2026 00:00","CTA|DE(Amprion)","WALSUM_10","11WD7WALS1S--10A","Fossil Hard coal","11WD7WALS1S--10A","04/04/2026 10:45 - 04/04/2026 11:00","0.00",""
"04/04/2026 00:00 - 05/04/2026 00:00","CTA|DE(Amprion)","WALSUM_10","11WD7WALS1S--10A","Fossil Hard coal","11WD7WALS1S--10A","04/04/2026 11:00 - 04/04/2026 11:15","0.00",""
"04/04/2026 00:00 - 05/04/2026 00:00","CTA|DE(Amprion)","WALSUM_10","11WD7WALS1S--10A","Fossil Hard coal","11WD7WALS1S--10A","04/04/2026 11:15 - 04/04/2026 11:30","0.00",""
"04/04/2026 00:00 - 05/04/2026 00:00","CTA|DE(Amprion)","WALSUM_10","11WD7WALS1S--10A","Fossil Hard coal","11WD7WALS1S--10A","04/04/2026 11:30 - 04/04/2026 11:45","0.00",""
"04/04/2026 00:00 - 05/04/2026 00:00","CTA|DE(Amprion)","WALSUM_10","11WD7WALS1S--10A","Fossil Hard coal","11WD7WALS1S--10A","04/04/2026 11:45 - 04/04/2026 12:00","0.00",""
"04/04/2026 00:00 - 05/04/2026 00:00","CTA|DE(Amprion)","WALSUM_10","11WD7WALS1S--10A","Fossil Hard coal","11WD7WALS1S--10A","04/04/2026 12:00 - 04/04/2026 12:15","0.00",""
"04/04/2026 00:00 - 05/04/2026 00:00","CTA|DE(Amprion)","WALSUM_10","11WD7WALS1S--10A","Fossil Hard coal","11WD7WALS1S--10A","04/04/2026 12:15 - 04/04/2026 12:30","0.00",""
"04/04/2026 00:00 - 05/04/2026 00:00","CTA|DE(Amprion)","WALSUM_10","11WD7WALS1S--10A","Fossil Hard coal","11WD7WALS1S--10A","04/04/2026 12:30 - 04/04/2026 12:45","0.00",""
"04/04/2026 00:00 - 05/04/2026 00:00","CTA|DE(Amprion)","WALSUM_10","11WD7WALS1S--10A","Fossil Hard coal","11WD7WALS1S--10A","04/04/2026 12:45 - 04/04/2026 13:00","0.00",""
"04/04/2026 00:00 - 05/04/2026 00:00","CTA|DE(Amprion)","WALSUM_10","11WD7WALS1S--10A","Fossil Hard coal","11WD7WALS1S--10A","04/04/2026 13:00 - 04/04/2026 13:15","0.00",""
"04/04/2026 00:00 - 05/04/2026 00:00","CTA|DE(Amprion)","WALSUM_10","11WD7WALS1S--10A","Fossil Hard coal","11WD7WALS1S--10A","04/04/2026 13:15 - 04/04/2026 13:30","0.00",""
"04/04/2026 00:00 - 05/04/2026 00:00","CTA|DE(Amprion)","WALSUM_10","11WD7WALS1S--10A","Fossil Hard coal","11WD7WALS1S--10A","04/04/2026 13:30 - 04/04/2026 13:45","0.00",""
"04/04/2026 00:00 - 05/04/2026 00:00","CTA|DE(Amprion)","WALSUM_10","11WD7WALS1S--10A","Fossil Hard coal","11WD7WALS1S--10A","04/04/2026 13:45 - 04/04/2026 14:00","0.00",""
"04/04/2026 00:00 - 05/04/2026 00:00","CTA|DE(Amprion)","WALSUM_10","11WD7WALS1S--10A","Fossil Hard coal","11WD7WALS1S--10A","04/04/2026 14:00 - 04/04/2026 14:15","0.00",""
"04/04/2026 00:00 - 05/04/2026 00:00","CTA|DE(Amprion)","WALSUM_10","11WD7WALS1S--10A","Fossil Hard coal","11WD7WALS1S--10A","04/04/2026 14:15 - 04/04/2026 14:30","0.00",""
"04/04/2026 00:00 - 05/04/2026 00:00","CTA|DE(Amprion)","WALSUM_10","11WD7WALS1S--10A","Fossil Hard coal","11WD7WALS1S--10A","04/04/2026 14:30 - 04/04/2026 14:45","0.00",""
"04/04/2026 00:00 - 05/04/2026 00:00","CTA|DE(Amprion)","WALSUM_10","11WD7WALS1S--10A","Fossil Hard coal","11WD7WALS1S--10A","04/04/2026 14:45 - 04/04/2026 15:00","0.00",""
"04/04/2026 00:00 - 05/04/2026 00:00","CTA|DE(Amprion)","WALSUM_10","11WD7WALS1S--10A","Fossil Hard coal","11WD7WALS1S--10A","04/04/2026 15:00 - 04/04/2026 15:15","0.00",""
"04/04/2026 00:00 - 05/04/2026 00:00","CTA|DE(Amprion)","WALSUM_10","11WD7WALS1S--10A","Fossil Hard coal","11WD7WALS1S--10A","04/04/2026 15:15 - 04/04/2026 15:30","0.00",""
"04/04/2026 00:00 - 05/04/2026 00:00","CTA|DE(Amprion)","WALSUM_10","11WD7WALS1S--10A","Fossil Hard coal","11WD7WALS1S--10A","04/04/2026 15:30 - 04/04/2026 15:45","0.00",""
"04/04/2026 00:00 - 05/04/2026 00:00","CTA|DE(Amprion)","WALSUM_10","11WD7WALS1S--10A","Fossil Hard coal","11WD7WALS1S--10A","04/04/2026 15:45 - 04/04/2026 16:00","0.00",""
"04/04/2026 00:00 - 05/04/2026 00:00","CTA|DE(Amprion)","WALSUM_10","11WD7WALS1S--10A","Fossil Hard coal","11WD7WALS1S--10A","04/04/2026 16:00 - 04/04/2026 16:15","0.00",""
"04/04/2026 00:00 - 05/04/2026 00:00","CTA|DE(Amprion)","WALSUM_10","11WD7WALS1S--10A","Fossil Hard coal","11WD7WALS1S--10A","04/04/2026 16:15 - 04/04/2026 16:30","0.00",""
"04/04/2026 00:00 - 05/04/2026 00:00","CTA|DE(Amprion)","WALSUM_10","11WD7WALS1S--10A","Fossil Hard coal","11WD7WALS1S--10A","04/04/2026 16:30 - 04/04/2026 16:45","0.00",""
"04/04/2026 00:00 - 05/04/2026 00:00","CTA|DE(Amprion)","WALSUM_10","11WD7WALS1S--10A","Fossil Hard coal","11WD7WALS1S--10A","04/04/2026 16:45 - 04/04/2026 17:00","0.00",""
"04/04/2026 00:00 - 05/04/2026 00:00","CTA|DE(Amprion)","WALSUM_10","11WD7WALS1S--10A","Fossil Hard coal","11WD7WALS1S--10A","04/04/2026 17:00 - 04/04/2026 17:15","0.00",""
"04/04/2026 00:00 - 05/04/2026 00:00","CTA|DE(Amprion)","WALSUM_10","11WD7WALS1S--10A","Fossil Hard coal","11WD7WALS1S--10A","04/04/2026 17:15 - 04/04/2026 17:30","0.00",""
"04/04/2026 00:00 - 05/04/2026 00:00","CTA|DE(Amprion)","WALSUM_10","11WD7WALS1S--10A","Fossil Hard coal","11WD7WALS1S--10A","04/04/2026 17:30 - 04/04/2026 17:45","0.00",""
"04/04/2026 00:00 - 05/04/2026 00:00","CTA|DE(Amprion)","WALSUM_10","11WD7WALS1S--10A","Fossil Hard coal","11WD7WALS1S--10A","04/04/2026 17:45 - 04/04/2026 18:00","0.00",""
"04/04/2026 00:00 - 05/04/2026 00:00","CTA|DE(Amprion)","WALSUM_10","11WD7WALS1S--10A","Fossil Hard coal","11WD7WALS1S--10A","04/04/2026 18:00 - 04/04/2026 18:15","0.00",""
"04/04/2026 00:00 - 05/04/2026 00:00","CTA|DE(Amprion)","WALSUM_10","11WD7WALS1S--10A","Fossil Hard coal","11WD7WALS1S--10A","04/04/2026 18:15 - 04/04/2026 18:30","0.00",""
"04/04/2026 00:00 - 05/04/2026 00:00","CTA|DE(Amprion)","WALSUM_10","11WD7WALS1S--10A","Fossil Hard coal","11WD7WALS1S--10A","04/04/2026 18:30 - 04/04/2026 18:45","0.00",""
"04/04/2026 00:00 - 05/04/2026 00:00","CTA|DE(Amprion)","WALSUM_10","11WD7WALS1S--10A","Fossil Hard coal","11WD7WALS1S--10A","04/04/2026 18:45 - 04/04/2026 19:00","0.00",""
"04/04/2026 00:00 - 05/04/2026 00:00","CTA|DE(Amprion)","WALSUM_10","11WD7WALS1S--10A","Fossil Hard coal","11WD7WALS1S--10A","04/04/2026 19:00 - 04/04/2026 19:15","0.00",""
"04/04/2026 00:00 - 05/04/2026 00:00","CTA|DE(Amprion)","WALSUM_10","11WD7WALS1S--10A","Fossil Hard coal","11WD7WALS1S--10A","04/04/2026 19:15 - 04/04/2026 19:30","0.00",""
"04/04/2026 00:00 - 05/04/2026 00:00","CTA|DE(Amprion)","WALSUM_10","11WD7WALS1S--10A","Fossil Hard coal","11WD7WALS1S--10A","04/04/2026 19:30 - 04/04/2026 19:45","0.00",""
"04/04/2026 00:00 - 05/04/2026 00:00","CTA|DE(Amprion)","WALSUM_10","11WD7WALS1S--10A","Fossil Hard coal","11WD7WALS1S--10A","04/04/2026 19:45 - 04/04/2026 20:00","0.00",""
"04/04/2026 00:00 - 05/04/2026 00:00","CTA|DE(Amprion)","WALSUM_10","11WD7WALS1S--10A","Fossil Hard coal","11WD7WALS1S--10A","04/04/2026 20:00 - 04/04/2026 20:15","0.00",""
"04/04/2026 00:00 - 05/04/2026 00:00","CTA|DE(Amprion)","WALSUM_10","11WD7WALS1S--10A","Fossil Hard coal","11WD7WALS1S--10A","04/04/2026 20:15 - 04/04/2026 20:30","0.00",""
"04/04/2026 00:00 - 05/04/2026 00:00","CTA|DE(Amprion)","WALSUM_10","11WD7WALS1S--10A","Fossil Hard coal","11WD7WALS1S--10A","04/04/2026 20:30 - 04/04/2026 20:45","0.00",""
"04/04/2026 00:00 - 05/04/2026 00:00","CTA|DE(Amprion)","WALSUM_10","11WD7WALS1S--10A","Fossil Hard coal","11WD7WALS1S--10A","04/04/2026 20:45 - 04/04/2026 21:00","0.00",""
"04/04/2026 00:00 - 05/04/2026 00:00","CTA|DE(Amprion)","WALSUM_10","11WD7WALS1S--10A","Fossil Hard coal","11WD7WALS1S--10A","04/04/2026 21:00 - 04/04/2026 21:15","0.00",""
"04/04/2026 00:00 - 05/04/2026 00:00","CTA|DE(Amprion)","WALSUM_10","11WD7WALS1S--10A","Fossil Hard coal","11WD7WALS1S--10A","04/04/2026 21:15 - 04/04/2026 21:30","0.00",""
"04/04/2026 00:00 - 05/04/2026 00:00","CTA|DE(Amprion)","WALSUM_10","11WD7WALS1S--10A","Fossil Hard coal","11WD7WALS1S--10A","04/04/2026 21:30 - 04/04/2026 21:45","0.00",""
"04/04/2026 00:00 - 05/04/2026 00:00","CTA|DE(Amprion)","WALSUM_10","11WD7WALS1S--10A","Fossil Hard coal","11WD7WALS1S--10A","04/04/2026 21:45 - 04/04/2026 22:00","0.00",""
"04/04/2026 00:00 - 05/04/2026 00:00","CTA|DE(Amprion)","WALSUM_10","11WD7WALS1S--10A","Fossil Hard coal","11WD7WALS1S--10A","04/04/2026 22:00 - 04/04/2026 22:15","0.00",""
"04/04/2026 00:00 - 05/04/2026 00:00","CTA|DE(Amprion)","WALSUM_10","11WD7WALS1S--10A","Fossil Hard coal","11WD7WALS1S--10A","04/04/2026 22:15 - 04/04/2026 22:30","0.00",""
"04/04/2026 00:00 - 05/04/2026 00:00","CTA|DE(Amprion)","WALSUM_10","11WD7WALS1S--10A","Fossil Hard coal","11WD7WALS1S--10A","04/04/2026 22:30 - 04/04/2026 22:45","0.00",""
"04/04/2026 00:00 - 05/04/2026 00:00","CTA|DE(Amprion)","WALSUM_10","11WD7WALS1S--10A","Fossil Hard coal","11WD7WALS1S--10A","04/04/2026 22:45 - 04/04/2026 23:00","0.00",""
"04/04/2026 00:00 - 05/04/2026 00:00","CTA|DE(Amprion)","WALSUM_10","11WD7WALS1S--10A","Fossil Hard coal","11WD7WALS1S--10A","04/04/2026 23:00 - 04/04/2026 23:15","0.00",""
"04/04/2026 00:00 - 05/04/2026 00:00","CTA|DE(Amprion)","WALSUM_10","11WD7WALS1S--10A","Fossil Hard coal","11WD7WALS1S--10A","04/04/2026 23:15 - 04/04/2026 23:30","0.00",""
"04/04/2026 00:00 - 05/04/2026 00:00","CTA|DE(Amprion)","WALSUM_10","11WD7WALS1S--10A","Fossil Hard coal","11WD7WALS1S--10A","04/04/2026 23:30 - 04/04/2026 23:45","0.00",""
"04/04/2026 00:00 - 05/04/2026 00:00","CTA|DE(Amprion)","WALSUM_10","11WD7WALS1S--10A","Fossil Hard coal","11WD7WALS1S--10A","04/04/2026 23:45 - 05/04/2026 00:00","0.00",""
"04/04/2026 00:00 - 05/04/2026 00:00","CTA|DE(Amprion)","WEIHER_C","11WD7WEIH2S--C-A","Fossil Hard coal","11WD7WEIH2S--C-A","04/04/2026 00:00 - 04/04/2026 01:00","0.00",""
"04/04/2026 00:00 - 05/04/2026 00:00","CTA|DE(Amprion)","WEIHER_C","11WD7WEIH2S--C-A","Fossil Hard coal","11WD7WEIH2S--C-A","04/04/2026 01:00 - 04/04/2026 02:00","0.00",""
"04/04/2026 00:00 - 05/04/2026 00:00","CTA|DE(Amprion)","WEIHER_C","11WD7WEIH2S--C-A","Fossil Hard coal","11WD7WEIH2S--C-A","04/04/2026 02:00 - 04/04/2026 03:00","0.00",""
"04/04/2026 00:00 - 05/04/2026 00:00","CTA|DE(Amprion)","WEIHER_C","11WD7WEIH2S--C-A","Fossil Hard coal","11WD7WEIH2S--C-A","04/04/2026 03:00 - 04/04/2026 04:00","0.00",""
"04/04/2026 00:00 - 05/04/2026 00:00","CTA|DE(Amprion)","WEIHER_C","11WD7WEIH2S--C-A","Fossil Hard coal","11WD7WEIH2S--C-A","04/04/2026 04:00 - 04/04/2026 05:00","0.00",""
"04/04/2026 00:00 - 05/04/2026 00:00","CTA|DE(Amprion)","WEIHER_C","11WD7WEIH2S--C-A","Fossil Hard coal","11WD7WEIH2S--C-A","04/04/2026 05:00 - 04/04/2026 06:00","0.00",""
"04/04/2026 00:00 - 05/04/2026 00:00","CTA|DE(Amprion)","WEIHER_C","11WD7WEIH2S--C-A","Fossil Hard coal","11WD7WEIH2S--C-A","04/04/2026 06:00 - 04/04/2026 07:00","0.00",""
"04/04/2026 00:00 - 05/04/2026 00:00","CTA|DE(Amprion)","WEIHER_C","11WD7WEIH2S--C-A","Fossil Hard coal","11WD7WEIH2S--C-A","04/04/2026 07:00 - 04/04/2026 08:00","0.00",""
"04/04/2026 00:00 - 05/04/2026 00:00","CTA|DE(Amprion)","WEIHER_C","11WD7WEIH2S--C-A","Fossil Hard coal","11WD7WEIH2S--C-A","04/04/2026 08:00 - 04/04/2026 09:00","0.00",""
"04/04/2026 00:00 - 05/04/2026 00:00","CTA|DE(Amprion)","WEIHER_C","11WD7WEIH2S--C-A","Fossil Hard coal","11WD7WEIH2S--C-A","04/04/2026 09:00 - 04/04/2026 10:00","0.00",""
"04/04/2026 00:00 - 05/04/2026 00:00","CTA|DE(Amprion)","WEIHER_C","11WD7WEIH2S--C-A","Fossil Hard coal","11WD7WEIH2S--C-A","04/04/2026 10:00 - 04/04/2026 11:00","0.00",""
"04/04/2026 00:00 - 05/04/2026 00:00","CTA|DE(Amprion)","WEIHER_C","11WD7WEIH2S--C-A","Fossil Hard coal","11WD7WEIH2S--C-A","04/04/2026 11:00 - 04/04/2026 12:00","0.00",""
"04/04/2026 00:00 - 05/04/2026 00:00","CTA|DE(Amprion)","WEIHER_C","11WD7WEIH2S--C-A","Fossil Hard coal","11WD7WEIH2S--C-A","04/04/2026 12:00 - 04/04/2026 13:00","0.00",""
"04/04/2026 00:00 - 05/04/2026 00:00","CTA|DE(Amprion)","WEIHER_C","11WD7WEIH2S--C-A","Fossil Hard coal","11WD7WEIH2S--C-A","04/04/2026 13:00 - 04/04/2026 14:00","0.00",""
"04/04/2026 00:00 - 05/04/2026 00:00","CTA|DE(Amprion)","WEIHER_C","11WD7WEIH2S--C-A","Fossil Hard coal","11WD7WEIH2S--C-A","04/04/2026 14:00 - 04/04/2026 15:00","0.00",""
"04/04/2026 00:00 - 05/04/2026 00:00","CTA|DE(Amprion)","WEIHER_C","11WD7WEIH2S--C-A","Fossil Hard coal","11WD7WEIH2S--C-A","04/04/2026 15:00 - 04/04/2026 16:00","0.00",""
"04/04/2026 00:00 - 05/04/2026 00:00","CTA|DE(Amprion)","WEIHER_C","11WD7WEIH2S--C-A","Fossil Hard coal","11WD7WEIH2S--C-A","04/04/2026 16:00 - 04/04/2026 17:00","0.00",""
"04/04/2026 00:00 - 05/04/2026 00:00","CTA|DE(Amprion)","WEIHER_C","11WD7WEIH2S--C-A","Fossil Hard coal","11WD7WEIH2S--C-A","04/04/2026 17:00 - 04/04/2026 18:00","0.00",""
"04/04/2026 00:00 - 05/04/2026 00:00","CTA|DE(Amprion)","WEIHER_C","11WD7WEIH2S--C-A","Fossil Hard coal","11WD7WEIH2S--C-A","04/04/2026 18:00 - 04/04/2026 19:00","0.00",""
"04/04/2026 00:00 - 05/04/2026 00:00","CTA|DE(Amprion)","WEIHER_C","11WD7WEIH2S--C-A","Fossil Hard coal","11WD7WEIH2S--C-A","04/04/2026 19:00 - 04/04/2026 20:00","0.00",""
"04/04/2026 00:00 - 05/04/2026 00:00","CTA|DE(Amprion)","WEIHER_C","11WD7WEIH2S--C-A","Fossil Hard coal","11WD7WEIH2S--C-A","04/04/2026 20:00 - 04/04/2026 21:00","0.00",""
"04/04/2026 00:00 - 05/04/2026 00:00","CTA|DE(Amprion)","WEIHER_C","11WD7WEIH2S--C-A","Fossil Hard coal","11WD7WEIH2S--C-A","04/04/2026 21:00 - 04/04/2026 22:00","0.00",""
"04/04/2026 00:00 - 05/04/2026 00:00","CTA|DE(Amprion)","WEIHER_C","11WD7WEIH2S--C-A","Fossil Hard coal","11WD7WEIH2S--C-A","04/04/2026 22:00 - 04/04/2026 23:00","0.00",""
"04/04/2026 00:00 - 05/04/2026 00:00","CTA|DE(Amprion)","WEIHER_C","11WD7WEIH2S--C-A","Fossil Hard coal","11WD7WEIH2S--C-A","04/04/2026 23:00 - 05/04/2026 00:00","0.00",""
"04/04/2026 00:00 - 05/04/2026 00:00","CTA|DE(Amprion)","Weisweiler G","11WD7WEIS1B--G-J","Fossil Brown coal/Lignite","11WD7WEIS1B--G-J","04/04/2026 00:00 - 04/04/2026 01:00","0.00",""
"04/04/2026 00:00 - 05/04/2026 00:00","CTA|DE(Amprion)","Weisweiler G","11WD7WEIS1B--G-J","Fossil Brown coal/Lignite","11WD7WEIS1B--G-J","04/04/2026 01:00 - 04/04/2026 02:00","0.00",""
"04/04/2026 00:00 - 05/04/2026 00:00","CTA|DE(Amprion)","Weisweiler G","11WD7WEIS1B--G-J","Fossil Brown coal/Lignite","11WD7WEIS1B--G-J","04/04/2026 02:00 - 04/04/2026 03:00","0.00",""
"04/04/2026 00:00 - 05/04/2026 00:00","CTA|DE(Amprion)","Weisweiler G","11WD7WEIS1B--G-J","Fossil Brown coal/Lignite","11WD7WEIS1B--G-J","04/04/2026 03:00 - 04/04/2026 04:00","0.00",""
"04/04/2026 00:00 - 05/04/2026 00:00","CTA|DE(Amprion)","Weisweiler G","11WD7WEIS1B--G-J","Fossil Brown coal/Lignite","11WD7WEIS1B--G-J","04/04/2026 04:00 - 04/04/2026 05:00","0.00",""
"04/04/2026 00:00 - 05/04/2026 00:00","CTA|DE(Amprion)","Weisweiler G","11WD7WEIS1B--G-J","Fossil Brown coal/Lignite","11WD7WEIS1B--G-J","04/04/2026 05:00 - 04/04/2026 06:00","0.00",""
"04/04/2026 00:00 - 05/04/2026 00:00","CTA|DE(Amprion)","Weisweiler G","11WD7WEIS1B--G-J","Fossil Brown coal/Lignite","11WD7WEIS1B--G-J","04/04/2026 06:00 - 04/04/2026 07:00","0.00",""
"04/04/2026 00:00 - 05/04/2026 00:00","CTA|DE(Amprion)","Weisweiler G","11WD7WEIS1B--G-J","Fossil Brown coal/Lignite","11WD7WEIS1B--G-J","04/04/2026 07:00 - 04/04/2026 08:00","0.00",""
"04/04/2026 00:00 - 05/04/2026 00:00","CTA|DE(Amprion)","Weisweiler G","11WD7WEIS1B--G-J","Fossil Brown coal/Lignite","11WD7WEIS1B--G-J","04/04/2026 08:00 - 04/04/2026 09:00","0.00",""
"04/04/2026 00:00 - 05/04/2026 00:00","CTA|DE(Amprion)","Weisweiler G","11WD7WEIS1B--G-J","Fossil Brown coal/Lignite","11WD7WEIS1B--G-J","04/04/2026 09:00 - 04/04/2026 10:00","0.00",""
"04/04/2026 00:00 - 05/04/2026 00:00","CTA|DE(Amprion)","Weisweiler G","11WD7WEIS1B--G-J","Fossil Brown coal/Lignite","11WD7WEIS1B--G-J","04/04/2026 10:00 - 04/04/2026 11:00","0.00",""
"04/04/2026 00:00 - 05/04/2026 00:00","CTA|DE(Amprion)","Weisweiler G","11WD7WEIS1B--G-J","Fossil Brown coal/Lignite","11WD7WEIS1B--G-J","04/04/2026 11:00 - 04/04/2026 12:00","0.00",""
"04/04/2026 00:00 - 05/04/2026 00:00","CTA|DE(Amprion)","Weisweiler G","11WD7WEIS1B--G-J","Fossil Brown coal/Lignite","11WD7WEIS1B--G-J","04/04/2026 12:00 - 04/04/2026 13:00","0.00",""
"04/04/2026 00:00 - 05/04/2026 00:00","CTA|DE(Amprion)","Weisweiler G","11WD7WEIS1B--G-J","Fossil Brown coal/Lignite","11WD7WEIS1B--G-J","04/04/2026 13:00 - 04/04/2026 14:00","0.00",""
"04/04/2026 00:00 - 05/04/2026 00:00","CTA|DE(Amprion)","Weisweiler G","11WD7WEIS1B--G-J","Fossil Brown coal/Lignite","11WD7WEIS1B--G-J","04/04/2026 14:00 - 04/04/2026 15:00","0.00",""
"04/04/2026 00:00 - 05/04/2026 00:00","CTA|DE(Amprion)","Weisweiler G","11WD7WEIS1B--G-J","Fossil Brown coal/Lignite","11WD7WEIS1B--G-J","04/04/2026 15:00 - 04/04/2026 16:00","0.00",""
"04/04/2026 00:00 - 05/04/2026 00:00","CTA|DE(Amprion)","Weisweiler G","11WD7WEIS1B--G-J","Fossil Brown coal/Lignite","11WD7WEIS1B--G-J","04/04/2026 16:00 - 04/04/2026 17:00","0.00",""
"04/04/2026 00:00 - 05/04/2026 00:00","CTA|DE(Amprion)","Weisweiler G","11WD7WEIS1B--G-J","Fossil Brown coal/Lignite","11WD7WEIS1B--G-J","04/04/2026 17:00 - 04/04/2026 18:00","0.00",""
"04/04/2026 00:00 - 05/04/2026 00:00","CTA|DE(Amprion)","Weisweiler G","11WD7WEIS1B--G-J","Fossil Brown coal/Lignite","11WD7WEIS1B--G-J","04/04/2026 18:00 - 04/04/2026 19:00","0.00",""
"04/04/2026 00:00 - 05/04/2026 00:00","CTA|DE(Amprion)","Weisweiler G","11WD7WEIS1B--G-J","Fossil Brown coal/Lignite","11WD7WEIS1B--G-J","04/04/2026 19:00 - 04/04/2026 20:00","0.00",""
"04/04/2026 00:00 - 05/04/2026 00:00","CTA|DE(Amprion)","Weisweiler G","11WD7WEIS1B--G-J","Fossil Brown coal/Lignite","11WD7WEIS1B--G-J","04/04/2026 20:00 - 04/04/2026 21:00","0.00",""
"04/04/2026 00:00 - 05/04/2026 00:00","CTA|DE(Amprion)","Weisweiler G","11WD7WEIS1B--G-J","Fossil Brown coal/Lignite","11WD7WEIS1B--G-J","04/04/2026 21:00 - 04/04/2026 22:00","0.00",""
"04/04/2026 00:00 - 05/04/2026 00:00","CTA|DE(Amprion)","Weisweiler G","11WD7WEIS1B--G-J","Fossil Brown coal/Lignite","11WD7WEIS1B--G-J","04/04/2026 22:00 - 04/04/2026 23:00","0.00",""
"04/04/2026 00:00 - 05/04/2026 00:00","CTA|DE(Amprion)","Weisweiler G","11WD7WEIS1B--G-J","Fossil Brown coal/Lignite","11WD7WEIS1B--G-J","04/04/2026 23:00 - 05/04/2026 00:00","0.00",""
"04/04/2026 00:00 - 05/04/2026 00:00","CTA|DE(Amprion)","Weisweiler H","11WD7WEIS1B--H-G","Fossil Brown coal/Lignite","11WD7WEIS1B--H-G","04/04/2026 00:00 - 04/04/2026 01:00","278.05",""
"04/04/2026 00:00 - 05/04/2026 00:00","CTA|DE(Amprion)","Weisweiler H","11WD7WEIS1B--H-G","Fossil Brown coal/Lignite","11WD7WEIS1B--H-G","04/04/2026 01:00 - 04/04/2026 02:00","279.57",""
"04/04/2026 00:00 - 05/04/2026 00:00","CTA|DE(Amprion)","Weisweiler H","11WD7WEIS1B--H-G","Fossil Brown coal/Lignite","11WD7WEIS1B--H-G","04/04/2026 02:00 - 04/04/2026 03:00","280.45",""
"04/04/2026 00:00 - 05/04/2026 00:00","CTA|DE(Amprion)","Weisweiler H","11WD7WEIS1B--H-G","Fossil Brown coal/Lignite","11WD7WEIS1B--H-G","04/04/2026 03:00 - 04/04/2026 04:00","280.30",""
"04/04/2026 00:00 - 05/04/2026 00:00","CTA|DE(Amprion)","Weisweiler H","11WD7WEIS1B--H-G","Fossil Brown coal/Lignite","11WD7WEIS1B--H-G","04/04/2026 04:00 - 04/04/2026 05:00","280.77",""
"04/04/2026 00:00 - 05/04/2026 00:00","CTA|DE(Amprion)","Weisweiler H","11WD7WEIS1B--H-G","Fossil Brown coal/Lignite","11WD7WEIS1B--H-G","04/04/2026 05:00 - 04/04/2026 06:00","278.88",""
"04/04/2026 00:00 - 05/04/2026 00:00","CTA|DE(Amprion)","Weisweiler H","11WD7WEIS1B--H-G","Fossil Brown coal/Lignite","11WD7WEIS1B--H-G","04/04/2026 06:00 - 04/04/2026 07:00","297.10",""
"04/04/2026 00:00 - 05/04/2026 00:00","CTA|DE(Amprion)","Weisweiler H","11WD7WEIS1B--H-G","Fossil Brown coal/Lignite","11WD7WEIS1B--H-G","04/04/2026 07:00 - 04/04/2026 08:00","464.55",""
"04/04/2026 00:00 - 05/04/2026 00:00","CTA|DE(Amprion)","Weisweiler H","11WD7WEIS1B--H-G","Fossil Brown coal/Lignite","11WD7WEIS1B--H-G","04/04/2026 08:00 - 04/04/2026 09:00","364.55",""
"04/04/2026 00:00 - 05/04/2026 00:00","CTA|DE(Amprion)","Weisweiler H","11WD7WEIS1B--H-G","Fossil Brown coal/Lignite","11WD7WEIS1B--H-G","04/04/2026 09:00 - 04/04/2026 10:00","413.98",""
"04/04/2026 00:00 - 05/04/2026 00:00","CTA|DE(Amprion)","Weisweiler H","11WD7WEIS1B--H-G","Fossil Brown coal/Lignite","11WD7WEIS1B--H-G","04/04/2026 10:00 - 04/04/2026 11:00","530.60",""
"04/04/2026 00:00 - 05/04/2026 00:00","CTA|DE(Amprion)","Weisweiler H","11WD7WEIS1B--H-G","Fossil Brown coal/Lignite","11WD7WEIS1B--H-G","04/04/2026 11:00 - 04/04/2026 12:00","417.70",""
"04/04/2026 00:00 - 05/04/2026 00:00","CTA|DE(Amprion)","Weisweiler H","11WD7WEIS1B--H-G","Fossil Brown coal/Lignite","11WD7WEIS1B--H-G","04/04/2026 12:00 - 04/04/2026 13:00","307.40",""
"04/04/2026 00:00 - 05/04/2026 00:00","CTA|DE(Amprion)","Weisweiler H","11WD7WEIS1B--H-G","Fossil Brown coal/Lignite","11WD7WEIS1B--H-G","04/04/2026 13:00 - 04/04/2026 14:00","279.40",""
"04/04/2026 00:00 - 05/04/2026 00:00","CTA|DE(Amprion)","Weisweiler H","11WD7WEIS1B--H-G","Fossil Brown coal/Lignite","11WD7WEIS1B--H-G","04/04/2026 14:00 - 04/04/2026 15:00","253.03",""
"04/04/2026 00:00 - 05/04/2026 00:00","CTA|DE(Amprion)","Weisweiler H","11WD7WEIS1B--H-G","Fossil Brown coal/Lignite","11WD7WEIS1B--H-G","04/04/2026 15:00 - 04/04/2026 16:00","248.88",""
"04/04/2026 00:00 - 05/04/2026 00:00","CTA|DE(Amprion)","Weisweiler H","11WD7WEIS1B--H-G","Fossil Brown coal/Lignite","11WD7WEIS1B--H-G","04/04/2026 16:00 - 04/04/2026 17:00","246.65",""
"04/04/2026 00:00 - 05/04/2026 00:00","CTA|DE(Amprion)","Weisweiler H","11WD7WEIS1B--H-G","Fossil Brown coal/Lignite","11WD7WEIS1B--H-G","04/04/2026 17:00 - 04/04/2026 18:00","247.57",""
"04/04/2026 00:00 - 05/04/2026 00:00","CTA|DE(Amprion)","Weisweiler H","11WD7WEIS1B--H-G","Fossil Brown coal/Lignite","11WD7WEIS1B--H-G","04/04/2026 18:00 - 04/04/2026 19:00","307.50",""
"04/04/2026 00:00 - 05/04/2026 00:00","CTA|DE(Amprion)","Weisweiler H","11WD7WEIS1B--H-G","Fossil Brown coal/Lignite","11WD7WEIS1B--H-G","04/04/2026 19:00 - 04/04/2026 20:00","587.15",""
"04/04/2026 00:00 - 05/04/2026 00:00","CTA|DE(Amprion)","Weisweiler H","11WD7WEIS1B--H-G","Fossil Brown coal/Lignite","11WD7WEIS1B--H-G","04/04/2026 20:00 - 04/04/2026 21:00","644.02",""
"04/04/2026 00:00 - 05/04/2026 00:00","CTA|DE(Amprion)","Weisweiler H","11WD7WEIS1B--H-G","Fossil Brown coal/Lignite","11WD7WEIS1B--H-G","04/04/2026 21:00 - 04/04/2026 22:00","638.85",""
"04/04/2026 00:00 - 05/04/2026 00:00","CTA|DE(Amprion)","Weisweiler H","11WD7WEIS1B--H-G","Fossil Brown coal/Lignite","11WD7WEIS1B--H-G","04/04/2026 22:00 - 04/04/2026 23:00","376.20",""
"04/04/2026 00:00 - 05/04/2026 00:00","CTA|DE(Amprion)","Weisweiler H","11WD7WEIS1B--H-G","Fossil Brown coal/Lignite","11WD7WEIS1B--H-G","04/04/2026 23:00 - 05/04/2026 00:00","247.50",""
"04/04/2026 00:00 - 05/04/2026 00:00","CTA|DE(Amprion)","Weisweiler VGT - BI. G","11WD7WEIS5GVGTGU","Fossil Gas","11WD7WEIS5GVGTGU","04/04/2026 00:00 - 04/04/2026 01:00","0.00",""
"04/04/2026 00:00 - 05/04/2026 00:00","CTA|DE(Amprion)","Weisweiler VGT - BI. G","11WD7WEIS5GVGTGU","Fossil Gas","11WD7WEIS5GVGTGU","04/04/2026 01:00 - 04/04/2026 02:00","0.00",""
"04/04/2026 00:00 - 05/04/2026 00:00","CTA|DE(Amprion)","Weisweiler VGT - BI. G","11WD7WEIS5GVGTGU","Fossil Gas","11WD7WEIS5GVGTGU","04/04/2026 02:00 - 04/04/2026 03:00","0.00",""
"04/04/2026 00:00 - 05/04/2026 00:00","CTA|DE(Amprion)","Weisweiler VGT - BI. G","11WD7WEIS5GVGTGU","Fossil Gas","11WD7WEIS5GVGTGU","04/04/2026 03:00 - 04/04/2026 04:00","0.00",""
"04/04/2026 00:00 - 05/04/2026 00:00","CTA|DE(Amprion)","Weisweiler VGT - BI. G","11WD7WEIS5GVGTGU","Fossil Gas","11WD7WEIS5GVGTGU","04/04/2026 04:00 - 04/04/2026 05:00","0.00",""
"04/04/2026 00:00 - 05/04/2026 00:00","CTA|DE(Amprion)","Weisweiler VGT - BI. G","11WD7WEIS5GVGTGU","Fossil Gas","11WD7WEIS5GVGTGU","04/04/2026 05:00 - 04/04/2026 06:00","0.00",""
"04/04/2026 00:00 - 05/04/2026 00:00","CTA|DE(Amprion)","Weisweiler VGT - BI. G","11WD7WEIS5GVGTGU","Fossil Gas","11WD7WEIS5GVGTGU","04/04/2026 06:00 - 04/04/2026 07:00","0.00",""
"04/04/2026 00:00 - 05/04/2026 00:00","CTA|DE(Amprion)","Weisweiler VGT - BI. G","11WD7WEIS5GVGTGU","Fossil Gas","11WD7WEIS5GVGTGU","04/04/2026 07:00 - 04/04/2026 08:00","0.00",""
"04/04/2026 00:00 - 05/04/2026 00:00","CTA|DE(Amprion)","Weisweiler VGT - BI. G","11WD7WEIS5GVGTGU","Fossil Gas","11WD7WEIS5GVGTGU","04/04/2026 08:00 - 04/04/2026 09:00","0.00",""
"04/04/2026 00:00 - 05/04/2026 00:00","CTA|DE(Amprion)","Weisweiler VGT - BI. G","11WD7WEIS5GVGTGU","Fossil Gas","11WD7WEIS5GVGTGU","04/04/2026 09:00 - 04/04/2026 10:00","0.00",""
"04/04/2026 00:00 - 05/04/2026 00:00","CTA|DE(Amprion)","Weisweiler VGT - BI. G","11WD7WEIS5GVGTGU","Fossil Gas","11WD7WEIS5GVGTGU","04/04/2026 10:00 - 04/04/2026 11:00","0.00",""
"04/04/2026 00:00 - 05/04/2026 00:00","CTA|DE(Amprion)","Weisweiler VGT - BI. G","11WD7WEIS5GVGTGU","Fossil Gas","11WD7WEIS5GVGTGU","04/04/2026 11:00 - 04/04/2026 12:00","0.00",""
"04/04/2026 00:00 - 05/04/2026 00:00","CTA|DE(Amprion)","Weisweiler VGT - BI. G","11WD7WEIS5GVGTGU","Fossil Gas","11WD7WEIS5GVGTGU","04/04/2026 12:00 - 04/04/2026 13:00","0.00",""
"04/04/2026 00:00 - 05/04/2026 00:00","CTA|DE(Amprion)","Weisweiler VGT - BI. G","11WD7WEIS5GVGTGU","Fossil Gas","11WD7WEIS5GVGTGU","04/04/2026 13:00 - 04/04/2026 14:00","0.00",""
"04/04/2026 00:00 - 05/04/2026 00:00","CTA|DE(Amprion)","Weisweiler VGT - BI. G","11WD7WEIS5GVGTGU","Fossil Gas","11WD7WEIS5GVGTGU","04/04/2026 14:00 - 04/04/2026 15:00","0.00",""
"04/04/2026 00:00 - 05/04/2026 00:00","CTA|DE(Amprion)","Weisweiler VGT - BI. G","11WD7WEIS5GVGTGU","Fossil Gas","11WD7WEIS5GVGTGU","04/04/2026 15:00 - 04/04/2026 16:00","0.00",""
"04/04/2026 00:00 - 05/04/2026 00:00","CTA|DE(Amprion)","Weisweiler VGT - BI. G","11WD7WEIS5GVGTGU","Fossil Gas","11WD7WEIS5GVGTGU","04/04/2026 16:00 - 04/04/2026 17:00","0.00",""
"04/04/2026 00:00 - 05/04/2026 00:00","CTA|DE(Amprion)","Weisweiler VGT - BI. G","11WD7WEIS5GVGTGU","Fossil Gas","11WD7WEIS5GVGTGU","04/04/2026 17:00 - 04/04/2026 18:00","0.00",""
"04/04/2026 00:00 - 05/04/2026 00:00","CTA|DE(Amprion)","Weisweiler VGT - BI. G","11WD7WEIS5GVGTGU","Fossil Gas","11WD7WEIS5GVGTGU","04/04/2026 18:00 - 04/04/2026 19:00","0.00",""
"04/04/2026 00:00 - 05/04/2026 00:00","CTA|DE(Amprion)","Weisweiler VGT - BI. G","11WD7WEIS5GVGTGU","Fossil Gas","11WD7WEIS5GVGTGU","04/04/2026 19:00 - 04/04/2026 20:00","0.00",""
"04/04/2026 00:00 - 05/04/2026 00:00","CTA|DE(Amprion)","Weisweiler VGT - BI. G","11WD7WEIS5GVGTGU","Fossil Gas","11WD7WEIS5GVGTGU","04/04/2026 20:00 - 04/04/2026 21:00","0.00",""
"04/04/2026 00:00 - 05/04/2026 00:00","CTA|DE(Amprion)","Weisweiler VGT - BI. G","11WD7WEIS5GVGTGU","Fossil Gas","11WD7WEIS5GVGTGU","04/04/2026 21:00 - 04/04/2026 22:00","0.00",""
"04/04/2026 00:00 - 05/04/2026 00:00","CTA|DE(Amprion)","Weisweiler VGT - BI. G","11WD7WEIS5GVGTGU","Fossil Gas","11WD7WEIS5GVGTGU","04/04/2026 22:00 - 04/04/2026 23:00","0.00",""
"04/04/2026 00:00 - 05/04/2026 00:00","CTA|DE(Amprion)","Weisweiler VGT - BI. G","11WD7WEIS5GVGTGU","Fossil Gas","11WD7WEIS5GVGTGU","04/04/2026 23:00 - 05/04/2026 00:00","0.00",""
"04/04/2026 00:00 - 05/04/2026 00:00","CTA|DE(Amprion)","Weisweiler VGT - BI. H","11WD7WEIS5GVGTHS","Fossil Gas","11WD7WEIS5GVGTHS","04/04/2026 00:00 - 04/04/2026 01:00","0.00",""
"04/04/2026 00:00 - 05/04/2026 00:00","CTA|DE(Amprion)","Weisweiler VGT - BI. H","11WD7WEIS5GVGTHS","Fossil Gas","11WD7WEIS5GVGTHS","04/04/2026 01:00 - 04/04/2026 02:00","0.00",""
"04/04/2026 00:00 - 05/04/2026 00:00","CTA|DE(Amprion)","Weisweiler VGT - BI. H","11WD7WEIS5GVGTHS","Fossil Gas","11WD7WEIS5GVGTHS","04/04/2026 02:00 - 04/04/2026 03:00","0.00",""
"04/04/2026 00:00 - 05/04/2026 00:00","CTA|DE(Amprion)","Weisweiler VGT - BI. H","11WD7WEIS5GVGTHS","Fossil Gas","11WD7WEIS5GVGTHS","04/04/2026 03:00 - 04/04/2026 04:00","0.00",""
"04/04/2026 00:00 - 05/04/2026 00:00","CTA|DE(Amprion)","Weisweiler VGT - BI. H","11WD7WEIS5GVGTHS","Fossil Gas","11WD7WEIS5GVGTHS","04/04/2026 04:00 - 04/04/2026 05:00","0.00",""
"04/04/2026 00:00 - 05/04/2026 00:00","CTA|DE(Amprion)","Weisweiler VGT - BI. H","11WD7WEIS5GVGTHS","Fossil Gas","11WD7WEIS5GVGTHS","04/04/2026 05:00 - 04/04/2026 06:00","0.00",""
"04/04/2026 00:00 - 05/04/2026 00:00","CTA|DE(Amprion)","Weisweiler VGT - BI. H","11WD7WEIS5GVGTHS","Fossil Gas","11WD7WEIS5GVGTHS","04/04/2026 06:00 - 04/04/2026 07:00","0.00",""
"04/04/2026 00:00 - 05/04/2026 00:00","CTA|DE(Amprion)","Weisweiler VGT - BI. H","11WD7WEIS5GVGTHS","Fossil Gas","11WD7WEIS5GVGTHS","04/04/2026 07:00 - 04/04/2026 08:00","0.00",""
"04/04/2026 00:00 - 05/04/2026 00:00","CTA|DE(Amprion)","Weisweiler VGT - BI. H","11WD7WEIS5GVGTHS","Fossil Gas","11WD7WEIS5GVGTHS","04/04/2026 08:00 - 04/04/2026 09:00","0.00",""
"04/04/2026 00:00 - 05/04/2026 00:00","CTA|DE(Amprion)","Weisweiler VGT - BI. H","11WD7WEIS5GVGTHS","Fossil Gas","11WD7WEIS5GVGTHS","04/04/2026 09:00 - 04/04/2026 10:00","0.00",""
"04/04/2026 00:00 - 05/04/2026 00:00","CTA|DE(Amprion)","Weisweiler VGT - BI. H","11WD7WEIS5GVGTHS","Fossil Gas","11WD7WEIS5GVGTHS","04/04/2026 10:00 - 04/04/2026 11:00","0.00",""
"04/04/2026 00:00 - 05/04/2026 00:00","CTA|DE(Amprion)","Weisweiler VGT - BI. H","11WD7WEIS5GVGTHS","Fossil Gas","11WD7WEIS5GVGTHS","04/04/2026 11:00 - 04/04/2026 12:00","0.00",""
"04/04/2026 00:00 - 05/04/2026 00:00","CTA|DE(Amprion)","Weisweiler VGT - BI. H","11WD7WEIS5GVGTHS","Fossil Gas","11WD7WEIS5GVGTHS","04/04/2026 12:00 - 04/04/2026 13:00","0.00",""
"04/04/2026 00:00 - 05/04/2026 00:00","CTA|DE(Amprion)","Weisweiler VGT - BI. H","11WD7WEIS5GVGTHS","Fossil Gas","11WD7WEIS5GVGTHS","04/04/2026 13:00 - 04/04/2026 14:00","0.00",""
"04/04/2026 00:00 - 05/04/2026 00:00","CTA|DE(Amprion)","Weisweiler VGT - BI. H","11WD7WEIS5GVGTHS","Fossil Gas","11WD7WEIS5GVGTHS","04/04/2026 14:00 - 04/04/2026 15:00","0.00",""
"04/04/2026 00:00 - 05/04/2026 00:00","CTA|DE(Amprion)","Weisweiler VGT - BI. H","11WD7WEIS5GVGTHS","Fossil Gas","11WD7WEIS5GVGTHS","04/04/2026 15:00 - 04/04/2026 16:00","0.00",""
"04/04/2026 00:00 - 05/04/2026 00:00","CTA|DE(Amprion)","Weisweiler VGT - BI. H","11WD7WEIS5GVGTHS","Fossil Gas","11WD7WEIS5GVGTHS","04/04/2026 16:00 - 04/04/2026 17:00","0.00",""
"04/04/2026 00:00 - 05/04/2026 00:00","CTA|DE(Amprion)","Weisweiler VGT - BI. H","11WD7WEIS5GVGTHS","Fossil Gas","11WD7WEIS5GVGTHS","04/04/2026 17:00 - 04/04/2026 18:00","0.00",""
"04/04/2026 00:00 - 05/04/2026 00:00","CTA|DE(Amprion)","Weisweiler VGT - BI. H","11WD7WEIS5GVGTHS","Fossil Gas","11WD7WEIS5GVGTHS","04/04/2026 18:00 - 04/04/2026 19:00","0.00",""
"04/04/2026 00:00 - 05/04/2026 00:00","CTA|DE(Amprion)","Weisweiler VGT - BI. H","11WD7WEIS5GVGTHS","Fossil Gas","11WD7WEIS5GVGTHS","04/04/2026 19:00 - 04/04/2026 20:00","0.00",""
"04/04/2026 00:00 - 05/04/2026 00:00","CTA|DE(Amprion)","Weisweiler VGT - BI. H","11WD7WEIS5GVGTHS","Fossil Gas","11WD7WEIS5GVGTHS","04/04/2026 20:00 - 04/04/2026 21:00","0.00",""
"04/04/2026 00:00 - 05/04/2026 00:00","CTA|DE(Amprion)","Weisweiler VGT - BI. H","11WD7WEIS5GVGTHS","Fossil Gas","11WD7WEIS5GVGTHS","04/04/2026 21:00 - 04/04/2026 22:00","0.00",""
"04/04/2026 00:00 - 05/04/2026 00:00","CTA|DE(Amprion)","Weisweiler VGT - BI. H","11WD7WEIS5GVGTHS","Fossil Gas","11WD7WEIS5GVGTHS","04/04/2026 22:00 - 04/04/2026 23:00","0.00",""
"04/04/2026 00:00 - 05/04/2026 00:00","CTA|DE(Amprion)","Weisweiler VGT - BI. H","11WD7WEIS5GVGTHS","Fossil Gas","11WD7WEIS5GVGTHS","04/04/2026 23:00 - 05/04/2026 00:00","0.00",""
"04/04/2026 00:00 - 05/04/2026 00:00","CTA|DE(50Hertz)","Lichterfelde GUD","11W0-0000-0103-9","Fossil Gas","11W0-0000-0103-9","04/04/2026 00:00 - 04/04/2026 01:00","125.00",""
"04/04/2026 00:00 - 05/04/2026 00:00","CTA|DE(50Hertz)","Lichterfelde GUD","11W0-0000-0103-9","Fossil Gas","11W0-0000-0103-9","04/04/2026 01:00 - 04/04/2026 02:00","125.00",""
"04/04/2026 00:00 - 05/04/2026 00:00","CTA|DE(50Hertz)","Lichterfelde GUD","11W0-0000-0103-9","Fossil Gas","11W0-0000-0103-9","04/04/2026 02:00 - 04/04/2026 03:00","125.00",""
"04/04/2026 00:00 - 05/04/2026 00:00","CTA|DE(50Hertz)","Lichterfelde GUD","11W0-0000-0103-9","Fossil Gas","11W0-0000-0103-9","04/04/2026 03:00 - 04/04/2026 04:00","124.75",""
"04/04/2026 00:00 - 05/04/2026 00:00","CTA|DE(50Hertz)","Lichterfelde GUD","11W0-0000-0103-9","Fossil Gas","11W0-0000-0103-9","04/04/2026 04:00 - 04/04/2026 05:00","125.00",""
"04/04/2026 00:00 - 05/04/2026 00:00","CTA|DE(50Hertz)","Lichterfelde GUD","11W0-0000-0103-9","Fossil Gas","11W0-0000-0103-9","04/04/2026 05:00 - 04/04/2026 06:00","125.00",""
"04/04/2026 00:00 - 05/04/2026 00:00","CTA|DE(50Hertz)","Lichterfelde GUD","11W0-0000-0103-9","Fossil Gas","11W0-0000-0103-9","04/04/2026 06:00 - 04/04/2026 07:00","124.75",""
"04/04/2026 00:00 - 05/04/2026 00:00","CTA|DE(50Hertz)","Lichterfelde GUD","11W0-0000-0103-9","Fossil Gas","11W0-0000-0103-9","04/04/2026 07:00 - 04/04/2026 08:00","124.75",""
"04/04/2026 00:00 - 05/04/2026 00:00","CTA|DE(50Hertz)","Lichterfelde GUD","11W0-0000-0103-9","Fossil Gas","11W0-0000-0103-9","04/04/2026 08:00 - 04/04/2026 09:00","123.00",""
"04/04/2026 00:00 - 05/04/2026 00:00","CTA|DE(50Hertz)","Lichterfelde GUD","11W0-0000-0103-9","Fossil Gas","11W0-0000-0103-9","04/04/2026 09:00 - 04/04/2026 10:00","3.50",""
"04/04/2026 00:00 - 05/04/2026 00:00","CTA|DE(50Hertz)","Lichterfelde GUD","11W0-0000-0103-9","Fossil Gas","11W0-0000-0103-9","04/04/2026 10:00 - 04/04/2026 11:00","0.00",""
"04/04/2026 00:00 - 05/04/2026 00:00","CTA|DE(50Hertz)","Lichterfelde GUD","11W0-0000-0103-9","Fossil Gas","11W0-0000-0103-9","04/04/2026 11:00 - 04/04/2026 12:00","0.00",""
"04/04/2026 00:00 - 05/04/2026 00:00","CTA|DE(50Hertz)","Lichterfelde GUD","11W0-0000-0103-9","Fossil Gas","11W0-0000-0103-9","04/04/2026 12:00 - 04/04/2026 13:00","0.00",""
"04/04/2026 00:00 - 05/04/2026 00:00","CTA|DE(50Hertz)","Lichterfelde GUD","11W0-0000-0103-9","Fossil Gas","11W0-0000-0103-9","04/04/2026 13:00 - 04/04/2026 14:00","0.00",""
"04/04/2026 00:00 - 05/04/2026 00:00","CTA|DE(50Hertz)","Lichterfelde GUD","11W0-0000-0103-9","Fossil Gas","11W0-0000-0103-9","04/04/2026 14:00 - 04/04/2026 15:00","0.00",""
"04/04/2026 00:00 - 05/04/2026 00:00","CTA|DE(50Hertz)","Lichterfelde GUD","11W0-0000-0103-9","Fossil Gas","11W0-0000-0103-9","04/04/2026 15:00 - 04/04/2026 16:00","0.00",""
"04/04/2026 00:00 - 05/04/2026 00:00","CTA|DE(50Hertz)","Lichterfelde GUD","11W0-0000-0103-9","Fossil Gas","11W0-0000-0103-9","04/04/2026 16:00 - 04/04/2026 17:00","0.00",""
"04/04/2026 00:00 - 05/04/2026 00:00","CTA|DE(50Hertz)","Lichterfelde GUD","11W0-0000-0103-9","Fossil Gas","11W0-0000-0103-9","04/04/2026 17:00 - 04/04/2026 18:00","22.50",""
"04/04/2026 00:00 - 05/04/2026 00:00","CTA|DE(50Hertz)","Lichterfelde GUD","11W0-0000-0103-9","Fossil Gas","11W0-0000-0103-9","04/04/2026 18:00 - 04/04/2026 19:00","121.25",""
"04/04/2026 00:00 - 05/04/2026 00:00","CTA|DE(50Hertz)","Lichterfelde GUD","11W0-0000-0103-9","Fossil Gas","11W0-0000-0103-9","04/04/2026 19:00 - 04/04/2026 20:00","152.00",""
"04/04/2026 00:00 - 05/04/2026 00:00","CTA|DE(50Hertz)","Lichterfelde GUD","11W0-0000-0103-9","Fossil Gas","11W0-0000-0103-9","04/04/2026 20:00 - 04/04/2026 21:00","217.25",""
"04/04/2026 00:00 - 05/04/2026 00:00","CTA|DE(50Hertz)","Lichterfelde GUD","11W0-0000-0103-9","Fossil Gas","11W0-0000-0103-9","04/04/2026 21:00 - 04/04/2026 22:00","218.75",""
"04/04/2026 00:00 - 05/04/2026 00:00","CTA|DE(50Hertz)","Lichterfelde GUD","11W0-0000-0103-9","Fossil Gas","11W0-0000-0103-9","04/04/2026 22:00 - 04/04/2026 23:00","154.25",""
"04/04/2026 00:00 - 05/04/2026 00:00","CTA|DE(50Hertz)","Lichterfelde GUD","11W0-0000-0103-9","Fossil Gas","11W0-0000-0103-9","04/04/2026 23:00 - 05/04/2026 00:00","182.25",""
"04/04/2026 00:00 - 05/04/2026 00:00","CTA|DE(50Hertz)","GuD Marzahn","11W0-0000-0104-6","Fossil Gas","11W0-0000-0104-6","04/04/2026 00:00 - 04/04/2026 01:00","36.00",""
"04/04/2026 00:00 - 05/04/2026 00:00","CTA|DE(50Hertz)","GuD Marzahn","11W0-0000-0104-6","Fossil Gas","11W0-0000-0104-6","04/04/2026 01:00 - 04/04/2026 02:00","36.00",""
"04/04/2026 00:00 - 05/04/2026 00:00","CTA|DE(50Hertz)","GuD Marzahn","11W0-0000-0104-6","Fossil Gas","11W0-0000-0104-6","04/04/2026 02:00 - 04/04/2026 03:00","36.25",""
"04/04/2026 00:00 - 05/04/2026 00:00","CTA|DE(50Hertz)","GuD Marzahn","11W0-0000-0104-6","Fossil Gas","11W0-0000-0104-6","04/04/2026 03:00 - 04/04/2026 04:00","37.00",""
"04/04/2026 00:00 - 05/04/2026 00:00","CTA|DE(50Hertz)","GuD Marzahn","11W0-0000-0104-6","Fossil Gas","11W0-0000-0104-6","04/04/2026 04:00 - 04/04/2026 05:00","37.00",""
"04/04/2026 00:00 - 05/04/2026 00:00","CTA|DE(50Hertz)","GuD Marzahn","11W0-0000-0104-6","Fossil Gas","11W0-0000-0104-6","04/04/2026 05:00 - 04/04/2026 06:00","37.00",""
"04/04/2026 00:00 - 05/04/2026 00:00","CTA|DE(50Hertz)","GuD Marzahn","11W0-0000-0104-6","Fossil Gas","11W0-0000-0104-6","04/04/2026 06:00 - 04/04/2026 07:00","37.00",""
"04/04/2026 00:00 - 05/04/2026 00:00","CTA|DE(50Hertz)","GuD Marzahn","11W0-0000-0104-6","Fossil Gas","11W0-0000-0104-6","04/04/2026 07:00 - 04/04/2026 08:00","37.00",""
"04/04/2026 00:00 - 05/04/2026 00:00","CTA|DE(50Hertz)","GuD Marzahn","11W0-0000-0104-6","Fossil Gas","11W0-0000-0104-6","04/04/2026 08:00 - 04/04/2026 09:00","37.00",""
"04/04/2026 00:00 - 05/04/2026 00:00","CTA|DE(50Hertz)","GuD Marzahn","11W0-0000-0104-6","Fossil Gas","11W0-0000-0104-6","04/04/2026 09:00 - 04/04/2026 10:00","37.00",""
"04/04/2026 00:00 - 05/04/2026 00:00","CTA|DE(50Hertz)","GuD Marzahn","11W0-0000-0104-6","Fossil Gas","11W0-0000-0104-6","04/04/2026 10:00 - 04/04/2026 11:00","37.00",""
"04/04/2026 00:00 - 05/04/2026 00:00","CTA|DE(50Hertz)","GuD Marzahn","11W0-0000-0104-6","Fossil Gas","11W0-0000-0104-6","04/04/2026 11:00 - 04/04/2026 12:00","37.00",""
"04/04/2026 00:00 - 05/04/2026 00:00","CTA|DE(50Hertz)","GuD Marzahn","11W0-0000-0104-6","Fossil Gas","11W0-0000-0104-6","04/04/2026 12:00 - 04/04/2026 13:00","37.00",""
"04/04/2026 00:00 - 05/04/2026 00:00","CTA|DE(50Hertz)","GuD Marzahn","11W0-0000-0104-6","Fossil Gas","11W0-0000-0104-6","04/04/2026 13:00 - 04/04/2026 14:00","36.00",""
"04/04/2026 00:00 - 05/04/2026 00:00","CTA|DE(50Hertz)","GuD Marzahn","11W0-0000-0104-6","Fossil Gas","11W0-0000-0104-6","04/04/2026 14:00 - 04/04/2026 15:00","36.00",""
"04/04/2026 00:00 - 05/04/2026 00:00","CTA|DE(50Hertz)","GuD Marzahn","11W0-0000-0104-6","Fossil Gas","11W0-0000-0104-6","04/04/2026 15:00 - 04/04/2026 16:00","36.00",""
"04/04/2026 00:00 - 05/04/2026 00:00","CTA|DE(50Hertz)","GuD Marzahn","11W0-0000-0104-6","Fossil Gas","11W0-0000-0104-6","04/04/2026 16:00 - 04/04/2026 17:00","36.00",""
"04/04/2026 00:00 - 05/04/2026 00:00","CTA|DE(50Hertz)","GuD Marzahn","11W0-0000-0104-6","Fossil Gas","11W0-0000-0104-6","04/04/2026 17:00 - 04/04/2026 18:00","46.00",""
"04/04/2026 00:00 - 05/04/2026 00:00","CTA|DE(50Hertz)","GuD Marzahn","11W0-0000-0104-6","Fossil Gas","11W0-0000-0104-6","04/04/2026 18:00 - 04/04/2026 19:00","50.50",""
"04/04/2026 00:00 - 05/04/2026 00:00","CTA|DE(50Hertz)","GuD Marzahn","11W0-0000-0104-6","Fossil Gas","11W0-0000-0104-6","04/04/2026 19:00 - 04/04/2026 20:00","99.75",""
"04/04/2026 00:00 - 05/04/2026 00:00","CTA|DE(50Hertz)","GuD Marzahn","11W0-0000-0104-6","Fossil Gas","11W0-0000-0104-6","04/04/2026 20:00 - 04/04/2026 21:00","104.00",""
"04/04/2026 00:00 - 05/04/2026 00:00","CTA|DE(50Hertz)","GuD Marzahn","11W0-0000-0104-6","Fossil Gas","11W0-0000-0104-6","04/04/2026 21:00 - 04/04/2026 22:00","62.50",""
"04/04/2026 00:00 - 05/04/2026 00:00","CTA|DE(50Hertz)","GuD Marzahn","11W0-0000-0104-6","Fossil Gas","11W0-0000-0104-6","04/04/2026 22:00 - 04/04/2026 23:00","67.50",""
"04/04/2026 00:00 - 05/04/2026 00:00","CTA|DE(50Hertz)","GuD Marzahn","11W0-0000-0104-6","Fossil Gas","11W0-0000-0104-6","04/04/2026 23:00 - 05/04/2026 00:00","101.75",""
"04/04/2026 00:00 - 05/04/2026 00:00","CTA|DE(50Hertz)","KW Boxberg Block N","11WD8BOXB1L---N8","Fossil Brown coal/Lignite","11WD8BOXB1L---N8","04/04/2026 00:00 - 04/04/2026 01:00","392.25",""
"04/04/2026 00:00 - 05/04/2026 00:00","CTA|DE(50Hertz)","KW Boxberg Block N","11WD8BOXB1L---N8","Fossil Brown coal/Lignite","11WD8BOXB1L---N8","04/04/2026 01:00 - 04/04/2026 02:00","389.75",""
"04/04/2026 00:00 - 05/04/2026 00:00","CTA|DE(50Hertz)","KW Boxberg Block N","11WD8BOXB1L---N8","Fossil Brown coal/Lignite","11WD8BOXB1L---N8","04/04/2026 02:00 - 04/04/2026 03:00","387.50",""
"04/04/2026 00:00 - 05/04/2026 00:00","CTA|DE(50Hertz)","KW Boxberg Block N","11WD8BOXB1L---N8","Fossil Brown coal/Lignite","11WD8BOXB1L---N8","04/04/2026 03:00 - 04/04/2026 04:00","371.25",""
"04/04/2026 00:00 - 05/04/2026 00:00","CTA|DE(50Hertz)","KW Boxberg Block N","11WD8BOXB1L---N8","Fossil Brown coal/Lignite","11WD8BOXB1L---N8","04/04/2026 04:00 - 04/04/2026 05:00","373.00",""
"04/04/2026 00:00 - 05/04/2026 00:00","CTA|DE(50Hertz)","KW Boxberg Block N","11WD8BOXB1L---N8","Fossil Brown coal/Lignite","11WD8BOXB1L---N8","04/04/2026 05:00 - 04/04/2026 06:00","373.25",""
"04/04/2026 00:00 - 05/04/2026 00:00","CTA|DE(50Hertz)","KW Boxberg Block N","11WD8BOXB1L---N8","Fossil Brown coal/Lignite","11WD8BOXB1L---N8","04/04/2026 06:00 - 04/04/2026 07:00","377.00",""
"04/04/2026 00:00 - 05/04/2026 00:00","CTA|DE(50Hertz)","KW Boxberg Block N","11WD8BOXB1L---N8","Fossil Brown coal/Lignite","11WD8BOXB1L---N8","04/04/2026 07:00 - 04/04/2026 08:00","382.00",""
"04/04/2026 00:00 - 05/04/2026 00:00","CTA|DE(50Hertz)","KW Boxberg Block N","11WD8BOXB1L---N8","Fossil Brown coal/Lignite","11WD8BOXB1L---N8","04/04/2026 08:00 - 04/04/2026 09:00","379.25",""
"04/04/2026 00:00 - 05/04/2026 00:00","CTA|DE(50Hertz)","KW Boxberg Block N","11WD8BOXB1L---N8","Fossil Brown coal/Lignite","11WD8BOXB1L---N8","04/04/2026 09:00 - 04/04/2026 10:00","380.25",""
"04/04/2026 00:00 - 05/04/2026 00:00","CTA|DE(50Hertz)","KW Boxberg Block N","11WD8BOXB1L---N8","Fossil Brown coal/Lignite","11WD8BOXB1L---N8","04/04/2026 10:00 - 04/04/2026 11:00","382.75",""
"04/04/2026 00:00 - 05/04/2026 00:00","CTA|DE(50Hertz)","KW Boxberg Block N","11WD8BOXB1L---N8","Fossil Brown coal/Lignite","11WD8BOXB1L---N8","04/04/2026 11:00 - 04/04/2026 12:00","384.75",""
"04/04/2026 00:00 - 05/04/2026 00:00","CTA|DE(50Hertz)","KW Boxberg Block N","11WD8BOXB1L---N8","Fossil Brown coal/Lignite","11WD8BOXB1L---N8","04/04/2026 12:00 - 04/04/2026 13:00","385.50",""
"04/04/2026 00:00 - 05/04/2026 00:00","CTA|DE(50Hertz)","KW Boxberg Block N","11WD8BOXB1L---N8","Fossil Brown coal/Lignite","11WD8BOXB1L---N8","04/04/2026 13:00 - 04/04/2026 14:00","384.50",""
"04/04/2026 00:00 - 05/04/2026 00:00","CTA|DE(50Hertz)","KW Boxberg Block N","11WD8BOXB1L---N8","Fossil Brown coal/Lignite","11WD8BOXB1L---N8","04/04/2026 14:00 - 04/04/2026 15:00","385.25",""
"04/04/2026 00:00 - 05/04/2026 00:00","CTA|DE(50Hertz)","KW Boxberg Block N","11WD8BOXB1L---N8","Fossil Brown coal/Lignite","11WD8BOXB1L---N8","04/04/2026 15:00 - 04/04/2026 16:00","385.25",""
"04/04/2026 00:00 - 05/04/2026 00:00","CTA|DE(50Hertz)","KW Boxberg Block N","11WD8BOXB1L---N8","Fossil Brown coal/Lignite","11WD8BOXB1L---N8","04/04/2026 16:00 - 04/04/2026 17:00","378.25",""
"04/04/2026 00:00 - 05/04/2026 00:00","CTA|DE(50Hertz)","KW Boxberg Block N","11WD8BOXB1L---N8","Fossil Brown coal/Lignite","11WD8BOXB1L---N8","04/04/2026 17:00 - 04/04/2026 18:00","380.50",""
"04/04/2026 00:00 - 05/04/2026 00:00","CTA|DE(50Hertz)","KW Boxberg Block N","11WD8BOXB1L---N8","Fossil Brown coal/Lignite","11WD8BOXB1L---N8","04/04/2026 18:00 - 04/04/2026 19:00","425.00",""
"04/04/2026 00:00 - 05/04/2026 00:00","CTA|DE(50Hertz)","KW Boxberg Block N","11WD8BOXB1L---N8","Fossil Brown coal/Lignite","11WD8BOXB1L---N8","04/04/2026 19:00 - 04/04/2026 20:00","474.50",""
"04/04/2026 00:00 - 05/04/2026 00:00","CTA|DE(50Hertz)","KW Boxberg Block N","11WD8BOXB1L---N8","Fossil Brown coal/Lignite","11WD8BOXB1L---N8","04/04/2026 20:00 - 04/04/2026 21:00","455.75",""
"04/04/2026 00:00 - 05/04/2026 00:00","CTA|DE(50Hertz)","KW Boxberg Block N","11WD8BOXB1L---N8","Fossil Brown coal/Lignite","11WD8BOXB1L---N8","04/04/2026 21:00 - 04/04/2026 22:00","471.00",""
"04/04/2026 00:00 - 05/04/2026 00:00","CTA|DE(50Hertz)","KW Boxberg Block N","11WD8BOXB1L---N8","Fossil Brown coal/Lignite","11WD8BOXB1L---N8","04/04/2026 22:00 - 04/04/2026 23:00","438.00",""
"04/04/2026 00:00 - 05/04/2026 00:00","CTA|DE(50Hertz)","KW Boxberg Block N","11WD8BOXB1L---N8","Fossil Brown coal/Lignite","11WD8BOXB1L---N8","04/04/2026 23:00 - 05/04/2026 00:00","388.50",""
"04/04/2026 00:00 - 05/04/2026 00:00","CTA|DE(50Hertz)","KW Boxberg Block P","11WD8BOXB1L---P4","Fossil Brown coal/Lignite","11WD8BOXB1L---P4","04/04/2026 00:00 - 04/04/2026 01:00","0.75",""
"04/04/2026 00:00 - 05/04/2026 00:00","CTA|DE(50Hertz)","KW Boxberg Block P","11WD8BOXB1L---P4","Fossil Brown coal/Lignite","11WD8BOXB1L---P4","04/04/2026 01:00 - 04/04/2026 02:00","0.00",""
"04/04/2026 00:00 - 05/04/2026 00:00","CTA|DE(50Hertz)","KW Boxberg Block P","11WD8BOXB1L---P4","Fossil Brown coal/Lignite","11WD8BOXB1L---P4","04/04/2026 02:00 - 04/04/2026 03:00","0.00",""
"04/04/2026 00:00 - 05/04/2026 00:00","CTA|DE(50Hertz)","KW Boxberg Block P","11WD8BOXB1L---P4","Fossil Brown coal/Lignite","11WD8BOXB1L---P4","04/04/2026 03:00 - 04/04/2026 04:00","0.00",""
"04/04/2026 00:00 - 05/04/2026 00:00","CTA|DE(50Hertz)","KW Boxberg Block P","11WD8BOXB1L---P4","Fossil Brown coal/Lignite","11WD8BOXB1L---P4","04/04/2026 04:00 - 04/04/2026 05:00","0.00",""
"04/04/2026 00:00 - 05/04/2026 00:00","CTA|DE(50Hertz)","KW Boxberg Block P","11WD8BOXB1L---P4","Fossil Brown coal/Lignite","11WD8BOXB1L---P4","04/04/2026 05:00 - 04/04/2026 06:00","0.00",""
"04/04/2026 00:00 - 05/04/2026 00:00","CTA|DE(50Hertz)","KW Boxberg Block P","11WD8BOXB1L---P4","Fossil Brown coal/Lignite","11WD8BOXB1L---P4","04/04/2026 06:00 - 04/04/2026 07:00","0.00",""
"04/04/2026 00:00 - 05/04/2026 00:00","CTA|DE(50Hertz)","KW Boxberg Block P","11WD8BOXB1L---P4","Fossil Brown coal/Lignite","11WD8BOXB1L---P4","04/04/2026 07:00 - 04/04/2026 08:00","0.00",""
"04/04/2026 00:00 - 05/04/2026 00:00","CTA|DE(50Hertz)","KW Boxberg Block P","11WD8BOXB1L---P4","Fossil Brown coal/Lignite","11WD8BOXB1L---P4","04/04/2026 08:00 - 04/04/2026 09:00","0.00",""
"04/04/2026 00:00 - 05/04/2026 00:00","CTA|DE(50Hertz)","KW Boxberg Block P","11WD8BOXB1L---P4","Fossil Brown coal/Lignite","11WD8BOXB1L---P4","04/04/2026 09:00 - 04/04/2026 10:00","0.00",""
"04/04/2026 00:00 - 05/04/2026 00:00","CTA|DE(50Hertz)","KW Boxberg Block P","11WD8BOXB1L---P4","Fossil Brown coal/Lignite","11WD8BOXB1L---P4","04/04/2026 10:00 - 04/04/2026 11:00","0.00",""
"04/04/2026 00:00 - 05/04/2026 00:00","CTA|DE(50Hertz)","KW Boxberg Block P","11WD8BOXB1L---P4","Fossil Brown coal/Lignite","11WD8BOXB1L---P4","04/04/2026 11:00 - 04/04/2026 12:00","0.00",""
"04/04/2026 00:00 - 05/04/2026 00:00","CTA|DE(50Hertz)","KW Boxberg Block P","11WD8BOXB1L---P4","Fossil Brown coal/Lignite","11WD8BOXB1L---P4","04/04/2026 12:00 - 04/04/2026 13:00","0.00",""
"04/04/2026 00:00 - 05/04/2026 00:00","CTA|DE(50Hertz)","KW Boxberg Block P","11WD8BOXB1L---P4","Fossil Brown coal/Lignite","11WD8BOXB1L---P4","04/04/2026 13:00 - 04/04/2026 14:00","0.00",""
"04/04/2026 00:00 - 05/04/2026 00:00","CTA|DE(50Hertz)","KW Boxberg Block P","11WD8BOXB1L---P4","Fossil Brown coal/Lignite","11WD8BOXB1L---P4","04/04/2026 14:00 - 04/04/2026 15:00","0.00",""
"04/04/2026 00:00 - 05/04/2026 00:00","CTA|DE(50Hertz)","KW Boxberg Block P","11WD8BOXB1L---P4","Fossil Brown coal/Lignite","11WD8BOXB1L---P4","04/04/2026 15:00 - 04/04/2026 16:00","0.00",""
"04/04/2026 00:00 - 05/04/2026 00:00","CTA|DE(50Hertz)","KW Boxberg Block P","11WD8BOXB1L---P4","Fossil Brown coal/Lignite","11WD8BOXB1L---P4","04/04/2026 16:00 - 04/04/2026 17:00","0.00",""
"04/04/2026 00:00 - 05/04/2026 00:00","CTA|DE(50Hertz)","KW Boxberg Block P","11WD8BOXB1L---P4","Fossil Brown coal/Lignite","11WD8BOXB1L---P4","04/04/2026 17:00 - 04/04/2026 18:00","0.00",""
"04/04/2026 00:00 - 05/04/2026 00:00","CTA|DE(50Hertz)","KW Boxberg Block P","11WD8BOXB1L---P4","Fossil Brown coal/Lignite","11WD8BOXB1L---P4","04/04/2026 18:00 - 04/04/2026 19:00","0.00",""
"04/04/2026 00:00 - 05/04/2026 00:00","CTA|DE(50Hertz)","KW Boxberg Block P","11WD8BOXB1L---P4","Fossil Brown coal/Lignite","11WD8BOXB1L---P4","04/04/2026 19:00 - 04/04/2026 20:00","0.00",""
"04/04/2026 00:00 - 05/04/2026 00:00","CTA|DE(50Hertz)","KW Boxberg Block P","11WD8BOXB1L---P4","Fossil Brown coal/Lignite","11WD8BOXB1L---P4","04/04/2026 20:00 - 04/04/2026 21:00","0.00",""
"04/04/2026 00:00 - 05/04/2026 00:00","CTA|DE(50Hertz)","KW Boxberg Block P","11WD8BOXB1L---P4","Fossil Brown coal/Lignite","11WD8BOXB1L---P4","04/04/2026 21:00 - 04/04/2026 22:00","0.00",""
"04/04/2026 00:00 - 05/04/2026 00:00","CTA|DE(50Hertz)","KW Boxberg Block P","11WD8BOXB1L---P4","Fossil Brown coal/Lignite","11WD8BOXB1L---P4","04/04/2026 22:00 - 04/04/2026 23:00","0.00",""
"04/04/2026 00:00 - 05/04/2026 00:00","CTA|DE(50Hertz)","KW Boxberg Block P","11WD8BOXB1L---P4","Fossil Brown coal/Lignite","11WD8BOXB1L---P4","04/04/2026 23:00 - 05/04/2026 00:00","0.00",""
"04/04/2026 00:00 - 05/04/2026 00:00","CTA|DE(50Hertz)","KW Boxberg Block Q","11WD8BOXB1L---Q2","Fossil Brown coal/Lignite","11WD8BOXB1L---Q2","04/04/2026 00:00 - 04/04/2026 01:00","0.00",""
"04/04/2026 00:00 - 05/04/2026 00:00","CTA|DE(50Hertz)","KW Boxberg Block Q","11WD8BOXB1L---Q2","Fossil Brown coal/Lignite","11WD8BOXB1L---Q2","04/04/2026 01:00 - 04/04/2026 02:00","0.00",""
"04/04/2026 00:00 - 05/04/2026 00:00","CTA|DE(50Hertz)","KW Boxberg Block Q","11WD8BOXB1L---Q2","Fossil Brown coal/Lignite","11WD8BOXB1L---Q2","04/04/2026 02:00 - 04/04/2026 03:00","0.00",""
"04/04/2026 00:00 - 05/04/2026 00:00","CTA|DE(50Hertz)","KW Boxberg Block Q","11WD8BOXB1L---Q2","Fossil Brown coal/Lignite","11WD8BOXB1L---Q2","04/04/2026 03:00 - 04/04/2026 04:00","0.00",""
"04/04/2026 00:00 - 05/04/2026 00:00","CTA|DE(50Hertz)","KW Boxberg Block Q","11WD8BOXB1L---Q2","Fossil Brown coal/Lignite","11WD8BOXB1L---Q2","04/04/2026 04:00 - 04/04/2026 05:00","0.00",""
"04/04/2026 00:00 - 05/04/2026 00:00","CTA|DE(50Hertz)","KW Boxberg Block Q","11WD8BOXB1L---Q2","Fossil Brown coal/Lignite","11WD8BOXB1L---Q2","04/04/2026 05:00 - 04/04/2026 06:00","0.00",""
"04/04/2026 00:00 - 05/04/2026 00:00","CTA|DE(50Hertz)","KW Boxberg Block Q","11WD8BOXB1L---Q2","Fossil Brown coal/Lignite","11WD8BOXB1L---Q2","04/04/2026 06:00 - 04/04/2026 07:00","0.00",""
"04/04/2026 00:00 - 05/04/2026 00:00","CTA|DE(50Hertz)","KW Boxberg Block Q","11WD8BOXB1L---Q2","Fossil Brown coal/Lignite","11WD8BOXB1L---Q2","04/04/2026 07:00 - 04/04/2026 08:00","0.00",""
"04/04/2026 00:00 - 05/04/2026 00:00","CTA|DE(50Hertz)","KW Boxberg Block Q","11WD8BOXB1L---Q2","Fossil Brown coal/Lignite","11WD8BOXB1L---Q2","04/04/2026 08:00 - 04/04/2026 09:00","0.00",""
"04/04/2026 00:00 - 05/04/2026 00:00","CTA|DE(50Hertz)","KW Boxberg Block Q","11WD8BOXB1L---Q2","Fossil Brown coal/Lignite","11WD8BOXB1L---Q2","04/04/2026 09:00 - 04/04/2026 10:00","0.00",""
"04/04/2026 00:00 - 05/04/2026 00:00","CTA|DE(50Hertz)","KW Boxberg Block Q","11WD8BOXB1L---Q2","Fossil Brown coal/Lignite","11WD8BOXB1L---Q2","04/04/2026 10:00 - 04/04/2026 11:00","0.00",""
"04/04/2026 00:00 - 05/04/2026 00:00","CTA|DE(50Hertz)","KW Boxberg Block Q","11WD8BOXB1L---Q2","Fossil Brown coal/Lignite","11WD8BOXB1L---Q2","04/04/2026 11:00 - 04/04/2026 12:00","0.00",""
"04/04/2026 00:00 - 05/04/2026 00:00","CTA|DE(50Hertz)","KW Boxberg Block Q","11WD8BOXB1L---Q2","Fossil Brown coal/Lignite","11WD8BOXB1L---Q2","04/04/2026 12:00 - 04/04/2026 13:00","0.00",""
"04/04/2026 00:00 - 05/04/2026 00:00","CTA|DE(50Hertz)","KW Boxberg Block Q","11WD8BOXB1L---Q2","Fossil Brown coal/Lignite","11WD8BOXB1L---Q2","04/04/2026 13:00 - 04/04/2026 14:00","0.00",""
"04/04/2026 00:00 - 05/04/2026 00:00","CTA|DE(50Hertz)","KW Boxberg Block Q","11WD8BOXB1L---Q2","Fossil Brown coal/Lignite","11WD8BOXB1L---Q2","04/04/2026 14:00 - 04/04/2026 15:00","0.00",""
"04/04/2026 00:00 - 05/04/2026 00:00","CTA|DE(50Hertz)","KW Boxberg Block Q","11WD8BOXB1L---Q2","Fossil Brown coal/Lignite","11WD8BOXB1L---Q2","04/04/2026 15:00 - 04/04/2026 16:00","0.00",""
"04/04/2026 00:00 - 05/04/2026 00:00","CTA|DE(50Hertz)","KW Boxberg Block Q","11WD8BOXB1L---Q2","Fossil Brown coal/Lignite","11WD8BOXB1L---Q2","04/04/2026 16:00 - 04/04/2026 17:00","0.00",""
"04/04/2026 00:00 - 05/04/2026 00:00","CTA|DE(50Hertz)","KW Boxberg Block Q","11WD8BOXB1L---Q2","Fossil Brown coal/Lignite","11WD8BOXB1L---Q2","04/04/2026 17:00 - 04/04/2026 18:00","0.00",""
"04/04/2026 00:00 - 05/04/2026 00:00","CTA|DE(50Hertz)","KW Boxberg Block Q","11WD8BOXB1L---Q2","Fossil Brown coal/Lignite","11WD8BOXB1L---Q2","04/04/2026 18:00 - 04/04/2026 19:00","0.00",""
"04/04/2026 00:00 - 05/04/2026 00:00","CTA|DE(50Hertz)","KW Boxberg Block Q","11WD8BOXB1L---Q2","Fossil Brown coal/Lignite","11WD8BOXB1L---Q2","04/04/2026 19:00 - 04/04/2026 20:00","0.00",""
"04/04/2026 00:00 - 05/04/2026 00:00","CTA|DE(50Hertz)","KW Boxberg Block Q","11WD8BOXB1L---Q2","Fossil Brown coal/Lignite","11WD8BOXB1L---Q2","04/04/2026 20:00 - 04/04/2026 21:00","0.00",""
"04/04/2026 00:00 - 05/04/2026 00:00","CTA|DE(50Hertz)","KW Boxberg Block Q","11WD8BOXB1L---Q2","Fossil Brown coal/Lignite","11WD8BOXB1L---Q2","04/04/2026 21:00 - 04/04/2026 22:00","0.00",""
"04/04/2026 00:00 - 05/04/2026 00:00","CTA|DE(50Hertz)","KW Boxberg Block Q","11WD8BOXB1L---Q2","Fossil Brown coal/Lignite","11WD8BOXB1L---Q2","04/04/2026 22:00 - 04/04/2026 23:00","0.00",""
"04/04/2026 00:00 - 05/04/2026 00:00","CTA|DE(50Hertz)","KW Boxberg Block Q","11WD8BOXB1L---Q2","Fossil Brown coal/Lignite","11WD8BOXB1L---Q2","04/04/2026 23:00 - 05/04/2026 00:00","0.00",""
"04/04/2026 00:00 - 05/04/2026 00:00","CTA|DE(50Hertz)","KW Boxberg Block R","11WD8BOXB1L---R0","Fossil Brown coal/Lignite","11WD8BOXB1L---R0","04/04/2026 00:00 - 04/04/2026 01:00","0.00",""
"04/04/2026 00:00 - 05/04/2026 00:00","CTA|DE(50Hertz)","KW Boxberg Block R","11WD8BOXB1L---R0","Fossil Brown coal/Lignite","11WD8BOXB1L---R0","04/04/2026 01:00 - 04/04/2026 02:00","0.00",""
"04/04/2026 00:00 - 05/04/2026 00:00","CTA|DE(50Hertz)","KW Boxberg Block R","11WD8BOXB1L---R0","Fossil Brown coal/Lignite","11WD8BOXB1L---R0","04/04/2026 02:00 - 04/04/2026 03:00","0.00",""
"04/04/2026 00:00 - 05/04/2026 00:00","CTA|DE(50Hertz)","KW Boxberg Block R","11WD8BOXB1L---R0","Fossil Brown coal/Lignite","11WD8BOXB1L---R0","04/04/2026 03:00 - 04/04/2026 04:00","0.00",""
"04/04/2026 00:00 - 05/04/2026 00:00","CTA|DE(50Hertz)","KW Boxberg Block R","11WD8BOXB1L---R0","Fossil Brown coal/Lignite","11WD8BOXB1L---R0","04/04/2026 04:00 - 04/04/2026 05:00","0.00",""
"04/04/2026 00:00 - 05/04/2026 00:00","CTA|DE(50Hertz)","KW Boxberg Block R","11WD8BOXB1L---R0","Fossil Brown coal/Lignite","11WD8BOXB1L---R0","04/04/2026 05:00 - 04/04/2026 06:00","0.00",""
"04/04/2026 00:00 - 05/04/2026 00:00","CTA|DE(50Hertz)","KW Boxberg Block R","11WD8BOXB1L---R0","Fossil Brown coal/Lignite","11WD8BOXB1L---R0","04/04/2026 06:00 - 04/04/2026 07:00","0.00",""
"04/04/2026 00:00 - 05/04/2026 00:00","CTA|DE(50Hertz)","KW Boxberg Block R","11WD8BOXB1L---R0","Fossil Brown coal/Lignite","11WD8BOXB1L---R0","04/04/2026 07:00 - 04/04/2026 08:00","0.00",""
"04/04/2026 00:00 - 05/04/2026 00:00","CTA|DE(50Hertz)","KW Boxberg Block R","11WD8BOXB1L---R0","Fossil Brown coal/Lignite","11WD8BOXB1L---R0","04/04/2026 08:00 - 04/04/2026 09:00","0.00",""
"04/04/2026 00:00 - 05/04/2026 00:00","CTA|DE(50Hertz)","KW Boxberg Block R","11WD8BOXB1L---R0","Fossil Brown coal/Lignite","11WD8BOXB1L---R0","04/04/2026 09:00 - 04/04/2026 10:00","0.00",""
"04/04/2026 00:00 - 05/04/2026 00:00","CTA|DE(50Hertz)","KW Boxberg Block R","11WD8BOXB1L---R0","Fossil Brown coal/Lignite","11WD8BOXB1L---R0","04/04/2026 10:00 - 04/04/2026 11:00","0.00",""
"04/04/2026 00:00 - 05/04/2026 00:00","CTA|DE(50Hertz)","KW Boxberg Block R","11WD8BOXB1L---R0","Fossil Brown coal/Lignite","11WD8BOXB1L---R0","04/04/2026 11:00 - 04/04/2026 12:00","0.00",""
"04/04/2026 00:00 - 05/04/2026 00:00","CTA|DE(50Hertz)","KW Boxberg Block R","11WD8BOXB1L---R0","Fossil Brown coal/Lignite","11WD8BOXB1L---R0","04/04/2026 12:00 - 04/04/2026 13:00","0.00",""
"04/04/2026 00:00 - 05/04/2026 00:00","CTA|DE(50Hertz)","KW Boxberg Block R","11WD8BOXB1L---R0","Fossil Brown coal/Lignite","11WD8BOXB1L---R0","04/04/2026 13:00 - 04/04/2026 14:00","0.00",""
"04/04/2026 00:00 - 05/04/2026 00:00","CTA|DE(50Hertz)","KW Boxberg Block R","11WD8BOXB1L---R0","Fossil Brown coal/Lignite","11WD8BOXB1L---R0","04/04/2026 14:00 - 04/04/2026 15:00","0.00",""
"04/04/2026 00:00 - 05/04/2026 00:00","CTA|DE(50Hertz)","KW Boxberg Block R","11WD8BOXB1L---R0","Fossil Brown coal/Lignite","11WD8BOXB1L---R0","04/04/2026 15:00 - 04/04/2026 16:00","0.00",""
"04/04/2026 00:00 - 05/04/2026 00:00","CTA|DE(50Hertz)","KW Boxberg Block R","11WD8BOXB1L---R0","Fossil Brown coal/Lignite","11WD8BOXB1L---R0","04/04/2026 16:00 - 04/04/2026 17:00","0.00",""
"04/04/2026 00:00 - 05/04/2026 00:00","CTA|DE(50Hertz)","KW Boxberg Block R","11WD8BOXB1L---R0","Fossil Brown coal/Lignite","11WD8BOXB1L---R0","04/04/2026 17:00 - 04/04/2026 18:00","0.00",""
"04/04/2026 00:00 - 05/04/2026 00:00","CTA|DE(50Hertz)","KW Boxberg Block R","11WD8BOXB1L---R0","Fossil Brown coal/Lignite","11WD8BOXB1L---R0","04/04/2026 18:00 - 04/04/2026 19:00","0.00",""
"04/04/2026 00:00 - 05/04/2026 00:00","CTA|DE(50Hertz)","KW Boxberg Block R","11WD8BOXB1L---R0","Fossil Brown coal/Lignite","11WD8BOXB1L---R0","04/04/2026 19:00 - 04/04/2026 20:00","0.00",""
"04/04/2026 00:00 - 05/04/2026 00:00","CTA|DE(50Hertz)","KW Boxberg Block R","11WD8BOXB1L---R0","Fossil Brown coal/Lignite","11WD8BOXB1L---R0","04/04/2026 20:00 - 04/04/2026 21:00","0.00",""
"04/04/2026 00:00 - 05/04/2026 00:00","CTA|DE(50Hertz)","KW Boxberg Block R","11WD8BOXB1L---R0","Fossil Brown coal/Lignite","11WD8BOXB1L---R0","04/04/2026 21:00 - 04/04/2026 22:00","0.00",""
"04/04/2026 00:00 - 05/04/2026 00:00","CTA|DE(50Hertz)","KW Boxberg Block R","11WD8BOXB1L---R0","Fossil Brown coal/Lignite","11WD8BOXB1L---R0","04/04/2026 22:00 - 04/04/2026 23:00","0.00",""
"04/04/2026 00:00 - 05/04/2026 00:00","CTA|DE(50Hertz)","KW Boxberg Block R","11WD8BOXB1L---R0","Fossil Brown coal/Lignite","11WD8BOXB1L---R0","04/04/2026 23:00 - 05/04/2026 00:00","0.00",""
"04/04/2026 00:00 - 05/04/2026 00:00","CTA|DE(50Hertz)","PSW Goldisthal PSS A","11WD8GOLD1H---AL","Hydro Pumped Storage","11WD8GOLD1H---AL","04/04/2026 00:00 - 04/04/2026 01:00","0.00",""
"04/04/2026 00:00 - 05/04/2026 00:00","CTA|DE(50Hertz)","PSW Goldisthal PSS A","11WD8GOLD1H---AL","Hydro Pumped Storage","11WD8GOLD1H---AL","04/04/2026 01:00 - 04/04/2026 02:00","0.00",""
"04/04/2026 00:00 - 05/04/2026 00:00","CTA|DE(50Hertz)","PSW Goldisthal PSS A","11WD8GOLD1H---AL","Hydro Pumped Storage","11WD8GOLD1H---AL","04/04/2026 02:00 - 04/04/2026 03:00","0.00",""
"04/04/2026 00:00 - 05/04/2026 00:00","CTA|DE(50Hertz)","PSW Goldisthal PSS A","11WD8GOLD1H---AL","Hydro Pumped Storage","11WD8GOLD1H---AL","04/04/2026 03:00 - 04/04/2026 04:00","0.00",""
"04/04/2026 00:00 - 05/04/2026 00:00","CTA|DE(50Hertz)","PSW Goldisthal PSS A","11WD8GOLD1H---AL","Hydro Pumped Storage","11WD8GOLD1H---AL","04/04/2026 04:00 - 04/04/2026 05:00","0.00",""
"04/04/2026 00:00 - 05/04/2026 00:00","CTA|DE(50Hertz)","PSW Goldisthal PSS A","11WD8GOLD1H---AL","Hydro Pumped Storage","11WD8GOLD1H---AL","04/04/2026 05:00 - 04/04/2026 06:00","0.00",""
"04/04/2026 00:00 - 05/04/2026 00:00","CTA|DE(50Hertz)","PSW Goldisthal PSS A","11WD8GOLD1H---AL","Hydro Pumped Storage","11WD8GOLD1H---AL","04/04/2026 06:00 - 04/04/2026 07:00","0.00",""
"04/04/2026 00:00 - 05/04/2026 00:00","CTA|DE(50Hertz)","PSW Goldisthal PSS A","11WD8GOLD1H---AL","Hydro Pumped Storage","11WD8GOLD1H---AL","04/04/2026 07:00 - 04/04/2026 08:00","0.00",""
"04/04/2026 00:00 - 05/04/2026 00:00","CTA|DE(50Hertz)","PSW Goldisthal PSS A","11WD8GOLD1H---AL","Hydro Pumped Storage","11WD8GOLD1H---AL","04/04/2026 08:00 - 04/04/2026 09:00","0.00",""
"04/04/2026 00:00 - 05/04/2026 00:00","CTA|DE(50Hertz)","PSW Goldisthal PSS A","11WD8GOLD1H---AL","Hydro Pumped Storage","11WD8GOLD1H---AL","04/04/2026 09:00 - 04/04/2026 10:00","0.00",""
"04/04/2026 00:00 - 05/04/2026 00:00","CTA|DE(50Hertz)","PSW Goldisthal PSS A","11WD8GOLD1H---AL","Hydro Pumped Storage","11WD8GOLD1H---AL","04/04/2026 10:00 - 04/04/2026 11:00","0.00",""
"04/04/2026 00:00 - 05/04/2026 00:00","CTA|DE(50Hertz)","PSW Goldisthal PSS A","11WD8GOLD1H---AL","Hydro Pumped Storage","11WD8GOLD1H---AL","04/04/2026 11:00 - 04/04/2026 12:00","0.00",""
"04/04/2026 00:00 - 05/04/2026 00:00","CTA|DE(50Hertz)","PSW Goldisthal PSS A","11WD8GOLD1H---AL","Hydro Pumped Storage","11WD8GOLD1H---AL","04/04/2026 12:00 - 04/04/2026 13:00","0.00",""
"04/04/2026 00:00 - 05/04/2026 00:00","CTA|DE(50Hertz)","PSW Goldisthal PSS A","11WD8GOLD1H---AL","Hydro Pumped Storage","11WD8GOLD1H---AL","04/04/2026 13:00 - 04/04/2026 14:00","0.00",""
"04/04/2026 00:00 - 05/04/2026 00:00","CTA|DE(50Hertz)","PSW Goldisthal PSS A","11WD8GOLD1H---AL","Hydro Pumped Storage","11WD8GOLD1H---AL","04/04/2026 14:00 - 04/04/2026 15:00","0.00",""
"04/04/2026 00:00 - 05/04/2026 00:00","CTA|DE(50Hertz)","PSW Goldisthal PSS A","11WD8GOLD1H---AL","Hydro Pumped Storage","11WD8GOLD1H---AL","04/04/2026 15:00 - 04/04/2026 16:00","0.00",""
"04/04/2026 00:00 - 05/04/2026 00:00","CTA|DE(50Hertz)","PSW Goldisthal PSS A","11WD8GOLD1H---AL","Hydro Pumped Storage","11WD8GOLD1H---AL","04/04/2026 16:00 - 04/04/2026 17:00","0.00",""
"04/04/2026 00:00 - 05/04/2026 00:00","CTA|DE(50Hertz)","PSW Goldisthal PSS A","11WD8GOLD1H---AL","Hydro Pumped Storage","11WD8GOLD1H---AL","04/04/2026 17:00 - 04/04/2026 18:00","0.00",""
"04/04/2026 00:00 - 05/04/2026 00:00","CTA|DE(50Hertz)","PSW Goldisthal PSS A","11WD8GOLD1H---AL","Hydro Pumped Storage","11WD8GOLD1H---AL","04/04/2026 18:00 - 04/04/2026 19:00","0.00",""
"04/04/2026 00:00 - 05/04/2026 00:00","CTA|DE(50Hertz)","PSW Goldisthal PSS A","11WD8GOLD1H---AL","Hydro Pumped Storage","11WD8GOLD1H---AL","04/04/2026 19:00 - 04/04/2026 20:00","0.00",""
"04/04/2026 00:00 - 05/04/2026 00:00","CTA|DE(50Hertz)","PSW Goldisthal PSS A","11WD8GOLD1H---AL","Hydro Pumped Storage","11WD8GOLD1H---AL","04/04/2026 20:00 - 04/04/2026 21:00","0.00",""
"04/04/2026 00:00 - 05/04/2026 00:00","CTA|DE(50Hertz)","PSW Goldisthal PSS A","11WD8GOLD1H---AL","Hydro Pumped Storage","11WD8GOLD1H---AL","04/04/2026 21:00 - 04/04/2026 22:00","0.00",""
"04/04/2026 00:00 - 05/04/2026 00:00","CTA|DE(50Hertz)","PSW Goldisthal PSS A","11WD8GOLD1H---AL","Hydro Pumped Storage","11WD8GOLD1H---AL","04/04/2026 22:00 - 04/04/2026 23:00","0.00",""
"04/04/2026 00:00 - 05/04/2026 00:00","CTA|DE(50Hertz)","PSW Goldisthal PSS A","11WD8GOLD1H---AL","Hydro Pumped Storage","11WD8GOLD1H---AL","04/04/2026 23:00 - 05/04/2026 00:00","0.00",""
"04/04/2026 00:00 - 05/04/2026 00:00","CTA|DE(50Hertz)","PSW Goldisthal PSS B","11WD8GOLD1H---BJ","Hydro Pumped Storage","11WD8GOLD1H---BJ","04/04/2026 00:00 - 04/04/2026 01:00","0.00",""
"04/04/2026 00:00 - 05/04/2026 00:00","CTA|DE(50Hertz)","PSW Goldisthal PSS B","11WD8GOLD1H---BJ","Hydro Pumped Storage","11WD8GOLD1H---BJ","04/04/2026 01:00 - 04/04/2026 02:00","0.00",""
"04/04/2026 00:00 - 05/04/2026 00:00","CTA|DE(50Hertz)","PSW Goldisthal PSS B","11WD8GOLD1H---BJ","Hydro Pumped Storage","11WD8GOLD1H---BJ","04/04/2026 02:00 - 04/04/2026 03:00","0.00",""
"04/04/2026 00:00 - 05/04/2026 00:00","CTA|DE(50Hertz)","PSW Goldisthal PSS B","11WD8GOLD1H---BJ","Hydro Pumped Storage","11WD8GOLD1H---BJ","04/04/2026 03:00 - 04/04/2026 04:00","0.00",""
"04/04/2026 00:00 - 05/04/2026 00:00","CTA|DE(50Hertz)","PSW Goldisthal PSS B","11WD8GOLD1H---BJ","Hydro Pumped Storage","11WD8GOLD1H---BJ","04/04/2026 04:00 - 04/04/2026 05:00","0.00",""
"04/04/2026 00:00 - 05/04/2026 00:00","CTA|DE(50Hertz)","PSW Goldisthal PSS B","11WD8GOLD1H---BJ","Hydro Pumped Storage","11WD8GOLD1H---BJ","04/04/2026 05:00 - 04/04/2026 06:00","0.00",""
"04/04/2026 00:00 - 05/04/2026 00:00","CTA|DE(50Hertz)","PSW Goldisthal PSS B","11WD8GOLD1H---BJ","Hydro Pumped Storage","11WD8GOLD1H---BJ","04/04/2026 06:00 - 04/04/2026 07:00","0.00",""
"04/04/2026 00:00 - 05/04/2026 00:00","CTA|DE(50Hertz)","PSW Goldisthal PSS B","11WD8GOLD1H---BJ","Hydro Pumped Storage","11WD8GOLD1H---BJ","04/04/2026 07:00 - 04/04/2026 08:00","0.00",""
"04/04/2026 00:00 - 05/04/2026 00:00","CTA|DE(50Hertz)","PSW Goldisthal PSS B","11WD8GOLD1H---BJ","Hydro Pumped Storage","11WD8GOLD1H---BJ","04/04/2026 08:00 - 04/04/2026 09:00","0.00",""
"04/04/2026 00:00 - 05/04/2026 00:00","CTA|DE(50Hertz)","PSW Goldisthal PSS B","11WD8GOLD1H---BJ","Hydro Pumped Storage","11WD8GOLD1H---BJ","04/04/2026 09:00 - 04/04/2026 10:00","0.00",""
"04/04/2026 00:00 - 05/04/2026 00:00","CTA|DE(50Hertz)","PSW Goldisthal PSS B","11WD8GOLD1H---BJ","Hydro Pumped Storage","11WD8GOLD1H---BJ","04/04/2026 10:00 - 04/04/2026 11:00","0.00",""
"04/04/2026 00:00 - 05/04/2026 00:00","CTA|DE(50Hertz)","PSW Goldisthal PSS B","11WD8GOLD1H---BJ","Hydro Pumped Storage","11WD8GOLD1H---BJ","04/04/2026 11:00 - 04/04/2026 12:00","0.00",""
"04/04/2026 00:00 - 05/04/2026 00:00","CTA|DE(50Hertz)","PSW Goldisthal PSS B","11WD8GOLD1H---BJ","Hydro Pumped Storage","11WD8GOLD1H---BJ","04/04/2026 12:00 - 04/04/2026 13:00","0.00",""
"04/04/2026 00:00 - 05/04/2026 00:00","CTA|DE(50Hertz)","PSW Goldisthal PSS B","11WD8GOLD1H---BJ","Hydro Pumped Storage","11WD8GOLD1H---BJ","04/04/2026 13:00 - 04/04/2026 14:00","0.00",""
"04/04/2026 00:00 - 05/04/2026 00:00","CTA|DE(50Hertz)","PSW Goldisthal PSS B","11WD8GOLD1H---BJ","Hydro Pumped Storage","11WD8GOLD1H---BJ","04/04/2026 14:00 - 04/04/2026 15:00","0.00",""
"04/04/2026 00:00 - 05/04/2026 00:00","CTA|DE(50Hertz)","PSW Goldisthal PSS B","11WD8GOLD1H---BJ","Hydro Pumped Storage","11WD8GOLD1H---BJ","04/04/2026 15:00 - 04/04/2026 16:00","0.00",""
"04/04/2026 00:00 - 05/04/2026 00:00","CTA|DE(50Hertz)","PSW Goldisthal PSS B","11WD8GOLD1H---BJ","Hydro Pumped Storage","11WD8GOLD1H---BJ","04/04/2026 16:00 - 04/04/2026 17:00","0.00",""
"04/04/2026 00:00 - 05/04/2026 00:00","CTA|DE(50Hertz)","PSW Goldisthal PSS B","11WD8GOLD1H---BJ","Hydro Pumped Storage","11WD8GOLD1H---BJ","04/04/2026 17:00 - 04/04/2026 18:00","0.00",""
"04/04/2026 00:00 - 05/04/2026 00:00","CTA|DE(50Hertz)","PSW Goldisthal PSS B","11WD8GOLD1H---BJ","Hydro Pumped Storage","11WD8GOLD1H---BJ","04/04/2026 18:00 - 04/04/2026 19:00","0.00",""
"04/04/2026 00:00 - 05/04/2026 00:00","CTA|DE(50Hertz)","PSW Goldisthal PSS B","11WD8GOLD1H---BJ","Hydro Pumped Storage","11WD8GOLD1H---BJ","04/04/2026 19:00 - 04/04/2026 20:00","0.00",""
"04/04/2026 00:00 - 05/04/2026 00:00","CTA|DE(50Hertz)","PSW Goldisthal PSS B","11WD8GOLD1H---BJ","Hydro Pumped Storage","11WD8GOLD1H---BJ","04/04/2026 20:00 - 04/04/2026 21:00","0.00",""
"04/04/2026 00:00 - 05/04/2026 00:00","CTA|DE(50Hertz)","PSW Goldisthal PSS B","11WD8GOLD1H---BJ","Hydro Pumped Storage","11WD8GOLD1H---BJ","04/04/2026 21:00 - 04/04/2026 22:00","0.00",""
"04/04/2026 00:00 - 05/04/2026 00:00","CTA|DE(50Hertz)","PSW Goldisthal PSS B","11WD8GOLD1H---BJ","Hydro Pumped Storage","11WD8GOLD1H---BJ","04/04/2026 22:00 - 04/04/2026 23:00","0.00",""
"04/04/2026 00:00 - 05/04/2026 00:00","CTA|DE(50Hertz)","PSW Goldisthal PSS B","11WD8GOLD1H---BJ","Hydro Pumped Storage","11WD8GOLD1H---BJ","04/04/2026 23:00 - 05/04/2026 00:00","0.00",""
"04/04/2026 00:00 - 05/04/2026 00:00","CTA|DE(50Hertz)","PSW Goldisthal PSS C","11WD8GOLD1H---CH","Hydro Pumped Storage","11WD8GOLD1H---CH","04/04/2026 00:00 - 04/04/2026 01:00","0.00",""
"04/04/2026 00:00 - 05/04/2026 00:00","CTA|DE(50Hertz)","PSW Goldisthal PSS C","11WD8GOLD1H---CH","Hydro Pumped Storage","11WD8GOLD1H---CH","04/04/2026 01:00 - 04/04/2026 02:00","0.00",""
"04/04/2026 00:00 - 05/04/2026 00:00","CTA|DE(50Hertz)","PSW Goldisthal PSS C","11WD8GOLD1H---CH","Hydro Pumped Storage","11WD8GOLD1H---CH","04/04/2026 02:00 - 04/04/2026 03:00","0.00",""
"04/04/2026 00:00 - 05/04/2026 00:00","CTA|DE(50Hertz)","PSW Goldisthal PSS C","11WD8GOLD1H---CH","Hydro Pumped Storage","11WD8GOLD1H---CH","04/04/2026 03:00 - 04/04/2026 04:00","0.00",""
"04/04/2026 00:00 - 05/04/2026 00:00","CTA|DE(50Hertz)","PSW Goldisthal PSS C","11WD8GOLD1H---CH","Hydro Pumped Storage","11WD8GOLD1H---CH","04/04/2026 04:00 - 04/04/2026 05:00","0.00",""
"04/04/2026 00:00 - 05/04/2026 00:00","CTA|DE(50Hertz)","PSW Goldisthal PSS C","11WD8GOLD1H---CH","Hydro Pumped Storage","11WD8GOLD1H---CH","04/04/2026 05:00 - 04/04/2026 06:00","0.00",""
"04/04/2026 00:00 - 05/04/2026 00:00","CTA|DE(50Hertz)","PSW Goldisthal PSS C","11WD8GOLD1H---CH","Hydro Pumped Storage","11WD8GOLD1H---CH","04/04/2026 06:00 - 04/04/2026 07:00","0.00",""
"04/04/2026 00:00 - 05/04/2026 00:00","CTA|DE(50Hertz)","PSW Goldisthal PSS C","11WD8GOLD1H---CH","Hydro Pumped Storage","11WD8GOLD1H---CH","04/04/2026 07:00 - 04/04/2026 08:00","0.00",""
"04/04/2026 00:00 - 05/04/2026 00:00","CTA|DE(50Hertz)","PSW Goldisthal PSS C","11WD8GOLD1H---CH","Hydro Pumped Storage","11WD8GOLD1H---CH","04/04/2026 08:00 - 04/04/2026 09:00","0.00",""
"04/04/2026 00:00 - 05/04/2026 00:00","CTA|DE(50Hertz)","PSW Goldisthal PSS C","11WD8GOLD1H---CH","Hydro Pumped Storage","11WD8GOLD1H---CH","04/04/2026 09:00 - 04/04/2026 10:00","0.00",""
"04/04/2026 00:00 - 05/04/2026 00:00","CTA|DE(50Hertz)","PSW Goldisthal PSS C","11WD8GOLD1H---CH","Hydro Pumped Storage","11WD8GOLD1H---CH","04/04/2026 10:00 - 04/04/2026 11:00","0.00",""
"04/04/2026 00:00 - 05/04/2026 00:00","CTA|DE(50Hertz)","PSW Goldisthal PSS C","11WD8GOLD1H---CH","Hydro Pumped Storage","11WD8GOLD1H---CH","04/04/2026 11:00 - 04/04/2026 12:00","0.00",""
"04/04/2026 00:00 - 05/04/2026 00:00","CTA|DE(50Hertz)","PSW Goldisthal PSS C","11WD8GOLD1H---CH","Hydro Pumped Storage","11WD8GOLD1H---CH","04/04/2026 12:00 - 04/04/2026 13:00","0.00",""
"04/04/2026 00:00 - 05/04/2026 00:00","CTA|DE(50Hertz)","PSW Goldisthal PSS C","11WD8GOLD1H---CH","Hydro Pumped Storage","11WD8GOLD1H---CH","04/04/2026 13:00 - 04/04/2026 14:00","0.00",""
"04/04/2026 00:00 - 05/04/2026 00:00","CTA|DE(50Hertz)","PSW Goldisthal PSS C","11WD8GOLD1H---CH","Hydro Pumped Storage","11WD8GOLD1H---CH","04/04/2026 14:00 - 04/04/2026 15:00","0.00",""
"04/04/2026 00:00 - 05/04/2026 00:00","CTA|DE(50Hertz)","PSW Goldisthal PSS C","11WD8GOLD1H---CH","Hydro Pumped Storage","11WD8GOLD1H---CH","04/04/2026 15:00 - 04/04/2026 16:00","0.00",""
"04/04/2026 00:00 - 05/04/2026 00:00","CTA|DE(50Hertz)","PSW Goldisthal PSS C","11WD8GOLD1H---CH","Hydro Pumped Storage","11WD8GOLD1H---CH","04/04/2026 16:00 - 04/04/2026 17:00","0.00",""
"04/04/2026 00:00 - 05/04/2026 00:00","CTA|DE(50Hertz)","PSW Goldisthal PSS C","11WD8GOLD1H---CH","Hydro Pumped Storage","11WD8GOLD1H---CH","04/04/2026 17:00 - 04/04/2026 18:00","144.25",""
"04/04/2026 00:00 - 05/04/2026 00:00","CTA|DE(50Hertz)","PSW Goldisthal PSS C","11WD8GOLD1H---CH","Hydro Pumped Storage","11WD8GOLD1H---CH","04/04/2026 18:00 - 04/04/2026 19:00","285.75",""
"04/04/2026 00:00 - 05/04/2026 00:00","CTA|DE(50Hertz)","PSW Goldisthal PSS C","11WD8GOLD1H---CH","Hydro Pumped Storage","11WD8GOLD1H---CH","04/04/2026 19:00 - 04/04/2026 20:00","283.25",""
"04/04/2026 00:00 - 05/04/2026 00:00","CTA|DE(50Hertz)","PSW Goldisthal PSS C","11WD8GOLD1H---CH","Hydro Pumped Storage","11WD8GOLD1H---CH","04/04/2026 20:00 - 04/04/2026 21:00","279.75",""
"04/04/2026 00:00 - 05/04/2026 00:00","CTA|DE(50Hertz)","PSW Goldisthal PSS C","11WD8GOLD1H---CH","Hydro Pumped Storage","11WD8GOLD1H---CH","04/04/2026 21:00 - 04/04/2026 22:00","276.50",""
"04/04/2026 00:00 - 05/04/2026 00:00","CTA|DE(50Hertz)","PSW Goldisthal PSS C","11WD8GOLD1H---CH","Hydro Pumped Storage","11WD8GOLD1H---CH","04/04/2026 22:00 - 04/04/2026 23:00","273.00",""
"04/04/2026 00:00 - 05/04/2026 00:00","CTA|DE(50Hertz)","PSW Goldisthal PSS C","11WD8GOLD1H---CH","Hydro Pumped Storage","11WD8GOLD1H---CH","04/04/2026 23:00 - 05/04/2026 00:00","268.75",""
"04/04/2026 00:00 - 05/04/2026 00:00","CTA|DE(50Hertz)","PSW Goldisthal PSS D","11WD8GOLD1H---DF","Hydro Pumped Storage","11WD8GOLD1H---DF","04/04/2026 00:00 - 04/04/2026 01:00","96.75",""
"04/04/2026 00:00 - 05/04/2026 00:00","CTA|DE(50Hertz)","PSW Goldisthal PSS D","11WD8GOLD1H---DF","Hydro Pumped Storage","11WD8GOLD1H---DF","04/04/2026 01:00 - 04/04/2026 02:00","0.00",""
"04/04/2026 00:00 - 05/04/2026 00:00","CTA|DE(50Hertz)","PSW Goldisthal PSS D","11WD8GOLD1H---DF","Hydro Pumped Storage","11WD8GOLD1H---DF","04/04/2026 02:00 - 04/04/2026 03:00","0.00",""
"04/04/2026 00:00 - 05/04/2026 00:00","CTA|DE(50Hertz)","PSW Goldisthal PSS D","11WD8GOLD1H---DF","Hydro Pumped Storage","11WD8GOLD1H---DF","04/04/2026 03:00 - 04/04/2026 04:00","0.00",""
"04/04/2026 00:00 - 05/04/2026 00:00","CTA|DE(50Hertz)","PSW Goldisthal PSS D","11WD8GOLD1H---DF","Hydro Pumped Storage","11WD8GOLD1H---DF","04/04/2026 04:00 - 04/04/2026 05:00","0.00",""
"04/04/2026 00:00 - 05/04/2026 00:00","CTA|DE(50Hertz)","PSW Goldisthal PSS D","11WD8GOLD1H---DF","Hydro Pumped Storage","11WD8GOLD1H---DF","04/04/2026 05:00 - 04/04/2026 06:00","0.00",""
"04/04/2026 00:00 - 05/04/2026 00:00","CTA|DE(50Hertz)","PSW Goldisthal PSS D","11WD8GOLD1H---DF","Hydro Pumped Storage","11WD8GOLD1H---DF","04/04/2026 06:00 - 04/04/2026 07:00","0.00",""
"04/04/2026 00:00 - 05/04/2026 00:00","CTA|DE(50Hertz)","PSW Goldisthal PSS D","11WD8GOLD1H---DF","Hydro Pumped Storage","11WD8GOLD1H---DF","04/04/2026 07:00 - 04/04/2026 08:00","0.00",""
"04/04/2026 00:00 - 05/04/2026 00:00","CTA|DE(50Hertz)","PSW Goldisthal PSS D","11WD8GOLD1H---DF","Hydro Pumped Storage","11WD8GOLD1H---DF","04/04/2026 08:00 - 04/04/2026 09:00","0.00",""
"04/04/2026 00:00 - 05/04/2026 00:00","CTA|DE(50Hertz)","PSW Goldisthal PSS D","11WD8GOLD1H---DF","Hydro Pumped Storage","11WD8GOLD1H---DF","04/04/2026 09:00 - 04/04/2026 10:00","0.00",""
"04/04/2026 00:00 - 05/04/2026 00:00","CTA|DE(50Hertz)","PSW Goldisthal PSS D","11WD8GOLD1H---DF","Hydro Pumped Storage","11WD8GOLD1H---DF","04/04/2026 10:00 - 04/04/2026 11:00","0.00",""
"04/04/2026 00:00 - 05/04/2026 00:00","CTA|DE(50Hertz)","PSW Goldisthal PSS D","11WD8GOLD1H---DF","Hydro Pumped Storage","11WD8GOLD1H---DF","04/04/2026 11:00 - 04/04/2026 12:00","0.00",""
"04/04/2026 00:00 - 05/04/2026 00:00","CTA|DE(50Hertz)","PSW Goldisthal PSS D","11WD8GOLD1H---DF","Hydro Pumped Storage","11WD8GOLD1H---DF","04/04/2026 12:00 - 04/04/2026 13:00","0.00",""
"04/04/2026 00:00 - 05/04/2026 00:00","CTA|DE(50Hertz)","PSW Goldisthal PSS D","11WD8GOLD1H---DF","Hydro Pumped Storage","11WD8GOLD1H---DF","04/04/2026 13:00 - 04/04/2026 14:00","0.00",""
"04/04/2026 00:00 - 05/04/2026 00:00","CTA|DE(50Hertz)","PSW Goldisthal PSS D","11WD8GOLD1H---DF","Hydro Pumped Storage","11WD8GOLD1H---DF","04/04/2026 14:00 - 04/04/2026 15:00","0.00",""
"04/04/2026 00:00 - 05/04/2026 00:00","CTA|DE(50Hertz)","PSW Goldisthal PSS D","11WD8GOLD1H---DF","Hydro Pumped Storage","11WD8GOLD1H---DF","04/04/2026 15:00 - 04/04/2026 16:00","0.00",""
"04/04/2026 00:00 - 05/04/2026 00:00","CTA|DE(50Hertz)","PSW Goldisthal PSS D","11WD8GOLD1H---DF","Hydro Pumped Storage","11WD8GOLD1H---DF","04/04/2026 16:00 - 04/04/2026 17:00","0.00",""
"04/04/2026 00:00 - 05/04/2026 00:00","CTA|DE(50Hertz)","PSW Goldisthal PSS D","11WD8GOLD1H---DF","Hydro Pumped Storage","11WD8GOLD1H---DF","04/04/2026 17:00 - 04/04/2026 18:00","146.75",""
"04/04/2026 00:00 - 05/04/2026 00:00","CTA|DE(50Hertz)","PSW Goldisthal PSS D","11WD8GOLD1H---DF","Hydro Pumped Storage","11WD8GOLD1H---DF","04/04/2026 18:00 - 04/04/2026 19:00","291.00",""
"04/04/2026 00:00 - 05/04/2026 00:00","CTA|DE(50Hertz)","PSW Goldisthal PSS D","11WD8GOLD1H---DF","Hydro Pumped Storage","11WD8GOLD1H---DF","04/04/2026 19:00 - 04/04/2026 20:00","288.00",""
"04/04/2026 00:00 - 05/04/2026 00:00","CTA|DE(50Hertz)","PSW Goldisthal PSS D","11WD8GOLD1H---DF","Hydro Pumped Storage","11WD8GOLD1H---DF","04/04/2026 20:00 - 04/04/2026 21:00","284.75",""
"04/04/2026 00:00 - 05/04/2026 00:00","CTA|DE(50Hertz)","PSW Goldisthal PSS D","11WD8GOLD1H---DF","Hydro Pumped Storage","11WD8GOLD1H---DF","04/04/2026 21:00 - 04/04/2026 22:00","281.50",""
"04/04/2026 00:00 - 05/04/2026 00:00","CTA|DE(50Hertz)","PSW Goldisthal PSS D","11WD8GOLD1H---DF","Hydro Pumped Storage","11WD8GOLD1H---DF","04/04/2026 22:00 - 04/04/2026 23:00","274.75",""
"04/04/2026 00:00 - 05/04/2026 00:00","CTA|DE(50Hertz)","PSW Goldisthal PSS D","11WD8GOLD1H---DF","Hydro Pumped Storage","11WD8GOLD1H---DF","04/04/2026 23:00 - 05/04/2026 00:00","252.25",""
"04/04/2026 00:00 - 05/04/2026 00:00","CTA|DE(50Hertz)","KW Jänschwalde Block B","11WD8JAEN1L---BB","Fossil Brown coal/Lignite","11WD8JAEN1L---BB","04/04/2026 00:00 - 04/04/2026 01:00","273.50",""
"04/04/2026 00:00 - 05/04/2026 00:00","CTA|DE(50Hertz)","KW Jänschwalde Block B","11WD8JAEN1L---BB","Fossil Brown coal/Lignite","11WD8JAEN1L---BB","04/04/2026 01:00 - 04/04/2026 02:00","272.00",""
"04/04/2026 00:00 - 05/04/2026 00:00","CTA|DE(50Hertz)","KW Jänschwalde Block B","11WD8JAEN1L---BB","Fossil Brown coal/Lignite","11WD8JAEN1L---BB","04/04/2026 02:00 - 04/04/2026 03:00","270.50",""
"04/04/2026 00:00 - 05/04/2026 00:00","CTA|DE(50Hertz)","KW Jänschwalde Block B","11WD8JAEN1L---BB","Fossil Brown coal/Lignite","11WD8JAEN1L---BB","04/04/2026 03:00 - 04/04/2026 04:00","269.75",""
"04/04/2026 00:00 - 05/04/2026 00:00","CTA|DE(50Hertz)","KW Jänschwalde Block B","11WD8JAEN1L---BB","Fossil Brown coal/Lignite","11WD8JAEN1L---BB","04/04/2026 04:00 - 04/04/2026 05:00","271.25",""
"04/04/2026 00:00 - 05/04/2026 00:00","CTA|DE(50Hertz)","KW Jänschwalde Block B","11WD8JAEN1L---BB","Fossil Brown coal/Lignite","11WD8JAEN1L---BB","04/04/2026 05:00 - 04/04/2026 06:00","271.00",""
"04/04/2026 00:00 - 05/04/2026 00:00","CTA|DE(50Hertz)","KW Jänschwalde Block B","11WD8JAEN1L---BB","Fossil Brown coal/Lignite","11WD8JAEN1L---BB","04/04/2026 06:00 - 04/04/2026 07:00","269.50",""
"04/04/2026 00:00 - 05/04/2026 00:00","CTA|DE(50Hertz)","KW Jänschwalde Block B","11WD8JAEN1L---BB","Fossil Brown coal/Lignite","11WD8JAEN1L---BB","04/04/2026 07:00 - 04/04/2026 08:00","269.25",""
"04/04/2026 00:00 - 05/04/2026 00:00","CTA|DE(50Hertz)","KW Jänschwalde Block B","11WD8JAEN1L---BB","Fossil Brown coal/Lignite","11WD8JAEN1L---BB","04/04/2026 08:00 - 04/04/2026 09:00","269.00",""
"04/04/2026 00:00 - 05/04/2026 00:00","CTA|DE(50Hertz)","KW Jänschwalde Block B","11WD8JAEN1L---BB","Fossil Brown coal/Lignite","11WD8JAEN1L---BB","04/04/2026 09:00 - 04/04/2026 10:00","272.00",""
"04/04/2026 00:00 - 05/04/2026 00:00","CTA|DE(50Hertz)","KW Jänschwalde Block B","11WD8JAEN1L---BB","Fossil Brown coal/Lignite","11WD8JAEN1L---BB","04/04/2026 10:00 - 04/04/2026 11:00","258.25",""
"04/04/2026 00:00 - 05/04/2026 00:00","CTA|DE(50Hertz)","KW Jänschwalde Block B","11WD8JAEN1L---BB","Fossil Brown coal/Lignite","11WD8JAEN1L---BB","04/04/2026 11:00 - 04/04/2026 12:00","214.50",""
"04/04/2026 00:00 - 05/04/2026 00:00","CTA|DE(50Hertz)","KW Jänschwalde Block B","11WD8JAEN1L---BB","Fossil Brown coal/Lignite","11WD8JAEN1L---BB","04/04/2026 12:00 - 04/04/2026 13:00","214.00",""
"04/04/2026 00:00 - 05/04/2026 00:00","CTA|DE(50Hertz)","KW Jänschwalde Block B","11WD8JAEN1L---BB","Fossil Brown coal/Lignite","11WD8JAEN1L---BB","04/04/2026 13:00 - 04/04/2026 14:00","211.25",""
"04/04/2026 00:00 - 05/04/2026 00:00","CTA|DE(50Hertz)","KW Jänschwalde Block B","11WD8JAEN1L---BB","Fossil Brown coal/Lignite","11WD8JAEN1L---BB","04/04/2026 14:00 - 04/04/2026 15:00","211.25",""
"04/04/2026 00:00 - 05/04/2026 00:00","CTA|DE(50Hertz)","KW Jänschwalde Block B","11WD8JAEN1L---BB","Fossil Brown coal/Lignite","11WD8JAEN1L---BB","04/04/2026 15:00 - 04/04/2026 16:00","209.75",""
"04/04/2026 00:00 - 05/04/2026 00:00","CTA|DE(50Hertz)","KW Jänschwalde Block B","11WD8JAEN1L---BB","Fossil Brown coal/Lignite","11WD8JAEN1L---BB","04/04/2026 16:00 - 04/04/2026 17:00","263.50",""
"04/04/2026 00:00 - 05/04/2026 00:00","CTA|DE(50Hertz)","KW Jänschwalde Block B","11WD8JAEN1L---BB","Fossil Brown coal/Lignite","11WD8JAEN1L---BB","04/04/2026 17:00 - 04/04/2026 18:00","282.00",""
"04/04/2026 00:00 - 05/04/2026 00:00","CTA|DE(50Hertz)","KW Jänschwalde Block B","11WD8JAEN1L---BB","Fossil Brown coal/Lignite","11WD8JAEN1L---BB","04/04/2026 18:00 - 04/04/2026 19:00","410.50",""
"04/04/2026 00:00 - 05/04/2026 00:00","CTA|DE(50Hertz)","KW Jänschwalde Block B","11WD8JAEN1L---BB","Fossil Brown coal/Lignite","11WD8JAEN1L---BB","04/04/2026 19:00 - 04/04/2026 20:00","363.25",""
"04/04/2026 00:00 - 05/04/2026 00:00","CTA|DE(50Hertz)","KW Jänschwalde Block B","11WD8JAEN1L---BB","Fossil Brown coal/Lignite","11WD8JAEN1L---BB","04/04/2026 20:00 - 04/04/2026 21:00","278.50",""
"04/04/2026 00:00 - 05/04/2026 00:00","CTA|DE(50Hertz)","KW Jänschwalde Block B","11WD8JAEN1L---BB","Fossil Brown coal/Lignite","11WD8JAEN1L---BB","04/04/2026 21:00 - 04/04/2026 22:00","285.50",""
"04/04/2026 00:00 - 05/04/2026 00:00","CTA|DE(50Hertz)","KW Jänschwalde Block B","11WD8JAEN1L---BB","Fossil Brown coal/Lignite","11WD8JAEN1L---BB","04/04/2026 22:00 - 04/04/2026 23:00","374.75",""
"04/04/2026 00:00 - 05/04/2026 00:00","CTA|DE(50Hertz)","KW Jänschwalde Block B","11WD8JAEN1L---BB","Fossil Brown coal/Lignite","11WD8JAEN1L---BB","04/04/2026 23:00 - 05/04/2026 00:00","373.50",""
"04/04/2026 00:00 - 05/04/2026 00:00","CTA|DE(50Hertz)","KW Jänschwalde Block C","11WD8JAEN1L---C9","Fossil Brown coal/Lignite","11WD8JAEN1L---C9","04/04/2026 00:00 - 04/04/2026 01:00","160.50",""
"04/04/2026 00:00 - 05/04/2026 00:00","CTA|DE(50Hertz)","KW Jänschwalde Block C","11WD8JAEN1L---C9","Fossil Brown coal/Lignite","11WD8JAEN1L---C9","04/04/2026 01:00 - 04/04/2026 02:00","160.75",""
"04/04/2026 00:00 - 05/04/2026 00:00","CTA|DE(50Hertz)","KW Jänschwalde Block C","11WD8JAEN1L---C9","Fossil Brown coal/Lignite","11WD8JAEN1L---C9","04/04/2026 02:00 - 04/04/2026 03:00","160.25",""
"04/04/2026 00:00 - 05/04/2026 00:00","CTA|DE(50Hertz)","KW Jänschwalde Block C","11WD8JAEN1L---C9","Fossil Brown coal/Lignite","11WD8JAEN1L---C9","04/04/2026 03:00 - 04/04/2026 04:00","160.50",""
"04/04/2026 00:00 - 05/04/2026 00:00","CTA|DE(50Hertz)","KW Jänschwalde Block C","11WD8JAEN1L---C9","Fossil Brown coal/Lignite","11WD8JAEN1L---C9","04/04/2026 04:00 - 04/04/2026 05:00","160.75",""
"04/04/2026 00:00 - 05/04/2026 00:00","CTA|DE(50Hertz)","KW Jänschwalde Block C","11WD8JAEN1L---C9","Fossil Brown coal/Lignite","11WD8JAEN1L---C9","04/04/2026 05:00 - 04/04/2026 06:00","160.25",""
"04/04/2026 00:00 - 05/04/2026 00:00","CTA|DE(50Hertz)","KW Jänschwalde Block C","11WD8JAEN1L---C9","Fossil Brown coal/Lignite","11WD8JAEN1L---C9","04/04/2026 06:00 - 04/04/2026 07:00","160.00",""
"04/04/2026 00:00 - 05/04/2026 00:00","CTA|DE(50Hertz)","KW Jänschwalde Block C","11WD8JAEN1L---C9","Fossil Brown coal/Lignite","11WD8JAEN1L---C9","04/04/2026 07:00 - 04/04/2026 08:00","160.00",""
"04/04/2026 00:00 - 05/04/2026 00:00","CTA|DE(50Hertz)","KW Jänschwalde Block C","11WD8JAEN1L---C9","Fossil Brown coal/Lignite","11WD8JAEN1L---C9","04/04/2026 08:00 - 04/04/2026 09:00","160.50",""
"04/04/2026 00:00 - 05/04/2026 00:00","CTA|DE(50Hertz)","KW Jänschwalde Block C","11WD8JAEN1L---C9","Fossil Brown coal/Lignite","11WD8JAEN1L---C9","04/04/2026 09:00 - 04/04/2026 10:00","161.00",""
"04/04/2026 00:00 - 05/04/2026 00:00","CTA|DE(50Hertz)","KW Jänschwalde Block C","11WD8JAEN1L---C9","Fossil Brown coal/Lignite","11WD8JAEN1L---C9","04/04/2026 10:00 - 04/04/2026 11:00","160.50",""
"04/04/2026 00:00 - 05/04/2026 00:00","CTA|DE(50Hertz)","KW Jänschwalde Block C","11WD8JAEN1L---C9","Fossil Brown coal/Lignite","11WD8JAEN1L---C9","04/04/2026 11:00 - 04/04/2026 12:00","160.00",""
"04/04/2026 00:00 - 05/04/2026 00:00","CTA|DE(50Hertz)","KW Jänschwalde Block C","11WD8JAEN1L---C9","Fossil Brown coal/Lignite","11WD8JAEN1L---C9","04/04/2026 12:00 - 04/04/2026 13:00","160.00",""
"04/04/2026 00:00 - 05/04/2026 00:00","CTA|DE(50Hertz)","KW Jänschwalde Block C","11WD8JAEN1L---C9","Fossil Brown coal/Lignite","11WD8JAEN1L---C9","04/04/2026 13:00 - 04/04/2026 14:00","157.50",""
"04/04/2026 00:00 - 05/04/2026 00:00","CTA|DE(50Hertz)","KW Jänschwalde Block C","11WD8JAEN1L---C9","Fossil Brown coal/Lignite","11WD8JAEN1L---C9","04/04/2026 14:00 - 04/04/2026 15:00","157.75",""
"04/04/2026 00:00 - 05/04/2026 00:00","CTA|DE(50Hertz)","KW Jänschwalde Block C","11WD8JAEN1L---C9","Fossil Brown coal/Lignite","11WD8JAEN1L---C9","04/04/2026 15:00 - 04/04/2026 16:00","157.25",""
"04/04/2026 00:00 - 05/04/2026 00:00","CTA|DE(50Hertz)","KW Jänschwalde Block C","11WD8JAEN1L---C9","Fossil Brown coal/Lignite","11WD8JAEN1L---C9","04/04/2026 16:00 - 04/04/2026 17:00","156.75",""
"04/04/2026 00:00 - 05/04/2026 00:00","CTA|DE(50Hertz)","KW Jänschwalde Block C","11WD8JAEN1L---C9","Fossil Brown coal/Lignite","11WD8JAEN1L---C9","04/04/2026 17:00 - 04/04/2026 18:00","156.50",""
"04/04/2026 00:00 - 05/04/2026 00:00","CTA|DE(50Hertz)","KW Jänschwalde Block C","11WD8JAEN1L---C9","Fossil Brown coal/Lignite","11WD8JAEN1L---C9","04/04/2026 18:00 - 04/04/2026 19:00","190.75",""
"04/04/2026 00:00 - 05/04/2026 00:00","CTA|DE(50Hertz)","KW Jänschwalde Block C","11WD8JAEN1L---C9","Fossil Brown coal/Lignite","11WD8JAEN1L---C9","04/04/2026 19:00 - 04/04/2026 20:00","194.50",""
"04/04/2026 00:00 - 05/04/2026 00:00","CTA|DE(50Hertz)","KW Jänschwalde Block C","11WD8JAEN1L---C9","Fossil Brown coal/Lignite","11WD8JAEN1L---C9","04/04/2026 20:00 - 04/04/2026 21:00","156.50",""
"04/04/2026 00:00 - 05/04/2026 00:00","CTA|DE(50Hertz)","KW Jänschwalde Block C","11WD8JAEN1L---C9","Fossil Brown coal/Lignite","11WD8JAEN1L---C9","04/04/2026 21:00 - 04/04/2026 22:00","158.25",""
"04/04/2026 00:00 - 05/04/2026 00:00","CTA|DE(50Hertz)","KW Jänschwalde Block C","11WD8JAEN1L---C9","Fossil Brown coal/Lignite","11WD8JAEN1L---C9","04/04/2026 22:00 - 04/04/2026 23:00","167.00",""
"04/04/2026 00:00 - 05/04/2026 00:00","CTA|DE(50Hertz)","KW Jänschwalde Block C","11WD8JAEN1L---C9","Fossil Brown coal/Lignite","11WD8JAEN1L---C9","04/04/2026 23:00 - 05/04/2026 00:00","158.50",""
"04/04/2026 00:00 - 05/04/2026 00:00","CTA|DE(50Hertz)","KW Jänschwalde Block D","11WD8JAEN1L---D7","Fossil Brown coal/Lignite","11WD8JAEN1L---D7","04/04/2026 00:00 - 04/04/2026 01:00","0.00",""
"04/04/2026 00:00 - 05/04/2026 00:00","CTA|DE(50Hertz)","KW Jänschwalde Block D","11WD8JAEN1L---D7","Fossil Brown coal/Lignite","11WD8JAEN1L---D7","04/04/2026 01:00 - 04/04/2026 02:00","0.00",""
"04/04/2026 00:00 - 05/04/2026 00:00","CTA|DE(50Hertz)","KW Jänschwalde Block D","11WD8JAEN1L---D7","Fossil Brown coal/Lignite","11WD8JAEN1L---D7","04/04/2026 02:00 - 04/04/2026 03:00","0.00",""
"04/04/2026 00:00 - 05/04/2026 00:00","CTA|DE(50Hertz)","KW Jänschwalde Block D","11WD8JAEN1L---D7","Fossil Brown coal/Lignite","11WD8JAEN1L---D7","04/04/2026 03:00 - 04/04/2026 04:00","0.00",""
"04/04/2026 00:00 - 05/04/2026 00:00","CTA|DE(50Hertz)","KW Jänschwalde Block D","11WD8JAEN1L---D7","Fossil Brown coal/Lignite","11WD8JAEN1L---D7","04/04/2026 04:00 - 04/04/2026 05:00","0.00",""
"04/04/2026 00:00 - 05/04/2026 00:00","CTA|DE(50Hertz)","KW Jänschwalde Block D","11WD8JAEN1L---D7","Fossil Brown coal/Lignite","11WD8JAEN1L---D7","04/04/2026 05:00 - 04/04/2026 06:00","0.00",""
"04/04/2026 00:00 - 05/04/2026 00:00","CTA|DE(50Hertz)","KW Jänschwalde Block D","11WD8JAEN1L---D7","Fossil Brown coal/Lignite","11WD8JAEN1L---D7","04/04/2026 06:00 - 04/04/2026 07:00","0.00",""
"04/04/2026 00:00 - 05/04/2026 00:00","CTA|DE(50Hertz)","KW Jänschwalde Block D","11WD8JAEN1L---D7","Fossil Brown coal/Lignite","11WD8JAEN1L---D7","04/04/2026 07:00 - 04/04/2026 08:00","0.00",""
"04/04/2026 00:00 - 05/04/2026 00:00","CTA|DE(50Hertz)","KW Jänschwalde Block D","11WD8JAEN1L---D7","Fossil Brown coal/Lignite","11WD8JAEN1L---D7","04/04/2026 08:00 - 04/04/2026 09:00","0.00",""
"04/04/2026 00:00 - 05/04/2026 00:00","CTA|DE(50Hertz)","KW Jänschwalde Block D","11WD8JAEN1L---D7","Fossil Brown coal/Lignite","11WD8JAEN1L---D7","04/04/2026 09:00 - 04/04/2026 10:00","0.00",""
"04/04/2026 00:00 - 05/04/2026 00:00","CTA|DE(50Hertz)","KW Jänschwalde Block D","11WD8JAEN1L---D7","Fossil Brown coal/Lignite","11WD8JAEN1L---D7","04/04/2026 10:00 - 04/04/2026 11:00","0.00",""
"04/04/2026 00:00 - 05/04/2026 00:00","CTA|DE(50Hertz)","KW Jänschwalde Block D","11WD8JAEN1L---D7","Fossil Brown coal/Lignite","11WD8JAEN1L---D7","04/04/2026 11:00 - 04/04/2026 12:00","0.00",""
"04/04/2026 00:00 - 05/04/2026 00:00","CTA|DE(50Hertz)","KW Jänschwalde Block D","11WD8JAEN1L---D7","Fossil Brown coal/Lignite","11WD8JAEN1L---D7","04/04/2026 12:00 - 04/04/2026 13:00","0.00",""
"04/04/2026 00:00 - 05/04/2026 00:00","CTA|DE(50Hertz)","KW Jänschwalde Block D","11WD8JAEN1L---D7","Fossil Brown coal/Lignite","11WD8JAEN1L---D7","04/04/2026 13:00 - 04/04/2026 14:00","0.00",""
"04/04/2026 00:00 - 05/04/2026 00:00","CTA|DE(50Hertz)","KW Jänschwalde Block D","11WD8JAEN1L---D7","Fossil Brown coal/Lignite","11WD8JAEN1L---D7","04/04/2026 14:00 - 04/04/2026 15:00","0.00",""
"04/04/2026 00:00 - 05/04/2026 00:00","CTA|DE(50Hertz)","KW Jänschwalde Block D","11WD8JAEN1L---D7","Fossil Brown coal/Lignite","11WD8JAEN1L---D7","04/04/2026 15:00 - 04/04/2026 16:00","0.00",""
"04/04/2026 00:00 - 05/04/2026 00:00","CTA|DE(50Hertz)","KW Jänschwalde Block D","11WD8JAEN1L---D7","Fossil Brown coal/Lignite","11WD8JAEN1L---D7","04/04/2026 16:00 - 04/04/2026 17:00","0.00",""
"04/04/2026 00:00 - 05/04/2026 00:00","CTA|DE(50Hertz)","KW Jänschwalde Block D","11WD8JAEN1L---D7","Fossil Brown coal/Lignite","11WD8JAEN1L---D7","04/04/2026 17:00 - 04/04/2026 18:00","0.00",""
"04/04/2026 00:00 - 05/04/2026 00:00","CTA|DE(50Hertz)","KW Jänschwalde Block D","11WD8JAEN1L---D7","Fossil Brown coal/Lignite","11WD8JAEN1L---D7","04/04/2026 18:00 - 04/04/2026 19:00","0.00",""
"04/04/2026 00:00 - 05/04/2026 00:00","CTA|DE(50Hertz)","KW Jänschwalde Block D","11WD8JAEN1L---D7","Fossil Brown coal/Lignite","11WD8JAEN1L---D7","04/04/2026 19:00 - 04/04/2026 20:00","0.00",""
"04/04/2026 00:00 - 05/04/2026 00:00","CTA|DE(50Hertz)","KW Jänschwalde Block D","11WD8JAEN1L---D7","Fossil Brown coal/Lignite","11WD8JAEN1L---D7","04/04/2026 20:00 - 04/04/2026 21:00","0.00",""
"04/04/2026 00:00 - 05/04/2026 00:00","CTA|DE(50Hertz)","KW Jänschwalde Block D","11WD8JAEN1L---D7","Fossil Brown coal/Lignite","11WD8JAEN1L---D7","04/04/2026 21:00 - 04/04/2026 22:00","0.00",""
"04/04/2026 00:00 - 05/04/2026 00:00","CTA|DE(50Hertz)","KW Jänschwalde Block D","11WD8JAEN1L---D7","Fossil Brown coal/Lignite","11WD8JAEN1L---D7","04/04/2026 22:00 - 04/04/2026 23:00","0.00",""
"04/04/2026 00:00 - 05/04/2026 00:00","CTA|DE(50Hertz)","KW Jänschwalde Block D","11WD8JAEN1L---D7","Fossil Brown coal/Lignite","11WD8JAEN1L---D7","04/04/2026 23:00 - 05/04/2026 00:00","0.00",""
"04/04/2026 00:00 - 05/04/2026 00:00","CTA|DE(50Hertz)","HKW Klingenberg 1-3","11WD8KLIN5G--13E","Fossil Gas","11WD8KLIN5G--13E","04/04/2026 00:00 - 04/04/2026 01:00","19.75",""
"04/04/2026 00:00 - 05/04/2026 00:00","CTA|DE(50Hertz)","HKW Klingenberg 1-3","11WD8KLIN5G--13E","Fossil Gas","11WD8KLIN5G--13E","04/04/2026 01:00 - 04/04/2026 02:00","19.00",""
"04/04/2026 00:00 - 05/04/2026 00:00","CTA|DE(50Hertz)","HKW Klingenberg 1-3","11WD8KLIN5G--13E","Fossil Gas","11WD8KLIN5G--13E","04/04/2026 02:00 - 04/04/2026 03:00","20.00",""
"04/04/2026 00:00 - 05/04/2026 00:00","CTA|DE(50Hertz)","HKW Klingenberg 1-3","11WD8KLIN5G--13E","Fossil Gas","11WD8KLIN5G--13E","04/04/2026 03:00 - 04/04/2026 04:00","20.00",""
"04/04/2026 00:00 - 05/04/2026 00:00","CTA|DE(50Hertz)","HKW Klingenberg 1-3","11WD8KLIN5G--13E","Fossil Gas","11WD8KLIN5G--13E","04/04/2026 04:00 - 04/04/2026 05:00","20.00",""
"04/04/2026 00:00 - 05/04/2026 00:00","CTA|DE(50Hertz)","HKW Klingenberg 1-3","11WD8KLIN5G--13E","Fossil Gas","11WD8KLIN5G--13E","04/04/2026 05:00 - 04/04/2026 06:00","19.75",""
"04/04/2026 00:00 - 05/04/2026 00:00","CTA|DE(50Hertz)","HKW Klingenberg 1-3","11WD8KLIN5G--13E","Fossil Gas","11WD8KLIN5G--13E","04/04/2026 06:00 - 04/04/2026 07:00","19.50",""
"04/04/2026 00:00 - 05/04/2026 00:00","CTA|DE(50Hertz)","HKW Klingenberg 1-3","11WD8KLIN5G--13E","Fossil Gas","11WD8KLIN5G--13E","04/04/2026 07:00 - 04/04/2026 08:00","19.50",""
"04/04/2026 00:00 - 05/04/2026 00:00","CTA|DE(50Hertz)","HKW Klingenberg 1-3","11WD8KLIN5G--13E","Fossil Gas","11WD8KLIN5G--13E","04/04/2026 08:00 - 04/04/2026 09:00","19.50",""
"04/04/2026 00:00 - 05/04/2026 00:00","CTA|DE(50Hertz)","HKW Klingenberg 1-3","11WD8KLIN5G--13E","Fossil Gas","11WD8KLIN5G--13E","04/04/2026 09:00 - 04/04/2026 10:00","19.50",""
"04/04/2026 00:00 - 05/04/2026 00:00","CTA|DE(50Hertz)","HKW Klingenberg 1-3","11WD8KLIN5G--13E","Fossil Gas","11WD8KLIN5G--13E","04/04/2026 10:00 - 04/04/2026 11:00","19.25",""
"04/04/2026 00:00 - 05/04/2026 00:00","CTA|DE(50Hertz)","HKW Klingenberg 1-3","11WD8KLIN5G--13E","Fossil Gas","11WD8KLIN5G--13E","04/04/2026 11:00 - 04/04/2026 12:00","19.00",""
"04/04/2026 00:00 - 05/04/2026 00:00","CTA|DE(50Hertz)","HKW Klingenberg 1-3","11WD8KLIN5G--13E","Fossil Gas","11WD8KLIN5G--13E","04/04/2026 12:00 - 04/04/2026 13:00","19.75",""
"04/04/2026 00:00 - 05/04/2026 00:00","CTA|DE(50Hertz)","HKW Klingenberg 1-3","11WD8KLIN5G--13E","Fossil Gas","11WD8KLIN5G--13E","04/04/2026 13:00 - 04/04/2026 14:00","20.00",""
"04/04/2026 00:00 - 05/04/2026 00:00","CTA|DE(50Hertz)","HKW Klingenberg 1-3","11WD8KLIN5G--13E","Fossil Gas","11WD8KLIN5G--13E","04/04/2026 14:00 - 04/04/2026 15:00","19.25",""
"04/04/2026 00:00 - 05/04/2026 00:00","CTA|DE(50Hertz)","HKW Klingenberg 1-3","11WD8KLIN5G--13E","Fossil Gas","11WD8KLIN5G--13E","04/04/2026 15:00 - 04/04/2026 16:00","19.50",""
"04/04/2026 00:00 - 05/04/2026 00:00","CTA|DE(50Hertz)","HKW Klingenberg 1-3","11WD8KLIN5G--13E","Fossil Gas","11WD8KLIN5G--13E","04/04/2026 16:00 - 04/04/2026 17:00","19.75",""
"04/04/2026 00:00 - 05/04/2026 00:00","CTA|DE(50Hertz)","HKW Klingenberg 1-3","11WD8KLIN5G--13E","Fossil Gas","11WD8KLIN5G--13E","04/04/2026 17:00 - 04/04/2026 18:00","19.75",""
"04/04/2026 00:00 - 05/04/2026 00:00","CTA|DE(50Hertz)","HKW Klingenberg 1-3","11WD8KLIN5G--13E","Fossil Gas","11WD8KLIN5G--13E","04/04/2026 18:00 - 04/04/2026 19:00","19.25",""
"04/04/2026 00:00 - 05/04/2026 00:00","CTA|DE(50Hertz)","HKW Klingenberg 1-3","11WD8KLIN5G--13E","Fossil Gas","11WD8KLIN5G--13E","04/04/2026 19:00 - 04/04/2026 20:00","19.00",""
"04/04/2026 00:00 - 05/04/2026 00:00","CTA|DE(50Hertz)","HKW Klingenberg 1-3","11WD8KLIN5G--13E","Fossil Gas","11WD8KLIN5G--13E","04/04/2026 20:00 - 04/04/2026 21:00","19.25",""
"04/04/2026 00:00 - 05/04/2026 00:00","CTA|DE(50Hertz)","HKW Klingenberg 1-3","11WD8KLIN5G--13E","Fossil Gas","11WD8KLIN5G--13E","04/04/2026 21:00 - 04/04/2026 22:00","19.25",""
"04/04/2026 00:00 - 05/04/2026 00:00","CTA|DE(50Hertz)","HKW Klingenberg 1-3","11WD8KLIN5G--13E","Fossil Gas","11WD8KLIN5G--13E","04/04/2026 22:00 - 04/04/2026 23:00","19.25",""
"04/04/2026 00:00 - 05/04/2026 00:00","CTA|DE(50Hertz)","HKW Klingenberg 1-3","11WD8KLIN5G--13E","Fossil Gas","11WD8KLIN5G--13E","04/04/2026 23:00 - 05/04/2026 00:00","19.50",""
"04/04/2026 00:00 - 05/04/2026 00:00","CTA|DE(50Hertz)","HKW Nord GuD Nord","11WD8LEIP5X----6","Fossil Gas","11WD8LEIP5X----6","04/04/2026 00:00 - 04/04/2026 01:00","25.45",""
"04/04/2026 00:00 - 05/04/2026 00:00","CTA|DE(50Hertz)","HKW Nord GuD Nord","11WD8LEIP5X----6","Fossil Gas","11WD8LEIP5X----6","04/04/2026 01:00 - 04/04/2026 02:00","21.77",""
"04/04/2026 00:00 - 05/04/2026 00:00","CTA|DE(50Hertz)","HKW Nord GuD Nord","11WD8LEIP5X----6","Fossil Gas","11WD8LEIP5X----6","04/04/2026 02:00 - 04/04/2026 03:00","1.00",""
"04/04/2026 00:00 - 05/04/2026 00:00","CTA|DE(50Hertz)","HKW Nord GuD Nord","11WD8LEIP5X----6","Fossil Gas","11WD8LEIP5X----6","04/04/2026 03:00 - 04/04/2026 04:00","1.00",""
"04/04/2026 00:00 - 05/04/2026 00:00","CTA|DE(50Hertz)","HKW Nord GuD Nord","11WD8LEIP5X----6","Fossil Gas","11WD8LEIP5X----6","04/04/2026 04:00 - 04/04/2026 05:00","1.00",""
"04/04/2026 00:00 - 05/04/2026 00:00","CTA|DE(50Hertz)","HKW Nord GuD Nord","11WD8LEIP5X----6","Fossil Gas","11WD8LEIP5X----6","04/04/2026 05:00 - 04/04/2026 06:00","1.00",""
"04/04/2026 00:00 - 05/04/2026 00:00","CTA|DE(50Hertz)","HKW Nord GuD Nord","11WD8LEIP5X----6","Fossil Gas","11WD8LEIP5X----6","04/04/2026 06:00 - 04/04/2026 07:00","1.00",""
"04/04/2026 00:00 - 05/04/2026 00:00","CTA|DE(50Hertz)","HKW Nord GuD Nord","11WD8LEIP5X----6","Fossil Gas","11WD8LEIP5X----6","04/04/2026 07:00 - 04/04/2026 08:00","1.00",""
"04/04/2026 00:00 - 05/04/2026 00:00","CTA|DE(50Hertz)","HKW Nord GuD Nord","11WD8LEIP5X----6","Fossil Gas","11WD8LEIP5X----6","04/04/2026 08:00 - 04/04/2026 09:00","1.00",""
"04/04/2026 00:00 - 05/04/2026 00:00","CTA|DE(50Hertz)","HKW Nord GuD Nord","11WD8LEIP5X----6","Fossil Gas","11WD8LEIP5X----6","04/04/2026 09:00 - 04/04/2026 10:00","1.00",""
"04/04/2026 00:00 - 05/04/2026 00:00","CTA|DE(50Hertz)","HKW Nord GuD Nord","11WD8LEIP5X----6","Fossil Gas","11WD8LEIP5X----6","04/04/2026 10:00 - 04/04/2026 11:00","1.00",""
"04/04/2026 00:00 - 05/04/2026 00:00","CTA|DE(50Hertz)","HKW Nord GuD Nord","11WD8LEIP5X----6","Fossil Gas","11WD8LEIP5X----6","04/04/2026 11:00 - 04/04/2026 12:00","1.00",""
"04/04/2026 00:00 - 05/04/2026 00:00","CTA|DE(50Hertz)","HKW Nord GuD Nord","11WD8LEIP5X----6","Fossil Gas","11WD8LEIP5X----6","04/04/2026 12:00 - 04/04/2026 13:00","1.00",""
"04/04/2026 00:00 - 05/04/2026 00:00","CTA|DE(50Hertz)","HKW Nord GuD Nord","11WD8LEIP5X----6","Fossil Gas","11WD8LEIP5X----6","04/04/2026 13:00 - 04/04/2026 14:00","1.00",""
"04/04/2026 00:00 - 05/04/2026 00:00","CTA|DE(50Hertz)","HKW Nord GuD Nord","11WD8LEIP5X----6","Fossil Gas","11WD8LEIP5X----6","04/04/2026 14:00 - 04/04/2026 15:00","1.00",""
"04/04/2026 00:00 - 05/04/2026 00:00","CTA|DE(50Hertz)","HKW Nord GuD Nord","11WD8LEIP5X----6","Fossil Gas","11WD8LEIP5X----6","04/04/2026 15:00 - 04/04/2026 16:00","1.73",""
"04/04/2026 00:00 - 05/04/2026 00:00","CTA|DE(50Hertz)","HKW Nord GuD Nord","11WD8LEIP5X----6","Fossil Gas","11WD8LEIP5X----6","04/04/2026 16:00 - 04/04/2026 17:00","8.75",""
"04/04/2026 00:00 - 05/04/2026 00:00","CTA|DE(50Hertz)","HKW Nord GuD Nord","11WD8LEIP5X----6","Fossil Gas","11WD8LEIP5X----6","04/04/2026 17:00 - 04/04/2026 18:00","28.38",""
"04/04/2026 00:00 - 05/04/2026 00:00","CTA|DE(50Hertz)","HKW Nord GuD Nord","11WD8LEIP5X----6","Fossil Gas","11WD8LEIP5X----6","04/04/2026 18:00 - 04/04/2026 19:00","49.98",""
"04/04/2026 00:00 - 05/04/2026 00:00","CTA|DE(50Hertz)","HKW Nord GuD Nord","11WD8LEIP5X----6","Fossil Gas","11WD8LEIP5X----6","04/04/2026 19:00 - 04/04/2026 20:00","57.70",""
"04/04/2026 00:00 - 05/04/2026 00:00","CTA|DE(50Hertz)","HKW Nord GuD Nord","11WD8LEIP5X----6","Fossil Gas","11WD8LEIP5X----6","04/04/2026 20:00 - 04/04/2026 21:00","57.70",""
"04/04/2026 00:00 - 05/04/2026 00:00","CTA|DE(50Hertz)","HKW Nord GuD Nord","11WD8LEIP5X----6","Fossil Gas","11WD8LEIP5X----6","04/04/2026 21:00 - 04/04/2026 22:00","55.17",""
"04/04/2026 00:00 - 05/04/2026 00:00","CTA|DE(50Hertz)","HKW Nord GuD Nord","11WD8LEIP5X----6","Fossil Gas","11WD8LEIP5X----6","04/04/2026 22:00 - 04/04/2026 23:00","50.30",""
"04/04/2026 00:00 - 05/04/2026 00:00","CTA|DE(50Hertz)","HKW Nord GuD Nord","11WD8LEIP5X----6","Fossil Gas","11WD8LEIP5X----6","04/04/2026 23:00 - 05/04/2026 00:00","20.20",""
"04/04/2026 00:00 - 05/04/2026 00:00","CTA|DE(50Hertz)","KW Lippendorf Block R","11WD8LIPD1L---R6","Fossil Brown coal/Lignite","11WD8LIPD1L---R6","04/04/2026 00:00 - 04/04/2026 01:00","0.00",""
"04/04/2026 00:00 - 05/04/2026 00:00","CTA|DE(50Hertz)","KW Lippendorf Block R","11WD8LIPD1L---R6","Fossil Brown coal/Lignite","11WD8LIPD1L---R6","04/04/2026 01:00 - 04/04/2026 02:00","0.00",""
"04/04/2026 00:00 - 05/04/2026 00:00","CTA|DE(50Hertz)","KW Lippendorf Block R","11WD8LIPD1L---R6","Fossil Brown coal/Lignite","11WD8LIPD1L---R6","04/04/2026 02:00 - 04/04/2026 03:00","0.00",""
"04/04/2026 00:00 - 05/04/2026 00:00","CTA|DE(50Hertz)","KW Lippendorf Block R","11WD8LIPD1L---R6","Fossil Brown coal/Lignite","11WD8LIPD1L---R6","04/04/2026 03:00 - 04/04/2026 04:00","0.00",""
"04/04/2026 00:00 - 05/04/2026 00:00","CTA|DE(50Hertz)","KW Lippendorf Block R","11WD8LIPD1L---R6","Fossil Brown coal/Lignite","11WD8LIPD1L---R6","04/04/2026 04:00 - 04/04/2026 05:00","0.00",""
"04/04/2026 00:00 - 05/04/2026 00:00","CTA|DE(50Hertz)","KW Lippendorf Block R","11WD8LIPD1L---R6","Fossil Brown coal/Lignite","11WD8LIPD1L---R6","04/04/2026 05:00 - 04/04/2026 06:00","0.00",""
"04/04/2026 00:00 - 05/04/2026 00:00","CTA|DE(50Hertz)","KW Lippendorf Block R","11WD8LIPD1L---R6","Fossil Brown coal/Lignite","11WD8LIPD1L---R6","04/04/2026 06:00 - 04/04/2026 07:00","0.00",""
"04/04/2026 00:00 - 05/04/2026 00:00","CTA|DE(50Hertz)","KW Lippendorf Block R","11WD8LIPD1L---R6","Fossil Brown coal/Lignite","11WD8LIPD1L---R6","04/04/2026 07:00 - 04/04/2026 08:00","0.00",""
"04/04/2026 00:00 - 05/04/2026 00:00","CTA|DE(50Hertz)","KW Lippendorf Block R","11WD8LIPD1L---R6","Fossil Brown coal/Lignite","11WD8LIPD1L---R6","04/04/2026 08:00 - 04/04/2026 09:00","0.00",""
"04/04/2026 00:00 - 05/04/2026 00:00","CTA|DE(50Hertz)","KW Lippendorf Block R","11WD8LIPD1L---R6","Fossil Brown coal/Lignite","11WD8LIPD1L---R6","04/04/2026 09:00 - 04/04/2026 10:00","0.00",""
"04/04/2026 00:00 - 05/04/2026 00:00","CTA|DE(50Hertz)","KW Lippendorf Block R","11WD8LIPD1L---R6","Fossil Brown coal/Lignite","11WD8LIPD1L---R6","04/04/2026 10:00 - 04/04/2026 11:00","0.00",""
"04/04/2026 00:00 - 05/04/2026 00:00","CTA|DE(50Hertz)","KW Lippendorf Block R","11WD8LIPD1L---R6","Fossil Brown coal/Lignite","11WD8LIPD1L---R6","04/04/2026 11:00 - 04/04/2026 12:00","0.00",""
"04/04/2026 00:00 - 05/04/2026 00:00","CTA|DE(50Hertz)","KW Lippendorf Block R","11WD8LIPD1L---R6","Fossil Brown coal/Lignite","11WD8LIPD1L---R6","04/04/2026 12:00 - 04/04/2026 13:00","0.00",""
"04/04/2026 00:00 - 05/04/2026 00:00","CTA|DE(50Hertz)","KW Lippendorf Block R","11WD8LIPD1L---R6","Fossil Brown coal/Lignite","11WD8LIPD1L---R6","04/04/2026 13:00 - 04/04/2026 14:00","0.00",""
"04/04/2026 00:00 - 05/04/2026 00:00","CTA|DE(50Hertz)","KW Lippendorf Block R","11WD8LIPD1L---R6","Fossil Brown coal/Lignite","11WD8LIPD1L---R6","04/04/2026 14:00 - 04/04/2026 15:00","0.00",""
"04/04/2026 00:00 - 05/04/2026 00:00","CTA|DE(50Hertz)","KW Lippendorf Block R","11WD8LIPD1L---R6","Fossil Brown coal/Lignite","11WD8LIPD1L---R6","04/04/2026 15:00 - 04/04/2026 16:00","0.00",""
"04/04/2026 00:00 - 05/04/2026 00:00","CTA|DE(50Hertz)","KW Lippendorf Block R","11WD8LIPD1L---R6","Fossil Brown coal/Lignite","11WD8LIPD1L---R6","04/04/2026 16:00 - 04/04/2026 17:00","0.00",""
"04/04/2026 00:00 - 05/04/2026 00:00","CTA|DE(50Hertz)","KW Lippendorf Block R","11WD8LIPD1L---R6","Fossil Brown coal/Lignite","11WD8LIPD1L---R6","04/04/2026 17:00 - 04/04/2026 18:00","0.00",""
"04/04/2026 00:00 - 05/04/2026 00:00","CTA|DE(50Hertz)","KW Lippendorf Block R","11WD8LIPD1L---R6","Fossil Brown coal/Lignite","11WD8LIPD1L---R6","04/04/2026 18:00 - 04/04/2026 19:00","0.00",""
"04/04/2026 00:00 - 05/04/2026 00:00","CTA|DE(50Hertz)","KW Lippendorf Block R","11WD8LIPD1L---R6","Fossil Brown coal/Lignite","11WD8LIPD1L---R6","04/04/2026 19:00 - 04/04/2026 20:00","0.00",""
"04/04/2026 00:00 - 05/04/2026 00:00","CTA|DE(50Hertz)","KW Lippendorf Block R","11WD8LIPD1L---R6","Fossil Brown coal/Lignite","11WD8LIPD1L---R6","04/04/2026 20:00 - 04/04/2026 21:00","0.00",""
"04/04/2026 00:00 - 05/04/2026 00:00","CTA|DE(50Hertz)","KW Lippendorf Block R","11WD8LIPD1L---R6","Fossil Brown coal/Lignite","11WD8LIPD1L---R6","04/04/2026 21:00 - 04/04/2026 22:00","0.00",""
"04/04/2026 00:00 - 05/04/2026 00:00","CTA|DE(50Hertz)","KW Lippendorf Block R","11WD8LIPD1L---R6","Fossil Brown coal/Lignite","11WD8LIPD1L---R6","04/04/2026 22:00 - 04/04/2026 23:00","0.00",""
"04/04/2026 00:00 - 05/04/2026 00:00","CTA|DE(50Hertz)","KW Lippendorf Block R","11WD8LIPD1L---R6","Fossil Brown coal/Lignite","11WD8LIPD1L---R6","04/04/2026 23:00 - 05/04/2026 00:00","0.00",""
"04/04/2026 00:00 - 05/04/2026 00:00","CTA|DE(50Hertz)","KW Lippendorf Block S","11WD8LIPD1L---S4","Fossil Brown coal/Lignite","11WD8LIPD1L---S4","04/04/2026 00:00 - 04/04/2026 01:00","0.00",""
"04/04/2026 00:00 - 05/04/2026 00:00","CTA|DE(50Hertz)","KW Lippendorf Block S","11WD8LIPD1L---S4","Fossil Brown coal/Lignite","11WD8LIPD1L---S4","04/04/2026 01:00 - 04/04/2026 02:00","0.00",""
"04/04/2026 00:00 - 05/04/2026 00:00","CTA|DE(50Hertz)","KW Lippendorf Block S","11WD8LIPD1L---S4","Fossil Brown coal/Lignite","11WD8LIPD1L---S4","04/04/2026 02:00 - 04/04/2026 03:00","0.00",""
"04/04/2026 00:00 - 05/04/2026 00:00","CTA|DE(50Hertz)","KW Lippendorf Block S","11WD8LIPD1L---S4","Fossil Brown coal/Lignite","11WD8LIPD1L---S4","04/04/2026 03:00 - 04/04/2026 04:00","0.00",""
"04/04/2026 00:00 - 05/04/2026 00:00","CTA|DE(50Hertz)","KW Lippendorf Block S","11WD8LIPD1L---S4","Fossil Brown coal/Lignite","11WD8LIPD1L---S4","04/04/2026 04:00 - 04/04/2026 05:00","0.00",""
"04/04/2026 00:00 - 05/04/2026 00:00","CTA|DE(50Hertz)","KW Lippendorf Block S","11WD8LIPD1L---S4","Fossil Brown coal/Lignite","11WD8LIPD1L---S4","04/04/2026 05:00 - 04/04/2026 06:00","0.00",""
"04/04/2026 00:00 - 05/04/2026 00:00","CTA|DE(50Hertz)","KW Lippendorf Block S","11WD8LIPD1L---S4","Fossil Brown coal/Lignite","11WD8LIPD1L---S4","04/04/2026 06:00 - 04/04/2026 07:00","0.00",""
"04/04/2026 00:00 - 05/04/2026 00:00","CTA|DE(50Hertz)","KW Lippendorf Block S","11WD8LIPD1L---S4","Fossil Brown coal/Lignite","11WD8LIPD1L---S4","04/04/2026 07:00 - 04/04/2026 08:00","0.00",""
"04/04/2026 00:00 - 05/04/2026 00:00","CTA|DE(50Hertz)","KW Lippendorf Block S","11WD8LIPD1L---S4","Fossil Brown coal/Lignite","11WD8LIPD1L---S4","04/04/2026 08:00 - 04/04/2026 09:00","0.00",""
"04/04/2026 00:00 - 05/04/2026 00:00","CTA|DE(50Hertz)","KW Lippendorf Block S","11WD8LIPD1L---S4","Fossil Brown coal/Lignite","11WD8LIPD1L---S4","04/04/2026 09:00 - 04/04/2026 10:00","0.00",""
"04/04/2026 00:00 - 05/04/2026 00:00","CTA|DE(50Hertz)","KW Lippendorf Block S","11WD8LIPD1L---S4","Fossil Brown coal/Lignite","11WD8LIPD1L---S4","04/04/2026 10:00 - 04/04/2026 11:00","0.00",""
"04/04/2026 00:00 - 05/04/2026 00:00","CTA|DE(50Hertz)","KW Lippendorf Block S","11WD8LIPD1L---S4","Fossil Brown coal/Lignite","11WD8LIPD1L---S4","04/04/2026 11:00 - 04/04/2026 12:00","0.00",""
"04/04/2026 00:00 - 05/04/2026 00:00","CTA|DE(50Hertz)","KW Lippendorf Block S","11WD8LIPD1L---S4","Fossil Brown coal/Lignite","11WD8LIPD1L---S4","04/04/2026 12:00 - 04/04/2026 13:00","0.00",""
"04/04/2026 00:00 - 05/04/2026 00:00","CTA|DE(50Hertz)","KW Lippendorf Block S","11WD8LIPD1L---S4","Fossil Brown coal/Lignite","11WD8LIPD1L---S4","04/04/2026 13:00 - 04/04/2026 14:00","0.00",""
"04/04/2026 00:00 - 05/04/2026 00:00","CTA|DE(50Hertz)","KW Lippendorf Block S","11WD8LIPD1L---S4","Fossil Brown coal/Lignite","11WD8LIPD1L---S4","04/04/2026 14:00 - 04/04/2026 15:00","0.00",""
"04/04/2026 00:00 - 05/04/2026 00:00","CTA|DE(50Hertz)","KW Lippendorf Block S","11WD8LIPD1L---S4","Fossil Brown coal/Lignite","11WD8LIPD1L---S4","04/04/2026 15:00 - 04/04/2026 16:00","0.00",""
"04/04/2026 00:00 - 05/04/2026 00:00","CTA|DE(50Hertz)","KW Lippendorf Block S","11WD8LIPD1L---S4","Fossil Brown coal/Lignite","11WD8LIPD1L---S4","04/04/2026 16:00 - 04/04/2026 17:00","0.00",""
"04/04/2026 00:00 - 05/04/2026 00:00","CTA|DE(50Hertz)","KW Lippendorf Block S","11WD8LIPD1L---S4","Fossil Brown coal/Lignite","11WD8LIPD1L---S4","04/04/2026 17:00 - 04/04/2026 18:00","0.00",""
"04/04/2026 00:00 - 05/04/2026 00:00","CTA|DE(50Hertz)","KW Lippendorf Block S","11WD8LIPD1L---S4","Fossil Brown coal/Lignite","11WD8LIPD1L---S4","04/04/2026 18:00 - 04/04/2026 19:00","0.00",""
"04/04/2026 00:00 - 05/04/2026 00:00","CTA|DE(50Hertz)","KW Lippendorf Block S","11WD8LIPD1L---S4","Fossil Brown coal/Lignite","11WD8LIPD1L---S4","04/04/2026 19:00 - 04/04/2026 20:00","0.00",""
"04/04/2026 00:00 - 05/04/2026 00:00","CTA|DE(50Hertz)","KW Lippendorf Block S","11WD8LIPD1L---S4","Fossil Brown coal/Lignite","11WD8LIPD1L---S4","04/04/2026 20:00 - 04/04/2026 21:00","0.00",""
"04/04/2026 00:00 - 05/04/2026 00:00","CTA|DE(50Hertz)","KW Lippendorf Block S","11WD8LIPD1L---S4","Fossil Brown coal/Lignite","11WD8LIPD1L---S4","04/04/2026 21:00 - 04/04/2026 22:00","0.00",""
"04/04/2026 00:00 - 05/04/2026 00:00","CTA|DE(50Hertz)","KW Lippendorf Block S","11WD8LIPD1L---S4","Fossil Brown coal/Lignite","11WD8LIPD1L---S4","04/04/2026 22:00 - 04/04/2026 23:00","0.00",""
"04/04/2026 00:00 - 05/04/2026 00:00","CTA|DE(50Hertz)","KW Lippendorf Block S","11WD8LIPD1L---S4","Fossil Brown coal/Lignite","11WD8LIPD1L---S4","04/04/2026 23:00 - 05/04/2026 00:00","0.00",""
"04/04/2026 00:00 - 05/04/2026 00:00","CTA|DE(50Hertz)","PSW Markersbach PSS A","11WD8MARK1H---AM","Hydro Pumped Storage","11WD8MARK1H---AM","04/04/2026 00:00 - 04/04/2026 01:00","35.25",""
"04/04/2026 00:00 - 05/04/2026 00:00","CTA|DE(50Hertz)","PSW Markersbach PSS A","11WD8MARK1H---AM","Hydro Pumped Storage","11WD8MARK1H---AM","04/04/2026 01:00 - 04/04/2026 02:00","74.00",""
"04/04/2026 00:00 - 05/04/2026 00:00","CTA|DE(50Hertz)","PSW Markersbach PSS A","11WD8MARK1H---AM","Hydro Pumped Storage","11WD8MARK1H---AM","04/04/2026 02:00 - 04/04/2026 03:00","51.75",""
"04/04/2026 00:00 - 05/04/2026 00:00","CTA|DE(50Hertz)","PSW Markersbach PSS A","11WD8MARK1H---AM","Hydro Pumped Storage","11WD8MARK1H---AM","04/04/2026 03:00 - 04/04/2026 04:00","40.25",""
"04/04/2026 00:00 - 05/04/2026 00:00","CTA|DE(50Hertz)","PSW Markersbach PSS A","11WD8MARK1H---AM","Hydro Pumped Storage","11WD8MARK1H---AM","04/04/2026 04:00 - 04/04/2026 05:00","38.50",""
"04/04/2026 00:00 - 05/04/2026 00:00","CTA|DE(50Hertz)","PSW Markersbach PSS A","11WD8MARK1H---AM","Hydro Pumped Storage","11WD8MARK1H---AM","04/04/2026 05:00 - 04/04/2026 06:00","0.00",""
"04/04/2026 00:00 - 05/04/2026 00:00","CTA|DE(50Hertz)","PSW Markersbach PSS A","11WD8MARK1H---AM","Hydro Pumped Storage","11WD8MARK1H---AM","04/04/2026 06:00 - 04/04/2026 07:00","138.00",""
"04/04/2026 00:00 - 05/04/2026 00:00","CTA|DE(50Hertz)","PSW Markersbach PSS A","11WD8MARK1H---AM","Hydro Pumped Storage","11WD8MARK1H---AM","04/04/2026 07:00 - 04/04/2026 08:00","143.50",""
"04/04/2026 00:00 - 05/04/2026 00:00","CTA|DE(50Hertz)","PSW Markersbach PSS A","11WD8MARK1H---AM","Hydro Pumped Storage","11WD8MARK1H---AM","04/04/2026 08:00 - 04/04/2026 09:00","155.25",""
"04/04/2026 00:00 - 05/04/2026 00:00","CTA|DE(50Hertz)","PSW Markersbach PSS A","11WD8MARK1H---AM","Hydro Pumped Storage","11WD8MARK1H---AM","04/04/2026 09:00 - 04/04/2026 10:00","111.50",""
"04/04/2026 00:00 - 05/04/2026 00:00","CTA|DE(50Hertz)","PSW Markersbach PSS A","11WD8MARK1H---AM","Hydro Pumped Storage","11WD8MARK1H---AM","04/04/2026 10:00 - 04/04/2026 11:00","0.00",""
"04/04/2026 00:00 - 05/04/2026 00:00","CTA|DE(50Hertz)","PSW Markersbach PSS A","11WD8MARK1H---AM","Hydro Pumped Storage","11WD8MARK1H---AM","04/04/2026 11:00 - 04/04/2026 12:00","0.00",""
"04/04/2026 00:00 - 05/04/2026 00:00","CTA|DE(50Hertz)","PSW Markersbach PSS A","11WD8MARK1H---AM","Hydro Pumped Storage","11WD8MARK1H---AM","04/04/2026 12:00 - 04/04/2026 13:00","0.00",""
"04/04/2026 00:00 - 05/04/2026 00:00","CTA|DE(50Hertz)","PSW Markersbach PSS A","11WD8MARK1H---AM","Hydro Pumped Storage","11WD8MARK1H---AM","04/04/2026 13:00 - 04/04/2026 14:00","0.00",""
"04/04/2026 00:00 - 05/04/2026 00:00","CTA|DE(50Hertz)","PSW Markersbach PSS A","11WD8MARK1H---AM","Hydro Pumped Storage","11WD8MARK1H---AM","04/04/2026 14:00 - 04/04/2026 15:00","0.00",""
"04/04/2026 00:00 - 05/04/2026 00:00","CTA|DE(50Hertz)","PSW Markersbach PSS A","11WD8MARK1H---AM","Hydro Pumped Storage","11WD8MARK1H---AM","04/04/2026 15:00 - 04/04/2026 16:00","0.00",""
"04/04/2026 00:00 - 05/04/2026 00:00","CTA|DE(50Hertz)","PSW Markersbach PSS A","11WD8MARK1H---AM","Hydro Pumped Storage","11WD8MARK1H---AM","04/04/2026 16:00 - 04/04/2026 17:00","0.00",""
"04/04/2026 00:00 - 05/04/2026 00:00","CTA|DE(50Hertz)","PSW Markersbach PSS A","11WD8MARK1H---AM","Hydro Pumped Storage","11WD8MARK1H---AM","04/04/2026 17:00 - 04/04/2026 18:00","86.75",""
"04/04/2026 00:00 - 05/04/2026 00:00","CTA|DE(50Hertz)","PSW Markersbach PSS A","11WD8MARK1H---AM","Hydro Pumped Storage","11WD8MARK1H---AM","04/04/2026 18:00 - 04/04/2026 19:00","171.50",""
"04/04/2026 00:00 - 05/04/2026 00:00","CTA|DE(50Hertz)","PSW Markersbach PSS A","11WD8MARK1H---AM","Hydro Pumped Storage","11WD8MARK1H---AM","04/04/2026 19:00 - 04/04/2026 20:00","167.50",""
"04/04/2026 00:00 - 05/04/2026 00:00","CTA|DE(50Hertz)","PSW Markersbach PSS A","11WD8MARK1H---AM","Hydro Pumped Storage","11WD8MARK1H---AM","04/04/2026 20:00 - 04/04/2026 21:00","164.50",""
"04/04/2026 00:00 - 05/04/2026 00:00","CTA|DE(50Hertz)","PSW Markersbach PSS A","11WD8MARK1H---AM","Hydro Pumped Storage","11WD8MARK1H---AM","04/04/2026 21:00 - 04/04/2026 22:00","159.75",""
"04/04/2026 00:00 - 05/04/2026 00:00","CTA|DE(50Hertz)","PSW Markersbach PSS A","11WD8MARK1H---AM","Hydro Pumped Storage","11WD8MARK1H---AM","04/04/2026 22:00 - 04/04/2026 23:00","156.50",""
"04/04/2026 00:00 - 05/04/2026 00:00","CTA|DE(50Hertz)","PSW Markersbach PSS A","11WD8MARK1H---AM","Hydro Pumped Storage","11WD8MARK1H---AM","04/04/2026 23:00 - 05/04/2026 00:00","126.00",""
"04/04/2026 00:00 - 05/04/2026 00:00","CTA|DE(50Hertz)","PSW Markersbach PSS B","11WD8MARK1H---BK","Hydro Pumped Storage","11WD8MARK1H---BK","04/04/2026 00:00 - 04/04/2026 01:00","0.00",""
"04/04/2026 00:00 - 05/04/2026 00:00","CTA|DE(50Hertz)","PSW Markersbach PSS B","11WD8MARK1H---BK","Hydro Pumped Storage","11WD8MARK1H---BK","04/04/2026 01:00 - 04/04/2026 02:00","0.00",""
"04/04/2026 00:00 - 05/04/2026 00:00","CTA|DE(50Hertz)","PSW Markersbach PSS B","11WD8MARK1H---BK","Hydro Pumped Storage","11WD8MARK1H---BK","04/04/2026 02:00 - 04/04/2026 03:00","0.00",""
"04/04/2026 00:00 - 05/04/2026 00:00","CTA|DE(50Hertz)","PSW Markersbach PSS B","11WD8MARK1H---BK","Hydro Pumped Storage","11WD8MARK1H---BK","04/04/2026 03:00 - 04/04/2026 04:00","0.00",""
"04/04/2026 00:00 - 05/04/2026 00:00","CTA|DE(50Hertz)","PSW Markersbach PSS B","11WD8MARK1H---BK","Hydro Pumped Storage","11WD8MARK1H---BK","04/04/2026 04:00 - 04/04/2026 05:00","0.00",""
"04/04/2026 00:00 - 05/04/2026 00:00","CTA|DE(50Hertz)","PSW Markersbach PSS B","11WD8MARK1H---BK","Hydro Pumped Storage","11WD8MARK1H---BK","04/04/2026 05:00 - 04/04/2026 06:00","0.00",""
"04/04/2026 00:00 - 05/04/2026 00:00","CTA|DE(50Hertz)","PSW Markersbach PSS B","11WD8MARK1H---BK","Hydro Pumped Storage","11WD8MARK1H---BK","04/04/2026 06:00 - 04/04/2026 07:00","0.00",""
"04/04/2026 00:00 - 05/04/2026 00:00","CTA|DE(50Hertz)","PSW Markersbach PSS B","11WD8MARK1H---BK","Hydro Pumped Storage","11WD8MARK1H---BK","04/04/2026 07:00 - 04/04/2026 08:00","0.00",""
"04/04/2026 00:00 - 05/04/2026 00:00","CTA|DE(50Hertz)","PSW Markersbach PSS B","11WD8MARK1H---BK","Hydro Pumped Storage","11WD8MARK1H---BK","04/04/2026 08:00 - 04/04/2026 09:00","0.00",""
"04/04/2026 00:00 - 05/04/2026 00:00","CTA|DE(50Hertz)","PSW Markersbach PSS B","11WD8MARK1H---BK","Hydro Pumped Storage","11WD8MARK1H---BK","04/04/2026 09:00 - 04/04/2026 10:00","0.00",""
"04/04/2026 00:00 - 05/04/2026 00:00","CTA|DE(50Hertz)","PSW Markersbach PSS B","11WD8MARK1H---BK","Hydro Pumped Storage","11WD8MARK1H---BK","04/04/2026 10:00 - 04/04/2026 11:00","0.00",""
"04/04/2026 00:00 - 05/04/2026 00:00","CTA|DE(50Hertz)","PSW Markersbach PSS B","11WD8MARK1H---BK","Hydro Pumped Storage","11WD8MARK1H---BK","04/04/2026 11:00 - 04/04/2026 12:00","0.00",""
"04/04/2026 00:00 - 05/04/2026 00:00","CTA|DE(50Hertz)","PSW Markersbach PSS B","11WD8MARK1H---BK","Hydro Pumped Storage","11WD8MARK1H---BK","04/04/2026 12:00 - 04/04/2026 13:00","0.00",""
"04/04/2026 00:00 - 05/04/2026 00:00","CTA|DE(50Hertz)","PSW Markersbach PSS B","11WD8MARK1H---BK","Hydro Pumped Storage","11WD8MARK1H---BK","04/04/2026 13:00 - 04/04/2026 14:00","0.00",""
"04/04/2026 00:00 - 05/04/2026 00:00","CTA|DE(50Hertz)","PSW Markersbach PSS B","11WD8MARK1H---BK","Hydro Pumped Storage","11WD8MARK1H---BK","04/04/2026 14:00 - 04/04/2026 15:00","0.00",""
"04/04/2026 00:00 - 05/04/2026 00:00","CTA|DE(50Hertz)","PSW Markersbach PSS B","11WD8MARK1H---BK","Hydro Pumped Storage","11WD8MARK1H---BK","04/04/2026 15:00 - 04/04/2026 16:00","0.00",""
"04/04/2026 00:00 - 05/04/2026 00:00","CTA|DE(50Hertz)","PSW Markersbach PSS B","11WD8MARK1H---BK","Hydro Pumped Storage","11WD8MARK1H---BK","04/04/2026 16:00 - 04/04/2026 17:00","0.00",""
"04/04/2026 00:00 - 05/04/2026 00:00","CTA|DE(50Hertz)","PSW Markersbach PSS B","11WD8MARK1H---BK","Hydro Pumped Storage","11WD8MARK1H---BK","04/04/2026 17:00 - 04/04/2026 18:00","0.00",""
"04/04/2026 00:00 - 05/04/2026 00:00","CTA|DE(50Hertz)","PSW Markersbach PSS B","11WD8MARK1H---BK","Hydro Pumped Storage","11WD8MARK1H---BK","04/04/2026 18:00 - 04/04/2026 19:00","0.00",""
"04/04/2026 00:00 - 05/04/2026 00:00","CTA|DE(50Hertz)","PSW Markersbach PSS B","11WD8MARK1H---BK","Hydro Pumped Storage","11WD8MARK1H---BK","04/04/2026 19:00 - 04/04/2026 20:00","0.00",""
"04/04/2026 00:00 - 05/04/2026 00:00","CTA|DE(50Hertz)","PSW Markersbach PSS B","11WD8MARK1H---BK","Hydro Pumped Storage","11WD8MARK1H---BK","04/04/2026 20:00 - 04/04/2026 21:00","0.00",""
"04/04/2026 00:00 - 05/04/2026 00:00","CTA|DE(50Hertz)","PSW Markersbach PSS B","11WD8MARK1H---BK","Hydro Pumped Storage","11WD8MARK1H---BK","04/04/2026 21:00 - 04/04/2026 22:00","0.00",""
"04/04/2026 00:00 - 05/04/2026 00:00","CTA|DE(50Hertz)","PSW Markersbach PSS B","11WD8MARK1H---BK","Hydro Pumped Storage","11WD8MARK1H---BK","04/04/2026 22:00 - 04/04/2026 23:00","0.00",""
"04/04/2026 00:00 - 05/04/2026 00:00","CTA|DE(50Hertz)","PSW Markersbach PSS B","11WD8MARK1H---BK","Hydro Pumped Storage","11WD8MARK1H---BK","04/04/2026 23:00 - 05/04/2026 00:00","0.00",""
"04/04/2026 00:00 - 05/04/2026 00:00","CTA|DE(50Hertz)","PSW Markersbach PSS C","11WD8MARK1H---CI","Hydro Pumped Storage","11WD8MARK1H---CI","04/04/2026 00:00 - 04/04/2026 01:00","0.00",""
"04/04/2026 00:00 - 05/04/2026 00:00","CTA|DE(50Hertz)","PSW Markersbach PSS C","11WD8MARK1H---CI","Hydro Pumped Storage","11WD8MARK1H---CI","04/04/2026 01:00 - 04/04/2026 02:00","0.00",""
"04/04/2026 00:00 - 05/04/2026 00:00","CTA|DE(50Hertz)","PSW Markersbach PSS C","11WD8MARK1H---CI","Hydro Pumped Storage","11WD8MARK1H---CI","04/04/2026 02:00 - 04/04/2026 03:00","0.00",""
"04/04/2026 00:00 - 05/04/2026 00:00","CTA|DE(50Hertz)","PSW Markersbach PSS C","11WD8MARK1H---CI","Hydro Pumped Storage","11WD8MARK1H---CI","04/04/2026 03:00 - 04/04/2026 04:00","0.00",""
"04/04/2026 00:00 - 05/04/2026 00:00","CTA|DE(50Hertz)","PSW Markersbach PSS C","11WD8MARK1H---CI","Hydro Pumped Storage","11WD8MARK1H---CI","04/04/2026 04:00 - 04/04/2026 05:00","0.00",""
"04/04/2026 00:00 - 05/04/2026 00:00","CTA|DE(50Hertz)","PSW Markersbach PSS C","11WD8MARK1H---CI","Hydro Pumped Storage","11WD8MARK1H---CI","04/04/2026 05:00 - 04/04/2026 06:00","0.00",""
"04/04/2026 00:00 - 05/04/2026 00:00","CTA|DE(50Hertz)","PSW Markersbach PSS C","11WD8MARK1H---CI","Hydro Pumped Storage","11WD8MARK1H---CI","04/04/2026 06:00 - 04/04/2026 07:00","64.25",""
"04/04/2026 00:00 - 05/04/2026 00:00","CTA|DE(50Hertz)","PSW Markersbach PSS C","11WD8MARK1H---CI","Hydro Pumped Storage","11WD8MARK1H---CI","04/04/2026 07:00 - 04/04/2026 08:00","143.00",""
"04/04/2026 00:00 - 05/04/2026 00:00","CTA|DE(50Hertz)","PSW Markersbach PSS C","11WD8MARK1H---CI","Hydro Pumped Storage","11WD8MARK1H---CI","04/04/2026 08:00 - 04/04/2026 09:00","155.50",""
"04/04/2026 00:00 - 05/04/2026 00:00","CTA|DE(50Hertz)","PSW Markersbach PSS C","11WD8MARK1H---CI","Hydro Pumped Storage","11WD8MARK1H---CI","04/04/2026 09:00 - 04/04/2026 10:00","63.25",""
"04/04/2026 00:00 - 05/04/2026 00:00","CTA|DE(50Hertz)","PSW Markersbach PSS C","11WD8MARK1H---CI","Hydro Pumped Storage","11WD8MARK1H---CI","04/04/2026 10:00 - 04/04/2026 11:00","0.00",""
"04/04/2026 00:00 - 05/04/2026 00:00","CTA|DE(50Hertz)","PSW Markersbach PSS C","11WD8MARK1H---CI","Hydro Pumped Storage","11WD8MARK1H---CI","04/04/2026 11:00 - 04/04/2026 12:00","0.00",""
"04/04/2026 00:00 - 05/04/2026 00:00","CTA|DE(50Hertz)","PSW Markersbach PSS C","11WD8MARK1H---CI","Hydro Pumped Storage","11WD8MARK1H---CI","04/04/2026 12:00 - 04/04/2026 13:00","0.00",""
"04/04/2026 00:00 - 05/04/2026 00:00","CTA|DE(50Hertz)","PSW Markersbach PSS C","11WD8MARK1H---CI","Hydro Pumped Storage","11WD8MARK1H---CI","04/04/2026 13:00 - 04/04/2026 14:00","0.00",""
"04/04/2026 00:00 - 05/04/2026 00:00","CTA|DE(50Hertz)","PSW Markersbach PSS C","11WD8MARK1H---CI","Hydro Pumped Storage","11WD8MARK1H---CI","04/04/2026 14:00 - 04/04/2026 15:00","0.00",""
"04/04/2026 00:00 - 05/04/2026 00:00","CTA|DE(50Hertz)","PSW Markersbach PSS C","11WD8MARK1H---CI","Hydro Pumped Storage","11WD8MARK1H---CI","04/04/2026 15:00 - 04/04/2026 16:00","0.00",""
"04/04/2026 00:00 - 05/04/2026 00:00","CTA|DE(50Hertz)","PSW Markersbach PSS C","11WD8MARK1H---CI","Hydro Pumped Storage","11WD8MARK1H---CI","04/04/2026 16:00 - 04/04/2026 17:00","0.00",""
"04/04/2026 00:00 - 05/04/2026 00:00","CTA|DE(50Hertz)","PSW Markersbach PSS C","11WD8MARK1H---CI","Hydro Pumped Storage","11WD8MARK1H---CI","04/04/2026 17:00 - 04/04/2026 18:00","87.50",""
"04/04/2026 00:00 - 05/04/2026 00:00","CTA|DE(50Hertz)","PSW Markersbach PSS C","11WD8MARK1H---CI","Hydro Pumped Storage","11WD8MARK1H---CI","04/04/2026 18:00 - 04/04/2026 19:00","171.50",""
"04/04/2026 00:00 - 05/04/2026 00:00","CTA|DE(50Hertz)","PSW Markersbach PSS C","11WD8MARK1H---CI","Hydro Pumped Storage","11WD8MARK1H---CI","04/04/2026 19:00 - 04/04/2026 20:00","167.50",""
"04/04/2026 00:00 - 05/04/2026 00:00","CTA|DE(50Hertz)","PSW Markersbach PSS C","11WD8MARK1H---CI","Hydro Pumped Storage","11WD8MARK1H---CI","04/04/2026 20:00 - 04/04/2026 21:00","164.00",""
"04/04/2026 00:00 - 05/04/2026 00:00","CTA|DE(50Hertz)","PSW Markersbach PSS C","11WD8MARK1H---CI","Hydro Pumped Storage","11WD8MARK1H---CI","04/04/2026 21:00 - 04/04/2026 22:00","160.25",""
"04/04/2026 00:00 - 05/04/2026 00:00","CTA|DE(50Hertz)","PSW Markersbach PSS C","11WD8MARK1H---CI","Hydro Pumped Storage","11WD8MARK1H---CI","04/04/2026 22:00 - 04/04/2026 23:00","156.50",""
"04/04/2026 00:00 - 05/04/2026 00:00","CTA|DE(50Hertz)","PSW Markersbach PSS C","11WD8MARK1H---CI","Hydro Pumped Storage","11WD8MARK1H---CI","04/04/2026 23:00 - 05/04/2026 00:00","124.75",""
"04/04/2026 00:00 - 05/04/2026 00:00","CTA|DE(50Hertz)","PSW Markersbach PSS D","11WD8MARK1H---DG","Hydro Pumped Storage","11WD8MARK1H---DG","04/04/2026 00:00 - 04/04/2026 01:00","0.00",""
"04/04/2026 00:00 - 05/04/2026 00:00","CTA|DE(50Hertz)","PSW Markersbach PSS D","11WD8MARK1H---DG","Hydro Pumped Storage","11WD8MARK1H---DG","04/04/2026 01:00 - 04/04/2026 02:00","0.00",""
"04/04/2026 00:00 - 05/04/2026 00:00","CTA|DE(50Hertz)","PSW Markersbach PSS D","11WD8MARK1H---DG","Hydro Pumped Storage","11WD8MARK1H---DG","04/04/2026 02:00 - 04/04/2026 03:00","0.00",""
"04/04/2026 00:00 - 05/04/2026 00:00","CTA|DE(50Hertz)","PSW Markersbach PSS D","11WD8MARK1H---DG","Hydro Pumped Storage","11WD8MARK1H---DG","04/04/2026 03:00 - 04/04/2026 04:00","0.00",""
"04/04/2026 00:00 - 05/04/2026 00:00","CTA|DE(50Hertz)","PSW Markersbach PSS D","11WD8MARK1H---DG","Hydro Pumped Storage","11WD8MARK1H---DG","04/04/2026 04:00 - 04/04/2026 05:00","0.00",""
"04/04/2026 00:00 - 05/04/2026 00:00","CTA|DE(50Hertz)","PSW Markersbach PSS D","11WD8MARK1H---DG","Hydro Pumped Storage","11WD8MARK1H---DG","04/04/2026 05:00 - 04/04/2026 06:00","0.00",""
"04/04/2026 00:00 - 05/04/2026 00:00","CTA|DE(50Hertz)","PSW Markersbach PSS D","11WD8MARK1H---DG","Hydro Pumped Storage","11WD8MARK1H---DG","04/04/2026 06:00 - 04/04/2026 07:00","40.00",""
"04/04/2026 00:00 - 05/04/2026 00:00","CTA|DE(50Hertz)","PSW Markersbach PSS D","11WD8MARK1H---DG","Hydro Pumped Storage","11WD8MARK1H---DG","04/04/2026 07:00 - 04/04/2026 08:00","116.50",""
"04/04/2026 00:00 - 05/04/2026 00:00","CTA|DE(50Hertz)","PSW Markersbach PSS D","11WD8MARK1H---DG","Hydro Pumped Storage","11WD8MARK1H---DG","04/04/2026 08:00 - 04/04/2026 09:00","155.25",""
"04/04/2026 00:00 - 05/04/2026 00:00","CTA|DE(50Hertz)","PSW Markersbach PSS D","11WD8MARK1H---DG","Hydro Pumped Storage","11WD8MARK1H---DG","04/04/2026 09:00 - 04/04/2026 10:00","24.75",""
"04/04/2026 00:00 - 05/04/2026 00:00","CTA|DE(50Hertz)","PSW Markersbach PSS D","11WD8MARK1H---DG","Hydro Pumped Storage","11WD8MARK1H---DG","04/04/2026 10:00 - 04/04/2026 11:00","0.00",""
"04/04/2026 00:00 - 05/04/2026 00:00","CTA|DE(50Hertz)","PSW Markersbach PSS D","11WD8MARK1H---DG","Hydro Pumped Storage","11WD8MARK1H---DG","04/04/2026 11:00 - 04/04/2026 12:00","0.00",""
"04/04/2026 00:00 - 05/04/2026 00:00","CTA|DE(50Hertz)","PSW Markersbach PSS D","11WD8MARK1H---DG","Hydro Pumped Storage","11WD8MARK1H---DG","04/04/2026 12:00 - 04/04/2026 13:00","0.00",""
"04/04/2026 00:00 - 05/04/2026 00:00","CTA|DE(50Hertz)","PSW Markersbach PSS D","11WD8MARK1H---DG","Hydro Pumped Storage","11WD8MARK1H---DG","04/04/2026 13:00 - 04/04/2026 14:00","0.00",""
"04/04/2026 00:00 - 05/04/2026 00:00","CTA|DE(50Hertz)","PSW Markersbach PSS D","11WD8MARK1H---DG","Hydro Pumped Storage","11WD8MARK1H---DG","04/04/2026 14:00 - 04/04/2026 15:00","0.00",""
"04/04/2026 00:00 - 05/04/2026 00:00","CTA|DE(50Hertz)","PSW Markersbach PSS D","11WD8MARK1H---DG","Hydro Pumped Storage","11WD8MARK1H---DG","04/04/2026 15:00 - 04/04/2026 16:00","0.00",""
"04/04/2026 00:00 - 05/04/2026 00:00","CTA|DE(50Hertz)","PSW Markersbach PSS D","11WD8MARK1H---DG","Hydro Pumped Storage","11WD8MARK1H---DG","04/04/2026 16:00 - 04/04/2026 17:00","0.00",""
"04/04/2026 00:00 - 05/04/2026 00:00","CTA|DE(50Hertz)","PSW Markersbach PSS D","11WD8MARK1H---DG","Hydro Pumped Storage","11WD8MARK1H---DG","04/04/2026 17:00 - 04/04/2026 18:00","85.50",""
"04/04/2026 00:00 - 05/04/2026 00:00","CTA|DE(50Hertz)","PSW Markersbach PSS D","11WD8MARK1H---DG","Hydro Pumped Storage","11WD8MARK1H---DG","04/04/2026 18:00 - 04/04/2026 19:00","171.50",""
"04/04/2026 00:00 - 05/04/2026 00:00","CTA|DE(50Hertz)","PSW Markersbach PSS D","11WD8MARK1H---DG","Hydro Pumped Storage","11WD8MARK1H---DG","04/04/2026 19:00 - 04/04/2026 20:00","167.50",""
"04/04/2026 00:00 - 05/04/2026 00:00","CTA|DE(50Hertz)","PSW Markersbach PSS D","11WD8MARK1H---DG","Hydro Pumped Storage","11WD8MARK1H---DG","04/04/2026 20:00 - 04/04/2026 21:00","163.50",""
"04/04/2026 00:00 - 05/04/2026 00:00","CTA|DE(50Hertz)","PSW Markersbach PSS D","11WD8MARK1H---DG","Hydro Pumped Storage","11WD8MARK1H---DG","04/04/2026 21:00 - 04/04/2026 22:00","160.50",""
"04/04/2026 00:00 - 05/04/2026 00:00","CTA|DE(50Hertz)","PSW Markersbach PSS D","11WD8MARK1H---DG","Hydro Pumped Storage","11WD8MARK1H---DG","04/04/2026 22:00 - 04/04/2026 23:00","156.50",""
"04/04/2026 00:00 - 05/04/2026 00:00","CTA|DE(50Hertz)","PSW Markersbach PSS D","11WD8MARK1H---DG","Hydro Pumped Storage","11WD8MARK1H---DG","04/04/2026 23:00 - 05/04/2026 00:00","120.50",""
"04/04/2026 00:00 - 05/04/2026 00:00","CTA|DE(50Hertz)","PSW Markersbach PSS E","11WD8MARK1H---EE","Hydro Pumped Storage","11WD8MARK1H---EE","04/04/2026 00:00 - 04/04/2026 01:00","0.00",""
"04/04/2026 00:00 - 05/04/2026 00:00","CTA|DE(50Hertz)","PSW Markersbach PSS E","11WD8MARK1H---EE","Hydro Pumped Storage","11WD8MARK1H---EE","04/04/2026 01:00 - 04/04/2026 02:00","0.00",""
"04/04/2026 00:00 - 05/04/2026 00:00","CTA|DE(50Hertz)","PSW Markersbach PSS E","11WD8MARK1H---EE","Hydro Pumped Storage","11WD8MARK1H---EE","04/04/2026 02:00 - 04/04/2026 03:00","0.00",""
"04/04/2026 00:00 - 05/04/2026 00:00","CTA|DE(50Hertz)","PSW Markersbach PSS E","11WD8MARK1H---EE","Hydro Pumped Storage","11WD8MARK1H---EE","04/04/2026 03:00 - 04/04/2026 04:00","0.00",""
"04/04/2026 00:00 - 05/04/2026 00:00","CTA|DE(50Hertz)","PSW Markersbach PSS E","11WD8MARK1H---EE","Hydro Pumped Storage","11WD8MARK1H---EE","04/04/2026 04:00 - 04/04/2026 05:00","0.00",""
"04/04/2026 00:00 - 05/04/2026 00:00","CTA|DE(50Hertz)","PSW Markersbach PSS E","11WD8MARK1H---EE","Hydro Pumped Storage","11WD8MARK1H---EE","04/04/2026 05:00 - 04/04/2026 06:00","0.00",""
"04/04/2026 00:00 - 05/04/2026 00:00","CTA|DE(50Hertz)","PSW Markersbach PSS E","11WD8MARK1H---EE","Hydro Pumped Storage","11WD8MARK1H---EE","04/04/2026 06:00 - 04/04/2026 07:00","0.00",""
"04/04/2026 00:00 - 05/04/2026 00:00","CTA|DE(50Hertz)","PSW Markersbach PSS E","11WD8MARK1H---EE","Hydro Pumped Storage","11WD8MARK1H---EE","04/04/2026 07:00 - 04/04/2026 08:00","78.75",""
"04/04/2026 00:00 - 05/04/2026 00:00","CTA|DE(50Hertz)","PSW Markersbach PSS E","11WD8MARK1H---EE","Hydro Pumped Storage","11WD8MARK1H---EE","04/04/2026 08:00 - 04/04/2026 09:00","129.75",""
"04/04/2026 00:00 - 05/04/2026 00:00","CTA|DE(50Hertz)","PSW Markersbach PSS E","11WD8MARK1H---EE","Hydro Pumped Storage","11WD8MARK1H---EE","04/04/2026 09:00 - 04/04/2026 10:00","25.00",""
"04/04/2026 00:00 - 05/04/2026 00:00","CTA|DE(50Hertz)","PSW Markersbach PSS E","11WD8MARK1H---EE","Hydro Pumped Storage","11WD8MARK1H---EE","04/04/2026 10:00 - 04/04/2026 11:00","0.00",""
"04/04/2026 00:00 - 05/04/2026 00:00","CTA|DE(50Hertz)","PSW Markersbach PSS E","11WD8MARK1H---EE","Hydro Pumped Storage","11WD8MARK1H---EE","04/04/2026 11:00 - 04/04/2026 12:00","0.00",""
"04/04/2026 00:00 - 05/04/2026 00:00","CTA|DE(50Hertz)","PSW Markersbach PSS E","11WD8MARK1H---EE","Hydro Pumped Storage","11WD8MARK1H---EE","04/04/2026 12:00 - 04/04/2026 13:00","0.00",""
"04/04/2026 00:00 - 05/04/2026 00:00","CTA|DE(50Hertz)","PSW Markersbach PSS E","11WD8MARK1H---EE","Hydro Pumped Storage","11WD8MARK1H---EE","04/04/2026 13:00 - 04/04/2026 14:00","0.00",""
"04/04/2026 00:00 - 05/04/2026 00:00","CTA|DE(50Hertz)","PSW Markersbach PSS E","11WD8MARK1H---EE","Hydro Pumped Storage","11WD8MARK1H---EE","04/04/2026 14:00 - 04/04/2026 15:00","0.00",""
"04/04/2026 00:00 - 05/04/2026 00:00","CTA|DE(50Hertz)","PSW Markersbach PSS E","11WD8MARK1H---EE","Hydro Pumped Storage","11WD8MARK1H---EE","04/04/2026 15:00 - 04/04/2026 16:00","0.00",""
"04/04/2026 00:00 - 05/04/2026 00:00","CTA|DE(50Hertz)","PSW Markersbach PSS E","11WD8MARK1H---EE","Hydro Pumped Storage","11WD8MARK1H---EE","04/04/2026 16:00 - 04/04/2026 17:00","0.00",""
"04/04/2026 00:00 - 05/04/2026 00:00","CTA|DE(50Hertz)","PSW Markersbach PSS E","11WD8MARK1H---EE","Hydro Pumped Storage","11WD8MARK1H---EE","04/04/2026 17:00 - 04/04/2026 18:00","67.25",""
"04/04/2026 00:00 - 05/04/2026 00:00","CTA|DE(50Hertz)","PSW Markersbach PSS E","11WD8MARK1H---EE","Hydro Pumped Storage","11WD8MARK1H---EE","04/04/2026 18:00 - 04/04/2026 19:00","168.00",""
"04/04/2026 00:00 - 05/04/2026 00:00","CTA|DE(50Hertz)","PSW Markersbach PSS E","11WD8MARK1H---EE","Hydro Pumped Storage","11WD8MARK1H---EE","04/04/2026 19:00 - 04/04/2026 20:00","168.75",""
"04/04/2026 00:00 - 05/04/2026 00:00","CTA|DE(50Hertz)","PSW Markersbach PSS E","11WD8MARK1H---EE","Hydro Pumped Storage","11WD8MARK1H---EE","04/04/2026 20:00 - 04/04/2026 21:00","165.00",""
"04/04/2026 00:00 - 05/04/2026 00:00","CTA|DE(50Hertz)","PSW Markersbach PSS E","11WD8MARK1H---EE","Hydro Pumped Storage","11WD8MARK1H---EE","04/04/2026 21:00 - 04/04/2026 22:00","161.25",""
"04/04/2026 00:00 - 05/04/2026 00:00","CTA|DE(50Hertz)","PSW Markersbach PSS E","11WD8MARK1H---EE","Hydro Pumped Storage","11WD8MARK1H---EE","04/04/2026 22:00 - 04/04/2026 23:00","158.00",""
"04/04/2026 00:00 - 05/04/2026 00:00","CTA|DE(50Hertz)","PSW Markersbach PSS E","11WD8MARK1H---EE","Hydro Pumped Storage","11WD8MARK1H---EE","04/04/2026 23:00 - 05/04/2026 00:00","102.75",""
"04/04/2026 00:00 - 05/04/2026 00:00","CTA|DE(50Hertz)","PSW Markersbach PSS F","11WD8MARK1H---FC","Hydro Pumped Storage","11WD8MARK1H---FC","04/04/2026 00:00 - 04/04/2026 01:00","0.00",""
"04/04/2026 00:00 - 05/04/2026 00:00","CTA|DE(50Hertz)","PSW Markersbach PSS F","11WD8MARK1H---FC","Hydro Pumped Storage","11WD8MARK1H---FC","04/04/2026 01:00 - 04/04/2026 02:00","0.00",""
"04/04/2026 00:00 - 05/04/2026 00:00","CTA|DE(50Hertz)","PSW Markersbach PSS F","11WD8MARK1H---FC","Hydro Pumped Storage","11WD8MARK1H---FC","04/04/2026 02:00 - 04/04/2026 03:00","0.00",""
"04/04/2026 00:00 - 05/04/2026 00:00","CTA|DE(50Hertz)","PSW Markersbach PSS F","11WD8MARK1H---FC","Hydro Pumped Storage","11WD8MARK1H---FC","04/04/2026 03:00 - 04/04/2026 04:00","0.00",""
"04/04/2026 00:00 - 05/04/2026 00:00","CTA|DE(50Hertz)","PSW Markersbach PSS F","11WD8MARK1H---FC","Hydro Pumped Storage","11WD8MARK1H---FC","04/04/2026 04:00 - 04/04/2026 05:00","0.00",""
"04/04/2026 00:00 - 05/04/2026 00:00","CTA|DE(50Hertz)","PSW Markersbach PSS F","11WD8MARK1H---FC","Hydro Pumped Storage","11WD8MARK1H---FC","04/04/2026 05:00 - 04/04/2026 06:00","0.00",""
"04/04/2026 00:00 - 05/04/2026 00:00","CTA|DE(50Hertz)","PSW Markersbach PSS F","11WD8MARK1H---FC","Hydro Pumped Storage","11WD8MARK1H---FC","04/04/2026 06:00 - 04/04/2026 07:00","0.00",""
"04/04/2026 00:00 - 05/04/2026 00:00","CTA|DE(50Hertz)","PSW Markersbach PSS F","11WD8MARK1H---FC","Hydro Pumped Storage","11WD8MARK1H---FC","04/04/2026 07:00 - 04/04/2026 08:00","0.00",""
"04/04/2026 00:00 - 05/04/2026 00:00","CTA|DE(50Hertz)","PSW Markersbach PSS F","11WD8MARK1H---FC","Hydro Pumped Storage","11WD8MARK1H---FC","04/04/2026 08:00 - 04/04/2026 09:00","0.00",""
"04/04/2026 00:00 - 05/04/2026 00:00","CTA|DE(50Hertz)","PSW Markersbach PSS F","11WD8MARK1H---FC","Hydro Pumped Storage","11WD8MARK1H---FC","04/04/2026 09:00 - 04/04/2026 10:00","0.00",""
"04/04/2026 00:00 - 05/04/2026 00:00","CTA|DE(50Hertz)","PSW Markersbach PSS F","11WD8MARK1H---FC","Hydro Pumped Storage","11WD8MARK1H---FC","04/04/2026 10:00 - 04/04/2026 11:00","0.00",""
"04/04/2026 00:00 - 05/04/2026 00:00","CTA|DE(50Hertz)","PSW Markersbach PSS F","11WD8MARK1H---FC","Hydro Pumped Storage","11WD8MARK1H---FC","04/04/2026 11:00 - 04/04/2026 12:00","0.00",""
"04/04/2026 00:00 - 05/04/2026 00:00","CTA|DE(50Hertz)","PSW Markersbach PSS F","11WD8MARK1H---FC","Hydro Pumped Storage","11WD8MARK1H---FC","04/04/2026 12:00 - 04/04/2026 13:00","0.00",""
"04/04/2026 00:00 - 05/04/2026 00:00","CTA|DE(50Hertz)","PSW Markersbach PSS F","11WD8MARK1H---FC","Hydro Pumped Storage","11WD8MARK1H---FC","04/04/2026 13:00 - 04/04/2026 14:00","0.00",""
"04/04/2026 00:00 - 05/04/2026 00:00","CTA|DE(50Hertz)","PSW Markersbach PSS F","11WD8MARK1H---FC","Hydro Pumped Storage","11WD8MARK1H---FC","04/04/2026 14:00 - 04/04/2026 15:00","0.00",""
"04/04/2026 00:00 - 05/04/2026 00:00","CTA|DE(50Hertz)","PSW Markersbach PSS F","11WD8MARK1H---FC","Hydro Pumped Storage","11WD8MARK1H---FC","04/04/2026 15:00 - 04/04/2026 16:00","0.00",""
"04/04/2026 00:00 - 05/04/2026 00:00","CTA|DE(50Hertz)","PSW Markersbach PSS F","11WD8MARK1H---FC","Hydro Pumped Storage","11WD8MARK1H---FC","04/04/2026 16:00 - 04/04/2026 17:00","0.00",""
"04/04/2026 00:00 - 05/04/2026 00:00","CTA|DE(50Hertz)","PSW Markersbach PSS F","11WD8MARK1H---FC","Hydro Pumped Storage","11WD8MARK1H---FC","04/04/2026 17:00 - 04/04/2026 18:00","0.00",""
"04/04/2026 00:00 - 05/04/2026 00:00","CTA|DE(50Hertz)","PSW Markersbach PSS F","11WD8MARK1H---FC","Hydro Pumped Storage","11WD8MARK1H---FC","04/04/2026 18:00 - 04/04/2026 19:00","0.00",""
"04/04/2026 00:00 - 05/04/2026 00:00","CTA|DE(50Hertz)","PSW Markersbach PSS F","11WD8MARK1H---FC","Hydro Pumped Storage","11WD8MARK1H---FC","04/04/2026 19:00 - 04/04/2026 20:00","0.00",""
"04/04/2026 00:00 - 05/04/2026 00:00","CTA|DE(50Hertz)","PSW Markersbach PSS F","11WD8MARK1H---FC","Hydro Pumped Storage","11WD8MARK1H---FC","04/04/2026 20:00 - 04/04/2026 21:00","0.00",""
"04/04/2026 00:00 - 05/04/2026 00:00","CTA|DE(50Hertz)","PSW Markersbach PSS F","11WD8MARK1H---FC","Hydro Pumped Storage","11WD8MARK1H---FC","04/04/2026 21:00 - 04/04/2026 22:00","0.00",""
"04/04/2026 00:00 - 05/04/2026 00:00","CTA|DE(50Hertz)","PSW Markersbach PSS F","11WD8MARK1H---FC","Hydro Pumped Storage","11WD8MARK1H---FC","04/04/2026 22:00 - 04/04/2026 23:00","0.00",""
"04/04/2026 00:00 - 05/04/2026 00:00","CTA|DE(50Hertz)","PSW Markersbach PSS F","11WD8MARK1H---FC","Hydro Pumped Storage","11WD8MARK1H---FC","04/04/2026 23:00 - 05/04/2026 00:00","0.00",""
"04/04/2026 00:00 - 05/04/2026 00:00","CTA|DE(50Hertz)","HKW Mitte GUD","11WD8MITT5GGUD-8","Fossil Gas","11WD8MITT5GGUD-8","04/04/2026 00:00 - 04/04/2026 01:00","57.00",""
"04/04/2026 00:00 - 05/04/2026 00:00","CTA|DE(50Hertz)","HKW Mitte GUD","11WD8MITT5GGUD-8","Fossil Gas","11WD8MITT5GGUD-8","04/04/2026 01:00 - 04/04/2026 02:00","57.00",""
"04/04/2026 00:00 - 05/04/2026 00:00","CTA|DE(50Hertz)","HKW Mitte GUD","11WD8MITT5GGUD-8","Fossil Gas","11WD8MITT5GGUD-8","04/04/2026 02:00 - 04/04/2026 03:00","56.75",""
"04/04/2026 00:00 - 05/04/2026 00:00","CTA|DE(50Hertz)","HKW Mitte GUD","11WD8MITT5GGUD-8","Fossil Gas","11WD8MITT5GGUD-8","04/04/2026 03:00 - 04/04/2026 04:00","56.75",""
"04/04/2026 00:00 - 05/04/2026 00:00","CTA|DE(50Hertz)","HKW Mitte GUD","11WD8MITT5GGUD-8","Fossil Gas","11WD8MITT5GGUD-8","04/04/2026 04:00 - 04/04/2026 05:00","56.50",""
"04/04/2026 00:00 - 05/04/2026 00:00","CTA|DE(50Hertz)","HKW Mitte GUD","11WD8MITT5GGUD-8","Fossil Gas","11WD8MITT5GGUD-8","04/04/2026 05:00 - 04/04/2026 06:00","57.00",""
"04/04/2026 00:00 - 05/04/2026 00:00","CTA|DE(50Hertz)","HKW Mitte GUD","11WD8MITT5GGUD-8","Fossil Gas","11WD8MITT5GGUD-8","04/04/2026 06:00 - 04/04/2026 07:00","56.00",""
"04/04/2026 00:00 - 05/04/2026 00:00","CTA|DE(50Hertz)","HKW Mitte GUD","11WD8MITT5GGUD-8","Fossil Gas","11WD8MITT5GGUD-8","04/04/2026 07:00 - 04/04/2026 08:00","56.25",""
"04/04/2026 00:00 - 05/04/2026 00:00","CTA|DE(50Hertz)","HKW Mitte GUD","11WD8MITT5GGUD-8","Fossil Gas","11WD8MITT5GGUD-8","04/04/2026 08:00 - 04/04/2026 09:00","56.25",""
"04/04/2026 00:00 - 05/04/2026 00:00","CTA|DE(50Hertz)","HKW Mitte GUD","11WD8MITT5GGUD-8","Fossil Gas","11WD8MITT5GGUD-8","04/04/2026 09:00 - 04/04/2026 10:00","56.00",""
"04/04/2026 00:00 - 05/04/2026 00:00","CTA|DE(50Hertz)","HKW Mitte GUD","11WD8MITT5GGUD-8","Fossil Gas","11WD8MITT5GGUD-8","04/04/2026 10:00 - 04/04/2026 11:00","56.25",""
"04/04/2026 00:00 - 05/04/2026 00:00","CTA|DE(50Hertz)","HKW Mitte GUD","11WD8MITT5GGUD-8","Fossil Gas","11WD8MITT5GGUD-8","04/04/2026 11:00 - 04/04/2026 12:00","56.00",""
"04/04/2026 00:00 - 05/04/2026 00:00","CTA|DE(50Hertz)","HKW Mitte GUD","11WD8MITT5GGUD-8","Fossil Gas","11WD8MITT5GGUD-8","04/04/2026 12:00 - 04/04/2026 13:00","56.75",""
"04/04/2026 00:00 - 05/04/2026 00:00","CTA|DE(50Hertz)","HKW Mitte GUD","11WD8MITT5GGUD-8","Fossil Gas","11WD8MITT5GGUD-8","04/04/2026 13:00 - 04/04/2026 14:00","57.00",""
"04/04/2026 00:00 - 05/04/2026 00:00","CTA|DE(50Hertz)","HKW Mitte GUD","11WD8MITT5GGUD-8","Fossil Gas","11WD8MITT5GGUD-8","04/04/2026 14:00 - 04/04/2026 15:00","57.00",""
"04/04/2026 00:00 - 05/04/2026 00:00","CTA|DE(50Hertz)","HKW Mitte GUD","11WD8MITT5GGUD-8","Fossil Gas","11WD8MITT5GGUD-8","04/04/2026 15:00 - 04/04/2026 16:00","57.00",""
"04/04/2026 00:00 - 05/04/2026 00:00","CTA|DE(50Hertz)","HKW Mitte GUD","11WD8MITT5GGUD-8","Fossil Gas","11WD8MITT5GGUD-8","04/04/2026 16:00 - 04/04/2026 17:00","57.00",""
"04/04/2026 00:00 - 05/04/2026 00:00","CTA|DE(50Hertz)","HKW Mitte GUD","11WD8MITT5GGUD-8","Fossil Gas","11WD8MITT5GGUD-8","04/04/2026 17:00 - 04/04/2026 18:00","57.00",""
"04/04/2026 00:00 - 05/04/2026 00:00","CTA|DE(50Hertz)","HKW Mitte GUD","11WD8MITT5GGUD-8","Fossil Gas","11WD8MITT5GGUD-8","04/04/2026 18:00 - 04/04/2026 19:00","67.00",""
"04/04/2026 00:00 - 05/04/2026 00:00","CTA|DE(50Hertz)","HKW Mitte GUD","11WD8MITT5GGUD-8","Fossil Gas","11WD8MITT5GGUD-8","04/04/2026 19:00 - 04/04/2026 20:00","137.50",""
"04/04/2026 00:00 - 05/04/2026 00:00","CTA|DE(50Hertz)","HKW Mitte GUD","11WD8MITT5GGUD-8","Fossil Gas","11WD8MITT5GGUD-8","04/04/2026 20:00 - 04/04/2026 21:00","202.75",""
"04/04/2026 00:00 - 05/04/2026 00:00","CTA|DE(50Hertz)","HKW Mitte GUD","11WD8MITT5GGUD-8","Fossil Gas","11WD8MITT5GGUD-8","04/04/2026 21:00 - 04/04/2026 22:00","187.75",""
"04/04/2026 00:00 - 05/04/2026 00:00","CTA|DE(50Hertz)","HKW Mitte GUD","11WD8MITT5GGUD-8","Fossil Gas","11WD8MITT5GGUD-8","04/04/2026 22:00 - 04/04/2026 23:00","106.75",""
"04/04/2026 00:00 - 05/04/2026 00:00","CTA|DE(50Hertz)","HKW Mitte GUD","11WD8MITT5GGUD-8","Fossil Gas","11WD8MITT5GGUD-8","04/04/2026 23:00 - 05/04/2026 00:00","59.00",""
"04/04/2026 00:00 - 05/04/2026 00:00","CTA|DE(50Hertz)","HKW Reuter West Block D","11WD8REUW1C---DD","Fossil Hard coal","11WD8REUW1C---DD","04/04/2026 00:00 - 04/04/2026 01:00","0.00",""
"04/04/2026 00:00 - 05/04/2026 00:00","CTA|DE(50Hertz)","HKW Reuter West Block D","11WD8REUW1C---DD","Fossil Hard coal","11WD8REUW1C---DD","04/04/2026 01:00 - 04/04/2026 02:00","0.00",""
"04/04/2026 00:00 - 05/04/2026 00:00","CTA|DE(50Hertz)","HKW Reuter West Block D","11WD8REUW1C---DD","Fossil Hard coal","11WD8REUW1C---DD","04/04/2026 02:00 - 04/04/2026 03:00","0.00",""
"04/04/2026 00:00 - 05/04/2026 00:00","CTA|DE(50Hertz)","HKW Reuter West Block D","11WD8REUW1C---DD","Fossil Hard coal","11WD8REUW1C---DD","04/04/2026 03:00 - 04/04/2026 04:00","0.00",""
"04/04/2026 00:00 - 05/04/2026 00:00","CTA|DE(50Hertz)","HKW Reuter West Block D","11WD8REUW1C---DD","Fossil Hard coal","11WD8REUW1C---DD","04/04/2026 04:00 - 04/04/2026 05:00","0.00",""
"04/04/2026 00:00 - 05/04/2026 00:00","CTA|DE(50Hertz)","HKW Reuter West Block D","11WD8REUW1C---DD","Fossil Hard coal","11WD8REUW1C---DD","04/04/2026 05:00 - 04/04/2026 06:00","0.00",""
"04/04/2026 00:00 - 05/04/2026 00:00","CTA|DE(50Hertz)","HKW Reuter West Block D","11WD8REUW1C---DD","Fossil Hard coal","11WD8REUW1C---DD","04/04/2026 06:00 - 04/04/2026 07:00","0.00",""
"04/04/2026 00:00 - 05/04/2026 00:00","CTA|DE(50Hertz)","HKW Reuter West Block D","11WD8REUW1C---DD","Fossil Hard coal","11WD8REUW1C---DD","04/04/2026 07:00 - 04/04/2026 08:00","0.00",""
"04/04/2026 00:00 - 05/04/2026 00:00","CTA|DE(50Hertz)","HKW Reuter West Block D","11WD8REUW1C---DD","Fossil Hard coal","11WD8REUW1C---DD","04/04/2026 08:00 - 04/04/2026 09:00","0.00",""
"04/04/2026 00:00 - 05/04/2026 00:00","CTA|DE(50Hertz)","HKW Reuter West Block D","11WD8REUW1C---DD","Fossil Hard coal","11WD8REUW1C---DD","04/04/2026 09:00 - 04/04/2026 10:00","0.00",""
"04/04/2026 00:00 - 05/04/2026 00:00","CTA|DE(50Hertz)","HKW Reuter West Block D","11WD8REUW1C---DD","Fossil Hard coal","11WD8REUW1C---DD","04/04/2026 10:00 - 04/04/2026 11:00","0.00",""
"04/04/2026 00:00 - 05/04/2026 00:00","CTA|DE(50Hertz)","HKW Reuter West Block D","11WD8REUW1C---DD","Fossil Hard coal","11WD8REUW1C---DD","04/04/2026 11:00 - 04/04/2026 12:00","0.00",""
"04/04/2026 00:00 - 05/04/2026 00:00","CTA|DE(50Hertz)","HKW Reuter West Block D","11WD8REUW1C---DD","Fossil Hard coal","11WD8REUW1C---DD","04/04/2026 12:00 - 04/04/2026 13:00","0.00",""
"04/04/2026 00:00 - 05/04/2026 00:00","CTA|DE(50Hertz)","HKW Reuter West Block D","11WD8REUW1C---DD","Fossil Hard coal","11WD8REUW1C---DD","04/04/2026 13:00 - 04/04/2026 14:00","0.00",""
"04/04/2026 00:00 - 05/04/2026 00:00","CTA|DE(50Hertz)","HKW Reuter West Block D","11WD8REUW1C---DD","Fossil Hard coal","11WD8REUW1C---DD","04/04/2026 14:00 - 04/04/2026 15:00","0.00",""
"04/04/2026 00:00 - 05/04/2026 00:00","CTA|DE(50Hertz)","HKW Reuter West Block D","11WD8REUW1C---DD","Fossil Hard coal","11WD8REUW1C---DD","04/04/2026 15:00 - 04/04/2026 16:00","0.00",""
"04/04/2026 00:00 - 05/04/2026 00:00","CTA|DE(50Hertz)","HKW Reuter West Block D","11WD8REUW1C---DD","Fossil Hard coal","11WD8REUW1C---DD","04/04/2026 16:00 - 04/04/2026 17:00","0.00",""
"04/04/2026 00:00 - 05/04/2026 00:00","CTA|DE(50Hertz)","HKW Reuter West Block D","11WD8REUW1C---DD","Fossil Hard coal","11WD8REUW1C---DD","04/04/2026 17:00 - 04/04/2026 18:00","0.00",""
"04/04/2026 00:00 - 05/04/2026 00:00","CTA|DE(50Hertz)","HKW Reuter West Block D","11WD8REUW1C---DD","Fossil Hard coal","11WD8REUW1C---DD","04/04/2026 18:00 - 04/04/2026 19:00","0.00",""
"04/04/2026 00:00 - 05/04/2026 00:00","CTA|DE(50Hertz)","HKW Reuter West Block D","11WD8REUW1C---DD","Fossil Hard coal","11WD8REUW1C---DD","04/04/2026 19:00 - 04/04/2026 20:00","0.00",""
"04/04/2026 00:00 - 05/04/2026 00:00","CTA|DE(50Hertz)","HKW Reuter West Block D","11WD8REUW1C---DD","Fossil Hard coal","11WD8REUW1C---DD","04/04/2026 20:00 - 04/04/2026 21:00","0.00",""
"04/04/2026 00:00 - 05/04/2026 00:00","CTA|DE(50Hertz)","HKW Reuter West Block D","11WD8REUW1C---DD","Fossil Hard coal","11WD8REUW1C---DD","04/04/2026 21:00 - 04/04/2026 22:00","0.00",""
"04/04/2026 00:00 - 05/04/2026 00:00","CTA|DE(50Hertz)","HKW Reuter West Block D","11WD8REUW1C---DD","Fossil Hard coal","11WD8REUW1C---DD","04/04/2026 22:00 - 04/04/2026 23:00","0.00",""
"04/04/2026 00:00 - 05/04/2026 00:00","CTA|DE(50Hertz)","HKW Reuter West Block D","11WD8REUW1C---DD","Fossil Hard coal","11WD8REUW1C---DD","04/04/2026 23:00 - 05/04/2026 00:00","0.00",""
"04/04/2026 00:00 - 05/04/2026 00:00","CTA|DE(50Hertz)","HKW Reuter West Block E","11WD8REUW1C---EB","Fossil Hard coal","11WD8REUW1C---EB","04/04/2026 00:00 - 04/04/2026 01:00","32.00",""
"04/04/2026 00:00 - 05/04/2026 00:00","CTA|DE(50Hertz)","HKW Reuter West Block E","11WD8REUW1C---EB","Fossil Hard coal","11WD8REUW1C---EB","04/04/2026 01:00 - 04/04/2026 02:00","31.00",""
"04/04/2026 00:00 - 05/04/2026 00:00","CTA|DE(50Hertz)","HKW Reuter West Block E","11WD8REUW1C---EB","Fossil Hard coal","11WD8REUW1C---EB","04/04/2026 02:00 - 04/04/2026 03:00","29.00",""
"04/04/2026 00:00 - 05/04/2026 00:00","CTA|DE(50Hertz)","HKW Reuter West Block E","11WD8REUW1C---EB","Fossil Hard coal","11WD8REUW1C---EB","04/04/2026 03:00 - 04/04/2026 04:00","30.75",""
"04/04/2026 00:00 - 05/04/2026 00:00","CTA|DE(50Hertz)","HKW Reuter West Block E","11WD8REUW1C---EB","Fossil Hard coal","11WD8REUW1C---EB","04/04/2026 04:00 - 04/04/2026 05:00","29.50",""
"04/04/2026 00:00 - 05/04/2026 00:00","CTA|DE(50Hertz)","HKW Reuter West Block E","11WD8REUW1C---EB","Fossil Hard coal","11WD8REUW1C---EB","04/04/2026 05:00 - 04/04/2026 06:00","32.25",""
"04/04/2026 00:00 - 05/04/2026 00:00","CTA|DE(50Hertz)","HKW Reuter West Block E","11WD8REUW1C---EB","Fossil Hard coal","11WD8REUW1C---EB","04/04/2026 06:00 - 04/04/2026 07:00","31.75",""
"04/04/2026 00:00 - 05/04/2026 00:00","CTA|DE(50Hertz)","HKW Reuter West Block E","11WD8REUW1C---EB","Fossil Hard coal","11WD8REUW1C---EB","04/04/2026 07:00 - 04/04/2026 08:00","31.75",""
"04/04/2026 00:00 - 05/04/2026 00:00","CTA|DE(50Hertz)","HKW Reuter West Block E","11WD8REUW1C---EB","Fossil Hard coal","11WD8REUW1C---EB","04/04/2026 08:00 - 04/04/2026 09:00","24.00",""
"04/04/2026 00:00 - 05/04/2026 00:00","CTA|DE(50Hertz)","HKW Reuter West Block E","11WD8REUW1C---EB","Fossil Hard coal","11WD8REUW1C---EB","04/04/2026 09:00 - 04/04/2026 10:00","21.50",""
"04/04/2026 00:00 - 05/04/2026 00:00","CTA|DE(50Hertz)","HKW Reuter West Block E","11WD8REUW1C---EB","Fossil Hard coal","11WD8REUW1C---EB","04/04/2026 10:00 - 04/04/2026 11:00","22.50",""
"04/04/2026 00:00 - 05/04/2026 00:00","CTA|DE(50Hertz)","HKW Reuter West Block E","11WD8REUW1C---EB","Fossil Hard coal","11WD8REUW1C---EB","04/04/2026 11:00 - 04/04/2026 12:00","22.00",""
"04/04/2026 00:00 - 05/04/2026 00:00","CTA|DE(50Hertz)","HKW Reuter West Block E","11WD8REUW1C---EB","Fossil Hard coal","11WD8REUW1C---EB","04/04/2026 12:00 - 04/04/2026 13:00","21.25",""
"04/04/2026 00:00 - 05/04/2026 00:00","CTA|DE(50Hertz)","HKW Reuter West Block E","11WD8REUW1C---EB","Fossil Hard coal","11WD8REUW1C---EB","04/04/2026 13:00 - 04/04/2026 14:00","22.50",""
"04/04/2026 00:00 - 05/04/2026 00:00","CTA|DE(50Hertz)","HKW Reuter West Block E","11WD8REUW1C---EB","Fossil Hard coal","11WD8REUW1C---EB","04/04/2026 14:00 - 04/04/2026 15:00","22.00",""
"04/04/2026 00:00 - 05/04/2026 00:00","CTA|DE(50Hertz)","HKW Reuter West Block E","11WD8REUW1C---EB","Fossil Hard coal","11WD8REUW1C---EB","04/04/2026 15:00 - 04/04/2026 16:00","20.25",""
"04/04/2026 00:00 - 05/04/2026 00:00","CTA|DE(50Hertz)","HKW Reuter West Block E","11WD8REUW1C---EB","Fossil Hard coal","11WD8REUW1C---EB","04/04/2026 16:00 - 04/04/2026 17:00","19.75",""
"04/04/2026 00:00 - 05/04/2026 00:00","CTA|DE(50Hertz)","HKW Reuter West Block E","11WD8REUW1C---EB","Fossil Hard coal","11WD8REUW1C---EB","04/04/2026 17:00 - 04/04/2026 18:00","84.75",""
"04/04/2026 00:00 - 05/04/2026 00:00","CTA|DE(50Hertz)","HKW Reuter West Block E","11WD8REUW1C---EB","Fossil Hard coal","11WD8REUW1C---EB","04/04/2026 18:00 - 04/04/2026 19:00","132.25",""
"04/04/2026 00:00 - 05/04/2026 00:00","CTA|DE(50Hertz)","HKW Reuter West Block E","11WD8REUW1C---EB","Fossil Hard coal","11WD8REUW1C---EB","04/04/2026 19:00 - 04/04/2026 20:00","132.50",""
"04/04/2026 00:00 - 05/04/2026 00:00","CTA|DE(50Hertz)","HKW Reuter West Block E","11WD8REUW1C---EB","Fossil Hard coal","11WD8REUW1C---EB","04/04/2026 20:00 - 04/04/2026 21:00","133.50",""
"04/04/2026 00:00 - 05/04/2026 00:00","CTA|DE(50Hertz)","HKW Reuter West Block E","11WD8REUW1C---EB","Fossil Hard coal","11WD8REUW1C---EB","04/04/2026 21:00 - 04/04/2026 22:00","132.50",""
"04/04/2026 00:00 - 05/04/2026 00:00","CTA|DE(50Hertz)","HKW Reuter West Block E","11WD8REUW1C---EB","Fossil Hard coal","11WD8REUW1C---EB","04/04/2026 22:00 - 04/04/2026 23:00","129.00",""
"04/04/2026 00:00 - 05/04/2026 00:00","CTA|DE(50Hertz)","HKW Reuter West Block E","11WD8REUW1C---EB","Fossil Hard coal","11WD8REUW1C---EB","04/04/2026 23:00 - 05/04/2026 00:00","82.00",""
"04/04/2026 00:00 - 05/04/2026 00:00","CTA|DE(50Hertz)","Kraftwerk Rostock","11WD8ROST1C----K","Fossil Hard coal","11WD8ROST1C----K","04/04/2026 00:00 - 04/04/2026 01:00","0.00",""
"04/04/2026 00:00 - 05/04/2026 00:00","CTA|DE(50Hertz)","Kraftwerk Rostock","11WD8ROST1C----K","Fossil Hard coal","11WD8ROST1C----K","04/04/2026 01:00 - 04/04/2026 02:00","0.00",""
"04/04/2026 00:00 - 05/04/2026 00:00","CTA|DE(50Hertz)","Kraftwerk Rostock","11WD8ROST1C----K","Fossil Hard coal","11WD8ROST1C----K","04/04/2026 02:00 - 04/04/2026 03:00","0.00",""
"04/04/2026 00:00 - 05/04/2026 00:00","CTA|DE(50Hertz)","Kraftwerk Rostock","11WD8ROST1C----K","Fossil Hard coal","11WD8ROST1C----K","04/04/2026 03:00 - 04/04/2026 04:00","0.00",""
"04/04/2026 00:00 - 05/04/2026 00:00","CTA|DE(50Hertz)","Kraftwerk Rostock","11WD8ROST1C----K","Fossil Hard coal","11WD8ROST1C----K","04/04/2026 04:00 - 04/04/2026 05:00","0.00",""
"04/04/2026 00:00 - 05/04/2026 00:00","CTA|DE(50Hertz)","Kraftwerk Rostock","11WD8ROST1C----K","Fossil Hard coal","11WD8ROST1C----K","04/04/2026 05:00 - 04/04/2026 06:00","0.00",""
"04/04/2026 00:00 - 05/04/2026 00:00","CTA|DE(50Hertz)","Kraftwerk Rostock","11WD8ROST1C----K","Fossil Hard coal","11WD8ROST1C----K","04/04/2026 06:00 - 04/04/2026 07:00","0.00",""
"04/04/2026 00:00 - 05/04/2026 00:00","CTA|DE(50Hertz)","Kraftwerk Rostock","11WD8ROST1C----K","Fossil Hard coal","11WD8ROST1C----K","04/04/2026 07:00 - 04/04/2026 08:00","0.00",""
"04/04/2026 00:00 - 05/04/2026 00:00","CTA|DE(50Hertz)","Kraftwerk Rostock","11WD8ROST1C----K","Fossil Hard coal","11WD8ROST1C----K","04/04/2026 08:00 - 04/04/2026 09:00","0.00",""
"04/04/2026 00:00 - 05/04/2026 00:00","CTA|DE(50Hertz)","Kraftwerk Rostock","11WD8ROST1C----K","Fossil Hard coal","11WD8ROST1C----K","04/04/2026 09:00 - 04/04/2026 10:00","0.00",""
"04/04/2026 00:00 - 05/04/2026 00:00","CTA|DE(50Hertz)","Kraftwerk Rostock","11WD8ROST1C----K","Fossil Hard coal","11WD8ROST1C----K","04/04/2026 10:00 - 04/04/2026 11:00","0.00",""
"04/04/2026 00:00 - 05/04/2026 00:00","CTA|DE(50Hertz)","Kraftwerk Rostock","11WD8ROST1C----K","Fossil Hard coal","11WD8ROST1C----K","04/04/2026 11:00 - 04/04/2026 12:00","0.00",""
"04/04/2026 00:00 - 05/04/2026 00:00","CTA|DE(50Hertz)","Kraftwerk Rostock","11WD8ROST1C----K","Fossil Hard coal","11WD8ROST1C----K","04/04/2026 12:00 - 04/04/2026 13:00","0.00",""
"04/04/2026 00:00 - 05/04/2026 00:00","CTA|DE(50Hertz)","Kraftwerk Rostock","11WD8ROST1C----K","Fossil Hard coal","11WD8ROST1C----K","04/04/2026 13:00 - 04/04/2026 14:00","0.00",""
"04/04/2026 00:00 - 05/04/2026 00:00","CTA|DE(50Hertz)","Kraftwerk Rostock","11WD8ROST1C----K","Fossil Hard coal","11WD8ROST1C----K","04/04/2026 14:00 - 04/04/2026 15:00","0.00",""
"04/04/2026 00:00 - 05/04/2026 00:00","CTA|DE(50Hertz)","Kraftwerk Rostock","11WD8ROST1C----K","Fossil Hard coal","11WD8ROST1C----K","04/04/2026 15:00 - 04/04/2026 16:00","0.00",""
"04/04/2026 00:00 - 05/04/2026 00:00","CTA|DE(50Hertz)","Kraftwerk Rostock","11WD8ROST1C----K","Fossil Hard coal","11WD8ROST1C----K","04/04/2026 16:00 - 04/04/2026 17:00","0.00",""
"04/04/2026 00:00 - 05/04/2026 00:00","CTA|DE(50Hertz)","Kraftwerk Rostock","11WD8ROST1C----K","Fossil Hard coal","11WD8ROST1C----K","04/04/2026 17:00 - 04/04/2026 18:00","0.00",""
"04/04/2026 00:00 - 05/04/2026 00:00","CTA|DE(50Hertz)","Kraftwerk Rostock","11WD8ROST1C----K","Fossil Hard coal","11WD8ROST1C----K","04/04/2026 18:00 - 04/04/2026 19:00","0.00",""
"04/04/2026 00:00 - 05/04/2026 00:00","CTA|DE(50Hertz)","Kraftwerk Rostock","11WD8ROST1C----K","Fossil Hard coal","11WD8ROST1C----K","04/04/2026 19:00 - 04/04/2026 20:00","0.00",""
"04/04/2026 00:00 - 05/04/2026 00:00","CTA|DE(50Hertz)","Kraftwerk Rostock","11WD8ROST1C----K","Fossil Hard coal","11WD8ROST1C----K","04/04/2026 20:00 - 04/04/2026 21:00","0.00",""
"04/04/2026 00:00 - 05/04/2026 00:00","CTA|DE(50Hertz)","Kraftwerk Rostock","11WD8ROST1C----K","Fossil Hard coal","11WD8ROST1C----K","04/04/2026 21:00 - 04/04/2026 22:00","0.00",""
"04/04/2026 00:00 - 05/04/2026 00:00","CTA|DE(50Hertz)","Kraftwerk Rostock","11WD8ROST1C----K","Fossil Hard coal","11WD8ROST1C----K","04/04/2026 22:00 - 04/04/2026 23:00","0.00",""
"04/04/2026 00:00 - 05/04/2026 00:00","CTA|DE(50Hertz)","Kraftwerk Rostock","11WD8ROST1C----K","Fossil Hard coal","11WD8ROST1C----K","04/04/2026 23:00 - 05/04/2026 00:00","0.00",""
"04/04/2026 00:00 - 05/04/2026 00:00","CTA|DE(50Hertz)","Schkopau A","11WD8SCHK1L---A2","Fossil Brown coal/Lignite","11WD8SCHK1L---A2","04/04/2026 00:00 - 04/04/2026 01:00","0.00",""
"04/04/2026 00:00 - 05/04/2026 00:00","CTA|DE(50Hertz)","Schkopau A","11WD8SCHK1L---A2","Fossil Brown coal/Lignite","11WD8SCHK1L---A2","04/04/2026 01:00 - 04/04/2026 02:00","0.00",""
"04/04/2026 00:00 - 05/04/2026 00:00","CTA|DE(50Hertz)","Schkopau A","11WD8SCHK1L---A2","Fossil Brown coal/Lignite","11WD8SCHK1L---A2","04/04/2026 02:00 - 04/04/2026 03:00","0.00",""
"04/04/2026 00:00 - 05/04/2026 00:00","CTA|DE(50Hertz)","Schkopau A","11WD8SCHK1L---A2","Fossil Brown coal/Lignite","11WD8SCHK1L---A2","04/04/2026 03:00 - 04/04/2026 04:00","0.00",""
"04/04/2026 00:00 - 05/04/2026 00:00","CTA|DE(50Hertz)","Schkopau A","11WD8SCHK1L---A2","Fossil Brown coal/Lignite","11WD8SCHK1L---A2","04/04/2026 04:00 - 04/04/2026 05:00","0.00",""
"04/04/2026 00:00 - 05/04/2026 00:00","CTA|DE(50Hertz)","Schkopau A","11WD8SCHK1L---A2","Fossil Brown coal/Lignite","11WD8SCHK1L---A2","04/04/2026 05:00 - 04/04/2026 06:00","0.00",""
"04/04/2026 00:00 - 05/04/2026 00:00","CTA|DE(50Hertz)","Schkopau A","11WD8SCHK1L---A2","Fossil Brown coal/Lignite","11WD8SCHK1L---A2","04/04/2026 06:00 - 04/04/2026 07:00","0.00",""
"04/04/2026 00:00 - 05/04/2026 00:00","CTA|DE(50Hertz)","Schkopau A","11WD8SCHK1L---A2","Fossil Brown coal/Lignite","11WD8SCHK1L---A2","04/04/2026 07:00 - 04/04/2026 08:00","0.00",""
"04/04/2026 00:00 - 05/04/2026 00:00","CTA|DE(50Hertz)","Schkopau A","11WD8SCHK1L---A2","Fossil Brown coal/Lignite","11WD8SCHK1L---A2","04/04/2026 08:00 - 04/04/2026 09:00","0.00",""
"04/04/2026 00:00 - 05/04/2026 00:00","CTA|DE(50Hertz)","Schkopau A","11WD8SCHK1L---A2","Fossil Brown coal/Lignite","11WD8SCHK1L---A2","04/04/2026 09:00 - 04/04/2026 10:00","0.00",""
"04/04/2026 00:00 - 05/04/2026 00:00","CTA|DE(50Hertz)","Schkopau A","11WD8SCHK1L---A2","Fossil Brown coal/Lignite","11WD8SCHK1L---A2","04/04/2026 10:00 - 04/04/2026 11:00","0.00",""
"04/04/2026 00:00 - 05/04/2026 00:00","CTA|DE(50Hertz)","Schkopau A","11WD8SCHK1L---A2","Fossil Brown coal/Lignite","11WD8SCHK1L---A2","04/04/2026 11:00 - 04/04/2026 12:00","0.00",""
"04/04/2026 00:00 - 05/04/2026 00:00","CTA|DE(50Hertz)","Schkopau A","11WD8SCHK1L---A2","Fossil Brown coal/Lignite","11WD8SCHK1L---A2","04/04/2026 12:00 - 04/04/2026 13:00","0.00",""
"04/04/2026 00:00 - 05/04/2026 00:00","CTA|DE(50Hertz)","Schkopau A","11WD8SCHK1L---A2","Fossil Brown coal/Lignite","11WD8SCHK1L---A2","04/04/2026 13:00 - 04/04/2026 14:00","0.00",""
"04/04/2026 00:00 - 05/04/2026 00:00","CTA|DE(50Hertz)","Schkopau A","11WD8SCHK1L---A2","Fossil Brown coal/Lignite","11WD8SCHK1L---A2","04/04/2026 14:00 - 04/04/2026 15:00","0.00",""
"04/04/2026 00:00 - 05/04/2026 00:00","CTA|DE(50Hertz)","Schkopau A","11WD8SCHK1L---A2","Fossil Brown coal/Lignite","11WD8SCHK1L---A2","04/04/2026 15:00 - 04/04/2026 16:00","0.00",""
"04/04/2026 00:00 - 05/04/2026 00:00","CTA|DE(50Hertz)","Schkopau A","11WD8SCHK1L---A2","Fossil Brown coal/Lignite","11WD8SCHK1L---A2","04/04/2026 16:00 - 04/04/2026 17:00","0.00",""
"04/04/2026 00:00 - 05/04/2026 00:00","CTA|DE(50Hertz)","Schkopau A","11WD8SCHK1L---A2","Fossil Brown coal/Lignite","11WD8SCHK1L---A2","04/04/2026 17:00 - 04/04/2026 18:00","0.00",""
"04/04/2026 00:00 - 05/04/2026 00:00","CTA|DE(50Hertz)","Schkopau A","11WD8SCHK1L---A2","Fossil Brown coal/Lignite","11WD8SCHK1L---A2","04/04/2026 18:00 - 04/04/2026 19:00","0.00",""
"04/04/2026 00:00 - 05/04/2026 00:00","CTA|DE(50Hertz)","Schkopau A","11WD8SCHK1L---A2","Fossil Brown coal/Lignite","11WD8SCHK1L---A2","04/04/2026 19:00 - 04/04/2026 20:00","0.00",""
"04/04/2026 00:00 - 05/04/2026 00:00","CTA|DE(50Hertz)","Schkopau A","11WD8SCHK1L---A2","Fossil Brown coal/Lignite","11WD8SCHK1L---A2","04/04/2026 20:00 - 04/04/2026 21:00","0.00",""
"04/04/2026 00:00 - 05/04/2026 00:00","CTA|DE(50Hertz)","Schkopau A","11WD8SCHK1L---A2","Fossil Brown coal/Lignite","11WD8SCHK1L---A2","04/04/2026 21:00 - 04/04/2026 22:00","0.00",""
"04/04/2026 00:00 - 05/04/2026 00:00","CTA|DE(50Hertz)","Schkopau A","11WD8SCHK1L---A2","Fossil Brown coal/Lignite","11WD8SCHK1L---A2","04/04/2026 22:00 - 04/04/2026 23:00","0.00",""
"04/04/2026 00:00 - 05/04/2026 00:00","CTA|DE(50Hertz)","Schkopau A","11WD8SCHK1L---A2","Fossil Brown coal/Lignite","11WD8SCHK1L---A2","04/04/2026 23:00 - 05/04/2026 00:00","0.00",""
"04/04/2026 00:00 - 05/04/2026 00:00","CTA|DE(50Hertz)","Schkopau B","11WD8SCHK1L---B0","Fossil Brown coal/Lignite","11WD8SCHK1L---B0","04/04/2026 00:00 - 04/04/2026 01:00","0.00",""
"04/04/2026 00:00 - 05/04/2026 00:00","CTA|DE(50Hertz)","Schkopau B","11WD8SCHK1L---B0","Fossil Brown coal/Lignite","11WD8SCHK1L---B0","04/04/2026 01:00 - 04/04/2026 02:00","0.00",""
"04/04/2026 00:00 - 05/04/2026 00:00","CTA|DE(50Hertz)","Schkopau B","11WD8SCHK1L---B0","Fossil Brown coal/Lignite","11WD8SCHK1L---B0","04/04/2026 02:00 - 04/04/2026 03:00","0.00",""
"04/04/2026 00:00 - 05/04/2026 00:00","CTA|DE(50Hertz)","Schkopau B","11WD8SCHK1L---B0","Fossil Brown coal/Lignite","11WD8SCHK1L---B0","04/04/2026 03:00 - 04/04/2026 04:00","0.00",""
"04/04/2026 00:00 - 05/04/2026 00:00","CTA|DE(50Hertz)","Schkopau B","11WD8SCHK1L---B0","Fossil Brown coal/Lignite","11WD8SCHK1L---B0","04/04/2026 04:00 - 04/04/2026 05:00","0.00",""
"04/04/2026 00:00 - 05/04/2026 00:00","CTA|DE(50Hertz)","Schkopau B","11WD8SCHK1L---B0","Fossil Brown coal/Lignite","11WD8SCHK1L---B0","04/04/2026 05:00 - 04/04/2026 06:00","0.00",""
"04/04/2026 00:00 - 05/04/2026 00:00","CTA|DE(50Hertz)","Schkopau B","11WD8SCHK1L---B0","Fossil Brown coal/Lignite","11WD8SCHK1L---B0","04/04/2026 06:00 - 04/04/2026 07:00","0.00",""
"04/04/2026 00:00 - 05/04/2026 00:00","CTA|DE(50Hertz)","Schkopau B","11WD8SCHK1L---B0","Fossil Brown coal/Lignite","11WD8SCHK1L---B0","04/04/2026 07:00 - 04/04/2026 08:00","0.00",""
"04/04/2026 00:00 - 05/04/2026 00:00","CTA|DE(50Hertz)","Schkopau B","11WD8SCHK1L---B0","Fossil Brown coal/Lignite","11WD8SCHK1L---B0","04/04/2026 08:00 - 04/04/2026 09:00","0.00",""
"04/04/2026 00:00 - 05/04/2026 00:00","CTA|DE(50Hertz)","Schkopau B","11WD8SCHK1L---B0","Fossil Brown coal/Lignite","11WD8SCHK1L---B0","04/04/2026 09:00 - 04/04/2026 10:00","0.00",""
"04/04/2026 00:00 - 05/04/2026 00:00","CTA|DE(50Hertz)","Schkopau B","11WD8SCHK1L---B0","Fossil Brown coal/Lignite","11WD8SCHK1L---B0","04/04/2026 10:00 - 04/04/2026 11:00","0.00",""
"04/04/2026 00:00 - 05/04/2026 00:00","CTA|DE(50Hertz)","Schkopau B","11WD8SCHK1L---B0","Fossil Brown coal/Lignite","11WD8SCHK1L---B0","04/04/2026 11:00 - 04/04/2026 12:00","0.00",""
"04/04/2026 00:00 - 05/04/2026 00:00","CTA|DE(50Hertz)","Schkopau B","11WD8SCHK1L---B0","Fossil Brown coal/Lignite","11WD8SCHK1L---B0","04/04/2026 12:00 - 04/04/2026 13:00","0.00",""
"04/04/2026 00:00 - 05/04/2026 00:00","CTA|DE(50Hertz)","Schkopau B","11WD8SCHK1L---B0","Fossil Brown coal/Lignite","11WD8SCHK1L---B0","04/04/2026 13:00 - 04/04/2026 14:00","0.00",""
"04/04/2026 00:00 - 05/04/2026 00:00","CTA|DE(50Hertz)","Schkopau B","11WD8SCHK1L---B0","Fossil Brown coal/Lignite","11WD8SCHK1L---B0","04/04/2026 14:00 - 04/04/2026 15:00","0.00",""
"04/04/2026 00:00 - 05/04/2026 00:00","CTA|DE(50Hertz)","Schkopau B","11WD8SCHK1L---B0","Fossil Brown coal/Lignite","11WD8SCHK1L---B0","04/04/2026 15:00 - 04/04/2026 16:00","0.00",""
"04/04/2026 00:00 - 05/04/2026 00:00","CTA|DE(50Hertz)","Schkopau B","11WD8SCHK1L---B0","Fossil Brown coal/Lignite","11WD8SCHK1L---B0","04/04/2026 16:00 - 04/04/2026 17:00","0.00",""
"04/04/2026 00:00 - 05/04/2026 00:00","CTA|DE(50Hertz)","Schkopau B","11WD8SCHK1L---B0","Fossil Brown coal/Lignite","11WD8SCHK1L---B0","04/04/2026 17:00 - 04/04/2026 18:00","0.00",""
"04/04/2026 00:00 - 05/04/2026 00:00","CTA|DE(50Hertz)","Schkopau B","11WD8SCHK1L---B0","Fossil Brown coal/Lignite","11WD8SCHK1L---B0","04/04/2026 18:00 - 04/04/2026 19:00","0.00",""
"04/04/2026 00:00 - 05/04/2026 00:00","CTA|DE(50Hertz)","Schkopau B","11WD8SCHK1L---B0","Fossil Brown coal/Lignite","11WD8SCHK1L---B0","04/04/2026 19:00 - 04/04/2026 20:00","0.00",""
"04/04/2026 00:00 - 05/04/2026 00:00","CTA|DE(50Hertz)","Schkopau B","11WD8SCHK1L---B0","Fossil Brown coal/Lignite","11WD8SCHK1L---B0","04/04/2026 20:00 - 04/04/2026 21:00","0.00",""
"04/04/2026 00:00 - 05/04/2026 00:00","CTA|DE(50Hertz)","Schkopau B","11WD8SCHK1L---B0","Fossil Brown coal/Lignite","11WD8SCHK1L---B0","04/04/2026 21:00 - 04/04/2026 22:00","0.00",""
"04/04/2026 00:00 - 05/04/2026 00:00","CTA|DE(50Hertz)","Schkopau B","11WD8SCHK1L---B0","Fossil Brown coal/Lignite","11WD8SCHK1L---B0","04/04/2026 22:00 - 04/04/2026 23:00","0.00",""
"04/04/2026 00:00 - 05/04/2026 00:00","CTA|DE(50Hertz)","Schkopau B","11WD8SCHK1L---B0","Fossil Brown coal/Lignite","11WD8SCHK1L---B0","04/04/2026 23:00 - 05/04/2026 00:00","0.00",""
"04/04/2026 00:00 - 05/04/2026 00:00","CTA|DE(50Hertz)","IKS Schwedt SE1 Block 1","11WD8SCHW5X---19","Fossil Oil","11WD8SCHW5X---19","04/04/2026 00:00 - 04/04/2026 01:00","76.00",""
"04/04/2026 00:00 - 05/04/2026 00:00","CTA|DE(50Hertz)","IKS Schwedt SE1 Block 1","11WD8SCHW5X---19","Fossil Oil","11WD8SCHW5X---19","04/04/2026 01:00 - 04/04/2026 02:00","76.00",""
"04/04/2026 00:00 - 05/04/2026 00:00","CTA|DE(50Hertz)","IKS Schwedt SE1 Block 1","11WD8SCHW5X---19","Fossil Oil","11WD8SCHW5X---19","04/04/2026 02:00 - 04/04/2026 03:00","76.00",""
"04/04/2026 00:00 - 05/04/2026 00:00","CTA|DE(50Hertz)","IKS Schwedt SE1 Block 1","11WD8SCHW5X---19","Fossil Oil","11WD8SCHW5X---19","04/04/2026 03:00 - 04/04/2026 04:00","76.00",""
"04/04/2026 00:00 - 05/04/2026 00:00","CTA|DE(50Hertz)","IKS Schwedt SE1 Block 1","11WD8SCHW5X---19","Fossil Oil","11WD8SCHW5X---19","04/04/2026 04:00 - 04/04/2026 05:00","76.00",""
"04/04/2026 00:00 - 05/04/2026 00:00","CTA|DE(50Hertz)","IKS Schwedt SE1 Block 1","11WD8SCHW5X---19","Fossil Oil","11WD8SCHW5X---19","04/04/2026 05:00 - 04/04/2026 06:00","76.00",""
"04/04/2026 00:00 - 05/04/2026 00:00","CTA|DE(50Hertz)","IKS Schwedt SE1 Block 1","11WD8SCHW5X---19","Fossil Oil","11WD8SCHW5X---19","04/04/2026 06:00 - 04/04/2026 07:00","76.00",""
"04/04/2026 00:00 - 05/04/2026 00:00","CTA|DE(50Hertz)","IKS Schwedt SE1 Block 1","11WD8SCHW5X---19","Fossil Oil","11WD8SCHW5X---19","04/04/2026 07:00 - 04/04/2026 08:00","76.00",""
"04/04/2026 00:00 - 05/04/2026 00:00","CTA|DE(50Hertz)","IKS Schwedt SE1 Block 1","11WD8SCHW5X---19","Fossil Oil","11WD8SCHW5X---19","04/04/2026 08:00 - 04/04/2026 09:00","76.00",""
"04/04/2026 00:00 - 05/04/2026 00:00","CTA|DE(50Hertz)","IKS Schwedt SE1 Block 1","11WD8SCHW5X---19","Fossil Oil","11WD8SCHW5X---19","04/04/2026 09:00 - 04/04/2026 10:00","76.00",""
"04/04/2026 00:00 - 05/04/2026 00:00","CTA|DE(50Hertz)","IKS Schwedt SE1 Block 1","11WD8SCHW5X---19","Fossil Oil","11WD8SCHW5X---19","04/04/2026 10:00 - 04/04/2026 11:00","76.00",""
"04/04/2026 00:00 - 05/04/2026 00:00","CTA|DE(50Hertz)","IKS Schwedt SE1 Block 1","11WD8SCHW5X---19","Fossil Oil","11WD8SCHW5X---19","04/04/2026 11:00 - 04/04/2026 12:00","76.00",""
"04/04/2026 00:00 - 05/04/2026 00:00","CTA|DE(50Hertz)","IKS Schwedt SE1 Block 1","11WD8SCHW5X---19","Fossil Oil","11WD8SCHW5X---19","04/04/2026 12:00 - 04/04/2026 13:00","76.00",""
"04/04/2026 00:00 - 05/04/2026 00:00","CTA|DE(50Hertz)","IKS Schwedt SE1 Block 1","11WD8SCHW5X---19","Fossil Oil","11WD8SCHW5X---19","04/04/2026 13:00 - 04/04/2026 14:00","76.00",""
"04/04/2026 00:00 - 05/04/2026 00:00","CTA|DE(50Hertz)","IKS Schwedt SE1 Block 1","11WD8SCHW5X---19","Fossil Oil","11WD8SCHW5X---19","04/04/2026 14:00 - 04/04/2026 15:00","76.00",""
"04/04/2026 00:00 - 05/04/2026 00:00","CTA|DE(50Hertz)","IKS Schwedt SE1 Block 1","11WD8SCHW5X---19","Fossil Oil","11WD8SCHW5X---19","04/04/2026 15:00 - 04/04/2026 16:00","76.00",""
"04/04/2026 00:00 - 05/04/2026 00:00","CTA|DE(50Hertz)","IKS Schwedt SE1 Block 1","11WD8SCHW5X---19","Fossil Oil","11WD8SCHW5X---19","04/04/2026 16:00 - 04/04/2026 17:00","75.75",""
"04/04/2026 00:00 - 05/04/2026 00:00","CTA|DE(50Hertz)","IKS Schwedt SE1 Block 1","11WD8SCHW5X---19","Fossil Oil","11WD8SCHW5X---19","04/04/2026 17:00 - 04/04/2026 18:00","75.00",""
"04/04/2026 00:00 - 05/04/2026 00:00","CTA|DE(50Hertz)","IKS Schwedt SE1 Block 1","11WD8SCHW5X---19","Fossil Oil","11WD8SCHW5X---19","04/04/2026 18:00 - 04/04/2026 19:00","75.00",""
"04/04/2026 00:00 - 05/04/2026 00:00","CTA|DE(50Hertz)","IKS Schwedt SE1 Block 1","11WD8SCHW5X---19","Fossil Oil","11WD8SCHW5X---19","04/04/2026 19:00 - 04/04/2026 20:00","75.00",""
"04/04/2026 00:00 - 05/04/2026 00:00","CTA|DE(50Hertz)","IKS Schwedt SE1 Block 1","11WD8SCHW5X---19","Fossil Oil","11WD8SCHW5X---19","04/04/2026 20:00 - 04/04/2026 21:00","75.00",""
"04/04/2026 00:00 - 05/04/2026 00:00","CTA|DE(50Hertz)","IKS Schwedt SE1 Block 1","11WD8SCHW5X---19","Fossil Oil","11WD8SCHW5X---19","04/04/2026 21:00 - 04/04/2026 22:00","75.00",""
"04/04/2026 00:00 - 05/04/2026 00:00","CTA|DE(50Hertz)","IKS Schwedt SE1 Block 1","11WD8SCHW5X---19","Fossil Oil","11WD8SCHW5X---19","04/04/2026 22:00 - 04/04/2026 23:00","75.00",""
"04/04/2026 00:00 - 05/04/2026 00:00","CTA|DE(50Hertz)","IKS Schwedt SE1 Block 1","11WD8SCHW5X---19","Fossil Oil","11WD8SCHW5X---19","04/04/2026 23:00 - 05/04/2026 00:00","75.00",""
"04/04/2026 00:00 - 05/04/2026 00:00","CTA|DE(50Hertz)","IKS Schwedt SE2 Block 2","11WD8SCHW5X---27","Fossil Oil","11WD8SCHW5X---27","04/04/2026 00:00 - 04/04/2026 01:00","76.00",""
"04/04/2026 00:00 - 05/04/2026 00:00","CTA|DE(50Hertz)","IKS Schwedt SE2 Block 2","11WD8SCHW5X---27","Fossil Oil","11WD8SCHW5X---27","04/04/2026 01:00 - 04/04/2026 02:00","76.00",""
"04/04/2026 00:00 - 05/04/2026 00:00","CTA|DE(50Hertz)","IKS Schwedt SE2 Block 2","11WD8SCHW5X---27","Fossil Oil","11WD8SCHW5X---27","04/04/2026 02:00 - 04/04/2026 03:00","76.00",""
"04/04/2026 00:00 - 05/04/2026 00:00","CTA|DE(50Hertz)","IKS Schwedt SE2 Block 2","11WD8SCHW5X---27","Fossil Oil","11WD8SCHW5X---27","04/04/2026 03:00 - 04/04/2026 04:00","75.25",""
"04/04/2026 00:00 - 05/04/2026 00:00","CTA|DE(50Hertz)","IKS Schwedt SE2 Block 2","11WD8SCHW5X---27","Fossil Oil","11WD8SCHW5X---27","04/04/2026 04:00 - 04/04/2026 05:00","75.00",""
"04/04/2026 00:00 - 05/04/2026 00:00","CTA|DE(50Hertz)","IKS Schwedt SE2 Block 2","11WD8SCHW5X---27","Fossil Oil","11WD8SCHW5X---27","04/04/2026 05:00 - 04/04/2026 06:00","75.00",""
"04/04/2026 00:00 - 05/04/2026 00:00","CTA|DE(50Hertz)","IKS Schwedt SE2 Block 2","11WD8SCHW5X---27","Fossil Oil","11WD8SCHW5X---27","04/04/2026 06:00 - 04/04/2026 07:00","75.00",""
"04/04/2026 00:00 - 05/04/2026 00:00","CTA|DE(50Hertz)","IKS Schwedt SE2 Block 2","11WD8SCHW5X---27","Fossil Oil","11WD8SCHW5X---27","04/04/2026 07:00 - 04/04/2026 08:00","75.00",""
"04/04/2026 00:00 - 05/04/2026 00:00","CTA|DE(50Hertz)","IKS Schwedt SE2 Block 2","11WD8SCHW5X---27","Fossil Oil","11WD8SCHW5X---27","04/04/2026 08:00 - 04/04/2026 09:00","75.00",""
"04/04/2026 00:00 - 05/04/2026 00:00","CTA|DE(50Hertz)","IKS Schwedt SE2 Block 2","11WD8SCHW5X---27","Fossil Oil","11WD8SCHW5X---27","04/04/2026 09:00 - 04/04/2026 10:00","75.00",""
"04/04/2026 00:00 - 05/04/2026 00:00","CTA|DE(50Hertz)","IKS Schwedt SE2 Block 2","11WD8SCHW5X---27","Fossil Oil","11WD8SCHW5X---27","04/04/2026 10:00 - 04/04/2026 11:00","75.00",""
"04/04/2026 00:00 - 05/04/2026 00:00","CTA|DE(50Hertz)","IKS Schwedt SE2 Block 2","11WD8SCHW5X---27","Fossil Oil","11WD8SCHW5X---27","04/04/2026 11:00 - 04/04/2026 12:00","75.00",""
"04/04/2026 00:00 - 05/04/2026 00:00","CTA|DE(50Hertz)","IKS Schwedt SE2 Block 2","11WD8SCHW5X---27","Fossil Oil","11WD8SCHW5X---27","04/04/2026 12:00 - 04/04/2026 13:00","75.00",""
"04/04/2026 00:00 - 05/04/2026 00:00","CTA|DE(50Hertz)","IKS Schwedt SE2 Block 2","11WD8SCHW5X---27","Fossil Oil","11WD8SCHW5X---27","04/04/2026 13:00 - 04/04/2026 14:00","75.00",""
"04/04/2026 00:00 - 05/04/2026 00:00","CTA|DE(50Hertz)","IKS Schwedt SE2 Block 2","11WD8SCHW5X---27","Fossil Oil","11WD8SCHW5X---27","04/04/2026 14:00 - 04/04/2026 15:00","75.00",""
"04/04/2026 00:00 - 05/04/2026 00:00","CTA|DE(50Hertz)","IKS Schwedt SE2 Block 2","11WD8SCHW5X---27","Fossil Oil","11WD8SCHW5X---27","04/04/2026 15:00 - 04/04/2026 16:00","75.00",""
"04/04/2026 00:00 - 05/04/2026 00:00","CTA|DE(50Hertz)","IKS Schwedt SE2 Block 2","11WD8SCHW5X---27","Fossil Oil","11WD8SCHW5X---27","04/04/2026 16:00 - 04/04/2026 17:00","75.00",""
"04/04/2026 00:00 - 05/04/2026 00:00","CTA|DE(50Hertz)","IKS Schwedt SE2 Block 2","11WD8SCHW5X---27","Fossil Oil","11WD8SCHW5X---27","04/04/2026 17:00 - 04/04/2026 18:00","75.00",""
"04/04/2026 00:00 - 05/04/2026 00:00","CTA|DE(50Hertz)","IKS Schwedt SE2 Block 2","11WD8SCHW5X---27","Fossil Oil","11WD8SCHW5X---27","04/04/2026 18:00 - 04/04/2026 19:00","75.00",""
"04/04/2026 00:00 - 05/04/2026 00:00","CTA|DE(50Hertz)","IKS Schwedt SE2 Block 2","11WD8SCHW5X---27","Fossil Oil","11WD8SCHW5X---27","04/04/2026 19:00 - 04/04/2026 20:00","75.00",""
"04/04/2026 00:00 - 05/04/2026 00:00","CTA|DE(50Hertz)","IKS Schwedt SE2 Block 2","11WD8SCHW5X---27","Fossil Oil","11WD8SCHW5X---27","04/04/2026 20:00 - 04/04/2026 21:00","75.00",""
"04/04/2026 00:00 - 05/04/2026 00:00","CTA|DE(50Hertz)","IKS Schwedt SE2 Block 2","11WD8SCHW5X---27","Fossil Oil","11WD8SCHW5X---27","04/04/2026 21:00 - 04/04/2026 22:00","75.00",""
"04/04/2026 00:00 - 05/04/2026 00:00","CTA|DE(50Hertz)","IKS Schwedt SE2 Block 2","11WD8SCHW5X---27","Fossil Oil","11WD8SCHW5X---27","04/04/2026 22:00 - 04/04/2026 23:00","75.00",""
"04/04/2026 00:00 - 05/04/2026 00:00","CTA|DE(50Hertz)","IKS Schwedt SE2 Block 2","11WD8SCHW5X---27","Fossil Oil","11WD8SCHW5X---27","04/04/2026 23:00 - 05/04/2026 00:00","75.00",""
"04/04/2026 00:00 - 05/04/2026 00:00","CTA|DE(50Hertz)","KW Schwarze Pumpe Block A","11WD8SWPU1L---AK","Fossil Brown coal/Lignite","11WD8SWPU1L---AK","04/04/2026 00:00 - 04/04/2026 01:00","0.00",""
"04/04/2026 00:00 - 05/04/2026 00:00","CTA|DE(50Hertz)","KW Schwarze Pumpe Block A","11WD8SWPU1L---AK","Fossil Brown coal/Lignite","11WD8SWPU1L---AK","04/04/2026 01:00 - 04/04/2026 02:00","0.00",""
"04/04/2026 00:00 - 05/04/2026 00:00","CTA|DE(50Hertz)","KW Schwarze Pumpe Block A","11WD8SWPU1L---AK","Fossil Brown coal/Lignite","11WD8SWPU1L---AK","04/04/2026 02:00 - 04/04/2026 03:00","0.00",""
"04/04/2026 00:00 - 05/04/2026 00:00","CTA|DE(50Hertz)","KW Schwarze Pumpe Block A","11WD8SWPU1L---AK","Fossil Brown coal/Lignite","11WD8SWPU1L---AK","04/04/2026 03:00 - 04/04/2026 04:00","0.00",""
"04/04/2026 00:00 - 05/04/2026 00:00","CTA|DE(50Hertz)","KW Schwarze Pumpe Block A","11WD8SWPU1L---AK","Fossil Brown coal/Lignite","11WD8SWPU1L---AK","04/04/2026 04:00 - 04/04/2026 05:00","0.00",""
"04/04/2026 00:00 - 05/04/2026 00:00","CTA|DE(50Hertz)","KW Schwarze Pumpe Block A","11WD8SWPU1L---AK","Fossil Brown coal/Lignite","11WD8SWPU1L---AK","04/04/2026 05:00 - 04/04/2026 06:00","0.00",""
"04/04/2026 00:00 - 05/04/2026 00:00","CTA|DE(50Hertz)","KW Schwarze Pumpe Block A","11WD8SWPU1L---AK","Fossil Brown coal/Lignite","11WD8SWPU1L---AK","04/04/2026 06:00 - 04/04/2026 07:00","0.00",""
"04/04/2026 00:00 - 05/04/2026 00:00","CTA|DE(50Hertz)","KW Schwarze Pumpe Block A","11WD8SWPU1L---AK","Fossil Brown coal/Lignite","11WD8SWPU1L---AK","04/04/2026 07:00 - 04/04/2026 08:00","0.00",""
"04/04/2026 00:00 - 05/04/2026 00:00","CTA|DE(50Hertz)","KW Schwarze Pumpe Block A","11WD8SWPU1L---AK","Fossil Brown coal/Lignite","11WD8SWPU1L---AK","04/04/2026 08:00 - 04/04/2026 09:00","0.00",""
"04/04/2026 00:00 - 05/04/2026 00:00","CTA|DE(50Hertz)","KW Schwarze Pumpe Block A","11WD8SWPU1L---AK","Fossil Brown coal/Lignite","11WD8SWPU1L---AK","04/04/2026 09:00 - 04/04/2026 10:00","0.00",""
"04/04/2026 00:00 - 05/04/2026 00:00","CTA|DE(50Hertz)","KW Schwarze Pumpe Block A","11WD8SWPU1L---AK","Fossil Brown coal/Lignite","11WD8SWPU1L---AK","04/04/2026 10:00 - 04/04/2026 11:00","0.00",""
"04/04/2026 00:00 - 05/04/2026 00:00","CTA|DE(50Hertz)","KW Schwarze Pumpe Block A","11WD8SWPU1L---AK","Fossil Brown coal/Lignite","11WD8SWPU1L---AK","04/04/2026 11:00 - 04/04/2026 12:00","0.00",""
"04/04/2026 00:00 - 05/04/2026 00:00","CTA|DE(50Hertz)","KW Schwarze Pumpe Block A","11WD8SWPU1L---AK","Fossil Brown coal/Lignite","11WD8SWPU1L---AK","04/04/2026 12:00 - 04/04/2026 13:00","0.00",""
"04/04/2026 00:00 - 05/04/2026 00:00","CTA|DE(50Hertz)","KW Schwarze Pumpe Block A","11WD8SWPU1L---AK","Fossil Brown coal/Lignite","11WD8SWPU1L---AK","04/04/2026 13:00 - 04/04/2026 14:00","0.00",""
"04/04/2026 00:00 - 05/04/2026 00:00","CTA|DE(50Hertz)","KW Schwarze Pumpe Block A","11WD8SWPU1L---AK","Fossil Brown coal/Lignite","11WD8SWPU1L---AK","04/04/2026 14:00 - 04/04/2026 15:00","0.00",""
"04/04/2026 00:00 - 05/04/2026 00:00","CTA|DE(50Hertz)","KW Schwarze Pumpe Block A","11WD8SWPU1L---AK","Fossil Brown coal/Lignite","11WD8SWPU1L---AK","04/04/2026 15:00 - 04/04/2026 16:00","0.00",""
"04/04/2026 00:00 - 05/04/2026 00:00","CTA|DE(50Hertz)","KW Schwarze Pumpe Block A","11WD8SWPU1L---AK","Fossil Brown coal/Lignite","11WD8SWPU1L---AK","04/04/2026 16:00 - 04/04/2026 17:00","0.00",""
"04/04/2026 00:00 - 05/04/2026 00:00","CTA|DE(50Hertz)","KW Schwarze Pumpe Block A","11WD8SWPU1L---AK","Fossil Brown coal/Lignite","11WD8SWPU1L---AK","04/04/2026 17:00 - 04/04/2026 18:00","0.00",""
"04/04/2026 00:00 - 05/04/2026 00:00","CTA|DE(50Hertz)","KW Schwarze Pumpe Block A","11WD8SWPU1L---AK","Fossil Brown coal/Lignite","11WD8SWPU1L---AK","04/04/2026 18:00 - 04/04/2026 19:00","0.00",""
"04/04/2026 00:00 - 05/04/2026 00:00","CTA|DE(50Hertz)","KW Schwarze Pumpe Block A","11WD8SWPU1L---AK","Fossil Brown coal/Lignite","11WD8SWPU1L---AK","04/04/2026 19:00 - 04/04/2026 20:00","0.00",""
"04/04/2026 00:00 - 05/04/2026 00:00","CTA|DE(50Hertz)","KW Schwarze Pumpe Block A","11WD8SWPU1L---AK","Fossil Brown coal/Lignite","11WD8SWPU1L---AK","04/04/2026 20:00 - 04/04/2026 21:00","0.00",""
"04/04/2026 00:00 - 05/04/2026 00:00","CTA|DE(50Hertz)","KW Schwarze Pumpe Block A","11WD8SWPU1L---AK","Fossil Brown coal/Lignite","11WD8SWPU1L---AK","04/04/2026 21:00 - 04/04/2026 22:00","0.00",""
"04/04/2026 00:00 - 05/04/2026 00:00","CTA|DE(50Hertz)","KW Schwarze Pumpe Block A","11WD8SWPU1L---AK","Fossil Brown coal/Lignite","11WD8SWPU1L---AK","04/04/2026 22:00 - 04/04/2026 23:00","0.00",""
"04/04/2026 00:00 - 05/04/2026 00:00","CTA|DE(50Hertz)","KW Schwarze Pumpe Block A","11WD8SWPU1L---AK","Fossil Brown coal/Lignite","11WD8SWPU1L---AK","04/04/2026 23:00 - 05/04/2026 00:00","0.00",""
"04/04/2026 00:00 - 05/04/2026 00:00","CTA|DE(50Hertz)","KW Schwarze Pumpe Block B","11WD8SWPU1L---BI","Fossil Brown coal/Lignite","11WD8SWPU1L---BI","04/04/2026 00:00 - 04/04/2026 01:00","270.00",""
"04/04/2026 00:00 - 05/04/2026 00:00","CTA|DE(50Hertz)","KW Schwarze Pumpe Block B","11WD8SWPU1L---BI","Fossil Brown coal/Lignite","11WD8SWPU1L---BI","04/04/2026 01:00 - 04/04/2026 02:00","251.00",""
"04/04/2026 00:00 - 05/04/2026 00:00","CTA|DE(50Hertz)","KW Schwarze Pumpe Block B","11WD8SWPU1L---BI","Fossil Brown coal/Lignite","11WD8SWPU1L---BI","04/04/2026 02:00 - 04/04/2026 03:00","253.50",""
"04/04/2026 00:00 - 05/04/2026 00:00","CTA|DE(50Hertz)","KW Schwarze Pumpe Block B","11WD8SWPU1L---BI","Fossil Brown coal/Lignite","11WD8SWPU1L---BI","04/04/2026 03:00 - 04/04/2026 04:00","252.25",""
"04/04/2026 00:00 - 05/04/2026 00:00","CTA|DE(50Hertz)","KW Schwarze Pumpe Block B","11WD8SWPU1L---BI","Fossil Brown coal/Lignite","11WD8SWPU1L---BI","04/04/2026 04:00 - 04/04/2026 05:00","268.50",""
"04/04/2026 00:00 - 05/04/2026 00:00","CTA|DE(50Hertz)","KW Schwarze Pumpe Block B","11WD8SWPU1L---BI","Fossil Brown coal/Lignite","11WD8SWPU1L---BI","04/04/2026 05:00 - 04/04/2026 06:00","271.25",""
"04/04/2026 00:00 - 05/04/2026 00:00","CTA|DE(50Hertz)","KW Schwarze Pumpe Block B","11WD8SWPU1L---BI","Fossil Brown coal/Lignite","11WD8SWPU1L---BI","04/04/2026 06:00 - 04/04/2026 07:00","255.25",""
"04/04/2026 00:00 - 05/04/2026 00:00","CTA|DE(50Hertz)","KW Schwarze Pumpe Block B","11WD8SWPU1L---BI","Fossil Brown coal/Lignite","11WD8SWPU1L---BI","04/04/2026 07:00 - 04/04/2026 08:00","267.00",""
"04/04/2026 00:00 - 05/04/2026 00:00","CTA|DE(50Hertz)","KW Schwarze Pumpe Block B","11WD8SWPU1L---BI","Fossil Brown coal/Lignite","11WD8SWPU1L---BI","04/04/2026 08:00 - 04/04/2026 09:00","273.75",""
"04/04/2026 00:00 - 05/04/2026 00:00","CTA|DE(50Hertz)","KW Schwarze Pumpe Block B","11WD8SWPU1L---BI","Fossil Brown coal/Lignite","11WD8SWPU1L---BI","04/04/2026 09:00 - 04/04/2026 10:00","265.50",""
"04/04/2026 00:00 - 05/04/2026 00:00","CTA|DE(50Hertz)","KW Schwarze Pumpe Block B","11WD8SWPU1L---BI","Fossil Brown coal/Lignite","11WD8SWPU1L---BI","04/04/2026 10:00 - 04/04/2026 11:00","259.25",""
"04/04/2026 00:00 - 05/04/2026 00:00","CTA|DE(50Hertz)","KW Schwarze Pumpe Block B","11WD8SWPU1L---BI","Fossil Brown coal/Lignite","11WD8SWPU1L---BI","04/04/2026 11:00 - 04/04/2026 12:00","271.75",""
"04/04/2026 00:00 - 05/04/2026 00:00","CTA|DE(50Hertz)","KW Schwarze Pumpe Block B","11WD8SWPU1L---BI","Fossil Brown coal/Lignite","11WD8SWPU1L---BI","04/04/2026 12:00 - 04/04/2026 13:00","257.00",""
"04/04/2026 00:00 - 05/04/2026 00:00","CTA|DE(50Hertz)","KW Schwarze Pumpe Block B","11WD8SWPU1L---BI","Fossil Brown coal/Lignite","11WD8SWPU1L---BI","04/04/2026 13:00 - 04/04/2026 14:00","272.50",""
"04/04/2026 00:00 - 05/04/2026 00:00","CTA|DE(50Hertz)","KW Schwarze Pumpe Block B","11WD8SWPU1L---BI","Fossil Brown coal/Lignite","11WD8SWPU1L---BI","04/04/2026 14:00 - 04/04/2026 15:00","268.25",""
"04/04/2026 00:00 - 05/04/2026 00:00","CTA|DE(50Hertz)","KW Schwarze Pumpe Block B","11WD8SWPU1L---BI","Fossil Brown coal/Lignite","11WD8SWPU1L---BI","04/04/2026 15:00 - 04/04/2026 16:00","250.75",""
"04/04/2026 00:00 - 05/04/2026 00:00","CTA|DE(50Hertz)","KW Schwarze Pumpe Block B","11WD8SWPU1L---BI","Fossil Brown coal/Lignite","11WD8SWPU1L---BI","04/04/2026 16:00 - 04/04/2026 17:00","269.00",""
"04/04/2026 00:00 - 05/04/2026 00:00","CTA|DE(50Hertz)","KW Schwarze Pumpe Block B","11WD8SWPU1L---BI","Fossil Brown coal/Lignite","11WD8SWPU1L---BI","04/04/2026 17:00 - 04/04/2026 18:00","324.50",""
"04/04/2026 00:00 - 05/04/2026 00:00","CTA|DE(50Hertz)","KW Schwarze Pumpe Block B","11WD8SWPU1L---BI","Fossil Brown coal/Lignite","11WD8SWPU1L---BI","04/04/2026 18:00 - 04/04/2026 19:00","679.25",""
"04/04/2026 00:00 - 05/04/2026 00:00","CTA|DE(50Hertz)","KW Schwarze Pumpe Block B","11WD8SWPU1L---BI","Fossil Brown coal/Lignite","11WD8SWPU1L---BI","04/04/2026 19:00 - 04/04/2026 20:00","590.50",""
"04/04/2026 00:00 - 05/04/2026 00:00","CTA|DE(50Hertz)","KW Schwarze Pumpe Block B","11WD8SWPU1L---BI","Fossil Brown coal/Lignite","11WD8SWPU1L---BI","04/04/2026 20:00 - 04/04/2026 21:00","517.75",""
"04/04/2026 00:00 - 05/04/2026 00:00","CTA|DE(50Hertz)","KW Schwarze Pumpe Block B","11WD8SWPU1L---BI","Fossil Brown coal/Lignite","11WD8SWPU1L---BI","04/04/2026 21:00 - 04/04/2026 22:00","522.50",""
"04/04/2026 00:00 - 05/04/2026 00:00","CTA|DE(50Hertz)","KW Schwarze Pumpe Block B","11WD8SWPU1L---BI","Fossil Brown coal/Lignite","11WD8SWPU1L---BI","04/04/2026 22:00 - 04/04/2026 23:00","385.75",""
"04/04/2026 00:00 - 05/04/2026 00:00","CTA|DE(50Hertz)","KW Schwarze Pumpe Block B","11WD8SWPU1L---BI","Fossil Brown coal/Lignite","11WD8SWPU1L---BI","04/04/2026 23:00 - 05/04/2026 00:00","353.75",""
"04/04/2026 00:00 - 05/04/2026 00:00","CTA|DE(50Hertz)","HKW Tiefstack Block 2","11WD8TIEF5C----9","Fossil Hard coal","11WD8TIEF5C----9","04/04/2026 00:00 - 04/04/2026 01:00","35.25",""
"04/04/2026 00:00 - 05/04/2026 00:00","CTA|DE(50Hertz)","HKW Tiefstack Block 2","11WD8TIEF5C----9","Fossil Hard coal","11WD8TIEF5C----9","04/04/2026 01:00 - 04/04/2026 02:00","32.75",""
"04/04/2026 00:00 - 05/04/2026 00:00","CTA|DE(50Hertz)","HKW Tiefstack Block 2","11WD8TIEF5C----9","Fossil Hard coal","11WD8TIEF5C----9","04/04/2026 02:00 - 04/04/2026 03:00","33.75",""
"04/04/2026 00:00 - 05/04/2026 00:00","CTA|DE(50Hertz)","HKW Tiefstack Block 2","11WD8TIEF5C----9","Fossil Hard coal","11WD8TIEF5C----9","04/04/2026 03:00 - 04/04/2026 04:00","34.75",""
"04/04/2026 00:00 - 05/04/2026 00:00","CTA|DE(50Hertz)","HKW Tiefstack Block 2","11WD8TIEF5C----9","Fossil Hard coal","11WD8TIEF5C----9","04/04/2026 04:00 - 04/04/2026 05:00","36.50",""
"04/04/2026 00:00 - 05/04/2026 00:00","CTA|DE(50Hertz)","HKW Tiefstack Block 2","11WD8TIEF5C----9","Fossil Hard coal","11WD8TIEF5C----9","04/04/2026 05:00 - 04/04/2026 06:00","32.25",""
"04/04/2026 00:00 - 05/04/2026 00:00","CTA|DE(50Hertz)","HKW Tiefstack Block 2","11WD8TIEF5C----9","Fossil Hard coal","11WD8TIEF5C----9","04/04/2026 06:00 - 04/04/2026 07:00","35.25",""
"04/04/2026 00:00 - 05/04/2026 00:00","CTA|DE(50Hertz)","HKW Tiefstack Block 2","11WD8TIEF5C----9","Fossil Hard coal","11WD8TIEF5C----9","04/04/2026 07:00 - 04/04/2026 08:00","50.75",""
"04/04/2026 00:00 - 05/04/2026 00:00","CTA|DE(50Hertz)","HKW Tiefstack Block 2","11WD8TIEF5C----9","Fossil Hard coal","11WD8TIEF5C----9","04/04/2026 08:00 - 04/04/2026 09:00","57.00",""
"04/04/2026 00:00 - 05/04/2026 00:00","CTA|DE(50Hertz)","HKW Tiefstack Block 2","11WD8TIEF5C----9","Fossil Hard coal","11WD8TIEF5C----9","04/04/2026 09:00 - 04/04/2026 10:00","56.25",""
"04/04/2026 00:00 - 05/04/2026 00:00","CTA|DE(50Hertz)","HKW Tiefstack Block 2","11WD8TIEF5C----9","Fossil Hard coal","11WD8TIEF5C----9","04/04/2026 10:00 - 04/04/2026 11:00","39.75",""
"04/04/2026 00:00 - 05/04/2026 00:00","CTA|DE(50Hertz)","HKW Tiefstack Block 2","11WD8TIEF5C----9","Fossil Hard coal","11WD8TIEF5C----9","04/04/2026 11:00 - 04/04/2026 12:00","32.50",""
"04/04/2026 00:00 - 05/04/2026 00:00","CTA|DE(50Hertz)","HKW Tiefstack Block 2","11WD8TIEF5C----9","Fossil Hard coal","11WD8TIEF5C----9","04/04/2026 12:00 - 04/04/2026 13:00","27.50",""
"04/04/2026 00:00 - 05/04/2026 00:00","CTA|DE(50Hertz)","HKW Tiefstack Block 2","11WD8TIEF5C----9","Fossil Hard coal","11WD8TIEF5C----9","04/04/2026 13:00 - 04/04/2026 14:00","27.50",""
"04/04/2026 00:00 - 05/04/2026 00:00","CTA|DE(50Hertz)","HKW Tiefstack Block 2","11WD8TIEF5C----9","Fossil Hard coal","11WD8TIEF5C----9","04/04/2026 14:00 - 04/04/2026 15:00","25.25",""
"04/04/2026 00:00 - 05/04/2026 00:00","CTA|DE(50Hertz)","HKW Tiefstack Block 2","11WD8TIEF5C----9","Fossil Hard coal","11WD8TIEF5C----9","04/04/2026 15:00 - 04/04/2026 16:00","30.75",""
"04/04/2026 00:00 - 05/04/2026 00:00","CTA|DE(50Hertz)","HKW Tiefstack Block 2","11WD8TIEF5C----9","Fossil Hard coal","11WD8TIEF5C----9","04/04/2026 16:00 - 04/04/2026 17:00","30.00",""
"04/04/2026 00:00 - 05/04/2026 00:00","CTA|DE(50Hertz)","HKW Tiefstack Block 2","11WD8TIEF5C----9","Fossil Hard coal","11WD8TIEF5C----9","04/04/2026 17:00 - 04/04/2026 18:00","30.00",""
"04/04/2026 00:00 - 05/04/2026 00:00","CTA|DE(50Hertz)","HKW Tiefstack Block 2","11WD8TIEF5C----9","Fossil Hard coal","11WD8TIEF5C----9","04/04/2026 18:00 - 04/04/2026 19:00","35.75",""
"04/04/2026 00:00 - 05/04/2026 00:00","CTA|DE(50Hertz)","HKW Tiefstack Block 2","11WD8TIEF5C----9","Fossil Hard coal","11WD8TIEF5C----9","04/04/2026 19:00 - 04/04/2026 20:00","31.00",""
"04/04/2026 00:00 - 05/04/2026 00:00","CTA|DE(50Hertz)","HKW Tiefstack Block 2","11WD8TIEF5C----9","Fossil Hard coal","11WD8TIEF5C----9","04/04/2026 20:00 - 04/04/2026 21:00","31.50",""
"04/04/2026 00:00 - 05/04/2026 00:00","CTA|DE(50Hertz)","HKW Tiefstack Block 2","11WD8TIEF5C----9","Fossil Hard coal","11WD8TIEF5C----9","04/04/2026 21:00 - 04/04/2026 22:00","34.00",""
"04/04/2026 00:00 - 05/04/2026 00:00","CTA|DE(50Hertz)","HKW Tiefstack Block 2","11WD8TIEF5C----9","Fossil Hard coal","11WD8TIEF5C----9","04/04/2026 22:00 - 04/04/2026 23:00","33.50",""
"04/04/2026 00:00 - 05/04/2026 00:00","CTA|DE(50Hertz)","HKW Tiefstack Block 2","11WD8TIEF5C----9","Fossil Hard coal","11WD8TIEF5C----9","04/04/2026 23:00 - 05/04/2026 00:00","34.75",""
"04/04/2026 00:00 - 05/04/2026 00:00","CTA|DE(50Hertz)","HKW Tiefstack GuD","11WD8TIEF5G-GUDI","Fossil Gas","11WD8TIEF5G-GUDI","04/04/2026 00:00 - 04/04/2026 01:00","0.00",""
"04/04/2026 00:00 - 05/04/2026 00:00","CTA|DE(50Hertz)","HKW Tiefstack GuD","11WD8TIEF5G-GUDI","Fossil Gas","11WD8TIEF5G-GUDI","04/04/2026 01:00 - 04/04/2026 02:00","0.00",""
"04/04/2026 00:00 - 05/04/2026 00:00","CTA|DE(50Hertz)","HKW Tiefstack GuD","11WD8TIEF5G-GUDI","Fossil Gas","11WD8TIEF5G-GUDI","04/04/2026 02:00 - 04/04/2026 03:00","0.00",""
"04/04/2026 00:00 - 05/04/2026 00:00","CTA|DE(50Hertz)","HKW Tiefstack GuD","11WD8TIEF5G-GUDI","Fossil Gas","11WD8TIEF5G-GUDI","04/04/2026 03:00 - 04/04/2026 04:00","0.00",""
"04/04/2026 00:00 - 05/04/2026 00:00","CTA|DE(50Hertz)","HKW Tiefstack GuD","11WD8TIEF5G-GUDI","Fossil Gas","11WD8TIEF5G-GUDI","04/04/2026 04:00 - 04/04/2026 05:00","0.00",""
"04/04/2026 00:00 - 05/04/2026 00:00","CTA|DE(50Hertz)","HKW Tiefstack GuD","11WD8TIEF5G-GUDI","Fossil Gas","11WD8TIEF5G-GUDI","04/04/2026 05:00 - 04/04/2026 06:00","0.00",""
"04/04/2026 00:00 - 05/04/2026 00:00","CTA|DE(50Hertz)","HKW Tiefstack GuD","11WD8TIEF5G-GUDI","Fossil Gas","11WD8TIEF5G-GUDI","04/04/2026 06:00 - 04/04/2026 07:00","0.00",""
"04/04/2026 00:00 - 05/04/2026 00:00","CTA|DE(50Hertz)","HKW Tiefstack GuD","11WD8TIEF5G-GUDI","Fossil Gas","11WD8TIEF5G-GUDI","04/04/2026 07:00 - 04/04/2026 08:00","0.00",""
"04/04/2026 00:00 - 05/04/2026 00:00","CTA|DE(50Hertz)","HKW Tiefstack GuD","11WD8TIEF5G-GUDI","Fossil Gas","11WD8TIEF5G-GUDI","04/04/2026 08:00 - 04/04/2026 09:00","0.00",""
"04/04/2026 00:00 - 05/04/2026 00:00","CTA|DE(50Hertz)","HKW Tiefstack GuD","11WD8TIEF5G-GUDI","Fossil Gas","11WD8TIEF5G-GUDI","04/04/2026 09:00 - 04/04/2026 10:00","0.00",""
"04/04/2026 00:00 - 05/04/2026 00:00","CTA|DE(50Hertz)","HKW Tiefstack GuD","11WD8TIEF5G-GUDI","Fossil Gas","11WD8TIEF5G-GUDI","04/04/2026 10:00 - 04/04/2026 11:00","0.00",""
"04/04/2026 00:00 - 05/04/2026 00:00","CTA|DE(50Hertz)","HKW Tiefstack GuD","11WD8TIEF5G-GUDI","Fossil Gas","11WD8TIEF5G-GUDI","04/04/2026 11:00 - 04/04/2026 12:00","0.00",""
"04/04/2026 00:00 - 05/04/2026 00:00","CTA|DE(50Hertz)","HKW Tiefstack GuD","11WD8TIEF5G-GUDI","Fossil Gas","11WD8TIEF5G-GUDI","04/04/2026 12:00 - 04/04/2026 13:00","0.00",""
"04/04/2026 00:00 - 05/04/2026 00:00","CTA|DE(50Hertz)","HKW Tiefstack GuD","11WD8TIEF5G-GUDI","Fossil Gas","11WD8TIEF5G-GUDI","04/04/2026 13:00 - 04/04/2026 14:00","0.00",""
"04/04/2026 00:00 - 05/04/2026 00:00","CTA|DE(50Hertz)","HKW Tiefstack GuD","11WD8TIEF5G-GUDI","Fossil Gas","11WD8TIEF5G-GUDI","04/04/2026 14:00 - 04/04/2026 15:00","0.00",""
"04/04/2026 00:00 - 05/04/2026 00:00","CTA|DE(50Hertz)","HKW Tiefstack GuD","11WD8TIEF5G-GUDI","Fossil Gas","11WD8TIEF5G-GUDI","04/04/2026 15:00 - 04/04/2026 16:00","0.00",""
"04/04/2026 00:00 - 05/04/2026 00:00","CTA|DE(50Hertz)","HKW Tiefstack GuD","11WD8TIEF5G-GUDI","Fossil Gas","11WD8TIEF5G-GUDI","04/04/2026 16:00 - 04/04/2026 17:00","0.00",""
"04/04/2026 00:00 - 05/04/2026 00:00","CTA|DE(50Hertz)","HKW Tiefstack GuD","11WD8TIEF5G-GUDI","Fossil Gas","11WD8TIEF5G-GUDI","04/04/2026 17:00 - 04/04/2026 18:00","0.00",""
"04/04/2026 00:00 - 05/04/2026 00:00","CTA|DE(50Hertz)","HKW Tiefstack GuD","11WD8TIEF5G-GUDI","Fossil Gas","11WD8TIEF5G-GUDI","04/04/2026 18:00 - 04/04/2026 19:00","0.00",""
"04/04/2026 00:00 - 05/04/2026 00:00","CTA|DE(50Hertz)","HKW Tiefstack GuD","11WD8TIEF5G-GUDI","Fossil Gas","11WD8TIEF5G-GUDI","04/04/2026 19:00 - 04/04/2026 20:00","0.00",""
"04/04/2026 00:00 - 05/04/2026 00:00","CTA|DE(50Hertz)","HKW Tiefstack GuD","11WD8TIEF5G-GUDI","Fossil Gas","11WD8TIEF5G-GUDI","04/04/2026 20:00 - 04/04/2026 21:00","0.00",""
"04/04/2026 00:00 - 05/04/2026 00:00","CTA|DE(50Hertz)","HKW Tiefstack GuD","11WD8TIEF5G-GUDI","Fossil Gas","11WD8TIEF5G-GUDI","04/04/2026 21:00 - 04/04/2026 22:00","0.00",""
"04/04/2026 00:00 - 05/04/2026 00:00","CTA|DE(50Hertz)","HKW Tiefstack GuD","11WD8TIEF5G-GUDI","Fossil Gas","11WD8TIEF5G-GUDI","04/04/2026 22:00 - 04/04/2026 23:00","0.00",""
"04/04/2026 00:00 - 05/04/2026 00:00","CTA|DE(50Hertz)","HKW Tiefstack GuD","11WD8TIEF5G-GUDI","Fossil Gas","11WD8TIEF5G-GUDI","04/04/2026 23:00 - 05/04/2026 00:00","0.00",""
"04/04/2026 00:00 - 05/04/2026 00:00","CTA|DE(50Hertz)","HKW Wedel Block 1","11WD8WED15C---1M","Fossil Hard coal","11WD8WED15C---1M","04/04/2026 00:00 - 04/04/2026 01:00","39.25",""
"04/04/2026 00:00 - 05/04/2026 00:00","CTA|DE(50Hertz)","HKW Wedel Block 1","11WD8WED15C---1M","Fossil Hard coal","11WD8WED15C---1M","04/04/2026 01:00 - 04/04/2026 02:00","39.00",""
"04/04/2026 00:00 - 05/04/2026 00:00","CTA|DE(50Hertz)","HKW Wedel Block 1","11WD8WED15C---1M","Fossil Hard coal","11WD8WED15C---1M","04/04/2026 02:00 - 04/04/2026 03:00","38.50",""
"04/04/2026 00:00 - 05/04/2026 00:00","CTA|DE(50Hertz)","HKW Wedel Block 1","11WD8WED15C---1M","Fossil Hard coal","11WD8WED15C---1M","04/04/2026 03:00 - 04/04/2026 04:00","38.50",""
"04/04/2026 00:00 - 05/04/2026 00:00","CTA|DE(50Hertz)","HKW Wedel Block 1","11WD8WED15C---1M","Fossil Hard coal","11WD8WED15C---1M","04/04/2026 04:00 - 04/04/2026 05:00","39.25",""
"04/04/2026 00:00 - 05/04/2026 00:00","CTA|DE(50Hertz)","HKW Wedel Block 1","11WD8WED15C---1M","Fossil Hard coal","11WD8WED15C---1M","04/04/2026 05:00 - 04/04/2026 06:00","39.75",""
"04/04/2026 00:00 - 05/04/2026 00:00","CTA|DE(50Hertz)","HKW Wedel Block 1","11WD8WED15C---1M","Fossil Hard coal","11WD8WED15C---1M","04/04/2026 06:00 - 04/04/2026 07:00","44.50",""
"04/04/2026 00:00 - 05/04/2026 00:00","CTA|DE(50Hertz)","HKW Wedel Block 1","11WD8WED15C---1M","Fossil Hard coal","11WD8WED15C---1M","04/04/2026 07:00 - 04/04/2026 08:00","44.25",""
"04/04/2026 00:00 - 05/04/2026 00:00","CTA|DE(50Hertz)","HKW Wedel Block 1","11WD8WED15C---1M","Fossil Hard coal","11WD8WED15C---1M","04/04/2026 08:00 - 04/04/2026 09:00","45.75",""
"04/04/2026 00:00 - 05/04/2026 00:00","CTA|DE(50Hertz)","HKW Wedel Block 1","11WD8WED15C---1M","Fossil Hard coal","11WD8WED15C---1M","04/04/2026 09:00 - 04/04/2026 10:00","45.00",""
"04/04/2026 00:00 - 05/04/2026 00:00","CTA|DE(50Hertz)","HKW Wedel Block 1","11WD8WED15C---1M","Fossil Hard coal","11WD8WED15C---1M","04/04/2026 10:00 - 04/04/2026 11:00","42.00",""
"04/04/2026 00:00 - 05/04/2026 00:00","CTA|DE(50Hertz)","HKW Wedel Block 1","11WD8WED15C---1M","Fossil Hard coal","11WD8WED15C---1M","04/04/2026 11:00 - 04/04/2026 12:00","41.25",""
"04/04/2026 00:00 - 05/04/2026 00:00","CTA|DE(50Hertz)","HKW Wedel Block 1","11WD8WED15C---1M","Fossil Hard coal","11WD8WED15C---1M","04/04/2026 12:00 - 04/04/2026 13:00","36.50",""
"04/04/2026 00:00 - 05/04/2026 00:00","CTA|DE(50Hertz)","HKW Wedel Block 1","11WD8WED15C---1M","Fossil Hard coal","11WD8WED15C---1M","04/04/2026 13:00 - 04/04/2026 14:00","37.75",""
"04/04/2026 00:00 - 05/04/2026 00:00","CTA|DE(50Hertz)","HKW Wedel Block 1","11WD8WED15C---1M","Fossil Hard coal","11WD8WED15C---1M","04/04/2026 14:00 - 04/04/2026 15:00","36.50",""
"04/04/2026 00:00 - 05/04/2026 00:00","CTA|DE(50Hertz)","HKW Wedel Block 1","11WD8WED15C---1M","Fossil Hard coal","11WD8WED15C---1M","04/04/2026 15:00 - 04/04/2026 16:00","35.25",""
"04/04/2026 00:00 - 05/04/2026 00:00","CTA|DE(50Hertz)","HKW Wedel Block 1","11WD8WED15C---1M","Fossil Hard coal","11WD8WED15C---1M","04/04/2026 16:00 - 04/04/2026 17:00","35.00",""
"04/04/2026 00:00 - 05/04/2026 00:00","CTA|DE(50Hertz)","HKW Wedel Block 1","11WD8WED15C---1M","Fossil Hard coal","11WD8WED15C---1M","04/04/2026 17:00 - 04/04/2026 18:00","35.00",""
"04/04/2026 00:00 - 05/04/2026 00:00","CTA|DE(50Hertz)","HKW Wedel Block 1","11WD8WED15C---1M","Fossil Hard coal","11WD8WED15C---1M","04/04/2026 18:00 - 04/04/2026 19:00","35.00",""
"04/04/2026 00:00 - 05/04/2026 00:00","CTA|DE(50Hertz)","HKW Wedel Block 1","11WD8WED15C---1M","Fossil Hard coal","11WD8WED15C---1M","04/04/2026 19:00 - 04/04/2026 20:00","35.00",""
"04/04/2026 00:00 - 05/04/2026 00:00","CTA|DE(50Hertz)","HKW Wedel Block 1","11WD8WED15C---1M","Fossil Hard coal","11WD8WED15C---1M","04/04/2026 20:00 - 04/04/2026 21:00","35.00",""
"04/04/2026 00:00 - 05/04/2026 00:00","CTA|DE(50Hertz)","HKW Wedel Block 1","11WD8WED15C---1M","Fossil Hard coal","11WD8WED15C---1M","04/04/2026 21:00 - 04/04/2026 22:00","34.50",""
"04/04/2026 00:00 - 05/04/2026 00:00","CTA|DE(50Hertz)","HKW Wedel Block 1","11WD8WED15C---1M","Fossil Hard coal","11WD8WED15C---1M","04/04/2026 22:00 - 04/04/2026 23:00","35.50",""
"04/04/2026 00:00 - 05/04/2026 00:00","CTA|DE(50Hertz)","HKW Wedel Block 1","11WD8WED15C---1M","Fossil Hard coal","11WD8WED15C---1M","04/04/2026 23:00 - 05/04/2026 00:00","35.25",""
"04/04/2026 00:00 - 05/04/2026 00:00","CTA|DE(50Hertz)","HKW Wedel Block 2","11WD8WED15C---2K","Fossil Hard coal","11WD8WED15C---2K","04/04/2026 00:00 - 04/04/2026 01:00","40.75",""
"04/04/2026 00:00 - 05/04/2026 00:00","CTA|DE(50Hertz)","HKW Wedel Block 2","11WD8WED15C---2K","Fossil Hard coal","11WD8WED15C---2K","04/04/2026 01:00 - 04/04/2026 02:00","40.00",""
"04/04/2026 00:00 - 05/04/2026 00:00","CTA|DE(50Hertz)","HKW Wedel Block 2","11WD8WED15C---2K","Fossil Hard coal","11WD8WED15C---2K","04/04/2026 02:00 - 04/04/2026 03:00","40.00",""
"04/04/2026 00:00 - 05/04/2026 00:00","CTA|DE(50Hertz)","HKW Wedel Block 2","11WD8WED15C---2K","Fossil Hard coal","11WD8WED15C---2K","04/04/2026 03:00 - 04/04/2026 04:00","40.00",""
"04/04/2026 00:00 - 05/04/2026 00:00","CTA|DE(50Hertz)","HKW Wedel Block 2","11WD8WED15C---2K","Fossil Hard coal","11WD8WED15C---2K","04/04/2026 04:00 - 04/04/2026 05:00","41.00",""
"04/04/2026 00:00 - 05/04/2026 00:00","CTA|DE(50Hertz)","HKW Wedel Block 2","11WD8WED15C---2K","Fossil Hard coal","11WD8WED15C---2K","04/04/2026 05:00 - 04/04/2026 06:00","42.75",""
"04/04/2026 00:00 - 05/04/2026 00:00","CTA|DE(50Hertz)","HKW Wedel Block 2","11WD8WED15C---2K","Fossil Hard coal","11WD8WED15C---2K","04/04/2026 06:00 - 04/04/2026 07:00","43.50",""
"04/04/2026 00:00 - 05/04/2026 00:00","CTA|DE(50Hertz)","HKW Wedel Block 2","11WD8WED15C---2K","Fossil Hard coal","11WD8WED15C---2K","04/04/2026 07:00 - 04/04/2026 08:00","46.00",""
"04/04/2026 00:00 - 05/04/2026 00:00","CTA|DE(50Hertz)","HKW Wedel Block 2","11WD8WED15C---2K","Fossil Hard coal","11WD8WED15C---2K","04/04/2026 08:00 - 04/04/2026 09:00","46.50",""
"04/04/2026 00:00 - 05/04/2026 00:00","CTA|DE(50Hertz)","HKW Wedel Block 2","11WD8WED15C---2K","Fossil Hard coal","11WD8WED15C---2K","04/04/2026 09:00 - 04/04/2026 10:00","49.00",""
"04/04/2026 00:00 - 05/04/2026 00:00","CTA|DE(50Hertz)","HKW Wedel Block 2","11WD8WED15C---2K","Fossil Hard coal","11WD8WED15C---2K","04/04/2026 10:00 - 04/04/2026 11:00","49.25",""
"04/04/2026 00:00 - 05/04/2026 00:00","CTA|DE(50Hertz)","HKW Wedel Block 2","11WD8WED15C---2K","Fossil Hard coal","11WD8WED15C---2K","04/04/2026 11:00 - 04/04/2026 12:00","45.25",""
"04/04/2026 00:00 - 05/04/2026 00:00","CTA|DE(50Hertz)","HKW Wedel Block 2","11WD8WED15C---2K","Fossil Hard coal","11WD8WED15C---2K","04/04/2026 12:00 - 04/04/2026 13:00","40.00",""
"04/04/2026 00:00 - 05/04/2026 00:00","CTA|DE(50Hertz)","HKW Wedel Block 2","11WD8WED15C---2K","Fossil Hard coal","11WD8WED15C---2K","04/04/2026 13:00 - 04/04/2026 14:00","36.75",""
"04/04/2026 00:00 - 05/04/2026 00:00","CTA|DE(50Hertz)","HKW Wedel Block 2","11WD8WED15C---2K","Fossil Hard coal","11WD8WED15C---2K","04/04/2026 14:00 - 04/04/2026 15:00","36.00",""
"04/04/2026 00:00 - 05/04/2026 00:00","CTA|DE(50Hertz)","HKW Wedel Block 2","11WD8WED15C---2K","Fossil Hard coal","11WD8WED15C---2K","04/04/2026 15:00 - 04/04/2026 16:00","35.50",""
"04/04/2026 00:00 - 05/04/2026 00:00","CTA|DE(50Hertz)","HKW Wedel Block 2","11WD8WED15C---2K","Fossil Hard coal","11WD8WED15C---2K","04/04/2026 16:00 - 04/04/2026 17:00","37.00",""
"04/04/2026 00:00 - 05/04/2026 00:00","CTA|DE(50Hertz)","HKW Wedel Block 2","11WD8WED15C---2K","Fossil Hard coal","11WD8WED15C---2K","04/04/2026 17:00 - 04/04/2026 18:00","37.00",""
"04/04/2026 00:00 - 05/04/2026 00:00","CTA|DE(50Hertz)","HKW Wedel Block 2","11WD8WED15C---2K","Fossil Hard coal","11WD8WED15C---2K","04/04/2026 18:00 - 04/04/2026 19:00","37.00",""
"04/04/2026 00:00 - 05/04/2026 00:00","CTA|DE(50Hertz)","HKW Wedel Block 2","11WD8WED15C---2K","Fossil Hard coal","11WD8WED15C---2K","04/04/2026 19:00 - 04/04/2026 20:00","37.75",""
"04/04/2026 00:00 - 05/04/2026 00:00","CTA|DE(50Hertz)","HKW Wedel Block 2","11WD8WED15C---2K","Fossil Hard coal","11WD8WED15C---2K","04/04/2026 20:00 - 04/04/2026 21:00","41.25",""
"04/04/2026 00:00 - 05/04/2026 00:00","CTA|DE(50Hertz)","HKW Wedel Block 2","11WD8WED15C---2K","Fossil Hard coal","11WD8WED15C---2K","04/04/2026 21:00 - 04/04/2026 22:00","41.50",""
"04/04/2026 00:00 - 05/04/2026 00:00","CTA|DE(50Hertz)","HKW Wedel Block 2","11WD8WED15C---2K","Fossil Hard coal","11WD8WED15C---2K","04/04/2026 22:00 - 04/04/2026 23:00","39.50",""
"04/04/2026 00:00 - 05/04/2026 00:00","CTA|DE(50Hertz)","HKW Wedel Block 2","11WD8WED15C---2K","Fossil Hard coal","11WD8WED15C---2K","04/04/2026 23:00 - 05/04/2026 00:00","37.25",""
"04/04/2026 00:00 - 05/04/2026 00:00","CTA|DE(TenneT GER)","Sued GuD1 GT11","11W0-0000-0241-V","Fossil Gas","11W0-0000-0241-V","04/04/2026 00:00 - 04/04/2026 01:00","n/e","n/e"
"04/04/2026 00:00 - 05/04/2026 00:00","CTA|DE(TenneT GER)","Sued GuD1 GT11","11W0-0000-0241-V","Fossil Gas","11W0-0000-0241-V","04/04/2026 01:00 - 04/04/2026 02:00","n/e","n/e"
"04/04/2026 00:00 - 05/04/2026 00:00","CTA|DE(TenneT GER)","Sued GuD1 GT11","11W0-0000-0241-V","Fossil Gas","11W0-0000-0241-V","04/04/2026 02:00 - 04/04/2026 03:00","n/e","n/e"
"04/04/2026 00:00 - 05/04/2026 00:00","CTA|DE(TenneT GER)","Sued GuD1 GT11","11W0-0000-0241-V","Fossil Gas","11W0-0000-0241-V","04/04/2026 03:00 - 04/04/2026 04:00","n/e","n/e"
"04/04/2026 00:00 - 05/04/2026 00:00","CTA|DE(TenneT GER)","Sued GuD1 GT11","11W0-0000-0241-V","Fossil Gas","11W0-0000-0241-V","04/04/2026 04:00 - 04/04/2026 05:00","n/e","n/e"
"04/04/2026 00:00 - 05/04/2026 00:00","CTA|DE(TenneT GER)","Sued GuD1 GT11","11W0-0000-0241-V","Fossil Gas","11W0-0000-0241-V","04/04/2026 05:00 - 04/04/2026 06:00","n/e","n/e"
"04/04/2026 00:00 - 05/04/2026 00:00","CTA|DE(TenneT GER)","Sued GuD1 GT11","11W0-0000-0241-V","Fossil Gas","11W0-0000-0241-V","04/04/2026 06:00 - 04/04/2026 07:00","n/e","n/e"
"04/04/2026 00:00 - 05/04/2026 00:00","CTA|DE(TenneT GER)","Sued GuD1 GT11","11W0-0000-0241-V","Fossil Gas","11W0-0000-0241-V","04/04/2026 07:00 - 04/04/2026 08:00","n/e","n/e"
"04/04/2026 00:00 - 05/04/2026 00:00","CTA|DE(TenneT GER)","Sued GuD1 GT11","11W0-0000-0241-V","Fossil Gas","11W0-0000-0241-V","04/04/2026 08:00 - 04/04/2026 09:00","n/e","n/e"
"04/04/2026 00:00 - 05/04/2026 00:00","CTA|DE(TenneT GER)","Sued GuD1 GT11","11W0-0000-0241-V","Fossil Gas","11W0-0000-0241-V","04/04/2026 09:00 - 04/04/2026 10:00","n/e","n/e"
"04/04/2026 00:00 - 05/04/2026 00:00","CTA|DE(TenneT GER)","Sued GuD1 GT11","11W0-0000-0241-V","Fossil Gas","11W0-0000-0241-V","04/04/2026 10:00 - 04/04/2026 11:00","n/e","n/e"
"04/04/2026 00:00 - 05/04/2026 00:00","CTA|DE(TenneT GER)","Sued GuD1 GT11","11W0-0000-0241-V","Fossil Gas","11W0-0000-0241-V","04/04/2026 11:00 - 04/04/2026 12:00","n/e","n/e"
"04/04/2026 00:00 - 05/04/2026 00:00","CTA|DE(TenneT GER)","Sued GuD1 GT11","11W0-0000-0241-V","Fossil Gas","11W0-0000-0241-V","04/04/2026 12:00 - 04/04/2026 13:00","n/e","n/e"
"04/04/2026 00:00 - 05/04/2026 00:00","CTA|DE(TenneT GER)","Sued GuD1 GT11","11W0-0000-0241-V","Fossil Gas","11W0-0000-0241-V","04/04/2026 13:00 - 04/04/2026 14:00","n/e","n/e"
"04/04/2026 00:00 - 05/04/2026 00:00","CTA|DE(TenneT GER)","Sued GuD1 GT11","11W0-0000-0241-V","Fossil Gas","11W0-0000-0241-V","04/04/2026 14:00 - 04/04/2026 15:00","n/e","n/e"
"04/04/2026 00:00 - 05/04/2026 00:00","CTA|DE(TenneT GER)","Sued GuD1 GT11","11W0-0000-0241-V","Fossil Gas","11W0-0000-0241-V","04/04/2026 15:00 - 04/04/2026 16:00","n/e","n/e"
"04/04/2026 00:00 - 05/04/2026 00:00","CTA|DE(TenneT GER)","Sued GuD1 GT11","11W0-0000-0241-V","Fossil Gas","11W0-0000-0241-V","04/04/2026 16:00 - 04/04/2026 17:00","n/e","n/e"
"04/04/2026 00:00 - 05/04/2026 00:00","CTA|DE(TenneT GER)","Sued GuD1 GT11","11W0-0000-0241-V","Fossil Gas","11W0-0000-0241-V","04/04/2026 17:00 - 04/04/2026 18:00","n/e","n/e"
"04/04/2026 00:00 - 05/04/2026 00:00","CTA|DE(TenneT GER)","Sued GuD1 GT11","11W0-0000-0241-V","Fossil Gas","11W0-0000-0241-V","04/04/2026 18:00 - 04/04/2026 19:00","n/e","n/e"
"04/04/2026 00:00 - 05/04/2026 00:00","CTA|DE(TenneT GER)","Sued GuD1 GT11","11W0-0000-0241-V","Fossil Gas","11W0-0000-0241-V","04/04/2026 19:00 - 04/04/2026 20:00","n/e","n/e"
"04/04/2026 00:00 - 05/04/2026 00:00","CTA|DE(TenneT GER)","Sued GuD1 GT11","11W0-0000-0241-V","Fossil Gas","11W0-0000-0241-V","04/04/2026 20:00 - 04/04/2026 21:00","n/e","n/e"
"04/04/2026 00:00 - 05/04/2026 00:00","CTA|DE(TenneT GER)","Sued GuD1 GT11","11W0-0000-0241-V","Fossil Gas","11W0-0000-0241-V","04/04/2026 21:00 - 04/04/2026 22:00","n/e","n/e"
"04/04/2026 00:00 - 05/04/2026 00:00","CTA|DE(TenneT GER)","Sued GuD1 GT11","11W0-0000-0241-V","Fossil Gas","11W0-0000-0241-V","04/04/2026 22:00 - 04/04/2026 23:00","n/e","n/e"
"04/04/2026 00:00 - 05/04/2026 00:00","CTA|DE(TenneT GER)","Sued GuD1 GT11","11W0-0000-0241-V","Fossil Gas","11W0-0000-0241-V","04/04/2026 23:00 - 05/04/2026 00:00","n/e","n/e"
"04/04/2026 00:00 - 05/04/2026 00:00","CTA|DE(Amprion)","RUHRORT-2","11WD7BEEC5XRUH2I","Fossil Coal-derived gas","11WD7BEEC5XRUH2I","04/04/2026 00:00 - 04/04/2026 01:00","n/e","n/e"
"04/04/2026 00:00 - 05/04/2026 00:00","CTA|DE(Amprion)","RUHRORT-2","11WD7BEEC5XRUH2I","Fossil Coal-derived gas","11WD7BEEC5XRUH2I","04/04/2026 01:00 - 04/04/2026 02:00","n/e","n/e"
"04/04/2026 00:00 - 05/04/2026 00:00","CTA|DE(Amprion)","RUHRORT-2","11WD7BEEC5XRUH2I","Fossil Coal-derived gas","11WD7BEEC5XRUH2I","04/04/2026 02:00 - 04/04/2026 03:00","n/e","n/e"
"04/04/2026 00:00 - 05/04/2026 00:00","CTA|DE(Amprion)","RUHRORT-2","11WD7BEEC5XRUH2I","Fossil Coal-derived gas","11WD7BEEC5XRUH2I","04/04/2026 03:00 - 04/04/2026 04:00","n/e","n/e"
"04/04/2026 00:00 - 05/04/2026 00:00","CTA|DE(Amprion)","RUHRORT-2","11WD7BEEC5XRUH2I","Fossil Coal-derived gas","11WD7BEEC5XRUH2I","04/04/2026 04:00 - 04/04/2026 05:00","n/e","n/e"
"04/04/2026 00:00 - 05/04/2026 00:00","CTA|DE(Amprion)","RUHRORT-2","11WD7BEEC5XRUH2I","Fossil Coal-derived gas","11WD7BEEC5XRUH2I","04/04/2026 05:00 - 04/04/2026 06:00","n/e","n/e"
"04/04/2026 00:00 - 05/04/2026 00:00","CTA|DE(Amprion)","RUHRORT-2","11WD7BEEC5XRUH2I","Fossil Coal-derived gas","11WD7BEEC5XRUH2I","04/04/2026 06:00 - 04/04/2026 07:00","n/e","n/e"
"04/04/2026 00:00 - 05/04/2026 00:00","CTA|DE(Amprion)","RUHRORT-2","11WD7BEEC5XRUH2I","Fossil Coal-derived gas","11WD7BEEC5XRUH2I","04/04/2026 07:00 - 04/04/2026 08:00","n/e","n/e"
"04/04/2026 00:00 - 05/04/2026 00:00","CTA|DE(Amprion)","RUHRORT-2","11WD7BEEC5XRUH2I","Fossil Coal-derived gas","11WD7BEEC5XRUH2I","04/04/2026 08:00 - 04/04/2026 09:00","n/e","n/e"
"04/04/2026 00:00 - 05/04/2026 00:00","CTA|DE(Amprion)","RUHRORT-2","11WD7BEEC5XRUH2I","Fossil Coal-derived gas","11WD7BEEC5XRUH2I","04/04/2026 09:00 - 04/04/2026 10:00","n/e","n/e"
"04/04/2026 00:00 - 05/04/2026 00:00","CTA|DE(Amprion)","RUHRORT-2","11WD7BEEC5XRUH2I","Fossil Coal-derived gas","11WD7BEEC5XRUH2I","04/04/2026 10:00 - 04/04/2026 11:00","n/e","n/e"
"04/04/2026 00:00 - 05/04/2026 00:00","CTA|DE(Amprion)","RUHRORT-2","11WD7BEEC5XRUH2I","Fossil Coal-derived gas","11WD7BEEC5XRUH2I","04/04/2026 11:00 - 04/04/2026 12:00","n/e","n/e"
"04/04/2026 00:00 - 05/04/2026 00:00","CTA|DE(Amprion)","RUHRORT-2","11WD7BEEC5XRUH2I","Fossil Coal-derived gas","11WD7BEEC5XRUH2I","04/04/2026 12:00 - 04/04/2026 13:00","n/e","n/e"
"04/04/2026 00:00 - 05/04/2026 00:00","CTA|DE(Amprion)","RUHRORT-2","11WD7BEEC5XRUH2I","Fossil Coal-derived gas","11WD7BEEC5XRUH2I","04/04/2026 13:00 - 04/04/2026 14:00","n/e","n/e"
"04/04/2026 00:00 - 05/04/2026 00:00","CTA|DE(Amprion)","RUHRORT-2","11WD7BEEC5XRUH2I","Fossil Coal-derived gas","11WD7BEEC5XRUH2I","04/04/2026 14:00 - 04/04/2026 15:00","n/e","n/e"
"04/04/2026 00:00 - 05/04/2026 00:00","CTA|DE(Amprion)","RUHRORT-2","11WD7BEEC5XRUH2I","Fossil Coal-derived gas","11WD7BEEC5XRUH2I","04/04/2026 15:00 - 04/04/2026 16:00","n/e","n/e"
"04/04/2026 00:00 - 05/04/2026 00:00","CTA|DE(Amprion)","RUHRORT-2","11WD7BEEC5XRUH2I","Fossil Coal-derived gas","11WD7BEEC5XRUH2I","04/04/2026 16:00 - 04/04/2026 17:00","n/e","n/e"
"04/04/2026 00:00 - 05/04/2026 00:00","CTA|DE(Amprion)","RUHRORT-2","11WD7BEEC5XRUH2I","Fossil Coal-derived gas","11WD7BEEC5XRUH2I","04/04/2026 17:00 - 04/04/2026 18:00","n/e","n/e"
"04/04/2026 00:00 - 05/04/2026 00:00","CTA|DE(Amprion)","RUHRORT-2","11WD7BEEC5XRUH2I","Fossil Coal-derived gas","11WD7BEEC5XRUH2I","04/04/2026 18:00 - 04/04/2026 19:00","n/e","n/e"
"04/04/2026 00:00 - 05/04/2026 00:00","CTA|DE(Amprion)","RUHRORT-2","11WD7BEEC5XRUH2I","Fossil Coal-derived gas","11WD7BEEC5XRUH2I","04/04/2026 19:00 - 04/04/2026 20:00","n/e","n/e"
"04/04/2026 00:00 - 05/04/2026 00:00","CTA|DE(Amprion)","RUHRORT-2","11WD7BEEC5XRUH2I","Fossil Coal-derived gas","11WD7BEEC5XRUH2I","04/04/2026 20:00 - 04/04/2026 21:00","n/e","n/e"
"04/04/2026 00:00 - 05/04/2026 00:00","CTA|DE(Amprion)","RUHRORT-2","11WD7BEEC5XRUH2I","Fossil Coal-derived gas","11WD7BEEC5XRUH2I","04/04/2026 21:00 - 04/04/2026 22:00","n/e","n/e"
"04/04/2026 00:00 - 05/04/2026 00:00","CTA|DE(Amprion)","RUHRORT-2","11WD7BEEC5XRUH2I","Fossil Coal-derived gas","11WD7BEEC5XRUH2I","04/04/2026 22:00 - 04/04/2026 23:00","n/e","n/e"
"04/04/2026 00:00 - 05/04/2026 00:00","CTA|DE(Amprion)","RUHRORT-2","11WD7BEEC5XRUH2I","Fossil Coal-derived gas","11WD7BEEC5XRUH2I","04/04/2026 23:00 - 05/04/2026 00:00","n/e","n/e"
"04/04/2026 00:00 - 05/04/2026 00:00","CTA|DE(Amprion)","RUHRORT-3","11WD7BEEC5XRUH3G","Fossil Coal-derived gas","11WD7BEEC5XRUH3G","04/04/2026 00:00 - 04/04/2026 01:00","n/e","n/e"
"04/04/2026 00:00 - 05/04/2026 00:00","CTA|DE(Amprion)","RUHRORT-3","11WD7BEEC5XRUH3G","Fossil Coal-derived gas","11WD7BEEC5XRUH3G","04/04/2026 01:00 - 04/04/2026 02:00","n/e","n/e"
"04/04/2026 00:00 - 05/04/2026 00:00","CTA|DE(Amprion)","RUHRORT-3","11WD7BEEC5XRUH3G","Fossil Coal-derived gas","11WD7BEEC5XRUH3G","04/04/2026 02:00 - 04/04/2026 03:00","n/e","n/e"
"04/04/2026 00:00 - 05/04/2026 00:00","CTA|DE(Amprion)","RUHRORT-3","11WD7BEEC5XRUH3G","Fossil Coal-derived gas","11WD7BEEC5XRUH3G","04/04/2026 03:00 - 04/04/2026 04:00","n/e","n/e"
"04/04/2026 00:00 - 05/04/2026 00:00","CTA|DE(Amprion)","RUHRORT-3","11WD7BEEC5XRUH3G","Fossil Coal-derived gas","11WD7BEEC5XRUH3G","04/04/2026 04:00 - 04/04/2026 05:00","n/e","n/e"
"04/04/2026 00:00 - 05/04/2026 00:00","CTA|DE(Amprion)","RUHRORT-3","11WD7BEEC5XRUH3G","Fossil Coal-derived gas","11WD7BEEC5XRUH3G","04/04/2026 05:00 - 04/04/2026 06:00","n/e","n/e"
"04/04/2026 00:00 - 05/04/2026 00:00","CTA|DE(Amprion)","RUHRORT-3","11WD7BEEC5XRUH3G","Fossil Coal-derived gas","11WD7BEEC5XRUH3G","04/04/2026 06:00 - 04/04/2026 07:00","n/e","n/e"
"04/04/2026 00:00 - 05/04/2026 00:00","CTA|DE(Amprion)","RUHRORT-3","11WD7BEEC5XRUH3G","Fossil Coal-derived gas","11WD7BEEC5XRUH3G","04/04/2026 07:00 - 04/04/2026 08:00","n/e","n/e"
"04/04/2026 00:00 - 05/04/2026 00:00","CTA|DE(Amprion)","RUHRORT-3","11WD7BEEC5XRUH3G","Fossil Coal-derived gas","11WD7BEEC5XRUH3G","04/04/2026 08:00 - 04/04/2026 09:00","n/e","n/e"
"04/04/2026 00:00 - 05/04/2026 00:00","CTA|DE(Amprion)","RUHRORT-3","11WD7BEEC5XRUH3G","Fossil Coal-derived gas","11WD7BEEC5XRUH3G","04/04/2026 09:00 - 04/04/2026 10:00","n/e","n/e"
"04/04/2026 00:00 - 05/04/2026 00:00","CTA|DE(Amprion)","RUHRORT-3","11WD7BEEC5XRUH3G","Fossil Coal-derived gas","11WD7BEEC5XRUH3G","04/04/2026 10:00 - 04/04/2026 11:00","n/e","n/e"
"04/04/2026 00:00 - 05/04/2026 00:00","CTA|DE(Amprion)","RUHRORT-3","11WD7BEEC5XRUH3G","Fossil Coal-derived gas","11WD7BEEC5XRUH3G","04/04/2026 11:00 - 04/04/2026 12:00","n/e","n/e"
"04/04/2026 00:00 - 05/04/2026 00:00","CTA|DE(Amprion)","RUHRORT-3","11WD7BEEC5XRUH3G","Fossil Coal-derived gas","11WD7BEEC5XRUH3G","04/04/2026 12:00 - 04/04/2026 13:00","n/e","n/e"
"04/04/2026 00:00 - 05/04/2026 00:00","CTA|DE(Amprion)","RUHRORT-3","11WD7BEEC5XRUH3G","Fossil Coal-derived gas","11WD7BEEC5XRUH3G","04/04/2026 13:00 - 04/04/2026 14:00","n/e","n/e"
"04/04/2026 00:00 - 05/04/2026 00:00","CTA|DE(Amprion)","RUHRORT-3","11WD7BEEC5XRUH3G","Fossil Coal-derived gas","11WD7BEEC5XRUH3G","04/04/2026 14:00 - 04/04/2026 15:00","n/e","n/e"
"04/04/2026 00:00 - 05/04/2026 00:00","CTA|DE(Amprion)","RUHRORT-3","11WD7BEEC5XRUH3G","Fossil Coal-derived gas","11WD7BEEC5XRUH3G","04/04/2026 15:00 - 04/04/2026 16:00","n/e","n/e"
"04/04/2026 00:00 - 05/04/2026 00:00","CTA|DE(Amprion)","RUHRORT-3","11WD7BEEC5XRUH3G","Fossil Coal-derived gas","11WD7BEEC5XRUH3G","04/04/2026 16:00 - 04/04/2026 17:00","n/e","n/e"
"04/04/2026 00:00 - 05/04/2026 00:00","CTA|DE(Amprion)","RUHRORT-3","11WD7BEEC5XRUH3G","Fossil Coal-derived gas","11WD7BEEC5XRUH3G","04/04/2026 17:00 - 04/04/2026 18:00","n/e","n/e"
"04/04/2026 00:00 - 05/04/2026 00:00","CTA|DE(Amprion)","RUHRORT-3","11WD7BEEC5XRUH3G","Fossil Coal-derived gas","11WD7BEEC5XRUH3G","04/04/2026 18:00 - 04/04/2026 19:00","n/e","n/e"
"04/04/2026 00:00 - 05/04/2026 00:00","CTA|DE(Amprion)","RUHRORT-3","11WD7BEEC5XRUH3G","Fossil Coal-derived gas","11WD7BEEC5XRUH3G","04/04/2026 19:00 - 04/04/2026 20:00","n/e","n/e"
"04/04/2026 00:00 - 05/04/2026 00:00","CTA|DE(Amprion)","RUHRORT-3","11WD7BEEC5XRUH3G","Fossil Coal-derived gas","11WD7BEEC5XRUH3G","04/04/2026 20:00 - 04/04/2026 21:00","n/e","n/e"
"04/04/2026 00:00 - 05/04/2026 00:00","CTA|DE(Amprion)","RUHRORT-3","11WD7BEEC5XRUH3G","Fossil Coal-derived gas","11WD7BEEC5XRUH3G","04/04/2026 21:00 - 04/04/2026 22:00","n/e","n/e"
"04/04/2026 00:00 - 05/04/2026 00:00","CTA|DE(Amprion)","RUHRORT-3","11WD7BEEC5XRUH3G","Fossil Coal-derived gas","11WD7BEEC5XRUH3G","04/04/2026 22:00 - 04/04/2026 23:00","n/e","n/e"
"04/04/2026 00:00 - 05/04/2026 00:00","CTA|DE(Amprion)","RUHRORT-3","11WD7BEEC5XRUH3G","Fossil Coal-derived gas","11WD7BEEC5XRUH3G","04/04/2026 23:00 - 05/04/2026 00:00","n/e","n/e"
"04/04/2026 00:00 - 05/04/2026 00:00","CTA|DE(Amprion)","ROENKHAUSEN_PSW1","11WD7GARE5XPSW1U","Hydro Pumped Storage","11WD7GARE5XPSW1U","04/04/2026 00:00 - 04/04/2026 01:00","n/e","n/e"
"04/04/2026 00:00 - 05/04/2026 00:00","CTA|DE(Amprion)","ROENKHAUSEN_PSW1","11WD7GARE5XPSW1U","Hydro Pumped Storage","11WD7GARE5XPSW1U","04/04/2026 01:00 - 04/04/2026 02:00","n/e","n/e"
"04/04/2026 00:00 - 05/04/2026 00:00","CTA|DE(Amprion)","ROENKHAUSEN_PSW1","11WD7GARE5XPSW1U","Hydro Pumped Storage","11WD7GARE5XPSW1U","04/04/2026 02:00 - 04/04/2026 03:00","n/e","n/e"
"04/04/2026 00:00 - 05/04/2026 00:00","CTA|DE(Amprion)","ROENKHAUSEN_PSW1","11WD7GARE5XPSW1U","Hydro Pumped Storage","11WD7GARE5XPSW1U","04/04/2026 03:00 - 04/04/2026 04:00","n/e","n/e"
"04/04/2026 00:00 - 05/04/2026 00:00","CTA|DE(Amprion)","ROENKHAUSEN_PSW1","11WD7GARE5XPSW1U","Hydro Pumped Storage","11WD7GARE5XPSW1U","04/04/2026 04:00 - 04/04/2026 05:00","n/e","n/e"
"04/04/2026 00:00 - 05/04/2026 00:00","CTA|DE(Amprion)","ROENKHAUSEN_PSW1","11WD7GARE5XPSW1U","Hydro Pumped Storage","11WD7GARE5XPSW1U","04/04/2026 05:00 - 04/04/2026 06:00","n/e","n/e"
"04/04/2026 00:00 - 05/04/2026 00:00","CTA|DE(Amprion)","ROENKHAUSEN_PSW1","11WD7GARE5XPSW1U","Hydro Pumped Storage","11WD7GARE5XPSW1U","04/04/2026 06:00 - 04/04/2026 07:00","n/e","n/e"
"04/04/2026 00:00 - 05/04/2026 00:00","CTA|DE(Amprion)","ROENKHAUSEN_PSW1","11WD7GARE5XPSW1U","Hydro Pumped Storage","11WD7GARE5XPSW1U","04/04/2026 07:00 - 04/04/2026 08:00","n/e","n/e"
"04/04/2026 00:00 - 05/04/2026 00:00","CTA|DE(Amprion)","ROENKHAUSEN_PSW1","11WD7GARE5XPSW1U","Hydro Pumped Storage","11WD7GARE5XPSW1U","04/04/2026 08:00 - 04/04/2026 09:00","n/e","n/e"
"04/04/2026 00:00 - 05/04/2026 00:00","CTA|DE(Amprion)","ROENKHAUSEN_PSW1","11WD7GARE5XPSW1U","Hydro Pumped Storage","11WD7GARE5XPSW1U","04/04/2026 09:00 - 04/04/2026 10:00","n/e","n/e"
"04/04/2026 00:00 - 05/04/2026 00:00","CTA|DE(Amprion)","ROENKHAUSEN_PSW1","11WD7GARE5XPSW1U","Hydro Pumped Storage","11WD7GARE5XPSW1U","04/04/2026 10:00 - 04/04/2026 11:00","n/e","n/e"
"04/04/2026 00:00 - 05/04/2026 00:00","CTA|DE(Amprion)","ROENKHAUSEN_PSW1","11WD7GARE5XPSW1U","Hydro Pumped Storage","11WD7GARE5XPSW1U","04/04/2026 11:00 - 04/04/2026 12:00","n/e","n/e"
"04/04/2026 00:00 - 05/04/2026 00:00","CTA|DE(Amprion)","ROENKHAUSEN_PSW1","11WD7GARE5XPSW1U","Hydro Pumped Storage","11WD7GARE5XPSW1U","04/04/2026 12:00 - 04/04/2026 13:00","n/e","n/e"
"04/04/2026 00:00 - 05/04/2026 00:00","CTA|DE(Amprion)","ROENKHAUSEN_PSW1","11WD7GARE5XPSW1U","Hydro Pumped Storage","11WD7GARE5XPSW1U","04/04/2026 13:00 - 04/04/2026 14:00","n/e","n/e"
"04/04/2026 00:00 - 05/04/2026 00:00","CTA|DE(Amprion)","ROENKHAUSEN_PSW1","11WD7GARE5XPSW1U","Hydro Pumped Storage","11WD7GARE5XPSW1U","04/04/2026 14:00 - 04/04/2026 15:00","n/e","n/e"
"04/04/2026 00:00 - 05/04/2026 00:00","CTA|DE(Amprion)","ROENKHAUSEN_PSW1","11WD7GARE5XPSW1U","Hydro Pumped Storage","11WD7GARE5XPSW1U","04/04/2026 15:00 - 04/04/2026 16:00","n/e","n/e"
"04/04/2026 00:00 - 05/04/2026 00:00","CTA|DE(Amprion)","ROENKHAUSEN_PSW1","11WD7GARE5XPSW1U","Hydro Pumped Storage","11WD7GARE5XPSW1U","04/04/2026 16:00 - 04/04/2026 17:00","n/e","n/e"
"04/04/2026 00:00 - 05/04/2026 00:00","CTA|DE(Amprion)","ROENKHAUSEN_PSW1","11WD7GARE5XPSW1U","Hydro Pumped Storage","11WD7GARE5XPSW1U","04/04/2026 17:00 - 04/04/2026 18:00","n/e","n/e"
"04/04/2026 00:00 - 05/04/2026 00:00","CTA|DE(Amprion)","ROENKHAUSEN_PSW1","11WD7GARE5XPSW1U","Hydro Pumped Storage","11WD7GARE5XPSW1U","04/04/2026 18:00 - 04/04/2026 19:00","n/e","n/e"
"04/04/2026 00:00 - 05/04/2026 00:00","CTA|DE(Amprion)","ROENKHAUSEN_PSW1","11WD7GARE5XPSW1U","Hydro Pumped Storage","11WD7GARE5XPSW1U","04/04/2026 19:00 - 04/04/2026 20:00","n/e","n/e"
"04/04/2026 00:00 - 05/04/2026 00:00","CTA|DE(Amprion)","ROENKHAUSEN_PSW1","11WD7GARE5XPSW1U","Hydro Pumped Storage","11WD7GARE5XPSW1U","04/04/2026 20:00 - 04/04/2026 21:00","n/e","n/e"
"04/04/2026 00:00 - 05/04/2026 00:00","CTA|DE(Amprion)","ROENKHAUSEN_PSW1","11WD7GARE5XPSW1U","Hydro Pumped Storage","11WD7GARE5XPSW1U","04/04/2026 21:00 - 04/04/2026 22:00","n/e","n/e"
"04/04/2026 00:00 - 05/04/2026 00:00","CTA|DE(Amprion)","ROENKHAUSEN_PSW1","11WD7GARE5XPSW1U","Hydro Pumped Storage","11WD7GARE5XPSW1U","04/04/2026 22:00 - 04/04/2026 23:00","n/e","n/e"
"04/04/2026 00:00 - 05/04/2026 00:00","CTA|DE(Amprion)","ROENKHAUSEN_PSW1","11WD7GARE5XPSW1U","Hydro Pumped Storage","11WD7GARE5XPSW1U","04/04/2026 23:00 - 05/04/2026 00:00","n/e","n/e"
"04/04/2026 00:00 - 05/04/2026 00:00","CTA|DE(Amprion)","ROENKHAUSEN_PSW2","11WD7GARE5XPSW2S","Hydro Pumped Storage","11WD7GARE5XPSW2S","04/04/2026 00:00 - 04/04/2026 01:00","n/e","n/e"
"04/04/2026 00:00 - 05/04/2026 00:00","CTA|DE(Amprion)","ROENKHAUSEN_PSW2","11WD7GARE5XPSW2S","Hydro Pumped Storage","11WD7GARE5XPSW2S","04/04/2026 01:00 - 04/04/2026 02:00","n/e","n/e"
"04/04/2026 00:00 - 05/04/2026 00:00","CTA|DE(Amprion)","ROENKHAUSEN_PSW2","11WD7GARE5XPSW2S","Hydro Pumped Storage","11WD7GARE5XPSW2S","04/04/2026 02:00 - 04/04/2026 03:00","n/e","n/e"
"04/04/2026 00:00 - 05/04/2026 00:00","CTA|DE(Amprion)","ROENKHAUSEN_PSW2","11WD7GARE5XPSW2S","Hydro Pumped Storage","11WD7GARE5XPSW2S","04/04/2026 03:00 - 04/04/2026 04:00","n/e","n/e"
"04/04/2026 00:00 - 05/04/2026 00:00","CTA|DE(Amprion)","ROENKHAUSEN_PSW2","11WD7GARE5XPSW2S","Hydro Pumped Storage","11WD7GARE5XPSW2S","04/04/2026 04:00 - 04/04/2026 05:00","n/e","n/e"
"04/04/2026 00:00 - 05/04/2026 00:00","CTA|DE(Amprion)","ROENKHAUSEN_PSW2","11WD7GARE5XPSW2S","Hydro Pumped Storage","11WD7GARE5XPSW2S","04/04/2026 05:00 - 04/04/2026 06:00","n/e","n/e"
"04/04/2026 00:00 - 05/04/2026 00:00","CTA|DE(Amprion)","ROENKHAUSEN_PSW2","11WD7GARE5XPSW2S","Hydro Pumped Storage","11WD7GARE5XPSW2S","04/04/2026 06:00 - 04/04/2026 07:00","n/e","n/e"
"04/04/2026 00:00 - 05/04/2026 00:00","CTA|DE(Amprion)","ROENKHAUSEN_PSW2","11WD7GARE5XPSW2S","Hydro Pumped Storage","11WD7GARE5XPSW2S","04/04/2026 07:00 - 04/04/2026 08:00","n/e","n/e"
"04/04/2026 00:00 - 05/04/2026 00:00","CTA|DE(Amprion)","ROENKHAUSEN_PSW2","11WD7GARE5XPSW2S","Hydro Pumped Storage","11WD7GARE5XPSW2S","04/04/2026 08:00 - 04/04/2026 09:00","n/e","n/e"
"04/04/2026 00:00 - 05/04/2026 00:00","CTA|DE(Amprion)","ROENKHAUSEN_PSW2","11WD7GARE5XPSW2S","Hydro Pumped Storage","11WD7GARE5XPSW2S","04/04/2026 09:00 - 04/04/2026 10:00","n/e","n/e"
"04/04/2026 00:00 - 05/04/2026 00:00","CTA|DE(Amprion)","ROENKHAUSEN_PSW2","11WD7GARE5XPSW2S","Hydro Pumped Storage","11WD7GARE5XPSW2S","04/04/2026 10:00 - 04/04/2026 11:00","n/e","n/e"
"04/04/2026 00:00 - 05/04/2026 00:00","CTA|DE(Amprion)","ROENKHAUSEN_PSW2","11WD7GARE5XPSW2S","Hydro Pumped Storage","11WD7GARE5XPSW2S","04/04/2026 11:00 - 04/04/2026 12:00","n/e","n/e"
"04/04/2026 00:00 - 05/04/2026 00:00","CTA|DE(Amprion)","ROENKHAUSEN_PSW2","11WD7GARE5XPSW2S","Hydro Pumped Storage","11WD7GARE5XPSW2S","04/04/2026 12:00 - 04/04/2026 13:00","n/e","n/e"
"04/04/2026 00:00 - 05/04/2026 00:00","CTA|DE(Amprion)","ROENKHAUSEN_PSW2","11WD7GARE5XPSW2S","Hydro Pumped Storage","11WD7GARE5XPSW2S","04/04/2026 13:00 - 04/04/2026 14:00","n/e","n/e"
"04/04/2026 00:00 - 05/04/2026 00:00","CTA|DE(Amprion)","ROENKHAUSEN_PSW2","11WD7GARE5XPSW2S","Hydro Pumped Storage","11WD7GARE5XPSW2S","04/04/2026 14:00 - 04/04/2026 15:00","n/e","n/e"
"04/04/2026 00:00 - 05/04/2026 00:00","CTA|DE(Amprion)","ROENKHAUSEN_PSW2","11WD7GARE5XPSW2S","Hydro Pumped Storage","11WD7GARE5XPSW2S","04/04/2026 15:00 - 04/04/2026 16:00","n/e","n/e"
"04/04/2026 00:00 - 05/04/2026 00:00","CTA|DE(Amprion)","ROENKHAUSEN_PSW2","11WD7GARE5XPSW2S","Hydro Pumped Storage","11WD7GARE5XPSW2S","04/04/2026 16:00 - 04/04/2026 17:00","n/e","n/e"
"04/04/2026 00:00 - 05/04/2026 00:00","CTA|DE(Amprion)","ROENKHAUSEN_PSW2","11WD7GARE5XPSW2S","Hydro Pumped Storage","11WD7GARE5XPSW2S","04/04/2026 17:00 - 04/04/2026 18:00","n/e","n/e"
"04/04/2026 00:00 - 05/04/2026 00:00","CTA|DE(Amprion)","ROENKHAUSEN_PSW2","11WD7GARE5XPSW2S","Hydro Pumped Storage","11WD7GARE5XPSW2S","04/04/2026 18:00 - 04/04/2026 19:00","n/e","n/e"
"04/04/2026 00:00 - 05/04/2026 00:00","CTA|DE(Amprion)","ROENKHAUSEN_PSW2","11WD7GARE5XPSW2S","Hydro Pumped Storage","11WD7GARE5XPSW2S","04/04/2026 19:00 - 04/04/2026 20:00","n/e","n/e"
"04/04/2026 00:00 - 05/04/2026 00:00","CTA|DE(Amprion)","ROENKHAUSEN_PSW2","11WD7GARE5XPSW2S","Hydro Pumped Storage","11WD7GARE5XPSW2S","04/04/2026 20:00 - 04/04/2026 21:00","n/e","n/e"
"04/04/2026 00:00 - 05/04/2026 00:00","CTA|DE(Amprion)","ROENKHAUSEN_PSW2","11WD7GARE5XPSW2S","Hydro Pumped Storage","11WD7GARE5XPSW2S","04/04/2026 21:00 - 04/04/2026 22:00","n/e","n/e"
"04/04/2026 00:00 - 05/04/2026 00:00","CTA|DE(Amprion)","ROENKHAUSEN_PSW2","11WD7GARE5XPSW2S","Hydro Pumped Storage","11WD7GARE5XPSW2S","04/04/2026 22:00 - 04/04/2026 23:00","n/e","n/e"
"04/04/2026 00:00 - 05/04/2026 00:00","CTA|DE(Amprion)","ROENKHAUSEN_PSW2","11WD7GARE5XPSW2S","Hydro Pumped Storage","11WD7GARE5XPSW2S","04/04/2026 23:00 - 05/04/2026 00:00","n/e","n/e"
"04/04/2026 00:00 - 05/04/2026 00:00","CTA|DE(TransnetBW)","HKW Heilbronn Block 7","11WD4HLBR1C7---4","Fossil Hard coal","11WD4HLBR1C7---4","04/04/2026 00:00 - 04/04/2026 01:00","N/A","N/A"
"04/04/2026 00:00 - 05/04/2026 00:00","CTA|DE(TransnetBW)","HKW Heilbronn Block 7","11WD4HLBR1C7---4","Fossil Hard coal","11WD4HLBR1C7---4","04/04/2026 01:00 - 04/04/2026 02:00","N/A","N/A"
"04/04/2026 00:00 - 05/04/2026 00:00","CTA|DE(TransnetBW)","HKW Heilbronn Block 7","11WD4HLBR1C7---4","Fossil Hard coal","11WD4HLBR1C7---4","04/04/2026 02:00 - 04/04/2026 03:00","N/A","N/A"
"04/04/2026 00:00 - 05/04/2026 00:00","CTA|DE(TransnetBW)","HKW Heilbronn Block 7","11WD4HLBR1C7---4","Fossil Hard coal","11WD4HLBR1C7---4","04/04/2026 03:00 - 04/04/2026 04:00","N/A","N/A"
"04/04/2026 00:00 - 05/04/2026 00:00","CTA|DE(TransnetBW)","HKW Heilbronn Block 7","11WD4HLBR1C7---4","Fossil Hard coal","11WD4HLBR1C7---4","04/04/2026 04:00 - 04/04/2026 05:00","N/A","N/A"
"04/04/2026 00:00 - 05/04/2026 00:00","CTA|DE(TransnetBW)","HKW Heilbronn Block 7","11WD4HLBR1C7---4","Fossil Hard coal","11WD4HLBR1C7---4","04/04/2026 05:00 - 04/04/2026 06:00","N/A","N/A"
"04/04/2026 00:00 - 05/04/2026 00:00","CTA|DE(TransnetBW)","HKW Heilbronn Block 7","11WD4HLBR1C7---4","Fossil Hard coal","11WD4HLBR1C7---4","04/04/2026 06:00 - 04/04/2026 07:00","N/A","N/A"
"04/04/2026 00:00 - 05/04/2026 00:00","CTA|DE(TransnetBW)","HKW Heilbronn Block 7","11WD4HLBR1C7---4","Fossil Hard coal","11WD4HLBR1C7---4","04/04/2026 07:00 - 04/04/2026 08:00","N/A","N/A"
"04/04/2026 00:00 - 05/04/2026 00:00","CTA|DE(TransnetBW)","HKW Heilbronn Block 7","11WD4HLBR1C7---4","Fossil Hard coal","11WD4HLBR1C7---4","04/04/2026 08:00 - 04/04/2026 09:00","N/A","N/A"
"04/04/2026 00:00 - 05/04/2026 00:00","CTA|DE(TransnetBW)","HKW Heilbronn Block 7","11WD4HLBR1C7---4","Fossil Hard coal","11WD4HLBR1C7---4","04/04/2026 09:00 - 04/04/2026 10:00","N/A","N/A"
"04/04/2026 00:00 - 05/04/2026 00:00","CTA|DE(TransnetBW)","HKW Heilbronn Block 7","11WD4HLBR1C7---4","Fossil Hard coal","11WD4HLBR1C7---4","04/04/2026 10:00 - 04/04/2026 11:00","N/A","N/A"
"04/04/2026 00:00 - 05/04/2026 00:00","CTA|DE(TransnetBW)","HKW Heilbronn Block 7","11WD4HLBR1C7---4","Fossil Hard coal","11WD4HLBR1C7---4","04/04/2026 11:00 - 04/04/2026 12:00","N/A","N/A"
"04/04/2026 00:00 - 05/04/2026 00:00","CTA|DE(TransnetBW)","HKW Heilbronn Block 7","11WD4HLBR1C7---4","Fossil Hard coal","11WD4HLBR1C7---4","04/04/2026 12:00 - 04/04/2026 13:00","N/A","N/A"
"04/04/2026 00:00 - 05/04/2026 00:00","CTA|DE(TransnetBW)","HKW Heilbronn Block 7","11WD4HLBR1C7---4","Fossil Hard coal","11WD4HLBR1C7---4","04/04/2026 13:00 - 04/04/2026 14:00","N/A","N/A"
"04/04/2026 00:00 - 05/04/2026 00:00","CTA|DE(TransnetBW)","HKW Heilbronn Block 7","11WD4HLBR1C7---4","Fossil Hard coal","11WD4HLBR1C7---4","04/04/2026 14:00 - 04/04/2026 15:00","N/A","N/A"
"04/04/2026 00:00 - 05/04/2026 00:00","CTA|DE(TransnetBW)","HKW Heilbronn Block 7","11WD4HLBR1C7---4","Fossil Hard coal","11WD4HLBR1C7---4","04/04/2026 15:00 - 04/04/2026 16:00","N/A","N/A"
"04/04/2026 00:00 - 05/04/2026 00:00","CTA|DE(TransnetBW)","HKW Heilbronn Block 7","11WD4HLBR1C7---4","Fossil Hard coal","11WD4HLBR1C7---4","04/04/2026 16:00 - 04/04/2026 17:00","N/A","N/A"
"04/04/2026 00:00 - 05/04/2026 00:00","CTA|DE(TransnetBW)","HKW Heilbronn Block 7","11WD4HLBR1C7---4","Fossil Hard coal","11WD4HLBR1C7---4","04/04/2026 17:00 - 04/04/2026 18:00","N/A","N/A"
"04/04/2026 00:00 - 05/04/2026 00:00","CTA|DE(TransnetBW)","HKW Heilbronn Block 7","11WD4HLBR1C7---4","Fossil Hard coal","11WD4HLBR1C7---4","04/04/2026 18:00 - 04/04/2026 19:00","N/A","N/A"
"04/04/2026 00:00 - 05/04/2026 00:00","CTA|DE(TransnetBW)","HKW Heilbronn Block 7","11WD4HLBR1C7---4","Fossil Hard coal","11WD4HLBR1C7---4","04/04/2026 19:00 - 04/04/2026 20:00","N/A","N/A"
"04/04/2026 00:00 - 05/04/2026 00:00","CTA|DE(TransnetBW)","HKW Heilbronn Block 7","11WD4HLBR1C7---4","Fossil Hard coal","11WD4HLBR1C7---4","04/04/2026 20:00 - 04/04/2026 21:00","N/A","N/A"
"04/04/2026 00:00 - 05/04/2026 00:00","CTA|DE(TransnetBW)","HKW Heilbronn Block 7","11WD4HLBR1C7---4","Fossil Hard coal","11WD4HLBR1C7---4","04/04/2026 21:00 - 04/04/2026 22:00","N/A","N/A"
"04/04/2026 00:00 - 05/04/2026 00:00","CTA|DE(TransnetBW)","HKW Heilbronn Block 7","11WD4HLBR1C7---4","Fossil Hard coal","11WD4HLBR1C7---4","04/04/2026 22:00 - 04/04/2026 23:00","N/A","N/A"
"04/04/2026 00:00 - 05/04/2026 00:00","CTA|DE(TransnetBW)","HKW Heilbronn Block 7","11WD4HLBR1C7---4","Fossil Hard coal","11WD4HLBR1C7---4","04/04/2026 23:00 - 05/04/2026 00:00","N/A","N/A"
"04/04/2026 00:00 - 05/04/2026 00:00","CTA|DE(50Hertz)","GTHKW Nossener Bruecke","11WD8DRES5X----D","Fossil Gas","11WD8DRES5X----D","04/04/2026 00:00 - 04/04/2026 01:00","N/A","N/A"
"04/04/2026 00:00 - 05/04/2026 00:00","CTA|DE(50Hertz)","GTHKW Nossener Bruecke","11WD8DRES5X----D","Fossil Gas","11WD8DRES5X----D","04/04/2026 01:00 - 04/04/2026 02:00","N/A","N/A"
"04/04/2026 00:00 - 05/04/2026 00:00","CTA|DE(50Hertz)","GTHKW Nossener Bruecke","11WD8DRES5X----D","Fossil Gas","11WD8DRES5X----D","04/04/2026 02:00 - 04/04/2026 03:00","N/A","N/A"
"04/04/2026 00:00 - 05/04/2026 00:00","CTA|DE(50Hertz)","GTHKW Nossener Bruecke","11WD8DRES5X----D","Fossil Gas","11WD8DRES5X----D","04/04/2026 03:00 - 04/04/2026 04:00","N/A","N/A"
"04/04/2026 00:00 - 05/04/2026 00:00","CTA|DE(50Hertz)","GTHKW Nossener Bruecke","11WD8DRES5X----D","Fossil Gas","11WD8DRES5X----D","04/04/2026 04:00 - 04/04/2026 05:00","N/A","N/A"
"04/04/2026 00:00 - 05/04/2026 00:00","CTA|DE(50Hertz)","GTHKW Nossener Bruecke","11WD8DRES5X----D","Fossil Gas","11WD8DRES5X----D","04/04/2026 05:00 - 04/04/2026 06:00","N/A","N/A"
"04/04/2026 00:00 - 05/04/2026 00:00","CTA|DE(50Hertz)","GTHKW Nossener Bruecke","11WD8DRES5X----D","Fossil Gas","11WD8DRES5X----D","04/04/2026 06:00 - 04/04/2026 07:00","N/A","N/A"
"04/04/2026 00:00 - 05/04/2026 00:00","CTA|DE(50Hertz)","GTHKW Nossener Bruecke","11WD8DRES5X----D","Fossil Gas","11WD8DRES5X----D","04/04/2026 07:00 - 04/04/2026 08:00","N/A","N/A"
"04/04/2026 00:00 - 05/04/2026 00:00","CTA|DE(50Hertz)","GTHKW Nossener Bruecke","11WD8DRES5X----D","Fossil Gas","11WD8DRES5X----D","04/04/2026 08:00 - 04/04/2026 09:00","N/A","N/A"
"04/04/2026 00:00 - 05/04/2026 00:00","CTA|DE(50Hertz)","GTHKW Nossener Bruecke","11WD8DRES5X----D","Fossil Gas","11WD8DRES5X----D","04/04/2026 09:00 - 04/04/2026 10:00","N/A","N/A"
"04/04/2026 00:00 - 05/04/2026 00:00","CTA|DE(50Hertz)","GTHKW Nossener Bruecke","11WD8DRES5X----D","Fossil Gas","11WD8DRES5X----D","04/04/2026 10:00 - 04/04/2026 11:00","N/A","N/A"
"04/04/2026 00:00 - 05/04/2026 00:00","CTA|DE(50Hertz)","GTHKW Nossener Bruecke","11WD8DRES5X----D","Fossil Gas","11WD8DRES5X----D","04/04/2026 11:00 - 04/04/2026 12:00","N/A","N/A"
"04/04/2026 00:00 - 05/04/2026 00:00","CTA|DE(50Hertz)","GTHKW Nossener Bruecke","11WD8DRES5X----D","Fossil Gas","11WD8DRES5X----D","04/04/2026 12:00 - 04/04/2026 13:00","N/A","N/A"
"04/04/2026 00:00 - 05/04/2026 00:00","CTA|DE(50Hertz)","GTHKW Nossener Bruecke","11WD8DRES5X----D","Fossil Gas","11WD8DRES5X----D","04/04/2026 13:00 - 04/04/2026 14:00","N/A","N/A"
"04/04/2026 00:00 - 05/04/2026 00:00","CTA|DE(50Hertz)","GTHKW Nossener Bruecke","11WD8DRES5X----D","Fossil Gas","11WD8DRES5X----D","04/04/2026 14:00 - 04/04/2026 15:00","N/A","N/A"
"04/04/2026 00:00 - 05/04/2026 00:00","CTA|DE(50Hertz)","GTHKW Nossener Bruecke","11WD8DRES5X----D","Fossil Gas","11WD8DRES5X----D","04/04/2026 15:00 - 04/04/2026 16:00","N/A","N/A"
"04/04/2026 00:00 - 05/04/2026 00:00","CTA|DE(50Hertz)","GTHKW Nossener Bruecke","11WD8DRES5X----D","Fossil Gas","11WD8DRES5X----D","04/04/2026 16:00 - 04/04/2026 17:00","N/A","N/A"
"04/04/2026 00:00 - 05/04/2026 00:00","CTA|DE(50Hertz)","GTHKW Nossener Bruecke","11WD8DRES5X----D","Fossil Gas","11WD8DRES5X----D","04/04/2026 17:00 - 04/04/2026 18:00","N/A","N/A"
"04/04/2026 00:00 - 05/04/2026 00:00","CTA|DE(50Hertz)","GTHKW Nossener Bruecke","11WD8DRES5X----D","Fossil Gas","11WD8DRES5X----D","04/04/2026 18:00 - 04/04/2026 19:00","N/A","N/A"
"04/04/2026 00:00 - 05/04/2026 00:00","CTA|DE(50Hertz)","GTHKW Nossener Bruecke","11WD8DRES5X----D","Fossil Gas","11WD8DRES5X----D","04/04/2026 19:00 - 04/04/2026 20:00","N/A","N/A"
"04/04/2026 00:00 - 05/04/2026 00:00","CTA|DE(50Hertz)","GTHKW Nossener Bruecke","11WD8DRES5X----D","Fossil Gas","11WD8DRES5X----D","04/04/2026 20:00 - 04/04/2026 21:00","N/A","N/A"
"04/04/2026 00:00 - 05/04/2026 00:00","CTA|DE(50Hertz)","GTHKW Nossener Bruecke","11WD8DRES5X----D","Fossil Gas","11WD8DRES5X----D","04/04/2026 21:00 - 04/04/2026 22:00","N/A","N/A"
"04/04/2026 00:00 - 05/04/2026 00:00","CTA|DE(50Hertz)","GTHKW Nossener Bruecke","11WD8DRES5X----D","Fossil Gas","11WD8DRES5X----D","04/04/2026 22:00 - 04/04/2026 23:00","N/A","N/A"
"04/04/2026 00:00 - 05/04/2026 00:00","CTA|DE(50Hertz)","GTHKW Nossener Bruecke","11WD8DRES5X----D","Fossil Gas","11WD8DRES5X----D","04/04/2026 23:00 - 05/04/2026 00:00","N/A","N/A"
"04/04/2026 00:00 - 05/04/2026 00:00","CTA|DE(50Hertz)","PSW Hohenwarte II PSS A-H","11W0-0000-0858-D","Hydro Pumped Storage","11W0-0000-0858-D","04/04/2026 00:00 - 04/04/2026 01:00","n/e","n/e"
"04/04/2026 00:00 - 05/04/2026 00:00","CTA|DE(50Hertz)","PSW Hohenwarte II PSS A-H","11W0-0000-0858-D","Hydro Pumped Storage","11W0-0000-0858-D","04/04/2026 01:00 - 04/04/2026 02:00","n/e","n/e"
"04/04/2026 00:00 - 05/04/2026 00:00","CTA|DE(50Hertz)","PSW Hohenwarte II PSS A-H","11W0-0000-0858-D","Hydro Pumped Storage","11W0-0000-0858-D","04/04/2026 02:00 - 04/04/2026 03:00","n/e","n/e"
"04/04/2026 00:00 - 05/04/2026 00:00","CTA|DE(50Hertz)","PSW Hohenwarte II PSS A-H","11W0-0000-0858-D","Hydro Pumped Storage","11W0-0000-0858-D","04/04/2026 03:00 - 04/04/2026 04:00","n/e","n/e"
"04/04/2026 00:00 - 05/04/2026 00:00","CTA|DE(50Hertz)","PSW Hohenwarte II PSS A-H","11W0-0000-0858-D","Hydro Pumped Storage","11W0-0000-0858-D","04/04/2026 04:00 - 04/04/2026 05:00","n/e","n/e"
"04/04/2026 00:00 - 05/04/2026 00:00","CTA|DE(50Hertz)","PSW Hohenwarte II PSS A-H","11W0-0000-0858-D","Hydro Pumped Storage","11W0-0000-0858-D","04/04/2026 05:00 - 04/04/2026 06:00","n/e","n/e"
"04/04/2026 00:00 - 05/04/2026 00:00","CTA|DE(50Hertz)","PSW Hohenwarte II PSS A-H","11W0-0000-0858-D","Hydro Pumped Storage","11W0-0000-0858-D","04/04/2026 06:00 - 04/04/2026 07:00","n/e","n/e"
"04/04/2026 00:00 - 05/04/2026 00:00","CTA|DE(50Hertz)","PSW Hohenwarte II PSS A-H","11W0-0000-0858-D","Hydro Pumped Storage","11W0-0000-0858-D","04/04/2026 07:00 - 04/04/2026 08:00","n/e","n/e"
"04/04/2026 00:00 - 05/04/2026 00:00","CTA|DE(50Hertz)","PSW Hohenwarte II PSS A-H","11W0-0000-0858-D","Hydro Pumped Storage","11W0-0000-0858-D","04/04/2026 08:00 - 04/04/2026 09:00","n/e","n/e"
"04/04/2026 00:00 - 05/04/2026 00:00","CTA|DE(50Hertz)","PSW Hohenwarte II PSS A-H","11W0-0000-0858-D","Hydro Pumped Storage","11W0-0000-0858-D","04/04/2026 09:00 - 04/04/2026 10:00","n/e","n/e"
"04/04/2026 00:00 - 05/04/2026 00:00","CTA|DE(50Hertz)","PSW Hohenwarte II PSS A-H","11W0-0000-0858-D","Hydro Pumped Storage","11W0-0000-0858-D","04/04/2026 10:00 - 04/04/2026 11:00","n/e","n/e"
"04/04/2026 00:00 - 05/04/2026 00:00","CTA|DE(50Hertz)","PSW Hohenwarte II PSS A-H","11W0-0000-0858-D","Hydro Pumped Storage","11W0-0000-0858-D","04/04/2026 11:00 - 04/04/2026 12:00","n/e","n/e"
"04/04/2026 00:00 - 05/04/2026 00:00","CTA|DE(50Hertz)","PSW Hohenwarte II PSS A-H","11W0-0000-0858-D","Hydro Pumped Storage","11W0-0000-0858-D","04/04/2026 12:00 - 04/04/2026 13:00","n/e","n/e"
"04/04/2026 00:00 - 05/04/2026 00:00","CTA|DE(50Hertz)","PSW Hohenwarte II PSS A-H","11W0-0000-0858-D","Hydro Pumped Storage","11W0-0000-0858-D","04/04/2026 13:00 - 04/04/2026 14:00","n/e","n/e"
"04/04/2026 00:00 - 05/04/2026 00:00","CTA|DE(50Hertz)","PSW Hohenwarte II PSS A-H","11W0-0000-0858-D","Hydro Pumped Storage","11W0-0000-0858-D","04/04/2026 14:00 - 04/04/2026 15:00","n/e","n/e"
"04/04/2026 00:00 - 05/04/2026 00:00","CTA|DE(50Hertz)","PSW Hohenwarte II PSS A-H","11W0-0000-0858-D","Hydro Pumped Storage","11W0-0000-0858-D","04/04/2026 15:00 - 04/04/2026 16:00","n/e","n/e"
"04/04/2026 00:00 - 05/04/2026 00:00","CTA|DE(50Hertz)","PSW Hohenwarte II PSS A-H","11W0-0000-0858-D","Hydro Pumped Storage","11W0-0000-0858-D","04/04/2026 16:00 - 04/04/2026 17:00","n/e","n/e"
"04/04/2026 00:00 - 05/04/2026 00:00","CTA|DE(50Hertz)","PSW Hohenwarte II PSS A-H","11W0-0000-0858-D","Hydro Pumped Storage","11W0-0000-0858-D","04/04/2026 17:00 - 04/04/2026 18:00","n/e","n/e"
"04/04/2026 00:00 - 05/04/2026 00:00","CTA|DE(50Hertz)","PSW Hohenwarte II PSS A-H","11W0-0000-0858-D","Hydro Pumped Storage","11W0-0000-0858-D","04/04/2026 18:00 - 04/04/2026 19:00","n/e","n/e"
"04/04/2026 00:00 - 05/04/2026 00:00","CTA|DE(50Hertz)","PSW Hohenwarte II PSS A-H","11W0-0000-0858-D","Hydro Pumped Storage","11W0-0000-0858-D","04/04/2026 19:00 - 04/04/2026 20:00","n/e","n/e"
"04/04/2026 00:00 - 05/04/2026 00:00","CTA|DE(50Hertz)","PSW Hohenwarte II PSS A-H","11W0-0000-0858-D","Hydro Pumped Storage","11W0-0000-0858-D","04/04/2026 20:00 - 04/04/2026 21:00","n/e","n/e"
"04/04/2026 00:00 - 05/04/2026 00:00","CTA|DE(50Hertz)","PSW Hohenwarte II PSS A-H","11W0-0000-0858-D","Hydro Pumped Storage","11W0-0000-0858-D","04/04/2026 21:00 - 04/04/2026 22:00","n/e","n/e"
"04/04/2026 00:00 - 05/04/2026 00:00","CTA|DE(50Hertz)","PSW Hohenwarte II PSS A-H","11W0-0000-0858-D","Hydro Pumped Storage","11W0-0000-0858-D","04/04/2026 22:00 - 04/04/2026 23:00","n/e","n/e"
"04/04/2026 00:00 - 05/04/2026 00:00","CTA|DE(50Hertz)","PSW Hohenwarte II PSS A-H","11W0-0000-0858-D","Hydro Pumped Storage","11W0-0000-0858-D","04/04/2026 23:00 - 05/04/2026 00:00","n/e","n/e"
"04/04/2026 00:00 - 05/04/2026 00:00","CTA|DE(50Hertz)","Geesthacht A-C","11W0-0000-0859-A","Hydro Pumped Storage","11W0-0000-0859-A","04/04/2026 00:00 - 04/04/2026 01:00","n/e","n/e"
"04/04/2026 00:00 - 05/04/2026 00:00","CTA|DE(50Hertz)","Geesthacht A-C","11W0-0000-0859-A","Hydro Pumped Storage","11W0-0000-0859-A","04/04/2026 01:00 - 04/04/2026 02:00","n/e","n/e"
"04/04/2026 00:00 - 05/04/2026 00:00","CTA|DE(50Hertz)","Geesthacht A-C","11W0-0000-0859-A","Hydro Pumped Storage","11W0-0000-0859-A","04/04/2026 02:00 - 04/04/2026 03:00","n/e","n/e"
"04/04/2026 00:00 - 05/04/2026 00:00","CTA|DE(50Hertz)","Geesthacht A-C","11W0-0000-0859-A","Hydro Pumped Storage","11W0-0000-0859-A","04/04/2026 03:00 - 04/04/2026 04:00","n/e","n/e"
"04/04/2026 00:00 - 05/04/2026 00:00","CTA|DE(50Hertz)","Geesthacht A-C","11W0-0000-0859-A","Hydro Pumped Storage","11W0-0000-0859-A","04/04/2026 04:00 - 04/04/2026 05:00","n/e","n/e"
"04/04/2026 00:00 - 05/04/2026 00:00","CTA|DE(50Hertz)","Geesthacht A-C","11W0-0000-0859-A","Hydro Pumped Storage","11W0-0000-0859-A","04/04/2026 05:00 - 04/04/2026 06:00","n/e","n/e"
"04/04/2026 00:00 - 05/04/2026 00:00","CTA|DE(50Hertz)","Geesthacht A-C","11W0-0000-0859-A","Hydro Pumped Storage","11W0-0000-0859-A","04/04/2026 06:00 - 04/04/2026 07:00","n/e","n/e"
"04/04/2026 00:00 - 05/04/2026 00:00","CTA|DE(50Hertz)","Geesthacht A-C","11W0-0000-0859-A","Hydro Pumped Storage","11W0-0000-0859-A","04/04/2026 07:00 - 04/04/2026 08:00","n/e","n/e"
"04/04/2026 00:00 - 05/04/2026 00:00","CTA|DE(50Hertz)","Geesthacht A-C","11W0-0000-0859-A","Hydro Pumped Storage","11W0-0000-0859-A","04/04/2026 08:00 - 04/04/2026 09:00","n/e","n/e"
"04/04/2026 00:00 - 05/04/2026 00:00","CTA|DE(50Hertz)","Geesthacht A-C","11W0-0000-0859-A","Hydro Pumped Storage","11W0-0000-0859-A","04/04/2026 09:00 - 04/04/2026 10:00","n/e","n/e"
"04/04/2026 00:00 - 05/04/2026 00:00","CTA|DE(50Hertz)","Geesthacht A-C","11W0-0000-0859-A","Hydro Pumped Storage","11W0-0000-0859-A","04/04/2026 10:00 - 04/04/2026 11:00","n/e","n/e"
"04/04/2026 00:00 - 05/04/2026 00:00","CTA|DE(50Hertz)","Geesthacht A-C","11W0-0000-0859-A","Hydro Pumped Storage","11W0-0000-0859-A","04/04/2026 11:00 - 04/04/2026 12:00","n/e","n/e"
"04/04/2026 00:00 - 05/04/2026 00:00","CTA|DE(50Hertz)","Geesthacht A-C","11W0-0000-0859-A","Hydro Pumped Storage","11W0-0000-0859-A","04/04/2026 12:00 - 04/04/2026 13:00","n/e","n/e"
"04/04/2026 00:00 - 05/04/2026 00:00","CTA|DE(50Hertz)","Geesthacht A-C","11W0-0000-0859-A","Hydro Pumped Storage","11W0-0000-0859-A","04/04/2026 13:00 - 04/04/2026 14:00","n/e","n/e"
"04/04/2026 00:00 - 05/04/2026 00:00","CTA|DE(50Hertz)","Geesthacht A-C","11W0-0000-0859-A","Hydro Pumped Storage","11W0-0000-0859-A","04/04/2026 14:00 - 04/04/2026 15:00","n/e","n/e"
"04/04/2026 00:00 - 05/04/2026 00:00","CTA|DE(50Hertz)","Geesthacht A-C","11W0-0000-0859-A","Hydro Pumped Storage","11W0-0000-0859-A","04/04/2026 15:00 - 04/04/2026 16:00","n/e","n/e"
"04/04/2026 00:00 - 05/04/2026 00:00","CTA|DE(50Hertz)","Geesthacht A-C","11W0-0000-0859-A","Hydro Pumped Storage","11W0-0000-0859-A","04/04/2026 16:00 - 04/04/2026 17:00","n/e","n/e"
"04/04/2026 00:00 - 05/04/2026 00:00","CTA|DE(50Hertz)","Geesthacht A-C","11W0-0000-0859-A","Hydro Pumped Storage","11W0-0000-0859-A","04/04/2026 17:00 - 04/04/2026 18:00","n/e","n/e"
"04/04/2026 00:00 - 05/04/2026 00:00","CTA|DE(50Hertz)","Geesthacht A-C","11W0-0000-0859-A","Hydro Pumped Storage","11W0-0000-0859-A","04/04/2026 18:00 - 04/04/2026 19:00","n/e","n/e"
"04/04/2026 00:00 - 05/04/2026 00:00","CTA|DE(50Hertz)","Geesthacht A-C","11W0-0000-0859-A","Hydro Pumped Storage","11W0-0000-0859-A","04/04/2026 19:00 - 04/04/2026 20:00","n/e","n/e"
"04/04/2026 00:00 - 05/04/2026 00:00","CTA|DE(50Hertz)","Geesthacht A-C","11W0-0000-0859-A","Hydro Pumped Storage","11W0-0000-0859-A","04/04/2026 20:00 - 04/04/2026 21:00","n/e","n/e"
"04/04/2026 00:00 - 05/04/2026 00:00","CTA|DE(50Hertz)","Geesthacht A-C","11W0-0000-0859-A","Hydro Pumped Storage","11W0-0000-0859-A","04/04/2026 21:00 - 04/04/2026 22:00","n/e","n/e"
"04/04/2026 00:00 - 05/04/2026 00:00","CTA|DE(50Hertz)","Geesthacht A-C","11W0-0000-0859-A","Hydro Pumped Storage","11W0-0000-0859-A","04/04/2026 22:00 - 04/04/2026 23:00","n/e","n/e"
"04/04/2026 00:00 - 05/04/2026 00:00","CTA|DE(50Hertz)","Geesthacht A-C","11W0-0000-0859-A","Hydro Pumped Storage","11W0-0000-0859-A","04/04/2026 23:00 - 05/04/2026 00:00","n/e","n/e"
