"Time Interval (CET/CEST)","Area","Unit Name","Unit Code","Type","Instance Code","MTU (CET/CEST)","Generation (MW)","Consumption (MW)"
"09/04/2026 00:00 - 10/04/2026 00:00","CTA|DE(Amprion)","HAMBORN-5","11WD7BEEC5XHAM5G","Fossil Coal-derived gas","11WD7BEEC5XHAM5G","09/04/2026 00:00 - 09/04/2026 01:00","211.00",""
"09/04/2026 00:00 - 10/04/2026 00:00","CTA|DE(Amprion)","HAMBORN-5","11WD7BEEC5XHAM5G","Fossil Coal-derived gas","11WD7BEEC5XHAM5G","09/04/2026 01:00 - 09/04/2026 02:00","202.50",""
"09/04/2026 00:00 - 10/04/2026 00:00","CTA|DE(Amprion)","HAMBORN-5","11WD7BEEC5XHAM5G","Fossil Coal-derived gas","11WD7BEEC5XHAM5G","09/04/2026 02:00 - 09/04/2026 03:00","194.50",""
"09/04/2026 00:00 - 10/04/2026 00:00","CTA|DE(Amprion)","HAMBORN-5","11WD7BEEC5XHAM5G","Fossil Coal-derived gas","11WD7BEEC5XHAM5G","09/04/2026 03:00 - 09/04/2026 04:00","189.00",""
"09/04/2026 00:00 - 10/04/2026 00:00","CTA|DE(Amprion)","HAMBORN-5","11WD7BEEC5XHAM5G","Fossil Coal-derived gas","11WD7BEEC5XHAM5G","09/04/2026 04:00 - 09/04/2026 05:00","188.00",""
"09/04/2026 00:00 - 10/04/2026 00:00","CTA|DE(Amprion)","HAMBORN-5","11WD7BEEC5XHAM5G","Fossil Coal-derived gas","11WD7BEEC5XHAM5G","09/04/2026 05:00 - 09/04/2026 06:00","192.25",""
"09/04/2026 00:00 - 10/04/2026 00:00","CTA|DE(Amprion)","HAMBORN-5","11WD7BEEC5XHAM5G","Fossil Coal-derived gas","11WD7BEEC5XHAM5G","09/04/2026 06:00 - 09/04/2026 07:00","192.25",""
"09/04/2026 00:00 - 10/04/2026 00:00","CTA|DE(Amprion)","HAMBORN-5","11WD7BEEC5XHAM5G","Fossil Coal-derived gas","11WD7BEEC5XHAM5G","09/04/2026 07:00 - 09/04/2026 08:00","184.25",""
"09/04/2026 00:00 - 10/04/2026 00:00","CTA|DE(Amprion)","HAMBORN-5","11WD7BEEC5XHAM5G","Fossil Coal-derived gas","11WD7BEEC5XHAM5G","09/04/2026 08:00 - 09/04/2026 09:00","189.00",""
"09/04/2026 00:00 - 10/04/2026 00:00","CTA|DE(Amprion)","HAMBORN-5","11WD7BEEC5XHAM5G","Fossil Coal-derived gas","11WD7BEEC5XHAM5G","09/04/2026 09:00 - 09/04/2026 10:00","196.50",""
"09/04/2026 00:00 - 10/04/2026 00:00","CTA|DE(Amprion)","HAMBORN-5","11WD7BEEC5XHAM5G","Fossil Coal-derived gas","11WD7BEEC5XHAM5G","09/04/2026 10:00 - 09/04/2026 11:00","190.75",""
"09/04/2026 00:00 - 10/04/2026 00:00","CTA|DE(Amprion)","HAMBORN-5","11WD7BEEC5XHAM5G","Fossil Coal-derived gas","11WD7BEEC5XHAM5G","09/04/2026 11:00 - 09/04/2026 12:00","200.50",""
"09/04/2026 00:00 - 10/04/2026 00:00","CTA|DE(Amprion)","HAMBORN-5","11WD7BEEC5XHAM5G","Fossil Coal-derived gas","11WD7BEEC5XHAM5G","09/04/2026 12:00 - 09/04/2026 13:00","211.00",""
"09/04/2026 00:00 - 10/04/2026 00:00","CTA|DE(Amprion)","HAMBORN-5","11WD7BEEC5XHAM5G","Fossil Coal-derived gas","11WD7BEEC5XHAM5G","09/04/2026 13:00 - 09/04/2026 14:00","211.00",""
"09/04/2026 00:00 - 10/04/2026 00:00","CTA|DE(Amprion)","HAMBORN-5","11WD7BEEC5XHAM5G","Fossil Coal-derived gas","11WD7BEEC5XHAM5G","09/04/2026 14:00 - 09/04/2026 15:00","211.00",""
"09/04/2026 00:00 - 10/04/2026 00:00","CTA|DE(Amprion)","HAMBORN-5","11WD7BEEC5XHAM5G","Fossil Coal-derived gas","11WD7BEEC5XHAM5G","09/04/2026 15:00 - 09/04/2026 16:00","211.00",""
"09/04/2026 00:00 - 10/04/2026 00:00","CTA|DE(Amprion)","HAMBORN-5","11WD7BEEC5XHAM5G","Fossil Coal-derived gas","11WD7BEEC5XHAM5G","09/04/2026 16:00 - 09/04/2026 17:00","211.00",""
"09/04/2026 00:00 - 10/04/2026 00:00","CTA|DE(Amprion)","HAMBORN-5","11WD7BEEC5XHAM5G","Fossil Coal-derived gas","11WD7BEEC5XHAM5G","09/04/2026 17:00 - 09/04/2026 18:00","211.00",""
"09/04/2026 00:00 - 10/04/2026 00:00","CTA|DE(Amprion)","HAMBORN-5","11WD7BEEC5XHAM5G","Fossil Coal-derived gas","11WD7BEEC5XHAM5G","09/04/2026 18:00 - 09/04/2026 19:00","211.00",""
"09/04/2026 00:00 - 10/04/2026 00:00","CTA|DE(Amprion)","HAMBORN-5","11WD7BEEC5XHAM5G","Fossil Coal-derived gas","11WD7BEEC5XHAM5G","09/04/2026 19:00 - 09/04/2026 20:00","211.00",""
"09/04/2026 00:00 - 10/04/2026 00:00","CTA|DE(Amprion)","HAMBORN-5","11WD7BEEC5XHAM5G","Fossil Coal-derived gas","11WD7BEEC5XHAM5G","09/04/2026 20:00 - 09/04/2026 21:00","211.00",""
"09/04/2026 00:00 - 10/04/2026 00:00","CTA|DE(Amprion)","HAMBORN-5","11WD7BEEC5XHAM5G","Fossil Coal-derived gas","11WD7BEEC5XHAM5G","09/04/2026 21:00 - 09/04/2026 22:00","211.00",""
"09/04/2026 00:00 - 10/04/2026 00:00","CTA|DE(Amprion)","HAMBORN-5","11WD7BEEC5XHAM5G","Fossil Coal-derived gas","11WD7BEEC5XHAM5G","09/04/2026 22:00 - 09/04/2026 23:00","211.00",""
"09/04/2026 00:00 - 10/04/2026 00:00","CTA|DE(Amprion)","HAMBORN-5","11WD7BEEC5XHAM5G","Fossil Coal-derived gas","11WD7BEEC5XHAM5G","09/04/2026 23:00 - 10/04/2026 00:00","211.00",""
"09/04/2026 00:00 - 10/04/2026 00:00","CTA|DE(Amprion)","RUHRORT-4","11WD7BEEC5XRUH4E","Fossil Coal-derived gas","11WD7BEEC5XRUH4E","09/04/2026 00:00 - 09/04/2026 01:00","0.00",""
"09/04/2026 00:00 - 10/04/2026 00:00","CTA|DE(Amprion)","RUHRORT-4","11WD7BEEC5XRUH4E","Fossil Coal-derived gas","11WD7BEEC5XRUH4E","09/04/2026 01:00 - 09/04/2026 02:00","0.00",""
"09/04/2026 00:00 - 10/04/2026 00:00","CTA|DE(Amprion)","RUHRORT-4","11WD7BEEC5XRUH4E","Fossil Coal-derived gas","11WD7BEEC5XRUH4E","09/04/2026 02:00 - 09/04/2026 03:00","0.00",""
"09/04/2026 00:00 - 10/04/2026 00:00","CTA|DE(Amprion)","RUHRORT-4","11WD7BEEC5XRUH4E","Fossil Coal-derived gas","11WD7BEEC5XRUH4E","09/04/2026 03:00 - 09/04/2026 04:00","0.00",""
"09/04/2026 00:00 - 10/04/2026 00:00","CTA|DE(Amprion)","RUHRORT-4","11WD7BEEC5XRUH4E","Fossil Coal-derived gas","11WD7BEEC5XRUH4E","09/04/2026 04:00 - 09/04/2026 05:00","0.00",""
"09/04/2026 00:00 - 10/04/2026 00:00","CTA|DE(Amprion)","RUHRORT-4","11WD7BEEC5XRUH4E","Fossil Coal-derived gas","11WD7BEEC5XRUH4E","09/04/2026 05:00 - 09/04/2026 06:00","0.00",""
"09/04/2026 00:00 - 10/04/2026 00:00","CTA|DE(Amprion)","RUHRORT-4","11WD7BEEC5XRUH4E","Fossil Coal-derived gas","11WD7BEEC5XRUH4E","09/04/2026 06:00 - 09/04/2026 07:00","0.00",""
"09/04/2026 00:00 - 10/04/2026 00:00","CTA|DE(Amprion)","RUHRORT-4","11WD7BEEC5XRUH4E","Fossil Coal-derived gas","11WD7BEEC5XRUH4E","09/04/2026 07:00 - 09/04/2026 08:00","0.00",""
"09/04/2026 00:00 - 10/04/2026 00:00","CTA|DE(Amprion)","RUHRORT-4","11WD7BEEC5XRUH4E","Fossil Coal-derived gas","11WD7BEEC5XRUH4E","09/04/2026 08:00 - 09/04/2026 09:00","0.00",""
"09/04/2026 00:00 - 10/04/2026 00:00","CTA|DE(Amprion)","RUHRORT-4","11WD7BEEC5XRUH4E","Fossil Coal-derived gas","11WD7BEEC5XRUH4E","09/04/2026 09:00 - 09/04/2026 10:00","0.00",""
"09/04/2026 00:00 - 10/04/2026 00:00","CTA|DE(Amprion)","RUHRORT-4","11WD7BEEC5XRUH4E","Fossil Coal-derived gas","11WD7BEEC5XRUH4E","09/04/2026 10:00 - 09/04/2026 11:00","0.00",""
"09/04/2026 00:00 - 10/04/2026 00:00","CTA|DE(Amprion)","RUHRORT-4","11WD7BEEC5XRUH4E","Fossil Coal-derived gas","11WD7BEEC5XRUH4E","09/04/2026 11:00 - 09/04/2026 12:00","0.00",""
"09/04/2026 00:00 - 10/04/2026 00:00","CTA|DE(Amprion)","RUHRORT-4","11WD7BEEC5XRUH4E","Fossil Coal-derived gas","11WD7BEEC5XRUH4E","09/04/2026 12:00 - 09/04/2026 13:00","0.00",""
"09/04/2026 00:00 - 10/04/2026 00:00","CTA|DE(Amprion)","RUHRORT-4","11WD7BEEC5XRUH4E","Fossil Coal-derived gas","11WD7BEEC5XRUH4E","09/04/2026 13:00 - 09/04/2026 14:00","0.00",""
"09/04/2026 00:00 - 10/04/2026 00:00","CTA|DE(Amprion)","RUHRORT-4","11WD7BEEC5XRUH4E","Fossil Coal-derived gas","11WD7BEEC5XRUH4E","09/04/2026 14:00 - 09/04/2026 15:00","0.00",""
"09/04/2026 00:00 - 10/04/2026 00:00","CTA|DE(Amprion)","RUHRORT-4","11WD7BEEC5XRUH4E","Fossil Coal-derived gas","11WD7BEEC5XRUH4E","09/04/2026 15:00 - 09/04/2026 16:00","0.00",""
"09/04/2026 00:00 - 10/04/2026 00:00","CTA|DE(Amprion)","RUHRORT-4","11WD7BEEC5XRUH4E","Fossil Coal-derived gas","11WD7BEEC5XRUH4E","09/04/2026 16:00 - 09/04/2026 17:00","0.00",""
"09/04/2026 00:00 - 10/04/2026 00:00","CTA|DE(Amprion)","RUHRORT-4","11WD7BEEC5XRUH4E","Fossil Coal-derived gas","11WD7BEEC5XRUH4E","09/04/2026 17:00 - 09/04/2026 18:00","0.00",""
"09/04/2026 00:00 - 10/04/2026 00:00","CTA|DE(Amprion)","RUHRORT-4","11WD7BEEC5XRUH4E","Fossil Coal-derived gas","11WD7BEEC5XRUH4E","09/04/2026 18:00 - 09/04/2026 19:00","0.00",""
"09/04/2026 00:00 - 10/04/2026 00:00","CTA|DE(Amprion)","RUHRORT-4","11WD7BEEC5XRUH4E","Fossil Coal-derived gas","11WD7BEEC5XRUH4E","09/04/2026 19:00 - 09/04/2026 20:00","0.00",""
"09/04/2026 00:00 - 10/04/2026 00:00","CTA|DE(Amprion)","RUHRORT-4","11WD7BEEC5XRUH4E","Fossil Coal-derived gas","11WD7BEEC5XRUH4E","09/04/2026 20:00 - 09/04/2026 21:00","0.00",""
"09/04/2026 00:00 - 10/04/2026 00:00","CTA|DE(Amprion)","RUHRORT-4","11WD7BEEC5XRUH4E","Fossil Coal-derived gas","11WD7BEEC5XRUH4E","09/04/2026 21:00 - 09/04/2026 22:00","0.00",""
"09/04/2026 00:00 - 10/04/2026 00:00","CTA|DE(Amprion)","RUHRORT-4","11WD7BEEC5XRUH4E","Fossil Coal-derived gas","11WD7BEEC5XRUH4E","09/04/2026 22:00 - 09/04/2026 23:00","0.00",""
"09/04/2026 00:00 - 10/04/2026 00:00","CTA|DE(Amprion)","RUHRORT-4","11WD7BEEC5XRUH4E","Fossil Coal-derived gas","11WD7BEEC5XRUH4E","09/04/2026 23:00 - 10/04/2026 00:00","0.00",""
"09/04/2026 00:00 - 10/04/2026 00:00","CTA|DE(Amprion)","BERGKAMEN_A","11WD7BERG1S--A-X","Fossil Hard coal","11WD7BERG1S--A-X","09/04/2026 00:00 - 09/04/2026 01:00","0.00",""
"09/04/2026 00:00 - 10/04/2026 00:00","CTA|DE(Amprion)","BERGKAMEN_A","11WD7BERG1S--A-X","Fossil Hard coal","11WD7BERG1S--A-X","09/04/2026 01:00 - 09/04/2026 02:00","0.00",""
"09/04/2026 00:00 - 10/04/2026 00:00","CTA|DE(Amprion)","BERGKAMEN_A","11WD7BERG1S--A-X","Fossil Hard coal","11WD7BERG1S--A-X","09/04/2026 02:00 - 09/04/2026 03:00","0.00",""
"09/04/2026 00:00 - 10/04/2026 00:00","CTA|DE(Amprion)","BERGKAMEN_A","11WD7BERG1S--A-X","Fossil Hard coal","11WD7BERG1S--A-X","09/04/2026 03:00 - 09/04/2026 04:00","0.00",""
"09/04/2026 00:00 - 10/04/2026 00:00","CTA|DE(Amprion)","BERGKAMEN_A","11WD7BERG1S--A-X","Fossil Hard coal","11WD7BERG1S--A-X","09/04/2026 04:00 - 09/04/2026 05:00","0.00",""
"09/04/2026 00:00 - 10/04/2026 00:00","CTA|DE(Amprion)","BERGKAMEN_A","11WD7BERG1S--A-X","Fossil Hard coal","11WD7BERG1S--A-X","09/04/2026 05:00 - 09/04/2026 06:00","0.00",""
"09/04/2026 00:00 - 10/04/2026 00:00","CTA|DE(Amprion)","BERGKAMEN_A","11WD7BERG1S--A-X","Fossil Hard coal","11WD7BERG1S--A-X","09/04/2026 06:00 - 09/04/2026 07:00","0.00",""
"09/04/2026 00:00 - 10/04/2026 00:00","CTA|DE(Amprion)","BERGKAMEN_A","11WD7BERG1S--A-X","Fossil Hard coal","11WD7BERG1S--A-X","09/04/2026 07:00 - 09/04/2026 08:00","0.00",""
"09/04/2026 00:00 - 10/04/2026 00:00","CTA|DE(Amprion)","BERGKAMEN_A","11WD7BERG1S--A-X","Fossil Hard coal","11WD7BERG1S--A-X","09/04/2026 08:00 - 09/04/2026 09:00","0.00",""
"09/04/2026 00:00 - 10/04/2026 00:00","CTA|DE(Amprion)","BERGKAMEN_A","11WD7BERG1S--A-X","Fossil Hard coal","11WD7BERG1S--A-X","09/04/2026 09:00 - 09/04/2026 10:00","0.00",""
"09/04/2026 00:00 - 10/04/2026 00:00","CTA|DE(Amprion)","BERGKAMEN_A","11WD7BERG1S--A-X","Fossil Hard coal","11WD7BERG1S--A-X","09/04/2026 10:00 - 09/04/2026 11:00","0.00",""
"09/04/2026 00:00 - 10/04/2026 00:00","CTA|DE(Amprion)","BERGKAMEN_A","11WD7BERG1S--A-X","Fossil Hard coal","11WD7BERG1S--A-X","09/04/2026 11:00 - 09/04/2026 12:00","0.00",""
"09/04/2026 00:00 - 10/04/2026 00:00","CTA|DE(Amprion)","BERGKAMEN_A","11WD7BERG1S--A-X","Fossil Hard coal","11WD7BERG1S--A-X","09/04/2026 12:00 - 09/04/2026 13:00","0.00",""
"09/04/2026 00:00 - 10/04/2026 00:00","CTA|DE(Amprion)","BERGKAMEN_A","11WD7BERG1S--A-X","Fossil Hard coal","11WD7BERG1S--A-X","09/04/2026 13:00 - 09/04/2026 14:00","0.00",""
"09/04/2026 00:00 - 10/04/2026 00:00","CTA|DE(Amprion)","BERGKAMEN_A","11WD7BERG1S--A-X","Fossil Hard coal","11WD7BERG1S--A-X","09/04/2026 14:00 - 09/04/2026 15:00","0.00",""
"09/04/2026 00:00 - 10/04/2026 00:00","CTA|DE(Amprion)","BERGKAMEN_A","11WD7BERG1S--A-X","Fossil Hard coal","11WD7BERG1S--A-X","09/04/2026 15:00 - 09/04/2026 16:00","0.00",""
"09/04/2026 00:00 - 10/04/2026 00:00","CTA|DE(Amprion)","BERGKAMEN_A","11WD7BERG1S--A-X","Fossil Hard coal","11WD7BERG1S--A-X","09/04/2026 16:00 - 09/04/2026 17:00","0.00",""
"09/04/2026 00:00 - 10/04/2026 00:00","CTA|DE(Amprion)","BERGKAMEN_A","11WD7BERG1S--A-X","Fossil Hard coal","11WD7BERG1S--A-X","09/04/2026 17:00 - 09/04/2026 18:00","0.00",""
"09/04/2026 00:00 - 10/04/2026 00:00","CTA|DE(Amprion)","BERGKAMEN_A","11WD7BERG1S--A-X","Fossil Hard coal","11WD7BERG1S--A-X","09/04/2026 18:00 - 09/04/2026 19:00","0.00",""
"09/04/2026 00:00 - 10/04/2026 00:00","CTA|DE(Amprion)","BERGKAMEN_A","11WD7BERG1S--A-X","Fossil Hard coal","11WD7BERG1S--A-X","09/04/2026 19:00 - 09/04/2026 20:00","0.00",""
"09/04/2026 00:00 - 10/04/2026 00:00","CTA|DE(Amprion)","BERGKAMEN_A","11WD7BERG1S--A-X","Fossil Hard coal","11WD7BERG1S--A-X","09/04/2026 20:00 - 09/04/2026 21:00","10.07",""
"09/04/2026 00:00 - 10/04/2026 00:00","CTA|DE(Amprion)","BERGKAMEN_A","11WD7BERG1S--A-X","Fossil Hard coal","11WD7BERG1S--A-X","09/04/2026 21:00 - 09/04/2026 22:00","142.44",""
"09/04/2026 00:00 - 10/04/2026 00:00","CTA|DE(Amprion)","BERGKAMEN_A","11WD7BERG1S--A-X","Fossil Hard coal","11WD7BERG1S--A-X","09/04/2026 22:00 - 09/04/2026 23:00","304.96",""
"09/04/2026 00:00 - 10/04/2026 00:00","CTA|DE(Amprion)","BERGKAMEN_A","11WD7BERG1S--A-X","Fossil Hard coal","11WD7BERG1S--A-X","09/04/2026 23:00 - 10/04/2026 00:00","297.82",""
"09/04/2026 00:00 - 10/04/2026 00:00","CTA|DE(Amprion)","KMW_KW3","11WD7BISC5GKW3-T","Fossil Gas","11WD7BISC5GKW3-T","09/04/2026 00:00 - 09/04/2026 01:00","0.00",""
"09/04/2026 00:00 - 10/04/2026 00:00","CTA|DE(Amprion)","KMW_KW3","11WD7BISC5GKW3-T","Fossil Gas","11WD7BISC5GKW3-T","09/04/2026 01:00 - 09/04/2026 02:00","0.00",""
"09/04/2026 00:00 - 10/04/2026 00:00","CTA|DE(Amprion)","KMW_KW3","11WD7BISC5GKW3-T","Fossil Gas","11WD7BISC5GKW3-T","09/04/2026 02:00 - 09/04/2026 03:00","0.00",""
"09/04/2026 00:00 - 10/04/2026 00:00","CTA|DE(Amprion)","KMW_KW3","11WD7BISC5GKW3-T","Fossil Gas","11WD7BISC5GKW3-T","09/04/2026 03:00 - 09/04/2026 04:00","0.00",""
"09/04/2026 00:00 - 10/04/2026 00:00","CTA|DE(Amprion)","KMW_KW3","11WD7BISC5GKW3-T","Fossil Gas","11WD7BISC5GKW3-T","09/04/2026 04:00 - 09/04/2026 05:00","0.00",""
"09/04/2026 00:00 - 10/04/2026 00:00","CTA|DE(Amprion)","KMW_KW3","11WD7BISC5GKW3-T","Fossil Gas","11WD7BISC5GKW3-T","09/04/2026 05:00 - 09/04/2026 06:00","0.00",""
"09/04/2026 00:00 - 10/04/2026 00:00","CTA|DE(Amprion)","KMW_KW3","11WD7BISC5GKW3-T","Fossil Gas","11WD7BISC5GKW3-T","09/04/2026 06:00 - 09/04/2026 07:00","0.00",""
"09/04/2026 00:00 - 10/04/2026 00:00","CTA|DE(Amprion)","KMW_KW3","11WD7BISC5GKW3-T","Fossil Gas","11WD7BISC5GKW3-T","09/04/2026 07:00 - 09/04/2026 08:00","0.00",""
"09/04/2026 00:00 - 10/04/2026 00:00","CTA|DE(Amprion)","KMW_KW3","11WD7BISC5GKW3-T","Fossil Gas","11WD7BISC5GKW3-T","09/04/2026 08:00 - 09/04/2026 09:00","0.00",""
"09/04/2026 00:00 - 10/04/2026 00:00","CTA|DE(Amprion)","KMW_KW3","11WD7BISC5GKW3-T","Fossil Gas","11WD7BISC5GKW3-T","09/04/2026 09:00 - 09/04/2026 10:00","0.00",""
"09/04/2026 00:00 - 10/04/2026 00:00","CTA|DE(Amprion)","KMW_KW3","11WD7BISC5GKW3-T","Fossil Gas","11WD7BISC5GKW3-T","09/04/2026 10:00 - 09/04/2026 11:00","0.00",""
"09/04/2026 00:00 - 10/04/2026 00:00","CTA|DE(Amprion)","KMW_KW3","11WD7BISC5GKW3-T","Fossil Gas","11WD7BISC5GKW3-T","09/04/2026 11:00 - 09/04/2026 12:00","0.00",""
"09/04/2026 00:00 - 10/04/2026 00:00","CTA|DE(Amprion)","KMW_KW3","11WD7BISC5GKW3-T","Fossil Gas","11WD7BISC5GKW3-T","09/04/2026 12:00 - 09/04/2026 13:00","0.00",""
"09/04/2026 00:00 - 10/04/2026 00:00","CTA|DE(Amprion)","KMW_KW3","11WD7BISC5GKW3-T","Fossil Gas","11WD7BISC5GKW3-T","09/04/2026 13:00 - 09/04/2026 14:00","0.00",""
"09/04/2026 00:00 - 10/04/2026 00:00","CTA|DE(Amprion)","KMW_KW3","11WD7BISC5GKW3-T","Fossil Gas","11WD7BISC5GKW3-T","09/04/2026 14:00 - 09/04/2026 15:00","0.00",""
"09/04/2026 00:00 - 10/04/2026 00:00","CTA|DE(Amprion)","KMW_KW3","11WD7BISC5GKW3-T","Fossil Gas","11WD7BISC5GKW3-T","09/04/2026 15:00 - 09/04/2026 16:00","0.00",""
"09/04/2026 00:00 - 10/04/2026 00:00","CTA|DE(Amprion)","KMW_KW3","11WD7BISC5GKW3-T","Fossil Gas","11WD7BISC5GKW3-T","09/04/2026 16:00 - 09/04/2026 17:00","0.00",""
"09/04/2026 00:00 - 10/04/2026 00:00","CTA|DE(Amprion)","KMW_KW3","11WD7BISC5GKW3-T","Fossil Gas","11WD7BISC5GKW3-T","09/04/2026 17:00 - 09/04/2026 18:00","99.67",""
"09/04/2026 00:00 - 10/04/2026 00:00","CTA|DE(Amprion)","KMW_KW3","11WD7BISC5GKW3-T","Fossil Gas","11WD7BISC5GKW3-T","09/04/2026 18:00 - 09/04/2026 19:00","241.40",""
"09/04/2026 00:00 - 10/04/2026 00:00","CTA|DE(Amprion)","KMW_KW3","11WD7BISC5GKW3-T","Fossil Gas","11WD7BISC5GKW3-T","09/04/2026 19:00 - 09/04/2026 20:00","350.90",""
"09/04/2026 00:00 - 10/04/2026 00:00","CTA|DE(Amprion)","KMW_KW3","11WD7BISC5GKW3-T","Fossil Gas","11WD7BISC5GKW3-T","09/04/2026 20:00 - 09/04/2026 21:00","394.55",""
"09/04/2026 00:00 - 10/04/2026 00:00","CTA|DE(Amprion)","KMW_KW3","11WD7BISC5GKW3-T","Fossil Gas","11WD7BISC5GKW3-T","09/04/2026 21:00 - 09/04/2026 22:00","398.07",""
"09/04/2026 00:00 - 10/04/2026 00:00","CTA|DE(Amprion)","KMW_KW3","11WD7BISC5GKW3-T","Fossil Gas","11WD7BISC5GKW3-T","09/04/2026 22:00 - 09/04/2026 23:00","382.05",""
"09/04/2026 00:00 - 10/04/2026 00:00","CTA|DE(Amprion)","KMW_KW3","11WD7BISC5GKW3-T","Fossil Gas","11WD7BISC5GKW3-T","09/04/2026 23:00 - 10/04/2026 00:00","278.90",""
"09/04/2026 00:00 - 10/04/2026 00:00","CTA|DE(Amprion)","DT HKW-Niehl-2","11WD7BOLA5GDTN2T","Fossil Gas","11WD7BOLA5GDTN2T","09/04/2026 00:00 - 09/04/2026 01:00","0.00",""
"09/04/2026 00:00 - 10/04/2026 00:00","CTA|DE(Amprion)","DT HKW-Niehl-2","11WD7BOLA5GDTN2T","Fossil Gas","11WD7BOLA5GDTN2T","09/04/2026 01:00 - 09/04/2026 02:00","0.00",""
"09/04/2026 00:00 - 10/04/2026 00:00","CTA|DE(Amprion)","DT HKW-Niehl-2","11WD7BOLA5GDTN2T","Fossil Gas","11WD7BOLA5GDTN2T","09/04/2026 02:00 - 09/04/2026 03:00","0.00",""
"09/04/2026 00:00 - 10/04/2026 00:00","CTA|DE(Amprion)","DT HKW-Niehl-2","11WD7BOLA5GDTN2T","Fossil Gas","11WD7BOLA5GDTN2T","09/04/2026 03:00 - 09/04/2026 04:00","0.00",""
"09/04/2026 00:00 - 10/04/2026 00:00","CTA|DE(Amprion)","DT HKW-Niehl-2","11WD7BOLA5GDTN2T","Fossil Gas","11WD7BOLA5GDTN2T","09/04/2026 04:00 - 09/04/2026 05:00","0.00",""
"09/04/2026 00:00 - 10/04/2026 00:00","CTA|DE(Amprion)","DT HKW-Niehl-2","11WD7BOLA5GDTN2T","Fossil Gas","11WD7BOLA5GDTN2T","09/04/2026 05:00 - 09/04/2026 06:00","0.00",""
"09/04/2026 00:00 - 10/04/2026 00:00","CTA|DE(Amprion)","DT HKW-Niehl-2","11WD7BOLA5GDTN2T","Fossil Gas","11WD7BOLA5GDTN2T","09/04/2026 06:00 - 09/04/2026 07:00","0.00",""
"09/04/2026 00:00 - 10/04/2026 00:00","CTA|DE(Amprion)","DT HKW-Niehl-2","11WD7BOLA5GDTN2T","Fossil Gas","11WD7BOLA5GDTN2T","09/04/2026 07:00 - 09/04/2026 08:00","0.00",""
"09/04/2026 00:00 - 10/04/2026 00:00","CTA|DE(Amprion)","DT HKW-Niehl-2","11WD7BOLA5GDTN2T","Fossil Gas","11WD7BOLA5GDTN2T","09/04/2026 08:00 - 09/04/2026 09:00","0.00",""
"09/04/2026 00:00 - 10/04/2026 00:00","CTA|DE(Amprion)","DT HKW-Niehl-2","11WD7BOLA5GDTN2T","Fossil Gas","11WD7BOLA5GDTN2T","09/04/2026 09:00 - 09/04/2026 10:00","0.00",""
"09/04/2026 00:00 - 10/04/2026 00:00","CTA|DE(Amprion)","DT HKW-Niehl-2","11WD7BOLA5GDTN2T","Fossil Gas","11WD7BOLA5GDTN2T","09/04/2026 10:00 - 09/04/2026 11:00","0.00",""
"09/04/2026 00:00 - 10/04/2026 00:00","CTA|DE(Amprion)","DT HKW-Niehl-2","11WD7BOLA5GDTN2T","Fossil Gas","11WD7BOLA5GDTN2T","09/04/2026 11:00 - 09/04/2026 12:00","0.00",""
"09/04/2026 00:00 - 10/04/2026 00:00","CTA|DE(Amprion)","DT HKW-Niehl-2","11WD7BOLA5GDTN2T","Fossil Gas","11WD7BOLA5GDTN2T","09/04/2026 12:00 - 09/04/2026 13:00","0.00",""
"09/04/2026 00:00 - 10/04/2026 00:00","CTA|DE(Amprion)","DT HKW-Niehl-2","11WD7BOLA5GDTN2T","Fossil Gas","11WD7BOLA5GDTN2T","09/04/2026 13:00 - 09/04/2026 14:00","7.17",""
"09/04/2026 00:00 - 10/04/2026 00:00","CTA|DE(Amprion)","DT HKW-Niehl-2","11WD7BOLA5GDTN2T","Fossil Gas","11WD7BOLA5GDTN2T","09/04/2026 14:00 - 09/04/2026 15:00","29.00",""
"09/04/2026 00:00 - 10/04/2026 00:00","CTA|DE(Amprion)","DT HKW-Niehl-2","11WD7BOLA5GDTN2T","Fossil Gas","11WD7BOLA5GDTN2T","09/04/2026 15:00 - 09/04/2026 16:00","29.30",""
"09/04/2026 00:00 - 10/04/2026 00:00","CTA|DE(Amprion)","DT HKW-Niehl-2","11WD7BOLA5GDTN2T","Fossil Gas","11WD7BOLA5GDTN2T","09/04/2026 16:00 - 09/04/2026 17:00","56.45",""
"09/04/2026 00:00 - 10/04/2026 00:00","CTA|DE(Amprion)","DT HKW-Niehl-2","11WD7BOLA5GDTN2T","Fossil Gas","11WD7BOLA5GDTN2T","09/04/2026 17:00 - 09/04/2026 18:00","90.15",""
"09/04/2026 00:00 - 10/04/2026 00:00","CTA|DE(Amprion)","DT HKW-Niehl-2","11WD7BOLA5GDTN2T","Fossil Gas","11WD7BOLA5GDTN2T","09/04/2026 18:00 - 09/04/2026 19:00","112.10",""
"09/04/2026 00:00 - 10/04/2026 00:00","CTA|DE(Amprion)","DT HKW-Niehl-2","11WD7BOLA5GDTN2T","Fossil Gas","11WD7BOLA5GDTN2T","09/04/2026 19:00 - 09/04/2026 20:00","112.42",""
"09/04/2026 00:00 - 10/04/2026 00:00","CTA|DE(Amprion)","DT HKW-Niehl-2","11WD7BOLA5GDTN2T","Fossil Gas","11WD7BOLA5GDTN2T","09/04/2026 20:00 - 09/04/2026 21:00","113.10",""
"09/04/2026 00:00 - 10/04/2026 00:00","CTA|DE(Amprion)","DT HKW-Niehl-2","11WD7BOLA5GDTN2T","Fossil Gas","11WD7BOLA5GDTN2T","09/04/2026 21:00 - 09/04/2026 22:00","113.10",""
"09/04/2026 00:00 - 10/04/2026 00:00","CTA|DE(Amprion)","DT HKW-Niehl-2","11WD7BOLA5GDTN2T","Fossil Gas","11WD7BOLA5GDTN2T","09/04/2026 22:00 - 09/04/2026 23:00","113.10",""
"09/04/2026 00:00 - 10/04/2026 00:00","CTA|DE(Amprion)","DT HKW-Niehl-2","11WD7BOLA5GDTN2T","Fossil Gas","11WD7BOLA5GDTN2T","09/04/2026 23:00 - 10/04/2026 00:00","113.10",""
"09/04/2026 00:00 - 10/04/2026 00:00","CTA|DE(Amprion)","GT HKW-Niehl-2","11WD7BOLA5GGTN2E","Fossil Gas","11WD7BOLA5GGTN2E","09/04/2026 00:00 - 09/04/2026 01:00","0.00",""
"09/04/2026 00:00 - 10/04/2026 00:00","CTA|DE(Amprion)","GT HKW-Niehl-2","11WD7BOLA5GGTN2E","Fossil Gas","11WD7BOLA5GGTN2E","09/04/2026 01:00 - 09/04/2026 02:00","0.00",""
"09/04/2026 00:00 - 10/04/2026 00:00","CTA|DE(Amprion)","GT HKW-Niehl-2","11WD7BOLA5GGTN2E","Fossil Gas","11WD7BOLA5GGTN2E","09/04/2026 02:00 - 09/04/2026 03:00","0.00",""
"09/04/2026 00:00 - 10/04/2026 00:00","CTA|DE(Amprion)","GT HKW-Niehl-2","11WD7BOLA5GGTN2E","Fossil Gas","11WD7BOLA5GGTN2E","09/04/2026 03:00 - 09/04/2026 04:00","0.00",""
"09/04/2026 00:00 - 10/04/2026 00:00","CTA|DE(Amprion)","GT HKW-Niehl-2","11WD7BOLA5GGTN2E","Fossil Gas","11WD7BOLA5GGTN2E","09/04/2026 04:00 - 09/04/2026 05:00","0.00",""
"09/04/2026 00:00 - 10/04/2026 00:00","CTA|DE(Amprion)","GT HKW-Niehl-2","11WD7BOLA5GGTN2E","Fossil Gas","11WD7BOLA5GGTN2E","09/04/2026 05:00 - 09/04/2026 06:00","0.00",""
"09/04/2026 00:00 - 10/04/2026 00:00","CTA|DE(Amprion)","GT HKW-Niehl-2","11WD7BOLA5GGTN2E","Fossil Gas","11WD7BOLA5GGTN2E","09/04/2026 06:00 - 09/04/2026 07:00","0.00",""
"09/04/2026 00:00 - 10/04/2026 00:00","CTA|DE(Amprion)","GT HKW-Niehl-2","11WD7BOLA5GGTN2E","Fossil Gas","11WD7BOLA5GGTN2E","09/04/2026 07:00 - 09/04/2026 08:00","0.00",""
"09/04/2026 00:00 - 10/04/2026 00:00","CTA|DE(Amprion)","GT HKW-Niehl-2","11WD7BOLA5GGTN2E","Fossil Gas","11WD7BOLA5GGTN2E","09/04/2026 08:00 - 09/04/2026 09:00","0.00",""
"09/04/2026 00:00 - 10/04/2026 00:00","CTA|DE(Amprion)","GT HKW-Niehl-2","11WD7BOLA5GGTN2E","Fossil Gas","11WD7BOLA5GGTN2E","09/04/2026 09:00 - 09/04/2026 10:00","0.00",""
"09/04/2026 00:00 - 10/04/2026 00:00","CTA|DE(Amprion)","GT HKW-Niehl-2","11WD7BOLA5GGTN2E","Fossil Gas","11WD7BOLA5GGTN2E","09/04/2026 10:00 - 09/04/2026 11:00","0.00",""
"09/04/2026 00:00 - 10/04/2026 00:00","CTA|DE(Amprion)","GT HKW-Niehl-2","11WD7BOLA5GGTN2E","Fossil Gas","11WD7BOLA5GGTN2E","09/04/2026 11:00 - 09/04/2026 12:00","0.00",""
"09/04/2026 00:00 - 10/04/2026 00:00","CTA|DE(Amprion)","GT HKW-Niehl-2","11WD7BOLA5GGTN2E","Fossil Gas","11WD7BOLA5GGTN2E","09/04/2026 12:00 - 09/04/2026 13:00","0.00",""
"09/04/2026 00:00 - 10/04/2026 00:00","CTA|DE(Amprion)","GT HKW-Niehl-2","11WD7BOLA5GGTN2E","Fossil Gas","11WD7BOLA5GGTN2E","09/04/2026 13:00 - 09/04/2026 14:00","14.35",""
"09/04/2026 00:00 - 10/04/2026 00:00","CTA|DE(Amprion)","GT HKW-Niehl-2","11WD7BOLA5GGTN2E","Fossil Gas","11WD7BOLA5GGTN2E","09/04/2026 14:00 - 09/04/2026 15:00","58.02",""
"09/04/2026 00:00 - 10/04/2026 00:00","CTA|DE(Amprion)","GT HKW-Niehl-2","11WD7BOLA5GGTN2E","Fossil Gas","11WD7BOLA5GGTN2E","09/04/2026 15:00 - 09/04/2026 16:00","58.63",""
"09/04/2026 00:00 - 10/04/2026 00:00","CTA|DE(Amprion)","GT HKW-Niehl-2","11WD7BOLA5GGTN2E","Fossil Gas","11WD7BOLA5GGTN2E","09/04/2026 16:00 - 09/04/2026 17:00","112.90",""
"09/04/2026 00:00 - 10/04/2026 00:00","CTA|DE(Amprion)","GT HKW-Niehl-2","11WD7BOLA5GGTN2E","Fossil Gas","11WD7BOLA5GGTN2E","09/04/2026 17:00 - 09/04/2026 18:00","180.30",""
"09/04/2026 00:00 - 10/04/2026 00:00","CTA|DE(Amprion)","GT HKW-Niehl-2","11WD7BOLA5GGTN2E","Fossil Gas","11WD7BOLA5GGTN2E","09/04/2026 18:00 - 09/04/2026 19:00","224.25",""
"09/04/2026 00:00 - 10/04/2026 00:00","CTA|DE(Amprion)","GT HKW-Niehl-2","11WD7BOLA5GGTN2E","Fossil Gas","11WD7BOLA5GGTN2E","09/04/2026 19:00 - 09/04/2026 20:00","224.82",""
"09/04/2026 00:00 - 10/04/2026 00:00","CTA|DE(Amprion)","GT HKW-Niehl-2","11WD7BOLA5GGTN2E","Fossil Gas","11WD7BOLA5GGTN2E","09/04/2026 20:00 - 09/04/2026 21:00","226.18",""
"09/04/2026 00:00 - 10/04/2026 00:00","CTA|DE(Amprion)","GT HKW-Niehl-2","11WD7BOLA5GGTN2E","Fossil Gas","11WD7BOLA5GGTN2E","09/04/2026 21:00 - 09/04/2026 22:00","226.15",""
"09/04/2026 00:00 - 10/04/2026 00:00","CTA|DE(Amprion)","GT HKW-Niehl-2","11WD7BOLA5GGTN2E","Fossil Gas","11WD7BOLA5GGTN2E","09/04/2026 22:00 - 09/04/2026 23:00","226.15",""
"09/04/2026 00:00 - 10/04/2026 00:00","CTA|DE(Amprion)","GT HKW-Niehl-2","11WD7BOLA5GGTN2E","Fossil Gas","11WD7BOLA5GGTN2E","09/04/2026 23:00 - 10/04/2026 00:00","226.13",""
"09/04/2026 00:00 - 10/04/2026 00:00","CTA|DE(Amprion)","GuD Dormagen","11WD7BRAU5G-GUDH","Fossil Gas","11WD7BRAU5G-GUDH","09/04/2026 00:00 - 09/04/2026 01:00","0.00",""
"09/04/2026 00:00 - 10/04/2026 00:00","CTA|DE(Amprion)","GuD Dormagen","11WD7BRAU5G-GUDH","Fossil Gas","11WD7BRAU5G-GUDH","09/04/2026 01:00 - 09/04/2026 02:00","0.00",""
"09/04/2026 00:00 - 10/04/2026 00:00","CTA|DE(Amprion)","GuD Dormagen","11WD7BRAU5G-GUDH","Fossil Gas","11WD7BRAU5G-GUDH","09/04/2026 02:00 - 09/04/2026 03:00","0.00",""
"09/04/2026 00:00 - 10/04/2026 00:00","CTA|DE(Amprion)","GuD Dormagen","11WD7BRAU5G-GUDH","Fossil Gas","11WD7BRAU5G-GUDH","09/04/2026 03:00 - 09/04/2026 04:00","0.00",""
"09/04/2026 00:00 - 10/04/2026 00:00","CTA|DE(Amprion)","GuD Dormagen","11WD7BRAU5G-GUDH","Fossil Gas","11WD7BRAU5G-GUDH","09/04/2026 04:00 - 09/04/2026 05:00","0.00",""
"09/04/2026 00:00 - 10/04/2026 00:00","CTA|DE(Amprion)","GuD Dormagen","11WD7BRAU5G-GUDH","Fossil Gas","11WD7BRAU5G-GUDH","09/04/2026 05:00 - 09/04/2026 06:00","0.00",""
"09/04/2026 00:00 - 10/04/2026 00:00","CTA|DE(Amprion)","GuD Dormagen","11WD7BRAU5G-GUDH","Fossil Gas","11WD7BRAU5G-GUDH","09/04/2026 06:00 - 09/04/2026 07:00","0.00",""
"09/04/2026 00:00 - 10/04/2026 00:00","CTA|DE(Amprion)","GuD Dormagen","11WD7BRAU5G-GUDH","Fossil Gas","11WD7BRAU5G-GUDH","09/04/2026 07:00 - 09/04/2026 08:00","0.00",""
"09/04/2026 00:00 - 10/04/2026 00:00","CTA|DE(Amprion)","GuD Dormagen","11WD7BRAU5G-GUDH","Fossil Gas","11WD7BRAU5G-GUDH","09/04/2026 08:00 - 09/04/2026 09:00","0.00",""
"09/04/2026 00:00 - 10/04/2026 00:00","CTA|DE(Amprion)","GuD Dormagen","11WD7BRAU5G-GUDH","Fossil Gas","11WD7BRAU5G-GUDH","09/04/2026 09:00 - 09/04/2026 10:00","0.00",""
"09/04/2026 00:00 - 10/04/2026 00:00","CTA|DE(Amprion)","GuD Dormagen","11WD7BRAU5G-GUDH","Fossil Gas","11WD7BRAU5G-GUDH","09/04/2026 10:00 - 09/04/2026 11:00","0.00",""
"09/04/2026 00:00 - 10/04/2026 00:00","CTA|DE(Amprion)","GuD Dormagen","11WD7BRAU5G-GUDH","Fossil Gas","11WD7BRAU5G-GUDH","09/04/2026 11:00 - 09/04/2026 12:00","0.00",""
"09/04/2026 00:00 - 10/04/2026 00:00","CTA|DE(Amprion)","GuD Dormagen","11WD7BRAU5G-GUDH","Fossil Gas","11WD7BRAU5G-GUDH","09/04/2026 12:00 - 09/04/2026 13:00","0.00",""
"09/04/2026 00:00 - 10/04/2026 00:00","CTA|DE(Amprion)","GuD Dormagen","11WD7BRAU5G-GUDH","Fossil Gas","11WD7BRAU5G-GUDH","09/04/2026 13:00 - 09/04/2026 14:00","0.00",""
"09/04/2026 00:00 - 10/04/2026 00:00","CTA|DE(Amprion)","GuD Dormagen","11WD7BRAU5G-GUDH","Fossil Gas","11WD7BRAU5G-GUDH","09/04/2026 14:00 - 09/04/2026 15:00","0.00",""
"09/04/2026 00:00 - 10/04/2026 00:00","CTA|DE(Amprion)","GuD Dormagen","11WD7BRAU5G-GUDH","Fossil Gas","11WD7BRAU5G-GUDH","09/04/2026 15:00 - 09/04/2026 16:00","0.00",""
"09/04/2026 00:00 - 10/04/2026 00:00","CTA|DE(Amprion)","GuD Dormagen","11WD7BRAU5G-GUDH","Fossil Gas","11WD7BRAU5G-GUDH","09/04/2026 16:00 - 09/04/2026 17:00","0.00",""
"09/04/2026 00:00 - 10/04/2026 00:00","CTA|DE(Amprion)","GuD Dormagen","11WD7BRAU5G-GUDH","Fossil Gas","11WD7BRAU5G-GUDH","09/04/2026 17:00 - 09/04/2026 18:00","0.00",""
"09/04/2026 00:00 - 10/04/2026 00:00","CTA|DE(Amprion)","GuD Dormagen","11WD7BRAU5G-GUDH","Fossil Gas","11WD7BRAU5G-GUDH","09/04/2026 18:00 - 09/04/2026 19:00","0.00",""
"09/04/2026 00:00 - 10/04/2026 00:00","CTA|DE(Amprion)","GuD Dormagen","11WD7BRAU5G-GUDH","Fossil Gas","11WD7BRAU5G-GUDH","09/04/2026 19:00 - 09/04/2026 20:00","0.00",""
"09/04/2026 00:00 - 10/04/2026 00:00","CTA|DE(Amprion)","GuD Dormagen","11WD7BRAU5G-GUDH","Fossil Gas","11WD7BRAU5G-GUDH","09/04/2026 20:00 - 09/04/2026 21:00","0.00",""
"09/04/2026 00:00 - 10/04/2026 00:00","CTA|DE(Amprion)","GuD Dormagen","11WD7BRAU5G-GUDH","Fossil Gas","11WD7BRAU5G-GUDH","09/04/2026 21:00 - 09/04/2026 22:00","0.00",""
"09/04/2026 00:00 - 10/04/2026 00:00","CTA|DE(Amprion)","GuD Dormagen","11WD7BRAU5G-GUDH","Fossil Gas","11WD7BRAU5G-GUDH","09/04/2026 22:00 - 09/04/2026 23:00","0.00",""
"09/04/2026 00:00 - 10/04/2026 00:00","CTA|DE(Amprion)","GuD Dormagen","11WD7BRAU5G-GUDH","Fossil Gas","11WD7BRAU5G-GUDH","09/04/2026 23:00 - 10/04/2026 00:00","0.00",""
"09/04/2026 00:00 - 10/04/2026 00:00","CTA|DE(Amprion)","Emsland B","11WD7EMSL-G-BLB0","Fossil Gas","11WD7EMSL-G-BLB0","09/04/2026 00:00 - 09/04/2026 01:00","0.00",""
"09/04/2026 00:00 - 10/04/2026 00:00","CTA|DE(Amprion)","Emsland B","11WD7EMSL-G-BLB0","Fossil Gas","11WD7EMSL-G-BLB0","09/04/2026 01:00 - 09/04/2026 02:00","0.00",""
"09/04/2026 00:00 - 10/04/2026 00:00","CTA|DE(Amprion)","Emsland B","11WD7EMSL-G-BLB0","Fossil Gas","11WD7EMSL-G-BLB0","09/04/2026 02:00 - 09/04/2026 03:00","26.73",""
"09/04/2026 00:00 - 10/04/2026 00:00","CTA|DE(Amprion)","Emsland B","11WD7EMSL-G-BLB0","Fossil Gas","11WD7EMSL-G-BLB0","09/04/2026 03:00 - 09/04/2026 04:00","54.13",""
"09/04/2026 00:00 - 10/04/2026 00:00","CTA|DE(Amprion)","Emsland B","11WD7EMSL-G-BLB0","Fossil Gas","11WD7EMSL-G-BLB0","09/04/2026 04:00 - 09/04/2026 05:00","105.13",""
"09/04/2026 00:00 - 10/04/2026 00:00","CTA|DE(Amprion)","Emsland B","11WD7EMSL-G-BLB0","Fossil Gas","11WD7EMSL-G-BLB0","09/04/2026 05:00 - 09/04/2026 06:00","217.03",""
"09/04/2026 00:00 - 10/04/2026 00:00","CTA|DE(Amprion)","Emsland B","11WD7EMSL-G-BLB0","Fossil Gas","11WD7EMSL-G-BLB0","09/04/2026 06:00 - 09/04/2026 07:00","329.85",""
"09/04/2026 00:00 - 10/04/2026 00:00","CTA|DE(Amprion)","Emsland B","11WD7EMSL-G-BLB0","Fossil Gas","11WD7EMSL-G-BLB0","09/04/2026 07:00 - 09/04/2026 08:00","213.55",""
"09/04/2026 00:00 - 10/04/2026 00:00","CTA|DE(Amprion)","Emsland B","11WD7EMSL-G-BLB0","Fossil Gas","11WD7EMSL-G-BLB0","09/04/2026 08:00 - 09/04/2026 09:00","212.05",""
"09/04/2026 00:00 - 10/04/2026 00:00","CTA|DE(Amprion)","Emsland B","11WD7EMSL-G-BLB0","Fossil Gas","11WD7EMSL-G-BLB0","09/04/2026 09:00 - 09/04/2026 10:00","203.72",""
"09/04/2026 00:00 - 10/04/2026 00:00","CTA|DE(Amprion)","Emsland B","11WD7EMSL-G-BLB0","Fossil Gas","11WD7EMSL-G-BLB0","09/04/2026 10:00 - 09/04/2026 11:00","0.00",""
"09/04/2026 00:00 - 10/04/2026 00:00","CTA|DE(Amprion)","Emsland B","11WD7EMSL-G-BLB0","Fossil Gas","11WD7EMSL-G-BLB0","09/04/2026 11:00 - 09/04/2026 12:00","0.00",""
"09/04/2026 00:00 - 10/04/2026 00:00","CTA|DE(Amprion)","Emsland B","11WD7EMSL-G-BLB0","Fossil Gas","11WD7EMSL-G-BLB0","09/04/2026 12:00 - 09/04/2026 13:00","0.00",""
"09/04/2026 00:00 - 10/04/2026 00:00","CTA|DE(Amprion)","Emsland B","11WD7EMSL-G-BLB0","Fossil Gas","11WD7EMSL-G-BLB0","09/04/2026 13:00 - 09/04/2026 14:00","0.00",""
"09/04/2026 00:00 - 10/04/2026 00:00","CTA|DE(Amprion)","Emsland B","11WD7EMSL-G-BLB0","Fossil Gas","11WD7EMSL-G-BLB0","09/04/2026 14:00 - 09/04/2026 15:00","63.38",""
"09/04/2026 00:00 - 10/04/2026 00:00","CTA|DE(Amprion)","Emsland B","11WD7EMSL-G-BLB0","Fossil Gas","11WD7EMSL-G-BLB0","09/04/2026 15:00 - 09/04/2026 16:00","176.85",""
"09/04/2026 00:00 - 10/04/2026 00:00","CTA|DE(Amprion)","Emsland B","11WD7EMSL-G-BLB0","Fossil Gas","11WD7EMSL-G-BLB0","09/04/2026 16:00 - 09/04/2026 17:00","218.97",""
"09/04/2026 00:00 - 10/04/2026 00:00","CTA|DE(Amprion)","Emsland B","11WD7EMSL-G-BLB0","Fossil Gas","11WD7EMSL-G-BLB0","09/04/2026 17:00 - 09/04/2026 18:00","318.10",""
"09/04/2026 00:00 - 10/04/2026 00:00","CTA|DE(Amprion)","Emsland B","11WD7EMSL-G-BLB0","Fossil Gas","11WD7EMSL-G-BLB0","09/04/2026 18:00 - 09/04/2026 19:00","216.47",""
"09/04/2026 00:00 - 10/04/2026 00:00","CTA|DE(Amprion)","Emsland B","11WD7EMSL-G-BLB0","Fossil Gas","11WD7EMSL-G-BLB0","09/04/2026 19:00 - 09/04/2026 20:00","306.10",""
"09/04/2026 00:00 - 10/04/2026 00:00","CTA|DE(Amprion)","Emsland B","11WD7EMSL-G-BLB0","Fossil Gas","11WD7EMSL-G-BLB0","09/04/2026 20:00 - 09/04/2026 21:00","325.38",""
"09/04/2026 00:00 - 10/04/2026 00:00","CTA|DE(Amprion)","Emsland B","11WD7EMSL-G-BLB0","Fossil Gas","11WD7EMSL-G-BLB0","09/04/2026 21:00 - 09/04/2026 22:00","326.27",""
"09/04/2026 00:00 - 10/04/2026 00:00","CTA|DE(Amprion)","Emsland B","11WD7EMSL-G-BLB0","Fossil Gas","11WD7EMSL-G-BLB0","09/04/2026 22:00 - 09/04/2026 23:00","243.32",""
"09/04/2026 00:00 - 10/04/2026 00:00","CTA|DE(Amprion)","Emsland B","11WD7EMSL-G-BLB0","Fossil Gas","11WD7EMSL-G-BLB0","09/04/2026 23:00 - 10/04/2026 00:00","334.65",""
"09/04/2026 00:00 - 10/04/2026 00:00","CTA|DE(Amprion)","Emsland C","11WD7EMSL-G-BLCZ","Fossil Gas","11WD7EMSL-G-BLCZ","09/04/2026 00:00 - 09/04/2026 01:00","0.00",""
"09/04/2026 00:00 - 10/04/2026 00:00","CTA|DE(Amprion)","Emsland C","11WD7EMSL-G-BLCZ","Fossil Gas","11WD7EMSL-G-BLCZ","09/04/2026 01:00 - 09/04/2026 02:00","51.77",""
"09/04/2026 00:00 - 10/04/2026 00:00","CTA|DE(Amprion)","Emsland C","11WD7EMSL-G-BLCZ","Fossil Gas","11WD7EMSL-G-BLCZ","09/04/2026 02:00 - 09/04/2026 03:00","118.67",""
"09/04/2026 00:00 - 10/04/2026 00:00","CTA|DE(Amprion)","Emsland C","11WD7EMSL-G-BLCZ","Fossil Gas","11WD7EMSL-G-BLCZ","09/04/2026 03:00 - 09/04/2026 04:00","193.72",""
"09/04/2026 00:00 - 10/04/2026 00:00","CTA|DE(Amprion)","Emsland C","11WD7EMSL-G-BLCZ","Fossil Gas","11WD7EMSL-G-BLCZ","09/04/2026 04:00 - 09/04/2026 05:00","295.38",""
"09/04/2026 00:00 - 10/04/2026 00:00","CTA|DE(Amprion)","Emsland C","11WD7EMSL-G-BLCZ","Fossil Gas","11WD7EMSL-G-BLCZ","09/04/2026 05:00 - 09/04/2026 06:00","264.55",""
"09/04/2026 00:00 - 10/04/2026 00:00","CTA|DE(Amprion)","Emsland C","11WD7EMSL-G-BLCZ","Fossil Gas","11WD7EMSL-G-BLCZ","09/04/2026 06:00 - 09/04/2026 07:00","457.10",""
"09/04/2026 00:00 - 10/04/2026 00:00","CTA|DE(Amprion)","Emsland C","11WD7EMSL-G-BLCZ","Fossil Gas","11WD7EMSL-G-BLCZ","09/04/2026 07:00 - 09/04/2026 08:00","354.05",""
"09/04/2026 00:00 - 10/04/2026 00:00","CTA|DE(Amprion)","Emsland C","11WD7EMSL-G-BLCZ","Fossil Gas","11WD7EMSL-G-BLCZ","09/04/2026 08:00 - 09/04/2026 09:00","253.30",""
"09/04/2026 00:00 - 10/04/2026 00:00","CTA|DE(Amprion)","Emsland C","11WD7EMSL-G-BLCZ","Fossil Gas","11WD7EMSL-G-BLCZ","09/04/2026 09:00 - 09/04/2026 10:00","0.00",""
"09/04/2026 00:00 - 10/04/2026 00:00","CTA|DE(Amprion)","Emsland C","11WD7EMSL-G-BLCZ","Fossil Gas","11WD7EMSL-G-BLCZ","09/04/2026 10:00 - 09/04/2026 11:00","0.00",""
"09/04/2026 00:00 - 10/04/2026 00:00","CTA|DE(Amprion)","Emsland C","11WD7EMSL-G-BLCZ","Fossil Gas","11WD7EMSL-G-BLCZ","09/04/2026 11:00 - 09/04/2026 12:00","0.00",""
"09/04/2026 00:00 - 10/04/2026 00:00","CTA|DE(Amprion)","Emsland C","11WD7EMSL-G-BLCZ","Fossil Gas","11WD7EMSL-G-BLCZ","09/04/2026 12:00 - 09/04/2026 13:00","0.00",""
"09/04/2026 00:00 - 10/04/2026 00:00","CTA|DE(Amprion)","Emsland C","11WD7EMSL-G-BLCZ","Fossil Gas","11WD7EMSL-G-BLCZ","09/04/2026 13:00 - 09/04/2026 14:00","126.97",""
"09/04/2026 00:00 - 10/04/2026 00:00","CTA|DE(Amprion)","Emsland C","11WD7EMSL-G-BLCZ","Fossil Gas","11WD7EMSL-G-BLCZ","09/04/2026 14:00 - 09/04/2026 15:00","225.22",""
"09/04/2026 00:00 - 10/04/2026 00:00","CTA|DE(Amprion)","Emsland C","11WD7EMSL-G-BLCZ","Fossil Gas","11WD7EMSL-G-BLCZ","09/04/2026 15:00 - 09/04/2026 16:00","226.35",""
"09/04/2026 00:00 - 10/04/2026 00:00","CTA|DE(Amprion)","Emsland C","11WD7EMSL-G-BLCZ","Fossil Gas","11WD7EMSL-G-BLCZ","09/04/2026 16:00 - 09/04/2026 17:00","228.03",""
"09/04/2026 00:00 - 10/04/2026 00:00","CTA|DE(Amprion)","Emsland C","11WD7EMSL-G-BLCZ","Fossil Gas","11WD7EMSL-G-BLCZ","09/04/2026 17:00 - 09/04/2026 18:00","363.57",""
"09/04/2026 00:00 - 10/04/2026 00:00","CTA|DE(Amprion)","Emsland C","11WD7EMSL-G-BLCZ","Fossil Gas","11WD7EMSL-G-BLCZ","09/04/2026 18:00 - 09/04/2026 19:00","461.95",""
"09/04/2026 00:00 - 10/04/2026 00:00","CTA|DE(Amprion)","Emsland C","11WD7EMSL-G-BLCZ","Fossil Gas","11WD7EMSL-G-BLCZ","09/04/2026 19:00 - 09/04/2026 20:00","459.52",""
"09/04/2026 00:00 - 10/04/2026 00:00","CTA|DE(Amprion)","Emsland C","11WD7EMSL-G-BLCZ","Fossil Gas","11WD7EMSL-G-BLCZ","09/04/2026 20:00 - 09/04/2026 21:00","430.82",""
"09/04/2026 00:00 - 10/04/2026 00:00","CTA|DE(Amprion)","Emsland C","11WD7EMSL-G-BLCZ","Fossil Gas","11WD7EMSL-G-BLCZ","09/04/2026 21:00 - 09/04/2026 22:00","365.27",""
"09/04/2026 00:00 - 10/04/2026 00:00","CTA|DE(Amprion)","Emsland C","11WD7EMSL-G-BLCZ","Fossil Gas","11WD7EMSL-G-BLCZ","09/04/2026 22:00 - 09/04/2026 23:00","344.32",""
"09/04/2026 00:00 - 10/04/2026 00:00","CTA|DE(Amprion)","Emsland C","11WD7EMSL-G-BLCZ","Fossil Gas","11WD7EMSL-G-BLCZ","09/04/2026 23:00 - 10/04/2026 00:00","411.13",""
"09/04/2026 00:00 - 10/04/2026 00:00","CTA|DE(Amprion)","Emsland D","11WD7EMSL1G-GUD9","Fossil Gas","11WD7EMSL1G-GUD9","09/04/2026 00:00 - 09/04/2026 01:00","0.00",""
"09/04/2026 00:00 - 10/04/2026 00:00","CTA|DE(Amprion)","Emsland D","11WD7EMSL1G-GUD9","Fossil Gas","11WD7EMSL1G-GUD9","09/04/2026 01:00 - 09/04/2026 02:00","0.00",""
"09/04/2026 00:00 - 10/04/2026 00:00","CTA|DE(Amprion)","Emsland D","11WD7EMSL1G-GUD9","Fossil Gas","11WD7EMSL1G-GUD9","09/04/2026 02:00 - 09/04/2026 03:00","0.00",""
"09/04/2026 00:00 - 10/04/2026 00:00","CTA|DE(Amprion)","Emsland D","11WD7EMSL1G-GUD9","Fossil Gas","11WD7EMSL1G-GUD9","09/04/2026 03:00 - 09/04/2026 04:00","0.00",""
"09/04/2026 00:00 - 10/04/2026 00:00","CTA|DE(Amprion)","Emsland D","11WD7EMSL1G-GUD9","Fossil Gas","11WD7EMSL1G-GUD9","09/04/2026 04:00 - 09/04/2026 05:00","0.00",""
"09/04/2026 00:00 - 10/04/2026 00:00","CTA|DE(Amprion)","Emsland D","11WD7EMSL1G-GUD9","Fossil Gas","11WD7EMSL1G-GUD9","09/04/2026 05:00 - 09/04/2026 06:00","0.00",""
"09/04/2026 00:00 - 10/04/2026 00:00","CTA|DE(Amprion)","Emsland D","11WD7EMSL1G-GUD9","Fossil Gas","11WD7EMSL1G-GUD9","09/04/2026 06:00 - 09/04/2026 07:00","0.00",""
"09/04/2026 00:00 - 10/04/2026 00:00","CTA|DE(Amprion)","Emsland D","11WD7EMSL1G-GUD9","Fossil Gas","11WD7EMSL1G-GUD9","09/04/2026 07:00 - 09/04/2026 08:00","0.00",""
"09/04/2026 00:00 - 10/04/2026 00:00","CTA|DE(Amprion)","Emsland D","11WD7EMSL1G-GUD9","Fossil Gas","11WD7EMSL1G-GUD9","09/04/2026 08:00 - 09/04/2026 09:00","0.00",""
"09/04/2026 00:00 - 10/04/2026 00:00","CTA|DE(Amprion)","Emsland D","11WD7EMSL1G-GUD9","Fossil Gas","11WD7EMSL1G-GUD9","09/04/2026 09:00 - 09/04/2026 10:00","0.00",""
"09/04/2026 00:00 - 10/04/2026 00:00","CTA|DE(Amprion)","Emsland D","11WD7EMSL1G-GUD9","Fossil Gas","11WD7EMSL1G-GUD9","09/04/2026 10:00 - 09/04/2026 11:00","0.03",""
"09/04/2026 00:00 - 10/04/2026 00:00","CTA|DE(Amprion)","Emsland D","11WD7EMSL1G-GUD9","Fossil Gas","11WD7EMSL1G-GUD9","09/04/2026 11:00 - 09/04/2026 12:00","0.00",""
"09/04/2026 00:00 - 10/04/2026 00:00","CTA|DE(Amprion)","Emsland D","11WD7EMSL1G-GUD9","Fossil Gas","11WD7EMSL1G-GUD9","09/04/2026 12:00 - 09/04/2026 13:00","0.00",""
"09/04/2026 00:00 - 10/04/2026 00:00","CTA|DE(Amprion)","Emsland D","11WD7EMSL1G-GUD9","Fossil Gas","11WD7EMSL1G-GUD9","09/04/2026 13:00 - 09/04/2026 14:00","0.03",""
"09/04/2026 00:00 - 10/04/2026 00:00","CTA|DE(Amprion)","Emsland D","11WD7EMSL1G-GUD9","Fossil Gas","11WD7EMSL1G-GUD9","09/04/2026 14:00 - 09/04/2026 15:00","0.07",""
"09/04/2026 00:00 - 10/04/2026 00:00","CTA|DE(Amprion)","Emsland D","11WD7EMSL1G-GUD9","Fossil Gas","11WD7EMSL1G-GUD9","09/04/2026 15:00 - 09/04/2026 16:00","0.07",""
"09/04/2026 00:00 - 10/04/2026 00:00","CTA|DE(Amprion)","Emsland D","11WD7EMSL1G-GUD9","Fossil Gas","11WD7EMSL1G-GUD9","09/04/2026 16:00 - 09/04/2026 17:00","0.00",""
"09/04/2026 00:00 - 10/04/2026 00:00","CTA|DE(Amprion)","Emsland D","11WD7EMSL1G-GUD9","Fossil Gas","11WD7EMSL1G-GUD9","09/04/2026 17:00 - 09/04/2026 18:00","0.00",""
"09/04/2026 00:00 - 10/04/2026 00:00","CTA|DE(Amprion)","Emsland D","11WD7EMSL1G-GUD9","Fossil Gas","11WD7EMSL1G-GUD9","09/04/2026 18:00 - 09/04/2026 19:00","0.00",""
"09/04/2026 00:00 - 10/04/2026 00:00","CTA|DE(Amprion)","Emsland D","11WD7EMSL1G-GUD9","Fossil Gas","11WD7EMSL1G-GUD9","09/04/2026 19:00 - 09/04/2026 20:00","0.00",""
"09/04/2026 00:00 - 10/04/2026 00:00","CTA|DE(Amprion)","Emsland D","11WD7EMSL1G-GUD9","Fossil Gas","11WD7EMSL1G-GUD9","09/04/2026 20:00 - 09/04/2026 21:00","0.00",""
"09/04/2026 00:00 - 10/04/2026 00:00","CTA|DE(Amprion)","Emsland D","11WD7EMSL1G-GUD9","Fossil Gas","11WD7EMSL1G-GUD9","09/04/2026 21:00 - 09/04/2026 22:00","0.00",""
"09/04/2026 00:00 - 10/04/2026 00:00","CTA|DE(Amprion)","Emsland D","11WD7EMSL1G-GUD9","Fossil Gas","11WD7EMSL1G-GUD9","09/04/2026 22:00 - 09/04/2026 23:00","0.00",""
"09/04/2026 00:00 - 10/04/2026 00:00","CTA|DE(Amprion)","Emsland D","11WD7EMSL1G-GUD9","Fossil Gas","11WD7EMSL1G-GUD9","09/04/2026 23:00 - 10/04/2026 00:00","0.00",""
"09/04/2026 00:00 - 10/04/2026 00:00","CTA|DE(Amprion)","GuD-Anlage-HKW-Merkenich","11WD7FUEH5GMERKA","Fossil Gas","11WD7FUEH5GMERKA","09/04/2026 00:00 - 09/04/2026 01:00","0.00",""
"09/04/2026 00:00 - 10/04/2026 00:00","CTA|DE(Amprion)","GuD-Anlage-HKW-Merkenich","11WD7FUEH5GMERKA","Fossil Gas","11WD7FUEH5GMERKA","09/04/2026 01:00 - 09/04/2026 02:00","0.00",""
"09/04/2026 00:00 - 10/04/2026 00:00","CTA|DE(Amprion)","GuD-Anlage-HKW-Merkenich","11WD7FUEH5GMERKA","Fossil Gas","11WD7FUEH5GMERKA","09/04/2026 02:00 - 09/04/2026 03:00","0.00",""
"09/04/2026 00:00 - 10/04/2026 00:00","CTA|DE(Amprion)","GuD-Anlage-HKW-Merkenich","11WD7FUEH5GMERKA","Fossil Gas","11WD7FUEH5GMERKA","09/04/2026 03:00 - 09/04/2026 04:00","0.00",""
"09/04/2026 00:00 - 10/04/2026 00:00","CTA|DE(Amprion)","GuD-Anlage-HKW-Merkenich","11WD7FUEH5GMERKA","Fossil Gas","11WD7FUEH5GMERKA","09/04/2026 04:00 - 09/04/2026 05:00","0.00",""
"09/04/2026 00:00 - 10/04/2026 00:00","CTA|DE(Amprion)","GuD-Anlage-HKW-Merkenich","11WD7FUEH5GMERKA","Fossil Gas","11WD7FUEH5GMERKA","09/04/2026 05:00 - 09/04/2026 06:00","0.00",""
"09/04/2026 00:00 - 10/04/2026 00:00","CTA|DE(Amprion)","GuD-Anlage-HKW-Merkenich","11WD7FUEH5GMERKA","Fossil Gas","11WD7FUEH5GMERKA","09/04/2026 06:00 - 09/04/2026 07:00","0.00",""
"09/04/2026 00:00 - 10/04/2026 00:00","CTA|DE(Amprion)","GuD-Anlage-HKW-Merkenich","11WD7FUEH5GMERKA","Fossil Gas","11WD7FUEH5GMERKA","09/04/2026 07:00 - 09/04/2026 08:00","0.00",""
"09/04/2026 00:00 - 10/04/2026 00:00","CTA|DE(Amprion)","GuD-Anlage-HKW-Merkenich","11WD7FUEH5GMERKA","Fossil Gas","11WD7FUEH5GMERKA","09/04/2026 08:00 - 09/04/2026 09:00","0.00",""
"09/04/2026 00:00 - 10/04/2026 00:00","CTA|DE(Amprion)","GuD-Anlage-HKW-Merkenich","11WD7FUEH5GMERKA","Fossil Gas","11WD7FUEH5GMERKA","09/04/2026 09:00 - 09/04/2026 10:00","0.00",""
"09/04/2026 00:00 - 10/04/2026 00:00","CTA|DE(Amprion)","GuD-Anlage-HKW-Merkenich","11WD7FUEH5GMERKA","Fossil Gas","11WD7FUEH5GMERKA","09/04/2026 10:00 - 09/04/2026 11:00","0.00",""
"09/04/2026 00:00 - 10/04/2026 00:00","CTA|DE(Amprion)","GuD-Anlage-HKW-Merkenich","11WD7FUEH5GMERKA","Fossil Gas","11WD7FUEH5GMERKA","09/04/2026 11:00 - 09/04/2026 12:00","0.00",""
"09/04/2026 00:00 - 10/04/2026 00:00","CTA|DE(Amprion)","GuD-Anlage-HKW-Merkenich","11WD7FUEH5GMERKA","Fossil Gas","11WD7FUEH5GMERKA","09/04/2026 12:00 - 09/04/2026 13:00","0.00",""
"09/04/2026 00:00 - 10/04/2026 00:00","CTA|DE(Amprion)","GuD-Anlage-HKW-Merkenich","11WD7FUEH5GMERKA","Fossil Gas","11WD7FUEH5GMERKA","09/04/2026 13:00 - 09/04/2026 14:00","0.00",""
"09/04/2026 00:00 - 10/04/2026 00:00","CTA|DE(Amprion)","GuD-Anlage-HKW-Merkenich","11WD7FUEH5GMERKA","Fossil Gas","11WD7FUEH5GMERKA","09/04/2026 14:00 - 09/04/2026 15:00","0.00",""
"09/04/2026 00:00 - 10/04/2026 00:00","CTA|DE(Amprion)","GuD-Anlage-HKW-Merkenich","11WD7FUEH5GMERKA","Fossil Gas","11WD7FUEH5GMERKA","09/04/2026 15:00 - 09/04/2026 16:00","0.00",""
"09/04/2026 00:00 - 10/04/2026 00:00","CTA|DE(Amprion)","GuD-Anlage-HKW-Merkenich","11WD7FUEH5GMERKA","Fossil Gas","11WD7FUEH5GMERKA","09/04/2026 16:00 - 09/04/2026 17:00","0.00",""
"09/04/2026 00:00 - 10/04/2026 00:00","CTA|DE(Amprion)","GuD-Anlage-HKW-Merkenich","11WD7FUEH5GMERKA","Fossil Gas","11WD7FUEH5GMERKA","09/04/2026 17:00 - 09/04/2026 18:00","0.00",""
"09/04/2026 00:00 - 10/04/2026 00:00","CTA|DE(Amprion)","GuD-Anlage-HKW-Merkenich","11WD7FUEH5GMERKA","Fossil Gas","11WD7FUEH5GMERKA","09/04/2026 18:00 - 09/04/2026 19:00","0.00",""
"09/04/2026 00:00 - 10/04/2026 00:00","CTA|DE(Amprion)","GuD-Anlage-HKW-Merkenich","11WD7FUEH5GMERKA","Fossil Gas","11WD7FUEH5GMERKA","09/04/2026 19:00 - 09/04/2026 20:00","0.00",""
"09/04/2026 00:00 - 10/04/2026 00:00","CTA|DE(Amprion)","GuD-Anlage-HKW-Merkenich","11WD7FUEH5GMERKA","Fossil Gas","11WD7FUEH5GMERKA","09/04/2026 20:00 - 09/04/2026 21:00","0.00",""
"09/04/2026 00:00 - 10/04/2026 00:00","CTA|DE(Amprion)","GuD-Anlage-HKW-Merkenich","11WD7FUEH5GMERKA","Fossil Gas","11WD7FUEH5GMERKA","09/04/2026 21:00 - 09/04/2026 22:00","0.00",""
"09/04/2026 00:00 - 10/04/2026 00:00","CTA|DE(Amprion)","GuD-Anlage-HKW-Merkenich","11WD7FUEH5GMERKA","Fossil Gas","11WD7FUEH5GMERKA","09/04/2026 22:00 - 09/04/2026 23:00","0.00",""
"09/04/2026 00:00 - 10/04/2026 00:00","CTA|DE(Amprion)","GuD-Anlage-HKW-Merkenich","11WD7FUEH5GMERKA","Fossil Gas","11WD7FUEH5GMERKA","09/04/2026 23:00 - 10/04/2026 00:00","0.00",""
"09/04/2026 00:00 - 10/04/2026 00:00","CTA|DE(Amprion)","Gersteinwerk I","11WD7GERS-G-BLIY","Fossil Gas","11WD7GERS-G-BLIY","09/04/2026 00:00 - 09/04/2026 01:00","0.00",""
"09/04/2026 00:00 - 10/04/2026 00:00","CTA|DE(Amprion)","Gersteinwerk I","11WD7GERS-G-BLIY","Fossil Gas","11WD7GERS-G-BLIY","09/04/2026 01:00 - 09/04/2026 02:00","0.00",""
"09/04/2026 00:00 - 10/04/2026 00:00","CTA|DE(Amprion)","Gersteinwerk I","11WD7GERS-G-BLIY","Fossil Gas","11WD7GERS-G-BLIY","09/04/2026 02:00 - 09/04/2026 03:00","0.00",""
"09/04/2026 00:00 - 10/04/2026 00:00","CTA|DE(Amprion)","Gersteinwerk I","11WD7GERS-G-BLIY","Fossil Gas","11WD7GERS-G-BLIY","09/04/2026 03:00 - 09/04/2026 04:00","0.00",""
"09/04/2026 00:00 - 10/04/2026 00:00","CTA|DE(Amprion)","Gersteinwerk I","11WD7GERS-G-BLIY","Fossil Gas","11WD7GERS-G-BLIY","09/04/2026 04:00 - 09/04/2026 05:00","0.00",""
"09/04/2026 00:00 - 10/04/2026 00:00","CTA|DE(Amprion)","Gersteinwerk I","11WD7GERS-G-BLIY","Fossil Gas","11WD7GERS-G-BLIY","09/04/2026 05:00 - 09/04/2026 06:00","0.00",""
"09/04/2026 00:00 - 10/04/2026 00:00","CTA|DE(Amprion)","Gersteinwerk I","11WD7GERS-G-BLIY","Fossil Gas","11WD7GERS-G-BLIY","09/04/2026 06:00 - 09/04/2026 07:00","0.00",""
"09/04/2026 00:00 - 10/04/2026 00:00","CTA|DE(Amprion)","Gersteinwerk I","11WD7GERS-G-BLIY","Fossil Gas","11WD7GERS-G-BLIY","09/04/2026 07:00 - 09/04/2026 08:00","0.00",""
"09/04/2026 00:00 - 10/04/2026 00:00","CTA|DE(Amprion)","Gersteinwerk I","11WD7GERS-G-BLIY","Fossil Gas","11WD7GERS-G-BLIY","09/04/2026 08:00 - 09/04/2026 09:00","0.00",""
"09/04/2026 00:00 - 10/04/2026 00:00","CTA|DE(Amprion)","Gersteinwerk I","11WD7GERS-G-BLIY","Fossil Gas","11WD7GERS-G-BLIY","09/04/2026 09:00 - 09/04/2026 10:00","0.00",""
"09/04/2026 00:00 - 10/04/2026 00:00","CTA|DE(Amprion)","Gersteinwerk I","11WD7GERS-G-BLIY","Fossil Gas","11WD7GERS-G-BLIY","09/04/2026 10:00 - 09/04/2026 11:00","0.00",""
"09/04/2026 00:00 - 10/04/2026 00:00","CTA|DE(Amprion)","Gersteinwerk I","11WD7GERS-G-BLIY","Fossil Gas","11WD7GERS-G-BLIY","09/04/2026 11:00 - 09/04/2026 12:00","0.00",""
"09/04/2026 00:00 - 10/04/2026 00:00","CTA|DE(Amprion)","Gersteinwerk I","11WD7GERS-G-BLIY","Fossil Gas","11WD7GERS-G-BLIY","09/04/2026 12:00 - 09/04/2026 13:00","0.00",""
"09/04/2026 00:00 - 10/04/2026 00:00","CTA|DE(Amprion)","Gersteinwerk I","11WD7GERS-G-BLIY","Fossil Gas","11WD7GERS-G-BLIY","09/04/2026 13:00 - 09/04/2026 14:00","0.00",""
"09/04/2026 00:00 - 10/04/2026 00:00","CTA|DE(Amprion)","Gersteinwerk I","11WD7GERS-G-BLIY","Fossil Gas","11WD7GERS-G-BLIY","09/04/2026 14:00 - 09/04/2026 15:00","0.00",""
"09/04/2026 00:00 - 10/04/2026 00:00","CTA|DE(Amprion)","Gersteinwerk I","11WD7GERS-G-BLIY","Fossil Gas","11WD7GERS-G-BLIY","09/04/2026 15:00 - 09/04/2026 16:00","0.00",""
"09/04/2026 00:00 - 10/04/2026 00:00","CTA|DE(Amprion)","Gersteinwerk I","11WD7GERS-G-BLIY","Fossil Gas","11WD7GERS-G-BLIY","09/04/2026 16:00 - 09/04/2026 17:00","0.00",""
"09/04/2026 00:00 - 10/04/2026 00:00","CTA|DE(Amprion)","Gersteinwerk I","11WD7GERS-G-BLIY","Fossil Gas","11WD7GERS-G-BLIY","09/04/2026 17:00 - 09/04/2026 18:00","0.00",""
"09/04/2026 00:00 - 10/04/2026 00:00","CTA|DE(Amprion)","Gersteinwerk I","11WD7GERS-G-BLIY","Fossil Gas","11WD7GERS-G-BLIY","09/04/2026 18:00 - 09/04/2026 19:00","0.00",""
"09/04/2026 00:00 - 10/04/2026 00:00","CTA|DE(Amprion)","Gersteinwerk I","11WD7GERS-G-BLIY","Fossil Gas","11WD7GERS-G-BLIY","09/04/2026 19:00 - 09/04/2026 20:00","0.00",""
"09/04/2026 00:00 - 10/04/2026 00:00","CTA|DE(Amprion)","Gersteinwerk I","11WD7GERS-G-BLIY","Fossil Gas","11WD7GERS-G-BLIY","09/04/2026 20:00 - 09/04/2026 21:00","0.00",""
"09/04/2026 00:00 - 10/04/2026 00:00","CTA|DE(Amprion)","Gersteinwerk I","11WD7GERS-G-BLIY","Fossil Gas","11WD7GERS-G-BLIY","09/04/2026 21:00 - 09/04/2026 22:00","0.00",""
"09/04/2026 00:00 - 10/04/2026 00:00","CTA|DE(Amprion)","Gersteinwerk I","11WD7GERS-G-BLIY","Fossil Gas","11WD7GERS-G-BLIY","09/04/2026 22:00 - 09/04/2026 23:00","0.00",""
"09/04/2026 00:00 - 10/04/2026 00:00","CTA|DE(Amprion)","Gersteinwerk I","11WD7GERS-G-BLIY","Fossil Gas","11WD7GERS-G-BLIY","09/04/2026 23:00 - 10/04/2026 00:00","0.00",""
"09/04/2026 00:00 - 10/04/2026 00:00","CTA|DE(Amprion)","HERDECKE_H6","11WD7HERD2G-H6-X","Fossil Gas","11WD7HERD2G-H6-X","09/04/2026 00:00 - 09/04/2026 01:00","0.00",""
"09/04/2026 00:00 - 10/04/2026 00:00","CTA|DE(Amprion)","HERDECKE_H6","11WD7HERD2G-H6-X","Fossil Gas","11WD7HERD2G-H6-X","09/04/2026 01:00 - 09/04/2026 02:00","0.00",""
"09/04/2026 00:00 - 10/04/2026 00:00","CTA|DE(Amprion)","HERDECKE_H6","11WD7HERD2G-H6-X","Fossil Gas","11WD7HERD2G-H6-X","09/04/2026 02:00 - 09/04/2026 03:00","0.00",""
"09/04/2026 00:00 - 10/04/2026 00:00","CTA|DE(Amprion)","HERDECKE_H6","11WD7HERD2G-H6-X","Fossil Gas","11WD7HERD2G-H6-X","09/04/2026 03:00 - 09/04/2026 04:00","0.00",""
"09/04/2026 00:00 - 10/04/2026 00:00","CTA|DE(Amprion)","HERDECKE_H6","11WD7HERD2G-H6-X","Fossil Gas","11WD7HERD2G-H6-X","09/04/2026 04:00 - 09/04/2026 05:00","0.00",""
"09/04/2026 00:00 - 10/04/2026 00:00","CTA|DE(Amprion)","HERDECKE_H6","11WD7HERD2G-H6-X","Fossil Gas","11WD7HERD2G-H6-X","09/04/2026 05:00 - 09/04/2026 06:00","0.00",""
"09/04/2026 00:00 - 10/04/2026 00:00","CTA|DE(Amprion)","HERDECKE_H6","11WD7HERD2G-H6-X","Fossil Gas","11WD7HERD2G-H6-X","09/04/2026 06:00 - 09/04/2026 07:00","0.00",""
"09/04/2026 00:00 - 10/04/2026 00:00","CTA|DE(Amprion)","HERDECKE_H6","11WD7HERD2G-H6-X","Fossil Gas","11WD7HERD2G-H6-X","09/04/2026 07:00 - 09/04/2026 08:00","0.00",""
"09/04/2026 00:00 - 10/04/2026 00:00","CTA|DE(Amprion)","HERDECKE_H6","11WD7HERD2G-H6-X","Fossil Gas","11WD7HERD2G-H6-X","09/04/2026 08:00 - 09/04/2026 09:00","0.00",""
"09/04/2026 00:00 - 10/04/2026 00:00","CTA|DE(Amprion)","HERDECKE_H6","11WD7HERD2G-H6-X","Fossil Gas","11WD7HERD2G-H6-X","09/04/2026 09:00 - 09/04/2026 10:00","0.00",""
"09/04/2026 00:00 - 10/04/2026 00:00","CTA|DE(Amprion)","HERDECKE_H6","11WD7HERD2G-H6-X","Fossil Gas","11WD7HERD2G-H6-X","09/04/2026 10:00 - 09/04/2026 11:00","0.00",""
"09/04/2026 00:00 - 10/04/2026 00:00","CTA|DE(Amprion)","HERDECKE_H6","11WD7HERD2G-H6-X","Fossil Gas","11WD7HERD2G-H6-X","09/04/2026 11:00 - 09/04/2026 12:00","0.00",""
"09/04/2026 00:00 - 10/04/2026 00:00","CTA|DE(Amprion)","HERDECKE_H6","11WD7HERD2G-H6-X","Fossil Gas","11WD7HERD2G-H6-X","09/04/2026 12:00 - 09/04/2026 13:00","0.00",""
"09/04/2026 00:00 - 10/04/2026 00:00","CTA|DE(Amprion)","HERDECKE_H6","11WD7HERD2G-H6-X","Fossil Gas","11WD7HERD2G-H6-X","09/04/2026 13:00 - 09/04/2026 14:00","0.00",""
"09/04/2026 00:00 - 10/04/2026 00:00","CTA|DE(Amprion)","HERDECKE_H6","11WD7HERD2G-H6-X","Fossil Gas","11WD7HERD2G-H6-X","09/04/2026 14:00 - 09/04/2026 15:00","0.00",""
"09/04/2026 00:00 - 10/04/2026 00:00","CTA|DE(Amprion)","HERDECKE_H6","11WD7HERD2G-H6-X","Fossil Gas","11WD7HERD2G-H6-X","09/04/2026 15:00 - 09/04/2026 16:00","0.00",""
"09/04/2026 00:00 - 10/04/2026 00:00","CTA|DE(Amprion)","HERDECKE_H6","11WD7HERD2G-H6-X","Fossil Gas","11WD7HERD2G-H6-X","09/04/2026 16:00 - 09/04/2026 17:00","0.00",""
"09/04/2026 00:00 - 10/04/2026 00:00","CTA|DE(Amprion)","HERDECKE_H6","11WD7HERD2G-H6-X","Fossil Gas","11WD7HERD2G-H6-X","09/04/2026 17:00 - 09/04/2026 18:00","0.00",""
"09/04/2026 00:00 - 10/04/2026 00:00","CTA|DE(Amprion)","HERDECKE_H6","11WD7HERD2G-H6-X","Fossil Gas","11WD7HERD2G-H6-X","09/04/2026 18:00 - 09/04/2026 19:00","0.00",""
"09/04/2026 00:00 - 10/04/2026 00:00","CTA|DE(Amprion)","HERDECKE_H6","11WD7HERD2G-H6-X","Fossil Gas","11WD7HERD2G-H6-X","09/04/2026 19:00 - 09/04/2026 20:00","0.00",""
"09/04/2026 00:00 - 10/04/2026 00:00","CTA|DE(Amprion)","HERDECKE_H6","11WD7HERD2G-H6-X","Fossil Gas","11WD7HERD2G-H6-X","09/04/2026 20:00 - 09/04/2026 21:00","0.00",""
"09/04/2026 00:00 - 10/04/2026 00:00","CTA|DE(Amprion)","HERDECKE_H6","11WD7HERD2G-H6-X","Fossil Gas","11WD7HERD2G-H6-X","09/04/2026 21:00 - 09/04/2026 22:00","0.00",""
"09/04/2026 00:00 - 10/04/2026 00:00","CTA|DE(Amprion)","HERDECKE_H6","11WD7HERD2G-H6-X","Fossil Gas","11WD7HERD2G-H6-X","09/04/2026 22:00 - 09/04/2026 23:00","0.00",""
"09/04/2026 00:00 - 10/04/2026 00:00","CTA|DE(Amprion)","HERDECKE_H6","11WD7HERD2G-H6-X","Fossil Gas","11WD7HERD2G-H6-X","09/04/2026 23:00 - 10/04/2026 00:00","0.00",""
"09/04/2026 00:00 - 10/04/2026 00:00","CTA|DE(Amprion)","HERNE_4","11WD7HERN2S--4-X","Fossil Hard coal","11WD7HERN2S--4-X","09/04/2026 00:00 - 09/04/2026 00:15","0.21",""
"09/04/2026 00:00 - 10/04/2026 00:00","CTA|DE(Amprion)","HERNE_4","11WD7HERN2S--4-X","Fossil Hard coal","11WD7HERN2S--4-X","09/04/2026 00:15 - 09/04/2026 00:30","0.00",""
"09/04/2026 00:00 - 10/04/2026 00:00","CTA|DE(Amprion)","HERNE_4","11WD7HERN2S--4-X","Fossil Hard coal","11WD7HERN2S--4-X","09/04/2026 00:30 - 09/04/2026 00:45","0.00",""
"09/04/2026 00:00 - 10/04/2026 00:00","CTA|DE(Amprion)","HERNE_4","11WD7HERN2S--4-X","Fossil Hard coal","11WD7HERN2S--4-X","09/04/2026 00:45 - 09/04/2026 01:00","0.00",""
"09/04/2026 00:00 - 10/04/2026 00:00","CTA|DE(Amprion)","HERNE_4","11WD7HERN2S--4-X","Fossil Hard coal","11WD7HERN2S--4-X","09/04/2026 01:00 - 09/04/2026 01:15","0.11",""
"09/04/2026 00:00 - 10/04/2026 00:00","CTA|DE(Amprion)","HERNE_4","11WD7HERN2S--4-X","Fossil Hard coal","11WD7HERN2S--4-X","09/04/2026 01:15 - 09/04/2026 01:30","0.00",""
"09/04/2026 00:00 - 10/04/2026 00:00","CTA|DE(Amprion)","HERNE_4","11WD7HERN2S--4-X","Fossil Hard coal","11WD7HERN2S--4-X","09/04/2026 01:30 - 09/04/2026 01:45","0.00",""
"09/04/2026 00:00 - 10/04/2026 00:00","CTA|DE(Amprion)","HERNE_4","11WD7HERN2S--4-X","Fossil Hard coal","11WD7HERN2S--4-X","09/04/2026 01:45 - 09/04/2026 02:00","0.00",""
"09/04/2026 00:00 - 10/04/2026 00:00","CTA|DE(Amprion)","HERNE_4","11WD7HERN2S--4-X","Fossil Hard coal","11WD7HERN2S--4-X","09/04/2026 02:00 - 09/04/2026 02:15","0.11",""
"09/04/2026 00:00 - 10/04/2026 00:00","CTA|DE(Amprion)","HERNE_4","11WD7HERN2S--4-X","Fossil Hard coal","11WD7HERN2S--4-X","09/04/2026 02:15 - 09/04/2026 02:30","0.00",""
"09/04/2026 00:00 - 10/04/2026 00:00","CTA|DE(Amprion)","HERNE_4","11WD7HERN2S--4-X","Fossil Hard coal","11WD7HERN2S--4-X","09/04/2026 02:30 - 09/04/2026 02:45","0.00",""
"09/04/2026 00:00 - 10/04/2026 00:00","CTA|DE(Amprion)","HERNE_4","11WD7HERN2S--4-X","Fossil Hard coal","11WD7HERN2S--4-X","09/04/2026 02:45 - 09/04/2026 03:00","0.00",""
"09/04/2026 00:00 - 10/04/2026 00:00","CTA|DE(Amprion)","HERNE_4","11WD7HERN2S--4-X","Fossil Hard coal","11WD7HERN2S--4-X","09/04/2026 03:00 - 09/04/2026 03:15","0.00",""
"09/04/2026 00:00 - 10/04/2026 00:00","CTA|DE(Amprion)","HERNE_4","11WD7HERN2S--4-X","Fossil Hard coal","11WD7HERN2S--4-X","09/04/2026 03:15 - 09/04/2026 03:30","0.00",""
"09/04/2026 00:00 - 10/04/2026 00:00","CTA|DE(Amprion)","HERNE_4","11WD7HERN2S--4-X","Fossil Hard coal","11WD7HERN2S--4-X","09/04/2026 03:30 - 09/04/2026 03:45","0.00",""
"09/04/2026 00:00 - 10/04/2026 00:00","CTA|DE(Amprion)","HERNE_4","11WD7HERN2S--4-X","Fossil Hard coal","11WD7HERN2S--4-X","09/04/2026 03:45 - 09/04/2026 04:00","0.00",""
"09/04/2026 00:00 - 10/04/2026 00:00","CTA|DE(Amprion)","HERNE_4","11WD7HERN2S--4-X","Fossil Hard coal","11WD7HERN2S--4-X","09/04/2026 04:00 - 09/04/2026 04:15","0.00",""
"09/04/2026 00:00 - 10/04/2026 00:00","CTA|DE(Amprion)","HERNE_4","11WD7HERN2S--4-X","Fossil Hard coal","11WD7HERN2S--4-X","09/04/2026 04:15 - 09/04/2026 04:30","0.00",""
"09/04/2026 00:00 - 10/04/2026 00:00","CTA|DE(Amprion)","HERNE_4","11WD7HERN2S--4-X","Fossil Hard coal","11WD7HERN2S--4-X","09/04/2026 04:30 - 09/04/2026 04:45","0.00",""
"09/04/2026 00:00 - 10/04/2026 00:00","CTA|DE(Amprion)","HERNE_4","11WD7HERN2S--4-X","Fossil Hard coal","11WD7HERN2S--4-X","09/04/2026 04:45 - 09/04/2026 05:00","0.00",""
"09/04/2026 00:00 - 10/04/2026 00:00","CTA|DE(Amprion)","HERNE_4","11WD7HERN2S--4-X","Fossil Hard coal","11WD7HERN2S--4-X","09/04/2026 05:00 - 09/04/2026 05:15","0.00",""
"09/04/2026 00:00 - 10/04/2026 00:00","CTA|DE(Amprion)","HERNE_4","11WD7HERN2S--4-X","Fossil Hard coal","11WD7HERN2S--4-X","09/04/2026 05:15 - 09/04/2026 05:30","0.00",""
"09/04/2026 00:00 - 10/04/2026 00:00","CTA|DE(Amprion)","HERNE_4","11WD7HERN2S--4-X","Fossil Hard coal","11WD7HERN2S--4-X","09/04/2026 05:30 - 09/04/2026 05:45","0.00",""
"09/04/2026 00:00 - 10/04/2026 00:00","CTA|DE(Amprion)","HERNE_4","11WD7HERN2S--4-X","Fossil Hard coal","11WD7HERN2S--4-X","09/04/2026 05:45 - 09/04/2026 06:00","0.00",""
"09/04/2026 00:00 - 10/04/2026 00:00","CTA|DE(Amprion)","HERNE_4","11WD7HERN2S--4-X","Fossil Hard coal","11WD7HERN2S--4-X","09/04/2026 06:00 - 09/04/2026 06:15","0.11",""
"09/04/2026 00:00 - 10/04/2026 00:00","CTA|DE(Amprion)","HERNE_4","11WD7HERN2S--4-X","Fossil Hard coal","11WD7HERN2S--4-X","09/04/2026 06:15 - 09/04/2026 06:30","0.00",""
"09/04/2026 00:00 - 10/04/2026 00:00","CTA|DE(Amprion)","HERNE_4","11WD7HERN2S--4-X","Fossil Hard coal","11WD7HERN2S--4-X","09/04/2026 06:30 - 09/04/2026 06:45","0.00",""
"09/04/2026 00:00 - 10/04/2026 00:00","CTA|DE(Amprion)","HERNE_4","11WD7HERN2S--4-X","Fossil Hard coal","11WD7HERN2S--4-X","09/04/2026 06:45 - 09/04/2026 07:00","0.00",""
"09/04/2026 00:00 - 10/04/2026 00:00","CTA|DE(Amprion)","HERNE_4","11WD7HERN2S--4-X","Fossil Hard coal","11WD7HERN2S--4-X","09/04/2026 07:00 - 09/04/2026 07:15","0.11",""
"09/04/2026 00:00 - 10/04/2026 00:00","CTA|DE(Amprion)","HERNE_4","11WD7HERN2S--4-X","Fossil Hard coal","11WD7HERN2S--4-X","09/04/2026 07:15 - 09/04/2026 07:30","0.00",""
"09/04/2026 00:00 - 10/04/2026 00:00","CTA|DE(Amprion)","HERNE_4","11WD7HERN2S--4-X","Fossil Hard coal","11WD7HERN2S--4-X","09/04/2026 07:30 - 09/04/2026 07:45","0.00",""
"09/04/2026 00:00 - 10/04/2026 00:00","CTA|DE(Amprion)","HERNE_4","11WD7HERN2S--4-X","Fossil Hard coal","11WD7HERN2S--4-X","09/04/2026 07:45 - 09/04/2026 08:00","0.00",""
"09/04/2026 00:00 - 10/04/2026 00:00","CTA|DE(Amprion)","HERNE_4","11WD7HERN2S--4-X","Fossil Hard coal","11WD7HERN2S--4-X","09/04/2026 08:00 - 09/04/2026 08:15","0.32",""
"09/04/2026 00:00 - 10/04/2026 00:00","CTA|DE(Amprion)","HERNE_4","11WD7HERN2S--4-X","Fossil Hard coal","11WD7HERN2S--4-X","09/04/2026 08:15 - 09/04/2026 08:30","0.11",""
"09/04/2026 00:00 - 10/04/2026 00:00","CTA|DE(Amprion)","HERNE_4","11WD7HERN2S--4-X","Fossil Hard coal","11WD7HERN2S--4-X","09/04/2026 08:30 - 09/04/2026 08:45","0.00",""
"09/04/2026 00:00 - 10/04/2026 00:00","CTA|DE(Amprion)","HERNE_4","11WD7HERN2S--4-X","Fossil Hard coal","11WD7HERN2S--4-X","09/04/2026 08:45 - 09/04/2026 09:00","0.00",""
"09/04/2026 00:00 - 10/04/2026 00:00","CTA|DE(Amprion)","HERNE_4","11WD7HERN2S--4-X","Fossil Hard coal","11WD7HERN2S--4-X","09/04/2026 09:00 - 09/04/2026 09:15","0.53",""
"09/04/2026 00:00 - 10/04/2026 00:00","CTA|DE(Amprion)","HERNE_4","11WD7HERN2S--4-X","Fossil Hard coal","11WD7HERN2S--4-X","09/04/2026 09:15 - 09/04/2026 09:30","0.11",""
"09/04/2026 00:00 - 10/04/2026 00:00","CTA|DE(Amprion)","HERNE_4","11WD7HERN2S--4-X","Fossil Hard coal","11WD7HERN2S--4-X","09/04/2026 09:30 - 09/04/2026 09:45","0.21",""
"09/04/2026 00:00 - 10/04/2026 00:00","CTA|DE(Amprion)","HERNE_4","11WD7HERN2S--4-X","Fossil Hard coal","11WD7HERN2S--4-X","09/04/2026 09:45 - 09/04/2026 10:00","0.21",""
"09/04/2026 00:00 - 10/04/2026 00:00","CTA|DE(Amprion)","HERNE_4","11WD7HERN2S--4-X","Fossil Hard coal","11WD7HERN2S--4-X","09/04/2026 10:00 - 09/04/2026 10:15","0.74",""
"09/04/2026 00:00 - 10/04/2026 00:00","CTA|DE(Amprion)","HERNE_4","11WD7HERN2S--4-X","Fossil Hard coal","11WD7HERN2S--4-X","09/04/2026 10:15 - 09/04/2026 10:30","0.11",""
"09/04/2026 00:00 - 10/04/2026 00:00","CTA|DE(Amprion)","HERNE_4","11WD7HERN2S--4-X","Fossil Hard coal","11WD7HERN2S--4-X","09/04/2026 10:30 - 09/04/2026 10:45","0.00",""
"09/04/2026 00:00 - 10/04/2026 00:00","CTA|DE(Amprion)","HERNE_4","11WD7HERN2S--4-X","Fossil Hard coal","11WD7HERN2S--4-X","09/04/2026 10:45 - 09/04/2026 11:00","0.11",""
"09/04/2026 00:00 - 10/04/2026 00:00","CTA|DE(Amprion)","HERNE_4","11WD7HERN2S--4-X","Fossil Hard coal","11WD7HERN2S--4-X","09/04/2026 11:00 - 09/04/2026 11:15","0.11",""
"09/04/2026 00:00 - 10/04/2026 00:00","CTA|DE(Amprion)","HERNE_4","11WD7HERN2S--4-X","Fossil Hard coal","11WD7HERN2S--4-X","09/04/2026 11:15 - 09/04/2026 11:30","0.11",""
"09/04/2026 00:00 - 10/04/2026 00:00","CTA|DE(Amprion)","HERNE_4","11WD7HERN2S--4-X","Fossil Hard coal","11WD7HERN2S--4-X","09/04/2026 11:30 - 09/04/2026 11:45","0.11",""
"09/04/2026 00:00 - 10/04/2026 00:00","CTA|DE(Amprion)","HERNE_4","11WD7HERN2S--4-X","Fossil Hard coal","11WD7HERN2S--4-X","09/04/2026 11:45 - 09/04/2026 12:00","0.11",""
"09/04/2026 00:00 - 10/04/2026 00:00","CTA|DE(Amprion)","HERNE_4","11WD7HERN2S--4-X","Fossil Hard coal","11WD7HERN2S--4-X","09/04/2026 12:00 - 09/04/2026 12:15","0.42",""
"09/04/2026 00:00 - 10/04/2026 00:00","CTA|DE(Amprion)","HERNE_4","11WD7HERN2S--4-X","Fossil Hard coal","11WD7HERN2S--4-X","09/04/2026 12:15 - 09/04/2026 12:30","0.11",""
"09/04/2026 00:00 - 10/04/2026 00:00","CTA|DE(Amprion)","HERNE_4","11WD7HERN2S--4-X","Fossil Hard coal","11WD7HERN2S--4-X","09/04/2026 12:30 - 09/04/2026 12:45","0.00",""
"09/04/2026 00:00 - 10/04/2026 00:00","CTA|DE(Amprion)","HERNE_4","11WD7HERN2S--4-X","Fossil Hard coal","11WD7HERN2S--4-X","09/04/2026 12:45 - 09/04/2026 13:00","0.32",""
"09/04/2026 00:00 - 10/04/2026 00:00","CTA|DE(Amprion)","HERNE_4","11WD7HERN2S--4-X","Fossil Hard coal","11WD7HERN2S--4-X","09/04/2026 13:00 - 09/04/2026 13:15","0.00",""
"09/04/2026 00:00 - 10/04/2026 00:00","CTA|DE(Amprion)","HERNE_4","11WD7HERN2S--4-X","Fossil Hard coal","11WD7HERN2S--4-X","09/04/2026 13:15 - 09/04/2026 13:30","0.21",""
"09/04/2026 00:00 - 10/04/2026 00:00","CTA|DE(Amprion)","HERNE_4","11WD7HERN2S--4-X","Fossil Hard coal","11WD7HERN2S--4-X","09/04/2026 13:30 - 09/04/2026 13:45","0.00",""
"09/04/2026 00:00 - 10/04/2026 00:00","CTA|DE(Amprion)","HERNE_4","11WD7HERN2S--4-X","Fossil Hard coal","11WD7HERN2S--4-X","09/04/2026 13:45 - 09/04/2026 14:00","0.00",""
"09/04/2026 00:00 - 10/04/2026 00:00","CTA|DE(Amprion)","HERNE_4","11WD7HERN2S--4-X","Fossil Hard coal","11WD7HERN2S--4-X","09/04/2026 14:00 - 09/04/2026 14:15","0.11",""
"09/04/2026 00:00 - 10/04/2026 00:00","CTA|DE(Amprion)","HERNE_4","11WD7HERN2S--4-X","Fossil Hard coal","11WD7HERN2S--4-X","09/04/2026 14:15 - 09/04/2026 14:30","0.00",""
"09/04/2026 00:00 - 10/04/2026 00:00","CTA|DE(Amprion)","HERNE_4","11WD7HERN2S--4-X","Fossil Hard coal","11WD7HERN2S--4-X","09/04/2026 14:30 - 09/04/2026 14:45","0.00",""
"09/04/2026 00:00 - 10/04/2026 00:00","CTA|DE(Amprion)","HERNE_4","11WD7HERN2S--4-X","Fossil Hard coal","11WD7HERN2S--4-X","09/04/2026 14:45 - 09/04/2026 15:00","0.00",""
"09/04/2026 00:00 - 10/04/2026 00:00","CTA|DE(Amprion)","HERNE_4","11WD7HERN2S--4-X","Fossil Hard coal","11WD7HERN2S--4-X","09/04/2026 15:00 - 09/04/2026 15:15","0.00",""
"09/04/2026 00:00 - 10/04/2026 00:00","CTA|DE(Amprion)","HERNE_4","11WD7HERN2S--4-X","Fossil Hard coal","11WD7HERN2S--4-X","09/04/2026 15:15 - 09/04/2026 15:30","0.11",""
"09/04/2026 00:00 - 10/04/2026 00:00","CTA|DE(Amprion)","HERNE_4","11WD7HERN2S--4-X","Fossil Hard coal","11WD7HERN2S--4-X","09/04/2026 15:30 - 09/04/2026 15:45","0.21",""
"09/04/2026 00:00 - 10/04/2026 00:00","CTA|DE(Amprion)","HERNE_4","11WD7HERN2S--4-X","Fossil Hard coal","11WD7HERN2S--4-X","09/04/2026 15:45 - 09/04/2026 16:00","0.00",""
"09/04/2026 00:00 - 10/04/2026 00:00","CTA|DE(Amprion)","HERNE_4","11WD7HERN2S--4-X","Fossil Hard coal","11WD7HERN2S--4-X","09/04/2026 16:00 - 09/04/2026 16:15","0.00",""
"09/04/2026 00:00 - 10/04/2026 00:00","CTA|DE(Amprion)","HERNE_4","11WD7HERN2S--4-X","Fossil Hard coal","11WD7HERN2S--4-X","09/04/2026 16:15 - 09/04/2026 16:30","0.21",""
"09/04/2026 00:00 - 10/04/2026 00:00","CTA|DE(Amprion)","HERNE_4","11WD7HERN2S--4-X","Fossil Hard coal","11WD7HERN2S--4-X","09/04/2026 16:30 - 09/04/2026 16:45","0.42",""
"09/04/2026 00:00 - 10/04/2026 00:00","CTA|DE(Amprion)","HERNE_4","11WD7HERN2S--4-X","Fossil Hard coal","11WD7HERN2S--4-X","09/04/2026 16:45 - 09/04/2026 17:00","0.00",""
"09/04/2026 00:00 - 10/04/2026 00:00","CTA|DE(Amprion)","HERNE_4","11WD7HERN2S--4-X","Fossil Hard coal","11WD7HERN2S--4-X","09/04/2026 17:00 - 09/04/2026 17:15","0.00",""
"09/04/2026 00:00 - 10/04/2026 00:00","CTA|DE(Amprion)","HERNE_4","11WD7HERN2S--4-X","Fossil Hard coal","11WD7HERN2S--4-X","09/04/2026 17:15 - 09/04/2026 17:30","0.11",""
"09/04/2026 00:00 - 10/04/2026 00:00","CTA|DE(Amprion)","HERNE_4","11WD7HERN2S--4-X","Fossil Hard coal","11WD7HERN2S--4-X","09/04/2026 17:30 - 09/04/2026 17:45","0.00",""
"09/04/2026 00:00 - 10/04/2026 00:00","CTA|DE(Amprion)","HERNE_4","11WD7HERN2S--4-X","Fossil Hard coal","11WD7HERN2S--4-X","09/04/2026 17:45 - 09/04/2026 18:00","0.00",""
"09/04/2026 00:00 - 10/04/2026 00:00","CTA|DE(Amprion)","HERNE_4","11WD7HERN2S--4-X","Fossil Hard coal","11WD7HERN2S--4-X","09/04/2026 18:00 - 09/04/2026 18:15","0.11",""
"09/04/2026 00:00 - 10/04/2026 00:00","CTA|DE(Amprion)","HERNE_4","11WD7HERN2S--4-X","Fossil Hard coal","11WD7HERN2S--4-X","09/04/2026 18:15 - 09/04/2026 18:30","0.84",""
"09/04/2026 00:00 - 10/04/2026 00:00","CTA|DE(Amprion)","HERNE_4","11WD7HERN2S--4-X","Fossil Hard coal","11WD7HERN2S--4-X","09/04/2026 18:30 - 09/04/2026 18:45","0.63",""
"09/04/2026 00:00 - 10/04/2026 00:00","CTA|DE(Amprion)","HERNE_4","11WD7HERN2S--4-X","Fossil Hard coal","11WD7HERN2S--4-X","09/04/2026 18:45 - 09/04/2026 19:00","0.00",""
"09/04/2026 00:00 - 10/04/2026 00:00","CTA|DE(Amprion)","HERNE_4","11WD7HERN2S--4-X","Fossil Hard coal","11WD7HERN2S--4-X","09/04/2026 19:00 - 09/04/2026 19:15","0.00",""
"09/04/2026 00:00 - 10/04/2026 00:00","CTA|DE(Amprion)","HERNE_4","11WD7HERN2S--4-X","Fossil Hard coal","11WD7HERN2S--4-X","09/04/2026 19:15 - 09/04/2026 19:30","0.00",""
"09/04/2026 00:00 - 10/04/2026 00:00","CTA|DE(Amprion)","HERNE_4","11WD7HERN2S--4-X","Fossil Hard coal","11WD7HERN2S--4-X","09/04/2026 19:30 - 09/04/2026 19:45","0.00",""
"09/04/2026 00:00 - 10/04/2026 00:00","CTA|DE(Amprion)","HERNE_4","11WD7HERN2S--4-X","Fossil Hard coal","11WD7HERN2S--4-X","09/04/2026 19:45 - 09/04/2026 20:00","0.00",""
"09/04/2026 00:00 - 10/04/2026 00:00","CTA|DE(Amprion)","HERNE_4","11WD7HERN2S--4-X","Fossil Hard coal","11WD7HERN2S--4-X","09/04/2026 20:00 - 09/04/2026 20:15","0.11",""
"09/04/2026 00:00 - 10/04/2026 00:00","CTA|DE(Amprion)","HERNE_4","11WD7HERN2S--4-X","Fossil Hard coal","11WD7HERN2S--4-X","09/04/2026 20:15 - 09/04/2026 20:30","0.00",""
"09/04/2026 00:00 - 10/04/2026 00:00","CTA|DE(Amprion)","HERNE_4","11WD7HERN2S--4-X","Fossil Hard coal","11WD7HERN2S--4-X","09/04/2026 20:30 - 09/04/2026 20:45","0.00",""
"09/04/2026 00:00 - 10/04/2026 00:00","CTA|DE(Amprion)","HERNE_4","11WD7HERN2S--4-X","Fossil Hard coal","11WD7HERN2S--4-X","09/04/2026 20:45 - 09/04/2026 21:00","0.11",""
"09/04/2026 00:00 - 10/04/2026 00:00","CTA|DE(Amprion)","HERNE_4","11WD7HERN2S--4-X","Fossil Hard coal","11WD7HERN2S--4-X","09/04/2026 21:00 - 09/04/2026 21:15","0.00",""
"09/04/2026 00:00 - 10/04/2026 00:00","CTA|DE(Amprion)","HERNE_4","11WD7HERN2S--4-X","Fossil Hard coal","11WD7HERN2S--4-X","09/04/2026 21:15 - 09/04/2026 21:30","0.00",""
"09/04/2026 00:00 - 10/04/2026 00:00","CTA|DE(Amprion)","HERNE_4","11WD7HERN2S--4-X","Fossil Hard coal","11WD7HERN2S--4-X","09/04/2026 21:30 - 09/04/2026 21:45","0.00",""
"09/04/2026 00:00 - 10/04/2026 00:00","CTA|DE(Amprion)","HERNE_4","11WD7HERN2S--4-X","Fossil Hard coal","11WD7HERN2S--4-X","09/04/2026 21:45 - 09/04/2026 22:00","0.11",""
"09/04/2026 00:00 - 10/04/2026 00:00","CTA|DE(Amprion)","HERNE_4","11WD7HERN2S--4-X","Fossil Hard coal","11WD7HERN2S--4-X","09/04/2026 22:00 - 09/04/2026 22:15","0.63",""
"09/04/2026 00:00 - 10/04/2026 00:00","CTA|DE(Amprion)","HERNE_4","11WD7HERN2S--4-X","Fossil Hard coal","11WD7HERN2S--4-X","09/04/2026 22:15 - 09/04/2026 22:30","0.00",""
"09/04/2026 00:00 - 10/04/2026 00:00","CTA|DE(Amprion)","HERNE_4","11WD7HERN2S--4-X","Fossil Hard coal","11WD7HERN2S--4-X","09/04/2026 22:30 - 09/04/2026 22:45","0.00",""
"09/04/2026 00:00 - 10/04/2026 00:00","CTA|DE(Amprion)","HERNE_4","11WD7HERN2S--4-X","Fossil Hard coal","11WD7HERN2S--4-X","09/04/2026 22:45 - 09/04/2026 23:00","0.00",""
"09/04/2026 00:00 - 10/04/2026 00:00","CTA|DE(Amprion)","HERNE_4","11WD7HERN2S--4-X","Fossil Hard coal","11WD7HERN2S--4-X","09/04/2026 23:00 - 09/04/2026 23:15","0.53",""
"09/04/2026 00:00 - 10/04/2026 00:00","CTA|DE(Amprion)","HERNE_4","11WD7HERN2S--4-X","Fossil Hard coal","11WD7HERN2S--4-X","09/04/2026 23:15 - 09/04/2026 23:30","0.00",""
"09/04/2026 00:00 - 10/04/2026 00:00","CTA|DE(Amprion)","HERNE_4","11WD7HERN2S--4-X","Fossil Hard coal","11WD7HERN2S--4-X","09/04/2026 23:30 - 09/04/2026 23:45","0.00",""
"09/04/2026 00:00 - 10/04/2026 00:00","CTA|DE(Amprion)","HERNE_4","11WD7HERN2S--4-X","Fossil Hard coal","11WD7HERN2S--4-X","09/04/2026 23:45 - 10/04/2026 00:00","0.00",""
"09/04/2026 00:00 - 10/04/2026 00:00","CTA|DE(Amprion)","Huckingen A","11WD7HUCK2G--A-C","Fossil Coal-derived gas","11WD7HUCK2G--A-C","09/04/2026 00:00 - 09/04/2026 01:00","0.00",""
"09/04/2026 00:00 - 10/04/2026 00:00","CTA|DE(Amprion)","Huckingen A","11WD7HUCK2G--A-C","Fossil Coal-derived gas","11WD7HUCK2G--A-C","09/04/2026 01:00 - 09/04/2026 02:00","0.00",""
"09/04/2026 00:00 - 10/04/2026 00:00","CTA|DE(Amprion)","Huckingen A","11WD7HUCK2G--A-C","Fossil Coal-derived gas","11WD7HUCK2G--A-C","09/04/2026 02:00 - 09/04/2026 03:00","0.00",""
"09/04/2026 00:00 - 10/04/2026 00:00","CTA|DE(Amprion)","Huckingen A","11WD7HUCK2G--A-C","Fossil Coal-derived gas","11WD7HUCK2G--A-C","09/04/2026 03:00 - 09/04/2026 04:00","0.00",""
"09/04/2026 00:00 - 10/04/2026 00:00","CTA|DE(Amprion)","Huckingen A","11WD7HUCK2G--A-C","Fossil Coal-derived gas","11WD7HUCK2G--A-C","09/04/2026 04:00 - 09/04/2026 05:00","0.00",""
"09/04/2026 00:00 - 10/04/2026 00:00","CTA|DE(Amprion)","Huckingen A","11WD7HUCK2G--A-C","Fossil Coal-derived gas","11WD7HUCK2G--A-C","09/04/2026 05:00 - 09/04/2026 06:00","0.00",""
"09/04/2026 00:00 - 10/04/2026 00:00","CTA|DE(Amprion)","Huckingen A","11WD7HUCK2G--A-C","Fossil Coal-derived gas","11WD7HUCK2G--A-C","09/04/2026 06:00 - 09/04/2026 07:00","0.00",""
"09/04/2026 00:00 - 10/04/2026 00:00","CTA|DE(Amprion)","Huckingen A","11WD7HUCK2G--A-C","Fossil Coal-derived gas","11WD7HUCK2G--A-C","09/04/2026 07:00 - 09/04/2026 08:00","0.00",""
"09/04/2026 00:00 - 10/04/2026 00:00","CTA|DE(Amprion)","Huckingen A","11WD7HUCK2G--A-C","Fossil Coal-derived gas","11WD7HUCK2G--A-C","09/04/2026 08:00 - 09/04/2026 09:00","0.00",""
"09/04/2026 00:00 - 10/04/2026 00:00","CTA|DE(Amprion)","Huckingen A","11WD7HUCK2G--A-C","Fossil Coal-derived gas","11WD7HUCK2G--A-C","09/04/2026 09:00 - 09/04/2026 10:00","0.00",""
"09/04/2026 00:00 - 10/04/2026 00:00","CTA|DE(Amprion)","Huckingen A","11WD7HUCK2G--A-C","Fossil Coal-derived gas","11WD7HUCK2G--A-C","09/04/2026 10:00 - 09/04/2026 11:00","0.00",""
"09/04/2026 00:00 - 10/04/2026 00:00","CTA|DE(Amprion)","Huckingen A","11WD7HUCK2G--A-C","Fossil Coal-derived gas","11WD7HUCK2G--A-C","09/04/2026 11:00 - 09/04/2026 12:00","0.00",""
"09/04/2026 00:00 - 10/04/2026 00:00","CTA|DE(Amprion)","Huckingen A","11WD7HUCK2G--A-C","Fossil Coal-derived gas","11WD7HUCK2G--A-C","09/04/2026 12:00 - 09/04/2026 13:00","0.00",""
"09/04/2026 00:00 - 10/04/2026 00:00","CTA|DE(Amprion)","Huckingen A","11WD7HUCK2G--A-C","Fossil Coal-derived gas","11WD7HUCK2G--A-C","09/04/2026 13:00 - 09/04/2026 14:00","0.00",""
"09/04/2026 00:00 - 10/04/2026 00:00","CTA|DE(Amprion)","Huckingen A","11WD7HUCK2G--A-C","Fossil Coal-derived gas","11WD7HUCK2G--A-C","09/04/2026 14:00 - 09/04/2026 15:00","0.00",""
"09/04/2026 00:00 - 10/04/2026 00:00","CTA|DE(Amprion)","Huckingen A","11WD7HUCK2G--A-C","Fossil Coal-derived gas","11WD7HUCK2G--A-C","09/04/2026 15:00 - 09/04/2026 16:00","0.00",""
"09/04/2026 00:00 - 10/04/2026 00:00","CTA|DE(Amprion)","Huckingen A","11WD7HUCK2G--A-C","Fossil Coal-derived gas","11WD7HUCK2G--A-C","09/04/2026 16:00 - 09/04/2026 17:00","0.00",""
"09/04/2026 00:00 - 10/04/2026 00:00","CTA|DE(Amprion)","Huckingen A","11WD7HUCK2G--A-C","Fossil Coal-derived gas","11WD7HUCK2G--A-C","09/04/2026 17:00 - 09/04/2026 18:00","0.00",""
"09/04/2026 00:00 - 10/04/2026 00:00","CTA|DE(Amprion)","Huckingen A","11WD7HUCK2G--A-C","Fossil Coal-derived gas","11WD7HUCK2G--A-C","09/04/2026 18:00 - 09/04/2026 19:00","0.00",""
"09/04/2026 00:00 - 10/04/2026 00:00","CTA|DE(Amprion)","Huckingen A","11WD7HUCK2G--A-C","Fossil Coal-derived gas","11WD7HUCK2G--A-C","09/04/2026 19:00 - 09/04/2026 20:00","0.00",""
"09/04/2026 00:00 - 10/04/2026 00:00","CTA|DE(Amprion)","Huckingen A","11WD7HUCK2G--A-C","Fossil Coal-derived gas","11WD7HUCK2G--A-C","09/04/2026 20:00 - 09/04/2026 21:00","0.00",""
"09/04/2026 00:00 - 10/04/2026 00:00","CTA|DE(Amprion)","Huckingen A","11WD7HUCK2G--A-C","Fossil Coal-derived gas","11WD7HUCK2G--A-C","09/04/2026 21:00 - 09/04/2026 22:00","0.00",""
"09/04/2026 00:00 - 10/04/2026 00:00","CTA|DE(Amprion)","Huckingen A","11WD7HUCK2G--A-C","Fossil Coal-derived gas","11WD7HUCK2G--A-C","09/04/2026 22:00 - 09/04/2026 23:00","0.00",""
"09/04/2026 00:00 - 10/04/2026 00:00","CTA|DE(Amprion)","Huckingen A","11WD7HUCK2G--A-C","Fossil Coal-derived gas","11WD7HUCK2G--A-C","09/04/2026 23:00 - 10/04/2026 00:00","0.00",""
"09/04/2026 00:00 - 10/04/2026 00:00","CTA|DE(Amprion)","Huckingen B","11WD7HUCK2G--B-9","Fossil Coal-derived gas","11WD7HUCK2G--B-9","09/04/2026 00:00 - 09/04/2026 01:00","164.97",""
"09/04/2026 00:00 - 10/04/2026 00:00","CTA|DE(Amprion)","Huckingen B","11WD7HUCK2G--B-9","Fossil Coal-derived gas","11WD7HUCK2G--B-9","09/04/2026 01:00 - 09/04/2026 02:00","140.82",""
"09/04/2026 00:00 - 10/04/2026 00:00","CTA|DE(Amprion)","Huckingen B","11WD7HUCK2G--B-9","Fossil Coal-derived gas","11WD7HUCK2G--B-9","09/04/2026 02:00 - 09/04/2026 03:00","151.07",""
"09/04/2026 00:00 - 10/04/2026 00:00","CTA|DE(Amprion)","Huckingen B","11WD7HUCK2G--B-9","Fossil Coal-derived gas","11WD7HUCK2G--B-9","09/04/2026 03:00 - 09/04/2026 04:00","155.90",""
"09/04/2026 00:00 - 10/04/2026 00:00","CTA|DE(Amprion)","Huckingen B","11WD7HUCK2G--B-9","Fossil Coal-derived gas","11WD7HUCK2G--B-9","09/04/2026 04:00 - 09/04/2026 05:00","154.72",""
"09/04/2026 00:00 - 10/04/2026 00:00","CTA|DE(Amprion)","Huckingen B","11WD7HUCK2G--B-9","Fossil Coal-derived gas","11WD7HUCK2G--B-9","09/04/2026 05:00 - 09/04/2026 06:00","172.55",""
"09/04/2026 00:00 - 10/04/2026 00:00","CTA|DE(Amprion)","Huckingen B","11WD7HUCK2G--B-9","Fossil Coal-derived gas","11WD7HUCK2G--B-9","09/04/2026 06:00 - 09/04/2026 07:00","177.50",""
"09/04/2026 00:00 - 10/04/2026 00:00","CTA|DE(Amprion)","Huckingen B","11WD7HUCK2G--B-9","Fossil Coal-derived gas","11WD7HUCK2G--B-9","09/04/2026 07:00 - 09/04/2026 08:00","173.47",""
"09/04/2026 00:00 - 10/04/2026 00:00","CTA|DE(Amprion)","Huckingen B","11WD7HUCK2G--B-9","Fossil Coal-derived gas","11WD7HUCK2G--B-9","09/04/2026 08:00 - 09/04/2026 09:00","178.97",""
"09/04/2026 00:00 - 10/04/2026 00:00","CTA|DE(Amprion)","Huckingen B","11WD7HUCK2G--B-9","Fossil Coal-derived gas","11WD7HUCK2G--B-9","09/04/2026 09:00 - 09/04/2026 10:00","181.13",""
"09/04/2026 00:00 - 10/04/2026 00:00","CTA|DE(Amprion)","Huckingen B","11WD7HUCK2G--B-9","Fossil Coal-derived gas","11WD7HUCK2G--B-9","09/04/2026 10:00 - 09/04/2026 11:00","169.78",""
"09/04/2026 00:00 - 10/04/2026 00:00","CTA|DE(Amprion)","Huckingen B","11WD7HUCK2G--B-9","Fossil Coal-derived gas","11WD7HUCK2G--B-9","09/04/2026 11:00 - 09/04/2026 12:00","178.43",""
"09/04/2026 00:00 - 10/04/2026 00:00","CTA|DE(Amprion)","Huckingen B","11WD7HUCK2G--B-9","Fossil Coal-derived gas","11WD7HUCK2G--B-9","09/04/2026 12:00 - 09/04/2026 13:00","186.45",""
"09/04/2026 00:00 - 10/04/2026 00:00","CTA|DE(Amprion)","Huckingen B","11WD7HUCK2G--B-9","Fossil Coal-derived gas","11WD7HUCK2G--B-9","09/04/2026 13:00 - 09/04/2026 14:00","177.53",""
"09/04/2026 00:00 - 10/04/2026 00:00","CTA|DE(Amprion)","Huckingen B","11WD7HUCK2G--B-9","Fossil Coal-derived gas","11WD7HUCK2G--B-9","09/04/2026 14:00 - 09/04/2026 15:00","169.43",""
"09/04/2026 00:00 - 10/04/2026 00:00","CTA|DE(Amprion)","Huckingen B","11WD7HUCK2G--B-9","Fossil Coal-derived gas","11WD7HUCK2G--B-9","09/04/2026 15:00 - 09/04/2026 16:00","175.63",""
"09/04/2026 00:00 - 10/04/2026 00:00","CTA|DE(Amprion)","Huckingen B","11WD7HUCK2G--B-9","Fossil Coal-derived gas","11WD7HUCK2G--B-9","09/04/2026 16:00 - 09/04/2026 17:00","171.85",""
"09/04/2026 00:00 - 10/04/2026 00:00","CTA|DE(Amprion)","Huckingen B","11WD7HUCK2G--B-9","Fossil Coal-derived gas","11WD7HUCK2G--B-9","09/04/2026 17:00 - 09/04/2026 18:00","159.60",""
"09/04/2026 00:00 - 10/04/2026 00:00","CTA|DE(Amprion)","Huckingen B","11WD7HUCK2G--B-9","Fossil Coal-derived gas","11WD7HUCK2G--B-9","09/04/2026 18:00 - 09/04/2026 19:00","176.05",""
"09/04/2026 00:00 - 10/04/2026 00:00","CTA|DE(Amprion)","Huckingen B","11WD7HUCK2G--B-9","Fossil Coal-derived gas","11WD7HUCK2G--B-9","09/04/2026 19:00 - 09/04/2026 20:00","169.53",""
"09/04/2026 00:00 - 10/04/2026 00:00","CTA|DE(Amprion)","Huckingen B","11WD7HUCK2G--B-9","Fossil Coal-derived gas","11WD7HUCK2G--B-9","09/04/2026 20:00 - 09/04/2026 21:00","167.75",""
"09/04/2026 00:00 - 10/04/2026 00:00","CTA|DE(Amprion)","Huckingen B","11WD7HUCK2G--B-9","Fossil Coal-derived gas","11WD7HUCK2G--B-9","09/04/2026 21:00 - 09/04/2026 22:00","158.95",""
"09/04/2026 00:00 - 10/04/2026 00:00","CTA|DE(Amprion)","Huckingen B","11WD7HUCK2G--B-9","Fossil Coal-derived gas","11WD7HUCK2G--B-9","09/04/2026 22:00 - 09/04/2026 23:00","149.00",""
"09/04/2026 00:00 - 10/04/2026 00:00","CTA|DE(Amprion)","Huckingen B","11WD7HUCK2G--B-9","Fossil Coal-derived gas","11WD7HUCK2G--B-9","09/04/2026 23:00 - 10/04/2026 00:00","145.22",""
"09/04/2026 00:00 - 10/04/2026 00:00","CTA|DE(Amprion)","Koepchenwerk","11WD7KOEP2P--5-G","Hydro Pumped Storage","11WD7KOEP2P--5-G","09/04/2026 00:00 - 09/04/2026 01:00","0.00",""
"09/04/2026 00:00 - 10/04/2026 00:00","CTA|DE(Amprion)","Koepchenwerk","11WD7KOEP2P--5-G","Hydro Pumped Storage","11WD7KOEP2P--5-G","09/04/2026 01:00 - 09/04/2026 02:00","0.00",""
"09/04/2026 00:00 - 10/04/2026 00:00","CTA|DE(Amprion)","Koepchenwerk","11WD7KOEP2P--5-G","Hydro Pumped Storage","11WD7KOEP2P--5-G","09/04/2026 02:00 - 09/04/2026 03:00","0.00",""
"09/04/2026 00:00 - 10/04/2026 00:00","CTA|DE(Amprion)","Koepchenwerk","11WD7KOEP2P--5-G","Hydro Pumped Storage","11WD7KOEP2P--5-G","09/04/2026 03:00 - 09/04/2026 04:00","0.00",""
"09/04/2026 00:00 - 10/04/2026 00:00","CTA|DE(Amprion)","Koepchenwerk","11WD7KOEP2P--5-G","Hydro Pumped Storage","11WD7KOEP2P--5-G","09/04/2026 04:00 - 09/04/2026 05:00","0.00",""
"09/04/2026 00:00 - 10/04/2026 00:00","CTA|DE(Amprion)","Koepchenwerk","11WD7KOEP2P--5-G","Hydro Pumped Storage","11WD7KOEP2P--5-G","09/04/2026 05:00 - 09/04/2026 06:00","0.00",""
"09/04/2026 00:00 - 10/04/2026 00:00","CTA|DE(Amprion)","Koepchenwerk","11WD7KOEP2P--5-G","Hydro Pumped Storage","11WD7KOEP2P--5-G","09/04/2026 06:00 - 09/04/2026 07:00","0.00",""
"09/04/2026 00:00 - 10/04/2026 00:00","CTA|DE(Amprion)","Koepchenwerk","11WD7KOEP2P--5-G","Hydro Pumped Storage","11WD7KOEP2P--5-G","09/04/2026 07:00 - 09/04/2026 08:00","0.00",""
"09/04/2026 00:00 - 10/04/2026 00:00","CTA|DE(Amprion)","Koepchenwerk","11WD7KOEP2P--5-G","Hydro Pumped Storage","11WD7KOEP2P--5-G","09/04/2026 08:00 - 09/04/2026 09:00","92.75",""
"09/04/2026 00:00 - 10/04/2026 00:00","CTA|DE(Amprion)","Koepchenwerk","11WD7KOEP2P--5-G","Hydro Pumped Storage","11WD7KOEP2P--5-G","09/04/2026 09:00 - 09/04/2026 10:00","43.35",""
"09/04/2026 00:00 - 10/04/2026 00:00","CTA|DE(Amprion)","Koepchenwerk","11WD7KOEP2P--5-G","Hydro Pumped Storage","11WD7KOEP2P--5-G","09/04/2026 10:00 - 09/04/2026 11:00","0.00",""
"09/04/2026 00:00 - 10/04/2026 00:00","CTA|DE(Amprion)","Koepchenwerk","11WD7KOEP2P--5-G","Hydro Pumped Storage","11WD7KOEP2P--5-G","09/04/2026 11:00 - 09/04/2026 12:00","0.00",""
"09/04/2026 00:00 - 10/04/2026 00:00","CTA|DE(Amprion)","Koepchenwerk","11WD7KOEP2P--5-G","Hydro Pumped Storage","11WD7KOEP2P--5-G","09/04/2026 12:00 - 09/04/2026 13:00","0.00",""
"09/04/2026 00:00 - 10/04/2026 00:00","CTA|DE(Amprion)","Koepchenwerk","11WD7KOEP2P--5-G","Hydro Pumped Storage","11WD7KOEP2P--5-G","09/04/2026 13:00 - 09/04/2026 14:00","0.00",""
"09/04/2026 00:00 - 10/04/2026 00:00","CTA|DE(Amprion)","Koepchenwerk","11WD7KOEP2P--5-G","Hydro Pumped Storage","11WD7KOEP2P--5-G","09/04/2026 14:00 - 09/04/2026 15:00","0.00",""
"09/04/2026 00:00 - 10/04/2026 00:00","CTA|DE(Amprion)","Koepchenwerk","11WD7KOEP2P--5-G","Hydro Pumped Storage","11WD7KOEP2P--5-G","09/04/2026 15:00 - 09/04/2026 16:00","0.00",""
"09/04/2026 00:00 - 10/04/2026 00:00","CTA|DE(Amprion)","Koepchenwerk","11WD7KOEP2P--5-G","Hydro Pumped Storage","11WD7KOEP2P--5-G","09/04/2026 16:00 - 09/04/2026 17:00","0.00",""
"09/04/2026 00:00 - 10/04/2026 00:00","CTA|DE(Amprion)","Koepchenwerk","11WD7KOEP2P--5-G","Hydro Pumped Storage","11WD7KOEP2P--5-G","09/04/2026 17:00 - 09/04/2026 18:00","0.00",""
"09/04/2026 00:00 - 10/04/2026 00:00","CTA|DE(Amprion)","Koepchenwerk","11WD7KOEP2P--5-G","Hydro Pumped Storage","11WD7KOEP2P--5-G","09/04/2026 18:00 - 09/04/2026 19:00","68.08",""
"09/04/2026 00:00 - 10/04/2026 00:00","CTA|DE(Amprion)","Koepchenwerk","11WD7KOEP2P--5-G","Hydro Pumped Storage","11WD7KOEP2P--5-G","09/04/2026 19:00 - 09/04/2026 20:00","155.70",""
"09/04/2026 00:00 - 10/04/2026 00:00","CTA|DE(Amprion)","Koepchenwerk","11WD7KOEP2P--5-G","Hydro Pumped Storage","11WD7KOEP2P--5-G","09/04/2026 20:00 - 09/04/2026 21:00","128.95",""
"09/04/2026 00:00 - 10/04/2026 00:00","CTA|DE(Amprion)","Koepchenwerk","11WD7KOEP2P--5-G","Hydro Pumped Storage","11WD7KOEP2P--5-G","09/04/2026 21:00 - 09/04/2026 22:00","5.17",""
"09/04/2026 00:00 - 10/04/2026 00:00","CTA|DE(Amprion)","Koepchenwerk","11WD7KOEP2P--5-G","Hydro Pumped Storage","11WD7KOEP2P--5-G","09/04/2026 22:00 - 09/04/2026 23:00","0.00",""
"09/04/2026 00:00 - 10/04/2026 00:00","CTA|DE(Amprion)","Koepchenwerk","11WD7KOEP2P--5-G","Hydro Pumped Storage","11WD7KOEP2P--5-G","09/04/2026 23:00 - 10/04/2026 00:00","0.00",""
"09/04/2026 00:00 - 10/04/2026 00:00","CTA|DE(Amprion)","KW Hamm-Uentrop Block 10","11WD7KWHU1GBL10E","Fossil Gas","11WD7KWHU1GBL10E","09/04/2026 00:00 - 09/04/2026 01:00","0.20",""
"09/04/2026 00:00 - 10/04/2026 00:00","CTA|DE(Amprion)","KW Hamm-Uentrop Block 10","11WD7KWHU1GBL10E","Fossil Gas","11WD7KWHU1GBL10E","09/04/2026 01:00 - 09/04/2026 02:00","0.20",""
"09/04/2026 00:00 - 10/04/2026 00:00","CTA|DE(Amprion)","KW Hamm-Uentrop Block 10","11WD7KWHU1GBL10E","Fossil Gas","11WD7KWHU1GBL10E","09/04/2026 02:00 - 09/04/2026 03:00","0.20",""
"09/04/2026 00:00 - 10/04/2026 00:00","CTA|DE(Amprion)","KW Hamm-Uentrop Block 10","11WD7KWHU1GBL10E","Fossil Gas","11WD7KWHU1GBL10E","09/04/2026 03:00 - 09/04/2026 04:00","0.20",""
"09/04/2026 00:00 - 10/04/2026 00:00","CTA|DE(Amprion)","KW Hamm-Uentrop Block 10","11WD7KWHU1GBL10E","Fossil Gas","11WD7KWHU1GBL10E","09/04/2026 04:00 - 09/04/2026 05:00","0.20",""
"09/04/2026 00:00 - 10/04/2026 00:00","CTA|DE(Amprion)","KW Hamm-Uentrop Block 10","11WD7KWHU1GBL10E","Fossil Gas","11WD7KWHU1GBL10E","09/04/2026 05:00 - 09/04/2026 06:00","0.20",""
"09/04/2026 00:00 - 10/04/2026 00:00","CTA|DE(Amprion)","KW Hamm-Uentrop Block 10","11WD7KWHU1GBL10E","Fossil Gas","11WD7KWHU1GBL10E","09/04/2026 06:00 - 09/04/2026 07:00","0.17",""
"09/04/2026 00:00 - 10/04/2026 00:00","CTA|DE(Amprion)","KW Hamm-Uentrop Block 10","11WD7KWHU1GBL10E","Fossil Gas","11WD7KWHU1GBL10E","09/04/2026 07:00 - 09/04/2026 08:00","0.20",""
"09/04/2026 00:00 - 10/04/2026 00:00","CTA|DE(Amprion)","KW Hamm-Uentrop Block 10","11WD7KWHU1GBL10E","Fossil Gas","11WD7KWHU1GBL10E","09/04/2026 08:00 - 09/04/2026 09:00","0.13",""
"09/04/2026 00:00 - 10/04/2026 00:00","CTA|DE(Amprion)","KW Hamm-Uentrop Block 10","11WD7KWHU1GBL10E","Fossil Gas","11WD7KWHU1GBL10E","09/04/2026 09:00 - 09/04/2026 10:00","0.10",""
"09/04/2026 00:00 - 10/04/2026 00:00","CTA|DE(Amprion)","KW Hamm-Uentrop Block 10","11WD7KWHU1GBL10E","Fossil Gas","11WD7KWHU1GBL10E","09/04/2026 10:00 - 09/04/2026 11:00","0.17",""
"09/04/2026 00:00 - 10/04/2026 00:00","CTA|DE(Amprion)","KW Hamm-Uentrop Block 10","11WD7KWHU1GBL10E","Fossil Gas","11WD7KWHU1GBL10E","09/04/2026 11:00 - 09/04/2026 12:00","0.20",""
"09/04/2026 00:00 - 10/04/2026 00:00","CTA|DE(Amprion)","KW Hamm-Uentrop Block 10","11WD7KWHU1GBL10E","Fossil Gas","11WD7KWHU1GBL10E","09/04/2026 12:00 - 09/04/2026 13:00","0.20",""
"09/04/2026 00:00 - 10/04/2026 00:00","CTA|DE(Amprion)","KW Hamm-Uentrop Block 10","11WD7KWHU1GBL10E","Fossil Gas","11WD7KWHU1GBL10E","09/04/2026 13:00 - 09/04/2026 14:00","0.20",""
"09/04/2026 00:00 - 10/04/2026 00:00","CTA|DE(Amprion)","KW Hamm-Uentrop Block 10","11WD7KWHU1GBL10E","Fossil Gas","11WD7KWHU1GBL10E","09/04/2026 14:00 - 09/04/2026 15:00","0.20",""
"09/04/2026 00:00 - 10/04/2026 00:00","CTA|DE(Amprion)","KW Hamm-Uentrop Block 10","11WD7KWHU1GBL10E","Fossil Gas","11WD7KWHU1GBL10E","09/04/2026 15:00 - 09/04/2026 16:00","0.20",""
"09/04/2026 00:00 - 10/04/2026 00:00","CTA|DE(Amprion)","KW Hamm-Uentrop Block 10","11WD7KWHU1GBL10E","Fossil Gas","11WD7KWHU1GBL10E","09/04/2026 16:00 - 09/04/2026 17:00","0.20",""
"09/04/2026 00:00 - 10/04/2026 00:00","CTA|DE(Amprion)","KW Hamm-Uentrop Block 10","11WD7KWHU1GBL10E","Fossil Gas","11WD7KWHU1GBL10E","09/04/2026 17:00 - 09/04/2026 18:00","0.20",""
"09/04/2026 00:00 - 10/04/2026 00:00","CTA|DE(Amprion)","KW Hamm-Uentrop Block 10","11WD7KWHU1GBL10E","Fossil Gas","11WD7KWHU1GBL10E","09/04/2026 18:00 - 09/04/2026 19:00","0.20",""
"09/04/2026 00:00 - 10/04/2026 00:00","CTA|DE(Amprion)","KW Hamm-Uentrop Block 10","11WD7KWHU1GBL10E","Fossil Gas","11WD7KWHU1GBL10E","09/04/2026 19:00 - 09/04/2026 20:00","0.20",""
"09/04/2026 00:00 - 10/04/2026 00:00","CTA|DE(Amprion)","KW Hamm-Uentrop Block 10","11WD7KWHU1GBL10E","Fossil Gas","11WD7KWHU1GBL10E","09/04/2026 20:00 - 09/04/2026 21:00","0.20",""
"09/04/2026 00:00 - 10/04/2026 00:00","CTA|DE(Amprion)","KW Hamm-Uentrop Block 10","11WD7KWHU1GBL10E","Fossil Gas","11WD7KWHU1GBL10E","09/04/2026 21:00 - 09/04/2026 22:00","0.20",""
"09/04/2026 00:00 - 10/04/2026 00:00","CTA|DE(Amprion)","KW Hamm-Uentrop Block 10","11WD7KWHU1GBL10E","Fossil Gas","11WD7KWHU1GBL10E","09/04/2026 22:00 - 09/04/2026 23:00","0.20",""
"09/04/2026 00:00 - 10/04/2026 00:00","CTA|DE(Amprion)","KW Hamm-Uentrop Block 10","11WD7KWHU1GBL10E","Fossil Gas","11WD7KWHU1GBL10E","09/04/2026 23:00 - 10/04/2026 00:00","0.20",""
"09/04/2026 00:00 - 10/04/2026 00:00","CTA|DE(Amprion)","KW Hamm-Uentrop Block 20","11WD7KWHU1GBL20B","Fossil Gas","11WD7KWHU1GBL20B","09/04/2026 00:00 - 09/04/2026 01:00","0.10",""
"09/04/2026 00:00 - 10/04/2026 00:00","CTA|DE(Amprion)","KW Hamm-Uentrop Block 20","11WD7KWHU1GBL20B","Fossil Gas","11WD7KWHU1GBL20B","09/04/2026 01:00 - 09/04/2026 02:00","0.10",""
"09/04/2026 00:00 - 10/04/2026 00:00","CTA|DE(Amprion)","KW Hamm-Uentrop Block 20","11WD7KWHU1GBL20B","Fossil Gas","11WD7KWHU1GBL20B","09/04/2026 02:00 - 09/04/2026 03:00","0.10",""
"09/04/2026 00:00 - 10/04/2026 00:00","CTA|DE(Amprion)","KW Hamm-Uentrop Block 20","11WD7KWHU1GBL20B","Fossil Gas","11WD7KWHU1GBL20B","09/04/2026 03:00 - 09/04/2026 04:00","0.10",""
"09/04/2026 00:00 - 10/04/2026 00:00","CTA|DE(Amprion)","KW Hamm-Uentrop Block 20","11WD7KWHU1GBL20B","Fossil Gas","11WD7KWHU1GBL20B","09/04/2026 04:00 - 09/04/2026 05:00","0.10",""
"09/04/2026 00:00 - 10/04/2026 00:00","CTA|DE(Amprion)","KW Hamm-Uentrop Block 20","11WD7KWHU1GBL20B","Fossil Gas","11WD7KWHU1GBL20B","09/04/2026 05:00 - 09/04/2026 06:00","0.10",""
"09/04/2026 00:00 - 10/04/2026 00:00","CTA|DE(Amprion)","KW Hamm-Uentrop Block 20","11WD7KWHU1GBL20B","Fossil Gas","11WD7KWHU1GBL20B","09/04/2026 06:00 - 09/04/2026 07:00","0.10",""
"09/04/2026 00:00 - 10/04/2026 00:00","CTA|DE(Amprion)","KW Hamm-Uentrop Block 20","11WD7KWHU1GBL20B","Fossil Gas","11WD7KWHU1GBL20B","09/04/2026 07:00 - 09/04/2026 08:00","0.10",""
"09/04/2026 00:00 - 10/04/2026 00:00","CTA|DE(Amprion)","KW Hamm-Uentrop Block 20","11WD7KWHU1GBL20B","Fossil Gas","11WD7KWHU1GBL20B","09/04/2026 08:00 - 09/04/2026 09:00","0.10",""
"09/04/2026 00:00 - 10/04/2026 00:00","CTA|DE(Amprion)","KW Hamm-Uentrop Block 20","11WD7KWHU1GBL20B","Fossil Gas","11WD7KWHU1GBL20B","09/04/2026 09:00 - 09/04/2026 10:00","0.10",""
"09/04/2026 00:00 - 10/04/2026 00:00","CTA|DE(Amprion)","KW Hamm-Uentrop Block 20","11WD7KWHU1GBL20B","Fossil Gas","11WD7KWHU1GBL20B","09/04/2026 10:00 - 09/04/2026 11:00","0.10",""
"09/04/2026 00:00 - 10/04/2026 00:00","CTA|DE(Amprion)","KW Hamm-Uentrop Block 20","11WD7KWHU1GBL20B","Fossil Gas","11WD7KWHU1GBL20B","09/04/2026 11:00 - 09/04/2026 12:00","0.10",""
"09/04/2026 00:00 - 10/04/2026 00:00","CTA|DE(Amprion)","KW Hamm-Uentrop Block 20","11WD7KWHU1GBL20B","Fossil Gas","11WD7KWHU1GBL20B","09/04/2026 12:00 - 09/04/2026 13:00","0.10",""
"09/04/2026 00:00 - 10/04/2026 00:00","CTA|DE(Amprion)","KW Hamm-Uentrop Block 20","11WD7KWHU1GBL20B","Fossil Gas","11WD7KWHU1GBL20B","09/04/2026 13:00 - 09/04/2026 14:00","0.10",""
"09/04/2026 00:00 - 10/04/2026 00:00","CTA|DE(Amprion)","KW Hamm-Uentrop Block 20","11WD7KWHU1GBL20B","Fossil Gas","11WD7KWHU1GBL20B","09/04/2026 14:00 - 09/04/2026 15:00","0.10",""
"09/04/2026 00:00 - 10/04/2026 00:00","CTA|DE(Amprion)","KW Hamm-Uentrop Block 20","11WD7KWHU1GBL20B","Fossil Gas","11WD7KWHU1GBL20B","09/04/2026 15:00 - 09/04/2026 16:00","0.10",""
"09/04/2026 00:00 - 10/04/2026 00:00","CTA|DE(Amprion)","KW Hamm-Uentrop Block 20","11WD7KWHU1GBL20B","Fossil Gas","11WD7KWHU1GBL20B","09/04/2026 16:00 - 09/04/2026 17:00","0.10",""
"09/04/2026 00:00 - 10/04/2026 00:00","CTA|DE(Amprion)","KW Hamm-Uentrop Block 20","11WD7KWHU1GBL20B","Fossil Gas","11WD7KWHU1GBL20B","09/04/2026 17:00 - 09/04/2026 18:00","0.10",""
"09/04/2026 00:00 - 10/04/2026 00:00","CTA|DE(Amprion)","KW Hamm-Uentrop Block 20","11WD7KWHU1GBL20B","Fossil Gas","11WD7KWHU1GBL20B","09/04/2026 18:00 - 09/04/2026 19:00","0.10",""
"09/04/2026 00:00 - 10/04/2026 00:00","CTA|DE(Amprion)","KW Hamm-Uentrop Block 20","11WD7KWHU1GBL20B","Fossil Gas","11WD7KWHU1GBL20B","09/04/2026 19:00 - 09/04/2026 20:00","0.10",""
"09/04/2026 00:00 - 10/04/2026 00:00","CTA|DE(Amprion)","KW Hamm-Uentrop Block 20","11WD7KWHU1GBL20B","Fossil Gas","11WD7KWHU1GBL20B","09/04/2026 20:00 - 09/04/2026 21:00","0.10",""
"09/04/2026 00:00 - 10/04/2026 00:00","CTA|DE(Amprion)","KW Hamm-Uentrop Block 20","11WD7KWHU1GBL20B","Fossil Gas","11WD7KWHU1GBL20B","09/04/2026 21:00 - 09/04/2026 22:00","0.10",""
"09/04/2026 00:00 - 10/04/2026 00:00","CTA|DE(Amprion)","KW Hamm-Uentrop Block 20","11WD7KWHU1GBL20B","Fossil Gas","11WD7KWHU1GBL20B","09/04/2026 22:00 - 09/04/2026 23:00","0.10",""
"09/04/2026 00:00 - 10/04/2026 00:00","CTA|DE(Amprion)","KW Hamm-Uentrop Block 20","11WD7KWHU1GBL20B","Fossil Gas","11WD7KWHU1GBL20B","09/04/2026 23:00 - 10/04/2026 00:00","0.10",""
"09/04/2026 00:00 - 10/04/2026 00:00","CTA|DE(Amprion)","Knapsack 2","11WD7KWKN-20-EEW","Fossil Gas","11WD7KWKN-20-EEW","09/04/2026 00:00 - 09/04/2026 01:00","0.00",""
"09/04/2026 00:00 - 10/04/2026 00:00","CTA|DE(Amprion)","Knapsack 2","11WD7KWKN-20-EEW","Fossil Gas","11WD7KWKN-20-EEW","09/04/2026 01:00 - 09/04/2026 02:00","0.00",""
"09/04/2026 00:00 - 10/04/2026 00:00","CTA|DE(Amprion)","Knapsack 2","11WD7KWKN-20-EEW","Fossil Gas","11WD7KWKN-20-EEW","09/04/2026 02:00 - 09/04/2026 03:00","0.00",""
"09/04/2026 00:00 - 10/04/2026 00:00","CTA|DE(Amprion)","Knapsack 2","11WD7KWKN-20-EEW","Fossil Gas","11WD7KWKN-20-EEW","09/04/2026 03:00 - 09/04/2026 04:00","0.00",""
"09/04/2026 00:00 - 10/04/2026 00:00","CTA|DE(Amprion)","Knapsack 2","11WD7KWKN-20-EEW","Fossil Gas","11WD7KWKN-20-EEW","09/04/2026 04:00 - 09/04/2026 05:00","0.00",""
"09/04/2026 00:00 - 10/04/2026 00:00","CTA|DE(Amprion)","Knapsack 2","11WD7KWKN-20-EEW","Fossil Gas","11WD7KWKN-20-EEW","09/04/2026 05:00 - 09/04/2026 06:00","0.00",""
"09/04/2026 00:00 - 10/04/2026 00:00","CTA|DE(Amprion)","Knapsack 2","11WD7KWKN-20-EEW","Fossil Gas","11WD7KWKN-20-EEW","09/04/2026 06:00 - 09/04/2026 07:00","0.00",""
"09/04/2026 00:00 - 10/04/2026 00:00","CTA|DE(Amprion)","Knapsack 2","11WD7KWKN-20-EEW","Fossil Gas","11WD7KWKN-20-EEW","09/04/2026 07:00 - 09/04/2026 08:00","0.00",""
"09/04/2026 00:00 - 10/04/2026 00:00","CTA|DE(Amprion)","Knapsack 2","11WD7KWKN-20-EEW","Fossil Gas","11WD7KWKN-20-EEW","09/04/2026 08:00 - 09/04/2026 09:00","0.00",""
"09/04/2026 00:00 - 10/04/2026 00:00","CTA|DE(Amprion)","Knapsack 2","11WD7KWKN-20-EEW","Fossil Gas","11WD7KWKN-20-EEW","09/04/2026 09:00 - 09/04/2026 10:00","0.00",""
"09/04/2026 00:00 - 10/04/2026 00:00","CTA|DE(Amprion)","Knapsack 2","11WD7KWKN-20-EEW","Fossil Gas","11WD7KWKN-20-EEW","09/04/2026 10:00 - 09/04/2026 11:00","0.00",""
"09/04/2026 00:00 - 10/04/2026 00:00","CTA|DE(Amprion)","Knapsack 2","11WD7KWKN-20-EEW","Fossil Gas","11WD7KWKN-20-EEW","09/04/2026 11:00 - 09/04/2026 12:00","0.00",""
"09/04/2026 00:00 - 10/04/2026 00:00","CTA|DE(Amprion)","Knapsack 2","11WD7KWKN-20-EEW","Fossil Gas","11WD7KWKN-20-EEW","09/04/2026 12:00 - 09/04/2026 13:00","0.00",""
"09/04/2026 00:00 - 10/04/2026 00:00","CTA|DE(Amprion)","Knapsack 2","11WD7KWKN-20-EEW","Fossil Gas","11WD7KWKN-20-EEW","09/04/2026 13:00 - 09/04/2026 14:00","0.00",""
"09/04/2026 00:00 - 10/04/2026 00:00","CTA|DE(Amprion)","Knapsack 2","11WD7KWKN-20-EEW","Fossil Gas","11WD7KWKN-20-EEW","09/04/2026 14:00 - 09/04/2026 15:00","0.00",""
"09/04/2026 00:00 - 10/04/2026 00:00","CTA|DE(Amprion)","Knapsack 2","11WD7KWKN-20-EEW","Fossil Gas","11WD7KWKN-20-EEW","09/04/2026 15:00 - 09/04/2026 16:00","0.00",""
"09/04/2026 00:00 - 10/04/2026 00:00","CTA|DE(Amprion)","Knapsack 2","11WD7KWKN-20-EEW","Fossil Gas","11WD7KWKN-20-EEW","09/04/2026 16:00 - 09/04/2026 17:00","0.00",""
"09/04/2026 00:00 - 10/04/2026 00:00","CTA|DE(Amprion)","Knapsack 2","11WD7KWKN-20-EEW","Fossil Gas","11WD7KWKN-20-EEW","09/04/2026 17:00 - 09/04/2026 18:00","0.00",""
"09/04/2026 00:00 - 10/04/2026 00:00","CTA|DE(Amprion)","Knapsack 2","11WD7KWKN-20-EEW","Fossil Gas","11WD7KWKN-20-EEW","09/04/2026 18:00 - 09/04/2026 19:00","0.00",""
"09/04/2026 00:00 - 10/04/2026 00:00","CTA|DE(Amprion)","Knapsack 2","11WD7KWKN-20-EEW","Fossil Gas","11WD7KWKN-20-EEW","09/04/2026 19:00 - 09/04/2026 20:00","0.00",""
"09/04/2026 00:00 - 10/04/2026 00:00","CTA|DE(Amprion)","Knapsack 2","11WD7KWKN-20-EEW","Fossil Gas","11WD7KWKN-20-EEW","09/04/2026 20:00 - 09/04/2026 21:00","0.00",""
"09/04/2026 00:00 - 10/04/2026 00:00","CTA|DE(Amprion)","Knapsack 2","11WD7KWKN-20-EEW","Fossil Gas","11WD7KWKN-20-EEW","09/04/2026 21:00 - 09/04/2026 22:00","0.00",""
"09/04/2026 00:00 - 10/04/2026 00:00","CTA|DE(Amprion)","Knapsack 2","11WD7KWKN-20-EEW","Fossil Gas","11WD7KWKN-20-EEW","09/04/2026 22:00 - 09/04/2026 23:00","0.00",""
"09/04/2026 00:00 - 10/04/2026 00:00","CTA|DE(Amprion)","Knapsack 2","11WD7KWKN-20-EEW","Fossil Gas","11WD7KWKN-20-EEW","09/04/2026 23:00 - 10/04/2026 00:00","0.00",""
"09/04/2026 00:00 - 10/04/2026 00:00","CTA|DE(Amprion)","Knapsack 1","11WD7KWKN-KW-EEN","Fossil Gas","11WD7KWKN-KW-EEN","09/04/2026 00:00 - 09/04/2026 01:00","434.00",""
"09/04/2026 00:00 - 10/04/2026 00:00","CTA|DE(Amprion)","Knapsack 1","11WD7KWKN-KW-EEN","Fossil Gas","11WD7KWKN-KW-EEN","09/04/2026 01:00 - 09/04/2026 02:00","628.80",""
"09/04/2026 00:00 - 10/04/2026 00:00","CTA|DE(Amprion)","Knapsack 1","11WD7KWKN-KW-EEN","Fossil Gas","11WD7KWKN-KW-EEN","09/04/2026 02:00 - 09/04/2026 03:00","628.80",""
"09/04/2026 00:00 - 10/04/2026 00:00","CTA|DE(Amprion)","Knapsack 1","11WD7KWKN-KW-EEN","Fossil Gas","11WD7KWKN-KW-EEN","09/04/2026 03:00 - 09/04/2026 04:00","628.80",""
"09/04/2026 00:00 - 10/04/2026 00:00","CTA|DE(Amprion)","Knapsack 1","11WD7KWKN-KW-EEN","Fossil Gas","11WD7KWKN-KW-EEN","09/04/2026 04:00 - 09/04/2026 05:00","628.80",""
"09/04/2026 00:00 - 10/04/2026 00:00","CTA|DE(Amprion)","Knapsack 1","11WD7KWKN-KW-EEN","Fossil Gas","11WD7KWKN-KW-EEN","09/04/2026 05:00 - 09/04/2026 06:00","682.80",""
"09/04/2026 00:00 - 10/04/2026 00:00","CTA|DE(Amprion)","Knapsack 1","11WD7KWKN-KW-EEN","Fossil Gas","11WD7KWKN-KW-EEN","09/04/2026 06:00 - 09/04/2026 07:00","851.40",""
"09/04/2026 00:00 - 10/04/2026 00:00","CTA|DE(Amprion)","Knapsack 1","11WD7KWKN-KW-EEN","Fossil Gas","11WD7KWKN-KW-EEN","09/04/2026 07:00 - 09/04/2026 08:00","829.60",""
"09/04/2026 00:00 - 10/04/2026 00:00","CTA|DE(Amprion)","Knapsack 1","11WD7KWKN-KW-EEN","Fossil Gas","11WD7KWKN-KW-EEN","09/04/2026 08:00 - 09/04/2026 09:00","264.00",""
"09/04/2026 00:00 - 10/04/2026 00:00","CTA|DE(Amprion)","Knapsack 1","11WD7KWKN-KW-EEN","Fossil Gas","11WD7KWKN-KW-EEN","09/04/2026 09:00 - 09/04/2026 10:00","0.00",""
"09/04/2026 00:00 - 10/04/2026 00:00","CTA|DE(Amprion)","Knapsack 1","11WD7KWKN-KW-EEN","Fossil Gas","11WD7KWKN-KW-EEN","09/04/2026 10:00 - 09/04/2026 11:00","0.00",""
"09/04/2026 00:00 - 10/04/2026 00:00","CTA|DE(Amprion)","Knapsack 1","11WD7KWKN-KW-EEN","Fossil Gas","11WD7KWKN-KW-EEN","09/04/2026 11:00 - 09/04/2026 12:00","0.00",""
"09/04/2026 00:00 - 10/04/2026 00:00","CTA|DE(Amprion)","Knapsack 1","11WD7KWKN-KW-EEN","Fossil Gas","11WD7KWKN-KW-EEN","09/04/2026 12:00 - 09/04/2026 13:00","0.00",""
"09/04/2026 00:00 - 10/04/2026 00:00","CTA|DE(Amprion)","Knapsack 1","11WD7KWKN-KW-EEN","Fossil Gas","11WD7KWKN-KW-EEN","09/04/2026 13:00 - 09/04/2026 14:00","0.00",""
"09/04/2026 00:00 - 10/04/2026 00:00","CTA|DE(Amprion)","Knapsack 1","11WD7KWKN-KW-EEN","Fossil Gas","11WD7KWKN-KW-EEN","09/04/2026 14:00 - 09/04/2026 15:00","0.00",""
"09/04/2026 00:00 - 10/04/2026 00:00","CTA|DE(Amprion)","Knapsack 1","11WD7KWKN-KW-EEN","Fossil Gas","11WD7KWKN-KW-EEN","09/04/2026 15:00 - 09/04/2026 16:00","0.00",""
"09/04/2026 00:00 - 10/04/2026 00:00","CTA|DE(Amprion)","Knapsack 1","11WD7KWKN-KW-EEN","Fossil Gas","11WD7KWKN-KW-EEN","09/04/2026 16:00 - 09/04/2026 17:00","215.00",""
"09/04/2026 00:00 - 10/04/2026 00:00","CTA|DE(Amprion)","Knapsack 1","11WD7KWKN-KW-EEN","Fossil Gas","11WD7KWKN-KW-EEN","09/04/2026 17:00 - 09/04/2026 18:00","793.50",""
"09/04/2026 00:00 - 10/04/2026 00:00","CTA|DE(Amprion)","Knapsack 1","11WD7KWKN-KW-EEN","Fossil Gas","11WD7KWKN-KW-EEN","09/04/2026 18:00 - 09/04/2026 19:00","818.90",""
"09/04/2026 00:00 - 10/04/2026 00:00","CTA|DE(Amprion)","Knapsack 1","11WD7KWKN-KW-EEN","Fossil Gas","11WD7KWKN-KW-EEN","09/04/2026 19:00 - 09/04/2026 20:00","824.20",""
"09/04/2026 00:00 - 10/04/2026 00:00","CTA|DE(Amprion)","Knapsack 1","11WD7KWKN-KW-EEN","Fossil Gas","11WD7KWKN-KW-EEN","09/04/2026 20:00 - 09/04/2026 21:00","829.10",""
"09/04/2026 00:00 - 10/04/2026 00:00","CTA|DE(Amprion)","Knapsack 1","11WD7KWKN-KW-EEN","Fossil Gas","11WD7KWKN-KW-EEN","09/04/2026 21:00 - 09/04/2026 22:00","833.30",""
"09/04/2026 00:00 - 10/04/2026 00:00","CTA|DE(Amprion)","Knapsack 1","11WD7KWKN-KW-EEN","Fossil Gas","11WD7KWKN-KW-EEN","09/04/2026 22:00 - 09/04/2026 23:00","837.90",""
"09/04/2026 00:00 - 10/04/2026 00:00","CTA|DE(Amprion)","Knapsack 1","11WD7KWKN-KW-EEN","Fossil Gas","11WD7KWKN-KW-EEN","09/04/2026 23:00 - 10/04/2026 00:00","840.30",""
"09/04/2026 00:00 - 10/04/2026 00:00","CTA|DE(Amprion)","Block GT 11","11WD7LUDW2GGT11E","Fossil Gas","11WD7LUDW2GGT11E","09/04/2026 00:00 - 09/04/2026 01:00","0.00",""
"09/04/2026 00:00 - 10/04/2026 00:00","CTA|DE(Amprion)","Block GT 11","11WD7LUDW2GGT11E","Fossil Gas","11WD7LUDW2GGT11E","09/04/2026 01:00 - 09/04/2026 02:00","0.00",""
"09/04/2026 00:00 - 10/04/2026 00:00","CTA|DE(Amprion)","Block GT 11","11WD7LUDW2GGT11E","Fossil Gas","11WD7LUDW2GGT11E","09/04/2026 02:00 - 09/04/2026 03:00","0.00",""
"09/04/2026 00:00 - 10/04/2026 00:00","CTA|DE(Amprion)","Block GT 11","11WD7LUDW2GGT11E","Fossil Gas","11WD7LUDW2GGT11E","09/04/2026 03:00 - 09/04/2026 04:00","0.00",""
"09/04/2026 00:00 - 10/04/2026 00:00","CTA|DE(Amprion)","Block GT 11","11WD7LUDW2GGT11E","Fossil Gas","11WD7LUDW2GGT11E","09/04/2026 04:00 - 09/04/2026 05:00","0.00",""
"09/04/2026 00:00 - 10/04/2026 00:00","CTA|DE(Amprion)","Block GT 11","11WD7LUDW2GGT11E","Fossil Gas","11WD7LUDW2GGT11E","09/04/2026 05:00 - 09/04/2026 06:00","0.00",""
"09/04/2026 00:00 - 10/04/2026 00:00","CTA|DE(Amprion)","Block GT 11","11WD7LUDW2GGT11E","Fossil Gas","11WD7LUDW2GGT11E","09/04/2026 06:00 - 09/04/2026 07:00","0.00",""
"09/04/2026 00:00 - 10/04/2026 00:00","CTA|DE(Amprion)","Block GT 11","11WD7LUDW2GGT11E","Fossil Gas","11WD7LUDW2GGT11E","09/04/2026 07:00 - 09/04/2026 08:00","0.00",""
"09/04/2026 00:00 - 10/04/2026 00:00","CTA|DE(Amprion)","Block GT 11","11WD7LUDW2GGT11E","Fossil Gas","11WD7LUDW2GGT11E","09/04/2026 08:00 - 09/04/2026 09:00","0.00",""
"09/04/2026 00:00 - 10/04/2026 00:00","CTA|DE(Amprion)","Block GT 11","11WD7LUDW2GGT11E","Fossil Gas","11WD7LUDW2GGT11E","09/04/2026 09:00 - 09/04/2026 10:00","0.00",""
"09/04/2026 00:00 - 10/04/2026 00:00","CTA|DE(Amprion)","Block GT 11","11WD7LUDW2GGT11E","Fossil Gas","11WD7LUDW2GGT11E","09/04/2026 10:00 - 09/04/2026 11:00","0.00",""
"09/04/2026 00:00 - 10/04/2026 00:00","CTA|DE(Amprion)","Block GT 11","11WD7LUDW2GGT11E","Fossil Gas","11WD7LUDW2GGT11E","09/04/2026 11:00 - 09/04/2026 12:00","0.00",""
"09/04/2026 00:00 - 10/04/2026 00:00","CTA|DE(Amprion)","Block GT 11","11WD7LUDW2GGT11E","Fossil Gas","11WD7LUDW2GGT11E","09/04/2026 12:00 - 09/04/2026 13:00","0.00",""
"09/04/2026 00:00 - 10/04/2026 00:00","CTA|DE(Amprion)","Block GT 11","11WD7LUDW2GGT11E","Fossil Gas","11WD7LUDW2GGT11E","09/04/2026 13:00 - 09/04/2026 14:00","0.00",""
"09/04/2026 00:00 - 10/04/2026 00:00","CTA|DE(Amprion)","Block GT 11","11WD7LUDW2GGT11E","Fossil Gas","11WD7LUDW2GGT11E","09/04/2026 14:00 - 09/04/2026 15:00","0.00",""
"09/04/2026 00:00 - 10/04/2026 00:00","CTA|DE(Amprion)","Block GT 11","11WD7LUDW2GGT11E","Fossil Gas","11WD7LUDW2GGT11E","09/04/2026 15:00 - 09/04/2026 16:00","0.00",""
"09/04/2026 00:00 - 10/04/2026 00:00","CTA|DE(Amprion)","Block GT 11","11WD7LUDW2GGT11E","Fossil Gas","11WD7LUDW2GGT11E","09/04/2026 16:00 - 09/04/2026 17:00","0.00",""
"09/04/2026 00:00 - 10/04/2026 00:00","CTA|DE(Amprion)","Block GT 11","11WD7LUDW2GGT11E","Fossil Gas","11WD7LUDW2GGT11E","09/04/2026 17:00 - 09/04/2026 18:00","0.00",""
"09/04/2026 00:00 - 10/04/2026 00:00","CTA|DE(Amprion)","Block GT 11","11WD7LUDW2GGT11E","Fossil Gas","11WD7LUDW2GGT11E","09/04/2026 18:00 - 09/04/2026 19:00","0.00",""
"09/04/2026 00:00 - 10/04/2026 00:00","CTA|DE(Amprion)","Block GT 11","11WD7LUDW2GGT11E","Fossil Gas","11WD7LUDW2GGT11E","09/04/2026 19:00 - 09/04/2026 20:00","0.00",""
"09/04/2026 00:00 - 10/04/2026 00:00","CTA|DE(Amprion)","Block GT 11","11WD7LUDW2GGT11E","Fossil Gas","11WD7LUDW2GGT11E","09/04/2026 20:00 - 09/04/2026 21:00","0.00",""
"09/04/2026 00:00 - 10/04/2026 00:00","CTA|DE(Amprion)","Block GT 11","11WD7LUDW2GGT11E","Fossil Gas","11WD7LUDW2GGT11E","09/04/2026 21:00 - 09/04/2026 22:00","0.00",""
"09/04/2026 00:00 - 10/04/2026 00:00","CTA|DE(Amprion)","Block GT 11","11WD7LUDW2GGT11E","Fossil Gas","11WD7LUDW2GGT11E","09/04/2026 22:00 - 09/04/2026 23:00","0.00",""
"09/04/2026 00:00 - 10/04/2026 00:00","CTA|DE(Amprion)","Block GT 11","11WD7LUDW2GGT11E","Fossil Gas","11WD7LUDW2GGT11E","09/04/2026 23:00 - 10/04/2026 00:00","0.00",""
"09/04/2026 00:00 - 10/04/2026 00:00","CTA|DE(Amprion)","Block GT 12","11WD7LUDW2GGT12C","Fossil Gas","11WD7LUDW2GGT12C","09/04/2026 00:00 - 09/04/2026 01:00","100.20",""
"09/04/2026 00:00 - 10/04/2026 00:00","CTA|DE(Amprion)","Block GT 12","11WD7LUDW2GGT12C","Fossil Gas","11WD7LUDW2GGT12C","09/04/2026 01:00 - 09/04/2026 02:00","100.25",""
"09/04/2026 00:00 - 10/04/2026 00:00","CTA|DE(Amprion)","Block GT 12","11WD7LUDW2GGT12C","Fossil Gas","11WD7LUDW2GGT12C","09/04/2026 02:00 - 09/04/2026 03:00","100.20",""
"09/04/2026 00:00 - 10/04/2026 00:00","CTA|DE(Amprion)","Block GT 12","11WD7LUDW2GGT12C","Fossil Gas","11WD7LUDW2GGT12C","09/04/2026 03:00 - 09/04/2026 04:00","100.28",""
"09/04/2026 00:00 - 10/04/2026 00:00","CTA|DE(Amprion)","Block GT 12","11WD7LUDW2GGT12C","Fossil Gas","11WD7LUDW2GGT12C","09/04/2026 04:00 - 09/04/2026 05:00","119.50",""
"09/04/2026 00:00 - 10/04/2026 00:00","CTA|DE(Amprion)","Block GT 12","11WD7LUDW2GGT12C","Fossil Gas","11WD7LUDW2GGT12C","09/04/2026 05:00 - 09/04/2026 06:00","157.32",""
"09/04/2026 00:00 - 10/04/2026 00:00","CTA|DE(Amprion)","Block GT 12","11WD7LUDW2GGT12C","Fossil Gas","11WD7LUDW2GGT12C","09/04/2026 06:00 - 09/04/2026 07:00","209.88",""
"09/04/2026 00:00 - 10/04/2026 00:00","CTA|DE(Amprion)","Block GT 12","11WD7LUDW2GGT12C","Fossil Gas","11WD7LUDW2GGT12C","09/04/2026 07:00 - 09/04/2026 08:00","212.25",""
"09/04/2026 00:00 - 10/04/2026 00:00","CTA|DE(Amprion)","Block GT 12","11WD7LUDW2GGT12C","Fossil Gas","11WD7LUDW2GGT12C","09/04/2026 08:00 - 09/04/2026 09:00","210.20",""
"09/04/2026 00:00 - 10/04/2026 00:00","CTA|DE(Amprion)","Block GT 12","11WD7LUDW2GGT12C","Fossil Gas","11WD7LUDW2GGT12C","09/04/2026 09:00 - 09/04/2026 10:00","196.72",""
"09/04/2026 00:00 - 10/04/2026 00:00","CTA|DE(Amprion)","Block GT 12","11WD7LUDW2GGT12C","Fossil Gas","11WD7LUDW2GGT12C","09/04/2026 10:00 - 09/04/2026 11:00","104.70",""
"09/04/2026 00:00 - 10/04/2026 00:00","CTA|DE(Amprion)","Block GT 12","11WD7LUDW2GGT12C","Fossil Gas","11WD7LUDW2GGT12C","09/04/2026 11:00 - 09/04/2026 12:00","85.83",""
"09/04/2026 00:00 - 10/04/2026 00:00","CTA|DE(Amprion)","Block GT 12","11WD7LUDW2GGT12C","Fossil Gas","11WD7LUDW2GGT12C","09/04/2026 12:00 - 09/04/2026 13:00","80.08",""
"09/04/2026 00:00 - 10/04/2026 00:00","CTA|DE(Amprion)","Block GT 12","11WD7LUDW2GGT12C","Fossil Gas","11WD7LUDW2GGT12C","09/04/2026 13:00 - 09/04/2026 14:00","77.78",""
"09/04/2026 00:00 - 10/04/2026 00:00","CTA|DE(Amprion)","Block GT 12","11WD7LUDW2GGT12C","Fossil Gas","11WD7LUDW2GGT12C","09/04/2026 14:00 - 09/04/2026 15:00","74.35",""
"09/04/2026 00:00 - 10/04/2026 00:00","CTA|DE(Amprion)","Block GT 12","11WD7LUDW2GGT12C","Fossil Gas","11WD7LUDW2GGT12C","09/04/2026 15:00 - 09/04/2026 16:00","74.10",""
"09/04/2026 00:00 - 10/04/2026 00:00","CTA|DE(Amprion)","Block GT 12","11WD7LUDW2GGT12C","Fossil Gas","11WD7LUDW2GGT12C","09/04/2026 16:00 - 09/04/2026 17:00","78.90",""
"09/04/2026 00:00 - 10/04/2026 00:00","CTA|DE(Amprion)","Block GT 12","11WD7LUDW2GGT12C","Fossil Gas","11WD7LUDW2GGT12C","09/04/2026 17:00 - 09/04/2026 18:00","146.68",""
"09/04/2026 00:00 - 10/04/2026 00:00","CTA|DE(Amprion)","Block GT 12","11WD7LUDW2GGT12C","Fossil Gas","11WD7LUDW2GGT12C","09/04/2026 18:00 - 09/04/2026 19:00","198.70",""
"09/04/2026 00:00 - 10/04/2026 00:00","CTA|DE(Amprion)","Block GT 12","11WD7LUDW2GGT12C","Fossil Gas","11WD7LUDW2GGT12C","09/04/2026 19:00 - 09/04/2026 20:00","205.82",""
"09/04/2026 00:00 - 10/04/2026 00:00","CTA|DE(Amprion)","Block GT 12","11WD7LUDW2GGT12C","Fossil Gas","11WD7LUDW2GGT12C","09/04/2026 20:00 - 09/04/2026 21:00","207.47",""
"09/04/2026 00:00 - 10/04/2026 00:00","CTA|DE(Amprion)","Block GT 12","11WD7LUDW2GGT12C","Fossil Gas","11WD7LUDW2GGT12C","09/04/2026 21:00 - 09/04/2026 22:00","208.38",""
"09/04/2026 00:00 - 10/04/2026 00:00","CTA|DE(Amprion)","Block GT 12","11WD7LUDW2GGT12C","Fossil Gas","11WD7LUDW2GGT12C","09/04/2026 22:00 - 09/04/2026 23:00","166.40",""
"09/04/2026 00:00 - 10/04/2026 00:00","CTA|DE(Amprion)","Block GT 12","11WD7LUDW2GGT12C","Fossil Gas","11WD7LUDW2GGT12C","09/04/2026 23:00 - 10/04/2026 00:00","92.92",""
"09/04/2026 00:00 - 10/04/2026 00:00","CTA|DE(Amprion)","Block GT1","11WD7LUDW5GSDG1Q","Fossil Gas","11WD7LUDW5GSDG1Q","09/04/2026 00:00 - 09/04/2026 01:00","115.33",""
"09/04/2026 00:00 - 10/04/2026 00:00","CTA|DE(Amprion)","Block GT1","11WD7LUDW5GSDG1Q","Fossil Gas","11WD7LUDW5GSDG1Q","09/04/2026 01:00 - 09/04/2026 02:00","115.45",""
"09/04/2026 00:00 - 10/04/2026 00:00","CTA|DE(Amprion)","Block GT1","11WD7LUDW5GSDG1Q","Fossil Gas","11WD7LUDW5GSDG1Q","09/04/2026 02:00 - 09/04/2026 03:00","115.10",""
"09/04/2026 00:00 - 10/04/2026 00:00","CTA|DE(Amprion)","Block GT1","11WD7LUDW5GSDG1Q","Fossil Gas","11WD7LUDW5GSDG1Q","09/04/2026 03:00 - 09/04/2026 04:00","114.75",""
"09/04/2026 00:00 - 10/04/2026 00:00","CTA|DE(Amprion)","Block GT1","11WD7LUDW5GSDG1Q","Fossil Gas","11WD7LUDW5GSDG1Q","09/04/2026 04:00 - 09/04/2026 05:00","110.70",""
"09/04/2026 00:00 - 10/04/2026 00:00","CTA|DE(Amprion)","Block GT1","11WD7LUDW5GSDG1Q","Fossil Gas","11WD7LUDW5GSDG1Q","09/04/2026 05:00 - 09/04/2026 06:00","115.65",""
"09/04/2026 00:00 - 10/04/2026 00:00","CTA|DE(Amprion)","Block GT1","11WD7LUDW5GSDG1Q","Fossil Gas","11WD7LUDW5GSDG1Q","09/04/2026 06:00 - 09/04/2026 07:00","154.13",""
"09/04/2026 00:00 - 10/04/2026 00:00","CTA|DE(Amprion)","Block GT1","11WD7LUDW5GSDG1Q","Fossil Gas","11WD7LUDW5GSDG1Q","09/04/2026 07:00 - 09/04/2026 08:00","153.32",""
"09/04/2026 00:00 - 10/04/2026 00:00","CTA|DE(Amprion)","Block GT1","11WD7LUDW5GSDG1Q","Fossil Gas","11WD7LUDW5GSDG1Q","09/04/2026 08:00 - 09/04/2026 09:00","148.68",""
"09/04/2026 00:00 - 10/04/2026 00:00","CTA|DE(Amprion)","Block GT1","11WD7LUDW5GSDG1Q","Fossil Gas","11WD7LUDW5GSDG1Q","09/04/2026 09:00 - 09/04/2026 10:00","112.28",""
"09/04/2026 00:00 - 10/04/2026 00:00","CTA|DE(Amprion)","Block GT1","11WD7LUDW5GSDG1Q","Fossil Gas","11WD7LUDW5GSDG1Q","09/04/2026 10:00 - 09/04/2026 11:00","110.20",""
"09/04/2026 00:00 - 10/04/2026 00:00","CTA|DE(Amprion)","Block GT1","11WD7LUDW5GSDG1Q","Fossil Gas","11WD7LUDW5GSDG1Q","09/04/2026 11:00 - 09/04/2026 12:00","110.10",""
"09/04/2026 00:00 - 10/04/2026 00:00","CTA|DE(Amprion)","Block GT1","11WD7LUDW5GSDG1Q","Fossil Gas","11WD7LUDW5GSDG1Q","09/04/2026 12:00 - 09/04/2026 13:00","110.10",""
"09/04/2026 00:00 - 10/04/2026 00:00","CTA|DE(Amprion)","Block GT1","11WD7LUDW5GSDG1Q","Fossil Gas","11WD7LUDW5GSDG1Q","09/04/2026 13:00 - 09/04/2026 14:00","110.30",""
"09/04/2026 00:00 - 10/04/2026 00:00","CTA|DE(Amprion)","Block GT1","11WD7LUDW5GSDG1Q","Fossil Gas","11WD7LUDW5GSDG1Q","09/04/2026 14:00 - 09/04/2026 15:00","110.20",""
"09/04/2026 00:00 - 10/04/2026 00:00","CTA|DE(Amprion)","Block GT1","11WD7LUDW5GSDG1Q","Fossil Gas","11WD7LUDW5GSDG1Q","09/04/2026 15:00 - 09/04/2026 16:00","110.10",""
"09/04/2026 00:00 - 10/04/2026 00:00","CTA|DE(Amprion)","Block GT1","11WD7LUDW5GSDG1Q","Fossil Gas","11WD7LUDW5GSDG1Q","09/04/2026 16:00 - 09/04/2026 17:00","110.10",""
"09/04/2026 00:00 - 10/04/2026 00:00","CTA|DE(Amprion)","Block GT1","11WD7LUDW5GSDG1Q","Fossil Gas","11WD7LUDW5GSDG1Q","09/04/2026 17:00 - 09/04/2026 18:00","123.83",""
"09/04/2026 00:00 - 10/04/2026 00:00","CTA|DE(Amprion)","Block GT1","11WD7LUDW5GSDG1Q","Fossil Gas","11WD7LUDW5GSDG1Q","09/04/2026 18:00 - 09/04/2026 19:00","146.72",""
"09/04/2026 00:00 - 10/04/2026 00:00","CTA|DE(Amprion)","Block GT1","11WD7LUDW5GSDG1Q","Fossil Gas","11WD7LUDW5GSDG1Q","09/04/2026 19:00 - 09/04/2026 20:00","149.18",""
"09/04/2026 00:00 - 10/04/2026 00:00","CTA|DE(Amprion)","Block GT1","11WD7LUDW5GSDG1Q","Fossil Gas","11WD7LUDW5GSDG1Q","09/04/2026 20:00 - 09/04/2026 21:00","134.97",""
"09/04/2026 00:00 - 10/04/2026 00:00","CTA|DE(Amprion)","Block GT1","11WD7LUDW5GSDG1Q","Fossil Gas","11WD7LUDW5GSDG1Q","09/04/2026 21:00 - 09/04/2026 22:00","141.18",""
"09/04/2026 00:00 - 10/04/2026 00:00","CTA|DE(Amprion)","Block GT1","11WD7LUDW5GSDG1Q","Fossil Gas","11WD7LUDW5GSDG1Q","09/04/2026 22:00 - 09/04/2026 23:00","123.15",""
"09/04/2026 00:00 - 10/04/2026 00:00","CTA|DE(Amprion)","Block GT1","11WD7LUDW5GSDG1Q","Fossil Gas","11WD7LUDW5GSDG1Q","09/04/2026 23:00 - 10/04/2026 00:00","122.60",""
"09/04/2026 00:00 - 10/04/2026 00:00","CTA|DE(Amprion)","Block GT2","11WD7LUDW5GSDG2O","Fossil Gas","11WD7LUDW5GSDG2O","09/04/2026 00:00 - 09/04/2026 01:00","115.10",""
"09/04/2026 00:00 - 10/04/2026 00:00","CTA|DE(Amprion)","Block GT2","11WD7LUDW5GSDG2O","Fossil Gas","11WD7LUDW5GSDG2O","09/04/2026 01:00 - 09/04/2026 02:00","115.22",""
"09/04/2026 00:00 - 10/04/2026 00:00","CTA|DE(Amprion)","Block GT2","11WD7LUDW5GSDG2O","Fossil Gas","11WD7LUDW5GSDG2O","09/04/2026 02:00 - 09/04/2026 03:00","114.85",""
"09/04/2026 00:00 - 10/04/2026 00:00","CTA|DE(Amprion)","Block GT2","11WD7LUDW5GSDG2O","Fossil Gas","11WD7LUDW5GSDG2O","09/04/2026 03:00 - 09/04/2026 04:00","114.58",""
"09/04/2026 00:00 - 10/04/2026 00:00","CTA|DE(Amprion)","Block GT2","11WD7LUDW5GSDG2O","Fossil Gas","11WD7LUDW5GSDG2O","09/04/2026 04:00 - 09/04/2026 05:00","106.55",""
"09/04/2026 00:00 - 10/04/2026 00:00","CTA|DE(Amprion)","Block GT2","11WD7LUDW5GSDG2O","Fossil Gas","11WD7LUDW5GSDG2O","09/04/2026 05:00 - 09/04/2026 06:00","115.42",""
"09/04/2026 00:00 - 10/04/2026 00:00","CTA|DE(Amprion)","Block GT2","11WD7LUDW5GSDG2O","Fossil Gas","11WD7LUDW5GSDG2O","09/04/2026 06:00 - 09/04/2026 07:00","154.00",""
"09/04/2026 00:00 - 10/04/2026 00:00","CTA|DE(Amprion)","Block GT2","11WD7LUDW5GSDG2O","Fossil Gas","11WD7LUDW5GSDG2O","09/04/2026 07:00 - 09/04/2026 08:00","153.38",""
"09/04/2026 00:00 - 10/04/2026 00:00","CTA|DE(Amprion)","Block GT2","11WD7LUDW5GSDG2O","Fossil Gas","11WD7LUDW5GSDG2O","09/04/2026 08:00 - 09/04/2026 09:00","148.32",""
"09/04/2026 00:00 - 10/04/2026 00:00","CTA|DE(Amprion)","Block GT2","11WD7LUDW5GSDG2O","Fossil Gas","11WD7LUDW5GSDG2O","09/04/2026 09:00 - 09/04/2026 10:00","108.63",""
"09/04/2026 00:00 - 10/04/2026 00:00","CTA|DE(Amprion)","Block GT2","11WD7LUDW5GSDG2O","Fossil Gas","11WD7LUDW5GSDG2O","09/04/2026 10:00 - 09/04/2026 11:00","91.70",""
"09/04/2026 00:00 - 10/04/2026 00:00","CTA|DE(Amprion)","Block GT2","11WD7LUDW5GSDG2O","Fossil Gas","11WD7LUDW5GSDG2O","09/04/2026 11:00 - 09/04/2026 12:00","89.70",""
"09/04/2026 00:00 - 10/04/2026 00:00","CTA|DE(Amprion)","Block GT2","11WD7LUDW5GSDG2O","Fossil Gas","11WD7LUDW5GSDG2O","09/04/2026 12:00 - 09/04/2026 13:00","88.78",""
"09/04/2026 00:00 - 10/04/2026 00:00","CTA|DE(Amprion)","Block GT2","11WD7LUDW5GSDG2O","Fossil Gas","11WD7LUDW5GSDG2O","09/04/2026 13:00 - 09/04/2026 14:00","89.05",""
"09/04/2026 00:00 - 10/04/2026 00:00","CTA|DE(Amprion)","Block GT2","11WD7LUDW5GSDG2O","Fossil Gas","11WD7LUDW5GSDG2O","09/04/2026 14:00 - 09/04/2026 15:00","88.42",""
"09/04/2026 00:00 - 10/04/2026 00:00","CTA|DE(Amprion)","Block GT2","11WD7LUDW5GSDG2O","Fossil Gas","11WD7LUDW5GSDG2O","09/04/2026 15:00 - 09/04/2026 16:00","88.70",""
"09/04/2026 00:00 - 10/04/2026 00:00","CTA|DE(Amprion)","Block GT2","11WD7LUDW5GSDG2O","Fossil Gas","11WD7LUDW5GSDG2O","09/04/2026 16:00 - 09/04/2026 17:00","88.92",""
"09/04/2026 00:00 - 10/04/2026 00:00","CTA|DE(Amprion)","Block GT2","11WD7LUDW5GSDG2O","Fossil Gas","11WD7LUDW5GSDG2O","09/04/2026 17:00 - 09/04/2026 18:00","122.35",""
"09/04/2026 00:00 - 10/04/2026 00:00","CTA|DE(Amprion)","Block GT2","11WD7LUDW5GSDG2O","Fossil Gas","11WD7LUDW5GSDG2O","09/04/2026 18:00 - 09/04/2026 19:00","146.65",""
"09/04/2026 00:00 - 10/04/2026 00:00","CTA|DE(Amprion)","Block GT2","11WD7LUDW5GSDG2O","Fossil Gas","11WD7LUDW5GSDG2O","09/04/2026 19:00 - 09/04/2026 20:00","149.05",""
"09/04/2026 00:00 - 10/04/2026 00:00","CTA|DE(Amprion)","Block GT2","11WD7LUDW5GSDG2O","Fossil Gas","11WD7LUDW5GSDG2O","09/04/2026 20:00 - 09/04/2026 21:00","134.90",""
"09/04/2026 00:00 - 10/04/2026 00:00","CTA|DE(Amprion)","Block GT2","11WD7LUDW5GSDG2O","Fossil Gas","11WD7LUDW5GSDG2O","09/04/2026 21:00 - 09/04/2026 22:00","141.00",""
"09/04/2026 00:00 - 10/04/2026 00:00","CTA|DE(Amprion)","Block GT2","11WD7LUDW5GSDG2O","Fossil Gas","11WD7LUDW5GSDG2O","09/04/2026 22:00 - 09/04/2026 23:00","122.97",""
"09/04/2026 00:00 - 10/04/2026 00:00","CTA|DE(Amprion)","Block GT2","11WD7LUDW5GSDG2O","Fossil Gas","11WD7LUDW5GSDG2O","09/04/2026 23:00 - 10/04/2026 00:00","121.95",""
"09/04/2026 00:00 - 10/04/2026 00:00","CTA|DE(Amprion)","BEXBACH_A_GESAMT","11WD7MITB1C---A1","Fossil Hard coal","11WD7MITB1C---A1","09/04/2026 00:00 - 09/04/2026 01:00","0.00",""
"09/04/2026 00:00 - 10/04/2026 00:00","CTA|DE(Amprion)","BEXBACH_A_GESAMT","11WD7MITB1C---A1","Fossil Hard coal","11WD7MITB1C---A1","09/04/2026 01:00 - 09/04/2026 02:00","0.00",""
"09/04/2026 00:00 - 10/04/2026 00:00","CTA|DE(Amprion)","BEXBACH_A_GESAMT","11WD7MITB1C---A1","Fossil Hard coal","11WD7MITB1C---A1","09/04/2026 02:00 - 09/04/2026 03:00","0.00",""
"09/04/2026 00:00 - 10/04/2026 00:00","CTA|DE(Amprion)","BEXBACH_A_GESAMT","11WD7MITB1C---A1","Fossil Hard coal","11WD7MITB1C---A1","09/04/2026 03:00 - 09/04/2026 04:00","0.00",""
"09/04/2026 00:00 - 10/04/2026 00:00","CTA|DE(Amprion)","BEXBACH_A_GESAMT","11WD7MITB1C---A1","Fossil Hard coal","11WD7MITB1C---A1","09/04/2026 04:00 - 09/04/2026 05:00","0.00",""
"09/04/2026 00:00 - 10/04/2026 00:00","CTA|DE(Amprion)","BEXBACH_A_GESAMT","11WD7MITB1C---A1","Fossil Hard coal","11WD7MITB1C---A1","09/04/2026 05:00 - 09/04/2026 06:00","0.00",""
"09/04/2026 00:00 - 10/04/2026 00:00","CTA|DE(Amprion)","BEXBACH_A_GESAMT","11WD7MITB1C---A1","Fossil Hard coal","11WD7MITB1C---A1","09/04/2026 06:00 - 09/04/2026 07:00","0.00",""
"09/04/2026 00:00 - 10/04/2026 00:00","CTA|DE(Amprion)","BEXBACH_A_GESAMT","11WD7MITB1C---A1","Fossil Hard coal","11WD7MITB1C---A1","09/04/2026 07:00 - 09/04/2026 08:00","0.00",""
"09/04/2026 00:00 - 10/04/2026 00:00","CTA|DE(Amprion)","BEXBACH_A_GESAMT","11WD7MITB1C---A1","Fossil Hard coal","11WD7MITB1C---A1","09/04/2026 08:00 - 09/04/2026 09:00","0.00",""
"09/04/2026 00:00 - 10/04/2026 00:00","CTA|DE(Amprion)","BEXBACH_A_GESAMT","11WD7MITB1C---A1","Fossil Hard coal","11WD7MITB1C---A1","09/04/2026 09:00 - 09/04/2026 10:00","0.00",""
"09/04/2026 00:00 - 10/04/2026 00:00","CTA|DE(Amprion)","BEXBACH_A_GESAMT","11WD7MITB1C---A1","Fossil Hard coal","11WD7MITB1C---A1","09/04/2026 10:00 - 09/04/2026 11:00","0.00",""
"09/04/2026 00:00 - 10/04/2026 00:00","CTA|DE(Amprion)","BEXBACH_A_GESAMT","11WD7MITB1C---A1","Fossil Hard coal","11WD7MITB1C---A1","09/04/2026 11:00 - 09/04/2026 12:00","0.00",""
"09/04/2026 00:00 - 10/04/2026 00:00","CTA|DE(Amprion)","BEXBACH_A_GESAMT","11WD7MITB1C---A1","Fossil Hard coal","11WD7MITB1C---A1","09/04/2026 12:00 - 09/04/2026 13:00","0.00",""
"09/04/2026 00:00 - 10/04/2026 00:00","CTA|DE(Amprion)","BEXBACH_A_GESAMT","11WD7MITB1C---A1","Fossil Hard coal","11WD7MITB1C---A1","09/04/2026 13:00 - 09/04/2026 14:00","0.00",""
"09/04/2026 00:00 - 10/04/2026 00:00","CTA|DE(Amprion)","BEXBACH_A_GESAMT","11WD7MITB1C---A1","Fossil Hard coal","11WD7MITB1C---A1","09/04/2026 14:00 - 09/04/2026 15:00","0.00",""
"09/04/2026 00:00 - 10/04/2026 00:00","CTA|DE(Amprion)","BEXBACH_A_GESAMT","11WD7MITB1C---A1","Fossil Hard coal","11WD7MITB1C---A1","09/04/2026 15:00 - 09/04/2026 16:00","0.00",""
"09/04/2026 00:00 - 10/04/2026 00:00","CTA|DE(Amprion)","BEXBACH_A_GESAMT","11WD7MITB1C---A1","Fossil Hard coal","11WD7MITB1C---A1","09/04/2026 16:00 - 09/04/2026 17:00","0.00",""
"09/04/2026 00:00 - 10/04/2026 00:00","CTA|DE(Amprion)","BEXBACH_A_GESAMT","11WD7MITB1C---A1","Fossil Hard coal","11WD7MITB1C---A1","09/04/2026 17:00 - 09/04/2026 18:00","0.00",""
"09/04/2026 00:00 - 10/04/2026 00:00","CTA|DE(Amprion)","BEXBACH_A_GESAMT","11WD7MITB1C---A1","Fossil Hard coal","11WD7MITB1C---A1","09/04/2026 18:00 - 09/04/2026 19:00","0.00",""
"09/04/2026 00:00 - 10/04/2026 00:00","CTA|DE(Amprion)","BEXBACH_A_GESAMT","11WD7MITB1C---A1","Fossil Hard coal","11WD7MITB1C---A1","09/04/2026 19:00 - 09/04/2026 20:00","0.00",""
"09/04/2026 00:00 - 10/04/2026 00:00","CTA|DE(Amprion)","BEXBACH_A_GESAMT","11WD7MITB1C---A1","Fossil Hard coal","11WD7MITB1C---A1","09/04/2026 20:00 - 09/04/2026 21:00","0.00",""
"09/04/2026 00:00 - 10/04/2026 00:00","CTA|DE(Amprion)","BEXBACH_A_GESAMT","11WD7MITB1C---A1","Fossil Hard coal","11WD7MITB1C---A1","09/04/2026 21:00 - 09/04/2026 22:00","0.00",""
"09/04/2026 00:00 - 10/04/2026 00:00","CTA|DE(Amprion)","BEXBACH_A_GESAMT","11WD7MITB1C---A1","Fossil Hard coal","11WD7MITB1C---A1","09/04/2026 22:00 - 09/04/2026 23:00","0.00",""
"09/04/2026 00:00 - 10/04/2026 00:00","CTA|DE(Amprion)","BEXBACH_A_GESAMT","11WD7MITB1C---A1","Fossil Hard coal","11WD7MITB1C---A1","09/04/2026 23:00 - 10/04/2026 00:00","0.00",""
"09/04/2026 00:00 - 10/04/2026 00:00","CTA|DE(Amprion)","Neurath F","11WD7NEUR1B--F-L","Fossil Brown coal/Lignite","11WD7NEUR1B--F-L","09/04/2026 00:00 - 09/04/2026 01:00","1007.20",""
"09/04/2026 00:00 - 10/04/2026 00:00","CTA|DE(Amprion)","Neurath F","11WD7NEUR1B--F-L","Fossil Brown coal/Lignite","11WD7NEUR1B--F-L","09/04/2026 01:00 - 09/04/2026 02:00","1017.25",""
"09/04/2026 00:00 - 10/04/2026 00:00","CTA|DE(Amprion)","Neurath F","11WD7NEUR1B--F-L","Fossil Brown coal/Lignite","11WD7NEUR1B--F-L","09/04/2026 02:00 - 09/04/2026 03:00","1017.13",""
"09/04/2026 00:00 - 10/04/2026 00:00","CTA|DE(Amprion)","Neurath F","11WD7NEUR1B--F-L","Fossil Brown coal/Lignite","11WD7NEUR1B--F-L","09/04/2026 03:00 - 09/04/2026 04:00","1019.67",""
"09/04/2026 00:00 - 10/04/2026 00:00","CTA|DE(Amprion)","Neurath F","11WD7NEUR1B--F-L","Fossil Brown coal/Lignite","11WD7NEUR1B--F-L","09/04/2026 04:00 - 09/04/2026 05:00","1013.83",""
"09/04/2026 00:00 - 10/04/2026 00:00","CTA|DE(Amprion)","Neurath F","11WD7NEUR1B--F-L","Fossil Brown coal/Lignite","11WD7NEUR1B--F-L","09/04/2026 05:00 - 09/04/2026 06:00","1017.73",""
"09/04/2026 00:00 - 10/04/2026 00:00","CTA|DE(Amprion)","Neurath F","11WD7NEUR1B--F-L","Fossil Brown coal/Lignite","11WD7NEUR1B--F-L","09/04/2026 06:00 - 09/04/2026 07:00","1016.27",""
"09/04/2026 00:00 - 10/04/2026 00:00","CTA|DE(Amprion)","Neurath F","11WD7NEUR1B--F-L","Fossil Brown coal/Lignite","11WD7NEUR1B--F-L","09/04/2026 07:00 - 09/04/2026 08:00","1018.30",""
"09/04/2026 00:00 - 10/04/2026 00:00","CTA|DE(Amprion)","Neurath F","11WD7NEUR1B--F-L","Fossil Brown coal/Lignite","11WD7NEUR1B--F-L","09/04/2026 08:00 - 09/04/2026 09:00","1016.02",""
"09/04/2026 00:00 - 10/04/2026 00:00","CTA|DE(Amprion)","Neurath F","11WD7NEUR1B--F-L","Fossil Brown coal/Lignite","11WD7NEUR1B--F-L","09/04/2026 09:00 - 09/04/2026 10:00","954.02",""
"09/04/2026 00:00 - 10/04/2026 00:00","CTA|DE(Amprion)","Neurath F","11WD7NEUR1B--F-L","Fossil Brown coal/Lignite","11WD7NEUR1B--F-L","09/04/2026 10:00 - 09/04/2026 11:00","516.92",""
"09/04/2026 00:00 - 10/04/2026 00:00","CTA|DE(Amprion)","Neurath F","11WD7NEUR1B--F-L","Fossil Brown coal/Lignite","11WD7NEUR1B--F-L","09/04/2026 11:00 - 09/04/2026 12:00","435.95",""
"09/04/2026 00:00 - 10/04/2026 00:00","CTA|DE(Amprion)","Neurath F","11WD7NEUR1B--F-L","Fossil Brown coal/Lignite","11WD7NEUR1B--F-L","09/04/2026 12:00 - 09/04/2026 13:00","433.68",""
"09/04/2026 00:00 - 10/04/2026 00:00","CTA|DE(Amprion)","Neurath F","11WD7NEUR1B--F-L","Fossil Brown coal/Lignite","11WD7NEUR1B--F-L","09/04/2026 13:00 - 09/04/2026 14:00","434.75",""
"09/04/2026 00:00 - 10/04/2026 00:00","CTA|DE(Amprion)","Neurath F","11WD7NEUR1B--F-L","Fossil Brown coal/Lignite","11WD7NEUR1B--F-L","09/04/2026 14:00 - 09/04/2026 15:00","432.43",""
"09/04/2026 00:00 - 10/04/2026 00:00","CTA|DE(Amprion)","Neurath F","11WD7NEUR1B--F-L","Fossil Brown coal/Lignite","11WD7NEUR1B--F-L","09/04/2026 15:00 - 09/04/2026 16:00","453.63",""
"09/04/2026 00:00 - 10/04/2026 00:00","CTA|DE(Amprion)","Neurath F","11WD7NEUR1B--F-L","Fossil Brown coal/Lignite","11WD7NEUR1B--F-L","09/04/2026 16:00 - 09/04/2026 17:00","448.93",""
"09/04/2026 00:00 - 10/04/2026 00:00","CTA|DE(Amprion)","Neurath F","11WD7NEUR1B--F-L","Fossil Brown coal/Lignite","11WD7NEUR1B--F-L","09/04/2026 17:00 - 09/04/2026 18:00","681.88",""
"09/04/2026 00:00 - 10/04/2026 00:00","CTA|DE(Amprion)","Neurath F","11WD7NEUR1B--F-L","Fossil Brown coal/Lignite","11WD7NEUR1B--F-L","09/04/2026 18:00 - 09/04/2026 19:00","1011.73",""
"09/04/2026 00:00 - 10/04/2026 00:00","CTA|DE(Amprion)","Neurath F","11WD7NEUR1B--F-L","Fossil Brown coal/Lignite","11WD7NEUR1B--F-L","09/04/2026 19:00 - 09/04/2026 20:00","1007.00",""
"09/04/2026 00:00 - 10/04/2026 00:00","CTA|DE(Amprion)","Neurath F","11WD7NEUR1B--F-L","Fossil Brown coal/Lignite","11WD7NEUR1B--F-L","09/04/2026 20:00 - 09/04/2026 21:00","1002.40",""
"09/04/2026 00:00 - 10/04/2026 00:00","CTA|DE(Amprion)","Neurath F","11WD7NEUR1B--F-L","Fossil Brown coal/Lignite","11WD7NEUR1B--F-L","09/04/2026 21:00 - 09/04/2026 22:00","995.25",""
"09/04/2026 00:00 - 10/04/2026 00:00","CTA|DE(Amprion)","Neurath F","11WD7NEUR1B--F-L","Fossil Brown coal/Lignite","11WD7NEUR1B--F-L","09/04/2026 22:00 - 09/04/2026 23:00","1002.35",""
"09/04/2026 00:00 - 10/04/2026 00:00","CTA|DE(Amprion)","Neurath F","11WD7NEUR1B--F-L","Fossil Brown coal/Lignite","11WD7NEUR1B--F-L","09/04/2026 23:00 - 10/04/2026 00:00","1003.08",""
"09/04/2026 00:00 - 10/04/2026 00:00","CTA|DE(Amprion)","Neurath G","11WD7NEUR1B--G-I","Fossil Brown coal/Lignite","11WD7NEUR1B--G-I","09/04/2026 00:00 - 09/04/2026 01:00","0.00",""
"09/04/2026 00:00 - 10/04/2026 00:00","CTA|DE(Amprion)","Neurath G","11WD7NEUR1B--G-I","Fossil Brown coal/Lignite","11WD7NEUR1B--G-I","09/04/2026 01:00 - 09/04/2026 02:00","0.00",""
"09/04/2026 00:00 - 10/04/2026 00:00","CTA|DE(Amprion)","Neurath G","11WD7NEUR1B--G-I","Fossil Brown coal/Lignite","11WD7NEUR1B--G-I","09/04/2026 02:00 - 09/04/2026 03:00","0.00",""
"09/04/2026 00:00 - 10/04/2026 00:00","CTA|DE(Amprion)","Neurath G","11WD7NEUR1B--G-I","Fossil Brown coal/Lignite","11WD7NEUR1B--G-I","09/04/2026 03:00 - 09/04/2026 04:00","0.00",""
"09/04/2026 00:00 - 10/04/2026 00:00","CTA|DE(Amprion)","Neurath G","11WD7NEUR1B--G-I","Fossil Brown coal/Lignite","11WD7NEUR1B--G-I","09/04/2026 04:00 - 09/04/2026 05:00","0.00",""
"09/04/2026 00:00 - 10/04/2026 00:00","CTA|DE(Amprion)","Neurath G","11WD7NEUR1B--G-I","Fossil Brown coal/Lignite","11WD7NEUR1B--G-I","09/04/2026 05:00 - 09/04/2026 06:00","0.00",""
"09/04/2026 00:00 - 10/04/2026 00:00","CTA|DE(Amprion)","Neurath G","11WD7NEUR1B--G-I","Fossil Brown coal/Lignite","11WD7NEUR1B--G-I","09/04/2026 06:00 - 09/04/2026 07:00","0.00",""
"09/04/2026 00:00 - 10/04/2026 00:00","CTA|DE(Amprion)","Neurath G","11WD7NEUR1B--G-I","Fossil Brown coal/Lignite","11WD7NEUR1B--G-I","09/04/2026 07:00 - 09/04/2026 08:00","0.00",""
"09/04/2026 00:00 - 10/04/2026 00:00","CTA|DE(Amprion)","Neurath G","11WD7NEUR1B--G-I","Fossil Brown coal/Lignite","11WD7NEUR1B--G-I","09/04/2026 08:00 - 09/04/2026 09:00","0.00",""
"09/04/2026 00:00 - 10/04/2026 00:00","CTA|DE(Amprion)","Neurath G","11WD7NEUR1B--G-I","Fossil Brown coal/Lignite","11WD7NEUR1B--G-I","09/04/2026 09:00 - 09/04/2026 10:00","0.00",""
"09/04/2026 00:00 - 10/04/2026 00:00","CTA|DE(Amprion)","Neurath G","11WD7NEUR1B--G-I","Fossil Brown coal/Lignite","11WD7NEUR1B--G-I","09/04/2026 10:00 - 09/04/2026 11:00","0.00",""
"09/04/2026 00:00 - 10/04/2026 00:00","CTA|DE(Amprion)","Neurath G","11WD7NEUR1B--G-I","Fossil Brown coal/Lignite","11WD7NEUR1B--G-I","09/04/2026 11:00 - 09/04/2026 12:00","0.00",""
"09/04/2026 00:00 - 10/04/2026 00:00","CTA|DE(Amprion)","Neurath G","11WD7NEUR1B--G-I","Fossil Brown coal/Lignite","11WD7NEUR1B--G-I","09/04/2026 12:00 - 09/04/2026 13:00","0.00",""
"09/04/2026 00:00 - 10/04/2026 00:00","CTA|DE(Amprion)","Neurath G","11WD7NEUR1B--G-I","Fossil Brown coal/Lignite","11WD7NEUR1B--G-I","09/04/2026 13:00 - 09/04/2026 14:00","0.00",""
"09/04/2026 00:00 - 10/04/2026 00:00","CTA|DE(Amprion)","Neurath G","11WD7NEUR1B--G-I","Fossil Brown coal/Lignite","11WD7NEUR1B--G-I","09/04/2026 14:00 - 09/04/2026 15:00","0.00",""
"09/04/2026 00:00 - 10/04/2026 00:00","CTA|DE(Amprion)","Neurath G","11WD7NEUR1B--G-I","Fossil Brown coal/Lignite","11WD7NEUR1B--G-I","09/04/2026 15:00 - 09/04/2026 16:00","0.00",""
"09/04/2026 00:00 - 10/04/2026 00:00","CTA|DE(Amprion)","Neurath G","11WD7NEUR1B--G-I","Fossil Brown coal/Lignite","11WD7NEUR1B--G-I","09/04/2026 16:00 - 09/04/2026 17:00","0.00",""
"09/04/2026 00:00 - 10/04/2026 00:00","CTA|DE(Amprion)","Neurath G","11WD7NEUR1B--G-I","Fossil Brown coal/Lignite","11WD7NEUR1B--G-I","09/04/2026 17:00 - 09/04/2026 18:00","0.00",""
"09/04/2026 00:00 - 10/04/2026 00:00","CTA|DE(Amprion)","Neurath G","11WD7NEUR1B--G-I","Fossil Brown coal/Lignite","11WD7NEUR1B--G-I","09/04/2026 18:00 - 09/04/2026 19:00","0.00",""
"09/04/2026 00:00 - 10/04/2026 00:00","CTA|DE(Amprion)","Neurath G","11WD7NEUR1B--G-I","Fossil Brown coal/Lignite","11WD7NEUR1B--G-I","09/04/2026 19:00 - 09/04/2026 20:00","0.00",""
"09/04/2026 00:00 - 10/04/2026 00:00","CTA|DE(Amprion)","Neurath G","11WD7NEUR1B--G-I","Fossil Brown coal/Lignite","11WD7NEUR1B--G-I","09/04/2026 20:00 - 09/04/2026 21:00","0.00",""
"09/04/2026 00:00 - 10/04/2026 00:00","CTA|DE(Amprion)","Neurath G","11WD7NEUR1B--G-I","Fossil Brown coal/Lignite","11WD7NEUR1B--G-I","09/04/2026 21:00 - 09/04/2026 22:00","0.00",""
"09/04/2026 00:00 - 10/04/2026 00:00","CTA|DE(Amprion)","Neurath G","11WD7NEUR1B--G-I","Fossil Brown coal/Lignite","11WD7NEUR1B--G-I","09/04/2026 22:00 - 09/04/2026 23:00","0.00",""
"09/04/2026 00:00 - 10/04/2026 00:00","CTA|DE(Amprion)","Neurath G","11WD7NEUR1B--G-I","Fossil Brown coal/Lignite","11WD7NEUR1B--G-I","09/04/2026 23:00 - 10/04/2026 00:00","0.00",""
"09/04/2026 00:00 - 10/04/2026 00:00","CTA|DE(Amprion)","Niederaußem G","11WD7NIED1B--G-C","Fossil Brown coal/Lignite","11WD7NIED1B--G-C","09/04/2026 00:00 - 09/04/2026 01:00","584.60",""
"09/04/2026 00:00 - 10/04/2026 00:00","CTA|DE(Amprion)","Niederaußem G","11WD7NIED1B--G-C","Fossil Brown coal/Lignite","11WD7NIED1B--G-C","09/04/2026 01:00 - 09/04/2026 02:00","581.05",""
"09/04/2026 00:00 - 10/04/2026 00:00","CTA|DE(Amprion)","Niederaußem G","11WD7NIED1B--G-C","Fossil Brown coal/Lignite","11WD7NIED1B--G-C","09/04/2026 02:00 - 09/04/2026 03:00","584.63",""
"09/04/2026 00:00 - 10/04/2026 00:00","CTA|DE(Amprion)","Niederaußem G","11WD7NIED1B--G-C","Fossil Brown coal/Lignite","11WD7NIED1B--G-C","09/04/2026 03:00 - 09/04/2026 04:00","582.30",""
"09/04/2026 00:00 - 10/04/2026 00:00","CTA|DE(Amprion)","Niederaußem G","11WD7NIED1B--G-C","Fossil Brown coal/Lignite","11WD7NIED1B--G-C","09/04/2026 04:00 - 09/04/2026 05:00","587.95",""
"09/04/2026 00:00 - 10/04/2026 00:00","CTA|DE(Amprion)","Niederaußem G","11WD7NIED1B--G-C","Fossil Brown coal/Lignite","11WD7NIED1B--G-C","09/04/2026 05:00 - 09/04/2026 06:00","593.63",""
"09/04/2026 00:00 - 10/04/2026 00:00","CTA|DE(Amprion)","Niederaußem G","11WD7NIED1B--G-C","Fossil Brown coal/Lignite","11WD7NIED1B--G-C","09/04/2026 06:00 - 09/04/2026 07:00","593.58",""
"09/04/2026 00:00 - 10/04/2026 00:00","CTA|DE(Amprion)","Niederaußem G","11WD7NIED1B--G-C","Fossil Brown coal/Lignite","11WD7NIED1B--G-C","09/04/2026 07:00 - 09/04/2026 08:00","591.63",""
"09/04/2026 00:00 - 10/04/2026 00:00","CTA|DE(Amprion)","Niederaußem G","11WD7NIED1B--G-C","Fossil Brown coal/Lignite","11WD7NIED1B--G-C","09/04/2026 08:00 - 09/04/2026 09:00","593.88",""
"09/04/2026 00:00 - 10/04/2026 00:00","CTA|DE(Amprion)","Niederaußem G","11WD7NIED1B--G-C","Fossil Brown coal/Lignite","11WD7NIED1B--G-C","09/04/2026 09:00 - 09/04/2026 10:00","439.27",""
"09/04/2026 00:00 - 10/04/2026 00:00","CTA|DE(Amprion)","Niederaußem G","11WD7NIED1B--G-C","Fossil Brown coal/Lignite","11WD7NIED1B--G-C","09/04/2026 10:00 - 09/04/2026 11:00","295.45",""
"09/04/2026 00:00 - 10/04/2026 00:00","CTA|DE(Amprion)","Niederaußem G","11WD7NIED1B--G-C","Fossil Brown coal/Lignite","11WD7NIED1B--G-C","09/04/2026 11:00 - 09/04/2026 12:00","280.57",""
"09/04/2026 00:00 - 10/04/2026 00:00","CTA|DE(Amprion)","Niederaußem G","11WD7NIED1B--G-C","Fossil Brown coal/Lignite","11WD7NIED1B--G-C","09/04/2026 12:00 - 09/04/2026 13:00","278.98",""
"09/04/2026 00:00 - 10/04/2026 00:00","CTA|DE(Amprion)","Niederaußem G","11WD7NIED1B--G-C","Fossil Brown coal/Lignite","11WD7NIED1B--G-C","09/04/2026 13:00 - 09/04/2026 14:00","279.77",""
"09/04/2026 00:00 - 10/04/2026 00:00","CTA|DE(Amprion)","Niederaußem G","11WD7NIED1B--G-C","Fossil Brown coal/Lignite","11WD7NIED1B--G-C","09/04/2026 14:00 - 09/04/2026 15:00","277.85",""
"09/04/2026 00:00 - 10/04/2026 00:00","CTA|DE(Amprion)","Niederaußem G","11WD7NIED1B--G-C","Fossil Brown coal/Lignite","11WD7NIED1B--G-C","09/04/2026 15:00 - 09/04/2026 16:00","276.73",""
"09/04/2026 00:00 - 10/04/2026 00:00","CTA|DE(Amprion)","Niederaußem G","11WD7NIED1B--G-C","Fossil Brown coal/Lignite","11WD7NIED1B--G-C","09/04/2026 16:00 - 09/04/2026 17:00","280.95",""
"09/04/2026 00:00 - 10/04/2026 00:00","CTA|DE(Amprion)","Niederaußem G","11WD7NIED1B--G-C","Fossil Brown coal/Lignite","11WD7NIED1B--G-C","09/04/2026 17:00 - 09/04/2026 18:00","431.73",""
"09/04/2026 00:00 - 10/04/2026 00:00","CTA|DE(Amprion)","Niederaußem G","11WD7NIED1B--G-C","Fossil Brown coal/Lignite","11WD7NIED1B--G-C","09/04/2026 18:00 - 09/04/2026 19:00","574.25",""
"09/04/2026 00:00 - 10/04/2026 00:00","CTA|DE(Amprion)","Niederaußem G","11WD7NIED1B--G-C","Fossil Brown coal/Lignite","11WD7NIED1B--G-C","09/04/2026 19:00 - 09/04/2026 20:00","573.63",""
"09/04/2026 00:00 - 10/04/2026 00:00","CTA|DE(Amprion)","Niederaußem G","11WD7NIED1B--G-C","Fossil Brown coal/Lignite","11WD7NIED1B--G-C","09/04/2026 20:00 - 09/04/2026 21:00","578.00",""
"09/04/2026 00:00 - 10/04/2026 00:00","CTA|DE(Amprion)","Niederaußem G","11WD7NIED1B--G-C","Fossil Brown coal/Lignite","11WD7NIED1B--G-C","09/04/2026 21:00 - 09/04/2026 22:00","583.65",""
"09/04/2026 00:00 - 10/04/2026 00:00","CTA|DE(Amprion)","Niederaußem G","11WD7NIED1B--G-C","Fossil Brown coal/Lignite","11WD7NIED1B--G-C","09/04/2026 22:00 - 09/04/2026 23:00","548.52",""
"09/04/2026 00:00 - 10/04/2026 00:00","CTA|DE(Amprion)","Niederaußem G","11WD7NIED1B--G-C","Fossil Brown coal/Lignite","11WD7NIED1B--G-C","09/04/2026 23:00 - 10/04/2026 00:00","350.18",""
"09/04/2026 00:00 - 10/04/2026 00:00","CTA|DE(Amprion)","Niederaußem H","11WD7NIED1B--H-9","Fossil Brown coal/Lignite","11WD7NIED1B--H-9","09/04/2026 00:00 - 09/04/2026 01:00","484.77",""
"09/04/2026 00:00 - 10/04/2026 00:00","CTA|DE(Amprion)","Niederaußem H","11WD7NIED1B--H-9","Fossil Brown coal/Lignite","11WD7NIED1B--H-9","09/04/2026 01:00 - 09/04/2026 02:00","481.75",""
"09/04/2026 00:00 - 10/04/2026 00:00","CTA|DE(Amprion)","Niederaußem H","11WD7NIED1B--H-9","Fossil Brown coal/Lignite","11WD7NIED1B--H-9","09/04/2026 02:00 - 09/04/2026 03:00","487.70",""
"09/04/2026 00:00 - 10/04/2026 00:00","CTA|DE(Amprion)","Niederaußem H","11WD7NIED1B--H-9","Fossil Brown coal/Lignite","11WD7NIED1B--H-9","09/04/2026 03:00 - 09/04/2026 04:00","487.63",""
"09/04/2026 00:00 - 10/04/2026 00:00","CTA|DE(Amprion)","Niederaußem H","11WD7NIED1B--H-9","Fossil Brown coal/Lignite","11WD7NIED1B--H-9","09/04/2026 04:00 - 09/04/2026 05:00","485.93",""
"09/04/2026 00:00 - 10/04/2026 00:00","CTA|DE(Amprion)","Niederaußem H","11WD7NIED1B--H-9","Fossil Brown coal/Lignite","11WD7NIED1B--H-9","09/04/2026 05:00 - 09/04/2026 06:00","487.05",""
"09/04/2026 00:00 - 10/04/2026 00:00","CTA|DE(Amprion)","Niederaußem H","11WD7NIED1B--H-9","Fossil Brown coal/Lignite","11WD7NIED1B--H-9","09/04/2026 06:00 - 09/04/2026 07:00","488.15",""
"09/04/2026 00:00 - 10/04/2026 00:00","CTA|DE(Amprion)","Niederaußem H","11WD7NIED1B--H-9","Fossil Brown coal/Lignite","11WD7NIED1B--H-9","09/04/2026 07:00 - 09/04/2026 08:00","487.20",""
"09/04/2026 00:00 - 10/04/2026 00:00","CTA|DE(Amprion)","Niederaußem H","11WD7NIED1B--H-9","Fossil Brown coal/Lignite","11WD7NIED1B--H-9","09/04/2026 08:00 - 09/04/2026 09:00","492.48",""
"09/04/2026 00:00 - 10/04/2026 00:00","CTA|DE(Amprion)","Niederaußem H","11WD7NIED1B--H-9","Fossil Brown coal/Lignite","11WD7NIED1B--H-9","09/04/2026 09:00 - 09/04/2026 10:00","436.85",""
"09/04/2026 00:00 - 10/04/2026 00:00","CTA|DE(Amprion)","Niederaußem H","11WD7NIED1B--H-9","Fossil Brown coal/Lignite","11WD7NIED1B--H-9","09/04/2026 10:00 - 09/04/2026 11:00","282.50",""
"09/04/2026 00:00 - 10/04/2026 00:00","CTA|DE(Amprion)","Niederaußem H","11WD7NIED1B--H-9","Fossil Brown coal/Lignite","11WD7NIED1B--H-9","09/04/2026 11:00 - 09/04/2026 12:00","280.00",""
"09/04/2026 00:00 - 10/04/2026 00:00","CTA|DE(Amprion)","Niederaußem H","11WD7NIED1B--H-9","Fossil Brown coal/Lignite","11WD7NIED1B--H-9","09/04/2026 12:00 - 09/04/2026 13:00","278.90",""
"09/04/2026 00:00 - 10/04/2026 00:00","CTA|DE(Amprion)","Niederaußem H","11WD7NIED1B--H-9","Fossil Brown coal/Lignite","11WD7NIED1B--H-9","09/04/2026 13:00 - 09/04/2026 14:00","278.45",""
"09/04/2026 00:00 - 10/04/2026 00:00","CTA|DE(Amprion)","Niederaußem H","11WD7NIED1B--H-9","Fossil Brown coal/Lignite","11WD7NIED1B--H-9","09/04/2026 14:00 - 09/04/2026 15:00","279.27",""
"09/04/2026 00:00 - 10/04/2026 00:00","CTA|DE(Amprion)","Niederaußem H","11WD7NIED1B--H-9","Fossil Brown coal/Lignite","11WD7NIED1B--H-9","09/04/2026 15:00 - 09/04/2026 16:00","279.30",""
"09/04/2026 00:00 - 10/04/2026 00:00","CTA|DE(Amprion)","Niederaußem H","11WD7NIED1B--H-9","Fossil Brown coal/Lignite","11WD7NIED1B--H-9","09/04/2026 16:00 - 09/04/2026 17:00","279.88",""
"09/04/2026 00:00 - 10/04/2026 00:00","CTA|DE(Amprion)","Niederaußem H","11WD7NIED1B--H-9","Fossil Brown coal/Lignite","11WD7NIED1B--H-9","09/04/2026 17:00 - 09/04/2026 18:00","381.13",""
"09/04/2026 00:00 - 10/04/2026 00:00","CTA|DE(Amprion)","Niederaußem H","11WD7NIED1B--H-9","Fossil Brown coal/Lignite","11WD7NIED1B--H-9","09/04/2026 18:00 - 09/04/2026 19:00","472.70",""
"09/04/2026 00:00 - 10/04/2026 00:00","CTA|DE(Amprion)","Niederaußem H","11WD7NIED1B--H-9","Fossil Brown coal/Lignite","11WD7NIED1B--H-9","09/04/2026 19:00 - 09/04/2026 20:00","471.60",""
"09/04/2026 00:00 - 10/04/2026 00:00","CTA|DE(Amprion)","Niederaußem H","11WD7NIED1B--H-9","Fossil Brown coal/Lignite","11WD7NIED1B--H-9","09/04/2026 20:00 - 09/04/2026 21:00","473.27",""
"09/04/2026 00:00 - 10/04/2026 00:00","CTA|DE(Amprion)","Niederaußem H","11WD7NIED1B--H-9","Fossil Brown coal/Lignite","11WD7NIED1B--H-9","09/04/2026 21:00 - 09/04/2026 22:00","472.30",""
"09/04/2026 00:00 - 10/04/2026 00:00","CTA|DE(Amprion)","Niederaußem H","11WD7NIED1B--H-9","Fossil Brown coal/Lignite","11WD7NIED1B--H-9","09/04/2026 22:00 - 09/04/2026 23:00","469.10",""
"09/04/2026 00:00 - 10/04/2026 00:00","CTA|DE(Amprion)","Niederaußem H","11WD7NIED1B--H-9","Fossil Brown coal/Lignite","11WD7NIED1B--H-9","09/04/2026 23:00 - 10/04/2026 00:00","325.02",""
"09/04/2026 00:00 - 10/04/2026 00:00","CTA|DE(Amprion)","Niederaußem K (BoA 1)","11WD7NIED1B--K-0","Fossil Brown coal/Lignite","11WD7NIED1B--K-0","09/04/2026 00:00 - 09/04/2026 01:00","884.80",""
"09/04/2026 00:00 - 10/04/2026 00:00","CTA|DE(Amprion)","Niederaußem K (BoA 1)","11WD7NIED1B--K-0","Fossil Brown coal/Lignite","11WD7NIED1B--K-0","09/04/2026 01:00 - 09/04/2026 02:00","884.58",""
"09/04/2026 00:00 - 10/04/2026 00:00","CTA|DE(Amprion)","Niederaußem K (BoA 1)","11WD7NIED1B--K-0","Fossil Brown coal/Lignite","11WD7NIED1B--K-0","09/04/2026 02:00 - 09/04/2026 03:00","886.15",""
"09/04/2026 00:00 - 10/04/2026 00:00","CTA|DE(Amprion)","Niederaußem K (BoA 1)","11WD7NIED1B--K-0","Fossil Brown coal/Lignite","11WD7NIED1B--K-0","09/04/2026 03:00 - 09/04/2026 04:00","892.15",""
"09/04/2026 00:00 - 10/04/2026 00:00","CTA|DE(Amprion)","Niederaußem K (BoA 1)","11WD7NIED1B--K-0","Fossil Brown coal/Lignite","11WD7NIED1B--K-0","09/04/2026 04:00 - 09/04/2026 05:00","910.02",""
"09/04/2026 00:00 - 10/04/2026 00:00","CTA|DE(Amprion)","Niederaußem K (BoA 1)","11WD7NIED1B--K-0","Fossil Brown coal/Lignite","11WD7NIED1B--K-0","09/04/2026 05:00 - 09/04/2026 06:00","910.83",""
"09/04/2026 00:00 - 10/04/2026 00:00","CTA|DE(Amprion)","Niederaußem K (BoA 1)","11WD7NIED1B--K-0","Fossil Brown coal/Lignite","11WD7NIED1B--K-0","09/04/2026 06:00 - 09/04/2026 07:00","909.75",""
"09/04/2026 00:00 - 10/04/2026 00:00","CTA|DE(Amprion)","Niederaußem K (BoA 1)","11WD7NIED1B--K-0","Fossil Brown coal/Lignite","11WD7NIED1B--K-0","09/04/2026 07:00 - 09/04/2026 08:00","913.65",""
"09/04/2026 00:00 - 10/04/2026 00:00","CTA|DE(Amprion)","Niederaußem K (BoA 1)","11WD7NIED1B--K-0","Fossil Brown coal/Lignite","11WD7NIED1B--K-0","09/04/2026 08:00 - 09/04/2026 09:00","912.45",""
"09/04/2026 00:00 - 10/04/2026 00:00","CTA|DE(Amprion)","Niederaußem K (BoA 1)","11WD7NIED1B--K-0","Fossil Brown coal/Lignite","11WD7NIED1B--K-0","09/04/2026 09:00 - 09/04/2026 10:00","844.23",""
"09/04/2026 00:00 - 10/04/2026 00:00","CTA|DE(Amprion)","Niederaußem K (BoA 1)","11WD7NIED1B--K-0","Fossil Brown coal/Lignite","11WD7NIED1B--K-0","09/04/2026 10:00 - 09/04/2026 11:00","424.32",""
"09/04/2026 00:00 - 10/04/2026 00:00","CTA|DE(Amprion)","Niederaußem K (BoA 1)","11WD7NIED1B--K-0","Fossil Brown coal/Lignite","11WD7NIED1B--K-0","09/04/2026 11:00 - 09/04/2026 12:00","370.75",""
"09/04/2026 00:00 - 10/04/2026 00:00","CTA|DE(Amprion)","Niederaußem K (BoA 1)","11WD7NIED1B--K-0","Fossil Brown coal/Lignite","11WD7NIED1B--K-0","09/04/2026 12:00 - 09/04/2026 13:00","369.02",""
"09/04/2026 00:00 - 10/04/2026 00:00","CTA|DE(Amprion)","Niederaußem K (BoA 1)","11WD7NIED1B--K-0","Fossil Brown coal/Lignite","11WD7NIED1B--K-0","09/04/2026 13:00 - 09/04/2026 14:00","367.98",""
"09/04/2026 00:00 - 10/04/2026 00:00","CTA|DE(Amprion)","Niederaußem K (BoA 1)","11WD7NIED1B--K-0","Fossil Brown coal/Lignite","11WD7NIED1B--K-0","09/04/2026 14:00 - 09/04/2026 15:00","369.23",""
"09/04/2026 00:00 - 10/04/2026 00:00","CTA|DE(Amprion)","Niederaußem K (BoA 1)","11WD7NIED1B--K-0","Fossil Brown coal/Lignite","11WD7NIED1B--K-0","09/04/2026 15:00 - 09/04/2026 16:00","368.43",""
"09/04/2026 00:00 - 10/04/2026 00:00","CTA|DE(Amprion)","Niederaußem K (BoA 1)","11WD7NIED1B--K-0","Fossil Brown coal/Lignite","11WD7NIED1B--K-0","09/04/2026 16:00 - 09/04/2026 17:00","368.57",""
"09/04/2026 00:00 - 10/04/2026 00:00","CTA|DE(Amprion)","Niederaußem K (BoA 1)","11WD7NIED1B--K-0","Fossil Brown coal/Lignite","11WD7NIED1B--K-0","09/04/2026 17:00 - 09/04/2026 18:00","576.75",""
"09/04/2026 00:00 - 10/04/2026 00:00","CTA|DE(Amprion)","Niederaußem K (BoA 1)","11WD7NIED1B--K-0","Fossil Brown coal/Lignite","11WD7NIED1B--K-0","09/04/2026 18:00 - 09/04/2026 19:00","888.60",""
"09/04/2026 00:00 - 10/04/2026 00:00","CTA|DE(Amprion)","Niederaußem K (BoA 1)","11WD7NIED1B--K-0","Fossil Brown coal/Lignite","11WD7NIED1B--K-0","09/04/2026 19:00 - 09/04/2026 20:00","913.17",""
"09/04/2026 00:00 - 10/04/2026 00:00","CTA|DE(Amprion)","Niederaußem K (BoA 1)","11WD7NIED1B--K-0","Fossil Brown coal/Lignite","11WD7NIED1B--K-0","09/04/2026 20:00 - 09/04/2026 21:00","919.10",""
"09/04/2026 00:00 - 10/04/2026 00:00","CTA|DE(Amprion)","Niederaußem K (BoA 1)","11WD7NIED1B--K-0","Fossil Brown coal/Lignite","11WD7NIED1B--K-0","09/04/2026 21:00 - 09/04/2026 22:00","917.30",""
"09/04/2026 00:00 - 10/04/2026 00:00","CTA|DE(Amprion)","Niederaußem K (BoA 1)","11WD7NIED1B--K-0","Fossil Brown coal/Lignite","11WD7NIED1B--K-0","09/04/2026 22:00 - 09/04/2026 23:00","898.75",""
"09/04/2026 00:00 - 10/04/2026 00:00","CTA|DE(Amprion)","Niederaußem K (BoA 1)","11WD7NIED1B--K-0","Fossil Brown coal/Lignite","11WD7NIED1B--K-0","09/04/2026 23:00 - 10/04/2026 00:00","718.38",""
"09/04/2026 00:00 - 10/04/2026 00:00","CTA|DE(Amprion)","Block AGuD","11WD7NORF5GAGUDC","Fossil Gas","11WD7NORF5GAGUDC","09/04/2026 00:00 - 09/04/2026 01:00","0.00",""
"09/04/2026 00:00 - 10/04/2026 00:00","CTA|DE(Amprion)","Block AGuD","11WD7NORF5GAGUDC","Fossil Gas","11WD7NORF5GAGUDC","09/04/2026 01:00 - 09/04/2026 02:00","0.00",""
"09/04/2026 00:00 - 10/04/2026 00:00","CTA|DE(Amprion)","Block AGuD","11WD7NORF5GAGUDC","Fossil Gas","11WD7NORF5GAGUDC","09/04/2026 02:00 - 09/04/2026 03:00","0.00",""
"09/04/2026 00:00 - 10/04/2026 00:00","CTA|DE(Amprion)","Block AGuD","11WD7NORF5GAGUDC","Fossil Gas","11WD7NORF5GAGUDC","09/04/2026 03:00 - 09/04/2026 04:00","0.00",""
"09/04/2026 00:00 - 10/04/2026 00:00","CTA|DE(Amprion)","Block AGuD","11WD7NORF5GAGUDC","Fossil Gas","11WD7NORF5GAGUDC","09/04/2026 04:00 - 09/04/2026 05:00","0.00",""
"09/04/2026 00:00 - 10/04/2026 00:00","CTA|DE(Amprion)","Block AGuD","11WD7NORF5GAGUDC","Fossil Gas","11WD7NORF5GAGUDC","09/04/2026 05:00 - 09/04/2026 06:00","0.00",""
"09/04/2026 00:00 - 10/04/2026 00:00","CTA|DE(Amprion)","Block AGuD","11WD7NORF5GAGUDC","Fossil Gas","11WD7NORF5GAGUDC","09/04/2026 06:00 - 09/04/2026 07:00","0.00",""
"09/04/2026 00:00 - 10/04/2026 00:00","CTA|DE(Amprion)","Block AGuD","11WD7NORF5GAGUDC","Fossil Gas","11WD7NORF5GAGUDC","09/04/2026 07:00 - 09/04/2026 08:00","0.00",""
"09/04/2026 00:00 - 10/04/2026 00:00","CTA|DE(Amprion)","Block AGuD","11WD7NORF5GAGUDC","Fossil Gas","11WD7NORF5GAGUDC","09/04/2026 08:00 - 09/04/2026 09:00","0.00",""
"09/04/2026 00:00 - 10/04/2026 00:00","CTA|DE(Amprion)","Block AGuD","11WD7NORF5GAGUDC","Fossil Gas","11WD7NORF5GAGUDC","09/04/2026 09:00 - 09/04/2026 10:00","0.00",""
"09/04/2026 00:00 - 10/04/2026 00:00","CTA|DE(Amprion)","Block AGuD","11WD7NORF5GAGUDC","Fossil Gas","11WD7NORF5GAGUDC","09/04/2026 10:00 - 09/04/2026 11:00","0.00",""
"09/04/2026 00:00 - 10/04/2026 00:00","CTA|DE(Amprion)","Block AGuD","11WD7NORF5GAGUDC","Fossil Gas","11WD7NORF5GAGUDC","09/04/2026 11:00 - 09/04/2026 12:00","0.00",""
"09/04/2026 00:00 - 10/04/2026 00:00","CTA|DE(Amprion)","Block AGuD","11WD7NORF5GAGUDC","Fossil Gas","11WD7NORF5GAGUDC","09/04/2026 12:00 - 09/04/2026 13:00","0.00",""
"09/04/2026 00:00 - 10/04/2026 00:00","CTA|DE(Amprion)","Block AGuD","11WD7NORF5GAGUDC","Fossil Gas","11WD7NORF5GAGUDC","09/04/2026 13:00 - 09/04/2026 14:00","0.00",""
"09/04/2026 00:00 - 10/04/2026 00:00","CTA|DE(Amprion)","Block AGuD","11WD7NORF5GAGUDC","Fossil Gas","11WD7NORF5GAGUDC","09/04/2026 14:00 - 09/04/2026 15:00","0.00",""
"09/04/2026 00:00 - 10/04/2026 00:00","CTA|DE(Amprion)","Block AGuD","11WD7NORF5GAGUDC","Fossil Gas","11WD7NORF5GAGUDC","09/04/2026 15:00 - 09/04/2026 16:00","0.00",""
"09/04/2026 00:00 - 10/04/2026 00:00","CTA|DE(Amprion)","Block AGuD","11WD7NORF5GAGUDC","Fossil Gas","11WD7NORF5GAGUDC","09/04/2026 16:00 - 09/04/2026 17:00","0.00",""
"09/04/2026 00:00 - 10/04/2026 00:00","CTA|DE(Amprion)","Block AGuD","11WD7NORF5GAGUDC","Fossil Gas","11WD7NORF5GAGUDC","09/04/2026 17:00 - 09/04/2026 18:00","0.00",""
"09/04/2026 00:00 - 10/04/2026 00:00","CTA|DE(Amprion)","Block AGuD","11WD7NORF5GAGUDC","Fossil Gas","11WD7NORF5GAGUDC","09/04/2026 18:00 - 09/04/2026 19:00","0.00",""
"09/04/2026 00:00 - 10/04/2026 00:00","CTA|DE(Amprion)","Block AGuD","11WD7NORF5GAGUDC","Fossil Gas","11WD7NORF5GAGUDC","09/04/2026 19:00 - 09/04/2026 20:00","0.00",""
"09/04/2026 00:00 - 10/04/2026 00:00","CTA|DE(Amprion)","Block AGuD","11WD7NORF5GAGUDC","Fossil Gas","11WD7NORF5GAGUDC","09/04/2026 20:00 - 09/04/2026 21:00","0.00",""
"09/04/2026 00:00 - 10/04/2026 00:00","CTA|DE(Amprion)","Block AGuD","11WD7NORF5GAGUDC","Fossil Gas","11WD7NORF5GAGUDC","09/04/2026 21:00 - 09/04/2026 22:00","0.00",""
"09/04/2026 00:00 - 10/04/2026 00:00","CTA|DE(Amprion)","Block AGuD","11WD7NORF5GAGUDC","Fossil Gas","11WD7NORF5GAGUDC","09/04/2026 22:00 - 09/04/2026 23:00","0.00",""
"09/04/2026 00:00 - 10/04/2026 00:00","CTA|DE(Amprion)","Block AGuD","11WD7NORF5GAGUDC","Fossil Gas","11WD7NORF5GAGUDC","09/04/2026 23:00 - 10/04/2026 00:00","0.00",""
"09/04/2026 00:00 - 10/04/2026 00:00","CTA|DE(Amprion)","Block F","11WD7NORF5GGUDFA","Fossil Gas","11WD7NORF5GGUDFA","09/04/2026 00:00 - 09/04/2026 01:00","0.00",""
"09/04/2026 00:00 - 10/04/2026 00:00","CTA|DE(Amprion)","Block F","11WD7NORF5GGUDFA","Fossil Gas","11WD7NORF5GGUDFA","09/04/2026 01:00 - 09/04/2026 02:00","0.00",""
"09/04/2026 00:00 - 10/04/2026 00:00","CTA|DE(Amprion)","Block F","11WD7NORF5GGUDFA","Fossil Gas","11WD7NORF5GGUDFA","09/04/2026 02:00 - 09/04/2026 03:00","0.00",""
"09/04/2026 00:00 - 10/04/2026 00:00","CTA|DE(Amprion)","Block F","11WD7NORF5GGUDFA","Fossil Gas","11WD7NORF5GGUDFA","09/04/2026 03:00 - 09/04/2026 04:00","0.00",""
"09/04/2026 00:00 - 10/04/2026 00:00","CTA|DE(Amprion)","Block F","11WD7NORF5GGUDFA","Fossil Gas","11WD7NORF5GGUDFA","09/04/2026 04:00 - 09/04/2026 05:00","0.00",""
"09/04/2026 00:00 - 10/04/2026 00:00","CTA|DE(Amprion)","Block F","11WD7NORF5GGUDFA","Fossil Gas","11WD7NORF5GGUDFA","09/04/2026 05:00 - 09/04/2026 06:00","0.00",""
"09/04/2026 00:00 - 10/04/2026 00:00","CTA|DE(Amprion)","Block F","11WD7NORF5GGUDFA","Fossil Gas","11WD7NORF5GGUDFA","09/04/2026 06:00 - 09/04/2026 07:00","0.00",""
"09/04/2026 00:00 - 10/04/2026 00:00","CTA|DE(Amprion)","Block F","11WD7NORF5GGUDFA","Fossil Gas","11WD7NORF5GGUDFA","09/04/2026 07:00 - 09/04/2026 08:00","0.00",""
"09/04/2026 00:00 - 10/04/2026 00:00","CTA|DE(Amprion)","Block F","11WD7NORF5GGUDFA","Fossil Gas","11WD7NORF5GGUDFA","09/04/2026 08:00 - 09/04/2026 09:00","0.00",""
"09/04/2026 00:00 - 10/04/2026 00:00","CTA|DE(Amprion)","Block F","11WD7NORF5GGUDFA","Fossil Gas","11WD7NORF5GGUDFA","09/04/2026 09:00 - 09/04/2026 10:00","0.00",""
"09/04/2026 00:00 - 10/04/2026 00:00","CTA|DE(Amprion)","Block F","11WD7NORF5GGUDFA","Fossil Gas","11WD7NORF5GGUDFA","09/04/2026 10:00 - 09/04/2026 11:00","0.00",""
"09/04/2026 00:00 - 10/04/2026 00:00","CTA|DE(Amprion)","Block F","11WD7NORF5GGUDFA","Fossil Gas","11WD7NORF5GGUDFA","09/04/2026 11:00 - 09/04/2026 12:00","0.00",""
"09/04/2026 00:00 - 10/04/2026 00:00","CTA|DE(Amprion)","Block F","11WD7NORF5GGUDFA","Fossil Gas","11WD7NORF5GGUDFA","09/04/2026 12:00 - 09/04/2026 13:00","0.00",""
"09/04/2026 00:00 - 10/04/2026 00:00","CTA|DE(Amprion)","Block F","11WD7NORF5GGUDFA","Fossil Gas","11WD7NORF5GGUDFA","09/04/2026 13:00 - 09/04/2026 14:00","0.00",""
"09/04/2026 00:00 - 10/04/2026 00:00","CTA|DE(Amprion)","Block F","11WD7NORF5GGUDFA","Fossil Gas","11WD7NORF5GGUDFA","09/04/2026 14:00 - 09/04/2026 15:00","0.00",""
"09/04/2026 00:00 - 10/04/2026 00:00","CTA|DE(Amprion)","Block F","11WD7NORF5GGUDFA","Fossil Gas","11WD7NORF5GGUDFA","09/04/2026 15:00 - 09/04/2026 16:00","0.00",""
"09/04/2026 00:00 - 10/04/2026 00:00","CTA|DE(Amprion)","Block F","11WD7NORF5GGUDFA","Fossil Gas","11WD7NORF5GGUDFA","09/04/2026 16:00 - 09/04/2026 17:00","0.00",""
"09/04/2026 00:00 - 10/04/2026 00:00","CTA|DE(Amprion)","Block F","11WD7NORF5GGUDFA","Fossil Gas","11WD7NORF5GGUDFA","09/04/2026 17:00 - 09/04/2026 18:00","0.00",""
"09/04/2026 00:00 - 10/04/2026 00:00","CTA|DE(Amprion)","Block F","11WD7NORF5GGUDFA","Fossil Gas","11WD7NORF5GGUDFA","09/04/2026 18:00 - 09/04/2026 19:00","0.00",""
"09/04/2026 00:00 - 10/04/2026 00:00","CTA|DE(Amprion)","Block F","11WD7NORF5GGUDFA","Fossil Gas","11WD7NORF5GGUDFA","09/04/2026 19:00 - 09/04/2026 20:00","0.00",""
"09/04/2026 00:00 - 10/04/2026 00:00","CTA|DE(Amprion)","Block F","11WD7NORF5GGUDFA","Fossil Gas","11WD7NORF5GGUDFA","09/04/2026 20:00 - 09/04/2026 21:00","0.00",""
"09/04/2026 00:00 - 10/04/2026 00:00","CTA|DE(Amprion)","Block F","11WD7NORF5GGUDFA","Fossil Gas","11WD7NORF5GGUDFA","09/04/2026 21:00 - 09/04/2026 22:00","0.00",""
"09/04/2026 00:00 - 10/04/2026 00:00","CTA|DE(Amprion)","Block F","11WD7NORF5GGUDFA","Fossil Gas","11WD7NORF5GGUDFA","09/04/2026 22:00 - 09/04/2026 23:00","0.00",""
"09/04/2026 00:00 - 10/04/2026 00:00","CTA|DE(Amprion)","Block F","11WD7NORF5GGUDFA","Fossil Gas","11WD7NORF5GGUDFA","09/04/2026 23:00 - 10/04/2026 00:00","0.00",""
"09/04/2026 00:00 - 10/04/2026 00:00","CTA|DE(Amprion)","HKW-Niehl-3","11WD7OPLA1G--318","Fossil Gas","11WD7OPLA1G--318","09/04/2026 00:00 - 09/04/2026 01:00","119.17",""
"09/04/2026 00:00 - 10/04/2026 00:00","CTA|DE(Amprion)","HKW-Niehl-3","11WD7OPLA1G--318","Fossil Gas","11WD7OPLA1G--318","09/04/2026 01:00 - 09/04/2026 02:00","100.42",""
"09/04/2026 00:00 - 10/04/2026 00:00","CTA|DE(Amprion)","HKW-Niehl-3","11WD7OPLA1G--318","Fossil Gas","11WD7OPLA1G--318","09/04/2026 02:00 - 09/04/2026 03:00","132.82",""
"09/04/2026 00:00 - 10/04/2026 00:00","CTA|DE(Amprion)","HKW-Niehl-3","11WD7OPLA1G--318","Fossil Gas","11WD7OPLA1G--318","09/04/2026 03:00 - 09/04/2026 04:00","116.30",""
"09/04/2026 00:00 - 10/04/2026 00:00","CTA|DE(Amprion)","HKW-Niehl-3","11WD7OPLA1G--318","Fossil Gas","11WD7OPLA1G--318","09/04/2026 04:00 - 09/04/2026 05:00","233.82",""
"09/04/2026 00:00 - 10/04/2026 00:00","CTA|DE(Amprion)","HKW-Niehl-3","11WD7OPLA1G--318","Fossil Gas","11WD7OPLA1G--318","09/04/2026 05:00 - 09/04/2026 06:00","322.63",""
"09/04/2026 00:00 - 10/04/2026 00:00","CTA|DE(Amprion)","HKW-Niehl-3","11WD7OPLA1G--318","Fossil Gas","11WD7OPLA1G--318","09/04/2026 06:00 - 09/04/2026 07:00","405.38",""
"09/04/2026 00:00 - 10/04/2026 00:00","CTA|DE(Amprion)","HKW-Niehl-3","11WD7OPLA1G--318","Fossil Gas","11WD7OPLA1G--318","09/04/2026 07:00 - 09/04/2026 08:00","404.07",""
"09/04/2026 00:00 - 10/04/2026 00:00","CTA|DE(Amprion)","HKW-Niehl-3","11WD7OPLA1G--318","Fossil Gas","11WD7OPLA1G--318","09/04/2026 08:00 - 09/04/2026 09:00","368.45",""
"09/04/2026 00:00 - 10/04/2026 00:00","CTA|DE(Amprion)","HKW-Niehl-3","11WD7OPLA1G--318","Fossil Gas","11WD7OPLA1G--318","09/04/2026 09:00 - 09/04/2026 10:00","124.28",""
"09/04/2026 00:00 - 10/04/2026 00:00","CTA|DE(Amprion)","HKW-Niehl-3","11WD7OPLA1G--318","Fossil Gas","11WD7OPLA1G--318","09/04/2026 10:00 - 09/04/2026 11:00","100.00",""
"09/04/2026 00:00 - 10/04/2026 00:00","CTA|DE(Amprion)","HKW-Niehl-3","11WD7OPLA1G--318","Fossil Gas","11WD7OPLA1G--318","09/04/2026 11:00 - 09/04/2026 12:00","99.88",""
"09/04/2026 00:00 - 10/04/2026 00:00","CTA|DE(Amprion)","HKW-Niehl-3","11WD7OPLA1G--318","Fossil Gas","11WD7OPLA1G--318","09/04/2026 12:00 - 09/04/2026 13:00","99.78",""
"09/04/2026 00:00 - 10/04/2026 00:00","CTA|DE(Amprion)","HKW-Niehl-3","11WD7OPLA1G--318","Fossil Gas","11WD7OPLA1G--318","09/04/2026 13:00 - 09/04/2026 14:00","100.17",""
"09/04/2026 00:00 - 10/04/2026 00:00","CTA|DE(Amprion)","HKW-Niehl-3","11WD7OPLA1G--318","Fossil Gas","11WD7OPLA1G--318","09/04/2026 14:00 - 09/04/2026 15:00","99.90",""
"09/04/2026 00:00 - 10/04/2026 00:00","CTA|DE(Amprion)","HKW-Niehl-3","11WD7OPLA1G--318","Fossil Gas","11WD7OPLA1G--318","09/04/2026 15:00 - 09/04/2026 16:00","100.00",""
"09/04/2026 00:00 - 10/04/2026 00:00","CTA|DE(Amprion)","HKW-Niehl-3","11WD7OPLA1G--318","Fossil Gas","11WD7OPLA1G--318","09/04/2026 16:00 - 09/04/2026 17:00","106.13",""
"09/04/2026 00:00 - 10/04/2026 00:00","CTA|DE(Amprion)","HKW-Niehl-3","11WD7OPLA1G--318","Fossil Gas","11WD7OPLA1G--318","09/04/2026 17:00 - 09/04/2026 18:00","305.48",""
"09/04/2026 00:00 - 10/04/2026 00:00","CTA|DE(Amprion)","HKW-Niehl-3","11WD7OPLA1G--318","Fossil Gas","11WD7OPLA1G--318","09/04/2026 18:00 - 09/04/2026 19:00","396.43",""
"09/04/2026 00:00 - 10/04/2026 00:00","CTA|DE(Amprion)","HKW-Niehl-3","11WD7OPLA1G--318","Fossil Gas","11WD7OPLA1G--318","09/04/2026 19:00 - 09/04/2026 20:00","404.80",""
"09/04/2026 00:00 - 10/04/2026 00:00","CTA|DE(Amprion)","HKW-Niehl-3","11WD7OPLA1G--318","Fossil Gas","11WD7OPLA1G--318","09/04/2026 20:00 - 09/04/2026 21:00","405.07",""
"09/04/2026 00:00 - 10/04/2026 00:00","CTA|DE(Amprion)","HKW-Niehl-3","11WD7OPLA1G--318","Fossil Gas","11WD7OPLA1G--318","09/04/2026 21:00 - 09/04/2026 22:00","404.95",""
"09/04/2026 00:00 - 10/04/2026 00:00","CTA|DE(Amprion)","HKW-Niehl-3","11WD7OPLA1G--318","Fossil Gas","11WD7OPLA1G--318","09/04/2026 22:00 - 09/04/2026 23:00","364.02",""
"09/04/2026 00:00 - 10/04/2026 00:00","CTA|DE(Amprion)","HKW-Niehl-3","11WD7OPLA1G--318","Fossil Gas","11WD7OPLA1G--318","09/04/2026 23:00 - 10/04/2026 00:00","221.78",""
"09/04/2026 00:00 - 10/04/2026 00:00","CTA|DE(Amprion)","HKW IIIB","11WD7RHAU5GKW3B5","Fossil Gas","11WD7RHAU5GKW3B5","09/04/2026 00:00 - 09/04/2026 01:00","0.00",""
"09/04/2026 00:00 - 10/04/2026 00:00","CTA|DE(Amprion)","HKW IIIB","11WD7RHAU5GKW3B5","Fossil Gas","11WD7RHAU5GKW3B5","09/04/2026 01:00 - 09/04/2026 02:00","0.00",""
"09/04/2026 00:00 - 10/04/2026 00:00","CTA|DE(Amprion)","HKW IIIB","11WD7RHAU5GKW3B5","Fossil Gas","11WD7RHAU5GKW3B5","09/04/2026 02:00 - 09/04/2026 03:00","0.00",""
"09/04/2026 00:00 - 10/04/2026 00:00","CTA|DE(Amprion)","HKW IIIB","11WD7RHAU5GKW3B5","Fossil Gas","11WD7RHAU5GKW3B5","09/04/2026 03:00 - 09/04/2026 04:00","0.00",""
"09/04/2026 00:00 - 10/04/2026 00:00","CTA|DE(Amprion)","HKW IIIB","11WD7RHAU5GKW3B5","Fossil Gas","11WD7RHAU5GKW3B5","09/04/2026 04:00 - 09/04/2026 05:00","0.00",""
"09/04/2026 00:00 - 10/04/2026 00:00","CTA|DE(Amprion)","HKW IIIB","11WD7RHAU5GKW3B5","Fossil Gas","11WD7RHAU5GKW3B5","09/04/2026 05:00 - 09/04/2026 06:00","0.00",""
"09/04/2026 00:00 - 10/04/2026 00:00","CTA|DE(Amprion)","HKW IIIB","11WD7RHAU5GKW3B5","Fossil Gas","11WD7RHAU5GKW3B5","09/04/2026 06:00 - 09/04/2026 07:00","0.00",""
"09/04/2026 00:00 - 10/04/2026 00:00","CTA|DE(Amprion)","HKW IIIB","11WD7RHAU5GKW3B5","Fossil Gas","11WD7RHAU5GKW3B5","09/04/2026 07:00 - 09/04/2026 08:00","0.00",""
"09/04/2026 00:00 - 10/04/2026 00:00","CTA|DE(Amprion)","HKW IIIB","11WD7RHAU5GKW3B5","Fossil Gas","11WD7RHAU5GKW3B5","09/04/2026 08:00 - 09/04/2026 09:00","0.00",""
"09/04/2026 00:00 - 10/04/2026 00:00","CTA|DE(Amprion)","HKW IIIB","11WD7RHAU5GKW3B5","Fossil Gas","11WD7RHAU5GKW3B5","09/04/2026 09:00 - 09/04/2026 10:00","0.00",""
"09/04/2026 00:00 - 10/04/2026 00:00","CTA|DE(Amprion)","HKW IIIB","11WD7RHAU5GKW3B5","Fossil Gas","11WD7RHAU5GKW3B5","09/04/2026 10:00 - 09/04/2026 11:00","0.00",""
"09/04/2026 00:00 - 10/04/2026 00:00","CTA|DE(Amprion)","HKW IIIB","11WD7RHAU5GKW3B5","Fossil Gas","11WD7RHAU5GKW3B5","09/04/2026 11:00 - 09/04/2026 12:00","0.00",""
"09/04/2026 00:00 - 10/04/2026 00:00","CTA|DE(Amprion)","HKW IIIB","11WD7RHAU5GKW3B5","Fossil Gas","11WD7RHAU5GKW3B5","09/04/2026 12:00 - 09/04/2026 13:00","0.00",""
"09/04/2026 00:00 - 10/04/2026 00:00","CTA|DE(Amprion)","HKW IIIB","11WD7RHAU5GKW3B5","Fossil Gas","11WD7RHAU5GKW3B5","09/04/2026 13:00 - 09/04/2026 14:00","0.00",""
"09/04/2026 00:00 - 10/04/2026 00:00","CTA|DE(Amprion)","HKW IIIB","11WD7RHAU5GKW3B5","Fossil Gas","11WD7RHAU5GKW3B5","09/04/2026 14:00 - 09/04/2026 15:00","0.00",""
"09/04/2026 00:00 - 10/04/2026 00:00","CTA|DE(Amprion)","HKW IIIB","11WD7RHAU5GKW3B5","Fossil Gas","11WD7RHAU5GKW3B5","09/04/2026 15:00 - 09/04/2026 16:00","0.00",""
"09/04/2026 00:00 - 10/04/2026 00:00","CTA|DE(Amprion)","HKW IIIB","11WD7RHAU5GKW3B5","Fossil Gas","11WD7RHAU5GKW3B5","09/04/2026 16:00 - 09/04/2026 17:00","0.00",""
"09/04/2026 00:00 - 10/04/2026 00:00","CTA|DE(Amprion)","HKW IIIB","11WD7RHAU5GKW3B5","Fossil Gas","11WD7RHAU5GKW3B5","09/04/2026 17:00 - 09/04/2026 18:00","0.00",""
"09/04/2026 00:00 - 10/04/2026 00:00","CTA|DE(Amprion)","HKW IIIB","11WD7RHAU5GKW3B5","Fossil Gas","11WD7RHAU5GKW3B5","09/04/2026 18:00 - 09/04/2026 19:00","0.00",""
"09/04/2026 00:00 - 10/04/2026 00:00","CTA|DE(Amprion)","HKW IIIB","11WD7RHAU5GKW3B5","Fossil Gas","11WD7RHAU5GKW3B5","09/04/2026 19:00 - 09/04/2026 20:00","0.00",""
"09/04/2026 00:00 - 10/04/2026 00:00","CTA|DE(Amprion)","HKW IIIB","11WD7RHAU5GKW3B5","Fossil Gas","11WD7RHAU5GKW3B5","09/04/2026 20:00 - 09/04/2026 21:00","0.00",""
"09/04/2026 00:00 - 10/04/2026 00:00","CTA|DE(Amprion)","HKW IIIB","11WD7RHAU5GKW3B5","Fossil Gas","11WD7RHAU5GKW3B5","09/04/2026 21:00 - 09/04/2026 22:00","0.00",""
"09/04/2026 00:00 - 10/04/2026 00:00","CTA|DE(Amprion)","HKW IIIB","11WD7RHAU5GKW3B5","Fossil Gas","11WD7RHAU5GKW3B5","09/04/2026 22:00 - 09/04/2026 23:00","0.00",""
"09/04/2026 00:00 - 10/04/2026 00:00","CTA|DE(Amprion)","HKW IIIB","11WD7RHAU5GKW3B5","Fossil Gas","11WD7RHAU5GKW3B5","09/04/2026 23:00 - 10/04/2026 00:00","0.00",""
"09/04/2026 00:00 - 10/04/2026 00:00","CTA|DE(Amprion)","KW Lünen Block 1","11WD7STUM1SBL10G","Fossil Hard coal","11WD7STUM1SBL10G","09/04/2026 00:00 - 09/04/2026 01:00","722.10",""
"09/04/2026 00:00 - 10/04/2026 00:00","CTA|DE(Amprion)","KW Lünen Block 1","11WD7STUM1SBL10G","Fossil Hard coal","11WD7STUM1SBL10G","09/04/2026 01:00 - 09/04/2026 02:00","711.33",""
"09/04/2026 00:00 - 10/04/2026 00:00","CTA|DE(Amprion)","KW Lünen Block 1","11WD7STUM1SBL10G","Fossil Hard coal","11WD7STUM1SBL10G","09/04/2026 02:00 - 09/04/2026 03:00","717.75",""
"09/04/2026 00:00 - 10/04/2026 00:00","CTA|DE(Amprion)","KW Lünen Block 1","11WD7STUM1SBL10G","Fossil Hard coal","11WD7STUM1SBL10G","09/04/2026 03:00 - 09/04/2026 04:00","686.42",""
"09/04/2026 00:00 - 10/04/2026 00:00","CTA|DE(Amprion)","KW Lünen Block 1","11WD7STUM1SBL10G","Fossil Hard coal","11WD7STUM1SBL10G","09/04/2026 04:00 - 09/04/2026 05:00","719.92",""
"09/04/2026 00:00 - 10/04/2026 00:00","CTA|DE(Amprion)","KW Lünen Block 1","11WD7STUM1SBL10G","Fossil Hard coal","11WD7STUM1SBL10G","09/04/2026 05:00 - 09/04/2026 06:00","724.10",""
"09/04/2026 00:00 - 10/04/2026 00:00","CTA|DE(Amprion)","KW Lünen Block 1","11WD7STUM1SBL10G","Fossil Hard coal","11WD7STUM1SBL10G","09/04/2026 06:00 - 09/04/2026 07:00","724.75",""
"09/04/2026 00:00 - 10/04/2026 00:00","CTA|DE(Amprion)","KW Lünen Block 1","11WD7STUM1SBL10G","Fossil Hard coal","11WD7STUM1SBL10G","09/04/2026 07:00 - 09/04/2026 08:00","736.10",""
"09/04/2026 00:00 - 10/04/2026 00:00","CTA|DE(Amprion)","KW Lünen Block 1","11WD7STUM1SBL10G","Fossil Hard coal","11WD7STUM1SBL10G","09/04/2026 08:00 - 09/04/2026 09:00","679.83",""
"09/04/2026 00:00 - 10/04/2026 00:00","CTA|DE(Amprion)","KW Lünen Block 1","11WD7STUM1SBL10G","Fossil Hard coal","11WD7STUM1SBL10G","09/04/2026 09:00 - 09/04/2026 10:00","392.85",""
"09/04/2026 00:00 - 10/04/2026 00:00","CTA|DE(Amprion)","KW Lünen Block 1","11WD7STUM1SBL10G","Fossil Hard coal","11WD7STUM1SBL10G","09/04/2026 10:00 - 09/04/2026 11:00","58.50",""
"09/04/2026 00:00 - 10/04/2026 00:00","CTA|DE(Amprion)","KW Lünen Block 1","11WD7STUM1SBL10G","Fossil Hard coal","11WD7STUM1SBL10G","09/04/2026 11:00 - 09/04/2026 12:00","0.00",""
"09/04/2026 00:00 - 10/04/2026 00:00","CTA|DE(Amprion)","KW Lünen Block 1","11WD7STUM1SBL10G","Fossil Hard coal","11WD7STUM1SBL10G","09/04/2026 12:00 - 09/04/2026 13:00","0.00",""
"09/04/2026 00:00 - 10/04/2026 00:00","CTA|DE(Amprion)","KW Lünen Block 1","11WD7STUM1SBL10G","Fossil Hard coal","11WD7STUM1SBL10G","09/04/2026 13:00 - 09/04/2026 14:00","0.00",""
"09/04/2026 00:00 - 10/04/2026 00:00","CTA|DE(Amprion)","KW Lünen Block 1","11WD7STUM1SBL10G","Fossil Hard coal","11WD7STUM1SBL10G","09/04/2026 14:00 - 09/04/2026 15:00","0.00",""
"09/04/2026 00:00 - 10/04/2026 00:00","CTA|DE(Amprion)","KW Lünen Block 1","11WD7STUM1SBL10G","Fossil Hard coal","11WD7STUM1SBL10G","09/04/2026 15:00 - 09/04/2026 16:00","0.00",""
"09/04/2026 00:00 - 10/04/2026 00:00","CTA|DE(Amprion)","KW Lünen Block 1","11WD7STUM1SBL10G","Fossil Hard coal","11WD7STUM1SBL10G","09/04/2026 16:00 - 09/04/2026 17:00","0.00",""
"09/04/2026 00:00 - 10/04/2026 00:00","CTA|DE(Amprion)","KW Lünen Block 1","11WD7STUM1SBL10G","Fossil Hard coal","11WD7STUM1SBL10G","09/04/2026 17:00 - 09/04/2026 18:00","0.00",""
"09/04/2026 00:00 - 10/04/2026 00:00","CTA|DE(Amprion)","KW Lünen Block 1","11WD7STUM1SBL10G","Fossil Hard coal","11WD7STUM1SBL10G","09/04/2026 18:00 - 09/04/2026 19:00","0.00",""
"09/04/2026 00:00 - 10/04/2026 00:00","CTA|DE(Amprion)","KW Lünen Block 1","11WD7STUM1SBL10G","Fossil Hard coal","11WD7STUM1SBL10G","09/04/2026 19:00 - 09/04/2026 20:00","284.70",""
"09/04/2026 00:00 - 10/04/2026 00:00","CTA|DE(Amprion)","KW Lünen Block 1","11WD7STUM1SBL10G","Fossil Hard coal","11WD7STUM1SBL10G","09/04/2026 20:00 - 09/04/2026 21:00","554.63",""
"09/04/2026 00:00 - 10/04/2026 00:00","CTA|DE(Amprion)","KW Lünen Block 1","11WD7STUM1SBL10G","Fossil Hard coal","11WD7STUM1SBL10G","09/04/2026 21:00 - 09/04/2026 22:00","578.67",""
"09/04/2026 00:00 - 10/04/2026 00:00","CTA|DE(Amprion)","KW Lünen Block 1","11WD7STUM1SBL10G","Fossil Hard coal","11WD7STUM1SBL10G","09/04/2026 22:00 - 09/04/2026 23:00","544.08",""
"09/04/2026 00:00 - 10/04/2026 00:00","CTA|DE(Amprion)","KW Lünen Block 1","11WD7STUM1SBL10G","Fossil Hard coal","11WD7STUM1SBL10G","09/04/2026 23:00 - 10/04/2026 00:00","574.58",""
"09/04/2026 00:00 - 10/04/2026 00:00","CTA|DE(Amprion)","DESBR____CHP____","11WD7UCHT5XROEMT","Fossil Gas","11WD7UCHT5XROEMT","09/04/2026 00:00 - 09/04/2026 01:00","6.13",""
"09/04/2026 00:00 - 10/04/2026 00:00","CTA|DE(Amprion)","DESBR____CHP____","11WD7UCHT5XROEMT","Fossil Gas","11WD7UCHT5XROEMT","09/04/2026 01:00 - 09/04/2026 02:00","6.20",""
"09/04/2026 00:00 - 10/04/2026 00:00","CTA|DE(Amprion)","DESBR____CHP____","11WD7UCHT5XROEMT","Fossil Gas","11WD7UCHT5XROEMT","09/04/2026 02:00 - 09/04/2026 03:00","6.22",""
"09/04/2026 00:00 - 10/04/2026 00:00","CTA|DE(Amprion)","DESBR____CHP____","11WD7UCHT5XROEMT","Fossil Gas","11WD7UCHT5XROEMT","09/04/2026 03:00 - 09/04/2026 04:00","6.20",""
"09/04/2026 00:00 - 10/04/2026 00:00","CTA|DE(Amprion)","DESBR____CHP____","11WD7UCHT5XROEMT","Fossil Gas","11WD7UCHT5XROEMT","09/04/2026 04:00 - 09/04/2026 05:00","6.28",""
"09/04/2026 00:00 - 10/04/2026 00:00","CTA|DE(Amprion)","DESBR____CHP____","11WD7UCHT5XROEMT","Fossil Gas","11WD7UCHT5XROEMT","09/04/2026 05:00 - 09/04/2026 06:00","6.22",""
"09/04/2026 00:00 - 10/04/2026 00:00","CTA|DE(Amprion)","DESBR____CHP____","11WD7UCHT5XROEMT","Fossil Gas","11WD7UCHT5XROEMT","09/04/2026 06:00 - 09/04/2026 07:00","8.13",""
"09/04/2026 00:00 - 10/04/2026 00:00","CTA|DE(Amprion)","DESBR____CHP____","11WD7UCHT5XROEMT","Fossil Gas","11WD7UCHT5XROEMT","09/04/2026 07:00 - 09/04/2026 08:00","9.50",""
"09/04/2026 00:00 - 10/04/2026 00:00","CTA|DE(Amprion)","DESBR____CHP____","11WD7UCHT5XROEMT","Fossil Gas","11WD7UCHT5XROEMT","09/04/2026 08:00 - 09/04/2026 09:00","8.13",""
"09/04/2026 00:00 - 10/04/2026 00:00","CTA|DE(Amprion)","DESBR____CHP____","11WD7UCHT5XROEMT","Fossil Gas","11WD7UCHT5XROEMT","09/04/2026 09:00 - 09/04/2026 10:00","7.80",""
"09/04/2026 00:00 - 10/04/2026 00:00","CTA|DE(Amprion)","DESBR____CHP____","11WD7UCHT5XROEMT","Fossil Gas","11WD7UCHT5XROEMT","09/04/2026 10:00 - 09/04/2026 11:00","6.28",""
"09/04/2026 00:00 - 10/04/2026 00:00","CTA|DE(Amprion)","DESBR____CHP____","11WD7UCHT5XROEMT","Fossil Gas","11WD7UCHT5XROEMT","09/04/2026 11:00 - 09/04/2026 12:00","5.95",""
"09/04/2026 00:00 - 10/04/2026 00:00","CTA|DE(Amprion)","DESBR____CHP____","11WD7UCHT5XROEMT","Fossil Gas","11WD7UCHT5XROEMT","09/04/2026 12:00 - 09/04/2026 13:00","5.63",""
"09/04/2026 00:00 - 10/04/2026 00:00","CTA|DE(Amprion)","DESBR____CHP____","11WD7UCHT5XROEMT","Fossil Gas","11WD7UCHT5XROEMT","09/04/2026 13:00 - 09/04/2026 14:00","5.90",""
"09/04/2026 00:00 - 10/04/2026 00:00","CTA|DE(Amprion)","DESBR____CHP____","11WD7UCHT5XROEMT","Fossil Gas","11WD7UCHT5XROEMT","09/04/2026 14:00 - 09/04/2026 15:00","5.95",""
"09/04/2026 00:00 - 10/04/2026 00:00","CTA|DE(Amprion)","DESBR____CHP____","11WD7UCHT5XROEMT","Fossil Gas","11WD7UCHT5XROEMT","09/04/2026 15:00 - 09/04/2026 16:00","6.03",""
"09/04/2026 00:00 - 10/04/2026 00:00","CTA|DE(Amprion)","DESBR____CHP____","11WD7UCHT5XROEMT","Fossil Gas","11WD7UCHT5XROEMT","09/04/2026 16:00 - 09/04/2026 17:00","6.10",""
"09/04/2026 00:00 - 10/04/2026 00:00","CTA|DE(Amprion)","DESBR____CHP____","11WD7UCHT5XROEMT","Fossil Gas","11WD7UCHT5XROEMT","09/04/2026 17:00 - 09/04/2026 18:00","6.25",""
"09/04/2026 00:00 - 10/04/2026 00:00","CTA|DE(Amprion)","DESBR____CHP____","11WD7UCHT5XROEMT","Fossil Gas","11WD7UCHT5XROEMT","09/04/2026 18:00 - 09/04/2026 19:00","6.25",""
"09/04/2026 00:00 - 10/04/2026 00:00","CTA|DE(Amprion)","DESBR____CHP____","11WD7UCHT5XROEMT","Fossil Gas","11WD7UCHT5XROEMT","09/04/2026 19:00 - 09/04/2026 20:00","6.25",""
"09/04/2026 00:00 - 10/04/2026 00:00","CTA|DE(Amprion)","DESBR____CHP____","11WD7UCHT5XROEMT","Fossil Gas","11WD7UCHT5XROEMT","09/04/2026 20:00 - 09/04/2026 21:00","6.25",""
"09/04/2026 00:00 - 10/04/2026 00:00","CTA|DE(Amprion)","DESBR____CHP____","11WD7UCHT5XROEMT","Fossil Gas","11WD7UCHT5XROEMT","09/04/2026 21:00 - 09/04/2026 22:00","6.25",""
"09/04/2026 00:00 - 10/04/2026 00:00","CTA|DE(Amprion)","DESBR____CHP____","11WD7UCHT5XROEMT","Fossil Gas","11WD7UCHT5XROEMT","09/04/2026 22:00 - 09/04/2026 23:00","6.25",""
"09/04/2026 00:00 - 10/04/2026 00:00","CTA|DE(Amprion)","DESBR____CHP____","11WD7UCHT5XROEMT","Fossil Gas","11WD7UCHT5XROEMT","09/04/2026 23:00 - 10/04/2026 00:00","6.22",""
"09/04/2026 00:00 - 10/04/2026 00:00","CTA|DE(Amprion)","Vianden 1","11WD7VIAN2H-1-1O","Hydro Pumped Storage","11WD7VIAN2H-1-1O","09/04/2026 00:00 - 09/04/2026 01:00","0.00",""
"09/04/2026 00:00 - 10/04/2026 00:00","CTA|DE(Amprion)","Vianden 1","11WD7VIAN2H-1-1O","Hydro Pumped Storage","11WD7VIAN2H-1-1O","09/04/2026 01:00 - 09/04/2026 02:00","0.00",""
"09/04/2026 00:00 - 10/04/2026 00:00","CTA|DE(Amprion)","Vianden 1","11WD7VIAN2H-1-1O","Hydro Pumped Storage","11WD7VIAN2H-1-1O","09/04/2026 02:00 - 09/04/2026 03:00","0.00",""
"09/04/2026 00:00 - 10/04/2026 00:00","CTA|DE(Amprion)","Vianden 1","11WD7VIAN2H-1-1O","Hydro Pumped Storage","11WD7VIAN2H-1-1O","09/04/2026 03:00 - 09/04/2026 04:00","0.00",""
"09/04/2026 00:00 - 10/04/2026 00:00","CTA|DE(Amprion)","Vianden 1","11WD7VIAN2H-1-1O","Hydro Pumped Storage","11WD7VIAN2H-1-1O","09/04/2026 04:00 - 09/04/2026 05:00","0.00",""
"09/04/2026 00:00 - 10/04/2026 00:00","CTA|DE(Amprion)","Vianden 1","11WD7VIAN2H-1-1O","Hydro Pumped Storage","11WD7VIAN2H-1-1O","09/04/2026 05:00 - 09/04/2026 06:00","0.00",""
"09/04/2026 00:00 - 10/04/2026 00:00","CTA|DE(Amprion)","Vianden 1","11WD7VIAN2H-1-1O","Hydro Pumped Storage","11WD7VIAN2H-1-1O","09/04/2026 06:00 - 09/04/2026 07:00","17.68",""
"09/04/2026 00:00 - 10/04/2026 00:00","CTA|DE(Amprion)","Vianden 1","11WD7VIAN2H-1-1O","Hydro Pumped Storage","11WD7VIAN2H-1-1O","09/04/2026 07:00 - 09/04/2026 08:00","37.90",""
"09/04/2026 00:00 - 10/04/2026 00:00","CTA|DE(Amprion)","Vianden 1","11WD7VIAN2H-1-1O","Hydro Pumped Storage","11WD7VIAN2H-1-1O","09/04/2026 08:00 - 09/04/2026 09:00","0.00",""
"09/04/2026 00:00 - 10/04/2026 00:00","CTA|DE(Amprion)","Vianden 1","11WD7VIAN2H-1-1O","Hydro Pumped Storage","11WD7VIAN2H-1-1O","09/04/2026 09:00 - 09/04/2026 10:00","0.00",""
"09/04/2026 00:00 - 10/04/2026 00:00","CTA|DE(Amprion)","Vianden 1","11WD7VIAN2H-1-1O","Hydro Pumped Storage","11WD7VIAN2H-1-1O","09/04/2026 10:00 - 09/04/2026 11:00","0.00",""
"09/04/2026 00:00 - 10/04/2026 00:00","CTA|DE(Amprion)","Vianden 1","11WD7VIAN2H-1-1O","Hydro Pumped Storage","11WD7VIAN2H-1-1O","09/04/2026 11:00 - 09/04/2026 12:00","0.00",""
"09/04/2026 00:00 - 10/04/2026 00:00","CTA|DE(Amprion)","Vianden 1","11WD7VIAN2H-1-1O","Hydro Pumped Storage","11WD7VIAN2H-1-1O","09/04/2026 12:00 - 09/04/2026 13:00","0.00",""
"09/04/2026 00:00 - 10/04/2026 00:00","CTA|DE(Amprion)","Vianden 1","11WD7VIAN2H-1-1O","Hydro Pumped Storage","11WD7VIAN2H-1-1O","09/04/2026 13:00 - 09/04/2026 14:00","0.00",""
"09/04/2026 00:00 - 10/04/2026 00:00","CTA|DE(Amprion)","Vianden 1","11WD7VIAN2H-1-1O","Hydro Pumped Storage","11WD7VIAN2H-1-1O","09/04/2026 14:00 - 09/04/2026 15:00","0.00",""
"09/04/2026 00:00 - 10/04/2026 00:00","CTA|DE(Amprion)","Vianden 1","11WD7VIAN2H-1-1O","Hydro Pumped Storage","11WD7VIAN2H-1-1O","09/04/2026 15:00 - 09/04/2026 16:00","0.00",""
"09/04/2026 00:00 - 10/04/2026 00:00","CTA|DE(Amprion)","Vianden 1","11WD7VIAN2H-1-1O","Hydro Pumped Storage","11WD7VIAN2H-1-1O","09/04/2026 16:00 - 09/04/2026 17:00","1.85",""
"09/04/2026 00:00 - 10/04/2026 00:00","CTA|DE(Amprion)","Vianden 1","11WD7VIAN2H-1-1O","Hydro Pumped Storage","11WD7VIAN2H-1-1O","09/04/2026 17:00 - 09/04/2026 18:00","3.33",""
"09/04/2026 00:00 - 10/04/2026 00:00","CTA|DE(Amprion)","Vianden 1","11WD7VIAN2H-1-1O","Hydro Pumped Storage","11WD7VIAN2H-1-1O","09/04/2026 18:00 - 09/04/2026 19:00","34.20",""
"09/04/2026 00:00 - 10/04/2026 00:00","CTA|DE(Amprion)","Vianden 1","11WD7VIAN2H-1-1O","Hydro Pumped Storage","11WD7VIAN2H-1-1O","09/04/2026 19:00 - 09/04/2026 20:00","69.45",""
"09/04/2026 00:00 - 10/04/2026 00:00","CTA|DE(Amprion)","Vianden 1","11WD7VIAN2H-1-1O","Hydro Pumped Storage","11WD7VIAN2H-1-1O","09/04/2026 20:00 - 09/04/2026 21:00","53.90",""
"09/04/2026 00:00 - 10/04/2026 00:00","CTA|DE(Amprion)","Vianden 1","11WD7VIAN2H-1-1O","Hydro Pumped Storage","11WD7VIAN2H-1-1O","09/04/2026 21:00 - 09/04/2026 22:00","9.47",""
"09/04/2026 00:00 - 10/04/2026 00:00","CTA|DE(Amprion)","Vianden 1","11WD7VIAN2H-1-1O","Hydro Pumped Storage","11WD7VIAN2H-1-1O","09/04/2026 22:00 - 09/04/2026 23:00","0.00",""
"09/04/2026 00:00 - 10/04/2026 00:00","CTA|DE(Amprion)","Vianden 1","11WD7VIAN2H-1-1O","Hydro Pumped Storage","11WD7VIAN2H-1-1O","09/04/2026 23:00 - 10/04/2026 00:00","0.00",""
"09/04/2026 00:00 - 10/04/2026 00:00","CTA|DE(Amprion)","Vianden 2","11WD7VIAN2H-1-2M","Hydro Pumped Storage","11WD7VIAN2H-1-2M","09/04/2026 00:00 - 09/04/2026 01:00","31.80",""
"09/04/2026 00:00 - 10/04/2026 00:00","CTA|DE(Amprion)","Vianden 2","11WD7VIAN2H-1-2M","Hydro Pumped Storage","11WD7VIAN2H-1-2M","09/04/2026 01:00 - 09/04/2026 02:00","1.50",""
"09/04/2026 00:00 - 10/04/2026 00:00","CTA|DE(Amprion)","Vianden 2","11WD7VIAN2H-1-2M","Hydro Pumped Storage","11WD7VIAN2H-1-2M","09/04/2026 02:00 - 09/04/2026 03:00","0.00",""
"09/04/2026 00:00 - 10/04/2026 00:00","CTA|DE(Amprion)","Vianden 2","11WD7VIAN2H-1-2M","Hydro Pumped Storage","11WD7VIAN2H-1-2M","09/04/2026 03:00 - 09/04/2026 04:00","0.00",""
"09/04/2026 00:00 - 10/04/2026 00:00","CTA|DE(Amprion)","Vianden 2","11WD7VIAN2H-1-2M","Hydro Pumped Storage","11WD7VIAN2H-1-2M","09/04/2026 04:00 - 09/04/2026 05:00","0.00",""
"09/04/2026 00:00 - 10/04/2026 00:00","CTA|DE(Amprion)","Vianden 2","11WD7VIAN2H-1-2M","Hydro Pumped Storage","11WD7VIAN2H-1-2M","09/04/2026 05:00 - 09/04/2026 06:00","0.00",""
"09/04/2026 00:00 - 10/04/2026 00:00","CTA|DE(Amprion)","Vianden 2","11WD7VIAN2H-1-2M","Hydro Pumped Storage","11WD7VIAN2H-1-2M","09/04/2026 06:00 - 09/04/2026 07:00","15.97",""
"09/04/2026 00:00 - 10/04/2026 00:00","CTA|DE(Amprion)","Vianden 2","11WD7VIAN2H-1-2M","Hydro Pumped Storage","11WD7VIAN2H-1-2M","09/04/2026 07:00 - 09/04/2026 08:00","38.38",""
"09/04/2026 00:00 - 10/04/2026 00:00","CTA|DE(Amprion)","Vianden 2","11WD7VIAN2H-1-2M","Hydro Pumped Storage","11WD7VIAN2H-1-2M","09/04/2026 08:00 - 09/04/2026 09:00","0.00",""
"09/04/2026 00:00 - 10/04/2026 00:00","CTA|DE(Amprion)","Vianden 2","11WD7VIAN2H-1-2M","Hydro Pumped Storage","11WD7VIAN2H-1-2M","09/04/2026 09:00 - 09/04/2026 10:00","0.00",""
"09/04/2026 00:00 - 10/04/2026 00:00","CTA|DE(Amprion)","Vianden 2","11WD7VIAN2H-1-2M","Hydro Pumped Storage","11WD7VIAN2H-1-2M","09/04/2026 10:00 - 09/04/2026 11:00","0.00",""
"09/04/2026 00:00 - 10/04/2026 00:00","CTA|DE(Amprion)","Vianden 2","11WD7VIAN2H-1-2M","Hydro Pumped Storage","11WD7VIAN2H-1-2M","09/04/2026 11:00 - 09/04/2026 12:00","0.00",""
"09/04/2026 00:00 - 10/04/2026 00:00","CTA|DE(Amprion)","Vianden 2","11WD7VIAN2H-1-2M","Hydro Pumped Storage","11WD7VIAN2H-1-2M","09/04/2026 12:00 - 09/04/2026 13:00","0.00",""
"09/04/2026 00:00 - 10/04/2026 00:00","CTA|DE(Amprion)","Vianden 2","11WD7VIAN2H-1-2M","Hydro Pumped Storage","11WD7VIAN2H-1-2M","09/04/2026 13:00 - 09/04/2026 14:00","0.00",""
"09/04/2026 00:00 - 10/04/2026 00:00","CTA|DE(Amprion)","Vianden 2","11WD7VIAN2H-1-2M","Hydro Pumped Storage","11WD7VIAN2H-1-2M","09/04/2026 14:00 - 09/04/2026 15:00","0.00",""
"09/04/2026 00:00 - 10/04/2026 00:00","CTA|DE(Amprion)","Vianden 2","11WD7VIAN2H-1-2M","Hydro Pumped Storage","11WD7VIAN2H-1-2M","09/04/2026 15:00 - 09/04/2026 16:00","0.00",""
"09/04/2026 00:00 - 10/04/2026 00:00","CTA|DE(Amprion)","Vianden 2","11WD7VIAN2H-1-2M","Hydro Pumped Storage","11WD7VIAN2H-1-2M","09/04/2026 16:00 - 09/04/2026 17:00","0.00",""
"09/04/2026 00:00 - 10/04/2026 00:00","CTA|DE(Amprion)","Vianden 2","11WD7VIAN2H-1-2M","Hydro Pumped Storage","11WD7VIAN2H-1-2M","09/04/2026 17:00 - 09/04/2026 18:00","0.00",""
"09/04/2026 00:00 - 10/04/2026 00:00","CTA|DE(Amprion)","Vianden 2","11WD7VIAN2H-1-2M","Hydro Pumped Storage","11WD7VIAN2H-1-2M","09/04/2026 18:00 - 09/04/2026 19:00","34.55",""
"09/04/2026 00:00 - 10/04/2026 00:00","CTA|DE(Amprion)","Vianden 2","11WD7VIAN2H-1-2M","Hydro Pumped Storage","11WD7VIAN2H-1-2M","09/04/2026 19:00 - 09/04/2026 20:00","70.28",""
"09/04/2026 00:00 - 10/04/2026 00:00","CTA|DE(Amprion)","Vianden 2","11WD7VIAN2H-1-2M","Hydro Pumped Storage","11WD7VIAN2H-1-2M","09/04/2026 20:00 - 09/04/2026 21:00","1.30",""
"09/04/2026 00:00 - 10/04/2026 00:00","CTA|DE(Amprion)","Vianden 2","11WD7VIAN2H-1-2M","Hydro Pumped Storage","11WD7VIAN2H-1-2M","09/04/2026 21:00 - 09/04/2026 22:00","0.00",""
"09/04/2026 00:00 - 10/04/2026 00:00","CTA|DE(Amprion)","Vianden 2","11WD7VIAN2H-1-2M","Hydro Pumped Storage","11WD7VIAN2H-1-2M","09/04/2026 22:00 - 09/04/2026 23:00","32.35",""
"09/04/2026 00:00 - 10/04/2026 00:00","CTA|DE(Amprion)","Vianden 2","11WD7VIAN2H-1-2M","Hydro Pumped Storage","11WD7VIAN2H-1-2M","09/04/2026 23:00 - 10/04/2026 00:00","22.07",""
"09/04/2026 00:00 - 10/04/2026 00:00","CTA|DE(Amprion)","Vianden 3","11WD7VIAN2H-1-3K","Hydro Pumped Storage","11WD7VIAN2H-1-3K","09/04/2026 00:00 - 09/04/2026 01:00","0.03",""
"09/04/2026 00:00 - 10/04/2026 00:00","CTA|DE(Amprion)","Vianden 3","11WD7VIAN2H-1-3K","Hydro Pumped Storage","11WD7VIAN2H-1-3K","09/04/2026 01:00 - 09/04/2026 02:00","0.00",""
"09/04/2026 00:00 - 10/04/2026 00:00","CTA|DE(Amprion)","Vianden 3","11WD7VIAN2H-1-3K","Hydro Pumped Storage","11WD7VIAN2H-1-3K","09/04/2026 02:00 - 09/04/2026 03:00","37.25",""
"09/04/2026 00:00 - 10/04/2026 00:00","CTA|DE(Amprion)","Vianden 3","11WD7VIAN2H-1-3K","Hydro Pumped Storage","11WD7VIAN2H-1-3K","09/04/2026 03:00 - 09/04/2026 04:00","13.97",""
"09/04/2026 00:00 - 10/04/2026 00:00","CTA|DE(Amprion)","Vianden 3","11WD7VIAN2H-1-3K","Hydro Pumped Storage","11WD7VIAN2H-1-3K","09/04/2026 04:00 - 09/04/2026 05:00","0.00",""
"09/04/2026 00:00 - 10/04/2026 00:00","CTA|DE(Amprion)","Vianden 3","11WD7VIAN2H-1-3K","Hydro Pumped Storage","11WD7VIAN2H-1-3K","09/04/2026 05:00 - 09/04/2026 06:00","0.00",""
"09/04/2026 00:00 - 10/04/2026 00:00","CTA|DE(Amprion)","Vianden 3","11WD7VIAN2H-1-3K","Hydro Pumped Storage","11WD7VIAN2H-1-3K","09/04/2026 06:00 - 09/04/2026 07:00","26.07",""
"09/04/2026 00:00 - 10/04/2026 00:00","CTA|DE(Amprion)","Vianden 3","11WD7VIAN2H-1-3K","Hydro Pumped Storage","11WD7VIAN2H-1-3K","09/04/2026 07:00 - 09/04/2026 08:00","22.10",""
"09/04/2026 00:00 - 10/04/2026 00:00","CTA|DE(Amprion)","Vianden 3","11WD7VIAN2H-1-3K","Hydro Pumped Storage","11WD7VIAN2H-1-3K","09/04/2026 08:00 - 09/04/2026 09:00","0.10",""
"09/04/2026 00:00 - 10/04/2026 00:00","CTA|DE(Amprion)","Vianden 3","11WD7VIAN2H-1-3K","Hydro Pumped Storage","11WD7VIAN2H-1-3K","09/04/2026 09:00 - 09/04/2026 10:00","0.07",""
"09/04/2026 00:00 - 10/04/2026 00:00","CTA|DE(Amprion)","Vianden 3","11WD7VIAN2H-1-3K","Hydro Pumped Storage","11WD7VIAN2H-1-3K","09/04/2026 10:00 - 09/04/2026 11:00","0.00",""
"09/04/2026 00:00 - 10/04/2026 00:00","CTA|DE(Amprion)","Vianden 3","11WD7VIAN2H-1-3K","Hydro Pumped Storage","11WD7VIAN2H-1-3K","09/04/2026 11:00 - 09/04/2026 12:00","0.00",""
"09/04/2026 00:00 - 10/04/2026 00:00","CTA|DE(Amprion)","Vianden 3","11WD7VIAN2H-1-3K","Hydro Pumped Storage","11WD7VIAN2H-1-3K","09/04/2026 12:00 - 09/04/2026 13:00","0.00",""
"09/04/2026 00:00 - 10/04/2026 00:00","CTA|DE(Amprion)","Vianden 3","11WD7VIAN2H-1-3K","Hydro Pumped Storage","11WD7VIAN2H-1-3K","09/04/2026 13:00 - 09/04/2026 14:00","0.00",""
"09/04/2026 00:00 - 10/04/2026 00:00","CTA|DE(Amprion)","Vianden 3","11WD7VIAN2H-1-3K","Hydro Pumped Storage","11WD7VIAN2H-1-3K","09/04/2026 14:00 - 09/04/2026 15:00","0.00",""
"09/04/2026 00:00 - 10/04/2026 00:00","CTA|DE(Amprion)","Vianden 3","11WD7VIAN2H-1-3K","Hydro Pumped Storage","11WD7VIAN2H-1-3K","09/04/2026 15:00 - 09/04/2026 16:00","0.00",""
"09/04/2026 00:00 - 10/04/2026 00:00","CTA|DE(Amprion)","Vianden 3","11WD7VIAN2H-1-3K","Hydro Pumped Storage","11WD7VIAN2H-1-3K","09/04/2026 16:00 - 09/04/2026 17:00","0.03",""
"09/04/2026 00:00 - 10/04/2026 00:00","CTA|DE(Amprion)","Vianden 3","11WD7VIAN2H-1-3K","Hydro Pumped Storage","11WD7VIAN2H-1-3K","09/04/2026 17:00 - 09/04/2026 18:00","0.10",""
"09/04/2026 00:00 - 10/04/2026 00:00","CTA|DE(Amprion)","Vianden 3","11WD7VIAN2H-1-3K","Hydro Pumped Storage","11WD7VIAN2H-1-3K","09/04/2026 18:00 - 09/04/2026 19:00","35.63",""
"09/04/2026 00:00 - 10/04/2026 00:00","CTA|DE(Amprion)","Vianden 3","11WD7VIAN2H-1-3K","Hydro Pumped Storage","11WD7VIAN2H-1-3K","09/04/2026 19:00 - 09/04/2026 20:00","76.30",""
"09/04/2026 00:00 - 10/04/2026 00:00","CTA|DE(Amprion)","Vianden 3","11WD7VIAN2H-1-3K","Hydro Pumped Storage","11WD7VIAN2H-1-3K","09/04/2026 20:00 - 09/04/2026 21:00","1.68",""
"09/04/2026 00:00 - 10/04/2026 00:00","CTA|DE(Amprion)","Vianden 3","11WD7VIAN2H-1-3K","Hydro Pumped Storage","11WD7VIAN2H-1-3K","09/04/2026 21:00 - 09/04/2026 22:00","0.10",""
"09/04/2026 00:00 - 10/04/2026 00:00","CTA|DE(Amprion)","Vianden 3","11WD7VIAN2H-1-3K","Hydro Pumped Storage","11WD7VIAN2H-1-3K","09/04/2026 22:00 - 09/04/2026 23:00","33.55",""
"09/04/2026 00:00 - 10/04/2026 00:00","CTA|DE(Amprion)","Vianden 3","11WD7VIAN2H-1-3K","Hydro Pumped Storage","11WD7VIAN2H-1-3K","09/04/2026 23:00 - 10/04/2026 00:00","22.70",""
"09/04/2026 00:00 - 10/04/2026 00:00","CTA|DE(Amprion)","Vianden 4","11WD7VIAN2H-1-4I","Hydro Pumped Storage","11WD7VIAN2H-1-4I","09/04/2026 00:00 - 09/04/2026 01:00","0.00",""
"09/04/2026 00:00 - 10/04/2026 00:00","CTA|DE(Amprion)","Vianden 4","11WD7VIAN2H-1-4I","Hydro Pumped Storage","11WD7VIAN2H-1-4I","09/04/2026 01:00 - 09/04/2026 02:00","0.00",""
"09/04/2026 00:00 - 10/04/2026 00:00","CTA|DE(Amprion)","Vianden 4","11WD7VIAN2H-1-4I","Hydro Pumped Storage","11WD7VIAN2H-1-4I","09/04/2026 02:00 - 09/04/2026 03:00","0.00",""
"09/04/2026 00:00 - 10/04/2026 00:00","CTA|DE(Amprion)","Vianden 4","11WD7VIAN2H-1-4I","Hydro Pumped Storage","11WD7VIAN2H-1-4I","09/04/2026 03:00 - 09/04/2026 04:00","0.00",""
"09/04/2026 00:00 - 10/04/2026 00:00","CTA|DE(Amprion)","Vianden 4","11WD7VIAN2H-1-4I","Hydro Pumped Storage","11WD7VIAN2H-1-4I","09/04/2026 04:00 - 09/04/2026 05:00","0.00",""
"09/04/2026 00:00 - 10/04/2026 00:00","CTA|DE(Amprion)","Vianden 4","11WD7VIAN2H-1-4I","Hydro Pumped Storage","11WD7VIAN2H-1-4I","09/04/2026 05:00 - 09/04/2026 06:00","0.00",""
"09/04/2026 00:00 - 10/04/2026 00:00","CTA|DE(Amprion)","Vianden 4","11WD7VIAN2H-1-4I","Hydro Pumped Storage","11WD7VIAN2H-1-4I","09/04/2026 06:00 - 09/04/2026 07:00","17.75",""
"09/04/2026 00:00 - 10/04/2026 00:00","CTA|DE(Amprion)","Vianden 4","11WD7VIAN2H-1-4I","Hydro Pumped Storage","11WD7VIAN2H-1-4I","09/04/2026 07:00 - 09/04/2026 08:00","48.00",""
"09/04/2026 00:00 - 10/04/2026 00:00","CTA|DE(Amprion)","Vianden 4","11WD7VIAN2H-1-4I","Hydro Pumped Storage","11WD7VIAN2H-1-4I","09/04/2026 08:00 - 09/04/2026 09:00","0.00",""
"09/04/2026 00:00 - 10/04/2026 00:00","CTA|DE(Amprion)","Vianden 4","11WD7VIAN2H-1-4I","Hydro Pumped Storage","11WD7VIAN2H-1-4I","09/04/2026 09:00 - 09/04/2026 10:00","0.00",""
"09/04/2026 00:00 - 10/04/2026 00:00","CTA|DE(Amprion)","Vianden 4","11WD7VIAN2H-1-4I","Hydro Pumped Storage","11WD7VIAN2H-1-4I","09/04/2026 10:00 - 09/04/2026 11:00","0.00",""
"09/04/2026 00:00 - 10/04/2026 00:00","CTA|DE(Amprion)","Vianden 4","11WD7VIAN2H-1-4I","Hydro Pumped Storage","11WD7VIAN2H-1-4I","09/04/2026 11:00 - 09/04/2026 12:00","0.00",""
"09/04/2026 00:00 - 10/04/2026 00:00","CTA|DE(Amprion)","Vianden 4","11WD7VIAN2H-1-4I","Hydro Pumped Storage","11WD7VIAN2H-1-4I","09/04/2026 12:00 - 09/04/2026 13:00","0.00",""
"09/04/2026 00:00 - 10/04/2026 00:00","CTA|DE(Amprion)","Vianden 4","11WD7VIAN2H-1-4I","Hydro Pumped Storage","11WD7VIAN2H-1-4I","09/04/2026 13:00 - 09/04/2026 14:00","0.00",""
"09/04/2026 00:00 - 10/04/2026 00:00","CTA|DE(Amprion)","Vianden 4","11WD7VIAN2H-1-4I","Hydro Pumped Storage","11WD7VIAN2H-1-4I","09/04/2026 14:00 - 09/04/2026 15:00","0.00",""
"09/04/2026 00:00 - 10/04/2026 00:00","CTA|DE(Amprion)","Vianden 4","11WD7VIAN2H-1-4I","Hydro Pumped Storage","11WD7VIAN2H-1-4I","09/04/2026 15:00 - 09/04/2026 16:00","0.00",""
"09/04/2026 00:00 - 10/04/2026 00:00","CTA|DE(Amprion)","Vianden 4","11WD7VIAN2H-1-4I","Hydro Pumped Storage","11WD7VIAN2H-1-4I","09/04/2026 16:00 - 09/04/2026 17:00","0.00",""
"09/04/2026 00:00 - 10/04/2026 00:00","CTA|DE(Amprion)","Vianden 4","11WD7VIAN2H-1-4I","Hydro Pumped Storage","11WD7VIAN2H-1-4I","09/04/2026 17:00 - 09/04/2026 18:00","0.00",""
"09/04/2026 00:00 - 10/04/2026 00:00","CTA|DE(Amprion)","Vianden 4","11WD7VIAN2H-1-4I","Hydro Pumped Storage","11WD7VIAN2H-1-4I","09/04/2026 18:00 - 09/04/2026 19:00","34.33",""
"09/04/2026 00:00 - 10/04/2026 00:00","CTA|DE(Amprion)","Vianden 4","11WD7VIAN2H-1-4I","Hydro Pumped Storage","11WD7VIAN2H-1-4I","09/04/2026 19:00 - 09/04/2026 20:00","70.47",""
"09/04/2026 00:00 - 10/04/2026 00:00","CTA|DE(Amprion)","Vianden 4","11WD7VIAN2H-1-4I","Hydro Pumped Storage","11WD7VIAN2H-1-4I","09/04/2026 20:00 - 09/04/2026 21:00","52.42",""
"09/04/2026 00:00 - 10/04/2026 00:00","CTA|DE(Amprion)","Vianden 4","11WD7VIAN2H-1-4I","Hydro Pumped Storage","11WD7VIAN2H-1-4I","09/04/2026 21:00 - 09/04/2026 22:00","35.45",""
"09/04/2026 00:00 - 10/04/2026 00:00","CTA|DE(Amprion)","Vianden 4","11WD7VIAN2H-1-4I","Hydro Pumped Storage","11WD7VIAN2H-1-4I","09/04/2026 22:00 - 09/04/2026 23:00","0.00",""
"09/04/2026 00:00 - 10/04/2026 00:00","CTA|DE(Amprion)","Vianden 4","11WD7VIAN2H-1-4I","Hydro Pumped Storage","11WD7VIAN2H-1-4I","09/04/2026 23:00 - 10/04/2026 00:00","62.83",""
"09/04/2026 00:00 - 10/04/2026 00:00","CTA|DE(Amprion)","Vianden 5","11WD7VIAN2H-2-5C","Hydro Pumped Storage","11WD7VIAN2H-2-5C","09/04/2026 00:00 - 09/04/2026 01:00","0.00",""
"09/04/2026 00:00 - 10/04/2026 00:00","CTA|DE(Amprion)","Vianden 5","11WD7VIAN2H-2-5C","Hydro Pumped Storage","11WD7VIAN2H-2-5C","09/04/2026 01:00 - 09/04/2026 02:00","0.00",""
"09/04/2026 00:00 - 10/04/2026 00:00","CTA|DE(Amprion)","Vianden 5","11WD7VIAN2H-2-5C","Hydro Pumped Storage","11WD7VIAN2H-2-5C","09/04/2026 02:00 - 09/04/2026 03:00","0.00",""
"09/04/2026 00:00 - 10/04/2026 00:00","CTA|DE(Amprion)","Vianden 5","11WD7VIAN2H-2-5C","Hydro Pumped Storage","11WD7VIAN2H-2-5C","09/04/2026 03:00 - 09/04/2026 04:00","0.00",""
"09/04/2026 00:00 - 10/04/2026 00:00","CTA|DE(Amprion)","Vianden 5","11WD7VIAN2H-2-5C","Hydro Pumped Storage","11WD7VIAN2H-2-5C","09/04/2026 04:00 - 09/04/2026 05:00","0.00",""
"09/04/2026 00:00 - 10/04/2026 00:00","CTA|DE(Amprion)","Vianden 5","11WD7VIAN2H-2-5C","Hydro Pumped Storage","11WD7VIAN2H-2-5C","09/04/2026 05:00 - 09/04/2026 06:00","0.00",""
"09/04/2026 00:00 - 10/04/2026 00:00","CTA|DE(Amprion)","Vianden 5","11WD7VIAN2H-2-5C","Hydro Pumped Storage","11WD7VIAN2H-2-5C","09/04/2026 06:00 - 09/04/2026 07:00","0.00",""
"09/04/2026 00:00 - 10/04/2026 00:00","CTA|DE(Amprion)","Vianden 5","11WD7VIAN2H-2-5C","Hydro Pumped Storage","11WD7VIAN2H-2-5C","09/04/2026 07:00 - 09/04/2026 08:00","0.00",""
"09/04/2026 00:00 - 10/04/2026 00:00","CTA|DE(Amprion)","Vianden 5","11WD7VIAN2H-2-5C","Hydro Pumped Storage","11WD7VIAN2H-2-5C","09/04/2026 08:00 - 09/04/2026 09:00","0.00",""
"09/04/2026 00:00 - 10/04/2026 00:00","CTA|DE(Amprion)","Vianden 5","11WD7VIAN2H-2-5C","Hydro Pumped Storage","11WD7VIAN2H-2-5C","09/04/2026 09:00 - 09/04/2026 10:00","0.00",""
"09/04/2026 00:00 - 10/04/2026 00:00","CTA|DE(Amprion)","Vianden 5","11WD7VIAN2H-2-5C","Hydro Pumped Storage","11WD7VIAN2H-2-5C","09/04/2026 10:00 - 09/04/2026 11:00","0.00",""
"09/04/2026 00:00 - 10/04/2026 00:00","CTA|DE(Amprion)","Vianden 5","11WD7VIAN2H-2-5C","Hydro Pumped Storage","11WD7VIAN2H-2-5C","09/04/2026 11:00 - 09/04/2026 12:00","0.00",""
"09/04/2026 00:00 - 10/04/2026 00:00","CTA|DE(Amprion)","Vianden 5","11WD7VIAN2H-2-5C","Hydro Pumped Storage","11WD7VIAN2H-2-5C","09/04/2026 12:00 - 09/04/2026 13:00","0.00",""
"09/04/2026 00:00 - 10/04/2026 00:00","CTA|DE(Amprion)","Vianden 5","11WD7VIAN2H-2-5C","Hydro Pumped Storage","11WD7VIAN2H-2-5C","09/04/2026 13:00 - 09/04/2026 14:00","0.00",""
"09/04/2026 00:00 - 10/04/2026 00:00","CTA|DE(Amprion)","Vianden 5","11WD7VIAN2H-2-5C","Hydro Pumped Storage","11WD7VIAN2H-2-5C","09/04/2026 14:00 - 09/04/2026 15:00","0.00",""
"09/04/2026 00:00 - 10/04/2026 00:00","CTA|DE(Amprion)","Vianden 5","11WD7VIAN2H-2-5C","Hydro Pumped Storage","11WD7VIAN2H-2-5C","09/04/2026 15:00 - 09/04/2026 16:00","0.00",""
"09/04/2026 00:00 - 10/04/2026 00:00","CTA|DE(Amprion)","Vianden 5","11WD7VIAN2H-2-5C","Hydro Pumped Storage","11WD7VIAN2H-2-5C","09/04/2026 16:00 - 09/04/2026 17:00","0.00",""
"09/04/2026 00:00 - 10/04/2026 00:00","CTA|DE(Amprion)","Vianden 5","11WD7VIAN2H-2-5C","Hydro Pumped Storage","11WD7VIAN2H-2-5C","09/04/2026 17:00 - 09/04/2026 18:00","0.00",""
"09/04/2026 00:00 - 10/04/2026 00:00","CTA|DE(Amprion)","Vianden 5","11WD7VIAN2H-2-5C","Hydro Pumped Storage","11WD7VIAN2H-2-5C","09/04/2026 18:00 - 09/04/2026 19:00","0.00",""
"09/04/2026 00:00 - 10/04/2026 00:00","CTA|DE(Amprion)","Vianden 5","11WD7VIAN2H-2-5C","Hydro Pumped Storage","11WD7VIAN2H-2-5C","09/04/2026 19:00 - 09/04/2026 20:00","0.00",""
"09/04/2026 00:00 - 10/04/2026 00:00","CTA|DE(Amprion)","Vianden 5","11WD7VIAN2H-2-5C","Hydro Pumped Storage","11WD7VIAN2H-2-5C","09/04/2026 20:00 - 09/04/2026 21:00","0.00",""
"09/04/2026 00:00 - 10/04/2026 00:00","CTA|DE(Amprion)","Vianden 5","11WD7VIAN2H-2-5C","Hydro Pumped Storage","11WD7VIAN2H-2-5C","09/04/2026 21:00 - 09/04/2026 22:00","0.00",""
"09/04/2026 00:00 - 10/04/2026 00:00","CTA|DE(Amprion)","Vianden 5","11WD7VIAN2H-2-5C","Hydro Pumped Storage","11WD7VIAN2H-2-5C","09/04/2026 22:00 - 09/04/2026 23:00","0.00",""
"09/04/2026 00:00 - 10/04/2026 00:00","CTA|DE(Amprion)","Vianden 5","11WD7VIAN2H-2-5C","Hydro Pumped Storage","11WD7VIAN2H-2-5C","09/04/2026 23:00 - 10/04/2026 00:00","0.00",""
"09/04/2026 00:00 - 10/04/2026 00:00","CTA|DE(Amprion)","Vianden 6","11WD7VIAN2H-2-6A","Hydro Pumped Storage","11WD7VIAN2H-2-6A","09/04/2026 00:00 - 09/04/2026 01:00","0.00",""
"09/04/2026 00:00 - 10/04/2026 00:00","CTA|DE(Amprion)","Vianden 6","11WD7VIAN2H-2-6A","Hydro Pumped Storage","11WD7VIAN2H-2-6A","09/04/2026 01:00 - 09/04/2026 02:00","0.00",""
"09/04/2026 00:00 - 10/04/2026 00:00","CTA|DE(Amprion)","Vianden 6","11WD7VIAN2H-2-6A","Hydro Pumped Storage","11WD7VIAN2H-2-6A","09/04/2026 02:00 - 09/04/2026 03:00","20.38",""
"09/04/2026 00:00 - 10/04/2026 00:00","CTA|DE(Amprion)","Vianden 6","11WD7VIAN2H-2-6A","Hydro Pumped Storage","11WD7VIAN2H-2-6A","09/04/2026 03:00 - 09/04/2026 04:00","10.25",""
"09/04/2026 00:00 - 10/04/2026 00:00","CTA|DE(Amprion)","Vianden 6","11WD7VIAN2H-2-6A","Hydro Pumped Storage","11WD7VIAN2H-2-6A","09/04/2026 04:00 - 09/04/2026 05:00","0.00",""
"09/04/2026 00:00 - 10/04/2026 00:00","CTA|DE(Amprion)","Vianden 6","11WD7VIAN2H-2-6A","Hydro Pumped Storage","11WD7VIAN2H-2-6A","09/04/2026 05:00 - 09/04/2026 06:00","0.00",""
"09/04/2026 00:00 - 10/04/2026 00:00","CTA|DE(Amprion)","Vianden 6","11WD7VIAN2H-2-6A","Hydro Pumped Storage","11WD7VIAN2H-2-6A","09/04/2026 06:00 - 09/04/2026 07:00","15.07",""
"09/04/2026 00:00 - 10/04/2026 00:00","CTA|DE(Amprion)","Vianden 6","11WD7VIAN2H-2-6A","Hydro Pumped Storage","11WD7VIAN2H-2-6A","09/04/2026 07:00 - 09/04/2026 08:00","67.80",""
"09/04/2026 00:00 - 10/04/2026 00:00","CTA|DE(Amprion)","Vianden 6","11WD7VIAN2H-2-6A","Hydro Pumped Storage","11WD7VIAN2H-2-6A","09/04/2026 08:00 - 09/04/2026 09:00","15.40",""
"09/04/2026 00:00 - 10/04/2026 00:00","CTA|DE(Amprion)","Vianden 6","11WD7VIAN2H-2-6A","Hydro Pumped Storage","11WD7VIAN2H-2-6A","09/04/2026 09:00 - 09/04/2026 10:00","0.00",""
"09/04/2026 00:00 - 10/04/2026 00:00","CTA|DE(Amprion)","Vianden 6","11WD7VIAN2H-2-6A","Hydro Pumped Storage","11WD7VIAN2H-2-6A","09/04/2026 10:00 - 09/04/2026 11:00","0.00",""
"09/04/2026 00:00 - 10/04/2026 00:00","CTA|DE(Amprion)","Vianden 6","11WD7VIAN2H-2-6A","Hydro Pumped Storage","11WD7VIAN2H-2-6A","09/04/2026 11:00 - 09/04/2026 12:00","0.00",""
"09/04/2026 00:00 - 10/04/2026 00:00","CTA|DE(Amprion)","Vianden 6","11WD7VIAN2H-2-6A","Hydro Pumped Storage","11WD7VIAN2H-2-6A","09/04/2026 12:00 - 09/04/2026 13:00","0.00",""
"09/04/2026 00:00 - 10/04/2026 00:00","CTA|DE(Amprion)","Vianden 6","11WD7VIAN2H-2-6A","Hydro Pumped Storage","11WD7VIAN2H-2-6A","09/04/2026 13:00 - 09/04/2026 14:00","0.00",""
"09/04/2026 00:00 - 10/04/2026 00:00","CTA|DE(Amprion)","Vianden 6","11WD7VIAN2H-2-6A","Hydro Pumped Storage","11WD7VIAN2H-2-6A","09/04/2026 14:00 - 09/04/2026 15:00","0.00",""
"09/04/2026 00:00 - 10/04/2026 00:00","CTA|DE(Amprion)","Vianden 6","11WD7VIAN2H-2-6A","Hydro Pumped Storage","11WD7VIAN2H-2-6A","09/04/2026 15:00 - 09/04/2026 16:00","0.00",""
"09/04/2026 00:00 - 10/04/2026 00:00","CTA|DE(Amprion)","Vianden 6","11WD7VIAN2H-2-6A","Hydro Pumped Storage","11WD7VIAN2H-2-6A","09/04/2026 16:00 - 09/04/2026 17:00","0.00",""
"09/04/2026 00:00 - 10/04/2026 00:00","CTA|DE(Amprion)","Vianden 6","11WD7VIAN2H-2-6A","Hydro Pumped Storage","11WD7VIAN2H-2-6A","09/04/2026 17:00 - 09/04/2026 18:00","0.00",""
"09/04/2026 00:00 - 10/04/2026 00:00","CTA|DE(Amprion)","Vianden 6","11WD7VIAN2H-2-6A","Hydro Pumped Storage","11WD7VIAN2H-2-6A","09/04/2026 18:00 - 09/04/2026 19:00","13.10",""
"09/04/2026 00:00 - 10/04/2026 00:00","CTA|DE(Amprion)","Vianden 6","11WD7VIAN2H-2-6A","Hydro Pumped Storage","11WD7VIAN2H-2-6A","09/04/2026 19:00 - 09/04/2026 20:00","74.58",""
"09/04/2026 00:00 - 10/04/2026 00:00","CTA|DE(Amprion)","Vianden 6","11WD7VIAN2H-2-6A","Hydro Pumped Storage","11WD7VIAN2H-2-6A","09/04/2026 20:00 - 09/04/2026 21:00","18.00",""
"09/04/2026 00:00 - 10/04/2026 00:00","CTA|DE(Amprion)","Vianden 6","11WD7VIAN2H-2-6A","Hydro Pumped Storage","11WD7VIAN2H-2-6A","09/04/2026 21:00 - 09/04/2026 22:00","0.00",""
"09/04/2026 00:00 - 10/04/2026 00:00","CTA|DE(Amprion)","Vianden 6","11WD7VIAN2H-2-6A","Hydro Pumped Storage","11WD7VIAN2H-2-6A","09/04/2026 22:00 - 09/04/2026 23:00","0.00",""
"09/04/2026 00:00 - 10/04/2026 00:00","CTA|DE(Amprion)","Vianden 6","11WD7VIAN2H-2-6A","Hydro Pumped Storage","11WD7VIAN2H-2-6A","09/04/2026 23:00 - 10/04/2026 00:00","0.00",""
"09/04/2026 00:00 - 10/04/2026 00:00","CTA|DE(Amprion)","Vianden 7","11WD7VIAN2H-2-78","Hydro Pumped Storage","11WD7VIAN2H-2-78","09/04/2026 00:00 - 09/04/2026 01:00","0.00",""
"09/04/2026 00:00 - 10/04/2026 00:00","CTA|DE(Amprion)","Vianden 7","11WD7VIAN2H-2-78","Hydro Pumped Storage","11WD7VIAN2H-2-78","09/04/2026 01:00 - 09/04/2026 02:00","0.00",""
"09/04/2026 00:00 - 10/04/2026 00:00","CTA|DE(Amprion)","Vianden 7","11WD7VIAN2H-2-78","Hydro Pumped Storage","11WD7VIAN2H-2-78","09/04/2026 02:00 - 09/04/2026 03:00","0.00",""
"09/04/2026 00:00 - 10/04/2026 00:00","CTA|DE(Amprion)","Vianden 7","11WD7VIAN2H-2-78","Hydro Pumped Storage","11WD7VIAN2H-2-78","09/04/2026 03:00 - 09/04/2026 04:00","0.00",""
"09/04/2026 00:00 - 10/04/2026 00:00","CTA|DE(Amprion)","Vianden 7","11WD7VIAN2H-2-78","Hydro Pumped Storage","11WD7VIAN2H-2-78","09/04/2026 04:00 - 09/04/2026 05:00","0.00",""
"09/04/2026 00:00 - 10/04/2026 00:00","CTA|DE(Amprion)","Vianden 7","11WD7VIAN2H-2-78","Hydro Pumped Storage","11WD7VIAN2H-2-78","09/04/2026 05:00 - 09/04/2026 06:00","0.00",""
"09/04/2026 00:00 - 10/04/2026 00:00","CTA|DE(Amprion)","Vianden 7","11WD7VIAN2H-2-78","Hydro Pumped Storage","11WD7VIAN2H-2-78","09/04/2026 06:00 - 09/04/2026 07:00","2.00",""
"09/04/2026 00:00 - 10/04/2026 00:00","CTA|DE(Amprion)","Vianden 7","11WD7VIAN2H-2-78","Hydro Pumped Storage","11WD7VIAN2H-2-78","09/04/2026 07:00 - 09/04/2026 08:00","71.05",""
"09/04/2026 00:00 - 10/04/2026 00:00","CTA|DE(Amprion)","Vianden 7","11WD7VIAN2H-2-78","Hydro Pumped Storage","11WD7VIAN2H-2-78","09/04/2026 08:00 - 09/04/2026 09:00","15.07",""
"09/04/2026 00:00 - 10/04/2026 00:00","CTA|DE(Amprion)","Vianden 7","11WD7VIAN2H-2-78","Hydro Pumped Storage","11WD7VIAN2H-2-78","09/04/2026 09:00 - 09/04/2026 10:00","0.00",""
"09/04/2026 00:00 - 10/04/2026 00:00","CTA|DE(Amprion)","Vianden 7","11WD7VIAN2H-2-78","Hydro Pumped Storage","11WD7VIAN2H-2-78","09/04/2026 10:00 - 09/04/2026 11:00","0.00",""
"09/04/2026 00:00 - 10/04/2026 00:00","CTA|DE(Amprion)","Vianden 7","11WD7VIAN2H-2-78","Hydro Pumped Storage","11WD7VIAN2H-2-78","09/04/2026 11:00 - 09/04/2026 12:00","0.00",""
"09/04/2026 00:00 - 10/04/2026 00:00","CTA|DE(Amprion)","Vianden 7","11WD7VIAN2H-2-78","Hydro Pumped Storage","11WD7VIAN2H-2-78","09/04/2026 12:00 - 09/04/2026 13:00","0.00",""
"09/04/2026 00:00 - 10/04/2026 00:00","CTA|DE(Amprion)","Vianden 7","11WD7VIAN2H-2-78","Hydro Pumped Storage","11WD7VIAN2H-2-78","09/04/2026 13:00 - 09/04/2026 14:00","0.00",""
"09/04/2026 00:00 - 10/04/2026 00:00","CTA|DE(Amprion)","Vianden 7","11WD7VIAN2H-2-78","Hydro Pumped Storage","11WD7VIAN2H-2-78","09/04/2026 14:00 - 09/04/2026 15:00","0.00",""
"09/04/2026 00:00 - 10/04/2026 00:00","CTA|DE(Amprion)","Vianden 7","11WD7VIAN2H-2-78","Hydro Pumped Storage","11WD7VIAN2H-2-78","09/04/2026 15:00 - 09/04/2026 16:00","0.00",""
"09/04/2026 00:00 - 10/04/2026 00:00","CTA|DE(Amprion)","Vianden 7","11WD7VIAN2H-2-78","Hydro Pumped Storage","11WD7VIAN2H-2-78","09/04/2026 16:00 - 09/04/2026 17:00","0.00",""
"09/04/2026 00:00 - 10/04/2026 00:00","CTA|DE(Amprion)","Vianden 7","11WD7VIAN2H-2-78","Hydro Pumped Storage","11WD7VIAN2H-2-78","09/04/2026 17:00 - 09/04/2026 18:00","0.00",""
"09/04/2026 00:00 - 10/04/2026 00:00","CTA|DE(Amprion)","Vianden 7","11WD7VIAN2H-2-78","Hydro Pumped Storage","11WD7VIAN2H-2-78","09/04/2026 18:00 - 09/04/2026 19:00","12.95",""
"09/04/2026 00:00 - 10/04/2026 00:00","CTA|DE(Amprion)","Vianden 7","11WD7VIAN2H-2-78","Hydro Pumped Storage","11WD7VIAN2H-2-78","09/04/2026 19:00 - 09/04/2026 20:00","76.63",""
"09/04/2026 00:00 - 10/04/2026 00:00","CTA|DE(Amprion)","Vianden 7","11WD7VIAN2H-2-78","Hydro Pumped Storage","11WD7VIAN2H-2-78","09/04/2026 20:00 - 09/04/2026 21:00","19.82",""
"09/04/2026 00:00 - 10/04/2026 00:00","CTA|DE(Amprion)","Vianden 7","11WD7VIAN2H-2-78","Hydro Pumped Storage","11WD7VIAN2H-2-78","09/04/2026 21:00 - 09/04/2026 22:00","0.00",""
"09/04/2026 00:00 - 10/04/2026 00:00","CTA|DE(Amprion)","Vianden 7","11WD7VIAN2H-2-78","Hydro Pumped Storage","11WD7VIAN2H-2-78","09/04/2026 22:00 - 09/04/2026 23:00","0.00",""
"09/04/2026 00:00 - 10/04/2026 00:00","CTA|DE(Amprion)","Vianden 7","11WD7VIAN2H-2-78","Hydro Pumped Storage","11WD7VIAN2H-2-78","09/04/2026 23:00 - 10/04/2026 00:00","0.00",""
"09/04/2026 00:00 - 10/04/2026 00:00","CTA|DE(Amprion)","Vianden 8","11WD7VIAN2H-2-86","Hydro Pumped Storage","11WD7VIAN2H-2-86","09/04/2026 00:00 - 09/04/2026 01:00","0.00",""
"09/04/2026 00:00 - 10/04/2026 00:00","CTA|DE(Amprion)","Vianden 8","11WD7VIAN2H-2-86","Hydro Pumped Storage","11WD7VIAN2H-2-86","09/04/2026 01:00 - 09/04/2026 02:00","0.00",""
"09/04/2026 00:00 - 10/04/2026 00:00","CTA|DE(Amprion)","Vianden 8","11WD7VIAN2H-2-86","Hydro Pumped Storage","11WD7VIAN2H-2-86","09/04/2026 02:00 - 09/04/2026 03:00","0.00",""
"09/04/2026 00:00 - 10/04/2026 00:00","CTA|DE(Amprion)","Vianden 8","11WD7VIAN2H-2-86","Hydro Pumped Storage","11WD7VIAN2H-2-86","09/04/2026 03:00 - 09/04/2026 04:00","0.00",""
"09/04/2026 00:00 - 10/04/2026 00:00","CTA|DE(Amprion)","Vianden 8","11WD7VIAN2H-2-86","Hydro Pumped Storage","11WD7VIAN2H-2-86","09/04/2026 04:00 - 09/04/2026 05:00","0.00",""
"09/04/2026 00:00 - 10/04/2026 00:00","CTA|DE(Amprion)","Vianden 8","11WD7VIAN2H-2-86","Hydro Pumped Storage","11WD7VIAN2H-2-86","09/04/2026 05:00 - 09/04/2026 06:00","0.00",""
"09/04/2026 00:00 - 10/04/2026 00:00","CTA|DE(Amprion)","Vianden 8","11WD7VIAN2H-2-86","Hydro Pumped Storage","11WD7VIAN2H-2-86","09/04/2026 06:00 - 09/04/2026 07:00","0.00",""
"09/04/2026 00:00 - 10/04/2026 00:00","CTA|DE(Amprion)","Vianden 8","11WD7VIAN2H-2-86","Hydro Pumped Storage","11WD7VIAN2H-2-86","09/04/2026 07:00 - 09/04/2026 08:00","62.42",""
"09/04/2026 00:00 - 10/04/2026 00:00","CTA|DE(Amprion)","Vianden 8","11WD7VIAN2H-2-86","Hydro Pumped Storage","11WD7VIAN2H-2-86","09/04/2026 08:00 - 09/04/2026 09:00","15.45",""
"09/04/2026 00:00 - 10/04/2026 00:00","CTA|DE(Amprion)","Vianden 8","11WD7VIAN2H-2-86","Hydro Pumped Storage","11WD7VIAN2H-2-86","09/04/2026 09:00 - 09/04/2026 10:00","0.00",""
"09/04/2026 00:00 - 10/04/2026 00:00","CTA|DE(Amprion)","Vianden 8","11WD7VIAN2H-2-86","Hydro Pumped Storage","11WD7VIAN2H-2-86","09/04/2026 10:00 - 09/04/2026 11:00","0.00",""
"09/04/2026 00:00 - 10/04/2026 00:00","CTA|DE(Amprion)","Vianden 8","11WD7VIAN2H-2-86","Hydro Pumped Storage","11WD7VIAN2H-2-86","09/04/2026 11:00 - 09/04/2026 12:00","0.00",""
"09/04/2026 00:00 - 10/04/2026 00:00","CTA|DE(Amprion)","Vianden 8","11WD7VIAN2H-2-86","Hydro Pumped Storage","11WD7VIAN2H-2-86","09/04/2026 12:00 - 09/04/2026 13:00","0.00",""
"09/04/2026 00:00 - 10/04/2026 00:00","CTA|DE(Amprion)","Vianden 8","11WD7VIAN2H-2-86","Hydro Pumped Storage","11WD7VIAN2H-2-86","09/04/2026 13:00 - 09/04/2026 14:00","0.00",""
"09/04/2026 00:00 - 10/04/2026 00:00","CTA|DE(Amprion)","Vianden 8","11WD7VIAN2H-2-86","Hydro Pumped Storage","11WD7VIAN2H-2-86","09/04/2026 14:00 - 09/04/2026 15:00","0.00",""
"09/04/2026 00:00 - 10/04/2026 00:00","CTA|DE(Amprion)","Vianden 8","11WD7VIAN2H-2-86","Hydro Pumped Storage","11WD7VIAN2H-2-86","09/04/2026 15:00 - 09/04/2026 16:00","0.00",""
"09/04/2026 00:00 - 10/04/2026 00:00","CTA|DE(Amprion)","Vianden 8","11WD7VIAN2H-2-86","Hydro Pumped Storage","11WD7VIAN2H-2-86","09/04/2026 16:00 - 09/04/2026 17:00","0.00",""
"09/04/2026 00:00 - 10/04/2026 00:00","CTA|DE(Amprion)","Vianden 8","11WD7VIAN2H-2-86","Hydro Pumped Storage","11WD7VIAN2H-2-86","09/04/2026 17:00 - 09/04/2026 18:00","0.00",""
"09/04/2026 00:00 - 10/04/2026 00:00","CTA|DE(Amprion)","Vianden 8","11WD7VIAN2H-2-86","Hydro Pumped Storage","11WD7VIAN2H-2-86","09/04/2026 18:00 - 09/04/2026 19:00","13.20",""
"09/04/2026 00:00 - 10/04/2026 00:00","CTA|DE(Amprion)","Vianden 8","11WD7VIAN2H-2-86","Hydro Pumped Storage","11WD7VIAN2H-2-86","09/04/2026 19:00 - 09/04/2026 20:00","84.90",""
"09/04/2026 00:00 - 10/04/2026 00:00","CTA|DE(Amprion)","Vianden 8","11WD7VIAN2H-2-86","Hydro Pumped Storage","11WD7VIAN2H-2-86","09/04/2026 20:00 - 09/04/2026 21:00","1.27",""
"09/04/2026 00:00 - 10/04/2026 00:00","CTA|DE(Amprion)","Vianden 8","11WD7VIAN2H-2-86","Hydro Pumped Storage","11WD7VIAN2H-2-86","09/04/2026 21:00 - 09/04/2026 22:00","0.00",""
"09/04/2026 00:00 - 10/04/2026 00:00","CTA|DE(Amprion)","Vianden 8","11WD7VIAN2H-2-86","Hydro Pumped Storage","11WD7VIAN2H-2-86","09/04/2026 22:00 - 09/04/2026 23:00","0.00",""
"09/04/2026 00:00 - 10/04/2026 00:00","CTA|DE(Amprion)","Vianden 8","11WD7VIAN2H-2-86","Hydro Pumped Storage","11WD7VIAN2H-2-86","09/04/2026 23:00 - 10/04/2026 00:00","0.00",""
"09/04/2026 00:00 - 10/04/2026 00:00","CTA|DE(Amprion)","Vianden 9","11WD7VIAN2H-2-94","Hydro Pumped Storage","11WD7VIAN2H-2-94","09/04/2026 00:00 - 09/04/2026 01:00","0.00",""
"09/04/2026 00:00 - 10/04/2026 00:00","CTA|DE(Amprion)","Vianden 9","11WD7VIAN2H-2-94","Hydro Pumped Storage","11WD7VIAN2H-2-94","09/04/2026 01:00 - 09/04/2026 02:00","0.00",""
"09/04/2026 00:00 - 10/04/2026 00:00","CTA|DE(Amprion)","Vianden 9","11WD7VIAN2H-2-94","Hydro Pumped Storage","11WD7VIAN2H-2-94","09/04/2026 02:00 - 09/04/2026 03:00","0.00",""
"09/04/2026 00:00 - 10/04/2026 00:00","CTA|DE(Amprion)","Vianden 9","11WD7VIAN2H-2-94","Hydro Pumped Storage","11WD7VIAN2H-2-94","09/04/2026 03:00 - 09/04/2026 04:00","0.00",""
"09/04/2026 00:00 - 10/04/2026 00:00","CTA|DE(Amprion)","Vianden 9","11WD7VIAN2H-2-94","Hydro Pumped Storage","11WD7VIAN2H-2-94","09/04/2026 04:00 - 09/04/2026 05:00","0.00",""
"09/04/2026 00:00 - 10/04/2026 00:00","CTA|DE(Amprion)","Vianden 9","11WD7VIAN2H-2-94","Hydro Pumped Storage","11WD7VIAN2H-2-94","09/04/2026 05:00 - 09/04/2026 06:00","0.00",""
"09/04/2026 00:00 - 10/04/2026 00:00","CTA|DE(Amprion)","Vianden 9","11WD7VIAN2H-2-94","Hydro Pumped Storage","11WD7VIAN2H-2-94","09/04/2026 06:00 - 09/04/2026 07:00","0.00",""
"09/04/2026 00:00 - 10/04/2026 00:00","CTA|DE(Amprion)","Vianden 9","11WD7VIAN2H-2-94","Hydro Pumped Storage","11WD7VIAN2H-2-94","09/04/2026 07:00 - 09/04/2026 08:00","57.42",""
"09/04/2026 00:00 - 10/04/2026 00:00","CTA|DE(Amprion)","Vianden 9","11WD7VIAN2H-2-94","Hydro Pumped Storage","11WD7VIAN2H-2-94","09/04/2026 08:00 - 09/04/2026 09:00","15.28",""
"09/04/2026 00:00 - 10/04/2026 00:00","CTA|DE(Amprion)","Vianden 9","11WD7VIAN2H-2-94","Hydro Pumped Storage","11WD7VIAN2H-2-94","09/04/2026 09:00 - 09/04/2026 10:00","0.00",""
"09/04/2026 00:00 - 10/04/2026 00:00","CTA|DE(Amprion)","Vianden 9","11WD7VIAN2H-2-94","Hydro Pumped Storage","11WD7VIAN2H-2-94","09/04/2026 10:00 - 09/04/2026 11:00","0.00",""
"09/04/2026 00:00 - 10/04/2026 00:00","CTA|DE(Amprion)","Vianden 9","11WD7VIAN2H-2-94","Hydro Pumped Storage","11WD7VIAN2H-2-94","09/04/2026 11:00 - 09/04/2026 12:00","0.00",""
"09/04/2026 00:00 - 10/04/2026 00:00","CTA|DE(Amprion)","Vianden 9","11WD7VIAN2H-2-94","Hydro Pumped Storage","11WD7VIAN2H-2-94","09/04/2026 12:00 - 09/04/2026 13:00","0.00",""
"09/04/2026 00:00 - 10/04/2026 00:00","CTA|DE(Amprion)","Vianden 9","11WD7VIAN2H-2-94","Hydro Pumped Storage","11WD7VIAN2H-2-94","09/04/2026 13:00 - 09/04/2026 14:00","0.00",""
"09/04/2026 00:00 - 10/04/2026 00:00","CTA|DE(Amprion)","Vianden 9","11WD7VIAN2H-2-94","Hydro Pumped Storage","11WD7VIAN2H-2-94","09/04/2026 14:00 - 09/04/2026 15:00","0.00",""
"09/04/2026 00:00 - 10/04/2026 00:00","CTA|DE(Amprion)","Vianden 9","11WD7VIAN2H-2-94","Hydro Pumped Storage","11WD7VIAN2H-2-94","09/04/2026 15:00 - 09/04/2026 16:00","0.00",""
"09/04/2026 00:00 - 10/04/2026 00:00","CTA|DE(Amprion)","Vianden 9","11WD7VIAN2H-2-94","Hydro Pumped Storage","11WD7VIAN2H-2-94","09/04/2026 16:00 - 09/04/2026 17:00","0.00",""
"09/04/2026 00:00 - 10/04/2026 00:00","CTA|DE(Amprion)","Vianden 9","11WD7VIAN2H-2-94","Hydro Pumped Storage","11WD7VIAN2H-2-94","09/04/2026 17:00 - 09/04/2026 18:00","0.00",""
"09/04/2026 00:00 - 10/04/2026 00:00","CTA|DE(Amprion)","Vianden 9","11WD7VIAN2H-2-94","Hydro Pumped Storage","11WD7VIAN2H-2-94","09/04/2026 18:00 - 09/04/2026 19:00","0.00",""
"09/04/2026 00:00 - 10/04/2026 00:00","CTA|DE(Amprion)","Vianden 9","11WD7VIAN2H-2-94","Hydro Pumped Storage","11WD7VIAN2H-2-94","09/04/2026 19:00 - 09/04/2026 20:00","56.60",""
"09/04/2026 00:00 - 10/04/2026 00:00","CTA|DE(Amprion)","Vianden 9","11WD7VIAN2H-2-94","Hydro Pumped Storage","11WD7VIAN2H-2-94","09/04/2026 20:00 - 09/04/2026 21:00","19.60",""
"09/04/2026 00:00 - 10/04/2026 00:00","CTA|DE(Amprion)","Vianden 9","11WD7VIAN2H-2-94","Hydro Pumped Storage","11WD7VIAN2H-2-94","09/04/2026 21:00 - 09/04/2026 22:00","0.00",""
"09/04/2026 00:00 - 10/04/2026 00:00","CTA|DE(Amprion)","Vianden 9","11WD7VIAN2H-2-94","Hydro Pumped Storage","11WD7VIAN2H-2-94","09/04/2026 22:00 - 09/04/2026 23:00","0.00",""
"09/04/2026 00:00 - 10/04/2026 00:00","CTA|DE(Amprion)","Vianden 9","11WD7VIAN2H-2-94","Hydro Pumped Storage","11WD7VIAN2H-2-94","09/04/2026 23:00 - 10/04/2026 00:00","0.00",""
"09/04/2026 00:00 - 10/04/2026 00:00","CTA|DE(Amprion)","VOELKLINGEN_HKV","11WD7VOLK5S-HKVM","Fossil Hard coal","11WD7VOLK5S-HKVM","09/04/2026 00:00 - 09/04/2026 01:00","0.00",""
"09/04/2026 00:00 - 10/04/2026 00:00","CTA|DE(Amprion)","VOELKLINGEN_HKV","11WD7VOLK5S-HKVM","Fossil Hard coal","11WD7VOLK5S-HKVM","09/04/2026 01:00 - 09/04/2026 02:00","0.00",""
"09/04/2026 00:00 - 10/04/2026 00:00","CTA|DE(Amprion)","VOELKLINGEN_HKV","11WD7VOLK5S-HKVM","Fossil Hard coal","11WD7VOLK5S-HKVM","09/04/2026 02:00 - 09/04/2026 03:00","0.00",""
"09/04/2026 00:00 - 10/04/2026 00:00","CTA|DE(Amprion)","VOELKLINGEN_HKV","11WD7VOLK5S-HKVM","Fossil Hard coal","11WD7VOLK5S-HKVM","09/04/2026 03:00 - 09/04/2026 04:00","0.00",""
"09/04/2026 00:00 - 10/04/2026 00:00","CTA|DE(Amprion)","VOELKLINGEN_HKV","11WD7VOLK5S-HKVM","Fossil Hard coal","11WD7VOLK5S-HKVM","09/04/2026 04:00 - 09/04/2026 05:00","0.00",""
"09/04/2026 00:00 - 10/04/2026 00:00","CTA|DE(Amprion)","VOELKLINGEN_HKV","11WD7VOLK5S-HKVM","Fossil Hard coal","11WD7VOLK5S-HKVM","09/04/2026 05:00 - 09/04/2026 06:00","0.00",""
"09/04/2026 00:00 - 10/04/2026 00:00","CTA|DE(Amprion)","VOELKLINGEN_HKV","11WD7VOLK5S-HKVM","Fossil Hard coal","11WD7VOLK5S-HKVM","09/04/2026 06:00 - 09/04/2026 07:00","0.00",""
"09/04/2026 00:00 - 10/04/2026 00:00","CTA|DE(Amprion)","VOELKLINGEN_HKV","11WD7VOLK5S-HKVM","Fossil Hard coal","11WD7VOLK5S-HKVM","09/04/2026 07:00 - 09/04/2026 08:00","0.00",""
"09/04/2026 00:00 - 10/04/2026 00:00","CTA|DE(Amprion)","VOELKLINGEN_HKV","11WD7VOLK5S-HKVM","Fossil Hard coal","11WD7VOLK5S-HKVM","09/04/2026 08:00 - 09/04/2026 09:00","0.00",""
"09/04/2026 00:00 - 10/04/2026 00:00","CTA|DE(Amprion)","VOELKLINGEN_HKV","11WD7VOLK5S-HKVM","Fossil Hard coal","11WD7VOLK5S-HKVM","09/04/2026 09:00 - 09/04/2026 10:00","0.00",""
"09/04/2026 00:00 - 10/04/2026 00:00","CTA|DE(Amprion)","VOELKLINGEN_HKV","11WD7VOLK5S-HKVM","Fossil Hard coal","11WD7VOLK5S-HKVM","09/04/2026 10:00 - 09/04/2026 11:00","0.00",""
"09/04/2026 00:00 - 10/04/2026 00:00","CTA|DE(Amprion)","VOELKLINGEN_HKV","11WD7VOLK5S-HKVM","Fossil Hard coal","11WD7VOLK5S-HKVM","09/04/2026 11:00 - 09/04/2026 12:00","0.00",""
"09/04/2026 00:00 - 10/04/2026 00:00","CTA|DE(Amprion)","VOELKLINGEN_HKV","11WD7VOLK5S-HKVM","Fossil Hard coal","11WD7VOLK5S-HKVM","09/04/2026 12:00 - 09/04/2026 13:00","0.00",""
"09/04/2026 00:00 - 10/04/2026 00:00","CTA|DE(Amprion)","VOELKLINGEN_HKV","11WD7VOLK5S-HKVM","Fossil Hard coal","11WD7VOLK5S-HKVM","09/04/2026 13:00 - 09/04/2026 14:00","0.00",""
"09/04/2026 00:00 - 10/04/2026 00:00","CTA|DE(Amprion)","VOELKLINGEN_HKV","11WD7VOLK5S-HKVM","Fossil Hard coal","11WD7VOLK5S-HKVM","09/04/2026 14:00 - 09/04/2026 15:00","0.00",""
"09/04/2026 00:00 - 10/04/2026 00:00","CTA|DE(Amprion)","VOELKLINGEN_HKV","11WD7VOLK5S-HKVM","Fossil Hard coal","11WD7VOLK5S-HKVM","09/04/2026 15:00 - 09/04/2026 16:00","0.00",""
"09/04/2026 00:00 - 10/04/2026 00:00","CTA|DE(Amprion)","VOELKLINGEN_HKV","11WD7VOLK5S-HKVM","Fossil Hard coal","11WD7VOLK5S-HKVM","09/04/2026 16:00 - 09/04/2026 17:00","0.00",""
"09/04/2026 00:00 - 10/04/2026 00:00","CTA|DE(Amprion)","VOELKLINGEN_HKV","11WD7VOLK5S-HKVM","Fossil Hard coal","11WD7VOLK5S-HKVM","09/04/2026 17:00 - 09/04/2026 18:00","0.00",""
"09/04/2026 00:00 - 10/04/2026 00:00","CTA|DE(Amprion)","VOELKLINGEN_HKV","11WD7VOLK5S-HKVM","Fossil Hard coal","11WD7VOLK5S-HKVM","09/04/2026 18:00 - 09/04/2026 19:00","0.00",""
"09/04/2026 00:00 - 10/04/2026 00:00","CTA|DE(Amprion)","VOELKLINGEN_HKV","11WD7VOLK5S-HKVM","Fossil Hard coal","11WD7VOLK5S-HKVM","09/04/2026 19:00 - 09/04/2026 20:00","0.00",""
"09/04/2026 00:00 - 10/04/2026 00:00","CTA|DE(Amprion)","VOELKLINGEN_HKV","11WD7VOLK5S-HKVM","Fossil Hard coal","11WD7VOLK5S-HKVM","09/04/2026 20:00 - 09/04/2026 21:00","0.00",""
"09/04/2026 00:00 - 10/04/2026 00:00","CTA|DE(Amprion)","VOELKLINGEN_HKV","11WD7VOLK5S-HKVM","Fossil Hard coal","11WD7VOLK5S-HKVM","09/04/2026 21:00 - 09/04/2026 22:00","0.00",""
"09/04/2026 00:00 - 10/04/2026 00:00","CTA|DE(Amprion)","VOELKLINGEN_HKV","11WD7VOLK5S-HKVM","Fossil Hard coal","11WD7VOLK5S-HKVM","09/04/2026 22:00 - 09/04/2026 23:00","0.00",""
"09/04/2026 00:00 - 10/04/2026 00:00","CTA|DE(Amprion)","VOELKLINGEN_HKV","11WD7VOLK5S-HKVM","Fossil Hard coal","11WD7VOLK5S-HKVM","09/04/2026 23:00 - 10/04/2026 00:00","0.00",""
"09/04/2026 00:00 - 10/04/2026 00:00","CTA|DE(Amprion)","VOELKLINGEN_MKV","11WD7VOLK5S-MKV2","Fossil Hard coal","11WD7VOLK5S-MKV2","09/04/2026 00:00 - 09/04/2026 01:00","0.00",""
"09/04/2026 00:00 - 10/04/2026 00:00","CTA|DE(Amprion)","VOELKLINGEN_MKV","11WD7VOLK5S-MKV2","Fossil Hard coal","11WD7VOLK5S-MKV2","09/04/2026 01:00 - 09/04/2026 02:00","0.00",""
"09/04/2026 00:00 - 10/04/2026 00:00","CTA|DE(Amprion)","VOELKLINGEN_MKV","11WD7VOLK5S-MKV2","Fossil Hard coal","11WD7VOLK5S-MKV2","09/04/2026 02:00 - 09/04/2026 03:00","0.00",""
"09/04/2026 00:00 - 10/04/2026 00:00","CTA|DE(Amprion)","VOELKLINGEN_MKV","11WD7VOLK5S-MKV2","Fossil Hard coal","11WD7VOLK5S-MKV2","09/04/2026 03:00 - 09/04/2026 04:00","0.00",""
"09/04/2026 00:00 - 10/04/2026 00:00","CTA|DE(Amprion)","VOELKLINGEN_MKV","11WD7VOLK5S-MKV2","Fossil Hard coal","11WD7VOLK5S-MKV2","09/04/2026 04:00 - 09/04/2026 05:00","0.00",""
"09/04/2026 00:00 - 10/04/2026 00:00","CTA|DE(Amprion)","VOELKLINGEN_MKV","11WD7VOLK5S-MKV2","Fossil Hard coal","11WD7VOLK5S-MKV2","09/04/2026 05:00 - 09/04/2026 06:00","0.00",""
"09/04/2026 00:00 - 10/04/2026 00:00","CTA|DE(Amprion)","VOELKLINGEN_MKV","11WD7VOLK5S-MKV2","Fossil Hard coal","11WD7VOLK5S-MKV2","09/04/2026 06:00 - 09/04/2026 07:00","0.00",""
"09/04/2026 00:00 - 10/04/2026 00:00","CTA|DE(Amprion)","VOELKLINGEN_MKV","11WD7VOLK5S-MKV2","Fossil Hard coal","11WD7VOLK5S-MKV2","09/04/2026 07:00 - 09/04/2026 08:00","0.00",""
"09/04/2026 00:00 - 10/04/2026 00:00","CTA|DE(Amprion)","VOELKLINGEN_MKV","11WD7VOLK5S-MKV2","Fossil Hard coal","11WD7VOLK5S-MKV2","09/04/2026 08:00 - 09/04/2026 09:00","0.00",""
"09/04/2026 00:00 - 10/04/2026 00:00","CTA|DE(Amprion)","VOELKLINGEN_MKV","11WD7VOLK5S-MKV2","Fossil Hard coal","11WD7VOLK5S-MKV2","09/04/2026 09:00 - 09/04/2026 10:00","0.00",""
"09/04/2026 00:00 - 10/04/2026 00:00","CTA|DE(Amprion)","VOELKLINGEN_MKV","11WD7VOLK5S-MKV2","Fossil Hard coal","11WD7VOLK5S-MKV2","09/04/2026 10:00 - 09/04/2026 11:00","0.00",""
"09/04/2026 00:00 - 10/04/2026 00:00","CTA|DE(Amprion)","VOELKLINGEN_MKV","11WD7VOLK5S-MKV2","Fossil Hard coal","11WD7VOLK5S-MKV2","09/04/2026 11:00 - 09/04/2026 12:00","0.00",""
"09/04/2026 00:00 - 10/04/2026 00:00","CTA|DE(Amprion)","VOELKLINGEN_MKV","11WD7VOLK5S-MKV2","Fossil Hard coal","11WD7VOLK5S-MKV2","09/04/2026 12:00 - 09/04/2026 13:00","0.00",""
"09/04/2026 00:00 - 10/04/2026 00:00","CTA|DE(Amprion)","VOELKLINGEN_MKV","11WD7VOLK5S-MKV2","Fossil Hard coal","11WD7VOLK5S-MKV2","09/04/2026 13:00 - 09/04/2026 14:00","0.00",""
"09/04/2026 00:00 - 10/04/2026 00:00","CTA|DE(Amprion)","VOELKLINGEN_MKV","11WD7VOLK5S-MKV2","Fossil Hard coal","11WD7VOLK5S-MKV2","09/04/2026 14:00 - 09/04/2026 15:00","0.00",""
"09/04/2026 00:00 - 10/04/2026 00:00","CTA|DE(Amprion)","VOELKLINGEN_MKV","11WD7VOLK5S-MKV2","Fossil Hard coal","11WD7VOLK5S-MKV2","09/04/2026 15:00 - 09/04/2026 16:00","0.00",""
"09/04/2026 00:00 - 10/04/2026 00:00","CTA|DE(Amprion)","VOELKLINGEN_MKV","11WD7VOLK5S-MKV2","Fossil Hard coal","11WD7VOLK5S-MKV2","09/04/2026 16:00 - 09/04/2026 17:00","0.00",""
"09/04/2026 00:00 - 10/04/2026 00:00","CTA|DE(Amprion)","VOELKLINGEN_MKV","11WD7VOLK5S-MKV2","Fossil Hard coal","11WD7VOLK5S-MKV2","09/04/2026 17:00 - 09/04/2026 18:00","0.00",""
"09/04/2026 00:00 - 10/04/2026 00:00","CTA|DE(Amprion)","VOELKLINGEN_MKV","11WD7VOLK5S-MKV2","Fossil Hard coal","11WD7VOLK5S-MKV2","09/04/2026 18:00 - 09/04/2026 19:00","0.00",""
"09/04/2026 00:00 - 10/04/2026 00:00","CTA|DE(Amprion)","VOELKLINGEN_MKV","11WD7VOLK5S-MKV2","Fossil Hard coal","11WD7VOLK5S-MKV2","09/04/2026 19:00 - 09/04/2026 20:00","0.00",""
"09/04/2026 00:00 - 10/04/2026 00:00","CTA|DE(Amprion)","VOELKLINGEN_MKV","11WD7VOLK5S-MKV2","Fossil Hard coal","11WD7VOLK5S-MKV2","09/04/2026 20:00 - 09/04/2026 21:00","0.00",""
"09/04/2026 00:00 - 10/04/2026 00:00","CTA|DE(Amprion)","VOELKLINGEN_MKV","11WD7VOLK5S-MKV2","Fossil Hard coal","11WD7VOLK5S-MKV2","09/04/2026 21:00 - 09/04/2026 22:00","0.00",""
"09/04/2026 00:00 - 10/04/2026 00:00","CTA|DE(Amprion)","VOELKLINGEN_MKV","11WD7VOLK5S-MKV2","Fossil Hard coal","11WD7VOLK5S-MKV2","09/04/2026 22:00 - 09/04/2026 23:00","0.00",""
"09/04/2026 00:00 - 10/04/2026 00:00","CTA|DE(Amprion)","VOELKLINGEN_MKV","11WD7VOLK5S-MKV2","Fossil Hard coal","11WD7VOLK5S-MKV2","09/04/2026 23:00 - 10/04/2026 00:00","0.00",""
"09/04/2026 00:00 - 10/04/2026 00:00","CTA|DE(Amprion)","WALSUM_10","11WD7WALS1S--10A","Fossil Hard coal","11WD7WALS1S--10A","09/04/2026 00:00 - 09/04/2026 00:15","692.50",""
"09/04/2026 00:00 - 10/04/2026 00:00","CTA|DE(Amprion)","WALSUM_10","11WD7WALS1S--10A","Fossil Hard coal","11WD7WALS1S--10A","09/04/2026 00:15 - 09/04/2026 00:30","690.60",""
"09/04/2026 00:00 - 10/04/2026 00:00","CTA|DE(Amprion)","WALSUM_10","11WD7WALS1S--10A","Fossil Hard coal","11WD7WALS1S--10A","09/04/2026 00:30 - 09/04/2026 00:45","686.40",""
"09/04/2026 00:00 - 10/04/2026 00:00","CTA|DE(Amprion)","WALSUM_10","11WD7WALS1S--10A","Fossil Hard coal","11WD7WALS1S--10A","09/04/2026 00:45 - 09/04/2026 01:00","689.10",""
"09/04/2026 00:00 - 10/04/2026 00:00","CTA|DE(Amprion)","WALSUM_10","11WD7WALS1S--10A","Fossil Hard coal","11WD7WALS1S--10A","09/04/2026 01:00 - 09/04/2026 01:15","692.00",""
"09/04/2026 00:00 - 10/04/2026 00:00","CTA|DE(Amprion)","WALSUM_10","11WD7WALS1S--10A","Fossil Hard coal","11WD7WALS1S--10A","09/04/2026 01:15 - 09/04/2026 01:30","692.90",""
"09/04/2026 00:00 - 10/04/2026 00:00","CTA|DE(Amprion)","WALSUM_10","11WD7WALS1S--10A","Fossil Hard coal","11WD7WALS1S--10A","09/04/2026 01:30 - 09/04/2026 01:45","689.90",""
"09/04/2026 00:00 - 10/04/2026 00:00","CTA|DE(Amprion)","WALSUM_10","11WD7WALS1S--10A","Fossil Hard coal","11WD7WALS1S--10A","09/04/2026 01:45 - 09/04/2026 02:00","689.50",""
"09/04/2026 00:00 - 10/04/2026 00:00","CTA|DE(Amprion)","WALSUM_10","11WD7WALS1S--10A","Fossil Hard coal","11WD7WALS1S--10A","09/04/2026 02:00 - 09/04/2026 02:15","687.00",""
"09/04/2026 00:00 - 10/04/2026 00:00","CTA|DE(Amprion)","WALSUM_10","11WD7WALS1S--10A","Fossil Hard coal","11WD7WALS1S--10A","09/04/2026 02:15 - 09/04/2026 02:30","689.10",""
"09/04/2026 00:00 - 10/04/2026 00:00","CTA|DE(Amprion)","WALSUM_10","11WD7WALS1S--10A","Fossil Hard coal","11WD7WALS1S--10A","09/04/2026 02:30 - 09/04/2026 02:45","691.80",""
"09/04/2026 00:00 - 10/04/2026 00:00","CTA|DE(Amprion)","WALSUM_10","11WD7WALS1S--10A","Fossil Hard coal","11WD7WALS1S--10A","09/04/2026 02:45 - 09/04/2026 03:00","691.00",""
"09/04/2026 00:00 - 10/04/2026 00:00","CTA|DE(Amprion)","WALSUM_10","11WD7WALS1S--10A","Fossil Hard coal","11WD7WALS1S--10A","09/04/2026 03:00 - 09/04/2026 03:15","687.20",""
"09/04/2026 00:00 - 10/04/2026 00:00","CTA|DE(Amprion)","WALSUM_10","11WD7WALS1S--10A","Fossil Hard coal","11WD7WALS1S--10A","09/04/2026 03:15 - 09/04/2026 03:30","686.00",""
"09/04/2026 00:00 - 10/04/2026 00:00","CTA|DE(Amprion)","WALSUM_10","11WD7WALS1S--10A","Fossil Hard coal","11WD7WALS1S--10A","09/04/2026 03:30 - 09/04/2026 03:45","690.20",""
"09/04/2026 00:00 - 10/04/2026 00:00","CTA|DE(Amprion)","WALSUM_10","11WD7WALS1S--10A","Fossil Hard coal","11WD7WALS1S--10A","09/04/2026 03:45 - 09/04/2026 04:00","694.10",""
"09/04/2026 00:00 - 10/04/2026 00:00","CTA|DE(Amprion)","WALSUM_10","11WD7WALS1S--10A","Fossil Hard coal","11WD7WALS1S--10A","09/04/2026 04:00 - 09/04/2026 04:15","694.50",""
"09/04/2026 00:00 - 10/04/2026 00:00","CTA|DE(Amprion)","WALSUM_10","11WD7WALS1S--10A","Fossil Hard coal","11WD7WALS1S--10A","09/04/2026 04:15 - 09/04/2026 04:30","691.80",""
"09/04/2026 00:00 - 10/04/2026 00:00","CTA|DE(Amprion)","WALSUM_10","11WD7WALS1S--10A","Fossil Hard coal","11WD7WALS1S--10A","09/04/2026 04:30 - 09/04/2026 04:45","687.70",""
"09/04/2026 00:00 - 10/04/2026 00:00","CTA|DE(Amprion)","WALSUM_10","11WD7WALS1S--10A","Fossil Hard coal","11WD7WALS1S--10A","09/04/2026 04:45 - 09/04/2026 05:00","687.20",""
"09/04/2026 00:00 - 10/04/2026 00:00","CTA|DE(Amprion)","WALSUM_10","11WD7WALS1S--10A","Fossil Hard coal","11WD7WALS1S--10A","09/04/2026 05:00 - 09/04/2026 05:15","685.60",""
"09/04/2026 00:00 - 10/04/2026 00:00","CTA|DE(Amprion)","WALSUM_10","11WD7WALS1S--10A","Fossil Hard coal","11WD7WALS1S--10A","09/04/2026 05:15 - 09/04/2026 05:30","689.30",""
"09/04/2026 00:00 - 10/04/2026 00:00","CTA|DE(Amprion)","WALSUM_10","11WD7WALS1S--10A","Fossil Hard coal","11WD7WALS1S--10A","09/04/2026 05:30 - 09/04/2026 05:45","688.50",""
"09/04/2026 00:00 - 10/04/2026 00:00","CTA|DE(Amprion)","WALSUM_10","11WD7WALS1S--10A","Fossil Hard coal","11WD7WALS1S--10A","09/04/2026 05:45 - 09/04/2026 06:00","688.10",""
"09/04/2026 00:00 - 10/04/2026 00:00","CTA|DE(Amprion)","WALSUM_10","11WD7WALS1S--10A","Fossil Hard coal","11WD7WALS1S--10A","09/04/2026 06:00 - 09/04/2026 06:15","686.60",""
"09/04/2026 00:00 - 10/04/2026 00:00","CTA|DE(Amprion)","WALSUM_10","11WD7WALS1S--10A","Fossil Hard coal","11WD7WALS1S--10A","09/04/2026 06:15 - 09/04/2026 06:30","686.40",""
"09/04/2026 00:00 - 10/04/2026 00:00","CTA|DE(Amprion)","WALSUM_10","11WD7WALS1S--10A","Fossil Hard coal","11WD7WALS1S--10A","09/04/2026 06:30 - 09/04/2026 06:45","685.80",""
"09/04/2026 00:00 - 10/04/2026 00:00","CTA|DE(Amprion)","WALSUM_10","11WD7WALS1S--10A","Fossil Hard coal","11WD7WALS1S--10A","09/04/2026 06:45 - 09/04/2026 07:00","687.50",""
"09/04/2026 00:00 - 10/04/2026 00:00","CTA|DE(Amprion)","WALSUM_10","11WD7WALS1S--10A","Fossil Hard coal","11WD7WALS1S--10A","09/04/2026 07:00 - 09/04/2026 07:15","692.00",""
"09/04/2026 00:00 - 10/04/2026 00:00","CTA|DE(Amprion)","WALSUM_10","11WD7WALS1S--10A","Fossil Hard coal","11WD7WALS1S--10A","09/04/2026 07:15 - 09/04/2026 07:30","689.70",""
"09/04/2026 00:00 - 10/04/2026 00:00","CTA|DE(Amprion)","WALSUM_10","11WD7WALS1S--10A","Fossil Hard coal","11WD7WALS1S--10A","09/04/2026 07:30 - 09/04/2026 07:45","689.90",""
"09/04/2026 00:00 - 10/04/2026 00:00","CTA|DE(Amprion)","WALSUM_10","11WD7WALS1S--10A","Fossil Hard coal","11WD7WALS1S--10A","09/04/2026 07:45 - 09/04/2026 08:00","680.30",""
"09/04/2026 00:00 - 10/04/2026 00:00","CTA|DE(Amprion)","WALSUM_10","11WD7WALS1S--10A","Fossil Hard coal","11WD7WALS1S--10A","09/04/2026 08:00 - 09/04/2026 08:15","574.30",""
"09/04/2026 00:00 - 10/04/2026 00:00","CTA|DE(Amprion)","WALSUM_10","11WD7WALS1S--10A","Fossil Hard coal","11WD7WALS1S--10A","09/04/2026 08:15 - 09/04/2026 08:30","466.80",""
"09/04/2026 00:00 - 10/04/2026 00:00","CTA|DE(Amprion)","WALSUM_10","11WD7WALS1S--10A","Fossil Hard coal","11WD7WALS1S--10A","09/04/2026 08:30 - 09/04/2026 08:45","454.30",""
"09/04/2026 00:00 - 10/04/2026 00:00","CTA|DE(Amprion)","WALSUM_10","11WD7WALS1S--10A","Fossil Hard coal","11WD7WALS1S--10A","09/04/2026 08:45 - 09/04/2026 09:00","443.70",""
"09/04/2026 00:00 - 10/04/2026 00:00","CTA|DE(Amprion)","WALSUM_10","11WD7WALS1S--10A","Fossil Hard coal","11WD7WALS1S--10A","09/04/2026 09:00 - 09/04/2026 09:15","389.40",""
"09/04/2026 00:00 - 10/04/2026 00:00","CTA|DE(Amprion)","WALSUM_10","11WD7WALS1S--10A","Fossil Hard coal","11WD7WALS1S--10A","09/04/2026 09:15 - 09/04/2026 09:30","291.10",""
"09/04/2026 00:00 - 10/04/2026 00:00","CTA|DE(Amprion)","WALSUM_10","11WD7WALS1S--10A","Fossil Hard coal","11WD7WALS1S--10A","09/04/2026 09:30 - 09/04/2026 09:45","280.10",""
"09/04/2026 00:00 - 10/04/2026 00:00","CTA|DE(Amprion)","WALSUM_10","11WD7WALS1S--10A","Fossil Hard coal","11WD7WALS1S--10A","09/04/2026 09:45 - 09/04/2026 10:00","263.80",""
"09/04/2026 00:00 - 10/04/2026 00:00","CTA|DE(Amprion)","WALSUM_10","11WD7WALS1S--10A","Fossil Hard coal","11WD7WALS1S--10A","09/04/2026 10:00 - 09/04/2026 10:15","0.00",""
"09/04/2026 00:00 - 10/04/2026 00:00","CTA|DE(Amprion)","WALSUM_10","11WD7WALS1S--10A","Fossil Hard coal","11WD7WALS1S--10A","09/04/2026 10:15 - 09/04/2026 10:30","0.00",""
"09/04/2026 00:00 - 10/04/2026 00:00","CTA|DE(Amprion)","WALSUM_10","11WD7WALS1S--10A","Fossil Hard coal","11WD7WALS1S--10A","09/04/2026 10:30 - 09/04/2026 10:45","0.00",""
"09/04/2026 00:00 - 10/04/2026 00:00","CTA|DE(Amprion)","WALSUM_10","11WD7WALS1S--10A","Fossil Hard coal","11WD7WALS1S--10A","09/04/2026 10:45 - 09/04/2026 11:00","0.00",""
"09/04/2026 00:00 - 10/04/2026 00:00","CTA|DE(Amprion)","WALSUM_10","11WD7WALS1S--10A","Fossil Hard coal","11WD7WALS1S--10A","09/04/2026 11:00 - 09/04/2026 11:15","0.00",""
"09/04/2026 00:00 - 10/04/2026 00:00","CTA|DE(Amprion)","WALSUM_10","11WD7WALS1S--10A","Fossil Hard coal","11WD7WALS1S--10A","09/04/2026 11:15 - 09/04/2026 11:30","0.00",""
"09/04/2026 00:00 - 10/04/2026 00:00","CTA|DE(Amprion)","WALSUM_10","11WD7WALS1S--10A","Fossil Hard coal","11WD7WALS1S--10A","09/04/2026 11:30 - 09/04/2026 11:45","0.00",""
"09/04/2026 00:00 - 10/04/2026 00:00","CTA|DE(Amprion)","WALSUM_10","11WD7WALS1S--10A","Fossil Hard coal","11WD7WALS1S--10A","09/04/2026 11:45 - 09/04/2026 12:00","0.00",""
"09/04/2026 00:00 - 10/04/2026 00:00","CTA|DE(Amprion)","WALSUM_10","11WD7WALS1S--10A","Fossil Hard coal","11WD7WALS1S--10A","09/04/2026 12:00 - 09/04/2026 12:15","0.00",""
"09/04/2026 00:00 - 10/04/2026 00:00","CTA|DE(Amprion)","WALSUM_10","11WD7WALS1S--10A","Fossil Hard coal","11WD7WALS1S--10A","09/04/2026 12:15 - 09/04/2026 12:30","0.00",""
"09/04/2026 00:00 - 10/04/2026 00:00","CTA|DE(Amprion)","WALSUM_10","11WD7WALS1S--10A","Fossil Hard coal","11WD7WALS1S--10A","09/04/2026 12:30 - 09/04/2026 12:45","0.00",""
"09/04/2026 00:00 - 10/04/2026 00:00","CTA|DE(Amprion)","WALSUM_10","11WD7WALS1S--10A","Fossil Hard coal","11WD7WALS1S--10A","09/04/2026 12:45 - 09/04/2026 13:00","0.00",""
"09/04/2026 00:00 - 10/04/2026 00:00","CTA|DE(Amprion)","WALSUM_10","11WD7WALS1S--10A","Fossil Hard coal","11WD7WALS1S--10A","09/04/2026 13:00 - 09/04/2026 13:15","0.00",""
"09/04/2026 00:00 - 10/04/2026 00:00","CTA|DE(Amprion)","WALSUM_10","11WD7WALS1S--10A","Fossil Hard coal","11WD7WALS1S--10A","09/04/2026 13:15 - 09/04/2026 13:30","0.00",""
"09/04/2026 00:00 - 10/04/2026 00:00","CTA|DE(Amprion)","WALSUM_10","11WD7WALS1S--10A","Fossil Hard coal","11WD7WALS1S--10A","09/04/2026 13:30 - 09/04/2026 13:45","0.00",""
"09/04/2026 00:00 - 10/04/2026 00:00","CTA|DE(Amprion)","WALSUM_10","11WD7WALS1S--10A","Fossil Hard coal","11WD7WALS1S--10A","09/04/2026 13:45 - 09/04/2026 14:00","0.00",""
"09/04/2026 00:00 - 10/04/2026 00:00","CTA|DE(Amprion)","WALSUM_10","11WD7WALS1S--10A","Fossil Hard coal","11WD7WALS1S--10A","09/04/2026 14:00 - 09/04/2026 14:15","0.00",""
"09/04/2026 00:00 - 10/04/2026 00:00","CTA|DE(Amprion)","WALSUM_10","11WD7WALS1S--10A","Fossil Hard coal","11WD7WALS1S--10A","09/04/2026 14:15 - 09/04/2026 14:30","0.00",""
"09/04/2026 00:00 - 10/04/2026 00:00","CTA|DE(Amprion)","WALSUM_10","11WD7WALS1S--10A","Fossil Hard coal","11WD7WALS1S--10A","09/04/2026 14:30 - 09/04/2026 14:45","0.00",""
"09/04/2026 00:00 - 10/04/2026 00:00","CTA|DE(Amprion)","WALSUM_10","11WD7WALS1S--10A","Fossil Hard coal","11WD7WALS1S--10A","09/04/2026 14:45 - 09/04/2026 15:00","0.00",""
"09/04/2026 00:00 - 10/04/2026 00:00","CTA|DE(Amprion)","WALSUM_10","11WD7WALS1S--10A","Fossil Hard coal","11WD7WALS1S--10A","09/04/2026 15:00 - 09/04/2026 15:15","0.00",""
"09/04/2026 00:00 - 10/04/2026 00:00","CTA|DE(Amprion)","WALSUM_10","11WD7WALS1S--10A","Fossil Hard coal","11WD7WALS1S--10A","09/04/2026 15:15 - 09/04/2026 15:30","0.00",""
"09/04/2026 00:00 - 10/04/2026 00:00","CTA|DE(Amprion)","WALSUM_10","11WD7WALS1S--10A","Fossil Hard coal","11WD7WALS1S--10A","09/04/2026 15:30 - 09/04/2026 15:45","0.00",""
"09/04/2026 00:00 - 10/04/2026 00:00","CTA|DE(Amprion)","WALSUM_10","11WD7WALS1S--10A","Fossil Hard coal","11WD7WALS1S--10A","09/04/2026 15:45 - 09/04/2026 16:00","0.00",""
"09/04/2026 00:00 - 10/04/2026 00:00","CTA|DE(Amprion)","WALSUM_10","11WD7WALS1S--10A","Fossil Hard coal","11WD7WALS1S--10A","09/04/2026 16:00 - 09/04/2026 16:15","0.00",""
"09/04/2026 00:00 - 10/04/2026 00:00","CTA|DE(Amprion)","WALSUM_10","11WD7WALS1S--10A","Fossil Hard coal","11WD7WALS1S--10A","09/04/2026 16:15 - 09/04/2026 16:30","0.00",""
"09/04/2026 00:00 - 10/04/2026 00:00","CTA|DE(Amprion)","WALSUM_10","11WD7WALS1S--10A","Fossil Hard coal","11WD7WALS1S--10A","09/04/2026 16:30 - 09/04/2026 16:45","0.00",""
"09/04/2026 00:00 - 10/04/2026 00:00","CTA|DE(Amprion)","WALSUM_10","11WD7WALS1S--10A","Fossil Hard coal","11WD7WALS1S--10A","09/04/2026 16:45 - 09/04/2026 17:00","0.00",""
"09/04/2026 00:00 - 10/04/2026 00:00","CTA|DE(Amprion)","WALSUM_10","11WD7WALS1S--10A","Fossil Hard coal","11WD7WALS1S--10A","09/04/2026 17:00 - 09/04/2026 17:15","0.00",""
"09/04/2026 00:00 - 10/04/2026 00:00","CTA|DE(Amprion)","WALSUM_10","11WD7WALS1S--10A","Fossil Hard coal","11WD7WALS1S--10A","09/04/2026 17:15 - 09/04/2026 17:30","0.00",""
"09/04/2026 00:00 - 10/04/2026 00:00","CTA|DE(Amprion)","WALSUM_10","11WD7WALS1S--10A","Fossil Hard coal","11WD7WALS1S--10A","09/04/2026 17:30 - 09/04/2026 17:45","0.00",""
"09/04/2026 00:00 - 10/04/2026 00:00","CTA|DE(Amprion)","WALSUM_10","11WD7WALS1S--10A","Fossil Hard coal","11WD7WALS1S--10A","09/04/2026 17:45 - 09/04/2026 18:00","0.00",""
"09/04/2026 00:00 - 10/04/2026 00:00","CTA|DE(Amprion)","WALSUM_10","11WD7WALS1S--10A","Fossil Hard coal","11WD7WALS1S--10A","09/04/2026 18:00 - 09/04/2026 18:15","154.80",""
"09/04/2026 00:00 - 10/04/2026 00:00","CTA|DE(Amprion)","WALSUM_10","11WD7WALS1S--10A","Fossil Hard coal","11WD7WALS1S--10A","09/04/2026 18:15 - 09/04/2026 18:30","245.00",""
"09/04/2026 00:00 - 10/04/2026 00:00","CTA|DE(Amprion)","WALSUM_10","11WD7WALS1S--10A","Fossil Hard coal","11WD7WALS1S--10A","09/04/2026 18:30 - 09/04/2026 18:45","353.70",""
"09/04/2026 00:00 - 10/04/2026 00:00","CTA|DE(Amprion)","WALSUM_10","11WD7WALS1S--10A","Fossil Hard coal","11WD7WALS1S--10A","09/04/2026 18:45 - 09/04/2026 19:00","463.70",""
"09/04/2026 00:00 - 10/04/2026 00:00","CTA|DE(Amprion)","WALSUM_10","11WD7WALS1S--10A","Fossil Hard coal","11WD7WALS1S--10A","09/04/2026 19:00 - 09/04/2026 19:15","564.70",""
"09/04/2026 00:00 - 10/04/2026 00:00","CTA|DE(Amprion)","WALSUM_10","11WD7WALS1S--10A","Fossil Hard coal","11WD7WALS1S--10A","09/04/2026 19:15 - 09/04/2026 19:30","631.10",""
"09/04/2026 00:00 - 10/04/2026 00:00","CTA|DE(Amprion)","WALSUM_10","11WD7WALS1S--10A","Fossil Hard coal","11WD7WALS1S--10A","09/04/2026 19:30 - 09/04/2026 19:45","677.60",""
"09/04/2026 00:00 - 10/04/2026 00:00","CTA|DE(Amprion)","WALSUM_10","11WD7WALS1S--10A","Fossil Hard coal","11WD7WALS1S--10A","09/04/2026 19:45 - 09/04/2026 20:00","690.80",""
"09/04/2026 00:00 - 10/04/2026 00:00","CTA|DE(Amprion)","WALSUM_10","11WD7WALS1S--10A","Fossil Hard coal","11WD7WALS1S--10A","09/04/2026 20:00 - 09/04/2026 20:15","681.00",""
"09/04/2026 00:00 - 10/04/2026 00:00","CTA|DE(Amprion)","WALSUM_10","11WD7WALS1S--10A","Fossil Hard coal","11WD7WALS1S--10A","09/04/2026 20:15 - 09/04/2026 20:30","685.30",""
"09/04/2026 00:00 - 10/04/2026 00:00","CTA|DE(Amprion)","WALSUM_10","11WD7WALS1S--10A","Fossil Hard coal","11WD7WALS1S--10A","09/04/2026 20:30 - 09/04/2026 20:45","691.60",""
"09/04/2026 00:00 - 10/04/2026 00:00","CTA|DE(Amprion)","WALSUM_10","11WD7WALS1S--10A","Fossil Hard coal","11WD7WALS1S--10A","09/04/2026 20:45 - 09/04/2026 21:00","693.30",""
"09/04/2026 00:00 - 10/04/2026 00:00","CTA|DE(Amprion)","WALSUM_10","11WD7WALS1S--10A","Fossil Hard coal","11WD7WALS1S--10A","09/04/2026 21:00 - 09/04/2026 21:15","692.00",""
"09/04/2026 00:00 - 10/04/2026 00:00","CTA|DE(Amprion)","WALSUM_10","11WD7WALS1S--10A","Fossil Hard coal","11WD7WALS1S--10A","09/04/2026 21:15 - 09/04/2026 21:30","692.50",""
"09/04/2026 00:00 - 10/04/2026 00:00","CTA|DE(Amprion)","WALSUM_10","11WD7WALS1S--10A","Fossil Hard coal","11WD7WALS1S--10A","09/04/2026 21:30 - 09/04/2026 21:45","690.60",""
"09/04/2026 00:00 - 10/04/2026 00:00","CTA|DE(Amprion)","WALSUM_10","11WD7WALS1S--10A","Fossil Hard coal","11WD7WALS1S--10A","09/04/2026 21:45 - 09/04/2026 22:00","695.80",""
"09/04/2026 00:00 - 10/04/2026 00:00","CTA|DE(Amprion)","WALSUM_10","11WD7WALS1S--10A","Fossil Hard coal","11WD7WALS1S--10A","09/04/2026 22:00 - 09/04/2026 22:15","693.50",""
"09/04/2026 00:00 - 10/04/2026 00:00","CTA|DE(Amprion)","WALSUM_10","11WD7WALS1S--10A","Fossil Hard coal","11WD7WALS1S--10A","09/04/2026 22:15 - 09/04/2026 22:30","685.80",""
"09/04/2026 00:00 - 10/04/2026 00:00","CTA|DE(Amprion)","WALSUM_10","11WD7WALS1S--10A","Fossil Hard coal","11WD7WALS1S--10A","09/04/2026 22:30 - 09/04/2026 22:45","590.00",""
"09/04/2026 00:00 - 10/04/2026 00:00","CTA|DE(Amprion)","WALSUM_10","11WD7WALS1S--10A","Fossil Hard coal","11WD7WALS1S--10A","09/04/2026 22:45 - 09/04/2026 23:00","460.60",""
"09/04/2026 00:00 - 10/04/2026 00:00","CTA|DE(Amprion)","WALSUM_10","11WD7WALS1S--10A","Fossil Hard coal","11WD7WALS1S--10A","09/04/2026 23:00 - 09/04/2026 23:15","398.60",""
"09/04/2026 00:00 - 10/04/2026 00:00","CTA|DE(Amprion)","WALSUM_10","11WD7WALS1S--10A","Fossil Hard coal","11WD7WALS1S--10A","09/04/2026 23:15 - 09/04/2026 23:30","304.50",""
"09/04/2026 00:00 - 10/04/2026 00:00","CTA|DE(Amprion)","WALSUM_10","11WD7WALS1S--10A","Fossil Hard coal","11WD7WALS1S--10A","09/04/2026 23:30 - 09/04/2026 23:45","289.00",""
"09/04/2026 00:00 - 10/04/2026 00:00","CTA|DE(Amprion)","WALSUM_10","11WD7WALS1S--10A","Fossil Hard coal","11WD7WALS1S--10A","09/04/2026 23:45 - 10/04/2026 00:00","285.10",""
"09/04/2026 00:00 - 10/04/2026 00:00","CTA|DE(Amprion)","WEIHER_C","11WD7WEIH2S--C-A","Fossil Hard coal","11WD7WEIH2S--C-A","09/04/2026 00:00 - 09/04/2026 01:00","0.00",""
"09/04/2026 00:00 - 10/04/2026 00:00","CTA|DE(Amprion)","WEIHER_C","11WD7WEIH2S--C-A","Fossil Hard coal","11WD7WEIH2S--C-A","09/04/2026 01:00 - 09/04/2026 02:00","0.00",""
"09/04/2026 00:00 - 10/04/2026 00:00","CTA|DE(Amprion)","WEIHER_C","11WD7WEIH2S--C-A","Fossil Hard coal","11WD7WEIH2S--C-A","09/04/2026 02:00 - 09/04/2026 03:00","0.00",""
"09/04/2026 00:00 - 10/04/2026 00:00","CTA|DE(Amprion)","WEIHER_C","11WD7WEIH2S--C-A","Fossil Hard coal","11WD7WEIH2S--C-A","09/04/2026 03:00 - 09/04/2026 04:00","0.00",""
"09/04/2026 00:00 - 10/04/2026 00:00","CTA|DE(Amprion)","WEIHER_C","11WD7WEIH2S--C-A","Fossil Hard coal","11WD7WEIH2S--C-A","09/04/2026 04:00 - 09/04/2026 05:00","0.00",""
"09/04/2026 00:00 - 10/04/2026 00:00","CTA|DE(Amprion)","WEIHER_C","11WD7WEIH2S--C-A","Fossil Hard coal","11WD7WEIH2S--C-A","09/04/2026 05:00 - 09/04/2026 06:00","0.00",""
"09/04/2026 00:00 - 10/04/2026 00:00","CTA|DE(Amprion)","WEIHER_C","11WD7WEIH2S--C-A","Fossil Hard coal","11WD7WEIH2S--C-A","09/04/2026 06:00 - 09/04/2026 07:00","0.00",""
"09/04/2026 00:00 - 10/04/2026 00:00","CTA|DE(Amprion)","WEIHER_C","11WD7WEIH2S--C-A","Fossil Hard coal","11WD7WEIH2S--C-A","09/04/2026 07:00 - 09/04/2026 08:00","0.00",""
"09/04/2026 00:00 - 10/04/2026 00:00","CTA|DE(Amprion)","WEIHER_C","11WD7WEIH2S--C-A","Fossil Hard coal","11WD7WEIH2S--C-A","09/04/2026 08:00 - 09/04/2026 09:00","0.00",""
"09/04/2026 00:00 - 10/04/2026 00:00","CTA|DE(Amprion)","WEIHER_C","11WD7WEIH2S--C-A","Fossil Hard coal","11WD7WEIH2S--C-A","09/04/2026 09:00 - 09/04/2026 10:00","0.00",""
"09/04/2026 00:00 - 10/04/2026 00:00","CTA|DE(Amprion)","WEIHER_C","11WD7WEIH2S--C-A","Fossil Hard coal","11WD7WEIH2S--C-A","09/04/2026 10:00 - 09/04/2026 11:00","0.00",""
"09/04/2026 00:00 - 10/04/2026 00:00","CTA|DE(Amprion)","WEIHER_C","11WD7WEIH2S--C-A","Fossil Hard coal","11WD7WEIH2S--C-A","09/04/2026 11:00 - 09/04/2026 12:00","0.00",""
"09/04/2026 00:00 - 10/04/2026 00:00","CTA|DE(Amprion)","WEIHER_C","11WD7WEIH2S--C-A","Fossil Hard coal","11WD7WEIH2S--C-A","09/04/2026 12:00 - 09/04/2026 13:00","0.00",""
"09/04/2026 00:00 - 10/04/2026 00:00","CTA|DE(Amprion)","WEIHER_C","11WD7WEIH2S--C-A","Fossil Hard coal","11WD7WEIH2S--C-A","09/04/2026 13:00 - 09/04/2026 14:00","0.00",""
"09/04/2026 00:00 - 10/04/2026 00:00","CTA|DE(Amprion)","WEIHER_C","11WD7WEIH2S--C-A","Fossil Hard coal","11WD7WEIH2S--C-A","09/04/2026 14:00 - 09/04/2026 15:00","0.00",""
"09/04/2026 00:00 - 10/04/2026 00:00","CTA|DE(Amprion)","WEIHER_C","11WD7WEIH2S--C-A","Fossil Hard coal","11WD7WEIH2S--C-A","09/04/2026 15:00 - 09/04/2026 16:00","0.00",""
"09/04/2026 00:00 - 10/04/2026 00:00","CTA|DE(Amprion)","WEIHER_C","11WD7WEIH2S--C-A","Fossil Hard coal","11WD7WEIH2S--C-A","09/04/2026 16:00 - 09/04/2026 17:00","0.00",""
"09/04/2026 00:00 - 10/04/2026 00:00","CTA|DE(Amprion)","WEIHER_C","11WD7WEIH2S--C-A","Fossil Hard coal","11WD7WEIH2S--C-A","09/04/2026 17:00 - 09/04/2026 18:00","0.00",""
"09/04/2026 00:00 - 10/04/2026 00:00","CTA|DE(Amprion)","WEIHER_C","11WD7WEIH2S--C-A","Fossil Hard coal","11WD7WEIH2S--C-A","09/04/2026 18:00 - 09/04/2026 19:00","0.00",""
"09/04/2026 00:00 - 10/04/2026 00:00","CTA|DE(Amprion)","WEIHER_C","11WD7WEIH2S--C-A","Fossil Hard coal","11WD7WEIH2S--C-A","09/04/2026 19:00 - 09/04/2026 20:00","0.00",""
"09/04/2026 00:00 - 10/04/2026 00:00","CTA|DE(Amprion)","WEIHER_C","11WD7WEIH2S--C-A","Fossil Hard coal","11WD7WEIH2S--C-A","09/04/2026 20:00 - 09/04/2026 21:00","0.00",""
"09/04/2026 00:00 - 10/04/2026 00:00","CTA|DE(Amprion)","WEIHER_C","11WD7WEIH2S--C-A","Fossil Hard coal","11WD7WEIH2S--C-A","09/04/2026 21:00 - 09/04/2026 22:00","0.00",""
"09/04/2026 00:00 - 10/04/2026 00:00","CTA|DE(Amprion)","WEIHER_C","11WD7WEIH2S--C-A","Fossil Hard coal","11WD7WEIH2S--C-A","09/04/2026 22:00 - 09/04/2026 23:00","0.00",""
"09/04/2026 00:00 - 10/04/2026 00:00","CTA|DE(Amprion)","WEIHER_C","11WD7WEIH2S--C-A","Fossil Hard coal","11WD7WEIH2S--C-A","09/04/2026 23:00 - 10/04/2026 00:00","0.00",""
"09/04/2026 00:00 - 10/04/2026 00:00","CTA|DE(Amprion)","Weisweiler G","11WD7WEIS1B--G-J","Fossil Brown coal/Lignite","11WD7WEIS1B--G-J","09/04/2026 00:00 - 09/04/2026 01:00","647.70",""
"09/04/2026 00:00 - 10/04/2026 00:00","CTA|DE(Amprion)","Weisweiler G","11WD7WEIS1B--G-J","Fossil Brown coal/Lignite","11WD7WEIS1B--G-J","09/04/2026 01:00 - 09/04/2026 02:00","649.92",""
"09/04/2026 00:00 - 10/04/2026 00:00","CTA|DE(Amprion)","Weisweiler G","11WD7WEIS1B--G-J","Fossil Brown coal/Lignite","11WD7WEIS1B--G-J","09/04/2026 02:00 - 09/04/2026 03:00","653.00",""
"09/04/2026 00:00 - 10/04/2026 00:00","CTA|DE(Amprion)","Weisweiler G","11WD7WEIS1B--G-J","Fossil Brown coal/Lignite","11WD7WEIS1B--G-J","09/04/2026 03:00 - 09/04/2026 04:00","649.92",""
"09/04/2026 00:00 - 10/04/2026 00:00","CTA|DE(Amprion)","Weisweiler G","11WD7WEIS1B--G-J","Fossil Brown coal/Lignite","11WD7WEIS1B--G-J","09/04/2026 04:00 - 09/04/2026 05:00","649.77",""
"09/04/2026 00:00 - 10/04/2026 00:00","CTA|DE(Amprion)","Weisweiler G","11WD7WEIS1B--G-J","Fossil Brown coal/Lignite","11WD7WEIS1B--G-J","09/04/2026 05:00 - 09/04/2026 06:00","649.30",""
"09/04/2026 00:00 - 10/04/2026 00:00","CTA|DE(Amprion)","Weisweiler G","11WD7WEIS1B--G-J","Fossil Brown coal/Lignite","11WD7WEIS1B--G-J","09/04/2026 06:00 - 09/04/2026 07:00","649.13",""
"09/04/2026 00:00 - 10/04/2026 00:00","CTA|DE(Amprion)","Weisweiler G","11WD7WEIS1B--G-J","Fossil Brown coal/Lignite","11WD7WEIS1B--G-J","09/04/2026 07:00 - 09/04/2026 08:00","651.67",""
"09/04/2026 00:00 - 10/04/2026 00:00","CTA|DE(Amprion)","Weisweiler G","11WD7WEIS1B--G-J","Fossil Brown coal/Lignite","11WD7WEIS1B--G-J","09/04/2026 08:00 - 09/04/2026 09:00","651.17",""
"09/04/2026 00:00 - 10/04/2026 00:00","CTA|DE(Amprion)","Weisweiler G","11WD7WEIS1B--G-J","Fossil Brown coal/Lignite","11WD7WEIS1B--G-J","09/04/2026 09:00 - 09/04/2026 10:00","467.32",""
"09/04/2026 00:00 - 10/04/2026 00:00","CTA|DE(Amprion)","Weisweiler G","11WD7WEIS1B--G-J","Fossil Brown coal/Lignite","11WD7WEIS1B--G-J","09/04/2026 10:00 - 09/04/2026 11:00","237.45",""
"09/04/2026 00:00 - 10/04/2026 00:00","CTA|DE(Amprion)","Weisweiler G","11WD7WEIS1B--G-J","Fossil Brown coal/Lignite","11WD7WEIS1B--G-J","09/04/2026 11:00 - 09/04/2026 12:00","238.40",""
"09/04/2026 00:00 - 10/04/2026 00:00","CTA|DE(Amprion)","Weisweiler G","11WD7WEIS1B--G-J","Fossil Brown coal/Lignite","11WD7WEIS1B--G-J","09/04/2026 12:00 - 09/04/2026 13:00","242.13",""
"09/04/2026 00:00 - 10/04/2026 00:00","CTA|DE(Amprion)","Weisweiler G","11WD7WEIS1B--G-J","Fossil Brown coal/Lignite","11WD7WEIS1B--G-J","09/04/2026 13:00 - 09/04/2026 14:00","241.45",""
"09/04/2026 00:00 - 10/04/2026 00:00","CTA|DE(Amprion)","Weisweiler G","11WD7WEIS1B--G-J","Fossil Brown coal/Lignite","11WD7WEIS1B--G-J","09/04/2026 14:00 - 09/04/2026 15:00","241.90",""
"09/04/2026 00:00 - 10/04/2026 00:00","CTA|DE(Amprion)","Weisweiler G","11WD7WEIS1B--G-J","Fossil Brown coal/Lignite","11WD7WEIS1B--G-J","09/04/2026 15:00 - 09/04/2026 16:00","242.85",""
"09/04/2026 00:00 - 10/04/2026 00:00","CTA|DE(Amprion)","Weisweiler G","11WD7WEIS1B--G-J","Fossil Brown coal/Lignite","11WD7WEIS1B--G-J","09/04/2026 16:00 - 09/04/2026 17:00","242.55",""
"09/04/2026 00:00 - 10/04/2026 00:00","CTA|DE(Amprion)","Weisweiler G","11WD7WEIS1B--G-J","Fossil Brown coal/Lignite","11WD7WEIS1B--G-J","09/04/2026 17:00 - 09/04/2026 18:00","362.52",""
"09/04/2026 00:00 - 10/04/2026 00:00","CTA|DE(Amprion)","Weisweiler G","11WD7WEIS1B--G-J","Fossil Brown coal/Lignite","11WD7WEIS1B--G-J","09/04/2026 18:00 - 09/04/2026 19:00","640.85",""
"09/04/2026 00:00 - 10/04/2026 00:00","CTA|DE(Amprion)","Weisweiler G","11WD7WEIS1B--G-J","Fossil Brown coal/Lignite","11WD7WEIS1B--G-J","09/04/2026 19:00 - 09/04/2026 20:00","645.95",""
"09/04/2026 00:00 - 10/04/2026 00:00","CTA|DE(Amprion)","Weisweiler G","11WD7WEIS1B--G-J","Fossil Brown coal/Lignite","11WD7WEIS1B--G-J","09/04/2026 20:00 - 09/04/2026 21:00","644.55",""
"09/04/2026 00:00 - 10/04/2026 00:00","CTA|DE(Amprion)","Weisweiler G","11WD7WEIS1B--G-J","Fossil Brown coal/Lignite","11WD7WEIS1B--G-J","09/04/2026 21:00 - 09/04/2026 22:00","641.88",""
"09/04/2026 00:00 - 10/04/2026 00:00","CTA|DE(Amprion)","Weisweiler G","11WD7WEIS1B--G-J","Fossil Brown coal/Lignite","11WD7WEIS1B--G-J","09/04/2026 22:00 - 09/04/2026 23:00","634.80",""
"09/04/2026 00:00 - 10/04/2026 00:00","CTA|DE(Amprion)","Weisweiler G","11WD7WEIS1B--G-J","Fossil Brown coal/Lignite","11WD7WEIS1B--G-J","09/04/2026 23:00 - 10/04/2026 00:00","372.23",""
"09/04/2026 00:00 - 10/04/2026 00:00","CTA|DE(Amprion)","Weisweiler H","11WD7WEIS1B--H-G","Fossil Brown coal/Lignite","11WD7WEIS1B--H-G","09/04/2026 00:00 - 09/04/2026 01:00","653.95",""
"09/04/2026 00:00 - 10/04/2026 00:00","CTA|DE(Amprion)","Weisweiler H","11WD7WEIS1B--H-G","Fossil Brown coal/Lignite","11WD7WEIS1B--H-G","09/04/2026 01:00 - 09/04/2026 02:00","654.15",""
"09/04/2026 00:00 - 10/04/2026 00:00","CTA|DE(Amprion)","Weisweiler H","11WD7WEIS1B--H-G","Fossil Brown coal/Lignite","11WD7WEIS1B--H-G","09/04/2026 02:00 - 09/04/2026 03:00","654.38",""
"09/04/2026 00:00 - 10/04/2026 00:00","CTA|DE(Amprion)","Weisweiler H","11WD7WEIS1B--H-G","Fossil Brown coal/Lignite","11WD7WEIS1B--H-G","09/04/2026 03:00 - 09/04/2026 04:00","654.48",""
"09/04/2026 00:00 - 10/04/2026 00:00","CTA|DE(Amprion)","Weisweiler H","11WD7WEIS1B--H-G","Fossil Brown coal/Lignite","11WD7WEIS1B--H-G","09/04/2026 04:00 - 09/04/2026 05:00","655.80",""
"09/04/2026 00:00 - 10/04/2026 00:00","CTA|DE(Amprion)","Weisweiler H","11WD7WEIS1B--H-G","Fossil Brown coal/Lignite","11WD7WEIS1B--H-G","09/04/2026 05:00 - 09/04/2026 06:00","654.58",""
"09/04/2026 00:00 - 10/04/2026 00:00","CTA|DE(Amprion)","Weisweiler H","11WD7WEIS1B--H-G","Fossil Brown coal/Lignite","11WD7WEIS1B--H-G","09/04/2026 06:00 - 09/04/2026 07:00","634.67",""
"09/04/2026 00:00 - 10/04/2026 00:00","CTA|DE(Amprion)","Weisweiler H","11WD7WEIS1B--H-G","Fossil Brown coal/Lignite","11WD7WEIS1B--H-G","09/04/2026 07:00 - 09/04/2026 08:00","649.60",""
"09/04/2026 00:00 - 10/04/2026 00:00","CTA|DE(Amprion)","Weisweiler H","11WD7WEIS1B--H-G","Fossil Brown coal/Lignite","11WD7WEIS1B--H-G","09/04/2026 08:00 - 09/04/2026 09:00","652.42",""
"09/04/2026 00:00 - 10/04/2026 00:00","CTA|DE(Amprion)","Weisweiler H","11WD7WEIS1B--H-G","Fossil Brown coal/Lignite","11WD7WEIS1B--H-G","09/04/2026 09:00 - 09/04/2026 10:00","383.73",""
"09/04/2026 00:00 - 10/04/2026 00:00","CTA|DE(Amprion)","Weisweiler H","11WD7WEIS1B--H-G","Fossil Brown coal/Lignite","11WD7WEIS1B--H-G","09/04/2026 10:00 - 09/04/2026 11:00","257.88",""
"09/04/2026 00:00 - 10/04/2026 00:00","CTA|DE(Amprion)","Weisweiler H","11WD7WEIS1B--H-G","Fossil Brown coal/Lignite","11WD7WEIS1B--H-G","09/04/2026 11:00 - 09/04/2026 12:00","246.22",""
"09/04/2026 00:00 - 10/04/2026 00:00","CTA|DE(Amprion)","Weisweiler H","11WD7WEIS1B--H-G","Fossil Brown coal/Lignite","11WD7WEIS1B--H-G","09/04/2026 12:00 - 09/04/2026 13:00","244.57",""
"09/04/2026 00:00 - 10/04/2026 00:00","CTA|DE(Amprion)","Weisweiler H","11WD7WEIS1B--H-G","Fossil Brown coal/Lignite","11WD7WEIS1B--H-G","09/04/2026 13:00 - 09/04/2026 14:00","244.78",""
"09/04/2026 00:00 - 10/04/2026 00:00","CTA|DE(Amprion)","Weisweiler H","11WD7WEIS1B--H-G","Fossil Brown coal/Lignite","11WD7WEIS1B--H-G","09/04/2026 14:00 - 09/04/2026 15:00","244.30",""
"09/04/2026 00:00 - 10/04/2026 00:00","CTA|DE(Amprion)","Weisweiler H","11WD7WEIS1B--H-G","Fossil Brown coal/Lignite","11WD7WEIS1B--H-G","09/04/2026 15:00 - 09/04/2026 16:00","244.32",""
"09/04/2026 00:00 - 10/04/2026 00:00","CTA|DE(Amprion)","Weisweiler H","11WD7WEIS1B--H-G","Fossil Brown coal/Lignite","11WD7WEIS1B--H-G","09/04/2026 16:00 - 09/04/2026 17:00","243.00",""
"09/04/2026 00:00 - 10/04/2026 00:00","CTA|DE(Amprion)","Weisweiler H","11WD7WEIS1B--H-G","Fossil Brown coal/Lignite","11WD7WEIS1B--H-G","09/04/2026 17:00 - 09/04/2026 18:00","367.02",""
"09/04/2026 00:00 - 10/04/2026 00:00","CTA|DE(Amprion)","Weisweiler H","11WD7WEIS1B--H-G","Fossil Brown coal/Lignite","11WD7WEIS1B--H-G","09/04/2026 18:00 - 09/04/2026 19:00","639.27",""
"09/04/2026 00:00 - 10/04/2026 00:00","CTA|DE(Amprion)","Weisweiler H","11WD7WEIS1B--H-G","Fossil Brown coal/Lignite","11WD7WEIS1B--H-G","09/04/2026 19:00 - 09/04/2026 20:00","641.35",""
"09/04/2026 00:00 - 10/04/2026 00:00","CTA|DE(Amprion)","Weisweiler H","11WD7WEIS1B--H-G","Fossil Brown coal/Lignite","11WD7WEIS1B--H-G","09/04/2026 20:00 - 09/04/2026 21:00","646.25",""
"09/04/2026 00:00 - 10/04/2026 00:00","CTA|DE(Amprion)","Weisweiler H","11WD7WEIS1B--H-G","Fossil Brown coal/Lignite","11WD7WEIS1B--H-G","09/04/2026 21:00 - 09/04/2026 22:00","607.27",""
"09/04/2026 00:00 - 10/04/2026 00:00","CTA|DE(Amprion)","Weisweiler H","11WD7WEIS1B--H-G","Fossil Brown coal/Lignite","11WD7WEIS1B--H-G","09/04/2026 22:00 - 09/04/2026 23:00","463.10",""
"09/04/2026 00:00 - 10/04/2026 00:00","CTA|DE(Amprion)","Weisweiler H","11WD7WEIS1B--H-G","Fossil Brown coal/Lignite","11WD7WEIS1B--H-G","09/04/2026 23:00 - 10/04/2026 00:00","258.48",""
"09/04/2026 00:00 - 10/04/2026 00:00","CTA|DE(Amprion)","Weisweiler VGT - BI. G","11WD7WEIS5GVGTGU","Fossil Gas","11WD7WEIS5GVGTGU","09/04/2026 00:00 - 09/04/2026 01:00","0.00",""
"09/04/2026 00:00 - 10/04/2026 00:00","CTA|DE(Amprion)","Weisweiler VGT - BI. G","11WD7WEIS5GVGTGU","Fossil Gas","11WD7WEIS5GVGTGU","09/04/2026 01:00 - 09/04/2026 02:00","0.00",""
"09/04/2026 00:00 - 10/04/2026 00:00","CTA|DE(Amprion)","Weisweiler VGT - BI. G","11WD7WEIS5GVGTGU","Fossil Gas","11WD7WEIS5GVGTGU","09/04/2026 02:00 - 09/04/2026 03:00","0.00",""
"09/04/2026 00:00 - 10/04/2026 00:00","CTA|DE(Amprion)","Weisweiler VGT - BI. G","11WD7WEIS5GVGTGU","Fossil Gas","11WD7WEIS5GVGTGU","09/04/2026 03:00 - 09/04/2026 04:00","0.00",""
"09/04/2026 00:00 - 10/04/2026 00:00","CTA|DE(Amprion)","Weisweiler VGT - BI. G","11WD7WEIS5GVGTGU","Fossil Gas","11WD7WEIS5GVGTGU","09/04/2026 04:00 - 09/04/2026 05:00","0.00",""
"09/04/2026 00:00 - 10/04/2026 00:00","CTA|DE(Amprion)","Weisweiler VGT - BI. G","11WD7WEIS5GVGTGU","Fossil Gas","11WD7WEIS5GVGTGU","09/04/2026 05:00 - 09/04/2026 06:00","0.00",""
"09/04/2026 00:00 - 10/04/2026 00:00","CTA|DE(Amprion)","Weisweiler VGT - BI. G","11WD7WEIS5GVGTGU","Fossil Gas","11WD7WEIS5GVGTGU","09/04/2026 06:00 - 09/04/2026 07:00","0.00",""
"09/04/2026 00:00 - 10/04/2026 00:00","CTA|DE(Amprion)","Weisweiler VGT - BI. G","11WD7WEIS5GVGTGU","Fossil Gas","11WD7WEIS5GVGTGU","09/04/2026 07:00 - 09/04/2026 08:00","0.00",""
"09/04/2026 00:00 - 10/04/2026 00:00","CTA|DE(Amprion)","Weisweiler VGT - BI. G","11WD7WEIS5GVGTGU","Fossil Gas","11WD7WEIS5GVGTGU","09/04/2026 08:00 - 09/04/2026 09:00","0.00",""
"09/04/2026 00:00 - 10/04/2026 00:00","CTA|DE(Amprion)","Weisweiler VGT - BI. G","11WD7WEIS5GVGTGU","Fossil Gas","11WD7WEIS5GVGTGU","09/04/2026 09:00 - 09/04/2026 10:00","0.00",""
"09/04/2026 00:00 - 10/04/2026 00:00","CTA|DE(Amprion)","Weisweiler VGT - BI. G","11WD7WEIS5GVGTGU","Fossil Gas","11WD7WEIS5GVGTGU","09/04/2026 10:00 - 09/04/2026 11:00","0.00",""
"09/04/2026 00:00 - 10/04/2026 00:00","CTA|DE(Amprion)","Weisweiler VGT - BI. G","11WD7WEIS5GVGTGU","Fossil Gas","11WD7WEIS5GVGTGU","09/04/2026 11:00 - 09/04/2026 12:00","0.00",""
"09/04/2026 00:00 - 10/04/2026 00:00","CTA|DE(Amprion)","Weisweiler VGT - BI. G","11WD7WEIS5GVGTGU","Fossil Gas","11WD7WEIS5GVGTGU","09/04/2026 12:00 - 09/04/2026 13:00","0.00",""
"09/04/2026 00:00 - 10/04/2026 00:00","CTA|DE(Amprion)","Weisweiler VGT - BI. G","11WD7WEIS5GVGTGU","Fossil Gas","11WD7WEIS5GVGTGU","09/04/2026 13:00 - 09/04/2026 14:00","0.00",""
"09/04/2026 00:00 - 10/04/2026 00:00","CTA|DE(Amprion)","Weisweiler VGT - BI. G","11WD7WEIS5GVGTGU","Fossil Gas","11WD7WEIS5GVGTGU","09/04/2026 14:00 - 09/04/2026 15:00","0.00",""
"09/04/2026 00:00 - 10/04/2026 00:00","CTA|DE(Amprion)","Weisweiler VGT - BI. G","11WD7WEIS5GVGTGU","Fossil Gas","11WD7WEIS5GVGTGU","09/04/2026 15:00 - 09/04/2026 16:00","0.00",""
"09/04/2026 00:00 - 10/04/2026 00:00","CTA|DE(Amprion)","Weisweiler VGT - BI. G","11WD7WEIS5GVGTGU","Fossil Gas","11WD7WEIS5GVGTGU","09/04/2026 16:00 - 09/04/2026 17:00","0.00",""
"09/04/2026 00:00 - 10/04/2026 00:00","CTA|DE(Amprion)","Weisweiler VGT - BI. G","11WD7WEIS5GVGTGU","Fossil Gas","11WD7WEIS5GVGTGU","09/04/2026 17:00 - 09/04/2026 18:00","0.00",""
"09/04/2026 00:00 - 10/04/2026 00:00","CTA|DE(Amprion)","Weisweiler VGT - BI. G","11WD7WEIS5GVGTGU","Fossil Gas","11WD7WEIS5GVGTGU","09/04/2026 18:00 - 09/04/2026 19:00","0.00",""
"09/04/2026 00:00 - 10/04/2026 00:00","CTA|DE(Amprion)","Weisweiler VGT - BI. G","11WD7WEIS5GVGTGU","Fossil Gas","11WD7WEIS5GVGTGU","09/04/2026 19:00 - 09/04/2026 20:00","0.00",""
"09/04/2026 00:00 - 10/04/2026 00:00","CTA|DE(Amprion)","Weisweiler VGT - BI. G","11WD7WEIS5GVGTGU","Fossil Gas","11WD7WEIS5GVGTGU","09/04/2026 20:00 - 09/04/2026 21:00","0.00",""
"09/04/2026 00:00 - 10/04/2026 00:00","CTA|DE(Amprion)","Weisweiler VGT - BI. G","11WD7WEIS5GVGTGU","Fossil Gas","11WD7WEIS5GVGTGU","09/04/2026 21:00 - 09/04/2026 22:00","0.00",""
"09/04/2026 00:00 - 10/04/2026 00:00","CTA|DE(Amprion)","Weisweiler VGT - BI. G","11WD7WEIS5GVGTGU","Fossil Gas","11WD7WEIS5GVGTGU","09/04/2026 22:00 - 09/04/2026 23:00","0.00",""
"09/04/2026 00:00 - 10/04/2026 00:00","CTA|DE(Amprion)","Weisweiler VGT - BI. G","11WD7WEIS5GVGTGU","Fossil Gas","11WD7WEIS5GVGTGU","09/04/2026 23:00 - 10/04/2026 00:00","0.00",""
"09/04/2026 00:00 - 10/04/2026 00:00","CTA|DE(Amprion)","Weisweiler VGT - BI. H","11WD7WEIS5GVGTHS","Fossil Gas","11WD7WEIS5GVGTHS","09/04/2026 00:00 - 09/04/2026 01:00","0.00",""
"09/04/2026 00:00 - 10/04/2026 00:00","CTA|DE(Amprion)","Weisweiler VGT - BI. H","11WD7WEIS5GVGTHS","Fossil Gas","11WD7WEIS5GVGTHS","09/04/2026 01:00 - 09/04/2026 02:00","0.00",""
"09/04/2026 00:00 - 10/04/2026 00:00","CTA|DE(Amprion)","Weisweiler VGT - BI. H","11WD7WEIS5GVGTHS","Fossil Gas","11WD7WEIS5GVGTHS","09/04/2026 02:00 - 09/04/2026 03:00","0.00",""
"09/04/2026 00:00 - 10/04/2026 00:00","CTA|DE(Amprion)","Weisweiler VGT - BI. H","11WD7WEIS5GVGTHS","Fossil Gas","11WD7WEIS5GVGTHS","09/04/2026 03:00 - 09/04/2026 04:00","0.00",""
"09/04/2026 00:00 - 10/04/2026 00:00","CTA|DE(Amprion)","Weisweiler VGT - BI. H","11WD7WEIS5GVGTHS","Fossil Gas","11WD7WEIS5GVGTHS","09/04/2026 04:00 - 09/04/2026 05:00","0.00",""
"09/04/2026 00:00 - 10/04/2026 00:00","CTA|DE(Amprion)","Weisweiler VGT - BI. H","11WD7WEIS5GVGTHS","Fossil Gas","11WD7WEIS5GVGTHS","09/04/2026 05:00 - 09/04/2026 06:00","0.00",""
"09/04/2026 00:00 - 10/04/2026 00:00","CTA|DE(Amprion)","Weisweiler VGT - BI. H","11WD7WEIS5GVGTHS","Fossil Gas","11WD7WEIS5GVGTHS","09/04/2026 06:00 - 09/04/2026 07:00","0.00",""
"09/04/2026 00:00 - 10/04/2026 00:00","CTA|DE(Amprion)","Weisweiler VGT - BI. H","11WD7WEIS5GVGTHS","Fossil Gas","11WD7WEIS5GVGTHS","09/04/2026 07:00 - 09/04/2026 08:00","0.00",""
"09/04/2026 00:00 - 10/04/2026 00:00","CTA|DE(Amprion)","Weisweiler VGT - BI. H","11WD7WEIS5GVGTHS","Fossil Gas","11WD7WEIS5GVGTHS","09/04/2026 08:00 - 09/04/2026 09:00","0.00",""
"09/04/2026 00:00 - 10/04/2026 00:00","CTA|DE(Amprion)","Weisweiler VGT - BI. H","11WD7WEIS5GVGTHS","Fossil Gas","11WD7WEIS5GVGTHS","09/04/2026 09:00 - 09/04/2026 10:00","0.00",""
"09/04/2026 00:00 - 10/04/2026 00:00","CTA|DE(Amprion)","Weisweiler VGT - BI. H","11WD7WEIS5GVGTHS","Fossil Gas","11WD7WEIS5GVGTHS","09/04/2026 10:00 - 09/04/2026 11:00","0.00",""
"09/04/2026 00:00 - 10/04/2026 00:00","CTA|DE(Amprion)","Weisweiler VGT - BI. H","11WD7WEIS5GVGTHS","Fossil Gas","11WD7WEIS5GVGTHS","09/04/2026 11:00 - 09/04/2026 12:00","0.00",""
"09/04/2026 00:00 - 10/04/2026 00:00","CTA|DE(Amprion)","Weisweiler VGT - BI. H","11WD7WEIS5GVGTHS","Fossil Gas","11WD7WEIS5GVGTHS","09/04/2026 12:00 - 09/04/2026 13:00","0.00",""
"09/04/2026 00:00 - 10/04/2026 00:00","CTA|DE(Amprion)","Weisweiler VGT - BI. H","11WD7WEIS5GVGTHS","Fossil Gas","11WD7WEIS5GVGTHS","09/04/2026 13:00 - 09/04/2026 14:00","0.00",""
"09/04/2026 00:00 - 10/04/2026 00:00","CTA|DE(Amprion)","Weisweiler VGT - BI. H","11WD7WEIS5GVGTHS","Fossil Gas","11WD7WEIS5GVGTHS","09/04/2026 14:00 - 09/04/2026 15:00","0.00",""
"09/04/2026 00:00 - 10/04/2026 00:00","CTA|DE(Amprion)","Weisweiler VGT - BI. H","11WD7WEIS5GVGTHS","Fossil Gas","11WD7WEIS5GVGTHS","09/04/2026 15:00 - 09/04/2026 16:00","0.00",""
"09/04/2026 00:00 - 10/04/2026 00:00","CTA|DE(Amprion)","Weisweiler VGT - BI. H","11WD7WEIS5GVGTHS","Fossil Gas","11WD7WEIS5GVGTHS","09/04/2026 16:00 - 09/04/2026 17:00","0.00",""
"09/04/2026 00:00 - 10/04/2026 00:00","CTA|DE(Amprion)","Weisweiler VGT - BI. H","11WD7WEIS5GVGTHS","Fossil Gas","11WD7WEIS5GVGTHS","09/04/2026 17:00 - 09/04/2026 18:00","0.00",""
"09/04/2026 00:00 - 10/04/2026 00:00","CTA|DE(Amprion)","Weisweiler VGT - BI. H","11WD7WEIS5GVGTHS","Fossil Gas","11WD7WEIS5GVGTHS","09/04/2026 18:00 - 09/04/2026 19:00","0.00",""
"09/04/2026 00:00 - 10/04/2026 00:00","CTA|DE(Amprion)","Weisweiler VGT - BI. H","11WD7WEIS5GVGTHS","Fossil Gas","11WD7WEIS5GVGTHS","09/04/2026 19:00 - 09/04/2026 20:00","0.00",""
"09/04/2026 00:00 - 10/04/2026 00:00","CTA|DE(Amprion)","Weisweiler VGT - BI. H","11WD7WEIS5GVGTHS","Fossil Gas","11WD7WEIS5GVGTHS","09/04/2026 20:00 - 09/04/2026 21:00","0.00",""
"09/04/2026 00:00 - 10/04/2026 00:00","CTA|DE(Amprion)","Weisweiler VGT - BI. H","11WD7WEIS5GVGTHS","Fossil Gas","11WD7WEIS5GVGTHS","09/04/2026 21:00 - 09/04/2026 22:00","0.00",""
"09/04/2026 00:00 - 10/04/2026 00:00","CTA|DE(Amprion)","Weisweiler VGT - BI. H","11WD7WEIS5GVGTHS","Fossil Gas","11WD7WEIS5GVGTHS","09/04/2026 22:00 - 09/04/2026 23:00","0.00",""
"09/04/2026 00:00 - 10/04/2026 00:00","CTA|DE(Amprion)","Weisweiler VGT - BI. H","11WD7WEIS5GVGTHS","Fossil Gas","11WD7WEIS5GVGTHS","09/04/2026 23:00 - 10/04/2026 00:00","0.00",""
"09/04/2026 00:00 - 10/04/2026 00:00","CTA|DE(50Hertz)","Lichterfelde GUD","11W0-0000-0103-9","Fossil Gas","11W0-0000-0103-9","09/04/2026 00:00 - 09/04/2026 01:00","190.75",""
"09/04/2026 00:00 - 10/04/2026 00:00","CTA|DE(50Hertz)","Lichterfelde GUD","11W0-0000-0103-9","Fossil Gas","11W0-0000-0103-9","09/04/2026 01:00 - 09/04/2026 02:00","224.00",""
"09/04/2026 00:00 - 10/04/2026 00:00","CTA|DE(50Hertz)","Lichterfelde GUD","11W0-0000-0103-9","Fossil Gas","11W0-0000-0103-9","09/04/2026 02:00 - 09/04/2026 03:00","200.25",""
"09/04/2026 00:00 - 10/04/2026 00:00","CTA|DE(50Hertz)","Lichterfelde GUD","11W0-0000-0103-9","Fossil Gas","11W0-0000-0103-9","09/04/2026 03:00 - 09/04/2026 04:00","200.75",""
"09/04/2026 00:00 - 10/04/2026 00:00","CTA|DE(50Hertz)","Lichterfelde GUD","11W0-0000-0103-9","Fossil Gas","11W0-0000-0103-9","09/04/2026 04:00 - 09/04/2026 05:00","231.00",""
"09/04/2026 00:00 - 10/04/2026 00:00","CTA|DE(50Hertz)","Lichterfelde GUD","11W0-0000-0103-9","Fossil Gas","11W0-0000-0103-9","09/04/2026 05:00 - 09/04/2026 06:00","299.00",""
"09/04/2026 00:00 - 10/04/2026 00:00","CTA|DE(50Hertz)","Lichterfelde GUD","11W0-0000-0103-9","Fossil Gas","11W0-0000-0103-9","09/04/2026 06:00 - 09/04/2026 07:00","299.50",""
"09/04/2026 00:00 - 10/04/2026 00:00","CTA|DE(50Hertz)","Lichterfelde GUD","11W0-0000-0103-9","Fossil Gas","11W0-0000-0103-9","09/04/2026 07:00 - 09/04/2026 08:00","299.50",""
"09/04/2026 00:00 - 10/04/2026 00:00","CTA|DE(50Hertz)","Lichterfelde GUD","11W0-0000-0103-9","Fossil Gas","11W0-0000-0103-9","09/04/2026 08:00 - 09/04/2026 09:00","299.25",""
"09/04/2026 00:00 - 10/04/2026 00:00","CTA|DE(50Hertz)","Lichterfelde GUD","11W0-0000-0103-9","Fossil Gas","11W0-0000-0103-9","09/04/2026 09:00 - 09/04/2026 10:00","263.25",""
"09/04/2026 00:00 - 10/04/2026 00:00","CTA|DE(50Hertz)","Lichterfelde GUD","11W0-0000-0103-9","Fossil Gas","11W0-0000-0103-9","09/04/2026 10:00 - 09/04/2026 11:00","132.75",""
"09/04/2026 00:00 - 10/04/2026 00:00","CTA|DE(50Hertz)","Lichterfelde GUD","11W0-0000-0103-9","Fossil Gas","11W0-0000-0103-9","09/04/2026 11:00 - 09/04/2026 12:00","116.75",""
"09/04/2026 00:00 - 10/04/2026 00:00","CTA|DE(50Hertz)","Lichterfelde GUD","11W0-0000-0103-9","Fossil Gas","11W0-0000-0103-9","09/04/2026 12:00 - 09/04/2026 13:00","54.00",""
"09/04/2026 00:00 - 10/04/2026 00:00","CTA|DE(50Hertz)","Lichterfelde GUD","11W0-0000-0103-9","Fossil Gas","11W0-0000-0103-9","09/04/2026 13:00 - 09/04/2026 14:00","54.00",""
"09/04/2026 00:00 - 10/04/2026 00:00","CTA|DE(50Hertz)","Lichterfelde GUD","11W0-0000-0103-9","Fossil Gas","11W0-0000-0103-9","09/04/2026 14:00 - 09/04/2026 15:00","88.75",""
"09/04/2026 00:00 - 10/04/2026 00:00","CTA|DE(50Hertz)","Lichterfelde GUD","11W0-0000-0103-9","Fossil Gas","11W0-0000-0103-9","09/04/2026 15:00 - 09/04/2026 16:00","121.50",""
"09/04/2026 00:00 - 10/04/2026 00:00","CTA|DE(50Hertz)","Lichterfelde GUD","11W0-0000-0103-9","Fossil Gas","11W0-0000-0103-9","09/04/2026 16:00 - 09/04/2026 17:00","120.00",""
"09/04/2026 00:00 - 10/04/2026 00:00","CTA|DE(50Hertz)","Lichterfelde GUD","11W0-0000-0103-9","Fossil Gas","11W0-0000-0103-9","09/04/2026 17:00 - 09/04/2026 18:00","124.00",""
"09/04/2026 00:00 - 10/04/2026 00:00","CTA|DE(50Hertz)","Lichterfelde GUD","11W0-0000-0103-9","Fossil Gas","11W0-0000-0103-9","09/04/2026 18:00 - 09/04/2026 19:00","182.25",""
"09/04/2026 00:00 - 10/04/2026 00:00","CTA|DE(50Hertz)","Lichterfelde GUD","11W0-0000-0103-9","Fossil Gas","11W0-0000-0103-9","09/04/2026 19:00 - 09/04/2026 20:00","227.50",""
"09/04/2026 00:00 - 10/04/2026 00:00","CTA|DE(50Hertz)","Lichterfelde GUD","11W0-0000-0103-9","Fossil Gas","11W0-0000-0103-9","09/04/2026 20:00 - 09/04/2026 21:00","187.75",""
"09/04/2026 00:00 - 10/04/2026 00:00","CTA|DE(50Hertz)","Lichterfelde GUD","11W0-0000-0103-9","Fossil Gas","11W0-0000-0103-9","09/04/2026 21:00 - 09/04/2026 22:00","126.75",""
"09/04/2026 00:00 - 10/04/2026 00:00","CTA|DE(50Hertz)","Lichterfelde GUD","11W0-0000-0103-9","Fossil Gas","11W0-0000-0103-9","09/04/2026 22:00 - 09/04/2026 23:00","125.00",""
"09/04/2026 00:00 - 10/04/2026 00:00","CTA|DE(50Hertz)","Lichterfelde GUD","11W0-0000-0103-9","Fossil Gas","11W0-0000-0103-9","09/04/2026 23:00 - 10/04/2026 00:00","125.00",""
"09/04/2026 00:00 - 10/04/2026 00:00","CTA|DE(50Hertz)","GuD Marzahn","11W0-0000-0104-6","Fossil Gas","11W0-0000-0104-6","09/04/2026 00:00 - 09/04/2026 01:00","207.00",""
"09/04/2026 00:00 - 10/04/2026 00:00","CTA|DE(50Hertz)","GuD Marzahn","11W0-0000-0104-6","Fossil Gas","11W0-0000-0104-6","09/04/2026 01:00 - 09/04/2026 02:00","212.75",""
"09/04/2026 00:00 - 10/04/2026 00:00","CTA|DE(50Hertz)","GuD Marzahn","11W0-0000-0104-6","Fossil Gas","11W0-0000-0104-6","09/04/2026 02:00 - 09/04/2026 03:00","183.75",""
"09/04/2026 00:00 - 10/04/2026 00:00","CTA|DE(50Hertz)","GuD Marzahn","11W0-0000-0104-6","Fossil Gas","11W0-0000-0104-6","09/04/2026 03:00 - 09/04/2026 04:00","188.25",""
"09/04/2026 00:00 - 10/04/2026 00:00","CTA|DE(50Hertz)","GuD Marzahn","11W0-0000-0104-6","Fossil Gas","11W0-0000-0104-6","09/04/2026 04:00 - 09/04/2026 05:00","241.25",""
"09/04/2026 00:00 - 10/04/2026 00:00","CTA|DE(50Hertz)","GuD Marzahn","11W0-0000-0104-6","Fossil Gas","11W0-0000-0104-6","09/04/2026 05:00 - 09/04/2026 06:00","259.00",""
"09/04/2026 00:00 - 10/04/2026 00:00","CTA|DE(50Hertz)","GuD Marzahn","11W0-0000-0104-6","Fossil Gas","11W0-0000-0104-6","09/04/2026 06:00 - 09/04/2026 07:00","259.00",""
"09/04/2026 00:00 - 10/04/2026 00:00","CTA|DE(50Hertz)","GuD Marzahn","11W0-0000-0104-6","Fossil Gas","11W0-0000-0104-6","09/04/2026 07:00 - 09/04/2026 08:00","258.25",""
"09/04/2026 00:00 - 10/04/2026 00:00","CTA|DE(50Hertz)","GuD Marzahn","11W0-0000-0104-6","Fossil Gas","11W0-0000-0104-6","09/04/2026 08:00 - 09/04/2026 09:00","186.75",""
"09/04/2026 00:00 - 10/04/2026 00:00","CTA|DE(50Hertz)","GuD Marzahn","11W0-0000-0104-6","Fossil Gas","11W0-0000-0104-6","09/04/2026 09:00 - 09/04/2026 10:00","216.25",""
"09/04/2026 00:00 - 10/04/2026 00:00","CTA|DE(50Hertz)","GuD Marzahn","11W0-0000-0104-6","Fossil Gas","11W0-0000-0104-6","09/04/2026 10:00 - 09/04/2026 11:00","65.75",""
"09/04/2026 00:00 - 10/04/2026 00:00","CTA|DE(50Hertz)","GuD Marzahn","11W0-0000-0104-6","Fossil Gas","11W0-0000-0104-6","09/04/2026 11:00 - 09/04/2026 12:00","37.75",""
"09/04/2026 00:00 - 10/04/2026 00:00","CTA|DE(50Hertz)","GuD Marzahn","11W0-0000-0104-6","Fossil Gas","11W0-0000-0104-6","09/04/2026 12:00 - 09/04/2026 13:00","34.00",""
"09/04/2026 00:00 - 10/04/2026 00:00","CTA|DE(50Hertz)","GuD Marzahn","11W0-0000-0104-6","Fossil Gas","11W0-0000-0104-6","09/04/2026 13:00 - 09/04/2026 14:00","34.00",""
"09/04/2026 00:00 - 10/04/2026 00:00","CTA|DE(50Hertz)","GuD Marzahn","11W0-0000-0104-6","Fossil Gas","11W0-0000-0104-6","09/04/2026 14:00 - 09/04/2026 15:00","34.00",""
"09/04/2026 00:00 - 10/04/2026 00:00","CTA|DE(50Hertz)","GuD Marzahn","11W0-0000-0104-6","Fossil Gas","11W0-0000-0104-6","09/04/2026 15:00 - 09/04/2026 16:00","34.00",""
"09/04/2026 00:00 - 10/04/2026 00:00","CTA|DE(50Hertz)","GuD Marzahn","11W0-0000-0104-6","Fossil Gas","11W0-0000-0104-6","09/04/2026 16:00 - 09/04/2026 17:00","36.50",""
"09/04/2026 00:00 - 10/04/2026 00:00","CTA|DE(50Hertz)","GuD Marzahn","11W0-0000-0104-6","Fossil Gas","11W0-0000-0104-6","09/04/2026 17:00 - 09/04/2026 18:00","50.75",""
"09/04/2026 00:00 - 10/04/2026 00:00","CTA|DE(50Hertz)","GuD Marzahn","11W0-0000-0104-6","Fossil Gas","11W0-0000-0104-6","09/04/2026 18:00 - 09/04/2026 19:00","81.00",""
"09/04/2026 00:00 - 10/04/2026 00:00","CTA|DE(50Hertz)","GuD Marzahn","11W0-0000-0104-6","Fossil Gas","11W0-0000-0104-6","09/04/2026 19:00 - 09/04/2026 20:00","70.75",""
"09/04/2026 00:00 - 10/04/2026 00:00","CTA|DE(50Hertz)","GuD Marzahn","11W0-0000-0104-6","Fossil Gas","11W0-0000-0104-6","09/04/2026 20:00 - 09/04/2026 21:00","101.00",""
"09/04/2026 00:00 - 10/04/2026 00:00","CTA|DE(50Hertz)","GuD Marzahn","11W0-0000-0104-6","Fossil Gas","11W0-0000-0104-6","09/04/2026 21:00 - 09/04/2026 22:00","55.25",""
"09/04/2026 00:00 - 10/04/2026 00:00","CTA|DE(50Hertz)","GuD Marzahn","11W0-0000-0104-6","Fossil Gas","11W0-0000-0104-6","09/04/2026 22:00 - 09/04/2026 23:00","54.00",""
"09/04/2026 00:00 - 10/04/2026 00:00","CTA|DE(50Hertz)","GuD Marzahn","11W0-0000-0104-6","Fossil Gas","11W0-0000-0104-6","09/04/2026 23:00 - 10/04/2026 00:00","54.00",""
"09/04/2026 00:00 - 10/04/2026 00:00","CTA|DE(50Hertz)","KW Boxberg Block N","11WD8BOXB1L---N8","Fossil Brown coal/Lignite","11WD8BOXB1L---N8","09/04/2026 00:00 - 09/04/2026 01:00","488.75",""
"09/04/2026 00:00 - 10/04/2026 00:00","CTA|DE(50Hertz)","KW Boxberg Block N","11WD8BOXB1L---N8","Fossil Brown coal/Lignite","11WD8BOXB1L---N8","09/04/2026 01:00 - 09/04/2026 02:00","492.25",""
"09/04/2026 00:00 - 10/04/2026 00:00","CTA|DE(50Hertz)","KW Boxberg Block N","11WD8BOXB1L---N8","Fossil Brown coal/Lignite","11WD8BOXB1L---N8","09/04/2026 02:00 - 09/04/2026 03:00","493.00",""
"09/04/2026 00:00 - 10/04/2026 00:00","CTA|DE(50Hertz)","KW Boxberg Block N","11WD8BOXB1L---N8","Fossil Brown coal/Lignite","11WD8BOXB1L---N8","09/04/2026 03:00 - 09/04/2026 04:00","490.00",""
"09/04/2026 00:00 - 10/04/2026 00:00","CTA|DE(50Hertz)","KW Boxberg Block N","11WD8BOXB1L---N8","Fossil Brown coal/Lignite","11WD8BOXB1L---N8","09/04/2026 04:00 - 09/04/2026 05:00","485.75",""
"09/04/2026 00:00 - 10/04/2026 00:00","CTA|DE(50Hertz)","KW Boxberg Block N","11WD8BOXB1L---N8","Fossil Brown coal/Lignite","11WD8BOXB1L---N8","09/04/2026 05:00 - 09/04/2026 06:00","492.00",""
"09/04/2026 00:00 - 10/04/2026 00:00","CTA|DE(50Hertz)","KW Boxberg Block N","11WD8BOXB1L---N8","Fossil Brown coal/Lignite","11WD8BOXB1L---N8","09/04/2026 06:00 - 09/04/2026 07:00","491.25",""
"09/04/2026 00:00 - 10/04/2026 00:00","CTA|DE(50Hertz)","KW Boxberg Block N","11WD8BOXB1L---N8","Fossil Brown coal/Lignite","11WD8BOXB1L---N8","09/04/2026 07:00 - 09/04/2026 08:00","488.25",""
"09/04/2026 00:00 - 10/04/2026 00:00","CTA|DE(50Hertz)","KW Boxberg Block N","11WD8BOXB1L---N8","Fossil Brown coal/Lignite","11WD8BOXB1L---N8","09/04/2026 08:00 - 09/04/2026 09:00","490.25",""
"09/04/2026 00:00 - 10/04/2026 00:00","CTA|DE(50Hertz)","KW Boxberg Block N","11WD8BOXB1L---N8","Fossil Brown coal/Lignite","11WD8BOXB1L---N8","09/04/2026 09:00 - 09/04/2026 10:00","484.25",""
"09/04/2026 00:00 - 10/04/2026 00:00","CTA|DE(50Hertz)","KW Boxberg Block N","11WD8BOXB1L---N8","Fossil Brown coal/Lignite","11WD8BOXB1L---N8","09/04/2026 10:00 - 09/04/2026 11:00","388.00",""
"09/04/2026 00:00 - 10/04/2026 00:00","CTA|DE(50Hertz)","KW Boxberg Block N","11WD8BOXB1L---N8","Fossil Brown coal/Lignite","11WD8BOXB1L---N8","09/04/2026 11:00 - 09/04/2026 12:00","355.25",""
"09/04/2026 00:00 - 10/04/2026 00:00","CTA|DE(50Hertz)","KW Boxberg Block N","11WD8BOXB1L---N8","Fossil Brown coal/Lignite","11WD8BOXB1L---N8","09/04/2026 12:00 - 09/04/2026 13:00","362.50",""
"09/04/2026 00:00 - 10/04/2026 00:00","CTA|DE(50Hertz)","KW Boxberg Block N","11WD8BOXB1L---N8","Fossil Brown coal/Lignite","11WD8BOXB1L---N8","09/04/2026 13:00 - 09/04/2026 14:00","363.25",""
"09/04/2026 00:00 - 10/04/2026 00:00","CTA|DE(50Hertz)","KW Boxberg Block N","11WD8BOXB1L---N8","Fossil Brown coal/Lignite","11WD8BOXB1L---N8","09/04/2026 14:00 - 09/04/2026 15:00","362.25",""
"09/04/2026 00:00 - 10/04/2026 00:00","CTA|DE(50Hertz)","KW Boxberg Block N","11WD8BOXB1L---N8","Fossil Brown coal/Lignite","11WD8BOXB1L---N8","09/04/2026 15:00 - 09/04/2026 16:00","363.50",""
"09/04/2026 00:00 - 10/04/2026 00:00","CTA|DE(50Hertz)","KW Boxberg Block N","11WD8BOXB1L---N8","Fossil Brown coal/Lignite","11WD8BOXB1L---N8","09/04/2026 16:00 - 09/04/2026 17:00","366.25",""
"09/04/2026 00:00 - 10/04/2026 00:00","CTA|DE(50Hertz)","KW Boxberg Block N","11WD8BOXB1L---N8","Fossil Brown coal/Lignite","11WD8BOXB1L---N8","09/04/2026 17:00 - 09/04/2026 18:00","394.50",""
"09/04/2026 00:00 - 10/04/2026 00:00","CTA|DE(50Hertz)","KW Boxberg Block N","11WD8BOXB1L---N8","Fossil Brown coal/Lignite","11WD8BOXB1L---N8","09/04/2026 18:00 - 09/04/2026 19:00","433.25",""
"09/04/2026 00:00 - 10/04/2026 00:00","CTA|DE(50Hertz)","KW Boxberg Block N","11WD8BOXB1L---N8","Fossil Brown coal/Lignite","11WD8BOXB1L---N8","09/04/2026 19:00 - 09/04/2026 20:00","489.25",""
"09/04/2026 00:00 - 10/04/2026 00:00","CTA|DE(50Hertz)","KW Boxberg Block N","11WD8BOXB1L---N8","Fossil Brown coal/Lignite","11WD8BOXB1L---N8","09/04/2026 20:00 - 09/04/2026 21:00","456.25",""
"09/04/2026 00:00 - 10/04/2026 00:00","CTA|DE(50Hertz)","KW Boxberg Block N","11WD8BOXB1L---N8","Fossil Brown coal/Lignite","11WD8BOXB1L---N8","09/04/2026 21:00 - 09/04/2026 22:00","432.75",""
"09/04/2026 00:00 - 10/04/2026 00:00","CTA|DE(50Hertz)","KW Boxberg Block N","11WD8BOXB1L---N8","Fossil Brown coal/Lignite","11WD8BOXB1L---N8","09/04/2026 22:00 - 09/04/2026 23:00","431.25",""
"09/04/2026 00:00 - 10/04/2026 00:00","CTA|DE(50Hertz)","KW Boxberg Block N","11WD8BOXB1L---N8","Fossil Brown coal/Lignite","11WD8BOXB1L---N8","09/04/2026 23:00 - 10/04/2026 00:00","431.50",""
"09/04/2026 00:00 - 10/04/2026 00:00","CTA|DE(50Hertz)","KW Boxberg Block P","11WD8BOXB1L---P4","Fossil Brown coal/Lignite","11WD8BOXB1L---P4","09/04/2026 00:00 - 09/04/2026 01:00","0.00",""
"09/04/2026 00:00 - 10/04/2026 00:00","CTA|DE(50Hertz)","KW Boxberg Block P","11WD8BOXB1L---P4","Fossil Brown coal/Lignite","11WD8BOXB1L---P4","09/04/2026 01:00 - 09/04/2026 02:00","0.00",""
"09/04/2026 00:00 - 10/04/2026 00:00","CTA|DE(50Hertz)","KW Boxberg Block P","11WD8BOXB1L---P4","Fossil Brown coal/Lignite","11WD8BOXB1L---P4","09/04/2026 02:00 - 09/04/2026 03:00","0.00",""
"09/04/2026 00:00 - 10/04/2026 00:00","CTA|DE(50Hertz)","KW Boxberg Block P","11WD8BOXB1L---P4","Fossil Brown coal/Lignite","11WD8BOXB1L---P4","09/04/2026 03:00 - 09/04/2026 04:00","0.00",""
"09/04/2026 00:00 - 10/04/2026 00:00","CTA|DE(50Hertz)","KW Boxberg Block P","11WD8BOXB1L---P4","Fossil Brown coal/Lignite","11WD8BOXB1L---P4","09/04/2026 04:00 - 09/04/2026 05:00","0.00",""
"09/04/2026 00:00 - 10/04/2026 00:00","CTA|DE(50Hertz)","KW Boxberg Block P","11WD8BOXB1L---P4","Fossil Brown coal/Lignite","11WD8BOXB1L---P4","09/04/2026 05:00 - 09/04/2026 06:00","0.00",""
"09/04/2026 00:00 - 10/04/2026 00:00","CTA|DE(50Hertz)","KW Boxberg Block P","11WD8BOXB1L---P4","Fossil Brown coal/Lignite","11WD8BOXB1L---P4","09/04/2026 06:00 - 09/04/2026 07:00","0.00",""
"09/04/2026 00:00 - 10/04/2026 00:00","CTA|DE(50Hertz)","KW Boxberg Block P","11WD8BOXB1L---P4","Fossil Brown coal/Lignite","11WD8BOXB1L---P4","09/04/2026 07:00 - 09/04/2026 08:00","0.00",""
"09/04/2026 00:00 - 10/04/2026 00:00","CTA|DE(50Hertz)","KW Boxberg Block P","11WD8BOXB1L---P4","Fossil Brown coal/Lignite","11WD8BOXB1L---P4","09/04/2026 08:00 - 09/04/2026 09:00","0.00",""
"09/04/2026 00:00 - 10/04/2026 00:00","CTA|DE(50Hertz)","KW Boxberg Block P","11WD8BOXB1L---P4","Fossil Brown coal/Lignite","11WD8BOXB1L---P4","09/04/2026 09:00 - 09/04/2026 10:00","0.00",""
"09/04/2026 00:00 - 10/04/2026 00:00","CTA|DE(50Hertz)","KW Boxberg Block P","11WD8BOXB1L---P4","Fossil Brown coal/Lignite","11WD8BOXB1L---P4","09/04/2026 10:00 - 09/04/2026 11:00","0.00",""
"09/04/2026 00:00 - 10/04/2026 00:00","CTA|DE(50Hertz)","KW Boxberg Block P","11WD8BOXB1L---P4","Fossil Brown coal/Lignite","11WD8BOXB1L---P4","09/04/2026 11:00 - 09/04/2026 12:00","0.00",""
"09/04/2026 00:00 - 10/04/2026 00:00","CTA|DE(50Hertz)","KW Boxberg Block P","11WD8BOXB1L---P4","Fossil Brown coal/Lignite","11WD8BOXB1L---P4","09/04/2026 12:00 - 09/04/2026 13:00","0.00",""
"09/04/2026 00:00 - 10/04/2026 00:00","CTA|DE(50Hertz)","KW Boxberg Block P","11WD8BOXB1L---P4","Fossil Brown coal/Lignite","11WD8BOXB1L---P4","09/04/2026 13:00 - 09/04/2026 14:00","0.00",""
"09/04/2026 00:00 - 10/04/2026 00:00","CTA|DE(50Hertz)","KW Boxberg Block P","11WD8BOXB1L---P4","Fossil Brown coal/Lignite","11WD8BOXB1L---P4","09/04/2026 14:00 - 09/04/2026 15:00","0.00",""
"09/04/2026 00:00 - 10/04/2026 00:00","CTA|DE(50Hertz)","KW Boxberg Block P","11WD8BOXB1L---P4","Fossil Brown coal/Lignite","11WD8BOXB1L---P4","09/04/2026 15:00 - 09/04/2026 16:00","0.00",""
"09/04/2026 00:00 - 10/04/2026 00:00","CTA|DE(50Hertz)","KW Boxberg Block P","11WD8BOXB1L---P4","Fossil Brown coal/Lignite","11WD8BOXB1L---P4","09/04/2026 16:00 - 09/04/2026 17:00","0.00",""
"09/04/2026 00:00 - 10/04/2026 00:00","CTA|DE(50Hertz)","KW Boxberg Block P","11WD8BOXB1L---P4","Fossil Brown coal/Lignite","11WD8BOXB1L---P4","09/04/2026 17:00 - 09/04/2026 18:00","0.00",""
"09/04/2026 00:00 - 10/04/2026 00:00","CTA|DE(50Hertz)","KW Boxberg Block P","11WD8BOXB1L---P4","Fossil Brown coal/Lignite","11WD8BOXB1L---P4","09/04/2026 18:00 - 09/04/2026 19:00","0.00",""
"09/04/2026 00:00 - 10/04/2026 00:00","CTA|DE(50Hertz)","KW Boxberg Block P","11WD8BOXB1L---P4","Fossil Brown coal/Lignite","11WD8BOXB1L---P4","09/04/2026 19:00 - 09/04/2026 20:00","0.00",""
"09/04/2026 00:00 - 10/04/2026 00:00","CTA|DE(50Hertz)","KW Boxberg Block P","11WD8BOXB1L---P4","Fossil Brown coal/Lignite","11WD8BOXB1L---P4","09/04/2026 20:00 - 09/04/2026 21:00","0.00",""
"09/04/2026 00:00 - 10/04/2026 00:00","CTA|DE(50Hertz)","KW Boxberg Block P","11WD8BOXB1L---P4","Fossil Brown coal/Lignite","11WD8BOXB1L---P4","09/04/2026 21:00 - 09/04/2026 22:00","0.00",""
"09/04/2026 00:00 - 10/04/2026 00:00","CTA|DE(50Hertz)","KW Boxberg Block P","11WD8BOXB1L---P4","Fossil Brown coal/Lignite","11WD8BOXB1L---P4","09/04/2026 22:00 - 09/04/2026 23:00","0.00",""
"09/04/2026 00:00 - 10/04/2026 00:00","CTA|DE(50Hertz)","KW Boxberg Block P","11WD8BOXB1L---P4","Fossil Brown coal/Lignite","11WD8BOXB1L---P4","09/04/2026 23:00 - 10/04/2026 00:00","0.00",""
"09/04/2026 00:00 - 10/04/2026 00:00","CTA|DE(50Hertz)","KW Boxberg Block Q","11WD8BOXB1L---Q2","Fossil Brown coal/Lignite","11WD8BOXB1L---Q2","09/04/2026 00:00 - 09/04/2026 01:00","825.75",""
"09/04/2026 00:00 - 10/04/2026 00:00","CTA|DE(50Hertz)","KW Boxberg Block Q","11WD8BOXB1L---Q2","Fossil Brown coal/Lignite","11WD8BOXB1L---Q2","09/04/2026 01:00 - 09/04/2026 02:00","826.75",""
"09/04/2026 00:00 - 10/04/2026 00:00","CTA|DE(50Hertz)","KW Boxberg Block Q","11WD8BOXB1L---Q2","Fossil Brown coal/Lignite","11WD8BOXB1L---Q2","09/04/2026 02:00 - 09/04/2026 03:00","821.50",""
"09/04/2026 00:00 - 10/04/2026 00:00","CTA|DE(50Hertz)","KW Boxberg Block Q","11WD8BOXB1L---Q2","Fossil Brown coal/Lignite","11WD8BOXB1L---Q2","09/04/2026 03:00 - 09/04/2026 04:00","825.50",""
"09/04/2026 00:00 - 10/04/2026 00:00","CTA|DE(50Hertz)","KW Boxberg Block Q","11WD8BOXB1L---Q2","Fossil Brown coal/Lignite","11WD8BOXB1L---Q2","09/04/2026 04:00 - 09/04/2026 05:00","821.75",""
"09/04/2026 00:00 - 10/04/2026 00:00","CTA|DE(50Hertz)","KW Boxberg Block Q","11WD8BOXB1L---Q2","Fossil Brown coal/Lignite","11WD8BOXB1L---Q2","09/04/2026 05:00 - 09/04/2026 06:00","829.75",""
"09/04/2026 00:00 - 10/04/2026 00:00","CTA|DE(50Hertz)","KW Boxberg Block Q","11WD8BOXB1L---Q2","Fossil Brown coal/Lignite","11WD8BOXB1L---Q2","09/04/2026 06:00 - 09/04/2026 07:00","828.75",""
"09/04/2026 00:00 - 10/04/2026 00:00","CTA|DE(50Hertz)","KW Boxberg Block Q","11WD8BOXB1L---Q2","Fossil Brown coal/Lignite","11WD8BOXB1L---Q2","09/04/2026 07:00 - 09/04/2026 08:00","826.25",""
"09/04/2026 00:00 - 10/04/2026 00:00","CTA|DE(50Hertz)","KW Boxberg Block Q","11WD8BOXB1L---Q2","Fossil Brown coal/Lignite","11WD8BOXB1L---Q2","09/04/2026 08:00 - 09/04/2026 09:00","786.00",""
"09/04/2026 00:00 - 10/04/2026 00:00","CTA|DE(50Hertz)","KW Boxberg Block Q","11WD8BOXB1L---Q2","Fossil Brown coal/Lignite","11WD8BOXB1L---Q2","09/04/2026 09:00 - 09/04/2026 10:00","736.00",""
"09/04/2026 00:00 - 10/04/2026 00:00","CTA|DE(50Hertz)","KW Boxberg Block Q","11WD8BOXB1L---Q2","Fossil Brown coal/Lignite","11WD8BOXB1L---Q2","09/04/2026 10:00 - 09/04/2026 11:00","550.50",""
"09/04/2026 00:00 - 10/04/2026 00:00","CTA|DE(50Hertz)","KW Boxberg Block Q","11WD8BOXB1L---Q2","Fossil Brown coal/Lignite","11WD8BOXB1L---Q2","09/04/2026 11:00 - 09/04/2026 12:00","420.00",""
"09/04/2026 00:00 - 10/04/2026 00:00","CTA|DE(50Hertz)","KW Boxberg Block Q","11WD8BOXB1L---Q2","Fossil Brown coal/Lignite","11WD8BOXB1L---Q2","09/04/2026 12:00 - 09/04/2026 13:00","403.00",""
"09/04/2026 00:00 - 10/04/2026 00:00","CTA|DE(50Hertz)","KW Boxberg Block Q","11WD8BOXB1L---Q2","Fossil Brown coal/Lignite","11WD8BOXB1L---Q2","09/04/2026 13:00 - 09/04/2026 14:00","401.00",""
"09/04/2026 00:00 - 10/04/2026 00:00","CTA|DE(50Hertz)","KW Boxberg Block Q","11WD8BOXB1L---Q2","Fossil Brown coal/Lignite","11WD8BOXB1L---Q2","09/04/2026 14:00 - 09/04/2026 15:00","391.00",""
"09/04/2026 00:00 - 10/04/2026 00:00","CTA|DE(50Hertz)","KW Boxberg Block Q","11WD8BOXB1L---Q2","Fossil Brown coal/Lignite","11WD8BOXB1L---Q2","09/04/2026 15:00 - 09/04/2026 16:00","414.00",""
"09/04/2026 00:00 - 10/04/2026 00:00","CTA|DE(50Hertz)","KW Boxberg Block Q","11WD8BOXB1L---Q2","Fossil Brown coal/Lignite","11WD8BOXB1L---Q2","09/04/2026 16:00 - 09/04/2026 17:00","556.25",""
"09/04/2026 00:00 - 10/04/2026 00:00","CTA|DE(50Hertz)","KW Boxberg Block Q","11WD8BOXB1L---Q2","Fossil Brown coal/Lignite","11WD8BOXB1L---Q2","09/04/2026 17:00 - 09/04/2026 18:00","560.50",""
"09/04/2026 00:00 - 10/04/2026 00:00","CTA|DE(50Hertz)","KW Boxberg Block Q","11WD8BOXB1L---Q2","Fossil Brown coal/Lignite","11WD8BOXB1L---Q2","09/04/2026 18:00 - 09/04/2026 19:00","601.75",""
"09/04/2026 00:00 - 10/04/2026 00:00","CTA|DE(50Hertz)","KW Boxberg Block Q","11WD8BOXB1L---Q2","Fossil Brown coal/Lignite","11WD8BOXB1L---Q2","09/04/2026 19:00 - 09/04/2026 20:00","581.00",""
"09/04/2026 00:00 - 10/04/2026 00:00","CTA|DE(50Hertz)","KW Boxberg Block Q","11WD8BOXB1L---Q2","Fossil Brown coal/Lignite","11WD8BOXB1L---Q2","09/04/2026 20:00 - 09/04/2026 21:00","563.00",""
"09/04/2026 00:00 - 10/04/2026 00:00","CTA|DE(50Hertz)","KW Boxberg Block Q","11WD8BOXB1L---Q2","Fossil Brown coal/Lignite","11WD8BOXB1L---Q2","09/04/2026 21:00 - 09/04/2026 22:00","550.00",""
"09/04/2026 00:00 - 10/04/2026 00:00","CTA|DE(50Hertz)","KW Boxberg Block Q","11WD8BOXB1L---Q2","Fossil Brown coal/Lignite","11WD8BOXB1L---Q2","09/04/2026 22:00 - 09/04/2026 23:00","564.25",""
"09/04/2026 00:00 - 10/04/2026 00:00","CTA|DE(50Hertz)","KW Boxberg Block Q","11WD8BOXB1L---Q2","Fossil Brown coal/Lignite","11WD8BOXB1L---Q2","09/04/2026 23:00 - 10/04/2026 00:00","561.25",""
"09/04/2026 00:00 - 10/04/2026 00:00","CTA|DE(50Hertz)","KW Boxberg Block R","11WD8BOXB1L---R0","Fossil Brown coal/Lignite","11WD8BOXB1L---R0","09/04/2026 00:00 - 09/04/2026 01:00","584.25",""
"09/04/2026 00:00 - 10/04/2026 00:00","CTA|DE(50Hertz)","KW Boxberg Block R","11WD8BOXB1L---R0","Fossil Brown coal/Lignite","11WD8BOXB1L---R0","09/04/2026 01:00 - 09/04/2026 02:00","592.25",""
"09/04/2026 00:00 - 10/04/2026 00:00","CTA|DE(50Hertz)","KW Boxberg Block R","11WD8BOXB1L---R0","Fossil Brown coal/Lignite","11WD8BOXB1L---R0","09/04/2026 02:00 - 09/04/2026 03:00","585.25",""
"09/04/2026 00:00 - 10/04/2026 00:00","CTA|DE(50Hertz)","KW Boxberg Block R","11WD8BOXB1L---R0","Fossil Brown coal/Lignite","11WD8BOXB1L---R0","09/04/2026 03:00 - 09/04/2026 04:00","587.00",""
"09/04/2026 00:00 - 10/04/2026 00:00","CTA|DE(50Hertz)","KW Boxberg Block R","11WD8BOXB1L---R0","Fossil Brown coal/Lignite","11WD8BOXB1L---R0","09/04/2026 04:00 - 09/04/2026 05:00","579.75",""
"09/04/2026 00:00 - 10/04/2026 00:00","CTA|DE(50Hertz)","KW Boxberg Block R","11WD8BOXB1L---R0","Fossil Brown coal/Lignite","11WD8BOXB1L---R0","09/04/2026 05:00 - 09/04/2026 06:00","600.25",""
"09/04/2026 00:00 - 10/04/2026 00:00","CTA|DE(50Hertz)","KW Boxberg Block R","11WD8BOXB1L---R0","Fossil Brown coal/Lignite","11WD8BOXB1L---R0","09/04/2026 06:00 - 09/04/2026 07:00","596.00",""
"09/04/2026 00:00 - 10/04/2026 00:00","CTA|DE(50Hertz)","KW Boxberg Block R","11WD8BOXB1L---R0","Fossil Brown coal/Lignite","11WD8BOXB1L---R0","09/04/2026 07:00 - 09/04/2026 08:00","595.75",""
"09/04/2026 00:00 - 10/04/2026 00:00","CTA|DE(50Hertz)","KW Boxberg Block R","11WD8BOXB1L---R0","Fossil Brown coal/Lignite","11WD8BOXB1L---R0","09/04/2026 08:00 - 09/04/2026 09:00","597.50",""
"09/04/2026 00:00 - 10/04/2026 00:00","CTA|DE(50Hertz)","KW Boxberg Block R","11WD8BOXB1L---R0","Fossil Brown coal/Lignite","11WD8BOXB1L---R0","09/04/2026 09:00 - 09/04/2026 10:00","473.25",""
"09/04/2026 00:00 - 10/04/2026 00:00","CTA|DE(50Hertz)","KW Boxberg Block R","11WD8BOXB1L---R0","Fossil Brown coal/Lignite","11WD8BOXB1L---R0","09/04/2026 10:00 - 09/04/2026 11:00","327.25",""
"09/04/2026 00:00 - 10/04/2026 00:00","CTA|DE(50Hertz)","KW Boxberg Block R","11WD8BOXB1L---R0","Fossil Brown coal/Lignite","11WD8BOXB1L---R0","09/04/2026 11:00 - 09/04/2026 12:00","205.75",""
"09/04/2026 00:00 - 10/04/2026 00:00","CTA|DE(50Hertz)","KW Boxberg Block R","11WD8BOXB1L---R0","Fossil Brown coal/Lignite","11WD8BOXB1L---R0","09/04/2026 12:00 - 09/04/2026 13:00","197.00",""
"09/04/2026 00:00 - 10/04/2026 00:00","CTA|DE(50Hertz)","KW Boxberg Block R","11WD8BOXB1L---R0","Fossil Brown coal/Lignite","11WD8BOXB1L---R0","09/04/2026 13:00 - 09/04/2026 14:00","203.00",""
"09/04/2026 00:00 - 10/04/2026 00:00","CTA|DE(50Hertz)","KW Boxberg Block R","11WD8BOXB1L---R0","Fossil Brown coal/Lignite","11WD8BOXB1L---R0","09/04/2026 14:00 - 09/04/2026 15:00","196.75",""
"09/04/2026 00:00 - 10/04/2026 00:00","CTA|DE(50Hertz)","KW Boxberg Block R","11WD8BOXB1L---R0","Fossil Brown coal/Lignite","11WD8BOXB1L---R0","09/04/2026 15:00 - 09/04/2026 16:00","216.00",""
"09/04/2026 00:00 - 10/04/2026 00:00","CTA|DE(50Hertz)","KW Boxberg Block R","11WD8BOXB1L---R0","Fossil Brown coal/Lignite","11WD8BOXB1L---R0","09/04/2026 16:00 - 09/04/2026 17:00","307.25",""
"09/04/2026 00:00 - 10/04/2026 00:00","CTA|DE(50Hertz)","KW Boxberg Block R","11WD8BOXB1L---R0","Fossil Brown coal/Lignite","11WD8BOXB1L---R0","09/04/2026 17:00 - 09/04/2026 18:00","329.50",""
"09/04/2026 00:00 - 10/04/2026 00:00","CTA|DE(50Hertz)","KW Boxberg Block R","11WD8BOXB1L---R0","Fossil Brown coal/Lignite","11WD8BOXB1L---R0","09/04/2026 18:00 - 09/04/2026 19:00","457.50",""
"09/04/2026 00:00 - 10/04/2026 00:00","CTA|DE(50Hertz)","KW Boxberg Block R","11WD8BOXB1L---R0","Fossil Brown coal/Lignite","11WD8BOXB1L---R0","09/04/2026 19:00 - 09/04/2026 20:00","536.75",""
"09/04/2026 00:00 - 10/04/2026 00:00","CTA|DE(50Hertz)","KW Boxberg Block R","11WD8BOXB1L---R0","Fossil Brown coal/Lignite","11WD8BOXB1L---R0","09/04/2026 20:00 - 09/04/2026 21:00","570.25",""
"09/04/2026 00:00 - 10/04/2026 00:00","CTA|DE(50Hertz)","KW Boxberg Block R","11WD8BOXB1L---R0","Fossil Brown coal/Lignite","11WD8BOXB1L---R0","09/04/2026 21:00 - 09/04/2026 22:00","404.75",""
"09/04/2026 00:00 - 10/04/2026 00:00","CTA|DE(50Hertz)","KW Boxberg Block R","11WD8BOXB1L---R0","Fossil Brown coal/Lignite","11WD8BOXB1L---R0","09/04/2026 22:00 - 09/04/2026 23:00","359.50",""
"09/04/2026 00:00 - 10/04/2026 00:00","CTA|DE(50Hertz)","KW Boxberg Block R","11WD8BOXB1L---R0","Fossil Brown coal/Lignite","11WD8BOXB1L---R0","09/04/2026 23:00 - 10/04/2026 00:00","367.25",""
"09/04/2026 00:00 - 10/04/2026 00:00","CTA|DE(50Hertz)","GTHKW Nossener Bruecke","11WD8DRES5X----D","Fossil Gas","11WD8DRES5X----D","09/04/2026 00:00 - 09/04/2026 01:00","167.70",""
"09/04/2026 00:00 - 10/04/2026 00:00","CTA|DE(50Hertz)","GTHKW Nossener Bruecke","11WD8DRES5X----D","Fossil Gas","11WD8DRES5X----D","09/04/2026 01:00 - 09/04/2026 02:00","168.82",""
"09/04/2026 00:00 - 10/04/2026 00:00","CTA|DE(50Hertz)","GTHKW Nossener Bruecke","11WD8DRES5X----D","Fossil Gas","11WD8DRES5X----D","09/04/2026 02:00 - 09/04/2026 03:00","169.10",""
"09/04/2026 00:00 - 10/04/2026 00:00","CTA|DE(50Hertz)","GTHKW Nossener Bruecke","11WD8DRES5X----D","Fossil Gas","11WD8DRES5X----D","09/04/2026 03:00 - 09/04/2026 04:00","169.68",""
"09/04/2026 00:00 - 10/04/2026 00:00","CTA|DE(50Hertz)","GTHKW Nossener Bruecke","11WD8DRES5X----D","Fossil Gas","11WD8DRES5X----D","09/04/2026 04:00 - 09/04/2026 05:00","173.40",""
"09/04/2026 00:00 - 10/04/2026 00:00","CTA|DE(50Hertz)","GTHKW Nossener Bruecke","11WD8DRES5X----D","Fossil Gas","11WD8DRES5X----D","09/04/2026 05:00 - 09/04/2026 06:00","168.90",""
"09/04/2026 00:00 - 10/04/2026 00:00","CTA|DE(50Hertz)","GTHKW Nossener Bruecke","11WD8DRES5X----D","Fossil Gas","11WD8DRES5X----D","09/04/2026 06:00 - 09/04/2026 07:00","169.22",""
"09/04/2026 00:00 - 10/04/2026 00:00","CTA|DE(50Hertz)","GTHKW Nossener Bruecke","11WD8DRES5X----D","Fossil Gas","11WD8DRES5X----D","09/04/2026 07:00 - 09/04/2026 08:00","168.60",""
"09/04/2026 00:00 - 10/04/2026 00:00","CTA|DE(50Hertz)","GTHKW Nossener Bruecke","11WD8DRES5X----D","Fossil Gas","11WD8DRES5X----D","09/04/2026 08:00 - 09/04/2026 09:00","167.78",""
"09/04/2026 00:00 - 10/04/2026 00:00","CTA|DE(50Hertz)","GTHKW Nossener Bruecke","11WD8DRES5X----D","Fossil Gas","11WD8DRES5X----D","09/04/2026 09:00 - 09/04/2026 10:00","155.65",""
"09/04/2026 00:00 - 10/04/2026 00:00","CTA|DE(50Hertz)","GTHKW Nossener Bruecke","11WD8DRES5X----D","Fossil Gas","11WD8DRES5X----D","09/04/2026 10:00 - 09/04/2026 11:00","36.88",""
"09/04/2026 00:00 - 10/04/2026 00:00","CTA|DE(50Hertz)","GTHKW Nossener Bruecke","11WD8DRES5X----D","Fossil Gas","11WD8DRES5X----D","09/04/2026 11:00 - 09/04/2026 12:00","30.77",""
"09/04/2026 00:00 - 10/04/2026 00:00","CTA|DE(50Hertz)","GTHKW Nossener Bruecke","11WD8DRES5X----D","Fossil Gas","11WD8DRES5X----D","09/04/2026 12:00 - 09/04/2026 13:00","30.80",""
"09/04/2026 00:00 - 10/04/2026 00:00","CTA|DE(50Hertz)","GTHKW Nossener Bruecke","11WD8DRES5X----D","Fossil Gas","11WD8DRES5X----D","09/04/2026 13:00 - 09/04/2026 14:00","30.82",""
"09/04/2026 00:00 - 10/04/2026 00:00","CTA|DE(50Hertz)","GTHKW Nossener Bruecke","11WD8DRES5X----D","Fossil Gas","11WD8DRES5X----D","09/04/2026 14:00 - 09/04/2026 15:00","30.98",""
"09/04/2026 00:00 - 10/04/2026 00:00","CTA|DE(50Hertz)","GTHKW Nossener Bruecke","11WD8DRES5X----D","Fossil Gas","11WD8DRES5X----D","09/04/2026 15:00 - 09/04/2026 16:00","30.98",""
"09/04/2026 00:00 - 10/04/2026 00:00","CTA|DE(50Hertz)","GTHKW Nossener Bruecke","11WD8DRES5X----D","Fossil Gas","11WD8DRES5X----D","09/04/2026 16:00 - 09/04/2026 17:00","31.05",""
"09/04/2026 00:00 - 10/04/2026 00:00","CTA|DE(50Hertz)","GTHKW Nossener Bruecke","11WD8DRES5X----D","Fossil Gas","11WD8DRES5X----D","09/04/2026 17:00 - 09/04/2026 18:00","74.58",""
"09/04/2026 00:00 - 10/04/2026 00:00","CTA|DE(50Hertz)","GTHKW Nossener Bruecke","11WD8DRES5X----D","Fossil Gas","11WD8DRES5X----D","09/04/2026 18:00 - 09/04/2026 19:00","167.50",""
"09/04/2026 00:00 - 10/04/2026 00:00","CTA|DE(50Hertz)","GTHKW Nossener Bruecke","11WD8DRES5X----D","Fossil Gas","11WD8DRES5X----D","09/04/2026 19:00 - 09/04/2026 20:00","168.63",""
"09/04/2026 00:00 - 10/04/2026 00:00","CTA|DE(50Hertz)","GTHKW Nossener Bruecke","11WD8DRES5X----D","Fossil Gas","11WD8DRES5X----D","09/04/2026 20:00 - 09/04/2026 21:00","169.65",""
"09/04/2026 00:00 - 10/04/2026 00:00","CTA|DE(50Hertz)","GTHKW Nossener Bruecke","11WD8DRES5X----D","Fossil Gas","11WD8DRES5X----D","09/04/2026 21:00 - 09/04/2026 22:00","170.43",""
"09/04/2026 00:00 - 10/04/2026 00:00","CTA|DE(50Hertz)","GTHKW Nossener Bruecke","11WD8DRES5X----D","Fossil Gas","11WD8DRES5X----D","09/04/2026 22:00 - 09/04/2026 23:00","171.78",""
"09/04/2026 00:00 - 10/04/2026 00:00","CTA|DE(50Hertz)","GTHKW Nossener Bruecke","11WD8DRES5X----D","Fossil Gas","11WD8DRES5X----D","09/04/2026 23:00 - 10/04/2026 00:00","163.80",""
"09/04/2026 00:00 - 10/04/2026 00:00","CTA|DE(50Hertz)","PSW Goldisthal PSS A","11WD8GOLD1H---AL","Hydro Pumped Storage","11WD8GOLD1H---AL","09/04/2026 00:00 - 09/04/2026 01:00","0.00",""
"09/04/2026 00:00 - 10/04/2026 00:00","CTA|DE(50Hertz)","PSW Goldisthal PSS A","11WD8GOLD1H---AL","Hydro Pumped Storage","11WD8GOLD1H---AL","09/04/2026 01:00 - 09/04/2026 02:00","0.00",""
"09/04/2026 00:00 - 10/04/2026 00:00","CTA|DE(50Hertz)","PSW Goldisthal PSS A","11WD8GOLD1H---AL","Hydro Pumped Storage","11WD8GOLD1H---AL","09/04/2026 02:00 - 09/04/2026 03:00","0.00",""
"09/04/2026 00:00 - 10/04/2026 00:00","CTA|DE(50Hertz)","PSW Goldisthal PSS A","11WD8GOLD1H---AL","Hydro Pumped Storage","11WD8GOLD1H---AL","09/04/2026 03:00 - 09/04/2026 04:00","0.00",""
"09/04/2026 00:00 - 10/04/2026 00:00","CTA|DE(50Hertz)","PSW Goldisthal PSS A","11WD8GOLD1H---AL","Hydro Pumped Storage","11WD8GOLD1H---AL","09/04/2026 04:00 - 09/04/2026 05:00","0.00",""
"09/04/2026 00:00 - 10/04/2026 00:00","CTA|DE(50Hertz)","PSW Goldisthal PSS A","11WD8GOLD1H---AL","Hydro Pumped Storage","11WD8GOLD1H---AL","09/04/2026 05:00 - 09/04/2026 06:00","0.00",""
"09/04/2026 00:00 - 10/04/2026 00:00","CTA|DE(50Hertz)","PSW Goldisthal PSS A","11WD8GOLD1H---AL","Hydro Pumped Storage","11WD8GOLD1H---AL","09/04/2026 06:00 - 09/04/2026 07:00","0.00",""
"09/04/2026 00:00 - 10/04/2026 00:00","CTA|DE(50Hertz)","PSW Goldisthal PSS A","11WD8GOLD1H---AL","Hydro Pumped Storage","11WD8GOLD1H---AL","09/04/2026 07:00 - 09/04/2026 08:00","0.00",""
"09/04/2026 00:00 - 10/04/2026 00:00","CTA|DE(50Hertz)","PSW Goldisthal PSS A","11WD8GOLD1H---AL","Hydro Pumped Storage","11WD8GOLD1H---AL","09/04/2026 08:00 - 09/04/2026 09:00","0.00",""
"09/04/2026 00:00 - 10/04/2026 00:00","CTA|DE(50Hertz)","PSW Goldisthal PSS A","11WD8GOLD1H---AL","Hydro Pumped Storage","11WD8GOLD1H---AL","09/04/2026 09:00 - 09/04/2026 10:00","0.00",""
"09/04/2026 00:00 - 10/04/2026 00:00","CTA|DE(50Hertz)","PSW Goldisthal PSS A","11WD8GOLD1H---AL","Hydro Pumped Storage","11WD8GOLD1H---AL","09/04/2026 10:00 - 09/04/2026 11:00","0.00",""
"09/04/2026 00:00 - 10/04/2026 00:00","CTA|DE(50Hertz)","PSW Goldisthal PSS A","11WD8GOLD1H---AL","Hydro Pumped Storage","11WD8GOLD1H---AL","09/04/2026 11:00 - 09/04/2026 12:00","0.00",""
"09/04/2026 00:00 - 10/04/2026 00:00","CTA|DE(50Hertz)","PSW Goldisthal PSS A","11WD8GOLD1H---AL","Hydro Pumped Storage","11WD8GOLD1H---AL","09/04/2026 12:00 - 09/04/2026 13:00","0.00",""
"09/04/2026 00:00 - 10/04/2026 00:00","CTA|DE(50Hertz)","PSW Goldisthal PSS A","11WD8GOLD1H---AL","Hydro Pumped Storage","11WD8GOLD1H---AL","09/04/2026 13:00 - 09/04/2026 14:00","0.00",""
"09/04/2026 00:00 - 10/04/2026 00:00","CTA|DE(50Hertz)","PSW Goldisthal PSS A","11WD8GOLD1H---AL","Hydro Pumped Storage","11WD8GOLD1H---AL","09/04/2026 14:00 - 09/04/2026 15:00","0.00",""
"09/04/2026 00:00 - 10/04/2026 00:00","CTA|DE(50Hertz)","PSW Goldisthal PSS A","11WD8GOLD1H---AL","Hydro Pumped Storage","11WD8GOLD1H---AL","09/04/2026 15:00 - 09/04/2026 16:00","0.00",""
"09/04/2026 00:00 - 10/04/2026 00:00","CTA|DE(50Hertz)","PSW Goldisthal PSS A","11WD8GOLD1H---AL","Hydro Pumped Storage","11WD8GOLD1H---AL","09/04/2026 16:00 - 09/04/2026 17:00","0.00",""
"09/04/2026 00:00 - 10/04/2026 00:00","CTA|DE(50Hertz)","PSW Goldisthal PSS A","11WD8GOLD1H---AL","Hydro Pumped Storage","11WD8GOLD1H---AL","09/04/2026 17:00 - 09/04/2026 18:00","0.00",""
"09/04/2026 00:00 - 10/04/2026 00:00","CTA|DE(50Hertz)","PSW Goldisthal PSS A","11WD8GOLD1H---AL","Hydro Pumped Storage","11WD8GOLD1H---AL","09/04/2026 18:00 - 09/04/2026 19:00","0.00",""
"09/04/2026 00:00 - 10/04/2026 00:00","CTA|DE(50Hertz)","PSW Goldisthal PSS A","11WD8GOLD1H---AL","Hydro Pumped Storage","11WD8GOLD1H---AL","09/04/2026 19:00 - 09/04/2026 20:00","0.00",""
"09/04/2026 00:00 - 10/04/2026 00:00","CTA|DE(50Hertz)","PSW Goldisthal PSS A","11WD8GOLD1H---AL","Hydro Pumped Storage","11WD8GOLD1H---AL","09/04/2026 20:00 - 09/04/2026 21:00","0.00",""
"09/04/2026 00:00 - 10/04/2026 00:00","CTA|DE(50Hertz)","PSW Goldisthal PSS A","11WD8GOLD1H---AL","Hydro Pumped Storage","11WD8GOLD1H---AL","09/04/2026 21:00 - 09/04/2026 22:00","0.00",""
"09/04/2026 00:00 - 10/04/2026 00:00","CTA|DE(50Hertz)","PSW Goldisthal PSS A","11WD8GOLD1H---AL","Hydro Pumped Storage","11WD8GOLD1H---AL","09/04/2026 22:00 - 09/04/2026 23:00","0.00",""
"09/04/2026 00:00 - 10/04/2026 00:00","CTA|DE(50Hertz)","PSW Goldisthal PSS A","11WD8GOLD1H---AL","Hydro Pumped Storage","11WD8GOLD1H---AL","09/04/2026 23:00 - 10/04/2026 00:00","0.00",""
"09/04/2026 00:00 - 10/04/2026 00:00","CTA|DE(50Hertz)","PSW Goldisthal PSS B","11WD8GOLD1H---BJ","Hydro Pumped Storage","11WD8GOLD1H---BJ","09/04/2026 00:00 - 09/04/2026 01:00","0.00",""
"09/04/2026 00:00 - 10/04/2026 00:00","CTA|DE(50Hertz)","PSW Goldisthal PSS B","11WD8GOLD1H---BJ","Hydro Pumped Storage","11WD8GOLD1H---BJ","09/04/2026 01:00 - 09/04/2026 02:00","0.00",""
"09/04/2026 00:00 - 10/04/2026 00:00","CTA|DE(50Hertz)","PSW Goldisthal PSS B","11WD8GOLD1H---BJ","Hydro Pumped Storage","11WD8GOLD1H---BJ","09/04/2026 02:00 - 09/04/2026 03:00","0.00",""
"09/04/2026 00:00 - 10/04/2026 00:00","CTA|DE(50Hertz)","PSW Goldisthal PSS B","11WD8GOLD1H---BJ","Hydro Pumped Storage","11WD8GOLD1H---BJ","09/04/2026 03:00 - 09/04/2026 04:00","0.00",""
"09/04/2026 00:00 - 10/04/2026 00:00","CTA|DE(50Hertz)","PSW Goldisthal PSS B","11WD8GOLD1H---BJ","Hydro Pumped Storage","11WD8GOLD1H---BJ","09/04/2026 04:00 - 09/04/2026 05:00","0.00",""
"09/04/2026 00:00 - 10/04/2026 00:00","CTA|DE(50Hertz)","PSW Goldisthal PSS B","11WD8GOLD1H---BJ","Hydro Pumped Storage","11WD8GOLD1H---BJ","09/04/2026 05:00 - 09/04/2026 06:00","0.00",""
"09/04/2026 00:00 - 10/04/2026 00:00","CTA|DE(50Hertz)","PSW Goldisthal PSS B","11WD8GOLD1H---BJ","Hydro Pumped Storage","11WD8GOLD1H---BJ","09/04/2026 06:00 - 09/04/2026 07:00","0.00",""
"09/04/2026 00:00 - 10/04/2026 00:00","CTA|DE(50Hertz)","PSW Goldisthal PSS B","11WD8GOLD1H---BJ","Hydro Pumped Storage","11WD8GOLD1H---BJ","09/04/2026 07:00 - 09/04/2026 08:00","0.00",""
"09/04/2026 00:00 - 10/04/2026 00:00","CTA|DE(50Hertz)","PSW Goldisthal PSS B","11WD8GOLD1H---BJ","Hydro Pumped Storage","11WD8GOLD1H---BJ","09/04/2026 08:00 - 09/04/2026 09:00","0.00",""
"09/04/2026 00:00 - 10/04/2026 00:00","CTA|DE(50Hertz)","PSW Goldisthal PSS B","11WD8GOLD1H---BJ","Hydro Pumped Storage","11WD8GOLD1H---BJ","09/04/2026 09:00 - 09/04/2026 10:00","0.00",""
"09/04/2026 00:00 - 10/04/2026 00:00","CTA|DE(50Hertz)","PSW Goldisthal PSS B","11WD8GOLD1H---BJ","Hydro Pumped Storage","11WD8GOLD1H---BJ","09/04/2026 10:00 - 09/04/2026 11:00","0.00",""
"09/04/2026 00:00 - 10/04/2026 00:00","CTA|DE(50Hertz)","PSW Goldisthal PSS B","11WD8GOLD1H---BJ","Hydro Pumped Storage","11WD8GOLD1H---BJ","09/04/2026 11:00 - 09/04/2026 12:00","0.00",""
"09/04/2026 00:00 - 10/04/2026 00:00","CTA|DE(50Hertz)","PSW Goldisthal PSS B","11WD8GOLD1H---BJ","Hydro Pumped Storage","11WD8GOLD1H---BJ","09/04/2026 12:00 - 09/04/2026 13:00","0.00",""
"09/04/2026 00:00 - 10/04/2026 00:00","CTA|DE(50Hertz)","PSW Goldisthal PSS B","11WD8GOLD1H---BJ","Hydro Pumped Storage","11WD8GOLD1H---BJ","09/04/2026 13:00 - 09/04/2026 14:00","0.00",""
"09/04/2026 00:00 - 10/04/2026 00:00","CTA|DE(50Hertz)","PSW Goldisthal PSS B","11WD8GOLD1H---BJ","Hydro Pumped Storage","11WD8GOLD1H---BJ","09/04/2026 14:00 - 09/04/2026 15:00","0.00",""
"09/04/2026 00:00 - 10/04/2026 00:00","CTA|DE(50Hertz)","PSW Goldisthal PSS B","11WD8GOLD1H---BJ","Hydro Pumped Storage","11WD8GOLD1H---BJ","09/04/2026 15:00 - 09/04/2026 16:00","0.00",""
"09/04/2026 00:00 - 10/04/2026 00:00","CTA|DE(50Hertz)","PSW Goldisthal PSS B","11WD8GOLD1H---BJ","Hydro Pumped Storage","11WD8GOLD1H---BJ","09/04/2026 16:00 - 09/04/2026 17:00","0.00",""
"09/04/2026 00:00 - 10/04/2026 00:00","CTA|DE(50Hertz)","PSW Goldisthal PSS B","11WD8GOLD1H---BJ","Hydro Pumped Storage","11WD8GOLD1H---BJ","09/04/2026 17:00 - 09/04/2026 18:00","0.00",""
"09/04/2026 00:00 - 10/04/2026 00:00","CTA|DE(50Hertz)","PSW Goldisthal PSS B","11WD8GOLD1H---BJ","Hydro Pumped Storage","11WD8GOLD1H---BJ","09/04/2026 18:00 - 09/04/2026 19:00","0.00",""
"09/04/2026 00:00 - 10/04/2026 00:00","CTA|DE(50Hertz)","PSW Goldisthal PSS B","11WD8GOLD1H---BJ","Hydro Pumped Storage","11WD8GOLD1H---BJ","09/04/2026 19:00 - 09/04/2026 20:00","0.00",""
"09/04/2026 00:00 - 10/04/2026 00:00","CTA|DE(50Hertz)","PSW Goldisthal PSS B","11WD8GOLD1H---BJ","Hydro Pumped Storage","11WD8GOLD1H---BJ","09/04/2026 20:00 - 09/04/2026 21:00","0.00",""
"09/04/2026 00:00 - 10/04/2026 00:00","CTA|DE(50Hertz)","PSW Goldisthal PSS B","11WD8GOLD1H---BJ","Hydro Pumped Storage","11WD8GOLD1H---BJ","09/04/2026 21:00 - 09/04/2026 22:00","0.00",""
"09/04/2026 00:00 - 10/04/2026 00:00","CTA|DE(50Hertz)","PSW Goldisthal PSS B","11WD8GOLD1H---BJ","Hydro Pumped Storage","11WD8GOLD1H---BJ","09/04/2026 22:00 - 09/04/2026 23:00","0.00",""
"09/04/2026 00:00 - 10/04/2026 00:00","CTA|DE(50Hertz)","PSW Goldisthal PSS B","11WD8GOLD1H---BJ","Hydro Pumped Storage","11WD8GOLD1H---BJ","09/04/2026 23:00 - 10/04/2026 00:00","0.00",""
"09/04/2026 00:00 - 10/04/2026 00:00","CTA|DE(50Hertz)","PSW Goldisthal PSS C","11WD8GOLD1H---CH","Hydro Pumped Storage","11WD8GOLD1H---CH","09/04/2026 00:00 - 09/04/2026 01:00","0.00",""
"09/04/2026 00:00 - 10/04/2026 00:00","CTA|DE(50Hertz)","PSW Goldisthal PSS C","11WD8GOLD1H---CH","Hydro Pumped Storage","11WD8GOLD1H---CH","09/04/2026 01:00 - 09/04/2026 02:00","0.00",""
"09/04/2026 00:00 - 10/04/2026 00:00","CTA|DE(50Hertz)","PSW Goldisthal PSS C","11WD8GOLD1H---CH","Hydro Pumped Storage","11WD8GOLD1H---CH","09/04/2026 02:00 - 09/04/2026 03:00","0.00",""
"09/04/2026 00:00 - 10/04/2026 00:00","CTA|DE(50Hertz)","PSW Goldisthal PSS C","11WD8GOLD1H---CH","Hydro Pumped Storage","11WD8GOLD1H---CH","09/04/2026 03:00 - 09/04/2026 04:00","0.00",""
"09/04/2026 00:00 - 10/04/2026 00:00","CTA|DE(50Hertz)","PSW Goldisthal PSS C","11WD8GOLD1H---CH","Hydro Pumped Storage","11WD8GOLD1H---CH","09/04/2026 04:00 - 09/04/2026 05:00","0.00",""
"09/04/2026 00:00 - 10/04/2026 00:00","CTA|DE(50Hertz)","PSW Goldisthal PSS C","11WD8GOLD1H---CH","Hydro Pumped Storage","11WD8GOLD1H---CH","09/04/2026 05:00 - 09/04/2026 06:00","103.75",""
"09/04/2026 00:00 - 10/04/2026 00:00","CTA|DE(50Hertz)","PSW Goldisthal PSS C","11WD8GOLD1H---CH","Hydro Pumped Storage","11WD8GOLD1H---CH","09/04/2026 06:00 - 09/04/2026 07:00","263.75",""
"09/04/2026 00:00 - 10/04/2026 00:00","CTA|DE(50Hertz)","PSW Goldisthal PSS C","11WD8GOLD1H---CH","Hydro Pumped Storage","11WD8GOLD1H---CH","09/04/2026 07:00 - 09/04/2026 08:00","262.50",""
"09/04/2026 00:00 - 10/04/2026 00:00","CTA|DE(50Hertz)","PSW Goldisthal PSS C","11WD8GOLD1H---CH","Hydro Pumped Storage","11WD8GOLD1H---CH","09/04/2026 08:00 - 09/04/2026 09:00","254.00",""
"09/04/2026 00:00 - 10/04/2026 00:00","CTA|DE(50Hertz)","PSW Goldisthal PSS C","11WD8GOLD1H---CH","Hydro Pumped Storage","11WD8GOLD1H---CH","09/04/2026 09:00 - 09/04/2026 10:00","62.50",""
"09/04/2026 00:00 - 10/04/2026 00:00","CTA|DE(50Hertz)","PSW Goldisthal PSS C","11WD8GOLD1H---CH","Hydro Pumped Storage","11WD8GOLD1H---CH","09/04/2026 10:00 - 09/04/2026 11:00","0.00",""
"09/04/2026 00:00 - 10/04/2026 00:00","CTA|DE(50Hertz)","PSW Goldisthal PSS C","11WD8GOLD1H---CH","Hydro Pumped Storage","11WD8GOLD1H---CH","09/04/2026 11:00 - 09/04/2026 12:00","0.00",""
"09/04/2026 00:00 - 10/04/2026 00:00","CTA|DE(50Hertz)","PSW Goldisthal PSS C","11WD8GOLD1H---CH","Hydro Pumped Storage","11WD8GOLD1H---CH","09/04/2026 12:00 - 09/04/2026 13:00","0.00",""
"09/04/2026 00:00 - 10/04/2026 00:00","CTA|DE(50Hertz)","PSW Goldisthal PSS C","11WD8GOLD1H---CH","Hydro Pumped Storage","11WD8GOLD1H---CH","09/04/2026 13:00 - 09/04/2026 14:00","0.00",""
"09/04/2026 00:00 - 10/04/2026 00:00","CTA|DE(50Hertz)","PSW Goldisthal PSS C","11WD8GOLD1H---CH","Hydro Pumped Storage","11WD8GOLD1H---CH","09/04/2026 14:00 - 09/04/2026 15:00","0.00",""
"09/04/2026 00:00 - 10/04/2026 00:00","CTA|DE(50Hertz)","PSW Goldisthal PSS C","11WD8GOLD1H---CH","Hydro Pumped Storage","11WD8GOLD1H---CH","09/04/2026 15:00 - 09/04/2026 16:00","0.00",""
"09/04/2026 00:00 - 10/04/2026 00:00","CTA|DE(50Hertz)","PSW Goldisthal PSS C","11WD8GOLD1H---CH","Hydro Pumped Storage","11WD8GOLD1H---CH","09/04/2026 16:00 - 09/04/2026 17:00","0.00",""
"09/04/2026 00:00 - 10/04/2026 00:00","CTA|DE(50Hertz)","PSW Goldisthal PSS C","11WD8GOLD1H---CH","Hydro Pumped Storage","11WD8GOLD1H---CH","09/04/2026 17:00 - 09/04/2026 18:00","0.00",""
"09/04/2026 00:00 - 10/04/2026 00:00","CTA|DE(50Hertz)","PSW Goldisthal PSS C","11WD8GOLD1H---CH","Hydro Pumped Storage","11WD8GOLD1H---CH","09/04/2026 18:00 - 09/04/2026 19:00","103.50",""
"09/04/2026 00:00 - 10/04/2026 00:00","CTA|DE(50Hertz)","PSW Goldisthal PSS C","11WD8GOLD1H---CH","Hydro Pumped Storage","11WD8GOLD1H---CH","09/04/2026 19:00 - 09/04/2026 20:00","267.25",""
"09/04/2026 00:00 - 10/04/2026 00:00","CTA|DE(50Hertz)","PSW Goldisthal PSS C","11WD8GOLD1H---CH","Hydro Pumped Storage","11WD8GOLD1H---CH","09/04/2026 20:00 - 09/04/2026 21:00","169.00",""
"09/04/2026 00:00 - 10/04/2026 00:00","CTA|DE(50Hertz)","PSW Goldisthal PSS C","11WD8GOLD1H---CH","Hydro Pumped Storage","11WD8GOLD1H---CH","09/04/2026 21:00 - 09/04/2026 22:00","0.00",""
"09/04/2026 00:00 - 10/04/2026 00:00","CTA|DE(50Hertz)","PSW Goldisthal PSS C","11WD8GOLD1H---CH","Hydro Pumped Storage","11WD8GOLD1H---CH","09/04/2026 22:00 - 09/04/2026 23:00","0.00",""
"09/04/2026 00:00 - 10/04/2026 00:00","CTA|DE(50Hertz)","PSW Goldisthal PSS C","11WD8GOLD1H---CH","Hydro Pumped Storage","11WD8GOLD1H---CH","09/04/2026 23:00 - 10/04/2026 00:00","0.00",""
"09/04/2026 00:00 - 10/04/2026 00:00","CTA|DE(50Hertz)","PSW Goldisthal PSS D","11WD8GOLD1H---DF","Hydro Pumped Storage","11WD8GOLD1H---DF","09/04/2026 00:00 - 09/04/2026 01:00","0.00",""
"09/04/2026 00:00 - 10/04/2026 00:00","CTA|DE(50Hertz)","PSW Goldisthal PSS D","11WD8GOLD1H---DF","Hydro Pumped Storage","11WD8GOLD1H---DF","09/04/2026 01:00 - 09/04/2026 02:00","0.00",""
"09/04/2026 00:00 - 10/04/2026 00:00","CTA|DE(50Hertz)","PSW Goldisthal PSS D","11WD8GOLD1H---DF","Hydro Pumped Storage","11WD8GOLD1H---DF","09/04/2026 02:00 - 09/04/2026 03:00","0.00",""
"09/04/2026 00:00 - 10/04/2026 00:00","CTA|DE(50Hertz)","PSW Goldisthal PSS D","11WD8GOLD1H---DF","Hydro Pumped Storage","11WD8GOLD1H---DF","09/04/2026 03:00 - 09/04/2026 04:00","0.00",""
"09/04/2026 00:00 - 10/04/2026 00:00","CTA|DE(50Hertz)","PSW Goldisthal PSS D","11WD8GOLD1H---DF","Hydro Pumped Storage","11WD8GOLD1H---DF","09/04/2026 04:00 - 09/04/2026 05:00","0.00",""
"09/04/2026 00:00 - 10/04/2026 00:00","CTA|DE(50Hertz)","PSW Goldisthal PSS D","11WD8GOLD1H---DF","Hydro Pumped Storage","11WD8GOLD1H---DF","09/04/2026 05:00 - 09/04/2026 06:00","0.00",""
"09/04/2026 00:00 - 10/04/2026 00:00","CTA|DE(50Hertz)","PSW Goldisthal PSS D","11WD8GOLD1H---DF","Hydro Pumped Storage","11WD8GOLD1H---DF","09/04/2026 06:00 - 09/04/2026 07:00","0.00",""
"09/04/2026 00:00 - 10/04/2026 00:00","CTA|DE(50Hertz)","PSW Goldisthal PSS D","11WD8GOLD1H---DF","Hydro Pumped Storage","11WD8GOLD1H---DF","09/04/2026 07:00 - 09/04/2026 08:00","0.00",""
"09/04/2026 00:00 - 10/04/2026 00:00","CTA|DE(50Hertz)","PSW Goldisthal PSS D","11WD8GOLD1H---DF","Hydro Pumped Storage","11WD8GOLD1H---DF","09/04/2026 08:00 - 09/04/2026 09:00","0.00",""
"09/04/2026 00:00 - 10/04/2026 00:00","CTA|DE(50Hertz)","PSW Goldisthal PSS D","11WD8GOLD1H---DF","Hydro Pumped Storage","11WD8GOLD1H---DF","09/04/2026 09:00 - 09/04/2026 10:00","0.00",""
"09/04/2026 00:00 - 10/04/2026 00:00","CTA|DE(50Hertz)","PSW Goldisthal PSS D","11WD8GOLD1H---DF","Hydro Pumped Storage","11WD8GOLD1H---DF","09/04/2026 10:00 - 09/04/2026 11:00","0.50",""
"09/04/2026 00:00 - 10/04/2026 00:00","CTA|DE(50Hertz)","PSW Goldisthal PSS D","11WD8GOLD1H---DF","Hydro Pumped Storage","11WD8GOLD1H---DF","09/04/2026 11:00 - 09/04/2026 12:00","0.00",""
"09/04/2026 00:00 - 10/04/2026 00:00","CTA|DE(50Hertz)","PSW Goldisthal PSS D","11WD8GOLD1H---DF","Hydro Pumped Storage","11WD8GOLD1H---DF","09/04/2026 12:00 - 09/04/2026 13:00","0.00",""
"09/04/2026 00:00 - 10/04/2026 00:00","CTA|DE(50Hertz)","PSW Goldisthal PSS D","11WD8GOLD1H---DF","Hydro Pumped Storage","11WD8GOLD1H---DF","09/04/2026 13:00 - 09/04/2026 14:00","0.00",""
"09/04/2026 00:00 - 10/04/2026 00:00","CTA|DE(50Hertz)","PSW Goldisthal PSS D","11WD8GOLD1H---DF","Hydro Pumped Storage","11WD8GOLD1H---DF","09/04/2026 14:00 - 09/04/2026 15:00","0.00",""
"09/04/2026 00:00 - 10/04/2026 00:00","CTA|DE(50Hertz)","PSW Goldisthal PSS D","11WD8GOLD1H---DF","Hydro Pumped Storage","11WD8GOLD1H---DF","09/04/2026 15:00 - 09/04/2026 16:00","0.00",""
"09/04/2026 00:00 - 10/04/2026 00:00","CTA|DE(50Hertz)","PSW Goldisthal PSS D","11WD8GOLD1H---DF","Hydro Pumped Storage","11WD8GOLD1H---DF","09/04/2026 16:00 - 09/04/2026 17:00","0.00",""
"09/04/2026 00:00 - 10/04/2026 00:00","CTA|DE(50Hertz)","PSW Goldisthal PSS D","11WD8GOLD1H---DF","Hydro Pumped Storage","11WD8GOLD1H---DF","09/04/2026 17:00 - 09/04/2026 18:00","0.00",""
"09/04/2026 00:00 - 10/04/2026 00:00","CTA|DE(50Hertz)","PSW Goldisthal PSS D","11WD8GOLD1H---DF","Hydro Pumped Storage","11WD8GOLD1H---DF","09/04/2026 18:00 - 09/04/2026 19:00","192.50",""
"09/04/2026 00:00 - 10/04/2026 00:00","CTA|DE(50Hertz)","PSW Goldisthal PSS D","11WD8GOLD1H---DF","Hydro Pumped Storage","11WD8GOLD1H---DF","09/04/2026 19:00 - 09/04/2026 20:00","180.25",""
"09/04/2026 00:00 - 10/04/2026 00:00","CTA|DE(50Hertz)","PSW Goldisthal PSS D","11WD8GOLD1H---DF","Hydro Pumped Storage","11WD8GOLD1H---DF","09/04/2026 20:00 - 09/04/2026 21:00","170.75",""
"09/04/2026 00:00 - 10/04/2026 00:00","CTA|DE(50Hertz)","PSW Goldisthal PSS D","11WD8GOLD1H---DF","Hydro Pumped Storage","11WD8GOLD1H---DF","09/04/2026 21:00 - 09/04/2026 22:00","155.25",""
"09/04/2026 00:00 - 10/04/2026 00:00","CTA|DE(50Hertz)","PSW Goldisthal PSS D","11WD8GOLD1H---DF","Hydro Pumped Storage","11WD8GOLD1H---DF","09/04/2026 22:00 - 09/04/2026 23:00","46.50",""
"09/04/2026 00:00 - 10/04/2026 00:00","CTA|DE(50Hertz)","PSW Goldisthal PSS D","11WD8GOLD1H---DF","Hydro Pumped Storage","11WD8GOLD1H---DF","09/04/2026 23:00 - 10/04/2026 00:00","0.00",""
"09/04/2026 00:00 - 10/04/2026 00:00","CTA|DE(50Hertz)","KW Jänschwalde Block B","11WD8JAEN1L---BB","Fossil Brown coal/Lignite","11WD8JAEN1L---BB","09/04/2026 00:00 - 09/04/2026 01:00","460.00",""
"09/04/2026 00:00 - 10/04/2026 00:00","CTA|DE(50Hertz)","KW Jänschwalde Block B","11WD8JAEN1L---BB","Fossil Brown coal/Lignite","11WD8JAEN1L---BB","09/04/2026 01:00 - 09/04/2026 02:00","460.00",""
"09/04/2026 00:00 - 10/04/2026 00:00","CTA|DE(50Hertz)","KW Jänschwalde Block B","11WD8JAEN1L---BB","Fossil Brown coal/Lignite","11WD8JAEN1L---BB","09/04/2026 02:00 - 09/04/2026 03:00","459.50",""
"09/04/2026 00:00 - 10/04/2026 00:00","CTA|DE(50Hertz)","KW Jänschwalde Block B","11WD8JAEN1L---BB","Fossil Brown coal/Lignite","11WD8JAEN1L---BB","09/04/2026 03:00 - 09/04/2026 04:00","460.25",""
"09/04/2026 00:00 - 10/04/2026 00:00","CTA|DE(50Hertz)","KW Jänschwalde Block B","11WD8JAEN1L---BB","Fossil Brown coal/Lignite","11WD8JAEN1L---BB","09/04/2026 04:00 - 09/04/2026 05:00","455.50",""
"09/04/2026 00:00 - 10/04/2026 00:00","CTA|DE(50Hertz)","KW Jänschwalde Block B","11WD8JAEN1L---BB","Fossil Brown coal/Lignite","11WD8JAEN1L---BB","09/04/2026 05:00 - 09/04/2026 06:00","463.50",""
"09/04/2026 00:00 - 10/04/2026 00:00","CTA|DE(50Hertz)","KW Jänschwalde Block B","11WD8JAEN1L---BB","Fossil Brown coal/Lignite","11WD8JAEN1L---BB","09/04/2026 06:00 - 09/04/2026 07:00","456.00",""
"09/04/2026 00:00 - 10/04/2026 00:00","CTA|DE(50Hertz)","KW Jänschwalde Block B","11WD8JAEN1L---BB","Fossil Brown coal/Lignite","11WD8JAEN1L---BB","09/04/2026 07:00 - 09/04/2026 08:00","463.75",""
"09/04/2026 00:00 - 10/04/2026 00:00","CTA|DE(50Hertz)","KW Jänschwalde Block B","11WD8JAEN1L---BB","Fossil Brown coal/Lignite","11WD8JAEN1L---BB","09/04/2026 08:00 - 09/04/2026 09:00","460.25",""
"09/04/2026 00:00 - 10/04/2026 00:00","CTA|DE(50Hertz)","KW Jänschwalde Block B","11WD8JAEN1L---BB","Fossil Brown coal/Lignite","11WD8JAEN1L---BB","09/04/2026 09:00 - 09/04/2026 10:00","455.00",""
"09/04/2026 00:00 - 10/04/2026 00:00","CTA|DE(50Hertz)","KW Jänschwalde Block B","11WD8JAEN1L---BB","Fossil Brown coal/Lignite","11WD8JAEN1L---BB","09/04/2026 10:00 - 09/04/2026 11:00","319.50",""
"09/04/2026 00:00 - 10/04/2026 00:00","CTA|DE(50Hertz)","KW Jänschwalde Block B","11WD8JAEN1L---BB","Fossil Brown coal/Lignite","11WD8JAEN1L---BB","09/04/2026 11:00 - 09/04/2026 12:00","256.50",""
"09/04/2026 00:00 - 10/04/2026 00:00","CTA|DE(50Hertz)","KW Jänschwalde Block B","11WD8JAEN1L---BB","Fossil Brown coal/Lignite","11WD8JAEN1L---BB","09/04/2026 12:00 - 09/04/2026 13:00","206.50",""
"09/04/2026 00:00 - 10/04/2026 00:00","CTA|DE(50Hertz)","KW Jänschwalde Block B","11WD8JAEN1L---BB","Fossil Brown coal/Lignite","11WD8JAEN1L---BB","09/04/2026 13:00 - 09/04/2026 14:00","203.25",""
"09/04/2026 00:00 - 10/04/2026 00:00","CTA|DE(50Hertz)","KW Jänschwalde Block B","11WD8JAEN1L---BB","Fossil Brown coal/Lignite","11WD8JAEN1L---BB","09/04/2026 14:00 - 09/04/2026 15:00","204.50",""
"09/04/2026 00:00 - 10/04/2026 00:00","CTA|DE(50Hertz)","KW Jänschwalde Block B","11WD8JAEN1L---BB","Fossil Brown coal/Lignite","11WD8JAEN1L---BB","09/04/2026 15:00 - 09/04/2026 16:00","203.50",""
"09/04/2026 00:00 - 10/04/2026 00:00","CTA|DE(50Hertz)","KW Jänschwalde Block B","11WD8JAEN1L---BB","Fossil Brown coal/Lignite","11WD8JAEN1L---BB","09/04/2026 16:00 - 09/04/2026 17:00","268.50",""
"09/04/2026 00:00 - 10/04/2026 00:00","CTA|DE(50Hertz)","KW Jänschwalde Block B","11WD8JAEN1L---BB","Fossil Brown coal/Lignite","11WD8JAEN1L---BB","09/04/2026 17:00 - 09/04/2026 18:00","319.00",""
"09/04/2026 00:00 - 10/04/2026 00:00","CTA|DE(50Hertz)","KW Jänschwalde Block B","11WD8JAEN1L---BB","Fossil Brown coal/Lignite","11WD8JAEN1L---BB","09/04/2026 18:00 - 09/04/2026 19:00","360.00",""
"09/04/2026 00:00 - 10/04/2026 00:00","CTA|DE(50Hertz)","KW Jänschwalde Block B","11WD8JAEN1L---BB","Fossil Brown coal/Lignite","11WD8JAEN1L---BB","09/04/2026 19:00 - 09/04/2026 20:00","374.25",""
"09/04/2026 00:00 - 10/04/2026 00:00","CTA|DE(50Hertz)","KW Jänschwalde Block B","11WD8JAEN1L---BB","Fossil Brown coal/Lignite","11WD8JAEN1L---BB","09/04/2026 20:00 - 09/04/2026 21:00","452.25",""
"09/04/2026 00:00 - 10/04/2026 00:00","CTA|DE(50Hertz)","KW Jänschwalde Block B","11WD8JAEN1L---BB","Fossil Brown coal/Lignite","11WD8JAEN1L---BB","09/04/2026 21:00 - 09/04/2026 22:00","347.75",""
"09/04/2026 00:00 - 10/04/2026 00:00","CTA|DE(50Hertz)","KW Jänschwalde Block B","11WD8JAEN1L---BB","Fossil Brown coal/Lignite","11WD8JAEN1L---BB","09/04/2026 22:00 - 09/04/2026 23:00","332.50",""
"09/04/2026 00:00 - 10/04/2026 00:00","CTA|DE(50Hertz)","KW Jänschwalde Block B","11WD8JAEN1L---BB","Fossil Brown coal/Lignite","11WD8JAEN1L---BB","09/04/2026 23:00 - 10/04/2026 00:00","338.50",""
"09/04/2026 00:00 - 10/04/2026 00:00","CTA|DE(50Hertz)","KW Jänschwalde Block C","11WD8JAEN1L---C9","Fossil Brown coal/Lignite","11WD8JAEN1L---C9","09/04/2026 00:00 - 09/04/2026 01:00","220.75",""
"09/04/2026 00:00 - 10/04/2026 00:00","CTA|DE(50Hertz)","KW Jänschwalde Block C","11WD8JAEN1L---C9","Fossil Brown coal/Lignite","11WD8JAEN1L---C9","09/04/2026 01:00 - 09/04/2026 02:00","222.25",""
"09/04/2026 00:00 - 10/04/2026 00:00","CTA|DE(50Hertz)","KW Jänschwalde Block C","11WD8JAEN1L---C9","Fossil Brown coal/Lignite","11WD8JAEN1L---C9","09/04/2026 02:00 - 09/04/2026 03:00","220.75",""
"09/04/2026 00:00 - 10/04/2026 00:00","CTA|DE(50Hertz)","KW Jänschwalde Block C","11WD8JAEN1L---C9","Fossil Brown coal/Lignite","11WD8JAEN1L---C9","09/04/2026 03:00 - 09/04/2026 04:00","220.75",""
"09/04/2026 00:00 - 10/04/2026 00:00","CTA|DE(50Hertz)","KW Jänschwalde Block C","11WD8JAEN1L---C9","Fossil Brown coal/Lignite","11WD8JAEN1L---C9","09/04/2026 04:00 - 09/04/2026 05:00","221.75",""
"09/04/2026 00:00 - 10/04/2026 00:00","CTA|DE(50Hertz)","KW Jänschwalde Block C","11WD8JAEN1L---C9","Fossil Brown coal/Lignite","11WD8JAEN1L---C9","09/04/2026 05:00 - 09/04/2026 06:00","232.00",""
"09/04/2026 00:00 - 10/04/2026 00:00","CTA|DE(50Hertz)","KW Jänschwalde Block C","11WD8JAEN1L---C9","Fossil Brown coal/Lignite","11WD8JAEN1L---C9","09/04/2026 06:00 - 09/04/2026 07:00","230.00",""
"09/04/2026 00:00 - 10/04/2026 00:00","CTA|DE(50Hertz)","KW Jänschwalde Block C","11WD8JAEN1L---C9","Fossil Brown coal/Lignite","11WD8JAEN1L---C9","09/04/2026 07:00 - 09/04/2026 08:00","227.50",""
"09/04/2026 00:00 - 10/04/2026 00:00","CTA|DE(50Hertz)","KW Jänschwalde Block C","11WD8JAEN1L---C9","Fossil Brown coal/Lignite","11WD8JAEN1L---C9","09/04/2026 08:00 - 09/04/2026 09:00","223.50",""
"09/04/2026 00:00 - 10/04/2026 00:00","CTA|DE(50Hertz)","KW Jänschwalde Block C","11WD8JAEN1L---C9","Fossil Brown coal/Lignite","11WD8JAEN1L---C9","09/04/2026 09:00 - 09/04/2026 10:00","219.75",""
"09/04/2026 00:00 - 10/04/2026 00:00","CTA|DE(50Hertz)","KW Jänschwalde Block C","11WD8JAEN1L---C9","Fossil Brown coal/Lignite","11WD8JAEN1L---C9","09/04/2026 10:00 - 09/04/2026 11:00","156.25",""
"09/04/2026 00:00 - 10/04/2026 00:00","CTA|DE(50Hertz)","KW Jänschwalde Block C","11WD8JAEN1L---C9","Fossil Brown coal/Lignite","11WD8JAEN1L---C9","09/04/2026 11:00 - 09/04/2026 12:00","159.00",""
"09/04/2026 00:00 - 10/04/2026 00:00","CTA|DE(50Hertz)","KW Jänschwalde Block C","11WD8JAEN1L---C9","Fossil Brown coal/Lignite","11WD8JAEN1L---C9","09/04/2026 12:00 - 09/04/2026 13:00","171.25",""
"09/04/2026 00:00 - 10/04/2026 00:00","CTA|DE(50Hertz)","KW Jänschwalde Block C","11WD8JAEN1L---C9","Fossil Brown coal/Lignite","11WD8JAEN1L---C9","09/04/2026 13:00 - 09/04/2026 14:00","170.75",""
"09/04/2026 00:00 - 10/04/2026 00:00","CTA|DE(50Hertz)","KW Jänschwalde Block C","11WD8JAEN1L---C9","Fossil Brown coal/Lignite","11WD8JAEN1L---C9","09/04/2026 14:00 - 09/04/2026 15:00","172.00",""
"09/04/2026 00:00 - 10/04/2026 00:00","CTA|DE(50Hertz)","KW Jänschwalde Block C","11WD8JAEN1L---C9","Fossil Brown coal/Lignite","11WD8JAEN1L---C9","09/04/2026 15:00 - 09/04/2026 16:00","170.25",""
"09/04/2026 00:00 - 10/04/2026 00:00","CTA|DE(50Hertz)","KW Jänschwalde Block C","11WD8JAEN1L---C9","Fossil Brown coal/Lignite","11WD8JAEN1L---C9","09/04/2026 16:00 - 09/04/2026 17:00","164.50",""
"09/04/2026 00:00 - 10/04/2026 00:00","CTA|DE(50Hertz)","KW Jänschwalde Block C","11WD8JAEN1L---C9","Fossil Brown coal/Lignite","11WD8JAEN1L---C9","09/04/2026 17:00 - 09/04/2026 18:00","164.50",""
"09/04/2026 00:00 - 10/04/2026 00:00","CTA|DE(50Hertz)","KW Jänschwalde Block C","11WD8JAEN1L---C9","Fossil Brown coal/Lignite","11WD8JAEN1L---C9","09/04/2026 18:00 - 09/04/2026 19:00","158.75",""
"09/04/2026 00:00 - 10/04/2026 00:00","CTA|DE(50Hertz)","KW Jänschwalde Block C","11WD8JAEN1L---C9","Fossil Brown coal/Lignite","11WD8JAEN1L---C9","09/04/2026 19:00 - 09/04/2026 20:00","159.75",""
"09/04/2026 00:00 - 10/04/2026 00:00","CTA|DE(50Hertz)","KW Jänschwalde Block C","11WD8JAEN1L---C9","Fossil Brown coal/Lignite","11WD8JAEN1L---C9","09/04/2026 20:00 - 09/04/2026 21:00","223.50",""
"09/04/2026 00:00 - 10/04/2026 00:00","CTA|DE(50Hertz)","KW Jänschwalde Block C","11WD8JAEN1L---C9","Fossil Brown coal/Lignite","11WD8JAEN1L---C9","09/04/2026 21:00 - 09/04/2026 22:00","175.50",""
"09/04/2026 00:00 - 10/04/2026 00:00","CTA|DE(50Hertz)","KW Jänschwalde Block C","11WD8JAEN1L---C9","Fossil Brown coal/Lignite","11WD8JAEN1L---C9","09/04/2026 22:00 - 09/04/2026 23:00","174.75",""
"09/04/2026 00:00 - 10/04/2026 00:00","CTA|DE(50Hertz)","KW Jänschwalde Block C","11WD8JAEN1L---C9","Fossil Brown coal/Lignite","11WD8JAEN1L---C9","09/04/2026 23:00 - 10/04/2026 00:00","175.75",""
"09/04/2026 00:00 - 10/04/2026 00:00","CTA|DE(50Hertz)","KW Jänschwalde Block D","11WD8JAEN1L---D7","Fossil Brown coal/Lignite","11WD8JAEN1L---D7","09/04/2026 00:00 - 09/04/2026 01:00","0.00",""
"09/04/2026 00:00 - 10/04/2026 00:00","CTA|DE(50Hertz)","KW Jänschwalde Block D","11WD8JAEN1L---D7","Fossil Brown coal/Lignite","11WD8JAEN1L---D7","09/04/2026 01:00 - 09/04/2026 02:00","0.00",""
"09/04/2026 00:00 - 10/04/2026 00:00","CTA|DE(50Hertz)","KW Jänschwalde Block D","11WD8JAEN1L---D7","Fossil Brown coal/Lignite","11WD8JAEN1L---D7","09/04/2026 02:00 - 09/04/2026 03:00","0.00",""
"09/04/2026 00:00 - 10/04/2026 00:00","CTA|DE(50Hertz)","KW Jänschwalde Block D","11WD8JAEN1L---D7","Fossil Brown coal/Lignite","11WD8JAEN1L---D7","09/04/2026 03:00 - 09/04/2026 04:00","0.00",""
"09/04/2026 00:00 - 10/04/2026 00:00","CTA|DE(50Hertz)","KW Jänschwalde Block D","11WD8JAEN1L---D7","Fossil Brown coal/Lignite","11WD8JAEN1L---D7","09/04/2026 04:00 - 09/04/2026 05:00","0.00",""
"09/04/2026 00:00 - 10/04/2026 00:00","CTA|DE(50Hertz)","KW Jänschwalde Block D","11WD8JAEN1L---D7","Fossil Brown coal/Lignite","11WD8JAEN1L---D7","09/04/2026 05:00 - 09/04/2026 06:00","0.00",""
"09/04/2026 00:00 - 10/04/2026 00:00","CTA|DE(50Hertz)","KW Jänschwalde Block D","11WD8JAEN1L---D7","Fossil Brown coal/Lignite","11WD8JAEN1L---D7","09/04/2026 06:00 - 09/04/2026 07:00","0.00",""
"09/04/2026 00:00 - 10/04/2026 00:00","CTA|DE(50Hertz)","KW Jänschwalde Block D","11WD8JAEN1L---D7","Fossil Brown coal/Lignite","11WD8JAEN1L---D7","09/04/2026 07:00 - 09/04/2026 08:00","0.00",""
"09/04/2026 00:00 - 10/04/2026 00:00","CTA|DE(50Hertz)","KW Jänschwalde Block D","11WD8JAEN1L---D7","Fossil Brown coal/Lignite","11WD8JAEN1L---D7","09/04/2026 08:00 - 09/04/2026 09:00","0.00",""
"09/04/2026 00:00 - 10/04/2026 00:00","CTA|DE(50Hertz)","KW Jänschwalde Block D","11WD8JAEN1L---D7","Fossil Brown coal/Lignite","11WD8JAEN1L---D7","09/04/2026 09:00 - 09/04/2026 10:00","0.00",""
"09/04/2026 00:00 - 10/04/2026 00:00","CTA|DE(50Hertz)","KW Jänschwalde Block D","11WD8JAEN1L---D7","Fossil Brown coal/Lignite","11WD8JAEN1L---D7","09/04/2026 10:00 - 09/04/2026 11:00","0.00",""
"09/04/2026 00:00 - 10/04/2026 00:00","CTA|DE(50Hertz)","KW Jänschwalde Block D","11WD8JAEN1L---D7","Fossil Brown coal/Lignite","11WD8JAEN1L---D7","09/04/2026 11:00 - 09/04/2026 12:00","0.00",""
"09/04/2026 00:00 - 10/04/2026 00:00","CTA|DE(50Hertz)","KW Jänschwalde Block D","11WD8JAEN1L---D7","Fossil Brown coal/Lignite","11WD8JAEN1L---D7","09/04/2026 12:00 - 09/04/2026 13:00","0.00",""
"09/04/2026 00:00 - 10/04/2026 00:00","CTA|DE(50Hertz)","KW Jänschwalde Block D","11WD8JAEN1L---D7","Fossil Brown coal/Lignite","11WD8JAEN1L---D7","09/04/2026 13:00 - 09/04/2026 14:00","0.00",""
"09/04/2026 00:00 - 10/04/2026 00:00","CTA|DE(50Hertz)","KW Jänschwalde Block D","11WD8JAEN1L---D7","Fossil Brown coal/Lignite","11WD8JAEN1L---D7","09/04/2026 14:00 - 09/04/2026 15:00","0.00",""
"09/04/2026 00:00 - 10/04/2026 00:00","CTA|DE(50Hertz)","KW Jänschwalde Block D","11WD8JAEN1L---D7","Fossil Brown coal/Lignite","11WD8JAEN1L---D7","09/04/2026 15:00 - 09/04/2026 16:00","0.00",""
"09/04/2026 00:00 - 10/04/2026 00:00","CTA|DE(50Hertz)","KW Jänschwalde Block D","11WD8JAEN1L---D7","Fossil Brown coal/Lignite","11WD8JAEN1L---D7","09/04/2026 16:00 - 09/04/2026 17:00","0.00",""
"09/04/2026 00:00 - 10/04/2026 00:00","CTA|DE(50Hertz)","KW Jänschwalde Block D","11WD8JAEN1L---D7","Fossil Brown coal/Lignite","11WD8JAEN1L---D7","09/04/2026 17:00 - 09/04/2026 18:00","0.00",""
"09/04/2026 00:00 - 10/04/2026 00:00","CTA|DE(50Hertz)","KW Jänschwalde Block D","11WD8JAEN1L---D7","Fossil Brown coal/Lignite","11WD8JAEN1L---D7","09/04/2026 18:00 - 09/04/2026 19:00","0.00",""
"09/04/2026 00:00 - 10/04/2026 00:00","CTA|DE(50Hertz)","KW Jänschwalde Block D","11WD8JAEN1L---D7","Fossil Brown coal/Lignite","11WD8JAEN1L---D7","09/04/2026 19:00 - 09/04/2026 20:00","0.00",""
"09/04/2026 00:00 - 10/04/2026 00:00","CTA|DE(50Hertz)","KW Jänschwalde Block D","11WD8JAEN1L---D7","Fossil Brown coal/Lignite","11WD8JAEN1L---D7","09/04/2026 20:00 - 09/04/2026 21:00","0.00",""
"09/04/2026 00:00 - 10/04/2026 00:00","CTA|DE(50Hertz)","KW Jänschwalde Block D","11WD8JAEN1L---D7","Fossil Brown coal/Lignite","11WD8JAEN1L---D7","09/04/2026 21:00 - 09/04/2026 22:00","0.00",""
"09/04/2026 00:00 - 10/04/2026 00:00","CTA|DE(50Hertz)","KW Jänschwalde Block D","11WD8JAEN1L---D7","Fossil Brown coal/Lignite","11WD8JAEN1L---D7","09/04/2026 22:00 - 09/04/2026 23:00","0.00",""
"09/04/2026 00:00 - 10/04/2026 00:00","CTA|DE(50Hertz)","KW Jänschwalde Block D","11WD8JAEN1L---D7","Fossil Brown coal/Lignite","11WD8JAEN1L---D7","09/04/2026 23:00 - 10/04/2026 00:00","0.00",""
"09/04/2026 00:00 - 10/04/2026 00:00","CTA|DE(50Hertz)","HKW Klingenberg 1-3","11WD8KLIN5G--13E","Fossil Gas","11WD8KLIN5G--13E","09/04/2026 00:00 - 09/04/2026 01:00","29.00",""
"09/04/2026 00:00 - 10/04/2026 00:00","CTA|DE(50Hertz)","HKW Klingenberg 1-3","11WD8KLIN5G--13E","Fossil Gas","11WD8KLIN5G--13E","09/04/2026 01:00 - 09/04/2026 02:00","29.00",""
"09/04/2026 00:00 - 10/04/2026 00:00","CTA|DE(50Hertz)","HKW Klingenberg 1-3","11WD8KLIN5G--13E","Fossil Gas","11WD8KLIN5G--13E","09/04/2026 02:00 - 09/04/2026 03:00","39.25",""
"09/04/2026 00:00 - 10/04/2026 00:00","CTA|DE(50Hertz)","HKW Klingenberg 1-3","11WD8KLIN5G--13E","Fossil Gas","11WD8KLIN5G--13E","09/04/2026 03:00 - 09/04/2026 04:00","40.00",""
"09/04/2026 00:00 - 10/04/2026 00:00","CTA|DE(50Hertz)","HKW Klingenberg 1-3","11WD8KLIN5G--13E","Fossil Gas","11WD8KLIN5G--13E","09/04/2026 04:00 - 09/04/2026 05:00","40.00",""
"09/04/2026 00:00 - 10/04/2026 00:00","CTA|DE(50Hertz)","HKW Klingenberg 1-3","11WD8KLIN5G--13E","Fossil Gas","11WD8KLIN5G--13E","09/04/2026 05:00 - 09/04/2026 06:00","40.00",""
"09/04/2026 00:00 - 10/04/2026 00:00","CTA|DE(50Hertz)","HKW Klingenberg 1-3","11WD8KLIN5G--13E","Fossil Gas","11WD8KLIN5G--13E","09/04/2026 06:00 - 09/04/2026 07:00","40.00",""
"09/04/2026 00:00 - 10/04/2026 00:00","CTA|DE(50Hertz)","HKW Klingenberg 1-3","11WD8KLIN5G--13E","Fossil Gas","11WD8KLIN5G--13E","09/04/2026 07:00 - 09/04/2026 08:00","42.25",""
"09/04/2026 00:00 - 10/04/2026 00:00","CTA|DE(50Hertz)","HKW Klingenberg 1-3","11WD8KLIN5G--13E","Fossil Gas","11WD8KLIN5G--13E","09/04/2026 08:00 - 09/04/2026 09:00","42.00",""
"09/04/2026 00:00 - 10/04/2026 00:00","CTA|DE(50Hertz)","HKW Klingenberg 1-3","11WD8KLIN5G--13E","Fossil Gas","11WD8KLIN5G--13E","09/04/2026 09:00 - 09/04/2026 10:00","41.75",""
"09/04/2026 00:00 - 10/04/2026 00:00","CTA|DE(50Hertz)","HKW Klingenberg 1-3","11WD8KLIN5G--13E","Fossil Gas","11WD8KLIN5G--13E","09/04/2026 10:00 - 09/04/2026 11:00","30.00",""
"09/04/2026 00:00 - 10/04/2026 00:00","CTA|DE(50Hertz)","HKW Klingenberg 1-3","11WD8KLIN5G--13E","Fossil Gas","11WD8KLIN5G--13E","09/04/2026 11:00 - 09/04/2026 12:00","22.50",""
"09/04/2026 00:00 - 10/04/2026 00:00","CTA|DE(50Hertz)","HKW Klingenberg 1-3","11WD8KLIN5G--13E","Fossil Gas","11WD8KLIN5G--13E","09/04/2026 12:00 - 09/04/2026 13:00","22.25",""
"09/04/2026 00:00 - 10/04/2026 00:00","CTA|DE(50Hertz)","HKW Klingenberg 1-3","11WD8KLIN5G--13E","Fossil Gas","11WD8KLIN5G--13E","09/04/2026 13:00 - 09/04/2026 14:00","22.25",""
"09/04/2026 00:00 - 10/04/2026 00:00","CTA|DE(50Hertz)","HKW Klingenberg 1-3","11WD8KLIN5G--13E","Fossil Gas","11WD8KLIN5G--13E","09/04/2026 14:00 - 09/04/2026 15:00","22.75",""
"09/04/2026 00:00 - 10/04/2026 00:00","CTA|DE(50Hertz)","HKW Klingenberg 1-3","11WD8KLIN5G--13E","Fossil Gas","11WD8KLIN5G--13E","09/04/2026 15:00 - 09/04/2026 16:00","22.50",""
"09/04/2026 00:00 - 10/04/2026 00:00","CTA|DE(50Hertz)","HKW Klingenberg 1-3","11WD8KLIN5G--13E","Fossil Gas","11WD8KLIN5G--13E","09/04/2026 16:00 - 09/04/2026 17:00","22.75",""
"09/04/2026 00:00 - 10/04/2026 00:00","CTA|DE(50Hertz)","HKW Klingenberg 1-3","11WD8KLIN5G--13E","Fossil Gas","11WD8KLIN5G--13E","09/04/2026 17:00 - 09/04/2026 18:00","36.00",""
"09/04/2026 00:00 - 10/04/2026 00:00","CTA|DE(50Hertz)","HKW Klingenberg 1-3","11WD8KLIN5G--13E","Fossil Gas","11WD8KLIN5G--13E","09/04/2026 18:00 - 09/04/2026 19:00","38.00",""
"09/04/2026 00:00 - 10/04/2026 00:00","CTA|DE(50Hertz)","HKW Klingenberg 1-3","11WD8KLIN5G--13E","Fossil Gas","11WD8KLIN5G--13E","09/04/2026 19:00 - 09/04/2026 20:00","38.75",""
"09/04/2026 00:00 - 10/04/2026 00:00","CTA|DE(50Hertz)","HKW Klingenberg 1-3","11WD8KLIN5G--13E","Fossil Gas","11WD8KLIN5G--13E","09/04/2026 20:00 - 09/04/2026 21:00","38.50",""
"09/04/2026 00:00 - 10/04/2026 00:00","CTA|DE(50Hertz)","HKW Klingenberg 1-3","11WD8KLIN5G--13E","Fossil Gas","11WD8KLIN5G--13E","09/04/2026 21:00 - 09/04/2026 22:00","38.75",""
"09/04/2026 00:00 - 10/04/2026 00:00","CTA|DE(50Hertz)","HKW Klingenberg 1-3","11WD8KLIN5G--13E","Fossil Gas","11WD8KLIN5G--13E","09/04/2026 22:00 - 09/04/2026 23:00","38.50",""
"09/04/2026 00:00 - 10/04/2026 00:00","CTA|DE(50Hertz)","HKW Klingenberg 1-3","11WD8KLIN5G--13E","Fossil Gas","11WD8KLIN5G--13E","09/04/2026 23:00 - 10/04/2026 00:00","38.00",""
"09/04/2026 00:00 - 10/04/2026 00:00","CTA|DE(50Hertz)","HKW Nord GuD Nord","11WD8LEIP5X----6","Fossil Gas","11WD8LEIP5X----6","09/04/2026 00:00 - 09/04/2026 01:00","29.82",""
"09/04/2026 00:00 - 10/04/2026 00:00","CTA|DE(50Hertz)","HKW Nord GuD Nord","11WD8LEIP5X----6","Fossil Gas","11WD8LEIP5X----6","09/04/2026 01:00 - 09/04/2026 02:00","29.32",""
"09/04/2026 00:00 - 10/04/2026 00:00","CTA|DE(50Hertz)","HKW Nord GuD Nord","11WD8LEIP5X----6","Fossil Gas","11WD8LEIP5X----6","09/04/2026 02:00 - 09/04/2026 03:00","29.35",""
"09/04/2026 00:00 - 10/04/2026 00:00","CTA|DE(50Hertz)","HKW Nord GuD Nord","11WD8LEIP5X----6","Fossil Gas","11WD8LEIP5X----6","09/04/2026 03:00 - 09/04/2026 04:00","31.63",""
"09/04/2026 00:00 - 10/04/2026 00:00","CTA|DE(50Hertz)","HKW Nord GuD Nord","11WD8LEIP5X----6","Fossil Gas","11WD8LEIP5X----6","09/04/2026 04:00 - 09/04/2026 05:00","46.70",""
"09/04/2026 00:00 - 10/04/2026 00:00","CTA|DE(50Hertz)","HKW Nord GuD Nord","11WD8LEIP5X----6","Fossil Gas","11WD8LEIP5X----6","09/04/2026 05:00 - 09/04/2026 06:00","59.92",""
"09/04/2026 00:00 - 10/04/2026 00:00","CTA|DE(50Hertz)","HKW Nord GuD Nord","11WD8LEIP5X----6","Fossil Gas","11WD8LEIP5X----6","09/04/2026 06:00 - 09/04/2026 07:00","115.85",""
"09/04/2026 00:00 - 10/04/2026 00:00","CTA|DE(50Hertz)","HKW Nord GuD Nord","11WD8LEIP5X----6","Fossil Gas","11WD8LEIP5X----6","09/04/2026 07:00 - 09/04/2026 08:00","122.83",""
"09/04/2026 00:00 - 10/04/2026 00:00","CTA|DE(50Hertz)","HKW Nord GuD Nord","11WD8LEIP5X----6","Fossil Gas","11WD8LEIP5X----6","09/04/2026 08:00 - 09/04/2026 09:00","75.97",""
"09/04/2026 00:00 - 10/04/2026 00:00","CTA|DE(50Hertz)","HKW Nord GuD Nord","11WD8LEIP5X----6","Fossil Gas","11WD8LEIP5X----6","09/04/2026 09:00 - 09/04/2026 10:00","55.00",""
"09/04/2026 00:00 - 10/04/2026 00:00","CTA|DE(50Hertz)","HKW Nord GuD Nord","11WD8LEIP5X----6","Fossil Gas","11WD8LEIP5X----6","09/04/2026 10:00 - 09/04/2026 11:00","26.98",""
"09/04/2026 00:00 - 10/04/2026 00:00","CTA|DE(50Hertz)","HKW Nord GuD Nord","11WD8LEIP5X----6","Fossil Gas","11WD8LEIP5X----6","09/04/2026 11:00 - 09/04/2026 12:00","16.70",""
"09/04/2026 00:00 - 10/04/2026 00:00","CTA|DE(50Hertz)","HKW Nord GuD Nord","11WD8LEIP5X----6","Fossil Gas","11WD8LEIP5X----6","09/04/2026 12:00 - 09/04/2026 13:00","15.85",""
"09/04/2026 00:00 - 10/04/2026 00:00","CTA|DE(50Hertz)","HKW Nord GuD Nord","11WD8LEIP5X----6","Fossil Gas","11WD8LEIP5X----6","09/04/2026 13:00 - 09/04/2026 14:00","15.80",""
"09/04/2026 00:00 - 10/04/2026 00:00","CTA|DE(50Hertz)","HKW Nord GuD Nord","11WD8LEIP5X----6","Fossil Gas","11WD8LEIP5X----6","09/04/2026 14:00 - 09/04/2026 15:00","15.82",""
"09/04/2026 00:00 - 10/04/2026 00:00","CTA|DE(50Hertz)","HKW Nord GuD Nord","11WD8LEIP5X----6","Fossil Gas","11WD8LEIP5X----6","09/04/2026 15:00 - 09/04/2026 16:00","7.05",""
"09/04/2026 00:00 - 10/04/2026 00:00","CTA|DE(50Hertz)","HKW Nord GuD Nord","11WD8LEIP5X----6","Fossil Gas","11WD8LEIP5X----6","09/04/2026 16:00 - 09/04/2026 17:00","14.93",""
"09/04/2026 00:00 - 10/04/2026 00:00","CTA|DE(50Hertz)","HKW Nord GuD Nord","11WD8LEIP5X----6","Fossil Gas","11WD8LEIP5X----6","09/04/2026 17:00 - 09/04/2026 18:00","27.63",""
"09/04/2026 00:00 - 10/04/2026 00:00","CTA|DE(50Hertz)","HKW Nord GuD Nord","11WD8LEIP5X----6","Fossil Gas","11WD8LEIP5X----6","09/04/2026 18:00 - 09/04/2026 19:00","38.50",""
"09/04/2026 00:00 - 10/04/2026 00:00","CTA|DE(50Hertz)","HKW Nord GuD Nord","11WD8LEIP5X----6","Fossil Gas","11WD8LEIP5X----6","09/04/2026 19:00 - 09/04/2026 20:00","58.70",""
"09/04/2026 00:00 - 10/04/2026 00:00","CTA|DE(50Hertz)","HKW Nord GuD Nord","11WD8LEIP5X----6","Fossil Gas","11WD8LEIP5X----6","09/04/2026 20:00 - 09/04/2026 21:00","64.63",""
"09/04/2026 00:00 - 10/04/2026 00:00","CTA|DE(50Hertz)","HKW Nord GuD Nord","11WD8LEIP5X----6","Fossil Gas","11WD8LEIP5X----6","09/04/2026 21:00 - 09/04/2026 22:00","81.08",""
"09/04/2026 00:00 - 10/04/2026 00:00","CTA|DE(50Hertz)","HKW Nord GuD Nord","11WD8LEIP5X----6","Fossil Gas","11WD8LEIP5X----6","09/04/2026 22:00 - 09/04/2026 23:00","84.40",""
"09/04/2026 00:00 - 10/04/2026 00:00","CTA|DE(50Hertz)","HKW Nord GuD Nord","11WD8LEIP5X----6","Fossil Gas","11WD8LEIP5X----6","09/04/2026 23:00 - 10/04/2026 00:00","74.45",""
"09/04/2026 00:00 - 10/04/2026 00:00","CTA|DE(50Hertz)","KW Lippendorf Block R","11WD8LIPD1L---R6","Fossil Brown coal/Lignite","11WD8LIPD1L---R6","09/04/2026 00:00 - 09/04/2026 01:00","0.00",""
"09/04/2026 00:00 - 10/04/2026 00:00","CTA|DE(50Hertz)","KW Lippendorf Block R","11WD8LIPD1L---R6","Fossil Brown coal/Lignite","11WD8LIPD1L---R6","09/04/2026 01:00 - 09/04/2026 02:00","0.00",""
"09/04/2026 00:00 - 10/04/2026 00:00","CTA|DE(50Hertz)","KW Lippendorf Block R","11WD8LIPD1L---R6","Fossil Brown coal/Lignite","11WD8LIPD1L---R6","09/04/2026 02:00 - 09/04/2026 03:00","0.00",""
"09/04/2026 00:00 - 10/04/2026 00:00","CTA|DE(50Hertz)","KW Lippendorf Block R","11WD8LIPD1L---R6","Fossil Brown coal/Lignite","11WD8LIPD1L---R6","09/04/2026 03:00 - 09/04/2026 04:00","0.00",""
"09/04/2026 00:00 - 10/04/2026 00:00","CTA|DE(50Hertz)","KW Lippendorf Block R","11WD8LIPD1L---R6","Fossil Brown coal/Lignite","11WD8LIPD1L---R6","09/04/2026 04:00 - 09/04/2026 05:00","0.00",""
"09/04/2026 00:00 - 10/04/2026 00:00","CTA|DE(50Hertz)","KW Lippendorf Block R","11WD8LIPD1L---R6","Fossil Brown coal/Lignite","11WD8LIPD1L---R6","09/04/2026 05:00 - 09/04/2026 06:00","0.00",""
"09/04/2026 00:00 - 10/04/2026 00:00","CTA|DE(50Hertz)","KW Lippendorf Block R","11WD8LIPD1L---R6","Fossil Brown coal/Lignite","11WD8LIPD1L---R6","09/04/2026 06:00 - 09/04/2026 07:00","0.00",""
"09/04/2026 00:00 - 10/04/2026 00:00","CTA|DE(50Hertz)","KW Lippendorf Block R","11WD8LIPD1L---R6","Fossil Brown coal/Lignite","11WD8LIPD1L---R6","09/04/2026 07:00 - 09/04/2026 08:00","0.00",""
"09/04/2026 00:00 - 10/04/2026 00:00","CTA|DE(50Hertz)","KW Lippendorf Block R","11WD8LIPD1L---R6","Fossil Brown coal/Lignite","11WD8LIPD1L---R6","09/04/2026 08:00 - 09/04/2026 09:00","0.00",""
"09/04/2026 00:00 - 10/04/2026 00:00","CTA|DE(50Hertz)","KW Lippendorf Block R","11WD8LIPD1L---R6","Fossil Brown coal/Lignite","11WD8LIPD1L---R6","09/04/2026 09:00 - 09/04/2026 10:00","0.00",""
"09/04/2026 00:00 - 10/04/2026 00:00","CTA|DE(50Hertz)","KW Lippendorf Block R","11WD8LIPD1L---R6","Fossil Brown coal/Lignite","11WD8LIPD1L---R6","09/04/2026 10:00 - 09/04/2026 11:00","0.00",""
"09/04/2026 00:00 - 10/04/2026 00:00","CTA|DE(50Hertz)","KW Lippendorf Block R","11WD8LIPD1L---R6","Fossil Brown coal/Lignite","11WD8LIPD1L---R6","09/04/2026 11:00 - 09/04/2026 12:00","0.00",""
"09/04/2026 00:00 - 10/04/2026 00:00","CTA|DE(50Hertz)","KW Lippendorf Block R","11WD8LIPD1L---R6","Fossil Brown coal/Lignite","11WD8LIPD1L---R6","09/04/2026 12:00 - 09/04/2026 13:00","0.00",""
"09/04/2026 00:00 - 10/04/2026 00:00","CTA|DE(50Hertz)","KW Lippendorf Block R","11WD8LIPD1L---R6","Fossil Brown coal/Lignite","11WD8LIPD1L---R6","09/04/2026 13:00 - 09/04/2026 14:00","0.00",""
"09/04/2026 00:00 - 10/04/2026 00:00","CTA|DE(50Hertz)","KW Lippendorf Block R","11WD8LIPD1L---R6","Fossil Brown coal/Lignite","11WD8LIPD1L---R6","09/04/2026 14:00 - 09/04/2026 15:00","0.00",""
"09/04/2026 00:00 - 10/04/2026 00:00","CTA|DE(50Hertz)","KW Lippendorf Block R","11WD8LIPD1L---R6","Fossil Brown coal/Lignite","11WD8LIPD1L---R6","09/04/2026 15:00 - 09/04/2026 16:00","0.00",""
"09/04/2026 00:00 - 10/04/2026 00:00","CTA|DE(50Hertz)","KW Lippendorf Block R","11WD8LIPD1L---R6","Fossil Brown coal/Lignite","11WD8LIPD1L---R6","09/04/2026 16:00 - 09/04/2026 17:00","0.00",""
"09/04/2026 00:00 - 10/04/2026 00:00","CTA|DE(50Hertz)","KW Lippendorf Block R","11WD8LIPD1L---R6","Fossil Brown coal/Lignite","11WD8LIPD1L---R6","09/04/2026 17:00 - 09/04/2026 18:00","0.00",""
"09/04/2026 00:00 - 10/04/2026 00:00","CTA|DE(50Hertz)","KW Lippendorf Block R","11WD8LIPD1L---R6","Fossil Brown coal/Lignite","11WD8LIPD1L---R6","09/04/2026 18:00 - 09/04/2026 19:00","0.00",""
"09/04/2026 00:00 - 10/04/2026 00:00","CTA|DE(50Hertz)","KW Lippendorf Block R","11WD8LIPD1L---R6","Fossil Brown coal/Lignite","11WD8LIPD1L---R6","09/04/2026 19:00 - 09/04/2026 20:00","0.00",""
"09/04/2026 00:00 - 10/04/2026 00:00","CTA|DE(50Hertz)","KW Lippendorf Block R","11WD8LIPD1L---R6","Fossil Brown coal/Lignite","11WD8LIPD1L---R6","09/04/2026 20:00 - 09/04/2026 21:00","0.00",""
"09/04/2026 00:00 - 10/04/2026 00:00","CTA|DE(50Hertz)","KW Lippendorf Block R","11WD8LIPD1L---R6","Fossil Brown coal/Lignite","11WD8LIPD1L---R6","09/04/2026 21:00 - 09/04/2026 22:00","0.00",""
"09/04/2026 00:00 - 10/04/2026 00:00","CTA|DE(50Hertz)","KW Lippendorf Block R","11WD8LIPD1L---R6","Fossil Brown coal/Lignite","11WD8LIPD1L---R6","09/04/2026 22:00 - 09/04/2026 23:00","0.00",""
"09/04/2026 00:00 - 10/04/2026 00:00","CTA|DE(50Hertz)","KW Lippendorf Block R","11WD8LIPD1L---R6","Fossil Brown coal/Lignite","11WD8LIPD1L---R6","09/04/2026 23:00 - 10/04/2026 00:00","0.00",""
"09/04/2026 00:00 - 10/04/2026 00:00","CTA|DE(50Hertz)","KW Lippendorf Block S","11WD8LIPD1L---S4","Fossil Brown coal/Lignite","11WD8LIPD1L---S4","09/04/2026 00:00 - 09/04/2026 01:00","0.00",""
"09/04/2026 00:00 - 10/04/2026 00:00","CTA|DE(50Hertz)","KW Lippendorf Block S","11WD8LIPD1L---S4","Fossil Brown coal/Lignite","11WD8LIPD1L---S4","09/04/2026 01:00 - 09/04/2026 02:00","0.00",""
"09/04/2026 00:00 - 10/04/2026 00:00","CTA|DE(50Hertz)","KW Lippendorf Block S","11WD8LIPD1L---S4","Fossil Brown coal/Lignite","11WD8LIPD1L---S4","09/04/2026 02:00 - 09/04/2026 03:00","0.00",""
"09/04/2026 00:00 - 10/04/2026 00:00","CTA|DE(50Hertz)","KW Lippendorf Block S","11WD8LIPD1L---S4","Fossil Brown coal/Lignite","11WD8LIPD1L---S4","09/04/2026 03:00 - 09/04/2026 04:00","0.00",""
"09/04/2026 00:00 - 10/04/2026 00:00","CTA|DE(50Hertz)","KW Lippendorf Block S","11WD8LIPD1L---S4","Fossil Brown coal/Lignite","11WD8LIPD1L---S4","09/04/2026 04:00 - 09/04/2026 05:00","0.00",""
"09/04/2026 00:00 - 10/04/2026 00:00","CTA|DE(50Hertz)","KW Lippendorf Block S","11WD8LIPD1L---S4","Fossil Brown coal/Lignite","11WD8LIPD1L---S4","09/04/2026 05:00 - 09/04/2026 06:00","0.00",""
"09/04/2026 00:00 - 10/04/2026 00:00","CTA|DE(50Hertz)","KW Lippendorf Block S","11WD8LIPD1L---S4","Fossil Brown coal/Lignite","11WD8LIPD1L---S4","09/04/2026 06:00 - 09/04/2026 07:00","0.00",""
"09/04/2026 00:00 - 10/04/2026 00:00","CTA|DE(50Hertz)","KW Lippendorf Block S","11WD8LIPD1L---S4","Fossil Brown coal/Lignite","11WD8LIPD1L---S4","09/04/2026 07:00 - 09/04/2026 08:00","0.00",""
"09/04/2026 00:00 - 10/04/2026 00:00","CTA|DE(50Hertz)","KW Lippendorf Block S","11WD8LIPD1L---S4","Fossil Brown coal/Lignite","11WD8LIPD1L---S4","09/04/2026 08:00 - 09/04/2026 09:00","0.00",""
"09/04/2026 00:00 - 10/04/2026 00:00","CTA|DE(50Hertz)","KW Lippendorf Block S","11WD8LIPD1L---S4","Fossil Brown coal/Lignite","11WD8LIPD1L---S4","09/04/2026 09:00 - 09/04/2026 10:00","0.00",""
"09/04/2026 00:00 - 10/04/2026 00:00","CTA|DE(50Hertz)","KW Lippendorf Block S","11WD8LIPD1L---S4","Fossil Brown coal/Lignite","11WD8LIPD1L---S4","09/04/2026 10:00 - 09/04/2026 11:00","0.00",""
"09/04/2026 00:00 - 10/04/2026 00:00","CTA|DE(50Hertz)","KW Lippendorf Block S","11WD8LIPD1L---S4","Fossil Brown coal/Lignite","11WD8LIPD1L---S4","09/04/2026 11:00 - 09/04/2026 12:00","0.00",""
"09/04/2026 00:00 - 10/04/2026 00:00","CTA|DE(50Hertz)","KW Lippendorf Block S","11WD8LIPD1L---S4","Fossil Brown coal/Lignite","11WD8LIPD1L---S4","09/04/2026 12:00 - 09/04/2026 13:00","0.00",""
"09/04/2026 00:00 - 10/04/2026 00:00","CTA|DE(50Hertz)","KW Lippendorf Block S","11WD8LIPD1L---S4","Fossil Brown coal/Lignite","11WD8LIPD1L---S4","09/04/2026 13:00 - 09/04/2026 14:00","0.00",""
"09/04/2026 00:00 - 10/04/2026 00:00","CTA|DE(50Hertz)","KW Lippendorf Block S","11WD8LIPD1L---S4","Fossil Brown coal/Lignite","11WD8LIPD1L---S4","09/04/2026 14:00 - 09/04/2026 15:00","0.00",""
"09/04/2026 00:00 - 10/04/2026 00:00","CTA|DE(50Hertz)","KW Lippendorf Block S","11WD8LIPD1L---S4","Fossil Brown coal/Lignite","11WD8LIPD1L---S4","09/04/2026 15:00 - 09/04/2026 16:00","0.00",""
"09/04/2026 00:00 - 10/04/2026 00:00","CTA|DE(50Hertz)","KW Lippendorf Block S","11WD8LIPD1L---S4","Fossil Brown coal/Lignite","11WD8LIPD1L---S4","09/04/2026 16:00 - 09/04/2026 17:00","0.00",""
"09/04/2026 00:00 - 10/04/2026 00:00","CTA|DE(50Hertz)","KW Lippendorf Block S","11WD8LIPD1L---S4","Fossil Brown coal/Lignite","11WD8LIPD1L---S4","09/04/2026 17:00 - 09/04/2026 18:00","0.00",""
"09/04/2026 00:00 - 10/04/2026 00:00","CTA|DE(50Hertz)","KW Lippendorf Block S","11WD8LIPD1L---S4","Fossil Brown coal/Lignite","11WD8LIPD1L---S4","09/04/2026 18:00 - 09/04/2026 19:00","0.00",""
"09/04/2026 00:00 - 10/04/2026 00:00","CTA|DE(50Hertz)","KW Lippendorf Block S","11WD8LIPD1L---S4","Fossil Brown coal/Lignite","11WD8LIPD1L---S4","09/04/2026 19:00 - 09/04/2026 20:00","0.00",""
"09/04/2026 00:00 - 10/04/2026 00:00","CTA|DE(50Hertz)","KW Lippendorf Block S","11WD8LIPD1L---S4","Fossil Brown coal/Lignite","11WD8LIPD1L---S4","09/04/2026 20:00 - 09/04/2026 21:00","0.00",""
"09/04/2026 00:00 - 10/04/2026 00:00","CTA|DE(50Hertz)","KW Lippendorf Block S","11WD8LIPD1L---S4","Fossil Brown coal/Lignite","11WD8LIPD1L---S4","09/04/2026 21:00 - 09/04/2026 22:00","0.00",""
"09/04/2026 00:00 - 10/04/2026 00:00","CTA|DE(50Hertz)","KW Lippendorf Block S","11WD8LIPD1L---S4","Fossil Brown coal/Lignite","11WD8LIPD1L---S4","09/04/2026 22:00 - 09/04/2026 23:00","0.00",""
"09/04/2026 00:00 - 10/04/2026 00:00","CTA|DE(50Hertz)","KW Lippendorf Block S","11WD8LIPD1L---S4","Fossil Brown coal/Lignite","11WD8LIPD1L---S4","09/04/2026 23:00 - 10/04/2026 00:00","0.00",""
"09/04/2026 00:00 - 10/04/2026 00:00","CTA|DE(50Hertz)","PSW Markersbach PSS A","11WD8MARK1H---AM","Hydro Pumped Storage","11WD8MARK1H---AM","09/04/2026 00:00 - 09/04/2026 01:00","0.00",""
"09/04/2026 00:00 - 10/04/2026 00:00","CTA|DE(50Hertz)","PSW Markersbach PSS A","11WD8MARK1H---AM","Hydro Pumped Storage","11WD8MARK1H---AM","09/04/2026 01:00 - 09/04/2026 02:00","0.00",""
"09/04/2026 00:00 - 10/04/2026 00:00","CTA|DE(50Hertz)","PSW Markersbach PSS A","11WD8MARK1H---AM","Hydro Pumped Storage","11WD8MARK1H---AM","09/04/2026 02:00 - 09/04/2026 03:00","0.00",""
"09/04/2026 00:00 - 10/04/2026 00:00","CTA|DE(50Hertz)","PSW Markersbach PSS A","11WD8MARK1H---AM","Hydro Pumped Storage","11WD8MARK1H---AM","09/04/2026 03:00 - 09/04/2026 04:00","0.00",""
"09/04/2026 00:00 - 10/04/2026 00:00","CTA|DE(50Hertz)","PSW Markersbach PSS A","11WD8MARK1H---AM","Hydro Pumped Storage","11WD8MARK1H---AM","09/04/2026 04:00 - 09/04/2026 05:00","0.00",""
"09/04/2026 00:00 - 10/04/2026 00:00","CTA|DE(50Hertz)","PSW Markersbach PSS A","11WD8MARK1H---AM","Hydro Pumped Storage","11WD8MARK1H---AM","09/04/2026 05:00 - 09/04/2026 06:00","24.75",""
"09/04/2026 00:00 - 10/04/2026 00:00","CTA|DE(50Hertz)","PSW Markersbach PSS A","11WD8MARK1H---AM","Hydro Pumped Storage","11WD8MARK1H---AM","09/04/2026 06:00 - 09/04/2026 07:00","142.50",""
"09/04/2026 00:00 - 10/04/2026 00:00","CTA|DE(50Hertz)","PSW Markersbach PSS A","11WD8MARK1H---AM","Hydro Pumped Storage","11WD8MARK1H---AM","09/04/2026 07:00 - 09/04/2026 08:00","154.00",""
"09/04/2026 00:00 - 10/04/2026 00:00","CTA|DE(50Hertz)","PSW Markersbach PSS A","11WD8MARK1H---AM","Hydro Pumped Storage","11WD8MARK1H---AM","09/04/2026 08:00 - 09/04/2026 09:00","102.25",""
"09/04/2026 00:00 - 10/04/2026 00:00","CTA|DE(50Hertz)","PSW Markersbach PSS A","11WD8MARK1H---AM","Hydro Pumped Storage","11WD8MARK1H---AM","09/04/2026 09:00 - 09/04/2026 10:00","0.00",""
"09/04/2026 00:00 - 10/04/2026 00:00","CTA|DE(50Hertz)","PSW Markersbach PSS A","11WD8MARK1H---AM","Hydro Pumped Storage","11WD8MARK1H---AM","09/04/2026 10:00 - 09/04/2026 11:00","0.00",""
"09/04/2026 00:00 - 10/04/2026 00:00","CTA|DE(50Hertz)","PSW Markersbach PSS A","11WD8MARK1H---AM","Hydro Pumped Storage","11WD8MARK1H---AM","09/04/2026 11:00 - 09/04/2026 12:00","0.00",""
"09/04/2026 00:00 - 10/04/2026 00:00","CTA|DE(50Hertz)","PSW Markersbach PSS A","11WD8MARK1H---AM","Hydro Pumped Storage","11WD8MARK1H---AM","09/04/2026 12:00 - 09/04/2026 13:00","0.00",""
"09/04/2026 00:00 - 10/04/2026 00:00","CTA|DE(50Hertz)","PSW Markersbach PSS A","11WD8MARK1H---AM","Hydro Pumped Storage","11WD8MARK1H---AM","09/04/2026 13:00 - 09/04/2026 14:00","0.00",""
"09/04/2026 00:00 - 10/04/2026 00:00","CTA|DE(50Hertz)","PSW Markersbach PSS A","11WD8MARK1H---AM","Hydro Pumped Storage","11WD8MARK1H---AM","09/04/2026 14:00 - 09/04/2026 15:00","0.00",""
"09/04/2026 00:00 - 10/04/2026 00:00","CTA|DE(50Hertz)","PSW Markersbach PSS A","11WD8MARK1H---AM","Hydro Pumped Storage","11WD8MARK1H---AM","09/04/2026 15:00 - 09/04/2026 16:00","0.00",""
"09/04/2026 00:00 - 10/04/2026 00:00","CTA|DE(50Hertz)","PSW Markersbach PSS A","11WD8MARK1H---AM","Hydro Pumped Storage","11WD8MARK1H---AM","09/04/2026 16:00 - 09/04/2026 17:00","0.00",""
"09/04/2026 00:00 - 10/04/2026 00:00","CTA|DE(50Hertz)","PSW Markersbach PSS A","11WD8MARK1H---AM","Hydro Pumped Storage","11WD8MARK1H---AM","09/04/2026 17:00 - 09/04/2026 18:00","25.50",""
"09/04/2026 00:00 - 10/04/2026 00:00","CTA|DE(50Hertz)","PSW Markersbach PSS A","11WD8MARK1H---AM","Hydro Pumped Storage","11WD8MARK1H---AM","09/04/2026 18:00 - 09/04/2026 19:00","126.75",""
"09/04/2026 00:00 - 10/04/2026 00:00","CTA|DE(50Hertz)","PSW Markersbach PSS A","11WD8MARK1H---AM","Hydro Pumped Storage","11WD8MARK1H---AM","09/04/2026 19:00 - 09/04/2026 20:00","166.25",""
"09/04/2026 00:00 - 10/04/2026 00:00","CTA|DE(50Hertz)","PSW Markersbach PSS A","11WD8MARK1H---AM","Hydro Pumped Storage","11WD8MARK1H---AM","09/04/2026 20:00 - 09/04/2026 21:00","136.00",""
"09/04/2026 00:00 - 10/04/2026 00:00","CTA|DE(50Hertz)","PSW Markersbach PSS A","11WD8MARK1H---AM","Hydro Pumped Storage","11WD8MARK1H---AM","09/04/2026 21:00 - 09/04/2026 22:00","99.75",""
"09/04/2026 00:00 - 10/04/2026 00:00","CTA|DE(50Hertz)","PSW Markersbach PSS A","11WD8MARK1H---AM","Hydro Pumped Storage","11WD8MARK1H---AM","09/04/2026 22:00 - 09/04/2026 23:00","77.25",""
"09/04/2026 00:00 - 10/04/2026 00:00","CTA|DE(50Hertz)","PSW Markersbach PSS A","11WD8MARK1H---AM","Hydro Pumped Storage","11WD8MARK1H---AM","09/04/2026 23:00 - 10/04/2026 00:00","0.00",""
"09/04/2026 00:00 - 10/04/2026 00:00","CTA|DE(50Hertz)","PSW Markersbach PSS B","11WD8MARK1H---BK","Hydro Pumped Storage","11WD8MARK1H---BK","09/04/2026 00:00 - 09/04/2026 01:00","0.00",""
"09/04/2026 00:00 - 10/04/2026 00:00","CTA|DE(50Hertz)","PSW Markersbach PSS B","11WD8MARK1H---BK","Hydro Pumped Storage","11WD8MARK1H---BK","09/04/2026 01:00 - 09/04/2026 02:00","0.00",""
"09/04/2026 00:00 - 10/04/2026 00:00","CTA|DE(50Hertz)","PSW Markersbach PSS B","11WD8MARK1H---BK","Hydro Pumped Storage","11WD8MARK1H---BK","09/04/2026 02:00 - 09/04/2026 03:00","0.00",""
"09/04/2026 00:00 - 10/04/2026 00:00","CTA|DE(50Hertz)","PSW Markersbach PSS B","11WD8MARK1H---BK","Hydro Pumped Storage","11WD8MARK1H---BK","09/04/2026 03:00 - 09/04/2026 04:00","0.00",""
"09/04/2026 00:00 - 10/04/2026 00:00","CTA|DE(50Hertz)","PSW Markersbach PSS B","11WD8MARK1H---BK","Hydro Pumped Storage","11WD8MARK1H---BK","09/04/2026 04:00 - 09/04/2026 05:00","0.00",""
"09/04/2026 00:00 - 10/04/2026 00:00","CTA|DE(50Hertz)","PSW Markersbach PSS B","11WD8MARK1H---BK","Hydro Pumped Storage","11WD8MARK1H---BK","09/04/2026 05:00 - 09/04/2026 06:00","0.00",""
"09/04/2026 00:00 - 10/04/2026 00:00","CTA|DE(50Hertz)","PSW Markersbach PSS B","11WD8MARK1H---BK","Hydro Pumped Storage","11WD8MARK1H---BK","09/04/2026 06:00 - 09/04/2026 07:00","0.00",""
"09/04/2026 00:00 - 10/04/2026 00:00","CTA|DE(50Hertz)","PSW Markersbach PSS B","11WD8MARK1H---BK","Hydro Pumped Storage","11WD8MARK1H---BK","09/04/2026 07:00 - 09/04/2026 08:00","0.00",""
"09/04/2026 00:00 - 10/04/2026 00:00","CTA|DE(50Hertz)","PSW Markersbach PSS B","11WD8MARK1H---BK","Hydro Pumped Storage","11WD8MARK1H---BK","09/04/2026 08:00 - 09/04/2026 09:00","0.00",""
"09/04/2026 00:00 - 10/04/2026 00:00","CTA|DE(50Hertz)","PSW Markersbach PSS B","11WD8MARK1H---BK","Hydro Pumped Storage","11WD8MARK1H---BK","09/04/2026 09:00 - 09/04/2026 10:00","0.00",""
"09/04/2026 00:00 - 10/04/2026 00:00","CTA|DE(50Hertz)","PSW Markersbach PSS B","11WD8MARK1H---BK","Hydro Pumped Storage","11WD8MARK1H---BK","09/04/2026 10:00 - 09/04/2026 11:00","0.00",""
"09/04/2026 00:00 - 10/04/2026 00:00","CTA|DE(50Hertz)","PSW Markersbach PSS B","11WD8MARK1H---BK","Hydro Pumped Storage","11WD8MARK1H---BK","09/04/2026 11:00 - 09/04/2026 12:00","0.00",""
"09/04/2026 00:00 - 10/04/2026 00:00","CTA|DE(50Hertz)","PSW Markersbach PSS B","11WD8MARK1H---BK","Hydro Pumped Storage","11WD8MARK1H---BK","09/04/2026 12:00 - 09/04/2026 13:00","0.00",""
"09/04/2026 00:00 - 10/04/2026 00:00","CTA|DE(50Hertz)","PSW Markersbach PSS B","11WD8MARK1H---BK","Hydro Pumped Storage","11WD8MARK1H---BK","09/04/2026 13:00 - 09/04/2026 14:00","0.00",""
"09/04/2026 00:00 - 10/04/2026 00:00","CTA|DE(50Hertz)","PSW Markersbach PSS B","11WD8MARK1H---BK","Hydro Pumped Storage","11WD8MARK1H---BK","09/04/2026 14:00 - 09/04/2026 15:00","0.00",""
"09/04/2026 00:00 - 10/04/2026 00:00","CTA|DE(50Hertz)","PSW Markersbach PSS B","11WD8MARK1H---BK","Hydro Pumped Storage","11WD8MARK1H---BK","09/04/2026 15:00 - 09/04/2026 16:00","0.00",""
"09/04/2026 00:00 - 10/04/2026 00:00","CTA|DE(50Hertz)","PSW Markersbach PSS B","11WD8MARK1H---BK","Hydro Pumped Storage","11WD8MARK1H---BK","09/04/2026 16:00 - 09/04/2026 17:00","0.00",""
"09/04/2026 00:00 - 10/04/2026 00:00","CTA|DE(50Hertz)","PSW Markersbach PSS B","11WD8MARK1H---BK","Hydro Pumped Storage","11WD8MARK1H---BK","09/04/2026 17:00 - 09/04/2026 18:00","0.00",""
"09/04/2026 00:00 - 10/04/2026 00:00","CTA|DE(50Hertz)","PSW Markersbach PSS B","11WD8MARK1H---BK","Hydro Pumped Storage","11WD8MARK1H---BK","09/04/2026 18:00 - 09/04/2026 19:00","0.00",""
"09/04/2026 00:00 - 10/04/2026 00:00","CTA|DE(50Hertz)","PSW Markersbach PSS B","11WD8MARK1H---BK","Hydro Pumped Storage","11WD8MARK1H---BK","09/04/2026 19:00 - 09/04/2026 20:00","0.00",""
"09/04/2026 00:00 - 10/04/2026 00:00","CTA|DE(50Hertz)","PSW Markersbach PSS B","11WD8MARK1H---BK","Hydro Pumped Storage","11WD8MARK1H---BK","09/04/2026 20:00 - 09/04/2026 21:00","0.00",""
"09/04/2026 00:00 - 10/04/2026 00:00","CTA|DE(50Hertz)","PSW Markersbach PSS B","11WD8MARK1H---BK","Hydro Pumped Storage","11WD8MARK1H---BK","09/04/2026 21:00 - 09/04/2026 22:00","0.00",""
"09/04/2026 00:00 - 10/04/2026 00:00","CTA|DE(50Hertz)","PSW Markersbach PSS B","11WD8MARK1H---BK","Hydro Pumped Storage","11WD8MARK1H---BK","09/04/2026 22:00 - 09/04/2026 23:00","0.00",""
"09/04/2026 00:00 - 10/04/2026 00:00","CTA|DE(50Hertz)","PSW Markersbach PSS B","11WD8MARK1H---BK","Hydro Pumped Storage","11WD8MARK1H---BK","09/04/2026 23:00 - 10/04/2026 00:00","0.00",""
"09/04/2026 00:00 - 10/04/2026 00:00","CTA|DE(50Hertz)","PSW Markersbach PSS C","11WD8MARK1H---CI","Hydro Pumped Storage","11WD8MARK1H---CI","09/04/2026 00:00 - 09/04/2026 01:00","0.00",""
"09/04/2026 00:00 - 10/04/2026 00:00","CTA|DE(50Hertz)","PSW Markersbach PSS C","11WD8MARK1H---CI","Hydro Pumped Storage","11WD8MARK1H---CI","09/04/2026 01:00 - 09/04/2026 02:00","0.00",""
"09/04/2026 00:00 - 10/04/2026 00:00","CTA|DE(50Hertz)","PSW Markersbach PSS C","11WD8MARK1H---CI","Hydro Pumped Storage","11WD8MARK1H---CI","09/04/2026 02:00 - 09/04/2026 03:00","0.00",""
"09/04/2026 00:00 - 10/04/2026 00:00","CTA|DE(50Hertz)","PSW Markersbach PSS C","11WD8MARK1H---CI","Hydro Pumped Storage","11WD8MARK1H---CI","09/04/2026 03:00 - 09/04/2026 04:00","0.00",""
"09/04/2026 00:00 - 10/04/2026 00:00","CTA|DE(50Hertz)","PSW Markersbach PSS C","11WD8MARK1H---CI","Hydro Pumped Storage","11WD8MARK1H---CI","09/04/2026 04:00 - 09/04/2026 05:00","0.00",""
"09/04/2026 00:00 - 10/04/2026 00:00","CTA|DE(50Hertz)","PSW Markersbach PSS C","11WD8MARK1H---CI","Hydro Pumped Storage","11WD8MARK1H---CI","09/04/2026 05:00 - 09/04/2026 06:00","0.75",""
"09/04/2026 00:00 - 10/04/2026 00:00","CTA|DE(50Hertz)","PSW Markersbach PSS C","11WD8MARK1H---CI","Hydro Pumped Storage","11WD8MARK1H---CI","09/04/2026 06:00 - 09/04/2026 07:00","142.50",""
"09/04/2026 00:00 - 10/04/2026 00:00","CTA|DE(50Hertz)","PSW Markersbach PSS C","11WD8MARK1H---CI","Hydro Pumped Storage","11WD8MARK1H---CI","09/04/2026 07:00 - 09/04/2026 08:00","153.50",""
"09/04/2026 00:00 - 10/04/2026 00:00","CTA|DE(50Hertz)","PSW Markersbach PSS C","11WD8MARK1H---CI","Hydro Pumped Storage","11WD8MARK1H---CI","09/04/2026 08:00 - 09/04/2026 09:00","0.00",""
"09/04/2026 00:00 - 10/04/2026 00:00","CTA|DE(50Hertz)","PSW Markersbach PSS C","11WD8MARK1H---CI","Hydro Pumped Storage","11WD8MARK1H---CI","09/04/2026 09:00 - 09/04/2026 10:00","0.00",""
"09/04/2026 00:00 - 10/04/2026 00:00","CTA|DE(50Hertz)","PSW Markersbach PSS C","11WD8MARK1H---CI","Hydro Pumped Storage","11WD8MARK1H---CI","09/04/2026 10:00 - 09/04/2026 11:00","0.00",""
"09/04/2026 00:00 - 10/04/2026 00:00","CTA|DE(50Hertz)","PSW Markersbach PSS C","11WD8MARK1H---CI","Hydro Pumped Storage","11WD8MARK1H---CI","09/04/2026 11:00 - 09/04/2026 12:00","0.00",""
"09/04/2026 00:00 - 10/04/2026 00:00","CTA|DE(50Hertz)","PSW Markersbach PSS C","11WD8MARK1H---CI","Hydro Pumped Storage","11WD8MARK1H---CI","09/04/2026 12:00 - 09/04/2026 13:00","0.00",""
"09/04/2026 00:00 - 10/04/2026 00:00","CTA|DE(50Hertz)","PSW Markersbach PSS C","11WD8MARK1H---CI","Hydro Pumped Storage","11WD8MARK1H---CI","09/04/2026 13:00 - 09/04/2026 14:00","0.00",""
"09/04/2026 00:00 - 10/04/2026 00:00","CTA|DE(50Hertz)","PSW Markersbach PSS C","11WD8MARK1H---CI","Hydro Pumped Storage","11WD8MARK1H---CI","09/04/2026 14:00 - 09/04/2026 15:00","0.00",""
"09/04/2026 00:00 - 10/04/2026 00:00","CTA|DE(50Hertz)","PSW Markersbach PSS C","11WD8MARK1H---CI","Hydro Pumped Storage","11WD8MARK1H---CI","09/04/2026 15:00 - 09/04/2026 16:00","0.00",""
"09/04/2026 00:00 - 10/04/2026 00:00","CTA|DE(50Hertz)","PSW Markersbach PSS C","11WD8MARK1H---CI","Hydro Pumped Storage","11WD8MARK1H---CI","09/04/2026 16:00 - 09/04/2026 17:00","0.00",""
"09/04/2026 00:00 - 10/04/2026 00:00","CTA|DE(50Hertz)","PSW Markersbach PSS C","11WD8MARK1H---CI","Hydro Pumped Storage","11WD8MARK1H---CI","09/04/2026 17:00 - 09/04/2026 18:00","35.75",""
"09/04/2026 00:00 - 10/04/2026 00:00","CTA|DE(50Hertz)","PSW Markersbach PSS C","11WD8MARK1H---CI","Hydro Pumped Storage","11WD8MARK1H---CI","09/04/2026 18:00 - 09/04/2026 19:00","127.00",""
"09/04/2026 00:00 - 10/04/2026 00:00","CTA|DE(50Hertz)","PSW Markersbach PSS C","11WD8MARK1H---CI","Hydro Pumped Storage","11WD8MARK1H---CI","09/04/2026 19:00 - 09/04/2026 20:00","165.75",""
"09/04/2026 00:00 - 10/04/2026 00:00","CTA|DE(50Hertz)","PSW Markersbach PSS C","11WD8MARK1H---CI","Hydro Pumped Storage","11WD8MARK1H---CI","09/04/2026 20:00 - 09/04/2026 21:00","162.75",""
"09/04/2026 00:00 - 10/04/2026 00:00","CTA|DE(50Hertz)","PSW Markersbach PSS C","11WD8MARK1H---CI","Hydro Pumped Storage","11WD8MARK1H---CI","09/04/2026 21:00 - 09/04/2026 22:00","118.25",""
"09/04/2026 00:00 - 10/04/2026 00:00","CTA|DE(50Hertz)","PSW Markersbach PSS C","11WD8MARK1H---CI","Hydro Pumped Storage","11WD8MARK1H---CI","09/04/2026 22:00 - 09/04/2026 23:00","67.75",""
"09/04/2026 00:00 - 10/04/2026 00:00","CTA|DE(50Hertz)","PSW Markersbach PSS C","11WD8MARK1H---CI","Hydro Pumped Storage","11WD8MARK1H---CI","09/04/2026 23:00 - 10/04/2026 00:00","0.00",""
"09/04/2026 00:00 - 10/04/2026 00:00","CTA|DE(50Hertz)","PSW Markersbach PSS D","11WD8MARK1H---DG","Hydro Pumped Storage","11WD8MARK1H---DG","09/04/2026 00:00 - 09/04/2026 01:00","0.00",""
"09/04/2026 00:00 - 10/04/2026 00:00","CTA|DE(50Hertz)","PSW Markersbach PSS D","11WD8MARK1H---DG","Hydro Pumped Storage","11WD8MARK1H---DG","09/04/2026 01:00 - 09/04/2026 02:00","0.00",""
"09/04/2026 00:00 - 10/04/2026 00:00","CTA|DE(50Hertz)","PSW Markersbach PSS D","11WD8MARK1H---DG","Hydro Pumped Storage","11WD8MARK1H---DG","09/04/2026 02:00 - 09/04/2026 03:00","0.00",""
"09/04/2026 00:00 - 10/04/2026 00:00","CTA|DE(50Hertz)","PSW Markersbach PSS D","11WD8MARK1H---DG","Hydro Pumped Storage","11WD8MARK1H---DG","09/04/2026 03:00 - 09/04/2026 04:00","0.00",""
"09/04/2026 00:00 - 10/04/2026 00:00","CTA|DE(50Hertz)","PSW Markersbach PSS D","11WD8MARK1H---DG","Hydro Pumped Storage","11WD8MARK1H---DG","09/04/2026 04:00 - 09/04/2026 05:00","0.00",""
"09/04/2026 00:00 - 10/04/2026 00:00","CTA|DE(50Hertz)","PSW Markersbach PSS D","11WD8MARK1H---DG","Hydro Pumped Storage","11WD8MARK1H---DG","09/04/2026 05:00 - 09/04/2026 06:00","0.00",""
"09/04/2026 00:00 - 10/04/2026 00:00","CTA|DE(50Hertz)","PSW Markersbach PSS D","11WD8MARK1H---DG","Hydro Pumped Storage","11WD8MARK1H---DG","09/04/2026 06:00 - 09/04/2026 07:00","118.00",""
"09/04/2026 00:00 - 10/04/2026 00:00","CTA|DE(50Hertz)","PSW Markersbach PSS D","11WD8MARK1H---DG","Hydro Pumped Storage","11WD8MARK1H---DG","09/04/2026 07:00 - 09/04/2026 08:00","153.50",""
"09/04/2026 00:00 - 10/04/2026 00:00","CTA|DE(50Hertz)","PSW Markersbach PSS D","11WD8MARK1H---DG","Hydro Pumped Storage","11WD8MARK1H---DG","09/04/2026 08:00 - 09/04/2026 09:00","100.25",""
"09/04/2026 00:00 - 10/04/2026 00:00","CTA|DE(50Hertz)","PSW Markersbach PSS D","11WD8MARK1H---DG","Hydro Pumped Storage","11WD8MARK1H---DG","09/04/2026 09:00 - 09/04/2026 10:00","0.00",""
"09/04/2026 00:00 - 10/04/2026 00:00","CTA|DE(50Hertz)","PSW Markersbach PSS D","11WD8MARK1H---DG","Hydro Pumped Storage","11WD8MARK1H---DG","09/04/2026 10:00 - 09/04/2026 11:00","0.00",""
"09/04/2026 00:00 - 10/04/2026 00:00","CTA|DE(50Hertz)","PSW Markersbach PSS D","11WD8MARK1H---DG","Hydro Pumped Storage","11WD8MARK1H---DG","09/04/2026 11:00 - 09/04/2026 12:00","0.00",""
"09/04/2026 00:00 - 10/04/2026 00:00","CTA|DE(50Hertz)","PSW Markersbach PSS D","11WD8MARK1H---DG","Hydro Pumped Storage","11WD8MARK1H---DG","09/04/2026 12:00 - 09/04/2026 13:00","0.00",""
"09/04/2026 00:00 - 10/04/2026 00:00","CTA|DE(50Hertz)","PSW Markersbach PSS D","11WD8MARK1H---DG","Hydro Pumped Storage","11WD8MARK1H---DG","09/04/2026 13:00 - 09/04/2026 14:00","0.00",""
"09/04/2026 00:00 - 10/04/2026 00:00","CTA|DE(50Hertz)","PSW Markersbach PSS D","11WD8MARK1H---DG","Hydro Pumped Storage","11WD8MARK1H---DG","09/04/2026 14:00 - 09/04/2026 15:00","0.00",""
"09/04/2026 00:00 - 10/04/2026 00:00","CTA|DE(50Hertz)","PSW Markersbach PSS D","11WD8MARK1H---DG","Hydro Pumped Storage","11WD8MARK1H---DG","09/04/2026 15:00 - 09/04/2026 16:00","0.00",""
"09/04/2026 00:00 - 10/04/2026 00:00","CTA|DE(50Hertz)","PSW Markersbach PSS D","11WD8MARK1H---DG","Hydro Pumped Storage","11WD8MARK1H---DG","09/04/2026 16:00 - 09/04/2026 17:00","0.00",""
"09/04/2026 00:00 - 10/04/2026 00:00","CTA|DE(50Hertz)","PSW Markersbach PSS D","11WD8MARK1H---DG","Hydro Pumped Storage","11WD8MARK1H---DG","09/04/2026 17:00 - 09/04/2026 18:00","0.00",""
"09/04/2026 00:00 - 10/04/2026 00:00","CTA|DE(50Hertz)","PSW Markersbach PSS D","11WD8MARK1H---DG","Hydro Pumped Storage","11WD8MARK1H---DG","09/04/2026 18:00 - 09/04/2026 19:00","126.75",""
"09/04/2026 00:00 - 10/04/2026 00:00","CTA|DE(50Hertz)","PSW Markersbach PSS D","11WD8MARK1H---DG","Hydro Pumped Storage","11WD8MARK1H---DG","09/04/2026 19:00 - 09/04/2026 20:00","165.50",""
"09/04/2026 00:00 - 10/04/2026 00:00","CTA|DE(50Hertz)","PSW Markersbach PSS D","11WD8MARK1H---DG","Hydro Pumped Storage","11WD8MARK1H---DG","09/04/2026 20:00 - 09/04/2026 21:00","162.50",""
"09/04/2026 00:00 - 10/04/2026 00:00","CTA|DE(50Hertz)","PSW Markersbach PSS D","11WD8MARK1H---DG","Hydro Pumped Storage","11WD8MARK1H---DG","09/04/2026 21:00 - 09/04/2026 22:00","79.75",""
"09/04/2026 00:00 - 10/04/2026 00:00","CTA|DE(50Hertz)","PSW Markersbach PSS D","11WD8MARK1H---DG","Hydro Pumped Storage","11WD8MARK1H---DG","09/04/2026 22:00 - 09/04/2026 23:00","38.75",""
"09/04/2026 00:00 - 10/04/2026 00:00","CTA|DE(50Hertz)","PSW Markersbach PSS D","11WD8MARK1H---DG","Hydro Pumped Storage","11WD8MARK1H---DG","09/04/2026 23:00 - 10/04/2026 00:00","0.00",""
"09/04/2026 00:00 - 10/04/2026 00:00","CTA|DE(50Hertz)","PSW Markersbach PSS E","11WD8MARK1H---EE","Hydro Pumped Storage","11WD8MARK1H---EE","09/04/2026 00:00 - 09/04/2026 01:00","0.00",""
"09/04/2026 00:00 - 10/04/2026 00:00","CTA|DE(50Hertz)","PSW Markersbach PSS E","11WD8MARK1H---EE","Hydro Pumped Storage","11WD8MARK1H---EE","09/04/2026 01:00 - 09/04/2026 02:00","0.00",""
"09/04/2026 00:00 - 10/04/2026 00:00","CTA|DE(50Hertz)","PSW Markersbach PSS E","11WD8MARK1H---EE","Hydro Pumped Storage","11WD8MARK1H---EE","09/04/2026 02:00 - 09/04/2026 03:00","0.00",""
"09/04/2026 00:00 - 10/04/2026 00:00","CTA|DE(50Hertz)","PSW Markersbach PSS E","11WD8MARK1H---EE","Hydro Pumped Storage","11WD8MARK1H---EE","09/04/2026 03:00 - 09/04/2026 04:00","0.00",""
"09/04/2026 00:00 - 10/04/2026 00:00","CTA|DE(50Hertz)","PSW Markersbach PSS E","11WD8MARK1H---EE","Hydro Pumped Storage","11WD8MARK1H---EE","09/04/2026 04:00 - 09/04/2026 05:00","0.00",""
"09/04/2026 00:00 - 10/04/2026 00:00","CTA|DE(50Hertz)","PSW Markersbach PSS E","11WD8MARK1H---EE","Hydro Pumped Storage","11WD8MARK1H---EE","09/04/2026 05:00 - 09/04/2026 06:00","0.00",""
"09/04/2026 00:00 - 10/04/2026 00:00","CTA|DE(50Hertz)","PSW Markersbach PSS E","11WD8MARK1H---EE","Hydro Pumped Storage","11WD8MARK1H---EE","09/04/2026 06:00 - 09/04/2026 07:00","104.00",""
"09/04/2026 00:00 - 10/04/2026 00:00","CTA|DE(50Hertz)","PSW Markersbach PSS E","11WD8MARK1H---EE","Hydro Pumped Storage","11WD8MARK1H---EE","09/04/2026 07:00 - 09/04/2026 08:00","150.00",""
"09/04/2026 00:00 - 10/04/2026 00:00","CTA|DE(50Hertz)","PSW Markersbach PSS E","11WD8MARK1H---EE","Hydro Pumped Storage","11WD8MARK1H---EE","09/04/2026 08:00 - 09/04/2026 09:00","100.50",""
"09/04/2026 00:00 - 10/04/2026 00:00","CTA|DE(50Hertz)","PSW Markersbach PSS E","11WD8MARK1H---EE","Hydro Pumped Storage","11WD8MARK1H---EE","09/04/2026 09:00 - 09/04/2026 10:00","0.00",""
"09/04/2026 00:00 - 10/04/2026 00:00","CTA|DE(50Hertz)","PSW Markersbach PSS E","11WD8MARK1H---EE","Hydro Pumped Storage","11WD8MARK1H---EE","09/04/2026 10:00 - 09/04/2026 11:00","0.00",""
"09/04/2026 00:00 - 10/04/2026 00:00","CTA|DE(50Hertz)","PSW Markersbach PSS E","11WD8MARK1H---EE","Hydro Pumped Storage","11WD8MARK1H---EE","09/04/2026 11:00 - 09/04/2026 12:00","0.00",""
"09/04/2026 00:00 - 10/04/2026 00:00","CTA|DE(50Hertz)","PSW Markersbach PSS E","11WD8MARK1H---EE","Hydro Pumped Storage","11WD8MARK1H---EE","09/04/2026 12:00 - 09/04/2026 13:00","0.00",""
"09/04/2026 00:00 - 10/04/2026 00:00","CTA|DE(50Hertz)","PSW Markersbach PSS E","11WD8MARK1H---EE","Hydro Pumped Storage","11WD8MARK1H---EE","09/04/2026 13:00 - 09/04/2026 14:00","0.00",""
"09/04/2026 00:00 - 10/04/2026 00:00","CTA|DE(50Hertz)","PSW Markersbach PSS E","11WD8MARK1H---EE","Hydro Pumped Storage","11WD8MARK1H---EE","09/04/2026 14:00 - 09/04/2026 15:00","0.00",""
"09/04/2026 00:00 - 10/04/2026 00:00","CTA|DE(50Hertz)","PSW Markersbach PSS E","11WD8MARK1H---EE","Hydro Pumped Storage","11WD8MARK1H---EE","09/04/2026 15:00 - 09/04/2026 16:00","0.00",""
"09/04/2026 00:00 - 10/04/2026 00:00","CTA|DE(50Hertz)","PSW Markersbach PSS E","11WD8MARK1H---EE","Hydro Pumped Storage","11WD8MARK1H---EE","09/04/2026 16:00 - 09/04/2026 17:00","0.00",""
"09/04/2026 00:00 - 10/04/2026 00:00","CTA|DE(50Hertz)","PSW Markersbach PSS E","11WD8MARK1H---EE","Hydro Pumped Storage","11WD8MARK1H---EE","09/04/2026 17:00 - 09/04/2026 18:00","0.00",""
"09/04/2026 00:00 - 10/04/2026 00:00","CTA|DE(50Hertz)","PSW Markersbach PSS E","11WD8MARK1H---EE","Hydro Pumped Storage","11WD8MARK1H---EE","09/04/2026 18:00 - 09/04/2026 19:00","127.50",""
"09/04/2026 00:00 - 10/04/2026 00:00","CTA|DE(50Hertz)","PSW Markersbach PSS E","11WD8MARK1H---EE","Hydro Pumped Storage","11WD8MARK1H---EE","09/04/2026 19:00 - 09/04/2026 20:00","157.75",""
"09/04/2026 00:00 - 10/04/2026 00:00","CTA|DE(50Hertz)","PSW Markersbach PSS E","11WD8MARK1H---EE","Hydro Pumped Storage","11WD8MARK1H---EE","09/04/2026 20:00 - 09/04/2026 21:00","163.50",""
"09/04/2026 00:00 - 10/04/2026 00:00","CTA|DE(50Hertz)","PSW Markersbach PSS E","11WD8MARK1H---EE","Hydro Pumped Storage","11WD8MARK1H---EE","09/04/2026 21:00 - 09/04/2026 22:00","80.25",""
"09/04/2026 00:00 - 10/04/2026 00:00","CTA|DE(50Hertz)","PSW Markersbach PSS E","11WD8MARK1H---EE","Hydro Pumped Storage","11WD8MARK1H---EE","09/04/2026 22:00 - 09/04/2026 23:00","0.00",""
"09/04/2026 00:00 - 10/04/2026 00:00","CTA|DE(50Hertz)","PSW Markersbach PSS E","11WD8MARK1H---EE","Hydro Pumped Storage","11WD8MARK1H---EE","09/04/2026 23:00 - 10/04/2026 00:00","0.00",""
"09/04/2026 00:00 - 10/04/2026 00:00","CTA|DE(50Hertz)","PSW Markersbach PSS F","11WD8MARK1H---FC","Hydro Pumped Storage","11WD8MARK1H---FC","09/04/2026 00:00 - 09/04/2026 01:00","0.00",""
"09/04/2026 00:00 - 10/04/2026 00:00","CTA|DE(50Hertz)","PSW Markersbach PSS F","11WD8MARK1H---FC","Hydro Pumped Storage","11WD8MARK1H---FC","09/04/2026 01:00 - 09/04/2026 02:00","0.00",""
"09/04/2026 00:00 - 10/04/2026 00:00","CTA|DE(50Hertz)","PSW Markersbach PSS F","11WD8MARK1H---FC","Hydro Pumped Storage","11WD8MARK1H---FC","09/04/2026 02:00 - 09/04/2026 03:00","0.00",""
"09/04/2026 00:00 - 10/04/2026 00:00","CTA|DE(50Hertz)","PSW Markersbach PSS F","11WD8MARK1H---FC","Hydro Pumped Storage","11WD8MARK1H---FC","09/04/2026 03:00 - 09/04/2026 04:00","0.00",""
"09/04/2026 00:00 - 10/04/2026 00:00","CTA|DE(50Hertz)","PSW Markersbach PSS F","11WD8MARK1H---FC","Hydro Pumped Storage","11WD8MARK1H---FC","09/04/2026 04:00 - 09/04/2026 05:00","0.00",""
"09/04/2026 00:00 - 10/04/2026 00:00","CTA|DE(50Hertz)","PSW Markersbach PSS F","11WD8MARK1H---FC","Hydro Pumped Storage","11WD8MARK1H---FC","09/04/2026 05:00 - 09/04/2026 06:00","0.00",""
"09/04/2026 00:00 - 10/04/2026 00:00","CTA|DE(50Hertz)","PSW Markersbach PSS F","11WD8MARK1H---FC","Hydro Pumped Storage","11WD8MARK1H---FC","09/04/2026 06:00 - 09/04/2026 07:00","0.00",""
"09/04/2026 00:00 - 10/04/2026 00:00","CTA|DE(50Hertz)","PSW Markersbach PSS F","11WD8MARK1H---FC","Hydro Pumped Storage","11WD8MARK1H---FC","09/04/2026 07:00 - 09/04/2026 08:00","0.00",""
"09/04/2026 00:00 - 10/04/2026 00:00","CTA|DE(50Hertz)","PSW Markersbach PSS F","11WD8MARK1H---FC","Hydro Pumped Storage","11WD8MARK1H---FC","09/04/2026 08:00 - 09/04/2026 09:00","0.00",""
"09/04/2026 00:00 - 10/04/2026 00:00","CTA|DE(50Hertz)","PSW Markersbach PSS F","11WD8MARK1H---FC","Hydro Pumped Storage","11WD8MARK1H---FC","09/04/2026 09:00 - 09/04/2026 10:00","0.00",""
"09/04/2026 00:00 - 10/04/2026 00:00","CTA|DE(50Hertz)","PSW Markersbach PSS F","11WD8MARK1H---FC","Hydro Pumped Storage","11WD8MARK1H---FC","09/04/2026 10:00 - 09/04/2026 11:00","0.00",""
"09/04/2026 00:00 - 10/04/2026 00:00","CTA|DE(50Hertz)","PSW Markersbach PSS F","11WD8MARK1H---FC","Hydro Pumped Storage","11WD8MARK1H---FC","09/04/2026 11:00 - 09/04/2026 12:00","0.00",""
"09/04/2026 00:00 - 10/04/2026 00:00","CTA|DE(50Hertz)","PSW Markersbach PSS F","11WD8MARK1H---FC","Hydro Pumped Storage","11WD8MARK1H---FC","09/04/2026 12:00 - 09/04/2026 13:00","0.00",""
"09/04/2026 00:00 - 10/04/2026 00:00","CTA|DE(50Hertz)","PSW Markersbach PSS F","11WD8MARK1H---FC","Hydro Pumped Storage","11WD8MARK1H---FC","09/04/2026 13:00 - 09/04/2026 14:00","0.00",""
"09/04/2026 00:00 - 10/04/2026 00:00","CTA|DE(50Hertz)","PSW Markersbach PSS F","11WD8MARK1H---FC","Hydro Pumped Storage","11WD8MARK1H---FC","09/04/2026 14:00 - 09/04/2026 15:00","0.00",""
"09/04/2026 00:00 - 10/04/2026 00:00","CTA|DE(50Hertz)","PSW Markersbach PSS F","11WD8MARK1H---FC","Hydro Pumped Storage","11WD8MARK1H---FC","09/04/2026 15:00 - 09/04/2026 16:00","0.00",""
"09/04/2026 00:00 - 10/04/2026 00:00","CTA|DE(50Hertz)","PSW Markersbach PSS F","11WD8MARK1H---FC","Hydro Pumped Storage","11WD8MARK1H---FC","09/04/2026 16:00 - 09/04/2026 17:00","0.00",""
"09/04/2026 00:00 - 10/04/2026 00:00","CTA|DE(50Hertz)","PSW Markersbach PSS F","11WD8MARK1H---FC","Hydro Pumped Storage","11WD8MARK1H---FC","09/04/2026 17:00 - 09/04/2026 18:00","0.00",""
"09/04/2026 00:00 - 10/04/2026 00:00","CTA|DE(50Hertz)","PSW Markersbach PSS F","11WD8MARK1H---FC","Hydro Pumped Storage","11WD8MARK1H---FC","09/04/2026 18:00 - 09/04/2026 19:00","0.00",""
"09/04/2026 00:00 - 10/04/2026 00:00","CTA|DE(50Hertz)","PSW Markersbach PSS F","11WD8MARK1H---FC","Hydro Pumped Storage","11WD8MARK1H---FC","09/04/2026 19:00 - 09/04/2026 20:00","0.00",""
"09/04/2026 00:00 - 10/04/2026 00:00","CTA|DE(50Hertz)","PSW Markersbach PSS F","11WD8MARK1H---FC","Hydro Pumped Storage","11WD8MARK1H---FC","09/04/2026 20:00 - 09/04/2026 21:00","0.00",""
"09/04/2026 00:00 - 10/04/2026 00:00","CTA|DE(50Hertz)","PSW Markersbach PSS F","11WD8MARK1H---FC","Hydro Pumped Storage","11WD8MARK1H---FC","09/04/2026 21:00 - 09/04/2026 22:00","0.00",""
"09/04/2026 00:00 - 10/04/2026 00:00","CTA|DE(50Hertz)","PSW Markersbach PSS F","11WD8MARK1H---FC","Hydro Pumped Storage","11WD8MARK1H---FC","09/04/2026 22:00 - 09/04/2026 23:00","0.00",""
"09/04/2026 00:00 - 10/04/2026 00:00","CTA|DE(50Hertz)","PSW Markersbach PSS F","11WD8MARK1H---FC","Hydro Pumped Storage","11WD8MARK1H---FC","09/04/2026 23:00 - 10/04/2026 00:00","0.00",""
"09/04/2026 00:00 - 10/04/2026 00:00","CTA|DE(50Hertz)","HKW Mitte GUD","11WD8MITT5GGUD-8","Fossil Gas","11WD8MITT5GGUD-8","09/04/2026 00:00 - 09/04/2026 01:00","228.25",""
"09/04/2026 00:00 - 10/04/2026 00:00","CTA|DE(50Hertz)","HKW Mitte GUD","11WD8MITT5GGUD-8","Fossil Gas","11WD8MITT5GGUD-8","09/04/2026 01:00 - 09/04/2026 02:00","229.00",""
"09/04/2026 00:00 - 10/04/2026 00:00","CTA|DE(50Hertz)","HKW Mitte GUD","11WD8MITT5GGUD-8","Fossil Gas","11WD8MITT5GGUD-8","09/04/2026 02:00 - 09/04/2026 03:00","229.00",""
"09/04/2026 00:00 - 10/04/2026 00:00","CTA|DE(50Hertz)","HKW Mitte GUD","11WD8MITT5GGUD-8","Fossil Gas","11WD8MITT5GGUD-8","09/04/2026 03:00 - 09/04/2026 04:00","229.00",""
"09/04/2026 00:00 - 10/04/2026 00:00","CTA|DE(50Hertz)","HKW Mitte GUD","11WD8MITT5GGUD-8","Fossil Gas","11WD8MITT5GGUD-8","09/04/2026 04:00 - 09/04/2026 05:00","229.00",""
"09/04/2026 00:00 - 10/04/2026 00:00","CTA|DE(50Hertz)","HKW Mitte GUD","11WD8MITT5GGUD-8","Fossil Gas","11WD8MITT5GGUD-8","09/04/2026 05:00 - 09/04/2026 06:00","229.00",""
"09/04/2026 00:00 - 10/04/2026 00:00","CTA|DE(50Hertz)","HKW Mitte GUD","11WD8MITT5GGUD-8","Fossil Gas","11WD8MITT5GGUD-8","09/04/2026 06:00 - 09/04/2026 07:00","229.00",""
"09/04/2026 00:00 - 10/04/2026 00:00","CTA|DE(50Hertz)","HKW Mitte GUD","11WD8MITT5GGUD-8","Fossil Gas","11WD8MITT5GGUD-8","09/04/2026 07:00 - 09/04/2026 08:00","228.00",""
"09/04/2026 00:00 - 10/04/2026 00:00","CTA|DE(50Hertz)","HKW Mitte GUD","11WD8MITT5GGUD-8","Fossil Gas","11WD8MITT5GGUD-8","09/04/2026 08:00 - 09/04/2026 09:00","228.00",""
"09/04/2026 00:00 - 10/04/2026 00:00","CTA|DE(50Hertz)","HKW Mitte GUD","11WD8MITT5GGUD-8","Fossil Gas","11WD8MITT5GGUD-8","09/04/2026 09:00 - 09/04/2026 10:00","218.25",""
"09/04/2026 00:00 - 10/04/2026 00:00","CTA|DE(50Hertz)","HKW Mitte GUD","11WD8MITT5GGUD-8","Fossil Gas","11WD8MITT5GGUD-8","09/04/2026 10:00 - 09/04/2026 11:00","111.00",""
"09/04/2026 00:00 - 10/04/2026 00:00","CTA|DE(50Hertz)","HKW Mitte GUD","11WD8MITT5GGUD-8","Fossil Gas","11WD8MITT5GGUD-8","09/04/2026 11:00 - 09/04/2026 12:00","61.75",""
"09/04/2026 00:00 - 10/04/2026 00:00","CTA|DE(50Hertz)","HKW Mitte GUD","11WD8MITT5GGUD-8","Fossil Gas","11WD8MITT5GGUD-8","09/04/2026 12:00 - 09/04/2026 13:00","61.50",""
"09/04/2026 00:00 - 10/04/2026 00:00","CTA|DE(50Hertz)","HKW Mitte GUD","11WD8MITT5GGUD-8","Fossil Gas","11WD8MITT5GGUD-8","09/04/2026 13:00 - 09/04/2026 14:00","61.75",""
"09/04/2026 00:00 - 10/04/2026 00:00","CTA|DE(50Hertz)","HKW Mitte GUD","11WD8MITT5GGUD-8","Fossil Gas","11WD8MITT5GGUD-8","09/04/2026 14:00 - 09/04/2026 15:00","62.00",""
"09/04/2026 00:00 - 10/04/2026 00:00","CTA|DE(50Hertz)","HKW Mitte GUD","11WD8MITT5GGUD-8","Fossil Gas","11WD8MITT5GGUD-8","09/04/2026 15:00 - 09/04/2026 16:00","57.25",""
"09/04/2026 00:00 - 10/04/2026 00:00","CTA|DE(50Hertz)","HKW Mitte GUD","11WD8MITT5GGUD-8","Fossil Gas","11WD8MITT5GGUD-8","09/04/2026 16:00 - 09/04/2026 17:00","58.50",""
"09/04/2026 00:00 - 10/04/2026 00:00","CTA|DE(50Hertz)","HKW Mitte GUD","11WD8MITT5GGUD-8","Fossil Gas","11WD8MITT5GGUD-8","09/04/2026 17:00 - 09/04/2026 18:00","146.25",""
"09/04/2026 00:00 - 10/04/2026 00:00","CTA|DE(50Hertz)","HKW Mitte GUD","11WD8MITT5GGUD-8","Fossil Gas","11WD8MITT5GGUD-8","09/04/2026 18:00 - 09/04/2026 19:00","190.50",""
"09/04/2026 00:00 - 10/04/2026 00:00","CTA|DE(50Hertz)","HKW Mitte GUD","11WD8MITT5GGUD-8","Fossil Gas","11WD8MITT5GGUD-8","09/04/2026 19:00 - 09/04/2026 20:00","191.25",""
"09/04/2026 00:00 - 10/04/2026 00:00","CTA|DE(50Hertz)","HKW Mitte GUD","11WD8MITT5GGUD-8","Fossil Gas","11WD8MITT5GGUD-8","09/04/2026 20:00 - 09/04/2026 21:00","224.50",""
"09/04/2026 00:00 - 10/04/2026 00:00","CTA|DE(50Hertz)","HKW Mitte GUD","11WD8MITT5GGUD-8","Fossil Gas","11WD8MITT5GGUD-8","09/04/2026 21:00 - 09/04/2026 22:00","182.50",""
"09/04/2026 00:00 - 10/04/2026 00:00","CTA|DE(50Hertz)","HKW Mitte GUD","11WD8MITT5GGUD-8","Fossil Gas","11WD8MITT5GGUD-8","09/04/2026 22:00 - 09/04/2026 23:00","171.75",""
"09/04/2026 00:00 - 10/04/2026 00:00","CTA|DE(50Hertz)","HKW Mitte GUD","11WD8MITT5GGUD-8","Fossil Gas","11WD8MITT5GGUD-8","09/04/2026 23:00 - 10/04/2026 00:00","100.50",""
"09/04/2026 00:00 - 10/04/2026 00:00","CTA|DE(50Hertz)","HKW Reuter West Block D","11WD8REUW1C---DD","Fossil Hard coal","11WD8REUW1C---DD","09/04/2026 00:00 - 09/04/2026 01:00","0.00",""
"09/04/2026 00:00 - 10/04/2026 00:00","CTA|DE(50Hertz)","HKW Reuter West Block D","11WD8REUW1C---DD","Fossil Hard coal","11WD8REUW1C---DD","09/04/2026 01:00 - 09/04/2026 02:00","0.00",""
"09/04/2026 00:00 - 10/04/2026 00:00","CTA|DE(50Hertz)","HKW Reuter West Block D","11WD8REUW1C---DD","Fossil Hard coal","11WD8REUW1C---DD","09/04/2026 02:00 - 09/04/2026 03:00","0.00",""
"09/04/2026 00:00 - 10/04/2026 00:00","CTA|DE(50Hertz)","HKW Reuter West Block D","11WD8REUW1C---DD","Fossil Hard coal","11WD8REUW1C---DD","09/04/2026 03:00 - 09/04/2026 04:00","0.00",""
"09/04/2026 00:00 - 10/04/2026 00:00","CTA|DE(50Hertz)","HKW Reuter West Block D","11WD8REUW1C---DD","Fossil Hard coal","11WD8REUW1C---DD","09/04/2026 04:00 - 09/04/2026 05:00","0.00",""
"09/04/2026 00:00 - 10/04/2026 00:00","CTA|DE(50Hertz)","HKW Reuter West Block D","11WD8REUW1C---DD","Fossil Hard coal","11WD8REUW1C---DD","09/04/2026 05:00 - 09/04/2026 06:00","0.00",""
"09/04/2026 00:00 - 10/04/2026 00:00","CTA|DE(50Hertz)","HKW Reuter West Block D","11WD8REUW1C---DD","Fossil Hard coal","11WD8REUW1C---DD","09/04/2026 06:00 - 09/04/2026 07:00","0.00",""
"09/04/2026 00:00 - 10/04/2026 00:00","CTA|DE(50Hertz)","HKW Reuter West Block D","11WD8REUW1C---DD","Fossil Hard coal","11WD8REUW1C---DD","09/04/2026 07:00 - 09/04/2026 08:00","0.00",""
"09/04/2026 00:00 - 10/04/2026 00:00","CTA|DE(50Hertz)","HKW Reuter West Block D","11WD8REUW1C---DD","Fossil Hard coal","11WD8REUW1C---DD","09/04/2026 08:00 - 09/04/2026 09:00","0.00",""
"09/04/2026 00:00 - 10/04/2026 00:00","CTA|DE(50Hertz)","HKW Reuter West Block D","11WD8REUW1C---DD","Fossil Hard coal","11WD8REUW1C---DD","09/04/2026 09:00 - 09/04/2026 10:00","0.00",""
"09/04/2026 00:00 - 10/04/2026 00:00","CTA|DE(50Hertz)","HKW Reuter West Block D","11WD8REUW1C---DD","Fossil Hard coal","11WD8REUW1C---DD","09/04/2026 10:00 - 09/04/2026 11:00","0.00",""
"09/04/2026 00:00 - 10/04/2026 00:00","CTA|DE(50Hertz)","HKW Reuter West Block D","11WD8REUW1C---DD","Fossil Hard coal","11WD8REUW1C---DD","09/04/2026 11:00 - 09/04/2026 12:00","0.00",""
"09/04/2026 00:00 - 10/04/2026 00:00","CTA|DE(50Hertz)","HKW Reuter West Block D","11WD8REUW1C---DD","Fossil Hard coal","11WD8REUW1C---DD","09/04/2026 12:00 - 09/04/2026 13:00","0.00",""
"09/04/2026 00:00 - 10/04/2026 00:00","CTA|DE(50Hertz)","HKW Reuter West Block D","11WD8REUW1C---DD","Fossil Hard coal","11WD8REUW1C---DD","09/04/2026 13:00 - 09/04/2026 14:00","0.00",""
"09/04/2026 00:00 - 10/04/2026 00:00","CTA|DE(50Hertz)","HKW Reuter West Block D","11WD8REUW1C---DD","Fossil Hard coal","11WD8REUW1C---DD","09/04/2026 14:00 - 09/04/2026 15:00","0.00",""
"09/04/2026 00:00 - 10/04/2026 00:00","CTA|DE(50Hertz)","HKW Reuter West Block D","11WD8REUW1C---DD","Fossil Hard coal","11WD8REUW1C---DD","09/04/2026 15:00 - 09/04/2026 16:00","0.00",""
"09/04/2026 00:00 - 10/04/2026 00:00","CTA|DE(50Hertz)","HKW Reuter West Block D","11WD8REUW1C---DD","Fossil Hard coal","11WD8REUW1C---DD","09/04/2026 16:00 - 09/04/2026 17:00","0.00",""
"09/04/2026 00:00 - 10/04/2026 00:00","CTA|DE(50Hertz)","HKW Reuter West Block D","11WD8REUW1C---DD","Fossil Hard coal","11WD8REUW1C---DD","09/04/2026 17:00 - 09/04/2026 18:00","0.00",""
"09/04/2026 00:00 - 10/04/2026 00:00","CTA|DE(50Hertz)","HKW Reuter West Block D","11WD8REUW1C---DD","Fossil Hard coal","11WD8REUW1C---DD","09/04/2026 18:00 - 09/04/2026 19:00","0.00",""
"09/04/2026 00:00 - 10/04/2026 00:00","CTA|DE(50Hertz)","HKW Reuter West Block D","11WD8REUW1C---DD","Fossil Hard coal","11WD8REUW1C---DD","09/04/2026 19:00 - 09/04/2026 20:00","0.00",""
"09/04/2026 00:00 - 10/04/2026 00:00","CTA|DE(50Hertz)","HKW Reuter West Block D","11WD8REUW1C---DD","Fossil Hard coal","11WD8REUW1C---DD","09/04/2026 20:00 - 09/04/2026 21:00","0.00",""
"09/04/2026 00:00 - 10/04/2026 00:00","CTA|DE(50Hertz)","HKW Reuter West Block D","11WD8REUW1C---DD","Fossil Hard coal","11WD8REUW1C---DD","09/04/2026 21:00 - 09/04/2026 22:00","0.00",""
"09/04/2026 00:00 - 10/04/2026 00:00","CTA|DE(50Hertz)","HKW Reuter West Block D","11WD8REUW1C---DD","Fossil Hard coal","11WD8REUW1C---DD","09/04/2026 22:00 - 09/04/2026 23:00","0.00",""
"09/04/2026 00:00 - 10/04/2026 00:00","CTA|DE(50Hertz)","HKW Reuter West Block D","11WD8REUW1C---DD","Fossil Hard coal","11WD8REUW1C---DD","09/04/2026 23:00 - 10/04/2026 00:00","0.00",""
"09/04/2026 00:00 - 10/04/2026 00:00","CTA|DE(50Hertz)","HKW Reuter West Block E","11WD8REUW1C---EB","Fossil Hard coal","11WD8REUW1C---EB","09/04/2026 00:00 - 09/04/2026 01:00","123.00",""
"09/04/2026 00:00 - 10/04/2026 00:00","CTA|DE(50Hertz)","HKW Reuter West Block E","11WD8REUW1C---EB","Fossil Hard coal","11WD8REUW1C---EB","09/04/2026 01:00 - 09/04/2026 02:00","121.25",""
"09/04/2026 00:00 - 10/04/2026 00:00","CTA|DE(50Hertz)","HKW Reuter West Block E","11WD8REUW1C---EB","Fossil Hard coal","11WD8REUW1C---EB","09/04/2026 02:00 - 09/04/2026 03:00","120.50",""
"09/04/2026 00:00 - 10/04/2026 00:00","CTA|DE(50Hertz)","HKW Reuter West Block E","11WD8REUW1C---EB","Fossil Hard coal","11WD8REUW1C---EB","09/04/2026 03:00 - 09/04/2026 04:00","122.00",""
"09/04/2026 00:00 - 10/04/2026 00:00","CTA|DE(50Hertz)","HKW Reuter West Block E","11WD8REUW1C---EB","Fossil Hard coal","11WD8REUW1C---EB","09/04/2026 04:00 - 09/04/2026 05:00","122.75",""
"09/04/2026 00:00 - 10/04/2026 00:00","CTA|DE(50Hertz)","HKW Reuter West Block E","11WD8REUW1C---EB","Fossil Hard coal","11WD8REUW1C---EB","09/04/2026 05:00 - 09/04/2026 06:00","123.00",""
"09/04/2026 00:00 - 10/04/2026 00:00","CTA|DE(50Hertz)","HKW Reuter West Block E","11WD8REUW1C---EB","Fossil Hard coal","11WD8REUW1C---EB","09/04/2026 06:00 - 09/04/2026 07:00","121.50",""
"09/04/2026 00:00 - 10/04/2026 00:00","CTA|DE(50Hertz)","HKW Reuter West Block E","11WD8REUW1C---EB","Fossil Hard coal","11WD8REUW1C---EB","09/04/2026 07:00 - 09/04/2026 08:00","121.75",""
"09/04/2026 00:00 - 10/04/2026 00:00","CTA|DE(50Hertz)","HKW Reuter West Block E","11WD8REUW1C---EB","Fossil Hard coal","11WD8REUW1C---EB","09/04/2026 08:00 - 09/04/2026 09:00","120.25",""
"09/04/2026 00:00 - 10/04/2026 00:00","CTA|DE(50Hertz)","HKW Reuter West Block E","11WD8REUW1C---EB","Fossil Hard coal","11WD8REUW1C---EB","09/04/2026 09:00 - 09/04/2026 10:00","119.25",""
"09/04/2026 00:00 - 10/04/2026 00:00","CTA|DE(50Hertz)","HKW Reuter West Block E","11WD8REUW1C---EB","Fossil Hard coal","11WD8REUW1C---EB","09/04/2026 10:00 - 09/04/2026 11:00","44.00",""
"09/04/2026 00:00 - 10/04/2026 00:00","CTA|DE(50Hertz)","HKW Reuter West Block E","11WD8REUW1C---EB","Fossil Hard coal","11WD8REUW1C---EB","09/04/2026 11:00 - 09/04/2026 12:00","25.25",""
"09/04/2026 00:00 - 10/04/2026 00:00","CTA|DE(50Hertz)","HKW Reuter West Block E","11WD8REUW1C---EB","Fossil Hard coal","11WD8REUW1C---EB","09/04/2026 12:00 - 09/04/2026 13:00","29.00",""
"09/04/2026 00:00 - 10/04/2026 00:00","CTA|DE(50Hertz)","HKW Reuter West Block E","11WD8REUW1C---EB","Fossil Hard coal","11WD8REUW1C---EB","09/04/2026 13:00 - 09/04/2026 14:00","0.00",""
"09/04/2026 00:00 - 10/04/2026 00:00","CTA|DE(50Hertz)","HKW Reuter West Block E","11WD8REUW1C---EB","Fossil Hard coal","11WD8REUW1C---EB","09/04/2026 14:00 - 09/04/2026 15:00","0.00",""
"09/04/2026 00:00 - 10/04/2026 00:00","CTA|DE(50Hertz)","HKW Reuter West Block E","11WD8REUW1C---EB","Fossil Hard coal","11WD8REUW1C---EB","09/04/2026 15:00 - 09/04/2026 16:00","0.00",""
"09/04/2026 00:00 - 10/04/2026 00:00","CTA|DE(50Hertz)","HKW Reuter West Block E","11WD8REUW1C---EB","Fossil Hard coal","11WD8REUW1C---EB","09/04/2026 16:00 - 09/04/2026 17:00","62.25",""
"09/04/2026 00:00 - 10/04/2026 00:00","CTA|DE(50Hertz)","HKW Reuter West Block E","11WD8REUW1C---EB","Fossil Hard coal","11WD8REUW1C---EB","09/04/2026 17:00 - 09/04/2026 18:00","131.25",""
"09/04/2026 00:00 - 10/04/2026 00:00","CTA|DE(50Hertz)","HKW Reuter West Block E","11WD8REUW1C---EB","Fossil Hard coal","11WD8REUW1C---EB","09/04/2026 18:00 - 09/04/2026 19:00","155.25",""
"09/04/2026 00:00 - 10/04/2026 00:00","CTA|DE(50Hertz)","HKW Reuter West Block E","11WD8REUW1C---EB","Fossil Hard coal","11WD8REUW1C---EB","09/04/2026 19:00 - 09/04/2026 20:00","155.00",""
"09/04/2026 00:00 - 10/04/2026 00:00","CTA|DE(50Hertz)","HKW Reuter West Block E","11WD8REUW1C---EB","Fossil Hard coal","11WD8REUW1C---EB","09/04/2026 20:00 - 09/04/2026 21:00","155.75",""
"09/04/2026 00:00 - 10/04/2026 00:00","CTA|DE(50Hertz)","HKW Reuter West Block E","11WD8REUW1C---EB","Fossil Hard coal","11WD8REUW1C---EB","09/04/2026 21:00 - 09/04/2026 22:00","157.25",""
"09/04/2026 00:00 - 10/04/2026 00:00","CTA|DE(50Hertz)","HKW Reuter West Block E","11WD8REUW1C---EB","Fossil Hard coal","11WD8REUW1C---EB","09/04/2026 22:00 - 09/04/2026 23:00","156.00",""
"09/04/2026 00:00 - 10/04/2026 00:00","CTA|DE(50Hertz)","HKW Reuter West Block E","11WD8REUW1C---EB","Fossil Hard coal","11WD8REUW1C---EB","09/04/2026 23:00 - 10/04/2026 00:00","156.00",""
"09/04/2026 00:00 - 10/04/2026 00:00","CTA|DE(50Hertz)","Kraftwerk Rostock","11WD8ROST1C----K","Fossil Hard coal","11WD8ROST1C----K","09/04/2026 00:00 - 09/04/2026 01:00","499.40",""
"09/04/2026 00:00 - 10/04/2026 00:00","CTA|DE(50Hertz)","Kraftwerk Rostock","11WD8ROST1C----K","Fossil Hard coal","11WD8ROST1C----K","09/04/2026 01:00 - 09/04/2026 02:00","500.15",""
"09/04/2026 00:00 - 10/04/2026 00:00","CTA|DE(50Hertz)","Kraftwerk Rostock","11WD8ROST1C----K","Fossil Hard coal","11WD8ROST1C----K","09/04/2026 02:00 - 09/04/2026 03:00","500.70",""
"09/04/2026 00:00 - 10/04/2026 00:00","CTA|DE(50Hertz)","Kraftwerk Rostock","11WD8ROST1C----K","Fossil Hard coal","11WD8ROST1C----K","09/04/2026 03:00 - 09/04/2026 04:00","501.75",""
"09/04/2026 00:00 - 10/04/2026 00:00","CTA|DE(50Hertz)","Kraftwerk Rostock","11WD8ROST1C----K","Fossil Hard coal","11WD8ROST1C----K","09/04/2026 04:00 - 09/04/2026 05:00","504.55",""
"09/04/2026 00:00 - 10/04/2026 00:00","CTA|DE(50Hertz)","Kraftwerk Rostock","11WD8ROST1C----K","Fossil Hard coal","11WD8ROST1C----K","09/04/2026 05:00 - 09/04/2026 06:00","502.95",""
"09/04/2026 00:00 - 10/04/2026 00:00","CTA|DE(50Hertz)","Kraftwerk Rostock","11WD8ROST1C----K","Fossil Hard coal","11WD8ROST1C----K","09/04/2026 06:00 - 09/04/2026 07:00","503.27",""
"09/04/2026 00:00 - 10/04/2026 00:00","CTA|DE(50Hertz)","Kraftwerk Rostock","11WD8ROST1C----K","Fossil Hard coal","11WD8ROST1C----K","09/04/2026 07:00 - 09/04/2026 08:00","503.65",""
"09/04/2026 00:00 - 10/04/2026 00:00","CTA|DE(50Hertz)","Kraftwerk Rostock","11WD8ROST1C----K","Fossil Hard coal","11WD8ROST1C----K","09/04/2026 08:00 - 09/04/2026 09:00","504.40",""
"09/04/2026 00:00 - 10/04/2026 00:00","CTA|DE(50Hertz)","Kraftwerk Rostock","11WD8ROST1C----K","Fossil Hard coal","11WD8ROST1C----K","09/04/2026 09:00 - 09/04/2026 10:00","325.23",""
"09/04/2026 00:00 - 10/04/2026 00:00","CTA|DE(50Hertz)","Kraftwerk Rostock","11WD8ROST1C----K","Fossil Hard coal","11WD8ROST1C----K","09/04/2026 10:00 - 09/04/2026 11:00","18.75",""
"09/04/2026 00:00 - 10/04/2026 00:00","CTA|DE(50Hertz)","Kraftwerk Rostock","11WD8ROST1C----K","Fossil Hard coal","11WD8ROST1C----K","09/04/2026 11:00 - 09/04/2026 12:00","0.00",""
"09/04/2026 00:00 - 10/04/2026 00:00","CTA|DE(50Hertz)","Kraftwerk Rostock","11WD8ROST1C----K","Fossil Hard coal","11WD8ROST1C----K","09/04/2026 12:00 - 09/04/2026 13:00","0.00",""
"09/04/2026 00:00 - 10/04/2026 00:00","CTA|DE(50Hertz)","Kraftwerk Rostock","11WD8ROST1C----K","Fossil Hard coal","11WD8ROST1C----K","09/04/2026 13:00 - 09/04/2026 14:00","0.00",""
"09/04/2026 00:00 - 10/04/2026 00:00","CTA|DE(50Hertz)","Kraftwerk Rostock","11WD8ROST1C----K","Fossil Hard coal","11WD8ROST1C----K","09/04/2026 14:00 - 09/04/2026 15:00","0.00",""
"09/04/2026 00:00 - 10/04/2026 00:00","CTA|DE(50Hertz)","Kraftwerk Rostock","11WD8ROST1C----K","Fossil Hard coal","11WD8ROST1C----K","09/04/2026 15:00 - 09/04/2026 16:00","0.00",""
"09/04/2026 00:00 - 10/04/2026 00:00","CTA|DE(50Hertz)","Kraftwerk Rostock","11WD8ROST1C----K","Fossil Hard coal","11WD8ROST1C----K","09/04/2026 16:00 - 09/04/2026 17:00","0.00",""
"09/04/2026 00:00 - 10/04/2026 00:00","CTA|DE(50Hertz)","Kraftwerk Rostock","11WD8ROST1C----K","Fossil Hard coal","11WD8ROST1C----K","09/04/2026 17:00 - 09/04/2026 18:00","128.57",""
"09/04/2026 00:00 - 10/04/2026 00:00","CTA|DE(50Hertz)","Kraftwerk Rostock","11WD8ROST1C----K","Fossil Hard coal","11WD8ROST1C----K","09/04/2026 18:00 - 09/04/2026 19:00","353.73",""
"09/04/2026 00:00 - 10/04/2026 00:00","CTA|DE(50Hertz)","Kraftwerk Rostock","11WD8ROST1C----K","Fossil Hard coal","11WD8ROST1C----K","09/04/2026 19:00 - 09/04/2026 20:00","496.65",""
"09/04/2026 00:00 - 10/04/2026 00:00","CTA|DE(50Hertz)","Kraftwerk Rostock","11WD8ROST1C----K","Fossil Hard coal","11WD8ROST1C----K","09/04/2026 20:00 - 09/04/2026 21:00","501.98",""
"09/04/2026 00:00 - 10/04/2026 00:00","CTA|DE(50Hertz)","Kraftwerk Rostock","11WD8ROST1C----K","Fossil Hard coal","11WD8ROST1C----K","09/04/2026 21:00 - 09/04/2026 22:00","439.73",""
"09/04/2026 00:00 - 10/04/2026 00:00","CTA|DE(50Hertz)","Kraftwerk Rostock","11WD8ROST1C----K","Fossil Hard coal","11WD8ROST1C----K","09/04/2026 22:00 - 09/04/2026 23:00","419.73",""
"09/04/2026 00:00 - 10/04/2026 00:00","CTA|DE(50Hertz)","Kraftwerk Rostock","11WD8ROST1C----K","Fossil Hard coal","11WD8ROST1C----K","09/04/2026 23:00 - 10/04/2026 00:00","383.85",""
"09/04/2026 00:00 - 10/04/2026 00:00","CTA|DE(50Hertz)","Schkopau A","11WD8SCHK1L---A2","Fossil Brown coal/Lignite","11WD8SCHK1L---A2","09/04/2026 00:00 - 09/04/2026 01:00","0.00",""
"09/04/2026 00:00 - 10/04/2026 00:00","CTA|DE(50Hertz)","Schkopau A","11WD8SCHK1L---A2","Fossil Brown coal/Lignite","11WD8SCHK1L---A2","09/04/2026 01:00 - 09/04/2026 02:00","0.00",""
"09/04/2026 00:00 - 10/04/2026 00:00","CTA|DE(50Hertz)","Schkopau A","11WD8SCHK1L---A2","Fossil Brown coal/Lignite","11WD8SCHK1L---A2","09/04/2026 02:00 - 09/04/2026 03:00","0.00",""
"09/04/2026 00:00 - 10/04/2026 00:00","CTA|DE(50Hertz)","Schkopau A","11WD8SCHK1L---A2","Fossil Brown coal/Lignite","11WD8SCHK1L---A2","09/04/2026 03:00 - 09/04/2026 04:00","0.00",""
"09/04/2026 00:00 - 10/04/2026 00:00","CTA|DE(50Hertz)","Schkopau A","11WD8SCHK1L---A2","Fossil Brown coal/Lignite","11WD8SCHK1L---A2","09/04/2026 04:00 - 09/04/2026 05:00","0.00",""
"09/04/2026 00:00 - 10/04/2026 00:00","CTA|DE(50Hertz)","Schkopau A","11WD8SCHK1L---A2","Fossil Brown coal/Lignite","11WD8SCHK1L---A2","09/04/2026 05:00 - 09/04/2026 06:00","0.00",""
"09/04/2026 00:00 - 10/04/2026 00:00","CTA|DE(50Hertz)","Schkopau A","11WD8SCHK1L---A2","Fossil Brown coal/Lignite","11WD8SCHK1L---A2","09/04/2026 06:00 - 09/04/2026 07:00","0.00",""
"09/04/2026 00:00 - 10/04/2026 00:00","CTA|DE(50Hertz)","Schkopau A","11WD8SCHK1L---A2","Fossil Brown coal/Lignite","11WD8SCHK1L---A2","09/04/2026 07:00 - 09/04/2026 08:00","0.00",""
"09/04/2026 00:00 - 10/04/2026 00:00","CTA|DE(50Hertz)","Schkopau A","11WD8SCHK1L---A2","Fossil Brown coal/Lignite","11WD8SCHK1L---A2","09/04/2026 08:00 - 09/04/2026 09:00","0.00",""
"09/04/2026 00:00 - 10/04/2026 00:00","CTA|DE(50Hertz)","Schkopau A","11WD8SCHK1L---A2","Fossil Brown coal/Lignite","11WD8SCHK1L---A2","09/04/2026 09:00 - 09/04/2026 10:00","0.00",""
"09/04/2026 00:00 - 10/04/2026 00:00","CTA|DE(50Hertz)","Schkopau A","11WD8SCHK1L---A2","Fossil Brown coal/Lignite","11WD8SCHK1L---A2","09/04/2026 10:00 - 09/04/2026 11:00","0.00",""
"09/04/2026 00:00 - 10/04/2026 00:00","CTA|DE(50Hertz)","Schkopau A","11WD8SCHK1L---A2","Fossil Brown coal/Lignite","11WD8SCHK1L---A2","09/04/2026 11:00 - 09/04/2026 12:00","0.00",""
"09/04/2026 00:00 - 10/04/2026 00:00","CTA|DE(50Hertz)","Schkopau A","11WD8SCHK1L---A2","Fossil Brown coal/Lignite","11WD8SCHK1L---A2","09/04/2026 12:00 - 09/04/2026 13:00","0.00",""
"09/04/2026 00:00 - 10/04/2026 00:00","CTA|DE(50Hertz)","Schkopau A","11WD8SCHK1L---A2","Fossil Brown coal/Lignite","11WD8SCHK1L---A2","09/04/2026 13:00 - 09/04/2026 14:00","0.00",""
"09/04/2026 00:00 - 10/04/2026 00:00","CTA|DE(50Hertz)","Schkopau A","11WD8SCHK1L---A2","Fossil Brown coal/Lignite","11WD8SCHK1L---A2","09/04/2026 14:00 - 09/04/2026 15:00","0.00",""
"09/04/2026 00:00 - 10/04/2026 00:00","CTA|DE(50Hertz)","Schkopau A","11WD8SCHK1L---A2","Fossil Brown coal/Lignite","11WD8SCHK1L---A2","09/04/2026 15:00 - 09/04/2026 16:00","0.00",""
"09/04/2026 00:00 - 10/04/2026 00:00","CTA|DE(50Hertz)","Schkopau A","11WD8SCHK1L---A2","Fossil Brown coal/Lignite","11WD8SCHK1L---A2","09/04/2026 16:00 - 09/04/2026 17:00","0.00",""
"09/04/2026 00:00 - 10/04/2026 00:00","CTA|DE(50Hertz)","Schkopau A","11WD8SCHK1L---A2","Fossil Brown coal/Lignite","11WD8SCHK1L---A2","09/04/2026 17:00 - 09/04/2026 18:00","0.00",""
"09/04/2026 00:00 - 10/04/2026 00:00","CTA|DE(50Hertz)","Schkopau A","11WD8SCHK1L---A2","Fossil Brown coal/Lignite","11WD8SCHK1L---A2","09/04/2026 18:00 - 09/04/2026 19:00","0.00",""
"09/04/2026 00:00 - 10/04/2026 00:00","CTA|DE(50Hertz)","Schkopau A","11WD8SCHK1L---A2","Fossil Brown coal/Lignite","11WD8SCHK1L---A2","09/04/2026 19:00 - 09/04/2026 20:00","0.00",""
"09/04/2026 00:00 - 10/04/2026 00:00","CTA|DE(50Hertz)","Schkopau A","11WD8SCHK1L---A2","Fossil Brown coal/Lignite","11WD8SCHK1L---A2","09/04/2026 20:00 - 09/04/2026 21:00","0.00",""
"09/04/2026 00:00 - 10/04/2026 00:00","CTA|DE(50Hertz)","Schkopau A","11WD8SCHK1L---A2","Fossil Brown coal/Lignite","11WD8SCHK1L---A2","09/04/2026 21:00 - 09/04/2026 22:00","0.00",""
"09/04/2026 00:00 - 10/04/2026 00:00","CTA|DE(50Hertz)","Schkopau A","11WD8SCHK1L---A2","Fossil Brown coal/Lignite","11WD8SCHK1L---A2","09/04/2026 22:00 - 09/04/2026 23:00","0.00",""
"09/04/2026 00:00 - 10/04/2026 00:00","CTA|DE(50Hertz)","Schkopau A","11WD8SCHK1L---A2","Fossil Brown coal/Lignite","11WD8SCHK1L---A2","09/04/2026 23:00 - 10/04/2026 00:00","0.00",""
"09/04/2026 00:00 - 10/04/2026 00:00","CTA|DE(50Hertz)","Schkopau B","11WD8SCHK1L---B0","Fossil Brown coal/Lignite","11WD8SCHK1L---B0","09/04/2026 00:00 - 09/04/2026 01:00","339.00",""
"09/04/2026 00:00 - 10/04/2026 00:00","CTA|DE(50Hertz)","Schkopau B","11WD8SCHK1L---B0","Fossil Brown coal/Lignite","11WD8SCHK1L---B0","09/04/2026 01:00 - 09/04/2026 02:00","338.25",""
"09/04/2026 00:00 - 10/04/2026 00:00","CTA|DE(50Hertz)","Schkopau B","11WD8SCHK1L---B0","Fossil Brown coal/Lignite","11WD8SCHK1L---B0","09/04/2026 02:00 - 09/04/2026 03:00","338.25",""
"09/04/2026 00:00 - 10/04/2026 00:00","CTA|DE(50Hertz)","Schkopau B","11WD8SCHK1L---B0","Fossil Brown coal/Lignite","11WD8SCHK1L---B0","09/04/2026 03:00 - 09/04/2026 04:00","337.75",""
"09/04/2026 00:00 - 10/04/2026 00:00","CTA|DE(50Hertz)","Schkopau B","11WD8SCHK1L---B0","Fossil Brown coal/Lignite","11WD8SCHK1L---B0","09/04/2026 04:00 - 09/04/2026 05:00","338.25",""
"09/04/2026 00:00 - 10/04/2026 00:00","CTA|DE(50Hertz)","Schkopau B","11WD8SCHK1L---B0","Fossil Brown coal/Lignite","11WD8SCHK1L---B0","09/04/2026 05:00 - 09/04/2026 06:00","337.25",""
"09/04/2026 00:00 - 10/04/2026 00:00","CTA|DE(50Hertz)","Schkopau B","11WD8SCHK1L---B0","Fossil Brown coal/Lignite","11WD8SCHK1L---B0","09/04/2026 06:00 - 09/04/2026 07:00","338.25",""
"09/04/2026 00:00 - 10/04/2026 00:00","CTA|DE(50Hertz)","Schkopau B","11WD8SCHK1L---B0","Fossil Brown coal/Lignite","11WD8SCHK1L---B0","09/04/2026 07:00 - 09/04/2026 08:00","339.00",""
"09/04/2026 00:00 - 10/04/2026 00:00","CTA|DE(50Hertz)","Schkopau B","11WD8SCHK1L---B0","Fossil Brown coal/Lignite","11WD8SCHK1L---B0","09/04/2026 08:00 - 09/04/2026 09:00","338.25",""
"09/04/2026 00:00 - 10/04/2026 00:00","CTA|DE(50Hertz)","Schkopau B","11WD8SCHK1L---B0","Fossil Brown coal/Lignite","11WD8SCHK1L---B0","09/04/2026 09:00 - 09/04/2026 10:00","214.75",""
"09/04/2026 00:00 - 10/04/2026 00:00","CTA|DE(50Hertz)","Schkopau B","11WD8SCHK1L---B0","Fossil Brown coal/Lignite","11WD8SCHK1L---B0","09/04/2026 10:00 - 09/04/2026 11:00","0.00",""
"09/04/2026 00:00 - 10/04/2026 00:00","CTA|DE(50Hertz)","Schkopau B","11WD8SCHK1L---B0","Fossil Brown coal/Lignite","11WD8SCHK1L---B0","09/04/2026 11:00 - 09/04/2026 12:00","0.00",""
"09/04/2026 00:00 - 10/04/2026 00:00","CTA|DE(50Hertz)","Schkopau B","11WD8SCHK1L---B0","Fossil Brown coal/Lignite","11WD8SCHK1L---B0","09/04/2026 12:00 - 09/04/2026 13:00","0.00",""
"09/04/2026 00:00 - 10/04/2026 00:00","CTA|DE(50Hertz)","Schkopau B","11WD8SCHK1L---B0","Fossil Brown coal/Lignite","11WD8SCHK1L---B0","09/04/2026 13:00 - 09/04/2026 14:00","0.00",""
"09/04/2026 00:00 - 10/04/2026 00:00","CTA|DE(50Hertz)","Schkopau B","11WD8SCHK1L---B0","Fossil Brown coal/Lignite","11WD8SCHK1L---B0","09/04/2026 14:00 - 09/04/2026 15:00","0.00",""
"09/04/2026 00:00 - 10/04/2026 00:00","CTA|DE(50Hertz)","Schkopau B","11WD8SCHK1L---B0","Fossil Brown coal/Lignite","11WD8SCHK1L---B0","09/04/2026 15:00 - 09/04/2026 16:00","0.00",""
"09/04/2026 00:00 - 10/04/2026 00:00","CTA|DE(50Hertz)","Schkopau B","11WD8SCHK1L---B0","Fossil Brown coal/Lignite","11WD8SCHK1L---B0","09/04/2026 16:00 - 09/04/2026 17:00","2.00",""
"09/04/2026 00:00 - 10/04/2026 00:00","CTA|DE(50Hertz)","Schkopau B","11WD8SCHK1L---B0","Fossil Brown coal/Lignite","11WD8SCHK1L---B0","09/04/2026 17:00 - 09/04/2026 18:00","169.75",""
"09/04/2026 00:00 - 10/04/2026 00:00","CTA|DE(50Hertz)","Schkopau B","11WD8SCHK1L---B0","Fossil Brown coal/Lignite","11WD8SCHK1L---B0","09/04/2026 18:00 - 09/04/2026 19:00","194.25",""
"09/04/2026 00:00 - 10/04/2026 00:00","CTA|DE(50Hertz)","Schkopau B","11WD8SCHK1L---B0","Fossil Brown coal/Lignite","11WD8SCHK1L---B0","09/04/2026 19:00 - 09/04/2026 20:00","0.00",""
"09/04/2026 00:00 - 10/04/2026 00:00","CTA|DE(50Hertz)","Schkopau B","11WD8SCHK1L---B0","Fossil Brown coal/Lignite","11WD8SCHK1L---B0","09/04/2026 20:00 - 09/04/2026 21:00","0.00",""
"09/04/2026 00:00 - 10/04/2026 00:00","CTA|DE(50Hertz)","Schkopau B","11WD8SCHK1L---B0","Fossil Brown coal/Lignite","11WD8SCHK1L---B0","09/04/2026 21:00 - 09/04/2026 22:00","125.00",""
"09/04/2026 00:00 - 10/04/2026 00:00","CTA|DE(50Hertz)","Schkopau B","11WD8SCHK1L---B0","Fossil Brown coal/Lignite","11WD8SCHK1L---B0","09/04/2026 22:00 - 09/04/2026 23:00","235.75",""
"09/04/2026 00:00 - 10/04/2026 00:00","CTA|DE(50Hertz)","Schkopau B","11WD8SCHK1L---B0","Fossil Brown coal/Lignite","11WD8SCHK1L---B0","09/04/2026 23:00 - 10/04/2026 00:00","157.50",""
"09/04/2026 00:00 - 10/04/2026 00:00","CTA|DE(50Hertz)","IKS Schwedt SE1 Block 1","11WD8SCHW5X---19","Fossil Oil","11WD8SCHW5X---19","09/04/2026 00:00 - 09/04/2026 01:00","75.00",""
"09/04/2026 00:00 - 10/04/2026 00:00","CTA|DE(50Hertz)","IKS Schwedt SE1 Block 1","11WD8SCHW5X---19","Fossil Oil","11WD8SCHW5X---19","09/04/2026 01:00 - 09/04/2026 02:00","75.00",""
"09/04/2026 00:00 - 10/04/2026 00:00","CTA|DE(50Hertz)","IKS Schwedt SE1 Block 1","11WD8SCHW5X---19","Fossil Oil","11WD8SCHW5X---19","09/04/2026 02:00 - 09/04/2026 03:00","75.00",""
"09/04/2026 00:00 - 10/04/2026 00:00","CTA|DE(50Hertz)","IKS Schwedt SE1 Block 1","11WD8SCHW5X---19","Fossil Oil","11WD8SCHW5X---19","09/04/2026 03:00 - 09/04/2026 04:00","75.00",""
"09/04/2026 00:00 - 10/04/2026 00:00","CTA|DE(50Hertz)","IKS Schwedt SE1 Block 1","11WD8SCHW5X---19","Fossil Oil","11WD8SCHW5X---19","09/04/2026 04:00 - 09/04/2026 05:00","75.00",""
"09/04/2026 00:00 - 10/04/2026 00:00","CTA|DE(50Hertz)","IKS Schwedt SE1 Block 1","11WD8SCHW5X---19","Fossil Oil","11WD8SCHW5X---19","09/04/2026 05:00 - 09/04/2026 06:00","75.00",""
"09/04/2026 00:00 - 10/04/2026 00:00","CTA|DE(50Hertz)","IKS Schwedt SE1 Block 1","11WD8SCHW5X---19","Fossil Oil","11WD8SCHW5X---19","09/04/2026 06:00 - 09/04/2026 07:00","75.00",""
"09/04/2026 00:00 - 10/04/2026 00:00","CTA|DE(50Hertz)","IKS Schwedt SE1 Block 1","11WD8SCHW5X---19","Fossil Oil","11WD8SCHW5X---19","09/04/2026 07:00 - 09/04/2026 08:00","75.00",""
"09/04/2026 00:00 - 10/04/2026 00:00","CTA|DE(50Hertz)","IKS Schwedt SE1 Block 1","11WD8SCHW5X---19","Fossil Oil","11WD8SCHW5X---19","09/04/2026 08:00 - 09/04/2026 09:00","75.00",""
"09/04/2026 00:00 - 10/04/2026 00:00","CTA|DE(50Hertz)","IKS Schwedt SE1 Block 1","11WD8SCHW5X---19","Fossil Oil","11WD8SCHW5X---19","09/04/2026 09:00 - 09/04/2026 10:00","75.00",""
"09/04/2026 00:00 - 10/04/2026 00:00","CTA|DE(50Hertz)","IKS Schwedt SE1 Block 1","11WD8SCHW5X---19","Fossil Oil","11WD8SCHW5X---19","09/04/2026 10:00 - 09/04/2026 11:00","75.00",""
"09/04/2026 00:00 - 10/04/2026 00:00","CTA|DE(50Hertz)","IKS Schwedt SE1 Block 1","11WD8SCHW5X---19","Fossil Oil","11WD8SCHW5X---19","09/04/2026 11:00 - 09/04/2026 12:00","75.00",""
"09/04/2026 00:00 - 10/04/2026 00:00","CTA|DE(50Hertz)","IKS Schwedt SE1 Block 1","11WD8SCHW5X---19","Fossil Oil","11WD8SCHW5X---19","09/04/2026 12:00 - 09/04/2026 13:00","75.00",""
"09/04/2026 00:00 - 10/04/2026 00:00","CTA|DE(50Hertz)","IKS Schwedt SE1 Block 1","11WD8SCHW5X---19","Fossil Oil","11WD8SCHW5X---19","09/04/2026 13:00 - 09/04/2026 14:00","75.00",""
"09/04/2026 00:00 - 10/04/2026 00:00","CTA|DE(50Hertz)","IKS Schwedt SE1 Block 1","11WD8SCHW5X---19","Fossil Oil","11WD8SCHW5X---19","09/04/2026 14:00 - 09/04/2026 15:00","75.00",""
"09/04/2026 00:00 - 10/04/2026 00:00","CTA|DE(50Hertz)","IKS Schwedt SE1 Block 1","11WD8SCHW5X---19","Fossil Oil","11WD8SCHW5X---19","09/04/2026 15:00 - 09/04/2026 16:00","75.00",""
"09/04/2026 00:00 - 10/04/2026 00:00","CTA|DE(50Hertz)","IKS Schwedt SE1 Block 1","11WD8SCHW5X---19","Fossil Oil","11WD8SCHW5X---19","09/04/2026 16:00 - 09/04/2026 17:00","75.00",""
"09/04/2026 00:00 - 10/04/2026 00:00","CTA|DE(50Hertz)","IKS Schwedt SE1 Block 1","11WD8SCHW5X---19","Fossil Oil","11WD8SCHW5X---19","09/04/2026 17:00 - 09/04/2026 18:00","75.00",""
"09/04/2026 00:00 - 10/04/2026 00:00","CTA|DE(50Hertz)","IKS Schwedt SE1 Block 1","11WD8SCHW5X---19","Fossil Oil","11WD8SCHW5X---19","09/04/2026 18:00 - 09/04/2026 19:00","75.00",""
"09/04/2026 00:00 - 10/04/2026 00:00","CTA|DE(50Hertz)","IKS Schwedt SE1 Block 1","11WD8SCHW5X---19","Fossil Oil","11WD8SCHW5X---19","09/04/2026 19:00 - 09/04/2026 20:00","75.00",""
"09/04/2026 00:00 - 10/04/2026 00:00","CTA|DE(50Hertz)","IKS Schwedt SE1 Block 1","11WD8SCHW5X---19","Fossil Oil","11WD8SCHW5X---19","09/04/2026 20:00 - 09/04/2026 21:00","75.00",""
"09/04/2026 00:00 - 10/04/2026 00:00","CTA|DE(50Hertz)","IKS Schwedt SE1 Block 1","11WD8SCHW5X---19","Fossil Oil","11WD8SCHW5X---19","09/04/2026 21:00 - 09/04/2026 22:00","75.00",""
"09/04/2026 00:00 - 10/04/2026 00:00","CTA|DE(50Hertz)","IKS Schwedt SE1 Block 1","11WD8SCHW5X---19","Fossil Oil","11WD8SCHW5X---19","09/04/2026 22:00 - 09/04/2026 23:00","75.00",""
"09/04/2026 00:00 - 10/04/2026 00:00","CTA|DE(50Hertz)","IKS Schwedt SE1 Block 1","11WD8SCHW5X---19","Fossil Oil","11WD8SCHW5X---19","09/04/2026 23:00 - 10/04/2026 00:00","75.00",""
"09/04/2026 00:00 - 10/04/2026 00:00","CTA|DE(50Hertz)","IKS Schwedt SE2 Block 2","11WD8SCHW5X---27","Fossil Oil","11WD8SCHW5X---27","09/04/2026 00:00 - 09/04/2026 01:00","75.00",""
"09/04/2026 00:00 - 10/04/2026 00:00","CTA|DE(50Hertz)","IKS Schwedt SE2 Block 2","11WD8SCHW5X---27","Fossil Oil","11WD8SCHW5X---27","09/04/2026 01:00 - 09/04/2026 02:00","75.00",""
"09/04/2026 00:00 - 10/04/2026 00:00","CTA|DE(50Hertz)","IKS Schwedt SE2 Block 2","11WD8SCHW5X---27","Fossil Oil","11WD8SCHW5X---27","09/04/2026 02:00 - 09/04/2026 03:00","75.00",""
"09/04/2026 00:00 - 10/04/2026 00:00","CTA|DE(50Hertz)","IKS Schwedt SE2 Block 2","11WD8SCHW5X---27","Fossil Oil","11WD8SCHW5X---27","09/04/2026 03:00 - 09/04/2026 04:00","75.00",""
"09/04/2026 00:00 - 10/04/2026 00:00","CTA|DE(50Hertz)","IKS Schwedt SE2 Block 2","11WD8SCHW5X---27","Fossil Oil","11WD8SCHW5X---27","09/04/2026 04:00 - 09/04/2026 05:00","75.00",""
"09/04/2026 00:00 - 10/04/2026 00:00","CTA|DE(50Hertz)","IKS Schwedt SE2 Block 2","11WD8SCHW5X---27","Fossil Oil","11WD8SCHW5X---27","09/04/2026 05:00 - 09/04/2026 06:00","75.00",""
"09/04/2026 00:00 - 10/04/2026 00:00","CTA|DE(50Hertz)","IKS Schwedt SE2 Block 2","11WD8SCHW5X---27","Fossil Oil","11WD8SCHW5X---27","09/04/2026 06:00 - 09/04/2026 07:00","75.00",""
"09/04/2026 00:00 - 10/04/2026 00:00","CTA|DE(50Hertz)","IKS Schwedt SE2 Block 2","11WD8SCHW5X---27","Fossil Oil","11WD8SCHW5X---27","09/04/2026 07:00 - 09/04/2026 08:00","75.00",""
"09/04/2026 00:00 - 10/04/2026 00:00","CTA|DE(50Hertz)","IKS Schwedt SE2 Block 2","11WD8SCHW5X---27","Fossil Oil","11WD8SCHW5X---27","09/04/2026 08:00 - 09/04/2026 09:00","75.00",""
"09/04/2026 00:00 - 10/04/2026 00:00","CTA|DE(50Hertz)","IKS Schwedt SE2 Block 2","11WD8SCHW5X---27","Fossil Oil","11WD8SCHW5X---27","09/04/2026 09:00 - 09/04/2026 10:00","75.00",""
"09/04/2026 00:00 - 10/04/2026 00:00","CTA|DE(50Hertz)","IKS Schwedt SE2 Block 2","11WD8SCHW5X---27","Fossil Oil","11WD8SCHW5X---27","09/04/2026 10:00 - 09/04/2026 11:00","75.00",""
"09/04/2026 00:00 - 10/04/2026 00:00","CTA|DE(50Hertz)","IKS Schwedt SE2 Block 2","11WD8SCHW5X---27","Fossil Oil","11WD8SCHW5X---27","09/04/2026 11:00 - 09/04/2026 12:00","75.00",""
"09/04/2026 00:00 - 10/04/2026 00:00","CTA|DE(50Hertz)","IKS Schwedt SE2 Block 2","11WD8SCHW5X---27","Fossil Oil","11WD8SCHW5X---27","09/04/2026 12:00 - 09/04/2026 13:00","75.00",""
"09/04/2026 00:00 - 10/04/2026 00:00","CTA|DE(50Hertz)","IKS Schwedt SE2 Block 2","11WD8SCHW5X---27","Fossil Oil","11WD8SCHW5X---27","09/04/2026 13:00 - 09/04/2026 14:00","75.00",""
"09/04/2026 00:00 - 10/04/2026 00:00","CTA|DE(50Hertz)","IKS Schwedt SE2 Block 2","11WD8SCHW5X---27","Fossil Oil","11WD8SCHW5X---27","09/04/2026 14:00 - 09/04/2026 15:00","75.00",""
"09/04/2026 00:00 - 10/04/2026 00:00","CTA|DE(50Hertz)","IKS Schwedt SE2 Block 2","11WD8SCHW5X---27","Fossil Oil","11WD8SCHW5X---27","09/04/2026 15:00 - 09/04/2026 16:00","75.00",""
"09/04/2026 00:00 - 10/04/2026 00:00","CTA|DE(50Hertz)","IKS Schwedt SE2 Block 2","11WD8SCHW5X---27","Fossil Oil","11WD8SCHW5X---27","09/04/2026 16:00 - 09/04/2026 17:00","75.00",""
"09/04/2026 00:00 - 10/04/2026 00:00","CTA|DE(50Hertz)","IKS Schwedt SE2 Block 2","11WD8SCHW5X---27","Fossil Oil","11WD8SCHW5X---27","09/04/2026 17:00 - 09/04/2026 18:00","75.00",""
"09/04/2026 00:00 - 10/04/2026 00:00","CTA|DE(50Hertz)","IKS Schwedt SE2 Block 2","11WD8SCHW5X---27","Fossil Oil","11WD8SCHW5X---27","09/04/2026 18:00 - 09/04/2026 19:00","75.00",""
"09/04/2026 00:00 - 10/04/2026 00:00","CTA|DE(50Hertz)","IKS Schwedt SE2 Block 2","11WD8SCHW5X---27","Fossil Oil","11WD8SCHW5X---27","09/04/2026 19:00 - 09/04/2026 20:00","75.00",""
"09/04/2026 00:00 - 10/04/2026 00:00","CTA|DE(50Hertz)","IKS Schwedt SE2 Block 2","11WD8SCHW5X---27","Fossil Oil","11WD8SCHW5X---27","09/04/2026 20:00 - 09/04/2026 21:00","75.00",""
"09/04/2026 00:00 - 10/04/2026 00:00","CTA|DE(50Hertz)","IKS Schwedt SE2 Block 2","11WD8SCHW5X---27","Fossil Oil","11WD8SCHW5X---27","09/04/2026 21:00 - 09/04/2026 22:00","75.00",""
"09/04/2026 00:00 - 10/04/2026 00:00","CTA|DE(50Hertz)","IKS Schwedt SE2 Block 2","11WD8SCHW5X---27","Fossil Oil","11WD8SCHW5X---27","09/04/2026 22:00 - 09/04/2026 23:00","75.00",""
"09/04/2026 00:00 - 10/04/2026 00:00","CTA|DE(50Hertz)","IKS Schwedt SE2 Block 2","11WD8SCHW5X---27","Fossil Oil","11WD8SCHW5X---27","09/04/2026 23:00 - 10/04/2026 00:00","75.00",""
"09/04/2026 00:00 - 10/04/2026 00:00","CTA|DE(50Hertz)","KW Schwarze Pumpe Block A","11WD8SWPU1L---AK","Fossil Brown coal/Lignite","11WD8SWPU1L---AK","09/04/2026 00:00 - 09/04/2026 01:00","0.00",""
"09/04/2026 00:00 - 10/04/2026 00:00","CTA|DE(50Hertz)","KW Schwarze Pumpe Block A","11WD8SWPU1L---AK","Fossil Brown coal/Lignite","11WD8SWPU1L---AK","09/04/2026 01:00 - 09/04/2026 02:00","0.00",""
"09/04/2026 00:00 - 10/04/2026 00:00","CTA|DE(50Hertz)","KW Schwarze Pumpe Block A","11WD8SWPU1L---AK","Fossil Brown coal/Lignite","11WD8SWPU1L---AK","09/04/2026 02:00 - 09/04/2026 03:00","0.00",""
"09/04/2026 00:00 - 10/04/2026 00:00","CTA|DE(50Hertz)","KW Schwarze Pumpe Block A","11WD8SWPU1L---AK","Fossil Brown coal/Lignite","11WD8SWPU1L---AK","09/04/2026 03:00 - 09/04/2026 04:00","0.00",""
"09/04/2026 00:00 - 10/04/2026 00:00","CTA|DE(50Hertz)","KW Schwarze Pumpe Block A","11WD8SWPU1L---AK","Fossil Brown coal/Lignite","11WD8SWPU1L---AK","09/04/2026 04:00 - 09/04/2026 05:00","0.00",""
"09/04/2026 00:00 - 10/04/2026 00:00","CTA|DE(50Hertz)","KW Schwarze Pumpe Block A","11WD8SWPU1L---AK","Fossil Brown coal/Lignite","11WD8SWPU1L---AK","09/04/2026 05:00 - 09/04/2026 06:00","0.00",""
"09/04/2026 00:00 - 10/04/2026 00:00","CTA|DE(50Hertz)","KW Schwarze Pumpe Block A","11WD8SWPU1L---AK","Fossil Brown coal/Lignite","11WD8SWPU1L---AK","09/04/2026 06:00 - 09/04/2026 07:00","0.00",""
"09/04/2026 00:00 - 10/04/2026 00:00","CTA|DE(50Hertz)","KW Schwarze Pumpe Block A","11WD8SWPU1L---AK","Fossil Brown coal/Lignite","11WD8SWPU1L---AK","09/04/2026 07:00 - 09/04/2026 08:00","0.00",""
"09/04/2026 00:00 - 10/04/2026 00:00","CTA|DE(50Hertz)","KW Schwarze Pumpe Block A","11WD8SWPU1L---AK","Fossil Brown coal/Lignite","11WD8SWPU1L---AK","09/04/2026 08:00 - 09/04/2026 09:00","0.00",""
"09/04/2026 00:00 - 10/04/2026 00:00","CTA|DE(50Hertz)","KW Schwarze Pumpe Block A","11WD8SWPU1L---AK","Fossil Brown coal/Lignite","11WD8SWPU1L---AK","09/04/2026 09:00 - 09/04/2026 10:00","0.00",""
"09/04/2026 00:00 - 10/04/2026 00:00","CTA|DE(50Hertz)","KW Schwarze Pumpe Block A","11WD8SWPU1L---AK","Fossil Brown coal/Lignite","11WD8SWPU1L---AK","09/04/2026 10:00 - 09/04/2026 11:00","0.00",""
"09/04/2026 00:00 - 10/04/2026 00:00","CTA|DE(50Hertz)","KW Schwarze Pumpe Block A","11WD8SWPU1L---AK","Fossil Brown coal/Lignite","11WD8SWPU1L---AK","09/04/2026 11:00 - 09/04/2026 12:00","0.00",""
"09/04/2026 00:00 - 10/04/2026 00:00","CTA|DE(50Hertz)","KW Schwarze Pumpe Block A","11WD8SWPU1L---AK","Fossil Brown coal/Lignite","11WD8SWPU1L---AK","09/04/2026 12:00 - 09/04/2026 13:00","0.00",""
"09/04/2026 00:00 - 10/04/2026 00:00","CTA|DE(50Hertz)","KW Schwarze Pumpe Block A","11WD8SWPU1L---AK","Fossil Brown coal/Lignite","11WD8SWPU1L---AK","09/04/2026 13:00 - 09/04/2026 14:00","0.00",""
"09/04/2026 00:00 - 10/04/2026 00:00","CTA|DE(50Hertz)","KW Schwarze Pumpe Block A","11WD8SWPU1L---AK","Fossil Brown coal/Lignite","11WD8SWPU1L---AK","09/04/2026 14:00 - 09/04/2026 15:00","0.00",""
"09/04/2026 00:00 - 10/04/2026 00:00","CTA|DE(50Hertz)","KW Schwarze Pumpe Block A","11WD8SWPU1L---AK","Fossil Brown coal/Lignite","11WD8SWPU1L---AK","09/04/2026 15:00 - 09/04/2026 16:00","0.00",""
"09/04/2026 00:00 - 10/04/2026 00:00","CTA|DE(50Hertz)","KW Schwarze Pumpe Block A","11WD8SWPU1L---AK","Fossil Brown coal/Lignite","11WD8SWPU1L---AK","09/04/2026 16:00 - 09/04/2026 17:00","0.00",""
"09/04/2026 00:00 - 10/04/2026 00:00","CTA|DE(50Hertz)","KW Schwarze Pumpe Block A","11WD8SWPU1L---AK","Fossil Brown coal/Lignite","11WD8SWPU1L---AK","09/04/2026 17:00 - 09/04/2026 18:00","0.00",""
"09/04/2026 00:00 - 10/04/2026 00:00","CTA|DE(50Hertz)","KW Schwarze Pumpe Block A","11WD8SWPU1L---AK","Fossil Brown coal/Lignite","11WD8SWPU1L---AK","09/04/2026 18:00 - 09/04/2026 19:00","0.00",""
"09/04/2026 00:00 - 10/04/2026 00:00","CTA|DE(50Hertz)","KW Schwarze Pumpe Block A","11WD8SWPU1L---AK","Fossil Brown coal/Lignite","11WD8SWPU1L---AK","09/04/2026 19:00 - 09/04/2026 20:00","0.00",""
"09/04/2026 00:00 - 10/04/2026 00:00","CTA|DE(50Hertz)","KW Schwarze Pumpe Block A","11WD8SWPU1L---AK","Fossil Brown coal/Lignite","11WD8SWPU1L---AK","09/04/2026 20:00 - 09/04/2026 21:00","0.00",""
"09/04/2026 00:00 - 10/04/2026 00:00","CTA|DE(50Hertz)","KW Schwarze Pumpe Block A","11WD8SWPU1L---AK","Fossil Brown coal/Lignite","11WD8SWPU1L---AK","09/04/2026 21:00 - 09/04/2026 22:00","0.00",""
"09/04/2026 00:00 - 10/04/2026 00:00","CTA|DE(50Hertz)","KW Schwarze Pumpe Block A","11WD8SWPU1L---AK","Fossil Brown coal/Lignite","11WD8SWPU1L---AK","09/04/2026 22:00 - 09/04/2026 23:00","0.00",""
"09/04/2026 00:00 - 10/04/2026 00:00","CTA|DE(50Hertz)","KW Schwarze Pumpe Block A","11WD8SWPU1L---AK","Fossil Brown coal/Lignite","11WD8SWPU1L---AK","09/04/2026 23:00 - 10/04/2026 00:00","0.00",""
"09/04/2026 00:00 - 10/04/2026 00:00","CTA|DE(50Hertz)","KW Schwarze Pumpe Block B","11WD8SWPU1L---BI","Fossil Brown coal/Lignite","11WD8SWPU1L---BI","09/04/2026 00:00 - 09/04/2026 01:00","655.75",""
"09/04/2026 00:00 - 10/04/2026 00:00","CTA|DE(50Hertz)","KW Schwarze Pumpe Block B","11WD8SWPU1L---BI","Fossil Brown coal/Lignite","11WD8SWPU1L---BI","09/04/2026 01:00 - 09/04/2026 02:00","653.50",""
"09/04/2026 00:00 - 10/04/2026 00:00","CTA|DE(50Hertz)","KW Schwarze Pumpe Block B","11WD8SWPU1L---BI","Fossil Brown coal/Lignite","11WD8SWPU1L---BI","09/04/2026 02:00 - 09/04/2026 03:00","662.00",""
"09/04/2026 00:00 - 10/04/2026 00:00","CTA|DE(50Hertz)","KW Schwarze Pumpe Block B","11WD8SWPU1L---BI","Fossil Brown coal/Lignite","11WD8SWPU1L---BI","09/04/2026 03:00 - 09/04/2026 04:00","661.75",""
"09/04/2026 00:00 - 10/04/2026 00:00","CTA|DE(50Hertz)","KW Schwarze Pumpe Block B","11WD8SWPU1L---BI","Fossil Brown coal/Lignite","11WD8SWPU1L---BI","09/04/2026 04:00 - 09/04/2026 05:00","666.75",""
"09/04/2026 00:00 - 10/04/2026 00:00","CTA|DE(50Hertz)","KW Schwarze Pumpe Block B","11WD8SWPU1L---BI","Fossil Brown coal/Lignite","11WD8SWPU1L---BI","09/04/2026 05:00 - 09/04/2026 06:00","649.75",""
"09/04/2026 00:00 - 10/04/2026 00:00","CTA|DE(50Hertz)","KW Schwarze Pumpe Block B","11WD8SWPU1L---BI","Fossil Brown coal/Lignite","11WD8SWPU1L---BI","09/04/2026 06:00 - 09/04/2026 07:00","559.75",""
"09/04/2026 00:00 - 10/04/2026 00:00","CTA|DE(50Hertz)","KW Schwarze Pumpe Block B","11WD8SWPU1L---BI","Fossil Brown coal/Lignite","11WD8SWPU1L---BI","09/04/2026 07:00 - 09/04/2026 08:00","598.75",""
"09/04/2026 00:00 - 10/04/2026 00:00","CTA|DE(50Hertz)","KW Schwarze Pumpe Block B","11WD8SWPU1L---BI","Fossil Brown coal/Lignite","11WD8SWPU1L---BI","09/04/2026 08:00 - 09/04/2026 09:00","585.00",""
"09/04/2026 00:00 - 10/04/2026 00:00","CTA|DE(50Hertz)","KW Schwarze Pumpe Block B","11WD8SWPU1L---BI","Fossil Brown coal/Lignite","11WD8SWPU1L---BI","09/04/2026 09:00 - 09/04/2026 10:00","527.50",""
"09/04/2026 00:00 - 10/04/2026 00:00","CTA|DE(50Hertz)","KW Schwarze Pumpe Block B","11WD8SWPU1L---BI","Fossil Brown coal/Lignite","11WD8SWPU1L---BI","09/04/2026 10:00 - 09/04/2026 11:00","264.75",""
"09/04/2026 00:00 - 10/04/2026 00:00","CTA|DE(50Hertz)","KW Schwarze Pumpe Block B","11WD8SWPU1L---BI","Fossil Brown coal/Lignite","11WD8SWPU1L---BI","09/04/2026 11:00 - 09/04/2026 12:00","257.00",""
"09/04/2026 00:00 - 10/04/2026 00:00","CTA|DE(50Hertz)","KW Schwarze Pumpe Block B","11WD8SWPU1L---BI","Fossil Brown coal/Lignite","11WD8SWPU1L---BI","09/04/2026 12:00 - 09/04/2026 13:00","261.75",""
"09/04/2026 00:00 - 10/04/2026 00:00","CTA|DE(50Hertz)","KW Schwarze Pumpe Block B","11WD8SWPU1L---BI","Fossil Brown coal/Lignite","11WD8SWPU1L---BI","09/04/2026 13:00 - 09/04/2026 14:00","259.75",""
"09/04/2026 00:00 - 10/04/2026 00:00","CTA|DE(50Hertz)","KW Schwarze Pumpe Block B","11WD8SWPU1L---BI","Fossil Brown coal/Lignite","11WD8SWPU1L---BI","09/04/2026 14:00 - 09/04/2026 15:00","241.75",""
"09/04/2026 00:00 - 10/04/2026 00:00","CTA|DE(50Hertz)","KW Schwarze Pumpe Block B","11WD8SWPU1L---BI","Fossil Brown coal/Lignite","11WD8SWPU1L---BI","09/04/2026 15:00 - 09/04/2026 16:00","233.00",""
"09/04/2026 00:00 - 10/04/2026 00:00","CTA|DE(50Hertz)","KW Schwarze Pumpe Block B","11WD8SWPU1L---BI","Fossil Brown coal/Lignite","11WD8SWPU1L---BI","09/04/2026 16:00 - 09/04/2026 17:00","232.25",""
"09/04/2026 00:00 - 10/04/2026 00:00","CTA|DE(50Hertz)","KW Schwarze Pumpe Block B","11WD8SWPU1L---BI","Fossil Brown coal/Lignite","11WD8SWPU1L---BI","09/04/2026 17:00 - 09/04/2026 18:00","233.50",""
"09/04/2026 00:00 - 10/04/2026 00:00","CTA|DE(50Hertz)","KW Schwarze Pumpe Block B","11WD8SWPU1L---BI","Fossil Brown coal/Lignite","11WD8SWPU1L---BI","09/04/2026 18:00 - 09/04/2026 19:00","274.75",""
"09/04/2026 00:00 - 10/04/2026 00:00","CTA|DE(50Hertz)","KW Schwarze Pumpe Block B","11WD8SWPU1L---BI","Fossil Brown coal/Lignite","11WD8SWPU1L---BI","09/04/2026 19:00 - 09/04/2026 20:00","488.25",""
"09/04/2026 00:00 - 10/04/2026 00:00","CTA|DE(50Hertz)","KW Schwarze Pumpe Block B","11WD8SWPU1L---BI","Fossil Brown coal/Lignite","11WD8SWPU1L---BI","09/04/2026 20:00 - 09/04/2026 21:00","603.25",""
"09/04/2026 00:00 - 10/04/2026 00:00","CTA|DE(50Hertz)","KW Schwarze Pumpe Block B","11WD8SWPU1L---BI","Fossil Brown coal/Lignite","11WD8SWPU1L---BI","09/04/2026 21:00 - 09/04/2026 22:00","295.50",""
"09/04/2026 00:00 - 10/04/2026 00:00","CTA|DE(50Hertz)","KW Schwarze Pumpe Block B","11WD8SWPU1L---BI","Fossil Brown coal/Lignite","11WD8SWPU1L---BI","09/04/2026 22:00 - 09/04/2026 23:00","291.75",""
"09/04/2026 00:00 - 10/04/2026 00:00","CTA|DE(50Hertz)","KW Schwarze Pumpe Block B","11WD8SWPU1L---BI","Fossil Brown coal/Lignite","11WD8SWPU1L---BI","09/04/2026 23:00 - 10/04/2026 00:00","288.50",""
"09/04/2026 00:00 - 10/04/2026 00:00","CTA|DE(50Hertz)","HKW Tiefstack Block 2","11WD8TIEF5C----9","Fossil Hard coal","11WD8TIEF5C----9","09/04/2026 00:00 - 09/04/2026 01:00","0.00",""
"09/04/2026 00:00 - 10/04/2026 00:00","CTA|DE(50Hertz)","HKW Tiefstack Block 2","11WD8TIEF5C----9","Fossil Hard coal","11WD8TIEF5C----9","09/04/2026 01:00 - 09/04/2026 02:00","0.00",""
"09/04/2026 00:00 - 10/04/2026 00:00","CTA|DE(50Hertz)","HKW Tiefstack Block 2","11WD8TIEF5C----9","Fossil Hard coal","11WD8TIEF5C----9","09/04/2026 02:00 - 09/04/2026 03:00","0.00",""
"09/04/2026 00:00 - 10/04/2026 00:00","CTA|DE(50Hertz)","HKW Tiefstack Block 2","11WD8TIEF5C----9","Fossil Hard coal","11WD8TIEF5C----9","09/04/2026 03:00 - 09/04/2026 04:00","0.00",""
"09/04/2026 00:00 - 10/04/2026 00:00","CTA|DE(50Hertz)","HKW Tiefstack Block 2","11WD8TIEF5C----9","Fossil Hard coal","11WD8TIEF5C----9","09/04/2026 04:00 - 09/04/2026 05:00","0.00",""
"09/04/2026 00:00 - 10/04/2026 00:00","CTA|DE(50Hertz)","HKW Tiefstack Block 2","11WD8TIEF5C----9","Fossil Hard coal","11WD8TIEF5C----9","09/04/2026 05:00 - 09/04/2026 06:00","0.00",""
"09/04/2026 00:00 - 10/04/2026 00:00","CTA|DE(50Hertz)","HKW Tiefstack Block 2","11WD8TIEF5C----9","Fossil Hard coal","11WD8TIEF5C----9","09/04/2026 06:00 - 09/04/2026 07:00","0.00",""
"09/04/2026 00:00 - 10/04/2026 00:00","CTA|DE(50Hertz)","HKW Tiefstack Block 2","11WD8TIEF5C----9","Fossil Hard coal","11WD8TIEF5C----9","09/04/2026 07:00 - 09/04/2026 08:00","0.00",""
"09/04/2026 00:00 - 10/04/2026 00:00","CTA|DE(50Hertz)","HKW Tiefstack Block 2","11WD8TIEF5C----9","Fossil Hard coal","11WD8TIEF5C----9","09/04/2026 08:00 - 09/04/2026 09:00","0.00",""
"09/04/2026 00:00 - 10/04/2026 00:00","CTA|DE(50Hertz)","HKW Tiefstack Block 2","11WD8TIEF5C----9","Fossil Hard coal","11WD8TIEF5C----9","09/04/2026 09:00 - 09/04/2026 10:00","0.00",""
"09/04/2026 00:00 - 10/04/2026 00:00","CTA|DE(50Hertz)","HKW Tiefstack Block 2","11WD8TIEF5C----9","Fossil Hard coal","11WD8TIEF5C----9","09/04/2026 10:00 - 09/04/2026 11:00","0.00",""
"09/04/2026 00:00 - 10/04/2026 00:00","CTA|DE(50Hertz)","HKW Tiefstack Block 2","11WD8TIEF5C----9","Fossil Hard coal","11WD8TIEF5C----9","09/04/2026 11:00 - 09/04/2026 12:00","1.25",""
"09/04/2026 00:00 - 10/04/2026 00:00","CTA|DE(50Hertz)","HKW Tiefstack Block 2","11WD8TIEF5C----9","Fossil Hard coal","11WD8TIEF5C----9","09/04/2026 12:00 - 09/04/2026 13:00","41.75",""
"09/04/2026 00:00 - 10/04/2026 00:00","CTA|DE(50Hertz)","HKW Tiefstack Block 2","11WD8TIEF5C----9","Fossil Hard coal","11WD8TIEF5C----9","09/04/2026 13:00 - 09/04/2026 14:00","36.25",""
"09/04/2026 00:00 - 10/04/2026 00:00","CTA|DE(50Hertz)","HKW Tiefstack Block 2","11WD8TIEF5C----9","Fossil Hard coal","11WD8TIEF5C----9","09/04/2026 14:00 - 09/04/2026 15:00","28.25",""
"09/04/2026 00:00 - 10/04/2026 00:00","CTA|DE(50Hertz)","HKW Tiefstack Block 2","11WD8TIEF5C----9","Fossil Hard coal","11WD8TIEF5C----9","09/04/2026 15:00 - 09/04/2026 16:00","30.25",""
"09/04/2026 00:00 - 10/04/2026 00:00","CTA|DE(50Hertz)","HKW Tiefstack Block 2","11WD8TIEF5C----9","Fossil Hard coal","11WD8TIEF5C----9","09/04/2026 16:00 - 09/04/2026 17:00","58.25",""
"09/04/2026 00:00 - 10/04/2026 00:00","CTA|DE(50Hertz)","HKW Tiefstack Block 2","11WD8TIEF5C----9","Fossil Hard coal","11WD8TIEF5C----9","09/04/2026 17:00 - 09/04/2026 18:00","61.50",""
"09/04/2026 00:00 - 10/04/2026 00:00","CTA|DE(50Hertz)","HKW Tiefstack Block 2","11WD8TIEF5C----9","Fossil Hard coal","11WD8TIEF5C----9","09/04/2026 18:00 - 09/04/2026 19:00","47.25",""
"09/04/2026 00:00 - 10/04/2026 00:00","CTA|DE(50Hertz)","HKW Tiefstack Block 2","11WD8TIEF5C----9","Fossil Hard coal","11WD8TIEF5C----9","09/04/2026 19:00 - 09/04/2026 20:00","59.75",""
"09/04/2026 00:00 - 10/04/2026 00:00","CTA|DE(50Hertz)","HKW Tiefstack Block 2","11WD8TIEF5C----9","Fossil Hard coal","11WD8TIEF5C----9","09/04/2026 20:00 - 09/04/2026 21:00","61.50",""
"09/04/2026 00:00 - 10/04/2026 00:00","CTA|DE(50Hertz)","HKW Tiefstack Block 2","11WD8TIEF5C----9","Fossil Hard coal","11WD8TIEF5C----9","09/04/2026 21:00 - 09/04/2026 22:00","62.50",""
"09/04/2026 00:00 - 10/04/2026 00:00","CTA|DE(50Hertz)","HKW Tiefstack Block 2","11WD8TIEF5C----9","Fossil Hard coal","11WD8TIEF5C----9","09/04/2026 22:00 - 09/04/2026 23:00","60.50",""
"09/04/2026 00:00 - 10/04/2026 00:00","CTA|DE(50Hertz)","HKW Tiefstack Block 2","11WD8TIEF5C----9","Fossil Hard coal","11WD8TIEF5C----9","09/04/2026 23:00 - 10/04/2026 00:00","56.75",""
"09/04/2026 00:00 - 10/04/2026 00:00","CTA|DE(50Hertz)","HKW Tiefstack GuD","11WD8TIEF5G-GUDI","Fossil Gas","11WD8TIEF5G-GUDI","09/04/2026 00:00 - 09/04/2026 01:00","0.00",""
"09/04/2026 00:00 - 10/04/2026 00:00","CTA|DE(50Hertz)","HKW Tiefstack GuD","11WD8TIEF5G-GUDI","Fossil Gas","11WD8TIEF5G-GUDI","09/04/2026 01:00 - 09/04/2026 02:00","0.00",""
"09/04/2026 00:00 - 10/04/2026 00:00","CTA|DE(50Hertz)","HKW Tiefstack GuD","11WD8TIEF5G-GUDI","Fossil Gas","11WD8TIEF5G-GUDI","09/04/2026 02:00 - 09/04/2026 03:00","0.00",""
"09/04/2026 00:00 - 10/04/2026 00:00","CTA|DE(50Hertz)","HKW Tiefstack GuD","11WD8TIEF5G-GUDI","Fossil Gas","11WD8TIEF5G-GUDI","09/04/2026 03:00 - 09/04/2026 04:00","0.00",""
"09/04/2026 00:00 - 10/04/2026 00:00","CTA|DE(50Hertz)","HKW Tiefstack GuD","11WD8TIEF5G-GUDI","Fossil Gas","11WD8TIEF5G-GUDI","09/04/2026 04:00 - 09/04/2026 05:00","0.00",""
"09/04/2026 00:00 - 10/04/2026 00:00","CTA|DE(50Hertz)","HKW Tiefstack GuD","11WD8TIEF5G-GUDI","Fossil Gas","11WD8TIEF5G-GUDI","09/04/2026 05:00 - 09/04/2026 06:00","0.00",""
"09/04/2026 00:00 - 10/04/2026 00:00","CTA|DE(50Hertz)","HKW Tiefstack GuD","11WD8TIEF5G-GUDI","Fossil Gas","11WD8TIEF5G-GUDI","09/04/2026 06:00 - 09/04/2026 07:00","21.75",""
"09/04/2026 00:00 - 10/04/2026 00:00","CTA|DE(50Hertz)","HKW Tiefstack GuD","11WD8TIEF5G-GUDI","Fossil Gas","11WD8TIEF5G-GUDI","09/04/2026 07:00 - 09/04/2026 08:00","51.00",""
"09/04/2026 00:00 - 10/04/2026 00:00","CTA|DE(50Hertz)","HKW Tiefstack GuD","11WD8TIEF5G-GUDI","Fossil Gas","11WD8TIEF5G-GUDI","09/04/2026 08:00 - 09/04/2026 09:00","50.75",""
"09/04/2026 00:00 - 10/04/2026 00:00","CTA|DE(50Hertz)","HKW Tiefstack GuD","11WD8TIEF5G-GUDI","Fossil Gas","11WD8TIEF5G-GUDI","09/04/2026 09:00 - 09/04/2026 10:00","16.25",""
"09/04/2026 00:00 - 10/04/2026 00:00","CTA|DE(50Hertz)","HKW Tiefstack GuD","11WD8TIEF5G-GUDI","Fossil Gas","11WD8TIEF5G-GUDI","09/04/2026 10:00 - 09/04/2026 11:00","8.75",""
"09/04/2026 00:00 - 10/04/2026 00:00","CTA|DE(50Hertz)","HKW Tiefstack GuD","11WD8TIEF5G-GUDI","Fossil Gas","11WD8TIEF5G-GUDI","09/04/2026 11:00 - 09/04/2026 12:00","7.25",""
"09/04/2026 00:00 - 10/04/2026 00:00","CTA|DE(50Hertz)","HKW Tiefstack GuD","11WD8TIEF5G-GUDI","Fossil Gas","11WD8TIEF5G-GUDI","09/04/2026 12:00 - 09/04/2026 13:00","0.00",""
"09/04/2026 00:00 - 10/04/2026 00:00","CTA|DE(50Hertz)","HKW Tiefstack GuD","11WD8TIEF5G-GUDI","Fossil Gas","11WD8TIEF5G-GUDI","09/04/2026 13:00 - 09/04/2026 14:00","0.00",""
"09/04/2026 00:00 - 10/04/2026 00:00","CTA|DE(50Hertz)","HKW Tiefstack GuD","11WD8TIEF5G-GUDI","Fossil Gas","11WD8TIEF5G-GUDI","09/04/2026 14:00 - 09/04/2026 15:00","0.00",""
"09/04/2026 00:00 - 10/04/2026 00:00","CTA|DE(50Hertz)","HKW Tiefstack GuD","11WD8TIEF5G-GUDI","Fossil Gas","11WD8TIEF5G-GUDI","09/04/2026 15:00 - 09/04/2026 16:00","0.00",""
"09/04/2026 00:00 - 10/04/2026 00:00","CTA|DE(50Hertz)","HKW Tiefstack GuD","11WD8TIEF5G-GUDI","Fossil Gas","11WD8TIEF5G-GUDI","09/04/2026 16:00 - 09/04/2026 17:00","0.00",""
"09/04/2026 00:00 - 10/04/2026 00:00","CTA|DE(50Hertz)","HKW Tiefstack GuD","11WD8TIEF5G-GUDI","Fossil Gas","11WD8TIEF5G-GUDI","09/04/2026 17:00 - 09/04/2026 18:00","0.00",""
"09/04/2026 00:00 - 10/04/2026 00:00","CTA|DE(50Hertz)","HKW Tiefstack GuD","11WD8TIEF5G-GUDI","Fossil Gas","11WD8TIEF5G-GUDI","09/04/2026 18:00 - 09/04/2026 19:00","0.00",""
"09/04/2026 00:00 - 10/04/2026 00:00","CTA|DE(50Hertz)","HKW Tiefstack GuD","11WD8TIEF5G-GUDI","Fossil Gas","11WD8TIEF5G-GUDI","09/04/2026 19:00 - 09/04/2026 20:00","0.00",""
"09/04/2026 00:00 - 10/04/2026 00:00","CTA|DE(50Hertz)","HKW Tiefstack GuD","11WD8TIEF5G-GUDI","Fossil Gas","11WD8TIEF5G-GUDI","09/04/2026 20:00 - 09/04/2026 21:00","0.00",""
"09/04/2026 00:00 - 10/04/2026 00:00","CTA|DE(50Hertz)","HKW Tiefstack GuD","11WD8TIEF5G-GUDI","Fossil Gas","11WD8TIEF5G-GUDI","09/04/2026 21:00 - 09/04/2026 22:00","0.00",""
"09/04/2026 00:00 - 10/04/2026 00:00","CTA|DE(50Hertz)","HKW Tiefstack GuD","11WD8TIEF5G-GUDI","Fossil Gas","11WD8TIEF5G-GUDI","09/04/2026 22:00 - 09/04/2026 23:00","0.00",""
"09/04/2026 00:00 - 10/04/2026 00:00","CTA|DE(50Hertz)","HKW Tiefstack GuD","11WD8TIEF5G-GUDI","Fossil Gas","11WD8TIEF5G-GUDI","09/04/2026 23:00 - 10/04/2026 00:00","0.00",""
"09/04/2026 00:00 - 10/04/2026 00:00","CTA|DE(50Hertz)","HKW Wedel Block 1","11WD8WED15C---1M","Fossil Hard coal","11WD8WED15C---1M","09/04/2026 00:00 - 09/04/2026 01:00","74.00",""
"09/04/2026 00:00 - 10/04/2026 00:00","CTA|DE(50Hertz)","HKW Wedel Block 1","11WD8WED15C---1M","Fossil Hard coal","11WD8WED15C---1M","09/04/2026 01:00 - 09/04/2026 02:00","74.25",""
"09/04/2026 00:00 - 10/04/2026 00:00","CTA|DE(50Hertz)","HKW Wedel Block 1","11WD8WED15C---1M","Fossil Hard coal","11WD8WED15C---1M","09/04/2026 02:00 - 09/04/2026 03:00","75.25",""
"09/04/2026 00:00 - 10/04/2026 00:00","CTA|DE(50Hertz)","HKW Wedel Block 1","11WD8WED15C---1M","Fossil Hard coal","11WD8WED15C---1M","09/04/2026 03:00 - 09/04/2026 04:00","68.00",""
"09/04/2026 00:00 - 10/04/2026 00:00","CTA|DE(50Hertz)","HKW Wedel Block 1","11WD8WED15C---1M","Fossil Hard coal","11WD8WED15C---1M","09/04/2026 04:00 - 09/04/2026 05:00","54.00",""
"09/04/2026 00:00 - 10/04/2026 00:00","CTA|DE(50Hertz)","HKW Wedel Block 1","11WD8WED15C---1M","Fossil Hard coal","11WD8WED15C---1M","09/04/2026 05:00 - 09/04/2026 06:00","55.00",""
"09/04/2026 00:00 - 10/04/2026 00:00","CTA|DE(50Hertz)","HKW Wedel Block 1","11WD8WED15C---1M","Fossil Hard coal","11WD8WED15C---1M","09/04/2026 06:00 - 09/04/2026 07:00","53.00",""
"09/04/2026 00:00 - 10/04/2026 00:00","CTA|DE(50Hertz)","HKW Wedel Block 1","11WD8WED15C---1M","Fossil Hard coal","11WD8WED15C---1M","09/04/2026 07:00 - 09/04/2026 08:00","63.75",""
"09/04/2026 00:00 - 10/04/2026 00:00","CTA|DE(50Hertz)","HKW Wedel Block 1","11WD8WED15C---1M","Fossil Hard coal","11WD8WED15C---1M","09/04/2026 08:00 - 09/04/2026 09:00","69.75",""
"09/04/2026 00:00 - 10/04/2026 00:00","CTA|DE(50Hertz)","HKW Wedel Block 1","11WD8WED15C---1M","Fossil Hard coal","11WD8WED15C---1M","09/04/2026 09:00 - 09/04/2026 10:00","63.00",""
"09/04/2026 00:00 - 10/04/2026 00:00","CTA|DE(50Hertz)","HKW Wedel Block 1","11WD8WED15C---1M","Fossil Hard coal","11WD8WED15C---1M","09/04/2026 10:00 - 09/04/2026 11:00","36.25",""
"09/04/2026 00:00 - 10/04/2026 00:00","CTA|DE(50Hertz)","HKW Wedel Block 1","11WD8WED15C---1M","Fossil Hard coal","11WD8WED15C---1M","09/04/2026 11:00 - 09/04/2026 12:00","36.75",""
"09/04/2026 00:00 - 10/04/2026 00:00","CTA|DE(50Hertz)","HKW Wedel Block 1","11WD8WED15C---1M","Fossil Hard coal","11WD8WED15C---1M","09/04/2026 12:00 - 09/04/2026 13:00","37.00",""
"09/04/2026 00:00 - 10/04/2026 00:00","CTA|DE(50Hertz)","HKW Wedel Block 1","11WD8WED15C---1M","Fossil Hard coal","11WD8WED15C---1M","09/04/2026 13:00 - 09/04/2026 14:00","38.00",""
"09/04/2026 00:00 - 10/04/2026 00:00","CTA|DE(50Hertz)","HKW Wedel Block 1","11WD8WED15C---1M","Fossil Hard coal","11WD8WED15C---1M","09/04/2026 14:00 - 09/04/2026 15:00","38.00",""
"09/04/2026 00:00 - 10/04/2026 00:00","CTA|DE(50Hertz)","HKW Wedel Block 1","11WD8WED15C---1M","Fossil Hard coal","11WD8WED15C---1M","09/04/2026 15:00 - 09/04/2026 16:00","37.00",""
"09/04/2026 00:00 - 10/04/2026 00:00","CTA|DE(50Hertz)","HKW Wedel Block 1","11WD8WED15C---1M","Fossil Hard coal","11WD8WED15C---1M","09/04/2026 16:00 - 09/04/2026 17:00","36.25",""
"09/04/2026 00:00 - 10/04/2026 00:00","CTA|DE(50Hertz)","HKW Wedel Block 1","11WD8WED15C---1M","Fossil Hard coal","11WD8WED15C---1M","09/04/2026 17:00 - 09/04/2026 18:00","49.00",""
"09/04/2026 00:00 - 10/04/2026 00:00","CTA|DE(50Hertz)","HKW Wedel Block 1","11WD8WED15C---1M","Fossil Hard coal","11WD8WED15C---1M","09/04/2026 18:00 - 09/04/2026 19:00","74.00",""
"09/04/2026 00:00 - 10/04/2026 00:00","CTA|DE(50Hertz)","HKW Wedel Block 1","11WD8WED15C---1M","Fossil Hard coal","11WD8WED15C---1M","09/04/2026 19:00 - 09/04/2026 20:00","75.75",""
"09/04/2026 00:00 - 10/04/2026 00:00","CTA|DE(50Hertz)","HKW Wedel Block 1","11WD8WED15C---1M","Fossil Hard coal","11WD8WED15C---1M","09/04/2026 20:00 - 09/04/2026 21:00","74.25",""
"09/04/2026 00:00 - 10/04/2026 00:00","CTA|DE(50Hertz)","HKW Wedel Block 1","11WD8WED15C---1M","Fossil Hard coal","11WD8WED15C---1M","09/04/2026 21:00 - 09/04/2026 22:00","74.75",""
"09/04/2026 00:00 - 10/04/2026 00:00","CTA|DE(50Hertz)","HKW Wedel Block 1","11WD8WED15C---1M","Fossil Hard coal","11WD8WED15C---1M","09/04/2026 22:00 - 09/04/2026 23:00","56.75",""
"09/04/2026 00:00 - 10/04/2026 00:00","CTA|DE(50Hertz)","HKW Wedel Block 1","11WD8WED15C---1M","Fossil Hard coal","11WD8WED15C---1M","09/04/2026 23:00 - 10/04/2026 00:00","39.25",""
"09/04/2026 00:00 - 10/04/2026 00:00","CTA|DE(50Hertz)","HKW Wedel Block 2","11WD8WED15C---2K","Fossil Hard coal","11WD8WED15C---2K","09/04/2026 00:00 - 09/04/2026 01:00","85.75",""
"09/04/2026 00:00 - 10/04/2026 00:00","CTA|DE(50Hertz)","HKW Wedel Block 2","11WD8WED15C---2K","Fossil Hard coal","11WD8WED15C---2K","09/04/2026 01:00 - 09/04/2026 02:00","86.75",""
"09/04/2026 00:00 - 10/04/2026 00:00","CTA|DE(50Hertz)","HKW Wedel Block 2","11WD8WED15C---2K","Fossil Hard coal","11WD8WED15C---2K","09/04/2026 02:00 - 09/04/2026 03:00","86.50",""
"09/04/2026 00:00 - 10/04/2026 00:00","CTA|DE(50Hertz)","HKW Wedel Block 2","11WD8WED15C---2K","Fossil Hard coal","11WD8WED15C---2K","09/04/2026 03:00 - 09/04/2026 04:00","83.00",""
"09/04/2026 00:00 - 10/04/2026 00:00","CTA|DE(50Hertz)","HKW Wedel Block 2","11WD8WED15C---2K","Fossil Hard coal","11WD8WED15C---2K","09/04/2026 04:00 - 09/04/2026 05:00","72.75",""
"09/04/2026 00:00 - 10/04/2026 00:00","CTA|DE(50Hertz)","HKW Wedel Block 2","11WD8WED15C---2K","Fossil Hard coal","11WD8WED15C---2K","09/04/2026 05:00 - 09/04/2026 06:00","72.25",""
"09/04/2026 00:00 - 10/04/2026 00:00","CTA|DE(50Hertz)","HKW Wedel Block 2","11WD8WED15C---2K","Fossil Hard coal","11WD8WED15C---2K","09/04/2026 06:00 - 09/04/2026 07:00","70.50",""
"09/04/2026 00:00 - 10/04/2026 00:00","CTA|DE(50Hertz)","HKW Wedel Block 2","11WD8WED15C---2K","Fossil Hard coal","11WD8WED15C---2K","09/04/2026 07:00 - 09/04/2026 08:00","76.00",""
"09/04/2026 00:00 - 10/04/2026 00:00","CTA|DE(50Hertz)","HKW Wedel Block 2","11WD8WED15C---2K","Fossil Hard coal","11WD8WED15C---2K","09/04/2026 08:00 - 09/04/2026 09:00","78.50",""
"09/04/2026 00:00 - 10/04/2026 00:00","CTA|DE(50Hertz)","HKW Wedel Block 2","11WD8WED15C---2K","Fossil Hard coal","11WD8WED15C---2K","09/04/2026 09:00 - 09/04/2026 10:00","70.75",""
"09/04/2026 00:00 - 10/04/2026 00:00","CTA|DE(50Hertz)","HKW Wedel Block 2","11WD8WED15C---2K","Fossil Hard coal","11WD8WED15C---2K","09/04/2026 10:00 - 09/04/2026 11:00","43.25",""
"09/04/2026 00:00 - 10/04/2026 00:00","CTA|DE(50Hertz)","HKW Wedel Block 2","11WD8WED15C---2K","Fossil Hard coal","11WD8WED15C---2K","09/04/2026 11:00 - 09/04/2026 12:00","36.25",""
"09/04/2026 00:00 - 10/04/2026 00:00","CTA|DE(50Hertz)","HKW Wedel Block 2","11WD8WED15C---2K","Fossil Hard coal","11WD8WED15C---2K","09/04/2026 12:00 - 09/04/2026 13:00","34.00",""
"09/04/2026 00:00 - 10/04/2026 00:00","CTA|DE(50Hertz)","HKW Wedel Block 2","11WD8WED15C---2K","Fossil Hard coal","11WD8WED15C---2K","09/04/2026 13:00 - 09/04/2026 14:00","35.00",""
"09/04/2026 00:00 - 10/04/2026 00:00","CTA|DE(50Hertz)","HKW Wedel Block 2","11WD8WED15C---2K","Fossil Hard coal","11WD8WED15C---2K","09/04/2026 14:00 - 09/04/2026 15:00","35.00",""
"09/04/2026 00:00 - 10/04/2026 00:00","CTA|DE(50Hertz)","HKW Wedel Block 2","11WD8WED15C---2K","Fossil Hard coal","11WD8WED15C---2K","09/04/2026 15:00 - 09/04/2026 16:00","34.50",""
"09/04/2026 00:00 - 10/04/2026 00:00","CTA|DE(50Hertz)","HKW Wedel Block 2","11WD8WED15C---2K","Fossil Hard coal","11WD8WED15C---2K","09/04/2026 16:00 - 09/04/2026 17:00","35.00",""
"09/04/2026 00:00 - 10/04/2026 00:00","CTA|DE(50Hertz)","HKW Wedel Block 2","11WD8WED15C---2K","Fossil Hard coal","11WD8WED15C---2K","09/04/2026 17:00 - 09/04/2026 18:00","38.50",""
"09/04/2026 00:00 - 10/04/2026 00:00","CTA|DE(50Hertz)","HKW Wedel Block 2","11WD8WED15C---2K","Fossil Hard coal","11WD8WED15C---2K","09/04/2026 18:00 - 09/04/2026 19:00","59.00",""
"09/04/2026 00:00 - 10/04/2026 00:00","CTA|DE(50Hertz)","HKW Wedel Block 2","11WD8WED15C---2K","Fossil Hard coal","11WD8WED15C---2K","09/04/2026 19:00 - 09/04/2026 20:00","54.25",""
"09/04/2026 00:00 - 10/04/2026 00:00","CTA|DE(50Hertz)","HKW Wedel Block 2","11WD8WED15C---2K","Fossil Hard coal","11WD8WED15C---2K","09/04/2026 20:00 - 09/04/2026 21:00","52.50",""
"09/04/2026 00:00 - 10/04/2026 00:00","CTA|DE(50Hertz)","HKW Wedel Block 2","11WD8WED15C---2K","Fossil Hard coal","11WD8WED15C---2K","09/04/2026 21:00 - 09/04/2026 22:00","53.75",""
"09/04/2026 00:00 - 10/04/2026 00:00","CTA|DE(50Hertz)","HKW Wedel Block 2","11WD8WED15C---2K","Fossil Hard coal","11WD8WED15C---2K","09/04/2026 22:00 - 09/04/2026 23:00","41.25",""
"09/04/2026 00:00 - 10/04/2026 00:00","CTA|DE(50Hertz)","HKW Wedel Block 2","11WD8WED15C---2K","Fossil Hard coal","11WD8WED15C---2K","09/04/2026 23:00 - 10/04/2026 00:00","31.00",""
"09/04/2026 00:00 - 10/04/2026 00:00","CTA|DE(TenneT GER)","Sued GuD1 GT11","11W0-0000-0241-V","Fossil Gas","11W0-0000-0241-V","09/04/2026 00:00 - 09/04/2026 01:00","n/e","n/e"
"09/04/2026 00:00 - 10/04/2026 00:00","CTA|DE(TenneT GER)","Sued GuD1 GT11","11W0-0000-0241-V","Fossil Gas","11W0-0000-0241-V","09/04/2026 01:00 - 09/04/2026 02:00","n/e","n/e"
"09/04/2026 00:00 - 10/04/2026 00:00","CTA|DE(TenneT GER)","Sued GuD1 GT11","11W0-0000-0241-V","Fossil Gas","11W0-0000-0241-V","09/04/2026 02:00 - 09/04/2026 03:00","n/e","n/e"
"09/04/2026 00:00 - 10/04/2026 00:00","CTA|DE(TenneT GER)","Sued GuD1 GT11","11W0-0000-0241-V","Fossil Gas","11W0-0000-0241-V","09/04/2026 03:00 - 09/04/2026 04:00","n/e","n/e"
"09/04/2026 00:00 - 10/04/2026 00:00","CTA|DE(TenneT GER)","Sued GuD1 GT11","11W0-0000-0241-V","Fossil Gas","11W0-0000-0241-V","09/04/2026 04:00 - 09/04/2026 05:00","n/e","n/e"
"09/04/2026 00:00 - 10/04/2026 00:00","CTA|DE(TenneT GER)","Sued GuD1 GT11","11W0-0000-0241-V","Fossil Gas","11W0-0000-0241-V","09/04/2026 05:00 - 09/04/2026 06:00","n/e","n/e"
"09/04/2026 00:00 - 10/04/2026 00:00","CTA|DE(TenneT GER)","Sued GuD1 GT11","11W0-0000-0241-V","Fossil Gas","11W0-0000-0241-V","09/04/2026 06:00 - 09/04/2026 07:00","n/e","n/e"
"09/04/2026 00:00 - 10/04/2026 00:00","CTA|DE(TenneT GER)","Sued GuD1 GT11","11W0-0000-0241-V","Fossil Gas","11W0-0000-0241-V","09/04/2026 07:00 - 09/04/2026 08:00","n/e","n/e"
"09/04/2026 00:00 - 10/04/2026 00:00","CTA|DE(TenneT GER)","Sued GuD1 GT11","11W0-0000-0241-V","Fossil Gas","11W0-0000-0241-V","09/04/2026 08:00 - 09/04/2026 09:00","n/e","n/e"
"09/04/2026 00:00 - 10/04/2026 00:00","CTA|DE(TenneT GER)","Sued GuD1 GT11","11W0-0000-0241-V","Fossil Gas","11W0-0000-0241-V","09/04/2026 09:00 - 09/04/2026 10:00","n/e","n/e"
"09/04/2026 00:00 - 10/04/2026 00:00","CTA|DE(TenneT GER)","Sued GuD1 GT11","11W0-0000-0241-V","Fossil Gas","11W0-0000-0241-V","09/04/2026 10:00 - 09/04/2026 11:00","n/e","n/e"
"09/04/2026 00:00 - 10/04/2026 00:00","CTA|DE(TenneT GER)","Sued GuD1 GT11","11W0-0000-0241-V","Fossil Gas","11W0-0000-0241-V","09/04/2026 11:00 - 09/04/2026 12:00","n/e","n/e"
"09/04/2026 00:00 - 10/04/2026 00:00","CTA|DE(TenneT GER)","Sued GuD1 GT11","11W0-0000-0241-V","Fossil Gas","11W0-0000-0241-V","09/04/2026 12:00 - 09/04/2026 13:00","n/e","n/e"
"09/04/2026 00:00 - 10/04/2026 00:00","CTA|DE(TenneT GER)","Sued GuD1 GT11","11W0-0000-0241-V","Fossil Gas","11W0-0000-0241-V","09/04/2026 13:00 - 09/04/2026 14:00","n/e","n/e"
"09/04/2026 00:00 - 10/04/2026 00:00","CTA|DE(TenneT GER)","Sued GuD1 GT11","11W0-0000-0241-V","Fossil Gas","11W0-0000-0241-V","09/04/2026 14:00 - 09/04/2026 15:00","n/e","n/e"
"09/04/2026 00:00 - 10/04/2026 00:00","CTA|DE(TenneT GER)","Sued GuD1 GT11","11W0-0000-0241-V","Fossil Gas","11W0-0000-0241-V","09/04/2026 15:00 - 09/04/2026 16:00","n/e","n/e"
"09/04/2026 00:00 - 10/04/2026 00:00","CTA|DE(TenneT GER)","Sued GuD1 GT11","11W0-0000-0241-V","Fossil Gas","11W0-0000-0241-V","09/04/2026 16:00 - 09/04/2026 17:00","n/e","n/e"
"09/04/2026 00:00 - 10/04/2026 00:00","CTA|DE(TenneT GER)","Sued GuD1 GT11","11W0-0000-0241-V","Fossil Gas","11W0-0000-0241-V","09/04/2026 17:00 - 09/04/2026 18:00","n/e","n/e"
"09/04/2026 00:00 - 10/04/2026 00:00","CTA|DE(TenneT GER)","Sued GuD1 GT11","11W0-0000-0241-V","Fossil Gas","11W0-0000-0241-V","09/04/2026 18:00 - 09/04/2026 19:00","n/e","n/e"
"09/04/2026 00:00 - 10/04/2026 00:00","CTA|DE(TenneT GER)","Sued GuD1 GT11","11W0-0000-0241-V","Fossil Gas","11W0-0000-0241-V","09/04/2026 19:00 - 09/04/2026 20:00","n/e","n/e"
"09/04/2026 00:00 - 10/04/2026 00:00","CTA|DE(TenneT GER)","Sued GuD1 GT11","11W0-0000-0241-V","Fossil Gas","11W0-0000-0241-V","09/04/2026 20:00 - 09/04/2026 21:00","n/e","n/e"
"09/04/2026 00:00 - 10/04/2026 00:00","CTA|DE(TenneT GER)","Sued GuD1 GT11","11W0-0000-0241-V","Fossil Gas","11W0-0000-0241-V","09/04/2026 21:00 - 09/04/2026 22:00","n/e","n/e"
"09/04/2026 00:00 - 10/04/2026 00:00","CTA|DE(TenneT GER)","Sued GuD1 GT11","11W0-0000-0241-V","Fossil Gas","11W0-0000-0241-V","09/04/2026 22:00 - 09/04/2026 23:00","n/e","n/e"
"09/04/2026 00:00 - 10/04/2026 00:00","CTA|DE(TenneT GER)","Sued GuD1 GT11","11W0-0000-0241-V","Fossil Gas","11W0-0000-0241-V","09/04/2026 23:00 - 10/04/2026 00:00","n/e","n/e"
"09/04/2026 00:00 - 10/04/2026 00:00","CTA|DE(Amprion)","RUHRORT-2","11WD7BEEC5XRUH2I","Fossil Coal-derived gas","11WD7BEEC5XRUH2I","09/04/2026 00:00 - 09/04/2026 01:00","n/e","n/e"
"09/04/2026 00:00 - 10/04/2026 00:00","CTA|DE(Amprion)","RUHRORT-2","11WD7BEEC5XRUH2I","Fossil Coal-derived gas","11WD7BEEC5XRUH2I","09/04/2026 01:00 - 09/04/2026 02:00","n/e","n/e"
"09/04/2026 00:00 - 10/04/2026 00:00","CTA|DE(Amprion)","RUHRORT-2","11WD7BEEC5XRUH2I","Fossil Coal-derived gas","11WD7BEEC5XRUH2I","09/04/2026 02:00 - 09/04/2026 03:00","n/e","n/e"
"09/04/2026 00:00 - 10/04/2026 00:00","CTA|DE(Amprion)","RUHRORT-2","11WD7BEEC5XRUH2I","Fossil Coal-derived gas","11WD7BEEC5XRUH2I","09/04/2026 03:00 - 09/04/2026 04:00","n/e","n/e"
"09/04/2026 00:00 - 10/04/2026 00:00","CTA|DE(Amprion)","RUHRORT-2","11WD7BEEC5XRUH2I","Fossil Coal-derived gas","11WD7BEEC5XRUH2I","09/04/2026 04:00 - 09/04/2026 05:00","n/e","n/e"
"09/04/2026 00:00 - 10/04/2026 00:00","CTA|DE(Amprion)","RUHRORT-2","11WD7BEEC5XRUH2I","Fossil Coal-derived gas","11WD7BEEC5XRUH2I","09/04/2026 05:00 - 09/04/2026 06:00","n/e","n/e"
"09/04/2026 00:00 - 10/04/2026 00:00","CTA|DE(Amprion)","RUHRORT-2","11WD7BEEC5XRUH2I","Fossil Coal-derived gas","11WD7BEEC5XRUH2I","09/04/2026 06:00 - 09/04/2026 07:00","n/e","n/e"
"09/04/2026 00:00 - 10/04/2026 00:00","CTA|DE(Amprion)","RUHRORT-2","11WD7BEEC5XRUH2I","Fossil Coal-derived gas","11WD7BEEC5XRUH2I","09/04/2026 07:00 - 09/04/2026 08:00","n/e","n/e"
"09/04/2026 00:00 - 10/04/2026 00:00","CTA|DE(Amprion)","RUHRORT-2","11WD7BEEC5XRUH2I","Fossil Coal-derived gas","11WD7BEEC5XRUH2I","09/04/2026 08:00 - 09/04/2026 09:00","n/e","n/e"
"09/04/2026 00:00 - 10/04/2026 00:00","CTA|DE(Amprion)","RUHRORT-2","11WD7BEEC5XRUH2I","Fossil Coal-derived gas","11WD7BEEC5XRUH2I","09/04/2026 09:00 - 09/04/2026 10:00","n/e","n/e"
"09/04/2026 00:00 - 10/04/2026 00:00","CTA|DE(Amprion)","RUHRORT-2","11WD7BEEC5XRUH2I","Fossil Coal-derived gas","11WD7BEEC5XRUH2I","09/04/2026 10:00 - 09/04/2026 11:00","n/e","n/e"
"09/04/2026 00:00 - 10/04/2026 00:00","CTA|DE(Amprion)","RUHRORT-2","11WD7BEEC5XRUH2I","Fossil Coal-derived gas","11WD7BEEC5XRUH2I","09/04/2026 11:00 - 09/04/2026 12:00","n/e","n/e"
"09/04/2026 00:00 - 10/04/2026 00:00","CTA|DE(Amprion)","RUHRORT-2","11WD7BEEC5XRUH2I","Fossil Coal-derived gas","11WD7BEEC5XRUH2I","09/04/2026 12:00 - 09/04/2026 13:00","n/e","n/e"
"09/04/2026 00:00 - 10/04/2026 00:00","CTA|DE(Amprion)","RUHRORT-2","11WD7BEEC5XRUH2I","Fossil Coal-derived gas","11WD7BEEC5XRUH2I","09/04/2026 13:00 - 09/04/2026 14:00","n/e","n/e"
"09/04/2026 00:00 - 10/04/2026 00:00","CTA|DE(Amprion)","RUHRORT-2","11WD7BEEC5XRUH2I","Fossil Coal-derived gas","11WD7BEEC5XRUH2I","09/04/2026 14:00 - 09/04/2026 15:00","n/e","n/e"
"09/04/2026 00:00 - 10/04/2026 00:00","CTA|DE(Amprion)","RUHRORT-2","11WD7BEEC5XRUH2I","Fossil Coal-derived gas","11WD7BEEC5XRUH2I","09/04/2026 15:00 - 09/04/2026 16:00","n/e","n/e"
"09/04/2026 00:00 - 10/04/2026 00:00","CTA|DE(Amprion)","RUHRORT-2","11WD7BEEC5XRUH2I","Fossil Coal-derived gas","11WD7BEEC5XRUH2I","09/04/2026 16:00 - 09/04/2026 17:00","n/e","n/e"
"09/04/2026 00:00 - 10/04/2026 00:00","CTA|DE(Amprion)","RUHRORT-2","11WD7BEEC5XRUH2I","Fossil Coal-derived gas","11WD7BEEC5XRUH2I","09/04/2026 17:00 - 09/04/2026 18:00","n/e","n/e"
"09/04/2026 00:00 - 10/04/2026 00:00","CTA|DE(Amprion)","RUHRORT-2","11WD7BEEC5XRUH2I","Fossil Coal-derived gas","11WD7BEEC5XRUH2I","09/04/2026 18:00 - 09/04/2026 19:00","n/e","n/e"
"09/04/2026 00:00 - 10/04/2026 00:00","CTA|DE(Amprion)","RUHRORT-2","11WD7BEEC5XRUH2I","Fossil Coal-derived gas","11WD7BEEC5XRUH2I","09/04/2026 19:00 - 09/04/2026 20:00","n/e","n/e"
"09/04/2026 00:00 - 10/04/2026 00:00","CTA|DE(Amprion)","RUHRORT-2","11WD7BEEC5XRUH2I","Fossil Coal-derived gas","11WD7BEEC5XRUH2I","09/04/2026 20:00 - 09/04/2026 21:00","n/e","n/e"
"09/04/2026 00:00 - 10/04/2026 00:00","CTA|DE(Amprion)","RUHRORT-2","11WD7BEEC5XRUH2I","Fossil Coal-derived gas","11WD7BEEC5XRUH2I","09/04/2026 21:00 - 09/04/2026 22:00","n/e","n/e"
"09/04/2026 00:00 - 10/04/2026 00:00","CTA|DE(Amprion)","RUHRORT-2","11WD7BEEC5XRUH2I","Fossil Coal-derived gas","11WD7BEEC5XRUH2I","09/04/2026 22:00 - 09/04/2026 23:00","n/e","n/e"
"09/04/2026 00:00 - 10/04/2026 00:00","CTA|DE(Amprion)","RUHRORT-2","11WD7BEEC5XRUH2I","Fossil Coal-derived gas","11WD7BEEC5XRUH2I","09/04/2026 23:00 - 10/04/2026 00:00","n/e","n/e"
"09/04/2026 00:00 - 10/04/2026 00:00","CTA|DE(Amprion)","RUHRORT-3","11WD7BEEC5XRUH3G","Fossil Coal-derived gas","11WD7BEEC5XRUH3G","09/04/2026 00:00 - 09/04/2026 01:00","n/e","n/e"
"09/04/2026 00:00 - 10/04/2026 00:00","CTA|DE(Amprion)","RUHRORT-3","11WD7BEEC5XRUH3G","Fossil Coal-derived gas","11WD7BEEC5XRUH3G","09/04/2026 01:00 - 09/04/2026 02:00","n/e","n/e"
"09/04/2026 00:00 - 10/04/2026 00:00","CTA|DE(Amprion)","RUHRORT-3","11WD7BEEC5XRUH3G","Fossil Coal-derived gas","11WD7BEEC5XRUH3G","09/04/2026 02:00 - 09/04/2026 03:00","n/e","n/e"
"09/04/2026 00:00 - 10/04/2026 00:00","CTA|DE(Amprion)","RUHRORT-3","11WD7BEEC5XRUH3G","Fossil Coal-derived gas","11WD7BEEC5XRUH3G","09/04/2026 03:00 - 09/04/2026 04:00","n/e","n/e"
"09/04/2026 00:00 - 10/04/2026 00:00","CTA|DE(Amprion)","RUHRORT-3","11WD7BEEC5XRUH3G","Fossil Coal-derived gas","11WD7BEEC5XRUH3G","09/04/2026 04:00 - 09/04/2026 05:00","n/e","n/e"
"09/04/2026 00:00 - 10/04/2026 00:00","CTA|DE(Amprion)","RUHRORT-3","11WD7BEEC5XRUH3G","Fossil Coal-derived gas","11WD7BEEC5XRUH3G","09/04/2026 05:00 - 09/04/2026 06:00","n/e","n/e"
"09/04/2026 00:00 - 10/04/2026 00:00","CTA|DE(Amprion)","RUHRORT-3","11WD7BEEC5XRUH3G","Fossil Coal-derived gas","11WD7BEEC5XRUH3G","09/04/2026 06:00 - 09/04/2026 07:00","n/e","n/e"
"09/04/2026 00:00 - 10/04/2026 00:00","CTA|DE(Amprion)","RUHRORT-3","11WD7BEEC5XRUH3G","Fossil Coal-derived gas","11WD7BEEC5XRUH3G","09/04/2026 07:00 - 09/04/2026 08:00","n/e","n/e"
"09/04/2026 00:00 - 10/04/2026 00:00","CTA|DE(Amprion)","RUHRORT-3","11WD7BEEC5XRUH3G","Fossil Coal-derived gas","11WD7BEEC5XRUH3G","09/04/2026 08:00 - 09/04/2026 09:00","n/e","n/e"
"09/04/2026 00:00 - 10/04/2026 00:00","CTA|DE(Amprion)","RUHRORT-3","11WD7BEEC5XRUH3G","Fossil Coal-derived gas","11WD7BEEC5XRUH3G","09/04/2026 09:00 - 09/04/2026 10:00","n/e","n/e"
"09/04/2026 00:00 - 10/04/2026 00:00","CTA|DE(Amprion)","RUHRORT-3","11WD7BEEC5XRUH3G","Fossil Coal-derived gas","11WD7BEEC5XRUH3G","09/04/2026 10:00 - 09/04/2026 11:00","n/e","n/e"
"09/04/2026 00:00 - 10/04/2026 00:00","CTA|DE(Amprion)","RUHRORT-3","11WD7BEEC5XRUH3G","Fossil Coal-derived gas","11WD7BEEC5XRUH3G","09/04/2026 11:00 - 09/04/2026 12:00","n/e","n/e"
"09/04/2026 00:00 - 10/04/2026 00:00","CTA|DE(Amprion)","RUHRORT-3","11WD7BEEC5XRUH3G","Fossil Coal-derived gas","11WD7BEEC5XRUH3G","09/04/2026 12:00 - 09/04/2026 13:00","n/e","n/e"
"09/04/2026 00:00 - 10/04/2026 00:00","CTA|DE(Amprion)","RUHRORT-3","11WD7BEEC5XRUH3G","Fossil Coal-derived gas","11WD7BEEC5XRUH3G","09/04/2026 13:00 - 09/04/2026 14:00","n/e","n/e"
"09/04/2026 00:00 - 10/04/2026 00:00","CTA|DE(Amprion)","RUHRORT-3","11WD7BEEC5XRUH3G","Fossil Coal-derived gas","11WD7BEEC5XRUH3G","09/04/2026 14:00 - 09/04/2026 15:00","n/e","n/e"
"09/04/2026 00:00 - 10/04/2026 00:00","CTA|DE(Amprion)","RUHRORT-3","11WD7BEEC5XRUH3G","Fossil Coal-derived gas","11WD7BEEC5XRUH3G","09/04/2026 15:00 - 09/04/2026 16:00","n/e","n/e"
"09/04/2026 00:00 - 10/04/2026 00:00","CTA|DE(Amprion)","RUHRORT-3","11WD7BEEC5XRUH3G","Fossil Coal-derived gas","11WD7BEEC5XRUH3G","09/04/2026 16:00 - 09/04/2026 17:00","n/e","n/e"
"09/04/2026 00:00 - 10/04/2026 00:00","CTA|DE(Amprion)","RUHRORT-3","11WD7BEEC5XRUH3G","Fossil Coal-derived gas","11WD7BEEC5XRUH3G","09/04/2026 17:00 - 09/04/2026 18:00","n/e","n/e"
"09/04/2026 00:00 - 10/04/2026 00:00","CTA|DE(Amprion)","RUHRORT-3","11WD7BEEC5XRUH3G","Fossil Coal-derived gas","11WD7BEEC5XRUH3G","09/04/2026 18:00 - 09/04/2026 19:00","n/e","n/e"
"09/04/2026 00:00 - 10/04/2026 00:00","CTA|DE(Amprion)","RUHRORT-3","11WD7BEEC5XRUH3G","Fossil Coal-derived gas","11WD7BEEC5XRUH3G","09/04/2026 19:00 - 09/04/2026 20:00","n/e","n/e"
"09/04/2026 00:00 - 10/04/2026 00:00","CTA|DE(Amprion)","RUHRORT-3","11WD7BEEC5XRUH3G","Fossil Coal-derived gas","11WD7BEEC5XRUH3G","09/04/2026 20:00 - 09/04/2026 21:00","n/e","n/e"
"09/04/2026 00:00 - 10/04/2026 00:00","CTA|DE(Amprion)","RUHRORT-3","11WD7BEEC5XRUH3G","Fossil Coal-derived gas","11WD7BEEC5XRUH3G","09/04/2026 21:00 - 09/04/2026 22:00","n/e","n/e"
"09/04/2026 00:00 - 10/04/2026 00:00","CTA|DE(Amprion)","RUHRORT-3","11WD7BEEC5XRUH3G","Fossil Coal-derived gas","11WD7BEEC5XRUH3G","09/04/2026 22:00 - 09/04/2026 23:00","n/e","n/e"
"09/04/2026 00:00 - 10/04/2026 00:00","CTA|DE(Amprion)","RUHRORT-3","11WD7BEEC5XRUH3G","Fossil Coal-derived gas","11WD7BEEC5XRUH3G","09/04/2026 23:00 - 10/04/2026 00:00","n/e","n/e"
"09/04/2026 00:00 - 10/04/2026 00:00","CTA|DE(Amprion)","ROENKHAUSEN_PSW1","11WD7GARE5XPSW1U","Hydro Pumped Storage","11WD7GARE5XPSW1U","09/04/2026 00:00 - 09/04/2026 01:00","n/e","n/e"
"09/04/2026 00:00 - 10/04/2026 00:00","CTA|DE(Amprion)","ROENKHAUSEN_PSW1","11WD7GARE5XPSW1U","Hydro Pumped Storage","11WD7GARE5XPSW1U","09/04/2026 01:00 - 09/04/2026 02:00","n/e","n/e"
"09/04/2026 00:00 - 10/04/2026 00:00","CTA|DE(Amprion)","ROENKHAUSEN_PSW1","11WD7GARE5XPSW1U","Hydro Pumped Storage","11WD7GARE5XPSW1U","09/04/2026 02:00 - 09/04/2026 03:00","n/e","n/e"
"09/04/2026 00:00 - 10/04/2026 00:00","CTA|DE(Amprion)","ROENKHAUSEN_PSW1","11WD7GARE5XPSW1U","Hydro Pumped Storage","11WD7GARE5XPSW1U","09/04/2026 03:00 - 09/04/2026 04:00","n/e","n/e"
"09/04/2026 00:00 - 10/04/2026 00:00","CTA|DE(Amprion)","ROENKHAUSEN_PSW1","11WD7GARE5XPSW1U","Hydro Pumped Storage","11WD7GARE5XPSW1U","09/04/2026 04:00 - 09/04/2026 05:00","n/e","n/e"
"09/04/2026 00:00 - 10/04/2026 00:00","CTA|DE(Amprion)","ROENKHAUSEN_PSW1","11WD7GARE5XPSW1U","Hydro Pumped Storage","11WD7GARE5XPSW1U","09/04/2026 05:00 - 09/04/2026 06:00","n/e","n/e"
"09/04/2026 00:00 - 10/04/2026 00:00","CTA|DE(Amprion)","ROENKHAUSEN_PSW1","11WD7GARE5XPSW1U","Hydro Pumped Storage","11WD7GARE5XPSW1U","09/04/2026 06:00 - 09/04/2026 07:00","n/e","n/e"
"09/04/2026 00:00 - 10/04/2026 00:00","CTA|DE(Amprion)","ROENKHAUSEN_PSW1","11WD7GARE5XPSW1U","Hydro Pumped Storage","11WD7GARE5XPSW1U","09/04/2026 07:00 - 09/04/2026 08:00","n/e","n/e"
"09/04/2026 00:00 - 10/04/2026 00:00","CTA|DE(Amprion)","ROENKHAUSEN_PSW1","11WD7GARE5XPSW1U","Hydro Pumped Storage","11WD7GARE5XPSW1U","09/04/2026 08:00 - 09/04/2026 09:00","n/e","n/e"
"09/04/2026 00:00 - 10/04/2026 00:00","CTA|DE(Amprion)","ROENKHAUSEN_PSW1","11WD7GARE5XPSW1U","Hydro Pumped Storage","11WD7GARE5XPSW1U","09/04/2026 09:00 - 09/04/2026 10:00","n/e","n/e"
"09/04/2026 00:00 - 10/04/2026 00:00","CTA|DE(Amprion)","ROENKHAUSEN_PSW1","11WD7GARE5XPSW1U","Hydro Pumped Storage","11WD7GARE5XPSW1U","09/04/2026 10:00 - 09/04/2026 11:00","n/e","n/e"
"09/04/2026 00:00 - 10/04/2026 00:00","CTA|DE(Amprion)","ROENKHAUSEN_PSW1","11WD7GARE5XPSW1U","Hydro Pumped Storage","11WD7GARE5XPSW1U","09/04/2026 11:00 - 09/04/2026 12:00","n/e","n/e"
"09/04/2026 00:00 - 10/04/2026 00:00","CTA|DE(Amprion)","ROENKHAUSEN_PSW1","11WD7GARE5XPSW1U","Hydro Pumped Storage","11WD7GARE5XPSW1U","09/04/2026 12:00 - 09/04/2026 13:00","n/e","n/e"
"09/04/2026 00:00 - 10/04/2026 00:00","CTA|DE(Amprion)","ROENKHAUSEN_PSW1","11WD7GARE5XPSW1U","Hydro Pumped Storage","11WD7GARE5XPSW1U","09/04/2026 13:00 - 09/04/2026 14:00","n/e","n/e"
"09/04/2026 00:00 - 10/04/2026 00:00","CTA|DE(Amprion)","ROENKHAUSEN_PSW1","11WD7GARE5XPSW1U","Hydro Pumped Storage","11WD7GARE5XPSW1U","09/04/2026 14:00 - 09/04/2026 15:00","n/e","n/e"
"09/04/2026 00:00 - 10/04/2026 00:00","CTA|DE(Amprion)","ROENKHAUSEN_PSW1","11WD7GARE5XPSW1U","Hydro Pumped Storage","11WD7GARE5XPSW1U","09/04/2026 15:00 - 09/04/2026 16:00","n/e","n/e"
"09/04/2026 00:00 - 10/04/2026 00:00","CTA|DE(Amprion)","ROENKHAUSEN_PSW1","11WD7GARE5XPSW1U","Hydro Pumped Storage","11WD7GARE5XPSW1U","09/04/2026 16:00 - 09/04/2026 17:00","n/e","n/e"
"09/04/2026 00:00 - 10/04/2026 00:00","CTA|DE(Amprion)","ROENKHAUSEN_PSW1","11WD7GARE5XPSW1U","Hydro Pumped Storage","11WD7GARE5XPSW1U","09/04/2026 17:00 - 09/04/2026 18:00","n/e","n/e"
"09/04/2026 00:00 - 10/04/2026 00:00","CTA|DE(Amprion)","ROENKHAUSEN_PSW1","11WD7GARE5XPSW1U","Hydro Pumped Storage","11WD7GARE5XPSW1U","09/04/2026 18:00 - 09/04/2026 19:00","n/e","n/e"
"09/04/2026 00:00 - 10/04/2026 00:00","CTA|DE(Amprion)","ROENKHAUSEN_PSW1","11WD7GARE5XPSW1U","Hydro Pumped Storage","11WD7GARE5XPSW1U","09/04/2026 19:00 - 09/04/2026 20:00","n/e","n/e"
"09/04/2026 00:00 - 10/04/2026 00:00","CTA|DE(Amprion)","ROENKHAUSEN_PSW1","11WD7GARE5XPSW1U","Hydro Pumped Storage","11WD7GARE5XPSW1U","09/04/2026 20:00 - 09/04/2026 21:00","n/e","n/e"
"09/04/2026 00:00 - 10/04/2026 00:00","CTA|DE(Amprion)","ROENKHAUSEN_PSW1","11WD7GARE5XPSW1U","Hydro Pumped Storage","11WD7GARE5XPSW1U","09/04/2026 21:00 - 09/04/2026 22:00","n/e","n/e"
"09/04/2026 00:00 - 10/04/2026 00:00","CTA|DE(Amprion)","ROENKHAUSEN_PSW1","11WD7GARE5XPSW1U","Hydro Pumped Storage","11WD7GARE5XPSW1U","09/04/2026 22:00 - 09/04/2026 23:00","n/e","n/e"
"09/04/2026 00:00 - 10/04/2026 00:00","CTA|DE(Amprion)","ROENKHAUSEN_PSW1","11WD7GARE5XPSW1U","Hydro Pumped Storage","11WD7GARE5XPSW1U","09/04/2026 23:00 - 10/04/2026 00:00","n/e","n/e"
"09/04/2026 00:00 - 10/04/2026 00:00","CTA|DE(Amprion)","ROENKHAUSEN_PSW2","11WD7GARE5XPSW2S","Hydro Pumped Storage","11WD7GARE5XPSW2S","09/04/2026 00:00 - 09/04/2026 01:00","n/e","n/e"
"09/04/2026 00:00 - 10/04/2026 00:00","CTA|DE(Amprion)","ROENKHAUSEN_PSW2","11WD7GARE5XPSW2S","Hydro Pumped Storage","11WD7GARE5XPSW2S","09/04/2026 01:00 - 09/04/2026 02:00","n/e","n/e"
"09/04/2026 00:00 - 10/04/2026 00:00","CTA|DE(Amprion)","ROENKHAUSEN_PSW2","11WD7GARE5XPSW2S","Hydro Pumped Storage","11WD7GARE5XPSW2S","09/04/2026 02:00 - 09/04/2026 03:00","n/e","n/e"
"09/04/2026 00:00 - 10/04/2026 00:00","CTA|DE(Amprion)","ROENKHAUSEN_PSW2","11WD7GARE5XPSW2S","Hydro Pumped Storage","11WD7GARE5XPSW2S","09/04/2026 03:00 - 09/04/2026 04:00","n/e","n/e"
"09/04/2026 00:00 - 10/04/2026 00:00","CTA|DE(Amprion)","ROENKHAUSEN_PSW2","11WD7GARE5XPSW2S","Hydro Pumped Storage","11WD7GARE5XPSW2S","09/04/2026 04:00 - 09/04/2026 05:00","n/e","n/e"
"09/04/2026 00:00 - 10/04/2026 00:00","CTA|DE(Amprion)","ROENKHAUSEN_PSW2","11WD7GARE5XPSW2S","Hydro Pumped Storage","11WD7GARE5XPSW2S","09/04/2026 05:00 - 09/04/2026 06:00","n/e","n/e"
"09/04/2026 00:00 - 10/04/2026 00:00","CTA|DE(Amprion)","ROENKHAUSEN_PSW2","11WD7GARE5XPSW2S","Hydro Pumped Storage","11WD7GARE5XPSW2S","09/04/2026 06:00 - 09/04/2026 07:00","n/e","n/e"
"09/04/2026 00:00 - 10/04/2026 00:00","CTA|DE(Amprion)","ROENKHAUSEN_PSW2","11WD7GARE5XPSW2S","Hydro Pumped Storage","11WD7GARE5XPSW2S","09/04/2026 07:00 - 09/04/2026 08:00","n/e","n/e"
"09/04/2026 00:00 - 10/04/2026 00:00","CTA|DE(Amprion)","ROENKHAUSEN_PSW2","11WD7GARE5XPSW2S","Hydro Pumped Storage","11WD7GARE5XPSW2S","09/04/2026 08:00 - 09/04/2026 09:00","n/e","n/e"
"09/04/2026 00:00 - 10/04/2026 00:00","CTA|DE(Amprion)","ROENKHAUSEN_PSW2","11WD7GARE5XPSW2S","Hydro Pumped Storage","11WD7GARE5XPSW2S","09/04/2026 09:00 - 09/04/2026 10:00","n/e","n/e"
"09/04/2026 00:00 - 10/04/2026 00:00","CTA|DE(Amprion)","ROENKHAUSEN_PSW2","11WD7GARE5XPSW2S","Hydro Pumped Storage","11WD7GARE5XPSW2S","09/04/2026 10:00 - 09/04/2026 11:00","n/e","n/e"
"09/04/2026 00:00 - 10/04/2026 00:00","CTA|DE(Amprion)","ROENKHAUSEN_PSW2","11WD7GARE5XPSW2S","Hydro Pumped Storage","11WD7GARE5XPSW2S","09/04/2026 11:00 - 09/04/2026 12:00","n/e","n/e"
"09/04/2026 00:00 - 10/04/2026 00:00","CTA|DE(Amprion)","ROENKHAUSEN_PSW2","11WD7GARE5XPSW2S","Hydro Pumped Storage","11WD7GARE5XPSW2S","09/04/2026 12:00 - 09/04/2026 13:00","n/e","n/e"
"09/04/2026 00:00 - 10/04/2026 00:00","CTA|DE(Amprion)","ROENKHAUSEN_PSW2","11WD7GARE5XPSW2S","Hydro Pumped Storage","11WD7GARE5XPSW2S","09/04/2026 13:00 - 09/04/2026 14:00","n/e","n/e"
"09/04/2026 00:00 - 10/04/2026 00:00","CTA|DE(Amprion)","ROENKHAUSEN_PSW2","11WD7GARE5XPSW2S","Hydro Pumped Storage","11WD7GARE5XPSW2S","09/04/2026 14:00 - 09/04/2026 15:00","n/e","n/e"
"09/04/2026 00:00 - 10/04/2026 00:00","CTA|DE(Amprion)","ROENKHAUSEN_PSW2","11WD7GARE5XPSW2S","Hydro Pumped Storage","11WD7GARE5XPSW2S","09/04/2026 15:00 - 09/04/2026 16:00","n/e","n/e"
"09/04/2026 00:00 - 10/04/2026 00:00","CTA|DE(Amprion)","ROENKHAUSEN_PSW2","11WD7GARE5XPSW2S","Hydro Pumped Storage","11WD7GARE5XPSW2S","09/04/2026 16:00 - 09/04/2026 17:00","n/e","n/e"
"09/04/2026 00:00 - 10/04/2026 00:00","CTA|DE(Amprion)","ROENKHAUSEN_PSW2","11WD7GARE5XPSW2S","Hydro Pumped Storage","11WD7GARE5XPSW2S","09/04/2026 17:00 - 09/04/2026 18:00","n/e","n/e"
"09/04/2026 00:00 - 10/04/2026 00:00","CTA|DE(Amprion)","ROENKHAUSEN_PSW2","11WD7GARE5XPSW2S","Hydro Pumped Storage","11WD7GARE5XPSW2S","09/04/2026 18:00 - 09/04/2026 19:00","n/e","n/e"
"09/04/2026 00:00 - 10/04/2026 00:00","CTA|DE(Amprion)","ROENKHAUSEN_PSW2","11WD7GARE5XPSW2S","Hydro Pumped Storage","11WD7GARE5XPSW2S","09/04/2026 19:00 - 09/04/2026 20:00","n/e","n/e"
"09/04/2026 00:00 - 10/04/2026 00:00","CTA|DE(Amprion)","ROENKHAUSEN_PSW2","11WD7GARE5XPSW2S","Hydro Pumped Storage","11WD7GARE5XPSW2S","09/04/2026 20:00 - 09/04/2026 21:00","n/e","n/e"
"09/04/2026 00:00 - 10/04/2026 00:00","CTA|DE(Amprion)","ROENKHAUSEN_PSW2","11WD7GARE5XPSW2S","Hydro Pumped Storage","11WD7GARE5XPSW2S","09/04/2026 21:00 - 09/04/2026 22:00","n/e","n/e"
"09/04/2026 00:00 - 10/04/2026 00:00","CTA|DE(Amprion)","ROENKHAUSEN_PSW2","11WD7GARE5XPSW2S","Hydro Pumped Storage","11WD7GARE5XPSW2S","09/04/2026 22:00 - 09/04/2026 23:00","n/e","n/e"
"09/04/2026 00:00 - 10/04/2026 00:00","CTA|DE(Amprion)","ROENKHAUSEN_PSW2","11WD7GARE5XPSW2S","Hydro Pumped Storage","11WD7GARE5XPSW2S","09/04/2026 23:00 - 10/04/2026 00:00","n/e","n/e"
"09/04/2026 00:00 - 10/04/2026 00:00","CTA|DE(TransnetBW)","HKW Heilbronn Block 7","11WD4HLBR1C7---4","Fossil Hard coal","11WD4HLBR1C7---4","09/04/2026 00:00 - 09/04/2026 01:00","N/A","N/A"
"09/04/2026 00:00 - 10/04/2026 00:00","CTA|DE(TransnetBW)","HKW Heilbronn Block 7","11WD4HLBR1C7---4","Fossil Hard coal","11WD4HLBR1C7---4","09/04/2026 01:00 - 09/04/2026 02:00","N/A","N/A"
"09/04/2026 00:00 - 10/04/2026 00:00","CTA|DE(TransnetBW)","HKW Heilbronn Block 7","11WD4HLBR1C7---4","Fossil Hard coal","11WD4HLBR1C7---4","09/04/2026 02:00 - 09/04/2026 03:00","N/A","N/A"
"09/04/2026 00:00 - 10/04/2026 00:00","CTA|DE(TransnetBW)","HKW Heilbronn Block 7","11WD4HLBR1C7---4","Fossil Hard coal","11WD4HLBR1C7---4","09/04/2026 03:00 - 09/04/2026 04:00","N/A","N/A"
"09/04/2026 00:00 - 10/04/2026 00:00","CTA|DE(TransnetBW)","HKW Heilbronn Block 7","11WD4HLBR1C7---4","Fossil Hard coal","11WD4HLBR1C7---4","09/04/2026 04:00 - 09/04/2026 05:00","N/A","N/A"
"09/04/2026 00:00 - 10/04/2026 00:00","CTA|DE(TransnetBW)","HKW Heilbronn Block 7","11WD4HLBR1C7---4","Fossil Hard coal","11WD4HLBR1C7---4","09/04/2026 05:00 - 09/04/2026 06:00","N/A","N/A"
"09/04/2026 00:00 - 10/04/2026 00:00","CTA|DE(TransnetBW)","HKW Heilbronn Block 7","11WD4HLBR1C7---4","Fossil Hard coal","11WD4HLBR1C7---4","09/04/2026 06:00 - 09/04/2026 07:00","N/A","N/A"
"09/04/2026 00:00 - 10/04/2026 00:00","CTA|DE(TransnetBW)","HKW Heilbronn Block 7","11WD4HLBR1C7---4","Fossil Hard coal","11WD4HLBR1C7---4","09/04/2026 07:00 - 09/04/2026 08:00","N/A","N/A"
"09/04/2026 00:00 - 10/04/2026 00:00","CTA|DE(TransnetBW)","HKW Heilbronn Block 7","11WD4HLBR1C7---4","Fossil Hard coal","11WD4HLBR1C7---4","09/04/2026 08:00 - 09/04/2026 09:00","N/A","N/A"
"09/04/2026 00:00 - 10/04/2026 00:00","CTA|DE(TransnetBW)","HKW Heilbronn Block 7","11WD4HLBR1C7---4","Fossil Hard coal","11WD4HLBR1C7---4","09/04/2026 09:00 - 09/04/2026 10:00","N/A","N/A"
"09/04/2026 00:00 - 10/04/2026 00:00","CTA|DE(TransnetBW)","HKW Heilbronn Block 7","11WD4HLBR1C7---4","Fossil Hard coal","11WD4HLBR1C7---4","09/04/2026 10:00 - 09/04/2026 11:00","N/A","N/A"
"09/04/2026 00:00 - 10/04/2026 00:00","CTA|DE(TransnetBW)","HKW Heilbronn Block 7","11WD4HLBR1C7---4","Fossil Hard coal","11WD4HLBR1C7---4","09/04/2026 11:00 - 09/04/2026 12:00","N/A","N/A"
"09/04/2026 00:00 - 10/04/2026 00:00","CTA|DE(TransnetBW)","HKW Heilbronn Block 7","11WD4HLBR1C7---4","Fossil Hard coal","11WD4HLBR1C7---4","09/04/2026 12:00 - 09/04/2026 13:00","N/A","N/A"
"09/04/2026 00:00 - 10/04/2026 00:00","CTA|DE(TransnetBW)","HKW Heilbronn Block 7","11WD4HLBR1C7---4","Fossil Hard coal","11WD4HLBR1C7---4","09/04/2026 13:00 - 09/04/2026 14:00","N/A","N/A"
"09/04/2026 00:00 - 10/04/2026 00:00","CTA|DE(TransnetBW)","HKW Heilbronn Block 7","11WD4HLBR1C7---4","Fossil Hard coal","11WD4HLBR1C7---4","09/04/2026 14:00 - 09/04/2026 15:00","N/A","N/A"
"09/04/2026 00:00 - 10/04/2026 00:00","CTA|DE(TransnetBW)","HKW Heilbronn Block 7","11WD4HLBR1C7---4","Fossil Hard coal","11WD4HLBR1C7---4","09/04/2026 15:00 - 09/04/2026 16:00","N/A","N/A"
"09/04/2026 00:00 - 10/04/2026 00:00","CTA|DE(TransnetBW)","HKW Heilbronn Block 7","11WD4HLBR1C7---4","Fossil Hard coal","11WD4HLBR1C7---4","09/04/2026 16:00 - 09/04/2026 17:00","N/A","N/A"
"09/04/2026 00:00 - 10/04/2026 00:00","CTA|DE(TransnetBW)","HKW Heilbronn Block 7","11WD4HLBR1C7---4","Fossil Hard coal","11WD4HLBR1C7---4","09/04/2026 17:00 - 09/04/2026 18:00","N/A","N/A"
"09/04/2026 00:00 - 10/04/2026 00:00","CTA|DE(TransnetBW)","HKW Heilbronn Block 7","11WD4HLBR1C7---4","Fossil Hard coal","11WD4HLBR1C7---4","09/04/2026 18:00 - 09/04/2026 19:00","N/A","N/A"
"09/04/2026 00:00 - 10/04/2026 00:00","CTA|DE(TransnetBW)","HKW Heilbronn Block 7","11WD4HLBR1C7---4","Fossil Hard coal","11WD4HLBR1C7---4","09/04/2026 19:00 - 09/04/2026 20:00","N/A","N/A"
"09/04/2026 00:00 - 10/04/2026 00:00","CTA|DE(TransnetBW)","HKW Heilbronn Block 7","11WD4HLBR1C7---4","Fossil Hard coal","11WD4HLBR1C7---4","09/04/2026 20:00 - 09/04/2026 21:00","N/A","N/A"
"09/04/2026 00:00 - 10/04/2026 00:00","CTA|DE(TransnetBW)","HKW Heilbronn Block 7","11WD4HLBR1C7---4","Fossil Hard coal","11WD4HLBR1C7---4","09/04/2026 21:00 - 09/04/2026 22:00","N/A","N/A"
"09/04/2026 00:00 - 10/04/2026 00:00","CTA|DE(TransnetBW)","HKW Heilbronn Block 7","11WD4HLBR1C7---4","Fossil Hard coal","11WD4HLBR1C7---4","09/04/2026 22:00 - 09/04/2026 23:00","N/A","N/A"
"09/04/2026 00:00 - 10/04/2026 00:00","CTA|DE(TransnetBW)","HKW Heilbronn Block 7","11WD4HLBR1C7---4","Fossil Hard coal","11WD4HLBR1C7---4","09/04/2026 23:00 - 10/04/2026 00:00","N/A","N/A"
"09/04/2026 00:00 - 10/04/2026 00:00","CTA|DE(50Hertz)","PSW Hohenwarte II PSS A-H","11W0-0000-0858-D","Hydro Pumped Storage","11W0-0000-0858-D","09/04/2026 00:00 - 09/04/2026 01:00","n/e","n/e"
"09/04/2026 00:00 - 10/04/2026 00:00","CTA|DE(50Hertz)","PSW Hohenwarte II PSS A-H","11W0-0000-0858-D","Hydro Pumped Storage","11W0-0000-0858-D","09/04/2026 01:00 - 09/04/2026 02:00","n/e","n/e"
"09/04/2026 00:00 - 10/04/2026 00:00","CTA|DE(50Hertz)","PSW Hohenwarte II PSS A-H","11W0-0000-0858-D","Hydro Pumped Storage","11W0-0000-0858-D","09/04/2026 02:00 - 09/04/2026 03:00","n/e","n/e"
"09/04/2026 00:00 - 10/04/2026 00:00","CTA|DE(50Hertz)","PSW Hohenwarte II PSS A-H","11W0-0000-0858-D","Hydro Pumped Storage","11W0-0000-0858-D","09/04/2026 03:00 - 09/04/2026 04:00","n/e","n/e"
"09/04/2026 00:00 - 10/04/2026 00:00","CTA|DE(50Hertz)","PSW Hohenwarte II PSS A-H","11W0-0000-0858-D","Hydro Pumped Storage","11W0-0000-0858-D","09/04/2026 04:00 - 09/04/2026 05:00","n/e","n/e"
"09/04/2026 00:00 - 10/04/2026 00:00","CTA|DE(50Hertz)","PSW Hohenwarte II PSS A-H","11W0-0000-0858-D","Hydro Pumped Storage","11W0-0000-0858-D","09/04/2026 05:00 - 09/04/2026 06:00","n/e","n/e"
"09/04/2026 00:00 - 10/04/2026 00:00","CTA|DE(50Hertz)","PSW Hohenwarte II PSS A-H","11W0-0000-0858-D","Hydro Pumped Storage","11W0-0000-0858-D","09/04/2026 06:00 - 09/04/2026 07:00","n/e","n/e"
"09/04/2026 00:00 - 10/04/2026 00:00","CTA|DE(50Hertz)","PSW Hohenwarte II PSS A-H","11W0-0000-0858-D","Hydro Pumped Storage","11W0-0000-0858-D","09/04/2026 07:00 - 09/04/2026 08:00","n/e","n/e"
"09/04/2026 00:00 - 10/04/2026 00:00","CTA|DE(50Hertz)","PSW Hohenwarte II PSS A-H","11W0-0000-0858-D","Hydro Pumped Storage","11W0-0000-0858-D","09/04/2026 08:00 - 09/04/2026 09:00","n/e","n/e"
"09/04/2026 00:00 - 10/04/2026 00:00","CTA|DE(50Hertz)","PSW Hohenwarte II PSS A-H","11W0-0000-0858-D","Hydro Pumped Storage","11W0-0000-0858-D","09/04/2026 09:00 - 09/04/2026 10:00","n/e","n/e"
"09/04/2026 00:00 - 10/04/2026 00:00","CTA|DE(50Hertz)","PSW Hohenwarte II PSS A-H","11W0-0000-0858-D","Hydro Pumped Storage","11W0-0000-0858-D","09/04/2026 10:00 - 09/04/2026 11:00","n/e","n/e"
"09/04/2026 00:00 - 10/04/2026 00:00","CTA|DE(50Hertz)","PSW Hohenwarte II PSS A-H","11W0-0000-0858-D","Hydro Pumped Storage","11W0-0000-0858-D","09/04/2026 11:00 - 09/04/2026 12:00","n/e","n/e"
"09/04/2026 00:00 - 10/04/2026 00:00","CTA|DE(50Hertz)","PSW Hohenwarte II PSS A-H","11W0-0000-0858-D","Hydro Pumped Storage","11W0-0000-0858-D","09/04/2026 12:00 - 09/04/2026 13:00","n/e","n/e"
"09/04/2026 00:00 - 10/04/2026 00:00","CTA|DE(50Hertz)","PSW Hohenwarte II PSS A-H","11W0-0000-0858-D","Hydro Pumped Storage","11W0-0000-0858-D","09/04/2026 13:00 - 09/04/2026 14:00","n/e","n/e"
"09/04/2026 00:00 - 10/04/2026 00:00","CTA|DE(50Hertz)","PSW Hohenwarte II PSS A-H","11W0-0000-0858-D","Hydro Pumped Storage","11W0-0000-0858-D","09/04/2026 14:00 - 09/04/2026 15:00","n/e","n/e"
"09/04/2026 00:00 - 10/04/2026 00:00","CTA|DE(50Hertz)","PSW Hohenwarte II PSS A-H","11W0-0000-0858-D","Hydro Pumped Storage","11W0-0000-0858-D","09/04/2026 15:00 - 09/04/2026 16:00","n/e","n/e"
"09/04/2026 00:00 - 10/04/2026 00:00","CTA|DE(50Hertz)","PSW Hohenwarte II PSS A-H","11W0-0000-0858-D","Hydro Pumped Storage","11W0-0000-0858-D","09/04/2026 16:00 - 09/04/2026 17:00","n/e","n/e"
"09/04/2026 00:00 - 10/04/2026 00:00","CTA|DE(50Hertz)","PSW Hohenwarte II PSS A-H","11W0-0000-0858-D","Hydro Pumped Storage","11W0-0000-0858-D","09/04/2026 17:00 - 09/04/2026 18:00","n/e","n/e"
"09/04/2026 00:00 - 10/04/2026 00:00","CTA|DE(50Hertz)","PSW Hohenwarte II PSS A-H","11W0-0000-0858-D","Hydro Pumped Storage","11W0-0000-0858-D","09/04/2026 18:00 - 09/04/2026 19:00","n/e","n/e"
"09/04/2026 00:00 - 10/04/2026 00:00","CTA|DE(50Hertz)","PSW Hohenwarte II PSS A-H","11W0-0000-0858-D","Hydro Pumped Storage","11W0-0000-0858-D","09/04/2026 19:00 - 09/04/2026 20:00","n/e","n/e"
"09/04/2026 00:00 - 10/04/2026 00:00","CTA|DE(50Hertz)","PSW Hohenwarte II PSS A-H","11W0-0000-0858-D","Hydro Pumped Storage","11W0-0000-0858-D","09/04/2026 20:00 - 09/04/2026 21:00","n/e","n/e"
"09/04/2026 00:00 - 10/04/2026 00:00","CTA|DE(50Hertz)","PSW Hohenwarte II PSS A-H","11W0-0000-0858-D","Hydro Pumped Storage","11W0-0000-0858-D","09/04/2026 21:00 - 09/04/2026 22:00","n/e","n/e"
"09/04/2026 00:00 - 10/04/2026 00:00","CTA|DE(50Hertz)","PSW Hohenwarte II PSS A-H","11W0-0000-0858-D","Hydro Pumped Storage","11W0-0000-0858-D","09/04/2026 22:00 - 09/04/2026 23:00","n/e","n/e"
"09/04/2026 00:00 - 10/04/2026 00:00","CTA|DE(50Hertz)","PSW Hohenwarte II PSS A-H","11W0-0000-0858-D","Hydro Pumped Storage","11W0-0000-0858-D","09/04/2026 23:00 - 10/04/2026 00:00","n/e","n/e"
"09/04/2026 00:00 - 10/04/2026 00:00","CTA|DE(50Hertz)","Geesthacht A-C","11W0-0000-0859-A","Hydro Pumped Storage","11W0-0000-0859-A","09/04/2026 00:00 - 09/04/2026 01:00","n/e","n/e"
"09/04/2026 00:00 - 10/04/2026 00:00","CTA|DE(50Hertz)","Geesthacht A-C","11W0-0000-0859-A","Hydro Pumped Storage","11W0-0000-0859-A","09/04/2026 01:00 - 09/04/2026 02:00","n/e","n/e"
"09/04/2026 00:00 - 10/04/2026 00:00","CTA|DE(50Hertz)","Geesthacht A-C","11W0-0000-0859-A","Hydro Pumped Storage","11W0-0000-0859-A","09/04/2026 02:00 - 09/04/2026 03:00","n/e","n/e"
"09/04/2026 00:00 - 10/04/2026 00:00","CTA|DE(50Hertz)","Geesthacht A-C","11W0-0000-0859-A","Hydro Pumped Storage","11W0-0000-0859-A","09/04/2026 03:00 - 09/04/2026 04:00","n/e","n/e"
"09/04/2026 00:00 - 10/04/2026 00:00","CTA|DE(50Hertz)","Geesthacht A-C","11W0-0000-0859-A","Hydro Pumped Storage","11W0-0000-0859-A","09/04/2026 04:00 - 09/04/2026 05:00","n/e","n/e"
"09/04/2026 00:00 - 10/04/2026 00:00","CTA|DE(50Hertz)","Geesthacht A-C","11W0-0000-0859-A","Hydro Pumped Storage","11W0-0000-0859-A","09/04/2026 05:00 - 09/04/2026 06:00","n/e","n/e"
"09/04/2026 00:00 - 10/04/2026 00:00","CTA|DE(50Hertz)","Geesthacht A-C","11W0-0000-0859-A","Hydro Pumped Storage","11W0-0000-0859-A","09/04/2026 06:00 - 09/04/2026 07:00","n/e","n/e"
"09/04/2026 00:00 - 10/04/2026 00:00","CTA|DE(50Hertz)","Geesthacht A-C","11W0-0000-0859-A","Hydro Pumped Storage","11W0-0000-0859-A","09/04/2026 07:00 - 09/04/2026 08:00","n/e","n/e"
"09/04/2026 00:00 - 10/04/2026 00:00","CTA|DE(50Hertz)","Geesthacht A-C","11W0-0000-0859-A","Hydro Pumped Storage","11W0-0000-0859-A","09/04/2026 08:00 - 09/04/2026 09:00","n/e","n/e"
"09/04/2026 00:00 - 10/04/2026 00:00","CTA|DE(50Hertz)","Geesthacht A-C","11W0-0000-0859-A","Hydro Pumped Storage","11W0-0000-0859-A","09/04/2026 09:00 - 09/04/2026 10:00","n/e","n/e"
"09/04/2026 00:00 - 10/04/2026 00:00","CTA|DE(50Hertz)","Geesthacht A-C","11W0-0000-0859-A","Hydro Pumped Storage","11W0-0000-0859-A","09/04/2026 10:00 - 09/04/2026 11:00","n/e","n/e"
"09/04/2026 00:00 - 10/04/2026 00:00","CTA|DE(50Hertz)","Geesthacht A-C","11W0-0000-0859-A","Hydro Pumped Storage","11W0-0000-0859-A","09/04/2026 11:00 - 09/04/2026 12:00","n/e","n/e"
"09/04/2026 00:00 - 10/04/2026 00:00","CTA|DE(50Hertz)","Geesthacht A-C","11W0-0000-0859-A","Hydro Pumped Storage","11W0-0000-0859-A","09/04/2026 12:00 - 09/04/2026 13:00","n/e","n/e"
"09/04/2026 00:00 - 10/04/2026 00:00","CTA|DE(50Hertz)","Geesthacht A-C","11W0-0000-0859-A","Hydro Pumped Storage","11W0-0000-0859-A","09/04/2026 13:00 - 09/04/2026 14:00","n/e","n/e"
"09/04/2026 00:00 - 10/04/2026 00:00","CTA|DE(50Hertz)","Geesthacht A-C","11W0-0000-0859-A","Hydro Pumped Storage","11W0-0000-0859-A","09/04/2026 14:00 - 09/04/2026 15:00","n/e","n/e"
"09/04/2026 00:00 - 10/04/2026 00:00","CTA|DE(50Hertz)","Geesthacht A-C","11W0-0000-0859-A","Hydro Pumped Storage","11W0-0000-0859-A","09/04/2026 15:00 - 09/04/2026 16:00","n/e","n/e"
"09/04/2026 00:00 - 10/04/2026 00:00","CTA|DE(50Hertz)","Geesthacht A-C","11W0-0000-0859-A","Hydro Pumped Storage","11W0-0000-0859-A","09/04/2026 16:00 - 09/04/2026 17:00","n/e","n/e"
"09/04/2026 00:00 - 10/04/2026 00:00","CTA|DE(50Hertz)","Geesthacht A-C","11W0-0000-0859-A","Hydro Pumped Storage","11W0-0000-0859-A","09/04/2026 17:00 - 09/04/2026 18:00","n/e","n/e"
"09/04/2026 00:00 - 10/04/2026 00:00","CTA|DE(50Hertz)","Geesthacht A-C","11W0-0000-0859-A","Hydro Pumped Storage","11W0-0000-0859-A","09/04/2026 18:00 - 09/04/2026 19:00","n/e","n/e"
"09/04/2026 00:00 - 10/04/2026 00:00","CTA|DE(50Hertz)","Geesthacht A-C","11W0-0000-0859-A","Hydro Pumped Storage","11W0-0000-0859-A","09/04/2026 19:00 - 09/04/2026 20:00","n/e","n/e"
"09/04/2026 00:00 - 10/04/2026 00:00","CTA|DE(50Hertz)","Geesthacht A-C","11W0-0000-0859-A","Hydro Pumped Storage","11W0-0000-0859-A","09/04/2026 20:00 - 09/04/2026 21:00","n/e","n/e"
"09/04/2026 00:00 - 10/04/2026 00:00","CTA|DE(50Hertz)","Geesthacht A-C","11W0-0000-0859-A","Hydro Pumped Storage","11W0-0000-0859-A","09/04/2026 21:00 - 09/04/2026 22:00","n/e","n/e"
"09/04/2026 00:00 - 10/04/2026 00:00","CTA|DE(50Hertz)","Geesthacht A-C","11W0-0000-0859-A","Hydro Pumped Storage","11W0-0000-0859-A","09/04/2026 22:00 - 09/04/2026 23:00","n/e","n/e"
"09/04/2026 00:00 - 10/04/2026 00:00","CTA|DE(50Hertz)","Geesthacht A-C","11W0-0000-0859-A","Hydro Pumped Storage","11W0-0000-0859-A","09/04/2026 23:00 - 10/04/2026 00:00","n/e","n/e"
