"Time Interval (CET/CEST)","Area","Unit Name","Unit Code","Type","Instance Code","MTU (CET/CEST)","Generation (MW)","Consumption (MW)"
"14/04/2026 00:00 - 15/04/2026 00:00","CTA|DE(Amprion)","HAMBORN-5","11WD7BEEC5XHAM5G","Fossil Coal-derived gas","11WD7BEEC5XHAM5G","14/04/2026 00:00 - 14/04/2026 01:00","211.00",""
"14/04/2026 00:00 - 15/04/2026 00:00","CTA|DE(Amprion)","HAMBORN-5","11WD7BEEC5XHAM5G","Fossil Coal-derived gas","11WD7BEEC5XHAM5G","14/04/2026 01:00 - 14/04/2026 02:00","186.25",""
"14/04/2026 00:00 - 15/04/2026 00:00","CTA|DE(Amprion)","HAMBORN-5","11WD7BEEC5XHAM5G","Fossil Coal-derived gas","11WD7BEEC5XHAM5G","14/04/2026 02:00 - 14/04/2026 03:00","192.75",""
"14/04/2026 00:00 - 15/04/2026 00:00","CTA|DE(Amprion)","HAMBORN-5","11WD7BEEC5XHAM5G","Fossil Coal-derived gas","11WD7BEEC5XHAM5G","14/04/2026 03:00 - 14/04/2026 04:00","197.75",""
"14/04/2026 00:00 - 15/04/2026 00:00","CTA|DE(Amprion)","HAMBORN-5","11WD7BEEC5XHAM5G","Fossil Coal-derived gas","11WD7BEEC5XHAM5G","14/04/2026 04:00 - 14/04/2026 05:00","195.75",""
"14/04/2026 00:00 - 15/04/2026 00:00","CTA|DE(Amprion)","HAMBORN-5","11WD7BEEC5XHAM5G","Fossil Coal-derived gas","11WD7BEEC5XHAM5G","14/04/2026 05:00 - 14/04/2026 06:00","191.75",""
"14/04/2026 00:00 - 15/04/2026 00:00","CTA|DE(Amprion)","HAMBORN-5","11WD7BEEC5XHAM5G","Fossil Coal-derived gas","11WD7BEEC5XHAM5G","14/04/2026 06:00 - 14/04/2026 07:00","191.75",""
"14/04/2026 00:00 - 15/04/2026 00:00","CTA|DE(Amprion)","HAMBORN-5","11WD7BEEC5XHAM5G","Fossil Coal-derived gas","11WD7BEEC5XHAM5G","14/04/2026 07:00 - 14/04/2026 08:00","198.50",""
"14/04/2026 00:00 - 15/04/2026 00:00","CTA|DE(Amprion)","HAMBORN-5","11WD7BEEC5XHAM5G","Fossil Coal-derived gas","11WD7BEEC5XHAM5G","14/04/2026 08:00 - 14/04/2026 09:00","201.00",""
"14/04/2026 00:00 - 15/04/2026 00:00","CTA|DE(Amprion)","HAMBORN-5","11WD7BEEC5XHAM5G","Fossil Coal-derived gas","11WD7BEEC5XHAM5G","14/04/2026 09:00 - 14/04/2026 10:00","202.25",""
"14/04/2026 00:00 - 15/04/2026 00:00","CTA|DE(Amprion)","HAMBORN-5","11WD7BEEC5XHAM5G","Fossil Coal-derived gas","11WD7BEEC5XHAM5G","14/04/2026 10:00 - 14/04/2026 11:00","208.00",""
"14/04/2026 00:00 - 15/04/2026 00:00","CTA|DE(Amprion)","HAMBORN-5","11WD7BEEC5XHAM5G","Fossil Coal-derived gas","11WD7BEEC5XHAM5G","14/04/2026 11:00 - 14/04/2026 12:00","211.00",""
"14/04/2026 00:00 - 15/04/2026 00:00","CTA|DE(Amprion)","HAMBORN-5","11WD7BEEC5XHAM5G","Fossil Coal-derived gas","11WD7BEEC5XHAM5G","14/04/2026 12:00 - 14/04/2026 13:00","211.00",""
"14/04/2026 00:00 - 15/04/2026 00:00","CTA|DE(Amprion)","HAMBORN-5","11WD7BEEC5XHAM5G","Fossil Coal-derived gas","11WD7BEEC5XHAM5G","14/04/2026 13:00 - 14/04/2026 14:00","211.00",""
"14/04/2026 00:00 - 15/04/2026 00:00","CTA|DE(Amprion)","HAMBORN-5","11WD7BEEC5XHAM5G","Fossil Coal-derived gas","11WD7BEEC5XHAM5G","14/04/2026 14:00 - 14/04/2026 15:00","211.00",""
"14/04/2026 00:00 - 15/04/2026 00:00","CTA|DE(Amprion)","HAMBORN-5","11WD7BEEC5XHAM5G","Fossil Coal-derived gas","11WD7BEEC5XHAM5G","14/04/2026 15:00 - 14/04/2026 16:00","211.00",""
"14/04/2026 00:00 - 15/04/2026 00:00","CTA|DE(Amprion)","HAMBORN-5","11WD7BEEC5XHAM5G","Fossil Coal-derived gas","11WD7BEEC5XHAM5G","14/04/2026 16:00 - 14/04/2026 17:00","211.00",""
"14/04/2026 00:00 - 15/04/2026 00:00","CTA|DE(Amprion)","HAMBORN-5","11WD7BEEC5XHAM5G","Fossil Coal-derived gas","11WD7BEEC5XHAM5G","14/04/2026 17:00 - 14/04/2026 18:00","211.00",""
"14/04/2026 00:00 - 15/04/2026 00:00","CTA|DE(Amprion)","HAMBORN-5","11WD7BEEC5XHAM5G","Fossil Coal-derived gas","11WD7BEEC5XHAM5G","14/04/2026 18:00 - 14/04/2026 19:00","211.00",""
"14/04/2026 00:00 - 15/04/2026 00:00","CTA|DE(Amprion)","HAMBORN-5","11WD7BEEC5XHAM5G","Fossil Coal-derived gas","11WD7BEEC5XHAM5G","14/04/2026 19:00 - 14/04/2026 20:00","211.00",""
"14/04/2026 00:00 - 15/04/2026 00:00","CTA|DE(Amprion)","HAMBORN-5","11WD7BEEC5XHAM5G","Fossil Coal-derived gas","11WD7BEEC5XHAM5G","14/04/2026 20:00 - 14/04/2026 21:00","211.00",""
"14/04/2026 00:00 - 15/04/2026 00:00","CTA|DE(Amprion)","HAMBORN-5","11WD7BEEC5XHAM5G","Fossil Coal-derived gas","11WD7BEEC5XHAM5G","14/04/2026 21:00 - 14/04/2026 22:00","211.00",""
"14/04/2026 00:00 - 15/04/2026 00:00","CTA|DE(Amprion)","HAMBORN-5","11WD7BEEC5XHAM5G","Fossil Coal-derived gas","11WD7BEEC5XHAM5G","14/04/2026 22:00 - 14/04/2026 23:00","211.00",""
"14/04/2026 00:00 - 15/04/2026 00:00","CTA|DE(Amprion)","HAMBORN-5","11WD7BEEC5XHAM5G","Fossil Coal-derived gas","11WD7BEEC5XHAM5G","14/04/2026 23:00 - 15/04/2026 00:00","211.00",""
"14/04/2026 00:00 - 15/04/2026 00:00","CTA|DE(Amprion)","RUHRORT-4","11WD7BEEC5XRUH4E","Fossil Coal-derived gas","11WD7BEEC5XRUH4E","14/04/2026 00:00 - 14/04/2026 01:00","0.00",""
"14/04/2026 00:00 - 15/04/2026 00:00","CTA|DE(Amprion)","RUHRORT-4","11WD7BEEC5XRUH4E","Fossil Coal-derived gas","11WD7BEEC5XRUH4E","14/04/2026 01:00 - 14/04/2026 02:00","0.00",""
"14/04/2026 00:00 - 15/04/2026 00:00","CTA|DE(Amprion)","RUHRORT-4","11WD7BEEC5XRUH4E","Fossil Coal-derived gas","11WD7BEEC5XRUH4E","14/04/2026 02:00 - 14/04/2026 03:00","0.00",""
"14/04/2026 00:00 - 15/04/2026 00:00","CTA|DE(Amprion)","RUHRORT-4","11WD7BEEC5XRUH4E","Fossil Coal-derived gas","11WD7BEEC5XRUH4E","14/04/2026 03:00 - 14/04/2026 04:00","0.00",""
"14/04/2026 00:00 - 15/04/2026 00:00","CTA|DE(Amprion)","RUHRORT-4","11WD7BEEC5XRUH4E","Fossil Coal-derived gas","11WD7BEEC5XRUH4E","14/04/2026 04:00 - 14/04/2026 05:00","0.00",""
"14/04/2026 00:00 - 15/04/2026 00:00","CTA|DE(Amprion)","RUHRORT-4","11WD7BEEC5XRUH4E","Fossil Coal-derived gas","11WD7BEEC5XRUH4E","14/04/2026 05:00 - 14/04/2026 06:00","0.00",""
"14/04/2026 00:00 - 15/04/2026 00:00","CTA|DE(Amprion)","RUHRORT-4","11WD7BEEC5XRUH4E","Fossil Coal-derived gas","11WD7BEEC5XRUH4E","14/04/2026 06:00 - 14/04/2026 07:00","0.00",""
"14/04/2026 00:00 - 15/04/2026 00:00","CTA|DE(Amprion)","RUHRORT-4","11WD7BEEC5XRUH4E","Fossil Coal-derived gas","11WD7BEEC5XRUH4E","14/04/2026 07:00 - 14/04/2026 08:00","0.00",""
"14/04/2026 00:00 - 15/04/2026 00:00","CTA|DE(Amprion)","RUHRORT-4","11WD7BEEC5XRUH4E","Fossil Coal-derived gas","11WD7BEEC5XRUH4E","14/04/2026 08:00 - 14/04/2026 09:00","0.00",""
"14/04/2026 00:00 - 15/04/2026 00:00","CTA|DE(Amprion)","RUHRORT-4","11WD7BEEC5XRUH4E","Fossil Coal-derived gas","11WD7BEEC5XRUH4E","14/04/2026 09:00 - 14/04/2026 10:00","0.00",""
"14/04/2026 00:00 - 15/04/2026 00:00","CTA|DE(Amprion)","RUHRORT-4","11WD7BEEC5XRUH4E","Fossil Coal-derived gas","11WD7BEEC5XRUH4E","14/04/2026 10:00 - 14/04/2026 11:00","0.00",""
"14/04/2026 00:00 - 15/04/2026 00:00","CTA|DE(Amprion)","RUHRORT-4","11WD7BEEC5XRUH4E","Fossil Coal-derived gas","11WD7BEEC5XRUH4E","14/04/2026 11:00 - 14/04/2026 12:00","0.00",""
"14/04/2026 00:00 - 15/04/2026 00:00","CTA|DE(Amprion)","RUHRORT-4","11WD7BEEC5XRUH4E","Fossil Coal-derived gas","11WD7BEEC5XRUH4E","14/04/2026 12:00 - 14/04/2026 13:00","0.00",""
"14/04/2026 00:00 - 15/04/2026 00:00","CTA|DE(Amprion)","RUHRORT-4","11WD7BEEC5XRUH4E","Fossil Coal-derived gas","11WD7BEEC5XRUH4E","14/04/2026 13:00 - 14/04/2026 14:00","0.00",""
"14/04/2026 00:00 - 15/04/2026 00:00","CTA|DE(Amprion)","RUHRORT-4","11WD7BEEC5XRUH4E","Fossil Coal-derived gas","11WD7BEEC5XRUH4E","14/04/2026 14:00 - 14/04/2026 15:00","0.00",""
"14/04/2026 00:00 - 15/04/2026 00:00","CTA|DE(Amprion)","RUHRORT-4","11WD7BEEC5XRUH4E","Fossil Coal-derived gas","11WD7BEEC5XRUH4E","14/04/2026 15:00 - 14/04/2026 16:00","0.00",""
"14/04/2026 00:00 - 15/04/2026 00:00","CTA|DE(Amprion)","RUHRORT-4","11WD7BEEC5XRUH4E","Fossil Coal-derived gas","11WD7BEEC5XRUH4E","14/04/2026 16:00 - 14/04/2026 17:00","0.00",""
"14/04/2026 00:00 - 15/04/2026 00:00","CTA|DE(Amprion)","RUHRORT-4","11WD7BEEC5XRUH4E","Fossil Coal-derived gas","11WD7BEEC5XRUH4E","14/04/2026 17:00 - 14/04/2026 18:00","0.00",""
"14/04/2026 00:00 - 15/04/2026 00:00","CTA|DE(Amprion)","RUHRORT-4","11WD7BEEC5XRUH4E","Fossil Coal-derived gas","11WD7BEEC5XRUH4E","14/04/2026 18:00 - 14/04/2026 19:00","0.00",""
"14/04/2026 00:00 - 15/04/2026 00:00","CTA|DE(Amprion)","RUHRORT-4","11WD7BEEC5XRUH4E","Fossil Coal-derived gas","11WD7BEEC5XRUH4E","14/04/2026 19:00 - 14/04/2026 20:00","0.00",""
"14/04/2026 00:00 - 15/04/2026 00:00","CTA|DE(Amprion)","RUHRORT-4","11WD7BEEC5XRUH4E","Fossil Coal-derived gas","11WD7BEEC5XRUH4E","14/04/2026 20:00 - 14/04/2026 21:00","0.00",""
"14/04/2026 00:00 - 15/04/2026 00:00","CTA|DE(Amprion)","RUHRORT-4","11WD7BEEC5XRUH4E","Fossil Coal-derived gas","11WD7BEEC5XRUH4E","14/04/2026 21:00 - 14/04/2026 22:00","0.00",""
"14/04/2026 00:00 - 15/04/2026 00:00","CTA|DE(Amprion)","RUHRORT-4","11WD7BEEC5XRUH4E","Fossil Coal-derived gas","11WD7BEEC5XRUH4E","14/04/2026 22:00 - 14/04/2026 23:00","0.00",""
"14/04/2026 00:00 - 15/04/2026 00:00","CTA|DE(Amprion)","RUHRORT-4","11WD7BEEC5XRUH4E","Fossil Coal-derived gas","11WD7BEEC5XRUH4E","14/04/2026 23:00 - 15/04/2026 00:00","0.00",""
"14/04/2026 00:00 - 15/04/2026 00:00","CTA|DE(Amprion)","BERGKAMEN_A","11WD7BERG1S--A-X","Fossil Hard coal","11WD7BERG1S--A-X","14/04/2026 00:00 - 14/04/2026 01:00","77.47",""
"14/04/2026 00:00 - 15/04/2026 00:00","CTA|DE(Amprion)","BERGKAMEN_A","11WD7BERG1S--A-X","Fossil Hard coal","11WD7BERG1S--A-X","14/04/2026 01:00 - 14/04/2026 02:00","0.00",""
"14/04/2026 00:00 - 15/04/2026 00:00","CTA|DE(Amprion)","BERGKAMEN_A","11WD7BERG1S--A-X","Fossil Hard coal","11WD7BERG1S--A-X","14/04/2026 02:00 - 14/04/2026 03:00","0.00",""
"14/04/2026 00:00 - 15/04/2026 00:00","CTA|DE(Amprion)","BERGKAMEN_A","11WD7BERG1S--A-X","Fossil Hard coal","11WD7BERG1S--A-X","14/04/2026 03:00 - 14/04/2026 04:00","0.00",""
"14/04/2026 00:00 - 15/04/2026 00:00","CTA|DE(Amprion)","BERGKAMEN_A","11WD7BERG1S--A-X","Fossil Hard coal","11WD7BERG1S--A-X","14/04/2026 04:00 - 14/04/2026 05:00","0.00",""
"14/04/2026 00:00 - 15/04/2026 00:00","CTA|DE(Amprion)","BERGKAMEN_A","11WD7BERG1S--A-X","Fossil Hard coal","11WD7BERG1S--A-X","14/04/2026 05:00 - 14/04/2026 06:00","0.00",""
"14/04/2026 00:00 - 15/04/2026 00:00","CTA|DE(Amprion)","BERGKAMEN_A","11WD7BERG1S--A-X","Fossil Hard coal","11WD7BERG1S--A-X","14/04/2026 06:00 - 14/04/2026 07:00","0.00",""
"14/04/2026 00:00 - 15/04/2026 00:00","CTA|DE(Amprion)","BERGKAMEN_A","11WD7BERG1S--A-X","Fossil Hard coal","11WD7BERG1S--A-X","14/04/2026 07:00 - 14/04/2026 08:00","0.00",""
"14/04/2026 00:00 - 15/04/2026 00:00","CTA|DE(Amprion)","BERGKAMEN_A","11WD7BERG1S--A-X","Fossil Hard coal","11WD7BERG1S--A-X","14/04/2026 08:00 - 14/04/2026 09:00","0.00",""
"14/04/2026 00:00 - 15/04/2026 00:00","CTA|DE(Amprion)","BERGKAMEN_A","11WD7BERG1S--A-X","Fossil Hard coal","11WD7BERG1S--A-X","14/04/2026 09:00 - 14/04/2026 10:00","0.00",""
"14/04/2026 00:00 - 15/04/2026 00:00","CTA|DE(Amprion)","BERGKAMEN_A","11WD7BERG1S--A-X","Fossil Hard coal","11WD7BERG1S--A-X","14/04/2026 10:00 - 14/04/2026 11:00","0.00",""
"14/04/2026 00:00 - 15/04/2026 00:00","CTA|DE(Amprion)","BERGKAMEN_A","11WD7BERG1S--A-X","Fossil Hard coal","11WD7BERG1S--A-X","14/04/2026 11:00 - 14/04/2026 12:00","0.00",""
"14/04/2026 00:00 - 15/04/2026 00:00","CTA|DE(Amprion)","BERGKAMEN_A","11WD7BERG1S--A-X","Fossil Hard coal","11WD7BERG1S--A-X","14/04/2026 12:00 - 14/04/2026 13:00","0.00",""
"14/04/2026 00:00 - 15/04/2026 00:00","CTA|DE(Amprion)","BERGKAMEN_A","11WD7BERG1S--A-X","Fossil Hard coal","11WD7BERG1S--A-X","14/04/2026 13:00 - 14/04/2026 14:00","0.00",""
"14/04/2026 00:00 - 15/04/2026 00:00","CTA|DE(Amprion)","BERGKAMEN_A","11WD7BERG1S--A-X","Fossil Hard coal","11WD7BERG1S--A-X","14/04/2026 14:00 - 14/04/2026 15:00","0.00",""
"14/04/2026 00:00 - 15/04/2026 00:00","CTA|DE(Amprion)","BERGKAMEN_A","11WD7BERG1S--A-X","Fossil Hard coal","11WD7BERG1S--A-X","14/04/2026 15:00 - 14/04/2026 16:00","0.00",""
"14/04/2026 00:00 - 15/04/2026 00:00","CTA|DE(Amprion)","BERGKAMEN_A","11WD7BERG1S--A-X","Fossil Hard coal","11WD7BERG1S--A-X","14/04/2026 16:00 - 14/04/2026 17:00","0.00",""
"14/04/2026 00:00 - 15/04/2026 00:00","CTA|DE(Amprion)","BERGKAMEN_A","11WD7BERG1S--A-X","Fossil Hard coal","11WD7BERG1S--A-X","14/04/2026 17:00 - 14/04/2026 18:00","0.00",""
"14/04/2026 00:00 - 15/04/2026 00:00","CTA|DE(Amprion)","BERGKAMEN_A","11WD7BERG1S--A-X","Fossil Hard coal","11WD7BERG1S--A-X","14/04/2026 18:00 - 14/04/2026 19:00","0.00",""
"14/04/2026 00:00 - 15/04/2026 00:00","CTA|DE(Amprion)","BERGKAMEN_A","11WD7BERG1S--A-X","Fossil Hard coal","11WD7BERG1S--A-X","14/04/2026 19:00 - 14/04/2026 20:00","0.00",""
"14/04/2026 00:00 - 15/04/2026 00:00","CTA|DE(Amprion)","BERGKAMEN_A","11WD7BERG1S--A-X","Fossil Hard coal","11WD7BERG1S--A-X","14/04/2026 20:00 - 14/04/2026 21:00","0.00",""
"14/04/2026 00:00 - 15/04/2026 00:00","CTA|DE(Amprion)","BERGKAMEN_A","11WD7BERG1S--A-X","Fossil Hard coal","11WD7BERG1S--A-X","14/04/2026 21:00 - 14/04/2026 22:00","0.00",""
"14/04/2026 00:00 - 15/04/2026 00:00","CTA|DE(Amprion)","BERGKAMEN_A","11WD7BERG1S--A-X","Fossil Hard coal","11WD7BERG1S--A-X","14/04/2026 22:00 - 14/04/2026 23:00","0.00",""
"14/04/2026 00:00 - 15/04/2026 00:00","CTA|DE(Amprion)","BERGKAMEN_A","11WD7BERG1S--A-X","Fossil Hard coal","11WD7BERG1S--A-X","14/04/2026 23:00 - 15/04/2026 00:00","0.00",""
"14/04/2026 00:00 - 15/04/2026 00:00","CTA|DE(Amprion)","KMW_KW3","11WD7BISC5GKW3-T","Fossil Gas","11WD7BISC5GKW3-T","14/04/2026 00:00 - 14/04/2026 01:00","415.68",""
"14/04/2026 00:00 - 15/04/2026 00:00","CTA|DE(Amprion)","KMW_KW3","11WD7BISC5GKW3-T","Fossil Gas","11WD7BISC5GKW3-T","14/04/2026 01:00 - 14/04/2026 02:00","415.80",""
"14/04/2026 00:00 - 15/04/2026 00:00","CTA|DE(Amprion)","KMW_KW3","11WD7BISC5GKW3-T","Fossil Gas","11WD7BISC5GKW3-T","14/04/2026 02:00 - 14/04/2026 03:00","416.23",""
"14/04/2026 00:00 - 15/04/2026 00:00","CTA|DE(Amprion)","KMW_KW3","11WD7BISC5GKW3-T","Fossil Gas","11WD7BISC5GKW3-T","14/04/2026 03:00 - 14/04/2026 04:00","416.55",""
"14/04/2026 00:00 - 15/04/2026 00:00","CTA|DE(Amprion)","KMW_KW3","11WD7BISC5GKW3-T","Fossil Gas","11WD7BISC5GKW3-T","14/04/2026 04:00 - 14/04/2026 05:00","416.57",""
"14/04/2026 00:00 - 15/04/2026 00:00","CTA|DE(Amprion)","KMW_KW3","11WD7BISC5GKW3-T","Fossil Gas","11WD7BISC5GKW3-T","14/04/2026 05:00 - 14/04/2026 06:00","415.52",""
"14/04/2026 00:00 - 15/04/2026 00:00","CTA|DE(Amprion)","KMW_KW3","11WD7BISC5GKW3-T","Fossil Gas","11WD7BISC5GKW3-T","14/04/2026 06:00 - 14/04/2026 07:00","415.13",""
"14/04/2026 00:00 - 15/04/2026 00:00","CTA|DE(Amprion)","KMW_KW3","11WD7BISC5GKW3-T","Fossil Gas","11WD7BISC5GKW3-T","14/04/2026 07:00 - 14/04/2026 08:00","420.02",""
"14/04/2026 00:00 - 15/04/2026 00:00","CTA|DE(Amprion)","KMW_KW3","11WD7BISC5GKW3-T","Fossil Gas","11WD7BISC5GKW3-T","14/04/2026 08:00 - 14/04/2026 09:00","415.93",""
"14/04/2026 00:00 - 15/04/2026 00:00","CTA|DE(Amprion)","KMW_KW3","11WD7BISC5GKW3-T","Fossil Gas","11WD7BISC5GKW3-T","14/04/2026 09:00 - 14/04/2026 10:00","415.27",""
"14/04/2026 00:00 - 15/04/2026 00:00","CTA|DE(Amprion)","KMW_KW3","11WD7BISC5GKW3-T","Fossil Gas","11WD7BISC5GKW3-T","14/04/2026 10:00 - 14/04/2026 11:00","414.57",""
"14/04/2026 00:00 - 15/04/2026 00:00","CTA|DE(Amprion)","KMW_KW3","11WD7BISC5GKW3-T","Fossil Gas","11WD7BISC5GKW3-T","14/04/2026 11:00 - 14/04/2026 12:00","400.73",""
"14/04/2026 00:00 - 15/04/2026 00:00","CTA|DE(Amprion)","KMW_KW3","11WD7BISC5GKW3-T","Fossil Gas","11WD7BISC5GKW3-T","14/04/2026 12:00 - 14/04/2026 13:00","303.82",""
"14/04/2026 00:00 - 15/04/2026 00:00","CTA|DE(Amprion)","KMW_KW3","11WD7BISC5GKW3-T","Fossil Gas","11WD7BISC5GKW3-T","14/04/2026 13:00 - 14/04/2026 14:00","226.10",""
"14/04/2026 00:00 - 15/04/2026 00:00","CTA|DE(Amprion)","KMW_KW3","11WD7BISC5GKW3-T","Fossil Gas","11WD7BISC5GKW3-T","14/04/2026 14:00 - 14/04/2026 15:00","271.00",""
"14/04/2026 00:00 - 15/04/2026 00:00","CTA|DE(Amprion)","KMW_KW3","11WD7BISC5GKW3-T","Fossil Gas","11WD7BISC5GKW3-T","14/04/2026 15:00 - 14/04/2026 16:00","311.55",""
"14/04/2026 00:00 - 15/04/2026 00:00","CTA|DE(Amprion)","KMW_KW3","11WD7BISC5GKW3-T","Fossil Gas","11WD7BISC5GKW3-T","14/04/2026 16:00 - 14/04/2026 17:00","363.60",""
"14/04/2026 00:00 - 15/04/2026 00:00","CTA|DE(Amprion)","KMW_KW3","11WD7BISC5GKW3-T","Fossil Gas","11WD7BISC5GKW3-T","14/04/2026 17:00 - 14/04/2026 18:00","398.70",""
"14/04/2026 00:00 - 15/04/2026 00:00","CTA|DE(Amprion)","KMW_KW3","11WD7BISC5GKW3-T","Fossil Gas","11WD7BISC5GKW3-T","14/04/2026 18:00 - 14/04/2026 19:00","405.73",""
"14/04/2026 00:00 - 15/04/2026 00:00","CTA|DE(Amprion)","KMW_KW3","11WD7BISC5GKW3-T","Fossil Gas","11WD7BISC5GKW3-T","14/04/2026 19:00 - 14/04/2026 20:00","409.57",""
"14/04/2026 00:00 - 15/04/2026 00:00","CTA|DE(Amprion)","KMW_KW3","11WD7BISC5GKW3-T","Fossil Gas","11WD7BISC5GKW3-T","14/04/2026 20:00 - 14/04/2026 21:00","414.60",""
"14/04/2026 00:00 - 15/04/2026 00:00","CTA|DE(Amprion)","KMW_KW3","11WD7BISC5GKW3-T","Fossil Gas","11WD7BISC5GKW3-T","14/04/2026 21:00 - 14/04/2026 22:00","417.43",""
"14/04/2026 00:00 - 15/04/2026 00:00","CTA|DE(Amprion)","KMW_KW3","11WD7BISC5GKW3-T","Fossil Gas","11WD7BISC5GKW3-T","14/04/2026 22:00 - 14/04/2026 23:00","419.73",""
"14/04/2026 00:00 - 15/04/2026 00:00","CTA|DE(Amprion)","KMW_KW3","11WD7BISC5GKW3-T","Fossil Gas","11WD7BISC5GKW3-T","14/04/2026 23:00 - 15/04/2026 00:00","421.55",""
"14/04/2026 00:00 - 15/04/2026 00:00","CTA|DE(Amprion)","DT HKW-Niehl-2","11WD7BOLA5GDTN2T","Fossil Gas","11WD7BOLA5GDTN2T","14/04/2026 00:00 - 14/04/2026 01:00","127.08",""
"14/04/2026 00:00 - 15/04/2026 00:00","CTA|DE(Amprion)","DT HKW-Niehl-2","11WD7BOLA5GDTN2T","Fossil Gas","11WD7BOLA5GDTN2T","14/04/2026 01:00 - 14/04/2026 02:00","127.05",""
"14/04/2026 00:00 - 15/04/2026 00:00","CTA|DE(Amprion)","DT HKW-Niehl-2","11WD7BOLA5GDTN2T","Fossil Gas","11WD7BOLA5GDTN2T","14/04/2026 02:00 - 14/04/2026 03:00","127.22",""
"14/04/2026 00:00 - 15/04/2026 00:00","CTA|DE(Amprion)","DT HKW-Niehl-2","11WD7BOLA5GDTN2T","Fossil Gas","11WD7BOLA5GDTN2T","14/04/2026 03:00 - 14/04/2026 04:00","126.22",""
"14/04/2026 00:00 - 15/04/2026 00:00","CTA|DE(Amprion)","DT HKW-Niehl-2","11WD7BOLA5GDTN2T","Fossil Gas","11WD7BOLA5GDTN2T","14/04/2026 04:00 - 14/04/2026 05:00","106.60",""
"14/04/2026 00:00 - 15/04/2026 00:00","CTA|DE(Amprion)","DT HKW-Niehl-2","11WD7BOLA5GDTN2T","Fossil Gas","11WD7BOLA5GDTN2T","14/04/2026 05:00 - 14/04/2026 06:00","128.70",""
"14/04/2026 00:00 - 15/04/2026 00:00","CTA|DE(Amprion)","DT HKW-Niehl-2","11WD7BOLA5GDTN2T","Fossil Gas","11WD7BOLA5GDTN2T","14/04/2026 06:00 - 14/04/2026 07:00","129.28",""
"14/04/2026 00:00 - 15/04/2026 00:00","CTA|DE(Amprion)","DT HKW-Niehl-2","11WD7BOLA5GDTN2T","Fossil Gas","11WD7BOLA5GDTN2T","14/04/2026 07:00 - 14/04/2026 08:00","129.00",""
"14/04/2026 00:00 - 15/04/2026 00:00","CTA|DE(Amprion)","DT HKW-Niehl-2","11WD7BOLA5GDTN2T","Fossil Gas","11WD7BOLA5GDTN2T","14/04/2026 08:00 - 14/04/2026 09:00","129.35",""
"14/04/2026 00:00 - 15/04/2026 00:00","CTA|DE(Amprion)","DT HKW-Niehl-2","11WD7BOLA5GDTN2T","Fossil Gas","11WD7BOLA5GDTN2T","14/04/2026 09:00 - 14/04/2026 10:00","128.82",""
"14/04/2026 00:00 - 15/04/2026 00:00","CTA|DE(Amprion)","DT HKW-Niehl-2","11WD7BOLA5GDTN2T","Fossil Gas","11WD7BOLA5GDTN2T","14/04/2026 10:00 - 14/04/2026 11:00","128.18",""
"14/04/2026 00:00 - 15/04/2026 00:00","CTA|DE(Amprion)","DT HKW-Niehl-2","11WD7BOLA5GDTN2T","Fossil Gas","11WD7BOLA5GDTN2T","14/04/2026 11:00 - 14/04/2026 12:00","118.33",""
"14/04/2026 00:00 - 15/04/2026 00:00","CTA|DE(Amprion)","DT HKW-Niehl-2","11WD7BOLA5GDTN2T","Fossil Gas","11WD7BOLA5GDTN2T","14/04/2026 12:00 - 14/04/2026 13:00","60.80",""
"14/04/2026 00:00 - 15/04/2026 00:00","CTA|DE(Amprion)","DT HKW-Niehl-2","11WD7BOLA5GDTN2T","Fossil Gas","11WD7BOLA5GDTN2T","14/04/2026 13:00 - 14/04/2026 14:00","60.80",""
"14/04/2026 00:00 - 15/04/2026 00:00","CTA|DE(Amprion)","DT HKW-Niehl-2","11WD7BOLA5GDTN2T","Fossil Gas","11WD7BOLA5GDTN2T","14/04/2026 14:00 - 14/04/2026 15:00","61.20",""
"14/04/2026 00:00 - 15/04/2026 00:00","CTA|DE(Amprion)","DT HKW-Niehl-2","11WD7BOLA5GDTN2T","Fossil Gas","11WD7BOLA5GDTN2T","14/04/2026 15:00 - 14/04/2026 16:00","78.70",""
"14/04/2026 00:00 - 15/04/2026 00:00","CTA|DE(Amprion)","DT HKW-Niehl-2","11WD7BOLA5GDTN2T","Fossil Gas","11WD7BOLA5GDTN2T","14/04/2026 16:00 - 14/04/2026 17:00","117.53",""
"14/04/2026 00:00 - 15/04/2026 00:00","CTA|DE(Amprion)","DT HKW-Niehl-2","11WD7BOLA5GDTN2T","Fossil Gas","11WD7BOLA5GDTN2T","14/04/2026 17:00 - 14/04/2026 18:00","123.10",""
"14/04/2026 00:00 - 15/04/2026 00:00","CTA|DE(Amprion)","DT HKW-Niehl-2","11WD7BOLA5GDTN2T","Fossil Gas","11WD7BOLA5GDTN2T","14/04/2026 18:00 - 14/04/2026 19:00","124.03",""
"14/04/2026 00:00 - 15/04/2026 00:00","CTA|DE(Amprion)","DT HKW-Niehl-2","11WD7BOLA5GDTN2T","Fossil Gas","11WD7BOLA5GDTN2T","14/04/2026 19:00 - 14/04/2026 20:00","124.80",""
"14/04/2026 00:00 - 15/04/2026 00:00","CTA|DE(Amprion)","DT HKW-Niehl-2","11WD7BOLA5GDTN2T","Fossil Gas","11WD7BOLA5GDTN2T","14/04/2026 20:00 - 14/04/2026 21:00","125.70",""
"14/04/2026 00:00 - 15/04/2026 00:00","CTA|DE(Amprion)","DT HKW-Niehl-2","11WD7BOLA5GDTN2T","Fossil Gas","11WD7BOLA5GDTN2T","14/04/2026 21:00 - 14/04/2026 22:00","126.33",""
"14/04/2026 00:00 - 15/04/2026 00:00","CTA|DE(Amprion)","DT HKW-Niehl-2","11WD7BOLA5GDTN2T","Fossil Gas","11WD7BOLA5GDTN2T","14/04/2026 22:00 - 14/04/2026 23:00","126.40",""
"14/04/2026 00:00 - 15/04/2026 00:00","CTA|DE(Amprion)","DT HKW-Niehl-2","11WD7BOLA5GDTN2T","Fossil Gas","11WD7BOLA5GDTN2T","14/04/2026 23:00 - 15/04/2026 00:00","126.55",""
"14/04/2026 00:00 - 15/04/2026 00:00","CTA|DE(Amprion)","GT HKW-Niehl-2","11WD7BOLA5GGTN2E","Fossil Gas","11WD7BOLA5GGTN2E","14/04/2026 00:00 - 14/04/2026 01:00","254.13",""
"14/04/2026 00:00 - 15/04/2026 00:00","CTA|DE(Amprion)","GT HKW-Niehl-2","11WD7BOLA5GGTN2E","Fossil Gas","11WD7BOLA5GGTN2E","14/04/2026 01:00 - 14/04/2026 02:00","254.15",""
"14/04/2026 00:00 - 15/04/2026 00:00","CTA|DE(Amprion)","GT HKW-Niehl-2","11WD7BOLA5GGTN2E","Fossil Gas","11WD7BOLA5GGTN2E","14/04/2026 02:00 - 14/04/2026 03:00","254.38",""
"14/04/2026 00:00 - 15/04/2026 00:00","CTA|DE(Amprion)","GT HKW-Niehl-2","11WD7BOLA5GGTN2E","Fossil Gas","11WD7BOLA5GGTN2E","14/04/2026 03:00 - 14/04/2026 04:00","252.47",""
"14/04/2026 00:00 - 15/04/2026 00:00","CTA|DE(Amprion)","GT HKW-Niehl-2","11WD7BOLA5GGTN2E","Fossil Gas","11WD7BOLA5GGTN2E","14/04/2026 04:00 - 14/04/2026 05:00","213.10",""
"14/04/2026 00:00 - 15/04/2026 00:00","CTA|DE(Amprion)","GT HKW-Niehl-2","11WD7BOLA5GGTN2E","Fossil Gas","11WD7BOLA5GGTN2E","14/04/2026 05:00 - 14/04/2026 06:00","257.38",""
"14/04/2026 00:00 - 15/04/2026 00:00","CTA|DE(Amprion)","GT HKW-Niehl-2","11WD7BOLA5GGTN2E","Fossil Gas","11WD7BOLA5GGTN2E","14/04/2026 06:00 - 14/04/2026 07:00","258.57",""
"14/04/2026 00:00 - 15/04/2026 00:00","CTA|DE(Amprion)","GT HKW-Niehl-2","11WD7BOLA5GGTN2E","Fossil Gas","11WD7BOLA5GGTN2E","14/04/2026 07:00 - 14/04/2026 08:00","257.95",""
"14/04/2026 00:00 - 15/04/2026 00:00","CTA|DE(Amprion)","GT HKW-Niehl-2","11WD7BOLA5GGTN2E","Fossil Gas","11WD7BOLA5GGTN2E","14/04/2026 08:00 - 14/04/2026 09:00","258.63",""
"14/04/2026 00:00 - 15/04/2026 00:00","CTA|DE(Amprion)","GT HKW-Niehl-2","11WD7BOLA5GGTN2E","Fossil Gas","11WD7BOLA5GGTN2E","14/04/2026 09:00 - 14/04/2026 10:00","257.68",""
"14/04/2026 00:00 - 15/04/2026 00:00","CTA|DE(Amprion)","GT HKW-Niehl-2","11WD7BOLA5GGTN2E","Fossil Gas","11WD7BOLA5GGTN2E","14/04/2026 10:00 - 14/04/2026 11:00","256.35",""
"14/04/2026 00:00 - 15/04/2026 00:00","CTA|DE(Amprion)","GT HKW-Niehl-2","11WD7BOLA5GGTN2E","Fossil Gas","11WD7BOLA5GGTN2E","14/04/2026 11:00 - 14/04/2026 12:00","236.70",""
"14/04/2026 00:00 - 15/04/2026 00:00","CTA|DE(Amprion)","GT HKW-Niehl-2","11WD7BOLA5GGTN2E","Fossil Gas","11WD7BOLA5GGTN2E","14/04/2026 12:00 - 14/04/2026 13:00","121.60",""
"14/04/2026 00:00 - 15/04/2026 00:00","CTA|DE(Amprion)","GT HKW-Niehl-2","11WD7BOLA5GGTN2E","Fossil Gas","11WD7BOLA5GGTN2E","14/04/2026 13:00 - 14/04/2026 14:00","121.58",""
"14/04/2026 00:00 - 15/04/2026 00:00","CTA|DE(Amprion)","GT HKW-Niehl-2","11WD7BOLA5GGTN2E","Fossil Gas","11WD7BOLA5GGTN2E","14/04/2026 14:00 - 14/04/2026 15:00","122.40",""
"14/04/2026 00:00 - 15/04/2026 00:00","CTA|DE(Amprion)","GT HKW-Niehl-2","11WD7BOLA5GGTN2E","Fossil Gas","11WD7BOLA5GGTN2E","14/04/2026 15:00 - 14/04/2026 16:00","157.32",""
"14/04/2026 00:00 - 15/04/2026 00:00","CTA|DE(Amprion)","GT HKW-Niehl-2","11WD7BOLA5GGTN2E","Fossil Gas","11WD7BOLA5GGTN2E","14/04/2026 16:00 - 14/04/2026 17:00","235.07",""
"14/04/2026 00:00 - 15/04/2026 00:00","CTA|DE(Amprion)","GT HKW-Niehl-2","11WD7BOLA5GGTN2E","Fossil Gas","11WD7BOLA5GGTN2E","14/04/2026 17:00 - 14/04/2026 18:00","246.18",""
"14/04/2026 00:00 - 15/04/2026 00:00","CTA|DE(Amprion)","GT HKW-Niehl-2","11WD7BOLA5GGTN2E","Fossil Gas","11WD7BOLA5GGTN2E","14/04/2026 18:00 - 14/04/2026 19:00","247.97",""
"14/04/2026 00:00 - 15/04/2026 00:00","CTA|DE(Amprion)","GT HKW-Niehl-2","11WD7BOLA5GGTN2E","Fossil Gas","11WD7BOLA5GGTN2E","14/04/2026 19:00 - 14/04/2026 20:00","249.57",""
"14/04/2026 00:00 - 15/04/2026 00:00","CTA|DE(Amprion)","GT HKW-Niehl-2","11WD7BOLA5GGTN2E","Fossil Gas","11WD7BOLA5GGTN2E","14/04/2026 20:00 - 14/04/2026 21:00","251.40",""
"14/04/2026 00:00 - 15/04/2026 00:00","CTA|DE(Amprion)","GT HKW-Niehl-2","11WD7BOLA5GGTN2E","Fossil Gas","11WD7BOLA5GGTN2E","14/04/2026 21:00 - 14/04/2026 22:00","252.68",""
"14/04/2026 00:00 - 15/04/2026 00:00","CTA|DE(Amprion)","GT HKW-Niehl-2","11WD7BOLA5GGTN2E","Fossil Gas","11WD7BOLA5GGTN2E","14/04/2026 22:00 - 14/04/2026 23:00","252.85",""
"14/04/2026 00:00 - 15/04/2026 00:00","CTA|DE(Amprion)","GT HKW-Niehl-2","11WD7BOLA5GGTN2E","Fossil Gas","11WD7BOLA5GGTN2E","14/04/2026 23:00 - 15/04/2026 00:00","253.10",""
"14/04/2026 00:00 - 15/04/2026 00:00","CTA|DE(Amprion)","GuD Dormagen","11WD7BRAU5G-GUDH","Fossil Gas","11WD7BRAU5G-GUDH","14/04/2026 00:00 - 14/04/2026 01:00","0.00",""
"14/04/2026 00:00 - 15/04/2026 00:00","CTA|DE(Amprion)","GuD Dormagen","11WD7BRAU5G-GUDH","Fossil Gas","11WD7BRAU5G-GUDH","14/04/2026 01:00 - 14/04/2026 02:00","0.00",""
"14/04/2026 00:00 - 15/04/2026 00:00","CTA|DE(Amprion)","GuD Dormagen","11WD7BRAU5G-GUDH","Fossil Gas","11WD7BRAU5G-GUDH","14/04/2026 02:00 - 14/04/2026 03:00","0.00",""
"14/04/2026 00:00 - 15/04/2026 00:00","CTA|DE(Amprion)","GuD Dormagen","11WD7BRAU5G-GUDH","Fossil Gas","11WD7BRAU5G-GUDH","14/04/2026 03:00 - 14/04/2026 04:00","0.00",""
"14/04/2026 00:00 - 15/04/2026 00:00","CTA|DE(Amprion)","GuD Dormagen","11WD7BRAU5G-GUDH","Fossil Gas","11WD7BRAU5G-GUDH","14/04/2026 04:00 - 14/04/2026 05:00","0.00",""
"14/04/2026 00:00 - 15/04/2026 00:00","CTA|DE(Amprion)","GuD Dormagen","11WD7BRAU5G-GUDH","Fossil Gas","11WD7BRAU5G-GUDH","14/04/2026 05:00 - 14/04/2026 06:00","0.00",""
"14/04/2026 00:00 - 15/04/2026 00:00","CTA|DE(Amprion)","GuD Dormagen","11WD7BRAU5G-GUDH","Fossil Gas","11WD7BRAU5G-GUDH","14/04/2026 06:00 - 14/04/2026 07:00","0.00",""
"14/04/2026 00:00 - 15/04/2026 00:00","CTA|DE(Amprion)","GuD Dormagen","11WD7BRAU5G-GUDH","Fossil Gas","11WD7BRAU5G-GUDH","14/04/2026 07:00 - 14/04/2026 08:00","0.00",""
"14/04/2026 00:00 - 15/04/2026 00:00","CTA|DE(Amprion)","GuD Dormagen","11WD7BRAU5G-GUDH","Fossil Gas","11WD7BRAU5G-GUDH","14/04/2026 08:00 - 14/04/2026 09:00","0.00",""
"14/04/2026 00:00 - 15/04/2026 00:00","CTA|DE(Amprion)","GuD Dormagen","11WD7BRAU5G-GUDH","Fossil Gas","11WD7BRAU5G-GUDH","14/04/2026 09:00 - 14/04/2026 10:00","0.00",""
"14/04/2026 00:00 - 15/04/2026 00:00","CTA|DE(Amprion)","GuD Dormagen","11WD7BRAU5G-GUDH","Fossil Gas","11WD7BRAU5G-GUDH","14/04/2026 10:00 - 14/04/2026 11:00","0.00",""
"14/04/2026 00:00 - 15/04/2026 00:00","CTA|DE(Amprion)","GuD Dormagen","11WD7BRAU5G-GUDH","Fossil Gas","11WD7BRAU5G-GUDH","14/04/2026 11:00 - 14/04/2026 12:00","0.00",""
"14/04/2026 00:00 - 15/04/2026 00:00","CTA|DE(Amprion)","GuD Dormagen","11WD7BRAU5G-GUDH","Fossil Gas","11WD7BRAU5G-GUDH","14/04/2026 12:00 - 14/04/2026 13:00","0.00",""
"14/04/2026 00:00 - 15/04/2026 00:00","CTA|DE(Amprion)","GuD Dormagen","11WD7BRAU5G-GUDH","Fossil Gas","11WD7BRAU5G-GUDH","14/04/2026 13:00 - 14/04/2026 14:00","0.00",""
"14/04/2026 00:00 - 15/04/2026 00:00","CTA|DE(Amprion)","GuD Dormagen","11WD7BRAU5G-GUDH","Fossil Gas","11WD7BRAU5G-GUDH","14/04/2026 14:00 - 14/04/2026 15:00","0.00",""
"14/04/2026 00:00 - 15/04/2026 00:00","CTA|DE(Amprion)","GuD Dormagen","11WD7BRAU5G-GUDH","Fossil Gas","11WD7BRAU5G-GUDH","14/04/2026 15:00 - 14/04/2026 16:00","0.00",""
"14/04/2026 00:00 - 15/04/2026 00:00","CTA|DE(Amprion)","GuD Dormagen","11WD7BRAU5G-GUDH","Fossil Gas","11WD7BRAU5G-GUDH","14/04/2026 16:00 - 14/04/2026 17:00","0.00",""
"14/04/2026 00:00 - 15/04/2026 00:00","CTA|DE(Amprion)","GuD Dormagen","11WD7BRAU5G-GUDH","Fossil Gas","11WD7BRAU5G-GUDH","14/04/2026 17:00 - 14/04/2026 18:00","0.00",""
"14/04/2026 00:00 - 15/04/2026 00:00","CTA|DE(Amprion)","GuD Dormagen","11WD7BRAU5G-GUDH","Fossil Gas","11WD7BRAU5G-GUDH","14/04/2026 18:00 - 14/04/2026 19:00","0.00",""
"14/04/2026 00:00 - 15/04/2026 00:00","CTA|DE(Amprion)","GuD Dormagen","11WD7BRAU5G-GUDH","Fossil Gas","11WD7BRAU5G-GUDH","14/04/2026 19:00 - 14/04/2026 20:00","0.00",""
"14/04/2026 00:00 - 15/04/2026 00:00","CTA|DE(Amprion)","GuD Dormagen","11WD7BRAU5G-GUDH","Fossil Gas","11WD7BRAU5G-GUDH","14/04/2026 20:00 - 14/04/2026 21:00","0.00",""
"14/04/2026 00:00 - 15/04/2026 00:00","CTA|DE(Amprion)","GuD Dormagen","11WD7BRAU5G-GUDH","Fossil Gas","11WD7BRAU5G-GUDH","14/04/2026 21:00 - 14/04/2026 22:00","0.00",""
"14/04/2026 00:00 - 15/04/2026 00:00","CTA|DE(Amprion)","GuD Dormagen","11WD7BRAU5G-GUDH","Fossil Gas","11WD7BRAU5G-GUDH","14/04/2026 22:00 - 14/04/2026 23:00","0.00",""
"14/04/2026 00:00 - 15/04/2026 00:00","CTA|DE(Amprion)","GuD Dormagen","11WD7BRAU5G-GUDH","Fossil Gas","11WD7BRAU5G-GUDH","14/04/2026 23:00 - 15/04/2026 00:00","0.00",""
"14/04/2026 00:00 - 15/04/2026 00:00","CTA|DE(Amprion)","Emsland B","11WD7EMSL-G-BLB0","Fossil Gas","11WD7EMSL-G-BLB0","14/04/2026 00:00 - 14/04/2026 01:00","184.10",""
"14/04/2026 00:00 - 15/04/2026 00:00","CTA|DE(Amprion)","Emsland B","11WD7EMSL-G-BLB0","Fossil Gas","11WD7EMSL-G-BLB0","14/04/2026 01:00 - 14/04/2026 02:00","0.00",""
"14/04/2026 00:00 - 15/04/2026 00:00","CTA|DE(Amprion)","Emsland B","11WD7EMSL-G-BLB0","Fossil Gas","11WD7EMSL-G-BLB0","14/04/2026 02:00 - 14/04/2026 03:00","0.00",""
"14/04/2026 00:00 - 15/04/2026 00:00","CTA|DE(Amprion)","Emsland B","11WD7EMSL-G-BLB0","Fossil Gas","11WD7EMSL-G-BLB0","14/04/2026 03:00 - 14/04/2026 04:00","0.00",""
"14/04/2026 00:00 - 15/04/2026 00:00","CTA|DE(Amprion)","Emsland B","11WD7EMSL-G-BLB0","Fossil Gas","11WD7EMSL-G-BLB0","14/04/2026 04:00 - 14/04/2026 05:00","0.00",""
"14/04/2026 00:00 - 15/04/2026 00:00","CTA|DE(Amprion)","Emsland B","11WD7EMSL-G-BLB0","Fossil Gas","11WD7EMSL-G-BLB0","14/04/2026 05:00 - 14/04/2026 06:00","0.00",""
"14/04/2026 00:00 - 15/04/2026 00:00","CTA|DE(Amprion)","Emsland B","11WD7EMSL-G-BLB0","Fossil Gas","11WD7EMSL-G-BLB0","14/04/2026 06:00 - 14/04/2026 07:00","0.00",""
"14/04/2026 00:00 - 15/04/2026 00:00","CTA|DE(Amprion)","Emsland B","11WD7EMSL-G-BLB0","Fossil Gas","11WD7EMSL-G-BLB0","14/04/2026 07:00 - 14/04/2026 08:00","55.48",""
"14/04/2026 00:00 - 15/04/2026 00:00","CTA|DE(Amprion)","Emsland B","11WD7EMSL-G-BLB0","Fossil Gas","11WD7EMSL-G-BLB0","14/04/2026 08:00 - 14/04/2026 09:00","193.05",""
"14/04/2026 00:00 - 15/04/2026 00:00","CTA|DE(Amprion)","Emsland B","11WD7EMSL-G-BLB0","Fossil Gas","11WD7EMSL-G-BLB0","14/04/2026 09:00 - 14/04/2026 10:00","326.68",""
"14/04/2026 00:00 - 15/04/2026 00:00","CTA|DE(Amprion)","Emsland B","11WD7EMSL-G-BLB0","Fossil Gas","11WD7EMSL-G-BLB0","14/04/2026 10:00 - 14/04/2026 11:00","313.85",""
"14/04/2026 00:00 - 15/04/2026 00:00","CTA|DE(Amprion)","Emsland B","11WD7EMSL-G-BLB0","Fossil Gas","11WD7EMSL-G-BLB0","14/04/2026 11:00 - 14/04/2026 12:00","212.38",""
"14/04/2026 00:00 - 15/04/2026 00:00","CTA|DE(Amprion)","Emsland B","11WD7EMSL-G-BLB0","Fossil Gas","11WD7EMSL-G-BLB0","14/04/2026 12:00 - 14/04/2026 13:00","182.93",""
"14/04/2026 00:00 - 15/04/2026 00:00","CTA|DE(Amprion)","Emsland B","11WD7EMSL-G-BLB0","Fossil Gas","11WD7EMSL-G-BLB0","14/04/2026 13:00 - 14/04/2026 14:00","0.00",""
"14/04/2026 00:00 - 15/04/2026 00:00","CTA|DE(Amprion)","Emsland B","11WD7EMSL-G-BLB0","Fossil Gas","11WD7EMSL-G-BLB0","14/04/2026 14:00 - 14/04/2026 15:00","0.00",""
"14/04/2026 00:00 - 15/04/2026 00:00","CTA|DE(Amprion)","Emsland B","11WD7EMSL-G-BLB0","Fossil Gas","11WD7EMSL-G-BLB0","14/04/2026 15:00 - 14/04/2026 16:00","0.00",""
"14/04/2026 00:00 - 15/04/2026 00:00","CTA|DE(Amprion)","Emsland B","11WD7EMSL-G-BLB0","Fossil Gas","11WD7EMSL-G-BLB0","14/04/2026 16:00 - 14/04/2026 17:00","0.00",""
"14/04/2026 00:00 - 15/04/2026 00:00","CTA|DE(Amprion)","Emsland B","11WD7EMSL-G-BLB0","Fossil Gas","11WD7EMSL-G-BLB0","14/04/2026 17:00 - 14/04/2026 18:00","0.00",""
"14/04/2026 00:00 - 15/04/2026 00:00","CTA|DE(Amprion)","Emsland B","11WD7EMSL-G-BLB0","Fossil Gas","11WD7EMSL-G-BLB0","14/04/2026 18:00 - 14/04/2026 19:00","31.73",""
"14/04/2026 00:00 - 15/04/2026 00:00","CTA|DE(Amprion)","Emsland B","11WD7EMSL-G-BLB0","Fossil Gas","11WD7EMSL-G-BLB0","14/04/2026 19:00 - 14/04/2026 20:00","0.00",""
"14/04/2026 00:00 - 15/04/2026 00:00","CTA|DE(Amprion)","Emsland B","11WD7EMSL-G-BLB0","Fossil Gas","11WD7EMSL-G-BLB0","14/04/2026 20:00 - 14/04/2026 21:00","37.38",""
"14/04/2026 00:00 - 15/04/2026 00:00","CTA|DE(Amprion)","Emsland B","11WD7EMSL-G-BLB0","Fossil Gas","11WD7EMSL-G-BLB0","14/04/2026 21:00 - 14/04/2026 22:00","20.45",""
"14/04/2026 00:00 - 15/04/2026 00:00","CTA|DE(Amprion)","Emsland B","11WD7EMSL-G-BLB0","Fossil Gas","11WD7EMSL-G-BLB0","14/04/2026 22:00 - 14/04/2026 23:00","0.00",""
"14/04/2026 00:00 - 15/04/2026 00:00","CTA|DE(Amprion)","Emsland B","11WD7EMSL-G-BLB0","Fossil Gas","11WD7EMSL-G-BLB0","14/04/2026 23:00 - 15/04/2026 00:00","0.00",""
"14/04/2026 00:00 - 15/04/2026 00:00","CTA|DE(Amprion)","Emsland C","11WD7EMSL-G-BLCZ","Fossil Gas","11WD7EMSL-G-BLCZ","14/04/2026 00:00 - 14/04/2026 01:00","208.22",""
"14/04/2026 00:00 - 15/04/2026 00:00","CTA|DE(Amprion)","Emsland C","11WD7EMSL-G-BLCZ","Fossil Gas","11WD7EMSL-G-BLCZ","14/04/2026 01:00 - 14/04/2026 02:00","0.00",""
"14/04/2026 00:00 - 15/04/2026 00:00","CTA|DE(Amprion)","Emsland C","11WD7EMSL-G-BLCZ","Fossil Gas","11WD7EMSL-G-BLCZ","14/04/2026 02:00 - 14/04/2026 03:00","0.00",""
"14/04/2026 00:00 - 15/04/2026 00:00","CTA|DE(Amprion)","Emsland C","11WD7EMSL-G-BLCZ","Fossil Gas","11WD7EMSL-G-BLCZ","14/04/2026 03:00 - 14/04/2026 04:00","0.00",""
"14/04/2026 00:00 - 15/04/2026 00:00","CTA|DE(Amprion)","Emsland C","11WD7EMSL-G-BLCZ","Fossil Gas","11WD7EMSL-G-BLCZ","14/04/2026 04:00 - 14/04/2026 05:00","0.00",""
"14/04/2026 00:00 - 15/04/2026 00:00","CTA|DE(Amprion)","Emsland C","11WD7EMSL-G-BLCZ","Fossil Gas","11WD7EMSL-G-BLCZ","14/04/2026 05:00 - 14/04/2026 06:00","0.00",""
"14/04/2026 00:00 - 15/04/2026 00:00","CTA|DE(Amprion)","Emsland C","11WD7EMSL-G-BLCZ","Fossil Gas","11WD7EMSL-G-BLCZ","14/04/2026 06:00 - 14/04/2026 07:00","0.00",""
"14/04/2026 00:00 - 15/04/2026 00:00","CTA|DE(Amprion)","Emsland C","11WD7EMSL-G-BLCZ","Fossil Gas","11WD7EMSL-G-BLCZ","14/04/2026 07:00 - 14/04/2026 08:00","118.72",""
"14/04/2026 00:00 - 15/04/2026 00:00","CTA|DE(Amprion)","Emsland C","11WD7EMSL-G-BLCZ","Fossil Gas","11WD7EMSL-G-BLCZ","14/04/2026 08:00 - 14/04/2026 09:00","283.07",""
"14/04/2026 00:00 - 15/04/2026 00:00","CTA|DE(Amprion)","Emsland C","11WD7EMSL-G-BLCZ","Fossil Gas","11WD7EMSL-G-BLCZ","14/04/2026 09:00 - 14/04/2026 10:00","443.73",""
"14/04/2026 00:00 - 15/04/2026 00:00","CTA|DE(Amprion)","Emsland C","11WD7EMSL-G-BLCZ","Fossil Gas","11WD7EMSL-G-BLCZ","14/04/2026 10:00 - 14/04/2026 11:00","442.07",""
"14/04/2026 00:00 - 15/04/2026 00:00","CTA|DE(Amprion)","Emsland C","11WD7EMSL-G-BLCZ","Fossil Gas","11WD7EMSL-G-BLCZ","14/04/2026 11:00 - 14/04/2026 12:00","282.68",""
"14/04/2026 00:00 - 15/04/2026 00:00","CTA|DE(Amprion)","Emsland C","11WD7EMSL-G-BLCZ","Fossil Gas","11WD7EMSL-G-BLCZ","14/04/2026 12:00 - 14/04/2026 13:00","37.20",""
"14/04/2026 00:00 - 15/04/2026 00:00","CTA|DE(Amprion)","Emsland C","11WD7EMSL-G-BLCZ","Fossil Gas","11WD7EMSL-G-BLCZ","14/04/2026 13:00 - 14/04/2026 14:00","0.00",""
"14/04/2026 00:00 - 15/04/2026 00:00","CTA|DE(Amprion)","Emsland C","11WD7EMSL-G-BLCZ","Fossil Gas","11WD7EMSL-G-BLCZ","14/04/2026 14:00 - 14/04/2026 15:00","0.00",""
"14/04/2026 00:00 - 15/04/2026 00:00","CTA|DE(Amprion)","Emsland C","11WD7EMSL-G-BLCZ","Fossil Gas","11WD7EMSL-G-BLCZ","14/04/2026 15:00 - 14/04/2026 16:00","0.00",""
"14/04/2026 00:00 - 15/04/2026 00:00","CTA|DE(Amprion)","Emsland C","11WD7EMSL-G-BLCZ","Fossil Gas","11WD7EMSL-G-BLCZ","14/04/2026 16:00 - 14/04/2026 17:00","0.00",""
"14/04/2026 00:00 - 15/04/2026 00:00","CTA|DE(Amprion)","Emsland C","11WD7EMSL-G-BLCZ","Fossil Gas","11WD7EMSL-G-BLCZ","14/04/2026 17:00 - 14/04/2026 18:00","0.00",""
"14/04/2026 00:00 - 15/04/2026 00:00","CTA|DE(Amprion)","Emsland C","11WD7EMSL-G-BLCZ","Fossil Gas","11WD7EMSL-G-BLCZ","14/04/2026 18:00 - 14/04/2026 19:00","73.75",""
"14/04/2026 00:00 - 15/04/2026 00:00","CTA|DE(Amprion)","Emsland C","11WD7EMSL-G-BLCZ","Fossil Gas","11WD7EMSL-G-BLCZ","14/04/2026 19:00 - 14/04/2026 20:00","0.00",""
"14/04/2026 00:00 - 15/04/2026 00:00","CTA|DE(Amprion)","Emsland C","11WD7EMSL-G-BLCZ","Fossil Gas","11WD7EMSL-G-BLCZ","14/04/2026 20:00 - 14/04/2026 21:00","75.50",""
"14/04/2026 00:00 - 15/04/2026 00:00","CTA|DE(Amprion)","Emsland C","11WD7EMSL-G-BLCZ","Fossil Gas","11WD7EMSL-G-BLCZ","14/04/2026 21:00 - 14/04/2026 22:00","42.02",""
"14/04/2026 00:00 - 15/04/2026 00:00","CTA|DE(Amprion)","Emsland C","11WD7EMSL-G-BLCZ","Fossil Gas","11WD7EMSL-G-BLCZ","14/04/2026 22:00 - 14/04/2026 23:00","0.00",""
"14/04/2026 00:00 - 15/04/2026 00:00","CTA|DE(Amprion)","Emsland C","11WD7EMSL-G-BLCZ","Fossil Gas","11WD7EMSL-G-BLCZ","14/04/2026 23:00 - 15/04/2026 00:00","0.00",""
"14/04/2026 00:00 - 15/04/2026 00:00","CTA|DE(Amprion)","Emsland D","11WD7EMSL1G-GUD9","Fossil Gas","11WD7EMSL1G-GUD9","14/04/2026 00:00 - 14/04/2026 01:00","0.00",""
"14/04/2026 00:00 - 15/04/2026 00:00","CTA|DE(Amprion)","Emsland D","11WD7EMSL1G-GUD9","Fossil Gas","11WD7EMSL1G-GUD9","14/04/2026 01:00 - 14/04/2026 02:00","0.00",""
"14/04/2026 00:00 - 15/04/2026 00:00","CTA|DE(Amprion)","Emsland D","11WD7EMSL1G-GUD9","Fossil Gas","11WD7EMSL1G-GUD9","14/04/2026 02:00 - 14/04/2026 03:00","0.00",""
"14/04/2026 00:00 - 15/04/2026 00:00","CTA|DE(Amprion)","Emsland D","11WD7EMSL1G-GUD9","Fossil Gas","11WD7EMSL1G-GUD9","14/04/2026 03:00 - 14/04/2026 04:00","0.00",""
"14/04/2026 00:00 - 15/04/2026 00:00","CTA|DE(Amprion)","Emsland D","11WD7EMSL1G-GUD9","Fossil Gas","11WD7EMSL1G-GUD9","14/04/2026 04:00 - 14/04/2026 05:00","0.00",""
"14/04/2026 00:00 - 15/04/2026 00:00","CTA|DE(Amprion)","Emsland D","11WD7EMSL1G-GUD9","Fossil Gas","11WD7EMSL1G-GUD9","14/04/2026 05:00 - 14/04/2026 06:00","0.00",""
"14/04/2026 00:00 - 15/04/2026 00:00","CTA|DE(Amprion)","Emsland D","11WD7EMSL1G-GUD9","Fossil Gas","11WD7EMSL1G-GUD9","14/04/2026 06:00 - 14/04/2026 07:00","0.00",""
"14/04/2026 00:00 - 15/04/2026 00:00","CTA|DE(Amprion)","Emsland D","11WD7EMSL1G-GUD9","Fossil Gas","11WD7EMSL1G-GUD9","14/04/2026 07:00 - 14/04/2026 08:00","0.00",""
"14/04/2026 00:00 - 15/04/2026 00:00","CTA|DE(Amprion)","Emsland D","11WD7EMSL1G-GUD9","Fossil Gas","11WD7EMSL1G-GUD9","14/04/2026 08:00 - 14/04/2026 09:00","0.00",""
"14/04/2026 00:00 - 15/04/2026 00:00","CTA|DE(Amprion)","Emsland D","11WD7EMSL1G-GUD9","Fossil Gas","11WD7EMSL1G-GUD9","14/04/2026 09:00 - 14/04/2026 10:00","0.00",""
"14/04/2026 00:00 - 15/04/2026 00:00","CTA|DE(Amprion)","Emsland D","11WD7EMSL1G-GUD9","Fossil Gas","11WD7EMSL1G-GUD9","14/04/2026 10:00 - 14/04/2026 11:00","0.00",""
"14/04/2026 00:00 - 15/04/2026 00:00","CTA|DE(Amprion)","Emsland D","11WD7EMSL1G-GUD9","Fossil Gas","11WD7EMSL1G-GUD9","14/04/2026 11:00 - 14/04/2026 12:00","0.00",""
"14/04/2026 00:00 - 15/04/2026 00:00","CTA|DE(Amprion)","Emsland D","11WD7EMSL1G-GUD9","Fossil Gas","11WD7EMSL1G-GUD9","14/04/2026 12:00 - 14/04/2026 13:00","0.00",""
"14/04/2026 00:00 - 15/04/2026 00:00","CTA|DE(Amprion)","Emsland D","11WD7EMSL1G-GUD9","Fossil Gas","11WD7EMSL1G-GUD9","14/04/2026 13:00 - 14/04/2026 14:00","0.00",""
"14/04/2026 00:00 - 15/04/2026 00:00","CTA|DE(Amprion)","Emsland D","11WD7EMSL1G-GUD9","Fossil Gas","11WD7EMSL1G-GUD9","14/04/2026 14:00 - 14/04/2026 15:00","0.00",""
"14/04/2026 00:00 - 15/04/2026 00:00","CTA|DE(Amprion)","Emsland D","11WD7EMSL1G-GUD9","Fossil Gas","11WD7EMSL1G-GUD9","14/04/2026 15:00 - 14/04/2026 16:00","0.00",""
"14/04/2026 00:00 - 15/04/2026 00:00","CTA|DE(Amprion)","Emsland D","11WD7EMSL1G-GUD9","Fossil Gas","11WD7EMSL1G-GUD9","14/04/2026 16:00 - 14/04/2026 17:00","0.00",""
"14/04/2026 00:00 - 15/04/2026 00:00","CTA|DE(Amprion)","Emsland D","11WD7EMSL1G-GUD9","Fossil Gas","11WD7EMSL1G-GUD9","14/04/2026 17:00 - 14/04/2026 18:00","0.00",""
"14/04/2026 00:00 - 15/04/2026 00:00","CTA|DE(Amprion)","Emsland D","11WD7EMSL1G-GUD9","Fossil Gas","11WD7EMSL1G-GUD9","14/04/2026 18:00 - 14/04/2026 19:00","0.00",""
"14/04/2026 00:00 - 15/04/2026 00:00","CTA|DE(Amprion)","Emsland D","11WD7EMSL1G-GUD9","Fossil Gas","11WD7EMSL1G-GUD9","14/04/2026 19:00 - 14/04/2026 20:00","0.00",""
"14/04/2026 00:00 - 15/04/2026 00:00","CTA|DE(Amprion)","Emsland D","11WD7EMSL1G-GUD9","Fossil Gas","11WD7EMSL1G-GUD9","14/04/2026 20:00 - 14/04/2026 21:00","0.00",""
"14/04/2026 00:00 - 15/04/2026 00:00","CTA|DE(Amprion)","Emsland D","11WD7EMSL1G-GUD9","Fossil Gas","11WD7EMSL1G-GUD9","14/04/2026 21:00 - 14/04/2026 22:00","0.00",""
"14/04/2026 00:00 - 15/04/2026 00:00","CTA|DE(Amprion)","Emsland D","11WD7EMSL1G-GUD9","Fossil Gas","11WD7EMSL1G-GUD9","14/04/2026 22:00 - 14/04/2026 23:00","0.00",""
"14/04/2026 00:00 - 15/04/2026 00:00","CTA|DE(Amprion)","Emsland D","11WD7EMSL1G-GUD9","Fossil Gas","11WD7EMSL1G-GUD9","14/04/2026 23:00 - 15/04/2026 00:00","0.00",""
"14/04/2026 00:00 - 15/04/2026 00:00","CTA|DE(Amprion)","GuD-Anlage-HKW-Merkenich","11WD7FUEH5GMERKA","Fossil Gas","11WD7FUEH5GMERKA","14/04/2026 00:00 - 14/04/2026 01:00","0.00",""
"14/04/2026 00:00 - 15/04/2026 00:00","CTA|DE(Amprion)","GuD-Anlage-HKW-Merkenich","11WD7FUEH5GMERKA","Fossil Gas","11WD7FUEH5GMERKA","14/04/2026 01:00 - 14/04/2026 02:00","0.00",""
"14/04/2026 00:00 - 15/04/2026 00:00","CTA|DE(Amprion)","GuD-Anlage-HKW-Merkenich","11WD7FUEH5GMERKA","Fossil Gas","11WD7FUEH5GMERKA","14/04/2026 02:00 - 14/04/2026 03:00","0.00",""
"14/04/2026 00:00 - 15/04/2026 00:00","CTA|DE(Amprion)","GuD-Anlage-HKW-Merkenich","11WD7FUEH5GMERKA","Fossil Gas","11WD7FUEH5GMERKA","14/04/2026 03:00 - 14/04/2026 04:00","0.00",""
"14/04/2026 00:00 - 15/04/2026 00:00","CTA|DE(Amprion)","GuD-Anlage-HKW-Merkenich","11WD7FUEH5GMERKA","Fossil Gas","11WD7FUEH5GMERKA","14/04/2026 04:00 - 14/04/2026 05:00","0.00",""
"14/04/2026 00:00 - 15/04/2026 00:00","CTA|DE(Amprion)","GuD-Anlage-HKW-Merkenich","11WD7FUEH5GMERKA","Fossil Gas","11WD7FUEH5GMERKA","14/04/2026 05:00 - 14/04/2026 06:00","0.00",""
"14/04/2026 00:00 - 15/04/2026 00:00","CTA|DE(Amprion)","GuD-Anlage-HKW-Merkenich","11WD7FUEH5GMERKA","Fossil Gas","11WD7FUEH5GMERKA","14/04/2026 06:00 - 14/04/2026 07:00","0.00",""
"14/04/2026 00:00 - 15/04/2026 00:00","CTA|DE(Amprion)","GuD-Anlage-HKW-Merkenich","11WD7FUEH5GMERKA","Fossil Gas","11WD7FUEH5GMERKA","14/04/2026 07:00 - 14/04/2026 08:00","0.00",""
"14/04/2026 00:00 - 15/04/2026 00:00","CTA|DE(Amprion)","GuD-Anlage-HKW-Merkenich","11WD7FUEH5GMERKA","Fossil Gas","11WD7FUEH5GMERKA","14/04/2026 08:00 - 14/04/2026 09:00","0.00",""
"14/04/2026 00:00 - 15/04/2026 00:00","CTA|DE(Amprion)","GuD-Anlage-HKW-Merkenich","11WD7FUEH5GMERKA","Fossil Gas","11WD7FUEH5GMERKA","14/04/2026 09:00 - 14/04/2026 10:00","0.00",""
"14/04/2026 00:00 - 15/04/2026 00:00","CTA|DE(Amprion)","GuD-Anlage-HKW-Merkenich","11WD7FUEH5GMERKA","Fossil Gas","11WD7FUEH5GMERKA","14/04/2026 10:00 - 14/04/2026 11:00","0.00",""
"14/04/2026 00:00 - 15/04/2026 00:00","CTA|DE(Amprion)","GuD-Anlage-HKW-Merkenich","11WD7FUEH5GMERKA","Fossil Gas","11WD7FUEH5GMERKA","14/04/2026 11:00 - 14/04/2026 12:00","0.00",""
"14/04/2026 00:00 - 15/04/2026 00:00","CTA|DE(Amprion)","GuD-Anlage-HKW-Merkenich","11WD7FUEH5GMERKA","Fossil Gas","11WD7FUEH5GMERKA","14/04/2026 12:00 - 14/04/2026 13:00","0.00",""
"14/04/2026 00:00 - 15/04/2026 00:00","CTA|DE(Amprion)","GuD-Anlage-HKW-Merkenich","11WD7FUEH5GMERKA","Fossil Gas","11WD7FUEH5GMERKA","14/04/2026 13:00 - 14/04/2026 14:00","0.00",""
"14/04/2026 00:00 - 15/04/2026 00:00","CTA|DE(Amprion)","GuD-Anlage-HKW-Merkenich","11WD7FUEH5GMERKA","Fossil Gas","11WD7FUEH5GMERKA","14/04/2026 14:00 - 14/04/2026 15:00","0.00",""
"14/04/2026 00:00 - 15/04/2026 00:00","CTA|DE(Amprion)","GuD-Anlage-HKW-Merkenich","11WD7FUEH5GMERKA","Fossil Gas","11WD7FUEH5GMERKA","14/04/2026 15:00 - 14/04/2026 16:00","0.00",""
"14/04/2026 00:00 - 15/04/2026 00:00","CTA|DE(Amprion)","GuD-Anlage-HKW-Merkenich","11WD7FUEH5GMERKA","Fossil Gas","11WD7FUEH5GMERKA","14/04/2026 16:00 - 14/04/2026 17:00","0.00",""
"14/04/2026 00:00 - 15/04/2026 00:00","CTA|DE(Amprion)","GuD-Anlage-HKW-Merkenich","11WD7FUEH5GMERKA","Fossil Gas","11WD7FUEH5GMERKA","14/04/2026 17:00 - 14/04/2026 18:00","0.00",""
"14/04/2026 00:00 - 15/04/2026 00:00","CTA|DE(Amprion)","GuD-Anlage-HKW-Merkenich","11WD7FUEH5GMERKA","Fossil Gas","11WD7FUEH5GMERKA","14/04/2026 18:00 - 14/04/2026 19:00","0.00",""
"14/04/2026 00:00 - 15/04/2026 00:00","CTA|DE(Amprion)","GuD-Anlage-HKW-Merkenich","11WD7FUEH5GMERKA","Fossil Gas","11WD7FUEH5GMERKA","14/04/2026 19:00 - 14/04/2026 20:00","0.00",""
"14/04/2026 00:00 - 15/04/2026 00:00","CTA|DE(Amprion)","GuD-Anlage-HKW-Merkenich","11WD7FUEH5GMERKA","Fossil Gas","11WD7FUEH5GMERKA","14/04/2026 20:00 - 14/04/2026 21:00","0.00",""
"14/04/2026 00:00 - 15/04/2026 00:00","CTA|DE(Amprion)","GuD-Anlage-HKW-Merkenich","11WD7FUEH5GMERKA","Fossil Gas","11WD7FUEH5GMERKA","14/04/2026 21:00 - 14/04/2026 22:00","0.00",""
"14/04/2026 00:00 - 15/04/2026 00:00","CTA|DE(Amprion)","GuD-Anlage-HKW-Merkenich","11WD7FUEH5GMERKA","Fossil Gas","11WD7FUEH5GMERKA","14/04/2026 22:00 - 14/04/2026 23:00","0.00",""
"14/04/2026 00:00 - 15/04/2026 00:00","CTA|DE(Amprion)","GuD-Anlage-HKW-Merkenich","11WD7FUEH5GMERKA","Fossil Gas","11WD7FUEH5GMERKA","14/04/2026 23:00 - 15/04/2026 00:00","0.00",""
"14/04/2026 00:00 - 15/04/2026 00:00","CTA|DE(Amprion)","Gersteinwerk I","11WD7GERS-G-BLIY","Fossil Gas","11WD7GERS-G-BLIY","14/04/2026 00:00 - 14/04/2026 01:00","0.00",""
"14/04/2026 00:00 - 15/04/2026 00:00","CTA|DE(Amprion)","Gersteinwerk I","11WD7GERS-G-BLIY","Fossil Gas","11WD7GERS-G-BLIY","14/04/2026 01:00 - 14/04/2026 02:00","0.00",""
"14/04/2026 00:00 - 15/04/2026 00:00","CTA|DE(Amprion)","Gersteinwerk I","11WD7GERS-G-BLIY","Fossil Gas","11WD7GERS-G-BLIY","14/04/2026 02:00 - 14/04/2026 03:00","0.00",""
"14/04/2026 00:00 - 15/04/2026 00:00","CTA|DE(Amprion)","Gersteinwerk I","11WD7GERS-G-BLIY","Fossil Gas","11WD7GERS-G-BLIY","14/04/2026 03:00 - 14/04/2026 04:00","0.00",""
"14/04/2026 00:00 - 15/04/2026 00:00","CTA|DE(Amprion)","Gersteinwerk I","11WD7GERS-G-BLIY","Fossil Gas","11WD7GERS-G-BLIY","14/04/2026 04:00 - 14/04/2026 05:00","0.00",""
"14/04/2026 00:00 - 15/04/2026 00:00","CTA|DE(Amprion)","Gersteinwerk I","11WD7GERS-G-BLIY","Fossil Gas","11WD7GERS-G-BLIY","14/04/2026 05:00 - 14/04/2026 06:00","0.00",""
"14/04/2026 00:00 - 15/04/2026 00:00","CTA|DE(Amprion)","Gersteinwerk I","11WD7GERS-G-BLIY","Fossil Gas","11WD7GERS-G-BLIY","14/04/2026 06:00 - 14/04/2026 07:00","0.00",""
"14/04/2026 00:00 - 15/04/2026 00:00","CTA|DE(Amprion)","Gersteinwerk I","11WD7GERS-G-BLIY","Fossil Gas","11WD7GERS-G-BLIY","14/04/2026 07:00 - 14/04/2026 08:00","0.00",""
"14/04/2026 00:00 - 15/04/2026 00:00","CTA|DE(Amprion)","Gersteinwerk I","11WD7GERS-G-BLIY","Fossil Gas","11WD7GERS-G-BLIY","14/04/2026 08:00 - 14/04/2026 09:00","0.00",""
"14/04/2026 00:00 - 15/04/2026 00:00","CTA|DE(Amprion)","Gersteinwerk I","11WD7GERS-G-BLIY","Fossil Gas","11WD7GERS-G-BLIY","14/04/2026 09:00 - 14/04/2026 10:00","0.00",""
"14/04/2026 00:00 - 15/04/2026 00:00","CTA|DE(Amprion)","Gersteinwerk I","11WD7GERS-G-BLIY","Fossil Gas","11WD7GERS-G-BLIY","14/04/2026 10:00 - 14/04/2026 11:00","0.00",""
"14/04/2026 00:00 - 15/04/2026 00:00","CTA|DE(Amprion)","Gersteinwerk I","11WD7GERS-G-BLIY","Fossil Gas","11WD7GERS-G-BLIY","14/04/2026 11:00 - 14/04/2026 12:00","0.00",""
"14/04/2026 00:00 - 15/04/2026 00:00","CTA|DE(Amprion)","Gersteinwerk I","11WD7GERS-G-BLIY","Fossil Gas","11WD7GERS-G-BLIY","14/04/2026 12:00 - 14/04/2026 13:00","0.00",""
"14/04/2026 00:00 - 15/04/2026 00:00","CTA|DE(Amprion)","Gersteinwerk I","11WD7GERS-G-BLIY","Fossil Gas","11WD7GERS-G-BLIY","14/04/2026 13:00 - 14/04/2026 14:00","0.00",""
"14/04/2026 00:00 - 15/04/2026 00:00","CTA|DE(Amprion)","Gersteinwerk I","11WD7GERS-G-BLIY","Fossil Gas","11WD7GERS-G-BLIY","14/04/2026 14:00 - 14/04/2026 15:00","0.00",""
"14/04/2026 00:00 - 15/04/2026 00:00","CTA|DE(Amprion)","Gersteinwerk I","11WD7GERS-G-BLIY","Fossil Gas","11WD7GERS-G-BLIY","14/04/2026 15:00 - 14/04/2026 16:00","0.00",""
"14/04/2026 00:00 - 15/04/2026 00:00","CTA|DE(Amprion)","Gersteinwerk I","11WD7GERS-G-BLIY","Fossil Gas","11WD7GERS-G-BLIY","14/04/2026 16:00 - 14/04/2026 17:00","0.00",""
"14/04/2026 00:00 - 15/04/2026 00:00","CTA|DE(Amprion)","Gersteinwerk I","11WD7GERS-G-BLIY","Fossil Gas","11WD7GERS-G-BLIY","14/04/2026 17:00 - 14/04/2026 18:00","0.00",""
"14/04/2026 00:00 - 15/04/2026 00:00","CTA|DE(Amprion)","Gersteinwerk I","11WD7GERS-G-BLIY","Fossil Gas","11WD7GERS-G-BLIY","14/04/2026 18:00 - 14/04/2026 19:00","0.00",""
"14/04/2026 00:00 - 15/04/2026 00:00","CTA|DE(Amprion)","Gersteinwerk I","11WD7GERS-G-BLIY","Fossil Gas","11WD7GERS-G-BLIY","14/04/2026 19:00 - 14/04/2026 20:00","0.00",""
"14/04/2026 00:00 - 15/04/2026 00:00","CTA|DE(Amprion)","Gersteinwerk I","11WD7GERS-G-BLIY","Fossil Gas","11WD7GERS-G-BLIY","14/04/2026 20:00 - 14/04/2026 21:00","0.00",""
"14/04/2026 00:00 - 15/04/2026 00:00","CTA|DE(Amprion)","Gersteinwerk I","11WD7GERS-G-BLIY","Fossil Gas","11WD7GERS-G-BLIY","14/04/2026 21:00 - 14/04/2026 22:00","0.00",""
"14/04/2026 00:00 - 15/04/2026 00:00","CTA|DE(Amprion)","Gersteinwerk I","11WD7GERS-G-BLIY","Fossil Gas","11WD7GERS-G-BLIY","14/04/2026 22:00 - 14/04/2026 23:00","0.00",""
"14/04/2026 00:00 - 15/04/2026 00:00","CTA|DE(Amprion)","Gersteinwerk I","11WD7GERS-G-BLIY","Fossil Gas","11WD7GERS-G-BLIY","14/04/2026 23:00 - 15/04/2026 00:00","0.00",""
"14/04/2026 00:00 - 15/04/2026 00:00","CTA|DE(Amprion)","HERDECKE_H6","11WD7HERD2G-H6-X","Fossil Gas","11WD7HERD2G-H6-X","14/04/2026 00:00 - 14/04/2026 01:00","117.65",""
"14/04/2026 00:00 - 15/04/2026 00:00","CTA|DE(Amprion)","HERDECKE_H6","11WD7HERD2G-H6-X","Fossil Gas","11WD7HERD2G-H6-X","14/04/2026 01:00 - 14/04/2026 02:00","0.00",""
"14/04/2026 00:00 - 15/04/2026 00:00","CTA|DE(Amprion)","HERDECKE_H6","11WD7HERD2G-H6-X","Fossil Gas","11WD7HERD2G-H6-X","14/04/2026 02:00 - 14/04/2026 03:00","0.00",""
"14/04/2026 00:00 - 15/04/2026 00:00","CTA|DE(Amprion)","HERDECKE_H6","11WD7HERD2G-H6-X","Fossil Gas","11WD7HERD2G-H6-X","14/04/2026 03:00 - 14/04/2026 04:00","0.00",""
"14/04/2026 00:00 - 15/04/2026 00:00","CTA|DE(Amprion)","HERDECKE_H6","11WD7HERD2G-H6-X","Fossil Gas","11WD7HERD2G-H6-X","14/04/2026 04:00 - 14/04/2026 05:00","164.00",""
"14/04/2026 00:00 - 15/04/2026 00:00","CTA|DE(Amprion)","HERDECKE_H6","11WD7HERD2G-H6-X","Fossil Gas","11WD7HERD2G-H6-X","14/04/2026 05:00 - 14/04/2026 06:00","411.50",""
"14/04/2026 00:00 - 15/04/2026 00:00","CTA|DE(Amprion)","HERDECKE_H6","11WD7HERD2G-H6-X","Fossil Gas","11WD7HERD2G-H6-X","14/04/2026 06:00 - 14/04/2026 07:00","417.35",""
"14/04/2026 00:00 - 15/04/2026 00:00","CTA|DE(Amprion)","HERDECKE_H6","11WD7HERD2G-H6-X","Fossil Gas","11WD7HERD2G-H6-X","14/04/2026 07:00 - 14/04/2026 08:00","418.52",""
"14/04/2026 00:00 - 15/04/2026 00:00","CTA|DE(Amprion)","HERDECKE_H6","11WD7HERD2G-H6-X","Fossil Gas","11WD7HERD2G-H6-X","14/04/2026 08:00 - 14/04/2026 09:00","418.27",""
"14/04/2026 00:00 - 15/04/2026 00:00","CTA|DE(Amprion)","HERDECKE_H6","11WD7HERD2G-H6-X","Fossil Gas","11WD7HERD2G-H6-X","14/04/2026 09:00 - 14/04/2026 10:00","416.48",""
"14/04/2026 00:00 - 15/04/2026 00:00","CTA|DE(Amprion)","HERDECKE_H6","11WD7HERD2G-H6-X","Fossil Gas","11WD7HERD2G-H6-X","14/04/2026 10:00 - 14/04/2026 11:00","109.97",""
"14/04/2026 00:00 - 15/04/2026 00:00","CTA|DE(Amprion)","HERDECKE_H6","11WD7HERD2G-H6-X","Fossil Gas","11WD7HERD2G-H6-X","14/04/2026 11:00 - 14/04/2026 12:00","0.00",""
"14/04/2026 00:00 - 15/04/2026 00:00","CTA|DE(Amprion)","HERDECKE_H6","11WD7HERD2G-H6-X","Fossil Gas","11WD7HERD2G-H6-X","14/04/2026 12:00 - 14/04/2026 13:00","0.00",""
"14/04/2026 00:00 - 15/04/2026 00:00","CTA|DE(Amprion)","HERDECKE_H6","11WD7HERD2G-H6-X","Fossil Gas","11WD7HERD2G-H6-X","14/04/2026 13:00 - 14/04/2026 14:00","0.00",""
"14/04/2026 00:00 - 15/04/2026 00:00","CTA|DE(Amprion)","HERDECKE_H6","11WD7HERD2G-H6-X","Fossil Gas","11WD7HERD2G-H6-X","14/04/2026 14:00 - 14/04/2026 15:00","0.00",""
"14/04/2026 00:00 - 15/04/2026 00:00","CTA|DE(Amprion)","HERDECKE_H6","11WD7HERD2G-H6-X","Fossil Gas","11WD7HERD2G-H6-X","14/04/2026 15:00 - 14/04/2026 16:00","0.00",""
"14/04/2026 00:00 - 15/04/2026 00:00","CTA|DE(Amprion)","HERDECKE_H6","11WD7HERD2G-H6-X","Fossil Gas","11WD7HERD2G-H6-X","14/04/2026 16:00 - 14/04/2026 17:00","168.63",""
"14/04/2026 00:00 - 15/04/2026 00:00","CTA|DE(Amprion)","HERDECKE_H6","11WD7HERD2G-H6-X","Fossil Gas","11WD7HERD2G-H6-X","14/04/2026 17:00 - 14/04/2026 18:00","394.27",""
"14/04/2026 00:00 - 15/04/2026 00:00","CTA|DE(Amprion)","HERDECKE_H6","11WD7HERD2G-H6-X","Fossil Gas","11WD7HERD2G-H6-X","14/04/2026 18:00 - 14/04/2026 19:00","399.90",""
"14/04/2026 00:00 - 15/04/2026 00:00","CTA|DE(Amprion)","HERDECKE_H6","11WD7HERD2G-H6-X","Fossil Gas","11WD7HERD2G-H6-X","14/04/2026 19:00 - 14/04/2026 20:00","402.77",""
"14/04/2026 00:00 - 15/04/2026 00:00","CTA|DE(Amprion)","HERDECKE_H6","11WD7HERD2G-H6-X","Fossil Gas","11WD7HERD2G-H6-X","14/04/2026 20:00 - 14/04/2026 21:00","406.77",""
"14/04/2026 00:00 - 15/04/2026 00:00","CTA|DE(Amprion)","HERDECKE_H6","11WD7HERD2G-H6-X","Fossil Gas","11WD7HERD2G-H6-X","14/04/2026 21:00 - 14/04/2026 22:00","411.02",""
"14/04/2026 00:00 - 15/04/2026 00:00","CTA|DE(Amprion)","HERDECKE_H6","11WD7HERD2G-H6-X","Fossil Gas","11WD7HERD2G-H6-X","14/04/2026 22:00 - 14/04/2026 23:00","413.70",""
"14/04/2026 00:00 - 15/04/2026 00:00","CTA|DE(Amprion)","HERDECKE_H6","11WD7HERD2G-H6-X","Fossil Gas","11WD7HERD2G-H6-X","14/04/2026 23:00 - 15/04/2026 00:00","415.90",""
"14/04/2026 00:00 - 15/04/2026 00:00","CTA|DE(Amprion)","HERNE_4","11WD7HERN2S--4-X","Fossil Hard coal","11WD7HERN2S--4-X","14/04/2026 00:00 - 14/04/2026 00:15","0.53",""
"14/04/2026 00:00 - 15/04/2026 00:00","CTA|DE(Amprion)","HERNE_4","11WD7HERN2S--4-X","Fossil Hard coal","11WD7HERN2S--4-X","14/04/2026 00:15 - 14/04/2026 00:30","0.00",""
"14/04/2026 00:00 - 15/04/2026 00:00","CTA|DE(Amprion)","HERNE_4","11WD7HERN2S--4-X","Fossil Hard coal","11WD7HERN2S--4-X","14/04/2026 00:30 - 14/04/2026 00:45","0.00",""
"14/04/2026 00:00 - 15/04/2026 00:00","CTA|DE(Amprion)","HERNE_4","11WD7HERN2S--4-X","Fossil Hard coal","11WD7HERN2S--4-X","14/04/2026 00:45 - 14/04/2026 01:00","0.00",""
"14/04/2026 00:00 - 15/04/2026 00:00","CTA|DE(Amprion)","HERNE_4","11WD7HERN2S--4-X","Fossil Hard coal","11WD7HERN2S--4-X","14/04/2026 01:00 - 14/04/2026 01:15","0.21",""
"14/04/2026 00:00 - 15/04/2026 00:00","CTA|DE(Amprion)","HERNE_4","11WD7HERN2S--4-X","Fossil Hard coal","11WD7HERN2S--4-X","14/04/2026 01:15 - 14/04/2026 01:30","0.00",""
"14/04/2026 00:00 - 15/04/2026 00:00","CTA|DE(Amprion)","HERNE_4","11WD7HERN2S--4-X","Fossil Hard coal","11WD7HERN2S--4-X","14/04/2026 01:30 - 14/04/2026 01:45","0.00",""
"14/04/2026 00:00 - 15/04/2026 00:00","CTA|DE(Amprion)","HERNE_4","11WD7HERN2S--4-X","Fossil Hard coal","11WD7HERN2S--4-X","14/04/2026 01:45 - 14/04/2026 02:00","0.00",""
"14/04/2026 00:00 - 15/04/2026 00:00","CTA|DE(Amprion)","HERNE_4","11WD7HERN2S--4-X","Fossil Hard coal","11WD7HERN2S--4-X","14/04/2026 02:00 - 14/04/2026 02:15","0.00",""
"14/04/2026 00:00 - 15/04/2026 00:00","CTA|DE(Amprion)","HERNE_4","11WD7HERN2S--4-X","Fossil Hard coal","11WD7HERN2S--4-X","14/04/2026 02:15 - 14/04/2026 02:30","0.00",""
"14/04/2026 00:00 - 15/04/2026 00:00","CTA|DE(Amprion)","HERNE_4","11WD7HERN2S--4-X","Fossil Hard coal","11WD7HERN2S--4-X","14/04/2026 02:30 - 14/04/2026 02:45","0.00",""
"14/04/2026 00:00 - 15/04/2026 00:00","CTA|DE(Amprion)","HERNE_4","11WD7HERN2S--4-X","Fossil Hard coal","11WD7HERN2S--4-X","14/04/2026 02:45 - 14/04/2026 03:00","0.00",""
"14/04/2026 00:00 - 15/04/2026 00:00","CTA|DE(Amprion)","HERNE_4","11WD7HERN2S--4-X","Fossil Hard coal","11WD7HERN2S--4-X","14/04/2026 03:00 - 14/04/2026 03:15","0.00",""
"14/04/2026 00:00 - 15/04/2026 00:00","CTA|DE(Amprion)","HERNE_4","11WD7HERN2S--4-X","Fossil Hard coal","11WD7HERN2S--4-X","14/04/2026 03:15 - 14/04/2026 03:30","0.00",""
"14/04/2026 00:00 - 15/04/2026 00:00","CTA|DE(Amprion)","HERNE_4","11WD7HERN2S--4-X","Fossil Hard coal","11WD7HERN2S--4-X","14/04/2026 03:30 - 14/04/2026 03:45","0.00",""
"14/04/2026 00:00 - 15/04/2026 00:00","CTA|DE(Amprion)","HERNE_4","11WD7HERN2S--4-X","Fossil Hard coal","11WD7HERN2S--4-X","14/04/2026 03:45 - 14/04/2026 04:00","0.00",""
"14/04/2026 00:00 - 15/04/2026 00:00","CTA|DE(Amprion)","HERNE_4","11WD7HERN2S--4-X","Fossil Hard coal","11WD7HERN2S--4-X","14/04/2026 04:00 - 14/04/2026 04:15","0.00",""
"14/04/2026 00:00 - 15/04/2026 00:00","CTA|DE(Amprion)","HERNE_4","11WD7HERN2S--4-X","Fossil Hard coal","11WD7HERN2S--4-X","14/04/2026 04:15 - 14/04/2026 04:30","0.00",""
"14/04/2026 00:00 - 15/04/2026 00:00","CTA|DE(Amprion)","HERNE_4","11WD7HERN2S--4-X","Fossil Hard coal","11WD7HERN2S--4-X","14/04/2026 04:30 - 14/04/2026 04:45","0.00",""
"14/04/2026 00:00 - 15/04/2026 00:00","CTA|DE(Amprion)","HERNE_4","11WD7HERN2S--4-X","Fossil Hard coal","11WD7HERN2S--4-X","14/04/2026 04:45 - 14/04/2026 05:00","0.00",""
"14/04/2026 00:00 - 15/04/2026 00:00","CTA|DE(Amprion)","HERNE_4","11WD7HERN2S--4-X","Fossil Hard coal","11WD7HERN2S--4-X","14/04/2026 05:00 - 14/04/2026 05:15","0.00",""
"14/04/2026 00:00 - 15/04/2026 00:00","CTA|DE(Amprion)","HERNE_4","11WD7HERN2S--4-X","Fossil Hard coal","11WD7HERN2S--4-X","14/04/2026 05:15 - 14/04/2026 05:30","0.00",""
"14/04/2026 00:00 - 15/04/2026 00:00","CTA|DE(Amprion)","HERNE_4","11WD7HERN2S--4-X","Fossil Hard coal","11WD7HERN2S--4-X","14/04/2026 05:30 - 14/04/2026 05:45","0.00",""
"14/04/2026 00:00 - 15/04/2026 00:00","CTA|DE(Amprion)","HERNE_4","11WD7HERN2S--4-X","Fossil Hard coal","11WD7HERN2S--4-X","14/04/2026 05:45 - 14/04/2026 06:00","0.00",""
"14/04/2026 00:00 - 15/04/2026 00:00","CTA|DE(Amprion)","HERNE_4","11WD7HERN2S--4-X","Fossil Hard coal","11WD7HERN2S--4-X","14/04/2026 06:00 - 14/04/2026 06:15","0.11",""
"14/04/2026 00:00 - 15/04/2026 00:00","CTA|DE(Amprion)","HERNE_4","11WD7HERN2S--4-X","Fossil Hard coal","11WD7HERN2S--4-X","14/04/2026 06:15 - 14/04/2026 06:30","0.00",""
"14/04/2026 00:00 - 15/04/2026 00:00","CTA|DE(Amprion)","HERNE_4","11WD7HERN2S--4-X","Fossil Hard coal","11WD7HERN2S--4-X","14/04/2026 06:30 - 14/04/2026 06:45","0.00",""
"14/04/2026 00:00 - 15/04/2026 00:00","CTA|DE(Amprion)","HERNE_4","11WD7HERN2S--4-X","Fossil Hard coal","11WD7HERN2S--4-X","14/04/2026 06:45 - 14/04/2026 07:00","0.00",""
"14/04/2026 00:00 - 15/04/2026 00:00","CTA|DE(Amprion)","HERNE_4","11WD7HERN2S--4-X","Fossil Hard coal","11WD7HERN2S--4-X","14/04/2026 07:00 - 14/04/2026 07:15","0.00",""
"14/04/2026 00:00 - 15/04/2026 00:00","CTA|DE(Amprion)","HERNE_4","11WD7HERN2S--4-X","Fossil Hard coal","11WD7HERN2S--4-X","14/04/2026 07:15 - 14/04/2026 07:30","0.00",""
"14/04/2026 00:00 - 15/04/2026 00:00","CTA|DE(Amprion)","HERNE_4","11WD7HERN2S--4-X","Fossil Hard coal","11WD7HERN2S--4-X","14/04/2026 07:30 - 14/04/2026 07:45","0.00",""
"14/04/2026 00:00 - 15/04/2026 00:00","CTA|DE(Amprion)","HERNE_4","11WD7HERN2S--4-X","Fossil Hard coal","11WD7HERN2S--4-X","14/04/2026 07:45 - 14/04/2026 08:00","0.00",""
"14/04/2026 00:00 - 15/04/2026 00:00","CTA|DE(Amprion)","HERNE_4","11WD7HERN2S--4-X","Fossil Hard coal","11WD7HERN2S--4-X","14/04/2026 08:00 - 14/04/2026 08:15","0.00",""
"14/04/2026 00:00 - 15/04/2026 00:00","CTA|DE(Amprion)","HERNE_4","11WD7HERN2S--4-X","Fossil Hard coal","11WD7HERN2S--4-X","14/04/2026 08:15 - 14/04/2026 08:30","0.00",""
"14/04/2026 00:00 - 15/04/2026 00:00","CTA|DE(Amprion)","HERNE_4","11WD7HERN2S--4-X","Fossil Hard coal","11WD7HERN2S--4-X","14/04/2026 08:30 - 14/04/2026 08:45","0.32",""
"14/04/2026 00:00 - 15/04/2026 00:00","CTA|DE(Amprion)","HERNE_4","11WD7HERN2S--4-X","Fossil Hard coal","11WD7HERN2S--4-X","14/04/2026 08:45 - 14/04/2026 09:00","0.00",""
"14/04/2026 00:00 - 15/04/2026 00:00","CTA|DE(Amprion)","HERNE_4","11WD7HERN2S--4-X","Fossil Hard coal","11WD7HERN2S--4-X","14/04/2026 09:00 - 14/04/2026 09:15","0.42",""
"14/04/2026 00:00 - 15/04/2026 00:00","CTA|DE(Amprion)","HERNE_4","11WD7HERN2S--4-X","Fossil Hard coal","11WD7HERN2S--4-X","14/04/2026 09:15 - 14/04/2026 09:30","0.32",""
"14/04/2026 00:00 - 15/04/2026 00:00","CTA|DE(Amprion)","HERNE_4","11WD7HERN2S--4-X","Fossil Hard coal","11WD7HERN2S--4-X","14/04/2026 09:30 - 14/04/2026 09:45","0.32",""
"14/04/2026 00:00 - 15/04/2026 00:00","CTA|DE(Amprion)","HERNE_4","11WD7HERN2S--4-X","Fossil Hard coal","11WD7HERN2S--4-X","14/04/2026 09:45 - 14/04/2026 10:00","0.00",""
"14/04/2026 00:00 - 15/04/2026 00:00","CTA|DE(Amprion)","HERNE_4","11WD7HERN2S--4-X","Fossil Hard coal","11WD7HERN2S--4-X","14/04/2026 10:00 - 14/04/2026 10:15","0.53",""
"14/04/2026 00:00 - 15/04/2026 00:00","CTA|DE(Amprion)","HERNE_4","11WD7HERN2S--4-X","Fossil Hard coal","11WD7HERN2S--4-X","14/04/2026 10:15 - 14/04/2026 10:30","0.00",""
"14/04/2026 00:00 - 15/04/2026 00:00","CTA|DE(Amprion)","HERNE_4","11WD7HERN2S--4-X","Fossil Hard coal","11WD7HERN2S--4-X","14/04/2026 10:30 - 14/04/2026 10:45","0.00",""
"14/04/2026 00:00 - 15/04/2026 00:00","CTA|DE(Amprion)","HERNE_4","11WD7HERN2S--4-X","Fossil Hard coal","11WD7HERN2S--4-X","14/04/2026 10:45 - 14/04/2026 11:00","0.00",""
"14/04/2026 00:00 - 15/04/2026 00:00","CTA|DE(Amprion)","HERNE_4","11WD7HERN2S--4-X","Fossil Hard coal","11WD7HERN2S--4-X","14/04/2026 11:00 - 14/04/2026 11:15","0.00",""
"14/04/2026 00:00 - 15/04/2026 00:00","CTA|DE(Amprion)","HERNE_4","11WD7HERN2S--4-X","Fossil Hard coal","11WD7HERN2S--4-X","14/04/2026 11:15 - 14/04/2026 11:30","0.00",""
"14/04/2026 00:00 - 15/04/2026 00:00","CTA|DE(Amprion)","HERNE_4","11WD7HERN2S--4-X","Fossil Hard coal","11WD7HERN2S--4-X","14/04/2026 11:30 - 14/04/2026 11:45","0.00",""
"14/04/2026 00:00 - 15/04/2026 00:00","CTA|DE(Amprion)","HERNE_4","11WD7HERN2S--4-X","Fossil Hard coal","11WD7HERN2S--4-X","14/04/2026 11:45 - 14/04/2026 12:00","0.11",""
"14/04/2026 00:00 - 15/04/2026 00:00","CTA|DE(Amprion)","HERNE_4","11WD7HERN2S--4-X","Fossil Hard coal","11WD7HERN2S--4-X","14/04/2026 12:00 - 14/04/2026 12:15","0.00",""
"14/04/2026 00:00 - 15/04/2026 00:00","CTA|DE(Amprion)","HERNE_4","11WD7HERN2S--4-X","Fossil Hard coal","11WD7HERN2S--4-X","14/04/2026 12:15 - 14/04/2026 12:30","0.00",""
"14/04/2026 00:00 - 15/04/2026 00:00","CTA|DE(Amprion)","HERNE_4","11WD7HERN2S--4-X","Fossil Hard coal","11WD7HERN2S--4-X","14/04/2026 12:30 - 14/04/2026 12:45","0.00",""
"14/04/2026 00:00 - 15/04/2026 00:00","CTA|DE(Amprion)","HERNE_4","11WD7HERN2S--4-X","Fossil Hard coal","11WD7HERN2S--4-X","14/04/2026 12:45 - 14/04/2026 13:00","0.00",""
"14/04/2026 00:00 - 15/04/2026 00:00","CTA|DE(Amprion)","HERNE_4","11WD7HERN2S--4-X","Fossil Hard coal","11WD7HERN2S--4-X","14/04/2026 13:00 - 14/04/2026 13:15","0.00",""
"14/04/2026 00:00 - 15/04/2026 00:00","CTA|DE(Amprion)","HERNE_4","11WD7HERN2S--4-X","Fossil Hard coal","11WD7HERN2S--4-X","14/04/2026 13:15 - 14/04/2026 13:30","0.00",""
"14/04/2026 00:00 - 15/04/2026 00:00","CTA|DE(Amprion)","HERNE_4","11WD7HERN2S--4-X","Fossil Hard coal","11WD7HERN2S--4-X","14/04/2026 13:30 - 14/04/2026 13:45","0.00",""
"14/04/2026 00:00 - 15/04/2026 00:00","CTA|DE(Amprion)","HERNE_4","11WD7HERN2S--4-X","Fossil Hard coal","11WD7HERN2S--4-X","14/04/2026 13:45 - 14/04/2026 14:00","0.00",""
"14/04/2026 00:00 - 15/04/2026 00:00","CTA|DE(Amprion)","HERNE_4","11WD7HERN2S--4-X","Fossil Hard coal","11WD7HERN2S--4-X","14/04/2026 14:00 - 14/04/2026 14:15","0.00",""
"14/04/2026 00:00 - 15/04/2026 00:00","CTA|DE(Amprion)","HERNE_4","11WD7HERN2S--4-X","Fossil Hard coal","11WD7HERN2S--4-X","14/04/2026 14:15 - 14/04/2026 14:30","0.00",""
"14/04/2026 00:00 - 15/04/2026 00:00","CTA|DE(Amprion)","HERNE_4","11WD7HERN2S--4-X","Fossil Hard coal","11WD7HERN2S--4-X","14/04/2026 14:30 - 14/04/2026 14:45","0.00",""
"14/04/2026 00:00 - 15/04/2026 00:00","CTA|DE(Amprion)","HERNE_4","11WD7HERN2S--4-X","Fossil Hard coal","11WD7HERN2S--4-X","14/04/2026 14:45 - 14/04/2026 15:00","0.00",""
"14/04/2026 00:00 - 15/04/2026 00:00","CTA|DE(Amprion)","HERNE_4","11WD7HERN2S--4-X","Fossil Hard coal","11WD7HERN2S--4-X","14/04/2026 15:00 - 14/04/2026 15:15","0.00",""
"14/04/2026 00:00 - 15/04/2026 00:00","CTA|DE(Amprion)","HERNE_4","11WD7HERN2S--4-X","Fossil Hard coal","11WD7HERN2S--4-X","14/04/2026 15:15 - 14/04/2026 15:30","0.00",""
"14/04/2026 00:00 - 15/04/2026 00:00","CTA|DE(Amprion)","HERNE_4","11WD7HERN2S--4-X","Fossil Hard coal","11WD7HERN2S--4-X","14/04/2026 15:30 - 14/04/2026 15:45","0.00",""
"14/04/2026 00:00 - 15/04/2026 00:00","CTA|DE(Amprion)","HERNE_4","11WD7HERN2S--4-X","Fossil Hard coal","11WD7HERN2S--4-X","14/04/2026 15:45 - 14/04/2026 16:00","0.00",""
"14/04/2026 00:00 - 15/04/2026 00:00","CTA|DE(Amprion)","HERNE_4","11WD7HERN2S--4-X","Fossil Hard coal","11WD7HERN2S--4-X","14/04/2026 16:00 - 14/04/2026 16:15","0.00",""
"14/04/2026 00:00 - 15/04/2026 00:00","CTA|DE(Amprion)","HERNE_4","11WD7HERN2S--4-X","Fossil Hard coal","11WD7HERN2S--4-X","14/04/2026 16:15 - 14/04/2026 16:30","0.11",""
"14/04/2026 00:00 - 15/04/2026 00:00","CTA|DE(Amprion)","HERNE_4","11WD7HERN2S--4-X","Fossil Hard coal","11WD7HERN2S--4-X","14/04/2026 16:30 - 14/04/2026 16:45","0.32",""
"14/04/2026 00:00 - 15/04/2026 00:00","CTA|DE(Amprion)","HERNE_4","11WD7HERN2S--4-X","Fossil Hard coal","11WD7HERN2S--4-X","14/04/2026 16:45 - 14/04/2026 17:00","0.11",""
"14/04/2026 00:00 - 15/04/2026 00:00","CTA|DE(Amprion)","HERNE_4","11WD7HERN2S--4-X","Fossil Hard coal","11WD7HERN2S--4-X","14/04/2026 17:00 - 14/04/2026 17:15","0.00",""
"14/04/2026 00:00 - 15/04/2026 00:00","CTA|DE(Amprion)","HERNE_4","11WD7HERN2S--4-X","Fossil Hard coal","11WD7HERN2S--4-X","14/04/2026 17:15 - 14/04/2026 17:30","0.11",""
"14/04/2026 00:00 - 15/04/2026 00:00","CTA|DE(Amprion)","HERNE_4","11WD7HERN2S--4-X","Fossil Hard coal","11WD7HERN2S--4-X","14/04/2026 17:30 - 14/04/2026 17:45","0.00",""
"14/04/2026 00:00 - 15/04/2026 00:00","CTA|DE(Amprion)","HERNE_4","11WD7HERN2S--4-X","Fossil Hard coal","11WD7HERN2S--4-X","14/04/2026 17:45 - 14/04/2026 18:00","0.00",""
"14/04/2026 00:00 - 15/04/2026 00:00","CTA|DE(Amprion)","HERNE_4","11WD7HERN2S--4-X","Fossil Hard coal","11WD7HERN2S--4-X","14/04/2026 18:00 - 14/04/2026 18:15","0.00",""
"14/04/2026 00:00 - 15/04/2026 00:00","CTA|DE(Amprion)","HERNE_4","11WD7HERN2S--4-X","Fossil Hard coal","11WD7HERN2S--4-X","14/04/2026 18:15 - 14/04/2026 18:30","0.11",""
"14/04/2026 00:00 - 15/04/2026 00:00","CTA|DE(Amprion)","HERNE_4","11WD7HERN2S--4-X","Fossil Hard coal","11WD7HERN2S--4-X","14/04/2026 18:30 - 14/04/2026 18:45","0.00",""
"14/04/2026 00:00 - 15/04/2026 00:00","CTA|DE(Amprion)","HERNE_4","11WD7HERN2S--4-X","Fossil Hard coal","11WD7HERN2S--4-X","14/04/2026 18:45 - 14/04/2026 19:00","0.00",""
"14/04/2026 00:00 - 15/04/2026 00:00","CTA|DE(Amprion)","HERNE_4","11WD7HERN2S--4-X","Fossil Hard coal","11WD7HERN2S--4-X","14/04/2026 19:00 - 14/04/2026 19:15","0.00",""
"14/04/2026 00:00 - 15/04/2026 00:00","CTA|DE(Amprion)","HERNE_4","11WD7HERN2S--4-X","Fossil Hard coal","11WD7HERN2S--4-X","14/04/2026 19:15 - 14/04/2026 19:30","0.00",""
"14/04/2026 00:00 - 15/04/2026 00:00","CTA|DE(Amprion)","HERNE_4","11WD7HERN2S--4-X","Fossil Hard coal","11WD7HERN2S--4-X","14/04/2026 19:30 - 14/04/2026 19:45","0.11",""
"14/04/2026 00:00 - 15/04/2026 00:00","CTA|DE(Amprion)","HERNE_4","11WD7HERN2S--4-X","Fossil Hard coal","11WD7HERN2S--4-X","14/04/2026 19:45 - 14/04/2026 20:00","0.00",""
"14/04/2026 00:00 - 15/04/2026 00:00","CTA|DE(Amprion)","HERNE_4","11WD7HERN2S--4-X","Fossil Hard coal","11WD7HERN2S--4-X","14/04/2026 20:00 - 14/04/2026 20:15","0.00",""
"14/04/2026 00:00 - 15/04/2026 00:00","CTA|DE(Amprion)","HERNE_4","11WD7HERN2S--4-X","Fossil Hard coal","11WD7HERN2S--4-X","14/04/2026 20:15 - 14/04/2026 20:30","0.00",""
"14/04/2026 00:00 - 15/04/2026 00:00","CTA|DE(Amprion)","HERNE_4","11WD7HERN2S--4-X","Fossil Hard coal","11WD7HERN2S--4-X","14/04/2026 20:30 - 14/04/2026 20:45","0.00",""
"14/04/2026 00:00 - 15/04/2026 00:00","CTA|DE(Amprion)","HERNE_4","11WD7HERN2S--4-X","Fossil Hard coal","11WD7HERN2S--4-X","14/04/2026 20:45 - 14/04/2026 21:00","0.00",""
"14/04/2026 00:00 - 15/04/2026 00:00","CTA|DE(Amprion)","HERNE_4","11WD7HERN2S--4-X","Fossil Hard coal","11WD7HERN2S--4-X","14/04/2026 21:00 - 14/04/2026 21:15","0.00",""
"14/04/2026 00:00 - 15/04/2026 00:00","CTA|DE(Amprion)","HERNE_4","11WD7HERN2S--4-X","Fossil Hard coal","11WD7HERN2S--4-X","14/04/2026 21:15 - 14/04/2026 21:30","0.00",""
"14/04/2026 00:00 - 15/04/2026 00:00","CTA|DE(Amprion)","HERNE_4","11WD7HERN2S--4-X","Fossil Hard coal","11WD7HERN2S--4-X","14/04/2026 21:30 - 14/04/2026 21:45","0.00",""
"14/04/2026 00:00 - 15/04/2026 00:00","CTA|DE(Amprion)","HERNE_4","11WD7HERN2S--4-X","Fossil Hard coal","11WD7HERN2S--4-X","14/04/2026 21:45 - 14/04/2026 22:00","0.11",""
"14/04/2026 00:00 - 15/04/2026 00:00","CTA|DE(Amprion)","HERNE_4","11WD7HERN2S--4-X","Fossil Hard coal","11WD7HERN2S--4-X","14/04/2026 22:00 - 14/04/2026 22:15","0.00",""
"14/04/2026 00:00 - 15/04/2026 00:00","CTA|DE(Amprion)","HERNE_4","11WD7HERN2S--4-X","Fossil Hard coal","11WD7HERN2S--4-X","14/04/2026 22:15 - 14/04/2026 22:30","0.00",""
"14/04/2026 00:00 - 15/04/2026 00:00","CTA|DE(Amprion)","HERNE_4","11WD7HERN2S--4-X","Fossil Hard coal","11WD7HERN2S--4-X","14/04/2026 22:30 - 14/04/2026 22:45","0.11",""
"14/04/2026 00:00 - 15/04/2026 00:00","CTA|DE(Amprion)","HERNE_4","11WD7HERN2S--4-X","Fossil Hard coal","11WD7HERN2S--4-X","14/04/2026 22:45 - 14/04/2026 23:00","0.00",""
"14/04/2026 00:00 - 15/04/2026 00:00","CTA|DE(Amprion)","HERNE_4","11WD7HERN2S--4-X","Fossil Hard coal","11WD7HERN2S--4-X","14/04/2026 23:00 - 14/04/2026 23:15","0.74",""
"14/04/2026 00:00 - 15/04/2026 00:00","CTA|DE(Amprion)","HERNE_4","11WD7HERN2S--4-X","Fossil Hard coal","11WD7HERN2S--4-X","14/04/2026 23:15 - 14/04/2026 23:30","0.00",""
"14/04/2026 00:00 - 15/04/2026 00:00","CTA|DE(Amprion)","HERNE_4","11WD7HERN2S--4-X","Fossil Hard coal","11WD7HERN2S--4-X","14/04/2026 23:30 - 14/04/2026 23:45","0.00",""
"14/04/2026 00:00 - 15/04/2026 00:00","CTA|DE(Amprion)","HERNE_4","11WD7HERN2S--4-X","Fossil Hard coal","11WD7HERN2S--4-X","14/04/2026 23:45 - 15/04/2026 00:00","0.00",""
"14/04/2026 00:00 - 15/04/2026 00:00","CTA|DE(Amprion)","Huckingen A","11WD7HUCK2G--A-C","Fossil Coal-derived gas","11WD7HUCK2G--A-C","14/04/2026 00:00 - 14/04/2026 01:00","0.00",""
"14/04/2026 00:00 - 15/04/2026 00:00","CTA|DE(Amprion)","Huckingen A","11WD7HUCK2G--A-C","Fossil Coal-derived gas","11WD7HUCK2G--A-C","14/04/2026 01:00 - 14/04/2026 02:00","0.00",""
"14/04/2026 00:00 - 15/04/2026 00:00","CTA|DE(Amprion)","Huckingen A","11WD7HUCK2G--A-C","Fossil Coal-derived gas","11WD7HUCK2G--A-C","14/04/2026 02:00 - 14/04/2026 03:00","0.00",""
"14/04/2026 00:00 - 15/04/2026 00:00","CTA|DE(Amprion)","Huckingen A","11WD7HUCK2G--A-C","Fossil Coal-derived gas","11WD7HUCK2G--A-C","14/04/2026 03:00 - 14/04/2026 04:00","0.00",""
"14/04/2026 00:00 - 15/04/2026 00:00","CTA|DE(Amprion)","Huckingen A","11WD7HUCK2G--A-C","Fossil Coal-derived gas","11WD7HUCK2G--A-C","14/04/2026 04:00 - 14/04/2026 05:00","0.00",""
"14/04/2026 00:00 - 15/04/2026 00:00","CTA|DE(Amprion)","Huckingen A","11WD7HUCK2G--A-C","Fossil Coal-derived gas","11WD7HUCK2G--A-C","14/04/2026 05:00 - 14/04/2026 06:00","0.00",""
"14/04/2026 00:00 - 15/04/2026 00:00","CTA|DE(Amprion)","Huckingen A","11WD7HUCK2G--A-C","Fossil Coal-derived gas","11WD7HUCK2G--A-C","14/04/2026 06:00 - 14/04/2026 07:00","0.00",""
"14/04/2026 00:00 - 15/04/2026 00:00","CTA|DE(Amprion)","Huckingen A","11WD7HUCK2G--A-C","Fossil Coal-derived gas","11WD7HUCK2G--A-C","14/04/2026 07:00 - 14/04/2026 08:00","0.00",""
"14/04/2026 00:00 - 15/04/2026 00:00","CTA|DE(Amprion)","Huckingen A","11WD7HUCK2G--A-C","Fossil Coal-derived gas","11WD7HUCK2G--A-C","14/04/2026 08:00 - 14/04/2026 09:00","0.00",""
"14/04/2026 00:00 - 15/04/2026 00:00","CTA|DE(Amprion)","Huckingen A","11WD7HUCK2G--A-C","Fossil Coal-derived gas","11WD7HUCK2G--A-C","14/04/2026 09:00 - 14/04/2026 10:00","0.00",""
"14/04/2026 00:00 - 15/04/2026 00:00","CTA|DE(Amprion)","Huckingen A","11WD7HUCK2G--A-C","Fossil Coal-derived gas","11WD7HUCK2G--A-C","14/04/2026 10:00 - 14/04/2026 11:00","0.00",""
"14/04/2026 00:00 - 15/04/2026 00:00","CTA|DE(Amprion)","Huckingen A","11WD7HUCK2G--A-C","Fossil Coal-derived gas","11WD7HUCK2G--A-C","14/04/2026 11:00 - 14/04/2026 12:00","0.00",""
"14/04/2026 00:00 - 15/04/2026 00:00","CTA|DE(Amprion)","Huckingen A","11WD7HUCK2G--A-C","Fossil Coal-derived gas","11WD7HUCK2G--A-C","14/04/2026 12:00 - 14/04/2026 13:00","0.00",""
"14/04/2026 00:00 - 15/04/2026 00:00","CTA|DE(Amprion)","Huckingen A","11WD7HUCK2G--A-C","Fossil Coal-derived gas","11WD7HUCK2G--A-C","14/04/2026 13:00 - 14/04/2026 14:00","0.00",""
"14/04/2026 00:00 - 15/04/2026 00:00","CTA|DE(Amprion)","Huckingen A","11WD7HUCK2G--A-C","Fossil Coal-derived gas","11WD7HUCK2G--A-C","14/04/2026 14:00 - 14/04/2026 15:00","0.00",""
"14/04/2026 00:00 - 15/04/2026 00:00","CTA|DE(Amprion)","Huckingen A","11WD7HUCK2G--A-C","Fossil Coal-derived gas","11WD7HUCK2G--A-C","14/04/2026 15:00 - 14/04/2026 16:00","0.00",""
"14/04/2026 00:00 - 15/04/2026 00:00","CTA|DE(Amprion)","Huckingen A","11WD7HUCK2G--A-C","Fossil Coal-derived gas","11WD7HUCK2G--A-C","14/04/2026 16:00 - 14/04/2026 17:00","0.00",""
"14/04/2026 00:00 - 15/04/2026 00:00","CTA|DE(Amprion)","Huckingen A","11WD7HUCK2G--A-C","Fossil Coal-derived gas","11WD7HUCK2G--A-C","14/04/2026 17:00 - 14/04/2026 18:00","0.00",""
"14/04/2026 00:00 - 15/04/2026 00:00","CTA|DE(Amprion)","Huckingen A","11WD7HUCK2G--A-C","Fossil Coal-derived gas","11WD7HUCK2G--A-C","14/04/2026 18:00 - 14/04/2026 19:00","0.00",""
"14/04/2026 00:00 - 15/04/2026 00:00","CTA|DE(Amprion)","Huckingen A","11WD7HUCK2G--A-C","Fossil Coal-derived gas","11WD7HUCK2G--A-C","14/04/2026 19:00 - 14/04/2026 20:00","0.00",""
"14/04/2026 00:00 - 15/04/2026 00:00","CTA|DE(Amprion)","Huckingen A","11WD7HUCK2G--A-C","Fossil Coal-derived gas","11WD7HUCK2G--A-C","14/04/2026 20:00 - 14/04/2026 21:00","0.00",""
"14/04/2026 00:00 - 15/04/2026 00:00","CTA|DE(Amprion)","Huckingen A","11WD7HUCK2G--A-C","Fossil Coal-derived gas","11WD7HUCK2G--A-C","14/04/2026 21:00 - 14/04/2026 22:00","0.00",""
"14/04/2026 00:00 - 15/04/2026 00:00","CTA|DE(Amprion)","Huckingen A","11WD7HUCK2G--A-C","Fossil Coal-derived gas","11WD7HUCK2G--A-C","14/04/2026 22:00 - 14/04/2026 23:00","0.00",""
"14/04/2026 00:00 - 15/04/2026 00:00","CTA|DE(Amprion)","Huckingen A","11WD7HUCK2G--A-C","Fossil Coal-derived gas","11WD7HUCK2G--A-C","14/04/2026 23:00 - 15/04/2026 00:00","0.00",""
"14/04/2026 00:00 - 15/04/2026 00:00","CTA|DE(Amprion)","Huckingen B","11WD7HUCK2G--B-9","Fossil Coal-derived gas","11WD7HUCK2G--B-9","14/04/2026 00:00 - 14/04/2026 01:00","109.83",""
"14/04/2026 00:00 - 15/04/2026 00:00","CTA|DE(Amprion)","Huckingen B","11WD7HUCK2G--B-9","Fossil Coal-derived gas","11WD7HUCK2G--B-9","14/04/2026 01:00 - 14/04/2026 02:00","110.15",""
"14/04/2026 00:00 - 15/04/2026 00:00","CTA|DE(Amprion)","Huckingen B","11WD7HUCK2G--B-9","Fossil Coal-derived gas","11WD7HUCK2G--B-9","14/04/2026 02:00 - 14/04/2026 03:00","112.92",""
"14/04/2026 00:00 - 15/04/2026 00:00","CTA|DE(Amprion)","Huckingen B","11WD7HUCK2G--B-9","Fossil Coal-derived gas","11WD7HUCK2G--B-9","14/04/2026 03:00 - 14/04/2026 04:00","106.63",""
"14/04/2026 00:00 - 15/04/2026 00:00","CTA|DE(Amprion)","Huckingen B","11WD7HUCK2G--B-9","Fossil Coal-derived gas","11WD7HUCK2G--B-9","14/04/2026 04:00 - 14/04/2026 05:00","103.17",""
"14/04/2026 00:00 - 15/04/2026 00:00","CTA|DE(Amprion)","Huckingen B","11WD7HUCK2G--B-9","Fossil Coal-derived gas","11WD7HUCK2G--B-9","14/04/2026 05:00 - 14/04/2026 06:00","92.03",""
"14/04/2026 00:00 - 15/04/2026 00:00","CTA|DE(Amprion)","Huckingen B","11WD7HUCK2G--B-9","Fossil Coal-derived gas","11WD7HUCK2G--B-9","14/04/2026 06:00 - 14/04/2026 07:00","99.17",""
"14/04/2026 00:00 - 15/04/2026 00:00","CTA|DE(Amprion)","Huckingen B","11WD7HUCK2G--B-9","Fossil Coal-derived gas","11WD7HUCK2G--B-9","14/04/2026 07:00 - 14/04/2026 08:00","94.40",""
"14/04/2026 00:00 - 15/04/2026 00:00","CTA|DE(Amprion)","Huckingen B","11WD7HUCK2G--B-9","Fossil Coal-derived gas","11WD7HUCK2G--B-9","14/04/2026 08:00 - 14/04/2026 09:00","99.72",""
"14/04/2026 00:00 - 15/04/2026 00:00","CTA|DE(Amprion)","Huckingen B","11WD7HUCK2G--B-9","Fossil Coal-derived gas","11WD7HUCK2G--B-9","14/04/2026 09:00 - 14/04/2026 10:00","98.30",""
"14/04/2026 00:00 - 15/04/2026 00:00","CTA|DE(Amprion)","Huckingen B","11WD7HUCK2G--B-9","Fossil Coal-derived gas","11WD7HUCK2G--B-9","14/04/2026 10:00 - 14/04/2026 11:00","95.03",""
"14/04/2026 00:00 - 15/04/2026 00:00","CTA|DE(Amprion)","Huckingen B","11WD7HUCK2G--B-9","Fossil Coal-derived gas","11WD7HUCK2G--B-9","14/04/2026 11:00 - 14/04/2026 12:00","99.42",""
"14/04/2026 00:00 - 15/04/2026 00:00","CTA|DE(Amprion)","Huckingen B","11WD7HUCK2G--B-9","Fossil Coal-derived gas","11WD7HUCK2G--B-9","14/04/2026 12:00 - 14/04/2026 13:00","96.50",""
"14/04/2026 00:00 - 15/04/2026 00:00","CTA|DE(Amprion)","Huckingen B","11WD7HUCK2G--B-9","Fossil Coal-derived gas","11WD7HUCK2G--B-9","14/04/2026 13:00 - 14/04/2026 14:00","104.83",""
"14/04/2026 00:00 - 15/04/2026 00:00","CTA|DE(Amprion)","Huckingen B","11WD7HUCK2G--B-9","Fossil Coal-derived gas","11WD7HUCK2G--B-9","14/04/2026 14:00 - 14/04/2026 15:00","109.30",""
"14/04/2026 00:00 - 15/04/2026 00:00","CTA|DE(Amprion)","Huckingen B","11WD7HUCK2G--B-9","Fossil Coal-derived gas","11WD7HUCK2G--B-9","14/04/2026 15:00 - 14/04/2026 16:00","110.35",""
"14/04/2026 00:00 - 15/04/2026 00:00","CTA|DE(Amprion)","Huckingen B","11WD7HUCK2G--B-9","Fossil Coal-derived gas","11WD7HUCK2G--B-9","14/04/2026 16:00 - 14/04/2026 17:00","107.08",""
"14/04/2026 00:00 - 15/04/2026 00:00","CTA|DE(Amprion)","Huckingen B","11WD7HUCK2G--B-9","Fossil Coal-derived gas","11WD7HUCK2G--B-9","14/04/2026 17:00 - 14/04/2026 18:00","107.83",""
"14/04/2026 00:00 - 15/04/2026 00:00","CTA|DE(Amprion)","Huckingen B","11WD7HUCK2G--B-9","Fossil Coal-derived gas","11WD7HUCK2G--B-9","14/04/2026 18:00 - 14/04/2026 19:00","109.05",""
"14/04/2026 00:00 - 15/04/2026 00:00","CTA|DE(Amprion)","Huckingen B","11WD7HUCK2G--B-9","Fossil Coal-derived gas","11WD7HUCK2G--B-9","14/04/2026 19:00 - 14/04/2026 20:00","105.10",""
"14/04/2026 00:00 - 15/04/2026 00:00","CTA|DE(Amprion)","Huckingen B","11WD7HUCK2G--B-9","Fossil Coal-derived gas","11WD7HUCK2G--B-9","14/04/2026 20:00 - 14/04/2026 21:00","110.97",""
"14/04/2026 00:00 - 15/04/2026 00:00","CTA|DE(Amprion)","Huckingen B","11WD7HUCK2G--B-9","Fossil Coal-derived gas","11WD7HUCK2G--B-9","14/04/2026 21:00 - 14/04/2026 22:00","104.30",""
"14/04/2026 00:00 - 15/04/2026 00:00","CTA|DE(Amprion)","Huckingen B","11WD7HUCK2G--B-9","Fossil Coal-derived gas","11WD7HUCK2G--B-9","14/04/2026 22:00 - 14/04/2026 23:00","105.38",""
"14/04/2026 00:00 - 15/04/2026 00:00","CTA|DE(Amprion)","Huckingen B","11WD7HUCK2G--B-9","Fossil Coal-derived gas","11WD7HUCK2G--B-9","14/04/2026 23:00 - 15/04/2026 00:00","106.13",""
"14/04/2026 00:00 - 15/04/2026 00:00","CTA|DE(Amprion)","Koepchenwerk","11WD7KOEP2P--5-G","Hydro Pumped Storage","11WD7KOEP2P--5-G","14/04/2026 00:00 - 14/04/2026 01:00","0.00",""
"14/04/2026 00:00 - 15/04/2026 00:00","CTA|DE(Amprion)","Koepchenwerk","11WD7KOEP2P--5-G","Hydro Pumped Storage","11WD7KOEP2P--5-G","14/04/2026 01:00 - 14/04/2026 02:00","0.00",""
"14/04/2026 00:00 - 15/04/2026 00:00","CTA|DE(Amprion)","Koepchenwerk","11WD7KOEP2P--5-G","Hydro Pumped Storage","11WD7KOEP2P--5-G","14/04/2026 02:00 - 14/04/2026 03:00","0.00",""
"14/04/2026 00:00 - 15/04/2026 00:00","CTA|DE(Amprion)","Koepchenwerk","11WD7KOEP2P--5-G","Hydro Pumped Storage","11WD7KOEP2P--5-G","14/04/2026 03:00 - 14/04/2026 04:00","0.00",""
"14/04/2026 00:00 - 15/04/2026 00:00","CTA|DE(Amprion)","Koepchenwerk","11WD7KOEP2P--5-G","Hydro Pumped Storage","11WD7KOEP2P--5-G","14/04/2026 04:00 - 14/04/2026 05:00","0.00",""
"14/04/2026 00:00 - 15/04/2026 00:00","CTA|DE(Amprion)","Koepchenwerk","11WD7KOEP2P--5-G","Hydro Pumped Storage","11WD7KOEP2P--5-G","14/04/2026 05:00 - 14/04/2026 06:00","0.00",""
"14/04/2026 00:00 - 15/04/2026 00:00","CTA|DE(Amprion)","Koepchenwerk","11WD7KOEP2P--5-G","Hydro Pumped Storage","11WD7KOEP2P--5-G","14/04/2026 06:00 - 14/04/2026 07:00","18.90",""
"14/04/2026 00:00 - 15/04/2026 00:00","CTA|DE(Amprion)","Koepchenwerk","11WD7KOEP2P--5-G","Hydro Pumped Storage","11WD7KOEP2P--5-G","14/04/2026 07:00 - 14/04/2026 08:00","137.55",""
"14/04/2026 00:00 - 15/04/2026 00:00","CTA|DE(Amprion)","Koepchenwerk","11WD7KOEP2P--5-G","Hydro Pumped Storage","11WD7KOEP2P--5-G","14/04/2026 08:00 - 14/04/2026 09:00","148.13",""
"14/04/2026 00:00 - 15/04/2026 00:00","CTA|DE(Amprion)","Koepchenwerk","11WD7KOEP2P--5-G","Hydro Pumped Storage","11WD7KOEP2P--5-G","14/04/2026 09:00 - 14/04/2026 10:00","0.95",""
"14/04/2026 00:00 - 15/04/2026 00:00","CTA|DE(Amprion)","Koepchenwerk","11WD7KOEP2P--5-G","Hydro Pumped Storage","11WD7KOEP2P--5-G","14/04/2026 10:00 - 14/04/2026 11:00","0.00",""
"14/04/2026 00:00 - 15/04/2026 00:00","CTA|DE(Amprion)","Koepchenwerk","11WD7KOEP2P--5-G","Hydro Pumped Storage","11WD7KOEP2P--5-G","14/04/2026 11:00 - 14/04/2026 12:00","0.00",""
"14/04/2026 00:00 - 15/04/2026 00:00","CTA|DE(Amprion)","Koepchenwerk","11WD7KOEP2P--5-G","Hydro Pumped Storage","11WD7KOEP2P--5-G","14/04/2026 12:00 - 14/04/2026 13:00","0.00",""
"14/04/2026 00:00 - 15/04/2026 00:00","CTA|DE(Amprion)","Koepchenwerk","11WD7KOEP2P--5-G","Hydro Pumped Storage","11WD7KOEP2P--5-G","14/04/2026 13:00 - 14/04/2026 14:00","0.00",""
"14/04/2026 00:00 - 15/04/2026 00:00","CTA|DE(Amprion)","Koepchenwerk","11WD7KOEP2P--5-G","Hydro Pumped Storage","11WD7KOEP2P--5-G","14/04/2026 14:00 - 14/04/2026 15:00","0.00",""
"14/04/2026 00:00 - 15/04/2026 00:00","CTA|DE(Amprion)","Koepchenwerk","11WD7KOEP2P--5-G","Hydro Pumped Storage","11WD7KOEP2P--5-G","14/04/2026 15:00 - 14/04/2026 16:00","0.00",""
"14/04/2026 00:00 - 15/04/2026 00:00","CTA|DE(Amprion)","Koepchenwerk","11WD7KOEP2P--5-G","Hydro Pumped Storage","11WD7KOEP2P--5-G","14/04/2026 16:00 - 14/04/2026 17:00","0.00",""
"14/04/2026 00:00 - 15/04/2026 00:00","CTA|DE(Amprion)","Koepchenwerk","11WD7KOEP2P--5-G","Hydro Pumped Storage","11WD7KOEP2P--5-G","14/04/2026 17:00 - 14/04/2026 18:00","0.00",""
"14/04/2026 00:00 - 15/04/2026 00:00","CTA|DE(Amprion)","Koepchenwerk","11WD7KOEP2P--5-G","Hydro Pumped Storage","11WD7KOEP2P--5-G","14/04/2026 18:00 - 14/04/2026 19:00","57.30",""
"14/04/2026 00:00 - 15/04/2026 00:00","CTA|DE(Amprion)","Koepchenwerk","11WD7KOEP2P--5-G","Hydro Pumped Storage","11WD7KOEP2P--5-G","14/04/2026 19:00 - 14/04/2026 20:00","133.15",""
"14/04/2026 00:00 - 15/04/2026 00:00","CTA|DE(Amprion)","Koepchenwerk","11WD7KOEP2P--5-G","Hydro Pumped Storage","11WD7KOEP2P--5-G","14/04/2026 20:00 - 14/04/2026 21:00","82.58",""
"14/04/2026 00:00 - 15/04/2026 00:00","CTA|DE(Amprion)","Koepchenwerk","11WD7KOEP2P--5-G","Hydro Pumped Storage","11WD7KOEP2P--5-G","14/04/2026 21:00 - 14/04/2026 22:00","66.80",""
"14/04/2026 00:00 - 15/04/2026 00:00","CTA|DE(Amprion)","Koepchenwerk","11WD7KOEP2P--5-G","Hydro Pumped Storage","11WD7KOEP2P--5-G","14/04/2026 22:00 - 14/04/2026 23:00","0.00",""
"14/04/2026 00:00 - 15/04/2026 00:00","CTA|DE(Amprion)","Koepchenwerk","11WD7KOEP2P--5-G","Hydro Pumped Storage","11WD7KOEP2P--5-G","14/04/2026 23:00 - 15/04/2026 00:00","0.00",""
"14/04/2026 00:00 - 15/04/2026 00:00","CTA|DE(Amprion)","KW Hamm-Uentrop Block 10","11WD7KWHU1GBL10E","Fossil Gas","11WD7KWHU1GBL10E","14/04/2026 00:00 - 14/04/2026 01:00","0.20",""
"14/04/2026 00:00 - 15/04/2026 00:00","CTA|DE(Amprion)","KW Hamm-Uentrop Block 10","11WD7KWHU1GBL10E","Fossil Gas","11WD7KWHU1GBL10E","14/04/2026 01:00 - 14/04/2026 02:00","0.20",""
"14/04/2026 00:00 - 15/04/2026 00:00","CTA|DE(Amprion)","KW Hamm-Uentrop Block 10","11WD7KWHU1GBL10E","Fossil Gas","11WD7KWHU1GBL10E","14/04/2026 02:00 - 14/04/2026 03:00","0.20",""
"14/04/2026 00:00 - 15/04/2026 00:00","CTA|DE(Amprion)","KW Hamm-Uentrop Block 10","11WD7KWHU1GBL10E","Fossil Gas","11WD7KWHU1GBL10E","14/04/2026 03:00 - 14/04/2026 04:00","0.20",""
"14/04/2026 00:00 - 15/04/2026 00:00","CTA|DE(Amprion)","KW Hamm-Uentrop Block 10","11WD7KWHU1GBL10E","Fossil Gas","11WD7KWHU1GBL10E","14/04/2026 04:00 - 14/04/2026 05:00","0.20",""
"14/04/2026 00:00 - 15/04/2026 00:00","CTA|DE(Amprion)","KW Hamm-Uentrop Block 10","11WD7KWHU1GBL10E","Fossil Gas","11WD7KWHU1GBL10E","14/04/2026 05:00 - 14/04/2026 06:00","0.20",""
"14/04/2026 00:00 - 15/04/2026 00:00","CTA|DE(Amprion)","KW Hamm-Uentrop Block 10","11WD7KWHU1GBL10E","Fossil Gas","11WD7KWHU1GBL10E","14/04/2026 06:00 - 14/04/2026 07:00","0.20",""
"14/04/2026 00:00 - 15/04/2026 00:00","CTA|DE(Amprion)","KW Hamm-Uentrop Block 10","11WD7KWHU1GBL10E","Fossil Gas","11WD7KWHU1GBL10E","14/04/2026 07:00 - 14/04/2026 08:00","0.20",""
"14/04/2026 00:00 - 15/04/2026 00:00","CTA|DE(Amprion)","KW Hamm-Uentrop Block 10","11WD7KWHU1GBL10E","Fossil Gas","11WD7KWHU1GBL10E","14/04/2026 08:00 - 14/04/2026 09:00","0.20",""
"14/04/2026 00:00 - 15/04/2026 00:00","CTA|DE(Amprion)","KW Hamm-Uentrop Block 10","11WD7KWHU1GBL10E","Fossil Gas","11WD7KWHU1GBL10E","14/04/2026 09:00 - 14/04/2026 10:00","0.20",""
"14/04/2026 00:00 - 15/04/2026 00:00","CTA|DE(Amprion)","KW Hamm-Uentrop Block 10","11WD7KWHU1GBL10E","Fossil Gas","11WD7KWHU1GBL10E","14/04/2026 10:00 - 14/04/2026 11:00","0.20",""
"14/04/2026 00:00 - 15/04/2026 00:00","CTA|DE(Amprion)","KW Hamm-Uentrop Block 10","11WD7KWHU1GBL10E","Fossil Gas","11WD7KWHU1GBL10E","14/04/2026 11:00 - 14/04/2026 12:00","0.20",""
"14/04/2026 00:00 - 15/04/2026 00:00","CTA|DE(Amprion)","KW Hamm-Uentrop Block 10","11WD7KWHU1GBL10E","Fossil Gas","11WD7KWHU1GBL10E","14/04/2026 12:00 - 14/04/2026 13:00","0.20",""
"14/04/2026 00:00 - 15/04/2026 00:00","CTA|DE(Amprion)","KW Hamm-Uentrop Block 10","11WD7KWHU1GBL10E","Fossil Gas","11WD7KWHU1GBL10E","14/04/2026 13:00 - 14/04/2026 14:00","0.20",""
"14/04/2026 00:00 - 15/04/2026 00:00","CTA|DE(Amprion)","KW Hamm-Uentrop Block 10","11WD7KWHU1GBL10E","Fossil Gas","11WD7KWHU1GBL10E","14/04/2026 14:00 - 14/04/2026 15:00","0.20",""
"14/04/2026 00:00 - 15/04/2026 00:00","CTA|DE(Amprion)","KW Hamm-Uentrop Block 10","11WD7KWHU1GBL10E","Fossil Gas","11WD7KWHU1GBL10E","14/04/2026 15:00 - 14/04/2026 16:00","0.20",""
"14/04/2026 00:00 - 15/04/2026 00:00","CTA|DE(Amprion)","KW Hamm-Uentrop Block 10","11WD7KWHU1GBL10E","Fossil Gas","11WD7KWHU1GBL10E","14/04/2026 16:00 - 14/04/2026 17:00","0.20",""
"14/04/2026 00:00 - 15/04/2026 00:00","CTA|DE(Amprion)","KW Hamm-Uentrop Block 10","11WD7KWHU1GBL10E","Fossil Gas","11WD7KWHU1GBL10E","14/04/2026 17:00 - 14/04/2026 18:00","0.20",""
"14/04/2026 00:00 - 15/04/2026 00:00","CTA|DE(Amprion)","KW Hamm-Uentrop Block 10","11WD7KWHU1GBL10E","Fossil Gas","11WD7KWHU1GBL10E","14/04/2026 18:00 - 14/04/2026 19:00","0.20",""
"14/04/2026 00:00 - 15/04/2026 00:00","CTA|DE(Amprion)","KW Hamm-Uentrop Block 10","11WD7KWHU1GBL10E","Fossil Gas","11WD7KWHU1GBL10E","14/04/2026 19:00 - 14/04/2026 20:00","0.20",""
"14/04/2026 00:00 - 15/04/2026 00:00","CTA|DE(Amprion)","KW Hamm-Uentrop Block 10","11WD7KWHU1GBL10E","Fossil Gas","11WD7KWHU1GBL10E","14/04/2026 20:00 - 14/04/2026 21:00","0.20",""
"14/04/2026 00:00 - 15/04/2026 00:00","CTA|DE(Amprion)","KW Hamm-Uentrop Block 10","11WD7KWHU1GBL10E","Fossil Gas","11WD7KWHU1GBL10E","14/04/2026 21:00 - 14/04/2026 22:00","0.20",""
"14/04/2026 00:00 - 15/04/2026 00:00","CTA|DE(Amprion)","KW Hamm-Uentrop Block 10","11WD7KWHU1GBL10E","Fossil Gas","11WD7KWHU1GBL10E","14/04/2026 22:00 - 14/04/2026 23:00","0.20",""
"14/04/2026 00:00 - 15/04/2026 00:00","CTA|DE(Amprion)","KW Hamm-Uentrop Block 10","11WD7KWHU1GBL10E","Fossil Gas","11WD7KWHU1GBL10E","14/04/2026 23:00 - 15/04/2026 00:00","0.20",""
"14/04/2026 00:00 - 15/04/2026 00:00","CTA|DE(Amprion)","KW Hamm-Uentrop Block 20","11WD7KWHU1GBL20B","Fossil Gas","11WD7KWHU1GBL20B","14/04/2026 00:00 - 14/04/2026 01:00","449.35",""
"14/04/2026 00:00 - 15/04/2026 00:00","CTA|DE(Amprion)","KW Hamm-Uentrop Block 20","11WD7KWHU1GBL20B","Fossil Gas","11WD7KWHU1GBL20B","14/04/2026 01:00 - 14/04/2026 02:00","441.32",""
"14/04/2026 00:00 - 15/04/2026 00:00","CTA|DE(Amprion)","KW Hamm-Uentrop Block 20","11WD7KWHU1GBL20B","Fossil Gas","11WD7KWHU1GBL20B","14/04/2026 02:00 - 14/04/2026 03:00","449.50",""
"14/04/2026 00:00 - 15/04/2026 00:00","CTA|DE(Amprion)","KW Hamm-Uentrop Block 20","11WD7KWHU1GBL20B","Fossil Gas","11WD7KWHU1GBL20B","14/04/2026 03:00 - 14/04/2026 04:00","422.77",""
"14/04/2026 00:00 - 15/04/2026 00:00","CTA|DE(Amprion)","KW Hamm-Uentrop Block 20","11WD7KWHU1GBL20B","Fossil Gas","11WD7KWHU1GBL20B","14/04/2026 04:00 - 14/04/2026 05:00","341.88",""
"14/04/2026 00:00 - 15/04/2026 00:00","CTA|DE(Amprion)","KW Hamm-Uentrop Block 20","11WD7KWHU1GBL20B","Fossil Gas","11WD7KWHU1GBL20B","14/04/2026 05:00 - 14/04/2026 06:00","448.45",""
"14/04/2026 00:00 - 15/04/2026 00:00","CTA|DE(Amprion)","KW Hamm-Uentrop Block 20","11WD7KWHU1GBL20B","Fossil Gas","11WD7KWHU1GBL20B","14/04/2026 06:00 - 14/04/2026 07:00","449.82",""
"14/04/2026 00:00 - 15/04/2026 00:00","CTA|DE(Amprion)","KW Hamm-Uentrop Block 20","11WD7KWHU1GBL20B","Fossil Gas","11WD7KWHU1GBL20B","14/04/2026 07:00 - 14/04/2026 08:00","450.77",""
"14/04/2026 00:00 - 15/04/2026 00:00","CTA|DE(Amprion)","KW Hamm-Uentrop Block 20","11WD7KWHU1GBL20B","Fossil Gas","11WD7KWHU1GBL20B","14/04/2026 08:00 - 14/04/2026 09:00","407.10",""
"14/04/2026 00:00 - 15/04/2026 00:00","CTA|DE(Amprion)","KW Hamm-Uentrop Block 20","11WD7KWHU1GBL20B","Fossil Gas","11WD7KWHU1GBL20B","14/04/2026 09:00 - 14/04/2026 10:00","361.07",""
"14/04/2026 00:00 - 15/04/2026 00:00","CTA|DE(Amprion)","KW Hamm-Uentrop Block 20","11WD7KWHU1GBL20B","Fossil Gas","11WD7KWHU1GBL20B","14/04/2026 10:00 - 14/04/2026 11:00","256.07",""
"14/04/2026 00:00 - 15/04/2026 00:00","CTA|DE(Amprion)","KW Hamm-Uentrop Block 20","11WD7KWHU1GBL20B","Fossil Gas","11WD7KWHU1GBL20B","14/04/2026 11:00 - 14/04/2026 12:00","396.23",""
"14/04/2026 00:00 - 15/04/2026 00:00","CTA|DE(Amprion)","KW Hamm-Uentrop Block 20","11WD7KWHU1GBL20B","Fossil Gas","11WD7KWHU1GBL20B","14/04/2026 12:00 - 14/04/2026 13:00","258.20",""
"14/04/2026 00:00 - 15/04/2026 00:00","CTA|DE(Amprion)","KW Hamm-Uentrop Block 20","11WD7KWHU1GBL20B","Fossil Gas","11WD7KWHU1GBL20B","14/04/2026 13:00 - 14/04/2026 14:00","250.07",""
"14/04/2026 00:00 - 15/04/2026 00:00","CTA|DE(Amprion)","KW Hamm-Uentrop Block 20","11WD7KWHU1GBL20B","Fossil Gas","11WD7KWHU1GBL20B","14/04/2026 14:00 - 14/04/2026 15:00","250.38",""
"14/04/2026 00:00 - 15/04/2026 00:00","CTA|DE(Amprion)","KW Hamm-Uentrop Block 20","11WD7KWHU1GBL20B","Fossil Gas","11WD7KWHU1GBL20B","14/04/2026 15:00 - 14/04/2026 16:00","376.23",""
"14/04/2026 00:00 - 15/04/2026 00:00","CTA|DE(Amprion)","KW Hamm-Uentrop Block 20","11WD7KWHU1GBL20B","Fossil Gas","11WD7KWHU1GBL20B","14/04/2026 16:00 - 14/04/2026 17:00","436.13",""
"14/04/2026 00:00 - 15/04/2026 00:00","CTA|DE(Amprion)","KW Hamm-Uentrop Block 20","11WD7KWHU1GBL20B","Fossil Gas","11WD7KWHU1GBL20B","14/04/2026 17:00 - 14/04/2026 18:00","439.82",""
"14/04/2026 00:00 - 15/04/2026 00:00","CTA|DE(Amprion)","KW Hamm-Uentrop Block 20","11WD7KWHU1GBL20B","Fossil Gas","11WD7KWHU1GBL20B","14/04/2026 18:00 - 14/04/2026 19:00","442.90",""
"14/04/2026 00:00 - 15/04/2026 00:00","CTA|DE(Amprion)","KW Hamm-Uentrop Block 20","11WD7KWHU1GBL20B","Fossil Gas","11WD7KWHU1GBL20B","14/04/2026 19:00 - 14/04/2026 20:00","442.85",""
"14/04/2026 00:00 - 15/04/2026 00:00","CTA|DE(Amprion)","KW Hamm-Uentrop Block 20","11WD7KWHU1GBL20B","Fossil Gas","11WD7KWHU1GBL20B","14/04/2026 20:00 - 14/04/2026 21:00","442.80",""
"14/04/2026 00:00 - 15/04/2026 00:00","CTA|DE(Amprion)","KW Hamm-Uentrop Block 20","11WD7KWHU1GBL20B","Fossil Gas","11WD7KWHU1GBL20B","14/04/2026 21:00 - 14/04/2026 22:00","444.88",""
"14/04/2026 00:00 - 15/04/2026 00:00","CTA|DE(Amprion)","KW Hamm-Uentrop Block 20","11WD7KWHU1GBL20B","Fossil Gas","11WD7KWHU1GBL20B","14/04/2026 22:00 - 14/04/2026 23:00","448.02",""
"14/04/2026 00:00 - 15/04/2026 00:00","CTA|DE(Amprion)","KW Hamm-Uentrop Block 20","11WD7KWHU1GBL20B","Fossil Gas","11WD7KWHU1GBL20B","14/04/2026 23:00 - 15/04/2026 00:00","449.82",""
"14/04/2026 00:00 - 15/04/2026 00:00","CTA|DE(Amprion)","Knapsack 2","11WD7KWKN-20-EEW","Fossil Gas","11WD7KWKN-20-EEW","14/04/2026 00:00 - 14/04/2026 01:00","0.00",""
"14/04/2026 00:00 - 15/04/2026 00:00","CTA|DE(Amprion)","Knapsack 2","11WD7KWKN-20-EEW","Fossil Gas","11WD7KWKN-20-EEW","14/04/2026 01:00 - 14/04/2026 02:00","0.00",""
"14/04/2026 00:00 - 15/04/2026 00:00","CTA|DE(Amprion)","Knapsack 2","11WD7KWKN-20-EEW","Fossil Gas","11WD7KWKN-20-EEW","14/04/2026 02:00 - 14/04/2026 03:00","0.00",""
"14/04/2026 00:00 - 15/04/2026 00:00","CTA|DE(Amprion)","Knapsack 2","11WD7KWKN-20-EEW","Fossil Gas","11WD7KWKN-20-EEW","14/04/2026 03:00 - 14/04/2026 04:00","0.00",""
"14/04/2026 00:00 - 15/04/2026 00:00","CTA|DE(Amprion)","Knapsack 2","11WD7KWKN-20-EEW","Fossil Gas","11WD7KWKN-20-EEW","14/04/2026 04:00 - 14/04/2026 05:00","0.00",""
"14/04/2026 00:00 - 15/04/2026 00:00","CTA|DE(Amprion)","Knapsack 2","11WD7KWKN-20-EEW","Fossil Gas","11WD7KWKN-20-EEW","14/04/2026 05:00 - 14/04/2026 06:00","0.00",""
"14/04/2026 00:00 - 15/04/2026 00:00","CTA|DE(Amprion)","Knapsack 2","11WD7KWKN-20-EEW","Fossil Gas","11WD7KWKN-20-EEW","14/04/2026 06:00 - 14/04/2026 07:00","0.00",""
"14/04/2026 00:00 - 15/04/2026 00:00","CTA|DE(Amprion)","Knapsack 2","11WD7KWKN-20-EEW","Fossil Gas","11WD7KWKN-20-EEW","14/04/2026 07:00 - 14/04/2026 08:00","0.00",""
"14/04/2026 00:00 - 15/04/2026 00:00","CTA|DE(Amprion)","Knapsack 2","11WD7KWKN-20-EEW","Fossil Gas","11WD7KWKN-20-EEW","14/04/2026 08:00 - 14/04/2026 09:00","0.00",""
"14/04/2026 00:00 - 15/04/2026 00:00","CTA|DE(Amprion)","Knapsack 2","11WD7KWKN-20-EEW","Fossil Gas","11WD7KWKN-20-EEW","14/04/2026 09:00 - 14/04/2026 10:00","0.00",""
"14/04/2026 00:00 - 15/04/2026 00:00","CTA|DE(Amprion)","Knapsack 2","11WD7KWKN-20-EEW","Fossil Gas","11WD7KWKN-20-EEW","14/04/2026 10:00 - 14/04/2026 11:00","0.00",""
"14/04/2026 00:00 - 15/04/2026 00:00","CTA|DE(Amprion)","Knapsack 2","11WD7KWKN-20-EEW","Fossil Gas","11WD7KWKN-20-EEW","14/04/2026 11:00 - 14/04/2026 12:00","0.00",""
"14/04/2026 00:00 - 15/04/2026 00:00","CTA|DE(Amprion)","Knapsack 2","11WD7KWKN-20-EEW","Fossil Gas","11WD7KWKN-20-EEW","14/04/2026 12:00 - 14/04/2026 13:00","0.00",""
"14/04/2026 00:00 - 15/04/2026 00:00","CTA|DE(Amprion)","Knapsack 2","11WD7KWKN-20-EEW","Fossil Gas","11WD7KWKN-20-EEW","14/04/2026 13:00 - 14/04/2026 14:00","0.00",""
"14/04/2026 00:00 - 15/04/2026 00:00","CTA|DE(Amprion)","Knapsack 2","11WD7KWKN-20-EEW","Fossil Gas","11WD7KWKN-20-EEW","14/04/2026 14:00 - 14/04/2026 15:00","0.00",""
"14/04/2026 00:00 - 15/04/2026 00:00","CTA|DE(Amprion)","Knapsack 2","11WD7KWKN-20-EEW","Fossil Gas","11WD7KWKN-20-EEW","14/04/2026 15:00 - 14/04/2026 16:00","0.00",""
"14/04/2026 00:00 - 15/04/2026 00:00","CTA|DE(Amprion)","Knapsack 2","11WD7KWKN-20-EEW","Fossil Gas","11WD7KWKN-20-EEW","14/04/2026 16:00 - 14/04/2026 17:00","0.00",""
"14/04/2026 00:00 - 15/04/2026 00:00","CTA|DE(Amprion)","Knapsack 2","11WD7KWKN-20-EEW","Fossil Gas","11WD7KWKN-20-EEW","14/04/2026 17:00 - 14/04/2026 18:00","0.00",""
"14/04/2026 00:00 - 15/04/2026 00:00","CTA|DE(Amprion)","Knapsack 2","11WD7KWKN-20-EEW","Fossil Gas","11WD7KWKN-20-EEW","14/04/2026 18:00 - 14/04/2026 19:00","0.00",""
"14/04/2026 00:00 - 15/04/2026 00:00","CTA|DE(Amprion)","Knapsack 2","11WD7KWKN-20-EEW","Fossil Gas","11WD7KWKN-20-EEW","14/04/2026 19:00 - 14/04/2026 20:00","0.00",""
"14/04/2026 00:00 - 15/04/2026 00:00","CTA|DE(Amprion)","Knapsack 2","11WD7KWKN-20-EEW","Fossil Gas","11WD7KWKN-20-EEW","14/04/2026 20:00 - 14/04/2026 21:00","0.00",""
"14/04/2026 00:00 - 15/04/2026 00:00","CTA|DE(Amprion)","Knapsack 2","11WD7KWKN-20-EEW","Fossil Gas","11WD7KWKN-20-EEW","14/04/2026 21:00 - 14/04/2026 22:00","0.00",""
"14/04/2026 00:00 - 15/04/2026 00:00","CTA|DE(Amprion)","Knapsack 2","11WD7KWKN-20-EEW","Fossil Gas","11WD7KWKN-20-EEW","14/04/2026 22:00 - 14/04/2026 23:00","0.00",""
"14/04/2026 00:00 - 15/04/2026 00:00","CTA|DE(Amprion)","Knapsack 2","11WD7KWKN-20-EEW","Fossil Gas","11WD7KWKN-20-EEW","14/04/2026 23:00 - 15/04/2026 00:00","0.00",""
"14/04/2026 00:00 - 15/04/2026 00:00","CTA|DE(Amprion)","Knapsack 1","11WD7KWKN-KW-EEN","Fossil Gas","11WD7KWKN-KW-EEN","14/04/2026 00:00 - 14/04/2026 01:00","755.60",""
"14/04/2026 00:00 - 15/04/2026 00:00","CTA|DE(Amprion)","Knapsack 1","11WD7KWKN-KW-EEN","Fossil Gas","11WD7KWKN-KW-EEN","14/04/2026 01:00 - 14/04/2026 02:00","512.00",""
"14/04/2026 00:00 - 15/04/2026 00:00","CTA|DE(Amprion)","Knapsack 1","11WD7KWKN-KW-EEN","Fossil Gas","11WD7KWKN-KW-EEN","14/04/2026 02:00 - 14/04/2026 03:00","507.00",""
"14/04/2026 00:00 - 15/04/2026 00:00","CTA|DE(Amprion)","Knapsack 1","11WD7KWKN-KW-EEN","Fossil Gas","11WD7KWKN-KW-EEN","14/04/2026 03:00 - 14/04/2026 04:00","506.80",""
"14/04/2026 00:00 - 15/04/2026 00:00","CTA|DE(Amprion)","Knapsack 1","11WD7KWKN-KW-EEN","Fossil Gas","11WD7KWKN-KW-EEN","14/04/2026 04:00 - 14/04/2026 05:00","517.40",""
"14/04/2026 00:00 - 15/04/2026 00:00","CTA|DE(Amprion)","Knapsack 1","11WD7KWKN-KW-EEN","Fossil Gas","11WD7KWKN-KW-EEN","14/04/2026 05:00 - 14/04/2026 06:00","788.10",""
"14/04/2026 00:00 - 15/04/2026 00:00","CTA|DE(Amprion)","Knapsack 1","11WD7KWKN-KW-EEN","Fossil Gas","11WD7KWKN-KW-EEN","14/04/2026 06:00 - 14/04/2026 07:00","797.70",""
"14/04/2026 00:00 - 15/04/2026 00:00","CTA|DE(Amprion)","Knapsack 1","11WD7KWKN-KW-EEN","Fossil Gas","11WD7KWKN-KW-EEN","14/04/2026 07:00 - 14/04/2026 08:00","857.80",""
"14/04/2026 00:00 - 15/04/2026 00:00","CTA|DE(Amprion)","Knapsack 1","11WD7KWKN-KW-EEN","Fossil Gas","11WD7KWKN-KW-EEN","14/04/2026 08:00 - 14/04/2026 09:00","858.70",""
"14/04/2026 00:00 - 15/04/2026 00:00","CTA|DE(Amprion)","Knapsack 1","11WD7KWKN-KW-EEN","Fossil Gas","11WD7KWKN-KW-EEN","14/04/2026 09:00 - 14/04/2026 10:00","714.40",""
"14/04/2026 00:00 - 15/04/2026 00:00","CTA|DE(Amprion)","Knapsack 1","11WD7KWKN-KW-EEN","Fossil Gas","11WD7KWKN-KW-EEN","14/04/2026 10:00 - 14/04/2026 11:00","666.40",""
"14/04/2026 00:00 - 15/04/2026 00:00","CTA|DE(Amprion)","Knapsack 1","11WD7KWKN-KW-EEN","Fossil Gas","11WD7KWKN-KW-EEN","14/04/2026 11:00 - 14/04/2026 12:00","315.00",""
"14/04/2026 00:00 - 15/04/2026 00:00","CTA|DE(Amprion)","Knapsack 1","11WD7KWKN-KW-EEN","Fossil Gas","11WD7KWKN-KW-EEN","14/04/2026 12:00 - 14/04/2026 13:00","0.00",""
"14/04/2026 00:00 - 15/04/2026 00:00","CTA|DE(Amprion)","Knapsack 1","11WD7KWKN-KW-EEN","Fossil Gas","11WD7KWKN-KW-EEN","14/04/2026 13:00 - 14/04/2026 14:00","0.00",""
"14/04/2026 00:00 - 15/04/2026 00:00","CTA|DE(Amprion)","Knapsack 1","11WD7KWKN-KW-EEN","Fossil Gas","11WD7KWKN-KW-EEN","14/04/2026 14:00 - 14/04/2026 15:00","0.00",""
"14/04/2026 00:00 - 15/04/2026 00:00","CTA|DE(Amprion)","Knapsack 1","11WD7KWKN-KW-EEN","Fossil Gas","11WD7KWKN-KW-EEN","14/04/2026 15:00 - 14/04/2026 16:00","0.40",""
"14/04/2026 00:00 - 15/04/2026 00:00","CTA|DE(Amprion)","Knapsack 1","11WD7KWKN-KW-EEN","Fossil Gas","11WD7KWKN-KW-EEN","14/04/2026 16:00 - 14/04/2026 17:00","197.40",""
"14/04/2026 00:00 - 15/04/2026 00:00","CTA|DE(Amprion)","Knapsack 1","11WD7KWKN-KW-EEN","Fossil Gas","11WD7KWKN-KW-EEN","14/04/2026 17:00 - 14/04/2026 18:00","767.60",""
"14/04/2026 00:00 - 15/04/2026 00:00","CTA|DE(Amprion)","Knapsack 1","11WD7KWKN-KW-EEN","Fossil Gas","11WD7KWKN-KW-EEN","14/04/2026 18:00 - 14/04/2026 19:00","858.20",""
"14/04/2026 00:00 - 15/04/2026 00:00","CTA|DE(Amprion)","Knapsack 1","11WD7KWKN-KW-EEN","Fossil Gas","11WD7KWKN-KW-EEN","14/04/2026 19:00 - 14/04/2026 20:00","860.00",""
"14/04/2026 00:00 - 15/04/2026 00:00","CTA|DE(Amprion)","Knapsack 1","11WD7KWKN-KW-EEN","Fossil Gas","11WD7KWKN-KW-EEN","14/04/2026 20:00 - 14/04/2026 21:00","861.00",""
"14/04/2026 00:00 - 15/04/2026 00:00","CTA|DE(Amprion)","Knapsack 1","11WD7KWKN-KW-EEN","Fossil Gas","11WD7KWKN-KW-EEN","14/04/2026 21:00 - 14/04/2026 22:00","862.00",""
"14/04/2026 00:00 - 15/04/2026 00:00","CTA|DE(Amprion)","Knapsack 1","11WD7KWKN-KW-EEN","Fossil Gas","11WD7KWKN-KW-EEN","14/04/2026 22:00 - 14/04/2026 23:00","865.60",""
"14/04/2026 00:00 - 15/04/2026 00:00","CTA|DE(Amprion)","Knapsack 1","11WD7KWKN-KW-EEN","Fossil Gas","11WD7KWKN-KW-EEN","14/04/2026 23:00 - 15/04/2026 00:00","867.10",""
"14/04/2026 00:00 - 15/04/2026 00:00","CTA|DE(Amprion)","Block GT 11","11WD7LUDW2GGT11E","Fossil Gas","11WD7LUDW2GGT11E","14/04/2026 00:00 - 14/04/2026 01:00","0.07",""
"14/04/2026 00:00 - 15/04/2026 00:00","CTA|DE(Amprion)","Block GT 11","11WD7LUDW2GGT11E","Fossil Gas","11WD7LUDW2GGT11E","14/04/2026 01:00 - 14/04/2026 02:00","0.03",""
"14/04/2026 00:00 - 15/04/2026 00:00","CTA|DE(Amprion)","Block GT 11","11WD7LUDW2GGT11E","Fossil Gas","11WD7LUDW2GGT11E","14/04/2026 02:00 - 14/04/2026 03:00","0.00",""
"14/04/2026 00:00 - 15/04/2026 00:00","CTA|DE(Amprion)","Block GT 11","11WD7LUDW2GGT11E","Fossil Gas","11WD7LUDW2GGT11E","14/04/2026 03:00 - 14/04/2026 04:00","0.00",""
"14/04/2026 00:00 - 15/04/2026 00:00","CTA|DE(Amprion)","Block GT 11","11WD7LUDW2GGT11E","Fossil Gas","11WD7LUDW2GGT11E","14/04/2026 04:00 - 14/04/2026 05:00","0.07",""
"14/04/2026 00:00 - 15/04/2026 00:00","CTA|DE(Amprion)","Block GT 11","11WD7LUDW2GGT11E","Fossil Gas","11WD7LUDW2GGT11E","14/04/2026 05:00 - 14/04/2026 06:00","0.05",""
"14/04/2026 00:00 - 15/04/2026 00:00","CTA|DE(Amprion)","Block GT 11","11WD7LUDW2GGT11E","Fossil Gas","11WD7LUDW2GGT11E","14/04/2026 06:00 - 14/04/2026 07:00","0.00",""
"14/04/2026 00:00 - 15/04/2026 00:00","CTA|DE(Amprion)","Block GT 11","11WD7LUDW2GGT11E","Fossil Gas","11WD7LUDW2GGT11E","14/04/2026 07:00 - 14/04/2026 08:00","0.03",""
"14/04/2026 00:00 - 15/04/2026 00:00","CTA|DE(Amprion)","Block GT 11","11WD7LUDW2GGT11E","Fossil Gas","11WD7LUDW2GGT11E","14/04/2026 08:00 - 14/04/2026 09:00","0.03",""
"14/04/2026 00:00 - 15/04/2026 00:00","CTA|DE(Amprion)","Block GT 11","11WD7LUDW2GGT11E","Fossil Gas","11WD7LUDW2GGT11E","14/04/2026 09:00 - 14/04/2026 10:00","0.03",""
"14/04/2026 00:00 - 15/04/2026 00:00","CTA|DE(Amprion)","Block GT 11","11WD7LUDW2GGT11E","Fossil Gas","11WD7LUDW2GGT11E","14/04/2026 10:00 - 14/04/2026 11:00","0.03",""
"14/04/2026 00:00 - 15/04/2026 00:00","CTA|DE(Amprion)","Block GT 11","11WD7LUDW2GGT11E","Fossil Gas","11WD7LUDW2GGT11E","14/04/2026 11:00 - 14/04/2026 12:00","0.00",""
"14/04/2026 00:00 - 15/04/2026 00:00","CTA|DE(Amprion)","Block GT 11","11WD7LUDW2GGT11E","Fossil Gas","11WD7LUDW2GGT11E","14/04/2026 12:00 - 14/04/2026 13:00","0.00",""
"14/04/2026 00:00 - 15/04/2026 00:00","CTA|DE(Amprion)","Block GT 11","11WD7LUDW2GGT11E","Fossil Gas","11WD7LUDW2GGT11E","14/04/2026 13:00 - 14/04/2026 14:00","0.03",""
"14/04/2026 00:00 - 15/04/2026 00:00","CTA|DE(Amprion)","Block GT 11","11WD7LUDW2GGT11E","Fossil Gas","11WD7LUDW2GGT11E","14/04/2026 14:00 - 14/04/2026 15:00","0.03",""
"14/04/2026 00:00 - 15/04/2026 00:00","CTA|DE(Amprion)","Block GT 11","11WD7LUDW2GGT11E","Fossil Gas","11WD7LUDW2GGT11E","14/04/2026 15:00 - 14/04/2026 16:00","0.00",""
"14/04/2026 00:00 - 15/04/2026 00:00","CTA|DE(Amprion)","Block GT 11","11WD7LUDW2GGT11E","Fossil Gas","11WD7LUDW2GGT11E","14/04/2026 16:00 - 14/04/2026 17:00","0.05",""
"14/04/2026 00:00 - 15/04/2026 00:00","CTA|DE(Amprion)","Block GT 11","11WD7LUDW2GGT11E","Fossil Gas","11WD7LUDW2GGT11E","14/04/2026 17:00 - 14/04/2026 18:00","0.10",""
"14/04/2026 00:00 - 15/04/2026 00:00","CTA|DE(Amprion)","Block GT 11","11WD7LUDW2GGT11E","Fossil Gas","11WD7LUDW2GGT11E","14/04/2026 18:00 - 14/04/2026 19:00","0.05",""
"14/04/2026 00:00 - 15/04/2026 00:00","CTA|DE(Amprion)","Block GT 11","11WD7LUDW2GGT11E","Fossil Gas","11WD7LUDW2GGT11E","14/04/2026 19:00 - 14/04/2026 20:00","0.07",""
"14/04/2026 00:00 - 15/04/2026 00:00","CTA|DE(Amprion)","Block GT 11","11WD7LUDW2GGT11E","Fossil Gas","11WD7LUDW2GGT11E","14/04/2026 20:00 - 14/04/2026 21:00","0.00",""
"14/04/2026 00:00 - 15/04/2026 00:00","CTA|DE(Amprion)","Block GT 11","11WD7LUDW2GGT11E","Fossil Gas","11WD7LUDW2GGT11E","14/04/2026 21:00 - 14/04/2026 22:00","0.10",""
"14/04/2026 00:00 - 15/04/2026 00:00","CTA|DE(Amprion)","Block GT 11","11WD7LUDW2GGT11E","Fossil Gas","11WD7LUDW2GGT11E","14/04/2026 22:00 - 14/04/2026 23:00","0.00",""
"14/04/2026 00:00 - 15/04/2026 00:00","CTA|DE(Amprion)","Block GT 11","11WD7LUDW2GGT11E","Fossil Gas","11WD7LUDW2GGT11E","14/04/2026 23:00 - 15/04/2026 00:00","0.05",""
"14/04/2026 00:00 - 15/04/2026 00:00","CTA|DE(Amprion)","Block GT 12","11WD7LUDW2GGT12C","Fossil Gas","11WD7LUDW2GGT12C","14/04/2026 00:00 - 14/04/2026 01:00","211.40",""
"14/04/2026 00:00 - 15/04/2026 00:00","CTA|DE(Amprion)","Block GT 12","11WD7LUDW2GGT12C","Fossil Gas","11WD7LUDW2GGT12C","14/04/2026 01:00 - 14/04/2026 02:00","211.63",""
"14/04/2026 00:00 - 15/04/2026 00:00","CTA|DE(Amprion)","Block GT 12","11WD7LUDW2GGT12C","Fossil Gas","11WD7LUDW2GGT12C","14/04/2026 02:00 - 14/04/2026 03:00","212.00",""
"14/04/2026 00:00 - 15/04/2026 00:00","CTA|DE(Amprion)","Block GT 12","11WD7LUDW2GGT12C","Fossil Gas","11WD7LUDW2GGT12C","14/04/2026 03:00 - 14/04/2026 04:00","212.63",""
"14/04/2026 00:00 - 15/04/2026 00:00","CTA|DE(Amprion)","Block GT 12","11WD7LUDW2GGT12C","Fossil Gas","11WD7LUDW2GGT12C","14/04/2026 04:00 - 14/04/2026 05:00","213.07",""
"14/04/2026 00:00 - 15/04/2026 00:00","CTA|DE(Amprion)","Block GT 12","11WD7LUDW2GGT12C","Fossil Gas","11WD7LUDW2GGT12C","14/04/2026 05:00 - 14/04/2026 06:00","213.50",""
"14/04/2026 00:00 - 15/04/2026 00:00","CTA|DE(Amprion)","Block GT 12","11WD7LUDW2GGT12C","Fossil Gas","11WD7LUDW2GGT12C","14/04/2026 06:00 - 14/04/2026 07:00","213.95",""
"14/04/2026 00:00 - 15/04/2026 00:00","CTA|DE(Amprion)","Block GT 12","11WD7LUDW2GGT12C","Fossil Gas","11WD7LUDW2GGT12C","14/04/2026 07:00 - 14/04/2026 08:00","213.70",""
"14/04/2026 00:00 - 15/04/2026 00:00","CTA|DE(Amprion)","Block GT 12","11WD7LUDW2GGT12C","Fossil Gas","11WD7LUDW2GGT12C","14/04/2026 08:00 - 14/04/2026 09:00","213.80",""
"14/04/2026 00:00 - 15/04/2026 00:00","CTA|DE(Amprion)","Block GT 12","11WD7LUDW2GGT12C","Fossil Gas","11WD7LUDW2GGT12C","14/04/2026 09:00 - 14/04/2026 10:00","213.10",""
"14/04/2026 00:00 - 15/04/2026 00:00","CTA|DE(Amprion)","Block GT 12","11WD7LUDW2GGT12C","Fossil Gas","11WD7LUDW2GGT12C","14/04/2026 10:00 - 14/04/2026 11:00","212.90",""
"14/04/2026 00:00 - 15/04/2026 00:00","CTA|DE(Amprion)","Block GT 12","11WD7LUDW2GGT12C","Fossil Gas","11WD7LUDW2GGT12C","14/04/2026 11:00 - 14/04/2026 12:00","211.53",""
"14/04/2026 00:00 - 15/04/2026 00:00","CTA|DE(Amprion)","Block GT 12","11WD7LUDW2GGT12C","Fossil Gas","11WD7LUDW2GGT12C","14/04/2026 12:00 - 14/04/2026 13:00","213.50",""
"14/04/2026 00:00 - 15/04/2026 00:00","CTA|DE(Amprion)","Block GT 12","11WD7LUDW2GGT12C","Fossil Gas","11WD7LUDW2GGT12C","14/04/2026 13:00 - 14/04/2026 14:00","181.50",""
"14/04/2026 00:00 - 15/04/2026 00:00","CTA|DE(Amprion)","Block GT 12","11WD7LUDW2GGT12C","Fossil Gas","11WD7LUDW2GGT12C","14/04/2026 14:00 - 14/04/2026 15:00","170.05",""
"14/04/2026 00:00 - 15/04/2026 00:00","CTA|DE(Amprion)","Block GT 12","11WD7LUDW2GGT12C","Fossil Gas","11WD7LUDW2GGT12C","14/04/2026 15:00 - 14/04/2026 16:00","170.32",""
"14/04/2026 00:00 - 15/04/2026 00:00","CTA|DE(Amprion)","Block GT 12","11WD7LUDW2GGT12C","Fossil Gas","11WD7LUDW2GGT12C","14/04/2026 16:00 - 14/04/2026 17:00","208.60",""
"14/04/2026 00:00 - 15/04/2026 00:00","CTA|DE(Amprion)","Block GT 12","11WD7LUDW2GGT12C","Fossil Gas","11WD7LUDW2GGT12C","14/04/2026 17:00 - 14/04/2026 18:00","210.80",""
"14/04/2026 00:00 - 15/04/2026 00:00","CTA|DE(Amprion)","Block GT 12","11WD7LUDW2GGT12C","Fossil Gas","11WD7LUDW2GGT12C","14/04/2026 18:00 - 14/04/2026 19:00","210.68",""
"14/04/2026 00:00 - 15/04/2026 00:00","CTA|DE(Amprion)","Block GT 12","11WD7LUDW2GGT12C","Fossil Gas","11WD7LUDW2GGT12C","14/04/2026 19:00 - 14/04/2026 20:00","210.35",""
"14/04/2026 00:00 - 15/04/2026 00:00","CTA|DE(Amprion)","Block GT 12","11WD7LUDW2GGT12C","Fossil Gas","11WD7LUDW2GGT12C","14/04/2026 20:00 - 14/04/2026 21:00","211.07",""
"14/04/2026 00:00 - 15/04/2026 00:00","CTA|DE(Amprion)","Block GT 12","11WD7LUDW2GGT12C","Fossil Gas","11WD7LUDW2GGT12C","14/04/2026 21:00 - 14/04/2026 22:00","211.78",""
"14/04/2026 00:00 - 15/04/2026 00:00","CTA|DE(Amprion)","Block GT 12","11WD7LUDW2GGT12C","Fossil Gas","11WD7LUDW2GGT12C","14/04/2026 22:00 - 14/04/2026 23:00","211.95",""
"14/04/2026 00:00 - 15/04/2026 00:00","CTA|DE(Amprion)","Block GT 12","11WD7LUDW2GGT12C","Fossil Gas","11WD7LUDW2GGT12C","14/04/2026 23:00 - 15/04/2026 00:00","210.97",""
"14/04/2026 00:00 - 15/04/2026 00:00","CTA|DE(Amprion)","Block GT1","11WD7LUDW5GSDG1Q","Fossil Gas","11WD7LUDW5GSDG1Q","14/04/2026 00:00 - 14/04/2026 01:00","146.60",""
"14/04/2026 00:00 - 15/04/2026 00:00","CTA|DE(Amprion)","Block GT1","11WD7LUDW5GSDG1Q","Fossil Gas","11WD7LUDW5GSDG1Q","14/04/2026 01:00 - 14/04/2026 02:00","144.35",""
"14/04/2026 00:00 - 15/04/2026 00:00","CTA|DE(Amprion)","Block GT1","11WD7LUDW5GSDG1Q","Fossil Gas","11WD7LUDW5GSDG1Q","14/04/2026 02:00 - 14/04/2026 03:00","132.85",""
"14/04/2026 00:00 - 15/04/2026 00:00","CTA|DE(Amprion)","Block GT1","11WD7LUDW5GSDG1Q","Fossil Gas","11WD7LUDW5GSDG1Q","14/04/2026 03:00 - 14/04/2026 04:00","129.35",""
"14/04/2026 00:00 - 15/04/2026 00:00","CTA|DE(Amprion)","Block GT1","11WD7LUDW5GSDG1Q","Fossil Gas","11WD7LUDW5GSDG1Q","14/04/2026 04:00 - 14/04/2026 05:00","128.07",""
"14/04/2026 00:00 - 15/04/2026 00:00","CTA|DE(Amprion)","Block GT1","11WD7LUDW5GSDG1Q","Fossil Gas","11WD7LUDW5GSDG1Q","14/04/2026 05:00 - 14/04/2026 06:00","128.38",""
"14/04/2026 00:00 - 15/04/2026 00:00","CTA|DE(Amprion)","Block GT1","11WD7LUDW5GSDG1Q","Fossil Gas","11WD7LUDW5GSDG1Q","14/04/2026 06:00 - 14/04/2026 07:00","139.18",""
"14/04/2026 00:00 - 15/04/2026 00:00","CTA|DE(Amprion)","Block GT1","11WD7LUDW5GSDG1Q","Fossil Gas","11WD7LUDW5GSDG1Q","14/04/2026 07:00 - 14/04/2026 08:00","140.90",""
"14/04/2026 00:00 - 15/04/2026 00:00","CTA|DE(Amprion)","Block GT1","11WD7LUDW5GSDG1Q","Fossil Gas","11WD7LUDW5GSDG1Q","14/04/2026 08:00 - 14/04/2026 09:00","150.95",""
"14/04/2026 00:00 - 15/04/2026 00:00","CTA|DE(Amprion)","Block GT1","11WD7LUDW5GSDG1Q","Fossil Gas","11WD7LUDW5GSDG1Q","14/04/2026 09:00 - 14/04/2026 10:00","137.38",""
"14/04/2026 00:00 - 15/04/2026 00:00","CTA|DE(Amprion)","Block GT1","11WD7LUDW5GSDG1Q","Fossil Gas","11WD7LUDW5GSDG1Q","14/04/2026 10:00 - 14/04/2026 11:00","113.10",""
"14/04/2026 00:00 - 15/04/2026 00:00","CTA|DE(Amprion)","Block GT1","11WD7LUDW5GSDG1Q","Fossil Gas","11WD7LUDW5GSDG1Q","14/04/2026 11:00 - 14/04/2026 12:00","111.53",""
"14/04/2026 00:00 - 15/04/2026 00:00","CTA|DE(Amprion)","Block GT1","11WD7LUDW5GSDG1Q","Fossil Gas","11WD7LUDW5GSDG1Q","14/04/2026 12:00 - 14/04/2026 13:00","110.13",""
"14/04/2026 00:00 - 15/04/2026 00:00","CTA|DE(Amprion)","Block GT1","11WD7LUDW5GSDG1Q","Fossil Gas","11WD7LUDW5GSDG1Q","14/04/2026 13:00 - 14/04/2026 14:00","110.15",""
"14/04/2026 00:00 - 15/04/2026 00:00","CTA|DE(Amprion)","Block GT1","11WD7LUDW5GSDG1Q","Fossil Gas","11WD7LUDW5GSDG1Q","14/04/2026 14:00 - 14/04/2026 15:00","110.10",""
"14/04/2026 00:00 - 15/04/2026 00:00","CTA|DE(Amprion)","Block GT1","11WD7LUDW5GSDG1Q","Fossil Gas","11WD7LUDW5GSDG1Q","14/04/2026 15:00 - 14/04/2026 16:00","110.22",""
"14/04/2026 00:00 - 15/04/2026 00:00","CTA|DE(Amprion)","Block GT1","11WD7LUDW5GSDG1Q","Fossil Gas","11WD7LUDW5GSDG1Q","14/04/2026 16:00 - 14/04/2026 17:00","111.05",""
"14/04/2026 00:00 - 15/04/2026 00:00","CTA|DE(Amprion)","Block GT1","11WD7LUDW5GSDG1Q","Fossil Gas","11WD7LUDW5GSDG1Q","14/04/2026 17:00 - 14/04/2026 18:00","110.10",""
"14/04/2026 00:00 - 15/04/2026 00:00","CTA|DE(Amprion)","Block GT1","11WD7LUDW5GSDG1Q","Fossil Gas","11WD7LUDW5GSDG1Q","14/04/2026 18:00 - 14/04/2026 19:00","139.32",""
"14/04/2026 00:00 - 15/04/2026 00:00","CTA|DE(Amprion)","Block GT1","11WD7LUDW5GSDG1Q","Fossil Gas","11WD7LUDW5GSDG1Q","14/04/2026 19:00 - 14/04/2026 20:00","155.88",""
"14/04/2026 00:00 - 15/04/2026 00:00","CTA|DE(Amprion)","Block GT1","11WD7LUDW5GSDG1Q","Fossil Gas","11WD7LUDW5GSDG1Q","14/04/2026 20:00 - 14/04/2026 21:00","154.60",""
"14/04/2026 00:00 - 15/04/2026 00:00","CTA|DE(Amprion)","Block GT1","11WD7LUDW5GSDG1Q","Fossil Gas","11WD7LUDW5GSDG1Q","14/04/2026 21:00 - 14/04/2026 22:00","155.80",""
"14/04/2026 00:00 - 15/04/2026 00:00","CTA|DE(Amprion)","Block GT1","11WD7LUDW5GSDG1Q","Fossil Gas","11WD7LUDW5GSDG1Q","14/04/2026 22:00 - 14/04/2026 23:00","154.38",""
"14/04/2026 00:00 - 15/04/2026 00:00","CTA|DE(Amprion)","Block GT1","11WD7LUDW5GSDG1Q","Fossil Gas","11WD7LUDW5GSDG1Q","14/04/2026 23:00 - 15/04/2026 00:00","145.25",""
"14/04/2026 00:00 - 15/04/2026 00:00","CTA|DE(Amprion)","Block GT2","11WD7LUDW5GSDG2O","Fossil Gas","11WD7LUDW5GSDG2O","14/04/2026 00:00 - 14/04/2026 01:00","146.40",""
"14/04/2026 00:00 - 15/04/2026 00:00","CTA|DE(Amprion)","Block GT2","11WD7LUDW5GSDG2O","Fossil Gas","11WD7LUDW5GSDG2O","14/04/2026 01:00 - 14/04/2026 02:00","144.18",""
"14/04/2026 00:00 - 15/04/2026 00:00","CTA|DE(Amprion)","Block GT2","11WD7LUDW5GSDG2O","Fossil Gas","11WD7LUDW5GSDG2O","14/04/2026 02:00 - 14/04/2026 03:00","132.68",""
"14/04/2026 00:00 - 15/04/2026 00:00","CTA|DE(Amprion)","Block GT2","11WD7LUDW5GSDG2O","Fossil Gas","11WD7LUDW5GSDG2O","14/04/2026 03:00 - 14/04/2026 04:00","129.18",""
"14/04/2026 00:00 - 15/04/2026 00:00","CTA|DE(Amprion)","Block GT2","11WD7LUDW5GSDG2O","Fossil Gas","11WD7LUDW5GSDG2O","14/04/2026 04:00 - 14/04/2026 05:00","127.88",""
"14/04/2026 00:00 - 15/04/2026 00:00","CTA|DE(Amprion)","Block GT2","11WD7LUDW5GSDG2O","Fossil Gas","11WD7LUDW5GSDG2O","14/04/2026 05:00 - 14/04/2026 06:00","128.20",""
"14/04/2026 00:00 - 15/04/2026 00:00","CTA|DE(Amprion)","Block GT2","11WD7LUDW5GSDG2O","Fossil Gas","11WD7LUDW5GSDG2O","14/04/2026 06:00 - 14/04/2026 07:00","139.03",""
"14/04/2026 00:00 - 15/04/2026 00:00","CTA|DE(Amprion)","Block GT2","11WD7LUDW5GSDG2O","Fossil Gas","11WD7LUDW5GSDG2O","14/04/2026 07:00 - 14/04/2026 08:00","140.72",""
"14/04/2026 00:00 - 15/04/2026 00:00","CTA|DE(Amprion)","Block GT2","11WD7LUDW5GSDG2O","Fossil Gas","11WD7LUDW5GSDG2O","14/04/2026 08:00 - 14/04/2026 09:00","150.80",""
"14/04/2026 00:00 - 15/04/2026 00:00","CTA|DE(Amprion)","Block GT2","11WD7LUDW5GSDG2O","Fossil Gas","11WD7LUDW5GSDG2O","14/04/2026 09:00 - 14/04/2026 10:00","137.20",""
"14/04/2026 00:00 - 15/04/2026 00:00","CTA|DE(Amprion)","Block GT2","11WD7LUDW5GSDG2O","Fossil Gas","11WD7LUDW5GSDG2O","14/04/2026 10:00 - 14/04/2026 11:00","112.58",""
"14/04/2026 00:00 - 15/04/2026 00:00","CTA|DE(Amprion)","Block GT2","11WD7LUDW5GSDG2O","Fossil Gas","11WD7LUDW5GSDG2O","14/04/2026 11:00 - 14/04/2026 12:00","111.03",""
"14/04/2026 00:00 - 15/04/2026 00:00","CTA|DE(Amprion)","Block GT2","11WD7LUDW5GSDG2O","Fossil Gas","11WD7LUDW5GSDG2O","14/04/2026 12:00 - 14/04/2026 13:00","106.20",""
"14/04/2026 00:00 - 15/04/2026 00:00","CTA|DE(Amprion)","Block GT2","11WD7LUDW5GSDG2O","Fossil Gas","11WD7LUDW5GSDG2O","14/04/2026 13:00 - 14/04/2026 14:00","83.72",""
"14/04/2026 00:00 - 15/04/2026 00:00","CTA|DE(Amprion)","Block GT2","11WD7LUDW5GSDG2O","Fossil Gas","11WD7LUDW5GSDG2O","14/04/2026 14:00 - 14/04/2026 15:00","80.60",""
"14/04/2026 00:00 - 15/04/2026 00:00","CTA|DE(Amprion)","Block GT2","11WD7LUDW5GSDG2O","Fossil Gas","11WD7LUDW5GSDG2O","14/04/2026 15:00 - 14/04/2026 16:00","82.08",""
"14/04/2026 00:00 - 15/04/2026 00:00","CTA|DE(Amprion)","Block GT2","11WD7LUDW5GSDG2O","Fossil Gas","11WD7LUDW5GSDG2O","14/04/2026 16:00 - 14/04/2026 17:00","108.85",""
"14/04/2026 00:00 - 15/04/2026 00:00","CTA|DE(Amprion)","Block GT2","11WD7LUDW5GSDG2O","Fossil Gas","11WD7LUDW5GSDG2O","14/04/2026 17:00 - 14/04/2026 18:00","105.38",""
"14/04/2026 00:00 - 15/04/2026 00:00","CTA|DE(Amprion)","Block GT2","11WD7LUDW5GSDG2O","Fossil Gas","11WD7LUDW5GSDG2O","14/04/2026 18:00 - 14/04/2026 19:00","138.78",""
"14/04/2026 00:00 - 15/04/2026 00:00","CTA|DE(Amprion)","Block GT2","11WD7LUDW5GSDG2O","Fossil Gas","11WD7LUDW5GSDG2O","14/04/2026 19:00 - 14/04/2026 20:00","155.85",""
"14/04/2026 00:00 - 15/04/2026 00:00","CTA|DE(Amprion)","Block GT2","11WD7LUDW5GSDG2O","Fossil Gas","11WD7LUDW5GSDG2O","14/04/2026 20:00 - 14/04/2026 21:00","154.47",""
"14/04/2026 00:00 - 15/04/2026 00:00","CTA|DE(Amprion)","Block GT2","11WD7LUDW5GSDG2O","Fossil Gas","11WD7LUDW5GSDG2O","14/04/2026 21:00 - 14/04/2026 22:00","155.65",""
"14/04/2026 00:00 - 15/04/2026 00:00","CTA|DE(Amprion)","Block GT2","11WD7LUDW5GSDG2O","Fossil Gas","11WD7LUDW5GSDG2O","14/04/2026 22:00 - 14/04/2026 23:00","154.32",""
"14/04/2026 00:00 - 15/04/2026 00:00","CTA|DE(Amprion)","Block GT2","11WD7LUDW5GSDG2O","Fossil Gas","11WD7LUDW5GSDG2O","14/04/2026 23:00 - 15/04/2026 00:00","145.15",""
"14/04/2026 00:00 - 15/04/2026 00:00","CTA|DE(Amprion)","BEXBACH_A_GESAMT","11WD7MITB1C---A1","Fossil Hard coal","11WD7MITB1C---A1","14/04/2026 00:00 - 14/04/2026 01:00","0.00",""
"14/04/2026 00:00 - 15/04/2026 00:00","CTA|DE(Amprion)","BEXBACH_A_GESAMT","11WD7MITB1C---A1","Fossil Hard coal","11WD7MITB1C---A1","14/04/2026 01:00 - 14/04/2026 02:00","0.00",""
"14/04/2026 00:00 - 15/04/2026 00:00","CTA|DE(Amprion)","BEXBACH_A_GESAMT","11WD7MITB1C---A1","Fossil Hard coal","11WD7MITB1C---A1","14/04/2026 02:00 - 14/04/2026 03:00","0.00",""
"14/04/2026 00:00 - 15/04/2026 00:00","CTA|DE(Amprion)","BEXBACH_A_GESAMT","11WD7MITB1C---A1","Fossil Hard coal","11WD7MITB1C---A1","14/04/2026 03:00 - 14/04/2026 04:00","0.00",""
"14/04/2026 00:00 - 15/04/2026 00:00","CTA|DE(Amprion)","BEXBACH_A_GESAMT","11WD7MITB1C---A1","Fossil Hard coal","11WD7MITB1C---A1","14/04/2026 04:00 - 14/04/2026 05:00","0.00",""
"14/04/2026 00:00 - 15/04/2026 00:00","CTA|DE(Amprion)","BEXBACH_A_GESAMT","11WD7MITB1C---A1","Fossil Hard coal","11WD7MITB1C---A1","14/04/2026 05:00 - 14/04/2026 06:00","0.00",""
"14/04/2026 00:00 - 15/04/2026 00:00","CTA|DE(Amprion)","BEXBACH_A_GESAMT","11WD7MITB1C---A1","Fossil Hard coal","11WD7MITB1C---A1","14/04/2026 06:00 - 14/04/2026 07:00","0.00",""
"14/04/2026 00:00 - 15/04/2026 00:00","CTA|DE(Amprion)","BEXBACH_A_GESAMT","11WD7MITB1C---A1","Fossil Hard coal","11WD7MITB1C---A1","14/04/2026 07:00 - 14/04/2026 08:00","0.00",""
"14/04/2026 00:00 - 15/04/2026 00:00","CTA|DE(Amprion)","BEXBACH_A_GESAMT","11WD7MITB1C---A1","Fossil Hard coal","11WD7MITB1C---A1","14/04/2026 08:00 - 14/04/2026 09:00","0.00",""
"14/04/2026 00:00 - 15/04/2026 00:00","CTA|DE(Amprion)","BEXBACH_A_GESAMT","11WD7MITB1C---A1","Fossil Hard coal","11WD7MITB1C---A1","14/04/2026 09:00 - 14/04/2026 10:00","0.00",""
"14/04/2026 00:00 - 15/04/2026 00:00","CTA|DE(Amprion)","BEXBACH_A_GESAMT","11WD7MITB1C---A1","Fossil Hard coal","11WD7MITB1C---A1","14/04/2026 10:00 - 14/04/2026 11:00","0.00",""
"14/04/2026 00:00 - 15/04/2026 00:00","CTA|DE(Amprion)","BEXBACH_A_GESAMT","11WD7MITB1C---A1","Fossil Hard coal","11WD7MITB1C---A1","14/04/2026 11:00 - 14/04/2026 12:00","0.00",""
"14/04/2026 00:00 - 15/04/2026 00:00","CTA|DE(Amprion)","BEXBACH_A_GESAMT","11WD7MITB1C---A1","Fossil Hard coal","11WD7MITB1C---A1","14/04/2026 12:00 - 14/04/2026 13:00","0.00",""
"14/04/2026 00:00 - 15/04/2026 00:00","CTA|DE(Amprion)","BEXBACH_A_GESAMT","11WD7MITB1C---A1","Fossil Hard coal","11WD7MITB1C---A1","14/04/2026 13:00 - 14/04/2026 14:00","0.00",""
"14/04/2026 00:00 - 15/04/2026 00:00","CTA|DE(Amprion)","BEXBACH_A_GESAMT","11WD7MITB1C---A1","Fossil Hard coal","11WD7MITB1C---A1","14/04/2026 14:00 - 14/04/2026 15:00","0.00",""
"14/04/2026 00:00 - 15/04/2026 00:00","CTA|DE(Amprion)","BEXBACH_A_GESAMT","11WD7MITB1C---A1","Fossil Hard coal","11WD7MITB1C---A1","14/04/2026 15:00 - 14/04/2026 16:00","0.00",""
"14/04/2026 00:00 - 15/04/2026 00:00","CTA|DE(Amprion)","BEXBACH_A_GESAMT","11WD7MITB1C---A1","Fossil Hard coal","11WD7MITB1C---A1","14/04/2026 16:00 - 14/04/2026 17:00","0.00",""
"14/04/2026 00:00 - 15/04/2026 00:00","CTA|DE(Amprion)","BEXBACH_A_GESAMT","11WD7MITB1C---A1","Fossil Hard coal","11WD7MITB1C---A1","14/04/2026 17:00 - 14/04/2026 18:00","0.00",""
"14/04/2026 00:00 - 15/04/2026 00:00","CTA|DE(Amprion)","BEXBACH_A_GESAMT","11WD7MITB1C---A1","Fossil Hard coal","11WD7MITB1C---A1","14/04/2026 18:00 - 14/04/2026 19:00","0.00",""
"14/04/2026 00:00 - 15/04/2026 00:00","CTA|DE(Amprion)","BEXBACH_A_GESAMT","11WD7MITB1C---A1","Fossil Hard coal","11WD7MITB1C---A1","14/04/2026 19:00 - 14/04/2026 20:00","0.00",""
"14/04/2026 00:00 - 15/04/2026 00:00","CTA|DE(Amprion)","BEXBACH_A_GESAMT","11WD7MITB1C---A1","Fossil Hard coal","11WD7MITB1C---A1","14/04/2026 20:00 - 14/04/2026 21:00","0.00",""
"14/04/2026 00:00 - 15/04/2026 00:00","CTA|DE(Amprion)","BEXBACH_A_GESAMT","11WD7MITB1C---A1","Fossil Hard coal","11WD7MITB1C---A1","14/04/2026 21:00 - 14/04/2026 22:00","0.00",""
"14/04/2026 00:00 - 15/04/2026 00:00","CTA|DE(Amprion)","BEXBACH_A_GESAMT","11WD7MITB1C---A1","Fossil Hard coal","11WD7MITB1C---A1","14/04/2026 22:00 - 14/04/2026 23:00","0.00",""
"14/04/2026 00:00 - 15/04/2026 00:00","CTA|DE(Amprion)","BEXBACH_A_GESAMT","11WD7MITB1C---A1","Fossil Hard coal","11WD7MITB1C---A1","14/04/2026 23:00 - 15/04/2026 00:00","0.00",""
"14/04/2026 00:00 - 15/04/2026 00:00","CTA|DE(Amprion)","Neurath F","11WD7NEUR1B--F-L","Fossil Brown coal/Lignite","11WD7NEUR1B--F-L","14/04/2026 00:00 - 14/04/2026 01:00","1007.88",""
"14/04/2026 00:00 - 15/04/2026 00:00","CTA|DE(Amprion)","Neurath F","11WD7NEUR1B--F-L","Fossil Brown coal/Lignite","11WD7NEUR1B--F-L","14/04/2026 01:00 - 14/04/2026 02:00","1016.67",""
"14/04/2026 00:00 - 15/04/2026 00:00","CTA|DE(Amprion)","Neurath F","11WD7NEUR1B--F-L","Fossil Brown coal/Lignite","11WD7NEUR1B--F-L","14/04/2026 02:00 - 14/04/2026 03:00","1014.90",""
"14/04/2026 00:00 - 15/04/2026 00:00","CTA|DE(Amprion)","Neurath F","11WD7NEUR1B--F-L","Fossil Brown coal/Lignite","11WD7NEUR1B--F-L","14/04/2026 03:00 - 14/04/2026 04:00","1017.35",""
"14/04/2026 00:00 - 15/04/2026 00:00","CTA|DE(Amprion)","Neurath F","11WD7NEUR1B--F-L","Fossil Brown coal/Lignite","11WD7NEUR1B--F-L","14/04/2026 04:00 - 14/04/2026 05:00","1018.70",""
"14/04/2026 00:00 - 15/04/2026 00:00","CTA|DE(Amprion)","Neurath F","11WD7NEUR1B--F-L","Fossil Brown coal/Lignite","11WD7NEUR1B--F-L","14/04/2026 05:00 - 14/04/2026 06:00","1009.80",""
"14/04/2026 00:00 - 15/04/2026 00:00","CTA|DE(Amprion)","Neurath F","11WD7NEUR1B--F-L","Fossil Brown coal/Lignite","11WD7NEUR1B--F-L","14/04/2026 06:00 - 14/04/2026 07:00","1009.65",""
"14/04/2026 00:00 - 15/04/2026 00:00","CTA|DE(Amprion)","Neurath F","11WD7NEUR1B--F-L","Fossil Brown coal/Lignite","11WD7NEUR1B--F-L","14/04/2026 07:00 - 14/04/2026 08:00","1003.80",""
"14/04/2026 00:00 - 15/04/2026 00:00","CTA|DE(Amprion)","Neurath F","11WD7NEUR1B--F-L","Fossil Brown coal/Lignite","11WD7NEUR1B--F-L","14/04/2026 08:00 - 14/04/2026 09:00","1011.38",""
"14/04/2026 00:00 - 15/04/2026 00:00","CTA|DE(Amprion)","Neurath F","11WD7NEUR1B--F-L","Fossil Brown coal/Lignite","11WD7NEUR1B--F-L","14/04/2026 09:00 - 14/04/2026 10:00","1013.60",""
"14/04/2026 00:00 - 15/04/2026 00:00","CTA|DE(Amprion)","Neurath F","11WD7NEUR1B--F-L","Fossil Brown coal/Lignite","11WD7NEUR1B--F-L","14/04/2026 10:00 - 14/04/2026 11:00","1010.75",""
"14/04/2026 00:00 - 15/04/2026 00:00","CTA|DE(Amprion)","Neurath F","11WD7NEUR1B--F-L","Fossil Brown coal/Lignite","11WD7NEUR1B--F-L","14/04/2026 11:00 - 14/04/2026 12:00","1006.55",""
"14/04/2026 00:00 - 15/04/2026 00:00","CTA|DE(Amprion)","Neurath F","11WD7NEUR1B--F-L","Fossil Brown coal/Lignite","11WD7NEUR1B--F-L","14/04/2026 12:00 - 14/04/2026 13:00","1012.20",""
"14/04/2026 00:00 - 15/04/2026 00:00","CTA|DE(Amprion)","Neurath F","11WD7NEUR1B--F-L","Fossil Brown coal/Lignite","11WD7NEUR1B--F-L","14/04/2026 13:00 - 14/04/2026 14:00","1012.15",""
"14/04/2026 00:00 - 15/04/2026 00:00","CTA|DE(Amprion)","Neurath F","11WD7NEUR1B--F-L","Fossil Brown coal/Lignite","11WD7NEUR1B--F-L","14/04/2026 14:00 - 14/04/2026 15:00","783.98",""
"14/04/2026 00:00 - 15/04/2026 00:00","CTA|DE(Amprion)","Neurath F","11WD7NEUR1B--F-L","Fossil Brown coal/Lignite","11WD7NEUR1B--F-L","14/04/2026 15:00 - 14/04/2026 16:00","763.10",""
"14/04/2026 00:00 - 15/04/2026 00:00","CTA|DE(Amprion)","Neurath F","11WD7NEUR1B--F-L","Fossil Brown coal/Lignite","11WD7NEUR1B--F-L","14/04/2026 16:00 - 14/04/2026 17:00","767.17",""
"14/04/2026 00:00 - 15/04/2026 00:00","CTA|DE(Amprion)","Neurath F","11WD7NEUR1B--F-L","Fossil Brown coal/Lignite","11WD7NEUR1B--F-L","14/04/2026 17:00 - 14/04/2026 18:00","902.73",""
"14/04/2026 00:00 - 15/04/2026 00:00","CTA|DE(Amprion)","Neurath F","11WD7NEUR1B--F-L","Fossil Brown coal/Lignite","11WD7NEUR1B--F-L","14/04/2026 18:00 - 14/04/2026 19:00","1023.33",""
"14/04/2026 00:00 - 15/04/2026 00:00","CTA|DE(Amprion)","Neurath F","11WD7NEUR1B--F-L","Fossil Brown coal/Lignite","11WD7NEUR1B--F-L","14/04/2026 19:00 - 14/04/2026 20:00","1020.30",""
"14/04/2026 00:00 - 15/04/2026 00:00","CTA|DE(Amprion)","Neurath F","11WD7NEUR1B--F-L","Fossil Brown coal/Lignite","11WD7NEUR1B--F-L","14/04/2026 20:00 - 14/04/2026 21:00","1021.30",""
"14/04/2026 00:00 - 15/04/2026 00:00","CTA|DE(Amprion)","Neurath F","11WD7NEUR1B--F-L","Fossil Brown coal/Lignite","11WD7NEUR1B--F-L","14/04/2026 21:00 - 14/04/2026 22:00","1014.92",""
"14/04/2026 00:00 - 15/04/2026 00:00","CTA|DE(Amprion)","Neurath F","11WD7NEUR1B--F-L","Fossil Brown coal/Lignite","11WD7NEUR1B--F-L","14/04/2026 22:00 - 14/04/2026 23:00","1010.58",""
"14/04/2026 00:00 - 15/04/2026 00:00","CTA|DE(Amprion)","Neurath F","11WD7NEUR1B--F-L","Fossil Brown coal/Lignite","11WD7NEUR1B--F-L","14/04/2026 23:00 - 15/04/2026 00:00","1007.40",""
"14/04/2026 00:00 - 15/04/2026 00:00","CTA|DE(Amprion)","Neurath G","11WD7NEUR1B--G-I","Fossil Brown coal/Lignite","11WD7NEUR1B--G-I","14/04/2026 00:00 - 14/04/2026 01:00","0.00",""
"14/04/2026 00:00 - 15/04/2026 00:00","CTA|DE(Amprion)","Neurath G","11WD7NEUR1B--G-I","Fossil Brown coal/Lignite","11WD7NEUR1B--G-I","14/04/2026 01:00 - 14/04/2026 02:00","0.00",""
"14/04/2026 00:00 - 15/04/2026 00:00","CTA|DE(Amprion)","Neurath G","11WD7NEUR1B--G-I","Fossil Brown coal/Lignite","11WD7NEUR1B--G-I","14/04/2026 02:00 - 14/04/2026 03:00","0.00",""
"14/04/2026 00:00 - 15/04/2026 00:00","CTA|DE(Amprion)","Neurath G","11WD7NEUR1B--G-I","Fossil Brown coal/Lignite","11WD7NEUR1B--G-I","14/04/2026 03:00 - 14/04/2026 04:00","0.00",""
"14/04/2026 00:00 - 15/04/2026 00:00","CTA|DE(Amprion)","Neurath G","11WD7NEUR1B--G-I","Fossil Brown coal/Lignite","11WD7NEUR1B--G-I","14/04/2026 04:00 - 14/04/2026 05:00","0.00",""
"14/04/2026 00:00 - 15/04/2026 00:00","CTA|DE(Amprion)","Neurath G","11WD7NEUR1B--G-I","Fossil Brown coal/Lignite","11WD7NEUR1B--G-I","14/04/2026 05:00 - 14/04/2026 06:00","0.00",""
"14/04/2026 00:00 - 15/04/2026 00:00","CTA|DE(Amprion)","Neurath G","11WD7NEUR1B--G-I","Fossil Brown coal/Lignite","11WD7NEUR1B--G-I","14/04/2026 06:00 - 14/04/2026 07:00","0.00",""
"14/04/2026 00:00 - 15/04/2026 00:00","CTA|DE(Amprion)","Neurath G","11WD7NEUR1B--G-I","Fossil Brown coal/Lignite","11WD7NEUR1B--G-I","14/04/2026 07:00 - 14/04/2026 08:00","0.00",""
"14/04/2026 00:00 - 15/04/2026 00:00","CTA|DE(Amprion)","Neurath G","11WD7NEUR1B--G-I","Fossil Brown coal/Lignite","11WD7NEUR1B--G-I","14/04/2026 08:00 - 14/04/2026 09:00","0.00",""
"14/04/2026 00:00 - 15/04/2026 00:00","CTA|DE(Amprion)","Neurath G","11WD7NEUR1B--G-I","Fossil Brown coal/Lignite","11WD7NEUR1B--G-I","14/04/2026 09:00 - 14/04/2026 10:00","0.00",""
"14/04/2026 00:00 - 15/04/2026 00:00","CTA|DE(Amprion)","Neurath G","11WD7NEUR1B--G-I","Fossil Brown coal/Lignite","11WD7NEUR1B--G-I","14/04/2026 10:00 - 14/04/2026 11:00","0.00",""
"14/04/2026 00:00 - 15/04/2026 00:00","CTA|DE(Amprion)","Neurath G","11WD7NEUR1B--G-I","Fossil Brown coal/Lignite","11WD7NEUR1B--G-I","14/04/2026 11:00 - 14/04/2026 12:00","0.00",""
"14/04/2026 00:00 - 15/04/2026 00:00","CTA|DE(Amprion)","Neurath G","11WD7NEUR1B--G-I","Fossil Brown coal/Lignite","11WD7NEUR1B--G-I","14/04/2026 12:00 - 14/04/2026 13:00","0.00",""
"14/04/2026 00:00 - 15/04/2026 00:00","CTA|DE(Amprion)","Neurath G","11WD7NEUR1B--G-I","Fossil Brown coal/Lignite","11WD7NEUR1B--G-I","14/04/2026 13:00 - 14/04/2026 14:00","0.00",""
"14/04/2026 00:00 - 15/04/2026 00:00","CTA|DE(Amprion)","Neurath G","11WD7NEUR1B--G-I","Fossil Brown coal/Lignite","11WD7NEUR1B--G-I","14/04/2026 14:00 - 14/04/2026 15:00","0.00",""
"14/04/2026 00:00 - 15/04/2026 00:00","CTA|DE(Amprion)","Neurath G","11WD7NEUR1B--G-I","Fossil Brown coal/Lignite","11WD7NEUR1B--G-I","14/04/2026 15:00 - 14/04/2026 16:00","0.00",""
"14/04/2026 00:00 - 15/04/2026 00:00","CTA|DE(Amprion)","Neurath G","11WD7NEUR1B--G-I","Fossil Brown coal/Lignite","11WD7NEUR1B--G-I","14/04/2026 16:00 - 14/04/2026 17:00","0.00",""
"14/04/2026 00:00 - 15/04/2026 00:00","CTA|DE(Amprion)","Neurath G","11WD7NEUR1B--G-I","Fossil Brown coal/Lignite","11WD7NEUR1B--G-I","14/04/2026 17:00 - 14/04/2026 18:00","0.00",""
"14/04/2026 00:00 - 15/04/2026 00:00","CTA|DE(Amprion)","Neurath G","11WD7NEUR1B--G-I","Fossil Brown coal/Lignite","11WD7NEUR1B--G-I","14/04/2026 18:00 - 14/04/2026 19:00","0.00",""
"14/04/2026 00:00 - 15/04/2026 00:00","CTA|DE(Amprion)","Neurath G","11WD7NEUR1B--G-I","Fossil Brown coal/Lignite","11WD7NEUR1B--G-I","14/04/2026 19:00 - 14/04/2026 20:00","0.00",""
"14/04/2026 00:00 - 15/04/2026 00:00","CTA|DE(Amprion)","Neurath G","11WD7NEUR1B--G-I","Fossil Brown coal/Lignite","11WD7NEUR1B--G-I","14/04/2026 20:00 - 14/04/2026 21:00","0.00",""
"14/04/2026 00:00 - 15/04/2026 00:00","CTA|DE(Amprion)","Neurath G","11WD7NEUR1B--G-I","Fossil Brown coal/Lignite","11WD7NEUR1B--G-I","14/04/2026 21:00 - 14/04/2026 22:00","0.00",""
"14/04/2026 00:00 - 15/04/2026 00:00","CTA|DE(Amprion)","Neurath G","11WD7NEUR1B--G-I","Fossil Brown coal/Lignite","11WD7NEUR1B--G-I","14/04/2026 22:00 - 14/04/2026 23:00","0.00",""
"14/04/2026 00:00 - 15/04/2026 00:00","CTA|DE(Amprion)","Neurath G","11WD7NEUR1B--G-I","Fossil Brown coal/Lignite","11WD7NEUR1B--G-I","14/04/2026 23:00 - 15/04/2026 00:00","0.00",""
"14/04/2026 00:00 - 15/04/2026 00:00","CTA|DE(Amprion)","Niederaußem G","11WD7NIED1B--G-C","Fossil Brown coal/Lignite","11WD7NIED1B--G-C","14/04/2026 00:00 - 14/04/2026 01:00","607.25",""
"14/04/2026 00:00 - 15/04/2026 00:00","CTA|DE(Amprion)","Niederaußem G","11WD7NIED1B--G-C","Fossil Brown coal/Lignite","11WD7NIED1B--G-C","14/04/2026 01:00 - 14/04/2026 02:00","607.88",""
"14/04/2026 00:00 - 15/04/2026 00:00","CTA|DE(Amprion)","Niederaußem G","11WD7NIED1B--G-C","Fossil Brown coal/Lignite","11WD7NIED1B--G-C","14/04/2026 02:00 - 14/04/2026 03:00","609.02",""
"14/04/2026 00:00 - 15/04/2026 00:00","CTA|DE(Amprion)","Niederaußem G","11WD7NIED1B--G-C","Fossil Brown coal/Lignite","11WD7NIED1B--G-C","14/04/2026 03:00 - 14/04/2026 04:00","608.27",""
"14/04/2026 00:00 - 15/04/2026 00:00","CTA|DE(Amprion)","Niederaußem G","11WD7NIED1B--G-C","Fossil Brown coal/Lignite","11WD7NIED1B--G-C","14/04/2026 04:00 - 14/04/2026 05:00","617.35",""
"14/04/2026 00:00 - 15/04/2026 00:00","CTA|DE(Amprion)","Niederaußem G","11WD7NIED1B--G-C","Fossil Brown coal/Lignite","11WD7NIED1B--G-C","14/04/2026 05:00 - 14/04/2026 06:00","619.15",""
"14/04/2026 00:00 - 15/04/2026 00:00","CTA|DE(Amprion)","Niederaußem G","11WD7NIED1B--G-C","Fossil Brown coal/Lignite","11WD7NIED1B--G-C","14/04/2026 06:00 - 14/04/2026 07:00","617.73",""
"14/04/2026 00:00 - 15/04/2026 00:00","CTA|DE(Amprion)","Niederaußem G","11WD7NIED1B--G-C","Fossil Brown coal/Lignite","11WD7NIED1B--G-C","14/04/2026 07:00 - 14/04/2026 08:00","616.48",""
"14/04/2026 00:00 - 15/04/2026 00:00","CTA|DE(Amprion)","Niederaußem G","11WD7NIED1B--G-C","Fossil Brown coal/Lignite","11WD7NIED1B--G-C","14/04/2026 08:00 - 14/04/2026 09:00","608.45",""
"14/04/2026 00:00 - 15/04/2026 00:00","CTA|DE(Amprion)","Niederaußem G","11WD7NIED1B--G-C","Fossil Brown coal/Lignite","11WD7NIED1B--G-C","14/04/2026 09:00 - 14/04/2026 10:00","608.85",""
"14/04/2026 00:00 - 15/04/2026 00:00","CTA|DE(Amprion)","Niederaußem G","11WD7NIED1B--G-C","Fossil Brown coal/Lignite","11WD7NIED1B--G-C","14/04/2026 10:00 - 14/04/2026 11:00","611.77",""
"14/04/2026 00:00 - 15/04/2026 00:00","CTA|DE(Amprion)","Niederaußem G","11WD7NIED1B--G-C","Fossil Brown coal/Lignite","11WD7NIED1B--G-C","14/04/2026 11:00 - 14/04/2026 12:00","610.42",""
"14/04/2026 00:00 - 15/04/2026 00:00","CTA|DE(Amprion)","Niederaußem G","11WD7NIED1B--G-C","Fossil Brown coal/Lignite","11WD7NIED1B--G-C","14/04/2026 12:00 - 14/04/2026 13:00","579.30",""
"14/04/2026 00:00 - 15/04/2026 00:00","CTA|DE(Amprion)","Niederaußem G","11WD7NIED1B--G-C","Fossil Brown coal/Lignite","11WD7NIED1B--G-C","14/04/2026 13:00 - 14/04/2026 14:00","322.15",""
"14/04/2026 00:00 - 15/04/2026 00:00","CTA|DE(Amprion)","Niederaußem G","11WD7NIED1B--G-C","Fossil Brown coal/Lignite","11WD7NIED1B--G-C","14/04/2026 14:00 - 14/04/2026 15:00","302.48",""
"14/04/2026 00:00 - 15/04/2026 00:00","CTA|DE(Amprion)","Niederaußem G","11WD7NIED1B--G-C","Fossil Brown coal/Lignite","11WD7NIED1B--G-C","14/04/2026 15:00 - 14/04/2026 16:00","583.95",""
"14/04/2026 00:00 - 15/04/2026 00:00","CTA|DE(Amprion)","Niederaußem G","11WD7NIED1B--G-C","Fossil Brown coal/Lignite","11WD7NIED1B--G-C","14/04/2026 16:00 - 14/04/2026 17:00","628.90",""
"14/04/2026 00:00 - 15/04/2026 00:00","CTA|DE(Amprion)","Niederaußem G","11WD7NIED1B--G-C","Fossil Brown coal/Lignite","11WD7NIED1B--G-C","14/04/2026 17:00 - 14/04/2026 18:00","629.45",""
"14/04/2026 00:00 - 15/04/2026 00:00","CTA|DE(Amprion)","Niederaußem G","11WD7NIED1B--G-C","Fossil Brown coal/Lignite","11WD7NIED1B--G-C","14/04/2026 18:00 - 14/04/2026 19:00","611.92",""
"14/04/2026 00:00 - 15/04/2026 00:00","CTA|DE(Amprion)","Niederaußem G","11WD7NIED1B--G-C","Fossil Brown coal/Lignite","11WD7NIED1B--G-C","14/04/2026 19:00 - 14/04/2026 20:00","631.38",""
"14/04/2026 00:00 - 15/04/2026 00:00","CTA|DE(Amprion)","Niederaußem G","11WD7NIED1B--G-C","Fossil Brown coal/Lignite","11WD7NIED1B--G-C","14/04/2026 20:00 - 14/04/2026 21:00","630.88",""
"14/04/2026 00:00 - 15/04/2026 00:00","CTA|DE(Amprion)","Niederaußem G","11WD7NIED1B--G-C","Fossil Brown coal/Lignite","11WD7NIED1B--G-C","14/04/2026 21:00 - 14/04/2026 22:00","633.50",""
"14/04/2026 00:00 - 15/04/2026 00:00","CTA|DE(Amprion)","Niederaußem G","11WD7NIED1B--G-C","Fossil Brown coal/Lignite","11WD7NIED1B--G-C","14/04/2026 22:00 - 14/04/2026 23:00","633.17",""
"14/04/2026 00:00 - 15/04/2026 00:00","CTA|DE(Amprion)","Niederaußem G","11WD7NIED1B--G-C","Fossil Brown coal/Lignite","11WD7NIED1B--G-C","14/04/2026 23:00 - 15/04/2026 00:00","636.92",""
"14/04/2026 00:00 - 15/04/2026 00:00","CTA|DE(Amprion)","Niederaußem H","11WD7NIED1B--H-9","Fossil Brown coal/Lignite","11WD7NIED1B--H-9","14/04/2026 00:00 - 14/04/2026 01:00","488.00",""
"14/04/2026 00:00 - 15/04/2026 00:00","CTA|DE(Amprion)","Niederaußem H","11WD7NIED1B--H-9","Fossil Brown coal/Lignite","11WD7NIED1B--H-9","14/04/2026 01:00 - 14/04/2026 02:00","491.88",""
"14/04/2026 00:00 - 15/04/2026 00:00","CTA|DE(Amprion)","Niederaußem H","11WD7NIED1B--H-9","Fossil Brown coal/Lignite","11WD7NIED1B--H-9","14/04/2026 02:00 - 14/04/2026 03:00","491.05",""
"14/04/2026 00:00 - 15/04/2026 00:00","CTA|DE(Amprion)","Niederaußem H","11WD7NIED1B--H-9","Fossil Brown coal/Lignite","11WD7NIED1B--H-9","14/04/2026 03:00 - 14/04/2026 04:00","493.75",""
"14/04/2026 00:00 - 15/04/2026 00:00","CTA|DE(Amprion)","Niederaußem H","11WD7NIED1B--H-9","Fossil Brown coal/Lignite","11WD7NIED1B--H-9","14/04/2026 04:00 - 14/04/2026 05:00","490.35",""
"14/04/2026 00:00 - 15/04/2026 00:00","CTA|DE(Amprion)","Niederaußem H","11WD7NIED1B--H-9","Fossil Brown coal/Lignite","11WD7NIED1B--H-9","14/04/2026 05:00 - 14/04/2026 06:00","492.82",""
"14/04/2026 00:00 - 15/04/2026 00:00","CTA|DE(Amprion)","Niederaußem H","11WD7NIED1B--H-9","Fossil Brown coal/Lignite","11WD7NIED1B--H-9","14/04/2026 06:00 - 14/04/2026 07:00","492.95",""
"14/04/2026 00:00 - 15/04/2026 00:00","CTA|DE(Amprion)","Niederaußem H","11WD7NIED1B--H-9","Fossil Brown coal/Lignite","11WD7NIED1B--H-9","14/04/2026 07:00 - 14/04/2026 08:00","494.93",""
"14/04/2026 00:00 - 15/04/2026 00:00","CTA|DE(Amprion)","Niederaußem H","11WD7NIED1B--H-9","Fossil Brown coal/Lignite","11WD7NIED1B--H-9","14/04/2026 08:00 - 14/04/2026 09:00","488.73",""
"14/04/2026 00:00 - 15/04/2026 00:00","CTA|DE(Amprion)","Niederaußem H","11WD7NIED1B--H-9","Fossil Brown coal/Lignite","11WD7NIED1B--H-9","14/04/2026 09:00 - 14/04/2026 10:00","488.80",""
"14/04/2026 00:00 - 15/04/2026 00:00","CTA|DE(Amprion)","Niederaußem H","11WD7NIED1B--H-9","Fossil Brown coal/Lignite","11WD7NIED1B--H-9","14/04/2026 10:00 - 14/04/2026 11:00","438.25",""
"14/04/2026 00:00 - 15/04/2026 00:00","CTA|DE(Amprion)","Niederaußem H","11WD7NIED1B--H-9","Fossil Brown coal/Lignite","11WD7NIED1B--H-9","14/04/2026 11:00 - 14/04/2026 12:00","386.40",""
"14/04/2026 00:00 - 15/04/2026 00:00","CTA|DE(Amprion)","Niederaußem H","11WD7NIED1B--H-9","Fossil Brown coal/Lignite","11WD7NIED1B--H-9","14/04/2026 12:00 - 14/04/2026 13:00","299.73",""
"14/04/2026 00:00 - 15/04/2026 00:00","CTA|DE(Amprion)","Niederaußem H","11WD7NIED1B--H-9","Fossil Brown coal/Lignite","11WD7NIED1B--H-9","14/04/2026 13:00 - 14/04/2026 14:00","280.23",""
"14/04/2026 00:00 - 15/04/2026 00:00","CTA|DE(Amprion)","Niederaußem H","11WD7NIED1B--H-9","Fossil Brown coal/Lignite","11WD7NIED1B--H-9","14/04/2026 14:00 - 14/04/2026 15:00","279.93",""
"14/04/2026 00:00 - 15/04/2026 00:00","CTA|DE(Amprion)","Niederaußem H","11WD7NIED1B--H-9","Fossil Brown coal/Lignite","11WD7NIED1B--H-9","14/04/2026 15:00 - 14/04/2026 16:00","293.93",""
"14/04/2026 00:00 - 15/04/2026 00:00","CTA|DE(Amprion)","Niederaußem H","11WD7NIED1B--H-9","Fossil Brown coal/Lignite","11WD7NIED1B--H-9","14/04/2026 16:00 - 14/04/2026 17:00","295.13",""
"14/04/2026 00:00 - 15/04/2026 00:00","CTA|DE(Amprion)","Niederaußem H","11WD7NIED1B--H-9","Fossil Brown coal/Lignite","11WD7NIED1B--H-9","14/04/2026 17:00 - 14/04/2026 18:00","453.73",""
"14/04/2026 00:00 - 15/04/2026 00:00","CTA|DE(Amprion)","Niederaußem H","11WD7NIED1B--H-9","Fossil Brown coal/Lignite","11WD7NIED1B--H-9","14/04/2026 18:00 - 14/04/2026 19:00","464.43",""
"14/04/2026 00:00 - 15/04/2026 00:00","CTA|DE(Amprion)","Niederaußem H","11WD7NIED1B--H-9","Fossil Brown coal/Lignite","11WD7NIED1B--H-9","14/04/2026 19:00 - 14/04/2026 20:00","480.35",""
"14/04/2026 00:00 - 15/04/2026 00:00","CTA|DE(Amprion)","Niederaußem H","11WD7NIED1B--H-9","Fossil Brown coal/Lignite","11WD7NIED1B--H-9","14/04/2026 20:00 - 14/04/2026 21:00","471.85",""
"14/04/2026 00:00 - 15/04/2026 00:00","CTA|DE(Amprion)","Niederaußem H","11WD7NIED1B--H-9","Fossil Brown coal/Lignite","11WD7NIED1B--H-9","14/04/2026 21:00 - 14/04/2026 22:00","482.95",""
"14/04/2026 00:00 - 15/04/2026 00:00","CTA|DE(Amprion)","Niederaußem H","11WD7NIED1B--H-9","Fossil Brown coal/Lignite","11WD7NIED1B--H-9","14/04/2026 22:00 - 14/04/2026 23:00","484.73",""
"14/04/2026 00:00 - 15/04/2026 00:00","CTA|DE(Amprion)","Niederaußem H","11WD7NIED1B--H-9","Fossil Brown coal/Lignite","11WD7NIED1B--H-9","14/04/2026 23:00 - 15/04/2026 00:00","488.00",""
"14/04/2026 00:00 - 15/04/2026 00:00","CTA|DE(Amprion)","Niederaußem K (BoA 1)","11WD7NIED1B--K-0","Fossil Brown coal/Lignite","11WD7NIED1B--K-0","14/04/2026 00:00 - 14/04/2026 01:00","838.73",""
"14/04/2026 00:00 - 15/04/2026 00:00","CTA|DE(Amprion)","Niederaußem K (BoA 1)","11WD7NIED1B--K-0","Fossil Brown coal/Lignite","11WD7NIED1B--K-0","14/04/2026 01:00 - 14/04/2026 02:00","838.88",""
"14/04/2026 00:00 - 15/04/2026 00:00","CTA|DE(Amprion)","Niederaußem K (BoA 1)","11WD7NIED1B--K-0","Fossil Brown coal/Lignite","11WD7NIED1B--K-0","14/04/2026 02:00 - 14/04/2026 03:00","837.55",""
"14/04/2026 00:00 - 15/04/2026 00:00","CTA|DE(Amprion)","Niederaußem K (BoA 1)","11WD7NIED1B--K-0","Fossil Brown coal/Lignite","11WD7NIED1B--K-0","14/04/2026 03:00 - 14/04/2026 04:00","858.95",""
"14/04/2026 00:00 - 15/04/2026 00:00","CTA|DE(Amprion)","Niederaußem K (BoA 1)","11WD7NIED1B--K-0","Fossil Brown coal/Lignite","11WD7NIED1B--K-0","14/04/2026 04:00 - 14/04/2026 05:00","858.27",""
"14/04/2026 00:00 - 15/04/2026 00:00","CTA|DE(Amprion)","Niederaußem K (BoA 1)","11WD7NIED1B--K-0","Fossil Brown coal/Lignite","11WD7NIED1B--K-0","14/04/2026 05:00 - 14/04/2026 06:00","861.15",""
"14/04/2026 00:00 - 15/04/2026 00:00","CTA|DE(Amprion)","Niederaußem K (BoA 1)","11WD7NIED1B--K-0","Fossil Brown coal/Lignite","11WD7NIED1B--K-0","14/04/2026 06:00 - 14/04/2026 07:00","860.48",""
"14/04/2026 00:00 - 15/04/2026 00:00","CTA|DE(Amprion)","Niederaußem K (BoA 1)","11WD7NIED1B--K-0","Fossil Brown coal/Lignite","11WD7NIED1B--K-0","14/04/2026 07:00 - 14/04/2026 08:00","836.08",""
"14/04/2026 00:00 - 15/04/2026 00:00","CTA|DE(Amprion)","Niederaußem K (BoA 1)","11WD7NIED1B--K-0","Fossil Brown coal/Lignite","11WD7NIED1B--K-0","14/04/2026 08:00 - 14/04/2026 09:00","843.58",""
"14/04/2026 00:00 - 15/04/2026 00:00","CTA|DE(Amprion)","Niederaußem K (BoA 1)","11WD7NIED1B--K-0","Fossil Brown coal/Lignite","11WD7NIED1B--K-0","14/04/2026 09:00 - 14/04/2026 10:00","853.63",""
"14/04/2026 00:00 - 15/04/2026 00:00","CTA|DE(Amprion)","Niederaußem K (BoA 1)","11WD7NIED1B--K-0","Fossil Brown coal/Lignite","11WD7NIED1B--K-0","14/04/2026 10:00 - 14/04/2026 11:00","782.42",""
"14/04/2026 00:00 - 15/04/2026 00:00","CTA|DE(Amprion)","Niederaußem K (BoA 1)","11WD7NIED1B--K-0","Fossil Brown coal/Lignite","11WD7NIED1B--K-0","14/04/2026 11:00 - 14/04/2026 12:00","476.30",""
"14/04/2026 00:00 - 15/04/2026 00:00","CTA|DE(Amprion)","Niederaußem K (BoA 1)","11WD7NIED1B--K-0","Fossil Brown coal/Lignite","11WD7NIED1B--K-0","14/04/2026 12:00 - 14/04/2026 13:00","475.95",""
"14/04/2026 00:00 - 15/04/2026 00:00","CTA|DE(Amprion)","Niederaußem K (BoA 1)","11WD7NIED1B--K-0","Fossil Brown coal/Lignite","11WD7NIED1B--K-0","14/04/2026 13:00 - 14/04/2026 14:00","459.75",""
"14/04/2026 00:00 - 15/04/2026 00:00","CTA|DE(Amprion)","Niederaußem K (BoA 1)","11WD7NIED1B--K-0","Fossil Brown coal/Lignite","11WD7NIED1B--K-0","14/04/2026 14:00 - 14/04/2026 15:00","448.98",""
"14/04/2026 00:00 - 15/04/2026 00:00","CTA|DE(Amprion)","Niederaußem K (BoA 1)","11WD7NIED1B--K-0","Fossil Brown coal/Lignite","11WD7NIED1B--K-0","14/04/2026 15:00 - 14/04/2026 16:00","474.48",""
"14/04/2026 00:00 - 15/04/2026 00:00","CTA|DE(Amprion)","Niederaußem K (BoA 1)","11WD7NIED1B--K-0","Fossil Brown coal/Lignite","11WD7NIED1B--K-0","14/04/2026 16:00 - 14/04/2026 17:00","788.08",""
"14/04/2026 00:00 - 15/04/2026 00:00","CTA|DE(Amprion)","Niederaußem K (BoA 1)","11WD7NIED1B--K-0","Fossil Brown coal/Lignite","11WD7NIED1B--K-0","14/04/2026 17:00 - 14/04/2026 18:00","917.58",""
"14/04/2026 00:00 - 15/04/2026 00:00","CTA|DE(Amprion)","Niederaußem K (BoA 1)","11WD7NIED1B--K-0","Fossil Brown coal/Lignite","11WD7NIED1B--K-0","14/04/2026 18:00 - 14/04/2026 19:00","918.10",""
"14/04/2026 00:00 - 15/04/2026 00:00","CTA|DE(Amprion)","Niederaußem K (BoA 1)","11WD7NIED1B--K-0","Fossil Brown coal/Lignite","11WD7NIED1B--K-0","14/04/2026 19:00 - 14/04/2026 20:00","918.90",""
"14/04/2026 00:00 - 15/04/2026 00:00","CTA|DE(Amprion)","Niederaußem K (BoA 1)","11WD7NIED1B--K-0","Fossil Brown coal/Lignite","11WD7NIED1B--K-0","14/04/2026 20:00 - 14/04/2026 21:00","919.27",""
"14/04/2026 00:00 - 15/04/2026 00:00","CTA|DE(Amprion)","Niederaußem K (BoA 1)","11WD7NIED1B--K-0","Fossil Brown coal/Lignite","11WD7NIED1B--K-0","14/04/2026 21:00 - 14/04/2026 22:00","924.42",""
"14/04/2026 00:00 - 15/04/2026 00:00","CTA|DE(Amprion)","Niederaußem K (BoA 1)","11WD7NIED1B--K-0","Fossil Brown coal/Lignite","11WD7NIED1B--K-0","14/04/2026 22:00 - 14/04/2026 23:00","924.60",""
"14/04/2026 00:00 - 15/04/2026 00:00","CTA|DE(Amprion)","Niederaußem K (BoA 1)","11WD7NIED1B--K-0","Fossil Brown coal/Lignite","11WD7NIED1B--K-0","14/04/2026 23:00 - 15/04/2026 00:00","923.02",""
"14/04/2026 00:00 - 15/04/2026 00:00","CTA|DE(Amprion)","Block AGuD","11WD7NORF5GAGUDC","Fossil Gas","11WD7NORF5GAGUDC","14/04/2026 00:00 - 14/04/2026 01:00","0.00",""
"14/04/2026 00:00 - 15/04/2026 00:00","CTA|DE(Amprion)","Block AGuD","11WD7NORF5GAGUDC","Fossil Gas","11WD7NORF5GAGUDC","14/04/2026 01:00 - 14/04/2026 02:00","0.00",""
"14/04/2026 00:00 - 15/04/2026 00:00","CTA|DE(Amprion)","Block AGuD","11WD7NORF5GAGUDC","Fossil Gas","11WD7NORF5GAGUDC","14/04/2026 02:00 - 14/04/2026 03:00","0.00",""
"14/04/2026 00:00 - 15/04/2026 00:00","CTA|DE(Amprion)","Block AGuD","11WD7NORF5GAGUDC","Fossil Gas","11WD7NORF5GAGUDC","14/04/2026 03:00 - 14/04/2026 04:00","0.00",""
"14/04/2026 00:00 - 15/04/2026 00:00","CTA|DE(Amprion)","Block AGuD","11WD7NORF5GAGUDC","Fossil Gas","11WD7NORF5GAGUDC","14/04/2026 04:00 - 14/04/2026 05:00","0.00",""
"14/04/2026 00:00 - 15/04/2026 00:00","CTA|DE(Amprion)","Block AGuD","11WD7NORF5GAGUDC","Fossil Gas","11WD7NORF5GAGUDC","14/04/2026 05:00 - 14/04/2026 06:00","0.00",""
"14/04/2026 00:00 - 15/04/2026 00:00","CTA|DE(Amprion)","Block AGuD","11WD7NORF5GAGUDC","Fossil Gas","11WD7NORF5GAGUDC","14/04/2026 06:00 - 14/04/2026 07:00","0.00",""
"14/04/2026 00:00 - 15/04/2026 00:00","CTA|DE(Amprion)","Block AGuD","11WD7NORF5GAGUDC","Fossil Gas","11WD7NORF5GAGUDC","14/04/2026 07:00 - 14/04/2026 08:00","0.00",""
"14/04/2026 00:00 - 15/04/2026 00:00","CTA|DE(Amprion)","Block AGuD","11WD7NORF5GAGUDC","Fossil Gas","11WD7NORF5GAGUDC","14/04/2026 08:00 - 14/04/2026 09:00","0.00",""
"14/04/2026 00:00 - 15/04/2026 00:00","CTA|DE(Amprion)","Block AGuD","11WD7NORF5GAGUDC","Fossil Gas","11WD7NORF5GAGUDC","14/04/2026 09:00 - 14/04/2026 10:00","0.00",""
"14/04/2026 00:00 - 15/04/2026 00:00","CTA|DE(Amprion)","Block AGuD","11WD7NORF5GAGUDC","Fossil Gas","11WD7NORF5GAGUDC","14/04/2026 10:00 - 14/04/2026 11:00","0.00",""
"14/04/2026 00:00 - 15/04/2026 00:00","CTA|DE(Amprion)","Block AGuD","11WD7NORF5GAGUDC","Fossil Gas","11WD7NORF5GAGUDC","14/04/2026 11:00 - 14/04/2026 12:00","0.00",""
"14/04/2026 00:00 - 15/04/2026 00:00","CTA|DE(Amprion)","Block AGuD","11WD7NORF5GAGUDC","Fossil Gas","11WD7NORF5GAGUDC","14/04/2026 12:00 - 14/04/2026 13:00","0.00",""
"14/04/2026 00:00 - 15/04/2026 00:00","CTA|DE(Amprion)","Block AGuD","11WD7NORF5GAGUDC","Fossil Gas","11WD7NORF5GAGUDC","14/04/2026 13:00 - 14/04/2026 14:00","0.00",""
"14/04/2026 00:00 - 15/04/2026 00:00","CTA|DE(Amprion)","Block AGuD","11WD7NORF5GAGUDC","Fossil Gas","11WD7NORF5GAGUDC","14/04/2026 14:00 - 14/04/2026 15:00","0.00",""
"14/04/2026 00:00 - 15/04/2026 00:00","CTA|DE(Amprion)","Block AGuD","11WD7NORF5GAGUDC","Fossil Gas","11WD7NORF5GAGUDC","14/04/2026 15:00 - 14/04/2026 16:00","0.00",""
"14/04/2026 00:00 - 15/04/2026 00:00","CTA|DE(Amprion)","Block AGuD","11WD7NORF5GAGUDC","Fossil Gas","11WD7NORF5GAGUDC","14/04/2026 16:00 - 14/04/2026 17:00","0.00",""
"14/04/2026 00:00 - 15/04/2026 00:00","CTA|DE(Amprion)","Block AGuD","11WD7NORF5GAGUDC","Fossil Gas","11WD7NORF5GAGUDC","14/04/2026 17:00 - 14/04/2026 18:00","0.00",""
"14/04/2026 00:00 - 15/04/2026 00:00","CTA|DE(Amprion)","Block AGuD","11WD7NORF5GAGUDC","Fossil Gas","11WD7NORF5GAGUDC","14/04/2026 18:00 - 14/04/2026 19:00","0.00",""
"14/04/2026 00:00 - 15/04/2026 00:00","CTA|DE(Amprion)","Block AGuD","11WD7NORF5GAGUDC","Fossil Gas","11WD7NORF5GAGUDC","14/04/2026 19:00 - 14/04/2026 20:00","0.00",""
"14/04/2026 00:00 - 15/04/2026 00:00","CTA|DE(Amprion)","Block AGuD","11WD7NORF5GAGUDC","Fossil Gas","11WD7NORF5GAGUDC","14/04/2026 20:00 - 14/04/2026 21:00","0.00",""
"14/04/2026 00:00 - 15/04/2026 00:00","CTA|DE(Amprion)","Block AGuD","11WD7NORF5GAGUDC","Fossil Gas","11WD7NORF5GAGUDC","14/04/2026 21:00 - 14/04/2026 22:00","0.00",""
"14/04/2026 00:00 - 15/04/2026 00:00","CTA|DE(Amprion)","Block AGuD","11WD7NORF5GAGUDC","Fossil Gas","11WD7NORF5GAGUDC","14/04/2026 22:00 - 14/04/2026 23:00","0.00",""
"14/04/2026 00:00 - 15/04/2026 00:00","CTA|DE(Amprion)","Block AGuD","11WD7NORF5GAGUDC","Fossil Gas","11WD7NORF5GAGUDC","14/04/2026 23:00 - 15/04/2026 00:00","0.00",""
"14/04/2026 00:00 - 15/04/2026 00:00","CTA|DE(Amprion)","Block F","11WD7NORF5GGUDFA","Fossil Gas","11WD7NORF5GGUDFA","14/04/2026 00:00 - 14/04/2026 01:00","580.25",""
"14/04/2026 00:00 - 15/04/2026 00:00","CTA|DE(Amprion)","Block F","11WD7NORF5GGUDFA","Fossil Gas","11WD7NORF5GGUDFA","14/04/2026 01:00 - 14/04/2026 02:00","584.70",""
"14/04/2026 00:00 - 15/04/2026 00:00","CTA|DE(Amprion)","Block F","11WD7NORF5GGUDFA","Fossil Gas","11WD7NORF5GGUDFA","14/04/2026 02:00 - 14/04/2026 03:00","584.73",""
"14/04/2026 00:00 - 15/04/2026 00:00","CTA|DE(Amprion)","Block F","11WD7NORF5GGUDFA","Fossil Gas","11WD7NORF5GGUDFA","14/04/2026 03:00 - 14/04/2026 04:00","585.23",""
"14/04/2026 00:00 - 15/04/2026 00:00","CTA|DE(Amprion)","Block F","11WD7NORF5GGUDFA","Fossil Gas","11WD7NORF5GGUDFA","14/04/2026 04:00 - 14/04/2026 05:00","586.42",""
"14/04/2026 00:00 - 15/04/2026 00:00","CTA|DE(Amprion)","Block F","11WD7NORF5GGUDFA","Fossil Gas","11WD7NORF5GGUDFA","14/04/2026 05:00 - 14/04/2026 06:00","589.25",""
"14/04/2026 00:00 - 15/04/2026 00:00","CTA|DE(Amprion)","Block F","11WD7NORF5GGUDFA","Fossil Gas","11WD7NORF5GGUDFA","14/04/2026 06:00 - 14/04/2026 07:00","588.55",""
"14/04/2026 00:00 - 15/04/2026 00:00","CTA|DE(Amprion)","Block F","11WD7NORF5GGUDFA","Fossil Gas","11WD7NORF5GGUDFA","14/04/2026 07:00 - 14/04/2026 08:00","591.90",""
"14/04/2026 00:00 - 15/04/2026 00:00","CTA|DE(Amprion)","Block F","11WD7NORF5GGUDFA","Fossil Gas","11WD7NORF5GGUDFA","14/04/2026 08:00 - 14/04/2026 09:00","591.80",""
"14/04/2026 00:00 - 15/04/2026 00:00","CTA|DE(Amprion)","Block F","11WD7NORF5GGUDFA","Fossil Gas","11WD7NORF5GGUDFA","14/04/2026 09:00 - 14/04/2026 10:00","506.10",""
"14/04/2026 00:00 - 15/04/2026 00:00","CTA|DE(Amprion)","Block F","11WD7NORF5GGUDFA","Fossil Gas","11WD7NORF5GGUDFA","14/04/2026 10:00 - 14/04/2026 11:00","45.98",""
"14/04/2026 00:00 - 15/04/2026 00:00","CTA|DE(Amprion)","Block F","11WD7NORF5GGUDFA","Fossil Gas","11WD7NORF5GGUDFA","14/04/2026 11:00 - 14/04/2026 12:00","0.00",""
"14/04/2026 00:00 - 15/04/2026 00:00","CTA|DE(Amprion)","Block F","11WD7NORF5GGUDFA","Fossil Gas","11WD7NORF5GGUDFA","14/04/2026 12:00 - 14/04/2026 13:00","0.00",""
"14/04/2026 00:00 - 15/04/2026 00:00","CTA|DE(Amprion)","Block F","11WD7NORF5GGUDFA","Fossil Gas","11WD7NORF5GGUDFA","14/04/2026 13:00 - 14/04/2026 14:00","0.00",""
"14/04/2026 00:00 - 15/04/2026 00:00","CTA|DE(Amprion)","Block F","11WD7NORF5GGUDFA","Fossil Gas","11WD7NORF5GGUDFA","14/04/2026 14:00 - 14/04/2026 15:00","0.00",""
"14/04/2026 00:00 - 15/04/2026 00:00","CTA|DE(Amprion)","Block F","11WD7NORF5GGUDFA","Fossil Gas","11WD7NORF5GGUDFA","14/04/2026 15:00 - 14/04/2026 16:00","0.00",""
"14/04/2026 00:00 - 15/04/2026 00:00","CTA|DE(Amprion)","Block F","11WD7NORF5GGUDFA","Fossil Gas","11WD7NORF5GGUDFA","14/04/2026 16:00 - 14/04/2026 17:00","14.63",""
"14/04/2026 00:00 - 15/04/2026 00:00","CTA|DE(Amprion)","Block F","11WD7NORF5GGUDFA","Fossil Gas","11WD7NORF5GGUDFA","14/04/2026 17:00 - 14/04/2026 18:00","313.95",""
"14/04/2026 00:00 - 15/04/2026 00:00","CTA|DE(Amprion)","Block F","11WD7NORF5GGUDFA","Fossil Gas","11WD7NORF5GGUDFA","14/04/2026 18:00 - 14/04/2026 19:00","564.75",""
"14/04/2026 00:00 - 15/04/2026 00:00","CTA|DE(Amprion)","Block F","11WD7NORF5GGUDFA","Fossil Gas","11WD7NORF5GGUDFA","14/04/2026 19:00 - 14/04/2026 20:00","566.13",""
"14/04/2026 00:00 - 15/04/2026 00:00","CTA|DE(Amprion)","Block F","11WD7NORF5GGUDFA","Fossil Gas","11WD7NORF5GGUDFA","14/04/2026 20:00 - 14/04/2026 21:00","572.60",""
"14/04/2026 00:00 - 15/04/2026 00:00","CTA|DE(Amprion)","Block F","11WD7NORF5GGUDFA","Fossil Gas","11WD7NORF5GGUDFA","14/04/2026 21:00 - 14/04/2026 22:00","573.42",""
"14/04/2026 00:00 - 15/04/2026 00:00","CTA|DE(Amprion)","Block F","11WD7NORF5GGUDFA","Fossil Gas","11WD7NORF5GGUDFA","14/04/2026 22:00 - 14/04/2026 23:00","569.73",""
"14/04/2026 00:00 - 15/04/2026 00:00","CTA|DE(Amprion)","Block F","11WD7NORF5GGUDFA","Fossil Gas","11WD7NORF5GGUDFA","14/04/2026 23:00 - 15/04/2026 00:00","569.90",""
"14/04/2026 00:00 - 15/04/2026 00:00","CTA|DE(Amprion)","HKW-Niehl-3","11WD7OPLA1G--318","Fossil Gas","11WD7OPLA1G--318","14/04/2026 00:00 - 14/04/2026 01:00","424.43",""
"14/04/2026 00:00 - 15/04/2026 00:00","CTA|DE(Amprion)","HKW-Niehl-3","11WD7OPLA1G--318","Fossil Gas","11WD7OPLA1G--318","14/04/2026 01:00 - 14/04/2026 02:00","424.98",""
"14/04/2026 00:00 - 15/04/2026 00:00","CTA|DE(Amprion)","HKW-Niehl-3","11WD7OPLA1G--318","Fossil Gas","11WD7OPLA1G--318","14/04/2026 02:00 - 14/04/2026 03:00","428.52",""
"14/04/2026 00:00 - 15/04/2026 00:00","CTA|DE(Amprion)","HKW-Niehl-3","11WD7OPLA1G--318","Fossil Gas","11WD7OPLA1G--318","14/04/2026 03:00 - 14/04/2026 04:00","427.05",""
"14/04/2026 00:00 - 15/04/2026 00:00","CTA|DE(Amprion)","HKW-Niehl-3","11WD7OPLA1G--318","Fossil Gas","11WD7OPLA1G--318","14/04/2026 04:00 - 14/04/2026 05:00","355.30",""
"14/04/2026 00:00 - 15/04/2026 00:00","CTA|DE(Amprion)","HKW-Niehl-3","11WD7OPLA1G--318","Fossil Gas","11WD7OPLA1G--318","14/04/2026 05:00 - 14/04/2026 06:00","426.63",""
"14/04/2026 00:00 - 15/04/2026 00:00","CTA|DE(Amprion)","HKW-Niehl-3","11WD7OPLA1G--318","Fossil Gas","11WD7OPLA1G--318","14/04/2026 06:00 - 14/04/2026 07:00","427.82",""
"14/04/2026 00:00 - 15/04/2026 00:00","CTA|DE(Amprion)","HKW-Niehl-3","11WD7OPLA1G--318","Fossil Gas","11WD7OPLA1G--318","14/04/2026 07:00 - 14/04/2026 08:00","428.75",""
"14/04/2026 00:00 - 15/04/2026 00:00","CTA|DE(Amprion)","HKW-Niehl-3","11WD7OPLA1G--318","Fossil Gas","11WD7OPLA1G--318","14/04/2026 08:00 - 14/04/2026 09:00","427.15",""
"14/04/2026 00:00 - 15/04/2026 00:00","CTA|DE(Amprion)","HKW-Niehl-3","11WD7OPLA1G--318","Fossil Gas","11WD7OPLA1G--318","14/04/2026 09:00 - 14/04/2026 10:00","418.50",""
"14/04/2026 00:00 - 15/04/2026 00:00","CTA|DE(Amprion)","HKW-Niehl-3","11WD7OPLA1G--318","Fossil Gas","11WD7OPLA1G--318","14/04/2026 10:00 - 14/04/2026 11:00","419.02",""
"14/04/2026 00:00 - 15/04/2026 00:00","CTA|DE(Amprion)","HKW-Niehl-3","11WD7OPLA1G--318","Fossil Gas","11WD7OPLA1G--318","14/04/2026 11:00 - 14/04/2026 12:00","397.23",""
"14/04/2026 00:00 - 15/04/2026 00:00","CTA|DE(Amprion)","HKW-Niehl-3","11WD7OPLA1G--318","Fossil Gas","11WD7OPLA1G--318","14/04/2026 12:00 - 14/04/2026 13:00","102.38",""
"14/04/2026 00:00 - 15/04/2026 00:00","CTA|DE(Amprion)","HKW-Niehl-3","11WD7OPLA1G--318","Fossil Gas","11WD7OPLA1G--318","14/04/2026 13:00 - 14/04/2026 14:00","99.88",""
"14/04/2026 00:00 - 15/04/2026 00:00","CTA|DE(Amprion)","HKW-Niehl-3","11WD7OPLA1G--318","Fossil Gas","11WD7OPLA1G--318","14/04/2026 14:00 - 14/04/2026 15:00","101.20",""
"14/04/2026 00:00 - 15/04/2026 00:00","CTA|DE(Amprion)","HKW-Niehl-3","11WD7OPLA1G--318","Fossil Gas","11WD7OPLA1G--318","14/04/2026 15:00 - 14/04/2026 16:00","193.22",""
"14/04/2026 00:00 - 15/04/2026 00:00","CTA|DE(Amprion)","HKW-Niehl-3","11WD7OPLA1G--318","Fossil Gas","11WD7OPLA1G--318","14/04/2026 16:00 - 14/04/2026 17:00","413.23",""
"14/04/2026 00:00 - 15/04/2026 00:00","CTA|DE(Amprion)","HKW-Niehl-3","11WD7OPLA1G--318","Fossil Gas","11WD7OPLA1G--318","14/04/2026 17:00 - 14/04/2026 18:00","418.52",""
"14/04/2026 00:00 - 15/04/2026 00:00","CTA|DE(Amprion)","HKW-Niehl-3","11WD7OPLA1G--318","Fossil Gas","11WD7OPLA1G--318","14/04/2026 18:00 - 14/04/2026 19:00","416.73",""
"14/04/2026 00:00 - 15/04/2026 00:00","CTA|DE(Amprion)","HKW-Niehl-3","11WD7OPLA1G--318","Fossil Gas","11WD7OPLA1G--318","14/04/2026 19:00 - 14/04/2026 20:00","415.85",""
"14/04/2026 00:00 - 15/04/2026 00:00","CTA|DE(Amprion)","HKW-Niehl-3","11WD7OPLA1G--318","Fossil Gas","11WD7OPLA1G--318","14/04/2026 20:00 - 14/04/2026 21:00","416.50",""
"14/04/2026 00:00 - 15/04/2026 00:00","CTA|DE(Amprion)","HKW-Niehl-3","11WD7OPLA1G--318","Fossil Gas","11WD7OPLA1G--318","14/04/2026 21:00 - 14/04/2026 22:00","417.57",""
"14/04/2026 00:00 - 15/04/2026 00:00","CTA|DE(Amprion)","HKW-Niehl-3","11WD7OPLA1G--318","Fossil Gas","11WD7OPLA1G--318","14/04/2026 22:00 - 14/04/2026 23:00","419.48",""
"14/04/2026 00:00 - 15/04/2026 00:00","CTA|DE(Amprion)","HKW-Niehl-3","11WD7OPLA1G--318","Fossil Gas","11WD7OPLA1G--318","14/04/2026 23:00 - 15/04/2026 00:00","420.10",""
"14/04/2026 00:00 - 15/04/2026 00:00","CTA|DE(Amprion)","HKW IIIB","11WD7RHAU5GKW3B5","Fossil Gas","11WD7RHAU5GKW3B5","14/04/2026 00:00 - 14/04/2026 01:00","231.50",""
"14/04/2026 00:00 - 15/04/2026 00:00","CTA|DE(Amprion)","HKW IIIB","11WD7RHAU5GKW3B5","Fossil Gas","11WD7RHAU5GKW3B5","14/04/2026 01:00 - 14/04/2026 02:00","232.00",""
"14/04/2026 00:00 - 15/04/2026 00:00","CTA|DE(Amprion)","HKW IIIB","11WD7RHAU5GKW3B5","Fossil Gas","11WD7RHAU5GKW3B5","14/04/2026 02:00 - 14/04/2026 03:00","232.00",""
"14/04/2026 00:00 - 15/04/2026 00:00","CTA|DE(Amprion)","HKW IIIB","11WD7RHAU5GKW3B5","Fossil Gas","11WD7RHAU5GKW3B5","14/04/2026 03:00 - 14/04/2026 04:00","233.00",""
"14/04/2026 00:00 - 15/04/2026 00:00","CTA|DE(Amprion)","HKW IIIB","11WD7RHAU5GKW3B5","Fossil Gas","11WD7RHAU5GKW3B5","14/04/2026 04:00 - 14/04/2026 05:00","232.50",""
"14/04/2026 00:00 - 15/04/2026 00:00","CTA|DE(Amprion)","HKW IIIB","11WD7RHAU5GKW3B5","Fossil Gas","11WD7RHAU5GKW3B5","14/04/2026 05:00 - 14/04/2026 06:00","233.00",""
"14/04/2026 00:00 - 15/04/2026 00:00","CTA|DE(Amprion)","HKW IIIB","11WD7RHAU5GKW3B5","Fossil Gas","11WD7RHAU5GKW3B5","14/04/2026 06:00 - 14/04/2026 07:00","232.75",""
"14/04/2026 00:00 - 15/04/2026 00:00","CTA|DE(Amprion)","HKW IIIB","11WD7RHAU5GKW3B5","Fossil Gas","11WD7RHAU5GKW3B5","14/04/2026 07:00 - 14/04/2026 08:00","233.50",""
"14/04/2026 00:00 - 15/04/2026 00:00","CTA|DE(Amprion)","HKW IIIB","11WD7RHAU5GKW3B5","Fossil Gas","11WD7RHAU5GKW3B5","14/04/2026 08:00 - 14/04/2026 09:00","233.50",""
"14/04/2026 00:00 - 15/04/2026 00:00","CTA|DE(Amprion)","HKW IIIB","11WD7RHAU5GKW3B5","Fossil Gas","11WD7RHAU5GKW3B5","14/04/2026 09:00 - 14/04/2026 10:00","233.00",""
"14/04/2026 00:00 - 15/04/2026 00:00","CTA|DE(Amprion)","HKW IIIB","11WD7RHAU5GKW3B5","Fossil Gas","11WD7RHAU5GKW3B5","14/04/2026 10:00 - 14/04/2026 11:00","230.50",""
"14/04/2026 00:00 - 15/04/2026 00:00","CTA|DE(Amprion)","HKW IIIB","11WD7RHAU5GKW3B5","Fossil Gas","11WD7RHAU5GKW3B5","14/04/2026 11:00 - 14/04/2026 12:00","226.25",""
"14/04/2026 00:00 - 15/04/2026 00:00","CTA|DE(Amprion)","HKW IIIB","11WD7RHAU5GKW3B5","Fossil Gas","11WD7RHAU5GKW3B5","14/04/2026 12:00 - 14/04/2026 13:00","204.75",""
"14/04/2026 00:00 - 15/04/2026 00:00","CTA|DE(Amprion)","HKW IIIB","11WD7RHAU5GKW3B5","Fossil Gas","11WD7RHAU5GKW3B5","14/04/2026 13:00 - 14/04/2026 14:00","193.75",""
"14/04/2026 00:00 - 15/04/2026 00:00","CTA|DE(Amprion)","HKW IIIB","11WD7RHAU5GKW3B5","Fossil Gas","11WD7RHAU5GKW3B5","14/04/2026 14:00 - 14/04/2026 15:00","199.50",""
"14/04/2026 00:00 - 15/04/2026 00:00","CTA|DE(Amprion)","HKW IIIB","11WD7RHAU5GKW3B5","Fossil Gas","11WD7RHAU5GKW3B5","14/04/2026 15:00 - 14/04/2026 16:00","220.75",""
"14/04/2026 00:00 - 15/04/2026 00:00","CTA|DE(Amprion)","HKW IIIB","11WD7RHAU5GKW3B5","Fossil Gas","11WD7RHAU5GKW3B5","14/04/2026 16:00 - 14/04/2026 17:00","224.75",""
"14/04/2026 00:00 - 15/04/2026 00:00","CTA|DE(Amprion)","HKW IIIB","11WD7RHAU5GKW3B5","Fossil Gas","11WD7RHAU5GKW3B5","14/04/2026 17:00 - 14/04/2026 18:00","221.75",""
"14/04/2026 00:00 - 15/04/2026 00:00","CTA|DE(Amprion)","HKW IIIB","11WD7RHAU5GKW3B5","Fossil Gas","11WD7RHAU5GKW3B5","14/04/2026 18:00 - 14/04/2026 19:00","225.00",""
"14/04/2026 00:00 - 15/04/2026 00:00","CTA|DE(Amprion)","HKW IIIB","11WD7RHAU5GKW3B5","Fossil Gas","11WD7RHAU5GKW3B5","14/04/2026 19:00 - 14/04/2026 20:00","225.00",""
"14/04/2026 00:00 - 15/04/2026 00:00","CTA|DE(Amprion)","HKW IIIB","11WD7RHAU5GKW3B5","Fossil Gas","11WD7RHAU5GKW3B5","14/04/2026 20:00 - 14/04/2026 21:00","226.00",""
"14/04/2026 00:00 - 15/04/2026 00:00","CTA|DE(Amprion)","HKW IIIB","11WD7RHAU5GKW3B5","Fossil Gas","11WD7RHAU5GKW3B5","14/04/2026 21:00 - 14/04/2026 22:00","227.00",""
"14/04/2026 00:00 - 15/04/2026 00:00","CTA|DE(Amprion)","HKW IIIB","11WD7RHAU5GKW3B5","Fossil Gas","11WD7RHAU5GKW3B5","14/04/2026 22:00 - 14/04/2026 23:00","229.75",""
"14/04/2026 00:00 - 15/04/2026 00:00","CTA|DE(Amprion)","HKW IIIB","11WD7RHAU5GKW3B5","Fossil Gas","11WD7RHAU5GKW3B5","14/04/2026 23:00 - 15/04/2026 00:00","230.50",""
"14/04/2026 00:00 - 15/04/2026 00:00","CTA|DE(Amprion)","KW Lünen Block 1","11WD7STUM1SBL10G","Fossil Hard coal","11WD7STUM1SBL10G","14/04/2026 00:00 - 14/04/2026 01:00","653.40",""
"14/04/2026 00:00 - 15/04/2026 00:00","CTA|DE(Amprion)","KW Lünen Block 1","11WD7STUM1SBL10G","Fossil Hard coal","11WD7STUM1SBL10G","14/04/2026 01:00 - 14/04/2026 02:00","651.75",""
"14/04/2026 00:00 - 15/04/2026 00:00","CTA|DE(Amprion)","KW Lünen Block 1","11WD7STUM1SBL10G","Fossil Hard coal","11WD7STUM1SBL10G","14/04/2026 02:00 - 14/04/2026 03:00","647.48",""
"14/04/2026 00:00 - 15/04/2026 00:00","CTA|DE(Amprion)","KW Lünen Block 1","11WD7STUM1SBL10G","Fossil Hard coal","11WD7STUM1SBL10G","14/04/2026 03:00 - 14/04/2026 04:00","621.67",""
"14/04/2026 00:00 - 15/04/2026 00:00","CTA|DE(Amprion)","KW Lünen Block 1","11WD7STUM1SBL10G","Fossil Hard coal","11WD7STUM1SBL10G","14/04/2026 04:00 - 14/04/2026 05:00","570.52",""
"14/04/2026 00:00 - 15/04/2026 00:00","CTA|DE(Amprion)","KW Lünen Block 1","11WD7STUM1SBL10G","Fossil Hard coal","11WD7STUM1SBL10G","14/04/2026 05:00 - 14/04/2026 06:00","621.08",""
"14/04/2026 00:00 - 15/04/2026 00:00","CTA|DE(Amprion)","KW Lünen Block 1","11WD7STUM1SBL10G","Fossil Hard coal","11WD7STUM1SBL10G","14/04/2026 06:00 - 14/04/2026 07:00","620.80",""
"14/04/2026 00:00 - 15/04/2026 00:00","CTA|DE(Amprion)","KW Lünen Block 1","11WD7STUM1SBL10G","Fossil Hard coal","11WD7STUM1SBL10G","14/04/2026 07:00 - 14/04/2026 08:00","620.83",""
"14/04/2026 00:00 - 15/04/2026 00:00","CTA|DE(Amprion)","KW Lünen Block 1","11WD7STUM1SBL10G","Fossil Hard coal","11WD7STUM1SBL10G","14/04/2026 08:00 - 14/04/2026 09:00","620.70",""
"14/04/2026 00:00 - 15/04/2026 00:00","CTA|DE(Amprion)","KW Lünen Block 1","11WD7STUM1SBL10G","Fossil Hard coal","11WD7STUM1SBL10G","14/04/2026 09:00 - 14/04/2026 10:00","620.83",""
"14/04/2026 00:00 - 15/04/2026 00:00","CTA|DE(Amprion)","KW Lünen Block 1","11WD7STUM1SBL10G","Fossil Hard coal","11WD7STUM1SBL10G","14/04/2026 10:00 - 14/04/2026 11:00","620.67",""
"14/04/2026 00:00 - 15/04/2026 00:00","CTA|DE(Amprion)","KW Lünen Block 1","11WD7STUM1SBL10G","Fossil Hard coal","11WD7STUM1SBL10G","14/04/2026 11:00 - 14/04/2026 12:00","620.52",""
"14/04/2026 00:00 - 15/04/2026 00:00","CTA|DE(Amprion)","KW Lünen Block 1","11WD7STUM1SBL10G","Fossil Hard coal","11WD7STUM1SBL10G","14/04/2026 12:00 - 14/04/2026 13:00","411.27",""
"14/04/2026 00:00 - 15/04/2026 00:00","CTA|DE(Amprion)","KW Lünen Block 1","11WD7STUM1SBL10G","Fossil Hard coal","11WD7STUM1SBL10G","14/04/2026 13:00 - 14/04/2026 14:00","307.32",""
"14/04/2026 00:00 - 15/04/2026 00:00","CTA|DE(Amprion)","KW Lünen Block 1","11WD7STUM1SBL10G","Fossil Hard coal","11WD7STUM1SBL10G","14/04/2026 14:00 - 14/04/2026 15:00","354.02",""
"14/04/2026 00:00 - 15/04/2026 00:00","CTA|DE(Amprion)","KW Lünen Block 1","11WD7STUM1SBL10G","Fossil Hard coal","11WD7STUM1SBL10G","14/04/2026 15:00 - 14/04/2026 16:00","658.85",""
"14/04/2026 00:00 - 15/04/2026 00:00","CTA|DE(Amprion)","KW Lünen Block 1","11WD7STUM1SBL10G","Fossil Hard coal","11WD7STUM1SBL10G","14/04/2026 16:00 - 14/04/2026 17:00","711.85",""
"14/04/2026 00:00 - 15/04/2026 00:00","CTA|DE(Amprion)","KW Lünen Block 1","11WD7STUM1SBL10G","Fossil Hard coal","11WD7STUM1SBL10G","14/04/2026 17:00 - 14/04/2026 18:00","727.20",""
"14/04/2026 00:00 - 15/04/2026 00:00","CTA|DE(Amprion)","KW Lünen Block 1","11WD7STUM1SBL10G","Fossil Hard coal","11WD7STUM1SBL10G","14/04/2026 18:00 - 14/04/2026 19:00","745.65",""
"14/04/2026 00:00 - 15/04/2026 00:00","CTA|DE(Amprion)","KW Lünen Block 1","11WD7STUM1SBL10G","Fossil Hard coal","11WD7STUM1SBL10G","14/04/2026 19:00 - 14/04/2026 20:00","745.95",""
"14/04/2026 00:00 - 15/04/2026 00:00","CTA|DE(Amprion)","KW Lünen Block 1","11WD7STUM1SBL10G","Fossil Hard coal","11WD7STUM1SBL10G","14/04/2026 20:00 - 14/04/2026 21:00","745.42",""
"14/04/2026 00:00 - 15/04/2026 00:00","CTA|DE(Amprion)","KW Lünen Block 1","11WD7STUM1SBL10G","Fossil Hard coal","11WD7STUM1SBL10G","14/04/2026 21:00 - 14/04/2026 22:00","745.67",""
"14/04/2026 00:00 - 15/04/2026 00:00","CTA|DE(Amprion)","KW Lünen Block 1","11WD7STUM1SBL10G","Fossil Hard coal","11WD7STUM1SBL10G","14/04/2026 22:00 - 14/04/2026 23:00","745.90",""
"14/04/2026 00:00 - 15/04/2026 00:00","CTA|DE(Amprion)","KW Lünen Block 1","11WD7STUM1SBL10G","Fossil Hard coal","11WD7STUM1SBL10G","14/04/2026 23:00 - 15/04/2026 00:00","726.48",""
"14/04/2026 00:00 - 15/04/2026 00:00","CTA|DE(Amprion)","DESBR____CHP____","11WD7UCHT5XROEMT","Fossil Gas","11WD7UCHT5XROEMT","14/04/2026 00:00 - 14/04/2026 01:00","45.67",""
"14/04/2026 00:00 - 15/04/2026 00:00","CTA|DE(Amprion)","DESBR____CHP____","11WD7UCHT5XROEMT","Fossil Gas","11WD7UCHT5XROEMT","14/04/2026 01:00 - 14/04/2026 02:00","45.60",""
"14/04/2026 00:00 - 15/04/2026 00:00","CTA|DE(Amprion)","DESBR____CHP____","11WD7UCHT5XROEMT","Fossil Gas","11WD7UCHT5XROEMT","14/04/2026 02:00 - 14/04/2026 03:00","45.70",""
"14/04/2026 00:00 - 15/04/2026 00:00","CTA|DE(Amprion)","DESBR____CHP____","11WD7UCHT5XROEMT","Fossil Gas","11WD7UCHT5XROEMT","14/04/2026 03:00 - 14/04/2026 04:00","45.83",""
"14/04/2026 00:00 - 15/04/2026 00:00","CTA|DE(Amprion)","DESBR____CHP____","11WD7UCHT5XROEMT","Fossil Gas","11WD7UCHT5XROEMT","14/04/2026 04:00 - 14/04/2026 05:00","46.02",""
"14/04/2026 00:00 - 15/04/2026 00:00","CTA|DE(Amprion)","DESBR____CHP____","11WD7UCHT5XROEMT","Fossil Gas","11WD7UCHT5XROEMT","14/04/2026 05:00 - 14/04/2026 06:00","46.13",""
"14/04/2026 00:00 - 15/04/2026 00:00","CTA|DE(Amprion)","DESBR____CHP____","11WD7UCHT5XROEMT","Fossil Gas","11WD7UCHT5XROEMT","14/04/2026 06:00 - 14/04/2026 07:00","46.83",""
"14/04/2026 00:00 - 15/04/2026 00:00","CTA|DE(Amprion)","DESBR____CHP____","11WD7UCHT5XROEMT","Fossil Gas","11WD7UCHT5XROEMT","14/04/2026 07:00 - 14/04/2026 08:00","48.83",""
"14/04/2026 00:00 - 15/04/2026 00:00","CTA|DE(Amprion)","DESBR____CHP____","11WD7UCHT5XROEMT","Fossil Gas","11WD7UCHT5XROEMT","14/04/2026 08:00 - 14/04/2026 09:00","45.73",""
"14/04/2026 00:00 - 15/04/2026 00:00","CTA|DE(Amprion)","DESBR____CHP____","11WD7UCHT5XROEMT","Fossil Gas","11WD7UCHT5XROEMT","14/04/2026 09:00 - 14/04/2026 10:00","45.48",""
"14/04/2026 00:00 - 15/04/2026 00:00","CTA|DE(Amprion)","DESBR____CHP____","11WD7UCHT5XROEMT","Fossil Gas","11WD7UCHT5XROEMT","14/04/2026 10:00 - 14/04/2026 11:00","45.85",""
"14/04/2026 00:00 - 15/04/2026 00:00","CTA|DE(Amprion)","DESBR____CHP____","11WD7UCHT5XROEMT","Fossil Gas","11WD7UCHT5XROEMT","14/04/2026 11:00 - 14/04/2026 12:00","49.05",""
"14/04/2026 00:00 - 15/04/2026 00:00","CTA|DE(Amprion)","DESBR____CHP____","11WD7UCHT5XROEMT","Fossil Gas","11WD7UCHT5XROEMT","14/04/2026 12:00 - 14/04/2026 13:00","45.98",""
"14/04/2026 00:00 - 15/04/2026 00:00","CTA|DE(Amprion)","DESBR____CHP____","11WD7UCHT5XROEMT","Fossil Gas","11WD7UCHT5XROEMT","14/04/2026 13:00 - 14/04/2026 14:00","45.88",""
"14/04/2026 00:00 - 15/04/2026 00:00","CTA|DE(Amprion)","DESBR____CHP____","11WD7UCHT5XROEMT","Fossil Gas","11WD7UCHT5XROEMT","14/04/2026 14:00 - 14/04/2026 15:00","45.90",""
"14/04/2026 00:00 - 15/04/2026 00:00","CTA|DE(Amprion)","DESBR____CHP____","11WD7UCHT5XROEMT","Fossil Gas","11WD7UCHT5XROEMT","14/04/2026 15:00 - 14/04/2026 16:00","46.30",""
"14/04/2026 00:00 - 15/04/2026 00:00","CTA|DE(Amprion)","DESBR____CHP____","11WD7UCHT5XROEMT","Fossil Gas","11WD7UCHT5XROEMT","14/04/2026 16:00 - 14/04/2026 17:00","46.02",""
"14/04/2026 00:00 - 15/04/2026 00:00","CTA|DE(Amprion)","DESBR____CHP____","11WD7UCHT5XROEMT","Fossil Gas","11WD7UCHT5XROEMT","14/04/2026 17:00 - 14/04/2026 18:00","45.92",""
"14/04/2026 00:00 - 15/04/2026 00:00","CTA|DE(Amprion)","DESBR____CHP____","11WD7UCHT5XROEMT","Fossil Gas","11WD7UCHT5XROEMT","14/04/2026 18:00 - 14/04/2026 19:00","47.60",""
"14/04/2026 00:00 - 15/04/2026 00:00","CTA|DE(Amprion)","DESBR____CHP____","11WD7UCHT5XROEMT","Fossil Gas","11WD7UCHT5XROEMT","14/04/2026 19:00 - 14/04/2026 20:00","46.13",""
"14/04/2026 00:00 - 15/04/2026 00:00","CTA|DE(Amprion)","DESBR____CHP____","11WD7UCHT5XROEMT","Fossil Gas","11WD7UCHT5XROEMT","14/04/2026 20:00 - 14/04/2026 21:00","46.02",""
"14/04/2026 00:00 - 15/04/2026 00:00","CTA|DE(Amprion)","DESBR____CHP____","11WD7UCHT5XROEMT","Fossil Gas","11WD7UCHT5XROEMT","14/04/2026 21:00 - 14/04/2026 22:00","45.95",""
"14/04/2026 00:00 - 15/04/2026 00:00","CTA|DE(Amprion)","DESBR____CHP____","11WD7UCHT5XROEMT","Fossil Gas","11WD7UCHT5XROEMT","14/04/2026 22:00 - 14/04/2026 23:00","46.00",""
"14/04/2026 00:00 - 15/04/2026 00:00","CTA|DE(Amprion)","DESBR____CHP____","11WD7UCHT5XROEMT","Fossil Gas","11WD7UCHT5XROEMT","14/04/2026 23:00 - 15/04/2026 00:00","45.75",""
"14/04/2026 00:00 - 15/04/2026 00:00","CTA|DE(Amprion)","Vianden 1","11WD7VIAN2H-1-1O","Hydro Pumped Storage","11WD7VIAN2H-1-1O","14/04/2026 00:00 - 14/04/2026 01:00","0.00",""
"14/04/2026 00:00 - 15/04/2026 00:00","CTA|DE(Amprion)","Vianden 1","11WD7VIAN2H-1-1O","Hydro Pumped Storage","11WD7VIAN2H-1-1O","14/04/2026 01:00 - 14/04/2026 02:00","0.00",""
"14/04/2026 00:00 - 15/04/2026 00:00","CTA|DE(Amprion)","Vianden 1","11WD7VIAN2H-1-1O","Hydro Pumped Storage","11WD7VIAN2H-1-1O","14/04/2026 02:00 - 14/04/2026 03:00","0.00",""
"14/04/2026 00:00 - 15/04/2026 00:00","CTA|DE(Amprion)","Vianden 1","11WD7VIAN2H-1-1O","Hydro Pumped Storage","11WD7VIAN2H-1-1O","14/04/2026 03:00 - 14/04/2026 04:00","0.00",""
"14/04/2026 00:00 - 15/04/2026 00:00","CTA|DE(Amprion)","Vianden 1","11WD7VIAN2H-1-1O","Hydro Pumped Storage","11WD7VIAN2H-1-1O","14/04/2026 04:00 - 14/04/2026 05:00","0.00",""
"14/04/2026 00:00 - 15/04/2026 00:00","CTA|DE(Amprion)","Vianden 1","11WD7VIAN2H-1-1O","Hydro Pumped Storage","11WD7VIAN2H-1-1O","14/04/2026 05:00 - 14/04/2026 06:00","0.00",""
"14/04/2026 00:00 - 15/04/2026 00:00","CTA|DE(Amprion)","Vianden 1","11WD7VIAN2H-1-1O","Hydro Pumped Storage","11WD7VIAN2H-1-1O","14/04/2026 06:00 - 14/04/2026 07:00","0.00",""
"14/04/2026 00:00 - 15/04/2026 00:00","CTA|DE(Amprion)","Vianden 1","11WD7VIAN2H-1-1O","Hydro Pumped Storage","11WD7VIAN2H-1-1O","14/04/2026 07:00 - 14/04/2026 08:00","1.73",""
"14/04/2026 00:00 - 15/04/2026 00:00","CTA|DE(Amprion)","Vianden 1","11WD7VIAN2H-1-1O","Hydro Pumped Storage","11WD7VIAN2H-1-1O","14/04/2026 08:00 - 14/04/2026 09:00","6.42",""
"14/04/2026 00:00 - 15/04/2026 00:00","CTA|DE(Amprion)","Vianden 1","11WD7VIAN2H-1-1O","Hydro Pumped Storage","11WD7VIAN2H-1-1O","14/04/2026 09:00 - 14/04/2026 10:00","0.00",""
"14/04/2026 00:00 - 15/04/2026 00:00","CTA|DE(Amprion)","Vianden 1","11WD7VIAN2H-1-1O","Hydro Pumped Storage","11WD7VIAN2H-1-1O","14/04/2026 10:00 - 14/04/2026 11:00","0.00",""
"14/04/2026 00:00 - 15/04/2026 00:00","CTA|DE(Amprion)","Vianden 1","11WD7VIAN2H-1-1O","Hydro Pumped Storage","11WD7VIAN2H-1-1O","14/04/2026 11:00 - 14/04/2026 12:00","0.00",""
"14/04/2026 00:00 - 15/04/2026 00:00","CTA|DE(Amprion)","Vianden 1","11WD7VIAN2H-1-1O","Hydro Pumped Storage","11WD7VIAN2H-1-1O","14/04/2026 12:00 - 14/04/2026 13:00","0.00",""
"14/04/2026 00:00 - 15/04/2026 00:00","CTA|DE(Amprion)","Vianden 1","11WD7VIAN2H-1-1O","Hydro Pumped Storage","11WD7VIAN2H-1-1O","14/04/2026 13:00 - 14/04/2026 14:00","0.00",""
"14/04/2026 00:00 - 15/04/2026 00:00","CTA|DE(Amprion)","Vianden 1","11WD7VIAN2H-1-1O","Hydro Pumped Storage","11WD7VIAN2H-1-1O","14/04/2026 14:00 - 14/04/2026 15:00","0.00",""
"14/04/2026 00:00 - 15/04/2026 00:00","CTA|DE(Amprion)","Vianden 1","11WD7VIAN2H-1-1O","Hydro Pumped Storage","11WD7VIAN2H-1-1O","14/04/2026 15:00 - 14/04/2026 16:00","0.00",""
"14/04/2026 00:00 - 15/04/2026 00:00","CTA|DE(Amprion)","Vianden 1","11WD7VIAN2H-1-1O","Hydro Pumped Storage","11WD7VIAN2H-1-1O","14/04/2026 16:00 - 14/04/2026 17:00","0.00",""
"14/04/2026 00:00 - 15/04/2026 00:00","CTA|DE(Amprion)","Vianden 1","11WD7VIAN2H-1-1O","Hydro Pumped Storage","11WD7VIAN2H-1-1O","14/04/2026 17:00 - 14/04/2026 18:00","0.00",""
"14/04/2026 00:00 - 15/04/2026 00:00","CTA|DE(Amprion)","Vianden 1","11WD7VIAN2H-1-1O","Hydro Pumped Storage","11WD7VIAN2H-1-1O","14/04/2026 18:00 - 14/04/2026 19:00","59.65",""
"14/04/2026 00:00 - 15/04/2026 00:00","CTA|DE(Amprion)","Vianden 1","11WD7VIAN2H-1-1O","Hydro Pumped Storage","11WD7VIAN2H-1-1O","14/04/2026 19:00 - 14/04/2026 20:00","94.70",""
"14/04/2026 00:00 - 15/04/2026 00:00","CTA|DE(Amprion)","Vianden 1","11WD7VIAN2H-1-1O","Hydro Pumped Storage","11WD7VIAN2H-1-1O","14/04/2026 20:00 - 14/04/2026 21:00","85.45",""
"14/04/2026 00:00 - 15/04/2026 00:00","CTA|DE(Amprion)","Vianden 1","11WD7VIAN2H-1-1O","Hydro Pumped Storage","11WD7VIAN2H-1-1O","14/04/2026 21:00 - 14/04/2026 22:00","71.13",""
"14/04/2026 00:00 - 15/04/2026 00:00","CTA|DE(Amprion)","Vianden 1","11WD7VIAN2H-1-1O","Hydro Pumped Storage","11WD7VIAN2H-1-1O","14/04/2026 22:00 - 14/04/2026 23:00","38.30",""
"14/04/2026 00:00 - 15/04/2026 00:00","CTA|DE(Amprion)","Vianden 1","11WD7VIAN2H-1-1O","Hydro Pumped Storage","11WD7VIAN2H-1-1O","14/04/2026 23:00 - 15/04/2026 00:00","37.92",""
"14/04/2026 00:00 - 15/04/2026 00:00","CTA|DE(Amprion)","Vianden 2","11WD7VIAN2H-1-2M","Hydro Pumped Storage","11WD7VIAN2H-1-2M","14/04/2026 00:00 - 14/04/2026 01:00","0.00",""
"14/04/2026 00:00 - 15/04/2026 00:00","CTA|DE(Amprion)","Vianden 2","11WD7VIAN2H-1-2M","Hydro Pumped Storage","11WD7VIAN2H-1-2M","14/04/2026 01:00 - 14/04/2026 02:00","0.00",""
"14/04/2026 00:00 - 15/04/2026 00:00","CTA|DE(Amprion)","Vianden 2","11WD7VIAN2H-1-2M","Hydro Pumped Storage","11WD7VIAN2H-1-2M","14/04/2026 02:00 - 14/04/2026 03:00","0.00",""
"14/04/2026 00:00 - 15/04/2026 00:00","CTA|DE(Amprion)","Vianden 2","11WD7VIAN2H-1-2M","Hydro Pumped Storage","11WD7VIAN2H-1-2M","14/04/2026 03:00 - 14/04/2026 04:00","0.00",""
"14/04/2026 00:00 - 15/04/2026 00:00","CTA|DE(Amprion)","Vianden 2","11WD7VIAN2H-1-2M","Hydro Pumped Storage","11WD7VIAN2H-1-2M","14/04/2026 04:00 - 14/04/2026 05:00","0.00",""
"14/04/2026 00:00 - 15/04/2026 00:00","CTA|DE(Amprion)","Vianden 2","11WD7VIAN2H-1-2M","Hydro Pumped Storage","11WD7VIAN2H-1-2M","14/04/2026 05:00 - 14/04/2026 06:00","0.00",""
"14/04/2026 00:00 - 15/04/2026 00:00","CTA|DE(Amprion)","Vianden 2","11WD7VIAN2H-1-2M","Hydro Pumped Storage","11WD7VIAN2H-1-2M","14/04/2026 06:00 - 14/04/2026 07:00","0.00",""
"14/04/2026 00:00 - 15/04/2026 00:00","CTA|DE(Amprion)","Vianden 2","11WD7VIAN2H-1-2M","Hydro Pumped Storage","11WD7VIAN2H-1-2M","14/04/2026 07:00 - 14/04/2026 08:00","0.00",""
"14/04/2026 00:00 - 15/04/2026 00:00","CTA|DE(Amprion)","Vianden 2","11WD7VIAN2H-1-2M","Hydro Pumped Storage","11WD7VIAN2H-1-2M","14/04/2026 08:00 - 14/04/2026 09:00","0.00",""
"14/04/2026 00:00 - 15/04/2026 00:00","CTA|DE(Amprion)","Vianden 2","11WD7VIAN2H-1-2M","Hydro Pumped Storage","11WD7VIAN2H-1-2M","14/04/2026 09:00 - 14/04/2026 10:00","0.00",""
"14/04/2026 00:00 - 15/04/2026 00:00","CTA|DE(Amprion)","Vianden 2","11WD7VIAN2H-1-2M","Hydro Pumped Storage","11WD7VIAN2H-1-2M","14/04/2026 10:00 - 14/04/2026 11:00","0.00",""
"14/04/2026 00:00 - 15/04/2026 00:00","CTA|DE(Amprion)","Vianden 2","11WD7VIAN2H-1-2M","Hydro Pumped Storage","11WD7VIAN2H-1-2M","14/04/2026 11:00 - 14/04/2026 12:00","0.00",""
"14/04/2026 00:00 - 15/04/2026 00:00","CTA|DE(Amprion)","Vianden 2","11WD7VIAN2H-1-2M","Hydro Pumped Storage","11WD7VIAN2H-1-2M","14/04/2026 12:00 - 14/04/2026 13:00","0.00",""
"14/04/2026 00:00 - 15/04/2026 00:00","CTA|DE(Amprion)","Vianden 2","11WD7VIAN2H-1-2M","Hydro Pumped Storage","11WD7VIAN2H-1-2M","14/04/2026 13:00 - 14/04/2026 14:00","0.00",""
"14/04/2026 00:00 - 15/04/2026 00:00","CTA|DE(Amprion)","Vianden 2","11WD7VIAN2H-1-2M","Hydro Pumped Storage","11WD7VIAN2H-1-2M","14/04/2026 14:00 - 14/04/2026 15:00","0.00",""
"14/04/2026 00:00 - 15/04/2026 00:00","CTA|DE(Amprion)","Vianden 2","11WD7VIAN2H-1-2M","Hydro Pumped Storage","11WD7VIAN2H-1-2M","14/04/2026 15:00 - 14/04/2026 16:00","0.00",""
"14/04/2026 00:00 - 15/04/2026 00:00","CTA|DE(Amprion)","Vianden 2","11WD7VIAN2H-1-2M","Hydro Pumped Storage","11WD7VIAN2H-1-2M","14/04/2026 16:00 - 14/04/2026 17:00","0.00",""
"14/04/2026 00:00 - 15/04/2026 00:00","CTA|DE(Amprion)","Vianden 2","11WD7VIAN2H-1-2M","Hydro Pumped Storage","11WD7VIAN2H-1-2M","14/04/2026 17:00 - 14/04/2026 18:00","0.00",""
"14/04/2026 00:00 - 15/04/2026 00:00","CTA|DE(Amprion)","Vianden 2","11WD7VIAN2H-1-2M","Hydro Pumped Storage","11WD7VIAN2H-1-2M","14/04/2026 18:00 - 14/04/2026 19:00","60.75",""
"14/04/2026 00:00 - 15/04/2026 00:00","CTA|DE(Amprion)","Vianden 2","11WD7VIAN2H-1-2M","Hydro Pumped Storage","11WD7VIAN2H-1-2M","14/04/2026 19:00 - 14/04/2026 20:00","97.17",""
"14/04/2026 00:00 - 15/04/2026 00:00","CTA|DE(Amprion)","Vianden 2","11WD7VIAN2H-1-2M","Hydro Pumped Storage","11WD7VIAN2H-1-2M","14/04/2026 20:00 - 14/04/2026 21:00","83.53",""
"14/04/2026 00:00 - 15/04/2026 00:00","CTA|DE(Amprion)","Vianden 2","11WD7VIAN2H-1-2M","Hydro Pumped Storage","11WD7VIAN2H-1-2M","14/04/2026 21:00 - 14/04/2026 22:00","34.55",""
"14/04/2026 00:00 - 15/04/2026 00:00","CTA|DE(Amprion)","Vianden 2","11WD7VIAN2H-1-2M","Hydro Pumped Storage","11WD7VIAN2H-1-2M","14/04/2026 22:00 - 14/04/2026 23:00","44.98",""
"14/04/2026 00:00 - 15/04/2026 00:00","CTA|DE(Amprion)","Vianden 2","11WD7VIAN2H-1-2M","Hydro Pumped Storage","11WD7VIAN2H-1-2M","14/04/2026 23:00 - 15/04/2026 00:00","48.17",""
"14/04/2026 00:00 - 15/04/2026 00:00","CTA|DE(Amprion)","Vianden 3","11WD7VIAN2H-1-3K","Hydro Pumped Storage","11WD7VIAN2H-1-3K","14/04/2026 00:00 - 14/04/2026 01:00","0.10",""
"14/04/2026 00:00 - 15/04/2026 00:00","CTA|DE(Amprion)","Vianden 3","11WD7VIAN2H-1-3K","Hydro Pumped Storage","11WD7VIAN2H-1-3K","14/04/2026 01:00 - 14/04/2026 02:00","0.03",""
"14/04/2026 00:00 - 15/04/2026 00:00","CTA|DE(Amprion)","Vianden 3","11WD7VIAN2H-1-3K","Hydro Pumped Storage","11WD7VIAN2H-1-3K","14/04/2026 02:00 - 14/04/2026 03:00","0.00",""
"14/04/2026 00:00 - 15/04/2026 00:00","CTA|DE(Amprion)","Vianden 3","11WD7VIAN2H-1-3K","Hydro Pumped Storage","11WD7VIAN2H-1-3K","14/04/2026 03:00 - 14/04/2026 04:00","0.00",""
"14/04/2026 00:00 - 15/04/2026 00:00","CTA|DE(Amprion)","Vianden 3","11WD7VIAN2H-1-3K","Hydro Pumped Storage","11WD7VIAN2H-1-3K","14/04/2026 04:00 - 14/04/2026 05:00","0.03",""
"14/04/2026 00:00 - 15/04/2026 00:00","CTA|DE(Amprion)","Vianden 3","11WD7VIAN2H-1-3K","Hydro Pumped Storage","11WD7VIAN2H-1-3K","14/04/2026 05:00 - 14/04/2026 06:00","0.10",""
"14/04/2026 00:00 - 15/04/2026 00:00","CTA|DE(Amprion)","Vianden 3","11WD7VIAN2H-1-3K","Hydro Pumped Storage","11WD7VIAN2H-1-3K","14/04/2026 06:00 - 14/04/2026 07:00","0.10",""
"14/04/2026 00:00 - 15/04/2026 00:00","CTA|DE(Amprion)","Vianden 3","11WD7VIAN2H-1-3K","Hydro Pumped Storage","11WD7VIAN2H-1-3K","14/04/2026 07:00 - 14/04/2026 08:00","0.10",""
"14/04/2026 00:00 - 15/04/2026 00:00","CTA|DE(Amprion)","Vianden 3","11WD7VIAN2H-1-3K","Hydro Pumped Storage","11WD7VIAN2H-1-3K","14/04/2026 08:00 - 14/04/2026 09:00","0.10",""
"14/04/2026 00:00 - 15/04/2026 00:00","CTA|DE(Amprion)","Vianden 3","11WD7VIAN2H-1-3K","Hydro Pumped Storage","11WD7VIAN2H-1-3K","14/04/2026 09:00 - 14/04/2026 10:00","0.03",""
"14/04/2026 00:00 - 15/04/2026 00:00","CTA|DE(Amprion)","Vianden 3","11WD7VIAN2H-1-3K","Hydro Pumped Storage","11WD7VIAN2H-1-3K","14/04/2026 10:00 - 14/04/2026 11:00","0.00",""
"14/04/2026 00:00 - 15/04/2026 00:00","CTA|DE(Amprion)","Vianden 3","11WD7VIAN2H-1-3K","Hydro Pumped Storage","11WD7VIAN2H-1-3K","14/04/2026 11:00 - 14/04/2026 12:00","0.00",""
"14/04/2026 00:00 - 15/04/2026 00:00","CTA|DE(Amprion)","Vianden 3","11WD7VIAN2H-1-3K","Hydro Pumped Storage","11WD7VIAN2H-1-3K","14/04/2026 12:00 - 14/04/2026 13:00","0.00",""
"14/04/2026 00:00 - 15/04/2026 00:00","CTA|DE(Amprion)","Vianden 3","11WD7VIAN2H-1-3K","Hydro Pumped Storage","11WD7VIAN2H-1-3K","14/04/2026 13:00 - 14/04/2026 14:00","0.00",""
"14/04/2026 00:00 - 15/04/2026 00:00","CTA|DE(Amprion)","Vianden 3","11WD7VIAN2H-1-3K","Hydro Pumped Storage","11WD7VIAN2H-1-3K","14/04/2026 14:00 - 14/04/2026 15:00","0.00",""
"14/04/2026 00:00 - 15/04/2026 00:00","CTA|DE(Amprion)","Vianden 3","11WD7VIAN2H-1-3K","Hydro Pumped Storage","11WD7VIAN2H-1-3K","14/04/2026 15:00 - 14/04/2026 16:00","0.03",""
"14/04/2026 00:00 - 15/04/2026 00:00","CTA|DE(Amprion)","Vianden 3","11WD7VIAN2H-1-3K","Hydro Pumped Storage","11WD7VIAN2H-1-3K","14/04/2026 16:00 - 14/04/2026 17:00","0.10",""
"14/04/2026 00:00 - 15/04/2026 00:00","CTA|DE(Amprion)","Vianden 3","11WD7VIAN2H-1-3K","Hydro Pumped Storage","11WD7VIAN2H-1-3K","14/04/2026 17:00 - 14/04/2026 18:00","0.10",""
"14/04/2026 00:00 - 15/04/2026 00:00","CTA|DE(Amprion)","Vianden 3","11WD7VIAN2H-1-3K","Hydro Pumped Storage","11WD7VIAN2H-1-3K","14/04/2026 18:00 - 14/04/2026 19:00","58.77",""
"14/04/2026 00:00 - 15/04/2026 00:00","CTA|DE(Amprion)","Vianden 3","11WD7VIAN2H-1-3K","Hydro Pumped Storage","11WD7VIAN2H-1-3K","14/04/2026 19:00 - 14/04/2026 20:00","103.00",""
"14/04/2026 00:00 - 15/04/2026 00:00","CTA|DE(Amprion)","Vianden 3","11WD7VIAN2H-1-3K","Hydro Pumped Storage","11WD7VIAN2H-1-3K","14/04/2026 20:00 - 14/04/2026 21:00","82.40",""
"14/04/2026 00:00 - 15/04/2026 00:00","CTA|DE(Amprion)","Vianden 3","11WD7VIAN2H-1-3K","Hydro Pumped Storage","11WD7VIAN2H-1-3K","14/04/2026 21:00 - 14/04/2026 22:00","36.23",""
"14/04/2026 00:00 - 15/04/2026 00:00","CTA|DE(Amprion)","Vianden 3","11WD7VIAN2H-1-3K","Hydro Pumped Storage","11WD7VIAN2H-1-3K","14/04/2026 22:00 - 14/04/2026 23:00","47.63",""
"14/04/2026 00:00 - 15/04/2026 00:00","CTA|DE(Amprion)","Vianden 3","11WD7VIAN2H-1-3K","Hydro Pumped Storage","11WD7VIAN2H-1-3K","14/04/2026 23:00 - 15/04/2026 00:00","0.75",""
"14/04/2026 00:00 - 15/04/2026 00:00","CTA|DE(Amprion)","Vianden 4","11WD7VIAN2H-1-4I","Hydro Pumped Storage","11WD7VIAN2H-1-4I","14/04/2026 00:00 - 14/04/2026 01:00","0.00",""
"14/04/2026 00:00 - 15/04/2026 00:00","CTA|DE(Amprion)","Vianden 4","11WD7VIAN2H-1-4I","Hydro Pumped Storage","11WD7VIAN2H-1-4I","14/04/2026 01:00 - 14/04/2026 02:00","0.00",""
"14/04/2026 00:00 - 15/04/2026 00:00","CTA|DE(Amprion)","Vianden 4","11WD7VIAN2H-1-4I","Hydro Pumped Storage","11WD7VIAN2H-1-4I","14/04/2026 02:00 - 14/04/2026 03:00","0.00",""
"14/04/2026 00:00 - 15/04/2026 00:00","CTA|DE(Amprion)","Vianden 4","11WD7VIAN2H-1-4I","Hydro Pumped Storage","11WD7VIAN2H-1-4I","14/04/2026 03:00 - 14/04/2026 04:00","0.00",""
"14/04/2026 00:00 - 15/04/2026 00:00","CTA|DE(Amprion)","Vianden 4","11WD7VIAN2H-1-4I","Hydro Pumped Storage","11WD7VIAN2H-1-4I","14/04/2026 04:00 - 14/04/2026 05:00","0.00",""
"14/04/2026 00:00 - 15/04/2026 00:00","CTA|DE(Amprion)","Vianden 4","11WD7VIAN2H-1-4I","Hydro Pumped Storage","11WD7VIAN2H-1-4I","14/04/2026 05:00 - 14/04/2026 06:00","0.00",""
"14/04/2026 00:00 - 15/04/2026 00:00","CTA|DE(Amprion)","Vianden 4","11WD7VIAN2H-1-4I","Hydro Pumped Storage","11WD7VIAN2H-1-4I","14/04/2026 06:00 - 14/04/2026 07:00","0.00",""
"14/04/2026 00:00 - 15/04/2026 00:00","CTA|DE(Amprion)","Vianden 4","11WD7VIAN2H-1-4I","Hydro Pumped Storage","11WD7VIAN2H-1-4I","14/04/2026 07:00 - 14/04/2026 08:00","0.00",""
"14/04/2026 00:00 - 15/04/2026 00:00","CTA|DE(Amprion)","Vianden 4","11WD7VIAN2H-1-4I","Hydro Pumped Storage","11WD7VIAN2H-1-4I","14/04/2026 08:00 - 14/04/2026 09:00","0.00",""
"14/04/2026 00:00 - 15/04/2026 00:00","CTA|DE(Amprion)","Vianden 4","11WD7VIAN2H-1-4I","Hydro Pumped Storage","11WD7VIAN2H-1-4I","14/04/2026 09:00 - 14/04/2026 10:00","0.00",""
"14/04/2026 00:00 - 15/04/2026 00:00","CTA|DE(Amprion)","Vianden 4","11WD7VIAN2H-1-4I","Hydro Pumped Storage","11WD7VIAN2H-1-4I","14/04/2026 10:00 - 14/04/2026 11:00","0.00",""
"14/04/2026 00:00 - 15/04/2026 00:00","CTA|DE(Amprion)","Vianden 4","11WD7VIAN2H-1-4I","Hydro Pumped Storage","11WD7VIAN2H-1-4I","14/04/2026 11:00 - 14/04/2026 12:00","0.00",""
"14/04/2026 00:00 - 15/04/2026 00:00","CTA|DE(Amprion)","Vianden 4","11WD7VIAN2H-1-4I","Hydro Pumped Storage","11WD7VIAN2H-1-4I","14/04/2026 12:00 - 14/04/2026 13:00","0.00",""
"14/04/2026 00:00 - 15/04/2026 00:00","CTA|DE(Amprion)","Vianden 4","11WD7VIAN2H-1-4I","Hydro Pumped Storage","11WD7VIAN2H-1-4I","14/04/2026 13:00 - 14/04/2026 14:00","0.00",""
"14/04/2026 00:00 - 15/04/2026 00:00","CTA|DE(Amprion)","Vianden 4","11WD7VIAN2H-1-4I","Hydro Pumped Storage","11WD7VIAN2H-1-4I","14/04/2026 14:00 - 14/04/2026 15:00","0.00",""
"14/04/2026 00:00 - 15/04/2026 00:00","CTA|DE(Amprion)","Vianden 4","11WD7VIAN2H-1-4I","Hydro Pumped Storage","11WD7VIAN2H-1-4I","14/04/2026 15:00 - 14/04/2026 16:00","0.00",""
"14/04/2026 00:00 - 15/04/2026 00:00","CTA|DE(Amprion)","Vianden 4","11WD7VIAN2H-1-4I","Hydro Pumped Storage","11WD7VIAN2H-1-4I","14/04/2026 16:00 - 14/04/2026 17:00","0.00",""
"14/04/2026 00:00 - 15/04/2026 00:00","CTA|DE(Amprion)","Vianden 4","11WD7VIAN2H-1-4I","Hydro Pumped Storage","11WD7VIAN2H-1-4I","14/04/2026 17:00 - 14/04/2026 18:00","0.00",""
"14/04/2026 00:00 - 15/04/2026 00:00","CTA|DE(Amprion)","Vianden 4","11WD7VIAN2H-1-4I","Hydro Pumped Storage","11WD7VIAN2H-1-4I","14/04/2026 18:00 - 14/04/2026 19:00","0.00",""
"14/04/2026 00:00 - 15/04/2026 00:00","CTA|DE(Amprion)","Vianden 4","11WD7VIAN2H-1-4I","Hydro Pumped Storage","11WD7VIAN2H-1-4I","14/04/2026 19:00 - 14/04/2026 20:00","39.45",""
"14/04/2026 00:00 - 15/04/2026 00:00","CTA|DE(Amprion)","Vianden 4","11WD7VIAN2H-1-4I","Hydro Pumped Storage","11WD7VIAN2H-1-4I","14/04/2026 20:00 - 14/04/2026 21:00","94.42",""
"14/04/2026 00:00 - 15/04/2026 00:00","CTA|DE(Amprion)","Vianden 4","11WD7VIAN2H-1-4I","Hydro Pumped Storage","11WD7VIAN2H-1-4I","14/04/2026 21:00 - 14/04/2026 22:00","60.83",""
"14/04/2026 00:00 - 15/04/2026 00:00","CTA|DE(Amprion)","Vianden 4","11WD7VIAN2H-1-4I","Hydro Pumped Storage","11WD7VIAN2H-1-4I","14/04/2026 22:00 - 14/04/2026 23:00","46.25",""
"14/04/2026 00:00 - 15/04/2026 00:00","CTA|DE(Amprion)","Vianden 4","11WD7VIAN2H-1-4I","Hydro Pumped Storage","11WD7VIAN2H-1-4I","14/04/2026 23:00 - 15/04/2026 00:00","0.53",""
"14/04/2026 00:00 - 15/04/2026 00:00","CTA|DE(Amprion)","Vianden 5","11WD7VIAN2H-2-5C","Hydro Pumped Storage","11WD7VIAN2H-2-5C","14/04/2026 00:00 - 14/04/2026 01:00","0.00",""
"14/04/2026 00:00 - 15/04/2026 00:00","CTA|DE(Amprion)","Vianden 5","11WD7VIAN2H-2-5C","Hydro Pumped Storage","11WD7VIAN2H-2-5C","14/04/2026 01:00 - 14/04/2026 02:00","0.00",""
"14/04/2026 00:00 - 15/04/2026 00:00","CTA|DE(Amprion)","Vianden 5","11WD7VIAN2H-2-5C","Hydro Pumped Storage","11WD7VIAN2H-2-5C","14/04/2026 02:00 - 14/04/2026 03:00","0.00",""
"14/04/2026 00:00 - 15/04/2026 00:00","CTA|DE(Amprion)","Vianden 5","11WD7VIAN2H-2-5C","Hydro Pumped Storage","11WD7VIAN2H-2-5C","14/04/2026 03:00 - 14/04/2026 04:00","0.00",""
"14/04/2026 00:00 - 15/04/2026 00:00","CTA|DE(Amprion)","Vianden 5","11WD7VIAN2H-2-5C","Hydro Pumped Storage","11WD7VIAN2H-2-5C","14/04/2026 04:00 - 14/04/2026 05:00","0.00",""
"14/04/2026 00:00 - 15/04/2026 00:00","CTA|DE(Amprion)","Vianden 5","11WD7VIAN2H-2-5C","Hydro Pumped Storage","11WD7VIAN2H-2-5C","14/04/2026 05:00 - 14/04/2026 06:00","0.00",""
"14/04/2026 00:00 - 15/04/2026 00:00","CTA|DE(Amprion)","Vianden 5","11WD7VIAN2H-2-5C","Hydro Pumped Storage","11WD7VIAN2H-2-5C","14/04/2026 06:00 - 14/04/2026 07:00","0.00",""
"14/04/2026 00:00 - 15/04/2026 00:00","CTA|DE(Amprion)","Vianden 5","11WD7VIAN2H-2-5C","Hydro Pumped Storage","11WD7VIAN2H-2-5C","14/04/2026 07:00 - 14/04/2026 08:00","0.00",""
"14/04/2026 00:00 - 15/04/2026 00:00","CTA|DE(Amprion)","Vianden 5","11WD7VIAN2H-2-5C","Hydro Pumped Storage","11WD7VIAN2H-2-5C","14/04/2026 08:00 - 14/04/2026 09:00","0.00",""
"14/04/2026 00:00 - 15/04/2026 00:00","CTA|DE(Amprion)","Vianden 5","11WD7VIAN2H-2-5C","Hydro Pumped Storage","11WD7VIAN2H-2-5C","14/04/2026 09:00 - 14/04/2026 10:00","0.00",""
"14/04/2026 00:00 - 15/04/2026 00:00","CTA|DE(Amprion)","Vianden 5","11WD7VIAN2H-2-5C","Hydro Pumped Storage","11WD7VIAN2H-2-5C","14/04/2026 10:00 - 14/04/2026 11:00","0.00",""
"14/04/2026 00:00 - 15/04/2026 00:00","CTA|DE(Amprion)","Vianden 5","11WD7VIAN2H-2-5C","Hydro Pumped Storage","11WD7VIAN2H-2-5C","14/04/2026 11:00 - 14/04/2026 12:00","0.00",""
"14/04/2026 00:00 - 15/04/2026 00:00","CTA|DE(Amprion)","Vianden 5","11WD7VIAN2H-2-5C","Hydro Pumped Storage","11WD7VIAN2H-2-5C","14/04/2026 12:00 - 14/04/2026 13:00","0.00",""
"14/04/2026 00:00 - 15/04/2026 00:00","CTA|DE(Amprion)","Vianden 5","11WD7VIAN2H-2-5C","Hydro Pumped Storage","11WD7VIAN2H-2-5C","14/04/2026 13:00 - 14/04/2026 14:00","0.00",""
"14/04/2026 00:00 - 15/04/2026 00:00","CTA|DE(Amprion)","Vianden 5","11WD7VIAN2H-2-5C","Hydro Pumped Storage","11WD7VIAN2H-2-5C","14/04/2026 14:00 - 14/04/2026 15:00","0.00",""
"14/04/2026 00:00 - 15/04/2026 00:00","CTA|DE(Amprion)","Vianden 5","11WD7VIAN2H-2-5C","Hydro Pumped Storage","11WD7VIAN2H-2-5C","14/04/2026 15:00 - 14/04/2026 16:00","0.00",""
"14/04/2026 00:00 - 15/04/2026 00:00","CTA|DE(Amprion)","Vianden 5","11WD7VIAN2H-2-5C","Hydro Pumped Storage","11WD7VIAN2H-2-5C","14/04/2026 16:00 - 14/04/2026 17:00","0.00",""
"14/04/2026 00:00 - 15/04/2026 00:00","CTA|DE(Amprion)","Vianden 5","11WD7VIAN2H-2-5C","Hydro Pumped Storage","11WD7VIAN2H-2-5C","14/04/2026 17:00 - 14/04/2026 18:00","0.00",""
"14/04/2026 00:00 - 15/04/2026 00:00","CTA|DE(Amprion)","Vianden 5","11WD7VIAN2H-2-5C","Hydro Pumped Storage","11WD7VIAN2H-2-5C","14/04/2026 18:00 - 14/04/2026 19:00","0.00",""
"14/04/2026 00:00 - 15/04/2026 00:00","CTA|DE(Amprion)","Vianden 5","11WD7VIAN2H-2-5C","Hydro Pumped Storage","11WD7VIAN2H-2-5C","14/04/2026 19:00 - 14/04/2026 20:00","0.00",""
"14/04/2026 00:00 - 15/04/2026 00:00","CTA|DE(Amprion)","Vianden 5","11WD7VIAN2H-2-5C","Hydro Pumped Storage","11WD7VIAN2H-2-5C","14/04/2026 20:00 - 14/04/2026 21:00","0.00",""
"14/04/2026 00:00 - 15/04/2026 00:00","CTA|DE(Amprion)","Vianden 5","11WD7VIAN2H-2-5C","Hydro Pumped Storage","11WD7VIAN2H-2-5C","14/04/2026 21:00 - 14/04/2026 22:00","0.00",""
"14/04/2026 00:00 - 15/04/2026 00:00","CTA|DE(Amprion)","Vianden 5","11WD7VIAN2H-2-5C","Hydro Pumped Storage","11WD7VIAN2H-2-5C","14/04/2026 22:00 - 14/04/2026 23:00","0.00",""
"14/04/2026 00:00 - 15/04/2026 00:00","CTA|DE(Amprion)","Vianden 5","11WD7VIAN2H-2-5C","Hydro Pumped Storage","11WD7VIAN2H-2-5C","14/04/2026 23:00 - 15/04/2026 00:00","0.00",""
"14/04/2026 00:00 - 15/04/2026 00:00","CTA|DE(Amprion)","Vianden 6","11WD7VIAN2H-2-6A","Hydro Pumped Storage","11WD7VIAN2H-2-6A","14/04/2026 00:00 - 14/04/2026 01:00","0.00",""
"14/04/2026 00:00 - 15/04/2026 00:00","CTA|DE(Amprion)","Vianden 6","11WD7VIAN2H-2-6A","Hydro Pumped Storage","11WD7VIAN2H-2-6A","14/04/2026 01:00 - 14/04/2026 02:00","0.00",""
"14/04/2026 00:00 - 15/04/2026 00:00","CTA|DE(Amprion)","Vianden 6","11WD7VIAN2H-2-6A","Hydro Pumped Storage","11WD7VIAN2H-2-6A","14/04/2026 02:00 - 14/04/2026 03:00","0.00",""
"14/04/2026 00:00 - 15/04/2026 00:00","CTA|DE(Amprion)","Vianden 6","11WD7VIAN2H-2-6A","Hydro Pumped Storage","11WD7VIAN2H-2-6A","14/04/2026 03:00 - 14/04/2026 04:00","0.00",""
"14/04/2026 00:00 - 15/04/2026 00:00","CTA|DE(Amprion)","Vianden 6","11WD7VIAN2H-2-6A","Hydro Pumped Storage","11WD7VIAN2H-2-6A","14/04/2026 04:00 - 14/04/2026 05:00","0.00",""
"14/04/2026 00:00 - 15/04/2026 00:00","CTA|DE(Amprion)","Vianden 6","11WD7VIAN2H-2-6A","Hydro Pumped Storage","11WD7VIAN2H-2-6A","14/04/2026 05:00 - 14/04/2026 06:00","0.00",""
"14/04/2026 00:00 - 15/04/2026 00:00","CTA|DE(Amprion)","Vianden 6","11WD7VIAN2H-2-6A","Hydro Pumped Storage","11WD7VIAN2H-2-6A","14/04/2026 06:00 - 14/04/2026 07:00","0.00",""
"14/04/2026 00:00 - 15/04/2026 00:00","CTA|DE(Amprion)","Vianden 6","11WD7VIAN2H-2-6A","Hydro Pumped Storage","11WD7VIAN2H-2-6A","14/04/2026 07:00 - 14/04/2026 08:00","0.00",""
"14/04/2026 00:00 - 15/04/2026 00:00","CTA|DE(Amprion)","Vianden 6","11WD7VIAN2H-2-6A","Hydro Pumped Storage","11WD7VIAN2H-2-6A","14/04/2026 08:00 - 14/04/2026 09:00","0.00",""
"14/04/2026 00:00 - 15/04/2026 00:00","CTA|DE(Amprion)","Vianden 6","11WD7VIAN2H-2-6A","Hydro Pumped Storage","11WD7VIAN2H-2-6A","14/04/2026 09:00 - 14/04/2026 10:00","0.00",""
"14/04/2026 00:00 - 15/04/2026 00:00","CTA|DE(Amprion)","Vianden 6","11WD7VIAN2H-2-6A","Hydro Pumped Storage","11WD7VIAN2H-2-6A","14/04/2026 10:00 - 14/04/2026 11:00","0.00",""
"14/04/2026 00:00 - 15/04/2026 00:00","CTA|DE(Amprion)","Vianden 6","11WD7VIAN2H-2-6A","Hydro Pumped Storage","11WD7VIAN2H-2-6A","14/04/2026 11:00 - 14/04/2026 12:00","0.00",""
"14/04/2026 00:00 - 15/04/2026 00:00","CTA|DE(Amprion)","Vianden 6","11WD7VIAN2H-2-6A","Hydro Pumped Storage","11WD7VIAN2H-2-6A","14/04/2026 12:00 - 14/04/2026 13:00","0.00",""
"14/04/2026 00:00 - 15/04/2026 00:00","CTA|DE(Amprion)","Vianden 6","11WD7VIAN2H-2-6A","Hydro Pumped Storage","11WD7VIAN2H-2-6A","14/04/2026 13:00 - 14/04/2026 14:00","0.00",""
"14/04/2026 00:00 - 15/04/2026 00:00","CTA|DE(Amprion)","Vianden 6","11WD7VIAN2H-2-6A","Hydro Pumped Storage","11WD7VIAN2H-2-6A","14/04/2026 14:00 - 14/04/2026 15:00","0.00",""
"14/04/2026 00:00 - 15/04/2026 00:00","CTA|DE(Amprion)","Vianden 6","11WD7VIAN2H-2-6A","Hydro Pumped Storage","11WD7VIAN2H-2-6A","14/04/2026 15:00 - 14/04/2026 16:00","0.00",""
"14/04/2026 00:00 - 15/04/2026 00:00","CTA|DE(Amprion)","Vianden 6","11WD7VIAN2H-2-6A","Hydro Pumped Storage","11WD7VIAN2H-2-6A","14/04/2026 16:00 - 14/04/2026 17:00","0.00",""
"14/04/2026 00:00 - 15/04/2026 00:00","CTA|DE(Amprion)","Vianden 6","11WD7VIAN2H-2-6A","Hydro Pumped Storage","11WD7VIAN2H-2-6A","14/04/2026 17:00 - 14/04/2026 18:00","0.00",""
"14/04/2026 00:00 - 15/04/2026 00:00","CTA|DE(Amprion)","Vianden 6","11WD7VIAN2H-2-6A","Hydro Pumped Storage","11WD7VIAN2H-2-6A","14/04/2026 18:00 - 14/04/2026 19:00","89.50",""
"14/04/2026 00:00 - 15/04/2026 00:00","CTA|DE(Amprion)","Vianden 6","11WD7VIAN2H-2-6A","Hydro Pumped Storage","11WD7VIAN2H-2-6A","14/04/2026 19:00 - 14/04/2026 20:00","98.75",""
"14/04/2026 00:00 - 15/04/2026 00:00","CTA|DE(Amprion)","Vianden 6","11WD7VIAN2H-2-6A","Hydro Pumped Storage","11WD7VIAN2H-2-6A","14/04/2026 20:00 - 14/04/2026 21:00","87.33",""
"14/04/2026 00:00 - 15/04/2026 00:00","CTA|DE(Amprion)","Vianden 6","11WD7VIAN2H-2-6A","Hydro Pumped Storage","11WD7VIAN2H-2-6A","14/04/2026 21:00 - 14/04/2026 22:00","63.70",""
"14/04/2026 00:00 - 15/04/2026 00:00","CTA|DE(Amprion)","Vianden 6","11WD7VIAN2H-2-6A","Hydro Pumped Storage","11WD7VIAN2H-2-6A","14/04/2026 22:00 - 14/04/2026 23:00","29.52",""
"14/04/2026 00:00 - 15/04/2026 00:00","CTA|DE(Amprion)","Vianden 6","11WD7VIAN2H-2-6A","Hydro Pumped Storage","11WD7VIAN2H-2-6A","14/04/2026 23:00 - 15/04/2026 00:00","0.00",""
"14/04/2026 00:00 - 15/04/2026 00:00","CTA|DE(Amprion)","Vianden 7","11WD7VIAN2H-2-78","Hydro Pumped Storage","11WD7VIAN2H-2-78","14/04/2026 00:00 - 14/04/2026 01:00","0.00",""
"14/04/2026 00:00 - 15/04/2026 00:00","CTA|DE(Amprion)","Vianden 7","11WD7VIAN2H-2-78","Hydro Pumped Storage","11WD7VIAN2H-2-78","14/04/2026 01:00 - 14/04/2026 02:00","0.00",""
"14/04/2026 00:00 - 15/04/2026 00:00","CTA|DE(Amprion)","Vianden 7","11WD7VIAN2H-2-78","Hydro Pumped Storage","11WD7VIAN2H-2-78","14/04/2026 02:00 - 14/04/2026 03:00","0.00",""
"14/04/2026 00:00 - 15/04/2026 00:00","CTA|DE(Amprion)","Vianden 7","11WD7VIAN2H-2-78","Hydro Pumped Storage","11WD7VIAN2H-2-78","14/04/2026 03:00 - 14/04/2026 04:00","0.00",""
"14/04/2026 00:00 - 15/04/2026 00:00","CTA|DE(Amprion)","Vianden 7","11WD7VIAN2H-2-78","Hydro Pumped Storage","11WD7VIAN2H-2-78","14/04/2026 04:00 - 14/04/2026 05:00","0.00",""
"14/04/2026 00:00 - 15/04/2026 00:00","CTA|DE(Amprion)","Vianden 7","11WD7VIAN2H-2-78","Hydro Pumped Storage","11WD7VIAN2H-2-78","14/04/2026 05:00 - 14/04/2026 06:00","0.00",""
"14/04/2026 00:00 - 15/04/2026 00:00","CTA|DE(Amprion)","Vianden 7","11WD7VIAN2H-2-78","Hydro Pumped Storage","11WD7VIAN2H-2-78","14/04/2026 06:00 - 14/04/2026 07:00","0.00",""
"14/04/2026 00:00 - 15/04/2026 00:00","CTA|DE(Amprion)","Vianden 7","11WD7VIAN2H-2-78","Hydro Pumped Storage","11WD7VIAN2H-2-78","14/04/2026 07:00 - 14/04/2026 08:00","46.65",""
"14/04/2026 00:00 - 15/04/2026 00:00","CTA|DE(Amprion)","Vianden 7","11WD7VIAN2H-2-78","Hydro Pumped Storage","11WD7VIAN2H-2-78","14/04/2026 08:00 - 14/04/2026 09:00","34.38",""
"14/04/2026 00:00 - 15/04/2026 00:00","CTA|DE(Amprion)","Vianden 7","11WD7VIAN2H-2-78","Hydro Pumped Storage","11WD7VIAN2H-2-78","14/04/2026 09:00 - 14/04/2026 10:00","0.25",""
"14/04/2026 00:00 - 15/04/2026 00:00","CTA|DE(Amprion)","Vianden 7","11WD7VIAN2H-2-78","Hydro Pumped Storage","11WD7VIAN2H-2-78","14/04/2026 10:00 - 14/04/2026 11:00","0.00",""
"14/04/2026 00:00 - 15/04/2026 00:00","CTA|DE(Amprion)","Vianden 7","11WD7VIAN2H-2-78","Hydro Pumped Storage","11WD7VIAN2H-2-78","14/04/2026 11:00 - 14/04/2026 12:00","0.00",""
"14/04/2026 00:00 - 15/04/2026 00:00","CTA|DE(Amprion)","Vianden 7","11WD7VIAN2H-2-78","Hydro Pumped Storage","11WD7VIAN2H-2-78","14/04/2026 12:00 - 14/04/2026 13:00","0.00",""
"14/04/2026 00:00 - 15/04/2026 00:00","CTA|DE(Amprion)","Vianden 7","11WD7VIAN2H-2-78","Hydro Pumped Storage","11WD7VIAN2H-2-78","14/04/2026 13:00 - 14/04/2026 14:00","0.00",""
"14/04/2026 00:00 - 15/04/2026 00:00","CTA|DE(Amprion)","Vianden 7","11WD7VIAN2H-2-78","Hydro Pumped Storage","11WD7VIAN2H-2-78","14/04/2026 14:00 - 14/04/2026 15:00","0.00",""
"14/04/2026 00:00 - 15/04/2026 00:00","CTA|DE(Amprion)","Vianden 7","11WD7VIAN2H-2-78","Hydro Pumped Storage","11WD7VIAN2H-2-78","14/04/2026 15:00 - 14/04/2026 16:00","0.00",""
"14/04/2026 00:00 - 15/04/2026 00:00","CTA|DE(Amprion)","Vianden 7","11WD7VIAN2H-2-78","Hydro Pumped Storage","11WD7VIAN2H-2-78","14/04/2026 16:00 - 14/04/2026 17:00","0.00",""
"14/04/2026 00:00 - 15/04/2026 00:00","CTA|DE(Amprion)","Vianden 7","11WD7VIAN2H-2-78","Hydro Pumped Storage","11WD7VIAN2H-2-78","14/04/2026 17:00 - 14/04/2026 18:00","0.00",""
"14/04/2026 00:00 - 15/04/2026 00:00","CTA|DE(Amprion)","Vianden 7","11WD7VIAN2H-2-78","Hydro Pumped Storage","11WD7VIAN2H-2-78","14/04/2026 18:00 - 14/04/2026 19:00","91.17",""
"14/04/2026 00:00 - 15/04/2026 00:00","CTA|DE(Amprion)","Vianden 7","11WD7VIAN2H-2-78","Hydro Pumped Storage","11WD7VIAN2H-2-78","14/04/2026 19:00 - 14/04/2026 20:00","99.00",""
"14/04/2026 00:00 - 15/04/2026 00:00","CTA|DE(Amprion)","Vianden 7","11WD7VIAN2H-2-78","Hydro Pumped Storage","11WD7VIAN2H-2-78","14/04/2026 20:00 - 14/04/2026 21:00","85.67",""
"14/04/2026 00:00 - 15/04/2026 00:00","CTA|DE(Amprion)","Vianden 7","11WD7VIAN2H-2-78","Hydro Pumped Storage","11WD7VIAN2H-2-78","14/04/2026 21:00 - 14/04/2026 22:00","64.17",""
"14/04/2026 00:00 - 15/04/2026 00:00","CTA|DE(Amprion)","Vianden 7","11WD7VIAN2H-2-78","Hydro Pumped Storage","11WD7VIAN2H-2-78","14/04/2026 22:00 - 14/04/2026 23:00","29.35",""
"14/04/2026 00:00 - 15/04/2026 00:00","CTA|DE(Amprion)","Vianden 7","11WD7VIAN2H-2-78","Hydro Pumped Storage","11WD7VIAN2H-2-78","14/04/2026 23:00 - 15/04/2026 00:00","0.00",""
"14/04/2026 00:00 - 15/04/2026 00:00","CTA|DE(Amprion)","Vianden 8","11WD7VIAN2H-2-86","Hydro Pumped Storage","11WD7VIAN2H-2-86","14/04/2026 00:00 - 14/04/2026 01:00","0.00",""
"14/04/2026 00:00 - 15/04/2026 00:00","CTA|DE(Amprion)","Vianden 8","11WD7VIAN2H-2-86","Hydro Pumped Storage","11WD7VIAN2H-2-86","14/04/2026 01:00 - 14/04/2026 02:00","0.00",""
"14/04/2026 00:00 - 15/04/2026 00:00","CTA|DE(Amprion)","Vianden 8","11WD7VIAN2H-2-86","Hydro Pumped Storage","11WD7VIAN2H-2-86","14/04/2026 02:00 - 14/04/2026 03:00","0.00",""
"14/04/2026 00:00 - 15/04/2026 00:00","CTA|DE(Amprion)","Vianden 8","11WD7VIAN2H-2-86","Hydro Pumped Storage","11WD7VIAN2H-2-86","14/04/2026 03:00 - 14/04/2026 04:00","0.00",""
"14/04/2026 00:00 - 15/04/2026 00:00","CTA|DE(Amprion)","Vianden 8","11WD7VIAN2H-2-86","Hydro Pumped Storage","11WD7VIAN2H-2-86","14/04/2026 04:00 - 14/04/2026 05:00","0.00",""
"14/04/2026 00:00 - 15/04/2026 00:00","CTA|DE(Amprion)","Vianden 8","11WD7VIAN2H-2-86","Hydro Pumped Storage","11WD7VIAN2H-2-86","14/04/2026 05:00 - 14/04/2026 06:00","0.00",""
"14/04/2026 00:00 - 15/04/2026 00:00","CTA|DE(Amprion)","Vianden 8","11WD7VIAN2H-2-86","Hydro Pumped Storage","11WD7VIAN2H-2-86","14/04/2026 06:00 - 14/04/2026 07:00","0.00",""
"14/04/2026 00:00 - 15/04/2026 00:00","CTA|DE(Amprion)","Vianden 8","11WD7VIAN2H-2-86","Hydro Pumped Storage","11WD7VIAN2H-2-86","14/04/2026 07:00 - 14/04/2026 08:00","35.15",""
"14/04/2026 00:00 - 15/04/2026 00:00","CTA|DE(Amprion)","Vianden 8","11WD7VIAN2H-2-86","Hydro Pumped Storage","11WD7VIAN2H-2-86","14/04/2026 08:00 - 14/04/2026 09:00","17.35",""
"14/04/2026 00:00 - 15/04/2026 00:00","CTA|DE(Amprion)","Vianden 8","11WD7VIAN2H-2-86","Hydro Pumped Storage","11WD7VIAN2H-2-86","14/04/2026 09:00 - 14/04/2026 10:00","0.00",""
"14/04/2026 00:00 - 15/04/2026 00:00","CTA|DE(Amprion)","Vianden 8","11WD7VIAN2H-2-86","Hydro Pumped Storage","11WD7VIAN2H-2-86","14/04/2026 10:00 - 14/04/2026 11:00","0.00",""
"14/04/2026 00:00 - 15/04/2026 00:00","CTA|DE(Amprion)","Vianden 8","11WD7VIAN2H-2-86","Hydro Pumped Storage","11WD7VIAN2H-2-86","14/04/2026 11:00 - 14/04/2026 12:00","0.00",""
"14/04/2026 00:00 - 15/04/2026 00:00","CTA|DE(Amprion)","Vianden 8","11WD7VIAN2H-2-86","Hydro Pumped Storage","11WD7VIAN2H-2-86","14/04/2026 12:00 - 14/04/2026 13:00","0.00",""
"14/04/2026 00:00 - 15/04/2026 00:00","CTA|DE(Amprion)","Vianden 8","11WD7VIAN2H-2-86","Hydro Pumped Storage","11WD7VIAN2H-2-86","14/04/2026 13:00 - 14/04/2026 14:00","0.00",""
"14/04/2026 00:00 - 15/04/2026 00:00","CTA|DE(Amprion)","Vianden 8","11WD7VIAN2H-2-86","Hydro Pumped Storage","11WD7VIAN2H-2-86","14/04/2026 14:00 - 14/04/2026 15:00","0.00",""
"14/04/2026 00:00 - 15/04/2026 00:00","CTA|DE(Amprion)","Vianden 8","11WD7VIAN2H-2-86","Hydro Pumped Storage","11WD7VIAN2H-2-86","14/04/2026 15:00 - 14/04/2026 16:00","0.00",""
"14/04/2026 00:00 - 15/04/2026 00:00","CTA|DE(Amprion)","Vianden 8","11WD7VIAN2H-2-86","Hydro Pumped Storage","11WD7VIAN2H-2-86","14/04/2026 16:00 - 14/04/2026 17:00","0.00",""
"14/04/2026 00:00 - 15/04/2026 00:00","CTA|DE(Amprion)","Vianden 8","11WD7VIAN2H-2-86","Hydro Pumped Storage","11WD7VIAN2H-2-86","14/04/2026 17:00 - 14/04/2026 18:00","0.00",""
"14/04/2026 00:00 - 15/04/2026 00:00","CTA|DE(Amprion)","Vianden 8","11WD7VIAN2H-2-86","Hydro Pumped Storage","11WD7VIAN2H-2-86","14/04/2026 18:00 - 14/04/2026 19:00","91.78",""
"14/04/2026 00:00 - 15/04/2026 00:00","CTA|DE(Amprion)","Vianden 8","11WD7VIAN2H-2-86","Hydro Pumped Storage","11WD7VIAN2H-2-86","14/04/2026 19:00 - 14/04/2026 20:00","101.35",""
"14/04/2026 00:00 - 15/04/2026 00:00","CTA|DE(Amprion)","Vianden 8","11WD7VIAN2H-2-86","Hydro Pumped Storage","11WD7VIAN2H-2-86","14/04/2026 20:00 - 14/04/2026 21:00","86.55",""
"14/04/2026 00:00 - 15/04/2026 00:00","CTA|DE(Amprion)","Vianden 8","11WD7VIAN2H-2-86","Hydro Pumped Storage","11WD7VIAN2H-2-86","14/04/2026 21:00 - 14/04/2026 22:00","65.75",""
"14/04/2026 00:00 - 15/04/2026 00:00","CTA|DE(Amprion)","Vianden 8","11WD7VIAN2H-2-86","Hydro Pumped Storage","11WD7VIAN2H-2-86","14/04/2026 22:00 - 14/04/2026 23:00","29.63",""
"14/04/2026 00:00 - 15/04/2026 00:00","CTA|DE(Amprion)","Vianden 8","11WD7VIAN2H-2-86","Hydro Pumped Storage","11WD7VIAN2H-2-86","14/04/2026 23:00 - 15/04/2026 00:00","0.00",""
"14/04/2026 00:00 - 15/04/2026 00:00","CTA|DE(Amprion)","Vianden 9","11WD7VIAN2H-2-94","Hydro Pumped Storage","11WD7VIAN2H-2-94","14/04/2026 00:00 - 14/04/2026 01:00","0.00",""
"14/04/2026 00:00 - 15/04/2026 00:00","CTA|DE(Amprion)","Vianden 9","11WD7VIAN2H-2-94","Hydro Pumped Storage","11WD7VIAN2H-2-94","14/04/2026 01:00 - 14/04/2026 02:00","0.00",""
"14/04/2026 00:00 - 15/04/2026 00:00","CTA|DE(Amprion)","Vianden 9","11WD7VIAN2H-2-94","Hydro Pumped Storage","11WD7VIAN2H-2-94","14/04/2026 02:00 - 14/04/2026 03:00","0.00",""
"14/04/2026 00:00 - 15/04/2026 00:00","CTA|DE(Amprion)","Vianden 9","11WD7VIAN2H-2-94","Hydro Pumped Storage","11WD7VIAN2H-2-94","14/04/2026 03:00 - 14/04/2026 04:00","0.00",""
"14/04/2026 00:00 - 15/04/2026 00:00","CTA|DE(Amprion)","Vianden 9","11WD7VIAN2H-2-94","Hydro Pumped Storage","11WD7VIAN2H-2-94","14/04/2026 04:00 - 14/04/2026 05:00","0.00",""
"14/04/2026 00:00 - 15/04/2026 00:00","CTA|DE(Amprion)","Vianden 9","11WD7VIAN2H-2-94","Hydro Pumped Storage","11WD7VIAN2H-2-94","14/04/2026 05:00 - 14/04/2026 06:00","0.00",""
"14/04/2026 00:00 - 15/04/2026 00:00","CTA|DE(Amprion)","Vianden 9","11WD7VIAN2H-2-94","Hydro Pumped Storage","11WD7VIAN2H-2-94","14/04/2026 06:00 - 14/04/2026 07:00","0.00",""
"14/04/2026 00:00 - 15/04/2026 00:00","CTA|DE(Amprion)","Vianden 9","11WD7VIAN2H-2-94","Hydro Pumped Storage","11WD7VIAN2H-2-94","14/04/2026 07:00 - 14/04/2026 08:00","34.67",""
"14/04/2026 00:00 - 15/04/2026 00:00","CTA|DE(Amprion)","Vianden 9","11WD7VIAN2H-2-94","Hydro Pumped Storage","11WD7VIAN2H-2-94","14/04/2026 08:00 - 14/04/2026 09:00","6.35",""
"14/04/2026 00:00 - 15/04/2026 00:00","CTA|DE(Amprion)","Vianden 9","11WD7VIAN2H-2-94","Hydro Pumped Storage","11WD7VIAN2H-2-94","14/04/2026 09:00 - 14/04/2026 10:00","0.00",""
"14/04/2026 00:00 - 15/04/2026 00:00","CTA|DE(Amprion)","Vianden 9","11WD7VIAN2H-2-94","Hydro Pumped Storage","11WD7VIAN2H-2-94","14/04/2026 10:00 - 14/04/2026 11:00","0.00",""
"14/04/2026 00:00 - 15/04/2026 00:00","CTA|DE(Amprion)","Vianden 9","11WD7VIAN2H-2-94","Hydro Pumped Storage","11WD7VIAN2H-2-94","14/04/2026 11:00 - 14/04/2026 12:00","0.00",""
"14/04/2026 00:00 - 15/04/2026 00:00","CTA|DE(Amprion)","Vianden 9","11WD7VIAN2H-2-94","Hydro Pumped Storage","11WD7VIAN2H-2-94","14/04/2026 12:00 - 14/04/2026 13:00","0.00",""
"14/04/2026 00:00 - 15/04/2026 00:00","CTA|DE(Amprion)","Vianden 9","11WD7VIAN2H-2-94","Hydro Pumped Storage","11WD7VIAN2H-2-94","14/04/2026 13:00 - 14/04/2026 14:00","0.00",""
"14/04/2026 00:00 - 15/04/2026 00:00","CTA|DE(Amprion)","Vianden 9","11WD7VIAN2H-2-94","Hydro Pumped Storage","11WD7VIAN2H-2-94","14/04/2026 14:00 - 14/04/2026 15:00","0.00",""
"14/04/2026 00:00 - 15/04/2026 00:00","CTA|DE(Amprion)","Vianden 9","11WD7VIAN2H-2-94","Hydro Pumped Storage","11WD7VIAN2H-2-94","14/04/2026 15:00 - 14/04/2026 16:00","0.00",""
"14/04/2026 00:00 - 15/04/2026 00:00","CTA|DE(Amprion)","Vianden 9","11WD7VIAN2H-2-94","Hydro Pumped Storage","11WD7VIAN2H-2-94","14/04/2026 16:00 - 14/04/2026 17:00","0.00",""
"14/04/2026 00:00 - 15/04/2026 00:00","CTA|DE(Amprion)","Vianden 9","11WD7VIAN2H-2-94","Hydro Pumped Storage","11WD7VIAN2H-2-94","14/04/2026 17:00 - 14/04/2026 18:00","0.00",""
"14/04/2026 00:00 - 15/04/2026 00:00","CTA|DE(Amprion)","Vianden 9","11WD7VIAN2H-2-94","Hydro Pumped Storage","11WD7VIAN2H-2-94","14/04/2026 18:00 - 14/04/2026 19:00","91.60",""
"14/04/2026 00:00 - 15/04/2026 00:00","CTA|DE(Amprion)","Vianden 9","11WD7VIAN2H-2-94","Hydro Pumped Storage","11WD7VIAN2H-2-94","14/04/2026 19:00 - 14/04/2026 20:00","99.20",""
"14/04/2026 00:00 - 15/04/2026 00:00","CTA|DE(Amprion)","Vianden 9","11WD7VIAN2H-2-94","Hydro Pumped Storage","11WD7VIAN2H-2-94","14/04/2026 20:00 - 14/04/2026 21:00","95.83",""
"14/04/2026 00:00 - 15/04/2026 00:00","CTA|DE(Amprion)","Vianden 9","11WD7VIAN2H-2-94","Hydro Pumped Storage","11WD7VIAN2H-2-94","14/04/2026 21:00 - 14/04/2026 22:00","82.58",""
"14/04/2026 00:00 - 15/04/2026 00:00","CTA|DE(Amprion)","Vianden 9","11WD7VIAN2H-2-94","Hydro Pumped Storage","11WD7VIAN2H-2-94","14/04/2026 22:00 - 14/04/2026 23:00","29.35",""
"14/04/2026 00:00 - 15/04/2026 00:00","CTA|DE(Amprion)","Vianden 9","11WD7VIAN2H-2-94","Hydro Pumped Storage","11WD7VIAN2H-2-94","14/04/2026 23:00 - 15/04/2026 00:00","0.00",""
"14/04/2026 00:00 - 15/04/2026 00:00","CTA|DE(Amprion)","VOELKLINGEN_HKV","11WD7VOLK5S-HKVM","Fossil Hard coal","11WD7VOLK5S-HKVM","14/04/2026 00:00 - 14/04/2026 01:00","0.00",""
"14/04/2026 00:00 - 15/04/2026 00:00","CTA|DE(Amprion)","VOELKLINGEN_HKV","11WD7VOLK5S-HKVM","Fossil Hard coal","11WD7VOLK5S-HKVM","14/04/2026 01:00 - 14/04/2026 02:00","0.00",""
"14/04/2026 00:00 - 15/04/2026 00:00","CTA|DE(Amprion)","VOELKLINGEN_HKV","11WD7VOLK5S-HKVM","Fossil Hard coal","11WD7VOLK5S-HKVM","14/04/2026 02:00 - 14/04/2026 03:00","0.00",""
"14/04/2026 00:00 - 15/04/2026 00:00","CTA|DE(Amprion)","VOELKLINGEN_HKV","11WD7VOLK5S-HKVM","Fossil Hard coal","11WD7VOLK5S-HKVM","14/04/2026 03:00 - 14/04/2026 04:00","0.00",""
"14/04/2026 00:00 - 15/04/2026 00:00","CTA|DE(Amprion)","VOELKLINGEN_HKV","11WD7VOLK5S-HKVM","Fossil Hard coal","11WD7VOLK5S-HKVM","14/04/2026 04:00 - 14/04/2026 05:00","0.00",""
"14/04/2026 00:00 - 15/04/2026 00:00","CTA|DE(Amprion)","VOELKLINGEN_HKV","11WD7VOLK5S-HKVM","Fossil Hard coal","11WD7VOLK5S-HKVM","14/04/2026 05:00 - 14/04/2026 06:00","0.00",""
"14/04/2026 00:00 - 15/04/2026 00:00","CTA|DE(Amprion)","VOELKLINGEN_HKV","11WD7VOLK5S-HKVM","Fossil Hard coal","11WD7VOLK5S-HKVM","14/04/2026 06:00 - 14/04/2026 07:00","0.00",""
"14/04/2026 00:00 - 15/04/2026 00:00","CTA|DE(Amprion)","VOELKLINGEN_HKV","11WD7VOLK5S-HKVM","Fossil Hard coal","11WD7VOLK5S-HKVM","14/04/2026 07:00 - 14/04/2026 08:00","0.00",""
"14/04/2026 00:00 - 15/04/2026 00:00","CTA|DE(Amprion)","VOELKLINGEN_HKV","11WD7VOLK5S-HKVM","Fossil Hard coal","11WD7VOLK5S-HKVM","14/04/2026 08:00 - 14/04/2026 09:00","0.00",""
"14/04/2026 00:00 - 15/04/2026 00:00","CTA|DE(Amprion)","VOELKLINGEN_HKV","11WD7VOLK5S-HKVM","Fossil Hard coal","11WD7VOLK5S-HKVM","14/04/2026 09:00 - 14/04/2026 10:00","0.00",""
"14/04/2026 00:00 - 15/04/2026 00:00","CTA|DE(Amprion)","VOELKLINGEN_HKV","11WD7VOLK5S-HKVM","Fossil Hard coal","11WD7VOLK5S-HKVM","14/04/2026 10:00 - 14/04/2026 11:00","0.00",""
"14/04/2026 00:00 - 15/04/2026 00:00","CTA|DE(Amprion)","VOELKLINGEN_HKV","11WD7VOLK5S-HKVM","Fossil Hard coal","11WD7VOLK5S-HKVM","14/04/2026 11:00 - 14/04/2026 12:00","0.00",""
"14/04/2026 00:00 - 15/04/2026 00:00","CTA|DE(Amprion)","VOELKLINGEN_HKV","11WD7VOLK5S-HKVM","Fossil Hard coal","11WD7VOLK5S-HKVM","14/04/2026 12:00 - 14/04/2026 13:00","0.00",""
"14/04/2026 00:00 - 15/04/2026 00:00","CTA|DE(Amprion)","VOELKLINGEN_HKV","11WD7VOLK5S-HKVM","Fossil Hard coal","11WD7VOLK5S-HKVM","14/04/2026 13:00 - 14/04/2026 14:00","0.00",""
"14/04/2026 00:00 - 15/04/2026 00:00","CTA|DE(Amprion)","VOELKLINGEN_HKV","11WD7VOLK5S-HKVM","Fossil Hard coal","11WD7VOLK5S-HKVM","14/04/2026 14:00 - 14/04/2026 15:00","0.00",""
"14/04/2026 00:00 - 15/04/2026 00:00","CTA|DE(Amprion)","VOELKLINGEN_HKV","11WD7VOLK5S-HKVM","Fossil Hard coal","11WD7VOLK5S-HKVM","14/04/2026 15:00 - 14/04/2026 16:00","0.00",""
"14/04/2026 00:00 - 15/04/2026 00:00","CTA|DE(Amprion)","VOELKLINGEN_HKV","11WD7VOLK5S-HKVM","Fossil Hard coal","11WD7VOLK5S-HKVM","14/04/2026 16:00 - 14/04/2026 17:00","0.00",""
"14/04/2026 00:00 - 15/04/2026 00:00","CTA|DE(Amprion)","VOELKLINGEN_HKV","11WD7VOLK5S-HKVM","Fossil Hard coal","11WD7VOLK5S-HKVM","14/04/2026 17:00 - 14/04/2026 18:00","0.00",""
"14/04/2026 00:00 - 15/04/2026 00:00","CTA|DE(Amprion)","VOELKLINGEN_HKV","11WD7VOLK5S-HKVM","Fossil Hard coal","11WD7VOLK5S-HKVM","14/04/2026 18:00 - 14/04/2026 19:00","0.00",""
"14/04/2026 00:00 - 15/04/2026 00:00","CTA|DE(Amprion)","VOELKLINGEN_HKV","11WD7VOLK5S-HKVM","Fossil Hard coal","11WD7VOLK5S-HKVM","14/04/2026 19:00 - 14/04/2026 20:00","0.00",""
"14/04/2026 00:00 - 15/04/2026 00:00","CTA|DE(Amprion)","VOELKLINGEN_HKV","11WD7VOLK5S-HKVM","Fossil Hard coal","11WD7VOLK5S-HKVM","14/04/2026 20:00 - 14/04/2026 21:00","0.00",""
"14/04/2026 00:00 - 15/04/2026 00:00","CTA|DE(Amprion)","VOELKLINGEN_HKV","11WD7VOLK5S-HKVM","Fossil Hard coal","11WD7VOLK5S-HKVM","14/04/2026 21:00 - 14/04/2026 22:00","0.00",""
"14/04/2026 00:00 - 15/04/2026 00:00","CTA|DE(Amprion)","VOELKLINGEN_HKV","11WD7VOLK5S-HKVM","Fossil Hard coal","11WD7VOLK5S-HKVM","14/04/2026 22:00 - 14/04/2026 23:00","0.00",""
"14/04/2026 00:00 - 15/04/2026 00:00","CTA|DE(Amprion)","VOELKLINGEN_HKV","11WD7VOLK5S-HKVM","Fossil Hard coal","11WD7VOLK5S-HKVM","14/04/2026 23:00 - 15/04/2026 00:00","0.00",""
"14/04/2026 00:00 - 15/04/2026 00:00","CTA|DE(Amprion)","VOELKLINGEN_MKV","11WD7VOLK5S-MKV2","Fossil Hard coal","11WD7VOLK5S-MKV2","14/04/2026 00:00 - 14/04/2026 01:00","0.00",""
"14/04/2026 00:00 - 15/04/2026 00:00","CTA|DE(Amprion)","VOELKLINGEN_MKV","11WD7VOLK5S-MKV2","Fossil Hard coal","11WD7VOLK5S-MKV2","14/04/2026 01:00 - 14/04/2026 02:00","0.00",""
"14/04/2026 00:00 - 15/04/2026 00:00","CTA|DE(Amprion)","VOELKLINGEN_MKV","11WD7VOLK5S-MKV2","Fossil Hard coal","11WD7VOLK5S-MKV2","14/04/2026 02:00 - 14/04/2026 03:00","0.00",""
"14/04/2026 00:00 - 15/04/2026 00:00","CTA|DE(Amprion)","VOELKLINGEN_MKV","11WD7VOLK5S-MKV2","Fossil Hard coal","11WD7VOLK5S-MKV2","14/04/2026 03:00 - 14/04/2026 04:00","0.00",""
"14/04/2026 00:00 - 15/04/2026 00:00","CTA|DE(Amprion)","VOELKLINGEN_MKV","11WD7VOLK5S-MKV2","Fossil Hard coal","11WD7VOLK5S-MKV2","14/04/2026 04:00 - 14/04/2026 05:00","0.00",""
"14/04/2026 00:00 - 15/04/2026 00:00","CTA|DE(Amprion)","VOELKLINGEN_MKV","11WD7VOLK5S-MKV2","Fossil Hard coal","11WD7VOLK5S-MKV2","14/04/2026 05:00 - 14/04/2026 06:00","0.00",""
"14/04/2026 00:00 - 15/04/2026 00:00","CTA|DE(Amprion)","VOELKLINGEN_MKV","11WD7VOLK5S-MKV2","Fossil Hard coal","11WD7VOLK5S-MKV2","14/04/2026 06:00 - 14/04/2026 07:00","0.00",""
"14/04/2026 00:00 - 15/04/2026 00:00","CTA|DE(Amprion)","VOELKLINGEN_MKV","11WD7VOLK5S-MKV2","Fossil Hard coal","11WD7VOLK5S-MKV2","14/04/2026 07:00 - 14/04/2026 08:00","0.00",""
"14/04/2026 00:00 - 15/04/2026 00:00","CTA|DE(Amprion)","VOELKLINGEN_MKV","11WD7VOLK5S-MKV2","Fossil Hard coal","11WD7VOLK5S-MKV2","14/04/2026 08:00 - 14/04/2026 09:00","0.00",""
"14/04/2026 00:00 - 15/04/2026 00:00","CTA|DE(Amprion)","VOELKLINGEN_MKV","11WD7VOLK5S-MKV2","Fossil Hard coal","11WD7VOLK5S-MKV2","14/04/2026 09:00 - 14/04/2026 10:00","0.00",""
"14/04/2026 00:00 - 15/04/2026 00:00","CTA|DE(Amprion)","VOELKLINGEN_MKV","11WD7VOLK5S-MKV2","Fossil Hard coal","11WD7VOLK5S-MKV2","14/04/2026 10:00 - 14/04/2026 11:00","0.00",""
"14/04/2026 00:00 - 15/04/2026 00:00","CTA|DE(Amprion)","VOELKLINGEN_MKV","11WD7VOLK5S-MKV2","Fossil Hard coal","11WD7VOLK5S-MKV2","14/04/2026 11:00 - 14/04/2026 12:00","0.00",""
"14/04/2026 00:00 - 15/04/2026 00:00","CTA|DE(Amprion)","VOELKLINGEN_MKV","11WD7VOLK5S-MKV2","Fossil Hard coal","11WD7VOLK5S-MKV2","14/04/2026 12:00 - 14/04/2026 13:00","0.00",""
"14/04/2026 00:00 - 15/04/2026 00:00","CTA|DE(Amprion)","VOELKLINGEN_MKV","11WD7VOLK5S-MKV2","Fossil Hard coal","11WD7VOLK5S-MKV2","14/04/2026 13:00 - 14/04/2026 14:00","0.00",""
"14/04/2026 00:00 - 15/04/2026 00:00","CTA|DE(Amprion)","VOELKLINGEN_MKV","11WD7VOLK5S-MKV2","Fossil Hard coal","11WD7VOLK5S-MKV2","14/04/2026 14:00 - 14/04/2026 15:00","0.00",""
"14/04/2026 00:00 - 15/04/2026 00:00","CTA|DE(Amprion)","VOELKLINGEN_MKV","11WD7VOLK5S-MKV2","Fossil Hard coal","11WD7VOLK5S-MKV2","14/04/2026 15:00 - 14/04/2026 16:00","0.00",""
"14/04/2026 00:00 - 15/04/2026 00:00","CTA|DE(Amprion)","VOELKLINGEN_MKV","11WD7VOLK5S-MKV2","Fossil Hard coal","11WD7VOLK5S-MKV2","14/04/2026 16:00 - 14/04/2026 17:00","0.00",""
"14/04/2026 00:00 - 15/04/2026 00:00","CTA|DE(Amprion)","VOELKLINGEN_MKV","11WD7VOLK5S-MKV2","Fossil Hard coal","11WD7VOLK5S-MKV2","14/04/2026 17:00 - 14/04/2026 18:00","0.00",""
"14/04/2026 00:00 - 15/04/2026 00:00","CTA|DE(Amprion)","VOELKLINGEN_MKV","11WD7VOLK5S-MKV2","Fossil Hard coal","11WD7VOLK5S-MKV2","14/04/2026 18:00 - 14/04/2026 19:00","0.00",""
"14/04/2026 00:00 - 15/04/2026 00:00","CTA|DE(Amprion)","VOELKLINGEN_MKV","11WD7VOLK5S-MKV2","Fossil Hard coal","11WD7VOLK5S-MKV2","14/04/2026 19:00 - 14/04/2026 20:00","0.00",""
"14/04/2026 00:00 - 15/04/2026 00:00","CTA|DE(Amprion)","VOELKLINGEN_MKV","11WD7VOLK5S-MKV2","Fossil Hard coal","11WD7VOLK5S-MKV2","14/04/2026 20:00 - 14/04/2026 21:00","0.00",""
"14/04/2026 00:00 - 15/04/2026 00:00","CTA|DE(Amprion)","VOELKLINGEN_MKV","11WD7VOLK5S-MKV2","Fossil Hard coal","11WD7VOLK5S-MKV2","14/04/2026 21:00 - 14/04/2026 22:00","0.00",""
"14/04/2026 00:00 - 15/04/2026 00:00","CTA|DE(Amprion)","VOELKLINGEN_MKV","11WD7VOLK5S-MKV2","Fossil Hard coal","11WD7VOLK5S-MKV2","14/04/2026 22:00 - 14/04/2026 23:00","0.00",""
"14/04/2026 00:00 - 15/04/2026 00:00","CTA|DE(Amprion)","VOELKLINGEN_MKV","11WD7VOLK5S-MKV2","Fossil Hard coal","11WD7VOLK5S-MKV2","14/04/2026 23:00 - 15/04/2026 00:00","0.00",""
"14/04/2026 00:00 - 15/04/2026 00:00","CTA|DE(Amprion)","WALSUM_10","11WD7WALS1S--10A","Fossil Hard coal","11WD7WALS1S--10A","14/04/2026 00:00 - 14/04/2026 00:15","686.00",""
"14/04/2026 00:00 - 15/04/2026 00:00","CTA|DE(Amprion)","WALSUM_10","11WD7WALS1S--10A","Fossil Hard coal","11WD7WALS1S--10A","14/04/2026 00:15 - 14/04/2026 00:30","691.00",""
"14/04/2026 00:00 - 15/04/2026 00:00","CTA|DE(Amprion)","WALSUM_10","11WD7WALS1S--10A","Fossil Hard coal","11WD7WALS1S--10A","14/04/2026 00:30 - 14/04/2026 00:45","694.30",""
"14/04/2026 00:00 - 15/04/2026 00:00","CTA|DE(Amprion)","WALSUM_10","11WD7WALS1S--10A","Fossil Hard coal","11WD7WALS1S--10A","14/04/2026 00:45 - 14/04/2026 01:00","691.20",""
"14/04/2026 00:00 - 15/04/2026 00:00","CTA|DE(Amprion)","WALSUM_10","11WD7WALS1S--10A","Fossil Hard coal","11WD7WALS1S--10A","14/04/2026 01:00 - 14/04/2026 01:15","692.50",""
"14/04/2026 00:00 - 15/04/2026 00:00","CTA|DE(Amprion)","WALSUM_10","11WD7WALS1S--10A","Fossil Hard coal","11WD7WALS1S--10A","14/04/2026 01:15 - 14/04/2026 01:30","690.60",""
"14/04/2026 00:00 - 15/04/2026 00:00","CTA|DE(Amprion)","WALSUM_10","11WD7WALS1S--10A","Fossil Hard coal","11WD7WALS1S--10A","14/04/2026 01:30 - 14/04/2026 01:45","691.60",""
"14/04/2026 00:00 - 15/04/2026 00:00","CTA|DE(Amprion)","WALSUM_10","11WD7WALS1S--10A","Fossil Hard coal","11WD7WALS1S--10A","14/04/2026 01:45 - 14/04/2026 02:00","691.40",""
"14/04/2026 00:00 - 15/04/2026 00:00","CTA|DE(Amprion)","WALSUM_10","11WD7WALS1S--10A","Fossil Hard coal","11WD7WALS1S--10A","14/04/2026 02:00 - 14/04/2026 02:15","690.00",""
"14/04/2026 00:00 - 15/04/2026 00:00","CTA|DE(Amprion)","WALSUM_10","11WD7WALS1S--10A","Fossil Hard coal","11WD7WALS1S--10A","14/04/2026 02:15 - 14/04/2026 02:30","685.60",""
"14/04/2026 00:00 - 15/04/2026 00:00","CTA|DE(Amprion)","WALSUM_10","11WD7WALS1S--10A","Fossil Hard coal","11WD7WALS1S--10A","14/04/2026 02:30 - 14/04/2026 02:45","684.90",""
"14/04/2026 00:00 - 15/04/2026 00:00","CTA|DE(Amprion)","WALSUM_10","11WD7WALS1S--10A","Fossil Hard coal","11WD7WALS1S--10A","14/04/2026 02:45 - 14/04/2026 03:00","687.20",""
"14/04/2026 00:00 - 15/04/2026 00:00","CTA|DE(Amprion)","WALSUM_10","11WD7WALS1S--10A","Fossil Hard coal","11WD7WALS1S--10A","14/04/2026 03:00 - 14/04/2026 03:15","688.70",""
"14/04/2026 00:00 - 15/04/2026 00:00","CTA|DE(Amprion)","WALSUM_10","11WD7WALS1S--10A","Fossil Hard coal","11WD7WALS1S--10A","14/04/2026 03:15 - 14/04/2026 03:30","687.90",""
"14/04/2026 00:00 - 15/04/2026 00:00","CTA|DE(Amprion)","WALSUM_10","11WD7WALS1S--10A","Fossil Hard coal","11WD7WALS1S--10A","14/04/2026 03:30 - 14/04/2026 03:45","690.20",""
"14/04/2026 00:00 - 15/04/2026 00:00","CTA|DE(Amprion)","WALSUM_10","11WD7WALS1S--10A","Fossil Hard coal","11WD7WALS1S--10A","14/04/2026 03:45 - 14/04/2026 04:00","688.10",""
"14/04/2026 00:00 - 15/04/2026 00:00","CTA|DE(Amprion)","WALSUM_10","11WD7WALS1S--10A","Fossil Hard coal","11WD7WALS1S--10A","14/04/2026 04:00 - 14/04/2026 04:15","690.00",""
"14/04/2026 00:00 - 15/04/2026 00:00","CTA|DE(Amprion)","WALSUM_10","11WD7WALS1S--10A","Fossil Hard coal","11WD7WALS1S--10A","14/04/2026 04:15 - 14/04/2026 04:30","691.00",""
"14/04/2026 00:00 - 15/04/2026 00:00","CTA|DE(Amprion)","WALSUM_10","11WD7WALS1S--10A","Fossil Hard coal","11WD7WALS1S--10A","14/04/2026 04:30 - 14/04/2026 04:45","689.30",""
"14/04/2026 00:00 - 15/04/2026 00:00","CTA|DE(Amprion)","WALSUM_10","11WD7WALS1S--10A","Fossil Hard coal","11WD7WALS1S--10A","14/04/2026 04:45 - 14/04/2026 05:00","688.50",""
"14/04/2026 00:00 - 15/04/2026 00:00","CTA|DE(Amprion)","WALSUM_10","11WD7WALS1S--10A","Fossil Hard coal","11WD7WALS1S--10A","14/04/2026 05:00 - 14/04/2026 05:15","688.50",""
"14/04/2026 00:00 - 15/04/2026 00:00","CTA|DE(Amprion)","WALSUM_10","11WD7WALS1S--10A","Fossil Hard coal","11WD7WALS1S--10A","14/04/2026 05:15 - 14/04/2026 05:30","692.90",""
"14/04/2026 00:00 - 15/04/2026 00:00","CTA|DE(Amprion)","WALSUM_10","11WD7WALS1S--10A","Fossil Hard coal","11WD7WALS1S--10A","14/04/2026 05:30 - 14/04/2026 05:45","692.20",""
"14/04/2026 00:00 - 15/04/2026 00:00","CTA|DE(Amprion)","WALSUM_10","11WD7WALS1S--10A","Fossil Hard coal","11WD7WALS1S--10A","14/04/2026 05:45 - 14/04/2026 06:00","691.40",""
"14/04/2026 00:00 - 15/04/2026 00:00","CTA|DE(Amprion)","WALSUM_10","11WD7WALS1S--10A","Fossil Hard coal","11WD7WALS1S--10A","14/04/2026 06:00 - 14/04/2026 06:15","691.00",""
"14/04/2026 00:00 - 15/04/2026 00:00","CTA|DE(Amprion)","WALSUM_10","11WD7WALS1S--10A","Fossil Hard coal","11WD7WALS1S--10A","14/04/2026 06:15 - 14/04/2026 06:30","690.00",""
"14/04/2026 00:00 - 15/04/2026 00:00","CTA|DE(Amprion)","WALSUM_10","11WD7WALS1S--10A","Fossil Hard coal","11WD7WALS1S--10A","14/04/2026 06:30 - 14/04/2026 06:45","688.30",""
"14/04/2026 00:00 - 15/04/2026 00:00","CTA|DE(Amprion)","WALSUM_10","11WD7WALS1S--10A","Fossil Hard coal","11WD7WALS1S--10A","14/04/2026 06:45 - 14/04/2026 07:00","691.80",""
"14/04/2026 00:00 - 15/04/2026 00:00","CTA|DE(Amprion)","WALSUM_10","11WD7WALS1S--10A","Fossil Hard coal","11WD7WALS1S--10A","14/04/2026 07:00 - 14/04/2026 07:15","692.40",""
"14/04/2026 00:00 - 15/04/2026 00:00","CTA|DE(Amprion)","WALSUM_10","11WD7WALS1S--10A","Fossil Hard coal","11WD7WALS1S--10A","14/04/2026 07:15 - 14/04/2026 07:30","692.90",""
"14/04/2026 00:00 - 15/04/2026 00:00","CTA|DE(Amprion)","WALSUM_10","11WD7WALS1S--10A","Fossil Hard coal","11WD7WALS1S--10A","14/04/2026 07:30 - 14/04/2026 07:45","690.20",""
"14/04/2026 00:00 - 15/04/2026 00:00","CTA|DE(Amprion)","WALSUM_10","11WD7WALS1S--10A","Fossil Hard coal","11WD7WALS1S--10A","14/04/2026 07:45 - 14/04/2026 08:00","689.10",""
"14/04/2026 00:00 - 15/04/2026 00:00","CTA|DE(Amprion)","WALSUM_10","11WD7WALS1S--10A","Fossil Hard coal","11WD7WALS1S--10A","14/04/2026 08:00 - 14/04/2026 08:15","688.70",""
"14/04/2026 00:00 - 15/04/2026 00:00","CTA|DE(Amprion)","WALSUM_10","11WD7WALS1S--10A","Fossil Hard coal","11WD7WALS1S--10A","14/04/2026 08:15 - 14/04/2026 08:30","691.60",""
"14/04/2026 00:00 - 15/04/2026 00:00","CTA|DE(Amprion)","WALSUM_10","11WD7WALS1S--10A","Fossil Hard coal","11WD7WALS1S--10A","14/04/2026 08:30 - 14/04/2026 08:45","689.70",""
"14/04/2026 00:00 - 15/04/2026 00:00","CTA|DE(Amprion)","WALSUM_10","11WD7WALS1S--10A","Fossil Hard coal","11WD7WALS1S--10A","14/04/2026 08:45 - 14/04/2026 09:00","690.20",""
"14/04/2026 00:00 - 15/04/2026 00:00","CTA|DE(Amprion)","WALSUM_10","11WD7WALS1S--10A","Fossil Hard coal","11WD7WALS1S--10A","14/04/2026 09:00 - 14/04/2026 09:15","686.20",""
"14/04/2026 00:00 - 15/04/2026 00:00","CTA|DE(Amprion)","WALSUM_10","11WD7WALS1S--10A","Fossil Hard coal","11WD7WALS1S--10A","14/04/2026 09:15 - 14/04/2026 09:30","684.50",""
"14/04/2026 00:00 - 15/04/2026 00:00","CTA|DE(Amprion)","WALSUM_10","11WD7WALS1S--10A","Fossil Hard coal","11WD7WALS1S--10A","14/04/2026 09:30 - 14/04/2026 09:45","685.60",""
"14/04/2026 00:00 - 15/04/2026 00:00","CTA|DE(Amprion)","WALSUM_10","11WD7WALS1S--10A","Fossil Hard coal","11WD7WALS1S--10A","14/04/2026 09:45 - 14/04/2026 10:00","687.00",""
"14/04/2026 00:00 - 15/04/2026 00:00","CTA|DE(Amprion)","WALSUM_10","11WD7WALS1S--10A","Fossil Hard coal","11WD7WALS1S--10A","14/04/2026 10:00 - 14/04/2026 10:15","687.90",""
"14/04/2026 00:00 - 15/04/2026 00:00","CTA|DE(Amprion)","WALSUM_10","11WD7WALS1S--10A","Fossil Hard coal","11WD7WALS1S--10A","14/04/2026 10:15 - 14/04/2026 10:30","678.50",""
"14/04/2026 00:00 - 15/04/2026 00:00","CTA|DE(Amprion)","WALSUM_10","11WD7WALS1S--10A","Fossil Hard coal","11WD7WALS1S--10A","14/04/2026 10:30 - 14/04/2026 10:45","590.00",""
"14/04/2026 00:00 - 15/04/2026 00:00","CTA|DE(Amprion)","WALSUM_10","11WD7WALS1S--10A","Fossil Hard coal","11WD7WALS1S--10A","14/04/2026 10:45 - 14/04/2026 11:00","491.10",""
"14/04/2026 00:00 - 15/04/2026 00:00","CTA|DE(Amprion)","WALSUM_10","11WD7WALS1S--10A","Fossil Hard coal","11WD7WALS1S--10A","14/04/2026 11:00 - 14/04/2026 11:15","411.60",""
"14/04/2026 00:00 - 15/04/2026 00:00","CTA|DE(Amprion)","WALSUM_10","11WD7WALS1S--10A","Fossil Hard coal","11WD7WALS1S--10A","14/04/2026 11:15 - 14/04/2026 11:30","385.00",""
"14/04/2026 00:00 - 15/04/2026 00:00","CTA|DE(Amprion)","WALSUM_10","11WD7WALS1S--10A","Fossil Hard coal","11WD7WALS1S--10A","14/04/2026 11:30 - 14/04/2026 11:45","386.30",""
"14/04/2026 00:00 - 15/04/2026 00:00","CTA|DE(Amprion)","WALSUM_10","11WD7WALS1S--10A","Fossil Hard coal","11WD7WALS1S--10A","14/04/2026 11:45 - 14/04/2026 12:00","382.10",""
"14/04/2026 00:00 - 15/04/2026 00:00","CTA|DE(Amprion)","WALSUM_10","11WD7WALS1S--10A","Fossil Hard coal","11WD7WALS1S--10A","14/04/2026 12:00 - 14/04/2026 12:15","319.30",""
"14/04/2026 00:00 - 15/04/2026 00:00","CTA|DE(Amprion)","WALSUM_10","11WD7WALS1S--10A","Fossil Hard coal","11WD7WALS1S--10A","14/04/2026 12:15 - 14/04/2026 12:30","303.20",""
"14/04/2026 00:00 - 15/04/2026 00:00","CTA|DE(Amprion)","WALSUM_10","11WD7WALS1S--10A","Fossil Hard coal","11WD7WALS1S--10A","14/04/2026 12:30 - 14/04/2026 12:45","292.00",""
"14/04/2026 00:00 - 15/04/2026 00:00","CTA|DE(Amprion)","WALSUM_10","11WD7WALS1S--10A","Fossil Hard coal","11WD7WALS1S--10A","14/04/2026 12:45 - 14/04/2026 13:00","287.80",""
"14/04/2026 00:00 - 15/04/2026 00:00","CTA|DE(Amprion)","WALSUM_10","11WD7WALS1S--10A","Fossil Hard coal","11WD7WALS1S--10A","14/04/2026 13:00 - 14/04/2026 13:15","299.10",""
"14/04/2026 00:00 - 15/04/2026 00:00","CTA|DE(Amprion)","WALSUM_10","11WD7WALS1S--10A","Fossil Hard coal","11WD7WALS1S--10A","14/04/2026 13:15 - 14/04/2026 13:30","307.40",""
"14/04/2026 00:00 - 15/04/2026 00:00","CTA|DE(Amprion)","WALSUM_10","11WD7WALS1S--10A","Fossil Hard coal","11WD7WALS1S--10A","14/04/2026 13:30 - 14/04/2026 13:45","293.00",""
"14/04/2026 00:00 - 15/04/2026 00:00","CTA|DE(Amprion)","WALSUM_10","11WD7WALS1S--10A","Fossil Hard coal","11WD7WALS1S--10A","14/04/2026 13:45 - 14/04/2026 14:00","294.90",""
"14/04/2026 00:00 - 15/04/2026 00:00","CTA|DE(Amprion)","WALSUM_10","11WD7WALS1S--10A","Fossil Hard coal","11WD7WALS1S--10A","14/04/2026 14:00 - 14/04/2026 14:15","295.90",""
"14/04/2026 00:00 - 15/04/2026 00:00","CTA|DE(Amprion)","WALSUM_10","11WD7WALS1S--10A","Fossil Hard coal","11WD7WALS1S--10A","14/04/2026 14:15 - 14/04/2026 14:30","316.60",""
"14/04/2026 00:00 - 15/04/2026 00:00","CTA|DE(Amprion)","WALSUM_10","11WD7WALS1S--10A","Fossil Hard coal","11WD7WALS1S--10A","14/04/2026 14:30 - 14/04/2026 14:45","401.30",""
"14/04/2026 00:00 - 15/04/2026 00:00","CTA|DE(Amprion)","WALSUM_10","11WD7WALS1S--10A","Fossil Hard coal","11WD7WALS1S--10A","14/04/2026 14:45 - 14/04/2026 15:00","494.80",""
"14/04/2026 00:00 - 15/04/2026 00:00","CTA|DE(Amprion)","WALSUM_10","11WD7WALS1S--10A","Fossil Hard coal","11WD7WALS1S--10A","14/04/2026 15:00 - 14/04/2026 15:15","590.60",""
"14/04/2026 00:00 - 15/04/2026 00:00","CTA|DE(Amprion)","WALSUM_10","11WD7WALS1S--10A","Fossil Hard coal","11WD7WALS1S--10A","14/04/2026 15:15 - 14/04/2026 15:30","665.50",""
"14/04/2026 00:00 - 15/04/2026 00:00","CTA|DE(Amprion)","WALSUM_10","11WD7WALS1S--10A","Fossil Hard coal","11WD7WALS1S--10A","14/04/2026 15:30 - 14/04/2026 15:45","692.20",""
"14/04/2026 00:00 - 15/04/2026 00:00","CTA|DE(Amprion)","WALSUM_10","11WD7WALS1S--10A","Fossil Hard coal","11WD7WALS1S--10A","14/04/2026 15:45 - 14/04/2026 16:00","695.20",""
"14/04/2026 00:00 - 15/04/2026 00:00","CTA|DE(Amprion)","WALSUM_10","11WD7WALS1S--10A","Fossil Hard coal","11WD7WALS1S--10A","14/04/2026 16:00 - 14/04/2026 16:15","690.60",""
"14/04/2026 00:00 - 15/04/2026 00:00","CTA|DE(Amprion)","WALSUM_10","11WD7WALS1S--10A","Fossil Hard coal","11WD7WALS1S--10A","14/04/2026 16:15 - 14/04/2026 16:30","689.70",""
"14/04/2026 00:00 - 15/04/2026 00:00","CTA|DE(Amprion)","WALSUM_10","11WD7WALS1S--10A","Fossil Hard coal","11WD7WALS1S--10A","14/04/2026 16:30 - 14/04/2026 16:45","692.40",""
"14/04/2026 00:00 - 15/04/2026 00:00","CTA|DE(Amprion)","WALSUM_10","11WD7WALS1S--10A","Fossil Hard coal","11WD7WALS1S--10A","14/04/2026 16:45 - 14/04/2026 17:00","693.30",""
"14/04/2026 00:00 - 15/04/2026 00:00","CTA|DE(Amprion)","WALSUM_10","11WD7WALS1S--10A","Fossil Hard coal","11WD7WALS1S--10A","14/04/2026 17:00 - 14/04/2026 17:15","691.80",""
"14/04/2026 00:00 - 15/04/2026 00:00","CTA|DE(Amprion)","WALSUM_10","11WD7WALS1S--10A","Fossil Hard coal","11WD7WALS1S--10A","14/04/2026 17:15 - 14/04/2026 17:30","689.90",""
"14/04/2026 00:00 - 15/04/2026 00:00","CTA|DE(Amprion)","WALSUM_10","11WD7WALS1S--10A","Fossil Hard coal","11WD7WALS1S--10A","14/04/2026 17:30 - 14/04/2026 17:45","690.20",""
"14/04/2026 00:00 - 15/04/2026 00:00","CTA|DE(Amprion)","WALSUM_10","11WD7WALS1S--10A","Fossil Hard coal","11WD7WALS1S--10A","14/04/2026 17:45 - 14/04/2026 18:00","687.70",""
"14/04/2026 00:00 - 15/04/2026 00:00","CTA|DE(Amprion)","WALSUM_10","11WD7WALS1S--10A","Fossil Hard coal","11WD7WALS1S--10A","14/04/2026 18:00 - 14/04/2026 18:15","692.20",""
"14/04/2026 00:00 - 15/04/2026 00:00","CTA|DE(Amprion)","WALSUM_10","11WD7WALS1S--10A","Fossil Hard coal","11WD7WALS1S--10A","14/04/2026 18:15 - 14/04/2026 18:30","692.90",""
"14/04/2026 00:00 - 15/04/2026 00:00","CTA|DE(Amprion)","WALSUM_10","11WD7WALS1S--10A","Fossil Hard coal","11WD7WALS1S--10A","14/04/2026 18:30 - 14/04/2026 18:45","690.80",""
"14/04/2026 00:00 - 15/04/2026 00:00","CTA|DE(Amprion)","WALSUM_10","11WD7WALS1S--10A","Fossil Hard coal","11WD7WALS1S--10A","14/04/2026 18:45 - 14/04/2026 19:00","690.60",""
"14/04/2026 00:00 - 15/04/2026 00:00","CTA|DE(Amprion)","WALSUM_10","11WD7WALS1S--10A","Fossil Hard coal","11WD7WALS1S--10A","14/04/2026 19:00 - 14/04/2026 19:15","688.10",""
"14/04/2026 00:00 - 15/04/2026 00:00","CTA|DE(Amprion)","WALSUM_10","11WD7WALS1S--10A","Fossil Hard coal","11WD7WALS1S--10A","14/04/2026 19:15 - 14/04/2026 19:30","687.70",""
"14/04/2026 00:00 - 15/04/2026 00:00","CTA|DE(Amprion)","WALSUM_10","11WD7WALS1S--10A","Fossil Hard coal","11WD7WALS1S--10A","14/04/2026 19:30 - 14/04/2026 19:45","692.50",""
"14/04/2026 00:00 - 15/04/2026 00:00","CTA|DE(Amprion)","WALSUM_10","11WD7WALS1S--10A","Fossil Hard coal","11WD7WALS1S--10A","14/04/2026 19:45 - 14/04/2026 20:00","689.90",""
"14/04/2026 00:00 - 15/04/2026 00:00","CTA|DE(Amprion)","WALSUM_10","11WD7WALS1S--10A","Fossil Hard coal","11WD7WALS1S--10A","14/04/2026 20:00 - 14/04/2026 20:15","691.20",""
"14/04/2026 00:00 - 15/04/2026 00:00","CTA|DE(Amprion)","WALSUM_10","11WD7WALS1S--10A","Fossil Hard coal","11WD7WALS1S--10A","14/04/2026 20:15 - 14/04/2026 20:30","691.40",""
"14/04/2026 00:00 - 15/04/2026 00:00","CTA|DE(Amprion)","WALSUM_10","11WD7WALS1S--10A","Fossil Hard coal","11WD7WALS1S--10A","14/04/2026 20:30 - 14/04/2026 20:45","687.50",""
"14/04/2026 00:00 - 15/04/2026 00:00","CTA|DE(Amprion)","WALSUM_10","11WD7WALS1S--10A","Fossil Hard coal","11WD7WALS1S--10A","14/04/2026 20:45 - 14/04/2026 21:00","693.30",""
"14/04/2026 00:00 - 15/04/2026 00:00","CTA|DE(Amprion)","WALSUM_10","11WD7WALS1S--10A","Fossil Hard coal","11WD7WALS1S--10A","14/04/2026 21:00 - 14/04/2026 21:15","692.70",""
"14/04/2026 00:00 - 15/04/2026 00:00","CTA|DE(Amprion)","WALSUM_10","11WD7WALS1S--10A","Fossil Hard coal","11WD7WALS1S--10A","14/04/2026 21:15 - 14/04/2026 21:30","690.40",""
"14/04/2026 00:00 - 15/04/2026 00:00","CTA|DE(Amprion)","WALSUM_10","11WD7WALS1S--10A","Fossil Hard coal","11WD7WALS1S--10A","14/04/2026 21:30 - 14/04/2026 21:45","691.00",""
"14/04/2026 00:00 - 15/04/2026 00:00","CTA|DE(Amprion)","WALSUM_10","11WD7WALS1S--10A","Fossil Hard coal","11WD7WALS1S--10A","14/04/2026 21:45 - 14/04/2026 22:00","689.50",""
"14/04/2026 00:00 - 15/04/2026 00:00","CTA|DE(Amprion)","WALSUM_10","11WD7WALS1S--10A","Fossil Hard coal","11WD7WALS1S--10A","14/04/2026 22:00 - 14/04/2026 22:15","690.40",""
"14/04/2026 00:00 - 15/04/2026 00:00","CTA|DE(Amprion)","WALSUM_10","11WD7WALS1S--10A","Fossil Hard coal","11WD7WALS1S--10A","14/04/2026 22:15 - 14/04/2026 22:30","691.80",""
"14/04/2026 00:00 - 15/04/2026 00:00","CTA|DE(Amprion)","WALSUM_10","11WD7WALS1S--10A","Fossil Hard coal","11WD7WALS1S--10A","14/04/2026 22:30 - 14/04/2026 22:45","692.90",""
"14/04/2026 00:00 - 15/04/2026 00:00","CTA|DE(Amprion)","WALSUM_10","11WD7WALS1S--10A","Fossil Hard coal","11WD7WALS1S--10A","14/04/2026 22:45 - 14/04/2026 23:00","690.00",""
"14/04/2026 00:00 - 15/04/2026 00:00","CTA|DE(Amprion)","WALSUM_10","11WD7WALS1S--10A","Fossil Hard coal","11WD7WALS1S--10A","14/04/2026 23:00 - 14/04/2026 23:15","686.40",""
"14/04/2026 00:00 - 15/04/2026 00:00","CTA|DE(Amprion)","WALSUM_10","11WD7WALS1S--10A","Fossil Hard coal","11WD7WALS1S--10A","14/04/2026 23:15 - 14/04/2026 23:30","688.70",""
"14/04/2026 00:00 - 15/04/2026 00:00","CTA|DE(Amprion)","WALSUM_10","11WD7WALS1S--10A","Fossil Hard coal","11WD7WALS1S--10A","14/04/2026 23:30 - 14/04/2026 23:45","688.10",""
"14/04/2026 00:00 - 15/04/2026 00:00","CTA|DE(Amprion)","WALSUM_10","11WD7WALS1S--10A","Fossil Hard coal","11WD7WALS1S--10A","14/04/2026 23:45 - 15/04/2026 00:00","687.00",""
"14/04/2026 00:00 - 15/04/2026 00:00","CTA|DE(Amprion)","WEIHER_C","11WD7WEIH2S--C-A","Fossil Hard coal","11WD7WEIH2S--C-A","14/04/2026 00:00 - 14/04/2026 01:00","0.00",""
"14/04/2026 00:00 - 15/04/2026 00:00","CTA|DE(Amprion)","WEIHER_C","11WD7WEIH2S--C-A","Fossil Hard coal","11WD7WEIH2S--C-A","14/04/2026 01:00 - 14/04/2026 02:00","0.00",""
"14/04/2026 00:00 - 15/04/2026 00:00","CTA|DE(Amprion)","WEIHER_C","11WD7WEIH2S--C-A","Fossil Hard coal","11WD7WEIH2S--C-A","14/04/2026 02:00 - 14/04/2026 03:00","0.00",""
"14/04/2026 00:00 - 15/04/2026 00:00","CTA|DE(Amprion)","WEIHER_C","11WD7WEIH2S--C-A","Fossil Hard coal","11WD7WEIH2S--C-A","14/04/2026 03:00 - 14/04/2026 04:00","0.00",""
"14/04/2026 00:00 - 15/04/2026 00:00","CTA|DE(Amprion)","WEIHER_C","11WD7WEIH2S--C-A","Fossil Hard coal","11WD7WEIH2S--C-A","14/04/2026 04:00 - 14/04/2026 05:00","0.00",""
"14/04/2026 00:00 - 15/04/2026 00:00","CTA|DE(Amprion)","WEIHER_C","11WD7WEIH2S--C-A","Fossil Hard coal","11WD7WEIH2S--C-A","14/04/2026 05:00 - 14/04/2026 06:00","0.00",""
"14/04/2026 00:00 - 15/04/2026 00:00","CTA|DE(Amprion)","WEIHER_C","11WD7WEIH2S--C-A","Fossil Hard coal","11WD7WEIH2S--C-A","14/04/2026 06:00 - 14/04/2026 07:00","0.00",""
"14/04/2026 00:00 - 15/04/2026 00:00","CTA|DE(Amprion)","WEIHER_C","11WD7WEIH2S--C-A","Fossil Hard coal","11WD7WEIH2S--C-A","14/04/2026 07:00 - 14/04/2026 08:00","0.00",""
"14/04/2026 00:00 - 15/04/2026 00:00","CTA|DE(Amprion)","WEIHER_C","11WD7WEIH2S--C-A","Fossil Hard coal","11WD7WEIH2S--C-A","14/04/2026 08:00 - 14/04/2026 09:00","0.00",""
"14/04/2026 00:00 - 15/04/2026 00:00","CTA|DE(Amprion)","WEIHER_C","11WD7WEIH2S--C-A","Fossil Hard coal","11WD7WEIH2S--C-A","14/04/2026 09:00 - 14/04/2026 10:00","0.00",""
"14/04/2026 00:00 - 15/04/2026 00:00","CTA|DE(Amprion)","WEIHER_C","11WD7WEIH2S--C-A","Fossil Hard coal","11WD7WEIH2S--C-A","14/04/2026 10:00 - 14/04/2026 11:00","0.00",""
"14/04/2026 00:00 - 15/04/2026 00:00","CTA|DE(Amprion)","WEIHER_C","11WD7WEIH2S--C-A","Fossil Hard coal","11WD7WEIH2S--C-A","14/04/2026 11:00 - 14/04/2026 12:00","0.00",""
"14/04/2026 00:00 - 15/04/2026 00:00","CTA|DE(Amprion)","WEIHER_C","11WD7WEIH2S--C-A","Fossil Hard coal","11WD7WEIH2S--C-A","14/04/2026 12:00 - 14/04/2026 13:00","0.00",""
"14/04/2026 00:00 - 15/04/2026 00:00","CTA|DE(Amprion)","WEIHER_C","11WD7WEIH2S--C-A","Fossil Hard coal","11WD7WEIH2S--C-A","14/04/2026 13:00 - 14/04/2026 14:00","0.00",""
"14/04/2026 00:00 - 15/04/2026 00:00","CTA|DE(Amprion)","WEIHER_C","11WD7WEIH2S--C-A","Fossil Hard coal","11WD7WEIH2S--C-A","14/04/2026 14:00 - 14/04/2026 15:00","0.00",""
"14/04/2026 00:00 - 15/04/2026 00:00","CTA|DE(Amprion)","WEIHER_C","11WD7WEIH2S--C-A","Fossil Hard coal","11WD7WEIH2S--C-A","14/04/2026 15:00 - 14/04/2026 16:00","0.00",""
"14/04/2026 00:00 - 15/04/2026 00:00","CTA|DE(Amprion)","WEIHER_C","11WD7WEIH2S--C-A","Fossil Hard coal","11WD7WEIH2S--C-A","14/04/2026 16:00 - 14/04/2026 17:00","0.00",""
"14/04/2026 00:00 - 15/04/2026 00:00","CTA|DE(Amprion)","WEIHER_C","11WD7WEIH2S--C-A","Fossil Hard coal","11WD7WEIH2S--C-A","14/04/2026 17:00 - 14/04/2026 18:00","0.00",""
"14/04/2026 00:00 - 15/04/2026 00:00","CTA|DE(Amprion)","WEIHER_C","11WD7WEIH2S--C-A","Fossil Hard coal","11WD7WEIH2S--C-A","14/04/2026 18:00 - 14/04/2026 19:00","0.00",""
"14/04/2026 00:00 - 15/04/2026 00:00","CTA|DE(Amprion)","WEIHER_C","11WD7WEIH2S--C-A","Fossil Hard coal","11WD7WEIH2S--C-A","14/04/2026 19:00 - 14/04/2026 20:00","0.00",""
"14/04/2026 00:00 - 15/04/2026 00:00","CTA|DE(Amprion)","WEIHER_C","11WD7WEIH2S--C-A","Fossil Hard coal","11WD7WEIH2S--C-A","14/04/2026 20:00 - 14/04/2026 21:00","0.00",""
"14/04/2026 00:00 - 15/04/2026 00:00","CTA|DE(Amprion)","WEIHER_C","11WD7WEIH2S--C-A","Fossil Hard coal","11WD7WEIH2S--C-A","14/04/2026 21:00 - 14/04/2026 22:00","0.00",""
"14/04/2026 00:00 - 15/04/2026 00:00","CTA|DE(Amprion)","WEIHER_C","11WD7WEIH2S--C-A","Fossil Hard coal","11WD7WEIH2S--C-A","14/04/2026 22:00 - 14/04/2026 23:00","0.00",""
"14/04/2026 00:00 - 15/04/2026 00:00","CTA|DE(Amprion)","WEIHER_C","11WD7WEIH2S--C-A","Fossil Hard coal","11WD7WEIH2S--C-A","14/04/2026 23:00 - 15/04/2026 00:00","0.00",""
"14/04/2026 00:00 - 15/04/2026 00:00","CTA|DE(Amprion)","Weisweiler G","11WD7WEIS1B--G-J","Fossil Brown coal/Lignite","11WD7WEIS1B--G-J","14/04/2026 00:00 - 14/04/2026 01:00","638.73",""
"14/04/2026 00:00 - 15/04/2026 00:00","CTA|DE(Amprion)","Weisweiler G","11WD7WEIS1B--G-J","Fossil Brown coal/Lignite","11WD7WEIS1B--G-J","14/04/2026 01:00 - 14/04/2026 02:00","645.98",""
"14/04/2026 00:00 - 15/04/2026 00:00","CTA|DE(Amprion)","Weisweiler G","11WD7WEIS1B--G-J","Fossil Brown coal/Lignite","11WD7WEIS1B--G-J","14/04/2026 02:00 - 14/04/2026 03:00","646.05",""
"14/04/2026 00:00 - 15/04/2026 00:00","CTA|DE(Amprion)","Weisweiler G","11WD7WEIS1B--G-J","Fossil Brown coal/Lignite","11WD7WEIS1B--G-J","14/04/2026 03:00 - 14/04/2026 04:00","643.40",""
"14/04/2026 00:00 - 15/04/2026 00:00","CTA|DE(Amprion)","Weisweiler G","11WD7WEIS1B--G-J","Fossil Brown coal/Lignite","11WD7WEIS1B--G-J","14/04/2026 04:00 - 14/04/2026 05:00","639.20",""
"14/04/2026 00:00 - 15/04/2026 00:00","CTA|DE(Amprion)","Weisweiler G","11WD7WEIS1B--G-J","Fossil Brown coal/Lignite","11WD7WEIS1B--G-J","14/04/2026 05:00 - 14/04/2026 06:00","639.02",""
"14/04/2026 00:00 - 15/04/2026 00:00","CTA|DE(Amprion)","Weisweiler G","11WD7WEIS1B--G-J","Fossil Brown coal/Lignite","11WD7WEIS1B--G-J","14/04/2026 06:00 - 14/04/2026 07:00","637.42",""
"14/04/2026 00:00 - 15/04/2026 00:00","CTA|DE(Amprion)","Weisweiler G","11WD7WEIS1B--G-J","Fossil Brown coal/Lignite","11WD7WEIS1B--G-J","14/04/2026 07:00 - 14/04/2026 08:00","639.35",""
"14/04/2026 00:00 - 15/04/2026 00:00","CTA|DE(Amprion)","Weisweiler G","11WD7WEIS1B--G-J","Fossil Brown coal/Lignite","11WD7WEIS1B--G-J","14/04/2026 08:00 - 14/04/2026 09:00","638.83",""
"14/04/2026 00:00 - 15/04/2026 00:00","CTA|DE(Amprion)","Weisweiler G","11WD7WEIS1B--G-J","Fossil Brown coal/Lignite","11WD7WEIS1B--G-J","14/04/2026 09:00 - 14/04/2026 10:00","639.52",""
"14/04/2026 00:00 - 15/04/2026 00:00","CTA|DE(Amprion)","Weisweiler G","11WD7WEIS1B--G-J","Fossil Brown coal/Lignite","11WD7WEIS1B--G-J","14/04/2026 10:00 - 14/04/2026 11:00","638.92",""
"14/04/2026 00:00 - 15/04/2026 00:00","CTA|DE(Amprion)","Weisweiler G","11WD7WEIS1B--G-J","Fossil Brown coal/Lignite","11WD7WEIS1B--G-J","14/04/2026 11:00 - 14/04/2026 12:00","591.83",""
"14/04/2026 00:00 - 15/04/2026 00:00","CTA|DE(Amprion)","Weisweiler G","11WD7WEIS1B--G-J","Fossil Brown coal/Lignite","11WD7WEIS1B--G-J","14/04/2026 12:00 - 14/04/2026 13:00","325.00",""
"14/04/2026 00:00 - 15/04/2026 00:00","CTA|DE(Amprion)","Weisweiler G","11WD7WEIS1B--G-J","Fossil Brown coal/Lignite","11WD7WEIS1B--G-J","14/04/2026 13:00 - 14/04/2026 14:00","240.35",""
"14/04/2026 00:00 - 15/04/2026 00:00","CTA|DE(Amprion)","Weisweiler G","11WD7WEIS1B--G-J","Fossil Brown coal/Lignite","11WD7WEIS1B--G-J","14/04/2026 14:00 - 14/04/2026 15:00","242.00",""
"14/04/2026 00:00 - 15/04/2026 00:00","CTA|DE(Amprion)","Weisweiler G","11WD7WEIS1B--G-J","Fossil Brown coal/Lignite","11WD7WEIS1B--G-J","14/04/2026 15:00 - 14/04/2026 16:00","397.80",""
"14/04/2026 00:00 - 15/04/2026 00:00","CTA|DE(Amprion)","Weisweiler G","11WD7WEIS1B--G-J","Fossil Brown coal/Lignite","11WD7WEIS1B--G-J","14/04/2026 16:00 - 14/04/2026 17:00","635.85",""
"14/04/2026 00:00 - 15/04/2026 00:00","CTA|DE(Amprion)","Weisweiler G","11WD7WEIS1B--G-J","Fossil Brown coal/Lignite","11WD7WEIS1B--G-J","14/04/2026 17:00 - 14/04/2026 18:00","640.08",""
"14/04/2026 00:00 - 15/04/2026 00:00","CTA|DE(Amprion)","Weisweiler G","11WD7WEIS1B--G-J","Fossil Brown coal/Lignite","11WD7WEIS1B--G-J","14/04/2026 18:00 - 14/04/2026 19:00","615.95",""
"14/04/2026 00:00 - 15/04/2026 00:00","CTA|DE(Amprion)","Weisweiler G","11WD7WEIS1B--G-J","Fossil Brown coal/Lignite","11WD7WEIS1B--G-J","14/04/2026 19:00 - 14/04/2026 20:00","645.25",""
"14/04/2026 00:00 - 15/04/2026 00:00","CTA|DE(Amprion)","Weisweiler G","11WD7WEIS1B--G-J","Fossil Brown coal/Lignite","11WD7WEIS1B--G-J","14/04/2026 20:00 - 14/04/2026 21:00","643.63",""
"14/04/2026 00:00 - 15/04/2026 00:00","CTA|DE(Amprion)","Weisweiler G","11WD7WEIS1B--G-J","Fossil Brown coal/Lignite","11WD7WEIS1B--G-J","14/04/2026 21:00 - 14/04/2026 22:00","642.42",""
"14/04/2026 00:00 - 15/04/2026 00:00","CTA|DE(Amprion)","Weisweiler G","11WD7WEIS1B--G-J","Fossil Brown coal/Lignite","11WD7WEIS1B--G-J","14/04/2026 22:00 - 14/04/2026 23:00","643.35",""
"14/04/2026 00:00 - 15/04/2026 00:00","CTA|DE(Amprion)","Weisweiler G","11WD7WEIS1B--G-J","Fossil Brown coal/Lignite","11WD7WEIS1B--G-J","14/04/2026 23:00 - 15/04/2026 00:00","642.17",""
"14/04/2026 00:00 - 15/04/2026 00:00","CTA|DE(Amprion)","Weisweiler H","11WD7WEIS1B--H-G","Fossil Brown coal/Lignite","11WD7WEIS1B--H-G","14/04/2026 00:00 - 14/04/2026 01:00","0.00",""
"14/04/2026 00:00 - 15/04/2026 00:00","CTA|DE(Amprion)","Weisweiler H","11WD7WEIS1B--H-G","Fossil Brown coal/Lignite","11WD7WEIS1B--H-G","14/04/2026 01:00 - 14/04/2026 02:00","0.00",""
"14/04/2026 00:00 - 15/04/2026 00:00","CTA|DE(Amprion)","Weisweiler H","11WD7WEIS1B--H-G","Fossil Brown coal/Lignite","11WD7WEIS1B--H-G","14/04/2026 02:00 - 14/04/2026 03:00","0.00",""
"14/04/2026 00:00 - 15/04/2026 00:00","CTA|DE(Amprion)","Weisweiler H","11WD7WEIS1B--H-G","Fossil Brown coal/Lignite","11WD7WEIS1B--H-G","14/04/2026 03:00 - 14/04/2026 04:00","0.00",""
"14/04/2026 00:00 - 15/04/2026 00:00","CTA|DE(Amprion)","Weisweiler H","11WD7WEIS1B--H-G","Fossil Brown coal/Lignite","11WD7WEIS1B--H-G","14/04/2026 04:00 - 14/04/2026 05:00","0.00",""
"14/04/2026 00:00 - 15/04/2026 00:00","CTA|DE(Amprion)","Weisweiler H","11WD7WEIS1B--H-G","Fossil Brown coal/Lignite","11WD7WEIS1B--H-G","14/04/2026 05:00 - 14/04/2026 06:00","0.00",""
"14/04/2026 00:00 - 15/04/2026 00:00","CTA|DE(Amprion)","Weisweiler H","11WD7WEIS1B--H-G","Fossil Brown coal/Lignite","11WD7WEIS1B--H-G","14/04/2026 06:00 - 14/04/2026 07:00","0.00",""
"14/04/2026 00:00 - 15/04/2026 00:00","CTA|DE(Amprion)","Weisweiler H","11WD7WEIS1B--H-G","Fossil Brown coal/Lignite","11WD7WEIS1B--H-G","14/04/2026 07:00 - 14/04/2026 08:00","0.00",""
"14/04/2026 00:00 - 15/04/2026 00:00","CTA|DE(Amprion)","Weisweiler H","11WD7WEIS1B--H-G","Fossil Brown coal/Lignite","11WD7WEIS1B--H-G","14/04/2026 08:00 - 14/04/2026 09:00","0.00",""
"14/04/2026 00:00 - 15/04/2026 00:00","CTA|DE(Amprion)","Weisweiler H","11WD7WEIS1B--H-G","Fossil Brown coal/Lignite","11WD7WEIS1B--H-G","14/04/2026 09:00 - 14/04/2026 10:00","0.00",""
"14/04/2026 00:00 - 15/04/2026 00:00","CTA|DE(Amprion)","Weisweiler H","11WD7WEIS1B--H-G","Fossil Brown coal/Lignite","11WD7WEIS1B--H-G","14/04/2026 10:00 - 14/04/2026 11:00","0.00",""
"14/04/2026 00:00 - 15/04/2026 00:00","CTA|DE(Amprion)","Weisweiler H","11WD7WEIS1B--H-G","Fossil Brown coal/Lignite","11WD7WEIS1B--H-G","14/04/2026 11:00 - 14/04/2026 12:00","0.00",""
"14/04/2026 00:00 - 15/04/2026 00:00","CTA|DE(Amprion)","Weisweiler H","11WD7WEIS1B--H-G","Fossil Brown coal/Lignite","11WD7WEIS1B--H-G","14/04/2026 12:00 - 14/04/2026 13:00","0.00",""
"14/04/2026 00:00 - 15/04/2026 00:00","CTA|DE(Amprion)","Weisweiler H","11WD7WEIS1B--H-G","Fossil Brown coal/Lignite","11WD7WEIS1B--H-G","14/04/2026 13:00 - 14/04/2026 14:00","0.00",""
"14/04/2026 00:00 - 15/04/2026 00:00","CTA|DE(Amprion)","Weisweiler H","11WD7WEIS1B--H-G","Fossil Brown coal/Lignite","11WD7WEIS1B--H-G","14/04/2026 14:00 - 14/04/2026 15:00","0.00",""
"14/04/2026 00:00 - 15/04/2026 00:00","CTA|DE(Amprion)","Weisweiler H","11WD7WEIS1B--H-G","Fossil Brown coal/Lignite","11WD7WEIS1B--H-G","14/04/2026 15:00 - 14/04/2026 16:00","0.00",""
"14/04/2026 00:00 - 15/04/2026 00:00","CTA|DE(Amprion)","Weisweiler H","11WD7WEIS1B--H-G","Fossil Brown coal/Lignite","11WD7WEIS1B--H-G","14/04/2026 16:00 - 14/04/2026 17:00","0.00",""
"14/04/2026 00:00 - 15/04/2026 00:00","CTA|DE(Amprion)","Weisweiler H","11WD7WEIS1B--H-G","Fossil Brown coal/Lignite","11WD7WEIS1B--H-G","14/04/2026 17:00 - 14/04/2026 18:00","0.00",""
"14/04/2026 00:00 - 15/04/2026 00:00","CTA|DE(Amprion)","Weisweiler H","11WD7WEIS1B--H-G","Fossil Brown coal/Lignite","11WD7WEIS1B--H-G","14/04/2026 18:00 - 14/04/2026 19:00","0.00",""
"14/04/2026 00:00 - 15/04/2026 00:00","CTA|DE(Amprion)","Weisweiler H","11WD7WEIS1B--H-G","Fossil Brown coal/Lignite","11WD7WEIS1B--H-G","14/04/2026 19:00 - 14/04/2026 20:00","0.00",""
"14/04/2026 00:00 - 15/04/2026 00:00","CTA|DE(Amprion)","Weisweiler H","11WD7WEIS1B--H-G","Fossil Brown coal/Lignite","11WD7WEIS1B--H-G","14/04/2026 20:00 - 14/04/2026 21:00","0.00",""
"14/04/2026 00:00 - 15/04/2026 00:00","CTA|DE(Amprion)","Weisweiler H","11WD7WEIS1B--H-G","Fossil Brown coal/Lignite","11WD7WEIS1B--H-G","14/04/2026 21:00 - 14/04/2026 22:00","0.00",""
"14/04/2026 00:00 - 15/04/2026 00:00","CTA|DE(Amprion)","Weisweiler H","11WD7WEIS1B--H-G","Fossil Brown coal/Lignite","11WD7WEIS1B--H-G","14/04/2026 22:00 - 14/04/2026 23:00","0.00",""
"14/04/2026 00:00 - 15/04/2026 00:00","CTA|DE(Amprion)","Weisweiler H","11WD7WEIS1B--H-G","Fossil Brown coal/Lignite","11WD7WEIS1B--H-G","14/04/2026 23:00 - 15/04/2026 00:00","0.00",""
"14/04/2026 00:00 - 15/04/2026 00:00","CTA|DE(Amprion)","Weisweiler VGT - BI. G","11WD7WEIS5GVGTGU","Fossil Gas","11WD7WEIS5GVGTGU","14/04/2026 00:00 - 14/04/2026 01:00","0.00",""
"14/04/2026 00:00 - 15/04/2026 00:00","CTA|DE(Amprion)","Weisweiler VGT - BI. G","11WD7WEIS5GVGTGU","Fossil Gas","11WD7WEIS5GVGTGU","14/04/2026 01:00 - 14/04/2026 02:00","0.00",""
"14/04/2026 00:00 - 15/04/2026 00:00","CTA|DE(Amprion)","Weisweiler VGT - BI. G","11WD7WEIS5GVGTGU","Fossil Gas","11WD7WEIS5GVGTGU","14/04/2026 02:00 - 14/04/2026 03:00","0.00",""
"14/04/2026 00:00 - 15/04/2026 00:00","CTA|DE(Amprion)","Weisweiler VGT - BI. G","11WD7WEIS5GVGTGU","Fossil Gas","11WD7WEIS5GVGTGU","14/04/2026 03:00 - 14/04/2026 04:00","0.00",""
"14/04/2026 00:00 - 15/04/2026 00:00","CTA|DE(Amprion)","Weisweiler VGT - BI. G","11WD7WEIS5GVGTGU","Fossil Gas","11WD7WEIS5GVGTGU","14/04/2026 04:00 - 14/04/2026 05:00","0.00",""
"14/04/2026 00:00 - 15/04/2026 00:00","CTA|DE(Amprion)","Weisweiler VGT - BI. G","11WD7WEIS5GVGTGU","Fossil Gas","11WD7WEIS5GVGTGU","14/04/2026 05:00 - 14/04/2026 06:00","0.00",""
"14/04/2026 00:00 - 15/04/2026 00:00","CTA|DE(Amprion)","Weisweiler VGT - BI. G","11WD7WEIS5GVGTGU","Fossil Gas","11WD7WEIS5GVGTGU","14/04/2026 06:00 - 14/04/2026 07:00","0.00",""
"14/04/2026 00:00 - 15/04/2026 00:00","CTA|DE(Amprion)","Weisweiler VGT - BI. G","11WD7WEIS5GVGTGU","Fossil Gas","11WD7WEIS5GVGTGU","14/04/2026 07:00 - 14/04/2026 08:00","0.00",""
"14/04/2026 00:00 - 15/04/2026 00:00","CTA|DE(Amprion)","Weisweiler VGT - BI. G","11WD7WEIS5GVGTGU","Fossil Gas","11WD7WEIS5GVGTGU","14/04/2026 08:00 - 14/04/2026 09:00","0.00",""
"14/04/2026 00:00 - 15/04/2026 00:00","CTA|DE(Amprion)","Weisweiler VGT - BI. G","11WD7WEIS5GVGTGU","Fossil Gas","11WD7WEIS5GVGTGU","14/04/2026 09:00 - 14/04/2026 10:00","0.00",""
"14/04/2026 00:00 - 15/04/2026 00:00","CTA|DE(Amprion)","Weisweiler VGT - BI. G","11WD7WEIS5GVGTGU","Fossil Gas","11WD7WEIS5GVGTGU","14/04/2026 10:00 - 14/04/2026 11:00","0.00",""
"14/04/2026 00:00 - 15/04/2026 00:00","CTA|DE(Amprion)","Weisweiler VGT - BI. G","11WD7WEIS5GVGTGU","Fossil Gas","11WD7WEIS5GVGTGU","14/04/2026 11:00 - 14/04/2026 12:00","0.00",""
"14/04/2026 00:00 - 15/04/2026 00:00","CTA|DE(Amprion)","Weisweiler VGT - BI. G","11WD7WEIS5GVGTGU","Fossil Gas","11WD7WEIS5GVGTGU","14/04/2026 12:00 - 14/04/2026 13:00","0.00",""
"14/04/2026 00:00 - 15/04/2026 00:00","CTA|DE(Amprion)","Weisweiler VGT - BI. G","11WD7WEIS5GVGTGU","Fossil Gas","11WD7WEIS5GVGTGU","14/04/2026 13:00 - 14/04/2026 14:00","0.00",""
"14/04/2026 00:00 - 15/04/2026 00:00","CTA|DE(Amprion)","Weisweiler VGT - BI. G","11WD7WEIS5GVGTGU","Fossil Gas","11WD7WEIS5GVGTGU","14/04/2026 14:00 - 14/04/2026 15:00","0.00",""
"14/04/2026 00:00 - 15/04/2026 00:00","CTA|DE(Amprion)","Weisweiler VGT - BI. G","11WD7WEIS5GVGTGU","Fossil Gas","11WD7WEIS5GVGTGU","14/04/2026 15:00 - 14/04/2026 16:00","0.00",""
"14/04/2026 00:00 - 15/04/2026 00:00","CTA|DE(Amprion)","Weisweiler VGT - BI. G","11WD7WEIS5GVGTGU","Fossil Gas","11WD7WEIS5GVGTGU","14/04/2026 16:00 - 14/04/2026 17:00","0.00",""
"14/04/2026 00:00 - 15/04/2026 00:00","CTA|DE(Amprion)","Weisweiler VGT - BI. G","11WD7WEIS5GVGTGU","Fossil Gas","11WD7WEIS5GVGTGU","14/04/2026 17:00 - 14/04/2026 18:00","0.00",""
"14/04/2026 00:00 - 15/04/2026 00:00","CTA|DE(Amprion)","Weisweiler VGT - BI. G","11WD7WEIS5GVGTGU","Fossil Gas","11WD7WEIS5GVGTGU","14/04/2026 18:00 - 14/04/2026 19:00","0.00",""
"14/04/2026 00:00 - 15/04/2026 00:00","CTA|DE(Amprion)","Weisweiler VGT - BI. G","11WD7WEIS5GVGTGU","Fossil Gas","11WD7WEIS5GVGTGU","14/04/2026 19:00 - 14/04/2026 20:00","0.00",""
"14/04/2026 00:00 - 15/04/2026 00:00","CTA|DE(Amprion)","Weisweiler VGT - BI. G","11WD7WEIS5GVGTGU","Fossil Gas","11WD7WEIS5GVGTGU","14/04/2026 20:00 - 14/04/2026 21:00","0.00",""
"14/04/2026 00:00 - 15/04/2026 00:00","CTA|DE(Amprion)","Weisweiler VGT - BI. G","11WD7WEIS5GVGTGU","Fossil Gas","11WD7WEIS5GVGTGU","14/04/2026 21:00 - 14/04/2026 22:00","0.00",""
"14/04/2026 00:00 - 15/04/2026 00:00","CTA|DE(Amprion)","Weisweiler VGT - BI. G","11WD7WEIS5GVGTGU","Fossil Gas","11WD7WEIS5GVGTGU","14/04/2026 22:00 - 14/04/2026 23:00","0.00",""
"14/04/2026 00:00 - 15/04/2026 00:00","CTA|DE(Amprion)","Weisweiler VGT - BI. G","11WD7WEIS5GVGTGU","Fossil Gas","11WD7WEIS5GVGTGU","14/04/2026 23:00 - 15/04/2026 00:00","0.00",""
"14/04/2026 00:00 - 15/04/2026 00:00","CTA|DE(Amprion)","Weisweiler VGT - BI. H","11WD7WEIS5GVGTHS","Fossil Gas","11WD7WEIS5GVGTHS","14/04/2026 00:00 - 14/04/2026 01:00","0.00",""
"14/04/2026 00:00 - 15/04/2026 00:00","CTA|DE(Amprion)","Weisweiler VGT - BI. H","11WD7WEIS5GVGTHS","Fossil Gas","11WD7WEIS5GVGTHS","14/04/2026 01:00 - 14/04/2026 02:00","0.00",""
"14/04/2026 00:00 - 15/04/2026 00:00","CTA|DE(Amprion)","Weisweiler VGT - BI. H","11WD7WEIS5GVGTHS","Fossil Gas","11WD7WEIS5GVGTHS","14/04/2026 02:00 - 14/04/2026 03:00","0.00",""
"14/04/2026 00:00 - 15/04/2026 00:00","CTA|DE(Amprion)","Weisweiler VGT - BI. H","11WD7WEIS5GVGTHS","Fossil Gas","11WD7WEIS5GVGTHS","14/04/2026 03:00 - 14/04/2026 04:00","0.00",""
"14/04/2026 00:00 - 15/04/2026 00:00","CTA|DE(Amprion)","Weisweiler VGT - BI. H","11WD7WEIS5GVGTHS","Fossil Gas","11WD7WEIS5GVGTHS","14/04/2026 04:00 - 14/04/2026 05:00","0.00",""
"14/04/2026 00:00 - 15/04/2026 00:00","CTA|DE(Amprion)","Weisweiler VGT - BI. H","11WD7WEIS5GVGTHS","Fossil Gas","11WD7WEIS5GVGTHS","14/04/2026 05:00 - 14/04/2026 06:00","0.00",""
"14/04/2026 00:00 - 15/04/2026 00:00","CTA|DE(Amprion)","Weisweiler VGT - BI. H","11WD7WEIS5GVGTHS","Fossil Gas","11WD7WEIS5GVGTHS","14/04/2026 06:00 - 14/04/2026 07:00","0.00",""
"14/04/2026 00:00 - 15/04/2026 00:00","CTA|DE(Amprion)","Weisweiler VGT - BI. H","11WD7WEIS5GVGTHS","Fossil Gas","11WD7WEIS5GVGTHS","14/04/2026 07:00 - 14/04/2026 08:00","0.00",""
"14/04/2026 00:00 - 15/04/2026 00:00","CTA|DE(Amprion)","Weisweiler VGT - BI. H","11WD7WEIS5GVGTHS","Fossil Gas","11WD7WEIS5GVGTHS","14/04/2026 08:00 - 14/04/2026 09:00","0.00",""
"14/04/2026 00:00 - 15/04/2026 00:00","CTA|DE(Amprion)","Weisweiler VGT - BI. H","11WD7WEIS5GVGTHS","Fossil Gas","11WD7WEIS5GVGTHS","14/04/2026 09:00 - 14/04/2026 10:00","0.00",""
"14/04/2026 00:00 - 15/04/2026 00:00","CTA|DE(Amprion)","Weisweiler VGT - BI. H","11WD7WEIS5GVGTHS","Fossil Gas","11WD7WEIS5GVGTHS","14/04/2026 10:00 - 14/04/2026 11:00","0.00",""
"14/04/2026 00:00 - 15/04/2026 00:00","CTA|DE(Amprion)","Weisweiler VGT - BI. H","11WD7WEIS5GVGTHS","Fossil Gas","11WD7WEIS5GVGTHS","14/04/2026 11:00 - 14/04/2026 12:00","0.00",""
"14/04/2026 00:00 - 15/04/2026 00:00","CTA|DE(Amprion)","Weisweiler VGT - BI. H","11WD7WEIS5GVGTHS","Fossil Gas","11WD7WEIS5GVGTHS","14/04/2026 12:00 - 14/04/2026 13:00","0.00",""
"14/04/2026 00:00 - 15/04/2026 00:00","CTA|DE(Amprion)","Weisweiler VGT - BI. H","11WD7WEIS5GVGTHS","Fossil Gas","11WD7WEIS5GVGTHS","14/04/2026 13:00 - 14/04/2026 14:00","0.00",""
"14/04/2026 00:00 - 15/04/2026 00:00","CTA|DE(Amprion)","Weisweiler VGT - BI. H","11WD7WEIS5GVGTHS","Fossil Gas","11WD7WEIS5GVGTHS","14/04/2026 14:00 - 14/04/2026 15:00","0.00",""
"14/04/2026 00:00 - 15/04/2026 00:00","CTA|DE(Amprion)","Weisweiler VGT - BI. H","11WD7WEIS5GVGTHS","Fossil Gas","11WD7WEIS5GVGTHS","14/04/2026 15:00 - 14/04/2026 16:00","0.00",""
"14/04/2026 00:00 - 15/04/2026 00:00","CTA|DE(Amprion)","Weisweiler VGT - BI. H","11WD7WEIS5GVGTHS","Fossil Gas","11WD7WEIS5GVGTHS","14/04/2026 16:00 - 14/04/2026 17:00","0.00",""
"14/04/2026 00:00 - 15/04/2026 00:00","CTA|DE(Amprion)","Weisweiler VGT - BI. H","11WD7WEIS5GVGTHS","Fossil Gas","11WD7WEIS5GVGTHS","14/04/2026 17:00 - 14/04/2026 18:00","0.00",""
"14/04/2026 00:00 - 15/04/2026 00:00","CTA|DE(Amprion)","Weisweiler VGT - BI. H","11WD7WEIS5GVGTHS","Fossil Gas","11WD7WEIS5GVGTHS","14/04/2026 18:00 - 14/04/2026 19:00","0.00",""
"14/04/2026 00:00 - 15/04/2026 00:00","CTA|DE(Amprion)","Weisweiler VGT - BI. H","11WD7WEIS5GVGTHS","Fossil Gas","11WD7WEIS5GVGTHS","14/04/2026 19:00 - 14/04/2026 20:00","0.00",""
"14/04/2026 00:00 - 15/04/2026 00:00","CTA|DE(Amprion)","Weisweiler VGT - BI. H","11WD7WEIS5GVGTHS","Fossil Gas","11WD7WEIS5GVGTHS","14/04/2026 20:00 - 14/04/2026 21:00","0.00",""
"14/04/2026 00:00 - 15/04/2026 00:00","CTA|DE(Amprion)","Weisweiler VGT - BI. H","11WD7WEIS5GVGTHS","Fossil Gas","11WD7WEIS5GVGTHS","14/04/2026 21:00 - 14/04/2026 22:00","0.00",""
"14/04/2026 00:00 - 15/04/2026 00:00","CTA|DE(Amprion)","Weisweiler VGT - BI. H","11WD7WEIS5GVGTHS","Fossil Gas","11WD7WEIS5GVGTHS","14/04/2026 22:00 - 14/04/2026 23:00","0.00",""
"14/04/2026 00:00 - 15/04/2026 00:00","CTA|DE(Amprion)","Weisweiler VGT - BI. H","11WD7WEIS5GVGTHS","Fossil Gas","11WD7WEIS5GVGTHS","14/04/2026 23:00 - 15/04/2026 00:00","0.00",""
"14/04/2026 00:00 - 15/04/2026 00:00","CTA|DE(50Hertz)","Lichterfelde GUD","11W0-0000-0103-9","Fossil Gas","11W0-0000-0103-9","14/04/2026 00:00 - 14/04/2026 01:00","177.50",""
"14/04/2026 00:00 - 15/04/2026 00:00","CTA|DE(50Hertz)","Lichterfelde GUD","11W0-0000-0103-9","Fossil Gas","11W0-0000-0103-9","14/04/2026 01:00 - 14/04/2026 02:00","226.50",""
"14/04/2026 00:00 - 15/04/2026 00:00","CTA|DE(50Hertz)","Lichterfelde GUD","11W0-0000-0103-9","Fossil Gas","11W0-0000-0103-9","14/04/2026 02:00 - 14/04/2026 03:00","278.00",""
"14/04/2026 00:00 - 15/04/2026 00:00","CTA|DE(50Hertz)","Lichterfelde GUD","11W0-0000-0103-9","Fossil Gas","11W0-0000-0103-9","14/04/2026 03:00 - 14/04/2026 04:00","299.50",""
"14/04/2026 00:00 - 15/04/2026 00:00","CTA|DE(50Hertz)","Lichterfelde GUD","11W0-0000-0103-9","Fossil Gas","11W0-0000-0103-9","14/04/2026 04:00 - 14/04/2026 05:00","252.75",""
"14/04/2026 00:00 - 15/04/2026 00:00","CTA|DE(50Hertz)","Lichterfelde GUD","11W0-0000-0103-9","Fossil Gas","11W0-0000-0103-9","14/04/2026 05:00 - 14/04/2026 06:00","249.75",""
"14/04/2026 00:00 - 15/04/2026 00:00","CTA|DE(50Hertz)","Lichterfelde GUD","11W0-0000-0103-9","Fossil Gas","11W0-0000-0103-9","14/04/2026 06:00 - 14/04/2026 07:00","208.25",""
"14/04/2026 00:00 - 15/04/2026 00:00","CTA|DE(50Hertz)","Lichterfelde GUD","11W0-0000-0103-9","Fossil Gas","11W0-0000-0103-9","14/04/2026 07:00 - 14/04/2026 08:00","157.25",""
"14/04/2026 00:00 - 15/04/2026 00:00","CTA|DE(50Hertz)","Lichterfelde GUD","11W0-0000-0103-9","Fossil Gas","11W0-0000-0103-9","14/04/2026 08:00 - 14/04/2026 09:00","129.50",""
"14/04/2026 00:00 - 15/04/2026 00:00","CTA|DE(50Hertz)","Lichterfelde GUD","11W0-0000-0103-9","Fossil Gas","11W0-0000-0103-9","14/04/2026 09:00 - 14/04/2026 10:00","125.00",""
"14/04/2026 00:00 - 15/04/2026 00:00","CTA|DE(50Hertz)","Lichterfelde GUD","11W0-0000-0103-9","Fossil Gas","11W0-0000-0103-9","14/04/2026 10:00 - 14/04/2026 11:00","125.25",""
"14/04/2026 00:00 - 15/04/2026 00:00","CTA|DE(50Hertz)","Lichterfelde GUD","11W0-0000-0103-9","Fossil Gas","11W0-0000-0103-9","14/04/2026 11:00 - 14/04/2026 12:00","172.25",""
"14/04/2026 00:00 - 15/04/2026 00:00","CTA|DE(50Hertz)","Lichterfelde GUD","11W0-0000-0103-9","Fossil Gas","11W0-0000-0103-9","14/04/2026 12:00 - 14/04/2026 13:00","174.75",""
"14/04/2026 00:00 - 15/04/2026 00:00","CTA|DE(50Hertz)","Lichterfelde GUD","11W0-0000-0103-9","Fossil Gas","11W0-0000-0103-9","14/04/2026 13:00 - 14/04/2026 14:00","175.00",""
"14/04/2026 00:00 - 15/04/2026 00:00","CTA|DE(50Hertz)","Lichterfelde GUD","11W0-0000-0103-9","Fossil Gas","11W0-0000-0103-9","14/04/2026 14:00 - 14/04/2026 15:00","167.00",""
"14/04/2026 00:00 - 15/04/2026 00:00","CTA|DE(50Hertz)","Lichterfelde GUD","11W0-0000-0103-9","Fossil Gas","11W0-0000-0103-9","14/04/2026 15:00 - 14/04/2026 16:00","171.25",""
"14/04/2026 00:00 - 15/04/2026 00:00","CTA|DE(50Hertz)","Lichterfelde GUD","11W0-0000-0103-9","Fossil Gas","11W0-0000-0103-9","14/04/2026 16:00 - 14/04/2026 17:00","281.75",""
"14/04/2026 00:00 - 15/04/2026 00:00","CTA|DE(50Hertz)","Lichterfelde GUD","11W0-0000-0103-9","Fossil Gas","11W0-0000-0103-9","14/04/2026 17:00 - 14/04/2026 18:00","299.25",""
"14/04/2026 00:00 - 15/04/2026 00:00","CTA|DE(50Hertz)","Lichterfelde GUD","11W0-0000-0103-9","Fossil Gas","11W0-0000-0103-9","14/04/2026 18:00 - 14/04/2026 19:00","299.75",""
"14/04/2026 00:00 - 15/04/2026 00:00","CTA|DE(50Hertz)","Lichterfelde GUD","11W0-0000-0103-9","Fossil Gas","11W0-0000-0103-9","14/04/2026 19:00 - 14/04/2026 20:00","299.00",""
"14/04/2026 00:00 - 15/04/2026 00:00","CTA|DE(50Hertz)","Lichterfelde GUD","11W0-0000-0103-9","Fossil Gas","11W0-0000-0103-9","14/04/2026 20:00 - 14/04/2026 21:00","299.50",""
"14/04/2026 00:00 - 15/04/2026 00:00","CTA|DE(50Hertz)","Lichterfelde GUD","11W0-0000-0103-9","Fossil Gas","11W0-0000-0103-9","14/04/2026 21:00 - 14/04/2026 22:00","300.00",""
"14/04/2026 00:00 - 15/04/2026 00:00","CTA|DE(50Hertz)","Lichterfelde GUD","11W0-0000-0103-9","Fossil Gas","11W0-0000-0103-9","14/04/2026 22:00 - 14/04/2026 23:00","299.75",""
"14/04/2026 00:00 - 15/04/2026 00:00","CTA|DE(50Hertz)","Lichterfelde GUD","11W0-0000-0103-9","Fossil Gas","11W0-0000-0103-9","14/04/2026 23:00 - 15/04/2026 00:00","299.75",""
"14/04/2026 00:00 - 15/04/2026 00:00","CTA|DE(50Hertz)","GuD Marzahn","11W0-0000-0104-6","Fossil Gas","11W0-0000-0104-6","14/04/2026 00:00 - 14/04/2026 01:00","0.00",""
"14/04/2026 00:00 - 15/04/2026 00:00","CTA|DE(50Hertz)","GuD Marzahn","11W0-0000-0104-6","Fossil Gas","11W0-0000-0104-6","14/04/2026 01:00 - 14/04/2026 02:00","0.00",""
"14/04/2026 00:00 - 15/04/2026 00:00","CTA|DE(50Hertz)","GuD Marzahn","11W0-0000-0104-6","Fossil Gas","11W0-0000-0104-6","14/04/2026 02:00 - 14/04/2026 03:00","0.00",""
"14/04/2026 00:00 - 15/04/2026 00:00","CTA|DE(50Hertz)","GuD Marzahn","11W0-0000-0104-6","Fossil Gas","11W0-0000-0104-6","14/04/2026 03:00 - 14/04/2026 04:00","0.00",""
"14/04/2026 00:00 - 15/04/2026 00:00","CTA|DE(50Hertz)","GuD Marzahn","11W0-0000-0104-6","Fossil Gas","11W0-0000-0104-6","14/04/2026 04:00 - 14/04/2026 05:00","0.00",""
"14/04/2026 00:00 - 15/04/2026 00:00","CTA|DE(50Hertz)","GuD Marzahn","11W0-0000-0104-6","Fossil Gas","11W0-0000-0104-6","14/04/2026 05:00 - 14/04/2026 06:00","0.00",""
"14/04/2026 00:00 - 15/04/2026 00:00","CTA|DE(50Hertz)","GuD Marzahn","11W0-0000-0104-6","Fossil Gas","11W0-0000-0104-6","14/04/2026 06:00 - 14/04/2026 07:00","0.00",""
"14/04/2026 00:00 - 15/04/2026 00:00","CTA|DE(50Hertz)","GuD Marzahn","11W0-0000-0104-6","Fossil Gas","11W0-0000-0104-6","14/04/2026 07:00 - 14/04/2026 08:00","0.00",""
"14/04/2026 00:00 - 15/04/2026 00:00","CTA|DE(50Hertz)","GuD Marzahn","11W0-0000-0104-6","Fossil Gas","11W0-0000-0104-6","14/04/2026 08:00 - 14/04/2026 09:00","0.00",""
"14/04/2026 00:00 - 15/04/2026 00:00","CTA|DE(50Hertz)","GuD Marzahn","11W0-0000-0104-6","Fossil Gas","11W0-0000-0104-6","14/04/2026 09:00 - 14/04/2026 10:00","0.00",""
"14/04/2026 00:00 - 15/04/2026 00:00","CTA|DE(50Hertz)","GuD Marzahn","11W0-0000-0104-6","Fossil Gas","11W0-0000-0104-6","14/04/2026 10:00 - 14/04/2026 11:00","0.00",""
"14/04/2026 00:00 - 15/04/2026 00:00","CTA|DE(50Hertz)","GuD Marzahn","11W0-0000-0104-6","Fossil Gas","11W0-0000-0104-6","14/04/2026 11:00 - 14/04/2026 12:00","0.00",""
"14/04/2026 00:00 - 15/04/2026 00:00","CTA|DE(50Hertz)","GuD Marzahn","11W0-0000-0104-6","Fossil Gas","11W0-0000-0104-6","14/04/2026 12:00 - 14/04/2026 13:00","0.00",""
"14/04/2026 00:00 - 15/04/2026 00:00","CTA|DE(50Hertz)","GuD Marzahn","11W0-0000-0104-6","Fossil Gas","11W0-0000-0104-6","14/04/2026 13:00 - 14/04/2026 14:00","0.00",""
"14/04/2026 00:00 - 15/04/2026 00:00","CTA|DE(50Hertz)","GuD Marzahn","11W0-0000-0104-6","Fossil Gas","11W0-0000-0104-6","14/04/2026 14:00 - 14/04/2026 15:00","0.00",""
"14/04/2026 00:00 - 15/04/2026 00:00","CTA|DE(50Hertz)","GuD Marzahn","11W0-0000-0104-6","Fossil Gas","11W0-0000-0104-6","14/04/2026 15:00 - 14/04/2026 16:00","0.00",""
"14/04/2026 00:00 - 15/04/2026 00:00","CTA|DE(50Hertz)","GuD Marzahn","11W0-0000-0104-6","Fossil Gas","11W0-0000-0104-6","14/04/2026 16:00 - 14/04/2026 17:00","0.00",""
"14/04/2026 00:00 - 15/04/2026 00:00","CTA|DE(50Hertz)","GuD Marzahn","11W0-0000-0104-6","Fossil Gas","11W0-0000-0104-6","14/04/2026 17:00 - 14/04/2026 18:00","0.00",""
"14/04/2026 00:00 - 15/04/2026 00:00","CTA|DE(50Hertz)","GuD Marzahn","11W0-0000-0104-6","Fossil Gas","11W0-0000-0104-6","14/04/2026 18:00 - 14/04/2026 19:00","0.00",""
"14/04/2026 00:00 - 15/04/2026 00:00","CTA|DE(50Hertz)","GuD Marzahn","11W0-0000-0104-6","Fossil Gas","11W0-0000-0104-6","14/04/2026 19:00 - 14/04/2026 20:00","0.00",""
"14/04/2026 00:00 - 15/04/2026 00:00","CTA|DE(50Hertz)","GuD Marzahn","11W0-0000-0104-6","Fossil Gas","11W0-0000-0104-6","14/04/2026 20:00 - 14/04/2026 21:00","0.00",""
"14/04/2026 00:00 - 15/04/2026 00:00","CTA|DE(50Hertz)","GuD Marzahn","11W0-0000-0104-6","Fossil Gas","11W0-0000-0104-6","14/04/2026 21:00 - 14/04/2026 22:00","0.00",""
"14/04/2026 00:00 - 15/04/2026 00:00","CTA|DE(50Hertz)","GuD Marzahn","11W0-0000-0104-6","Fossil Gas","11W0-0000-0104-6","14/04/2026 22:00 - 14/04/2026 23:00","0.00",""
"14/04/2026 00:00 - 15/04/2026 00:00","CTA|DE(50Hertz)","GuD Marzahn","11W0-0000-0104-6","Fossil Gas","11W0-0000-0104-6","14/04/2026 23:00 - 15/04/2026 00:00","0.00",""
"14/04/2026 00:00 - 15/04/2026 00:00","CTA|DE(50Hertz)","KW Boxberg Block N","11WD8BOXB1L---N8","Fossil Brown coal/Lignite","11WD8BOXB1L---N8","14/04/2026 00:00 - 14/04/2026 01:00","481.75",""
"14/04/2026 00:00 - 15/04/2026 00:00","CTA|DE(50Hertz)","KW Boxberg Block N","11WD8BOXB1L---N8","Fossil Brown coal/Lignite","11WD8BOXB1L---N8","14/04/2026 01:00 - 14/04/2026 02:00","485.75",""
"14/04/2026 00:00 - 15/04/2026 00:00","CTA|DE(50Hertz)","KW Boxberg Block N","11WD8BOXB1L---N8","Fossil Brown coal/Lignite","11WD8BOXB1L---N8","14/04/2026 02:00 - 14/04/2026 03:00","496.50",""
"14/04/2026 00:00 - 15/04/2026 00:00","CTA|DE(50Hertz)","KW Boxberg Block N","11WD8BOXB1L---N8","Fossil Brown coal/Lignite","11WD8BOXB1L---N8","14/04/2026 03:00 - 14/04/2026 04:00","496.75",""
"14/04/2026 00:00 - 15/04/2026 00:00","CTA|DE(50Hertz)","KW Boxberg Block N","11WD8BOXB1L---N8","Fossil Brown coal/Lignite","11WD8BOXB1L---N8","14/04/2026 04:00 - 14/04/2026 05:00","493.50",""
"14/04/2026 00:00 - 15/04/2026 00:00","CTA|DE(50Hertz)","KW Boxberg Block N","11WD8BOXB1L---N8","Fossil Brown coal/Lignite","11WD8BOXB1L---N8","14/04/2026 05:00 - 14/04/2026 06:00","498.00",""
"14/04/2026 00:00 - 15/04/2026 00:00","CTA|DE(50Hertz)","KW Boxberg Block N","11WD8BOXB1L---N8","Fossil Brown coal/Lignite","11WD8BOXB1L---N8","14/04/2026 06:00 - 14/04/2026 07:00","499.25",""
"14/04/2026 00:00 - 15/04/2026 00:00","CTA|DE(50Hertz)","KW Boxberg Block N","11WD8BOXB1L---N8","Fossil Brown coal/Lignite","11WD8BOXB1L---N8","14/04/2026 07:00 - 14/04/2026 08:00","496.50",""
"14/04/2026 00:00 - 15/04/2026 00:00","CTA|DE(50Hertz)","KW Boxberg Block N","11WD8BOXB1L---N8","Fossil Brown coal/Lignite","11WD8BOXB1L---N8","14/04/2026 08:00 - 14/04/2026 09:00","493.75",""
"14/04/2026 00:00 - 15/04/2026 00:00","CTA|DE(50Hertz)","KW Boxberg Block N","11WD8BOXB1L---N8","Fossil Brown coal/Lignite","11WD8BOXB1L---N8","14/04/2026 09:00 - 14/04/2026 10:00","496.00",""
"14/04/2026 00:00 - 15/04/2026 00:00","CTA|DE(50Hertz)","KW Boxberg Block N","11WD8BOXB1L---N8","Fossil Brown coal/Lignite","11WD8BOXB1L---N8","14/04/2026 10:00 - 14/04/2026 11:00","496.00",""
"14/04/2026 00:00 - 15/04/2026 00:00","CTA|DE(50Hertz)","KW Boxberg Block N","11WD8BOXB1L---N8","Fossil Brown coal/Lignite","11WD8BOXB1L---N8","14/04/2026 11:00 - 14/04/2026 12:00","496.50",""
"14/04/2026 00:00 - 15/04/2026 00:00","CTA|DE(50Hertz)","KW Boxberg Block N","11WD8BOXB1L---N8","Fossil Brown coal/Lignite","11WD8BOXB1L---N8","14/04/2026 12:00 - 14/04/2026 13:00","493.75",""
"14/04/2026 00:00 - 15/04/2026 00:00","CTA|DE(50Hertz)","KW Boxberg Block N","11WD8BOXB1L---N8","Fossil Brown coal/Lignite","11WD8BOXB1L---N8","14/04/2026 13:00 - 14/04/2026 14:00","490.25",""
"14/04/2026 00:00 - 15/04/2026 00:00","CTA|DE(50Hertz)","KW Boxberg Block N","11WD8BOXB1L---N8","Fossil Brown coal/Lignite","11WD8BOXB1L---N8","14/04/2026 14:00 - 14/04/2026 15:00","483.75",""
"14/04/2026 00:00 - 15/04/2026 00:00","CTA|DE(50Hertz)","KW Boxberg Block N","11WD8BOXB1L---N8","Fossil Brown coal/Lignite","11WD8BOXB1L---N8","14/04/2026 15:00 - 14/04/2026 16:00","491.25",""
"14/04/2026 00:00 - 15/04/2026 00:00","CTA|DE(50Hertz)","KW Boxberg Block N","11WD8BOXB1L---N8","Fossil Brown coal/Lignite","11WD8BOXB1L---N8","14/04/2026 16:00 - 14/04/2026 17:00","492.75",""
"14/04/2026 00:00 - 15/04/2026 00:00","CTA|DE(50Hertz)","KW Boxberg Block N","11WD8BOXB1L---N8","Fossil Brown coal/Lignite","11WD8BOXB1L---N8","14/04/2026 17:00 - 14/04/2026 18:00","494.00",""
"14/04/2026 00:00 - 15/04/2026 00:00","CTA|DE(50Hertz)","KW Boxberg Block N","11WD8BOXB1L---N8","Fossil Brown coal/Lignite","11WD8BOXB1L---N8","14/04/2026 18:00 - 14/04/2026 19:00","489.75",""
"14/04/2026 00:00 - 15/04/2026 00:00","CTA|DE(50Hertz)","KW Boxberg Block N","11WD8BOXB1L---N8","Fossil Brown coal/Lignite","11WD8BOXB1L---N8","14/04/2026 19:00 - 14/04/2026 20:00","496.00",""
"14/04/2026 00:00 - 15/04/2026 00:00","CTA|DE(50Hertz)","KW Boxberg Block N","11WD8BOXB1L---N8","Fossil Brown coal/Lignite","11WD8BOXB1L---N8","14/04/2026 20:00 - 14/04/2026 21:00","488.75",""
"14/04/2026 00:00 - 15/04/2026 00:00","CTA|DE(50Hertz)","KW Boxberg Block N","11WD8BOXB1L---N8","Fossil Brown coal/Lignite","11WD8BOXB1L---N8","14/04/2026 21:00 - 14/04/2026 22:00","491.50",""
"14/04/2026 00:00 - 15/04/2026 00:00","CTA|DE(50Hertz)","KW Boxberg Block N","11WD8BOXB1L---N8","Fossil Brown coal/Lignite","11WD8BOXB1L---N8","14/04/2026 22:00 - 14/04/2026 23:00","486.75",""
"14/04/2026 00:00 - 15/04/2026 00:00","CTA|DE(50Hertz)","KW Boxberg Block N","11WD8BOXB1L---N8","Fossil Brown coal/Lignite","11WD8BOXB1L---N8","14/04/2026 23:00 - 15/04/2026 00:00","491.00",""
"14/04/2026 00:00 - 15/04/2026 00:00","CTA|DE(50Hertz)","KW Boxberg Block P","11WD8BOXB1L---P4","Fossil Brown coal/Lignite","11WD8BOXB1L---P4","14/04/2026 00:00 - 14/04/2026 01:00","0.00",""
"14/04/2026 00:00 - 15/04/2026 00:00","CTA|DE(50Hertz)","KW Boxberg Block P","11WD8BOXB1L---P4","Fossil Brown coal/Lignite","11WD8BOXB1L---P4","14/04/2026 01:00 - 14/04/2026 02:00","0.00",""
"14/04/2026 00:00 - 15/04/2026 00:00","CTA|DE(50Hertz)","KW Boxberg Block P","11WD8BOXB1L---P4","Fossil Brown coal/Lignite","11WD8BOXB1L---P4","14/04/2026 02:00 - 14/04/2026 03:00","0.00",""
"14/04/2026 00:00 - 15/04/2026 00:00","CTA|DE(50Hertz)","KW Boxberg Block P","11WD8BOXB1L---P4","Fossil Brown coal/Lignite","11WD8BOXB1L---P4","14/04/2026 03:00 - 14/04/2026 04:00","0.00",""
"14/04/2026 00:00 - 15/04/2026 00:00","CTA|DE(50Hertz)","KW Boxberg Block P","11WD8BOXB1L---P4","Fossil Brown coal/Lignite","11WD8BOXB1L---P4","14/04/2026 04:00 - 14/04/2026 05:00","0.00",""
"14/04/2026 00:00 - 15/04/2026 00:00","CTA|DE(50Hertz)","KW Boxberg Block P","11WD8BOXB1L---P4","Fossil Brown coal/Lignite","11WD8BOXB1L---P4","14/04/2026 05:00 - 14/04/2026 06:00","0.00",""
"14/04/2026 00:00 - 15/04/2026 00:00","CTA|DE(50Hertz)","KW Boxberg Block P","11WD8BOXB1L---P4","Fossil Brown coal/Lignite","11WD8BOXB1L---P4","14/04/2026 06:00 - 14/04/2026 07:00","0.00",""
"14/04/2026 00:00 - 15/04/2026 00:00","CTA|DE(50Hertz)","KW Boxberg Block P","11WD8BOXB1L---P4","Fossil Brown coal/Lignite","11WD8BOXB1L---P4","14/04/2026 07:00 - 14/04/2026 08:00","0.00",""
"14/04/2026 00:00 - 15/04/2026 00:00","CTA|DE(50Hertz)","KW Boxberg Block P","11WD8BOXB1L---P4","Fossil Brown coal/Lignite","11WD8BOXB1L---P4","14/04/2026 08:00 - 14/04/2026 09:00","0.00",""
"14/04/2026 00:00 - 15/04/2026 00:00","CTA|DE(50Hertz)","KW Boxberg Block P","11WD8BOXB1L---P4","Fossil Brown coal/Lignite","11WD8BOXB1L---P4","14/04/2026 09:00 - 14/04/2026 10:00","0.00",""
"14/04/2026 00:00 - 15/04/2026 00:00","CTA|DE(50Hertz)","KW Boxberg Block P","11WD8BOXB1L---P4","Fossil Brown coal/Lignite","11WD8BOXB1L---P4","14/04/2026 10:00 - 14/04/2026 11:00","0.00",""
"14/04/2026 00:00 - 15/04/2026 00:00","CTA|DE(50Hertz)","KW Boxberg Block P","11WD8BOXB1L---P4","Fossil Brown coal/Lignite","11WD8BOXB1L---P4","14/04/2026 11:00 - 14/04/2026 12:00","0.00",""
"14/04/2026 00:00 - 15/04/2026 00:00","CTA|DE(50Hertz)","KW Boxberg Block P","11WD8BOXB1L---P4","Fossil Brown coal/Lignite","11WD8BOXB1L---P4","14/04/2026 12:00 - 14/04/2026 13:00","0.00",""
"14/04/2026 00:00 - 15/04/2026 00:00","CTA|DE(50Hertz)","KW Boxberg Block P","11WD8BOXB1L---P4","Fossil Brown coal/Lignite","11WD8BOXB1L---P4","14/04/2026 13:00 - 14/04/2026 14:00","0.00",""
"14/04/2026 00:00 - 15/04/2026 00:00","CTA|DE(50Hertz)","KW Boxberg Block P","11WD8BOXB1L---P4","Fossil Brown coal/Lignite","11WD8BOXB1L---P4","14/04/2026 14:00 - 14/04/2026 15:00","0.00",""
"14/04/2026 00:00 - 15/04/2026 00:00","CTA|DE(50Hertz)","KW Boxberg Block P","11WD8BOXB1L---P4","Fossil Brown coal/Lignite","11WD8BOXB1L---P4","14/04/2026 15:00 - 14/04/2026 16:00","0.00",""
"14/04/2026 00:00 - 15/04/2026 00:00","CTA|DE(50Hertz)","KW Boxberg Block P","11WD8BOXB1L---P4","Fossil Brown coal/Lignite","11WD8BOXB1L---P4","14/04/2026 16:00 - 14/04/2026 17:00","0.00",""
"14/04/2026 00:00 - 15/04/2026 00:00","CTA|DE(50Hertz)","KW Boxberg Block P","11WD8BOXB1L---P4","Fossil Brown coal/Lignite","11WD8BOXB1L---P4","14/04/2026 17:00 - 14/04/2026 18:00","0.00",""
"14/04/2026 00:00 - 15/04/2026 00:00","CTA|DE(50Hertz)","KW Boxberg Block P","11WD8BOXB1L---P4","Fossil Brown coal/Lignite","11WD8BOXB1L---P4","14/04/2026 18:00 - 14/04/2026 19:00","0.00",""
"14/04/2026 00:00 - 15/04/2026 00:00","CTA|DE(50Hertz)","KW Boxberg Block P","11WD8BOXB1L---P4","Fossil Brown coal/Lignite","11WD8BOXB1L---P4","14/04/2026 19:00 - 14/04/2026 20:00","0.00",""
"14/04/2026 00:00 - 15/04/2026 00:00","CTA|DE(50Hertz)","KW Boxberg Block P","11WD8BOXB1L---P4","Fossil Brown coal/Lignite","11WD8BOXB1L---P4","14/04/2026 20:00 - 14/04/2026 21:00","0.00",""
"14/04/2026 00:00 - 15/04/2026 00:00","CTA|DE(50Hertz)","KW Boxberg Block P","11WD8BOXB1L---P4","Fossil Brown coal/Lignite","11WD8BOXB1L---P4","14/04/2026 21:00 - 14/04/2026 22:00","0.00",""
"14/04/2026 00:00 - 15/04/2026 00:00","CTA|DE(50Hertz)","KW Boxberg Block P","11WD8BOXB1L---P4","Fossil Brown coal/Lignite","11WD8BOXB1L---P4","14/04/2026 22:00 - 14/04/2026 23:00","0.00",""
"14/04/2026 00:00 - 15/04/2026 00:00","CTA|DE(50Hertz)","KW Boxberg Block P","11WD8BOXB1L---P4","Fossil Brown coal/Lignite","11WD8BOXB1L---P4","14/04/2026 23:00 - 15/04/2026 00:00","0.00",""
"14/04/2026 00:00 - 15/04/2026 00:00","CTA|DE(50Hertz)","KW Boxberg Block Q","11WD8BOXB1L---Q2","Fossil Brown coal/Lignite","11WD8BOXB1L---Q2","14/04/2026 00:00 - 14/04/2026 01:00","671.00",""
"14/04/2026 00:00 - 15/04/2026 00:00","CTA|DE(50Hertz)","KW Boxberg Block Q","11WD8BOXB1L---Q2","Fossil Brown coal/Lignite","11WD8BOXB1L---Q2","14/04/2026 01:00 - 14/04/2026 02:00","763.25",""
"14/04/2026 00:00 - 15/04/2026 00:00","CTA|DE(50Hertz)","KW Boxberg Block Q","11WD8BOXB1L---Q2","Fossil Brown coal/Lignite","11WD8BOXB1L---Q2","14/04/2026 02:00 - 14/04/2026 03:00","827.25",""
"14/04/2026 00:00 - 15/04/2026 00:00","CTA|DE(50Hertz)","KW Boxberg Block Q","11WD8BOXB1L---Q2","Fossil Brown coal/Lignite","11WD8BOXB1L---Q2","14/04/2026 03:00 - 14/04/2026 04:00","825.25",""
"14/04/2026 00:00 - 15/04/2026 00:00","CTA|DE(50Hertz)","KW Boxberg Block Q","11WD8BOXB1L---Q2","Fossil Brown coal/Lignite","11WD8BOXB1L---Q2","14/04/2026 04:00 - 14/04/2026 05:00","827.75",""
"14/04/2026 00:00 - 15/04/2026 00:00","CTA|DE(50Hertz)","KW Boxberg Block Q","11WD8BOXB1L---Q2","Fossil Brown coal/Lignite","11WD8BOXB1L---Q2","14/04/2026 05:00 - 14/04/2026 06:00","816.50",""
"14/04/2026 00:00 - 15/04/2026 00:00","CTA|DE(50Hertz)","KW Boxberg Block Q","11WD8BOXB1L---Q2","Fossil Brown coal/Lignite","11WD8BOXB1L---Q2","14/04/2026 06:00 - 14/04/2026 07:00","824.00",""
"14/04/2026 00:00 - 15/04/2026 00:00","CTA|DE(50Hertz)","KW Boxberg Block Q","11WD8BOXB1L---Q2","Fossil Brown coal/Lignite","11WD8BOXB1L---Q2","14/04/2026 07:00 - 14/04/2026 08:00","824.25",""
"14/04/2026 00:00 - 15/04/2026 00:00","CTA|DE(50Hertz)","KW Boxberg Block Q","11WD8BOXB1L---Q2","Fossil Brown coal/Lignite","11WD8BOXB1L---Q2","14/04/2026 08:00 - 14/04/2026 09:00","823.00",""
"14/04/2026 00:00 - 15/04/2026 00:00","CTA|DE(50Hertz)","KW Boxberg Block Q","11WD8BOXB1L---Q2","Fossil Brown coal/Lignite","11WD8BOXB1L---Q2","14/04/2026 09:00 - 14/04/2026 10:00","822.75",""
"14/04/2026 00:00 - 15/04/2026 00:00","CTA|DE(50Hertz)","KW Boxberg Block Q","11WD8BOXB1L---Q2","Fossil Brown coal/Lignite","11WD8BOXB1L---Q2","14/04/2026 10:00 - 14/04/2026 11:00","822.50",""
"14/04/2026 00:00 - 15/04/2026 00:00","CTA|DE(50Hertz)","KW Boxberg Block Q","11WD8BOXB1L---Q2","Fossil Brown coal/Lignite","11WD8BOXB1L---Q2","14/04/2026 11:00 - 14/04/2026 12:00","822.00",""
"14/04/2026 00:00 - 15/04/2026 00:00","CTA|DE(50Hertz)","KW Boxberg Block Q","11WD8BOXB1L---Q2","Fossil Brown coal/Lignite","11WD8BOXB1L---Q2","14/04/2026 12:00 - 14/04/2026 13:00","813.50",""
"14/04/2026 00:00 - 15/04/2026 00:00","CTA|DE(50Hertz)","KW Boxberg Block Q","11WD8BOXB1L---Q2","Fossil Brown coal/Lignite","11WD8BOXB1L---Q2","14/04/2026 13:00 - 14/04/2026 14:00","760.25",""
"14/04/2026 00:00 - 15/04/2026 00:00","CTA|DE(50Hertz)","KW Boxberg Block Q","11WD8BOXB1L---Q2","Fossil Brown coal/Lignite","11WD8BOXB1L---Q2","14/04/2026 14:00 - 14/04/2026 15:00","733.00",""
"14/04/2026 00:00 - 15/04/2026 00:00","CTA|DE(50Hertz)","KW Boxberg Block Q","11WD8BOXB1L---Q2","Fossil Brown coal/Lignite","11WD8BOXB1L---Q2","14/04/2026 15:00 - 14/04/2026 16:00","825.50",""
"14/04/2026 00:00 - 15/04/2026 00:00","CTA|DE(50Hertz)","KW Boxberg Block Q","11WD8BOXB1L---Q2","Fossil Brown coal/Lignite","11WD8BOXB1L---Q2","14/04/2026 16:00 - 14/04/2026 17:00","826.00",""
"14/04/2026 00:00 - 15/04/2026 00:00","CTA|DE(50Hertz)","KW Boxberg Block Q","11WD8BOXB1L---Q2","Fossil Brown coal/Lignite","11WD8BOXB1L---Q2","14/04/2026 17:00 - 14/04/2026 18:00","822.50",""
"14/04/2026 00:00 - 15/04/2026 00:00","CTA|DE(50Hertz)","KW Boxberg Block Q","11WD8BOXB1L---Q2","Fossil Brown coal/Lignite","11WD8BOXB1L---Q2","14/04/2026 18:00 - 14/04/2026 19:00","820.25",""
"14/04/2026 00:00 - 15/04/2026 00:00","CTA|DE(50Hertz)","KW Boxberg Block Q","11WD8BOXB1L---Q2","Fossil Brown coal/Lignite","11WD8BOXB1L---Q2","14/04/2026 19:00 - 14/04/2026 20:00","825.25",""
"14/04/2026 00:00 - 15/04/2026 00:00","CTA|DE(50Hertz)","KW Boxberg Block Q","11WD8BOXB1L---Q2","Fossil Brown coal/Lignite","11WD8BOXB1L---Q2","14/04/2026 20:00 - 14/04/2026 21:00","826.75",""
"14/04/2026 00:00 - 15/04/2026 00:00","CTA|DE(50Hertz)","KW Boxberg Block Q","11WD8BOXB1L---Q2","Fossil Brown coal/Lignite","11WD8BOXB1L---Q2","14/04/2026 21:00 - 14/04/2026 22:00","827.75",""
"14/04/2026 00:00 - 15/04/2026 00:00","CTA|DE(50Hertz)","KW Boxberg Block Q","11WD8BOXB1L---Q2","Fossil Brown coal/Lignite","11WD8BOXB1L---Q2","14/04/2026 22:00 - 14/04/2026 23:00","822.25",""
"14/04/2026 00:00 - 15/04/2026 00:00","CTA|DE(50Hertz)","KW Boxberg Block Q","11WD8BOXB1L---Q2","Fossil Brown coal/Lignite","11WD8BOXB1L---Q2","14/04/2026 23:00 - 15/04/2026 00:00","825.25",""
"14/04/2026 00:00 - 15/04/2026 00:00","CTA|DE(50Hertz)","KW Boxberg Block R","11WD8BOXB1L---R0","Fossil Brown coal/Lignite","11WD8BOXB1L---R0","14/04/2026 00:00 - 14/04/2026 01:00","436.00",""
"14/04/2026 00:00 - 15/04/2026 00:00","CTA|DE(50Hertz)","KW Boxberg Block R","11WD8BOXB1L---R0","Fossil Brown coal/Lignite","11WD8BOXB1L---R0","14/04/2026 01:00 - 14/04/2026 02:00","557.00",""
"14/04/2026 00:00 - 15/04/2026 00:00","CTA|DE(50Hertz)","KW Boxberg Block R","11WD8BOXB1L---R0","Fossil Brown coal/Lignite","11WD8BOXB1L---R0","14/04/2026 02:00 - 14/04/2026 03:00","565.00",""
"14/04/2026 00:00 - 15/04/2026 00:00","CTA|DE(50Hertz)","KW Boxberg Block R","11WD8BOXB1L---R0","Fossil Brown coal/Lignite","11WD8BOXB1L---R0","14/04/2026 03:00 - 14/04/2026 04:00","566.25",""
"14/04/2026 00:00 - 15/04/2026 00:00","CTA|DE(50Hertz)","KW Boxberg Block R","11WD8BOXB1L---R0","Fossil Brown coal/Lignite","11WD8BOXB1L---R0","14/04/2026 04:00 - 14/04/2026 05:00","574.25",""
"14/04/2026 00:00 - 15/04/2026 00:00","CTA|DE(50Hertz)","KW Boxberg Block R","11WD8BOXB1L---R0","Fossil Brown coal/Lignite","11WD8BOXB1L---R0","14/04/2026 05:00 - 14/04/2026 06:00","580.00",""
"14/04/2026 00:00 - 15/04/2026 00:00","CTA|DE(50Hertz)","KW Boxberg Block R","11WD8BOXB1L---R0","Fossil Brown coal/Lignite","11WD8BOXB1L---R0","14/04/2026 06:00 - 14/04/2026 07:00","584.25",""
"14/04/2026 00:00 - 15/04/2026 00:00","CTA|DE(50Hertz)","KW Boxberg Block R","11WD8BOXB1L---R0","Fossil Brown coal/Lignite","11WD8BOXB1L---R0","14/04/2026 07:00 - 14/04/2026 08:00","587.00",""
"14/04/2026 00:00 - 15/04/2026 00:00","CTA|DE(50Hertz)","KW Boxberg Block R","11WD8BOXB1L---R0","Fossil Brown coal/Lignite","11WD8BOXB1L---R0","14/04/2026 08:00 - 14/04/2026 09:00","586.00",""
"14/04/2026 00:00 - 15/04/2026 00:00","CTA|DE(50Hertz)","KW Boxberg Block R","11WD8BOXB1L---R0","Fossil Brown coal/Lignite","11WD8BOXB1L---R0","14/04/2026 09:00 - 14/04/2026 10:00","586.50",""
"14/04/2026 00:00 - 15/04/2026 00:00","CTA|DE(50Hertz)","KW Boxberg Block R","11WD8BOXB1L---R0","Fossil Brown coal/Lignite","11WD8BOXB1L---R0","14/04/2026 10:00 - 14/04/2026 11:00","589.25",""
"14/04/2026 00:00 - 15/04/2026 00:00","CTA|DE(50Hertz)","KW Boxberg Block R","11WD8BOXB1L---R0","Fossil Brown coal/Lignite","11WD8BOXB1L---R0","14/04/2026 11:00 - 14/04/2026 12:00","555.25",""
"14/04/2026 00:00 - 15/04/2026 00:00","CTA|DE(50Hertz)","KW Boxberg Block R","11WD8BOXB1L---R0","Fossil Brown coal/Lignite","11WD8BOXB1L---R0","14/04/2026 12:00 - 14/04/2026 13:00","572.00",""
"14/04/2026 00:00 - 15/04/2026 00:00","CTA|DE(50Hertz)","KW Boxberg Block R","11WD8BOXB1L---R0","Fossil Brown coal/Lignite","11WD8BOXB1L---R0","14/04/2026 13:00 - 14/04/2026 14:00","598.25",""
"14/04/2026 00:00 - 15/04/2026 00:00","CTA|DE(50Hertz)","KW Boxberg Block R","11WD8BOXB1L---R0","Fossil Brown coal/Lignite","11WD8BOXB1L---R0","14/04/2026 14:00 - 14/04/2026 15:00","594.00",""
"14/04/2026 00:00 - 15/04/2026 00:00","CTA|DE(50Hertz)","KW Boxberg Block R","11WD8BOXB1L---R0","Fossil Brown coal/Lignite","11WD8BOXB1L---R0","14/04/2026 15:00 - 14/04/2026 16:00","582.75",""
"14/04/2026 00:00 - 15/04/2026 00:00","CTA|DE(50Hertz)","KW Boxberg Block R","11WD8BOXB1L---R0","Fossil Brown coal/Lignite","11WD8BOXB1L---R0","14/04/2026 16:00 - 14/04/2026 17:00","581.00",""
"14/04/2026 00:00 - 15/04/2026 00:00","CTA|DE(50Hertz)","KW Boxberg Block R","11WD8BOXB1L---R0","Fossil Brown coal/Lignite","11WD8BOXB1L---R0","14/04/2026 17:00 - 14/04/2026 18:00","571.25",""
"14/04/2026 00:00 - 15/04/2026 00:00","CTA|DE(50Hertz)","KW Boxberg Block R","11WD8BOXB1L---R0","Fossil Brown coal/Lignite","11WD8BOXB1L---R0","14/04/2026 18:00 - 14/04/2026 19:00","582.50",""
"14/04/2026 00:00 - 15/04/2026 00:00","CTA|DE(50Hertz)","KW Boxberg Block R","11WD8BOXB1L---R0","Fossil Brown coal/Lignite","11WD8BOXB1L---R0","14/04/2026 19:00 - 14/04/2026 20:00","563.00",""
"14/04/2026 00:00 - 15/04/2026 00:00","CTA|DE(50Hertz)","KW Boxberg Block R","11WD8BOXB1L---R0","Fossil Brown coal/Lignite","11WD8BOXB1L---R0","14/04/2026 20:00 - 14/04/2026 21:00","566.00",""
"14/04/2026 00:00 - 15/04/2026 00:00","CTA|DE(50Hertz)","KW Boxberg Block R","11WD8BOXB1L---R0","Fossil Brown coal/Lignite","11WD8BOXB1L---R0","14/04/2026 21:00 - 14/04/2026 22:00","569.50",""
"14/04/2026 00:00 - 15/04/2026 00:00","CTA|DE(50Hertz)","KW Boxberg Block R","11WD8BOXB1L---R0","Fossil Brown coal/Lignite","11WD8BOXB1L---R0","14/04/2026 22:00 - 14/04/2026 23:00","562.50",""
"14/04/2026 00:00 - 15/04/2026 00:00","CTA|DE(50Hertz)","KW Boxberg Block R","11WD8BOXB1L---R0","Fossil Brown coal/Lignite","11WD8BOXB1L---R0","14/04/2026 23:00 - 15/04/2026 00:00","577.00",""
"14/04/2026 00:00 - 15/04/2026 00:00","CTA|DE(50Hertz)","GTHKW Nossener Bruecke","11WD8DRES5X----D","Fossil Gas","11WD8DRES5X----D","14/04/2026 00:00 - 14/04/2026 01:00","153.30",""
"14/04/2026 00:00 - 15/04/2026 00:00","CTA|DE(50Hertz)","GTHKW Nossener Bruecke","11WD8DRES5X----D","Fossil Gas","11WD8DRES5X----D","14/04/2026 01:00 - 14/04/2026 02:00","153.40",""
"14/04/2026 00:00 - 15/04/2026 00:00","CTA|DE(50Hertz)","GTHKW Nossener Bruecke","11WD8DRES5X----D","Fossil Gas","11WD8DRES5X----D","14/04/2026 02:00 - 14/04/2026 03:00","154.45",""
"14/04/2026 00:00 - 15/04/2026 00:00","CTA|DE(50Hertz)","GTHKW Nossener Bruecke","11WD8DRES5X----D","Fossil Gas","11WD8DRES5X----D","14/04/2026 03:00 - 14/04/2026 04:00","155.07",""
"14/04/2026 00:00 - 15/04/2026 00:00","CTA|DE(50Hertz)","GTHKW Nossener Bruecke","11WD8DRES5X----D","Fossil Gas","11WD8DRES5X----D","14/04/2026 04:00 - 14/04/2026 05:00","155.18",""
"14/04/2026 00:00 - 15/04/2026 00:00","CTA|DE(50Hertz)","GTHKW Nossener Bruecke","11WD8DRES5X----D","Fossil Gas","11WD8DRES5X----D","14/04/2026 05:00 - 14/04/2026 06:00","155.40",""
"14/04/2026 00:00 - 15/04/2026 00:00","CTA|DE(50Hertz)","GTHKW Nossener Bruecke","11WD8DRES5X----D","Fossil Gas","11WD8DRES5X----D","14/04/2026 06:00 - 14/04/2026 07:00","155.53",""
"14/04/2026 00:00 - 15/04/2026 00:00","CTA|DE(50Hertz)","GTHKW Nossener Bruecke","11WD8DRES5X----D","Fossil Gas","11WD8DRES5X----D","14/04/2026 07:00 - 14/04/2026 08:00","155.20",""
"14/04/2026 00:00 - 15/04/2026 00:00","CTA|DE(50Hertz)","GTHKW Nossener Bruecke","11WD8DRES5X----D","Fossil Gas","11WD8DRES5X----D","14/04/2026 08:00 - 14/04/2026 09:00","154.88",""
"14/04/2026 00:00 - 15/04/2026 00:00","CTA|DE(50Hertz)","GTHKW Nossener Bruecke","11WD8DRES5X----D","Fossil Gas","11WD8DRES5X----D","14/04/2026 09:00 - 14/04/2026 10:00","154.70",""
"14/04/2026 00:00 - 15/04/2026 00:00","CTA|DE(50Hertz)","GTHKW Nossener Bruecke","11WD8DRES5X----D","Fossil Gas","11WD8DRES5X----D","14/04/2026 10:00 - 14/04/2026 11:00","166.30",""
"14/04/2026 00:00 - 15/04/2026 00:00","CTA|DE(50Hertz)","GTHKW Nossener Bruecke","11WD8DRES5X----D","Fossil Gas","11WD8DRES5X----D","14/04/2026 11:00 - 14/04/2026 12:00","166.72",""
"14/04/2026 00:00 - 15/04/2026 00:00","CTA|DE(50Hertz)","GTHKW Nossener Bruecke","11WD8DRES5X----D","Fossil Gas","11WD8DRES5X----D","14/04/2026 12:00 - 14/04/2026 13:00","166.75",""
"14/04/2026 00:00 - 15/04/2026 00:00","CTA|DE(50Hertz)","GTHKW Nossener Bruecke","11WD8DRES5X----D","Fossil Gas","11WD8DRES5X----D","14/04/2026 13:00 - 14/04/2026 14:00","167.70",""
"14/04/2026 00:00 - 15/04/2026 00:00","CTA|DE(50Hertz)","GTHKW Nossener Bruecke","11WD8DRES5X----D","Fossil Gas","11WD8DRES5X----D","14/04/2026 14:00 - 14/04/2026 15:00","167.60",""
"14/04/2026 00:00 - 15/04/2026 00:00","CTA|DE(50Hertz)","GTHKW Nossener Bruecke","11WD8DRES5X----D","Fossil Gas","11WD8DRES5X----D","14/04/2026 15:00 - 14/04/2026 16:00","167.82",""
"14/04/2026 00:00 - 15/04/2026 00:00","CTA|DE(50Hertz)","GTHKW Nossener Bruecke","11WD8DRES5X----D","Fossil Gas","11WD8DRES5X----D","14/04/2026 16:00 - 14/04/2026 17:00","168.13",""
"14/04/2026 00:00 - 15/04/2026 00:00","CTA|DE(50Hertz)","GTHKW Nossener Bruecke","11WD8DRES5X----D","Fossil Gas","11WD8DRES5X----D","14/04/2026 17:00 - 14/04/2026 18:00","168.38",""
"14/04/2026 00:00 - 15/04/2026 00:00","CTA|DE(50Hertz)","GTHKW Nossener Bruecke","11WD8DRES5X----D","Fossil Gas","11WD8DRES5X----D","14/04/2026 18:00 - 14/04/2026 19:00","168.45",""
"14/04/2026 00:00 - 15/04/2026 00:00","CTA|DE(50Hertz)","GTHKW Nossener Bruecke","11WD8DRES5X----D","Fossil Gas","11WD8DRES5X----D","14/04/2026 19:00 - 14/04/2026 20:00","168.57",""
"14/04/2026 00:00 - 15/04/2026 00:00","CTA|DE(50Hertz)","GTHKW Nossener Bruecke","11WD8DRES5X----D","Fossil Gas","11WD8DRES5X----D","14/04/2026 20:00 - 14/04/2026 21:00","168.57",""
"14/04/2026 00:00 - 15/04/2026 00:00","CTA|DE(50Hertz)","GTHKW Nossener Bruecke","11WD8DRES5X----D","Fossil Gas","11WD8DRES5X----D","14/04/2026 21:00 - 14/04/2026 22:00","168.57",""
"14/04/2026 00:00 - 15/04/2026 00:00","CTA|DE(50Hertz)","GTHKW Nossener Bruecke","11WD8DRES5X----D","Fossil Gas","11WD8DRES5X----D","14/04/2026 22:00 - 14/04/2026 23:00","169.10",""
"14/04/2026 00:00 - 15/04/2026 00:00","CTA|DE(50Hertz)","GTHKW Nossener Bruecke","11WD8DRES5X----D","Fossil Gas","11WD8DRES5X----D","14/04/2026 23:00 - 15/04/2026 00:00","166.93",""
"14/04/2026 00:00 - 15/04/2026 00:00","CTA|DE(50Hertz)","PSW Goldisthal PSS A","11WD8GOLD1H---AL","Hydro Pumped Storage","11WD8GOLD1H---AL","14/04/2026 00:00 - 14/04/2026 01:00","0.00",""
"14/04/2026 00:00 - 15/04/2026 00:00","CTA|DE(50Hertz)","PSW Goldisthal PSS A","11WD8GOLD1H---AL","Hydro Pumped Storage","11WD8GOLD1H---AL","14/04/2026 01:00 - 14/04/2026 02:00","0.00",""
"14/04/2026 00:00 - 15/04/2026 00:00","CTA|DE(50Hertz)","PSW Goldisthal PSS A","11WD8GOLD1H---AL","Hydro Pumped Storage","11WD8GOLD1H---AL","14/04/2026 02:00 - 14/04/2026 03:00","0.00",""
"14/04/2026 00:00 - 15/04/2026 00:00","CTA|DE(50Hertz)","PSW Goldisthal PSS A","11WD8GOLD1H---AL","Hydro Pumped Storage","11WD8GOLD1H---AL","14/04/2026 03:00 - 14/04/2026 04:00","0.00",""
"14/04/2026 00:00 - 15/04/2026 00:00","CTA|DE(50Hertz)","PSW Goldisthal PSS A","11WD8GOLD1H---AL","Hydro Pumped Storage","11WD8GOLD1H---AL","14/04/2026 04:00 - 14/04/2026 05:00","0.00",""
"14/04/2026 00:00 - 15/04/2026 00:00","CTA|DE(50Hertz)","PSW Goldisthal PSS A","11WD8GOLD1H---AL","Hydro Pumped Storage","11WD8GOLD1H---AL","14/04/2026 05:00 - 14/04/2026 06:00","0.00",""
"14/04/2026 00:00 - 15/04/2026 00:00","CTA|DE(50Hertz)","PSW Goldisthal PSS A","11WD8GOLD1H---AL","Hydro Pumped Storage","11WD8GOLD1H---AL","14/04/2026 06:00 - 14/04/2026 07:00","0.00",""
"14/04/2026 00:00 - 15/04/2026 00:00","CTA|DE(50Hertz)","PSW Goldisthal PSS A","11WD8GOLD1H---AL","Hydro Pumped Storage","11WD8GOLD1H---AL","14/04/2026 07:00 - 14/04/2026 08:00","0.00",""
"14/04/2026 00:00 - 15/04/2026 00:00","CTA|DE(50Hertz)","PSW Goldisthal PSS A","11WD8GOLD1H---AL","Hydro Pumped Storage","11WD8GOLD1H---AL","14/04/2026 08:00 - 14/04/2026 09:00","0.00",""
"14/04/2026 00:00 - 15/04/2026 00:00","CTA|DE(50Hertz)","PSW Goldisthal PSS A","11WD8GOLD1H---AL","Hydro Pumped Storage","11WD8GOLD1H---AL","14/04/2026 09:00 - 14/04/2026 10:00","0.00",""
"14/04/2026 00:00 - 15/04/2026 00:00","CTA|DE(50Hertz)","PSW Goldisthal PSS A","11WD8GOLD1H---AL","Hydro Pumped Storage","11WD8GOLD1H---AL","14/04/2026 10:00 - 14/04/2026 11:00","0.00",""
"14/04/2026 00:00 - 15/04/2026 00:00","CTA|DE(50Hertz)","PSW Goldisthal PSS A","11WD8GOLD1H---AL","Hydro Pumped Storage","11WD8GOLD1H---AL","14/04/2026 11:00 - 14/04/2026 12:00","0.00",""
"14/04/2026 00:00 - 15/04/2026 00:00","CTA|DE(50Hertz)","PSW Goldisthal PSS A","11WD8GOLD1H---AL","Hydro Pumped Storage","11WD8GOLD1H---AL","14/04/2026 12:00 - 14/04/2026 13:00","0.00",""
"14/04/2026 00:00 - 15/04/2026 00:00","CTA|DE(50Hertz)","PSW Goldisthal PSS A","11WD8GOLD1H---AL","Hydro Pumped Storage","11WD8GOLD1H---AL","14/04/2026 13:00 - 14/04/2026 14:00","0.00",""
"14/04/2026 00:00 - 15/04/2026 00:00","CTA|DE(50Hertz)","PSW Goldisthal PSS A","11WD8GOLD1H---AL","Hydro Pumped Storage","11WD8GOLD1H---AL","14/04/2026 14:00 - 14/04/2026 15:00","0.00",""
"14/04/2026 00:00 - 15/04/2026 00:00","CTA|DE(50Hertz)","PSW Goldisthal PSS A","11WD8GOLD1H---AL","Hydro Pumped Storage","11WD8GOLD1H---AL","14/04/2026 15:00 - 14/04/2026 16:00","0.00",""
"14/04/2026 00:00 - 15/04/2026 00:00","CTA|DE(50Hertz)","PSW Goldisthal PSS A","11WD8GOLD1H---AL","Hydro Pumped Storage","11WD8GOLD1H---AL","14/04/2026 16:00 - 14/04/2026 17:00","0.00",""
"14/04/2026 00:00 - 15/04/2026 00:00","CTA|DE(50Hertz)","PSW Goldisthal PSS A","11WD8GOLD1H---AL","Hydro Pumped Storage","11WD8GOLD1H---AL","14/04/2026 17:00 - 14/04/2026 18:00","0.00",""
"14/04/2026 00:00 - 15/04/2026 00:00","CTA|DE(50Hertz)","PSW Goldisthal PSS A","11WD8GOLD1H---AL","Hydro Pumped Storage","11WD8GOLD1H---AL","14/04/2026 18:00 - 14/04/2026 19:00","0.00",""
"14/04/2026 00:00 - 15/04/2026 00:00","CTA|DE(50Hertz)","PSW Goldisthal PSS A","11WD8GOLD1H---AL","Hydro Pumped Storage","11WD8GOLD1H---AL","14/04/2026 19:00 - 14/04/2026 20:00","0.00",""
"14/04/2026 00:00 - 15/04/2026 00:00","CTA|DE(50Hertz)","PSW Goldisthal PSS A","11WD8GOLD1H---AL","Hydro Pumped Storage","11WD8GOLD1H---AL","14/04/2026 20:00 - 14/04/2026 21:00","0.00",""
"14/04/2026 00:00 - 15/04/2026 00:00","CTA|DE(50Hertz)","PSW Goldisthal PSS A","11WD8GOLD1H---AL","Hydro Pumped Storage","11WD8GOLD1H---AL","14/04/2026 21:00 - 14/04/2026 22:00","0.00",""
"14/04/2026 00:00 - 15/04/2026 00:00","CTA|DE(50Hertz)","PSW Goldisthal PSS A","11WD8GOLD1H---AL","Hydro Pumped Storage","11WD8GOLD1H---AL","14/04/2026 22:00 - 14/04/2026 23:00","0.00",""
"14/04/2026 00:00 - 15/04/2026 00:00","CTA|DE(50Hertz)","PSW Goldisthal PSS A","11WD8GOLD1H---AL","Hydro Pumped Storage","11WD8GOLD1H---AL","14/04/2026 23:00 - 15/04/2026 00:00","0.00",""
"14/04/2026 00:00 - 15/04/2026 00:00","CTA|DE(50Hertz)","PSW Goldisthal PSS B","11WD8GOLD1H---BJ","Hydro Pumped Storage","11WD8GOLD1H---BJ","14/04/2026 00:00 - 14/04/2026 01:00","0.00",""
"14/04/2026 00:00 - 15/04/2026 00:00","CTA|DE(50Hertz)","PSW Goldisthal PSS B","11WD8GOLD1H---BJ","Hydro Pumped Storage","11WD8GOLD1H---BJ","14/04/2026 01:00 - 14/04/2026 02:00","0.00",""
"14/04/2026 00:00 - 15/04/2026 00:00","CTA|DE(50Hertz)","PSW Goldisthal PSS B","11WD8GOLD1H---BJ","Hydro Pumped Storage","11WD8GOLD1H---BJ","14/04/2026 02:00 - 14/04/2026 03:00","0.00",""
"14/04/2026 00:00 - 15/04/2026 00:00","CTA|DE(50Hertz)","PSW Goldisthal PSS B","11WD8GOLD1H---BJ","Hydro Pumped Storage","11WD8GOLD1H---BJ","14/04/2026 03:00 - 14/04/2026 04:00","0.00",""
"14/04/2026 00:00 - 15/04/2026 00:00","CTA|DE(50Hertz)","PSW Goldisthal PSS B","11WD8GOLD1H---BJ","Hydro Pumped Storage","11WD8GOLD1H---BJ","14/04/2026 04:00 - 14/04/2026 05:00","0.00",""
"14/04/2026 00:00 - 15/04/2026 00:00","CTA|DE(50Hertz)","PSW Goldisthal PSS B","11WD8GOLD1H---BJ","Hydro Pumped Storage","11WD8GOLD1H---BJ","14/04/2026 05:00 - 14/04/2026 06:00","0.00",""
"14/04/2026 00:00 - 15/04/2026 00:00","CTA|DE(50Hertz)","PSW Goldisthal PSS B","11WD8GOLD1H---BJ","Hydro Pumped Storage","11WD8GOLD1H---BJ","14/04/2026 06:00 - 14/04/2026 07:00","0.00",""
"14/04/2026 00:00 - 15/04/2026 00:00","CTA|DE(50Hertz)","PSW Goldisthal PSS B","11WD8GOLD1H---BJ","Hydro Pumped Storage","11WD8GOLD1H---BJ","14/04/2026 07:00 - 14/04/2026 08:00","0.00",""
"14/04/2026 00:00 - 15/04/2026 00:00","CTA|DE(50Hertz)","PSW Goldisthal PSS B","11WD8GOLD1H---BJ","Hydro Pumped Storage","11WD8GOLD1H---BJ","14/04/2026 08:00 - 14/04/2026 09:00","0.00",""
"14/04/2026 00:00 - 15/04/2026 00:00","CTA|DE(50Hertz)","PSW Goldisthal PSS B","11WD8GOLD1H---BJ","Hydro Pumped Storage","11WD8GOLD1H---BJ","14/04/2026 09:00 - 14/04/2026 10:00","0.00",""
"14/04/2026 00:00 - 15/04/2026 00:00","CTA|DE(50Hertz)","PSW Goldisthal PSS B","11WD8GOLD1H---BJ","Hydro Pumped Storage","11WD8GOLD1H---BJ","14/04/2026 10:00 - 14/04/2026 11:00","0.00",""
"14/04/2026 00:00 - 15/04/2026 00:00","CTA|DE(50Hertz)","PSW Goldisthal PSS B","11WD8GOLD1H---BJ","Hydro Pumped Storage","11WD8GOLD1H---BJ","14/04/2026 11:00 - 14/04/2026 12:00","0.00",""
"14/04/2026 00:00 - 15/04/2026 00:00","CTA|DE(50Hertz)","PSW Goldisthal PSS B","11WD8GOLD1H---BJ","Hydro Pumped Storage","11WD8GOLD1H---BJ","14/04/2026 12:00 - 14/04/2026 13:00","0.00",""
"14/04/2026 00:00 - 15/04/2026 00:00","CTA|DE(50Hertz)","PSW Goldisthal PSS B","11WD8GOLD1H---BJ","Hydro Pumped Storage","11WD8GOLD1H---BJ","14/04/2026 13:00 - 14/04/2026 14:00","0.00",""
"14/04/2026 00:00 - 15/04/2026 00:00","CTA|DE(50Hertz)","PSW Goldisthal PSS B","11WD8GOLD1H---BJ","Hydro Pumped Storage","11WD8GOLD1H---BJ","14/04/2026 14:00 - 14/04/2026 15:00","0.00",""
"14/04/2026 00:00 - 15/04/2026 00:00","CTA|DE(50Hertz)","PSW Goldisthal PSS B","11WD8GOLD1H---BJ","Hydro Pumped Storage","11WD8GOLD1H---BJ","14/04/2026 15:00 - 14/04/2026 16:00","0.00",""
"14/04/2026 00:00 - 15/04/2026 00:00","CTA|DE(50Hertz)","PSW Goldisthal PSS B","11WD8GOLD1H---BJ","Hydro Pumped Storage","11WD8GOLD1H---BJ","14/04/2026 16:00 - 14/04/2026 17:00","0.00",""
"14/04/2026 00:00 - 15/04/2026 00:00","CTA|DE(50Hertz)","PSW Goldisthal PSS B","11WD8GOLD1H---BJ","Hydro Pumped Storage","11WD8GOLD1H---BJ","14/04/2026 17:00 - 14/04/2026 18:00","0.00",""
"14/04/2026 00:00 - 15/04/2026 00:00","CTA|DE(50Hertz)","PSW Goldisthal PSS B","11WD8GOLD1H---BJ","Hydro Pumped Storage","11WD8GOLD1H---BJ","14/04/2026 18:00 - 14/04/2026 19:00","0.00",""
"14/04/2026 00:00 - 15/04/2026 00:00","CTA|DE(50Hertz)","PSW Goldisthal PSS B","11WD8GOLD1H---BJ","Hydro Pumped Storage","11WD8GOLD1H---BJ","14/04/2026 19:00 - 14/04/2026 20:00","0.00",""
"14/04/2026 00:00 - 15/04/2026 00:00","CTA|DE(50Hertz)","PSW Goldisthal PSS B","11WD8GOLD1H---BJ","Hydro Pumped Storage","11WD8GOLD1H---BJ","14/04/2026 20:00 - 14/04/2026 21:00","0.00",""
"14/04/2026 00:00 - 15/04/2026 00:00","CTA|DE(50Hertz)","PSW Goldisthal PSS B","11WD8GOLD1H---BJ","Hydro Pumped Storage","11WD8GOLD1H---BJ","14/04/2026 21:00 - 14/04/2026 22:00","0.00",""
"14/04/2026 00:00 - 15/04/2026 00:00","CTA|DE(50Hertz)","PSW Goldisthal PSS B","11WD8GOLD1H---BJ","Hydro Pumped Storage","11WD8GOLD1H---BJ","14/04/2026 22:00 - 14/04/2026 23:00","0.00",""
"14/04/2026 00:00 - 15/04/2026 00:00","CTA|DE(50Hertz)","PSW Goldisthal PSS B","11WD8GOLD1H---BJ","Hydro Pumped Storage","11WD8GOLD1H---BJ","14/04/2026 23:00 - 15/04/2026 00:00","0.00",""
"14/04/2026 00:00 - 15/04/2026 00:00","CTA|DE(50Hertz)","PSW Goldisthal PSS C","11WD8GOLD1H---CH","Hydro Pumped Storage","11WD8GOLD1H---CH","14/04/2026 00:00 - 14/04/2026 01:00","0.00",""
"14/04/2026 00:00 - 15/04/2026 00:00","CTA|DE(50Hertz)","PSW Goldisthal PSS C","11WD8GOLD1H---CH","Hydro Pumped Storage","11WD8GOLD1H---CH","14/04/2026 01:00 - 14/04/2026 02:00","0.00",""
"14/04/2026 00:00 - 15/04/2026 00:00","CTA|DE(50Hertz)","PSW Goldisthal PSS C","11WD8GOLD1H---CH","Hydro Pumped Storage","11WD8GOLD1H---CH","14/04/2026 02:00 - 14/04/2026 03:00","0.00",""
"14/04/2026 00:00 - 15/04/2026 00:00","CTA|DE(50Hertz)","PSW Goldisthal PSS C","11WD8GOLD1H---CH","Hydro Pumped Storage","11WD8GOLD1H---CH","14/04/2026 03:00 - 14/04/2026 04:00","0.00",""
"14/04/2026 00:00 - 15/04/2026 00:00","CTA|DE(50Hertz)","PSW Goldisthal PSS C","11WD8GOLD1H---CH","Hydro Pumped Storage","11WD8GOLD1H---CH","14/04/2026 04:00 - 14/04/2026 05:00","0.00",""
"14/04/2026 00:00 - 15/04/2026 00:00","CTA|DE(50Hertz)","PSW Goldisthal PSS C","11WD8GOLD1H---CH","Hydro Pumped Storage","11WD8GOLD1H---CH","14/04/2026 05:00 - 14/04/2026 06:00","0.00",""
"14/04/2026 00:00 - 15/04/2026 00:00","CTA|DE(50Hertz)","PSW Goldisthal PSS C","11WD8GOLD1H---CH","Hydro Pumped Storage","11WD8GOLD1H---CH","14/04/2026 06:00 - 14/04/2026 07:00","133.25",""
"14/04/2026 00:00 - 15/04/2026 00:00","CTA|DE(50Hertz)","PSW Goldisthal PSS C","11WD8GOLD1H---CH","Hydro Pumped Storage","11WD8GOLD1H---CH","14/04/2026 07:00 - 14/04/2026 08:00","264.75",""
"14/04/2026 00:00 - 15/04/2026 00:00","CTA|DE(50Hertz)","PSW Goldisthal PSS C","11WD8GOLD1H---CH","Hydro Pumped Storage","11WD8GOLD1H---CH","14/04/2026 08:00 - 14/04/2026 09:00","196.25",""
"14/04/2026 00:00 - 15/04/2026 00:00","CTA|DE(50Hertz)","PSW Goldisthal PSS C","11WD8GOLD1H---CH","Hydro Pumped Storage","11WD8GOLD1H---CH","14/04/2026 09:00 - 14/04/2026 10:00","126.75",""
"14/04/2026 00:00 - 15/04/2026 00:00","CTA|DE(50Hertz)","PSW Goldisthal PSS C","11WD8GOLD1H---CH","Hydro Pumped Storage","11WD8GOLD1H---CH","14/04/2026 10:00 - 14/04/2026 11:00","0.00",""
"14/04/2026 00:00 - 15/04/2026 00:00","CTA|DE(50Hertz)","PSW Goldisthal PSS C","11WD8GOLD1H---CH","Hydro Pumped Storage","11WD8GOLD1H---CH","14/04/2026 11:00 - 14/04/2026 12:00","0.00",""
"14/04/2026 00:00 - 15/04/2026 00:00","CTA|DE(50Hertz)","PSW Goldisthal PSS C","11WD8GOLD1H---CH","Hydro Pumped Storage","11WD8GOLD1H---CH","14/04/2026 12:00 - 14/04/2026 13:00","0.00",""
"14/04/2026 00:00 - 15/04/2026 00:00","CTA|DE(50Hertz)","PSW Goldisthal PSS C","11WD8GOLD1H---CH","Hydro Pumped Storage","11WD8GOLD1H---CH","14/04/2026 13:00 - 14/04/2026 14:00","0.00",""
"14/04/2026 00:00 - 15/04/2026 00:00","CTA|DE(50Hertz)","PSW Goldisthal PSS C","11WD8GOLD1H---CH","Hydro Pumped Storage","11WD8GOLD1H---CH","14/04/2026 14:00 - 14/04/2026 15:00","0.00",""
"14/04/2026 00:00 - 15/04/2026 00:00","CTA|DE(50Hertz)","PSW Goldisthal PSS C","11WD8GOLD1H---CH","Hydro Pumped Storage","11WD8GOLD1H---CH","14/04/2026 15:00 - 14/04/2026 16:00","0.00",""
"14/04/2026 00:00 - 15/04/2026 00:00","CTA|DE(50Hertz)","PSW Goldisthal PSS C","11WD8GOLD1H---CH","Hydro Pumped Storage","11WD8GOLD1H---CH","14/04/2026 16:00 - 14/04/2026 17:00","0.00",""
"14/04/2026 00:00 - 15/04/2026 00:00","CTA|DE(50Hertz)","PSW Goldisthal PSS C","11WD8GOLD1H---CH","Hydro Pumped Storage","11WD8GOLD1H---CH","14/04/2026 17:00 - 14/04/2026 18:00","67.25",""
"14/04/2026 00:00 - 15/04/2026 00:00","CTA|DE(50Hertz)","PSW Goldisthal PSS C","11WD8GOLD1H---CH","Hydro Pumped Storage","11WD8GOLD1H---CH","14/04/2026 18:00 - 14/04/2026 19:00","199.75",""
"14/04/2026 00:00 - 15/04/2026 00:00","CTA|DE(50Hertz)","PSW Goldisthal PSS C","11WD8GOLD1H---CH","Hydro Pumped Storage","11WD8GOLD1H---CH","14/04/2026 19:00 - 14/04/2026 20:00","264.50",""
"14/04/2026 00:00 - 15/04/2026 00:00","CTA|DE(50Hertz)","PSW Goldisthal PSS C","11WD8GOLD1H---CH","Hydro Pumped Storage","11WD8GOLD1H---CH","14/04/2026 20:00 - 14/04/2026 21:00","260.50",""
"14/04/2026 00:00 - 15/04/2026 00:00","CTA|DE(50Hertz)","PSW Goldisthal PSS C","11WD8GOLD1H---CH","Hydro Pumped Storage","11WD8GOLD1H---CH","14/04/2026 21:00 - 14/04/2026 22:00","256.50",""
"14/04/2026 00:00 - 15/04/2026 00:00","CTA|DE(50Hertz)","PSW Goldisthal PSS C","11WD8GOLD1H---CH","Hydro Pumped Storage","11WD8GOLD1H---CH","14/04/2026 22:00 - 14/04/2026 23:00","227.25",""
"14/04/2026 00:00 - 15/04/2026 00:00","CTA|DE(50Hertz)","PSW Goldisthal PSS C","11WD8GOLD1H---CH","Hydro Pumped Storage","11WD8GOLD1H---CH","14/04/2026 23:00 - 15/04/2026 00:00","37.75",""
"14/04/2026 00:00 - 15/04/2026 00:00","CTA|DE(50Hertz)","PSW Goldisthal PSS D","11WD8GOLD1H---DF","Hydro Pumped Storage","11WD8GOLD1H---DF","14/04/2026 00:00 - 14/04/2026 01:00","0.25",""
"14/04/2026 00:00 - 15/04/2026 00:00","CTA|DE(50Hertz)","PSW Goldisthal PSS D","11WD8GOLD1H---DF","Hydro Pumped Storage","11WD8GOLD1H---DF","14/04/2026 01:00 - 14/04/2026 02:00","0.00",""
"14/04/2026 00:00 - 15/04/2026 00:00","CTA|DE(50Hertz)","PSW Goldisthal PSS D","11WD8GOLD1H---DF","Hydro Pumped Storage","11WD8GOLD1H---DF","14/04/2026 02:00 - 14/04/2026 03:00","0.00",""
"14/04/2026 00:00 - 15/04/2026 00:00","CTA|DE(50Hertz)","PSW Goldisthal PSS D","11WD8GOLD1H---DF","Hydro Pumped Storage","11WD8GOLD1H---DF","14/04/2026 03:00 - 14/04/2026 04:00","0.00",""
"14/04/2026 00:00 - 15/04/2026 00:00","CTA|DE(50Hertz)","PSW Goldisthal PSS D","11WD8GOLD1H---DF","Hydro Pumped Storage","11WD8GOLD1H---DF","14/04/2026 04:00 - 14/04/2026 05:00","0.50",""
"14/04/2026 00:00 - 15/04/2026 00:00","CTA|DE(50Hertz)","PSW Goldisthal PSS D","11WD8GOLD1H---DF","Hydro Pumped Storage","11WD8GOLD1H---DF","14/04/2026 05:00 - 14/04/2026 06:00","39.25",""
"14/04/2026 00:00 - 15/04/2026 00:00","CTA|DE(50Hertz)","PSW Goldisthal PSS D","11WD8GOLD1H---DF","Hydro Pumped Storage","11WD8GOLD1H---DF","14/04/2026 06:00 - 14/04/2026 07:00","122.75",""
"14/04/2026 00:00 - 15/04/2026 00:00","CTA|DE(50Hertz)","PSW Goldisthal PSS D","11WD8GOLD1H---DF","Hydro Pumped Storage","11WD8GOLD1H---DF","14/04/2026 07:00 - 14/04/2026 08:00","171.75",""
"14/04/2026 00:00 - 15/04/2026 00:00","CTA|DE(50Hertz)","PSW Goldisthal PSS D","11WD8GOLD1H---DF","Hydro Pumped Storage","11WD8GOLD1H---DF","14/04/2026 08:00 - 14/04/2026 09:00","177.75",""
"14/04/2026 00:00 - 15/04/2026 00:00","CTA|DE(50Hertz)","PSW Goldisthal PSS D","11WD8GOLD1H---DF","Hydro Pumped Storage","11WD8GOLD1H---DF","14/04/2026 09:00 - 14/04/2026 10:00","109.75",""
"14/04/2026 00:00 - 15/04/2026 00:00","CTA|DE(50Hertz)","PSW Goldisthal PSS D","11WD8GOLD1H---DF","Hydro Pumped Storage","11WD8GOLD1H---DF","14/04/2026 10:00 - 14/04/2026 11:00","106.75",""
"14/04/2026 00:00 - 15/04/2026 00:00","CTA|DE(50Hertz)","PSW Goldisthal PSS D","11WD8GOLD1H---DF","Hydro Pumped Storage","11WD8GOLD1H---DF","14/04/2026 11:00 - 14/04/2026 12:00","35.00",""
"14/04/2026 00:00 - 15/04/2026 00:00","CTA|DE(50Hertz)","PSW Goldisthal PSS D","11WD8GOLD1H---DF","Hydro Pumped Storage","11WD8GOLD1H---DF","14/04/2026 12:00 - 14/04/2026 13:00","0.00",""
"14/04/2026 00:00 - 15/04/2026 00:00","CTA|DE(50Hertz)","PSW Goldisthal PSS D","11WD8GOLD1H---DF","Hydro Pumped Storage","11WD8GOLD1H---DF","14/04/2026 13:00 - 14/04/2026 14:00","0.00",""
"14/04/2026 00:00 - 15/04/2026 00:00","CTA|DE(50Hertz)","PSW Goldisthal PSS D","11WD8GOLD1H---DF","Hydro Pumped Storage","11WD8GOLD1H---DF","14/04/2026 14:00 - 14/04/2026 15:00","0.00",""
"14/04/2026 00:00 - 15/04/2026 00:00","CTA|DE(50Hertz)","PSW Goldisthal PSS D","11WD8GOLD1H---DF","Hydro Pumped Storage","11WD8GOLD1H---DF","14/04/2026 15:00 - 14/04/2026 16:00","0.00",""
"14/04/2026 00:00 - 15/04/2026 00:00","CTA|DE(50Hertz)","PSW Goldisthal PSS D","11WD8GOLD1H---DF","Hydro Pumped Storage","11WD8GOLD1H---DF","14/04/2026 16:00 - 14/04/2026 17:00","0.00",""
"14/04/2026 00:00 - 15/04/2026 00:00","CTA|DE(50Hertz)","PSW Goldisthal PSS D","11WD8GOLD1H---DF","Hydro Pumped Storage","11WD8GOLD1H---DF","14/04/2026 17:00 - 14/04/2026 18:00","68.50",""
"14/04/2026 00:00 - 15/04/2026 00:00","CTA|DE(50Hertz)","PSW Goldisthal PSS D","11WD8GOLD1H---DF","Hydro Pumped Storage","11WD8GOLD1H---DF","14/04/2026 18:00 - 14/04/2026 19:00","203.25",""
"14/04/2026 00:00 - 15/04/2026 00:00","CTA|DE(50Hertz)","PSW Goldisthal PSS D","11WD8GOLD1H---DF","Hydro Pumped Storage","11WD8GOLD1H---DF","14/04/2026 19:00 - 14/04/2026 20:00","269.75",""
"14/04/2026 00:00 - 15/04/2026 00:00","CTA|DE(50Hertz)","PSW Goldisthal PSS D","11WD8GOLD1H---DF","Hydro Pumped Storage","11WD8GOLD1H---DF","14/04/2026 20:00 - 14/04/2026 21:00","266.00",""
"14/04/2026 00:00 - 15/04/2026 00:00","CTA|DE(50Hertz)","PSW Goldisthal PSS D","11WD8GOLD1H---DF","Hydro Pumped Storage","11WD8GOLD1H---DF","14/04/2026 21:00 - 14/04/2026 22:00","261.25",""
"14/04/2026 00:00 - 15/04/2026 00:00","CTA|DE(50Hertz)","PSW Goldisthal PSS D","11WD8GOLD1H---DF","Hydro Pumped Storage","11WD8GOLD1H---DF","14/04/2026 22:00 - 14/04/2026 23:00","230.00",""
"14/04/2026 00:00 - 15/04/2026 00:00","CTA|DE(50Hertz)","PSW Goldisthal PSS D","11WD8GOLD1H---DF","Hydro Pumped Storage","11WD8GOLD1H---DF","14/04/2026 23:00 - 15/04/2026 00:00","109.25",""
"14/04/2026 00:00 - 15/04/2026 00:00","CTA|DE(50Hertz)","KW Jänschwalde Block B","11WD8JAEN1L---BB","Fossil Brown coal/Lignite","11WD8JAEN1L---BB","14/04/2026 00:00 - 14/04/2026 01:00","159.50",""
"14/04/2026 00:00 - 15/04/2026 00:00","CTA|DE(50Hertz)","KW Jänschwalde Block B","11WD8JAEN1L---BB","Fossil Brown coal/Lignite","11WD8JAEN1L---BB","14/04/2026 01:00 - 14/04/2026 02:00","183.25",""
"14/04/2026 00:00 - 15/04/2026 00:00","CTA|DE(50Hertz)","KW Jänschwalde Block B","11WD8JAEN1L---BB","Fossil Brown coal/Lignite","11WD8JAEN1L---BB","14/04/2026 02:00 - 14/04/2026 03:00","181.75",""
"14/04/2026 00:00 - 15/04/2026 00:00","CTA|DE(50Hertz)","KW Jänschwalde Block B","11WD8JAEN1L---BB","Fossil Brown coal/Lignite","11WD8JAEN1L---BB","14/04/2026 03:00 - 14/04/2026 04:00","189.75",""
"14/04/2026 00:00 - 15/04/2026 00:00","CTA|DE(50Hertz)","KW Jänschwalde Block B","11WD8JAEN1L---BB","Fossil Brown coal/Lignite","11WD8JAEN1L---BB","14/04/2026 04:00 - 14/04/2026 05:00","192.25",""
"14/04/2026 00:00 - 15/04/2026 00:00","CTA|DE(50Hertz)","KW Jänschwalde Block B","11WD8JAEN1L---BB","Fossil Brown coal/Lignite","11WD8JAEN1L---BB","14/04/2026 05:00 - 14/04/2026 06:00","197.50",""
"14/04/2026 00:00 - 15/04/2026 00:00","CTA|DE(50Hertz)","KW Jänschwalde Block B","11WD8JAEN1L---BB","Fossil Brown coal/Lignite","11WD8JAEN1L---BB","14/04/2026 06:00 - 14/04/2026 07:00","198.50",""
"14/04/2026 00:00 - 15/04/2026 00:00","CTA|DE(50Hertz)","KW Jänschwalde Block B","11WD8JAEN1L---BB","Fossil Brown coal/Lignite","11WD8JAEN1L---BB","14/04/2026 07:00 - 14/04/2026 08:00","207.00",""
"14/04/2026 00:00 - 15/04/2026 00:00","CTA|DE(50Hertz)","KW Jänschwalde Block B","11WD8JAEN1L---BB","Fossil Brown coal/Lignite","11WD8JAEN1L---BB","14/04/2026 08:00 - 14/04/2026 09:00","207.00",""
"14/04/2026 00:00 - 15/04/2026 00:00","CTA|DE(50Hertz)","KW Jänschwalde Block B","11WD8JAEN1L---BB","Fossil Brown coal/Lignite","11WD8JAEN1L---BB","14/04/2026 09:00 - 14/04/2026 10:00","207.75",""
"14/04/2026 00:00 - 15/04/2026 00:00","CTA|DE(50Hertz)","KW Jänschwalde Block B","11WD8JAEN1L---BB","Fossil Brown coal/Lignite","11WD8JAEN1L---BB","14/04/2026 10:00 - 14/04/2026 11:00","200.00",""
"14/04/2026 00:00 - 15/04/2026 00:00","CTA|DE(50Hertz)","KW Jänschwalde Block B","11WD8JAEN1L---BB","Fossil Brown coal/Lignite","11WD8JAEN1L---BB","14/04/2026 11:00 - 14/04/2026 12:00","202.25",""
"14/04/2026 00:00 - 15/04/2026 00:00","CTA|DE(50Hertz)","KW Jänschwalde Block B","11WD8JAEN1L---BB","Fossil Brown coal/Lignite","11WD8JAEN1L---BB","14/04/2026 12:00 - 14/04/2026 13:00","199.25",""
"14/04/2026 00:00 - 15/04/2026 00:00","CTA|DE(50Hertz)","KW Jänschwalde Block B","11WD8JAEN1L---BB","Fossil Brown coal/Lignite","11WD8JAEN1L---BB","14/04/2026 13:00 - 14/04/2026 14:00","202.00",""
"14/04/2026 00:00 - 15/04/2026 00:00","CTA|DE(50Hertz)","KW Jänschwalde Block B","11WD8JAEN1L---BB","Fossil Brown coal/Lignite","11WD8JAEN1L---BB","14/04/2026 14:00 - 14/04/2026 15:00","188.75",""
"14/04/2026 00:00 - 15/04/2026 00:00","CTA|DE(50Hertz)","KW Jänschwalde Block B","11WD8JAEN1L---BB","Fossil Brown coal/Lignite","11WD8JAEN1L---BB","14/04/2026 15:00 - 14/04/2026 16:00","207.25",""
"14/04/2026 00:00 - 15/04/2026 00:00","CTA|DE(50Hertz)","KW Jänschwalde Block B","11WD8JAEN1L---BB","Fossil Brown coal/Lignite","11WD8JAEN1L---BB","14/04/2026 16:00 - 14/04/2026 17:00","202.25",""
"14/04/2026 00:00 - 15/04/2026 00:00","CTA|DE(50Hertz)","KW Jänschwalde Block B","11WD8JAEN1L---BB","Fossil Brown coal/Lignite","11WD8JAEN1L---BB","14/04/2026 17:00 - 14/04/2026 18:00","200.00",""
"14/04/2026 00:00 - 15/04/2026 00:00","CTA|DE(50Hertz)","KW Jänschwalde Block B","11WD8JAEN1L---BB","Fossil Brown coal/Lignite","11WD8JAEN1L---BB","14/04/2026 18:00 - 14/04/2026 19:00","197.75",""
"14/04/2026 00:00 - 15/04/2026 00:00","CTA|DE(50Hertz)","KW Jänschwalde Block B","11WD8JAEN1L---BB","Fossil Brown coal/Lignite","11WD8JAEN1L---BB","14/04/2026 19:00 - 14/04/2026 20:00","199.00",""
"14/04/2026 00:00 - 15/04/2026 00:00","CTA|DE(50Hertz)","KW Jänschwalde Block B","11WD8JAEN1L---BB","Fossil Brown coal/Lignite","11WD8JAEN1L---BB","14/04/2026 20:00 - 14/04/2026 21:00","199.25",""
"14/04/2026 00:00 - 15/04/2026 00:00","CTA|DE(50Hertz)","KW Jänschwalde Block B","11WD8JAEN1L---BB","Fossil Brown coal/Lignite","11WD8JAEN1L---BB","14/04/2026 21:00 - 14/04/2026 22:00","201.00",""
"14/04/2026 00:00 - 15/04/2026 00:00","CTA|DE(50Hertz)","KW Jänschwalde Block B","11WD8JAEN1L---BB","Fossil Brown coal/Lignite","11WD8JAEN1L---BB","14/04/2026 22:00 - 14/04/2026 23:00","183.75",""
"14/04/2026 00:00 - 15/04/2026 00:00","CTA|DE(50Hertz)","KW Jänschwalde Block B","11WD8JAEN1L---BB","Fossil Brown coal/Lignite","11WD8JAEN1L---BB","14/04/2026 23:00 - 15/04/2026 00:00","196.75",""
"14/04/2026 00:00 - 15/04/2026 00:00","CTA|DE(50Hertz)","KW Jänschwalde Block C","11WD8JAEN1L---C9","Fossil Brown coal/Lignite","11WD8JAEN1L---C9","14/04/2026 00:00 - 14/04/2026 01:00","358.25",""
"14/04/2026 00:00 - 15/04/2026 00:00","CTA|DE(50Hertz)","KW Jänschwalde Block C","11WD8JAEN1L---C9","Fossil Brown coal/Lignite","11WD8JAEN1L---C9","14/04/2026 01:00 - 14/04/2026 02:00","473.50",""
"14/04/2026 00:00 - 15/04/2026 00:00","CTA|DE(50Hertz)","KW Jänschwalde Block C","11WD8JAEN1L---C9","Fossil Brown coal/Lignite","11WD8JAEN1L---C9","14/04/2026 02:00 - 14/04/2026 03:00","476.00",""
"14/04/2026 00:00 - 15/04/2026 00:00","CTA|DE(50Hertz)","KW Jänschwalde Block C","11WD8JAEN1L---C9","Fossil Brown coal/Lignite","11WD8JAEN1L---C9","14/04/2026 03:00 - 14/04/2026 04:00","461.00",""
"14/04/2026 00:00 - 15/04/2026 00:00","CTA|DE(50Hertz)","KW Jänschwalde Block C","11WD8JAEN1L---C9","Fossil Brown coal/Lignite","11WD8JAEN1L---C9","14/04/2026 04:00 - 14/04/2026 05:00","457.75",""
"14/04/2026 00:00 - 15/04/2026 00:00","CTA|DE(50Hertz)","KW Jänschwalde Block C","11WD8JAEN1L---C9","Fossil Brown coal/Lignite","11WD8JAEN1L---C9","14/04/2026 05:00 - 14/04/2026 06:00","452.25",""
"14/04/2026 00:00 - 15/04/2026 00:00","CTA|DE(50Hertz)","KW Jänschwalde Block C","11WD8JAEN1L---C9","Fossil Brown coal/Lignite","11WD8JAEN1L---C9","14/04/2026 06:00 - 14/04/2026 07:00","437.50",""
"14/04/2026 00:00 - 15/04/2026 00:00","CTA|DE(50Hertz)","KW Jänschwalde Block C","11WD8JAEN1L---C9","Fossil Brown coal/Lignite","11WD8JAEN1L---C9","14/04/2026 07:00 - 14/04/2026 08:00","440.75",""
"14/04/2026 00:00 - 15/04/2026 00:00","CTA|DE(50Hertz)","KW Jänschwalde Block C","11WD8JAEN1L---C9","Fossil Brown coal/Lignite","11WD8JAEN1L---C9","14/04/2026 08:00 - 14/04/2026 09:00","439.75",""
"14/04/2026 00:00 - 15/04/2026 00:00","CTA|DE(50Hertz)","KW Jänschwalde Block C","11WD8JAEN1L---C9","Fossil Brown coal/Lignite","11WD8JAEN1L---C9","14/04/2026 09:00 - 14/04/2026 10:00","441.25",""
"14/04/2026 00:00 - 15/04/2026 00:00","CTA|DE(50Hertz)","KW Jänschwalde Block C","11WD8JAEN1L---C9","Fossil Brown coal/Lignite","11WD8JAEN1L---C9","14/04/2026 10:00 - 14/04/2026 11:00","333.00",""
"14/04/2026 00:00 - 15/04/2026 00:00","CTA|DE(50Hertz)","KW Jänschwalde Block C","11WD8JAEN1L---C9","Fossil Brown coal/Lignite","11WD8JAEN1L---C9","14/04/2026 11:00 - 14/04/2026 12:00","330.50",""
"14/04/2026 00:00 - 15/04/2026 00:00","CTA|DE(50Hertz)","KW Jänschwalde Block C","11WD8JAEN1L---C9","Fossil Brown coal/Lignite","11WD8JAEN1L---C9","14/04/2026 12:00 - 14/04/2026 13:00","329.00",""
"14/04/2026 00:00 - 15/04/2026 00:00","CTA|DE(50Hertz)","KW Jänschwalde Block C","11WD8JAEN1L---C9","Fossil Brown coal/Lignite","11WD8JAEN1L---C9","14/04/2026 13:00 - 14/04/2026 14:00","320.00",""
"14/04/2026 00:00 - 15/04/2026 00:00","CTA|DE(50Hertz)","KW Jänschwalde Block C","11WD8JAEN1L---C9","Fossil Brown coal/Lignite","11WD8JAEN1L---C9","14/04/2026 14:00 - 14/04/2026 15:00","324.50",""
"14/04/2026 00:00 - 15/04/2026 00:00","CTA|DE(50Hertz)","KW Jänschwalde Block C","11WD8JAEN1L---C9","Fossil Brown coal/Lignite","11WD8JAEN1L---C9","14/04/2026 15:00 - 14/04/2026 16:00","436.50",""
"14/04/2026 00:00 - 15/04/2026 00:00","CTA|DE(50Hertz)","KW Jänschwalde Block C","11WD8JAEN1L---C9","Fossil Brown coal/Lignite","11WD8JAEN1L---C9","14/04/2026 16:00 - 14/04/2026 17:00","462.25",""
"14/04/2026 00:00 - 15/04/2026 00:00","CTA|DE(50Hertz)","KW Jänschwalde Block C","11WD8JAEN1L---C9","Fossil Brown coal/Lignite","11WD8JAEN1L---C9","14/04/2026 17:00 - 14/04/2026 18:00","464.25",""
"14/04/2026 00:00 - 15/04/2026 00:00","CTA|DE(50Hertz)","KW Jänschwalde Block C","11WD8JAEN1L---C9","Fossil Brown coal/Lignite","11WD8JAEN1L---C9","14/04/2026 18:00 - 14/04/2026 19:00","452.00",""
"14/04/2026 00:00 - 15/04/2026 00:00","CTA|DE(50Hertz)","KW Jänschwalde Block C","11WD8JAEN1L---C9","Fossil Brown coal/Lignite","11WD8JAEN1L---C9","14/04/2026 19:00 - 14/04/2026 20:00","453.00",""
"14/04/2026 00:00 - 15/04/2026 00:00","CTA|DE(50Hertz)","KW Jänschwalde Block C","11WD8JAEN1L---C9","Fossil Brown coal/Lignite","11WD8JAEN1L---C9","14/04/2026 20:00 - 14/04/2026 21:00","453.50",""
"14/04/2026 00:00 - 15/04/2026 00:00","CTA|DE(50Hertz)","KW Jänschwalde Block C","11WD8JAEN1L---C9","Fossil Brown coal/Lignite","11WD8JAEN1L---C9","14/04/2026 21:00 - 14/04/2026 22:00","452.50",""
"14/04/2026 00:00 - 15/04/2026 00:00","CTA|DE(50Hertz)","KW Jänschwalde Block C","11WD8JAEN1L---C9","Fossil Brown coal/Lignite","11WD8JAEN1L---C9","14/04/2026 22:00 - 14/04/2026 23:00","434.75",""
"14/04/2026 00:00 - 15/04/2026 00:00","CTA|DE(50Hertz)","KW Jänschwalde Block C","11WD8JAEN1L---C9","Fossil Brown coal/Lignite","11WD8JAEN1L---C9","14/04/2026 23:00 - 15/04/2026 00:00","453.75",""
"14/04/2026 00:00 - 15/04/2026 00:00","CTA|DE(50Hertz)","KW Jänschwalde Block D","11WD8JAEN1L---D7","Fossil Brown coal/Lignite","11WD8JAEN1L---D7","14/04/2026 00:00 - 14/04/2026 01:00","0.00",""
"14/04/2026 00:00 - 15/04/2026 00:00","CTA|DE(50Hertz)","KW Jänschwalde Block D","11WD8JAEN1L---D7","Fossil Brown coal/Lignite","11WD8JAEN1L---D7","14/04/2026 01:00 - 14/04/2026 02:00","0.00",""
"14/04/2026 00:00 - 15/04/2026 00:00","CTA|DE(50Hertz)","KW Jänschwalde Block D","11WD8JAEN1L---D7","Fossil Brown coal/Lignite","11WD8JAEN1L---D7","14/04/2026 02:00 - 14/04/2026 03:00","0.00",""
"14/04/2026 00:00 - 15/04/2026 00:00","CTA|DE(50Hertz)","KW Jänschwalde Block D","11WD8JAEN1L---D7","Fossil Brown coal/Lignite","11WD8JAEN1L---D7","14/04/2026 03:00 - 14/04/2026 04:00","0.00",""
"14/04/2026 00:00 - 15/04/2026 00:00","CTA|DE(50Hertz)","KW Jänschwalde Block D","11WD8JAEN1L---D7","Fossil Brown coal/Lignite","11WD8JAEN1L---D7","14/04/2026 04:00 - 14/04/2026 05:00","0.00",""
"14/04/2026 00:00 - 15/04/2026 00:00","CTA|DE(50Hertz)","KW Jänschwalde Block D","11WD8JAEN1L---D7","Fossil Brown coal/Lignite","11WD8JAEN1L---D7","14/04/2026 05:00 - 14/04/2026 06:00","0.00",""
"14/04/2026 00:00 - 15/04/2026 00:00","CTA|DE(50Hertz)","KW Jänschwalde Block D","11WD8JAEN1L---D7","Fossil Brown coal/Lignite","11WD8JAEN1L---D7","14/04/2026 06:00 - 14/04/2026 07:00","0.00",""
"14/04/2026 00:00 - 15/04/2026 00:00","CTA|DE(50Hertz)","KW Jänschwalde Block D","11WD8JAEN1L---D7","Fossil Brown coal/Lignite","11WD8JAEN1L---D7","14/04/2026 07:00 - 14/04/2026 08:00","0.00",""
"14/04/2026 00:00 - 15/04/2026 00:00","CTA|DE(50Hertz)","KW Jänschwalde Block D","11WD8JAEN1L---D7","Fossil Brown coal/Lignite","11WD8JAEN1L---D7","14/04/2026 08:00 - 14/04/2026 09:00","0.00",""
"14/04/2026 00:00 - 15/04/2026 00:00","CTA|DE(50Hertz)","KW Jänschwalde Block D","11WD8JAEN1L---D7","Fossil Brown coal/Lignite","11WD8JAEN1L---D7","14/04/2026 09:00 - 14/04/2026 10:00","0.00",""
"14/04/2026 00:00 - 15/04/2026 00:00","CTA|DE(50Hertz)","KW Jänschwalde Block D","11WD8JAEN1L---D7","Fossil Brown coal/Lignite","11WD8JAEN1L---D7","14/04/2026 10:00 - 14/04/2026 11:00","0.00",""
"14/04/2026 00:00 - 15/04/2026 00:00","CTA|DE(50Hertz)","KW Jänschwalde Block D","11WD8JAEN1L---D7","Fossil Brown coal/Lignite","11WD8JAEN1L---D7","14/04/2026 11:00 - 14/04/2026 12:00","0.00",""
"14/04/2026 00:00 - 15/04/2026 00:00","CTA|DE(50Hertz)","KW Jänschwalde Block D","11WD8JAEN1L---D7","Fossil Brown coal/Lignite","11WD8JAEN1L---D7","14/04/2026 12:00 - 14/04/2026 13:00","0.00",""
"14/04/2026 00:00 - 15/04/2026 00:00","CTA|DE(50Hertz)","KW Jänschwalde Block D","11WD8JAEN1L---D7","Fossil Brown coal/Lignite","11WD8JAEN1L---D7","14/04/2026 13:00 - 14/04/2026 14:00","0.00",""
"14/04/2026 00:00 - 15/04/2026 00:00","CTA|DE(50Hertz)","KW Jänschwalde Block D","11WD8JAEN1L---D7","Fossil Brown coal/Lignite","11WD8JAEN1L---D7","14/04/2026 14:00 - 14/04/2026 15:00","0.00",""
"14/04/2026 00:00 - 15/04/2026 00:00","CTA|DE(50Hertz)","KW Jänschwalde Block D","11WD8JAEN1L---D7","Fossil Brown coal/Lignite","11WD8JAEN1L---D7","14/04/2026 15:00 - 14/04/2026 16:00","0.00",""
"14/04/2026 00:00 - 15/04/2026 00:00","CTA|DE(50Hertz)","KW Jänschwalde Block D","11WD8JAEN1L---D7","Fossil Brown coal/Lignite","11WD8JAEN1L---D7","14/04/2026 16:00 - 14/04/2026 17:00","0.00",""
"14/04/2026 00:00 - 15/04/2026 00:00","CTA|DE(50Hertz)","KW Jänschwalde Block D","11WD8JAEN1L---D7","Fossil Brown coal/Lignite","11WD8JAEN1L---D7","14/04/2026 17:00 - 14/04/2026 18:00","0.00",""
"14/04/2026 00:00 - 15/04/2026 00:00","CTA|DE(50Hertz)","KW Jänschwalde Block D","11WD8JAEN1L---D7","Fossil Brown coal/Lignite","11WD8JAEN1L---D7","14/04/2026 18:00 - 14/04/2026 19:00","0.00",""
"14/04/2026 00:00 - 15/04/2026 00:00","CTA|DE(50Hertz)","KW Jänschwalde Block D","11WD8JAEN1L---D7","Fossil Brown coal/Lignite","11WD8JAEN1L---D7","14/04/2026 19:00 - 14/04/2026 20:00","0.00",""
"14/04/2026 00:00 - 15/04/2026 00:00","CTA|DE(50Hertz)","KW Jänschwalde Block D","11WD8JAEN1L---D7","Fossil Brown coal/Lignite","11WD8JAEN1L---D7","14/04/2026 20:00 - 14/04/2026 21:00","0.00",""
"14/04/2026 00:00 - 15/04/2026 00:00","CTA|DE(50Hertz)","KW Jänschwalde Block D","11WD8JAEN1L---D7","Fossil Brown coal/Lignite","11WD8JAEN1L---D7","14/04/2026 21:00 - 14/04/2026 22:00","0.00",""
"14/04/2026 00:00 - 15/04/2026 00:00","CTA|DE(50Hertz)","KW Jänschwalde Block D","11WD8JAEN1L---D7","Fossil Brown coal/Lignite","11WD8JAEN1L---D7","14/04/2026 22:00 - 14/04/2026 23:00","0.00",""
"14/04/2026 00:00 - 15/04/2026 00:00","CTA|DE(50Hertz)","KW Jänschwalde Block D","11WD8JAEN1L---D7","Fossil Brown coal/Lignite","11WD8JAEN1L---D7","14/04/2026 23:00 - 15/04/2026 00:00","0.00",""
"14/04/2026 00:00 - 15/04/2026 00:00","CTA|DE(50Hertz)","HKW Klingenberg 1-3","11WD8KLIN5G--13E","Fossil Gas","11WD8KLIN5G--13E","14/04/2026 00:00 - 14/04/2026 01:00","46.00",""
"14/04/2026 00:00 - 15/04/2026 00:00","CTA|DE(50Hertz)","HKW Klingenberg 1-3","11WD8KLIN5G--13E","Fossil Gas","11WD8KLIN5G--13E","14/04/2026 01:00 - 14/04/2026 02:00","46.00",""
"14/04/2026 00:00 - 15/04/2026 00:00","CTA|DE(50Hertz)","HKW Klingenberg 1-3","11WD8KLIN5G--13E","Fossil Gas","11WD8KLIN5G--13E","14/04/2026 02:00 - 14/04/2026 03:00","46.00",""
"14/04/2026 00:00 - 15/04/2026 00:00","CTA|DE(50Hertz)","HKW Klingenberg 1-3","11WD8KLIN5G--13E","Fossil Gas","11WD8KLIN5G--13E","14/04/2026 03:00 - 14/04/2026 04:00","45.75",""
"14/04/2026 00:00 - 15/04/2026 00:00","CTA|DE(50Hertz)","HKW Klingenberg 1-3","11WD8KLIN5G--13E","Fossil Gas","11WD8KLIN5G--13E","14/04/2026 04:00 - 14/04/2026 05:00","46.00",""
"14/04/2026 00:00 - 15/04/2026 00:00","CTA|DE(50Hertz)","HKW Klingenberg 1-3","11WD8KLIN5G--13E","Fossil Gas","11WD8KLIN5G--13E","14/04/2026 05:00 - 14/04/2026 06:00","45.75",""
"14/04/2026 00:00 - 15/04/2026 00:00","CTA|DE(50Hertz)","HKW Klingenberg 1-3","11WD8KLIN5G--13E","Fossil Gas","11WD8KLIN5G--13E","14/04/2026 06:00 - 14/04/2026 07:00","45.75",""
"14/04/2026 00:00 - 15/04/2026 00:00","CTA|DE(50Hertz)","HKW Klingenberg 1-3","11WD8KLIN5G--13E","Fossil Gas","11WD8KLIN5G--13E","14/04/2026 07:00 - 14/04/2026 08:00","46.00",""
"14/04/2026 00:00 - 15/04/2026 00:00","CTA|DE(50Hertz)","HKW Klingenberg 1-3","11WD8KLIN5G--13E","Fossil Gas","11WD8KLIN5G--13E","14/04/2026 08:00 - 14/04/2026 09:00","45.50",""
"14/04/2026 00:00 - 15/04/2026 00:00","CTA|DE(50Hertz)","HKW Klingenberg 1-3","11WD8KLIN5G--13E","Fossil Gas","11WD8KLIN5G--13E","14/04/2026 09:00 - 14/04/2026 10:00","45.00",""
"14/04/2026 00:00 - 15/04/2026 00:00","CTA|DE(50Hertz)","HKW Klingenberg 1-3","11WD8KLIN5G--13E","Fossil Gas","11WD8KLIN5G--13E","14/04/2026 10:00 - 14/04/2026 11:00","45.25",""
"14/04/2026 00:00 - 15/04/2026 00:00","CTA|DE(50Hertz)","HKW Klingenberg 1-3","11WD8KLIN5G--13E","Fossil Gas","11WD8KLIN5G--13E","14/04/2026 11:00 - 14/04/2026 12:00","45.25",""
"14/04/2026 00:00 - 15/04/2026 00:00","CTA|DE(50Hertz)","HKW Klingenberg 1-3","11WD8KLIN5G--13E","Fossil Gas","11WD8KLIN5G--13E","14/04/2026 12:00 - 14/04/2026 13:00","41.75",""
"14/04/2026 00:00 - 15/04/2026 00:00","CTA|DE(50Hertz)","HKW Klingenberg 1-3","11WD8KLIN5G--13E","Fossil Gas","11WD8KLIN5G--13E","14/04/2026 13:00 - 14/04/2026 14:00","41.25",""
"14/04/2026 00:00 - 15/04/2026 00:00","CTA|DE(50Hertz)","HKW Klingenberg 1-3","11WD8KLIN5G--13E","Fossil Gas","11WD8KLIN5G--13E","14/04/2026 14:00 - 14/04/2026 15:00","37.25",""
"14/04/2026 00:00 - 15/04/2026 00:00","CTA|DE(50Hertz)","HKW Klingenberg 1-3","11WD8KLIN5G--13E","Fossil Gas","11WD8KLIN5G--13E","14/04/2026 15:00 - 14/04/2026 16:00","36.50",""
"14/04/2026 00:00 - 15/04/2026 00:00","CTA|DE(50Hertz)","HKW Klingenberg 1-3","11WD8KLIN5G--13E","Fossil Gas","11WD8KLIN5G--13E","14/04/2026 16:00 - 14/04/2026 17:00","43.25",""
"14/04/2026 00:00 - 15/04/2026 00:00","CTA|DE(50Hertz)","HKW Klingenberg 1-3","11WD8KLIN5G--13E","Fossil Gas","11WD8KLIN5G--13E","14/04/2026 17:00 - 14/04/2026 18:00","43.50",""
"14/04/2026 00:00 - 15/04/2026 00:00","CTA|DE(50Hertz)","HKW Klingenberg 1-3","11WD8KLIN5G--13E","Fossil Gas","11WD8KLIN5G--13E","14/04/2026 18:00 - 14/04/2026 19:00","43.25",""
"14/04/2026 00:00 - 15/04/2026 00:00","CTA|DE(50Hertz)","HKW Klingenberg 1-3","11WD8KLIN5G--13E","Fossil Gas","11WD8KLIN5G--13E","14/04/2026 19:00 - 14/04/2026 20:00","44.00",""
"14/04/2026 00:00 - 15/04/2026 00:00","CTA|DE(50Hertz)","HKW Klingenberg 1-3","11WD8KLIN5G--13E","Fossil Gas","11WD8KLIN5G--13E","14/04/2026 20:00 - 14/04/2026 21:00","44.00",""
"14/04/2026 00:00 - 15/04/2026 00:00","CTA|DE(50Hertz)","HKW Klingenberg 1-3","11WD8KLIN5G--13E","Fossil Gas","11WD8KLIN5G--13E","14/04/2026 21:00 - 14/04/2026 22:00","44.00",""
"14/04/2026 00:00 - 15/04/2026 00:00","CTA|DE(50Hertz)","HKW Klingenberg 1-3","11WD8KLIN5G--13E","Fossil Gas","11WD8KLIN5G--13E","14/04/2026 22:00 - 14/04/2026 23:00","44.00",""
"14/04/2026 00:00 - 15/04/2026 00:00","CTA|DE(50Hertz)","HKW Klingenberg 1-3","11WD8KLIN5G--13E","Fossil Gas","11WD8KLIN5G--13E","14/04/2026 23:00 - 15/04/2026 00:00","44.00",""
"14/04/2026 00:00 - 15/04/2026 00:00","CTA|DE(50Hertz)","HKW Nord GuD Nord","11WD8LEIP5X----6","Fossil Gas","11WD8LEIP5X----6","14/04/2026 00:00 - 14/04/2026 01:00","62.40",""
"14/04/2026 00:00 - 15/04/2026 00:00","CTA|DE(50Hertz)","HKW Nord GuD Nord","11WD8LEIP5X----6","Fossil Gas","11WD8LEIP5X----6","14/04/2026 01:00 - 14/04/2026 02:00","52.05",""
"14/04/2026 00:00 - 15/04/2026 00:00","CTA|DE(50Hertz)","HKW Nord GuD Nord","11WD8LEIP5X----6","Fossil Gas","11WD8LEIP5X----6","14/04/2026 02:00 - 14/04/2026 03:00","72.53",""
"14/04/2026 00:00 - 15/04/2026 00:00","CTA|DE(50Hertz)","HKW Nord GuD Nord","11WD8LEIP5X----6","Fossil Gas","11WD8LEIP5X----6","14/04/2026 03:00 - 14/04/2026 04:00","58.83",""
"14/04/2026 00:00 - 15/04/2026 00:00","CTA|DE(50Hertz)","HKW Nord GuD Nord","11WD8LEIP5X----6","Fossil Gas","11WD8LEIP5X----6","14/04/2026 04:00 - 14/04/2026 05:00","41.92",""
"14/04/2026 00:00 - 15/04/2026 00:00","CTA|DE(50Hertz)","HKW Nord GuD Nord","11WD8LEIP5X----6","Fossil Gas","11WD8LEIP5X----6","14/04/2026 05:00 - 14/04/2026 06:00","71.28",""
"14/04/2026 00:00 - 15/04/2026 00:00","CTA|DE(50Hertz)","HKW Nord GuD Nord","11WD8LEIP5X----6","Fossil Gas","11WD8LEIP5X----6","14/04/2026 06:00 - 14/04/2026 07:00","79.55",""
"14/04/2026 00:00 - 15/04/2026 00:00","CTA|DE(50Hertz)","HKW Nord GuD Nord","11WD8LEIP5X----6","Fossil Gas","11WD8LEIP5X----6","14/04/2026 07:00 - 14/04/2026 08:00","81.55",""
"14/04/2026 00:00 - 15/04/2026 00:00","CTA|DE(50Hertz)","HKW Nord GuD Nord","11WD8LEIP5X----6","Fossil Gas","11WD8LEIP5X----6","14/04/2026 08:00 - 14/04/2026 09:00","81.40",""
"14/04/2026 00:00 - 15/04/2026 00:00","CTA|DE(50Hertz)","HKW Nord GuD Nord","11WD8LEIP5X----6","Fossil Gas","11WD8LEIP5X----6","14/04/2026 09:00 - 14/04/2026 10:00","79.58",""
"14/04/2026 00:00 - 15/04/2026 00:00","CTA|DE(50Hertz)","HKW Nord GuD Nord","11WD8LEIP5X----6","Fossil Gas","11WD8LEIP5X----6","14/04/2026 10:00 - 14/04/2026 11:00","75.30",""
"14/04/2026 00:00 - 15/04/2026 00:00","CTA|DE(50Hertz)","HKW Nord GuD Nord","11WD8LEIP5X----6","Fossil Gas","11WD8LEIP5X----6","14/04/2026 11:00 - 14/04/2026 12:00","74.30",""
"14/04/2026 00:00 - 15/04/2026 00:00","CTA|DE(50Hertz)","HKW Nord GuD Nord","11WD8LEIP5X----6","Fossil Gas","11WD8LEIP5X----6","14/04/2026 12:00 - 14/04/2026 13:00","34.48",""
"14/04/2026 00:00 - 15/04/2026 00:00","CTA|DE(50Hertz)","HKW Nord GuD Nord","11WD8LEIP5X----6","Fossil Gas","11WD8LEIP5X----6","14/04/2026 13:00 - 14/04/2026 14:00","20.38",""
"14/04/2026 00:00 - 15/04/2026 00:00","CTA|DE(50Hertz)","HKW Nord GuD Nord","11WD8LEIP5X----6","Fossil Gas","11WD8LEIP5X----6","14/04/2026 14:00 - 14/04/2026 15:00","20.40",""
"14/04/2026 00:00 - 15/04/2026 00:00","CTA|DE(50Hertz)","HKW Nord GuD Nord","11WD8LEIP5X----6","Fossil Gas","11WD8LEIP5X----6","14/04/2026 15:00 - 14/04/2026 16:00","20.52",""
"14/04/2026 00:00 - 15/04/2026 00:00","CTA|DE(50Hertz)","HKW Nord GuD Nord","11WD8LEIP5X----6","Fossil Gas","11WD8LEIP5X----6","14/04/2026 16:00 - 14/04/2026 17:00","40.10",""
"14/04/2026 00:00 - 15/04/2026 00:00","CTA|DE(50Hertz)","HKW Nord GuD Nord","11WD8LEIP5X----6","Fossil Gas","11WD8LEIP5X----6","14/04/2026 17:00 - 14/04/2026 18:00","75.45",""
"14/04/2026 00:00 - 15/04/2026 00:00","CTA|DE(50Hertz)","HKW Nord GuD Nord","11WD8LEIP5X----6","Fossil Gas","11WD8LEIP5X----6","14/04/2026 18:00 - 14/04/2026 19:00","81.15",""
"14/04/2026 00:00 - 15/04/2026 00:00","CTA|DE(50Hertz)","HKW Nord GuD Nord","11WD8LEIP5X----6","Fossil Gas","11WD8LEIP5X----6","14/04/2026 19:00 - 14/04/2026 20:00","83.53",""
"14/04/2026 00:00 - 15/04/2026 00:00","CTA|DE(50Hertz)","HKW Nord GuD Nord","11WD8LEIP5X----6","Fossil Gas","11WD8LEIP5X----6","14/04/2026 20:00 - 14/04/2026 21:00","83.55",""
"14/04/2026 00:00 - 15/04/2026 00:00","CTA|DE(50Hertz)","HKW Nord GuD Nord","11WD8LEIP5X----6","Fossil Gas","11WD8LEIP5X----6","14/04/2026 21:00 - 14/04/2026 22:00","82.95",""
"14/04/2026 00:00 - 15/04/2026 00:00","CTA|DE(50Hertz)","HKW Nord GuD Nord","11WD8LEIP5X----6","Fossil Gas","11WD8LEIP5X----6","14/04/2026 22:00 - 14/04/2026 23:00","80.90",""
"14/04/2026 00:00 - 15/04/2026 00:00","CTA|DE(50Hertz)","HKW Nord GuD Nord","11WD8LEIP5X----6","Fossil Gas","11WD8LEIP5X----6","14/04/2026 23:00 - 15/04/2026 00:00","73.47",""
"14/04/2026 00:00 - 15/04/2026 00:00","CTA|DE(50Hertz)","KW Lippendorf Block R","11WD8LIPD1L---R6","Fossil Brown coal/Lignite","11WD8LIPD1L---R6","14/04/2026 00:00 - 14/04/2026 01:00","0.00",""
"14/04/2026 00:00 - 15/04/2026 00:00","CTA|DE(50Hertz)","KW Lippendorf Block R","11WD8LIPD1L---R6","Fossil Brown coal/Lignite","11WD8LIPD1L---R6","14/04/2026 01:00 - 14/04/2026 02:00","0.00",""
"14/04/2026 00:00 - 15/04/2026 00:00","CTA|DE(50Hertz)","KW Lippendorf Block R","11WD8LIPD1L---R6","Fossil Brown coal/Lignite","11WD8LIPD1L---R6","14/04/2026 02:00 - 14/04/2026 03:00","0.00",""
"14/04/2026 00:00 - 15/04/2026 00:00","CTA|DE(50Hertz)","KW Lippendorf Block R","11WD8LIPD1L---R6","Fossil Brown coal/Lignite","11WD8LIPD1L---R6","14/04/2026 03:00 - 14/04/2026 04:00","215.50",""
"14/04/2026 00:00 - 15/04/2026 00:00","CTA|DE(50Hertz)","KW Lippendorf Block R","11WD8LIPD1L---R6","Fossil Brown coal/Lignite","11WD8LIPD1L---R6","14/04/2026 04:00 - 14/04/2026 05:00","441.25",""
"14/04/2026 00:00 - 15/04/2026 00:00","CTA|DE(50Hertz)","KW Lippendorf Block R","11WD8LIPD1L---R6","Fossil Brown coal/Lignite","11WD8LIPD1L---R6","14/04/2026 05:00 - 14/04/2026 06:00","438.75",""
"14/04/2026 00:00 - 15/04/2026 00:00","CTA|DE(50Hertz)","KW Lippendorf Block R","11WD8LIPD1L---R6","Fossil Brown coal/Lignite","11WD8LIPD1L---R6","14/04/2026 06:00 - 14/04/2026 07:00","597.50",""
"14/04/2026 00:00 - 15/04/2026 00:00","CTA|DE(50Hertz)","KW Lippendorf Block R","11WD8LIPD1L---R6","Fossil Brown coal/Lignite","11WD8LIPD1L---R6","14/04/2026 07:00 - 14/04/2026 08:00","698.00",""
"14/04/2026 00:00 - 15/04/2026 00:00","CTA|DE(50Hertz)","KW Lippendorf Block R","11WD8LIPD1L---R6","Fossil Brown coal/Lignite","11WD8LIPD1L---R6","14/04/2026 08:00 - 14/04/2026 09:00","799.00",""
"14/04/2026 00:00 - 15/04/2026 00:00","CTA|DE(50Hertz)","KW Lippendorf Block R","11WD8LIPD1L---R6","Fossil Brown coal/Lignite","11WD8LIPD1L---R6","14/04/2026 09:00 - 14/04/2026 10:00","859.75",""
"14/04/2026 00:00 - 15/04/2026 00:00","CTA|DE(50Hertz)","KW Lippendorf Block R","11WD8LIPD1L---R6","Fossil Brown coal/Lignite","11WD8LIPD1L---R6","14/04/2026 10:00 - 14/04/2026 11:00","814.25",""
"14/04/2026 00:00 - 15/04/2026 00:00","CTA|DE(50Hertz)","KW Lippendorf Block R","11WD8LIPD1L---R6","Fossil Brown coal/Lignite","11WD8LIPD1L---R6","14/04/2026 11:00 - 14/04/2026 12:00","440.50",""
"14/04/2026 00:00 - 15/04/2026 00:00","CTA|DE(50Hertz)","KW Lippendorf Block R","11WD8LIPD1L---R6","Fossil Brown coal/Lignite","11WD8LIPD1L---R6","14/04/2026 12:00 - 14/04/2026 13:00","292.75",""
"14/04/2026 00:00 - 15/04/2026 00:00","CTA|DE(50Hertz)","KW Lippendorf Block R","11WD8LIPD1L---R6","Fossil Brown coal/Lignite","11WD8LIPD1L---R6","14/04/2026 13:00 - 14/04/2026 14:00","289.25",""
"14/04/2026 00:00 - 15/04/2026 00:00","CTA|DE(50Hertz)","KW Lippendorf Block R","11WD8LIPD1L---R6","Fossil Brown coal/Lignite","11WD8LIPD1L---R6","14/04/2026 14:00 - 14/04/2026 15:00","318.00",""
"14/04/2026 00:00 - 15/04/2026 00:00","CTA|DE(50Hertz)","KW Lippendorf Block R","11WD8LIPD1L---R6","Fossil Brown coal/Lignite","11WD8LIPD1L---R6","14/04/2026 15:00 - 14/04/2026 16:00","444.75",""
"14/04/2026 00:00 - 15/04/2026 00:00","CTA|DE(50Hertz)","KW Lippendorf Block R","11WD8LIPD1L---R6","Fossil Brown coal/Lignite","11WD8LIPD1L---R6","14/04/2026 16:00 - 14/04/2026 17:00","800.00",""
"14/04/2026 00:00 - 15/04/2026 00:00","CTA|DE(50Hertz)","KW Lippendorf Block R","11WD8LIPD1L---R6","Fossil Brown coal/Lignite","11WD8LIPD1L---R6","14/04/2026 17:00 - 14/04/2026 18:00","868.50",""
"14/04/2026 00:00 - 15/04/2026 00:00","CTA|DE(50Hertz)","KW Lippendorf Block R","11WD8LIPD1L---R6","Fossil Brown coal/Lignite","11WD8LIPD1L---R6","14/04/2026 18:00 - 14/04/2026 19:00","868.00",""
"14/04/2026 00:00 - 15/04/2026 00:00","CTA|DE(50Hertz)","KW Lippendorf Block R","11WD8LIPD1L---R6","Fossil Brown coal/Lignite","11WD8LIPD1L---R6","14/04/2026 19:00 - 14/04/2026 20:00","867.75",""
"14/04/2026 00:00 - 15/04/2026 00:00","CTA|DE(50Hertz)","KW Lippendorf Block R","11WD8LIPD1L---R6","Fossil Brown coal/Lignite","11WD8LIPD1L---R6","14/04/2026 20:00 - 14/04/2026 21:00","868.75",""
"14/04/2026 00:00 - 15/04/2026 00:00","CTA|DE(50Hertz)","KW Lippendorf Block R","11WD8LIPD1L---R6","Fossil Brown coal/Lignite","11WD8LIPD1L---R6","14/04/2026 21:00 - 14/04/2026 22:00","865.00",""
"14/04/2026 00:00 - 15/04/2026 00:00","CTA|DE(50Hertz)","KW Lippendorf Block R","11WD8LIPD1L---R6","Fossil Brown coal/Lignite","11WD8LIPD1L---R6","14/04/2026 22:00 - 14/04/2026 23:00","763.50",""
"14/04/2026 00:00 - 15/04/2026 00:00","CTA|DE(50Hertz)","KW Lippendorf Block R","11WD8LIPD1L---R6","Fossil Brown coal/Lignite","11WD8LIPD1L---R6","14/04/2026 23:00 - 15/04/2026 00:00","862.25",""
"14/04/2026 00:00 - 15/04/2026 00:00","CTA|DE(50Hertz)","KW Lippendorf Block S","11WD8LIPD1L---S4","Fossil Brown coal/Lignite","11WD8LIPD1L---S4","14/04/2026 00:00 - 14/04/2026 01:00","596.00",""
"14/04/2026 00:00 - 15/04/2026 00:00","CTA|DE(50Hertz)","KW Lippendorf Block S","11WD8LIPD1L---S4","Fossil Brown coal/Lignite","11WD8LIPD1L---S4","14/04/2026 01:00 - 14/04/2026 02:00","850.25",""
"14/04/2026 00:00 - 15/04/2026 00:00","CTA|DE(50Hertz)","KW Lippendorf Block S","11WD8LIPD1L---S4","Fossil Brown coal/Lignite","11WD8LIPD1L---S4","14/04/2026 02:00 - 14/04/2026 03:00","858.50",""
"14/04/2026 00:00 - 15/04/2026 00:00","CTA|DE(50Hertz)","KW Lippendorf Block S","11WD8LIPD1L---S4","Fossil Brown coal/Lignite","11WD8LIPD1L---S4","14/04/2026 03:00 - 14/04/2026 04:00","801.25",""
"14/04/2026 00:00 - 15/04/2026 00:00","CTA|DE(50Hertz)","KW Lippendorf Block S","11WD8LIPD1L---S4","Fossil Brown coal/Lignite","11WD8LIPD1L---S4","14/04/2026 04:00 - 14/04/2026 05:00","812.50",""
"14/04/2026 00:00 - 15/04/2026 00:00","CTA|DE(50Hertz)","KW Lippendorf Block S","11WD8LIPD1L---S4","Fossil Brown coal/Lignite","11WD8LIPD1L---S4","14/04/2026 05:00 - 14/04/2026 06:00","853.25",""
"14/04/2026 00:00 - 15/04/2026 00:00","CTA|DE(50Hertz)","KW Lippendorf Block S","11WD8LIPD1L---S4","Fossil Brown coal/Lignite","11WD8LIPD1L---S4","14/04/2026 06:00 - 14/04/2026 07:00","857.25",""
"14/04/2026 00:00 - 15/04/2026 00:00","CTA|DE(50Hertz)","KW Lippendorf Block S","11WD8LIPD1L---S4","Fossil Brown coal/Lignite","11WD8LIPD1L---S4","14/04/2026 07:00 - 14/04/2026 08:00","854.75",""
"14/04/2026 00:00 - 15/04/2026 00:00","CTA|DE(50Hertz)","KW Lippendorf Block S","11WD8LIPD1L---S4","Fossil Brown coal/Lignite","11WD8LIPD1L---S4","14/04/2026 08:00 - 14/04/2026 09:00","856.00",""
"14/04/2026 00:00 - 15/04/2026 00:00","CTA|DE(50Hertz)","KW Lippendorf Block S","11WD8LIPD1L---S4","Fossil Brown coal/Lignite","11WD8LIPD1L---S4","14/04/2026 09:00 - 14/04/2026 10:00","856.25",""
"14/04/2026 00:00 - 15/04/2026 00:00","CTA|DE(50Hertz)","KW Lippendorf Block S","11WD8LIPD1L---S4","Fossil Brown coal/Lignite","11WD8LIPD1L---S4","14/04/2026 10:00 - 14/04/2026 11:00","810.00",""
"14/04/2026 00:00 - 15/04/2026 00:00","CTA|DE(50Hertz)","KW Lippendorf Block S","11WD8LIPD1L---S4","Fossil Brown coal/Lignite","11WD8LIPD1L---S4","14/04/2026 11:00 - 14/04/2026 12:00","431.00",""
"14/04/2026 00:00 - 15/04/2026 00:00","CTA|DE(50Hertz)","KW Lippendorf Block S","11WD8LIPD1L---S4","Fossil Brown coal/Lignite","11WD8LIPD1L---S4","14/04/2026 12:00 - 14/04/2026 13:00","295.25",""
"14/04/2026 00:00 - 15/04/2026 00:00","CTA|DE(50Hertz)","KW Lippendorf Block S","11WD8LIPD1L---S4","Fossil Brown coal/Lignite","11WD8LIPD1L---S4","14/04/2026 13:00 - 14/04/2026 14:00","279.00",""
"14/04/2026 00:00 - 15/04/2026 00:00","CTA|DE(50Hertz)","KW Lippendorf Block S","11WD8LIPD1L---S4","Fossil Brown coal/Lignite","11WD8LIPD1L---S4","14/04/2026 14:00 - 14/04/2026 15:00","304.00",""
"14/04/2026 00:00 - 15/04/2026 00:00","CTA|DE(50Hertz)","KW Lippendorf Block S","11WD8LIPD1L---S4","Fossil Brown coal/Lignite","11WD8LIPD1L---S4","14/04/2026 15:00 - 14/04/2026 16:00","444.75",""
"14/04/2026 00:00 - 15/04/2026 00:00","CTA|DE(50Hertz)","KW Lippendorf Block S","11WD8LIPD1L---S4","Fossil Brown coal/Lignite","11WD8LIPD1L---S4","14/04/2026 16:00 - 14/04/2026 17:00","775.25",""
"14/04/2026 00:00 - 15/04/2026 00:00","CTA|DE(50Hertz)","KW Lippendorf Block S","11WD8LIPD1L---S4","Fossil Brown coal/Lignite","11WD8LIPD1L---S4","14/04/2026 17:00 - 14/04/2026 18:00","211.75",""
"14/04/2026 00:00 - 15/04/2026 00:00","CTA|DE(50Hertz)","KW Lippendorf Block S","11WD8LIPD1L---S4","Fossil Brown coal/Lignite","11WD8LIPD1L---S4","14/04/2026 18:00 - 14/04/2026 19:00","0.00",""
"14/04/2026 00:00 - 15/04/2026 00:00","CTA|DE(50Hertz)","KW Lippendorf Block S","11WD8LIPD1L---S4","Fossil Brown coal/Lignite","11WD8LIPD1L---S4","14/04/2026 19:00 - 14/04/2026 20:00","0.00",""
"14/04/2026 00:00 - 15/04/2026 00:00","CTA|DE(50Hertz)","KW Lippendorf Block S","11WD8LIPD1L---S4","Fossil Brown coal/Lignite","11WD8LIPD1L---S4","14/04/2026 20:00 - 14/04/2026 21:00","0.00",""
"14/04/2026 00:00 - 15/04/2026 00:00","CTA|DE(50Hertz)","KW Lippendorf Block S","11WD8LIPD1L---S4","Fossil Brown coal/Lignite","11WD8LIPD1L---S4","14/04/2026 21:00 - 14/04/2026 22:00","10.50",""
"14/04/2026 00:00 - 15/04/2026 00:00","CTA|DE(50Hertz)","KW Lippendorf Block S","11WD8LIPD1L---S4","Fossil Brown coal/Lignite","11WD8LIPD1L---S4","14/04/2026 22:00 - 14/04/2026 23:00","417.00",""
"14/04/2026 00:00 - 15/04/2026 00:00","CTA|DE(50Hertz)","KW Lippendorf Block S","11WD8LIPD1L---S4","Fossil Brown coal/Lignite","11WD8LIPD1L---S4","14/04/2026 23:00 - 15/04/2026 00:00","435.25",""
"14/04/2026 00:00 - 15/04/2026 00:00","CTA|DE(50Hertz)","PSW Markersbach PSS A","11WD8MARK1H---AM","Hydro Pumped Storage","11WD8MARK1H---AM","14/04/2026 00:00 - 14/04/2026 01:00","0.00",""
"14/04/2026 00:00 - 15/04/2026 00:00","CTA|DE(50Hertz)","PSW Markersbach PSS A","11WD8MARK1H---AM","Hydro Pumped Storage","11WD8MARK1H---AM","14/04/2026 01:00 - 14/04/2026 02:00","0.00",""
"14/04/2026 00:00 - 15/04/2026 00:00","CTA|DE(50Hertz)","PSW Markersbach PSS A","11WD8MARK1H---AM","Hydro Pumped Storage","11WD8MARK1H---AM","14/04/2026 02:00 - 14/04/2026 03:00","0.00",""
"14/04/2026 00:00 - 15/04/2026 00:00","CTA|DE(50Hertz)","PSW Markersbach PSS A","11WD8MARK1H---AM","Hydro Pumped Storage","11WD8MARK1H---AM","14/04/2026 03:00 - 14/04/2026 04:00","0.00",""
"14/04/2026 00:00 - 15/04/2026 00:00","CTA|DE(50Hertz)","PSW Markersbach PSS A","11WD8MARK1H---AM","Hydro Pumped Storage","11WD8MARK1H---AM","14/04/2026 04:00 - 14/04/2026 05:00","0.00",""
"14/04/2026 00:00 - 15/04/2026 00:00","CTA|DE(50Hertz)","PSW Markersbach PSS A","11WD8MARK1H---AM","Hydro Pumped Storage","11WD8MARK1H---AM","14/04/2026 05:00 - 14/04/2026 06:00","0.00",""
"14/04/2026 00:00 - 15/04/2026 00:00","CTA|DE(50Hertz)","PSW Markersbach PSS A","11WD8MARK1H---AM","Hydro Pumped Storage","11WD8MARK1H---AM","14/04/2026 06:00 - 14/04/2026 07:00","0.00",""
"14/04/2026 00:00 - 15/04/2026 00:00","CTA|DE(50Hertz)","PSW Markersbach PSS A","11WD8MARK1H---AM","Hydro Pumped Storage","11WD8MARK1H---AM","14/04/2026 07:00 - 14/04/2026 08:00","9.75",""
"14/04/2026 00:00 - 15/04/2026 00:00","CTA|DE(50Hertz)","PSW Markersbach PSS A","11WD8MARK1H---AM","Hydro Pumped Storage","11WD8MARK1H---AM","14/04/2026 08:00 - 14/04/2026 09:00","119.25",""
"14/04/2026 00:00 - 15/04/2026 00:00","CTA|DE(50Hertz)","PSW Markersbach PSS A","11WD8MARK1H---AM","Hydro Pumped Storage","11WD8MARK1H---AM","14/04/2026 09:00 - 14/04/2026 10:00","38.00",""
"14/04/2026 00:00 - 15/04/2026 00:00","CTA|DE(50Hertz)","PSW Markersbach PSS A","11WD8MARK1H---AM","Hydro Pumped Storage","11WD8MARK1H---AM","14/04/2026 10:00 - 14/04/2026 11:00","0.00",""
"14/04/2026 00:00 - 15/04/2026 00:00","CTA|DE(50Hertz)","PSW Markersbach PSS A","11WD8MARK1H---AM","Hydro Pumped Storage","11WD8MARK1H---AM","14/04/2026 11:00 - 14/04/2026 12:00","12.50",""
"14/04/2026 00:00 - 15/04/2026 00:00","CTA|DE(50Hertz)","PSW Markersbach PSS A","11WD8MARK1H---AM","Hydro Pumped Storage","11WD8MARK1H---AM","14/04/2026 12:00 - 14/04/2026 13:00","0.00",""
"14/04/2026 00:00 - 15/04/2026 00:00","CTA|DE(50Hertz)","PSW Markersbach PSS A","11WD8MARK1H---AM","Hydro Pumped Storage","11WD8MARK1H---AM","14/04/2026 13:00 - 14/04/2026 14:00","0.00",""
"14/04/2026 00:00 - 15/04/2026 00:00","CTA|DE(50Hertz)","PSW Markersbach PSS A","11WD8MARK1H---AM","Hydro Pumped Storage","11WD8MARK1H---AM","14/04/2026 14:00 - 14/04/2026 15:00","0.00",""
"14/04/2026 00:00 - 15/04/2026 00:00","CTA|DE(50Hertz)","PSW Markersbach PSS A","11WD8MARK1H---AM","Hydro Pumped Storage","11WD8MARK1H---AM","14/04/2026 15:00 - 14/04/2026 16:00","0.00",""
"14/04/2026 00:00 - 15/04/2026 00:00","CTA|DE(50Hertz)","PSW Markersbach PSS A","11WD8MARK1H---AM","Hydro Pumped Storage","11WD8MARK1H---AM","14/04/2026 16:00 - 14/04/2026 17:00","0.00",""
"14/04/2026 00:00 - 15/04/2026 00:00","CTA|DE(50Hertz)","PSW Markersbach PSS A","11WD8MARK1H---AM","Hydro Pumped Storage","11WD8MARK1H---AM","14/04/2026 17:00 - 14/04/2026 18:00","76.00",""
"14/04/2026 00:00 - 15/04/2026 00:00","CTA|DE(50Hertz)","PSW Markersbach PSS A","11WD8MARK1H---AM","Hydro Pumped Storage","11WD8MARK1H---AM","14/04/2026 18:00 - 14/04/2026 19:00","162.00",""
"14/04/2026 00:00 - 15/04/2026 00:00","CTA|DE(50Hertz)","PSW Markersbach PSS A","11WD8MARK1H---AM","Hydro Pumped Storage","11WD8MARK1H---AM","14/04/2026 19:00 - 14/04/2026 20:00","167.25",""
"14/04/2026 00:00 - 15/04/2026 00:00","CTA|DE(50Hertz)","PSW Markersbach PSS A","11WD8MARK1H---AM","Hydro Pumped Storage","11WD8MARK1H---AM","14/04/2026 20:00 - 14/04/2026 21:00","163.00",""
"14/04/2026 00:00 - 15/04/2026 00:00","CTA|DE(50Hertz)","PSW Markersbach PSS A","11WD8MARK1H---AM","Hydro Pumped Storage","11WD8MARK1H---AM","14/04/2026 21:00 - 14/04/2026 22:00","159.50",""
"14/04/2026 00:00 - 15/04/2026 00:00","CTA|DE(50Hertz)","PSW Markersbach PSS A","11WD8MARK1H---AM","Hydro Pumped Storage","11WD8MARK1H---AM","14/04/2026 22:00 - 14/04/2026 23:00","117.25",""
"14/04/2026 00:00 - 15/04/2026 00:00","CTA|DE(50Hertz)","PSW Markersbach PSS A","11WD8MARK1H---AM","Hydro Pumped Storage","11WD8MARK1H---AM","14/04/2026 23:00 - 15/04/2026 00:00","0.00",""
"14/04/2026 00:00 - 15/04/2026 00:00","CTA|DE(50Hertz)","PSW Markersbach PSS B","11WD8MARK1H---BK","Hydro Pumped Storage","11WD8MARK1H---BK","14/04/2026 00:00 - 14/04/2026 01:00","0.00",""
"14/04/2026 00:00 - 15/04/2026 00:00","CTA|DE(50Hertz)","PSW Markersbach PSS B","11WD8MARK1H---BK","Hydro Pumped Storage","11WD8MARK1H---BK","14/04/2026 01:00 - 14/04/2026 02:00","0.00",""
"14/04/2026 00:00 - 15/04/2026 00:00","CTA|DE(50Hertz)","PSW Markersbach PSS B","11WD8MARK1H---BK","Hydro Pumped Storage","11WD8MARK1H---BK","14/04/2026 02:00 - 14/04/2026 03:00","0.00",""
"14/04/2026 00:00 - 15/04/2026 00:00","CTA|DE(50Hertz)","PSW Markersbach PSS B","11WD8MARK1H---BK","Hydro Pumped Storage","11WD8MARK1H---BK","14/04/2026 03:00 - 14/04/2026 04:00","0.00",""
"14/04/2026 00:00 - 15/04/2026 00:00","CTA|DE(50Hertz)","PSW Markersbach PSS B","11WD8MARK1H---BK","Hydro Pumped Storage","11WD8MARK1H---BK","14/04/2026 04:00 - 14/04/2026 05:00","0.00",""
"14/04/2026 00:00 - 15/04/2026 00:00","CTA|DE(50Hertz)","PSW Markersbach PSS B","11WD8MARK1H---BK","Hydro Pumped Storage","11WD8MARK1H---BK","14/04/2026 05:00 - 14/04/2026 06:00","0.00",""
"14/04/2026 00:00 - 15/04/2026 00:00","CTA|DE(50Hertz)","PSW Markersbach PSS B","11WD8MARK1H---BK","Hydro Pumped Storage","11WD8MARK1H---BK","14/04/2026 06:00 - 14/04/2026 07:00","0.00",""
"14/04/2026 00:00 - 15/04/2026 00:00","CTA|DE(50Hertz)","PSW Markersbach PSS B","11WD8MARK1H---BK","Hydro Pumped Storage","11WD8MARK1H---BK","14/04/2026 07:00 - 14/04/2026 08:00","0.00",""
"14/04/2026 00:00 - 15/04/2026 00:00","CTA|DE(50Hertz)","PSW Markersbach PSS B","11WD8MARK1H---BK","Hydro Pumped Storage","11WD8MARK1H---BK","14/04/2026 08:00 - 14/04/2026 09:00","0.00",""
"14/04/2026 00:00 - 15/04/2026 00:00","CTA|DE(50Hertz)","PSW Markersbach PSS B","11WD8MARK1H---BK","Hydro Pumped Storage","11WD8MARK1H---BK","14/04/2026 09:00 - 14/04/2026 10:00","0.00",""
"14/04/2026 00:00 - 15/04/2026 00:00","CTA|DE(50Hertz)","PSW Markersbach PSS B","11WD8MARK1H---BK","Hydro Pumped Storage","11WD8MARK1H---BK","14/04/2026 10:00 - 14/04/2026 11:00","0.00",""
"14/04/2026 00:00 - 15/04/2026 00:00","CTA|DE(50Hertz)","PSW Markersbach PSS B","11WD8MARK1H---BK","Hydro Pumped Storage","11WD8MARK1H---BK","14/04/2026 11:00 - 14/04/2026 12:00","0.00",""
"14/04/2026 00:00 - 15/04/2026 00:00","CTA|DE(50Hertz)","PSW Markersbach PSS B","11WD8MARK1H---BK","Hydro Pumped Storage","11WD8MARK1H---BK","14/04/2026 12:00 - 14/04/2026 13:00","0.00",""
"14/04/2026 00:00 - 15/04/2026 00:00","CTA|DE(50Hertz)","PSW Markersbach PSS B","11WD8MARK1H---BK","Hydro Pumped Storage","11WD8MARK1H---BK","14/04/2026 13:00 - 14/04/2026 14:00","0.00",""
"14/04/2026 00:00 - 15/04/2026 00:00","CTA|DE(50Hertz)","PSW Markersbach PSS B","11WD8MARK1H---BK","Hydro Pumped Storage","11WD8MARK1H---BK","14/04/2026 14:00 - 14/04/2026 15:00","0.00",""
"14/04/2026 00:00 - 15/04/2026 00:00","CTA|DE(50Hertz)","PSW Markersbach PSS B","11WD8MARK1H---BK","Hydro Pumped Storage","11WD8MARK1H---BK","14/04/2026 15:00 - 14/04/2026 16:00","0.00",""
"14/04/2026 00:00 - 15/04/2026 00:00","CTA|DE(50Hertz)","PSW Markersbach PSS B","11WD8MARK1H---BK","Hydro Pumped Storage","11WD8MARK1H---BK","14/04/2026 16:00 - 14/04/2026 17:00","0.00",""
"14/04/2026 00:00 - 15/04/2026 00:00","CTA|DE(50Hertz)","PSW Markersbach PSS B","11WD8MARK1H---BK","Hydro Pumped Storage","11WD8MARK1H---BK","14/04/2026 17:00 - 14/04/2026 18:00","0.00",""
"14/04/2026 00:00 - 15/04/2026 00:00","CTA|DE(50Hertz)","PSW Markersbach PSS B","11WD8MARK1H---BK","Hydro Pumped Storage","11WD8MARK1H---BK","14/04/2026 18:00 - 14/04/2026 19:00","0.00",""
"14/04/2026 00:00 - 15/04/2026 00:00","CTA|DE(50Hertz)","PSW Markersbach PSS B","11WD8MARK1H---BK","Hydro Pumped Storage","11WD8MARK1H---BK","14/04/2026 19:00 - 14/04/2026 20:00","0.00",""
"14/04/2026 00:00 - 15/04/2026 00:00","CTA|DE(50Hertz)","PSW Markersbach PSS B","11WD8MARK1H---BK","Hydro Pumped Storage","11WD8MARK1H---BK","14/04/2026 20:00 - 14/04/2026 21:00","0.00",""
"14/04/2026 00:00 - 15/04/2026 00:00","CTA|DE(50Hertz)","PSW Markersbach PSS B","11WD8MARK1H---BK","Hydro Pumped Storage","11WD8MARK1H---BK","14/04/2026 21:00 - 14/04/2026 22:00","0.00",""
"14/04/2026 00:00 - 15/04/2026 00:00","CTA|DE(50Hertz)","PSW Markersbach PSS B","11WD8MARK1H---BK","Hydro Pumped Storage","11WD8MARK1H---BK","14/04/2026 22:00 - 14/04/2026 23:00","0.00",""
"14/04/2026 00:00 - 15/04/2026 00:00","CTA|DE(50Hertz)","PSW Markersbach PSS B","11WD8MARK1H---BK","Hydro Pumped Storage","11WD8MARK1H---BK","14/04/2026 23:00 - 15/04/2026 00:00","0.00",""
"14/04/2026 00:00 - 15/04/2026 00:00","CTA|DE(50Hertz)","PSW Markersbach PSS C","11WD8MARK1H---CI","Hydro Pumped Storage","11WD8MARK1H---CI","14/04/2026 00:00 - 14/04/2026 01:00","0.00",""
"14/04/2026 00:00 - 15/04/2026 00:00","CTA|DE(50Hertz)","PSW Markersbach PSS C","11WD8MARK1H---CI","Hydro Pumped Storage","11WD8MARK1H---CI","14/04/2026 01:00 - 14/04/2026 02:00","0.00",""
"14/04/2026 00:00 - 15/04/2026 00:00","CTA|DE(50Hertz)","PSW Markersbach PSS C","11WD8MARK1H---CI","Hydro Pumped Storage","11WD8MARK1H---CI","14/04/2026 02:00 - 14/04/2026 03:00","0.00",""
"14/04/2026 00:00 - 15/04/2026 00:00","CTA|DE(50Hertz)","PSW Markersbach PSS C","11WD8MARK1H---CI","Hydro Pumped Storage","11WD8MARK1H---CI","14/04/2026 03:00 - 14/04/2026 04:00","0.00",""
"14/04/2026 00:00 - 15/04/2026 00:00","CTA|DE(50Hertz)","PSW Markersbach PSS C","11WD8MARK1H---CI","Hydro Pumped Storage","11WD8MARK1H---CI","14/04/2026 04:00 - 14/04/2026 05:00","10.25",""
"14/04/2026 00:00 - 15/04/2026 00:00","CTA|DE(50Hertz)","PSW Markersbach PSS C","11WD8MARK1H---CI","Hydro Pumped Storage","11WD8MARK1H---CI","14/04/2026 05:00 - 14/04/2026 06:00","0.00",""
"14/04/2026 00:00 - 15/04/2026 00:00","CTA|DE(50Hertz)","PSW Markersbach PSS C","11WD8MARK1H---CI","Hydro Pumped Storage","11WD8MARK1H---CI","14/04/2026 06:00 - 14/04/2026 07:00","39.50",""
"14/04/2026 00:00 - 15/04/2026 00:00","CTA|DE(50Hertz)","PSW Markersbach PSS C","11WD8MARK1H---CI","Hydro Pumped Storage","11WD8MARK1H---CI","14/04/2026 07:00 - 14/04/2026 08:00","158.75",""
"14/04/2026 00:00 - 15/04/2026 00:00","CTA|DE(50Hertz)","PSW Markersbach PSS C","11WD8MARK1H---CI","Hydro Pumped Storage","11WD8MARK1H---CI","14/04/2026 08:00 - 14/04/2026 09:00","119.50",""
"14/04/2026 00:00 - 15/04/2026 00:00","CTA|DE(50Hertz)","PSW Markersbach PSS C","11WD8MARK1H---CI","Hydro Pumped Storage","11WD8MARK1H---CI","14/04/2026 09:00 - 14/04/2026 10:00","38.00",""
"14/04/2026 00:00 - 15/04/2026 00:00","CTA|DE(50Hertz)","PSW Markersbach PSS C","11WD8MARK1H---CI","Hydro Pumped Storage","11WD8MARK1H---CI","14/04/2026 10:00 - 14/04/2026 11:00","0.00",""
"14/04/2026 00:00 - 15/04/2026 00:00","CTA|DE(50Hertz)","PSW Markersbach PSS C","11WD8MARK1H---CI","Hydro Pumped Storage","11WD8MARK1H---CI","14/04/2026 11:00 - 14/04/2026 12:00","0.00",""
"14/04/2026 00:00 - 15/04/2026 00:00","CTA|DE(50Hertz)","PSW Markersbach PSS C","11WD8MARK1H---CI","Hydro Pumped Storage","11WD8MARK1H---CI","14/04/2026 12:00 - 14/04/2026 13:00","0.00",""
"14/04/2026 00:00 - 15/04/2026 00:00","CTA|DE(50Hertz)","PSW Markersbach PSS C","11WD8MARK1H---CI","Hydro Pumped Storage","11WD8MARK1H---CI","14/04/2026 13:00 - 14/04/2026 14:00","0.00",""
"14/04/2026 00:00 - 15/04/2026 00:00","CTA|DE(50Hertz)","PSW Markersbach PSS C","11WD8MARK1H---CI","Hydro Pumped Storage","11WD8MARK1H---CI","14/04/2026 14:00 - 14/04/2026 15:00","0.00",""
"14/04/2026 00:00 - 15/04/2026 00:00","CTA|DE(50Hertz)","PSW Markersbach PSS C","11WD8MARK1H---CI","Hydro Pumped Storage","11WD8MARK1H---CI","14/04/2026 15:00 - 14/04/2026 16:00","0.00",""
"14/04/2026 00:00 - 15/04/2026 00:00","CTA|DE(50Hertz)","PSW Markersbach PSS C","11WD8MARK1H---CI","Hydro Pumped Storage","11WD8MARK1H---CI","14/04/2026 16:00 - 14/04/2026 17:00","0.00",""
"14/04/2026 00:00 - 15/04/2026 00:00","CTA|DE(50Hertz)","PSW Markersbach PSS C","11WD8MARK1H---CI","Hydro Pumped Storage","11WD8MARK1H---CI","14/04/2026 17:00 - 14/04/2026 18:00","0.00",""
"14/04/2026 00:00 - 15/04/2026 00:00","CTA|DE(50Hertz)","PSW Markersbach PSS C","11WD8MARK1H---CI","Hydro Pumped Storage","11WD8MARK1H---CI","14/04/2026 18:00 - 14/04/2026 19:00","84.75",""
"14/04/2026 00:00 - 15/04/2026 00:00","CTA|DE(50Hertz)","PSW Markersbach PSS C","11WD8MARK1H---CI","Hydro Pumped Storage","11WD8MARK1H---CI","14/04/2026 19:00 - 14/04/2026 20:00","166.75",""
"14/04/2026 00:00 - 15/04/2026 00:00","CTA|DE(50Hertz)","PSW Markersbach PSS C","11WD8MARK1H---CI","Hydro Pumped Storage","11WD8MARK1H---CI","14/04/2026 20:00 - 14/04/2026 21:00","163.25",""
"14/04/2026 00:00 - 15/04/2026 00:00","CTA|DE(50Hertz)","PSW Markersbach PSS C","11WD8MARK1H---CI","Hydro Pumped Storage","11WD8MARK1H---CI","14/04/2026 21:00 - 14/04/2026 22:00","159.50",""
"14/04/2026 00:00 - 15/04/2026 00:00","CTA|DE(50Hertz)","PSW Markersbach PSS C","11WD8MARK1H---CI","Hydro Pumped Storage","11WD8MARK1H---CI","14/04/2026 22:00 - 14/04/2026 23:00","116.50",""
"14/04/2026 00:00 - 15/04/2026 00:00","CTA|DE(50Hertz)","PSW Markersbach PSS C","11WD8MARK1H---CI","Hydro Pumped Storage","11WD8MARK1H---CI","14/04/2026 23:00 - 15/04/2026 00:00","0.00",""
"14/04/2026 00:00 - 15/04/2026 00:00","CTA|DE(50Hertz)","PSW Markersbach PSS D","11WD8MARK1H---DG","Hydro Pumped Storage","11WD8MARK1H---DG","14/04/2026 00:00 - 14/04/2026 01:00","0.00",""
"14/04/2026 00:00 - 15/04/2026 00:00","CTA|DE(50Hertz)","PSW Markersbach PSS D","11WD8MARK1H---DG","Hydro Pumped Storage","11WD8MARK1H---DG","14/04/2026 01:00 - 14/04/2026 02:00","0.00",""
"14/04/2026 00:00 - 15/04/2026 00:00","CTA|DE(50Hertz)","PSW Markersbach PSS D","11WD8MARK1H---DG","Hydro Pumped Storage","11WD8MARK1H---DG","14/04/2026 02:00 - 14/04/2026 03:00","0.00",""
"14/04/2026 00:00 - 15/04/2026 00:00","CTA|DE(50Hertz)","PSW Markersbach PSS D","11WD8MARK1H---DG","Hydro Pumped Storage","11WD8MARK1H---DG","14/04/2026 03:00 - 14/04/2026 04:00","0.00",""
"14/04/2026 00:00 - 15/04/2026 00:00","CTA|DE(50Hertz)","PSW Markersbach PSS D","11WD8MARK1H---DG","Hydro Pumped Storage","11WD8MARK1H---DG","14/04/2026 04:00 - 14/04/2026 05:00","0.00",""
"14/04/2026 00:00 - 15/04/2026 00:00","CTA|DE(50Hertz)","PSW Markersbach PSS D","11WD8MARK1H---DG","Hydro Pumped Storage","11WD8MARK1H---DG","14/04/2026 05:00 - 14/04/2026 06:00","0.00",""
"14/04/2026 00:00 - 15/04/2026 00:00","CTA|DE(50Hertz)","PSW Markersbach PSS D","11WD8MARK1H---DG","Hydro Pumped Storage","11WD8MARK1H---DG","14/04/2026 06:00 - 14/04/2026 07:00","0.00",""
"14/04/2026 00:00 - 15/04/2026 00:00","CTA|DE(50Hertz)","PSW Markersbach PSS D","11WD8MARK1H---DG","Hydro Pumped Storage","11WD8MARK1H---DG","14/04/2026 07:00 - 14/04/2026 08:00","159.00",""
"14/04/2026 00:00 - 15/04/2026 00:00","CTA|DE(50Hertz)","PSW Markersbach PSS D","11WD8MARK1H---DG","Hydro Pumped Storage","11WD8MARK1H---DG","14/04/2026 08:00 - 14/04/2026 09:00","119.25",""
"14/04/2026 00:00 - 15/04/2026 00:00","CTA|DE(50Hertz)","PSW Markersbach PSS D","11WD8MARK1H---DG","Hydro Pumped Storage","11WD8MARK1H---DG","14/04/2026 09:00 - 14/04/2026 10:00","34.25",""
"14/04/2026 00:00 - 15/04/2026 00:00","CTA|DE(50Hertz)","PSW Markersbach PSS D","11WD8MARK1H---DG","Hydro Pumped Storage","11WD8MARK1H---DG","14/04/2026 10:00 - 14/04/2026 11:00","0.00",""
"14/04/2026 00:00 - 15/04/2026 00:00","CTA|DE(50Hertz)","PSW Markersbach PSS D","11WD8MARK1H---DG","Hydro Pumped Storage","11WD8MARK1H---DG","14/04/2026 11:00 - 14/04/2026 12:00","0.00",""
"14/04/2026 00:00 - 15/04/2026 00:00","CTA|DE(50Hertz)","PSW Markersbach PSS D","11WD8MARK1H---DG","Hydro Pumped Storage","11WD8MARK1H---DG","14/04/2026 12:00 - 14/04/2026 13:00","0.00",""
"14/04/2026 00:00 - 15/04/2026 00:00","CTA|DE(50Hertz)","PSW Markersbach PSS D","11WD8MARK1H---DG","Hydro Pumped Storage","11WD8MARK1H---DG","14/04/2026 13:00 - 14/04/2026 14:00","0.00",""
"14/04/2026 00:00 - 15/04/2026 00:00","CTA|DE(50Hertz)","PSW Markersbach PSS D","11WD8MARK1H---DG","Hydro Pumped Storage","11WD8MARK1H---DG","14/04/2026 14:00 - 14/04/2026 15:00","0.00",""
"14/04/2026 00:00 - 15/04/2026 00:00","CTA|DE(50Hertz)","PSW Markersbach PSS D","11WD8MARK1H---DG","Hydro Pumped Storage","11WD8MARK1H---DG","14/04/2026 15:00 - 14/04/2026 16:00","0.00",""
"14/04/2026 00:00 - 15/04/2026 00:00","CTA|DE(50Hertz)","PSW Markersbach PSS D","11WD8MARK1H---DG","Hydro Pumped Storage","11WD8MARK1H---DG","14/04/2026 16:00 - 14/04/2026 17:00","0.00",""
"14/04/2026 00:00 - 15/04/2026 00:00","CTA|DE(50Hertz)","PSW Markersbach PSS D","11WD8MARK1H---DG","Hydro Pumped Storage","11WD8MARK1H---DG","14/04/2026 17:00 - 14/04/2026 18:00","0.00",""
"14/04/2026 00:00 - 15/04/2026 00:00","CTA|DE(50Hertz)","PSW Markersbach PSS D","11WD8MARK1H---DG","Hydro Pumped Storage","11WD8MARK1H---DG","14/04/2026 18:00 - 14/04/2026 19:00","84.75",""
"14/04/2026 00:00 - 15/04/2026 00:00","CTA|DE(50Hertz)","PSW Markersbach PSS D","11WD8MARK1H---DG","Hydro Pumped Storage","11WD8MARK1H---DG","14/04/2026 19:00 - 14/04/2026 20:00","166.50",""
"14/04/2026 00:00 - 15/04/2026 00:00","CTA|DE(50Hertz)","PSW Markersbach PSS D","11WD8MARK1H---DG","Hydro Pumped Storage","11WD8MARK1H---DG","14/04/2026 20:00 - 14/04/2026 21:00","163.50",""
"14/04/2026 00:00 - 15/04/2026 00:00","CTA|DE(50Hertz)","PSW Markersbach PSS D","11WD8MARK1H---DG","Hydro Pumped Storage","11WD8MARK1H---DG","14/04/2026 21:00 - 14/04/2026 22:00","159.50",""
"14/04/2026 00:00 - 15/04/2026 00:00","CTA|DE(50Hertz)","PSW Markersbach PSS D","11WD8MARK1H---DG","Hydro Pumped Storage","11WD8MARK1H---DG","14/04/2026 22:00 - 14/04/2026 23:00","78.25",""
"14/04/2026 00:00 - 15/04/2026 00:00","CTA|DE(50Hertz)","PSW Markersbach PSS D","11WD8MARK1H---DG","Hydro Pumped Storage","11WD8MARK1H---DG","14/04/2026 23:00 - 15/04/2026 00:00","0.00",""
"14/04/2026 00:00 - 15/04/2026 00:00","CTA|DE(50Hertz)","PSW Markersbach PSS E","11WD8MARK1H---EE","Hydro Pumped Storage","11WD8MARK1H---EE","14/04/2026 00:00 - 14/04/2026 01:00","0.00",""
"14/04/2026 00:00 - 15/04/2026 00:00","CTA|DE(50Hertz)","PSW Markersbach PSS E","11WD8MARK1H---EE","Hydro Pumped Storage","11WD8MARK1H---EE","14/04/2026 01:00 - 14/04/2026 02:00","0.00",""
"14/04/2026 00:00 - 15/04/2026 00:00","CTA|DE(50Hertz)","PSW Markersbach PSS E","11WD8MARK1H---EE","Hydro Pumped Storage","11WD8MARK1H---EE","14/04/2026 02:00 - 14/04/2026 03:00","0.00",""
"14/04/2026 00:00 - 15/04/2026 00:00","CTA|DE(50Hertz)","PSW Markersbach PSS E","11WD8MARK1H---EE","Hydro Pumped Storage","11WD8MARK1H---EE","14/04/2026 03:00 - 14/04/2026 04:00","0.00",""
"14/04/2026 00:00 - 15/04/2026 00:00","CTA|DE(50Hertz)","PSW Markersbach PSS E","11WD8MARK1H---EE","Hydro Pumped Storage","11WD8MARK1H---EE","14/04/2026 04:00 - 14/04/2026 05:00","0.00",""
"14/04/2026 00:00 - 15/04/2026 00:00","CTA|DE(50Hertz)","PSW Markersbach PSS E","11WD8MARK1H---EE","Hydro Pumped Storage","11WD8MARK1H---EE","14/04/2026 05:00 - 14/04/2026 06:00","0.00",""
"14/04/2026 00:00 - 15/04/2026 00:00","CTA|DE(50Hertz)","PSW Markersbach PSS E","11WD8MARK1H---EE","Hydro Pumped Storage","11WD8MARK1H---EE","14/04/2026 06:00 - 14/04/2026 07:00","40.00",""
"14/04/2026 00:00 - 15/04/2026 00:00","CTA|DE(50Hertz)","PSW Markersbach PSS E","11WD8MARK1H---EE","Hydro Pumped Storage","11WD8MARK1H---EE","14/04/2026 07:00 - 14/04/2026 08:00","157.50",""
"14/04/2026 00:00 - 15/04/2026 00:00","CTA|DE(50Hertz)","PSW Markersbach PSS E","11WD8MARK1H---EE","Hydro Pumped Storage","11WD8MARK1H---EE","14/04/2026 08:00 - 14/04/2026 09:00","120.00",""
"14/04/2026 00:00 - 15/04/2026 00:00","CTA|DE(50Hertz)","PSW Markersbach PSS E","11WD8MARK1H---EE","Hydro Pumped Storage","11WD8MARK1H---EE","14/04/2026 09:00 - 14/04/2026 10:00","35.00",""
"14/04/2026 00:00 - 15/04/2026 00:00","CTA|DE(50Hertz)","PSW Markersbach PSS E","11WD8MARK1H---EE","Hydro Pumped Storage","11WD8MARK1H---EE","14/04/2026 10:00 - 14/04/2026 11:00","0.00",""
"14/04/2026 00:00 - 15/04/2026 00:00","CTA|DE(50Hertz)","PSW Markersbach PSS E","11WD8MARK1H---EE","Hydro Pumped Storage","11WD8MARK1H---EE","14/04/2026 11:00 - 14/04/2026 12:00","0.00",""
"14/04/2026 00:00 - 15/04/2026 00:00","CTA|DE(50Hertz)","PSW Markersbach PSS E","11WD8MARK1H---EE","Hydro Pumped Storage","11WD8MARK1H---EE","14/04/2026 12:00 - 14/04/2026 13:00","0.00",""
"14/04/2026 00:00 - 15/04/2026 00:00","CTA|DE(50Hertz)","PSW Markersbach PSS E","11WD8MARK1H---EE","Hydro Pumped Storage","11WD8MARK1H---EE","14/04/2026 13:00 - 14/04/2026 14:00","0.00",""
"14/04/2026 00:00 - 15/04/2026 00:00","CTA|DE(50Hertz)","PSW Markersbach PSS E","11WD8MARK1H---EE","Hydro Pumped Storage","11WD8MARK1H---EE","14/04/2026 14:00 - 14/04/2026 15:00","0.00",""
"14/04/2026 00:00 - 15/04/2026 00:00","CTA|DE(50Hertz)","PSW Markersbach PSS E","11WD8MARK1H---EE","Hydro Pumped Storage","11WD8MARK1H---EE","14/04/2026 15:00 - 14/04/2026 16:00","0.00",""
"14/04/2026 00:00 - 15/04/2026 00:00","CTA|DE(50Hertz)","PSW Markersbach PSS E","11WD8MARK1H---EE","Hydro Pumped Storage","11WD8MARK1H---EE","14/04/2026 16:00 - 14/04/2026 17:00","0.00",""
"14/04/2026 00:00 - 15/04/2026 00:00","CTA|DE(50Hertz)","PSW Markersbach PSS E","11WD8MARK1H---EE","Hydro Pumped Storage","11WD8MARK1H---EE","14/04/2026 17:00 - 14/04/2026 18:00","0.00",""
"14/04/2026 00:00 - 15/04/2026 00:00","CTA|DE(50Hertz)","PSW Markersbach PSS E","11WD8MARK1H---EE","Hydro Pumped Storage","11WD8MARK1H---EE","14/04/2026 18:00 - 14/04/2026 19:00","85.75",""
"14/04/2026 00:00 - 15/04/2026 00:00","CTA|DE(50Hertz)","PSW Markersbach PSS E","11WD8MARK1H---EE","Hydro Pumped Storage","11WD8MARK1H---EE","14/04/2026 19:00 - 14/04/2026 20:00","160.50",""
"14/04/2026 00:00 - 15/04/2026 00:00","CTA|DE(50Hertz)","PSW Markersbach PSS E","11WD8MARK1H---EE","Hydro Pumped Storage","11WD8MARK1H---EE","14/04/2026 20:00 - 14/04/2026 21:00","164.25",""
"14/04/2026 00:00 - 15/04/2026 00:00","CTA|DE(50Hertz)","PSW Markersbach PSS E","11WD8MARK1H---EE","Hydro Pumped Storage","11WD8MARK1H---EE","14/04/2026 21:00 - 14/04/2026 22:00","151.25",""
"14/04/2026 00:00 - 15/04/2026 00:00","CTA|DE(50Hertz)","PSW Markersbach PSS E","11WD8MARK1H---EE","Hydro Pumped Storage","11WD8MARK1H---EE","14/04/2026 22:00 - 14/04/2026 23:00","79.25",""
"14/04/2026 00:00 - 15/04/2026 00:00","CTA|DE(50Hertz)","PSW Markersbach PSS E","11WD8MARK1H---EE","Hydro Pumped Storage","11WD8MARK1H---EE","14/04/2026 23:00 - 15/04/2026 00:00","0.00",""
"14/04/2026 00:00 - 15/04/2026 00:00","CTA|DE(50Hertz)","PSW Markersbach PSS F","11WD8MARK1H---FC","Hydro Pumped Storage","11WD8MARK1H---FC","14/04/2026 00:00 - 14/04/2026 01:00","0.00",""
"14/04/2026 00:00 - 15/04/2026 00:00","CTA|DE(50Hertz)","PSW Markersbach PSS F","11WD8MARK1H---FC","Hydro Pumped Storage","11WD8MARK1H---FC","14/04/2026 01:00 - 14/04/2026 02:00","0.00",""
"14/04/2026 00:00 - 15/04/2026 00:00","CTA|DE(50Hertz)","PSW Markersbach PSS F","11WD8MARK1H---FC","Hydro Pumped Storage","11WD8MARK1H---FC","14/04/2026 02:00 - 14/04/2026 03:00","0.00",""
"14/04/2026 00:00 - 15/04/2026 00:00","CTA|DE(50Hertz)","PSW Markersbach PSS F","11WD8MARK1H---FC","Hydro Pumped Storage","11WD8MARK1H---FC","14/04/2026 03:00 - 14/04/2026 04:00","0.00",""
"14/04/2026 00:00 - 15/04/2026 00:00","CTA|DE(50Hertz)","PSW Markersbach PSS F","11WD8MARK1H---FC","Hydro Pumped Storage","11WD8MARK1H---FC","14/04/2026 04:00 - 14/04/2026 05:00","0.00",""
"14/04/2026 00:00 - 15/04/2026 00:00","CTA|DE(50Hertz)","PSW Markersbach PSS F","11WD8MARK1H---FC","Hydro Pumped Storage","11WD8MARK1H---FC","14/04/2026 05:00 - 14/04/2026 06:00","0.00",""
"14/04/2026 00:00 - 15/04/2026 00:00","CTA|DE(50Hertz)","PSW Markersbach PSS F","11WD8MARK1H---FC","Hydro Pumped Storage","11WD8MARK1H---FC","14/04/2026 06:00 - 14/04/2026 07:00","0.00",""
"14/04/2026 00:00 - 15/04/2026 00:00","CTA|DE(50Hertz)","PSW Markersbach PSS F","11WD8MARK1H---FC","Hydro Pumped Storage","11WD8MARK1H---FC","14/04/2026 07:00 - 14/04/2026 08:00","0.00",""
"14/04/2026 00:00 - 15/04/2026 00:00","CTA|DE(50Hertz)","PSW Markersbach PSS F","11WD8MARK1H---FC","Hydro Pumped Storage","11WD8MARK1H---FC","14/04/2026 08:00 - 14/04/2026 09:00","0.00",""
"14/04/2026 00:00 - 15/04/2026 00:00","CTA|DE(50Hertz)","PSW Markersbach PSS F","11WD8MARK1H---FC","Hydro Pumped Storage","11WD8MARK1H---FC","14/04/2026 09:00 - 14/04/2026 10:00","0.00",""
"14/04/2026 00:00 - 15/04/2026 00:00","CTA|DE(50Hertz)","PSW Markersbach PSS F","11WD8MARK1H---FC","Hydro Pumped Storage","11WD8MARK1H---FC","14/04/2026 10:00 - 14/04/2026 11:00","0.00",""
"14/04/2026 00:00 - 15/04/2026 00:00","CTA|DE(50Hertz)","PSW Markersbach PSS F","11WD8MARK1H---FC","Hydro Pumped Storage","11WD8MARK1H---FC","14/04/2026 11:00 - 14/04/2026 12:00","0.00",""
"14/04/2026 00:00 - 15/04/2026 00:00","CTA|DE(50Hertz)","PSW Markersbach PSS F","11WD8MARK1H---FC","Hydro Pumped Storage","11WD8MARK1H---FC","14/04/2026 12:00 - 14/04/2026 13:00","0.00",""
"14/04/2026 00:00 - 15/04/2026 00:00","CTA|DE(50Hertz)","PSW Markersbach PSS F","11WD8MARK1H---FC","Hydro Pumped Storage","11WD8MARK1H---FC","14/04/2026 13:00 - 14/04/2026 14:00","0.00",""
"14/04/2026 00:00 - 15/04/2026 00:00","CTA|DE(50Hertz)","PSW Markersbach PSS F","11WD8MARK1H---FC","Hydro Pumped Storage","11WD8MARK1H---FC","14/04/2026 14:00 - 14/04/2026 15:00","0.00",""
"14/04/2026 00:00 - 15/04/2026 00:00","CTA|DE(50Hertz)","PSW Markersbach PSS F","11WD8MARK1H---FC","Hydro Pumped Storage","11WD8MARK1H---FC","14/04/2026 15:00 - 14/04/2026 16:00","0.00",""
"14/04/2026 00:00 - 15/04/2026 00:00","CTA|DE(50Hertz)","PSW Markersbach PSS F","11WD8MARK1H---FC","Hydro Pumped Storage","11WD8MARK1H---FC","14/04/2026 16:00 - 14/04/2026 17:00","0.00",""
"14/04/2026 00:00 - 15/04/2026 00:00","CTA|DE(50Hertz)","PSW Markersbach PSS F","11WD8MARK1H---FC","Hydro Pumped Storage","11WD8MARK1H---FC","14/04/2026 17:00 - 14/04/2026 18:00","0.00",""
"14/04/2026 00:00 - 15/04/2026 00:00","CTA|DE(50Hertz)","PSW Markersbach PSS F","11WD8MARK1H---FC","Hydro Pumped Storage","11WD8MARK1H---FC","14/04/2026 18:00 - 14/04/2026 19:00","0.00",""
"14/04/2026 00:00 - 15/04/2026 00:00","CTA|DE(50Hertz)","PSW Markersbach PSS F","11WD8MARK1H---FC","Hydro Pumped Storage","11WD8MARK1H---FC","14/04/2026 19:00 - 14/04/2026 20:00","0.00",""
"14/04/2026 00:00 - 15/04/2026 00:00","CTA|DE(50Hertz)","PSW Markersbach PSS F","11WD8MARK1H---FC","Hydro Pumped Storage","11WD8MARK1H---FC","14/04/2026 20:00 - 14/04/2026 21:00","0.00",""
"14/04/2026 00:00 - 15/04/2026 00:00","CTA|DE(50Hertz)","PSW Markersbach PSS F","11WD8MARK1H---FC","Hydro Pumped Storage","11WD8MARK1H---FC","14/04/2026 21:00 - 14/04/2026 22:00","0.00",""
"14/04/2026 00:00 - 15/04/2026 00:00","CTA|DE(50Hertz)","PSW Markersbach PSS F","11WD8MARK1H---FC","Hydro Pumped Storage","11WD8MARK1H---FC","14/04/2026 22:00 - 14/04/2026 23:00","0.00",""
"14/04/2026 00:00 - 15/04/2026 00:00","CTA|DE(50Hertz)","PSW Markersbach PSS F","11WD8MARK1H---FC","Hydro Pumped Storage","11WD8MARK1H---FC","14/04/2026 23:00 - 15/04/2026 00:00","0.00",""
"14/04/2026 00:00 - 15/04/2026 00:00","CTA|DE(50Hertz)","HKW Mitte GUD","11WD8MITT5GGUD-8","Fossil Gas","11WD8MITT5GGUD-8","14/04/2026 00:00 - 14/04/2026 01:00","203.50",""
"14/04/2026 00:00 - 15/04/2026 00:00","CTA|DE(50Hertz)","HKW Mitte GUD","11WD8MITT5GGUD-8","Fossil Gas","11WD8MITT5GGUD-8","14/04/2026 01:00 - 14/04/2026 02:00","213.75",""
"14/04/2026 00:00 - 15/04/2026 00:00","CTA|DE(50Hertz)","HKW Mitte GUD","11WD8MITT5GGUD-8","Fossil Gas","11WD8MITT5GGUD-8","14/04/2026 02:00 - 14/04/2026 03:00","214.00",""
"14/04/2026 00:00 - 15/04/2026 00:00","CTA|DE(50Hertz)","HKW Mitte GUD","11WD8MITT5GGUD-8","Fossil Gas","11WD8MITT5GGUD-8","14/04/2026 03:00 - 14/04/2026 04:00","214.00",""
"14/04/2026 00:00 - 15/04/2026 00:00","CTA|DE(50Hertz)","HKW Mitte GUD","11WD8MITT5GGUD-8","Fossil Gas","11WD8MITT5GGUD-8","14/04/2026 04:00 - 14/04/2026 05:00","214.00",""
"14/04/2026 00:00 - 15/04/2026 00:00","CTA|DE(50Hertz)","HKW Mitte GUD","11WD8MITT5GGUD-8","Fossil Gas","11WD8MITT5GGUD-8","14/04/2026 05:00 - 14/04/2026 06:00","214.00",""
"14/04/2026 00:00 - 15/04/2026 00:00","CTA|DE(50Hertz)","HKW Mitte GUD","11WD8MITT5GGUD-8","Fossil Gas","11WD8MITT5GGUD-8","14/04/2026 06:00 - 14/04/2026 07:00","214.00",""
"14/04/2026 00:00 - 15/04/2026 00:00","CTA|DE(50Hertz)","HKW Mitte GUD","11WD8MITT5GGUD-8","Fossil Gas","11WD8MITT5GGUD-8","14/04/2026 07:00 - 14/04/2026 08:00","179.75",""
"14/04/2026 00:00 - 15/04/2026 00:00","CTA|DE(50Hertz)","HKW Mitte GUD","11WD8MITT5GGUD-8","Fossil Gas","11WD8MITT5GGUD-8","14/04/2026 08:00 - 14/04/2026 09:00","170.25",""
"14/04/2026 00:00 - 15/04/2026 00:00","CTA|DE(50Hertz)","HKW Mitte GUD","11WD8MITT5GGUD-8","Fossil Gas","11WD8MITT5GGUD-8","14/04/2026 09:00 - 14/04/2026 10:00","173.50",""
"14/04/2026 00:00 - 15/04/2026 00:00","CTA|DE(50Hertz)","HKW Mitte GUD","11WD8MITT5GGUD-8","Fossil Gas","11WD8MITT5GGUD-8","14/04/2026 10:00 - 14/04/2026 11:00","166.75",""
"14/04/2026 00:00 - 15/04/2026 00:00","CTA|DE(50Hertz)","HKW Mitte GUD","11WD8MITT5GGUD-8","Fossil Gas","11WD8MITT5GGUD-8","14/04/2026 11:00 - 14/04/2026 12:00","134.00",""
"14/04/2026 00:00 - 15/04/2026 00:00","CTA|DE(50Hertz)","HKW Mitte GUD","11WD8MITT5GGUD-8","Fossil Gas","11WD8MITT5GGUD-8","14/04/2026 12:00 - 14/04/2026 13:00","168.50",""
"14/04/2026 00:00 - 15/04/2026 00:00","CTA|DE(50Hertz)","HKW Mitte GUD","11WD8MITT5GGUD-8","Fossil Gas","11WD8MITT5GGUD-8","14/04/2026 13:00 - 14/04/2026 14:00","207.75",""
"14/04/2026 00:00 - 15/04/2026 00:00","CTA|DE(50Hertz)","HKW Mitte GUD","11WD8MITT5GGUD-8","Fossil Gas","11WD8MITT5GGUD-8","14/04/2026 14:00 - 14/04/2026 15:00","214.50",""
"14/04/2026 00:00 - 15/04/2026 00:00","CTA|DE(50Hertz)","HKW Mitte GUD","11WD8MITT5GGUD-8","Fossil Gas","11WD8MITT5GGUD-8","14/04/2026 15:00 - 14/04/2026 16:00","216.75",""
"14/04/2026 00:00 - 15/04/2026 00:00","CTA|DE(50Hertz)","HKW Mitte GUD","11WD8MITT5GGUD-8","Fossil Gas","11WD8MITT5GGUD-8","14/04/2026 16:00 - 14/04/2026 17:00","214.75",""
"14/04/2026 00:00 - 15/04/2026 00:00","CTA|DE(50Hertz)","HKW Mitte GUD","11WD8MITT5GGUD-8","Fossil Gas","11WD8MITT5GGUD-8","14/04/2026 17:00 - 14/04/2026 18:00","270.50",""
"14/04/2026 00:00 - 15/04/2026 00:00","CTA|DE(50Hertz)","HKW Mitte GUD","11WD8MITT5GGUD-8","Fossil Gas","11WD8MITT5GGUD-8","14/04/2026 18:00 - 14/04/2026 19:00","394.50",""
"14/04/2026 00:00 - 15/04/2026 00:00","CTA|DE(50Hertz)","HKW Mitte GUD","11WD8MITT5GGUD-8","Fossil Gas","11WD8MITT5GGUD-8","14/04/2026 19:00 - 14/04/2026 20:00","400.50",""
"14/04/2026 00:00 - 15/04/2026 00:00","CTA|DE(50Hertz)","HKW Mitte GUD","11WD8MITT5GGUD-8","Fossil Gas","11WD8MITT5GGUD-8","14/04/2026 20:00 - 14/04/2026 21:00","409.75",""
"14/04/2026 00:00 - 15/04/2026 00:00","CTA|DE(50Hertz)","HKW Mitte GUD","11WD8MITT5GGUD-8","Fossil Gas","11WD8MITT5GGUD-8","14/04/2026 21:00 - 14/04/2026 22:00","409.50",""
"14/04/2026 00:00 - 15/04/2026 00:00","CTA|DE(50Hertz)","HKW Mitte GUD","11WD8MITT5GGUD-8","Fossil Gas","11WD8MITT5GGUD-8","14/04/2026 22:00 - 14/04/2026 23:00","406.25",""
"14/04/2026 00:00 - 15/04/2026 00:00","CTA|DE(50Hertz)","HKW Mitte GUD","11WD8MITT5GGUD-8","Fossil Gas","11WD8MITT5GGUD-8","14/04/2026 23:00 - 15/04/2026 00:00","345.50",""
"14/04/2026 00:00 - 15/04/2026 00:00","CTA|DE(50Hertz)","HKW Reuter West Block D","11WD8REUW1C---DD","Fossil Hard coal","11WD8REUW1C---DD","14/04/2026 00:00 - 14/04/2026 01:00","0.00",""
"14/04/2026 00:00 - 15/04/2026 00:00","CTA|DE(50Hertz)","HKW Reuter West Block D","11WD8REUW1C---DD","Fossil Hard coal","11WD8REUW1C---DD","14/04/2026 01:00 - 14/04/2026 02:00","0.00",""
"14/04/2026 00:00 - 15/04/2026 00:00","CTA|DE(50Hertz)","HKW Reuter West Block D","11WD8REUW1C---DD","Fossil Hard coal","11WD8REUW1C---DD","14/04/2026 02:00 - 14/04/2026 03:00","0.00",""
"14/04/2026 00:00 - 15/04/2026 00:00","CTA|DE(50Hertz)","HKW Reuter West Block D","11WD8REUW1C---DD","Fossil Hard coal","11WD8REUW1C---DD","14/04/2026 03:00 - 14/04/2026 04:00","0.00",""
"14/04/2026 00:00 - 15/04/2026 00:00","CTA|DE(50Hertz)","HKW Reuter West Block D","11WD8REUW1C---DD","Fossil Hard coal","11WD8REUW1C---DD","14/04/2026 04:00 - 14/04/2026 05:00","0.00",""
"14/04/2026 00:00 - 15/04/2026 00:00","CTA|DE(50Hertz)","HKW Reuter West Block D","11WD8REUW1C---DD","Fossil Hard coal","11WD8REUW1C---DD","14/04/2026 05:00 - 14/04/2026 06:00","0.00",""
"14/04/2026 00:00 - 15/04/2026 00:00","CTA|DE(50Hertz)","HKW Reuter West Block D","11WD8REUW1C---DD","Fossil Hard coal","11WD8REUW1C---DD","14/04/2026 06:00 - 14/04/2026 07:00","0.00",""
"14/04/2026 00:00 - 15/04/2026 00:00","CTA|DE(50Hertz)","HKW Reuter West Block D","11WD8REUW1C---DD","Fossil Hard coal","11WD8REUW1C---DD","14/04/2026 07:00 - 14/04/2026 08:00","0.00",""
"14/04/2026 00:00 - 15/04/2026 00:00","CTA|DE(50Hertz)","HKW Reuter West Block D","11WD8REUW1C---DD","Fossil Hard coal","11WD8REUW1C---DD","14/04/2026 08:00 - 14/04/2026 09:00","0.00",""
"14/04/2026 00:00 - 15/04/2026 00:00","CTA|DE(50Hertz)","HKW Reuter West Block D","11WD8REUW1C---DD","Fossil Hard coal","11WD8REUW1C---DD","14/04/2026 09:00 - 14/04/2026 10:00","0.00",""
"14/04/2026 00:00 - 15/04/2026 00:00","CTA|DE(50Hertz)","HKW Reuter West Block D","11WD8REUW1C---DD","Fossil Hard coal","11WD8REUW1C---DD","14/04/2026 10:00 - 14/04/2026 11:00","0.00",""
"14/04/2026 00:00 - 15/04/2026 00:00","CTA|DE(50Hertz)","HKW Reuter West Block D","11WD8REUW1C---DD","Fossil Hard coal","11WD8REUW1C---DD","14/04/2026 11:00 - 14/04/2026 12:00","0.00",""
"14/04/2026 00:00 - 15/04/2026 00:00","CTA|DE(50Hertz)","HKW Reuter West Block D","11WD8REUW1C---DD","Fossil Hard coal","11WD8REUW1C---DD","14/04/2026 12:00 - 14/04/2026 13:00","0.00",""
"14/04/2026 00:00 - 15/04/2026 00:00","CTA|DE(50Hertz)","HKW Reuter West Block D","11WD8REUW1C---DD","Fossil Hard coal","11WD8REUW1C---DD","14/04/2026 13:00 - 14/04/2026 14:00","0.00",""
"14/04/2026 00:00 - 15/04/2026 00:00","CTA|DE(50Hertz)","HKW Reuter West Block D","11WD8REUW1C---DD","Fossil Hard coal","11WD8REUW1C---DD","14/04/2026 14:00 - 14/04/2026 15:00","0.00",""
"14/04/2026 00:00 - 15/04/2026 00:00","CTA|DE(50Hertz)","HKW Reuter West Block D","11WD8REUW1C---DD","Fossil Hard coal","11WD8REUW1C---DD","14/04/2026 15:00 - 14/04/2026 16:00","0.00",""
"14/04/2026 00:00 - 15/04/2026 00:00","CTA|DE(50Hertz)","HKW Reuter West Block D","11WD8REUW1C---DD","Fossil Hard coal","11WD8REUW1C---DD","14/04/2026 16:00 - 14/04/2026 17:00","0.00",""
"14/04/2026 00:00 - 15/04/2026 00:00","CTA|DE(50Hertz)","HKW Reuter West Block D","11WD8REUW1C---DD","Fossil Hard coal","11WD8REUW1C---DD","14/04/2026 17:00 - 14/04/2026 18:00","0.00",""
"14/04/2026 00:00 - 15/04/2026 00:00","CTA|DE(50Hertz)","HKW Reuter West Block D","11WD8REUW1C---DD","Fossil Hard coal","11WD8REUW1C---DD","14/04/2026 18:00 - 14/04/2026 19:00","0.00",""
"14/04/2026 00:00 - 15/04/2026 00:00","CTA|DE(50Hertz)","HKW Reuter West Block D","11WD8REUW1C---DD","Fossil Hard coal","11WD8REUW1C---DD","14/04/2026 19:00 - 14/04/2026 20:00","0.00",""
"14/04/2026 00:00 - 15/04/2026 00:00","CTA|DE(50Hertz)","HKW Reuter West Block D","11WD8REUW1C---DD","Fossil Hard coal","11WD8REUW1C---DD","14/04/2026 20:00 - 14/04/2026 21:00","0.00",""
"14/04/2026 00:00 - 15/04/2026 00:00","CTA|DE(50Hertz)","HKW Reuter West Block D","11WD8REUW1C---DD","Fossil Hard coal","11WD8REUW1C---DD","14/04/2026 21:00 - 14/04/2026 22:00","0.00",""
"14/04/2026 00:00 - 15/04/2026 00:00","CTA|DE(50Hertz)","HKW Reuter West Block D","11WD8REUW1C---DD","Fossil Hard coal","11WD8REUW1C---DD","14/04/2026 22:00 - 14/04/2026 23:00","0.00",""
"14/04/2026 00:00 - 15/04/2026 00:00","CTA|DE(50Hertz)","HKW Reuter West Block D","11WD8REUW1C---DD","Fossil Hard coal","11WD8REUW1C---DD","14/04/2026 23:00 - 15/04/2026 00:00","0.00",""
"14/04/2026 00:00 - 15/04/2026 00:00","CTA|DE(50Hertz)","HKW Reuter West Block E","11WD8REUW1C---EB","Fossil Hard coal","11WD8REUW1C---EB","14/04/2026 00:00 - 14/04/2026 01:00","155.25",""
"14/04/2026 00:00 - 15/04/2026 00:00","CTA|DE(50Hertz)","HKW Reuter West Block E","11WD8REUW1C---EB","Fossil Hard coal","11WD8REUW1C---EB","14/04/2026 01:00 - 14/04/2026 02:00","156.00",""
"14/04/2026 00:00 - 15/04/2026 00:00","CTA|DE(50Hertz)","HKW Reuter West Block E","11WD8REUW1C---EB","Fossil Hard coal","11WD8REUW1C---EB","14/04/2026 02:00 - 14/04/2026 03:00","156.25",""
"14/04/2026 00:00 - 15/04/2026 00:00","CTA|DE(50Hertz)","HKW Reuter West Block E","11WD8REUW1C---EB","Fossil Hard coal","11WD8REUW1C---EB","14/04/2026 03:00 - 14/04/2026 04:00","156.25",""
"14/04/2026 00:00 - 15/04/2026 00:00","CTA|DE(50Hertz)","HKW Reuter West Block E","11WD8REUW1C---EB","Fossil Hard coal","11WD8REUW1C---EB","14/04/2026 04:00 - 14/04/2026 05:00","156.00",""
"14/04/2026 00:00 - 15/04/2026 00:00","CTA|DE(50Hertz)","HKW Reuter West Block E","11WD8REUW1C---EB","Fossil Hard coal","11WD8REUW1C---EB","14/04/2026 05:00 - 14/04/2026 06:00","155.00",""
"14/04/2026 00:00 - 15/04/2026 00:00","CTA|DE(50Hertz)","HKW Reuter West Block E","11WD8REUW1C---EB","Fossil Hard coal","11WD8REUW1C---EB","14/04/2026 06:00 - 14/04/2026 07:00","155.00",""
"14/04/2026 00:00 - 15/04/2026 00:00","CTA|DE(50Hertz)","HKW Reuter West Block E","11WD8REUW1C---EB","Fossil Hard coal","11WD8REUW1C---EB","14/04/2026 07:00 - 14/04/2026 08:00","155.00",""
"14/04/2026 00:00 - 15/04/2026 00:00","CTA|DE(50Hertz)","HKW Reuter West Block E","11WD8REUW1C---EB","Fossil Hard coal","11WD8REUW1C---EB","14/04/2026 08:00 - 14/04/2026 09:00","153.75",""
"14/04/2026 00:00 - 15/04/2026 00:00","CTA|DE(50Hertz)","HKW Reuter West Block E","11WD8REUW1C---EB","Fossil Hard coal","11WD8REUW1C---EB","14/04/2026 09:00 - 14/04/2026 10:00","153.25",""
"14/04/2026 00:00 - 15/04/2026 00:00","CTA|DE(50Hertz)","HKW Reuter West Block E","11WD8REUW1C---EB","Fossil Hard coal","11WD8REUW1C---EB","14/04/2026 10:00 - 14/04/2026 11:00","154.00",""
"14/04/2026 00:00 - 15/04/2026 00:00","CTA|DE(50Hertz)","HKW Reuter West Block E","11WD8REUW1C---EB","Fossil Hard coal","11WD8REUW1C---EB","14/04/2026 11:00 - 14/04/2026 12:00","157.25",""
"14/04/2026 00:00 - 15/04/2026 00:00","CTA|DE(50Hertz)","HKW Reuter West Block E","11WD8REUW1C---EB","Fossil Hard coal","11WD8REUW1C---EB","14/04/2026 12:00 - 14/04/2026 13:00","155.00",""
"14/04/2026 00:00 - 15/04/2026 00:00","CTA|DE(50Hertz)","HKW Reuter West Block E","11WD8REUW1C---EB","Fossil Hard coal","11WD8REUW1C---EB","14/04/2026 13:00 - 14/04/2026 14:00","155.75",""
"14/04/2026 00:00 - 15/04/2026 00:00","CTA|DE(50Hertz)","HKW Reuter West Block E","11WD8REUW1C---EB","Fossil Hard coal","11WD8REUW1C---EB","14/04/2026 14:00 - 14/04/2026 15:00","155.75",""
"14/04/2026 00:00 - 15/04/2026 00:00","CTA|DE(50Hertz)","HKW Reuter West Block E","11WD8REUW1C---EB","Fossil Hard coal","11WD8REUW1C---EB","14/04/2026 15:00 - 14/04/2026 16:00","155.00",""
"14/04/2026 00:00 - 15/04/2026 00:00","CTA|DE(50Hertz)","HKW Reuter West Block E","11WD8REUW1C---EB","Fossil Hard coal","11WD8REUW1C---EB","14/04/2026 16:00 - 14/04/2026 17:00","154.00",""
"14/04/2026 00:00 - 15/04/2026 00:00","CTA|DE(50Hertz)","HKW Reuter West Block E","11WD8REUW1C---EB","Fossil Hard coal","11WD8REUW1C---EB","14/04/2026 17:00 - 14/04/2026 18:00","153.75",""
"14/04/2026 00:00 - 15/04/2026 00:00","CTA|DE(50Hertz)","HKW Reuter West Block E","11WD8REUW1C---EB","Fossil Hard coal","11WD8REUW1C---EB","14/04/2026 18:00 - 14/04/2026 19:00","155.75",""
"14/04/2026 00:00 - 15/04/2026 00:00","CTA|DE(50Hertz)","HKW Reuter West Block E","11WD8REUW1C---EB","Fossil Hard coal","11WD8REUW1C---EB","14/04/2026 19:00 - 14/04/2026 20:00","155.50",""
"14/04/2026 00:00 - 15/04/2026 00:00","CTA|DE(50Hertz)","HKW Reuter West Block E","11WD8REUW1C---EB","Fossil Hard coal","11WD8REUW1C---EB","14/04/2026 20:00 - 14/04/2026 21:00","124.50",""
"14/04/2026 00:00 - 15/04/2026 00:00","CTA|DE(50Hertz)","HKW Reuter West Block E","11WD8REUW1C---EB","Fossil Hard coal","11WD8REUW1C---EB","14/04/2026 21:00 - 14/04/2026 22:00","112.25",""
"14/04/2026 00:00 - 15/04/2026 00:00","CTA|DE(50Hertz)","HKW Reuter West Block E","11WD8REUW1C---EB","Fossil Hard coal","11WD8REUW1C---EB","14/04/2026 22:00 - 14/04/2026 23:00","116.50",""
"14/04/2026 00:00 - 15/04/2026 00:00","CTA|DE(50Hertz)","HKW Reuter West Block E","11WD8REUW1C---EB","Fossil Hard coal","11WD8REUW1C---EB","14/04/2026 23:00 - 15/04/2026 00:00","117.75",""
"14/04/2026 00:00 - 15/04/2026 00:00","CTA|DE(50Hertz)","Kraftwerk Rostock","11WD8ROST1C----K","Fossil Hard coal","11WD8ROST1C----K","14/04/2026 00:00 - 14/04/2026 01:00","419.18",""
"14/04/2026 00:00 - 15/04/2026 00:00","CTA|DE(50Hertz)","Kraftwerk Rostock","11WD8ROST1C----K","Fossil Hard coal","11WD8ROST1C----K","14/04/2026 01:00 - 14/04/2026 02:00","504.57",""
"14/04/2026 00:00 - 15/04/2026 00:00","CTA|DE(50Hertz)","Kraftwerk Rostock","11WD8ROST1C----K","Fossil Hard coal","11WD8ROST1C----K","14/04/2026 02:00 - 14/04/2026 03:00","502.07",""
"14/04/2026 00:00 - 15/04/2026 00:00","CTA|DE(50Hertz)","Kraftwerk Rostock","11WD8ROST1C----K","Fossil Hard coal","11WD8ROST1C----K","14/04/2026 03:00 - 14/04/2026 04:00","502.93",""
"14/04/2026 00:00 - 15/04/2026 00:00","CTA|DE(50Hertz)","Kraftwerk Rostock","11WD8ROST1C----K","Fossil Hard coal","11WD8ROST1C----K","14/04/2026 04:00 - 14/04/2026 05:00","503.60",""
"14/04/2026 00:00 - 15/04/2026 00:00","CTA|DE(50Hertz)","Kraftwerk Rostock","11WD8ROST1C----K","Fossil Hard coal","11WD8ROST1C----K","14/04/2026 05:00 - 14/04/2026 06:00","504.88",""
"14/04/2026 00:00 - 15/04/2026 00:00","CTA|DE(50Hertz)","Kraftwerk Rostock","11WD8ROST1C----K","Fossil Hard coal","11WD8ROST1C----K","14/04/2026 06:00 - 14/04/2026 07:00","447.02",""
"14/04/2026 00:00 - 15/04/2026 00:00","CTA|DE(50Hertz)","Kraftwerk Rostock","11WD8ROST1C----K","Fossil Hard coal","11WD8ROST1C----K","14/04/2026 07:00 - 14/04/2026 08:00","370.07",""
"14/04/2026 00:00 - 15/04/2026 00:00","CTA|DE(50Hertz)","Kraftwerk Rostock","11WD8ROST1C----K","Fossil Hard coal","11WD8ROST1C----K","14/04/2026 08:00 - 14/04/2026 09:00","298.25",""
"14/04/2026 00:00 - 15/04/2026 00:00","CTA|DE(50Hertz)","Kraftwerk Rostock","11WD8ROST1C----K","Fossil Hard coal","11WD8ROST1C----K","14/04/2026 09:00 - 14/04/2026 10:00","274.82",""
"14/04/2026 00:00 - 15/04/2026 00:00","CTA|DE(50Hertz)","Kraftwerk Rostock","11WD8ROST1C----K","Fossil Hard coal","11WD8ROST1C----K","14/04/2026 10:00 - 14/04/2026 11:00","328.65",""
"14/04/2026 00:00 - 15/04/2026 00:00","CTA|DE(50Hertz)","Kraftwerk Rostock","11WD8ROST1C----K","Fossil Hard coal","11WD8ROST1C----K","14/04/2026 11:00 - 14/04/2026 12:00","273.93",""
"14/04/2026 00:00 - 15/04/2026 00:00","CTA|DE(50Hertz)","Kraftwerk Rostock","11WD8ROST1C----K","Fossil Hard coal","11WD8ROST1C----K","14/04/2026 12:00 - 14/04/2026 13:00","364.80",""
"14/04/2026 00:00 - 15/04/2026 00:00","CTA|DE(50Hertz)","Kraftwerk Rostock","11WD8ROST1C----K","Fossil Hard coal","11WD8ROST1C----K","14/04/2026 13:00 - 14/04/2026 14:00","440.88",""
"14/04/2026 00:00 - 15/04/2026 00:00","CTA|DE(50Hertz)","Kraftwerk Rostock","11WD8ROST1C----K","Fossil Hard coal","11WD8ROST1C----K","14/04/2026 14:00 - 14/04/2026 15:00","499.07",""
"14/04/2026 00:00 - 15/04/2026 00:00","CTA|DE(50Hertz)","Kraftwerk Rostock","11WD8ROST1C----K","Fossil Hard coal","11WD8ROST1C----K","14/04/2026 15:00 - 14/04/2026 16:00","501.75",""
"14/04/2026 00:00 - 15/04/2026 00:00","CTA|DE(50Hertz)","Kraftwerk Rostock","11WD8ROST1C----K","Fossil Hard coal","11WD8ROST1C----K","14/04/2026 16:00 - 14/04/2026 17:00","501.15",""
"14/04/2026 00:00 - 15/04/2026 00:00","CTA|DE(50Hertz)","Kraftwerk Rostock","11WD8ROST1C----K","Fossil Hard coal","11WD8ROST1C----K","14/04/2026 17:00 - 14/04/2026 18:00","503.10",""
"14/04/2026 00:00 - 15/04/2026 00:00","CTA|DE(50Hertz)","Kraftwerk Rostock","11WD8ROST1C----K","Fossil Hard coal","11WD8ROST1C----K","14/04/2026 18:00 - 14/04/2026 19:00","504.05",""
"14/04/2026 00:00 - 15/04/2026 00:00","CTA|DE(50Hertz)","Kraftwerk Rostock","11WD8ROST1C----K","Fossil Hard coal","11WD8ROST1C----K","14/04/2026 19:00 - 14/04/2026 20:00","504.00",""
"14/04/2026 00:00 - 15/04/2026 00:00","CTA|DE(50Hertz)","Kraftwerk Rostock","11WD8ROST1C----K","Fossil Hard coal","11WD8ROST1C----K","14/04/2026 20:00 - 14/04/2026 21:00","503.70",""
"14/04/2026 00:00 - 15/04/2026 00:00","CTA|DE(50Hertz)","Kraftwerk Rostock","11WD8ROST1C----K","Fossil Hard coal","11WD8ROST1C----K","14/04/2026 21:00 - 14/04/2026 22:00","504.57",""
"14/04/2026 00:00 - 15/04/2026 00:00","CTA|DE(50Hertz)","Kraftwerk Rostock","11WD8ROST1C----K","Fossil Hard coal","11WD8ROST1C----K","14/04/2026 22:00 - 14/04/2026 23:00","506.50",""
"14/04/2026 00:00 - 15/04/2026 00:00","CTA|DE(50Hertz)","Kraftwerk Rostock","11WD8ROST1C----K","Fossil Hard coal","11WD8ROST1C----K","14/04/2026 23:00 - 15/04/2026 00:00","504.88",""
"14/04/2026 00:00 - 15/04/2026 00:00","CTA|DE(50Hertz)","Schkopau A","11WD8SCHK1L---A2","Fossil Brown coal/Lignite","11WD8SCHK1L---A2","14/04/2026 00:00 - 14/04/2026 01:00","0.00",""
"14/04/2026 00:00 - 15/04/2026 00:00","CTA|DE(50Hertz)","Schkopau A","11WD8SCHK1L---A2","Fossil Brown coal/Lignite","11WD8SCHK1L---A2","14/04/2026 01:00 - 14/04/2026 02:00","0.00",""
"14/04/2026 00:00 - 15/04/2026 00:00","CTA|DE(50Hertz)","Schkopau A","11WD8SCHK1L---A2","Fossil Brown coal/Lignite","11WD8SCHK1L---A2","14/04/2026 02:00 - 14/04/2026 03:00","0.00",""
"14/04/2026 00:00 - 15/04/2026 00:00","CTA|DE(50Hertz)","Schkopau A","11WD8SCHK1L---A2","Fossil Brown coal/Lignite","11WD8SCHK1L---A2","14/04/2026 03:00 - 14/04/2026 04:00","0.00",""
"14/04/2026 00:00 - 15/04/2026 00:00","CTA|DE(50Hertz)","Schkopau A","11WD8SCHK1L---A2","Fossil Brown coal/Lignite","11WD8SCHK1L---A2","14/04/2026 04:00 - 14/04/2026 05:00","0.00",""
"14/04/2026 00:00 - 15/04/2026 00:00","CTA|DE(50Hertz)","Schkopau A","11WD8SCHK1L---A2","Fossil Brown coal/Lignite","11WD8SCHK1L---A2","14/04/2026 05:00 - 14/04/2026 06:00","0.00",""
"14/04/2026 00:00 - 15/04/2026 00:00","CTA|DE(50Hertz)","Schkopau A","11WD8SCHK1L---A2","Fossil Brown coal/Lignite","11WD8SCHK1L---A2","14/04/2026 06:00 - 14/04/2026 07:00","0.00",""
"14/04/2026 00:00 - 15/04/2026 00:00","CTA|DE(50Hertz)","Schkopau A","11WD8SCHK1L---A2","Fossil Brown coal/Lignite","11WD8SCHK1L---A2","14/04/2026 07:00 - 14/04/2026 08:00","0.00",""
"14/04/2026 00:00 - 15/04/2026 00:00","CTA|DE(50Hertz)","Schkopau A","11WD8SCHK1L---A2","Fossil Brown coal/Lignite","11WD8SCHK1L---A2","14/04/2026 08:00 - 14/04/2026 09:00","0.00",""
"14/04/2026 00:00 - 15/04/2026 00:00","CTA|DE(50Hertz)","Schkopau A","11WD8SCHK1L---A2","Fossil Brown coal/Lignite","11WD8SCHK1L---A2","14/04/2026 09:00 - 14/04/2026 10:00","0.00",""
"14/04/2026 00:00 - 15/04/2026 00:00","CTA|DE(50Hertz)","Schkopau A","11WD8SCHK1L---A2","Fossil Brown coal/Lignite","11WD8SCHK1L---A2","14/04/2026 10:00 - 14/04/2026 11:00","0.00",""
"14/04/2026 00:00 - 15/04/2026 00:00","CTA|DE(50Hertz)","Schkopau A","11WD8SCHK1L---A2","Fossil Brown coal/Lignite","11WD8SCHK1L---A2","14/04/2026 11:00 - 14/04/2026 12:00","0.00",""
"14/04/2026 00:00 - 15/04/2026 00:00","CTA|DE(50Hertz)","Schkopau A","11WD8SCHK1L---A2","Fossil Brown coal/Lignite","11WD8SCHK1L---A2","14/04/2026 12:00 - 14/04/2026 13:00","0.00",""
"14/04/2026 00:00 - 15/04/2026 00:00","CTA|DE(50Hertz)","Schkopau A","11WD8SCHK1L---A2","Fossil Brown coal/Lignite","11WD8SCHK1L---A2","14/04/2026 13:00 - 14/04/2026 14:00","0.00",""
"14/04/2026 00:00 - 15/04/2026 00:00","CTA|DE(50Hertz)","Schkopau A","11WD8SCHK1L---A2","Fossil Brown coal/Lignite","11WD8SCHK1L---A2","14/04/2026 14:00 - 14/04/2026 15:00","0.00",""
"14/04/2026 00:00 - 15/04/2026 00:00","CTA|DE(50Hertz)","Schkopau A","11WD8SCHK1L---A2","Fossil Brown coal/Lignite","11WD8SCHK1L---A2","14/04/2026 15:00 - 14/04/2026 16:00","0.00",""
"14/04/2026 00:00 - 15/04/2026 00:00","CTA|DE(50Hertz)","Schkopau A","11WD8SCHK1L---A2","Fossil Brown coal/Lignite","11WD8SCHK1L---A2","14/04/2026 16:00 - 14/04/2026 17:00","0.00",""
"14/04/2026 00:00 - 15/04/2026 00:00","CTA|DE(50Hertz)","Schkopau A","11WD8SCHK1L---A2","Fossil Brown coal/Lignite","11WD8SCHK1L---A2","14/04/2026 17:00 - 14/04/2026 18:00","0.00",""
"14/04/2026 00:00 - 15/04/2026 00:00","CTA|DE(50Hertz)","Schkopau A","11WD8SCHK1L---A2","Fossil Brown coal/Lignite","11WD8SCHK1L---A2","14/04/2026 18:00 - 14/04/2026 19:00","0.00",""
"14/04/2026 00:00 - 15/04/2026 00:00","CTA|DE(50Hertz)","Schkopau A","11WD8SCHK1L---A2","Fossil Brown coal/Lignite","11WD8SCHK1L---A2","14/04/2026 19:00 - 14/04/2026 20:00","0.00",""
"14/04/2026 00:00 - 15/04/2026 00:00","CTA|DE(50Hertz)","Schkopau A","11WD8SCHK1L---A2","Fossil Brown coal/Lignite","11WD8SCHK1L---A2","14/04/2026 20:00 - 14/04/2026 21:00","0.00",""
"14/04/2026 00:00 - 15/04/2026 00:00","CTA|DE(50Hertz)","Schkopau A","11WD8SCHK1L---A2","Fossil Brown coal/Lignite","11WD8SCHK1L---A2","14/04/2026 21:00 - 14/04/2026 22:00","0.00",""
"14/04/2026 00:00 - 15/04/2026 00:00","CTA|DE(50Hertz)","Schkopau A","11WD8SCHK1L---A2","Fossil Brown coal/Lignite","11WD8SCHK1L---A2","14/04/2026 22:00 - 14/04/2026 23:00","0.00",""
"14/04/2026 00:00 - 15/04/2026 00:00","CTA|DE(50Hertz)","Schkopau A","11WD8SCHK1L---A2","Fossil Brown coal/Lignite","11WD8SCHK1L---A2","14/04/2026 23:00 - 15/04/2026 00:00","0.00",""
"14/04/2026 00:00 - 15/04/2026 00:00","CTA|DE(50Hertz)","Schkopau B","11WD8SCHK1L---B0","Fossil Brown coal/Lignite","11WD8SCHK1L---B0","14/04/2026 00:00 - 14/04/2026 01:00","292.00",""
"14/04/2026 00:00 - 15/04/2026 00:00","CTA|DE(50Hertz)","Schkopau B","11WD8SCHK1L---B0","Fossil Brown coal/Lignite","11WD8SCHK1L---B0","14/04/2026 01:00 - 14/04/2026 02:00","339.75",""
"14/04/2026 00:00 - 15/04/2026 00:00","CTA|DE(50Hertz)","Schkopau B","11WD8SCHK1L---B0","Fossil Brown coal/Lignite","11WD8SCHK1L---B0","14/04/2026 02:00 - 14/04/2026 03:00","338.25",""
"14/04/2026 00:00 - 15/04/2026 00:00","CTA|DE(50Hertz)","Schkopau B","11WD8SCHK1L---B0","Fossil Brown coal/Lignite","11WD8SCHK1L---B0","14/04/2026 03:00 - 14/04/2026 04:00","339.00",""
"14/04/2026 00:00 - 15/04/2026 00:00","CTA|DE(50Hertz)","Schkopau B","11WD8SCHK1L---B0","Fossil Brown coal/Lignite","11WD8SCHK1L---B0","14/04/2026 04:00 - 14/04/2026 05:00","340.25",""
"14/04/2026 00:00 - 15/04/2026 00:00","CTA|DE(50Hertz)","Schkopau B","11WD8SCHK1L---B0","Fossil Brown coal/Lignite","11WD8SCHK1L---B0","14/04/2026 05:00 - 14/04/2026 06:00","339.25",""
"14/04/2026 00:00 - 15/04/2026 00:00","CTA|DE(50Hertz)","Schkopau B","11WD8SCHK1L---B0","Fossil Brown coal/Lignite","11WD8SCHK1L---B0","14/04/2026 06:00 - 14/04/2026 07:00","336.50",""
"14/04/2026 00:00 - 15/04/2026 00:00","CTA|DE(50Hertz)","Schkopau B","11WD8SCHK1L---B0","Fossil Brown coal/Lignite","11WD8SCHK1L---B0","14/04/2026 07:00 - 14/04/2026 08:00","337.00",""
"14/04/2026 00:00 - 15/04/2026 00:00","CTA|DE(50Hertz)","Schkopau B","11WD8SCHK1L---B0","Fossil Brown coal/Lignite","11WD8SCHK1L---B0","14/04/2026 08:00 - 14/04/2026 09:00","338.50",""
"14/04/2026 00:00 - 15/04/2026 00:00","CTA|DE(50Hertz)","Schkopau B","11WD8SCHK1L---B0","Fossil Brown coal/Lignite","11WD8SCHK1L---B0","14/04/2026 09:00 - 14/04/2026 10:00","338.00",""
"14/04/2026 00:00 - 15/04/2026 00:00","CTA|DE(50Hertz)","Schkopau B","11WD8SCHK1L---B0","Fossil Brown coal/Lignite","11WD8SCHK1L---B0","14/04/2026 10:00 - 14/04/2026 11:00","337.75",""
"14/04/2026 00:00 - 15/04/2026 00:00","CTA|DE(50Hertz)","Schkopau B","11WD8SCHK1L---B0","Fossil Brown coal/Lignite","11WD8SCHK1L---B0","14/04/2026 11:00 - 14/04/2026 12:00","337.75",""
"14/04/2026 00:00 - 15/04/2026 00:00","CTA|DE(50Hertz)","Schkopau B","11WD8SCHK1L---B0","Fossil Brown coal/Lignite","11WD8SCHK1L---B0","14/04/2026 12:00 - 14/04/2026 13:00","314.75",""
"14/04/2026 00:00 - 15/04/2026 00:00","CTA|DE(50Hertz)","Schkopau B","11WD8SCHK1L---B0","Fossil Brown coal/Lignite","11WD8SCHK1L---B0","14/04/2026 13:00 - 14/04/2026 14:00","191.00",""
"14/04/2026 00:00 - 15/04/2026 00:00","CTA|DE(50Hertz)","Schkopau B","11WD8SCHK1L---B0","Fossil Brown coal/Lignite","11WD8SCHK1L---B0","14/04/2026 14:00 - 14/04/2026 15:00","188.00",""
"14/04/2026 00:00 - 15/04/2026 00:00","CTA|DE(50Hertz)","Schkopau B","11WD8SCHK1L---B0","Fossil Brown coal/Lignite","11WD8SCHK1L---B0","14/04/2026 15:00 - 14/04/2026 16:00","317.75",""
"14/04/2026 00:00 - 15/04/2026 00:00","CTA|DE(50Hertz)","Schkopau B","11WD8SCHK1L---B0","Fossil Brown coal/Lignite","11WD8SCHK1L---B0","14/04/2026 16:00 - 14/04/2026 17:00","342.50",""
"14/04/2026 00:00 - 15/04/2026 00:00","CTA|DE(50Hertz)","Schkopau B","11WD8SCHK1L---B0","Fossil Brown coal/Lignite","11WD8SCHK1L---B0","14/04/2026 17:00 - 14/04/2026 18:00","340.25",""
"14/04/2026 00:00 - 15/04/2026 00:00","CTA|DE(50Hertz)","Schkopau B","11WD8SCHK1L---B0","Fossil Brown coal/Lignite","11WD8SCHK1L---B0","14/04/2026 18:00 - 14/04/2026 19:00","338.75",""
"14/04/2026 00:00 - 15/04/2026 00:00","CTA|DE(50Hertz)","Schkopau B","11WD8SCHK1L---B0","Fossil Brown coal/Lignite","11WD8SCHK1L---B0","14/04/2026 19:00 - 14/04/2026 20:00","354.75",""
"14/04/2026 00:00 - 15/04/2026 00:00","CTA|DE(50Hertz)","Schkopau B","11WD8SCHK1L---B0","Fossil Brown coal/Lignite","11WD8SCHK1L---B0","14/04/2026 20:00 - 14/04/2026 21:00","355.50",""
"14/04/2026 00:00 - 15/04/2026 00:00","CTA|DE(50Hertz)","Schkopau B","11WD8SCHK1L---B0","Fossil Brown coal/Lignite","11WD8SCHK1L---B0","14/04/2026 21:00 - 14/04/2026 22:00","354.50",""
"14/04/2026 00:00 - 15/04/2026 00:00","CTA|DE(50Hertz)","Schkopau B","11WD8SCHK1L---B0","Fossil Brown coal/Lignite","11WD8SCHK1L---B0","14/04/2026 22:00 - 14/04/2026 23:00","343.00",""
"14/04/2026 00:00 - 15/04/2026 00:00","CTA|DE(50Hertz)","Schkopau B","11WD8SCHK1L---B0","Fossil Brown coal/Lignite","11WD8SCHK1L---B0","14/04/2026 23:00 - 15/04/2026 00:00","339.25",""
"14/04/2026 00:00 - 15/04/2026 00:00","CTA|DE(50Hertz)","IKS Schwedt SE1 Block 1","11WD8SCHW5X---19","Fossil Oil","11WD8SCHW5X---19","14/04/2026 00:00 - 14/04/2026 01:00","75.00",""
"14/04/2026 00:00 - 15/04/2026 00:00","CTA|DE(50Hertz)","IKS Schwedt SE1 Block 1","11WD8SCHW5X---19","Fossil Oil","11WD8SCHW5X---19","14/04/2026 01:00 - 14/04/2026 02:00","75.00",""
"14/04/2026 00:00 - 15/04/2026 00:00","CTA|DE(50Hertz)","IKS Schwedt SE1 Block 1","11WD8SCHW5X---19","Fossil Oil","11WD8SCHW5X---19","14/04/2026 02:00 - 14/04/2026 03:00","75.00",""
"14/04/2026 00:00 - 15/04/2026 00:00","CTA|DE(50Hertz)","IKS Schwedt SE1 Block 1","11WD8SCHW5X---19","Fossil Oil","11WD8SCHW5X---19","14/04/2026 03:00 - 14/04/2026 04:00","75.00",""
"14/04/2026 00:00 - 15/04/2026 00:00","CTA|DE(50Hertz)","IKS Schwedt SE1 Block 1","11WD8SCHW5X---19","Fossil Oil","11WD8SCHW5X---19","14/04/2026 04:00 - 14/04/2026 05:00","75.00",""
"14/04/2026 00:00 - 15/04/2026 00:00","CTA|DE(50Hertz)","IKS Schwedt SE1 Block 1","11WD8SCHW5X---19","Fossil Oil","11WD8SCHW5X---19","14/04/2026 05:00 - 14/04/2026 06:00","75.00",""
"14/04/2026 00:00 - 15/04/2026 00:00","CTA|DE(50Hertz)","IKS Schwedt SE1 Block 1","11WD8SCHW5X---19","Fossil Oil","11WD8SCHW5X---19","14/04/2026 06:00 - 14/04/2026 07:00","75.00",""
"14/04/2026 00:00 - 15/04/2026 00:00","CTA|DE(50Hertz)","IKS Schwedt SE1 Block 1","11WD8SCHW5X---19","Fossil Oil","11WD8SCHW5X---19","14/04/2026 07:00 - 14/04/2026 08:00","75.00",""
"14/04/2026 00:00 - 15/04/2026 00:00","CTA|DE(50Hertz)","IKS Schwedt SE1 Block 1","11WD8SCHW5X---19","Fossil Oil","11WD8SCHW5X---19","14/04/2026 08:00 - 14/04/2026 09:00","75.00",""
"14/04/2026 00:00 - 15/04/2026 00:00","CTA|DE(50Hertz)","IKS Schwedt SE1 Block 1","11WD8SCHW5X---19","Fossil Oil","11WD8SCHW5X---19","14/04/2026 09:00 - 14/04/2026 10:00","75.00",""
"14/04/2026 00:00 - 15/04/2026 00:00","CTA|DE(50Hertz)","IKS Schwedt SE1 Block 1","11WD8SCHW5X---19","Fossil Oil","11WD8SCHW5X---19","14/04/2026 10:00 - 14/04/2026 11:00","75.00",""
"14/04/2026 00:00 - 15/04/2026 00:00","CTA|DE(50Hertz)","IKS Schwedt SE1 Block 1","11WD8SCHW5X---19","Fossil Oil","11WD8SCHW5X---19","14/04/2026 11:00 - 14/04/2026 12:00","75.00",""
"14/04/2026 00:00 - 15/04/2026 00:00","CTA|DE(50Hertz)","IKS Schwedt SE1 Block 1","11WD8SCHW5X---19","Fossil Oil","11WD8SCHW5X---19","14/04/2026 12:00 - 14/04/2026 13:00","75.00",""
"14/04/2026 00:00 - 15/04/2026 00:00","CTA|DE(50Hertz)","IKS Schwedt SE1 Block 1","11WD8SCHW5X---19","Fossil Oil","11WD8SCHW5X---19","14/04/2026 13:00 - 14/04/2026 14:00","75.00",""
"14/04/2026 00:00 - 15/04/2026 00:00","CTA|DE(50Hertz)","IKS Schwedt SE1 Block 1","11WD8SCHW5X---19","Fossil Oil","11WD8SCHW5X---19","14/04/2026 14:00 - 14/04/2026 15:00","75.00",""
"14/04/2026 00:00 - 15/04/2026 00:00","CTA|DE(50Hertz)","IKS Schwedt SE1 Block 1","11WD8SCHW5X---19","Fossil Oil","11WD8SCHW5X---19","14/04/2026 15:00 - 14/04/2026 16:00","75.00",""
"14/04/2026 00:00 - 15/04/2026 00:00","CTA|DE(50Hertz)","IKS Schwedt SE1 Block 1","11WD8SCHW5X---19","Fossil Oil","11WD8SCHW5X---19","14/04/2026 16:00 - 14/04/2026 17:00","75.00",""
"14/04/2026 00:00 - 15/04/2026 00:00","CTA|DE(50Hertz)","IKS Schwedt SE1 Block 1","11WD8SCHW5X---19","Fossil Oil","11WD8SCHW5X---19","14/04/2026 17:00 - 14/04/2026 18:00","75.00",""
"14/04/2026 00:00 - 15/04/2026 00:00","CTA|DE(50Hertz)","IKS Schwedt SE1 Block 1","11WD8SCHW5X---19","Fossil Oil","11WD8SCHW5X---19","14/04/2026 18:00 - 14/04/2026 19:00","75.00",""
"14/04/2026 00:00 - 15/04/2026 00:00","CTA|DE(50Hertz)","IKS Schwedt SE1 Block 1","11WD8SCHW5X---19","Fossil Oil","11WD8SCHW5X---19","14/04/2026 19:00 - 14/04/2026 20:00","75.00",""
"14/04/2026 00:00 - 15/04/2026 00:00","CTA|DE(50Hertz)","IKS Schwedt SE1 Block 1","11WD8SCHW5X---19","Fossil Oil","11WD8SCHW5X---19","14/04/2026 20:00 - 14/04/2026 21:00","75.00",""
"14/04/2026 00:00 - 15/04/2026 00:00","CTA|DE(50Hertz)","IKS Schwedt SE1 Block 1","11WD8SCHW5X---19","Fossil Oil","11WD8SCHW5X---19","14/04/2026 21:00 - 14/04/2026 22:00","75.00",""
"14/04/2026 00:00 - 15/04/2026 00:00","CTA|DE(50Hertz)","IKS Schwedt SE1 Block 1","11WD8SCHW5X---19","Fossil Oil","11WD8SCHW5X---19","14/04/2026 22:00 - 14/04/2026 23:00","75.00",""
"14/04/2026 00:00 - 15/04/2026 00:00","CTA|DE(50Hertz)","IKS Schwedt SE1 Block 1","11WD8SCHW5X---19","Fossil Oil","11WD8SCHW5X---19","14/04/2026 23:00 - 15/04/2026 00:00","75.00",""
"14/04/2026 00:00 - 15/04/2026 00:00","CTA|DE(50Hertz)","IKS Schwedt SE2 Block 2","11WD8SCHW5X---27","Fossil Oil","11WD8SCHW5X---27","14/04/2026 00:00 - 14/04/2026 01:00","76.00",""
"14/04/2026 00:00 - 15/04/2026 00:00","CTA|DE(50Hertz)","IKS Schwedt SE2 Block 2","11WD8SCHW5X---27","Fossil Oil","11WD8SCHW5X---27","14/04/2026 01:00 - 14/04/2026 02:00","76.00",""
"14/04/2026 00:00 - 15/04/2026 00:00","CTA|DE(50Hertz)","IKS Schwedt SE2 Block 2","11WD8SCHW5X---27","Fossil Oil","11WD8SCHW5X---27","14/04/2026 02:00 - 14/04/2026 03:00","76.00",""
"14/04/2026 00:00 - 15/04/2026 00:00","CTA|DE(50Hertz)","IKS Schwedt SE2 Block 2","11WD8SCHW5X---27","Fossil Oil","11WD8SCHW5X---27","14/04/2026 03:00 - 14/04/2026 04:00","76.00",""
"14/04/2026 00:00 - 15/04/2026 00:00","CTA|DE(50Hertz)","IKS Schwedt SE2 Block 2","11WD8SCHW5X---27","Fossil Oil","11WD8SCHW5X---27","14/04/2026 04:00 - 14/04/2026 05:00","76.00",""
"14/04/2026 00:00 - 15/04/2026 00:00","CTA|DE(50Hertz)","IKS Schwedt SE2 Block 2","11WD8SCHW5X---27","Fossil Oil","11WD8SCHW5X---27","14/04/2026 05:00 - 14/04/2026 06:00","76.00",""
"14/04/2026 00:00 - 15/04/2026 00:00","CTA|DE(50Hertz)","IKS Schwedt SE2 Block 2","11WD8SCHW5X---27","Fossil Oil","11WD8SCHW5X---27","14/04/2026 06:00 - 14/04/2026 07:00","76.00",""
"14/04/2026 00:00 - 15/04/2026 00:00","CTA|DE(50Hertz)","IKS Schwedt SE2 Block 2","11WD8SCHW5X---27","Fossil Oil","11WD8SCHW5X---27","14/04/2026 07:00 - 14/04/2026 08:00","76.00",""
"14/04/2026 00:00 - 15/04/2026 00:00","CTA|DE(50Hertz)","IKS Schwedt SE2 Block 2","11WD8SCHW5X---27","Fossil Oil","11WD8SCHW5X---27","14/04/2026 08:00 - 14/04/2026 09:00","76.00",""
"14/04/2026 00:00 - 15/04/2026 00:00","CTA|DE(50Hertz)","IKS Schwedt SE2 Block 2","11WD8SCHW5X---27","Fossil Oil","11WD8SCHW5X---27","14/04/2026 09:00 - 14/04/2026 10:00","76.00",""
"14/04/2026 00:00 - 15/04/2026 00:00","CTA|DE(50Hertz)","IKS Schwedt SE2 Block 2","11WD8SCHW5X---27","Fossil Oil","11WD8SCHW5X---27","14/04/2026 10:00 - 14/04/2026 11:00","76.00",""
"14/04/2026 00:00 - 15/04/2026 00:00","CTA|DE(50Hertz)","IKS Schwedt SE2 Block 2","11WD8SCHW5X---27","Fossil Oil","11WD8SCHW5X---27","14/04/2026 11:00 - 14/04/2026 12:00","76.00",""
"14/04/2026 00:00 - 15/04/2026 00:00","CTA|DE(50Hertz)","IKS Schwedt SE2 Block 2","11WD8SCHW5X---27","Fossil Oil","11WD8SCHW5X---27","14/04/2026 12:00 - 14/04/2026 13:00","76.00",""
"14/04/2026 00:00 - 15/04/2026 00:00","CTA|DE(50Hertz)","IKS Schwedt SE2 Block 2","11WD8SCHW5X---27","Fossil Oil","11WD8SCHW5X---27","14/04/2026 13:00 - 14/04/2026 14:00","76.00",""
"14/04/2026 00:00 - 15/04/2026 00:00","CTA|DE(50Hertz)","IKS Schwedt SE2 Block 2","11WD8SCHW5X---27","Fossil Oil","11WD8SCHW5X---27","14/04/2026 14:00 - 14/04/2026 15:00","75.50",""
"14/04/2026 00:00 - 15/04/2026 00:00","CTA|DE(50Hertz)","IKS Schwedt SE2 Block 2","11WD8SCHW5X---27","Fossil Oil","11WD8SCHW5X---27","14/04/2026 15:00 - 14/04/2026 16:00","75.00",""
"14/04/2026 00:00 - 15/04/2026 00:00","CTA|DE(50Hertz)","IKS Schwedt SE2 Block 2","11WD8SCHW5X---27","Fossil Oil","11WD8SCHW5X---27","14/04/2026 16:00 - 14/04/2026 17:00","75.00",""
"14/04/2026 00:00 - 15/04/2026 00:00","CTA|DE(50Hertz)","IKS Schwedt SE2 Block 2","11WD8SCHW5X---27","Fossil Oil","11WD8SCHW5X---27","14/04/2026 17:00 - 14/04/2026 18:00","75.00",""
"14/04/2026 00:00 - 15/04/2026 00:00","CTA|DE(50Hertz)","IKS Schwedt SE2 Block 2","11WD8SCHW5X---27","Fossil Oil","11WD8SCHW5X---27","14/04/2026 18:00 - 14/04/2026 19:00","75.00",""
"14/04/2026 00:00 - 15/04/2026 00:00","CTA|DE(50Hertz)","IKS Schwedt SE2 Block 2","11WD8SCHW5X---27","Fossil Oil","11WD8SCHW5X---27","14/04/2026 19:00 - 14/04/2026 20:00","75.00",""
"14/04/2026 00:00 - 15/04/2026 00:00","CTA|DE(50Hertz)","IKS Schwedt SE2 Block 2","11WD8SCHW5X---27","Fossil Oil","11WD8SCHW5X---27","14/04/2026 20:00 - 14/04/2026 21:00","75.00",""
"14/04/2026 00:00 - 15/04/2026 00:00","CTA|DE(50Hertz)","IKS Schwedt SE2 Block 2","11WD8SCHW5X---27","Fossil Oil","11WD8SCHW5X---27","14/04/2026 21:00 - 14/04/2026 22:00","75.00",""
"14/04/2026 00:00 - 15/04/2026 00:00","CTA|DE(50Hertz)","IKS Schwedt SE2 Block 2","11WD8SCHW5X---27","Fossil Oil","11WD8SCHW5X---27","14/04/2026 22:00 - 14/04/2026 23:00","75.00",""
"14/04/2026 00:00 - 15/04/2026 00:00","CTA|DE(50Hertz)","IKS Schwedt SE2 Block 2","11WD8SCHW5X---27","Fossil Oil","11WD8SCHW5X---27","14/04/2026 23:00 - 15/04/2026 00:00","75.00",""
"14/04/2026 00:00 - 15/04/2026 00:00","CTA|DE(50Hertz)","KW Schwarze Pumpe Block A","11WD8SWPU1L---AK","Fossil Brown coal/Lignite","11WD8SWPU1L---AK","14/04/2026 00:00 - 14/04/2026 01:00","460.25",""
"14/04/2026 00:00 - 15/04/2026 00:00","CTA|DE(50Hertz)","KW Schwarze Pumpe Block A","11WD8SWPU1L---AK","Fossil Brown coal/Lignite","11WD8SWPU1L---AK","14/04/2026 01:00 - 14/04/2026 02:00","640.50",""
"14/04/2026 00:00 - 15/04/2026 00:00","CTA|DE(50Hertz)","KW Schwarze Pumpe Block A","11WD8SWPU1L---AK","Fossil Brown coal/Lignite","11WD8SWPU1L---AK","14/04/2026 02:00 - 14/04/2026 03:00","686.75",""
"14/04/2026 00:00 - 15/04/2026 00:00","CTA|DE(50Hertz)","KW Schwarze Pumpe Block A","11WD8SWPU1L---AK","Fossil Brown coal/Lignite","11WD8SWPU1L---AK","14/04/2026 03:00 - 14/04/2026 04:00","679.50",""
"14/04/2026 00:00 - 15/04/2026 00:00","CTA|DE(50Hertz)","KW Schwarze Pumpe Block A","11WD8SWPU1L---AK","Fossil Brown coal/Lignite","11WD8SWPU1L---AK","14/04/2026 04:00 - 14/04/2026 05:00","676.00",""
"14/04/2026 00:00 - 15/04/2026 00:00","CTA|DE(50Hertz)","KW Schwarze Pumpe Block A","11WD8SWPU1L---AK","Fossil Brown coal/Lignite","11WD8SWPU1L---AK","14/04/2026 05:00 - 14/04/2026 06:00","697.50",""
"14/04/2026 00:00 - 15/04/2026 00:00","CTA|DE(50Hertz)","KW Schwarze Pumpe Block A","11WD8SWPU1L---AK","Fossil Brown coal/Lignite","11WD8SWPU1L---AK","14/04/2026 06:00 - 14/04/2026 07:00","706.25",""
"14/04/2026 00:00 - 15/04/2026 00:00","CTA|DE(50Hertz)","KW Schwarze Pumpe Block A","11WD8SWPU1L---AK","Fossil Brown coal/Lignite","11WD8SWPU1L---AK","14/04/2026 07:00 - 14/04/2026 08:00","709.00",""
"14/04/2026 00:00 - 15/04/2026 00:00","CTA|DE(50Hertz)","KW Schwarze Pumpe Block A","11WD8SWPU1L---AK","Fossil Brown coal/Lignite","11WD8SWPU1L---AK","14/04/2026 08:00 - 14/04/2026 09:00","706.75",""
"14/04/2026 00:00 - 15/04/2026 00:00","CTA|DE(50Hertz)","KW Schwarze Pumpe Block A","11WD8SWPU1L---AK","Fossil Brown coal/Lignite","11WD8SWPU1L---AK","14/04/2026 09:00 - 14/04/2026 10:00","713.50",""
"14/04/2026 00:00 - 15/04/2026 00:00","CTA|DE(50Hertz)","KW Schwarze Pumpe Block A","11WD8SWPU1L---AK","Fossil Brown coal/Lignite","11WD8SWPU1L---AK","14/04/2026 10:00 - 14/04/2026 11:00","710.75",""
"14/04/2026 00:00 - 15/04/2026 00:00","CTA|DE(50Hertz)","KW Schwarze Pumpe Block A","11WD8SWPU1L---AK","Fossil Brown coal/Lignite","11WD8SWPU1L---AK","14/04/2026 11:00 - 14/04/2026 12:00","707.75",""
"14/04/2026 00:00 - 15/04/2026 00:00","CTA|DE(50Hertz)","KW Schwarze Pumpe Block A","11WD8SWPU1L---AK","Fossil Brown coal/Lignite","11WD8SWPU1L---AK","14/04/2026 12:00 - 14/04/2026 13:00","708.50",""
"14/04/2026 00:00 - 15/04/2026 00:00","CTA|DE(50Hertz)","KW Schwarze Pumpe Block A","11WD8SWPU1L---AK","Fossil Brown coal/Lignite","11WD8SWPU1L---AK","14/04/2026 13:00 - 14/04/2026 14:00","721.50",""
"14/04/2026 00:00 - 15/04/2026 00:00","CTA|DE(50Hertz)","KW Schwarze Pumpe Block A","11WD8SWPU1L---AK","Fossil Brown coal/Lignite","11WD8SWPU1L---AK","14/04/2026 14:00 - 14/04/2026 15:00","708.00",""
"14/04/2026 00:00 - 15/04/2026 00:00","CTA|DE(50Hertz)","KW Schwarze Pumpe Block A","11WD8SWPU1L---AK","Fossil Brown coal/Lignite","11WD8SWPU1L---AK","14/04/2026 15:00 - 14/04/2026 16:00","725.75",""
"14/04/2026 00:00 - 15/04/2026 00:00","CTA|DE(50Hertz)","KW Schwarze Pumpe Block A","11WD8SWPU1L---AK","Fossil Brown coal/Lignite","11WD8SWPU1L---AK","14/04/2026 16:00 - 14/04/2026 17:00","727.25",""
"14/04/2026 00:00 - 15/04/2026 00:00","CTA|DE(50Hertz)","KW Schwarze Pumpe Block A","11WD8SWPU1L---AK","Fossil Brown coal/Lignite","11WD8SWPU1L---AK","14/04/2026 17:00 - 14/04/2026 18:00","729.00",""
"14/04/2026 00:00 - 15/04/2026 00:00","CTA|DE(50Hertz)","KW Schwarze Pumpe Block A","11WD8SWPU1L---AK","Fossil Brown coal/Lignite","11WD8SWPU1L---AK","14/04/2026 18:00 - 14/04/2026 19:00","726.00",""
"14/04/2026 00:00 - 15/04/2026 00:00","CTA|DE(50Hertz)","KW Schwarze Pumpe Block A","11WD8SWPU1L---AK","Fossil Brown coal/Lignite","11WD8SWPU1L---AK","14/04/2026 19:00 - 14/04/2026 20:00","725.75",""
"14/04/2026 00:00 - 15/04/2026 00:00","CTA|DE(50Hertz)","KW Schwarze Pumpe Block A","11WD8SWPU1L---AK","Fossil Brown coal/Lignite","11WD8SWPU1L---AK","14/04/2026 20:00 - 14/04/2026 21:00","731.50",""
"14/04/2026 00:00 - 15/04/2026 00:00","CTA|DE(50Hertz)","KW Schwarze Pumpe Block A","11WD8SWPU1L---AK","Fossil Brown coal/Lignite","11WD8SWPU1L---AK","14/04/2026 21:00 - 14/04/2026 22:00","735.50",""
"14/04/2026 00:00 - 15/04/2026 00:00","CTA|DE(50Hertz)","KW Schwarze Pumpe Block A","11WD8SWPU1L---AK","Fossil Brown coal/Lignite","11WD8SWPU1L---AK","14/04/2026 22:00 - 14/04/2026 23:00","703.25",""
"14/04/2026 00:00 - 15/04/2026 00:00","CTA|DE(50Hertz)","KW Schwarze Pumpe Block A","11WD8SWPU1L---AK","Fossil Brown coal/Lignite","11WD8SWPU1L---AK","14/04/2026 23:00 - 15/04/2026 00:00","707.75",""
"14/04/2026 00:00 - 15/04/2026 00:00","CTA|DE(50Hertz)","KW Schwarze Pumpe Block B","11WD8SWPU1L---BI","Fossil Brown coal/Lignite","11WD8SWPU1L---BI","14/04/2026 00:00 - 14/04/2026 01:00","510.00",""
"14/04/2026 00:00 - 15/04/2026 00:00","CTA|DE(50Hertz)","KW Schwarze Pumpe Block B","11WD8SWPU1L---BI","Fossil Brown coal/Lignite","11WD8SWPU1L---BI","14/04/2026 01:00 - 14/04/2026 02:00","718.00",""
"14/04/2026 00:00 - 15/04/2026 00:00","CTA|DE(50Hertz)","KW Schwarze Pumpe Block B","11WD8SWPU1L---BI","Fossil Brown coal/Lignite","11WD8SWPU1L---BI","14/04/2026 02:00 - 14/04/2026 03:00","736.25",""
"14/04/2026 00:00 - 15/04/2026 00:00","CTA|DE(50Hertz)","KW Schwarze Pumpe Block B","11WD8SWPU1L---BI","Fossil Brown coal/Lignite","11WD8SWPU1L---BI","14/04/2026 03:00 - 14/04/2026 04:00","716.50",""
"14/04/2026 00:00 - 15/04/2026 00:00","CTA|DE(50Hertz)","KW Schwarze Pumpe Block B","11WD8SWPU1L---BI","Fossil Brown coal/Lignite","11WD8SWPU1L---BI","14/04/2026 04:00 - 14/04/2026 05:00","711.25",""
"14/04/2026 00:00 - 15/04/2026 00:00","CTA|DE(50Hertz)","KW Schwarze Pumpe Block B","11WD8SWPU1L---BI","Fossil Brown coal/Lignite","11WD8SWPU1L---BI","14/04/2026 05:00 - 14/04/2026 06:00","721.75",""
"14/04/2026 00:00 - 15/04/2026 00:00","CTA|DE(50Hertz)","KW Schwarze Pumpe Block B","11WD8SWPU1L---BI","Fossil Brown coal/Lignite","11WD8SWPU1L---BI","14/04/2026 06:00 - 14/04/2026 07:00","709.75",""
"14/04/2026 00:00 - 15/04/2026 00:00","CTA|DE(50Hertz)","KW Schwarze Pumpe Block B","11WD8SWPU1L---BI","Fossil Brown coal/Lignite","11WD8SWPU1L---BI","14/04/2026 07:00 - 14/04/2026 08:00","704.25",""
"14/04/2026 00:00 - 15/04/2026 00:00","CTA|DE(50Hertz)","KW Schwarze Pumpe Block B","11WD8SWPU1L---BI","Fossil Brown coal/Lignite","11WD8SWPU1L---BI","14/04/2026 08:00 - 14/04/2026 09:00","706.00",""
"14/04/2026 00:00 - 15/04/2026 00:00","CTA|DE(50Hertz)","KW Schwarze Pumpe Block B","11WD8SWPU1L---BI","Fossil Brown coal/Lignite","11WD8SWPU1L---BI","14/04/2026 09:00 - 14/04/2026 10:00","705.25",""
"14/04/2026 00:00 - 15/04/2026 00:00","CTA|DE(50Hertz)","KW Schwarze Pumpe Block B","11WD8SWPU1L---BI","Fossil Brown coal/Lignite","11WD8SWPU1L---BI","14/04/2026 10:00 - 14/04/2026 11:00","710.50",""
"14/04/2026 00:00 - 15/04/2026 00:00","CTA|DE(50Hertz)","KW Schwarze Pumpe Block B","11WD8SWPU1L---BI","Fossil Brown coal/Lignite","11WD8SWPU1L---BI","14/04/2026 11:00 - 14/04/2026 12:00","707.75",""
"14/04/2026 00:00 - 15/04/2026 00:00","CTA|DE(50Hertz)","KW Schwarze Pumpe Block B","11WD8SWPU1L---BI","Fossil Brown coal/Lignite","11WD8SWPU1L---BI","14/04/2026 12:00 - 14/04/2026 13:00","700.50",""
"14/04/2026 00:00 - 15/04/2026 00:00","CTA|DE(50Hertz)","KW Schwarze Pumpe Block B","11WD8SWPU1L---BI","Fossil Brown coal/Lignite","11WD8SWPU1L---BI","14/04/2026 13:00 - 14/04/2026 14:00","694.25",""
"14/04/2026 00:00 - 15/04/2026 00:00","CTA|DE(50Hertz)","KW Schwarze Pumpe Block B","11WD8SWPU1L---BI","Fossil Brown coal/Lignite","11WD8SWPU1L---BI","14/04/2026 14:00 - 14/04/2026 15:00","690.75",""
"14/04/2026 00:00 - 15/04/2026 00:00","CTA|DE(50Hertz)","KW Schwarze Pumpe Block B","11WD8SWPU1L---BI","Fossil Brown coal/Lignite","11WD8SWPU1L---BI","14/04/2026 15:00 - 14/04/2026 16:00","709.00",""
"14/04/2026 00:00 - 15/04/2026 00:00","CTA|DE(50Hertz)","KW Schwarze Pumpe Block B","11WD8SWPU1L---BI","Fossil Brown coal/Lignite","11WD8SWPU1L---BI","14/04/2026 16:00 - 14/04/2026 17:00","706.25",""
"14/04/2026 00:00 - 15/04/2026 00:00","CTA|DE(50Hertz)","KW Schwarze Pumpe Block B","11WD8SWPU1L---BI","Fossil Brown coal/Lignite","11WD8SWPU1L---BI","14/04/2026 17:00 - 14/04/2026 18:00","712.25",""
"14/04/2026 00:00 - 15/04/2026 00:00","CTA|DE(50Hertz)","KW Schwarze Pumpe Block B","11WD8SWPU1L---BI","Fossil Brown coal/Lignite","11WD8SWPU1L---BI","14/04/2026 18:00 - 14/04/2026 19:00","730.50",""
"14/04/2026 00:00 - 15/04/2026 00:00","CTA|DE(50Hertz)","KW Schwarze Pumpe Block B","11WD8SWPU1L---BI","Fossil Brown coal/Lignite","11WD8SWPU1L---BI","14/04/2026 19:00 - 14/04/2026 20:00","735.75",""
"14/04/2026 00:00 - 15/04/2026 00:00","CTA|DE(50Hertz)","KW Schwarze Pumpe Block B","11WD8SWPU1L---BI","Fossil Brown coal/Lignite","11WD8SWPU1L---BI","14/04/2026 20:00 - 14/04/2026 21:00","739.00",""
"14/04/2026 00:00 - 15/04/2026 00:00","CTA|DE(50Hertz)","KW Schwarze Pumpe Block B","11WD8SWPU1L---BI","Fossil Brown coal/Lignite","11WD8SWPU1L---BI","14/04/2026 21:00 - 14/04/2026 22:00","741.25",""
"14/04/2026 00:00 - 15/04/2026 00:00","CTA|DE(50Hertz)","KW Schwarze Pumpe Block B","11WD8SWPU1L---BI","Fossil Brown coal/Lignite","11WD8SWPU1L---BI","14/04/2026 22:00 - 14/04/2026 23:00","693.25",""
"14/04/2026 00:00 - 15/04/2026 00:00","CTA|DE(50Hertz)","KW Schwarze Pumpe Block B","11WD8SWPU1L---BI","Fossil Brown coal/Lignite","11WD8SWPU1L---BI","14/04/2026 23:00 - 15/04/2026 00:00","724.50",""
"14/04/2026 00:00 - 15/04/2026 00:00","CTA|DE(50Hertz)","HKW Tiefstack Block 2","11WD8TIEF5C----9","Fossil Hard coal","11WD8TIEF5C----9","14/04/2026 00:00 - 14/04/2026 01:00","148.50",""
"14/04/2026 00:00 - 15/04/2026 00:00","CTA|DE(50Hertz)","HKW Tiefstack Block 2","11WD8TIEF5C----9","Fossil Hard coal","11WD8TIEF5C----9","14/04/2026 01:00 - 14/04/2026 02:00","151.25",""
"14/04/2026 00:00 - 15/04/2026 00:00","CTA|DE(50Hertz)","HKW Tiefstack Block 2","11WD8TIEF5C----9","Fossil Hard coal","11WD8TIEF5C----9","14/04/2026 02:00 - 14/04/2026 03:00","152.25",""
"14/04/2026 00:00 - 15/04/2026 00:00","CTA|DE(50Hertz)","HKW Tiefstack Block 2","11WD8TIEF5C----9","Fossil Hard coal","11WD8TIEF5C----9","14/04/2026 03:00 - 14/04/2026 04:00","153.50",""
"14/04/2026 00:00 - 15/04/2026 00:00","CTA|DE(50Hertz)","HKW Tiefstack Block 2","11WD8TIEF5C----9","Fossil Hard coal","11WD8TIEF5C----9","14/04/2026 04:00 - 14/04/2026 05:00","155.75",""
"14/04/2026 00:00 - 15/04/2026 00:00","CTA|DE(50Hertz)","HKW Tiefstack Block 2","11WD8TIEF5C----9","Fossil Hard coal","11WD8TIEF5C----9","14/04/2026 05:00 - 14/04/2026 06:00","154.50",""
"14/04/2026 00:00 - 15/04/2026 00:00","CTA|DE(50Hertz)","HKW Tiefstack Block 2","11WD8TIEF5C----9","Fossil Hard coal","11WD8TIEF5C----9","14/04/2026 06:00 - 14/04/2026 07:00","153.00",""
"14/04/2026 00:00 - 15/04/2026 00:00","CTA|DE(50Hertz)","HKW Tiefstack Block 2","11WD8TIEF5C----9","Fossil Hard coal","11WD8TIEF5C----9","14/04/2026 07:00 - 14/04/2026 08:00","153.75",""
"14/04/2026 00:00 - 15/04/2026 00:00","CTA|DE(50Hertz)","HKW Tiefstack Block 2","11WD8TIEF5C----9","Fossil Hard coal","11WD8TIEF5C----9","14/04/2026 08:00 - 14/04/2026 09:00","134.25",""
"14/04/2026 00:00 - 15/04/2026 00:00","CTA|DE(50Hertz)","HKW Tiefstack Block 2","11WD8TIEF5C----9","Fossil Hard coal","11WD8TIEF5C----9","14/04/2026 09:00 - 14/04/2026 10:00","97.50",""
"14/04/2026 00:00 - 15/04/2026 00:00","CTA|DE(50Hertz)","HKW Tiefstack Block 2","11WD8TIEF5C----9","Fossil Hard coal","11WD8TIEF5C----9","14/04/2026 10:00 - 14/04/2026 11:00","81.50",""
"14/04/2026 00:00 - 15/04/2026 00:00","CTA|DE(50Hertz)","HKW Tiefstack Block 2","11WD8TIEF5C----9","Fossil Hard coal","11WD8TIEF5C----9","14/04/2026 11:00 - 14/04/2026 12:00","81.50",""
"14/04/2026 00:00 - 15/04/2026 00:00","CTA|DE(50Hertz)","HKW Tiefstack Block 2","11WD8TIEF5C----9","Fossil Hard coal","11WD8TIEF5C----9","14/04/2026 12:00 - 14/04/2026 13:00","80.25",""
"14/04/2026 00:00 - 15/04/2026 00:00","CTA|DE(50Hertz)","HKW Tiefstack Block 2","11WD8TIEF5C----9","Fossil Hard coal","11WD8TIEF5C----9","14/04/2026 13:00 - 14/04/2026 14:00","71.00",""
"14/04/2026 00:00 - 15/04/2026 00:00","CTA|DE(50Hertz)","HKW Tiefstack Block 2","11WD8TIEF5C----9","Fossil Hard coal","11WD8TIEF5C----9","14/04/2026 14:00 - 14/04/2026 15:00","74.50",""
"14/04/2026 00:00 - 15/04/2026 00:00","CTA|DE(50Hertz)","HKW Tiefstack Block 2","11WD8TIEF5C----9","Fossil Hard coal","11WD8TIEF5C----9","14/04/2026 15:00 - 14/04/2026 16:00","72.50",""
"14/04/2026 00:00 - 15/04/2026 00:00","CTA|DE(50Hertz)","HKW Tiefstack Block 2","11WD8TIEF5C----9","Fossil Hard coal","11WD8TIEF5C----9","14/04/2026 16:00 - 14/04/2026 17:00","99.50",""
"14/04/2026 00:00 - 15/04/2026 00:00","CTA|DE(50Hertz)","HKW Tiefstack Block 2","11WD8TIEF5C----9","Fossil Hard coal","11WD8TIEF5C----9","14/04/2026 17:00 - 14/04/2026 18:00","165.75",""
"14/04/2026 00:00 - 15/04/2026 00:00","CTA|DE(50Hertz)","HKW Tiefstack Block 2","11WD8TIEF5C----9","Fossil Hard coal","11WD8TIEF5C----9","14/04/2026 18:00 - 14/04/2026 19:00","164.25",""
"14/04/2026 00:00 - 15/04/2026 00:00","CTA|DE(50Hertz)","HKW Tiefstack Block 2","11WD8TIEF5C----9","Fossil Hard coal","11WD8TIEF5C----9","14/04/2026 19:00 - 14/04/2026 20:00","160.75",""
"14/04/2026 00:00 - 15/04/2026 00:00","CTA|DE(50Hertz)","HKW Tiefstack Block 2","11WD8TIEF5C----9","Fossil Hard coal","11WD8TIEF5C----9","14/04/2026 20:00 - 14/04/2026 21:00","160.25",""
"14/04/2026 00:00 - 15/04/2026 00:00","CTA|DE(50Hertz)","HKW Tiefstack Block 2","11WD8TIEF5C----9","Fossil Hard coal","11WD8TIEF5C----9","14/04/2026 21:00 - 14/04/2026 22:00","158.00",""
"14/04/2026 00:00 - 15/04/2026 00:00","CTA|DE(50Hertz)","HKW Tiefstack Block 2","11WD8TIEF5C----9","Fossil Hard coal","11WD8TIEF5C----9","14/04/2026 22:00 - 14/04/2026 23:00","158.50",""
"14/04/2026 00:00 - 15/04/2026 00:00","CTA|DE(50Hertz)","HKW Tiefstack Block 2","11WD8TIEF5C----9","Fossil Hard coal","11WD8TIEF5C----9","14/04/2026 23:00 - 15/04/2026 00:00","160.25",""
"14/04/2026 00:00 - 15/04/2026 00:00","CTA|DE(50Hertz)","HKW Tiefstack GuD","11WD8TIEF5G-GUDI","Fossil Gas","11WD8TIEF5G-GUDI","14/04/2026 00:00 - 14/04/2026 01:00","0.00",""
"14/04/2026 00:00 - 15/04/2026 00:00","CTA|DE(50Hertz)","HKW Tiefstack GuD","11WD8TIEF5G-GUDI","Fossil Gas","11WD8TIEF5G-GUDI","14/04/2026 01:00 - 14/04/2026 02:00","0.00",""
"14/04/2026 00:00 - 15/04/2026 00:00","CTA|DE(50Hertz)","HKW Tiefstack GuD","11WD8TIEF5G-GUDI","Fossil Gas","11WD8TIEF5G-GUDI","14/04/2026 02:00 - 14/04/2026 03:00","0.00",""
"14/04/2026 00:00 - 15/04/2026 00:00","CTA|DE(50Hertz)","HKW Tiefstack GuD","11WD8TIEF5G-GUDI","Fossil Gas","11WD8TIEF5G-GUDI","14/04/2026 03:00 - 14/04/2026 04:00","0.00",""
"14/04/2026 00:00 - 15/04/2026 00:00","CTA|DE(50Hertz)","HKW Tiefstack GuD","11WD8TIEF5G-GUDI","Fossil Gas","11WD8TIEF5G-GUDI","14/04/2026 04:00 - 14/04/2026 05:00","0.00",""
"14/04/2026 00:00 - 15/04/2026 00:00","CTA|DE(50Hertz)","HKW Tiefstack GuD","11WD8TIEF5G-GUDI","Fossil Gas","11WD8TIEF5G-GUDI","14/04/2026 05:00 - 14/04/2026 06:00","0.00",""
"14/04/2026 00:00 - 15/04/2026 00:00","CTA|DE(50Hertz)","HKW Tiefstack GuD","11WD8TIEF5G-GUDI","Fossil Gas","11WD8TIEF5G-GUDI","14/04/2026 06:00 - 14/04/2026 07:00","76.00",""
"14/04/2026 00:00 - 15/04/2026 00:00","CTA|DE(50Hertz)","HKW Tiefstack GuD","11WD8TIEF5G-GUDI","Fossil Gas","11WD8TIEF5G-GUDI","14/04/2026 07:00 - 14/04/2026 08:00","111.75",""
"14/04/2026 00:00 - 15/04/2026 00:00","CTA|DE(50Hertz)","HKW Tiefstack GuD","11WD8TIEF5G-GUDI","Fossil Gas","11WD8TIEF5G-GUDI","14/04/2026 08:00 - 14/04/2026 09:00","108.50",""
"14/04/2026 00:00 - 15/04/2026 00:00","CTA|DE(50Hertz)","HKW Tiefstack GuD","11WD8TIEF5G-GUDI","Fossil Gas","11WD8TIEF5G-GUDI","14/04/2026 09:00 - 14/04/2026 10:00","17.25",""
"14/04/2026 00:00 - 15/04/2026 00:00","CTA|DE(50Hertz)","HKW Tiefstack GuD","11WD8TIEF5G-GUDI","Fossil Gas","11WD8TIEF5G-GUDI","14/04/2026 10:00 - 14/04/2026 11:00","0.00",""
"14/04/2026 00:00 - 15/04/2026 00:00","CTA|DE(50Hertz)","HKW Tiefstack GuD","11WD8TIEF5G-GUDI","Fossil Gas","11WD8TIEF5G-GUDI","14/04/2026 11:00 - 14/04/2026 12:00","0.25",""
"14/04/2026 00:00 - 15/04/2026 00:00","CTA|DE(50Hertz)","HKW Tiefstack GuD","11WD8TIEF5G-GUDI","Fossil Gas","11WD8TIEF5G-GUDI","14/04/2026 12:00 - 14/04/2026 13:00","2.75",""
"14/04/2026 00:00 - 15/04/2026 00:00","CTA|DE(50Hertz)","HKW Tiefstack GuD","11WD8TIEF5G-GUDI","Fossil Gas","11WD8TIEF5G-GUDI","14/04/2026 13:00 - 14/04/2026 14:00","2.25",""
"14/04/2026 00:00 - 15/04/2026 00:00","CTA|DE(50Hertz)","HKW Tiefstack GuD","11WD8TIEF5G-GUDI","Fossil Gas","11WD8TIEF5G-GUDI","14/04/2026 14:00 - 14/04/2026 15:00","2.00",""
"14/04/2026 00:00 - 15/04/2026 00:00","CTA|DE(50Hertz)","HKW Tiefstack GuD","11WD8TIEF5G-GUDI","Fossil Gas","11WD8TIEF5G-GUDI","14/04/2026 15:00 - 14/04/2026 16:00","2.00",""
"14/04/2026 00:00 - 15/04/2026 00:00","CTA|DE(50Hertz)","HKW Tiefstack GuD","11WD8TIEF5G-GUDI","Fossil Gas","11WD8TIEF5G-GUDI","14/04/2026 16:00 - 14/04/2026 17:00","2.00",""
"14/04/2026 00:00 - 15/04/2026 00:00","CTA|DE(50Hertz)","HKW Tiefstack GuD","11WD8TIEF5G-GUDI","Fossil Gas","11WD8TIEF5G-GUDI","14/04/2026 17:00 - 14/04/2026 18:00","0.75",""
"14/04/2026 00:00 - 15/04/2026 00:00","CTA|DE(50Hertz)","HKW Tiefstack GuD","11WD8TIEF5G-GUDI","Fossil Gas","11WD8TIEF5G-GUDI","14/04/2026 18:00 - 14/04/2026 19:00","14.00",""
"14/04/2026 00:00 - 15/04/2026 00:00","CTA|DE(50Hertz)","HKW Tiefstack GuD","11WD8TIEF5G-GUDI","Fossil Gas","11WD8TIEF5G-GUDI","14/04/2026 19:00 - 14/04/2026 20:00","105.00",""
"14/04/2026 00:00 - 15/04/2026 00:00","CTA|DE(50Hertz)","HKW Tiefstack GuD","11WD8TIEF5G-GUDI","Fossil Gas","11WD8TIEF5G-GUDI","14/04/2026 20:00 - 14/04/2026 21:00","108.00",""
"14/04/2026 00:00 - 15/04/2026 00:00","CTA|DE(50Hertz)","HKW Tiefstack GuD","11WD8TIEF5G-GUDI","Fossil Gas","11WD8TIEF5G-GUDI","14/04/2026 21:00 - 14/04/2026 22:00","109.25",""
"14/04/2026 00:00 - 15/04/2026 00:00","CTA|DE(50Hertz)","HKW Tiefstack GuD","11WD8TIEF5G-GUDI","Fossil Gas","11WD8TIEF5G-GUDI","14/04/2026 22:00 - 14/04/2026 23:00","111.25",""
"14/04/2026 00:00 - 15/04/2026 00:00","CTA|DE(50Hertz)","HKW Tiefstack GuD","11WD8TIEF5G-GUDI","Fossil Gas","11WD8TIEF5G-GUDI","14/04/2026 23:00 - 15/04/2026 00:00","52.75",""
"14/04/2026 00:00 - 15/04/2026 00:00","CTA|DE(50Hertz)","HKW Wedel Block 1","11WD8WED15C---1M","Fossil Hard coal","11WD8WED15C---1M","14/04/2026 00:00 - 14/04/2026 01:00","78.25",""
"14/04/2026 00:00 - 15/04/2026 00:00","CTA|DE(50Hertz)","HKW Wedel Block 1","11WD8WED15C---1M","Fossil Hard coal","11WD8WED15C---1M","14/04/2026 01:00 - 14/04/2026 02:00","78.50",""
"14/04/2026 00:00 - 15/04/2026 00:00","CTA|DE(50Hertz)","HKW Wedel Block 1","11WD8WED15C---1M","Fossil Hard coal","11WD8WED15C---1M","14/04/2026 02:00 - 14/04/2026 03:00","79.75",""
"14/04/2026 00:00 - 15/04/2026 00:00","CTA|DE(50Hertz)","HKW Wedel Block 1","11WD8WED15C---1M","Fossil Hard coal","11WD8WED15C---1M","14/04/2026 03:00 - 14/04/2026 04:00","80.00",""
"14/04/2026 00:00 - 15/04/2026 00:00","CTA|DE(50Hertz)","HKW Wedel Block 1","11WD8WED15C---1M","Fossil Hard coal","11WD8WED15C---1M","14/04/2026 04:00 - 14/04/2026 05:00","80.00",""
"14/04/2026 00:00 - 15/04/2026 00:00","CTA|DE(50Hertz)","HKW Wedel Block 1","11WD8WED15C---1M","Fossil Hard coal","11WD8WED15C---1M","14/04/2026 05:00 - 14/04/2026 06:00","79.50",""
"14/04/2026 00:00 - 15/04/2026 00:00","CTA|DE(50Hertz)","HKW Wedel Block 1","11WD8WED15C---1M","Fossil Hard coal","11WD8WED15C---1M","14/04/2026 06:00 - 14/04/2026 07:00","76.25",""
"14/04/2026 00:00 - 15/04/2026 00:00","CTA|DE(50Hertz)","HKW Wedel Block 1","11WD8WED15C---1M","Fossil Hard coal","11WD8WED15C---1M","14/04/2026 07:00 - 14/04/2026 08:00","72.75",""
"14/04/2026 00:00 - 15/04/2026 00:00","CTA|DE(50Hertz)","HKW Wedel Block 1","11WD8WED15C---1M","Fossil Hard coal","11WD8WED15C---1M","14/04/2026 08:00 - 14/04/2026 09:00","71.50",""
"14/04/2026 00:00 - 15/04/2026 00:00","CTA|DE(50Hertz)","HKW Wedel Block 1","11WD8WED15C---1M","Fossil Hard coal","11WD8WED15C---1M","14/04/2026 09:00 - 14/04/2026 10:00","72.25",""
"14/04/2026 00:00 - 15/04/2026 00:00","CTA|DE(50Hertz)","HKW Wedel Block 1","11WD8WED15C---1M","Fossil Hard coal","11WD8WED15C---1M","14/04/2026 10:00 - 14/04/2026 11:00","74.25",""
"14/04/2026 00:00 - 15/04/2026 00:00","CTA|DE(50Hertz)","HKW Wedel Block 1","11WD8WED15C---1M","Fossil Hard coal","11WD8WED15C---1M","14/04/2026 11:00 - 14/04/2026 12:00","74.75",""
"14/04/2026 00:00 - 15/04/2026 00:00","CTA|DE(50Hertz)","HKW Wedel Block 1","11WD8WED15C---1M","Fossil Hard coal","11WD8WED15C---1M","14/04/2026 12:00 - 14/04/2026 13:00","49.75",""
"14/04/2026 00:00 - 15/04/2026 00:00","CTA|DE(50Hertz)","HKW Wedel Block 1","11WD8WED15C---1M","Fossil Hard coal","11WD8WED15C---1M","14/04/2026 13:00 - 14/04/2026 14:00","37.75",""
"14/04/2026 00:00 - 15/04/2026 00:00","CTA|DE(50Hertz)","HKW Wedel Block 1","11WD8WED15C---1M","Fossil Hard coal","11WD8WED15C---1M","14/04/2026 14:00 - 14/04/2026 15:00","39.00",""
"14/04/2026 00:00 - 15/04/2026 00:00","CTA|DE(50Hertz)","HKW Wedel Block 1","11WD8WED15C---1M","Fossil Hard coal","11WD8WED15C---1M","14/04/2026 15:00 - 14/04/2026 16:00","50.00",""
"14/04/2026 00:00 - 15/04/2026 00:00","CTA|DE(50Hertz)","HKW Wedel Block 1","11WD8WED15C---1M","Fossil Hard coal","11WD8WED15C---1M","14/04/2026 16:00 - 14/04/2026 17:00","77.50",""
"14/04/2026 00:00 - 15/04/2026 00:00","CTA|DE(50Hertz)","HKW Wedel Block 1","11WD8WED15C---1M","Fossil Hard coal","11WD8WED15C---1M","14/04/2026 17:00 - 14/04/2026 18:00","81.25",""
"14/04/2026 00:00 - 15/04/2026 00:00","CTA|DE(50Hertz)","HKW Wedel Block 1","11WD8WED15C---1M","Fossil Hard coal","11WD8WED15C---1M","14/04/2026 18:00 - 14/04/2026 19:00","81.75",""
"14/04/2026 00:00 - 15/04/2026 00:00","CTA|DE(50Hertz)","HKW Wedel Block 1","11WD8WED15C---1M","Fossil Hard coal","11WD8WED15C---1M","14/04/2026 19:00 - 14/04/2026 20:00","81.00",""
"14/04/2026 00:00 - 15/04/2026 00:00","CTA|DE(50Hertz)","HKW Wedel Block 1","11WD8WED15C---1M","Fossil Hard coal","11WD8WED15C---1M","14/04/2026 20:00 - 14/04/2026 21:00","79.00",""
"14/04/2026 00:00 - 15/04/2026 00:00","CTA|DE(50Hertz)","HKW Wedel Block 1","11WD8WED15C---1M","Fossil Hard coal","11WD8WED15C---1M","14/04/2026 21:00 - 14/04/2026 22:00","79.00",""
"14/04/2026 00:00 - 15/04/2026 00:00","CTA|DE(50Hertz)","HKW Wedel Block 1","11WD8WED15C---1M","Fossil Hard coal","11WD8WED15C---1M","14/04/2026 22:00 - 14/04/2026 23:00","79.00",""
"14/04/2026 00:00 - 15/04/2026 00:00","CTA|DE(50Hertz)","HKW Wedel Block 1","11WD8WED15C---1M","Fossil Hard coal","11WD8WED15C---1M","14/04/2026 23:00 - 15/04/2026 00:00","79.00",""
"14/04/2026 00:00 - 15/04/2026 00:00","CTA|DE(50Hertz)","HKW Wedel Block 2","11WD8WED15C---2K","Fossil Hard coal","11WD8WED15C---2K","14/04/2026 00:00 - 14/04/2026 01:00","79.00",""
"14/04/2026 00:00 - 15/04/2026 00:00","CTA|DE(50Hertz)","HKW Wedel Block 2","11WD8WED15C---2K","Fossil Hard coal","11WD8WED15C---2K","14/04/2026 01:00 - 14/04/2026 02:00","80.00",""
"14/04/2026 00:00 - 15/04/2026 00:00","CTA|DE(50Hertz)","HKW Wedel Block 2","11WD8WED15C---2K","Fossil Hard coal","11WD8WED15C---2K","14/04/2026 02:00 - 14/04/2026 03:00","80.25",""
"14/04/2026 00:00 - 15/04/2026 00:00","CTA|DE(50Hertz)","HKW Wedel Block 2","11WD8WED15C---2K","Fossil Hard coal","11WD8WED15C---2K","14/04/2026 03:00 - 14/04/2026 04:00","80.50",""
"14/04/2026 00:00 - 15/04/2026 00:00","CTA|DE(50Hertz)","HKW Wedel Block 2","11WD8WED15C---2K","Fossil Hard coal","11WD8WED15C---2K","14/04/2026 04:00 - 14/04/2026 05:00","81.00",""
"14/04/2026 00:00 - 15/04/2026 00:00","CTA|DE(50Hertz)","HKW Wedel Block 2","11WD8WED15C---2K","Fossil Hard coal","11WD8WED15C---2K","14/04/2026 05:00 - 14/04/2026 06:00","79.50",""
"14/04/2026 00:00 - 15/04/2026 00:00","CTA|DE(50Hertz)","HKW Wedel Block 2","11WD8WED15C---2K","Fossil Hard coal","11WD8WED15C---2K","14/04/2026 06:00 - 14/04/2026 07:00","80.75",""
"14/04/2026 00:00 - 15/04/2026 00:00","CTA|DE(50Hertz)","HKW Wedel Block 2","11WD8WED15C---2K","Fossil Hard coal","11WD8WED15C---2K","14/04/2026 07:00 - 14/04/2026 08:00","79.25",""
"14/04/2026 00:00 - 15/04/2026 00:00","CTA|DE(50Hertz)","HKW Wedel Block 2","11WD8WED15C---2K","Fossil Hard coal","11WD8WED15C---2K","14/04/2026 08:00 - 14/04/2026 09:00","80.50",""
"14/04/2026 00:00 - 15/04/2026 00:00","CTA|DE(50Hertz)","HKW Wedel Block 2","11WD8WED15C---2K","Fossil Hard coal","11WD8WED15C---2K","14/04/2026 09:00 - 14/04/2026 10:00","81.75",""
"14/04/2026 00:00 - 15/04/2026 00:00","CTA|DE(50Hertz)","HKW Wedel Block 2","11WD8WED15C---2K","Fossil Hard coal","11WD8WED15C---2K","14/04/2026 10:00 - 14/04/2026 11:00","81.75",""
"14/04/2026 00:00 - 15/04/2026 00:00","CTA|DE(50Hertz)","HKW Wedel Block 2","11WD8WED15C---2K","Fossil Hard coal","11WD8WED15C---2K","14/04/2026 11:00 - 14/04/2026 12:00","82.00",""
"14/04/2026 00:00 - 15/04/2026 00:00","CTA|DE(50Hertz)","HKW Wedel Block 2","11WD8WED15C---2K","Fossil Hard coal","11WD8WED15C---2K","14/04/2026 12:00 - 14/04/2026 13:00","82.50",""
"14/04/2026 00:00 - 15/04/2026 00:00","CTA|DE(50Hertz)","HKW Wedel Block 2","11WD8WED15C---2K","Fossil Hard coal","11WD8WED15C---2K","14/04/2026 13:00 - 14/04/2026 14:00","80.50",""
"14/04/2026 00:00 - 15/04/2026 00:00","CTA|DE(50Hertz)","HKW Wedel Block 2","11WD8WED15C---2K","Fossil Hard coal","11WD8WED15C---2K","14/04/2026 14:00 - 14/04/2026 15:00","78.50",""
"14/04/2026 00:00 - 15/04/2026 00:00","CTA|DE(50Hertz)","HKW Wedel Block 2","11WD8WED15C---2K","Fossil Hard coal","11WD8WED15C---2K","14/04/2026 15:00 - 14/04/2026 16:00","80.25",""
"14/04/2026 00:00 - 15/04/2026 00:00","CTA|DE(50Hertz)","HKW Wedel Block 2","11WD8WED15C---2K","Fossil Hard coal","11WD8WED15C---2K","14/04/2026 16:00 - 14/04/2026 17:00","82.50",""
"14/04/2026 00:00 - 15/04/2026 00:00","CTA|DE(50Hertz)","HKW Wedel Block 2","11WD8WED15C---2K","Fossil Hard coal","11WD8WED15C---2K","14/04/2026 17:00 - 14/04/2026 18:00","83.00",""
"14/04/2026 00:00 - 15/04/2026 00:00","CTA|DE(50Hertz)","HKW Wedel Block 2","11WD8WED15C---2K","Fossil Hard coal","11WD8WED15C---2K","14/04/2026 18:00 - 14/04/2026 19:00","84.75",""
"14/04/2026 00:00 - 15/04/2026 00:00","CTA|DE(50Hertz)","HKW Wedel Block 2","11WD8WED15C---2K","Fossil Hard coal","11WD8WED15C---2K","14/04/2026 19:00 - 14/04/2026 20:00","84.75",""
"14/04/2026 00:00 - 15/04/2026 00:00","CTA|DE(50Hertz)","HKW Wedel Block 2","11WD8WED15C---2K","Fossil Hard coal","11WD8WED15C---2K","14/04/2026 20:00 - 14/04/2026 21:00","84.75",""
"14/04/2026 00:00 - 15/04/2026 00:00","CTA|DE(50Hertz)","HKW Wedel Block 2","11WD8WED15C---2K","Fossil Hard coal","11WD8WED15C---2K","14/04/2026 21:00 - 14/04/2026 22:00","84.25",""
"14/04/2026 00:00 - 15/04/2026 00:00","CTA|DE(50Hertz)","HKW Wedel Block 2","11WD8WED15C---2K","Fossil Hard coal","11WD8WED15C---2K","14/04/2026 22:00 - 14/04/2026 23:00","84.25",""
"14/04/2026 00:00 - 15/04/2026 00:00","CTA|DE(50Hertz)","HKW Wedel Block 2","11WD8WED15C---2K","Fossil Hard coal","11WD8WED15C---2K","14/04/2026 23:00 - 15/04/2026 00:00","83.75",""
"14/04/2026 00:00 - 15/04/2026 00:00","CTA|DE(TenneT GER)","Sued GuD1 GT11","11W0-0000-0241-V","Fossil Gas","11W0-0000-0241-V","14/04/2026 00:00 - 14/04/2026 01:00","n/e","n/e"
"14/04/2026 00:00 - 15/04/2026 00:00","CTA|DE(TenneT GER)","Sued GuD1 GT11","11W0-0000-0241-V","Fossil Gas","11W0-0000-0241-V","14/04/2026 01:00 - 14/04/2026 02:00","n/e","n/e"
"14/04/2026 00:00 - 15/04/2026 00:00","CTA|DE(TenneT GER)","Sued GuD1 GT11","11W0-0000-0241-V","Fossil Gas","11W0-0000-0241-V","14/04/2026 02:00 - 14/04/2026 03:00","n/e","n/e"
"14/04/2026 00:00 - 15/04/2026 00:00","CTA|DE(TenneT GER)","Sued GuD1 GT11","11W0-0000-0241-V","Fossil Gas","11W0-0000-0241-V","14/04/2026 03:00 - 14/04/2026 04:00","n/e","n/e"
"14/04/2026 00:00 - 15/04/2026 00:00","CTA|DE(TenneT GER)","Sued GuD1 GT11","11W0-0000-0241-V","Fossil Gas","11W0-0000-0241-V","14/04/2026 04:00 - 14/04/2026 05:00","n/e","n/e"
"14/04/2026 00:00 - 15/04/2026 00:00","CTA|DE(TenneT GER)","Sued GuD1 GT11","11W0-0000-0241-V","Fossil Gas","11W0-0000-0241-V","14/04/2026 05:00 - 14/04/2026 06:00","n/e","n/e"
"14/04/2026 00:00 - 15/04/2026 00:00","CTA|DE(TenneT GER)","Sued GuD1 GT11","11W0-0000-0241-V","Fossil Gas","11W0-0000-0241-V","14/04/2026 06:00 - 14/04/2026 07:00","n/e","n/e"
"14/04/2026 00:00 - 15/04/2026 00:00","CTA|DE(TenneT GER)","Sued GuD1 GT11","11W0-0000-0241-V","Fossil Gas","11W0-0000-0241-V","14/04/2026 07:00 - 14/04/2026 08:00","n/e","n/e"
"14/04/2026 00:00 - 15/04/2026 00:00","CTA|DE(TenneT GER)","Sued GuD1 GT11","11W0-0000-0241-V","Fossil Gas","11W0-0000-0241-V","14/04/2026 08:00 - 14/04/2026 09:00","n/e","n/e"
"14/04/2026 00:00 - 15/04/2026 00:00","CTA|DE(TenneT GER)","Sued GuD1 GT11","11W0-0000-0241-V","Fossil Gas","11W0-0000-0241-V","14/04/2026 09:00 - 14/04/2026 10:00","n/e","n/e"
"14/04/2026 00:00 - 15/04/2026 00:00","CTA|DE(TenneT GER)","Sued GuD1 GT11","11W0-0000-0241-V","Fossil Gas","11W0-0000-0241-V","14/04/2026 10:00 - 14/04/2026 11:00","n/e","n/e"
"14/04/2026 00:00 - 15/04/2026 00:00","CTA|DE(TenneT GER)","Sued GuD1 GT11","11W0-0000-0241-V","Fossil Gas","11W0-0000-0241-V","14/04/2026 11:00 - 14/04/2026 12:00","n/e","n/e"
"14/04/2026 00:00 - 15/04/2026 00:00","CTA|DE(TenneT GER)","Sued GuD1 GT11","11W0-0000-0241-V","Fossil Gas","11W0-0000-0241-V","14/04/2026 12:00 - 14/04/2026 13:00","n/e","n/e"
"14/04/2026 00:00 - 15/04/2026 00:00","CTA|DE(TenneT GER)","Sued GuD1 GT11","11W0-0000-0241-V","Fossil Gas","11W0-0000-0241-V","14/04/2026 13:00 - 14/04/2026 14:00","n/e","n/e"
"14/04/2026 00:00 - 15/04/2026 00:00","CTA|DE(TenneT GER)","Sued GuD1 GT11","11W0-0000-0241-V","Fossil Gas","11W0-0000-0241-V","14/04/2026 14:00 - 14/04/2026 15:00","n/e","n/e"
"14/04/2026 00:00 - 15/04/2026 00:00","CTA|DE(TenneT GER)","Sued GuD1 GT11","11W0-0000-0241-V","Fossil Gas","11W0-0000-0241-V","14/04/2026 15:00 - 14/04/2026 16:00","n/e","n/e"
"14/04/2026 00:00 - 15/04/2026 00:00","CTA|DE(TenneT GER)","Sued GuD1 GT11","11W0-0000-0241-V","Fossil Gas","11W0-0000-0241-V","14/04/2026 16:00 - 14/04/2026 17:00","n/e","n/e"
"14/04/2026 00:00 - 15/04/2026 00:00","CTA|DE(TenneT GER)","Sued GuD1 GT11","11W0-0000-0241-V","Fossil Gas","11W0-0000-0241-V","14/04/2026 17:00 - 14/04/2026 18:00","n/e","n/e"
"14/04/2026 00:00 - 15/04/2026 00:00","CTA|DE(TenneT GER)","Sued GuD1 GT11","11W0-0000-0241-V","Fossil Gas","11W0-0000-0241-V","14/04/2026 18:00 - 14/04/2026 19:00","n/e","n/e"
"14/04/2026 00:00 - 15/04/2026 00:00","CTA|DE(TenneT GER)","Sued GuD1 GT11","11W0-0000-0241-V","Fossil Gas","11W0-0000-0241-V","14/04/2026 19:00 - 14/04/2026 20:00","n/e","n/e"
"14/04/2026 00:00 - 15/04/2026 00:00","CTA|DE(TenneT GER)","Sued GuD1 GT11","11W0-0000-0241-V","Fossil Gas","11W0-0000-0241-V","14/04/2026 20:00 - 14/04/2026 21:00","n/e","n/e"
"14/04/2026 00:00 - 15/04/2026 00:00","CTA|DE(TenneT GER)","Sued GuD1 GT11","11W0-0000-0241-V","Fossil Gas","11W0-0000-0241-V","14/04/2026 21:00 - 14/04/2026 22:00","n/e","n/e"
"14/04/2026 00:00 - 15/04/2026 00:00","CTA|DE(TenneT GER)","Sued GuD1 GT11","11W0-0000-0241-V","Fossil Gas","11W0-0000-0241-V","14/04/2026 22:00 - 14/04/2026 23:00","n/e","n/e"
"14/04/2026 00:00 - 15/04/2026 00:00","CTA|DE(TenneT GER)","Sued GuD1 GT11","11W0-0000-0241-V","Fossil Gas","11W0-0000-0241-V","14/04/2026 23:00 - 15/04/2026 00:00","n/e","n/e"
"14/04/2026 00:00 - 15/04/2026 00:00","CTA|DE(Amprion)","RUHRORT-2","11WD7BEEC5XRUH2I","Fossil Coal-derived gas","11WD7BEEC5XRUH2I","14/04/2026 00:00 - 14/04/2026 01:00","n/e","n/e"
"14/04/2026 00:00 - 15/04/2026 00:00","CTA|DE(Amprion)","RUHRORT-2","11WD7BEEC5XRUH2I","Fossil Coal-derived gas","11WD7BEEC5XRUH2I","14/04/2026 01:00 - 14/04/2026 02:00","n/e","n/e"
"14/04/2026 00:00 - 15/04/2026 00:00","CTA|DE(Amprion)","RUHRORT-2","11WD7BEEC5XRUH2I","Fossil Coal-derived gas","11WD7BEEC5XRUH2I","14/04/2026 02:00 - 14/04/2026 03:00","n/e","n/e"
"14/04/2026 00:00 - 15/04/2026 00:00","CTA|DE(Amprion)","RUHRORT-2","11WD7BEEC5XRUH2I","Fossil Coal-derived gas","11WD7BEEC5XRUH2I","14/04/2026 03:00 - 14/04/2026 04:00","n/e","n/e"
"14/04/2026 00:00 - 15/04/2026 00:00","CTA|DE(Amprion)","RUHRORT-2","11WD7BEEC5XRUH2I","Fossil Coal-derived gas","11WD7BEEC5XRUH2I","14/04/2026 04:00 - 14/04/2026 05:00","n/e","n/e"
"14/04/2026 00:00 - 15/04/2026 00:00","CTA|DE(Amprion)","RUHRORT-2","11WD7BEEC5XRUH2I","Fossil Coal-derived gas","11WD7BEEC5XRUH2I","14/04/2026 05:00 - 14/04/2026 06:00","n/e","n/e"
"14/04/2026 00:00 - 15/04/2026 00:00","CTA|DE(Amprion)","RUHRORT-2","11WD7BEEC5XRUH2I","Fossil Coal-derived gas","11WD7BEEC5XRUH2I","14/04/2026 06:00 - 14/04/2026 07:00","n/e","n/e"
"14/04/2026 00:00 - 15/04/2026 00:00","CTA|DE(Amprion)","RUHRORT-2","11WD7BEEC5XRUH2I","Fossil Coal-derived gas","11WD7BEEC5XRUH2I","14/04/2026 07:00 - 14/04/2026 08:00","n/e","n/e"
"14/04/2026 00:00 - 15/04/2026 00:00","CTA|DE(Amprion)","RUHRORT-2","11WD7BEEC5XRUH2I","Fossil Coal-derived gas","11WD7BEEC5XRUH2I","14/04/2026 08:00 - 14/04/2026 09:00","n/e","n/e"
"14/04/2026 00:00 - 15/04/2026 00:00","CTA|DE(Amprion)","RUHRORT-2","11WD7BEEC5XRUH2I","Fossil Coal-derived gas","11WD7BEEC5XRUH2I","14/04/2026 09:00 - 14/04/2026 10:00","n/e","n/e"
"14/04/2026 00:00 - 15/04/2026 00:00","CTA|DE(Amprion)","RUHRORT-2","11WD7BEEC5XRUH2I","Fossil Coal-derived gas","11WD7BEEC5XRUH2I","14/04/2026 10:00 - 14/04/2026 11:00","n/e","n/e"
"14/04/2026 00:00 - 15/04/2026 00:00","CTA|DE(Amprion)","RUHRORT-2","11WD7BEEC5XRUH2I","Fossil Coal-derived gas","11WD7BEEC5XRUH2I","14/04/2026 11:00 - 14/04/2026 12:00","n/e","n/e"
"14/04/2026 00:00 - 15/04/2026 00:00","CTA|DE(Amprion)","RUHRORT-2","11WD7BEEC5XRUH2I","Fossil Coal-derived gas","11WD7BEEC5XRUH2I","14/04/2026 12:00 - 14/04/2026 13:00","n/e","n/e"
"14/04/2026 00:00 - 15/04/2026 00:00","CTA|DE(Amprion)","RUHRORT-2","11WD7BEEC5XRUH2I","Fossil Coal-derived gas","11WD7BEEC5XRUH2I","14/04/2026 13:00 - 14/04/2026 14:00","n/e","n/e"
"14/04/2026 00:00 - 15/04/2026 00:00","CTA|DE(Amprion)","RUHRORT-2","11WD7BEEC5XRUH2I","Fossil Coal-derived gas","11WD7BEEC5XRUH2I","14/04/2026 14:00 - 14/04/2026 15:00","n/e","n/e"
"14/04/2026 00:00 - 15/04/2026 00:00","CTA|DE(Amprion)","RUHRORT-2","11WD7BEEC5XRUH2I","Fossil Coal-derived gas","11WD7BEEC5XRUH2I","14/04/2026 15:00 - 14/04/2026 16:00","n/e","n/e"
"14/04/2026 00:00 - 15/04/2026 00:00","CTA|DE(Amprion)","RUHRORT-2","11WD7BEEC5XRUH2I","Fossil Coal-derived gas","11WD7BEEC5XRUH2I","14/04/2026 16:00 - 14/04/2026 17:00","n/e","n/e"
"14/04/2026 00:00 - 15/04/2026 00:00","CTA|DE(Amprion)","RUHRORT-2","11WD7BEEC5XRUH2I","Fossil Coal-derived gas","11WD7BEEC5XRUH2I","14/04/2026 17:00 - 14/04/2026 18:00","n/e","n/e"
"14/04/2026 00:00 - 15/04/2026 00:00","CTA|DE(Amprion)","RUHRORT-2","11WD7BEEC5XRUH2I","Fossil Coal-derived gas","11WD7BEEC5XRUH2I","14/04/2026 18:00 - 14/04/2026 19:00","n/e","n/e"
"14/04/2026 00:00 - 15/04/2026 00:00","CTA|DE(Amprion)","RUHRORT-2","11WD7BEEC5XRUH2I","Fossil Coal-derived gas","11WD7BEEC5XRUH2I","14/04/2026 19:00 - 14/04/2026 20:00","n/e","n/e"
"14/04/2026 00:00 - 15/04/2026 00:00","CTA|DE(Amprion)","RUHRORT-2","11WD7BEEC5XRUH2I","Fossil Coal-derived gas","11WD7BEEC5XRUH2I","14/04/2026 20:00 - 14/04/2026 21:00","n/e","n/e"
"14/04/2026 00:00 - 15/04/2026 00:00","CTA|DE(Amprion)","RUHRORT-2","11WD7BEEC5XRUH2I","Fossil Coal-derived gas","11WD7BEEC5XRUH2I","14/04/2026 21:00 - 14/04/2026 22:00","n/e","n/e"
"14/04/2026 00:00 - 15/04/2026 00:00","CTA|DE(Amprion)","RUHRORT-2","11WD7BEEC5XRUH2I","Fossil Coal-derived gas","11WD7BEEC5XRUH2I","14/04/2026 22:00 - 14/04/2026 23:00","n/e","n/e"
"14/04/2026 00:00 - 15/04/2026 00:00","CTA|DE(Amprion)","RUHRORT-2","11WD7BEEC5XRUH2I","Fossil Coal-derived gas","11WD7BEEC5XRUH2I","14/04/2026 23:00 - 15/04/2026 00:00","n/e","n/e"
"14/04/2026 00:00 - 15/04/2026 00:00","CTA|DE(Amprion)","RUHRORT-3","11WD7BEEC5XRUH3G","Fossil Coal-derived gas","11WD7BEEC5XRUH3G","14/04/2026 00:00 - 14/04/2026 01:00","n/e","n/e"
"14/04/2026 00:00 - 15/04/2026 00:00","CTA|DE(Amprion)","RUHRORT-3","11WD7BEEC5XRUH3G","Fossil Coal-derived gas","11WD7BEEC5XRUH3G","14/04/2026 01:00 - 14/04/2026 02:00","n/e","n/e"
"14/04/2026 00:00 - 15/04/2026 00:00","CTA|DE(Amprion)","RUHRORT-3","11WD7BEEC5XRUH3G","Fossil Coal-derived gas","11WD7BEEC5XRUH3G","14/04/2026 02:00 - 14/04/2026 03:00","n/e","n/e"
"14/04/2026 00:00 - 15/04/2026 00:00","CTA|DE(Amprion)","RUHRORT-3","11WD7BEEC5XRUH3G","Fossil Coal-derived gas","11WD7BEEC5XRUH3G","14/04/2026 03:00 - 14/04/2026 04:00","n/e","n/e"
"14/04/2026 00:00 - 15/04/2026 00:00","CTA|DE(Amprion)","RUHRORT-3","11WD7BEEC5XRUH3G","Fossil Coal-derived gas","11WD7BEEC5XRUH3G","14/04/2026 04:00 - 14/04/2026 05:00","n/e","n/e"
"14/04/2026 00:00 - 15/04/2026 00:00","CTA|DE(Amprion)","RUHRORT-3","11WD7BEEC5XRUH3G","Fossil Coal-derived gas","11WD7BEEC5XRUH3G","14/04/2026 05:00 - 14/04/2026 06:00","n/e","n/e"
"14/04/2026 00:00 - 15/04/2026 00:00","CTA|DE(Amprion)","RUHRORT-3","11WD7BEEC5XRUH3G","Fossil Coal-derived gas","11WD7BEEC5XRUH3G","14/04/2026 06:00 - 14/04/2026 07:00","n/e","n/e"
"14/04/2026 00:00 - 15/04/2026 00:00","CTA|DE(Amprion)","RUHRORT-3","11WD7BEEC5XRUH3G","Fossil Coal-derived gas","11WD7BEEC5XRUH3G","14/04/2026 07:00 - 14/04/2026 08:00","n/e","n/e"
"14/04/2026 00:00 - 15/04/2026 00:00","CTA|DE(Amprion)","RUHRORT-3","11WD7BEEC5XRUH3G","Fossil Coal-derived gas","11WD7BEEC5XRUH3G","14/04/2026 08:00 - 14/04/2026 09:00","n/e","n/e"
"14/04/2026 00:00 - 15/04/2026 00:00","CTA|DE(Amprion)","RUHRORT-3","11WD7BEEC5XRUH3G","Fossil Coal-derived gas","11WD7BEEC5XRUH3G","14/04/2026 09:00 - 14/04/2026 10:00","n/e","n/e"
"14/04/2026 00:00 - 15/04/2026 00:00","CTA|DE(Amprion)","RUHRORT-3","11WD7BEEC5XRUH3G","Fossil Coal-derived gas","11WD7BEEC5XRUH3G","14/04/2026 10:00 - 14/04/2026 11:00","n/e","n/e"
"14/04/2026 00:00 - 15/04/2026 00:00","CTA|DE(Amprion)","RUHRORT-3","11WD7BEEC5XRUH3G","Fossil Coal-derived gas","11WD7BEEC5XRUH3G","14/04/2026 11:00 - 14/04/2026 12:00","n/e","n/e"
"14/04/2026 00:00 - 15/04/2026 00:00","CTA|DE(Amprion)","RUHRORT-3","11WD7BEEC5XRUH3G","Fossil Coal-derived gas","11WD7BEEC5XRUH3G","14/04/2026 12:00 - 14/04/2026 13:00","n/e","n/e"
"14/04/2026 00:00 - 15/04/2026 00:00","CTA|DE(Amprion)","RUHRORT-3","11WD7BEEC5XRUH3G","Fossil Coal-derived gas","11WD7BEEC5XRUH3G","14/04/2026 13:00 - 14/04/2026 14:00","n/e","n/e"
"14/04/2026 00:00 - 15/04/2026 00:00","CTA|DE(Amprion)","RUHRORT-3","11WD7BEEC5XRUH3G","Fossil Coal-derived gas","11WD7BEEC5XRUH3G","14/04/2026 14:00 - 14/04/2026 15:00","n/e","n/e"
"14/04/2026 00:00 - 15/04/2026 00:00","CTA|DE(Amprion)","RUHRORT-3","11WD7BEEC5XRUH3G","Fossil Coal-derived gas","11WD7BEEC5XRUH3G","14/04/2026 15:00 - 14/04/2026 16:00","n/e","n/e"
"14/04/2026 00:00 - 15/04/2026 00:00","CTA|DE(Amprion)","RUHRORT-3","11WD7BEEC5XRUH3G","Fossil Coal-derived gas","11WD7BEEC5XRUH3G","14/04/2026 16:00 - 14/04/2026 17:00","n/e","n/e"
"14/04/2026 00:00 - 15/04/2026 00:00","CTA|DE(Amprion)","RUHRORT-3","11WD7BEEC5XRUH3G","Fossil Coal-derived gas","11WD7BEEC5XRUH3G","14/04/2026 17:00 - 14/04/2026 18:00","n/e","n/e"
"14/04/2026 00:00 - 15/04/2026 00:00","CTA|DE(Amprion)","RUHRORT-3","11WD7BEEC5XRUH3G","Fossil Coal-derived gas","11WD7BEEC5XRUH3G","14/04/2026 18:00 - 14/04/2026 19:00","n/e","n/e"
"14/04/2026 00:00 - 15/04/2026 00:00","CTA|DE(Amprion)","RUHRORT-3","11WD7BEEC5XRUH3G","Fossil Coal-derived gas","11WD7BEEC5XRUH3G","14/04/2026 19:00 - 14/04/2026 20:00","n/e","n/e"
"14/04/2026 00:00 - 15/04/2026 00:00","CTA|DE(Amprion)","RUHRORT-3","11WD7BEEC5XRUH3G","Fossil Coal-derived gas","11WD7BEEC5XRUH3G","14/04/2026 20:00 - 14/04/2026 21:00","n/e","n/e"
"14/04/2026 00:00 - 15/04/2026 00:00","CTA|DE(Amprion)","RUHRORT-3","11WD7BEEC5XRUH3G","Fossil Coal-derived gas","11WD7BEEC5XRUH3G","14/04/2026 21:00 - 14/04/2026 22:00","n/e","n/e"
"14/04/2026 00:00 - 15/04/2026 00:00","CTA|DE(Amprion)","RUHRORT-3","11WD7BEEC5XRUH3G","Fossil Coal-derived gas","11WD7BEEC5XRUH3G","14/04/2026 22:00 - 14/04/2026 23:00","n/e","n/e"
"14/04/2026 00:00 - 15/04/2026 00:00","CTA|DE(Amprion)","RUHRORT-3","11WD7BEEC5XRUH3G","Fossil Coal-derived gas","11WD7BEEC5XRUH3G","14/04/2026 23:00 - 15/04/2026 00:00","n/e","n/e"
"14/04/2026 00:00 - 15/04/2026 00:00","CTA|DE(Amprion)","ROENKHAUSEN_PSW1","11WD7GARE5XPSW1U","Hydro Pumped Storage","11WD7GARE5XPSW1U","14/04/2026 00:00 - 14/04/2026 01:00","n/e","n/e"
"14/04/2026 00:00 - 15/04/2026 00:00","CTA|DE(Amprion)","ROENKHAUSEN_PSW1","11WD7GARE5XPSW1U","Hydro Pumped Storage","11WD7GARE5XPSW1U","14/04/2026 01:00 - 14/04/2026 02:00","n/e","n/e"
"14/04/2026 00:00 - 15/04/2026 00:00","CTA|DE(Amprion)","ROENKHAUSEN_PSW1","11WD7GARE5XPSW1U","Hydro Pumped Storage","11WD7GARE5XPSW1U","14/04/2026 02:00 - 14/04/2026 03:00","n/e","n/e"
"14/04/2026 00:00 - 15/04/2026 00:00","CTA|DE(Amprion)","ROENKHAUSEN_PSW1","11WD7GARE5XPSW1U","Hydro Pumped Storage","11WD7GARE5XPSW1U","14/04/2026 03:00 - 14/04/2026 04:00","n/e","n/e"
"14/04/2026 00:00 - 15/04/2026 00:00","CTA|DE(Amprion)","ROENKHAUSEN_PSW1","11WD7GARE5XPSW1U","Hydro Pumped Storage","11WD7GARE5XPSW1U","14/04/2026 04:00 - 14/04/2026 05:00","n/e","n/e"
"14/04/2026 00:00 - 15/04/2026 00:00","CTA|DE(Amprion)","ROENKHAUSEN_PSW1","11WD7GARE5XPSW1U","Hydro Pumped Storage","11WD7GARE5XPSW1U","14/04/2026 05:00 - 14/04/2026 06:00","n/e","n/e"
"14/04/2026 00:00 - 15/04/2026 00:00","CTA|DE(Amprion)","ROENKHAUSEN_PSW1","11WD7GARE5XPSW1U","Hydro Pumped Storage","11WD7GARE5XPSW1U","14/04/2026 06:00 - 14/04/2026 07:00","n/e","n/e"
"14/04/2026 00:00 - 15/04/2026 00:00","CTA|DE(Amprion)","ROENKHAUSEN_PSW1","11WD7GARE5XPSW1U","Hydro Pumped Storage","11WD7GARE5XPSW1U","14/04/2026 07:00 - 14/04/2026 08:00","n/e","n/e"
"14/04/2026 00:00 - 15/04/2026 00:00","CTA|DE(Amprion)","ROENKHAUSEN_PSW1","11WD7GARE5XPSW1U","Hydro Pumped Storage","11WD7GARE5XPSW1U","14/04/2026 08:00 - 14/04/2026 09:00","n/e","n/e"
"14/04/2026 00:00 - 15/04/2026 00:00","CTA|DE(Amprion)","ROENKHAUSEN_PSW1","11WD7GARE5XPSW1U","Hydro Pumped Storage","11WD7GARE5XPSW1U","14/04/2026 09:00 - 14/04/2026 10:00","n/e","n/e"
"14/04/2026 00:00 - 15/04/2026 00:00","CTA|DE(Amprion)","ROENKHAUSEN_PSW1","11WD7GARE5XPSW1U","Hydro Pumped Storage","11WD7GARE5XPSW1U","14/04/2026 10:00 - 14/04/2026 11:00","n/e","n/e"
"14/04/2026 00:00 - 15/04/2026 00:00","CTA|DE(Amprion)","ROENKHAUSEN_PSW1","11WD7GARE5XPSW1U","Hydro Pumped Storage","11WD7GARE5XPSW1U","14/04/2026 11:00 - 14/04/2026 12:00","n/e","n/e"
"14/04/2026 00:00 - 15/04/2026 00:00","CTA|DE(Amprion)","ROENKHAUSEN_PSW1","11WD7GARE5XPSW1U","Hydro Pumped Storage","11WD7GARE5XPSW1U","14/04/2026 12:00 - 14/04/2026 13:00","n/e","n/e"
"14/04/2026 00:00 - 15/04/2026 00:00","CTA|DE(Amprion)","ROENKHAUSEN_PSW1","11WD7GARE5XPSW1U","Hydro Pumped Storage","11WD7GARE5XPSW1U","14/04/2026 13:00 - 14/04/2026 14:00","n/e","n/e"
"14/04/2026 00:00 - 15/04/2026 00:00","CTA|DE(Amprion)","ROENKHAUSEN_PSW1","11WD7GARE5XPSW1U","Hydro Pumped Storage","11WD7GARE5XPSW1U","14/04/2026 14:00 - 14/04/2026 15:00","n/e","n/e"
"14/04/2026 00:00 - 15/04/2026 00:00","CTA|DE(Amprion)","ROENKHAUSEN_PSW1","11WD7GARE5XPSW1U","Hydro Pumped Storage","11WD7GARE5XPSW1U","14/04/2026 15:00 - 14/04/2026 16:00","n/e","n/e"
"14/04/2026 00:00 - 15/04/2026 00:00","CTA|DE(Amprion)","ROENKHAUSEN_PSW1","11WD7GARE5XPSW1U","Hydro Pumped Storage","11WD7GARE5XPSW1U","14/04/2026 16:00 - 14/04/2026 17:00","n/e","n/e"
"14/04/2026 00:00 - 15/04/2026 00:00","CTA|DE(Amprion)","ROENKHAUSEN_PSW1","11WD7GARE5XPSW1U","Hydro Pumped Storage","11WD7GARE5XPSW1U","14/04/2026 17:00 - 14/04/2026 18:00","n/e","n/e"
"14/04/2026 00:00 - 15/04/2026 00:00","CTA|DE(Amprion)","ROENKHAUSEN_PSW1","11WD7GARE5XPSW1U","Hydro Pumped Storage","11WD7GARE5XPSW1U","14/04/2026 18:00 - 14/04/2026 19:00","n/e","n/e"
"14/04/2026 00:00 - 15/04/2026 00:00","CTA|DE(Amprion)","ROENKHAUSEN_PSW1","11WD7GARE5XPSW1U","Hydro Pumped Storage","11WD7GARE5XPSW1U","14/04/2026 19:00 - 14/04/2026 20:00","n/e","n/e"
"14/04/2026 00:00 - 15/04/2026 00:00","CTA|DE(Amprion)","ROENKHAUSEN_PSW1","11WD7GARE5XPSW1U","Hydro Pumped Storage","11WD7GARE5XPSW1U","14/04/2026 20:00 - 14/04/2026 21:00","n/e","n/e"
"14/04/2026 00:00 - 15/04/2026 00:00","CTA|DE(Amprion)","ROENKHAUSEN_PSW1","11WD7GARE5XPSW1U","Hydro Pumped Storage","11WD7GARE5XPSW1U","14/04/2026 21:00 - 14/04/2026 22:00","n/e","n/e"
"14/04/2026 00:00 - 15/04/2026 00:00","CTA|DE(Amprion)","ROENKHAUSEN_PSW1","11WD7GARE5XPSW1U","Hydro Pumped Storage","11WD7GARE5XPSW1U","14/04/2026 22:00 - 14/04/2026 23:00","n/e","n/e"
"14/04/2026 00:00 - 15/04/2026 00:00","CTA|DE(Amprion)","ROENKHAUSEN_PSW1","11WD7GARE5XPSW1U","Hydro Pumped Storage","11WD7GARE5XPSW1U","14/04/2026 23:00 - 15/04/2026 00:00","n/e","n/e"
"14/04/2026 00:00 - 15/04/2026 00:00","CTA|DE(Amprion)","ROENKHAUSEN_PSW2","11WD7GARE5XPSW2S","Hydro Pumped Storage","11WD7GARE5XPSW2S","14/04/2026 00:00 - 14/04/2026 01:00","n/e","n/e"
"14/04/2026 00:00 - 15/04/2026 00:00","CTA|DE(Amprion)","ROENKHAUSEN_PSW2","11WD7GARE5XPSW2S","Hydro Pumped Storage","11WD7GARE5XPSW2S","14/04/2026 01:00 - 14/04/2026 02:00","n/e","n/e"
"14/04/2026 00:00 - 15/04/2026 00:00","CTA|DE(Amprion)","ROENKHAUSEN_PSW2","11WD7GARE5XPSW2S","Hydro Pumped Storage","11WD7GARE5XPSW2S","14/04/2026 02:00 - 14/04/2026 03:00","n/e","n/e"
"14/04/2026 00:00 - 15/04/2026 00:00","CTA|DE(Amprion)","ROENKHAUSEN_PSW2","11WD7GARE5XPSW2S","Hydro Pumped Storage","11WD7GARE5XPSW2S","14/04/2026 03:00 - 14/04/2026 04:00","n/e","n/e"
"14/04/2026 00:00 - 15/04/2026 00:00","CTA|DE(Amprion)","ROENKHAUSEN_PSW2","11WD7GARE5XPSW2S","Hydro Pumped Storage","11WD7GARE5XPSW2S","14/04/2026 04:00 - 14/04/2026 05:00","n/e","n/e"
"14/04/2026 00:00 - 15/04/2026 00:00","CTA|DE(Amprion)","ROENKHAUSEN_PSW2","11WD7GARE5XPSW2S","Hydro Pumped Storage","11WD7GARE5XPSW2S","14/04/2026 05:00 - 14/04/2026 06:00","n/e","n/e"
"14/04/2026 00:00 - 15/04/2026 00:00","CTA|DE(Amprion)","ROENKHAUSEN_PSW2","11WD7GARE5XPSW2S","Hydro Pumped Storage","11WD7GARE5XPSW2S","14/04/2026 06:00 - 14/04/2026 07:00","n/e","n/e"
"14/04/2026 00:00 - 15/04/2026 00:00","CTA|DE(Amprion)","ROENKHAUSEN_PSW2","11WD7GARE5XPSW2S","Hydro Pumped Storage","11WD7GARE5XPSW2S","14/04/2026 07:00 - 14/04/2026 08:00","n/e","n/e"
"14/04/2026 00:00 - 15/04/2026 00:00","CTA|DE(Amprion)","ROENKHAUSEN_PSW2","11WD7GARE5XPSW2S","Hydro Pumped Storage","11WD7GARE5XPSW2S","14/04/2026 08:00 - 14/04/2026 09:00","n/e","n/e"
"14/04/2026 00:00 - 15/04/2026 00:00","CTA|DE(Amprion)","ROENKHAUSEN_PSW2","11WD7GARE5XPSW2S","Hydro Pumped Storage","11WD7GARE5XPSW2S","14/04/2026 09:00 - 14/04/2026 10:00","n/e","n/e"
"14/04/2026 00:00 - 15/04/2026 00:00","CTA|DE(Amprion)","ROENKHAUSEN_PSW2","11WD7GARE5XPSW2S","Hydro Pumped Storage","11WD7GARE5XPSW2S","14/04/2026 10:00 - 14/04/2026 11:00","n/e","n/e"
"14/04/2026 00:00 - 15/04/2026 00:00","CTA|DE(Amprion)","ROENKHAUSEN_PSW2","11WD7GARE5XPSW2S","Hydro Pumped Storage","11WD7GARE5XPSW2S","14/04/2026 11:00 - 14/04/2026 12:00","n/e","n/e"
"14/04/2026 00:00 - 15/04/2026 00:00","CTA|DE(Amprion)","ROENKHAUSEN_PSW2","11WD7GARE5XPSW2S","Hydro Pumped Storage","11WD7GARE5XPSW2S","14/04/2026 12:00 - 14/04/2026 13:00","n/e","n/e"
"14/04/2026 00:00 - 15/04/2026 00:00","CTA|DE(Amprion)","ROENKHAUSEN_PSW2","11WD7GARE5XPSW2S","Hydro Pumped Storage","11WD7GARE5XPSW2S","14/04/2026 13:00 - 14/04/2026 14:00","n/e","n/e"
"14/04/2026 00:00 - 15/04/2026 00:00","CTA|DE(Amprion)","ROENKHAUSEN_PSW2","11WD7GARE5XPSW2S","Hydro Pumped Storage","11WD7GARE5XPSW2S","14/04/2026 14:00 - 14/04/2026 15:00","n/e","n/e"
"14/04/2026 00:00 - 15/04/2026 00:00","CTA|DE(Amprion)","ROENKHAUSEN_PSW2","11WD7GARE5XPSW2S","Hydro Pumped Storage","11WD7GARE5XPSW2S","14/04/2026 15:00 - 14/04/2026 16:00","n/e","n/e"
"14/04/2026 00:00 - 15/04/2026 00:00","CTA|DE(Amprion)","ROENKHAUSEN_PSW2","11WD7GARE5XPSW2S","Hydro Pumped Storage","11WD7GARE5XPSW2S","14/04/2026 16:00 - 14/04/2026 17:00","n/e","n/e"
"14/04/2026 00:00 - 15/04/2026 00:00","CTA|DE(Amprion)","ROENKHAUSEN_PSW2","11WD7GARE5XPSW2S","Hydro Pumped Storage","11WD7GARE5XPSW2S","14/04/2026 17:00 - 14/04/2026 18:00","n/e","n/e"
"14/04/2026 00:00 - 15/04/2026 00:00","CTA|DE(Amprion)","ROENKHAUSEN_PSW2","11WD7GARE5XPSW2S","Hydro Pumped Storage","11WD7GARE5XPSW2S","14/04/2026 18:00 - 14/04/2026 19:00","n/e","n/e"
"14/04/2026 00:00 - 15/04/2026 00:00","CTA|DE(Amprion)","ROENKHAUSEN_PSW2","11WD7GARE5XPSW2S","Hydro Pumped Storage","11WD7GARE5XPSW2S","14/04/2026 19:00 - 14/04/2026 20:00","n/e","n/e"
"14/04/2026 00:00 - 15/04/2026 00:00","CTA|DE(Amprion)","ROENKHAUSEN_PSW2","11WD7GARE5XPSW2S","Hydro Pumped Storage","11WD7GARE5XPSW2S","14/04/2026 20:00 - 14/04/2026 21:00","n/e","n/e"
"14/04/2026 00:00 - 15/04/2026 00:00","CTA|DE(Amprion)","ROENKHAUSEN_PSW2","11WD7GARE5XPSW2S","Hydro Pumped Storage","11WD7GARE5XPSW2S","14/04/2026 21:00 - 14/04/2026 22:00","n/e","n/e"
"14/04/2026 00:00 - 15/04/2026 00:00","CTA|DE(Amprion)","ROENKHAUSEN_PSW2","11WD7GARE5XPSW2S","Hydro Pumped Storage","11WD7GARE5XPSW2S","14/04/2026 22:00 - 14/04/2026 23:00","n/e","n/e"
"14/04/2026 00:00 - 15/04/2026 00:00","CTA|DE(Amprion)","ROENKHAUSEN_PSW2","11WD7GARE5XPSW2S","Hydro Pumped Storage","11WD7GARE5XPSW2S","14/04/2026 23:00 - 15/04/2026 00:00","n/e","n/e"
"14/04/2026 00:00 - 15/04/2026 00:00","CTA|DE(TransnetBW)","HKW Heilbronn Block 7","11WD4HLBR1C7---4","Fossil Hard coal","11WD4HLBR1C7---4","14/04/2026 00:00 - 14/04/2026 01:00","N/A","N/A"
"14/04/2026 00:00 - 15/04/2026 00:00","CTA|DE(TransnetBW)","HKW Heilbronn Block 7","11WD4HLBR1C7---4","Fossil Hard coal","11WD4HLBR1C7---4","14/04/2026 01:00 - 14/04/2026 02:00","N/A","N/A"
"14/04/2026 00:00 - 15/04/2026 00:00","CTA|DE(TransnetBW)","HKW Heilbronn Block 7","11WD4HLBR1C7---4","Fossil Hard coal","11WD4HLBR1C7---4","14/04/2026 02:00 - 14/04/2026 03:00","N/A","N/A"
"14/04/2026 00:00 - 15/04/2026 00:00","CTA|DE(TransnetBW)","HKW Heilbronn Block 7","11WD4HLBR1C7---4","Fossil Hard coal","11WD4HLBR1C7---4","14/04/2026 03:00 - 14/04/2026 04:00","N/A","N/A"
"14/04/2026 00:00 - 15/04/2026 00:00","CTA|DE(TransnetBW)","HKW Heilbronn Block 7","11WD4HLBR1C7---4","Fossil Hard coal","11WD4HLBR1C7---4","14/04/2026 04:00 - 14/04/2026 05:00","N/A","N/A"
"14/04/2026 00:00 - 15/04/2026 00:00","CTA|DE(TransnetBW)","HKW Heilbronn Block 7","11WD4HLBR1C7---4","Fossil Hard coal","11WD4HLBR1C7---4","14/04/2026 05:00 - 14/04/2026 06:00","N/A","N/A"
"14/04/2026 00:00 - 15/04/2026 00:00","CTA|DE(TransnetBW)","HKW Heilbronn Block 7","11WD4HLBR1C7---4","Fossil Hard coal","11WD4HLBR1C7---4","14/04/2026 06:00 - 14/04/2026 07:00","N/A","N/A"
"14/04/2026 00:00 - 15/04/2026 00:00","CTA|DE(TransnetBW)","HKW Heilbronn Block 7","11WD4HLBR1C7---4","Fossil Hard coal","11WD4HLBR1C7---4","14/04/2026 07:00 - 14/04/2026 08:00","N/A","N/A"
"14/04/2026 00:00 - 15/04/2026 00:00","CTA|DE(TransnetBW)","HKW Heilbronn Block 7","11WD4HLBR1C7---4","Fossil Hard coal","11WD4HLBR1C7---4","14/04/2026 08:00 - 14/04/2026 09:00","N/A","N/A"
"14/04/2026 00:00 - 15/04/2026 00:00","CTA|DE(TransnetBW)","HKW Heilbronn Block 7","11WD4HLBR1C7---4","Fossil Hard coal","11WD4HLBR1C7---4","14/04/2026 09:00 - 14/04/2026 10:00","N/A","N/A"
"14/04/2026 00:00 - 15/04/2026 00:00","CTA|DE(TransnetBW)","HKW Heilbronn Block 7","11WD4HLBR1C7---4","Fossil Hard coal","11WD4HLBR1C7---4","14/04/2026 10:00 - 14/04/2026 11:00","N/A","N/A"
"14/04/2026 00:00 - 15/04/2026 00:00","CTA|DE(TransnetBW)","HKW Heilbronn Block 7","11WD4HLBR1C7---4","Fossil Hard coal","11WD4HLBR1C7---4","14/04/2026 11:00 - 14/04/2026 12:00","N/A","N/A"
"14/04/2026 00:00 - 15/04/2026 00:00","CTA|DE(TransnetBW)","HKW Heilbronn Block 7","11WD4HLBR1C7---4","Fossil Hard coal","11WD4HLBR1C7---4","14/04/2026 12:00 - 14/04/2026 13:00","N/A","N/A"
"14/04/2026 00:00 - 15/04/2026 00:00","CTA|DE(TransnetBW)","HKW Heilbronn Block 7","11WD4HLBR1C7---4","Fossil Hard coal","11WD4HLBR1C7---4","14/04/2026 13:00 - 14/04/2026 14:00","N/A","N/A"
"14/04/2026 00:00 - 15/04/2026 00:00","CTA|DE(TransnetBW)","HKW Heilbronn Block 7","11WD4HLBR1C7---4","Fossil Hard coal","11WD4HLBR1C7---4","14/04/2026 14:00 - 14/04/2026 15:00","N/A","N/A"
"14/04/2026 00:00 - 15/04/2026 00:00","CTA|DE(TransnetBW)","HKW Heilbronn Block 7","11WD4HLBR1C7---4","Fossil Hard coal","11WD4HLBR1C7---4","14/04/2026 15:00 - 14/04/2026 16:00","N/A","N/A"
"14/04/2026 00:00 - 15/04/2026 00:00","CTA|DE(TransnetBW)","HKW Heilbronn Block 7","11WD4HLBR1C7---4","Fossil Hard coal","11WD4HLBR1C7---4","14/04/2026 16:00 - 14/04/2026 17:00","N/A","N/A"
"14/04/2026 00:00 - 15/04/2026 00:00","CTA|DE(TransnetBW)","HKW Heilbronn Block 7","11WD4HLBR1C7---4","Fossil Hard coal","11WD4HLBR1C7---4","14/04/2026 17:00 - 14/04/2026 18:00","N/A","N/A"
"14/04/2026 00:00 - 15/04/2026 00:00","CTA|DE(TransnetBW)","HKW Heilbronn Block 7","11WD4HLBR1C7---4","Fossil Hard coal","11WD4HLBR1C7---4","14/04/2026 18:00 - 14/04/2026 19:00","N/A","N/A"
"14/04/2026 00:00 - 15/04/2026 00:00","CTA|DE(TransnetBW)","HKW Heilbronn Block 7","11WD4HLBR1C7---4","Fossil Hard coal","11WD4HLBR1C7---4","14/04/2026 19:00 - 14/04/2026 20:00","N/A","N/A"
"14/04/2026 00:00 - 15/04/2026 00:00","CTA|DE(TransnetBW)","HKW Heilbronn Block 7","11WD4HLBR1C7---4","Fossil Hard coal","11WD4HLBR1C7---4","14/04/2026 20:00 - 14/04/2026 21:00","N/A","N/A"
"14/04/2026 00:00 - 15/04/2026 00:00","CTA|DE(TransnetBW)","HKW Heilbronn Block 7","11WD4HLBR1C7---4","Fossil Hard coal","11WD4HLBR1C7---4","14/04/2026 21:00 - 14/04/2026 22:00","N/A","N/A"
"14/04/2026 00:00 - 15/04/2026 00:00","CTA|DE(TransnetBW)","HKW Heilbronn Block 7","11WD4HLBR1C7---4","Fossil Hard coal","11WD4HLBR1C7---4","14/04/2026 22:00 - 14/04/2026 23:00","N/A","N/A"
"14/04/2026 00:00 - 15/04/2026 00:00","CTA|DE(TransnetBW)","HKW Heilbronn Block 7","11WD4HLBR1C7---4","Fossil Hard coal","11WD4HLBR1C7---4","14/04/2026 23:00 - 15/04/2026 00:00","N/A","N/A"
"14/04/2026 00:00 - 15/04/2026 00:00","CTA|DE(50Hertz)","PSW Hohenwarte II PSS A-H","11W0-0000-0858-D","Hydro Pumped Storage","11W0-0000-0858-D","14/04/2026 00:00 - 14/04/2026 01:00","n/e","n/e"
"14/04/2026 00:00 - 15/04/2026 00:00","CTA|DE(50Hertz)","PSW Hohenwarte II PSS A-H","11W0-0000-0858-D","Hydro Pumped Storage","11W0-0000-0858-D","14/04/2026 01:00 - 14/04/2026 02:00","n/e","n/e"
"14/04/2026 00:00 - 15/04/2026 00:00","CTA|DE(50Hertz)","PSW Hohenwarte II PSS A-H","11W0-0000-0858-D","Hydro Pumped Storage","11W0-0000-0858-D","14/04/2026 02:00 - 14/04/2026 03:00","n/e","n/e"
"14/04/2026 00:00 - 15/04/2026 00:00","CTA|DE(50Hertz)","PSW Hohenwarte II PSS A-H","11W0-0000-0858-D","Hydro Pumped Storage","11W0-0000-0858-D","14/04/2026 03:00 - 14/04/2026 04:00","n/e","n/e"
"14/04/2026 00:00 - 15/04/2026 00:00","CTA|DE(50Hertz)","PSW Hohenwarte II PSS A-H","11W0-0000-0858-D","Hydro Pumped Storage","11W0-0000-0858-D","14/04/2026 04:00 - 14/04/2026 05:00","n/e","n/e"
"14/04/2026 00:00 - 15/04/2026 00:00","CTA|DE(50Hertz)","PSW Hohenwarte II PSS A-H","11W0-0000-0858-D","Hydro Pumped Storage","11W0-0000-0858-D","14/04/2026 05:00 - 14/04/2026 06:00","n/e","n/e"
"14/04/2026 00:00 - 15/04/2026 00:00","CTA|DE(50Hertz)","PSW Hohenwarte II PSS A-H","11W0-0000-0858-D","Hydro Pumped Storage","11W0-0000-0858-D","14/04/2026 06:00 - 14/04/2026 07:00","n/e","n/e"
"14/04/2026 00:00 - 15/04/2026 00:00","CTA|DE(50Hertz)","PSW Hohenwarte II PSS A-H","11W0-0000-0858-D","Hydro Pumped Storage","11W0-0000-0858-D","14/04/2026 07:00 - 14/04/2026 08:00","n/e","n/e"
"14/04/2026 00:00 - 15/04/2026 00:00","CTA|DE(50Hertz)","PSW Hohenwarte II PSS A-H","11W0-0000-0858-D","Hydro Pumped Storage","11W0-0000-0858-D","14/04/2026 08:00 - 14/04/2026 09:00","n/e","n/e"
"14/04/2026 00:00 - 15/04/2026 00:00","CTA|DE(50Hertz)","PSW Hohenwarte II PSS A-H","11W0-0000-0858-D","Hydro Pumped Storage","11W0-0000-0858-D","14/04/2026 09:00 - 14/04/2026 10:00","n/e","n/e"
"14/04/2026 00:00 - 15/04/2026 00:00","CTA|DE(50Hertz)","PSW Hohenwarte II PSS A-H","11W0-0000-0858-D","Hydro Pumped Storage","11W0-0000-0858-D","14/04/2026 10:00 - 14/04/2026 11:00","n/e","n/e"
"14/04/2026 00:00 - 15/04/2026 00:00","CTA|DE(50Hertz)","PSW Hohenwarte II PSS A-H","11W0-0000-0858-D","Hydro Pumped Storage","11W0-0000-0858-D","14/04/2026 11:00 - 14/04/2026 12:00","n/e","n/e"
"14/04/2026 00:00 - 15/04/2026 00:00","CTA|DE(50Hertz)","PSW Hohenwarte II PSS A-H","11W0-0000-0858-D","Hydro Pumped Storage","11W0-0000-0858-D","14/04/2026 12:00 - 14/04/2026 13:00","n/e","n/e"
"14/04/2026 00:00 - 15/04/2026 00:00","CTA|DE(50Hertz)","PSW Hohenwarte II PSS A-H","11W0-0000-0858-D","Hydro Pumped Storage","11W0-0000-0858-D","14/04/2026 13:00 - 14/04/2026 14:00","n/e","n/e"
"14/04/2026 00:00 - 15/04/2026 00:00","CTA|DE(50Hertz)","PSW Hohenwarte II PSS A-H","11W0-0000-0858-D","Hydro Pumped Storage","11W0-0000-0858-D","14/04/2026 14:00 - 14/04/2026 15:00","n/e","n/e"
"14/04/2026 00:00 - 15/04/2026 00:00","CTA|DE(50Hertz)","PSW Hohenwarte II PSS A-H","11W0-0000-0858-D","Hydro Pumped Storage","11W0-0000-0858-D","14/04/2026 15:00 - 14/04/2026 16:00","n/e","n/e"
"14/04/2026 00:00 - 15/04/2026 00:00","CTA|DE(50Hertz)","PSW Hohenwarte II PSS A-H","11W0-0000-0858-D","Hydro Pumped Storage","11W0-0000-0858-D","14/04/2026 16:00 - 14/04/2026 17:00","n/e","n/e"
"14/04/2026 00:00 - 15/04/2026 00:00","CTA|DE(50Hertz)","PSW Hohenwarte II PSS A-H","11W0-0000-0858-D","Hydro Pumped Storage","11W0-0000-0858-D","14/04/2026 17:00 - 14/04/2026 18:00","n/e","n/e"
"14/04/2026 00:00 - 15/04/2026 00:00","CTA|DE(50Hertz)","PSW Hohenwarte II PSS A-H","11W0-0000-0858-D","Hydro Pumped Storage","11W0-0000-0858-D","14/04/2026 18:00 - 14/04/2026 19:00","n/e","n/e"
"14/04/2026 00:00 - 15/04/2026 00:00","CTA|DE(50Hertz)","PSW Hohenwarte II PSS A-H","11W0-0000-0858-D","Hydro Pumped Storage","11W0-0000-0858-D","14/04/2026 19:00 - 14/04/2026 20:00","n/e","n/e"
"14/04/2026 00:00 - 15/04/2026 00:00","CTA|DE(50Hertz)","PSW Hohenwarte II PSS A-H","11W0-0000-0858-D","Hydro Pumped Storage","11W0-0000-0858-D","14/04/2026 20:00 - 14/04/2026 21:00","n/e","n/e"
"14/04/2026 00:00 - 15/04/2026 00:00","CTA|DE(50Hertz)","PSW Hohenwarte II PSS A-H","11W0-0000-0858-D","Hydro Pumped Storage","11W0-0000-0858-D","14/04/2026 21:00 - 14/04/2026 22:00","n/e","n/e"
"14/04/2026 00:00 - 15/04/2026 00:00","CTA|DE(50Hertz)","PSW Hohenwarte II PSS A-H","11W0-0000-0858-D","Hydro Pumped Storage","11W0-0000-0858-D","14/04/2026 22:00 - 14/04/2026 23:00","n/e","n/e"
"14/04/2026 00:00 - 15/04/2026 00:00","CTA|DE(50Hertz)","PSW Hohenwarte II PSS A-H","11W0-0000-0858-D","Hydro Pumped Storage","11W0-0000-0858-D","14/04/2026 23:00 - 15/04/2026 00:00","n/e","n/e"
"14/04/2026 00:00 - 15/04/2026 00:00","CTA|DE(50Hertz)","Geesthacht A-C","11W0-0000-0859-A","Hydro Pumped Storage","11W0-0000-0859-A","14/04/2026 00:00 - 14/04/2026 01:00","n/e","n/e"
"14/04/2026 00:00 - 15/04/2026 00:00","CTA|DE(50Hertz)","Geesthacht A-C","11W0-0000-0859-A","Hydro Pumped Storage","11W0-0000-0859-A","14/04/2026 01:00 - 14/04/2026 02:00","n/e","n/e"
"14/04/2026 00:00 - 15/04/2026 00:00","CTA|DE(50Hertz)","Geesthacht A-C","11W0-0000-0859-A","Hydro Pumped Storage","11W0-0000-0859-A","14/04/2026 02:00 - 14/04/2026 03:00","n/e","n/e"
"14/04/2026 00:00 - 15/04/2026 00:00","CTA|DE(50Hertz)","Geesthacht A-C","11W0-0000-0859-A","Hydro Pumped Storage","11W0-0000-0859-A","14/04/2026 03:00 - 14/04/2026 04:00","n/e","n/e"
"14/04/2026 00:00 - 15/04/2026 00:00","CTA|DE(50Hertz)","Geesthacht A-C","11W0-0000-0859-A","Hydro Pumped Storage","11W0-0000-0859-A","14/04/2026 04:00 - 14/04/2026 05:00","n/e","n/e"
"14/04/2026 00:00 - 15/04/2026 00:00","CTA|DE(50Hertz)","Geesthacht A-C","11W0-0000-0859-A","Hydro Pumped Storage","11W0-0000-0859-A","14/04/2026 05:00 - 14/04/2026 06:00","n/e","n/e"
"14/04/2026 00:00 - 15/04/2026 00:00","CTA|DE(50Hertz)","Geesthacht A-C","11W0-0000-0859-A","Hydro Pumped Storage","11W0-0000-0859-A","14/04/2026 06:00 - 14/04/2026 07:00","n/e","n/e"
"14/04/2026 00:00 - 15/04/2026 00:00","CTA|DE(50Hertz)","Geesthacht A-C","11W0-0000-0859-A","Hydro Pumped Storage","11W0-0000-0859-A","14/04/2026 07:00 - 14/04/2026 08:00","n/e","n/e"
"14/04/2026 00:00 - 15/04/2026 00:00","CTA|DE(50Hertz)","Geesthacht A-C","11W0-0000-0859-A","Hydro Pumped Storage","11W0-0000-0859-A","14/04/2026 08:00 - 14/04/2026 09:00","n/e","n/e"
"14/04/2026 00:00 - 15/04/2026 00:00","CTA|DE(50Hertz)","Geesthacht A-C","11W0-0000-0859-A","Hydro Pumped Storage","11W0-0000-0859-A","14/04/2026 09:00 - 14/04/2026 10:00","n/e","n/e"
"14/04/2026 00:00 - 15/04/2026 00:00","CTA|DE(50Hertz)","Geesthacht A-C","11W0-0000-0859-A","Hydro Pumped Storage","11W0-0000-0859-A","14/04/2026 10:00 - 14/04/2026 11:00","n/e","n/e"
"14/04/2026 00:00 - 15/04/2026 00:00","CTA|DE(50Hertz)","Geesthacht A-C","11W0-0000-0859-A","Hydro Pumped Storage","11W0-0000-0859-A","14/04/2026 11:00 - 14/04/2026 12:00","n/e","n/e"
"14/04/2026 00:00 - 15/04/2026 00:00","CTA|DE(50Hertz)","Geesthacht A-C","11W0-0000-0859-A","Hydro Pumped Storage","11W0-0000-0859-A","14/04/2026 12:00 - 14/04/2026 13:00","n/e","n/e"
"14/04/2026 00:00 - 15/04/2026 00:00","CTA|DE(50Hertz)","Geesthacht A-C","11W0-0000-0859-A","Hydro Pumped Storage","11W0-0000-0859-A","14/04/2026 13:00 - 14/04/2026 14:00","n/e","n/e"
"14/04/2026 00:00 - 15/04/2026 00:00","CTA|DE(50Hertz)","Geesthacht A-C","11W0-0000-0859-A","Hydro Pumped Storage","11W0-0000-0859-A","14/04/2026 14:00 - 14/04/2026 15:00","n/e","n/e"
"14/04/2026 00:00 - 15/04/2026 00:00","CTA|DE(50Hertz)","Geesthacht A-C","11W0-0000-0859-A","Hydro Pumped Storage","11W0-0000-0859-A","14/04/2026 15:00 - 14/04/2026 16:00","n/e","n/e"
"14/04/2026 00:00 - 15/04/2026 00:00","CTA|DE(50Hertz)","Geesthacht A-C","11W0-0000-0859-A","Hydro Pumped Storage","11W0-0000-0859-A","14/04/2026 16:00 - 14/04/2026 17:00","n/e","n/e"
"14/04/2026 00:00 - 15/04/2026 00:00","CTA|DE(50Hertz)","Geesthacht A-C","11W0-0000-0859-A","Hydro Pumped Storage","11W0-0000-0859-A","14/04/2026 17:00 - 14/04/2026 18:00","n/e","n/e"
"14/04/2026 00:00 - 15/04/2026 00:00","CTA|DE(50Hertz)","Geesthacht A-C","11W0-0000-0859-A","Hydro Pumped Storage","11W0-0000-0859-A","14/04/2026 18:00 - 14/04/2026 19:00","n/e","n/e"
"14/04/2026 00:00 - 15/04/2026 00:00","CTA|DE(50Hertz)","Geesthacht A-C","11W0-0000-0859-A","Hydro Pumped Storage","11W0-0000-0859-A","14/04/2026 19:00 - 14/04/2026 20:00","n/e","n/e"
"14/04/2026 00:00 - 15/04/2026 00:00","CTA|DE(50Hertz)","Geesthacht A-C","11W0-0000-0859-A","Hydro Pumped Storage","11W0-0000-0859-A","14/04/2026 20:00 - 14/04/2026 21:00","n/e","n/e"
"14/04/2026 00:00 - 15/04/2026 00:00","CTA|DE(50Hertz)","Geesthacht A-C","11W0-0000-0859-A","Hydro Pumped Storage","11W0-0000-0859-A","14/04/2026 21:00 - 14/04/2026 22:00","n/e","n/e"
"14/04/2026 00:00 - 15/04/2026 00:00","CTA|DE(50Hertz)","Geesthacht A-C","11W0-0000-0859-A","Hydro Pumped Storage","11W0-0000-0859-A","14/04/2026 22:00 - 14/04/2026 23:00","n/e","n/e"
"14/04/2026 00:00 - 15/04/2026 00:00","CTA|DE(50Hertz)","Geesthacht A-C","11W0-0000-0859-A","Hydro Pumped Storage","11W0-0000-0859-A","14/04/2026 23:00 - 15/04/2026 00:00","n/e","n/e"
