"Time Interval (CET/CEST)","Area","Unit Name","Unit Code","Type","Instance Code","MTU (CET/CEST)","Generation (MW)","Consumption (MW)"
"15/04/2026 00:00 - 16/04/2026 00:00","CTA|DE(Amprion)","HAMBORN-5","11WD7BEEC5XHAM5G","Fossil Coal-derived gas","11WD7BEEC5XHAM5G","15/04/2026 00:00 - 15/04/2026 01:00","211.00",""
"15/04/2026 00:00 - 16/04/2026 00:00","CTA|DE(Amprion)","HAMBORN-5","11WD7BEEC5XHAM5G","Fossil Coal-derived gas","11WD7BEEC5XHAM5G","15/04/2026 01:00 - 15/04/2026 02:00","176.75",""
"15/04/2026 00:00 - 16/04/2026 00:00","CTA|DE(Amprion)","HAMBORN-5","11WD7BEEC5XHAM5G","Fossil Coal-derived gas","11WD7BEEC5XHAM5G","15/04/2026 02:00 - 15/04/2026 03:00","140.75",""
"15/04/2026 00:00 - 16/04/2026 00:00","CTA|DE(Amprion)","HAMBORN-5","11WD7BEEC5XHAM5G","Fossil Coal-derived gas","11WD7BEEC5XHAM5G","15/04/2026 03:00 - 15/04/2026 04:00","142.50",""
"15/04/2026 00:00 - 16/04/2026 00:00","CTA|DE(Amprion)","HAMBORN-5","11WD7BEEC5XHAM5G","Fossil Coal-derived gas","11WD7BEEC5XHAM5G","15/04/2026 04:00 - 15/04/2026 05:00","135.00",""
"15/04/2026 00:00 - 16/04/2026 00:00","CTA|DE(Amprion)","HAMBORN-5","11WD7BEEC5XHAM5G","Fossil Coal-derived gas","11WD7BEEC5XHAM5G","15/04/2026 05:00 - 15/04/2026 06:00","127.00",""
"15/04/2026 00:00 - 16/04/2026 00:00","CTA|DE(Amprion)","HAMBORN-5","11WD7BEEC5XHAM5G","Fossil Coal-derived gas","11WD7BEEC5XHAM5G","15/04/2026 06:00 - 15/04/2026 07:00","147.50",""
"15/04/2026 00:00 - 16/04/2026 00:00","CTA|DE(Amprion)","HAMBORN-5","11WD7BEEC5XHAM5G","Fossil Coal-derived gas","11WD7BEEC5XHAM5G","15/04/2026 07:00 - 15/04/2026 08:00","164.75",""
"15/04/2026 00:00 - 16/04/2026 00:00","CTA|DE(Amprion)","HAMBORN-5","11WD7BEEC5XHAM5G","Fossil Coal-derived gas","11WD7BEEC5XHAM5G","15/04/2026 08:00 - 15/04/2026 09:00","141.50",""
"15/04/2026 00:00 - 16/04/2026 00:00","CTA|DE(Amprion)","HAMBORN-5","11WD7BEEC5XHAM5G","Fossil Coal-derived gas","11WD7BEEC5XHAM5G","15/04/2026 09:00 - 15/04/2026 10:00","143.75",""
"15/04/2026 00:00 - 16/04/2026 00:00","CTA|DE(Amprion)","HAMBORN-5","11WD7BEEC5XHAM5G","Fossil Coal-derived gas","11WD7BEEC5XHAM5G","15/04/2026 10:00 - 15/04/2026 11:00","155.50",""
"15/04/2026 00:00 - 16/04/2026 00:00","CTA|DE(Amprion)","HAMBORN-5","11WD7BEEC5XHAM5G","Fossil Coal-derived gas","11WD7BEEC5XHAM5G","15/04/2026 11:00 - 15/04/2026 12:00","166.00",""
"15/04/2026 00:00 - 16/04/2026 00:00","CTA|DE(Amprion)","HAMBORN-5","11WD7BEEC5XHAM5G","Fossil Coal-derived gas","11WD7BEEC5XHAM5G","15/04/2026 12:00 - 15/04/2026 13:00","166.00",""
"15/04/2026 00:00 - 16/04/2026 00:00","CTA|DE(Amprion)","HAMBORN-5","11WD7BEEC5XHAM5G","Fossil Coal-derived gas","11WD7BEEC5XHAM5G","15/04/2026 13:00 - 15/04/2026 14:00","166.00",""
"15/04/2026 00:00 - 16/04/2026 00:00","CTA|DE(Amprion)","HAMBORN-5","11WD7BEEC5XHAM5G","Fossil Coal-derived gas","11WD7BEEC5XHAM5G","15/04/2026 14:00 - 15/04/2026 15:00","90.00",""
"15/04/2026 00:00 - 16/04/2026 00:00","CTA|DE(Amprion)","HAMBORN-5","11WD7BEEC5XHAM5G","Fossil Coal-derived gas","11WD7BEEC5XHAM5G","15/04/2026 15:00 - 15/04/2026 16:00","90.00",""
"15/04/2026 00:00 - 16/04/2026 00:00","CTA|DE(Amprion)","HAMBORN-5","11WD7BEEC5XHAM5G","Fossil Coal-derived gas","11WD7BEEC5XHAM5G","15/04/2026 16:00 - 15/04/2026 17:00","90.00",""
"15/04/2026 00:00 - 16/04/2026 00:00","CTA|DE(Amprion)","HAMBORN-5","11WD7BEEC5XHAM5G","Fossil Coal-derived gas","11WD7BEEC5XHAM5G","15/04/2026 17:00 - 15/04/2026 18:00","90.00",""
"15/04/2026 00:00 - 16/04/2026 00:00","CTA|DE(Amprion)","HAMBORN-5","11WD7BEEC5XHAM5G","Fossil Coal-derived gas","11WD7BEEC5XHAM5G","15/04/2026 18:00 - 15/04/2026 19:00","90.00",""
"15/04/2026 00:00 - 16/04/2026 00:00","CTA|DE(Amprion)","HAMBORN-5","11WD7BEEC5XHAM5G","Fossil Coal-derived gas","11WD7BEEC5XHAM5G","15/04/2026 19:00 - 15/04/2026 20:00","90.00",""
"15/04/2026 00:00 - 16/04/2026 00:00","CTA|DE(Amprion)","HAMBORN-5","11WD7BEEC5XHAM5G","Fossil Coal-derived gas","11WD7BEEC5XHAM5G","15/04/2026 20:00 - 15/04/2026 21:00","90.00",""
"15/04/2026 00:00 - 16/04/2026 00:00","CTA|DE(Amprion)","HAMBORN-5","11WD7BEEC5XHAM5G","Fossil Coal-derived gas","11WD7BEEC5XHAM5G","15/04/2026 21:00 - 15/04/2026 22:00","90.00",""
"15/04/2026 00:00 - 16/04/2026 00:00","CTA|DE(Amprion)","HAMBORN-5","11WD7BEEC5XHAM5G","Fossil Coal-derived gas","11WD7BEEC5XHAM5G","15/04/2026 22:00 - 15/04/2026 23:00","139.00",""
"15/04/2026 00:00 - 16/04/2026 00:00","CTA|DE(Amprion)","HAMBORN-5","11WD7BEEC5XHAM5G","Fossil Coal-derived gas","11WD7BEEC5XHAM5G","15/04/2026 23:00 - 16/04/2026 00:00","139.00",""
"15/04/2026 00:00 - 16/04/2026 00:00","CTA|DE(Amprion)","RUHRORT-4","11WD7BEEC5XRUH4E","Fossil Coal-derived gas","11WD7BEEC5XRUH4E","15/04/2026 00:00 - 15/04/2026 01:00","0.00",""
"15/04/2026 00:00 - 16/04/2026 00:00","CTA|DE(Amprion)","RUHRORT-4","11WD7BEEC5XRUH4E","Fossil Coal-derived gas","11WD7BEEC5XRUH4E","15/04/2026 01:00 - 15/04/2026 02:00","0.00",""
"15/04/2026 00:00 - 16/04/2026 00:00","CTA|DE(Amprion)","RUHRORT-4","11WD7BEEC5XRUH4E","Fossil Coal-derived gas","11WD7BEEC5XRUH4E","15/04/2026 02:00 - 15/04/2026 03:00","0.00",""
"15/04/2026 00:00 - 16/04/2026 00:00","CTA|DE(Amprion)","RUHRORT-4","11WD7BEEC5XRUH4E","Fossil Coal-derived gas","11WD7BEEC5XRUH4E","15/04/2026 03:00 - 15/04/2026 04:00","0.00",""
"15/04/2026 00:00 - 16/04/2026 00:00","CTA|DE(Amprion)","RUHRORT-4","11WD7BEEC5XRUH4E","Fossil Coal-derived gas","11WD7BEEC5XRUH4E","15/04/2026 04:00 - 15/04/2026 05:00","0.00",""
"15/04/2026 00:00 - 16/04/2026 00:00","CTA|DE(Amprion)","RUHRORT-4","11WD7BEEC5XRUH4E","Fossil Coal-derived gas","11WD7BEEC5XRUH4E","15/04/2026 05:00 - 15/04/2026 06:00","0.00",""
"15/04/2026 00:00 - 16/04/2026 00:00","CTA|DE(Amprion)","RUHRORT-4","11WD7BEEC5XRUH4E","Fossil Coal-derived gas","11WD7BEEC5XRUH4E","15/04/2026 06:00 - 15/04/2026 07:00","0.00",""
"15/04/2026 00:00 - 16/04/2026 00:00","CTA|DE(Amprion)","RUHRORT-4","11WD7BEEC5XRUH4E","Fossil Coal-derived gas","11WD7BEEC5XRUH4E","15/04/2026 07:00 - 15/04/2026 08:00","0.00",""
"15/04/2026 00:00 - 16/04/2026 00:00","CTA|DE(Amprion)","RUHRORT-4","11WD7BEEC5XRUH4E","Fossil Coal-derived gas","11WD7BEEC5XRUH4E","15/04/2026 08:00 - 15/04/2026 09:00","0.00",""
"15/04/2026 00:00 - 16/04/2026 00:00","CTA|DE(Amprion)","RUHRORT-4","11WD7BEEC5XRUH4E","Fossil Coal-derived gas","11WD7BEEC5XRUH4E","15/04/2026 09:00 - 15/04/2026 10:00","0.00",""
"15/04/2026 00:00 - 16/04/2026 00:00","CTA|DE(Amprion)","RUHRORT-4","11WD7BEEC5XRUH4E","Fossil Coal-derived gas","11WD7BEEC5XRUH4E","15/04/2026 10:00 - 15/04/2026 11:00","0.00",""
"15/04/2026 00:00 - 16/04/2026 00:00","CTA|DE(Amprion)","RUHRORT-4","11WD7BEEC5XRUH4E","Fossil Coal-derived gas","11WD7BEEC5XRUH4E","15/04/2026 11:00 - 15/04/2026 12:00","0.00",""
"15/04/2026 00:00 - 16/04/2026 00:00","CTA|DE(Amprion)","RUHRORT-4","11WD7BEEC5XRUH4E","Fossil Coal-derived gas","11WD7BEEC5XRUH4E","15/04/2026 12:00 - 15/04/2026 13:00","0.00",""
"15/04/2026 00:00 - 16/04/2026 00:00","CTA|DE(Amprion)","RUHRORT-4","11WD7BEEC5XRUH4E","Fossil Coal-derived gas","11WD7BEEC5XRUH4E","15/04/2026 13:00 - 15/04/2026 14:00","0.00",""
"15/04/2026 00:00 - 16/04/2026 00:00","CTA|DE(Amprion)","RUHRORT-4","11WD7BEEC5XRUH4E","Fossil Coal-derived gas","11WD7BEEC5XRUH4E","15/04/2026 14:00 - 15/04/2026 15:00","0.00",""
"15/04/2026 00:00 - 16/04/2026 00:00","CTA|DE(Amprion)","RUHRORT-4","11WD7BEEC5XRUH4E","Fossil Coal-derived gas","11WD7BEEC5XRUH4E","15/04/2026 15:00 - 15/04/2026 16:00","0.00",""
"15/04/2026 00:00 - 16/04/2026 00:00","CTA|DE(Amprion)","RUHRORT-4","11WD7BEEC5XRUH4E","Fossil Coal-derived gas","11WD7BEEC5XRUH4E","15/04/2026 16:00 - 15/04/2026 17:00","0.00",""
"15/04/2026 00:00 - 16/04/2026 00:00","CTA|DE(Amprion)","RUHRORT-4","11WD7BEEC5XRUH4E","Fossil Coal-derived gas","11WD7BEEC5XRUH4E","15/04/2026 17:00 - 15/04/2026 18:00","0.00",""
"15/04/2026 00:00 - 16/04/2026 00:00","CTA|DE(Amprion)","RUHRORT-4","11WD7BEEC5XRUH4E","Fossil Coal-derived gas","11WD7BEEC5XRUH4E","15/04/2026 18:00 - 15/04/2026 19:00","0.00",""
"15/04/2026 00:00 - 16/04/2026 00:00","CTA|DE(Amprion)","RUHRORT-4","11WD7BEEC5XRUH4E","Fossil Coal-derived gas","11WD7BEEC5XRUH4E","15/04/2026 19:00 - 15/04/2026 20:00","0.00",""
"15/04/2026 00:00 - 16/04/2026 00:00","CTA|DE(Amprion)","RUHRORT-4","11WD7BEEC5XRUH4E","Fossil Coal-derived gas","11WD7BEEC5XRUH4E","15/04/2026 20:00 - 15/04/2026 21:00","0.00",""
"15/04/2026 00:00 - 16/04/2026 00:00","CTA|DE(Amprion)","RUHRORT-4","11WD7BEEC5XRUH4E","Fossil Coal-derived gas","11WD7BEEC5XRUH4E","15/04/2026 21:00 - 15/04/2026 22:00","0.00",""
"15/04/2026 00:00 - 16/04/2026 00:00","CTA|DE(Amprion)","RUHRORT-4","11WD7BEEC5XRUH4E","Fossil Coal-derived gas","11WD7BEEC5XRUH4E","15/04/2026 22:00 - 15/04/2026 23:00","0.00",""
"15/04/2026 00:00 - 16/04/2026 00:00","CTA|DE(Amprion)","RUHRORT-4","11WD7BEEC5XRUH4E","Fossil Coal-derived gas","11WD7BEEC5XRUH4E","15/04/2026 23:00 - 16/04/2026 00:00","0.00",""
"15/04/2026 00:00 - 16/04/2026 00:00","CTA|DE(Amprion)","BERGKAMEN_A","11WD7BERG1S--A-X","Fossil Hard coal","11WD7BERG1S--A-X","15/04/2026 00:00 - 15/04/2026 01:00","0.00",""
"15/04/2026 00:00 - 16/04/2026 00:00","CTA|DE(Amprion)","BERGKAMEN_A","11WD7BERG1S--A-X","Fossil Hard coal","11WD7BERG1S--A-X","15/04/2026 01:00 - 15/04/2026 02:00","0.00",""
"15/04/2026 00:00 - 16/04/2026 00:00","CTA|DE(Amprion)","BERGKAMEN_A","11WD7BERG1S--A-X","Fossil Hard coal","11WD7BERG1S--A-X","15/04/2026 02:00 - 15/04/2026 03:00","0.00",""
"15/04/2026 00:00 - 16/04/2026 00:00","CTA|DE(Amprion)","BERGKAMEN_A","11WD7BERG1S--A-X","Fossil Hard coal","11WD7BERG1S--A-X","15/04/2026 03:00 - 15/04/2026 04:00","0.00",""
"15/04/2026 00:00 - 16/04/2026 00:00","CTA|DE(Amprion)","BERGKAMEN_A","11WD7BERG1S--A-X","Fossil Hard coal","11WD7BERG1S--A-X","15/04/2026 04:00 - 15/04/2026 05:00","0.00",""
"15/04/2026 00:00 - 16/04/2026 00:00","CTA|DE(Amprion)","BERGKAMEN_A","11WD7BERG1S--A-X","Fossil Hard coal","11WD7BERG1S--A-X","15/04/2026 05:00 - 15/04/2026 06:00","0.00",""
"15/04/2026 00:00 - 16/04/2026 00:00","CTA|DE(Amprion)","BERGKAMEN_A","11WD7BERG1S--A-X","Fossil Hard coal","11WD7BERG1S--A-X","15/04/2026 06:00 - 15/04/2026 07:00","0.00",""
"15/04/2026 00:00 - 16/04/2026 00:00","CTA|DE(Amprion)","BERGKAMEN_A","11WD7BERG1S--A-X","Fossil Hard coal","11WD7BERG1S--A-X","15/04/2026 07:00 - 15/04/2026 08:00","0.00",""
"15/04/2026 00:00 - 16/04/2026 00:00","CTA|DE(Amprion)","BERGKAMEN_A","11WD7BERG1S--A-X","Fossil Hard coal","11WD7BERG1S--A-X","15/04/2026 08:00 - 15/04/2026 09:00","0.00",""
"15/04/2026 00:00 - 16/04/2026 00:00","CTA|DE(Amprion)","BERGKAMEN_A","11WD7BERG1S--A-X","Fossil Hard coal","11WD7BERG1S--A-X","15/04/2026 09:00 - 15/04/2026 10:00","0.00",""
"15/04/2026 00:00 - 16/04/2026 00:00","CTA|DE(Amprion)","BERGKAMEN_A","11WD7BERG1S--A-X","Fossil Hard coal","11WD7BERG1S--A-X","15/04/2026 10:00 - 15/04/2026 11:00","0.00",""
"15/04/2026 00:00 - 16/04/2026 00:00","CTA|DE(Amprion)","BERGKAMEN_A","11WD7BERG1S--A-X","Fossil Hard coal","11WD7BERG1S--A-X","15/04/2026 11:00 - 15/04/2026 12:00","0.00",""
"15/04/2026 00:00 - 16/04/2026 00:00","CTA|DE(Amprion)","BERGKAMEN_A","11WD7BERG1S--A-X","Fossil Hard coal","11WD7BERG1S--A-X","15/04/2026 12:00 - 15/04/2026 13:00","0.00",""
"15/04/2026 00:00 - 16/04/2026 00:00","CTA|DE(Amprion)","BERGKAMEN_A","11WD7BERG1S--A-X","Fossil Hard coal","11WD7BERG1S--A-X","15/04/2026 13:00 - 15/04/2026 14:00","0.00",""
"15/04/2026 00:00 - 16/04/2026 00:00","CTA|DE(Amprion)","BERGKAMEN_A","11WD7BERG1S--A-X","Fossil Hard coal","11WD7BERG1S--A-X","15/04/2026 14:00 - 15/04/2026 15:00","0.00",""
"15/04/2026 00:00 - 16/04/2026 00:00","CTA|DE(Amprion)","BERGKAMEN_A","11WD7BERG1S--A-X","Fossil Hard coal","11WD7BERG1S--A-X","15/04/2026 15:00 - 15/04/2026 16:00","0.00",""
"15/04/2026 00:00 - 16/04/2026 00:00","CTA|DE(Amprion)","BERGKAMEN_A","11WD7BERG1S--A-X","Fossil Hard coal","11WD7BERG1S--A-X","15/04/2026 16:00 - 15/04/2026 17:00","0.00",""
"15/04/2026 00:00 - 16/04/2026 00:00","CTA|DE(Amprion)","BERGKAMEN_A","11WD7BERG1S--A-X","Fossil Hard coal","11WD7BERG1S--A-X","15/04/2026 17:00 - 15/04/2026 18:00","0.00",""
"15/04/2026 00:00 - 16/04/2026 00:00","CTA|DE(Amprion)","BERGKAMEN_A","11WD7BERG1S--A-X","Fossil Hard coal","11WD7BERG1S--A-X","15/04/2026 18:00 - 15/04/2026 19:00","0.00",""
"15/04/2026 00:00 - 16/04/2026 00:00","CTA|DE(Amprion)","BERGKAMEN_A","11WD7BERG1S--A-X","Fossil Hard coal","11WD7BERG1S--A-X","15/04/2026 19:00 - 15/04/2026 20:00","0.00",""
"15/04/2026 00:00 - 16/04/2026 00:00","CTA|DE(Amprion)","BERGKAMEN_A","11WD7BERG1S--A-X","Fossil Hard coal","11WD7BERG1S--A-X","15/04/2026 20:00 - 15/04/2026 21:00","0.00",""
"15/04/2026 00:00 - 16/04/2026 00:00","CTA|DE(Amprion)","BERGKAMEN_A","11WD7BERG1S--A-X","Fossil Hard coal","11WD7BERG1S--A-X","15/04/2026 21:00 - 15/04/2026 22:00","0.00",""
"15/04/2026 00:00 - 16/04/2026 00:00","CTA|DE(Amprion)","BERGKAMEN_A","11WD7BERG1S--A-X","Fossil Hard coal","11WD7BERG1S--A-X","15/04/2026 22:00 - 15/04/2026 23:00","0.00",""
"15/04/2026 00:00 - 16/04/2026 00:00","CTA|DE(Amprion)","BERGKAMEN_A","11WD7BERG1S--A-X","Fossil Hard coal","11WD7BERG1S--A-X","15/04/2026 23:00 - 16/04/2026 00:00","0.00",""
"15/04/2026 00:00 - 16/04/2026 00:00","CTA|DE(Amprion)","KMW_KW3","11WD7BISC5GKW3-T","Fossil Gas","11WD7BISC5GKW3-T","15/04/2026 00:00 - 15/04/2026 01:00","422.95",""
"15/04/2026 00:00 - 16/04/2026 00:00","CTA|DE(Amprion)","KMW_KW3","11WD7BISC5GKW3-T","Fossil Gas","11WD7BISC5GKW3-T","15/04/2026 01:00 - 15/04/2026 02:00","421.77",""
"15/04/2026 00:00 - 16/04/2026 00:00","CTA|DE(Amprion)","KMW_KW3","11WD7BISC5GKW3-T","Fossil Gas","11WD7BISC5GKW3-T","15/04/2026 02:00 - 15/04/2026 03:00","405.00",""
"15/04/2026 00:00 - 16/04/2026 00:00","CTA|DE(Amprion)","KMW_KW3","11WD7BISC5GKW3-T","Fossil Gas","11WD7BISC5GKW3-T","15/04/2026 03:00 - 15/04/2026 04:00","395.50",""
"15/04/2026 00:00 - 16/04/2026 00:00","CTA|DE(Amprion)","KMW_KW3","11WD7BISC5GKW3-T","Fossil Gas","11WD7BISC5GKW3-T","15/04/2026 04:00 - 15/04/2026 05:00","405.00",""
"15/04/2026 00:00 - 16/04/2026 00:00","CTA|DE(Amprion)","KMW_KW3","11WD7BISC5GKW3-T","Fossil Gas","11WD7BISC5GKW3-T","15/04/2026 05:00 - 15/04/2026 06:00","425.27",""
"15/04/2026 00:00 - 16/04/2026 00:00","CTA|DE(Amprion)","KMW_KW3","11WD7BISC5GKW3-T","Fossil Gas","11WD7BISC5GKW3-T","15/04/2026 06:00 - 15/04/2026 07:00","428.05",""
"15/04/2026 00:00 - 16/04/2026 00:00","CTA|DE(Amprion)","KMW_KW3","11WD7BISC5GKW3-T","Fossil Gas","11WD7BISC5GKW3-T","15/04/2026 07:00 - 15/04/2026 08:00","428.23",""
"15/04/2026 00:00 - 16/04/2026 00:00","CTA|DE(Amprion)","KMW_KW3","11WD7BISC5GKW3-T","Fossil Gas","11WD7BISC5GKW3-T","15/04/2026 08:00 - 15/04/2026 09:00","427.02",""
"15/04/2026 00:00 - 16/04/2026 00:00","CTA|DE(Amprion)","KMW_KW3","11WD7BISC5GKW3-T","Fossil Gas","11WD7BISC5GKW3-T","15/04/2026 09:00 - 15/04/2026 10:00","297.95",""
"15/04/2026 00:00 - 16/04/2026 00:00","CTA|DE(Amprion)","KMW_KW3","11WD7BISC5GKW3-T","Fossil Gas","11WD7BISC5GKW3-T","15/04/2026 10:00 - 15/04/2026 11:00","0.00",""
"15/04/2026 00:00 - 16/04/2026 00:00","CTA|DE(Amprion)","KMW_KW3","11WD7BISC5GKW3-T","Fossil Gas","11WD7BISC5GKW3-T","15/04/2026 11:00 - 15/04/2026 12:00","0.00",""
"15/04/2026 00:00 - 16/04/2026 00:00","CTA|DE(Amprion)","KMW_KW3","11WD7BISC5GKW3-T","Fossil Gas","11WD7BISC5GKW3-T","15/04/2026 12:00 - 15/04/2026 13:00","0.00",""
"15/04/2026 00:00 - 16/04/2026 00:00","CTA|DE(Amprion)","KMW_KW3","11WD7BISC5GKW3-T","Fossil Gas","11WD7BISC5GKW3-T","15/04/2026 13:00 - 15/04/2026 14:00","0.00",""
"15/04/2026 00:00 - 16/04/2026 00:00","CTA|DE(Amprion)","KMW_KW3","11WD7BISC5GKW3-T","Fossil Gas","11WD7BISC5GKW3-T","15/04/2026 14:00 - 15/04/2026 15:00","0.00",""
"15/04/2026 00:00 - 16/04/2026 00:00","CTA|DE(Amprion)","KMW_KW3","11WD7BISC5GKW3-T","Fossil Gas","11WD7BISC5GKW3-T","15/04/2026 15:00 - 15/04/2026 16:00","0.00",""
"15/04/2026 00:00 - 16/04/2026 00:00","CTA|DE(Amprion)","KMW_KW3","11WD7BISC5GKW3-T","Fossil Gas","11WD7BISC5GKW3-T","15/04/2026 16:00 - 15/04/2026 17:00","0.00",""
"15/04/2026 00:00 - 16/04/2026 00:00","CTA|DE(Amprion)","KMW_KW3","11WD7BISC5GKW3-T","Fossil Gas","11WD7BISC5GKW3-T","15/04/2026 17:00 - 15/04/2026 18:00","259.05",""
"15/04/2026 00:00 - 16/04/2026 00:00","CTA|DE(Amprion)","KMW_KW3","11WD7BISC5GKW3-T","Fossil Gas","11WD7BISC5GKW3-T","15/04/2026 18:00 - 15/04/2026 19:00","404.77",""
"15/04/2026 00:00 - 16/04/2026 00:00","CTA|DE(Amprion)","KMW_KW3","11WD7BISC5GKW3-T","Fossil Gas","11WD7BISC5GKW3-T","15/04/2026 19:00 - 15/04/2026 20:00","404.82",""
"15/04/2026 00:00 - 16/04/2026 00:00","CTA|DE(Amprion)","KMW_KW3","11WD7BISC5GKW3-T","Fossil Gas","11WD7BISC5GKW3-T","15/04/2026 20:00 - 15/04/2026 21:00","407.88",""
"15/04/2026 00:00 - 16/04/2026 00:00","CTA|DE(Amprion)","KMW_KW3","11WD7BISC5GKW3-T","Fossil Gas","11WD7BISC5GKW3-T","15/04/2026 21:00 - 15/04/2026 22:00","410.70",""
"15/04/2026 00:00 - 16/04/2026 00:00","CTA|DE(Amprion)","KMW_KW3","11WD7BISC5GKW3-T","Fossil Gas","11WD7BISC5GKW3-T","15/04/2026 22:00 - 15/04/2026 23:00","413.55",""
"15/04/2026 00:00 - 16/04/2026 00:00","CTA|DE(Amprion)","KMW_KW3","11WD7BISC5GKW3-T","Fossil Gas","11WD7BISC5GKW3-T","15/04/2026 23:00 - 16/04/2026 00:00","333.40",""
"15/04/2026 00:00 - 16/04/2026 00:00","CTA|DE(Amprion)","DT HKW-Niehl-2","11WD7BOLA5GDTN2T","Fossil Gas","11WD7BOLA5GDTN2T","15/04/2026 00:00 - 15/04/2026 01:00","127.45",""
"15/04/2026 00:00 - 16/04/2026 00:00","CTA|DE(Amprion)","DT HKW-Niehl-2","11WD7BOLA5GDTN2T","Fossil Gas","11WD7BOLA5GDTN2T","15/04/2026 01:00 - 15/04/2026 02:00","127.55",""
"15/04/2026 00:00 - 16/04/2026 00:00","CTA|DE(Amprion)","DT HKW-Niehl-2","11WD7BOLA5GDTN2T","Fossil Gas","11WD7BOLA5GDTN2T","15/04/2026 02:00 - 15/04/2026 03:00","128.68",""
"15/04/2026 00:00 - 16/04/2026 00:00","CTA|DE(Amprion)","DT HKW-Niehl-2","11WD7BOLA5GDTN2T","Fossil Gas","11WD7BOLA5GDTN2T","15/04/2026 03:00 - 15/04/2026 04:00","128.80",""
"15/04/2026 00:00 - 16/04/2026 00:00","CTA|DE(Amprion)","DT HKW-Niehl-2","11WD7BOLA5GDTN2T","Fossil Gas","11WD7BOLA5GDTN2T","15/04/2026 04:00 - 15/04/2026 05:00","128.35",""
"15/04/2026 00:00 - 16/04/2026 00:00","CTA|DE(Amprion)","DT HKW-Niehl-2","11WD7BOLA5GDTN2T","Fossil Gas","11WD7BOLA5GDTN2T","15/04/2026 05:00 - 15/04/2026 06:00","127.17",""
"15/04/2026 00:00 - 16/04/2026 00:00","CTA|DE(Amprion)","DT HKW-Niehl-2","11WD7BOLA5GDTN2T","Fossil Gas","11WD7BOLA5GDTN2T","15/04/2026 06:00 - 15/04/2026 07:00","125.83",""
"15/04/2026 00:00 - 16/04/2026 00:00","CTA|DE(Amprion)","DT HKW-Niehl-2","11WD7BOLA5GDTN2T","Fossil Gas","11WD7BOLA5GDTN2T","15/04/2026 07:00 - 15/04/2026 08:00","125.05",""
"15/04/2026 00:00 - 16/04/2026 00:00","CTA|DE(Amprion)","DT HKW-Niehl-2","11WD7BOLA5GDTN2T","Fossil Gas","11WD7BOLA5GDTN2T","15/04/2026 08:00 - 15/04/2026 09:00","122.20",""
"15/04/2026 00:00 - 16/04/2026 00:00","CTA|DE(Amprion)","DT HKW-Niehl-2","11WD7BOLA5GDTN2T","Fossil Gas","11WD7BOLA5GDTN2T","15/04/2026 09:00 - 15/04/2026 10:00","124.63",""
"15/04/2026 00:00 - 16/04/2026 00:00","CTA|DE(Amprion)","DT HKW-Niehl-2","11WD7BOLA5GDTN2T","Fossil Gas","11WD7BOLA5GDTN2T","15/04/2026 10:00 - 15/04/2026 11:00","116.58",""
"15/04/2026 00:00 - 16/04/2026 00:00","CTA|DE(Amprion)","DT HKW-Niehl-2","11WD7BOLA5GDTN2T","Fossil Gas","11WD7BOLA5GDTN2T","15/04/2026 11:00 - 15/04/2026 12:00","60.80",""
"15/04/2026 00:00 - 16/04/2026 00:00","CTA|DE(Amprion)","DT HKW-Niehl-2","11WD7BOLA5GDTN2T","Fossil Gas","11WD7BOLA5GDTN2T","15/04/2026 12:00 - 15/04/2026 13:00","59.65",""
"15/04/2026 00:00 - 16/04/2026 00:00","CTA|DE(Amprion)","DT HKW-Niehl-2","11WD7BOLA5GDTN2T","Fossil Gas","11WD7BOLA5GDTN2T","15/04/2026 13:00 - 15/04/2026 14:00","59.90",""
"15/04/2026 00:00 - 16/04/2026 00:00","CTA|DE(Amprion)","DT HKW-Niehl-2","11WD7BOLA5GDTN2T","Fossil Gas","11WD7BOLA5GDTN2T","15/04/2026 14:00 - 15/04/2026 15:00","62.45",""
"15/04/2026 00:00 - 16/04/2026 00:00","CTA|DE(Amprion)","DT HKW-Niehl-2","11WD7BOLA5GDTN2T","Fossil Gas","11WD7BOLA5GDTN2T","15/04/2026 15:00 - 15/04/2026 16:00","83.45",""
"15/04/2026 00:00 - 16/04/2026 00:00","CTA|DE(Amprion)","DT HKW-Niehl-2","11WD7BOLA5GDTN2T","Fossil Gas","11WD7BOLA5GDTN2T","15/04/2026 16:00 - 15/04/2026 17:00","105.65",""
"15/04/2026 00:00 - 16/04/2026 00:00","CTA|DE(Amprion)","DT HKW-Niehl-2","11WD7BOLA5GDTN2T","Fossil Gas","11WD7BOLA5GDTN2T","15/04/2026 17:00 - 15/04/2026 18:00","121.83",""
"15/04/2026 00:00 - 16/04/2026 00:00","CTA|DE(Amprion)","DT HKW-Niehl-2","11WD7BOLA5GDTN2T","Fossil Gas","11WD7BOLA5GDTN2T","15/04/2026 18:00 - 15/04/2026 19:00","122.42",""
"15/04/2026 00:00 - 16/04/2026 00:00","CTA|DE(Amprion)","DT HKW-Niehl-2","11WD7BOLA5GDTN2T","Fossil Gas","11WD7BOLA5GDTN2T","15/04/2026 19:00 - 15/04/2026 20:00","123.08",""
"15/04/2026 00:00 - 16/04/2026 00:00","CTA|DE(Amprion)","DT HKW-Niehl-2","11WD7BOLA5GDTN2T","Fossil Gas","11WD7BOLA5GDTN2T","15/04/2026 20:00 - 15/04/2026 21:00","123.63",""
"15/04/2026 00:00 - 16/04/2026 00:00","CTA|DE(Amprion)","DT HKW-Niehl-2","11WD7BOLA5GDTN2T","Fossil Gas","11WD7BOLA5GDTN2T","15/04/2026 21:00 - 15/04/2026 22:00","124.38",""
"15/04/2026 00:00 - 16/04/2026 00:00","CTA|DE(Amprion)","DT HKW-Niehl-2","11WD7BOLA5GDTN2T","Fossil Gas","11WD7BOLA5GDTN2T","15/04/2026 22:00 - 15/04/2026 23:00","124.78",""
"15/04/2026 00:00 - 16/04/2026 00:00","CTA|DE(Amprion)","DT HKW-Niehl-2","11WD7BOLA5GDTN2T","Fossil Gas","11WD7BOLA5GDTN2T","15/04/2026 23:00 - 16/04/2026 00:00","123.70",""
"15/04/2026 00:00 - 16/04/2026 00:00","CTA|DE(Amprion)","GT HKW-Niehl-2","11WD7BOLA5GGTN2E","Fossil Gas","11WD7BOLA5GGTN2E","15/04/2026 00:00 - 15/04/2026 01:00","254.88",""
"15/04/2026 00:00 - 16/04/2026 00:00","CTA|DE(Amprion)","GT HKW-Niehl-2","11WD7BOLA5GGTN2E","Fossil Gas","11WD7BOLA5GGTN2E","15/04/2026 01:00 - 15/04/2026 02:00","255.07",""
"15/04/2026 00:00 - 16/04/2026 00:00","CTA|DE(Amprion)","GT HKW-Niehl-2","11WD7BOLA5GGTN2E","Fossil Gas","11WD7BOLA5GGTN2E","15/04/2026 02:00 - 15/04/2026 03:00","257.35",""
"15/04/2026 00:00 - 16/04/2026 00:00","CTA|DE(Amprion)","GT HKW-Niehl-2","11WD7BOLA5GGTN2E","Fossil Gas","11WD7BOLA5GGTN2E","15/04/2026 03:00 - 15/04/2026 04:00","257.60",""
"15/04/2026 00:00 - 16/04/2026 00:00","CTA|DE(Amprion)","GT HKW-Niehl-2","11WD7BOLA5GGTN2E","Fossil Gas","11WD7BOLA5GGTN2E","15/04/2026 04:00 - 15/04/2026 05:00","256.73",""
"15/04/2026 00:00 - 16/04/2026 00:00","CTA|DE(Amprion)","GT HKW-Niehl-2","11WD7BOLA5GGTN2E","Fossil Gas","11WD7BOLA5GGTN2E","15/04/2026 05:00 - 15/04/2026 06:00","254.35",""
"15/04/2026 00:00 - 16/04/2026 00:00","CTA|DE(Amprion)","GT HKW-Niehl-2","11WD7BOLA5GGTN2E","Fossil Gas","11WD7BOLA5GGTN2E","15/04/2026 06:00 - 15/04/2026 07:00","251.65",""
"15/04/2026 00:00 - 16/04/2026 00:00","CTA|DE(Amprion)","GT HKW-Niehl-2","11WD7BOLA5GGTN2E","Fossil Gas","11WD7BOLA5GGTN2E","15/04/2026 07:00 - 15/04/2026 08:00","250.18",""
"15/04/2026 00:00 - 16/04/2026 00:00","CTA|DE(Amprion)","GT HKW-Niehl-2","11WD7BOLA5GGTN2E","Fossil Gas","11WD7BOLA5GGTN2E","15/04/2026 08:00 - 15/04/2026 09:00","244.43",""
"15/04/2026 00:00 - 16/04/2026 00:00","CTA|DE(Amprion)","GT HKW-Niehl-2","11WD7BOLA5GGTN2E","Fossil Gas","11WD7BOLA5GGTN2E","15/04/2026 09:00 - 15/04/2026 10:00","249.28",""
"15/04/2026 00:00 - 16/04/2026 00:00","CTA|DE(Amprion)","GT HKW-Niehl-2","11WD7BOLA5GGTN2E","Fossil Gas","11WD7BOLA5GGTN2E","15/04/2026 10:00 - 15/04/2026 11:00","233.15",""
"15/04/2026 00:00 - 16/04/2026 00:00","CTA|DE(Amprion)","GT HKW-Niehl-2","11WD7BOLA5GGTN2E","Fossil Gas","11WD7BOLA5GGTN2E","15/04/2026 11:00 - 15/04/2026 12:00","121.53",""
"15/04/2026 00:00 - 16/04/2026 00:00","CTA|DE(Amprion)","GT HKW-Niehl-2","11WD7BOLA5GGTN2E","Fossil Gas","11WD7BOLA5GGTN2E","15/04/2026 12:00 - 15/04/2026 13:00","119.25",""
"15/04/2026 00:00 - 16/04/2026 00:00","CTA|DE(Amprion)","GT HKW-Niehl-2","11WD7BOLA5GGTN2E","Fossil Gas","11WD7BOLA5GGTN2E","15/04/2026 13:00 - 15/04/2026 14:00","119.83",""
"15/04/2026 00:00 - 16/04/2026 00:00","CTA|DE(Amprion)","GT HKW-Niehl-2","11WD7BOLA5GGTN2E","Fossil Gas","11WD7BOLA5GGTN2E","15/04/2026 14:00 - 15/04/2026 15:00","124.95",""
"15/04/2026 00:00 - 16/04/2026 00:00","CTA|DE(Amprion)","GT HKW-Niehl-2","11WD7BOLA5GGTN2E","Fossil Gas","11WD7BOLA5GGTN2E","15/04/2026 15:00 - 15/04/2026 16:00","166.93",""
"15/04/2026 00:00 - 16/04/2026 00:00","CTA|DE(Amprion)","GT HKW-Niehl-2","11WD7BOLA5GGTN2E","Fossil Gas","11WD7BOLA5GGTN2E","15/04/2026 16:00 - 15/04/2026 17:00","211.25",""
"15/04/2026 00:00 - 16/04/2026 00:00","CTA|DE(Amprion)","GT HKW-Niehl-2","11WD7BOLA5GGTN2E","Fossil Gas","11WD7BOLA5GGTN2E","15/04/2026 17:00 - 15/04/2026 18:00","243.68",""
"15/04/2026 00:00 - 16/04/2026 00:00","CTA|DE(Amprion)","GT HKW-Niehl-2","11WD7BOLA5GGTN2E","Fossil Gas","11WD7BOLA5GGTN2E","15/04/2026 18:00 - 15/04/2026 19:00","244.82",""
"15/04/2026 00:00 - 16/04/2026 00:00","CTA|DE(Amprion)","GT HKW-Niehl-2","11WD7BOLA5GGTN2E","Fossil Gas","11WD7BOLA5GGTN2E","15/04/2026 19:00 - 15/04/2026 20:00","246.15",""
"15/04/2026 00:00 - 16/04/2026 00:00","CTA|DE(Amprion)","GT HKW-Niehl-2","11WD7BOLA5GGTN2E","Fossil Gas","11WD7BOLA5GGTN2E","15/04/2026 20:00 - 15/04/2026 21:00","247.28",""
"15/04/2026 00:00 - 16/04/2026 00:00","CTA|DE(Amprion)","GT HKW-Niehl-2","11WD7BOLA5GGTN2E","Fossil Gas","11WD7BOLA5GGTN2E","15/04/2026 21:00 - 15/04/2026 22:00","248.70",""
"15/04/2026 00:00 - 16/04/2026 00:00","CTA|DE(Amprion)","GT HKW-Niehl-2","11WD7BOLA5GGTN2E","Fossil Gas","11WD7BOLA5GGTN2E","15/04/2026 22:00 - 15/04/2026 23:00","249.50",""
"15/04/2026 00:00 - 16/04/2026 00:00","CTA|DE(Amprion)","GT HKW-Niehl-2","11WD7BOLA5GGTN2E","Fossil Gas","11WD7BOLA5GGTN2E","15/04/2026 23:00 - 16/04/2026 00:00","247.35",""
"15/04/2026 00:00 - 16/04/2026 00:00","CTA|DE(Amprion)","GuD Dormagen","11WD7BRAU5G-GUDH","Fossil Gas","11WD7BRAU5G-GUDH","15/04/2026 00:00 - 15/04/2026 01:00","0.00",""
"15/04/2026 00:00 - 16/04/2026 00:00","CTA|DE(Amprion)","GuD Dormagen","11WD7BRAU5G-GUDH","Fossil Gas","11WD7BRAU5G-GUDH","15/04/2026 01:00 - 15/04/2026 02:00","0.00",""
"15/04/2026 00:00 - 16/04/2026 00:00","CTA|DE(Amprion)","GuD Dormagen","11WD7BRAU5G-GUDH","Fossil Gas","11WD7BRAU5G-GUDH","15/04/2026 02:00 - 15/04/2026 03:00","0.00",""
"15/04/2026 00:00 - 16/04/2026 00:00","CTA|DE(Amprion)","GuD Dormagen","11WD7BRAU5G-GUDH","Fossil Gas","11WD7BRAU5G-GUDH","15/04/2026 03:00 - 15/04/2026 04:00","0.00",""
"15/04/2026 00:00 - 16/04/2026 00:00","CTA|DE(Amprion)","GuD Dormagen","11WD7BRAU5G-GUDH","Fossil Gas","11WD7BRAU5G-GUDH","15/04/2026 04:00 - 15/04/2026 05:00","0.00",""
"15/04/2026 00:00 - 16/04/2026 00:00","CTA|DE(Amprion)","GuD Dormagen","11WD7BRAU5G-GUDH","Fossil Gas","11WD7BRAU5G-GUDH","15/04/2026 05:00 - 15/04/2026 06:00","0.00",""
"15/04/2026 00:00 - 16/04/2026 00:00","CTA|DE(Amprion)","GuD Dormagen","11WD7BRAU5G-GUDH","Fossil Gas","11WD7BRAU5G-GUDH","15/04/2026 06:00 - 15/04/2026 07:00","0.00",""
"15/04/2026 00:00 - 16/04/2026 00:00","CTA|DE(Amprion)","GuD Dormagen","11WD7BRAU5G-GUDH","Fossil Gas","11WD7BRAU5G-GUDH","15/04/2026 07:00 - 15/04/2026 08:00","0.00",""
"15/04/2026 00:00 - 16/04/2026 00:00","CTA|DE(Amprion)","GuD Dormagen","11WD7BRAU5G-GUDH","Fossil Gas","11WD7BRAU5G-GUDH","15/04/2026 08:00 - 15/04/2026 09:00","0.00",""
"15/04/2026 00:00 - 16/04/2026 00:00","CTA|DE(Amprion)","GuD Dormagen","11WD7BRAU5G-GUDH","Fossil Gas","11WD7BRAU5G-GUDH","15/04/2026 09:00 - 15/04/2026 10:00","0.00",""
"15/04/2026 00:00 - 16/04/2026 00:00","CTA|DE(Amprion)","GuD Dormagen","11WD7BRAU5G-GUDH","Fossil Gas","11WD7BRAU5G-GUDH","15/04/2026 10:00 - 15/04/2026 11:00","0.00",""
"15/04/2026 00:00 - 16/04/2026 00:00","CTA|DE(Amprion)","GuD Dormagen","11WD7BRAU5G-GUDH","Fossil Gas","11WD7BRAU5G-GUDH","15/04/2026 11:00 - 15/04/2026 12:00","0.00",""
"15/04/2026 00:00 - 16/04/2026 00:00","CTA|DE(Amprion)","GuD Dormagen","11WD7BRAU5G-GUDH","Fossil Gas","11WD7BRAU5G-GUDH","15/04/2026 12:00 - 15/04/2026 13:00","0.00",""
"15/04/2026 00:00 - 16/04/2026 00:00","CTA|DE(Amprion)","GuD Dormagen","11WD7BRAU5G-GUDH","Fossil Gas","11WD7BRAU5G-GUDH","15/04/2026 13:00 - 15/04/2026 14:00","0.00",""
"15/04/2026 00:00 - 16/04/2026 00:00","CTA|DE(Amprion)","GuD Dormagen","11WD7BRAU5G-GUDH","Fossil Gas","11WD7BRAU5G-GUDH","15/04/2026 14:00 - 15/04/2026 15:00","0.00",""
"15/04/2026 00:00 - 16/04/2026 00:00","CTA|DE(Amprion)","GuD Dormagen","11WD7BRAU5G-GUDH","Fossil Gas","11WD7BRAU5G-GUDH","15/04/2026 15:00 - 15/04/2026 16:00","0.00",""
"15/04/2026 00:00 - 16/04/2026 00:00","CTA|DE(Amprion)","GuD Dormagen","11WD7BRAU5G-GUDH","Fossil Gas","11WD7BRAU5G-GUDH","15/04/2026 16:00 - 15/04/2026 17:00","0.00",""
"15/04/2026 00:00 - 16/04/2026 00:00","CTA|DE(Amprion)","GuD Dormagen","11WD7BRAU5G-GUDH","Fossil Gas","11WD7BRAU5G-GUDH","15/04/2026 17:00 - 15/04/2026 18:00","0.00",""
"15/04/2026 00:00 - 16/04/2026 00:00","CTA|DE(Amprion)","GuD Dormagen","11WD7BRAU5G-GUDH","Fossil Gas","11WD7BRAU5G-GUDH","15/04/2026 18:00 - 15/04/2026 19:00","0.00",""
"15/04/2026 00:00 - 16/04/2026 00:00","CTA|DE(Amprion)","GuD Dormagen","11WD7BRAU5G-GUDH","Fossil Gas","11WD7BRAU5G-GUDH","15/04/2026 19:00 - 15/04/2026 20:00","0.00",""
"15/04/2026 00:00 - 16/04/2026 00:00","CTA|DE(Amprion)","GuD Dormagen","11WD7BRAU5G-GUDH","Fossil Gas","11WD7BRAU5G-GUDH","15/04/2026 20:00 - 15/04/2026 21:00","0.00",""
"15/04/2026 00:00 - 16/04/2026 00:00","CTA|DE(Amprion)","GuD Dormagen","11WD7BRAU5G-GUDH","Fossil Gas","11WD7BRAU5G-GUDH","15/04/2026 21:00 - 15/04/2026 22:00","0.00",""
"15/04/2026 00:00 - 16/04/2026 00:00","CTA|DE(Amprion)","GuD Dormagen","11WD7BRAU5G-GUDH","Fossil Gas","11WD7BRAU5G-GUDH","15/04/2026 22:00 - 15/04/2026 23:00","0.00",""
"15/04/2026 00:00 - 16/04/2026 00:00","CTA|DE(Amprion)","GuD Dormagen","11WD7BRAU5G-GUDH","Fossil Gas","11WD7BRAU5G-GUDH","15/04/2026 23:00 - 16/04/2026 00:00","0.00",""
"15/04/2026 00:00 - 16/04/2026 00:00","CTA|DE(Amprion)","Emsland B","11WD7EMSL-G-BLB0","Fossil Gas","11WD7EMSL-G-BLB0","15/04/2026 00:00 - 15/04/2026 01:00","0.00",""
"15/04/2026 00:00 - 16/04/2026 00:00","CTA|DE(Amprion)","Emsland B","11WD7EMSL-G-BLB0","Fossil Gas","11WD7EMSL-G-BLB0","15/04/2026 01:00 - 15/04/2026 02:00","0.00",""
"15/04/2026 00:00 - 16/04/2026 00:00","CTA|DE(Amprion)","Emsland B","11WD7EMSL-G-BLB0","Fossil Gas","11WD7EMSL-G-BLB0","15/04/2026 02:00 - 15/04/2026 03:00","0.00",""
"15/04/2026 00:00 - 16/04/2026 00:00","CTA|DE(Amprion)","Emsland B","11WD7EMSL-G-BLB0","Fossil Gas","11WD7EMSL-G-BLB0","15/04/2026 03:00 - 15/04/2026 04:00","0.00",""
"15/04/2026 00:00 - 16/04/2026 00:00","CTA|DE(Amprion)","Emsland B","11WD7EMSL-G-BLB0","Fossil Gas","11WD7EMSL-G-BLB0","15/04/2026 04:00 - 15/04/2026 05:00","0.00",""
"15/04/2026 00:00 - 16/04/2026 00:00","CTA|DE(Amprion)","Emsland B","11WD7EMSL-G-BLB0","Fossil Gas","11WD7EMSL-G-BLB0","15/04/2026 05:00 - 15/04/2026 06:00","0.00",""
"15/04/2026 00:00 - 16/04/2026 00:00","CTA|DE(Amprion)","Emsland B","11WD7EMSL-G-BLB0","Fossil Gas","11WD7EMSL-G-BLB0","15/04/2026 06:00 - 15/04/2026 07:00","0.00",""
"15/04/2026 00:00 - 16/04/2026 00:00","CTA|DE(Amprion)","Emsland B","11WD7EMSL-G-BLB0","Fossil Gas","11WD7EMSL-G-BLB0","15/04/2026 07:00 - 15/04/2026 08:00","0.00",""
"15/04/2026 00:00 - 16/04/2026 00:00","CTA|DE(Amprion)","Emsland B","11WD7EMSL-G-BLB0","Fossil Gas","11WD7EMSL-G-BLB0","15/04/2026 08:00 - 15/04/2026 09:00","0.00",""
"15/04/2026 00:00 - 16/04/2026 00:00","CTA|DE(Amprion)","Emsland B","11WD7EMSL-G-BLB0","Fossil Gas","11WD7EMSL-G-BLB0","15/04/2026 09:00 - 15/04/2026 10:00","0.00",""
"15/04/2026 00:00 - 16/04/2026 00:00","CTA|DE(Amprion)","Emsland B","11WD7EMSL-G-BLB0","Fossil Gas","11WD7EMSL-G-BLB0","15/04/2026 10:00 - 15/04/2026 11:00","0.00",""
"15/04/2026 00:00 - 16/04/2026 00:00","CTA|DE(Amprion)","Emsland B","11WD7EMSL-G-BLB0","Fossil Gas","11WD7EMSL-G-BLB0","15/04/2026 11:00 - 15/04/2026 12:00","0.00",""
"15/04/2026 00:00 - 16/04/2026 00:00","CTA|DE(Amprion)","Emsland B","11WD7EMSL-G-BLB0","Fossil Gas","11WD7EMSL-G-BLB0","15/04/2026 12:00 - 15/04/2026 13:00","0.00",""
"15/04/2026 00:00 - 16/04/2026 00:00","CTA|DE(Amprion)","Emsland B","11WD7EMSL-G-BLB0","Fossil Gas","11WD7EMSL-G-BLB0","15/04/2026 13:00 - 15/04/2026 14:00","0.00",""
"15/04/2026 00:00 - 16/04/2026 00:00","CTA|DE(Amprion)","Emsland B","11WD7EMSL-G-BLB0","Fossil Gas","11WD7EMSL-G-BLB0","15/04/2026 14:00 - 15/04/2026 15:00","0.00",""
"15/04/2026 00:00 - 16/04/2026 00:00","CTA|DE(Amprion)","Emsland B","11WD7EMSL-G-BLB0","Fossil Gas","11WD7EMSL-G-BLB0","15/04/2026 15:00 - 15/04/2026 16:00","0.00",""
"15/04/2026 00:00 - 16/04/2026 00:00","CTA|DE(Amprion)","Emsland B","11WD7EMSL-G-BLB0","Fossil Gas","11WD7EMSL-G-BLB0","15/04/2026 16:00 - 15/04/2026 17:00","0.00",""
"15/04/2026 00:00 - 16/04/2026 00:00","CTA|DE(Amprion)","Emsland B","11WD7EMSL-G-BLB0","Fossil Gas","11WD7EMSL-G-BLB0","15/04/2026 17:00 - 15/04/2026 18:00","0.00",""
"15/04/2026 00:00 - 16/04/2026 00:00","CTA|DE(Amprion)","Emsland B","11WD7EMSL-G-BLB0","Fossil Gas","11WD7EMSL-G-BLB0","15/04/2026 18:00 - 15/04/2026 19:00","0.00",""
"15/04/2026 00:00 - 16/04/2026 00:00","CTA|DE(Amprion)","Emsland B","11WD7EMSL-G-BLB0","Fossil Gas","11WD7EMSL-G-BLB0","15/04/2026 19:00 - 15/04/2026 20:00","0.00",""
"15/04/2026 00:00 - 16/04/2026 00:00","CTA|DE(Amprion)","Emsland B","11WD7EMSL-G-BLB0","Fossil Gas","11WD7EMSL-G-BLB0","15/04/2026 20:00 - 15/04/2026 21:00","0.00",""
"15/04/2026 00:00 - 16/04/2026 00:00","CTA|DE(Amprion)","Emsland B","11WD7EMSL-G-BLB0","Fossil Gas","11WD7EMSL-G-BLB0","15/04/2026 21:00 - 15/04/2026 22:00","0.00",""
"15/04/2026 00:00 - 16/04/2026 00:00","CTA|DE(Amprion)","Emsland B","11WD7EMSL-G-BLB0","Fossil Gas","11WD7EMSL-G-BLB0","15/04/2026 22:00 - 15/04/2026 23:00","0.00",""
"15/04/2026 00:00 - 16/04/2026 00:00","CTA|DE(Amprion)","Emsland B","11WD7EMSL-G-BLB0","Fossil Gas","11WD7EMSL-G-BLB0","15/04/2026 23:00 - 16/04/2026 00:00","0.00",""
"15/04/2026 00:00 - 16/04/2026 00:00","CTA|DE(Amprion)","Emsland C","11WD7EMSL-G-BLCZ","Fossil Gas","11WD7EMSL-G-BLCZ","15/04/2026 00:00 - 15/04/2026 01:00","0.00",""
"15/04/2026 00:00 - 16/04/2026 00:00","CTA|DE(Amprion)","Emsland C","11WD7EMSL-G-BLCZ","Fossil Gas","11WD7EMSL-G-BLCZ","15/04/2026 01:00 - 15/04/2026 02:00","0.00",""
"15/04/2026 00:00 - 16/04/2026 00:00","CTA|DE(Amprion)","Emsland C","11WD7EMSL-G-BLCZ","Fossil Gas","11WD7EMSL-G-BLCZ","15/04/2026 02:00 - 15/04/2026 03:00","0.00",""
"15/04/2026 00:00 - 16/04/2026 00:00","CTA|DE(Amprion)","Emsland C","11WD7EMSL-G-BLCZ","Fossil Gas","11WD7EMSL-G-BLCZ","15/04/2026 03:00 - 15/04/2026 04:00","0.00",""
"15/04/2026 00:00 - 16/04/2026 00:00","CTA|DE(Amprion)","Emsland C","11WD7EMSL-G-BLCZ","Fossil Gas","11WD7EMSL-G-BLCZ","15/04/2026 04:00 - 15/04/2026 05:00","0.00",""
"15/04/2026 00:00 - 16/04/2026 00:00","CTA|DE(Amprion)","Emsland C","11WD7EMSL-G-BLCZ","Fossil Gas","11WD7EMSL-G-BLCZ","15/04/2026 05:00 - 15/04/2026 06:00","0.00",""
"15/04/2026 00:00 - 16/04/2026 00:00","CTA|DE(Amprion)","Emsland C","11WD7EMSL-G-BLCZ","Fossil Gas","11WD7EMSL-G-BLCZ","15/04/2026 06:00 - 15/04/2026 07:00","0.00",""
"15/04/2026 00:00 - 16/04/2026 00:00","CTA|DE(Amprion)","Emsland C","11WD7EMSL-G-BLCZ","Fossil Gas","11WD7EMSL-G-BLCZ","15/04/2026 07:00 - 15/04/2026 08:00","0.00",""
"15/04/2026 00:00 - 16/04/2026 00:00","CTA|DE(Amprion)","Emsland C","11WD7EMSL-G-BLCZ","Fossil Gas","11WD7EMSL-G-BLCZ","15/04/2026 08:00 - 15/04/2026 09:00","0.00",""
"15/04/2026 00:00 - 16/04/2026 00:00","CTA|DE(Amprion)","Emsland C","11WD7EMSL-G-BLCZ","Fossil Gas","11WD7EMSL-G-BLCZ","15/04/2026 09:00 - 15/04/2026 10:00","0.00",""
"15/04/2026 00:00 - 16/04/2026 00:00","CTA|DE(Amprion)","Emsland C","11WD7EMSL-G-BLCZ","Fossil Gas","11WD7EMSL-G-BLCZ","15/04/2026 10:00 - 15/04/2026 11:00","0.00",""
"15/04/2026 00:00 - 16/04/2026 00:00","CTA|DE(Amprion)","Emsland C","11WD7EMSL-G-BLCZ","Fossil Gas","11WD7EMSL-G-BLCZ","15/04/2026 11:00 - 15/04/2026 12:00","0.00",""
"15/04/2026 00:00 - 16/04/2026 00:00","CTA|DE(Amprion)","Emsland C","11WD7EMSL-G-BLCZ","Fossil Gas","11WD7EMSL-G-BLCZ","15/04/2026 12:00 - 15/04/2026 13:00","0.00",""
"15/04/2026 00:00 - 16/04/2026 00:00","CTA|DE(Amprion)","Emsland C","11WD7EMSL-G-BLCZ","Fossil Gas","11WD7EMSL-G-BLCZ","15/04/2026 13:00 - 15/04/2026 14:00","0.00",""
"15/04/2026 00:00 - 16/04/2026 00:00","CTA|DE(Amprion)","Emsland C","11WD7EMSL-G-BLCZ","Fossil Gas","11WD7EMSL-G-BLCZ","15/04/2026 14:00 - 15/04/2026 15:00","0.00",""
"15/04/2026 00:00 - 16/04/2026 00:00","CTA|DE(Amprion)","Emsland C","11WD7EMSL-G-BLCZ","Fossil Gas","11WD7EMSL-G-BLCZ","15/04/2026 15:00 - 15/04/2026 16:00","0.00",""
"15/04/2026 00:00 - 16/04/2026 00:00","CTA|DE(Amprion)","Emsland C","11WD7EMSL-G-BLCZ","Fossil Gas","11WD7EMSL-G-BLCZ","15/04/2026 16:00 - 15/04/2026 17:00","0.00",""
"15/04/2026 00:00 - 16/04/2026 00:00","CTA|DE(Amprion)","Emsland C","11WD7EMSL-G-BLCZ","Fossil Gas","11WD7EMSL-G-BLCZ","15/04/2026 17:00 - 15/04/2026 18:00","0.00",""
"15/04/2026 00:00 - 16/04/2026 00:00","CTA|DE(Amprion)","Emsland C","11WD7EMSL-G-BLCZ","Fossil Gas","11WD7EMSL-G-BLCZ","15/04/2026 18:00 - 15/04/2026 19:00","0.00",""
"15/04/2026 00:00 - 16/04/2026 00:00","CTA|DE(Amprion)","Emsland C","11WD7EMSL-G-BLCZ","Fossil Gas","11WD7EMSL-G-BLCZ","15/04/2026 19:00 - 15/04/2026 20:00","0.00",""
"15/04/2026 00:00 - 16/04/2026 00:00","CTA|DE(Amprion)","Emsland C","11WD7EMSL-G-BLCZ","Fossil Gas","11WD7EMSL-G-BLCZ","15/04/2026 20:00 - 15/04/2026 21:00","0.00",""
"15/04/2026 00:00 - 16/04/2026 00:00","CTA|DE(Amprion)","Emsland C","11WD7EMSL-G-BLCZ","Fossil Gas","11WD7EMSL-G-BLCZ","15/04/2026 21:00 - 15/04/2026 22:00","0.00",""
"15/04/2026 00:00 - 16/04/2026 00:00","CTA|DE(Amprion)","Emsland C","11WD7EMSL-G-BLCZ","Fossil Gas","11WD7EMSL-G-BLCZ","15/04/2026 22:00 - 15/04/2026 23:00","0.00",""
"15/04/2026 00:00 - 16/04/2026 00:00","CTA|DE(Amprion)","Emsland C","11WD7EMSL-G-BLCZ","Fossil Gas","11WD7EMSL-G-BLCZ","15/04/2026 23:00 - 16/04/2026 00:00","0.00",""
"15/04/2026 00:00 - 16/04/2026 00:00","CTA|DE(Amprion)","Emsland D","11WD7EMSL1G-GUD9","Fossil Gas","11WD7EMSL1G-GUD9","15/04/2026 00:00 - 15/04/2026 01:00","0.00",""
"15/04/2026 00:00 - 16/04/2026 00:00","CTA|DE(Amprion)","Emsland D","11WD7EMSL1G-GUD9","Fossil Gas","11WD7EMSL1G-GUD9","15/04/2026 01:00 - 15/04/2026 02:00","0.00",""
"15/04/2026 00:00 - 16/04/2026 00:00","CTA|DE(Amprion)","Emsland D","11WD7EMSL1G-GUD9","Fossil Gas","11WD7EMSL1G-GUD9","15/04/2026 02:00 - 15/04/2026 03:00","0.00",""
"15/04/2026 00:00 - 16/04/2026 00:00","CTA|DE(Amprion)","Emsland D","11WD7EMSL1G-GUD9","Fossil Gas","11WD7EMSL1G-GUD9","15/04/2026 03:00 - 15/04/2026 04:00","0.00",""
"15/04/2026 00:00 - 16/04/2026 00:00","CTA|DE(Amprion)","Emsland D","11WD7EMSL1G-GUD9","Fossil Gas","11WD7EMSL1G-GUD9","15/04/2026 04:00 - 15/04/2026 05:00","0.00",""
"15/04/2026 00:00 - 16/04/2026 00:00","CTA|DE(Amprion)","Emsland D","11WD7EMSL1G-GUD9","Fossil Gas","11WD7EMSL1G-GUD9","15/04/2026 05:00 - 15/04/2026 06:00","0.00",""
"15/04/2026 00:00 - 16/04/2026 00:00","CTA|DE(Amprion)","Emsland D","11WD7EMSL1G-GUD9","Fossil Gas","11WD7EMSL1G-GUD9","15/04/2026 06:00 - 15/04/2026 07:00","0.00",""
"15/04/2026 00:00 - 16/04/2026 00:00","CTA|DE(Amprion)","Emsland D","11WD7EMSL1G-GUD9","Fossil Gas","11WD7EMSL1G-GUD9","15/04/2026 07:00 - 15/04/2026 08:00","0.00",""
"15/04/2026 00:00 - 16/04/2026 00:00","CTA|DE(Amprion)","Emsland D","11WD7EMSL1G-GUD9","Fossil Gas","11WD7EMSL1G-GUD9","15/04/2026 08:00 - 15/04/2026 09:00","0.00",""
"15/04/2026 00:00 - 16/04/2026 00:00","CTA|DE(Amprion)","Emsland D","11WD7EMSL1G-GUD9","Fossil Gas","11WD7EMSL1G-GUD9","15/04/2026 09:00 - 15/04/2026 10:00","0.00",""
"15/04/2026 00:00 - 16/04/2026 00:00","CTA|DE(Amprion)","Emsland D","11WD7EMSL1G-GUD9","Fossil Gas","11WD7EMSL1G-GUD9","15/04/2026 10:00 - 15/04/2026 11:00","0.00",""
"15/04/2026 00:00 - 16/04/2026 00:00","CTA|DE(Amprion)","Emsland D","11WD7EMSL1G-GUD9","Fossil Gas","11WD7EMSL1G-GUD9","15/04/2026 11:00 - 15/04/2026 12:00","0.00",""
"15/04/2026 00:00 - 16/04/2026 00:00","CTA|DE(Amprion)","Emsland D","11WD7EMSL1G-GUD9","Fossil Gas","11WD7EMSL1G-GUD9","15/04/2026 12:00 - 15/04/2026 13:00","0.00",""
"15/04/2026 00:00 - 16/04/2026 00:00","CTA|DE(Amprion)","Emsland D","11WD7EMSL1G-GUD9","Fossil Gas","11WD7EMSL1G-GUD9","15/04/2026 13:00 - 15/04/2026 14:00","0.00",""
"15/04/2026 00:00 - 16/04/2026 00:00","CTA|DE(Amprion)","Emsland D","11WD7EMSL1G-GUD9","Fossil Gas","11WD7EMSL1G-GUD9","15/04/2026 14:00 - 15/04/2026 15:00","0.00",""
"15/04/2026 00:00 - 16/04/2026 00:00","CTA|DE(Amprion)","Emsland D","11WD7EMSL1G-GUD9","Fossil Gas","11WD7EMSL1G-GUD9","15/04/2026 15:00 - 15/04/2026 16:00","0.00",""
"15/04/2026 00:00 - 16/04/2026 00:00","CTA|DE(Amprion)","Emsland D","11WD7EMSL1G-GUD9","Fossil Gas","11WD7EMSL1G-GUD9","15/04/2026 16:00 - 15/04/2026 17:00","0.00",""
"15/04/2026 00:00 - 16/04/2026 00:00","CTA|DE(Amprion)","Emsland D","11WD7EMSL1G-GUD9","Fossil Gas","11WD7EMSL1G-GUD9","15/04/2026 17:00 - 15/04/2026 18:00","0.00",""
"15/04/2026 00:00 - 16/04/2026 00:00","CTA|DE(Amprion)","Emsland D","11WD7EMSL1G-GUD9","Fossil Gas","11WD7EMSL1G-GUD9","15/04/2026 18:00 - 15/04/2026 19:00","0.00",""
"15/04/2026 00:00 - 16/04/2026 00:00","CTA|DE(Amprion)","Emsland D","11WD7EMSL1G-GUD9","Fossil Gas","11WD7EMSL1G-GUD9","15/04/2026 19:00 - 15/04/2026 20:00","0.00",""
"15/04/2026 00:00 - 16/04/2026 00:00","CTA|DE(Amprion)","Emsland D","11WD7EMSL1G-GUD9","Fossil Gas","11WD7EMSL1G-GUD9","15/04/2026 20:00 - 15/04/2026 21:00","0.00",""
"15/04/2026 00:00 - 16/04/2026 00:00","CTA|DE(Amprion)","Emsland D","11WD7EMSL1G-GUD9","Fossil Gas","11WD7EMSL1G-GUD9","15/04/2026 21:00 - 15/04/2026 22:00","0.00",""
"15/04/2026 00:00 - 16/04/2026 00:00","CTA|DE(Amprion)","Emsland D","11WD7EMSL1G-GUD9","Fossil Gas","11WD7EMSL1G-GUD9","15/04/2026 22:00 - 15/04/2026 23:00","0.00",""
"15/04/2026 00:00 - 16/04/2026 00:00","CTA|DE(Amprion)","Emsland D","11WD7EMSL1G-GUD9","Fossil Gas","11WD7EMSL1G-GUD9","15/04/2026 23:00 - 16/04/2026 00:00","0.00",""
"15/04/2026 00:00 - 16/04/2026 00:00","CTA|DE(Amprion)","GuD-Anlage-HKW-Merkenich","11WD7FUEH5GMERKA","Fossil Gas","11WD7FUEH5GMERKA","15/04/2026 00:00 - 15/04/2026 01:00","0.00",""
"15/04/2026 00:00 - 16/04/2026 00:00","CTA|DE(Amprion)","GuD-Anlage-HKW-Merkenich","11WD7FUEH5GMERKA","Fossil Gas","11WD7FUEH5GMERKA","15/04/2026 01:00 - 15/04/2026 02:00","0.00",""
"15/04/2026 00:00 - 16/04/2026 00:00","CTA|DE(Amprion)","GuD-Anlage-HKW-Merkenich","11WD7FUEH5GMERKA","Fossil Gas","11WD7FUEH5GMERKA","15/04/2026 02:00 - 15/04/2026 03:00","0.00",""
"15/04/2026 00:00 - 16/04/2026 00:00","CTA|DE(Amprion)","GuD-Anlage-HKW-Merkenich","11WD7FUEH5GMERKA","Fossil Gas","11WD7FUEH5GMERKA","15/04/2026 03:00 - 15/04/2026 04:00","0.00",""
"15/04/2026 00:00 - 16/04/2026 00:00","CTA|DE(Amprion)","GuD-Anlage-HKW-Merkenich","11WD7FUEH5GMERKA","Fossil Gas","11WD7FUEH5GMERKA","15/04/2026 04:00 - 15/04/2026 05:00","0.00",""
"15/04/2026 00:00 - 16/04/2026 00:00","CTA|DE(Amprion)","GuD-Anlage-HKW-Merkenich","11WD7FUEH5GMERKA","Fossil Gas","11WD7FUEH5GMERKA","15/04/2026 05:00 - 15/04/2026 06:00","0.00",""
"15/04/2026 00:00 - 16/04/2026 00:00","CTA|DE(Amprion)","GuD-Anlage-HKW-Merkenich","11WD7FUEH5GMERKA","Fossil Gas","11WD7FUEH5GMERKA","15/04/2026 06:00 - 15/04/2026 07:00","0.00",""
"15/04/2026 00:00 - 16/04/2026 00:00","CTA|DE(Amprion)","GuD-Anlage-HKW-Merkenich","11WD7FUEH5GMERKA","Fossil Gas","11WD7FUEH5GMERKA","15/04/2026 07:00 - 15/04/2026 08:00","0.00",""
"15/04/2026 00:00 - 16/04/2026 00:00","CTA|DE(Amprion)","GuD-Anlage-HKW-Merkenich","11WD7FUEH5GMERKA","Fossil Gas","11WD7FUEH5GMERKA","15/04/2026 08:00 - 15/04/2026 09:00","0.00",""
"15/04/2026 00:00 - 16/04/2026 00:00","CTA|DE(Amprion)","GuD-Anlage-HKW-Merkenich","11WD7FUEH5GMERKA","Fossil Gas","11WD7FUEH5GMERKA","15/04/2026 09:00 - 15/04/2026 10:00","0.00",""
"15/04/2026 00:00 - 16/04/2026 00:00","CTA|DE(Amprion)","GuD-Anlage-HKW-Merkenich","11WD7FUEH5GMERKA","Fossil Gas","11WD7FUEH5GMERKA","15/04/2026 10:00 - 15/04/2026 11:00","0.00",""
"15/04/2026 00:00 - 16/04/2026 00:00","CTA|DE(Amprion)","GuD-Anlage-HKW-Merkenich","11WD7FUEH5GMERKA","Fossil Gas","11WD7FUEH5GMERKA","15/04/2026 11:00 - 15/04/2026 12:00","0.00",""
"15/04/2026 00:00 - 16/04/2026 00:00","CTA|DE(Amprion)","GuD-Anlage-HKW-Merkenich","11WD7FUEH5GMERKA","Fossil Gas","11WD7FUEH5GMERKA","15/04/2026 12:00 - 15/04/2026 13:00","0.00",""
"15/04/2026 00:00 - 16/04/2026 00:00","CTA|DE(Amprion)","GuD-Anlage-HKW-Merkenich","11WD7FUEH5GMERKA","Fossil Gas","11WD7FUEH5GMERKA","15/04/2026 13:00 - 15/04/2026 14:00","0.00",""
"15/04/2026 00:00 - 16/04/2026 00:00","CTA|DE(Amprion)","GuD-Anlage-HKW-Merkenich","11WD7FUEH5GMERKA","Fossil Gas","11WD7FUEH5GMERKA","15/04/2026 14:00 - 15/04/2026 15:00","0.00",""
"15/04/2026 00:00 - 16/04/2026 00:00","CTA|DE(Amprion)","GuD-Anlage-HKW-Merkenich","11WD7FUEH5GMERKA","Fossil Gas","11WD7FUEH5GMERKA","15/04/2026 15:00 - 15/04/2026 16:00","0.00",""
"15/04/2026 00:00 - 16/04/2026 00:00","CTA|DE(Amprion)","GuD-Anlage-HKW-Merkenich","11WD7FUEH5GMERKA","Fossil Gas","11WD7FUEH5GMERKA","15/04/2026 16:00 - 15/04/2026 17:00","0.00",""
"15/04/2026 00:00 - 16/04/2026 00:00","CTA|DE(Amprion)","GuD-Anlage-HKW-Merkenich","11WD7FUEH5GMERKA","Fossil Gas","11WD7FUEH5GMERKA","15/04/2026 17:00 - 15/04/2026 18:00","0.00",""
"15/04/2026 00:00 - 16/04/2026 00:00","CTA|DE(Amprion)","GuD-Anlage-HKW-Merkenich","11WD7FUEH5GMERKA","Fossil Gas","11WD7FUEH5GMERKA","15/04/2026 18:00 - 15/04/2026 19:00","0.00",""
"15/04/2026 00:00 - 16/04/2026 00:00","CTA|DE(Amprion)","GuD-Anlage-HKW-Merkenich","11WD7FUEH5GMERKA","Fossil Gas","11WD7FUEH5GMERKA","15/04/2026 19:00 - 15/04/2026 20:00","0.00",""
"15/04/2026 00:00 - 16/04/2026 00:00","CTA|DE(Amprion)","GuD-Anlage-HKW-Merkenich","11WD7FUEH5GMERKA","Fossil Gas","11WD7FUEH5GMERKA","15/04/2026 20:00 - 15/04/2026 21:00","0.00",""
"15/04/2026 00:00 - 16/04/2026 00:00","CTA|DE(Amprion)","GuD-Anlage-HKW-Merkenich","11WD7FUEH5GMERKA","Fossil Gas","11WD7FUEH5GMERKA","15/04/2026 21:00 - 15/04/2026 22:00","0.00",""
"15/04/2026 00:00 - 16/04/2026 00:00","CTA|DE(Amprion)","GuD-Anlage-HKW-Merkenich","11WD7FUEH5GMERKA","Fossil Gas","11WD7FUEH5GMERKA","15/04/2026 22:00 - 15/04/2026 23:00","0.00",""
"15/04/2026 00:00 - 16/04/2026 00:00","CTA|DE(Amprion)","GuD-Anlage-HKW-Merkenich","11WD7FUEH5GMERKA","Fossil Gas","11WD7FUEH5GMERKA","15/04/2026 23:00 - 16/04/2026 00:00","0.00",""
"15/04/2026 00:00 - 16/04/2026 00:00","CTA|DE(Amprion)","Gersteinwerk I","11WD7GERS-G-BLIY","Fossil Gas","11WD7GERS-G-BLIY","15/04/2026 00:00 - 15/04/2026 01:00","0.00",""
"15/04/2026 00:00 - 16/04/2026 00:00","CTA|DE(Amprion)","Gersteinwerk I","11WD7GERS-G-BLIY","Fossil Gas","11WD7GERS-G-BLIY","15/04/2026 01:00 - 15/04/2026 02:00","0.00",""
"15/04/2026 00:00 - 16/04/2026 00:00","CTA|DE(Amprion)","Gersteinwerk I","11WD7GERS-G-BLIY","Fossil Gas","11WD7GERS-G-BLIY","15/04/2026 02:00 - 15/04/2026 03:00","0.00",""
"15/04/2026 00:00 - 16/04/2026 00:00","CTA|DE(Amprion)","Gersteinwerk I","11WD7GERS-G-BLIY","Fossil Gas","11WD7GERS-G-BLIY","15/04/2026 03:00 - 15/04/2026 04:00","0.00",""
"15/04/2026 00:00 - 16/04/2026 00:00","CTA|DE(Amprion)","Gersteinwerk I","11WD7GERS-G-BLIY","Fossil Gas","11WD7GERS-G-BLIY","15/04/2026 04:00 - 15/04/2026 05:00","0.00",""
"15/04/2026 00:00 - 16/04/2026 00:00","CTA|DE(Amprion)","Gersteinwerk I","11WD7GERS-G-BLIY","Fossil Gas","11WD7GERS-G-BLIY","15/04/2026 05:00 - 15/04/2026 06:00","0.00",""
"15/04/2026 00:00 - 16/04/2026 00:00","CTA|DE(Amprion)","Gersteinwerk I","11WD7GERS-G-BLIY","Fossil Gas","11WD7GERS-G-BLIY","15/04/2026 06:00 - 15/04/2026 07:00","0.00",""
"15/04/2026 00:00 - 16/04/2026 00:00","CTA|DE(Amprion)","Gersteinwerk I","11WD7GERS-G-BLIY","Fossil Gas","11WD7GERS-G-BLIY","15/04/2026 07:00 - 15/04/2026 08:00","0.00",""
"15/04/2026 00:00 - 16/04/2026 00:00","CTA|DE(Amprion)","Gersteinwerk I","11WD7GERS-G-BLIY","Fossil Gas","11WD7GERS-G-BLIY","15/04/2026 08:00 - 15/04/2026 09:00","0.00",""
"15/04/2026 00:00 - 16/04/2026 00:00","CTA|DE(Amprion)","Gersteinwerk I","11WD7GERS-G-BLIY","Fossil Gas","11WD7GERS-G-BLIY","15/04/2026 09:00 - 15/04/2026 10:00","0.00",""
"15/04/2026 00:00 - 16/04/2026 00:00","CTA|DE(Amprion)","Gersteinwerk I","11WD7GERS-G-BLIY","Fossil Gas","11WD7GERS-G-BLIY","15/04/2026 10:00 - 15/04/2026 11:00","0.00",""
"15/04/2026 00:00 - 16/04/2026 00:00","CTA|DE(Amprion)","Gersteinwerk I","11WD7GERS-G-BLIY","Fossil Gas","11WD7GERS-G-BLIY","15/04/2026 11:00 - 15/04/2026 12:00","0.00",""
"15/04/2026 00:00 - 16/04/2026 00:00","CTA|DE(Amprion)","Gersteinwerk I","11WD7GERS-G-BLIY","Fossil Gas","11WD7GERS-G-BLIY","15/04/2026 12:00 - 15/04/2026 13:00","0.00",""
"15/04/2026 00:00 - 16/04/2026 00:00","CTA|DE(Amprion)","Gersteinwerk I","11WD7GERS-G-BLIY","Fossil Gas","11WD7GERS-G-BLIY","15/04/2026 13:00 - 15/04/2026 14:00","0.00",""
"15/04/2026 00:00 - 16/04/2026 00:00","CTA|DE(Amprion)","Gersteinwerk I","11WD7GERS-G-BLIY","Fossil Gas","11WD7GERS-G-BLIY","15/04/2026 14:00 - 15/04/2026 15:00","0.00",""
"15/04/2026 00:00 - 16/04/2026 00:00","CTA|DE(Amprion)","Gersteinwerk I","11WD7GERS-G-BLIY","Fossil Gas","11WD7GERS-G-BLIY","15/04/2026 15:00 - 15/04/2026 16:00","0.00",""
"15/04/2026 00:00 - 16/04/2026 00:00","CTA|DE(Amprion)","Gersteinwerk I","11WD7GERS-G-BLIY","Fossil Gas","11WD7GERS-G-BLIY","15/04/2026 16:00 - 15/04/2026 17:00","0.00",""
"15/04/2026 00:00 - 16/04/2026 00:00","CTA|DE(Amprion)","Gersteinwerk I","11WD7GERS-G-BLIY","Fossil Gas","11WD7GERS-G-BLIY","15/04/2026 17:00 - 15/04/2026 18:00","0.00",""
"15/04/2026 00:00 - 16/04/2026 00:00","CTA|DE(Amprion)","Gersteinwerk I","11WD7GERS-G-BLIY","Fossil Gas","11WD7GERS-G-BLIY","15/04/2026 18:00 - 15/04/2026 19:00","0.00",""
"15/04/2026 00:00 - 16/04/2026 00:00","CTA|DE(Amprion)","Gersteinwerk I","11WD7GERS-G-BLIY","Fossil Gas","11WD7GERS-G-BLIY","15/04/2026 19:00 - 15/04/2026 20:00","0.00",""
"15/04/2026 00:00 - 16/04/2026 00:00","CTA|DE(Amprion)","Gersteinwerk I","11WD7GERS-G-BLIY","Fossil Gas","11WD7GERS-G-BLIY","15/04/2026 20:00 - 15/04/2026 21:00","0.00",""
"15/04/2026 00:00 - 16/04/2026 00:00","CTA|DE(Amprion)","Gersteinwerk I","11WD7GERS-G-BLIY","Fossil Gas","11WD7GERS-G-BLIY","15/04/2026 21:00 - 15/04/2026 22:00","0.00",""
"15/04/2026 00:00 - 16/04/2026 00:00","CTA|DE(Amprion)","Gersteinwerk I","11WD7GERS-G-BLIY","Fossil Gas","11WD7GERS-G-BLIY","15/04/2026 22:00 - 15/04/2026 23:00","0.00",""
"15/04/2026 00:00 - 16/04/2026 00:00","CTA|DE(Amprion)","Gersteinwerk I","11WD7GERS-G-BLIY","Fossil Gas","11WD7GERS-G-BLIY","15/04/2026 23:00 - 16/04/2026 00:00","0.00",""
"15/04/2026 00:00 - 16/04/2026 00:00","CTA|DE(Amprion)","HERDECKE_H6","11WD7HERD2G-H6-X","Fossil Gas","11WD7HERD2G-H6-X","15/04/2026 00:00 - 15/04/2026 01:00","418.30",""
"15/04/2026 00:00 - 16/04/2026 00:00","CTA|DE(Amprion)","HERDECKE_H6","11WD7HERD2G-H6-X","Fossil Gas","11WD7HERD2G-H6-X","15/04/2026 01:00 - 15/04/2026 02:00","419.55",""
"15/04/2026 00:00 - 16/04/2026 00:00","CTA|DE(Amprion)","HERDECKE_H6","11WD7HERD2G-H6-X","Fossil Gas","11WD7HERD2G-H6-X","15/04/2026 02:00 - 15/04/2026 03:00","420.45",""
"15/04/2026 00:00 - 16/04/2026 00:00","CTA|DE(Amprion)","HERDECKE_H6","11WD7HERD2G-H6-X","Fossil Gas","11WD7HERD2G-H6-X","15/04/2026 03:00 - 15/04/2026 04:00","420.90",""
"15/04/2026 00:00 - 16/04/2026 00:00","CTA|DE(Amprion)","HERDECKE_H6","11WD7HERD2G-H6-X","Fossil Gas","11WD7HERD2G-H6-X","15/04/2026 04:00 - 15/04/2026 05:00","420.73",""
"15/04/2026 00:00 - 16/04/2026 00:00","CTA|DE(Amprion)","HERDECKE_H6","11WD7HERD2G-H6-X","Fossil Gas","11WD7HERD2G-H6-X","15/04/2026 05:00 - 15/04/2026 06:00","419.82",""
"15/04/2026 00:00 - 16/04/2026 00:00","CTA|DE(Amprion)","HERDECKE_H6","11WD7HERD2G-H6-X","Fossil Gas","11WD7HERD2G-H6-X","15/04/2026 06:00 - 15/04/2026 07:00","419.90",""
"15/04/2026 00:00 - 16/04/2026 00:00","CTA|DE(Amprion)","HERDECKE_H6","11WD7HERD2G-H6-X","Fossil Gas","11WD7HERD2G-H6-X","15/04/2026 07:00 - 15/04/2026 08:00","419.80",""
"15/04/2026 00:00 - 16/04/2026 00:00","CTA|DE(Amprion)","HERDECKE_H6","11WD7HERD2G-H6-X","Fossil Gas","11WD7HERD2G-H6-X","15/04/2026 08:00 - 15/04/2026 09:00","417.38",""
"15/04/2026 00:00 - 16/04/2026 00:00","CTA|DE(Amprion)","HERDECKE_H6","11WD7HERD2G-H6-X","Fossil Gas","11WD7HERD2G-H6-X","15/04/2026 09:00 - 15/04/2026 10:00","107.83",""
"15/04/2026 00:00 - 16/04/2026 00:00","CTA|DE(Amprion)","HERDECKE_H6","11WD7HERD2G-H6-X","Fossil Gas","11WD7HERD2G-H6-X","15/04/2026 10:00 - 15/04/2026 11:00","0.00",""
"15/04/2026 00:00 - 16/04/2026 00:00","CTA|DE(Amprion)","HERDECKE_H6","11WD7HERD2G-H6-X","Fossil Gas","11WD7HERD2G-H6-X","15/04/2026 11:00 - 15/04/2026 12:00","0.00",""
"15/04/2026 00:00 - 16/04/2026 00:00","CTA|DE(Amprion)","HERDECKE_H6","11WD7HERD2G-H6-X","Fossil Gas","11WD7HERD2G-H6-X","15/04/2026 12:00 - 15/04/2026 13:00","0.00",""
"15/04/2026 00:00 - 16/04/2026 00:00","CTA|DE(Amprion)","HERDECKE_H6","11WD7HERD2G-H6-X","Fossil Gas","11WD7HERD2G-H6-X","15/04/2026 13:00 - 15/04/2026 14:00","0.00",""
"15/04/2026 00:00 - 16/04/2026 00:00","CTA|DE(Amprion)","HERDECKE_H6","11WD7HERD2G-H6-X","Fossil Gas","11WD7HERD2G-H6-X","15/04/2026 14:00 - 15/04/2026 15:00","0.00",""
"15/04/2026 00:00 - 16/04/2026 00:00","CTA|DE(Amprion)","HERDECKE_H6","11WD7HERD2G-H6-X","Fossil Gas","11WD7HERD2G-H6-X","15/04/2026 15:00 - 15/04/2026 16:00","0.00",""
"15/04/2026 00:00 - 16/04/2026 00:00","CTA|DE(Amprion)","HERDECKE_H6","11WD7HERD2G-H6-X","Fossil Gas","11WD7HERD2G-H6-X","15/04/2026 16:00 - 15/04/2026 17:00","176.80",""
"15/04/2026 00:00 - 16/04/2026 00:00","CTA|DE(Amprion)","HERDECKE_H6","11WD7HERD2G-H6-X","Fossil Gas","11WD7HERD2G-H6-X","15/04/2026 17:00 - 15/04/2026 18:00","387.13",""
"15/04/2026 00:00 - 16/04/2026 00:00","CTA|DE(Amprion)","HERDECKE_H6","11WD7HERD2G-H6-X","Fossil Gas","11WD7HERD2G-H6-X","15/04/2026 18:00 - 15/04/2026 19:00","392.07",""
"15/04/2026 00:00 - 16/04/2026 00:00","CTA|DE(Amprion)","HERDECKE_H6","11WD7HERD2G-H6-X","Fossil Gas","11WD7HERD2G-H6-X","15/04/2026 19:00 - 15/04/2026 20:00","395.38",""
"15/04/2026 00:00 - 16/04/2026 00:00","CTA|DE(Amprion)","HERDECKE_H6","11WD7HERD2G-H6-X","Fossil Gas","11WD7HERD2G-H6-X","15/04/2026 20:00 - 15/04/2026 21:00","398.68",""
"15/04/2026 00:00 - 16/04/2026 00:00","CTA|DE(Amprion)","HERDECKE_H6","11WD7HERD2G-H6-X","Fossil Gas","11WD7HERD2G-H6-X","15/04/2026 21:00 - 15/04/2026 22:00","403.35",""
"15/04/2026 00:00 - 16/04/2026 00:00","CTA|DE(Amprion)","HERDECKE_H6","11WD7HERD2G-H6-X","Fossil Gas","11WD7HERD2G-H6-X","15/04/2026 22:00 - 15/04/2026 23:00","405.38",""
"15/04/2026 00:00 - 16/04/2026 00:00","CTA|DE(Amprion)","HERDECKE_H6","11WD7HERD2G-H6-X","Fossil Gas","11WD7HERD2G-H6-X","15/04/2026 23:00 - 16/04/2026 00:00","406.43",""
"15/04/2026 00:00 - 16/04/2026 00:00","CTA|DE(Amprion)","HERNE_4","11WD7HERN2S--4-X","Fossil Hard coal","11WD7HERN2S--4-X","15/04/2026 00:00 - 15/04/2026 00:15","1.37",""
"15/04/2026 00:00 - 16/04/2026 00:00","CTA|DE(Amprion)","HERNE_4","11WD7HERN2S--4-X","Fossil Hard coal","11WD7HERN2S--4-X","15/04/2026 00:15 - 15/04/2026 00:30","0.00",""
"15/04/2026 00:00 - 16/04/2026 00:00","CTA|DE(Amprion)","HERNE_4","11WD7HERN2S--4-X","Fossil Hard coal","11WD7HERN2S--4-X","15/04/2026 00:30 - 15/04/2026 00:45","0.00",""
"15/04/2026 00:00 - 16/04/2026 00:00","CTA|DE(Amprion)","HERNE_4","11WD7HERN2S--4-X","Fossil Hard coal","11WD7HERN2S--4-X","15/04/2026 00:45 - 15/04/2026 01:00","0.00",""
"15/04/2026 00:00 - 16/04/2026 00:00","CTA|DE(Amprion)","HERNE_4","11WD7HERN2S--4-X","Fossil Hard coal","11WD7HERN2S--4-X","15/04/2026 01:00 - 15/04/2026 01:15","0.11",""
"15/04/2026 00:00 - 16/04/2026 00:00","CTA|DE(Amprion)","HERNE_4","11WD7HERN2S--4-X","Fossil Hard coal","11WD7HERN2S--4-X","15/04/2026 01:15 - 15/04/2026 01:30","0.00",""
"15/04/2026 00:00 - 16/04/2026 00:00","CTA|DE(Amprion)","HERNE_4","11WD7HERN2S--4-X","Fossil Hard coal","11WD7HERN2S--4-X","15/04/2026 01:30 - 15/04/2026 01:45","0.00",""
"15/04/2026 00:00 - 16/04/2026 00:00","CTA|DE(Amprion)","HERNE_4","11WD7HERN2S--4-X","Fossil Hard coal","11WD7HERN2S--4-X","15/04/2026 01:45 - 15/04/2026 02:00","0.00",""
"15/04/2026 00:00 - 16/04/2026 00:00","CTA|DE(Amprion)","HERNE_4","11WD7HERN2S--4-X","Fossil Hard coal","11WD7HERN2S--4-X","15/04/2026 02:00 - 15/04/2026 02:15","0.11",""
"15/04/2026 00:00 - 16/04/2026 00:00","CTA|DE(Amprion)","HERNE_4","11WD7HERN2S--4-X","Fossil Hard coal","11WD7HERN2S--4-X","15/04/2026 02:15 - 15/04/2026 02:30","0.00",""
"15/04/2026 00:00 - 16/04/2026 00:00","CTA|DE(Amprion)","HERNE_4","11WD7HERN2S--4-X","Fossil Hard coal","11WD7HERN2S--4-X","15/04/2026 02:30 - 15/04/2026 02:45","0.00",""
"15/04/2026 00:00 - 16/04/2026 00:00","CTA|DE(Amprion)","HERNE_4","11WD7HERN2S--4-X","Fossil Hard coal","11WD7HERN2S--4-X","15/04/2026 02:45 - 15/04/2026 03:00","0.00",""
"15/04/2026 00:00 - 16/04/2026 00:00","CTA|DE(Amprion)","HERNE_4","11WD7HERN2S--4-X","Fossil Hard coal","11WD7HERN2S--4-X","15/04/2026 03:00 - 15/04/2026 03:15","0.00",""
"15/04/2026 00:00 - 16/04/2026 00:00","CTA|DE(Amprion)","HERNE_4","11WD7HERN2S--4-X","Fossil Hard coal","11WD7HERN2S--4-X","15/04/2026 03:15 - 15/04/2026 03:30","0.00",""
"15/04/2026 00:00 - 16/04/2026 00:00","CTA|DE(Amprion)","HERNE_4","11WD7HERN2S--4-X","Fossil Hard coal","11WD7HERN2S--4-X","15/04/2026 03:30 - 15/04/2026 03:45","0.00",""
"15/04/2026 00:00 - 16/04/2026 00:00","CTA|DE(Amprion)","HERNE_4","11WD7HERN2S--4-X","Fossil Hard coal","11WD7HERN2S--4-X","15/04/2026 03:45 - 15/04/2026 04:00","0.00",""
"15/04/2026 00:00 - 16/04/2026 00:00","CTA|DE(Amprion)","HERNE_4","11WD7HERN2S--4-X","Fossil Hard coal","11WD7HERN2S--4-X","15/04/2026 04:00 - 15/04/2026 04:15","0.00",""
"15/04/2026 00:00 - 16/04/2026 00:00","CTA|DE(Amprion)","HERNE_4","11WD7HERN2S--4-X","Fossil Hard coal","11WD7HERN2S--4-X","15/04/2026 04:15 - 15/04/2026 04:30","0.00",""
"15/04/2026 00:00 - 16/04/2026 00:00","CTA|DE(Amprion)","HERNE_4","11WD7HERN2S--4-X","Fossil Hard coal","11WD7HERN2S--4-X","15/04/2026 04:30 - 15/04/2026 04:45","0.00",""
"15/04/2026 00:00 - 16/04/2026 00:00","CTA|DE(Amprion)","HERNE_4","11WD7HERN2S--4-X","Fossil Hard coal","11WD7HERN2S--4-X","15/04/2026 04:45 - 15/04/2026 05:00","0.00",""
"15/04/2026 00:00 - 16/04/2026 00:00","CTA|DE(Amprion)","HERNE_4","11WD7HERN2S--4-X","Fossil Hard coal","11WD7HERN2S--4-X","15/04/2026 05:00 - 15/04/2026 05:15","0.11",""
"15/04/2026 00:00 - 16/04/2026 00:00","CTA|DE(Amprion)","HERNE_4","11WD7HERN2S--4-X","Fossil Hard coal","11WD7HERN2S--4-X","15/04/2026 05:15 - 15/04/2026 05:30","0.00",""
"15/04/2026 00:00 - 16/04/2026 00:00","CTA|DE(Amprion)","HERNE_4","11WD7HERN2S--4-X","Fossil Hard coal","11WD7HERN2S--4-X","15/04/2026 05:30 - 15/04/2026 05:45","0.00",""
"15/04/2026 00:00 - 16/04/2026 00:00","CTA|DE(Amprion)","HERNE_4","11WD7HERN2S--4-X","Fossil Hard coal","11WD7HERN2S--4-X","15/04/2026 05:45 - 15/04/2026 06:00","0.00",""
"15/04/2026 00:00 - 16/04/2026 00:00","CTA|DE(Amprion)","HERNE_4","11WD7HERN2S--4-X","Fossil Hard coal","11WD7HERN2S--4-X","15/04/2026 06:00 - 15/04/2026 06:15","0.00",""
"15/04/2026 00:00 - 16/04/2026 00:00","CTA|DE(Amprion)","HERNE_4","11WD7HERN2S--4-X","Fossil Hard coal","11WD7HERN2S--4-X","15/04/2026 06:15 - 15/04/2026 06:30","0.00",""
"15/04/2026 00:00 - 16/04/2026 00:00","CTA|DE(Amprion)","HERNE_4","11WD7HERN2S--4-X","Fossil Hard coal","11WD7HERN2S--4-X","15/04/2026 06:30 - 15/04/2026 06:45","0.00",""
"15/04/2026 00:00 - 16/04/2026 00:00","CTA|DE(Amprion)","HERNE_4","11WD7HERN2S--4-X","Fossil Hard coal","11WD7HERN2S--4-X","15/04/2026 06:45 - 15/04/2026 07:00","0.00",""
"15/04/2026 00:00 - 16/04/2026 00:00","CTA|DE(Amprion)","HERNE_4","11WD7HERN2S--4-X","Fossil Hard coal","11WD7HERN2S--4-X","15/04/2026 07:00 - 15/04/2026 07:15","0.00",""
"15/04/2026 00:00 - 16/04/2026 00:00","CTA|DE(Amprion)","HERNE_4","11WD7HERN2S--4-X","Fossil Hard coal","11WD7HERN2S--4-X","15/04/2026 07:15 - 15/04/2026 07:30","0.00",""
"15/04/2026 00:00 - 16/04/2026 00:00","CTA|DE(Amprion)","HERNE_4","11WD7HERN2S--4-X","Fossil Hard coal","11WD7HERN2S--4-X","15/04/2026 07:30 - 15/04/2026 07:45","0.00",""
"15/04/2026 00:00 - 16/04/2026 00:00","CTA|DE(Amprion)","HERNE_4","11WD7HERN2S--4-X","Fossil Hard coal","11WD7HERN2S--4-X","15/04/2026 07:45 - 15/04/2026 08:00","0.00",""
"15/04/2026 00:00 - 16/04/2026 00:00","CTA|DE(Amprion)","HERNE_4","11WD7HERN2S--4-X","Fossil Hard coal","11WD7HERN2S--4-X","15/04/2026 08:00 - 15/04/2026 08:15","0.00",""
"15/04/2026 00:00 - 16/04/2026 00:00","CTA|DE(Amprion)","HERNE_4","11WD7HERN2S--4-X","Fossil Hard coal","11WD7HERN2S--4-X","15/04/2026 08:15 - 15/04/2026 08:30","0.11",""
"15/04/2026 00:00 - 16/04/2026 00:00","CTA|DE(Amprion)","HERNE_4","11WD7HERN2S--4-X","Fossil Hard coal","11WD7HERN2S--4-X","15/04/2026 08:30 - 15/04/2026 08:45","0.11",""
"15/04/2026 00:00 - 16/04/2026 00:00","CTA|DE(Amprion)","HERNE_4","11WD7HERN2S--4-X","Fossil Hard coal","11WD7HERN2S--4-X","15/04/2026 08:45 - 15/04/2026 09:00","0.11",""
"15/04/2026 00:00 - 16/04/2026 00:00","CTA|DE(Amprion)","HERNE_4","11WD7HERN2S--4-X","Fossil Hard coal","11WD7HERN2S--4-X","15/04/2026 09:00 - 15/04/2026 09:15","0.42",""
"15/04/2026 00:00 - 16/04/2026 00:00","CTA|DE(Amprion)","HERNE_4","11WD7HERN2S--4-X","Fossil Hard coal","11WD7HERN2S--4-X","15/04/2026 09:15 - 15/04/2026 09:30","0.00",""
"15/04/2026 00:00 - 16/04/2026 00:00","CTA|DE(Amprion)","HERNE_4","11WD7HERN2S--4-X","Fossil Hard coal","11WD7HERN2S--4-X","15/04/2026 09:30 - 15/04/2026 09:45","0.00",""
"15/04/2026 00:00 - 16/04/2026 00:00","CTA|DE(Amprion)","HERNE_4","11WD7HERN2S--4-X","Fossil Hard coal","11WD7HERN2S--4-X","15/04/2026 09:45 - 15/04/2026 10:00","0.00",""
"15/04/2026 00:00 - 16/04/2026 00:00","CTA|DE(Amprion)","HERNE_4","11WD7HERN2S--4-X","Fossil Hard coal","11WD7HERN2S--4-X","15/04/2026 10:00 - 15/04/2026 10:15","0.53",""
"15/04/2026 00:00 - 16/04/2026 00:00","CTA|DE(Amprion)","HERNE_4","11WD7HERN2S--4-X","Fossil Hard coal","11WD7HERN2S--4-X","15/04/2026 10:15 - 15/04/2026 10:30","0.00",""
"15/04/2026 00:00 - 16/04/2026 00:00","CTA|DE(Amprion)","HERNE_4","11WD7HERN2S--4-X","Fossil Hard coal","11WD7HERN2S--4-X","15/04/2026 10:30 - 15/04/2026 10:45","0.00",""
"15/04/2026 00:00 - 16/04/2026 00:00","CTA|DE(Amprion)","HERNE_4","11WD7HERN2S--4-X","Fossil Hard coal","11WD7HERN2S--4-X","15/04/2026 10:45 - 15/04/2026 11:00","0.00",""
"15/04/2026 00:00 - 16/04/2026 00:00","CTA|DE(Amprion)","HERNE_4","11WD7HERN2S--4-X","Fossil Hard coal","11WD7HERN2S--4-X","15/04/2026 11:00 - 15/04/2026 11:15","0.00",""
"15/04/2026 00:00 - 16/04/2026 00:00","CTA|DE(Amprion)","HERNE_4","11WD7HERN2S--4-X","Fossil Hard coal","11WD7HERN2S--4-X","15/04/2026 11:15 - 15/04/2026 11:30","0.00",""
"15/04/2026 00:00 - 16/04/2026 00:00","CTA|DE(Amprion)","HERNE_4","11WD7HERN2S--4-X","Fossil Hard coal","11WD7HERN2S--4-X","15/04/2026 11:30 - 15/04/2026 11:45","0.00",""
"15/04/2026 00:00 - 16/04/2026 00:00","CTA|DE(Amprion)","HERNE_4","11WD7HERN2S--4-X","Fossil Hard coal","11WD7HERN2S--4-X","15/04/2026 11:45 - 15/04/2026 12:00","0.21",""
"15/04/2026 00:00 - 16/04/2026 00:00","CTA|DE(Amprion)","HERNE_4","11WD7HERN2S--4-X","Fossil Hard coal","11WD7HERN2S--4-X","15/04/2026 12:00 - 15/04/2026 12:15","0.11",""
"15/04/2026 00:00 - 16/04/2026 00:00","CTA|DE(Amprion)","HERNE_4","11WD7HERN2S--4-X","Fossil Hard coal","11WD7HERN2S--4-X","15/04/2026 12:15 - 15/04/2026 12:30","0.00",""
"15/04/2026 00:00 - 16/04/2026 00:00","CTA|DE(Amprion)","HERNE_4","11WD7HERN2S--4-X","Fossil Hard coal","11WD7HERN2S--4-X","15/04/2026 12:30 - 15/04/2026 12:45","0.00",""
"15/04/2026 00:00 - 16/04/2026 00:00","CTA|DE(Amprion)","HERNE_4","11WD7HERN2S--4-X","Fossil Hard coal","11WD7HERN2S--4-X","15/04/2026 12:45 - 15/04/2026 13:00","0.00",""
"15/04/2026 00:00 - 16/04/2026 00:00","CTA|DE(Amprion)","HERNE_4","11WD7HERN2S--4-X","Fossil Hard coal","11WD7HERN2S--4-X","15/04/2026 13:00 - 15/04/2026 13:15","0.00",""
"15/04/2026 00:00 - 16/04/2026 00:00","CTA|DE(Amprion)","HERNE_4","11WD7HERN2S--4-X","Fossil Hard coal","11WD7HERN2S--4-X","15/04/2026 13:15 - 15/04/2026 13:30","0.00",""
"15/04/2026 00:00 - 16/04/2026 00:00","CTA|DE(Amprion)","HERNE_4","11WD7HERN2S--4-X","Fossil Hard coal","11WD7HERN2S--4-X","15/04/2026 13:30 - 15/04/2026 13:45","0.00",""
"15/04/2026 00:00 - 16/04/2026 00:00","CTA|DE(Amprion)","HERNE_4","11WD7HERN2S--4-X","Fossil Hard coal","11WD7HERN2S--4-X","15/04/2026 13:45 - 15/04/2026 14:00","0.00",""
"15/04/2026 00:00 - 16/04/2026 00:00","CTA|DE(Amprion)","HERNE_4","11WD7HERN2S--4-X","Fossil Hard coal","11WD7HERN2S--4-X","15/04/2026 14:00 - 15/04/2026 14:15","0.11",""
"15/04/2026 00:00 - 16/04/2026 00:00","CTA|DE(Amprion)","HERNE_4","11WD7HERN2S--4-X","Fossil Hard coal","11WD7HERN2S--4-X","15/04/2026 14:15 - 15/04/2026 14:30","0.11",""
"15/04/2026 00:00 - 16/04/2026 00:00","CTA|DE(Amprion)","HERNE_4","11WD7HERN2S--4-X","Fossil Hard coal","11WD7HERN2S--4-X","15/04/2026 14:30 - 15/04/2026 14:45","0.00",""
"15/04/2026 00:00 - 16/04/2026 00:00","CTA|DE(Amprion)","HERNE_4","11WD7HERN2S--4-X","Fossil Hard coal","11WD7HERN2S--4-X","15/04/2026 14:45 - 15/04/2026 15:00","0.00",""
"15/04/2026 00:00 - 16/04/2026 00:00","CTA|DE(Amprion)","HERNE_4","11WD7HERN2S--4-X","Fossil Hard coal","11WD7HERN2S--4-X","15/04/2026 15:00 - 15/04/2026 15:15","0.00",""
"15/04/2026 00:00 - 16/04/2026 00:00","CTA|DE(Amprion)","HERNE_4","11WD7HERN2S--4-X","Fossil Hard coal","11WD7HERN2S--4-X","15/04/2026 15:15 - 15/04/2026 15:30","0.11",""
"15/04/2026 00:00 - 16/04/2026 00:00","CTA|DE(Amprion)","HERNE_4","11WD7HERN2S--4-X","Fossil Hard coal","11WD7HERN2S--4-X","15/04/2026 15:30 - 15/04/2026 15:45","0.00",""
"15/04/2026 00:00 - 16/04/2026 00:00","CTA|DE(Amprion)","HERNE_4","11WD7HERN2S--4-X","Fossil Hard coal","11WD7HERN2S--4-X","15/04/2026 15:45 - 15/04/2026 16:00","0.00",""
"15/04/2026 00:00 - 16/04/2026 00:00","CTA|DE(Amprion)","HERNE_4","11WD7HERN2S--4-X","Fossil Hard coal","11WD7HERN2S--4-X","15/04/2026 16:00 - 15/04/2026 16:15","0.00",""
"15/04/2026 00:00 - 16/04/2026 00:00","CTA|DE(Amprion)","HERNE_4","11WD7HERN2S--4-X","Fossil Hard coal","11WD7HERN2S--4-X","15/04/2026 16:15 - 15/04/2026 16:30","0.00",""
"15/04/2026 00:00 - 16/04/2026 00:00","CTA|DE(Amprion)","HERNE_4","11WD7HERN2S--4-X","Fossil Hard coal","11WD7HERN2S--4-X","15/04/2026 16:30 - 15/04/2026 16:45","0.00",""
"15/04/2026 00:00 - 16/04/2026 00:00","CTA|DE(Amprion)","HERNE_4","11WD7HERN2S--4-X","Fossil Hard coal","11WD7HERN2S--4-X","15/04/2026 16:45 - 15/04/2026 17:00","0.11",""
"15/04/2026 00:00 - 16/04/2026 00:00","CTA|DE(Amprion)","HERNE_4","11WD7HERN2S--4-X","Fossil Hard coal","11WD7HERN2S--4-X","15/04/2026 17:00 - 15/04/2026 17:15","0.00",""
"15/04/2026 00:00 - 16/04/2026 00:00","CTA|DE(Amprion)","HERNE_4","11WD7HERN2S--4-X","Fossil Hard coal","11WD7HERN2S--4-X","15/04/2026 17:15 - 15/04/2026 17:30","0.00",""
"15/04/2026 00:00 - 16/04/2026 00:00","CTA|DE(Amprion)","HERNE_4","11WD7HERN2S--4-X","Fossil Hard coal","11WD7HERN2S--4-X","15/04/2026 17:30 - 15/04/2026 17:45","0.00",""
"15/04/2026 00:00 - 16/04/2026 00:00","CTA|DE(Amprion)","HERNE_4","11WD7HERN2S--4-X","Fossil Hard coal","11WD7HERN2S--4-X","15/04/2026 17:45 - 15/04/2026 18:00","0.00",""
"15/04/2026 00:00 - 16/04/2026 00:00","CTA|DE(Amprion)","HERNE_4","11WD7HERN2S--4-X","Fossil Hard coal","11WD7HERN2S--4-X","15/04/2026 18:00 - 15/04/2026 18:15","0.00",""
"15/04/2026 00:00 - 16/04/2026 00:00","CTA|DE(Amprion)","HERNE_4","11WD7HERN2S--4-X","Fossil Hard coal","11WD7HERN2S--4-X","15/04/2026 18:15 - 15/04/2026 18:30","0.00",""
"15/04/2026 00:00 - 16/04/2026 00:00","CTA|DE(Amprion)","HERNE_4","11WD7HERN2S--4-X","Fossil Hard coal","11WD7HERN2S--4-X","15/04/2026 18:30 - 15/04/2026 18:45","0.21",""
"15/04/2026 00:00 - 16/04/2026 00:00","CTA|DE(Amprion)","HERNE_4","11WD7HERN2S--4-X","Fossil Hard coal","11WD7HERN2S--4-X","15/04/2026 18:45 - 15/04/2026 19:00","0.00",""
"15/04/2026 00:00 - 16/04/2026 00:00","CTA|DE(Amprion)","HERNE_4","11WD7HERN2S--4-X","Fossil Hard coal","11WD7HERN2S--4-X","15/04/2026 19:00 - 15/04/2026 19:15","0.00",""
"15/04/2026 00:00 - 16/04/2026 00:00","CTA|DE(Amprion)","HERNE_4","11WD7HERN2S--4-X","Fossil Hard coal","11WD7HERN2S--4-X","15/04/2026 19:15 - 15/04/2026 19:30","0.00",""
"15/04/2026 00:00 - 16/04/2026 00:00","CTA|DE(Amprion)","HERNE_4","11WD7HERN2S--4-X","Fossil Hard coal","11WD7HERN2S--4-X","15/04/2026 19:30 - 15/04/2026 19:45","0.11",""
"15/04/2026 00:00 - 16/04/2026 00:00","CTA|DE(Amprion)","HERNE_4","11WD7HERN2S--4-X","Fossil Hard coal","11WD7HERN2S--4-X","15/04/2026 19:45 - 15/04/2026 20:00","0.00",""
"15/04/2026 00:00 - 16/04/2026 00:00","CTA|DE(Amprion)","HERNE_4","11WD7HERN2S--4-X","Fossil Hard coal","11WD7HERN2S--4-X","15/04/2026 20:00 - 15/04/2026 20:15","0.00",""
"15/04/2026 00:00 - 16/04/2026 00:00","CTA|DE(Amprion)","HERNE_4","11WD7HERN2S--4-X","Fossil Hard coal","11WD7HERN2S--4-X","15/04/2026 20:15 - 15/04/2026 20:30","0.00",""
"15/04/2026 00:00 - 16/04/2026 00:00","CTA|DE(Amprion)","HERNE_4","11WD7HERN2S--4-X","Fossil Hard coal","11WD7HERN2S--4-X","15/04/2026 20:30 - 15/04/2026 20:45","0.00",""
"15/04/2026 00:00 - 16/04/2026 00:00","CTA|DE(Amprion)","HERNE_4","11WD7HERN2S--4-X","Fossil Hard coal","11WD7HERN2S--4-X","15/04/2026 20:45 - 15/04/2026 21:00","0.00",""
"15/04/2026 00:00 - 16/04/2026 00:00","CTA|DE(Amprion)","HERNE_4","11WD7HERN2S--4-X","Fossil Hard coal","11WD7HERN2S--4-X","15/04/2026 21:00 - 15/04/2026 21:15","0.11",""
"15/04/2026 00:00 - 16/04/2026 00:00","CTA|DE(Amprion)","HERNE_4","11WD7HERN2S--4-X","Fossil Hard coal","11WD7HERN2S--4-X","15/04/2026 21:15 - 15/04/2026 21:30","0.00",""
"15/04/2026 00:00 - 16/04/2026 00:00","CTA|DE(Amprion)","HERNE_4","11WD7HERN2S--4-X","Fossil Hard coal","11WD7HERN2S--4-X","15/04/2026 21:30 - 15/04/2026 21:45","0.11",""
"15/04/2026 00:00 - 16/04/2026 00:00","CTA|DE(Amprion)","HERNE_4","11WD7HERN2S--4-X","Fossil Hard coal","11WD7HERN2S--4-X","15/04/2026 21:45 - 15/04/2026 22:00","0.00",""
"15/04/2026 00:00 - 16/04/2026 00:00","CTA|DE(Amprion)","HERNE_4","11WD7HERN2S--4-X","Fossil Hard coal","11WD7HERN2S--4-X","15/04/2026 22:00 - 15/04/2026 22:15","0.11",""
"15/04/2026 00:00 - 16/04/2026 00:00","CTA|DE(Amprion)","HERNE_4","11WD7HERN2S--4-X","Fossil Hard coal","11WD7HERN2S--4-X","15/04/2026 22:15 - 15/04/2026 22:30","0.00",""
"15/04/2026 00:00 - 16/04/2026 00:00","CTA|DE(Amprion)","HERNE_4","11WD7HERN2S--4-X","Fossil Hard coal","11WD7HERN2S--4-X","15/04/2026 22:30 - 15/04/2026 22:45","0.11",""
"15/04/2026 00:00 - 16/04/2026 00:00","CTA|DE(Amprion)","HERNE_4","11WD7HERN2S--4-X","Fossil Hard coal","11WD7HERN2S--4-X","15/04/2026 22:45 - 15/04/2026 23:00","0.00",""
"15/04/2026 00:00 - 16/04/2026 00:00","CTA|DE(Amprion)","HERNE_4","11WD7HERN2S--4-X","Fossil Hard coal","11WD7HERN2S--4-X","15/04/2026 23:00 - 15/04/2026 23:15","0.21",""
"15/04/2026 00:00 - 16/04/2026 00:00","CTA|DE(Amprion)","HERNE_4","11WD7HERN2S--4-X","Fossil Hard coal","11WD7HERN2S--4-X","15/04/2026 23:15 - 15/04/2026 23:30","0.00",""
"15/04/2026 00:00 - 16/04/2026 00:00","CTA|DE(Amprion)","HERNE_4","11WD7HERN2S--4-X","Fossil Hard coal","11WD7HERN2S--4-X","15/04/2026 23:30 - 15/04/2026 23:45","0.00",""
"15/04/2026 00:00 - 16/04/2026 00:00","CTA|DE(Amprion)","HERNE_4","11WD7HERN2S--4-X","Fossil Hard coal","11WD7HERN2S--4-X","15/04/2026 23:45 - 16/04/2026 00:00","0.00",""
"15/04/2026 00:00 - 16/04/2026 00:00","CTA|DE(Amprion)","Huckingen A","11WD7HUCK2G--A-C","Fossil Coal-derived gas","11WD7HUCK2G--A-C","15/04/2026 00:00 - 15/04/2026 01:00","0.00",""
"15/04/2026 00:00 - 16/04/2026 00:00","CTA|DE(Amprion)","Huckingen A","11WD7HUCK2G--A-C","Fossil Coal-derived gas","11WD7HUCK2G--A-C","15/04/2026 01:00 - 15/04/2026 02:00","0.00",""
"15/04/2026 00:00 - 16/04/2026 00:00","CTA|DE(Amprion)","Huckingen A","11WD7HUCK2G--A-C","Fossil Coal-derived gas","11WD7HUCK2G--A-C","15/04/2026 02:00 - 15/04/2026 03:00","0.00",""
"15/04/2026 00:00 - 16/04/2026 00:00","CTA|DE(Amprion)","Huckingen A","11WD7HUCK2G--A-C","Fossil Coal-derived gas","11WD7HUCK2G--A-C","15/04/2026 03:00 - 15/04/2026 04:00","0.00",""
"15/04/2026 00:00 - 16/04/2026 00:00","CTA|DE(Amprion)","Huckingen A","11WD7HUCK2G--A-C","Fossil Coal-derived gas","11WD7HUCK2G--A-C","15/04/2026 04:00 - 15/04/2026 05:00","0.00",""
"15/04/2026 00:00 - 16/04/2026 00:00","CTA|DE(Amprion)","Huckingen A","11WD7HUCK2G--A-C","Fossil Coal-derived gas","11WD7HUCK2G--A-C","15/04/2026 05:00 - 15/04/2026 06:00","0.00",""
"15/04/2026 00:00 - 16/04/2026 00:00","CTA|DE(Amprion)","Huckingen A","11WD7HUCK2G--A-C","Fossil Coal-derived gas","11WD7HUCK2G--A-C","15/04/2026 06:00 - 15/04/2026 07:00","0.00",""
"15/04/2026 00:00 - 16/04/2026 00:00","CTA|DE(Amprion)","Huckingen A","11WD7HUCK2G--A-C","Fossil Coal-derived gas","11WD7HUCK2G--A-C","15/04/2026 07:00 - 15/04/2026 08:00","0.00",""
"15/04/2026 00:00 - 16/04/2026 00:00","CTA|DE(Amprion)","Huckingen A","11WD7HUCK2G--A-C","Fossil Coal-derived gas","11WD7HUCK2G--A-C","15/04/2026 08:00 - 15/04/2026 09:00","0.00",""
"15/04/2026 00:00 - 16/04/2026 00:00","CTA|DE(Amprion)","Huckingen A","11WD7HUCK2G--A-C","Fossil Coal-derived gas","11WD7HUCK2G--A-C","15/04/2026 09:00 - 15/04/2026 10:00","0.00",""
"15/04/2026 00:00 - 16/04/2026 00:00","CTA|DE(Amprion)","Huckingen A","11WD7HUCK2G--A-C","Fossil Coal-derived gas","11WD7HUCK2G--A-C","15/04/2026 10:00 - 15/04/2026 11:00","0.00",""
"15/04/2026 00:00 - 16/04/2026 00:00","CTA|DE(Amprion)","Huckingen A","11WD7HUCK2G--A-C","Fossil Coal-derived gas","11WD7HUCK2G--A-C","15/04/2026 11:00 - 15/04/2026 12:00","0.00",""
"15/04/2026 00:00 - 16/04/2026 00:00","CTA|DE(Amprion)","Huckingen A","11WD7HUCK2G--A-C","Fossil Coal-derived gas","11WD7HUCK2G--A-C","15/04/2026 12:00 - 15/04/2026 13:00","0.00",""
"15/04/2026 00:00 - 16/04/2026 00:00","CTA|DE(Amprion)","Huckingen A","11WD7HUCK2G--A-C","Fossil Coal-derived gas","11WD7HUCK2G--A-C","15/04/2026 13:00 - 15/04/2026 14:00","0.00",""
"15/04/2026 00:00 - 16/04/2026 00:00","CTA|DE(Amprion)","Huckingen A","11WD7HUCK2G--A-C","Fossil Coal-derived gas","11WD7HUCK2G--A-C","15/04/2026 14:00 - 15/04/2026 15:00","0.00",""
"15/04/2026 00:00 - 16/04/2026 00:00","CTA|DE(Amprion)","Huckingen A","11WD7HUCK2G--A-C","Fossil Coal-derived gas","11WD7HUCK2G--A-C","15/04/2026 15:00 - 15/04/2026 16:00","0.00",""
"15/04/2026 00:00 - 16/04/2026 00:00","CTA|DE(Amprion)","Huckingen A","11WD7HUCK2G--A-C","Fossil Coal-derived gas","11WD7HUCK2G--A-C","15/04/2026 16:00 - 15/04/2026 17:00","0.00",""
"15/04/2026 00:00 - 16/04/2026 00:00","CTA|DE(Amprion)","Huckingen A","11WD7HUCK2G--A-C","Fossil Coal-derived gas","11WD7HUCK2G--A-C","15/04/2026 17:00 - 15/04/2026 18:00","0.00",""
"15/04/2026 00:00 - 16/04/2026 00:00","CTA|DE(Amprion)","Huckingen A","11WD7HUCK2G--A-C","Fossil Coal-derived gas","11WD7HUCK2G--A-C","15/04/2026 18:00 - 15/04/2026 19:00","0.00",""
"15/04/2026 00:00 - 16/04/2026 00:00","CTA|DE(Amprion)","Huckingen A","11WD7HUCK2G--A-C","Fossil Coal-derived gas","11WD7HUCK2G--A-C","15/04/2026 19:00 - 15/04/2026 20:00","0.00",""
"15/04/2026 00:00 - 16/04/2026 00:00","CTA|DE(Amprion)","Huckingen A","11WD7HUCK2G--A-C","Fossil Coal-derived gas","11WD7HUCK2G--A-C","15/04/2026 20:00 - 15/04/2026 21:00","0.00",""
"15/04/2026 00:00 - 16/04/2026 00:00","CTA|DE(Amprion)","Huckingen A","11WD7HUCK2G--A-C","Fossil Coal-derived gas","11WD7HUCK2G--A-C","15/04/2026 21:00 - 15/04/2026 22:00","0.00",""
"15/04/2026 00:00 - 16/04/2026 00:00","CTA|DE(Amprion)","Huckingen A","11WD7HUCK2G--A-C","Fossil Coal-derived gas","11WD7HUCK2G--A-C","15/04/2026 22:00 - 15/04/2026 23:00","0.00",""
"15/04/2026 00:00 - 16/04/2026 00:00","CTA|DE(Amprion)","Huckingen A","11WD7HUCK2G--A-C","Fossil Coal-derived gas","11WD7HUCK2G--A-C","15/04/2026 23:00 - 16/04/2026 00:00","0.00",""
"15/04/2026 00:00 - 16/04/2026 00:00","CTA|DE(Amprion)","Huckingen B","11WD7HUCK2G--B-9","Fossil Coal-derived gas","11WD7HUCK2G--B-9","15/04/2026 00:00 - 15/04/2026 01:00","99.90",""
"15/04/2026 00:00 - 16/04/2026 00:00","CTA|DE(Amprion)","Huckingen B","11WD7HUCK2G--B-9","Fossil Coal-derived gas","11WD7HUCK2G--B-9","15/04/2026 01:00 - 15/04/2026 02:00","102.72",""
"15/04/2026 00:00 - 16/04/2026 00:00","CTA|DE(Amprion)","Huckingen B","11WD7HUCK2G--B-9","Fossil Coal-derived gas","11WD7HUCK2G--B-9","15/04/2026 02:00 - 15/04/2026 03:00","99.38",""
"15/04/2026 00:00 - 16/04/2026 00:00","CTA|DE(Amprion)","Huckingen B","11WD7HUCK2G--B-9","Fossil Coal-derived gas","11WD7HUCK2G--B-9","15/04/2026 03:00 - 15/04/2026 04:00","91.75",""
"15/04/2026 00:00 - 16/04/2026 00:00","CTA|DE(Amprion)","Huckingen B","11WD7HUCK2G--B-9","Fossil Coal-derived gas","11WD7HUCK2G--B-9","15/04/2026 04:00 - 15/04/2026 05:00","93.92",""
"15/04/2026 00:00 - 16/04/2026 00:00","CTA|DE(Amprion)","Huckingen B","11WD7HUCK2G--B-9","Fossil Coal-derived gas","11WD7HUCK2G--B-9","15/04/2026 05:00 - 15/04/2026 06:00","102.83",""
"15/04/2026 00:00 - 16/04/2026 00:00","CTA|DE(Amprion)","Huckingen B","11WD7HUCK2G--B-9","Fossil Coal-derived gas","11WD7HUCK2G--B-9","15/04/2026 06:00 - 15/04/2026 07:00","104.15",""
"15/04/2026 00:00 - 16/04/2026 00:00","CTA|DE(Amprion)","Huckingen B","11WD7HUCK2G--B-9","Fossil Coal-derived gas","11WD7HUCK2G--B-9","15/04/2026 07:00 - 15/04/2026 08:00","102.88",""
"15/04/2026 00:00 - 16/04/2026 00:00","CTA|DE(Amprion)","Huckingen B","11WD7HUCK2G--B-9","Fossil Coal-derived gas","11WD7HUCK2G--B-9","15/04/2026 08:00 - 15/04/2026 09:00","108.53",""
"15/04/2026 00:00 - 16/04/2026 00:00","CTA|DE(Amprion)","Huckingen B","11WD7HUCK2G--B-9","Fossil Coal-derived gas","11WD7HUCK2G--B-9","15/04/2026 09:00 - 15/04/2026 10:00","105.20",""
"15/04/2026 00:00 - 16/04/2026 00:00","CTA|DE(Amprion)","Huckingen B","11WD7HUCK2G--B-9","Fossil Coal-derived gas","11WD7HUCK2G--B-9","15/04/2026 10:00 - 15/04/2026 11:00","106.67",""
"15/04/2026 00:00 - 16/04/2026 00:00","CTA|DE(Amprion)","Huckingen B","11WD7HUCK2G--B-9","Fossil Coal-derived gas","11WD7HUCK2G--B-9","15/04/2026 11:00 - 15/04/2026 12:00","106.30",""
"15/04/2026 00:00 - 16/04/2026 00:00","CTA|DE(Amprion)","Huckingen B","11WD7HUCK2G--B-9","Fossil Coal-derived gas","11WD7HUCK2G--B-9","15/04/2026 12:00 - 15/04/2026 13:00","106.92",""
"15/04/2026 00:00 - 16/04/2026 00:00","CTA|DE(Amprion)","Huckingen B","11WD7HUCK2G--B-9","Fossil Coal-derived gas","11WD7HUCK2G--B-9","15/04/2026 13:00 - 15/04/2026 14:00","104.25",""
"15/04/2026 00:00 - 16/04/2026 00:00","CTA|DE(Amprion)","Huckingen B","11WD7HUCK2G--B-9","Fossil Coal-derived gas","11WD7HUCK2G--B-9","15/04/2026 14:00 - 15/04/2026 15:00","98.80",""
"15/04/2026 00:00 - 16/04/2026 00:00","CTA|DE(Amprion)","Huckingen B","11WD7HUCK2G--B-9","Fossil Coal-derived gas","11WD7HUCK2G--B-9","15/04/2026 15:00 - 15/04/2026 16:00","97.97",""
"15/04/2026 00:00 - 16/04/2026 00:00","CTA|DE(Amprion)","Huckingen B","11WD7HUCK2G--B-9","Fossil Coal-derived gas","11WD7HUCK2G--B-9","15/04/2026 16:00 - 15/04/2026 17:00","100.25",""
"15/04/2026 00:00 - 16/04/2026 00:00","CTA|DE(Amprion)","Huckingen B","11WD7HUCK2G--B-9","Fossil Coal-derived gas","11WD7HUCK2G--B-9","15/04/2026 17:00 - 15/04/2026 18:00","104.85",""
"15/04/2026 00:00 - 16/04/2026 00:00","CTA|DE(Amprion)","Huckingen B","11WD7HUCK2G--B-9","Fossil Coal-derived gas","11WD7HUCK2G--B-9","15/04/2026 18:00 - 15/04/2026 19:00","103.90",""
"15/04/2026 00:00 - 16/04/2026 00:00","CTA|DE(Amprion)","Huckingen B","11WD7HUCK2G--B-9","Fossil Coal-derived gas","11WD7HUCK2G--B-9","15/04/2026 19:00 - 15/04/2026 20:00","101.88",""
"15/04/2026 00:00 - 16/04/2026 00:00","CTA|DE(Amprion)","Huckingen B","11WD7HUCK2G--B-9","Fossil Coal-derived gas","11WD7HUCK2G--B-9","15/04/2026 20:00 - 15/04/2026 21:00","104.03",""
"15/04/2026 00:00 - 16/04/2026 00:00","CTA|DE(Amprion)","Huckingen B","11WD7HUCK2G--B-9","Fossil Coal-derived gas","11WD7HUCK2G--B-9","15/04/2026 21:00 - 15/04/2026 22:00","100.58",""
"15/04/2026 00:00 - 16/04/2026 00:00","CTA|DE(Amprion)","Huckingen B","11WD7HUCK2G--B-9","Fossil Coal-derived gas","11WD7HUCK2G--B-9","15/04/2026 22:00 - 15/04/2026 23:00","102.17",""
"15/04/2026 00:00 - 16/04/2026 00:00","CTA|DE(Amprion)","Huckingen B","11WD7HUCK2G--B-9","Fossil Coal-derived gas","11WD7HUCK2G--B-9","15/04/2026 23:00 - 16/04/2026 00:00","102.08",""
"15/04/2026 00:00 - 16/04/2026 00:00","CTA|DE(Amprion)","Koepchenwerk","11WD7KOEP2P--5-G","Hydro Pumped Storage","11WD7KOEP2P--5-G","15/04/2026 00:00 - 15/04/2026 01:00","0.00",""
"15/04/2026 00:00 - 16/04/2026 00:00","CTA|DE(Amprion)","Koepchenwerk","11WD7KOEP2P--5-G","Hydro Pumped Storage","11WD7KOEP2P--5-G","15/04/2026 01:00 - 15/04/2026 02:00","0.00",""
"15/04/2026 00:00 - 16/04/2026 00:00","CTA|DE(Amprion)","Koepchenwerk","11WD7KOEP2P--5-G","Hydro Pumped Storage","11WD7KOEP2P--5-G","15/04/2026 02:00 - 15/04/2026 03:00","0.00",""
"15/04/2026 00:00 - 16/04/2026 00:00","CTA|DE(Amprion)","Koepchenwerk","11WD7KOEP2P--5-G","Hydro Pumped Storage","11WD7KOEP2P--5-G","15/04/2026 03:00 - 15/04/2026 04:00","0.00",""
"15/04/2026 00:00 - 16/04/2026 00:00","CTA|DE(Amprion)","Koepchenwerk","11WD7KOEP2P--5-G","Hydro Pumped Storage","11WD7KOEP2P--5-G","15/04/2026 04:00 - 15/04/2026 05:00","0.00",""
"15/04/2026 00:00 - 16/04/2026 00:00","CTA|DE(Amprion)","Koepchenwerk","11WD7KOEP2P--5-G","Hydro Pumped Storage","11WD7KOEP2P--5-G","15/04/2026 05:00 - 15/04/2026 06:00","0.00",""
"15/04/2026 00:00 - 16/04/2026 00:00","CTA|DE(Amprion)","Koepchenwerk","11WD7KOEP2P--5-G","Hydro Pumped Storage","11WD7KOEP2P--5-G","15/04/2026 06:00 - 15/04/2026 07:00","4.78",""
"15/04/2026 00:00 - 16/04/2026 00:00","CTA|DE(Amprion)","Koepchenwerk","11WD7KOEP2P--5-G","Hydro Pumped Storage","11WD7KOEP2P--5-G","15/04/2026 07:00 - 15/04/2026 08:00","124.72",""
"15/04/2026 00:00 - 16/04/2026 00:00","CTA|DE(Amprion)","Koepchenwerk","11WD7KOEP2P--5-G","Hydro Pumped Storage","11WD7KOEP2P--5-G","15/04/2026 08:00 - 15/04/2026 09:00","21.45",""
"15/04/2026 00:00 - 16/04/2026 00:00","CTA|DE(Amprion)","Koepchenwerk","11WD7KOEP2P--5-G","Hydro Pumped Storage","11WD7KOEP2P--5-G","15/04/2026 09:00 - 15/04/2026 10:00","0.00",""
"15/04/2026 00:00 - 16/04/2026 00:00","CTA|DE(Amprion)","Koepchenwerk","11WD7KOEP2P--5-G","Hydro Pumped Storage","11WD7KOEP2P--5-G","15/04/2026 10:00 - 15/04/2026 11:00","0.00",""
"15/04/2026 00:00 - 16/04/2026 00:00","CTA|DE(Amprion)","Koepchenwerk","11WD7KOEP2P--5-G","Hydro Pumped Storage","11WD7KOEP2P--5-G","15/04/2026 11:00 - 15/04/2026 12:00","0.00",""
"15/04/2026 00:00 - 16/04/2026 00:00","CTA|DE(Amprion)","Koepchenwerk","11WD7KOEP2P--5-G","Hydro Pumped Storage","11WD7KOEP2P--5-G","15/04/2026 12:00 - 15/04/2026 13:00","0.00",""
"15/04/2026 00:00 - 16/04/2026 00:00","CTA|DE(Amprion)","Koepchenwerk","11WD7KOEP2P--5-G","Hydro Pumped Storage","11WD7KOEP2P--5-G","15/04/2026 13:00 - 15/04/2026 14:00","0.00",""
"15/04/2026 00:00 - 16/04/2026 00:00","CTA|DE(Amprion)","Koepchenwerk","11WD7KOEP2P--5-G","Hydro Pumped Storage","11WD7KOEP2P--5-G","15/04/2026 14:00 - 15/04/2026 15:00","0.00",""
"15/04/2026 00:00 - 16/04/2026 00:00","CTA|DE(Amprion)","Koepchenwerk","11WD7KOEP2P--5-G","Hydro Pumped Storage","11WD7KOEP2P--5-G","15/04/2026 15:00 - 15/04/2026 16:00","0.00",""
"15/04/2026 00:00 - 16/04/2026 00:00","CTA|DE(Amprion)","Koepchenwerk","11WD7KOEP2P--5-G","Hydro Pumped Storage","11WD7KOEP2P--5-G","15/04/2026 16:00 - 15/04/2026 17:00","0.00",""
"15/04/2026 00:00 - 16/04/2026 00:00","CTA|DE(Amprion)","Koepchenwerk","11WD7KOEP2P--5-G","Hydro Pumped Storage","11WD7KOEP2P--5-G","15/04/2026 17:00 - 15/04/2026 18:00","0.00",""
"15/04/2026 00:00 - 16/04/2026 00:00","CTA|DE(Amprion)","Koepchenwerk","11WD7KOEP2P--5-G","Hydro Pumped Storage","11WD7KOEP2P--5-G","15/04/2026 18:00 - 15/04/2026 19:00","64.78",""
"15/04/2026 00:00 - 16/04/2026 00:00","CTA|DE(Amprion)","Koepchenwerk","11WD7KOEP2P--5-G","Hydro Pumped Storage","11WD7KOEP2P--5-G","15/04/2026 19:00 - 15/04/2026 20:00","141.40",""
"15/04/2026 00:00 - 16/04/2026 00:00","CTA|DE(Amprion)","Koepchenwerk","11WD7KOEP2P--5-G","Hydro Pumped Storage","11WD7KOEP2P--5-G","15/04/2026 20:00 - 15/04/2026 21:00","141.05",""
"15/04/2026 00:00 - 16/04/2026 00:00","CTA|DE(Amprion)","Koepchenwerk","11WD7KOEP2P--5-G","Hydro Pumped Storage","11WD7KOEP2P--5-G","15/04/2026 21:00 - 15/04/2026 22:00","59.08",""
"15/04/2026 00:00 - 16/04/2026 00:00","CTA|DE(Amprion)","Koepchenwerk","11WD7KOEP2P--5-G","Hydro Pumped Storage","11WD7KOEP2P--5-G","15/04/2026 22:00 - 15/04/2026 23:00","0.00",""
"15/04/2026 00:00 - 16/04/2026 00:00","CTA|DE(Amprion)","Koepchenwerk","11WD7KOEP2P--5-G","Hydro Pumped Storage","11WD7KOEP2P--5-G","15/04/2026 23:00 - 16/04/2026 00:00","0.00",""
"15/04/2026 00:00 - 16/04/2026 00:00","CTA|DE(Amprion)","KW Hamm-Uentrop Block 10","11WD7KWHU1GBL10E","Fossil Gas","11WD7KWHU1GBL10E","15/04/2026 00:00 - 15/04/2026 01:00","0.20",""
"15/04/2026 00:00 - 16/04/2026 00:00","CTA|DE(Amprion)","KW Hamm-Uentrop Block 10","11WD7KWHU1GBL10E","Fossil Gas","11WD7KWHU1GBL10E","15/04/2026 01:00 - 15/04/2026 02:00","0.20",""
"15/04/2026 00:00 - 16/04/2026 00:00","CTA|DE(Amprion)","KW Hamm-Uentrop Block 10","11WD7KWHU1GBL10E","Fossil Gas","11WD7KWHU1GBL10E","15/04/2026 02:00 - 15/04/2026 03:00","0.20",""
"15/04/2026 00:00 - 16/04/2026 00:00","CTA|DE(Amprion)","KW Hamm-Uentrop Block 10","11WD7KWHU1GBL10E","Fossil Gas","11WD7KWHU1GBL10E","15/04/2026 03:00 - 15/04/2026 04:00","0.20",""
"15/04/2026 00:00 - 16/04/2026 00:00","CTA|DE(Amprion)","KW Hamm-Uentrop Block 10","11WD7KWHU1GBL10E","Fossil Gas","11WD7KWHU1GBL10E","15/04/2026 04:00 - 15/04/2026 05:00","0.20",""
"15/04/2026 00:00 - 16/04/2026 00:00","CTA|DE(Amprion)","KW Hamm-Uentrop Block 10","11WD7KWHU1GBL10E","Fossil Gas","11WD7KWHU1GBL10E","15/04/2026 05:00 - 15/04/2026 06:00","0.20",""
"15/04/2026 00:00 - 16/04/2026 00:00","CTA|DE(Amprion)","KW Hamm-Uentrop Block 10","11WD7KWHU1GBL10E","Fossil Gas","11WD7KWHU1GBL10E","15/04/2026 06:00 - 15/04/2026 07:00","0.20",""
"15/04/2026 00:00 - 16/04/2026 00:00","CTA|DE(Amprion)","KW Hamm-Uentrop Block 10","11WD7KWHU1GBL10E","Fossil Gas","11WD7KWHU1GBL10E","15/04/2026 07:00 - 15/04/2026 08:00","0.20",""
"15/04/2026 00:00 - 16/04/2026 00:00","CTA|DE(Amprion)","KW Hamm-Uentrop Block 10","11WD7KWHU1GBL10E","Fossil Gas","11WD7KWHU1GBL10E","15/04/2026 08:00 - 15/04/2026 09:00","0.20",""
"15/04/2026 00:00 - 16/04/2026 00:00","CTA|DE(Amprion)","KW Hamm-Uentrop Block 10","11WD7KWHU1GBL10E","Fossil Gas","11WD7KWHU1GBL10E","15/04/2026 09:00 - 15/04/2026 10:00","0.20",""
"15/04/2026 00:00 - 16/04/2026 00:00","CTA|DE(Amprion)","KW Hamm-Uentrop Block 10","11WD7KWHU1GBL10E","Fossil Gas","11WD7KWHU1GBL10E","15/04/2026 10:00 - 15/04/2026 11:00","0.20",""
"15/04/2026 00:00 - 16/04/2026 00:00","CTA|DE(Amprion)","KW Hamm-Uentrop Block 10","11WD7KWHU1GBL10E","Fossil Gas","11WD7KWHU1GBL10E","15/04/2026 11:00 - 15/04/2026 12:00","0.20",""
"15/04/2026 00:00 - 16/04/2026 00:00","CTA|DE(Amprion)","KW Hamm-Uentrop Block 10","11WD7KWHU1GBL10E","Fossil Gas","11WD7KWHU1GBL10E","15/04/2026 12:00 - 15/04/2026 13:00","0.20",""
"15/04/2026 00:00 - 16/04/2026 00:00","CTA|DE(Amprion)","KW Hamm-Uentrop Block 10","11WD7KWHU1GBL10E","Fossil Gas","11WD7KWHU1GBL10E","15/04/2026 13:00 - 15/04/2026 14:00","0.20",""
"15/04/2026 00:00 - 16/04/2026 00:00","CTA|DE(Amprion)","KW Hamm-Uentrop Block 10","11WD7KWHU1GBL10E","Fossil Gas","11WD7KWHU1GBL10E","15/04/2026 14:00 - 15/04/2026 15:00","0.20",""
"15/04/2026 00:00 - 16/04/2026 00:00","CTA|DE(Amprion)","KW Hamm-Uentrop Block 10","11WD7KWHU1GBL10E","Fossil Gas","11WD7KWHU1GBL10E","15/04/2026 15:00 - 15/04/2026 16:00","0.20",""
"15/04/2026 00:00 - 16/04/2026 00:00","CTA|DE(Amprion)","KW Hamm-Uentrop Block 10","11WD7KWHU1GBL10E","Fossil Gas","11WD7KWHU1GBL10E","15/04/2026 16:00 - 15/04/2026 17:00","0.20",""
"15/04/2026 00:00 - 16/04/2026 00:00","CTA|DE(Amprion)","KW Hamm-Uentrop Block 10","11WD7KWHU1GBL10E","Fossil Gas","11WD7KWHU1GBL10E","15/04/2026 17:00 - 15/04/2026 18:00","0.20",""
"15/04/2026 00:00 - 16/04/2026 00:00","CTA|DE(Amprion)","KW Hamm-Uentrop Block 10","11WD7KWHU1GBL10E","Fossil Gas","11WD7KWHU1GBL10E","15/04/2026 18:00 - 15/04/2026 19:00","0.20",""
"15/04/2026 00:00 - 16/04/2026 00:00","CTA|DE(Amprion)","KW Hamm-Uentrop Block 10","11WD7KWHU1GBL10E","Fossil Gas","11WD7KWHU1GBL10E","15/04/2026 19:00 - 15/04/2026 20:00","0.20",""
"15/04/2026 00:00 - 16/04/2026 00:00","CTA|DE(Amprion)","KW Hamm-Uentrop Block 10","11WD7KWHU1GBL10E","Fossil Gas","11WD7KWHU1GBL10E","15/04/2026 20:00 - 15/04/2026 21:00","0.20",""
"15/04/2026 00:00 - 16/04/2026 00:00","CTA|DE(Amprion)","KW Hamm-Uentrop Block 10","11WD7KWHU1GBL10E","Fossil Gas","11WD7KWHU1GBL10E","15/04/2026 21:00 - 15/04/2026 22:00","0.20",""
"15/04/2026 00:00 - 16/04/2026 00:00","CTA|DE(Amprion)","KW Hamm-Uentrop Block 10","11WD7KWHU1GBL10E","Fossil Gas","11WD7KWHU1GBL10E","15/04/2026 22:00 - 15/04/2026 23:00","0.20",""
"15/04/2026 00:00 - 16/04/2026 00:00","CTA|DE(Amprion)","KW Hamm-Uentrop Block 10","11WD7KWHU1GBL10E","Fossil Gas","11WD7KWHU1GBL10E","15/04/2026 23:00 - 16/04/2026 00:00","0.20",""
"15/04/2026 00:00 - 16/04/2026 00:00","CTA|DE(Amprion)","KW Hamm-Uentrop Block 20","11WD7KWHU1GBL20B","Fossil Gas","11WD7KWHU1GBL20B","15/04/2026 00:00 - 15/04/2026 01:00","449.80",""
"15/04/2026 00:00 - 16/04/2026 00:00","CTA|DE(Amprion)","KW Hamm-Uentrop Block 20","11WD7KWHU1GBL20B","Fossil Gas","11WD7KWHU1GBL20B","15/04/2026 01:00 - 15/04/2026 02:00","449.75",""
"15/04/2026 00:00 - 16/04/2026 00:00","CTA|DE(Amprion)","KW Hamm-Uentrop Block 20","11WD7KWHU1GBL20B","Fossil Gas","11WD7KWHU1GBL20B","15/04/2026 02:00 - 15/04/2026 03:00","449.77",""
"15/04/2026 00:00 - 16/04/2026 00:00","CTA|DE(Amprion)","KW Hamm-Uentrop Block 20","11WD7KWHU1GBL20B","Fossil Gas","11WD7KWHU1GBL20B","15/04/2026 03:00 - 15/04/2026 04:00","449.60",""
"15/04/2026 00:00 - 16/04/2026 00:00","CTA|DE(Amprion)","KW Hamm-Uentrop Block 20","11WD7KWHU1GBL20B","Fossil Gas","11WD7KWHU1GBL20B","15/04/2026 04:00 - 15/04/2026 05:00","448.15",""
"15/04/2026 00:00 - 16/04/2026 00:00","CTA|DE(Amprion)","KW Hamm-Uentrop Block 20","11WD7KWHU1GBL20B","Fossil Gas","11WD7KWHU1GBL20B","15/04/2026 05:00 - 15/04/2026 06:00","449.73",""
"15/04/2026 00:00 - 16/04/2026 00:00","CTA|DE(Amprion)","KW Hamm-Uentrop Block 20","11WD7KWHU1GBL20B","Fossil Gas","11WD7KWHU1GBL20B","15/04/2026 06:00 - 15/04/2026 07:00","449.77",""
"15/04/2026 00:00 - 16/04/2026 00:00","CTA|DE(Amprion)","KW Hamm-Uentrop Block 20","11WD7KWHU1GBL20B","Fossil Gas","11WD7KWHU1GBL20B","15/04/2026 07:00 - 15/04/2026 08:00","449.80",""
"15/04/2026 00:00 - 16/04/2026 00:00","CTA|DE(Amprion)","KW Hamm-Uentrop Block 20","11WD7KWHU1GBL20B","Fossil Gas","11WD7KWHU1GBL20B","15/04/2026 08:00 - 15/04/2026 09:00","449.77",""
"15/04/2026 00:00 - 16/04/2026 00:00","CTA|DE(Amprion)","KW Hamm-Uentrop Block 20","11WD7KWHU1GBL20B","Fossil Gas","11WD7KWHU1GBL20B","15/04/2026 09:00 - 15/04/2026 10:00","395.65",""
"15/04/2026 00:00 - 16/04/2026 00:00","CTA|DE(Amprion)","KW Hamm-Uentrop Block 20","11WD7KWHU1GBL20B","Fossil Gas","11WD7KWHU1GBL20B","15/04/2026 10:00 - 15/04/2026 11:00","0.07",""
"15/04/2026 00:00 - 16/04/2026 00:00","CTA|DE(Amprion)","KW Hamm-Uentrop Block 20","11WD7KWHU1GBL20B","Fossil Gas","11WD7KWHU1GBL20B","15/04/2026 11:00 - 15/04/2026 12:00","0.10",""
"15/04/2026 00:00 - 16/04/2026 00:00","CTA|DE(Amprion)","KW Hamm-Uentrop Block 20","11WD7KWHU1GBL20B","Fossil Gas","11WD7KWHU1GBL20B","15/04/2026 12:00 - 15/04/2026 13:00","0.10",""
"15/04/2026 00:00 - 16/04/2026 00:00","CTA|DE(Amprion)","KW Hamm-Uentrop Block 20","11WD7KWHU1GBL20B","Fossil Gas","11WD7KWHU1GBL20B","15/04/2026 13:00 - 15/04/2026 14:00","0.10",""
"15/04/2026 00:00 - 16/04/2026 00:00","CTA|DE(Amprion)","KW Hamm-Uentrop Block 20","11WD7KWHU1GBL20B","Fossil Gas","11WD7KWHU1GBL20B","15/04/2026 14:00 - 15/04/2026 15:00","0.10",""
"15/04/2026 00:00 - 16/04/2026 00:00","CTA|DE(Amprion)","KW Hamm-Uentrop Block 20","11WD7KWHU1GBL20B","Fossil Gas","11WD7KWHU1GBL20B","15/04/2026 15:00 - 15/04/2026 16:00","0.10",""
"15/04/2026 00:00 - 16/04/2026 00:00","CTA|DE(Amprion)","KW Hamm-Uentrop Block 20","11WD7KWHU1GBL20B","Fossil Gas","11WD7KWHU1GBL20B","15/04/2026 16:00 - 15/04/2026 17:00","0.10",""
"15/04/2026 00:00 - 16/04/2026 00:00","CTA|DE(Amprion)","KW Hamm-Uentrop Block 20","11WD7KWHU1GBL20B","Fossil Gas","11WD7KWHU1GBL20B","15/04/2026 17:00 - 15/04/2026 18:00","116.25",""
"15/04/2026 00:00 - 16/04/2026 00:00","CTA|DE(Amprion)","KW Hamm-Uentrop Block 20","11WD7KWHU1GBL20B","Fossil Gas","11WD7KWHU1GBL20B","15/04/2026 18:00 - 15/04/2026 19:00","422.02",""
"15/04/2026 00:00 - 16/04/2026 00:00","CTA|DE(Amprion)","KW Hamm-Uentrop Block 20","11WD7KWHU1GBL20B","Fossil Gas","11WD7KWHU1GBL20B","15/04/2026 19:00 - 15/04/2026 20:00","425.02",""
"15/04/2026 00:00 - 16/04/2026 00:00","CTA|DE(Amprion)","KW Hamm-Uentrop Block 20","11WD7KWHU1GBL20B","Fossil Gas","11WD7KWHU1GBL20B","15/04/2026 20:00 - 15/04/2026 21:00","430.07",""
"15/04/2026 00:00 - 16/04/2026 00:00","CTA|DE(Amprion)","KW Hamm-Uentrop Block 20","11WD7KWHU1GBL20B","Fossil Gas","11WD7KWHU1GBL20B","15/04/2026 21:00 - 15/04/2026 22:00","432.07",""
"15/04/2026 00:00 - 16/04/2026 00:00","CTA|DE(Amprion)","KW Hamm-Uentrop Block 20","11WD7KWHU1GBL20B","Fossil Gas","11WD7KWHU1GBL20B","15/04/2026 22:00 - 15/04/2026 23:00","435.95",""
"15/04/2026 00:00 - 16/04/2026 00:00","CTA|DE(Amprion)","KW Hamm-Uentrop Block 20","11WD7KWHU1GBL20B","Fossil Gas","11WD7KWHU1GBL20B","15/04/2026 23:00 - 16/04/2026 00:00","437.85",""
"15/04/2026 00:00 - 16/04/2026 00:00","CTA|DE(Amprion)","Knapsack 2","11WD7KWKN-20-EEW","Fossil Gas","11WD7KWKN-20-EEW","15/04/2026 00:00 - 15/04/2026 01:00","0.00",""
"15/04/2026 00:00 - 16/04/2026 00:00","CTA|DE(Amprion)","Knapsack 2","11WD7KWKN-20-EEW","Fossil Gas","11WD7KWKN-20-EEW","15/04/2026 01:00 - 15/04/2026 02:00","0.00",""
"15/04/2026 00:00 - 16/04/2026 00:00","CTA|DE(Amprion)","Knapsack 2","11WD7KWKN-20-EEW","Fossil Gas","11WD7KWKN-20-EEW","15/04/2026 02:00 - 15/04/2026 03:00","0.00",""
"15/04/2026 00:00 - 16/04/2026 00:00","CTA|DE(Amprion)","Knapsack 2","11WD7KWKN-20-EEW","Fossil Gas","11WD7KWKN-20-EEW","15/04/2026 03:00 - 15/04/2026 04:00","0.00",""
"15/04/2026 00:00 - 16/04/2026 00:00","CTA|DE(Amprion)","Knapsack 2","11WD7KWKN-20-EEW","Fossil Gas","11WD7KWKN-20-EEW","15/04/2026 04:00 - 15/04/2026 05:00","0.00",""
"15/04/2026 00:00 - 16/04/2026 00:00","CTA|DE(Amprion)","Knapsack 2","11WD7KWKN-20-EEW","Fossil Gas","11WD7KWKN-20-EEW","15/04/2026 05:00 - 15/04/2026 06:00","0.00",""
"15/04/2026 00:00 - 16/04/2026 00:00","CTA|DE(Amprion)","Knapsack 2","11WD7KWKN-20-EEW","Fossil Gas","11WD7KWKN-20-EEW","15/04/2026 06:00 - 15/04/2026 07:00","0.00",""
"15/04/2026 00:00 - 16/04/2026 00:00","CTA|DE(Amprion)","Knapsack 2","11WD7KWKN-20-EEW","Fossil Gas","11WD7KWKN-20-EEW","15/04/2026 07:00 - 15/04/2026 08:00","0.00",""
"15/04/2026 00:00 - 16/04/2026 00:00","CTA|DE(Amprion)","Knapsack 2","11WD7KWKN-20-EEW","Fossil Gas","11WD7KWKN-20-EEW","15/04/2026 08:00 - 15/04/2026 09:00","0.00",""
"15/04/2026 00:00 - 16/04/2026 00:00","CTA|DE(Amprion)","Knapsack 2","11WD7KWKN-20-EEW","Fossil Gas","11WD7KWKN-20-EEW","15/04/2026 09:00 - 15/04/2026 10:00","0.00",""
"15/04/2026 00:00 - 16/04/2026 00:00","CTA|DE(Amprion)","Knapsack 2","11WD7KWKN-20-EEW","Fossil Gas","11WD7KWKN-20-EEW","15/04/2026 10:00 - 15/04/2026 11:00","0.00",""
"15/04/2026 00:00 - 16/04/2026 00:00","CTA|DE(Amprion)","Knapsack 2","11WD7KWKN-20-EEW","Fossil Gas","11WD7KWKN-20-EEW","15/04/2026 11:00 - 15/04/2026 12:00","0.00",""
"15/04/2026 00:00 - 16/04/2026 00:00","CTA|DE(Amprion)","Knapsack 2","11WD7KWKN-20-EEW","Fossil Gas","11WD7KWKN-20-EEW","15/04/2026 12:00 - 15/04/2026 13:00","0.00",""
"15/04/2026 00:00 - 16/04/2026 00:00","CTA|DE(Amprion)","Knapsack 2","11WD7KWKN-20-EEW","Fossil Gas","11WD7KWKN-20-EEW","15/04/2026 13:00 - 15/04/2026 14:00","0.00",""
"15/04/2026 00:00 - 16/04/2026 00:00","CTA|DE(Amprion)","Knapsack 2","11WD7KWKN-20-EEW","Fossil Gas","11WD7KWKN-20-EEW","15/04/2026 14:00 - 15/04/2026 15:00","0.00",""
"15/04/2026 00:00 - 16/04/2026 00:00","CTA|DE(Amprion)","Knapsack 2","11WD7KWKN-20-EEW","Fossil Gas","11WD7KWKN-20-EEW","15/04/2026 15:00 - 15/04/2026 16:00","0.00",""
"15/04/2026 00:00 - 16/04/2026 00:00","CTA|DE(Amprion)","Knapsack 2","11WD7KWKN-20-EEW","Fossil Gas","11WD7KWKN-20-EEW","15/04/2026 16:00 - 15/04/2026 17:00","0.00",""
"15/04/2026 00:00 - 16/04/2026 00:00","CTA|DE(Amprion)","Knapsack 2","11WD7KWKN-20-EEW","Fossil Gas","11WD7KWKN-20-EEW","15/04/2026 17:00 - 15/04/2026 18:00","0.00",""
"15/04/2026 00:00 - 16/04/2026 00:00","CTA|DE(Amprion)","Knapsack 2","11WD7KWKN-20-EEW","Fossil Gas","11WD7KWKN-20-EEW","15/04/2026 18:00 - 15/04/2026 19:00","0.00",""
"15/04/2026 00:00 - 16/04/2026 00:00","CTA|DE(Amprion)","Knapsack 2","11WD7KWKN-20-EEW","Fossil Gas","11WD7KWKN-20-EEW","15/04/2026 19:00 - 15/04/2026 20:00","0.00",""
"15/04/2026 00:00 - 16/04/2026 00:00","CTA|DE(Amprion)","Knapsack 2","11WD7KWKN-20-EEW","Fossil Gas","11WD7KWKN-20-EEW","15/04/2026 20:00 - 15/04/2026 21:00","0.00",""
"15/04/2026 00:00 - 16/04/2026 00:00","CTA|DE(Amprion)","Knapsack 2","11WD7KWKN-20-EEW","Fossil Gas","11WD7KWKN-20-EEW","15/04/2026 21:00 - 15/04/2026 22:00","0.00",""
"15/04/2026 00:00 - 16/04/2026 00:00","CTA|DE(Amprion)","Knapsack 2","11WD7KWKN-20-EEW","Fossil Gas","11WD7KWKN-20-EEW","15/04/2026 22:00 - 15/04/2026 23:00","0.00",""
"15/04/2026 00:00 - 16/04/2026 00:00","CTA|DE(Amprion)","Knapsack 2","11WD7KWKN-20-EEW","Fossil Gas","11WD7KWKN-20-EEW","15/04/2026 23:00 - 16/04/2026 00:00","0.00",""
"15/04/2026 00:00 - 16/04/2026 00:00","CTA|DE(Amprion)","Knapsack 1","11WD7KWKN-KW-EEN","Fossil Gas","11WD7KWKN-KW-EEN","15/04/2026 00:00 - 15/04/2026 01:00","866.70",""
"15/04/2026 00:00 - 16/04/2026 00:00","CTA|DE(Amprion)","Knapsack 1","11WD7KWKN-KW-EEN","Fossil Gas","11WD7KWKN-KW-EEN","15/04/2026 01:00 - 15/04/2026 02:00","865.30",""
"15/04/2026 00:00 - 16/04/2026 00:00","CTA|DE(Amprion)","Knapsack 1","11WD7KWKN-KW-EEN","Fossil Gas","11WD7KWKN-KW-EEN","15/04/2026 02:00 - 15/04/2026 03:00","863.60",""
"15/04/2026 00:00 - 16/04/2026 00:00","CTA|DE(Amprion)","Knapsack 1","11WD7KWKN-KW-EEN","Fossil Gas","11WD7KWKN-KW-EEN","15/04/2026 03:00 - 15/04/2026 04:00","865.40",""
"15/04/2026 00:00 - 16/04/2026 00:00","CTA|DE(Amprion)","Knapsack 1","11WD7KWKN-KW-EEN","Fossil Gas","11WD7KWKN-KW-EEN","15/04/2026 04:00 - 15/04/2026 05:00","865.20",""
"15/04/2026 00:00 - 16/04/2026 00:00","CTA|DE(Amprion)","Knapsack 1","11WD7KWKN-KW-EEN","Fossil Gas","11WD7KWKN-KW-EEN","15/04/2026 05:00 - 15/04/2026 06:00","864.30",""
"15/04/2026 00:00 - 16/04/2026 00:00","CTA|DE(Amprion)","Knapsack 1","11WD7KWKN-KW-EEN","Fossil Gas","11WD7KWKN-KW-EEN","15/04/2026 06:00 - 15/04/2026 07:00","865.10",""
"15/04/2026 00:00 - 16/04/2026 00:00","CTA|DE(Amprion)","Knapsack 1","11WD7KWKN-KW-EEN","Fossil Gas","11WD7KWKN-KW-EEN","15/04/2026 07:00 - 15/04/2026 08:00","865.30",""
"15/04/2026 00:00 - 16/04/2026 00:00","CTA|DE(Amprion)","Knapsack 1","11WD7KWKN-KW-EEN","Fossil Gas","11WD7KWKN-KW-EEN","15/04/2026 08:00 - 15/04/2026 09:00","866.10",""
"15/04/2026 00:00 - 16/04/2026 00:00","CTA|DE(Amprion)","Knapsack 1","11WD7KWKN-KW-EEN","Fossil Gas","11WD7KWKN-KW-EEN","15/04/2026 09:00 - 15/04/2026 10:00","866.60",""
"15/04/2026 00:00 - 16/04/2026 00:00","CTA|DE(Amprion)","Knapsack 1","11WD7KWKN-KW-EEN","Fossil Gas","11WD7KWKN-KW-EEN","15/04/2026 10:00 - 15/04/2026 11:00","129.90",""
"15/04/2026 00:00 - 16/04/2026 00:00","CTA|DE(Amprion)","Knapsack 1","11WD7KWKN-KW-EEN","Fossil Gas","11WD7KWKN-KW-EEN","15/04/2026 11:00 - 15/04/2026 12:00","0.00",""
"15/04/2026 00:00 - 16/04/2026 00:00","CTA|DE(Amprion)","Knapsack 1","11WD7KWKN-KW-EEN","Fossil Gas","11WD7KWKN-KW-EEN","15/04/2026 12:00 - 15/04/2026 13:00","0.00",""
"15/04/2026 00:00 - 16/04/2026 00:00","CTA|DE(Amprion)","Knapsack 1","11WD7KWKN-KW-EEN","Fossil Gas","11WD7KWKN-KW-EEN","15/04/2026 13:00 - 15/04/2026 14:00","0.00",""
"15/04/2026 00:00 - 16/04/2026 00:00","CTA|DE(Amprion)","Knapsack 1","11WD7KWKN-KW-EEN","Fossil Gas","11WD7KWKN-KW-EEN","15/04/2026 14:00 - 15/04/2026 15:00","0.00",""
"15/04/2026 00:00 - 16/04/2026 00:00","CTA|DE(Amprion)","Knapsack 1","11WD7KWKN-KW-EEN","Fossil Gas","11WD7KWKN-KW-EEN","15/04/2026 15:00 - 15/04/2026 16:00","0.00",""
"15/04/2026 00:00 - 16/04/2026 00:00","CTA|DE(Amprion)","Knapsack 1","11WD7KWKN-KW-EEN","Fossil Gas","11WD7KWKN-KW-EEN","15/04/2026 16:00 - 15/04/2026 17:00","124.80",""
"15/04/2026 00:00 - 16/04/2026 00:00","CTA|DE(Amprion)","Knapsack 1","11WD7KWKN-KW-EEN","Fossil Gas","11WD7KWKN-KW-EEN","15/04/2026 17:00 - 15/04/2026 18:00","676.50",""
"15/04/2026 00:00 - 16/04/2026 00:00","CTA|DE(Amprion)","Knapsack 1","11WD7KWKN-KW-EEN","Fossil Gas","11WD7KWKN-KW-EEN","15/04/2026 18:00 - 15/04/2026 19:00","831.30",""
"15/04/2026 00:00 - 16/04/2026 00:00","CTA|DE(Amprion)","Knapsack 1","11WD7KWKN-KW-EEN","Fossil Gas","11WD7KWKN-KW-EEN","15/04/2026 19:00 - 15/04/2026 20:00","840.60",""
"15/04/2026 00:00 - 16/04/2026 00:00","CTA|DE(Amprion)","Knapsack 1","11WD7KWKN-KW-EEN","Fossil Gas","11WD7KWKN-KW-EEN","15/04/2026 20:00 - 15/04/2026 21:00","849.60",""
"15/04/2026 00:00 - 16/04/2026 00:00","CTA|DE(Amprion)","Knapsack 1","11WD7KWKN-KW-EEN","Fossil Gas","11WD7KWKN-KW-EEN","15/04/2026 21:00 - 15/04/2026 22:00","854.90",""
"15/04/2026 00:00 - 16/04/2026 00:00","CTA|DE(Amprion)","Knapsack 1","11WD7KWKN-KW-EEN","Fossil Gas","11WD7KWKN-KW-EEN","15/04/2026 22:00 - 15/04/2026 23:00","739.70",""
"15/04/2026 00:00 - 16/04/2026 00:00","CTA|DE(Amprion)","Knapsack 1","11WD7KWKN-KW-EEN","Fossil Gas","11WD7KWKN-KW-EEN","15/04/2026 23:00 - 16/04/2026 00:00","522.10",""
"15/04/2026 00:00 - 16/04/2026 00:00","CTA|DE(Amprion)","Block GT 11","11WD7LUDW2GGT11E","Fossil Gas","11WD7LUDW2GGT11E","15/04/2026 00:00 - 15/04/2026 01:00","0.05",""
"15/04/2026 00:00 - 16/04/2026 00:00","CTA|DE(Amprion)","Block GT 11","11WD7LUDW2GGT11E","Fossil Gas","11WD7LUDW2GGT11E","15/04/2026 01:00 - 15/04/2026 02:00","0.03",""
"15/04/2026 00:00 - 16/04/2026 00:00","CTA|DE(Amprion)","Block GT 11","11WD7LUDW2GGT11E","Fossil Gas","11WD7LUDW2GGT11E","15/04/2026 02:00 - 15/04/2026 03:00","0.03",""
"15/04/2026 00:00 - 16/04/2026 00:00","CTA|DE(Amprion)","Block GT 11","11WD7LUDW2GGT11E","Fossil Gas","11WD7LUDW2GGT11E","15/04/2026 03:00 - 15/04/2026 04:00","0.00",""
"15/04/2026 00:00 - 16/04/2026 00:00","CTA|DE(Amprion)","Block GT 11","11WD7LUDW2GGT11E","Fossil Gas","11WD7LUDW2GGT11E","15/04/2026 04:00 - 15/04/2026 05:00","0.00",""
"15/04/2026 00:00 - 16/04/2026 00:00","CTA|DE(Amprion)","Block GT 11","11WD7LUDW2GGT11E","Fossil Gas","11WD7LUDW2GGT11E","15/04/2026 05:00 - 15/04/2026 06:00","0.03",""
"15/04/2026 00:00 - 16/04/2026 00:00","CTA|DE(Amprion)","Block GT 11","11WD7LUDW2GGT11E","Fossil Gas","11WD7LUDW2GGT11E","15/04/2026 06:00 - 15/04/2026 07:00","0.03",""
"15/04/2026 00:00 - 16/04/2026 00:00","CTA|DE(Amprion)","Block GT 11","11WD7LUDW2GGT11E","Fossil Gas","11WD7LUDW2GGT11E","15/04/2026 07:00 - 15/04/2026 08:00","0.05",""
"15/04/2026 00:00 - 16/04/2026 00:00","CTA|DE(Amprion)","Block GT 11","11WD7LUDW2GGT11E","Fossil Gas","11WD7LUDW2GGT11E","15/04/2026 08:00 - 15/04/2026 09:00","0.05",""
"15/04/2026 00:00 - 16/04/2026 00:00","CTA|DE(Amprion)","Block GT 11","11WD7LUDW2GGT11E","Fossil Gas","11WD7LUDW2GGT11E","15/04/2026 09:00 - 15/04/2026 10:00","0.00",""
"15/04/2026 00:00 - 16/04/2026 00:00","CTA|DE(Amprion)","Block GT 11","11WD7LUDW2GGT11E","Fossil Gas","11WD7LUDW2GGT11E","15/04/2026 10:00 - 15/04/2026 11:00","0.13",""
"15/04/2026 00:00 - 16/04/2026 00:00","CTA|DE(Amprion)","Block GT 11","11WD7LUDW2GGT11E","Fossil Gas","11WD7LUDW2GGT11E","15/04/2026 11:00 - 15/04/2026 12:00","0.05",""
"15/04/2026 00:00 - 16/04/2026 00:00","CTA|DE(Amprion)","Block GT 11","11WD7LUDW2GGT11E","Fossil Gas","11WD7LUDW2GGT11E","15/04/2026 12:00 - 15/04/2026 13:00","0.05",""
"15/04/2026 00:00 - 16/04/2026 00:00","CTA|DE(Amprion)","Block GT 11","11WD7LUDW2GGT11E","Fossil Gas","11WD7LUDW2GGT11E","15/04/2026 13:00 - 15/04/2026 14:00","0.00",""
"15/04/2026 00:00 - 16/04/2026 00:00","CTA|DE(Amprion)","Block GT 11","11WD7LUDW2GGT11E","Fossil Gas","11WD7LUDW2GGT11E","15/04/2026 14:00 - 15/04/2026 15:00","0.00",""
"15/04/2026 00:00 - 16/04/2026 00:00","CTA|DE(Amprion)","Block GT 11","11WD7LUDW2GGT11E","Fossil Gas","11WD7LUDW2GGT11E","15/04/2026 15:00 - 15/04/2026 16:00","0.03",""
"15/04/2026 00:00 - 16/04/2026 00:00","CTA|DE(Amprion)","Block GT 11","11WD7LUDW2GGT11E","Fossil Gas","11WD7LUDW2GGT11E","15/04/2026 16:00 - 15/04/2026 17:00","0.03",""
"15/04/2026 00:00 - 16/04/2026 00:00","CTA|DE(Amprion)","Block GT 11","11WD7LUDW2GGT11E","Fossil Gas","11WD7LUDW2GGT11E","15/04/2026 17:00 - 15/04/2026 18:00","0.00",""
"15/04/2026 00:00 - 16/04/2026 00:00","CTA|DE(Amprion)","Block GT 11","11WD7LUDW2GGT11E","Fossil Gas","11WD7LUDW2GGT11E","15/04/2026 18:00 - 15/04/2026 19:00","0.05",""
"15/04/2026 00:00 - 16/04/2026 00:00","CTA|DE(Amprion)","Block GT 11","11WD7LUDW2GGT11E","Fossil Gas","11WD7LUDW2GGT11E","15/04/2026 19:00 - 15/04/2026 20:00","0.05",""
"15/04/2026 00:00 - 16/04/2026 00:00","CTA|DE(Amprion)","Block GT 11","11WD7LUDW2GGT11E","Fossil Gas","11WD7LUDW2GGT11E","15/04/2026 20:00 - 15/04/2026 21:00","0.07",""
"15/04/2026 00:00 - 16/04/2026 00:00","CTA|DE(Amprion)","Block GT 11","11WD7LUDW2GGT11E","Fossil Gas","11WD7LUDW2GGT11E","15/04/2026 21:00 - 15/04/2026 22:00","0.03",""
"15/04/2026 00:00 - 16/04/2026 00:00","CTA|DE(Amprion)","Block GT 11","11WD7LUDW2GGT11E","Fossil Gas","11WD7LUDW2GGT11E","15/04/2026 22:00 - 15/04/2026 23:00","0.00",""
"15/04/2026 00:00 - 16/04/2026 00:00","CTA|DE(Amprion)","Block GT 11","11WD7LUDW2GGT11E","Fossil Gas","11WD7LUDW2GGT11E","15/04/2026 23:00 - 16/04/2026 00:00","0.03",""
"15/04/2026 00:00 - 16/04/2026 00:00","CTA|DE(Amprion)","Block GT 12","11WD7LUDW2GGT12C","Fossil Gas","11WD7LUDW2GGT12C","15/04/2026 00:00 - 15/04/2026 01:00","209.53",""
"15/04/2026 00:00 - 16/04/2026 00:00","CTA|DE(Amprion)","Block GT 12","11WD7LUDW2GGT12C","Fossil Gas","11WD7LUDW2GGT12C","15/04/2026 01:00 - 15/04/2026 02:00","211.82",""
"15/04/2026 00:00 - 16/04/2026 00:00","CTA|DE(Amprion)","Block GT 12","11WD7LUDW2GGT12C","Fossil Gas","11WD7LUDW2GGT12C","15/04/2026 02:00 - 15/04/2026 03:00","215.00",""
"15/04/2026 00:00 - 16/04/2026 00:00","CTA|DE(Amprion)","Block GT 12","11WD7LUDW2GGT12C","Fossil Gas","11WD7LUDW2GGT12C","15/04/2026 03:00 - 15/04/2026 04:00","215.38",""
"15/04/2026 00:00 - 16/04/2026 00:00","CTA|DE(Amprion)","Block GT 12","11WD7LUDW2GGT12C","Fossil Gas","11WD7LUDW2GGT12C","15/04/2026 04:00 - 15/04/2026 05:00","216.45",""
"15/04/2026 00:00 - 16/04/2026 00:00","CTA|DE(Amprion)","Block GT 12","11WD7LUDW2GGT12C","Fossil Gas","11WD7LUDW2GGT12C","15/04/2026 05:00 - 15/04/2026 06:00","216.82",""
"15/04/2026 00:00 - 16/04/2026 00:00","CTA|DE(Amprion)","Block GT 12","11WD7LUDW2GGT12C","Fossil Gas","11WD7LUDW2GGT12C","15/04/2026 06:00 - 15/04/2026 07:00","218.22",""
"15/04/2026 00:00 - 16/04/2026 00:00","CTA|DE(Amprion)","Block GT 12","11WD7LUDW2GGT12C","Fossil Gas","11WD7LUDW2GGT12C","15/04/2026 07:00 - 15/04/2026 08:00","217.57",""
"15/04/2026 00:00 - 16/04/2026 00:00","CTA|DE(Amprion)","Block GT 12","11WD7LUDW2GGT12C","Fossil Gas","11WD7LUDW2GGT12C","15/04/2026 08:00 - 15/04/2026 09:00","216.88",""
"15/04/2026 00:00 - 16/04/2026 00:00","CTA|DE(Amprion)","Block GT 12","11WD7LUDW2GGT12C","Fossil Gas","11WD7LUDW2GGT12C","15/04/2026 09:00 - 15/04/2026 10:00","213.68",""
"15/04/2026 00:00 - 16/04/2026 00:00","CTA|DE(Amprion)","Block GT 12","11WD7LUDW2GGT12C","Fossil Gas","11WD7LUDW2GGT12C","15/04/2026 10:00 - 15/04/2026 11:00","188.38",""
"15/04/2026 00:00 - 16/04/2026 00:00","CTA|DE(Amprion)","Block GT 12","11WD7LUDW2GGT12C","Fossil Gas","11WD7LUDW2GGT12C","15/04/2026 11:00 - 15/04/2026 12:00","95.63",""
"15/04/2026 00:00 - 16/04/2026 00:00","CTA|DE(Amprion)","Block GT 12","11WD7LUDW2GGT12C","Fossil Gas","11WD7LUDW2GGT12C","15/04/2026 12:00 - 15/04/2026 13:00","72.47",""
"15/04/2026 00:00 - 16/04/2026 00:00","CTA|DE(Amprion)","Block GT 12","11WD7LUDW2GGT12C","Fossil Gas","11WD7LUDW2GGT12C","15/04/2026 13:00 - 15/04/2026 14:00","70.05",""
"15/04/2026 00:00 - 16/04/2026 00:00","CTA|DE(Amprion)","Block GT 12","11WD7LUDW2GGT12C","Fossil Gas","11WD7LUDW2GGT12C","15/04/2026 14:00 - 15/04/2026 15:00","70.03",""
"15/04/2026 00:00 - 16/04/2026 00:00","CTA|DE(Amprion)","Block GT 12","11WD7LUDW2GGT12C","Fossil Gas","11WD7LUDW2GGT12C","15/04/2026 15:00 - 15/04/2026 16:00","94.08",""
"15/04/2026 00:00 - 16/04/2026 00:00","CTA|DE(Amprion)","Block GT 12","11WD7LUDW2GGT12C","Fossil Gas","11WD7LUDW2GGT12C","15/04/2026 16:00 - 15/04/2026 17:00","201.15",""
"15/04/2026 00:00 - 16/04/2026 00:00","CTA|DE(Amprion)","Block GT 12","11WD7LUDW2GGT12C","Fossil Gas","11WD7LUDW2GGT12C","15/04/2026 17:00 - 15/04/2026 18:00","204.90",""
"15/04/2026 00:00 - 16/04/2026 00:00","CTA|DE(Amprion)","Block GT 12","11WD7LUDW2GGT12C","Fossil Gas","11WD7LUDW2GGT12C","15/04/2026 18:00 - 15/04/2026 19:00","205.40",""
"15/04/2026 00:00 - 16/04/2026 00:00","CTA|DE(Amprion)","Block GT 12","11WD7LUDW2GGT12C","Fossil Gas","11WD7LUDW2GGT12C","15/04/2026 19:00 - 15/04/2026 20:00","204.85",""
"15/04/2026 00:00 - 16/04/2026 00:00","CTA|DE(Amprion)","Block GT 12","11WD7LUDW2GGT12C","Fossil Gas","11WD7LUDW2GGT12C","15/04/2026 20:00 - 15/04/2026 21:00","205.60",""
"15/04/2026 00:00 - 16/04/2026 00:00","CTA|DE(Amprion)","Block GT 12","11WD7LUDW2GGT12C","Fossil Gas","11WD7LUDW2GGT12C","15/04/2026 21:00 - 15/04/2026 22:00","206.75",""
"15/04/2026 00:00 - 16/04/2026 00:00","CTA|DE(Amprion)","Block GT 12","11WD7LUDW2GGT12C","Fossil Gas","11WD7LUDW2GGT12C","15/04/2026 22:00 - 15/04/2026 23:00","197.40",""
"15/04/2026 00:00 - 16/04/2026 00:00","CTA|DE(Amprion)","Block GT 12","11WD7LUDW2GGT12C","Fossil Gas","11WD7LUDW2GGT12C","15/04/2026 23:00 - 16/04/2026 00:00","198.40",""
"15/04/2026 00:00 - 16/04/2026 00:00","CTA|DE(Amprion)","Block GT1","11WD7LUDW5GSDG1Q","Fossil Gas","11WD7LUDW5GSDG1Q","15/04/2026 00:00 - 15/04/2026 01:00","118.70",""
"15/04/2026 00:00 - 16/04/2026 00:00","CTA|DE(Amprion)","Block GT1","11WD7LUDW5GSDG1Q","Fossil Gas","11WD7LUDW5GSDG1Q","15/04/2026 01:00 - 15/04/2026 02:00","118.42",""
"15/04/2026 00:00 - 16/04/2026 00:00","CTA|DE(Amprion)","Block GT1","11WD7LUDW5GSDG1Q","Fossil Gas","11WD7LUDW5GSDG1Q","15/04/2026 02:00 - 15/04/2026 03:00","118.10",""
"15/04/2026 00:00 - 16/04/2026 00:00","CTA|DE(Amprion)","Block GT1","11WD7LUDW5GSDG1Q","Fossil Gas","11WD7LUDW5GSDG1Q","15/04/2026 03:00 - 15/04/2026 04:00","116.95",""
"15/04/2026 00:00 - 16/04/2026 00:00","CTA|DE(Amprion)","Block GT1","11WD7LUDW5GSDG1Q","Fossil Gas","11WD7LUDW5GSDG1Q","15/04/2026 04:00 - 15/04/2026 05:00","117.97",""
"15/04/2026 00:00 - 16/04/2026 00:00","CTA|DE(Amprion)","Block GT1","11WD7LUDW5GSDG1Q","Fossil Gas","11WD7LUDW5GSDG1Q","15/04/2026 05:00 - 15/04/2026 06:00","128.45",""
"15/04/2026 00:00 - 16/04/2026 00:00","CTA|DE(Amprion)","Block GT1","11WD7LUDW5GSDG1Q","Fossil Gas","11WD7LUDW5GSDG1Q","15/04/2026 06:00 - 15/04/2026 07:00","165.47",""
"15/04/2026 00:00 - 16/04/2026 00:00","CTA|DE(Amprion)","Block GT1","11WD7LUDW5GSDG1Q","Fossil Gas","11WD7LUDW5GSDG1Q","15/04/2026 07:00 - 15/04/2026 08:00","161.47",""
"15/04/2026 00:00 - 16/04/2026 00:00","CTA|DE(Amprion)","Block GT1","11WD7LUDW5GSDG1Q","Fossil Gas","11WD7LUDW5GSDG1Q","15/04/2026 08:00 - 15/04/2026 09:00","161.97",""
"15/04/2026 00:00 - 16/04/2026 00:00","CTA|DE(Amprion)","Block GT1","11WD7LUDW5GSDG1Q","Fossil Gas","11WD7LUDW5GSDG1Q","15/04/2026 09:00 - 15/04/2026 10:00","146.55",""
"15/04/2026 00:00 - 16/04/2026 00:00","CTA|DE(Amprion)","Block GT1","11WD7LUDW5GSDG1Q","Fossil Gas","11WD7LUDW5GSDG1Q","15/04/2026 10:00 - 15/04/2026 11:00","110.95",""
"15/04/2026 00:00 - 16/04/2026 00:00","CTA|DE(Amprion)","Block GT1","11WD7LUDW5GSDG1Q","Fossil Gas","11WD7LUDW5GSDG1Q","15/04/2026 11:00 - 15/04/2026 12:00","110.15",""
"15/04/2026 00:00 - 16/04/2026 00:00","CTA|DE(Amprion)","Block GT1","11WD7LUDW5GSDG1Q","Fossil Gas","11WD7LUDW5GSDG1Q","15/04/2026 12:00 - 15/04/2026 13:00","110.13",""
"15/04/2026 00:00 - 16/04/2026 00:00","CTA|DE(Amprion)","Block GT1","11WD7LUDW5GSDG1Q","Fossil Gas","11WD7LUDW5GSDG1Q","15/04/2026 13:00 - 15/04/2026 14:00","110.13",""
"15/04/2026 00:00 - 16/04/2026 00:00","CTA|DE(Amprion)","Block GT1","11WD7LUDW5GSDG1Q","Fossil Gas","11WD7LUDW5GSDG1Q","15/04/2026 14:00 - 15/04/2026 15:00","110.17",""
"15/04/2026 00:00 - 16/04/2026 00:00","CTA|DE(Amprion)","Block GT1","11WD7LUDW5GSDG1Q","Fossil Gas","11WD7LUDW5GSDG1Q","15/04/2026 15:00 - 15/04/2026 16:00","110.38",""
"15/04/2026 00:00 - 16/04/2026 00:00","CTA|DE(Amprion)","Block GT1","11WD7LUDW5GSDG1Q","Fossil Gas","11WD7LUDW5GSDG1Q","15/04/2026 16:00 - 15/04/2026 17:00","112.95",""
"15/04/2026 00:00 - 16/04/2026 00:00","CTA|DE(Amprion)","Block GT1","11WD7LUDW5GSDG1Q","Fossil Gas","11WD7LUDW5GSDG1Q","15/04/2026 17:00 - 15/04/2026 18:00","130.57",""
"15/04/2026 00:00 - 16/04/2026 00:00","CTA|DE(Amprion)","Block GT1","11WD7LUDW5GSDG1Q","Fossil Gas","11WD7LUDW5GSDG1Q","15/04/2026 18:00 - 15/04/2026 19:00","152.15",""
"15/04/2026 00:00 - 16/04/2026 00:00","CTA|DE(Amprion)","Block GT1","11WD7LUDW5GSDG1Q","Fossil Gas","11WD7LUDW5GSDG1Q","15/04/2026 19:00 - 15/04/2026 20:00","153.32",""
"15/04/2026 00:00 - 16/04/2026 00:00","CTA|DE(Amprion)","Block GT1","11WD7LUDW5GSDG1Q","Fossil Gas","11WD7LUDW5GSDG1Q","15/04/2026 20:00 - 15/04/2026 21:00","154.35",""
"15/04/2026 00:00 - 16/04/2026 00:00","CTA|DE(Amprion)","Block GT1","11WD7LUDW5GSDG1Q","Fossil Gas","11WD7LUDW5GSDG1Q","15/04/2026 21:00 - 15/04/2026 22:00","154.13",""
"15/04/2026 00:00 - 16/04/2026 00:00","CTA|DE(Amprion)","Block GT1","11WD7LUDW5GSDG1Q","Fossil Gas","11WD7LUDW5GSDG1Q","15/04/2026 22:00 - 15/04/2026 23:00","135.57",""
"15/04/2026 00:00 - 16/04/2026 00:00","CTA|DE(Amprion)","Block GT1","11WD7LUDW5GSDG1Q","Fossil Gas","11WD7LUDW5GSDG1Q","15/04/2026 23:00 - 16/04/2026 00:00","140.15",""
"15/04/2026 00:00 - 16/04/2026 00:00","CTA|DE(Amprion)","Block GT2","11WD7LUDW5GSDG2O","Fossil Gas","11WD7LUDW5GSDG2O","15/04/2026 00:00 - 15/04/2026 01:00","118.53",""
"15/04/2026 00:00 - 16/04/2026 00:00","CTA|DE(Amprion)","Block GT2","11WD7LUDW5GSDG2O","Fossil Gas","11WD7LUDW5GSDG2O","15/04/2026 01:00 - 15/04/2026 02:00","118.30",""
"15/04/2026 00:00 - 16/04/2026 00:00","CTA|DE(Amprion)","Block GT2","11WD7LUDW5GSDG2O","Fossil Gas","11WD7LUDW5GSDG2O","15/04/2026 02:00 - 15/04/2026 03:00","117.97",""
"15/04/2026 00:00 - 16/04/2026 00:00","CTA|DE(Amprion)","Block GT2","11WD7LUDW5GSDG2O","Fossil Gas","11WD7LUDW5GSDG2O","15/04/2026 03:00 - 15/04/2026 04:00","116.80",""
"15/04/2026 00:00 - 16/04/2026 00:00","CTA|DE(Amprion)","Block GT2","11WD7LUDW5GSDG2O","Fossil Gas","11WD7LUDW5GSDG2O","15/04/2026 04:00 - 15/04/2026 05:00","117.85",""
"15/04/2026 00:00 - 16/04/2026 00:00","CTA|DE(Amprion)","Block GT2","11WD7LUDW5GSDG2O","Fossil Gas","11WD7LUDW5GSDG2O","15/04/2026 05:00 - 15/04/2026 06:00","128.30",""
"15/04/2026 00:00 - 16/04/2026 00:00","CTA|DE(Amprion)","Block GT2","11WD7LUDW5GSDG2O","Fossil Gas","11WD7LUDW5GSDG2O","15/04/2026 06:00 - 15/04/2026 07:00","165.40",""
"15/04/2026 00:00 - 16/04/2026 00:00","CTA|DE(Amprion)","Block GT2","11WD7LUDW5GSDG2O","Fossil Gas","11WD7LUDW5GSDG2O","15/04/2026 07:00 - 15/04/2026 08:00","161.90",""
"15/04/2026 00:00 - 16/04/2026 00:00","CTA|DE(Amprion)","Block GT2","11WD7LUDW5GSDG2O","Fossil Gas","11WD7LUDW5GSDG2O","15/04/2026 08:00 - 15/04/2026 09:00","162.63",""
"15/04/2026 00:00 - 16/04/2026 00:00","CTA|DE(Amprion)","Block GT2","11WD7LUDW5GSDG2O","Fossil Gas","11WD7LUDW5GSDG2O","15/04/2026 09:00 - 15/04/2026 10:00","146.40",""
"15/04/2026 00:00 - 16/04/2026 00:00","CTA|DE(Amprion)","Block GT2","11WD7LUDW5GSDG2O","Fossil Gas","11WD7LUDW5GSDG2O","15/04/2026 10:00 - 15/04/2026 11:00","94.08",""
"15/04/2026 00:00 - 16/04/2026 00:00","CTA|DE(Amprion)","Block GT2","11WD7LUDW5GSDG2O","Fossil Gas","11WD7LUDW5GSDG2O","15/04/2026 11:00 - 15/04/2026 12:00","93.65",""
"15/04/2026 00:00 - 16/04/2026 00:00","CTA|DE(Amprion)","Block GT2","11WD7LUDW5GSDG2O","Fossil Gas","11WD7LUDW5GSDG2O","15/04/2026 12:00 - 15/04/2026 13:00","95.85",""
"15/04/2026 00:00 - 16/04/2026 00:00","CTA|DE(Amprion)","Block GT2","11WD7LUDW5GSDG2O","Fossil Gas","11WD7LUDW5GSDG2O","15/04/2026 13:00 - 15/04/2026 14:00","99.08",""
"15/04/2026 00:00 - 16/04/2026 00:00","CTA|DE(Amprion)","Block GT2","11WD7LUDW5GSDG2O","Fossil Gas","11WD7LUDW5GSDG2O","15/04/2026 14:00 - 15/04/2026 15:00","94.58",""
"15/04/2026 00:00 - 16/04/2026 00:00","CTA|DE(Amprion)","Block GT2","11WD7LUDW5GSDG2O","Fossil Gas","11WD7LUDW5GSDG2O","15/04/2026 15:00 - 15/04/2026 16:00","97.78",""
"15/04/2026 00:00 - 16/04/2026 00:00","CTA|DE(Amprion)","Block GT2","11WD7LUDW5GSDG2O","Fossil Gas","11WD7LUDW5GSDG2O","15/04/2026 16:00 - 15/04/2026 17:00","111.33",""
"15/04/2026 00:00 - 16/04/2026 00:00","CTA|DE(Amprion)","Block GT2","11WD7LUDW5GSDG2O","Fossil Gas","11WD7LUDW5GSDG2O","15/04/2026 17:00 - 15/04/2026 18:00","130.43",""
"15/04/2026 00:00 - 16/04/2026 00:00","CTA|DE(Amprion)","Block GT2","11WD7LUDW5GSDG2O","Fossil Gas","11WD7LUDW5GSDG2O","15/04/2026 18:00 - 15/04/2026 19:00","152.88",""
"15/04/2026 00:00 - 16/04/2026 00:00","CTA|DE(Amprion)","Block GT2","11WD7LUDW5GSDG2O","Fossil Gas","11WD7LUDW5GSDG2O","15/04/2026 19:00 - 15/04/2026 20:00","153.72",""
"15/04/2026 00:00 - 16/04/2026 00:00","CTA|DE(Amprion)","Block GT2","11WD7LUDW5GSDG2O","Fossil Gas","11WD7LUDW5GSDG2O","15/04/2026 20:00 - 15/04/2026 21:00","154.50",""
"15/04/2026 00:00 - 16/04/2026 00:00","CTA|DE(Amprion)","Block GT2","11WD7LUDW5GSDG2O","Fossil Gas","11WD7LUDW5GSDG2O","15/04/2026 21:00 - 15/04/2026 22:00","154.07",""
"15/04/2026 00:00 - 16/04/2026 00:00","CTA|DE(Amprion)","Block GT2","11WD7LUDW5GSDG2O","Fossil Gas","11WD7LUDW5GSDG2O","15/04/2026 22:00 - 15/04/2026 23:00","135.68",""
"15/04/2026 00:00 - 16/04/2026 00:00","CTA|DE(Amprion)","Block GT2","11WD7LUDW5GSDG2O","Fossil Gas","11WD7LUDW5GSDG2O","15/04/2026 23:00 - 16/04/2026 00:00","19.35",""
"15/04/2026 00:00 - 16/04/2026 00:00","CTA|DE(Amprion)","BEXBACH_A_GESAMT","11WD7MITB1C---A1","Fossil Hard coal","11WD7MITB1C---A1","15/04/2026 00:00 - 15/04/2026 01:00","0.00",""
"15/04/2026 00:00 - 16/04/2026 00:00","CTA|DE(Amprion)","BEXBACH_A_GESAMT","11WD7MITB1C---A1","Fossil Hard coal","11WD7MITB1C---A1","15/04/2026 01:00 - 15/04/2026 02:00","0.00",""
"15/04/2026 00:00 - 16/04/2026 00:00","CTA|DE(Amprion)","BEXBACH_A_GESAMT","11WD7MITB1C---A1","Fossil Hard coal","11WD7MITB1C---A1","15/04/2026 02:00 - 15/04/2026 03:00","0.00",""
"15/04/2026 00:00 - 16/04/2026 00:00","CTA|DE(Amprion)","BEXBACH_A_GESAMT","11WD7MITB1C---A1","Fossil Hard coal","11WD7MITB1C---A1","15/04/2026 03:00 - 15/04/2026 04:00","0.00",""
"15/04/2026 00:00 - 16/04/2026 00:00","CTA|DE(Amprion)","BEXBACH_A_GESAMT","11WD7MITB1C---A1","Fossil Hard coal","11WD7MITB1C---A1","15/04/2026 04:00 - 15/04/2026 05:00","0.00",""
"15/04/2026 00:00 - 16/04/2026 00:00","CTA|DE(Amprion)","BEXBACH_A_GESAMT","11WD7MITB1C---A1","Fossil Hard coal","11WD7MITB1C---A1","15/04/2026 05:00 - 15/04/2026 06:00","0.00",""
"15/04/2026 00:00 - 16/04/2026 00:00","CTA|DE(Amprion)","BEXBACH_A_GESAMT","11WD7MITB1C---A1","Fossil Hard coal","11WD7MITB1C---A1","15/04/2026 06:00 - 15/04/2026 07:00","0.00",""
"15/04/2026 00:00 - 16/04/2026 00:00","CTA|DE(Amprion)","BEXBACH_A_GESAMT","11WD7MITB1C---A1","Fossil Hard coal","11WD7MITB1C---A1","15/04/2026 07:00 - 15/04/2026 08:00","0.00",""
"15/04/2026 00:00 - 16/04/2026 00:00","CTA|DE(Amprion)","BEXBACH_A_GESAMT","11WD7MITB1C---A1","Fossil Hard coal","11WD7MITB1C---A1","15/04/2026 08:00 - 15/04/2026 09:00","0.00",""
"15/04/2026 00:00 - 16/04/2026 00:00","CTA|DE(Amprion)","BEXBACH_A_GESAMT","11WD7MITB1C---A1","Fossil Hard coal","11WD7MITB1C---A1","15/04/2026 09:00 - 15/04/2026 10:00","0.00",""
"15/04/2026 00:00 - 16/04/2026 00:00","CTA|DE(Amprion)","BEXBACH_A_GESAMT","11WD7MITB1C---A1","Fossil Hard coal","11WD7MITB1C---A1","15/04/2026 10:00 - 15/04/2026 11:00","0.00",""
"15/04/2026 00:00 - 16/04/2026 00:00","CTA|DE(Amprion)","BEXBACH_A_GESAMT","11WD7MITB1C---A1","Fossil Hard coal","11WD7MITB1C---A1","15/04/2026 11:00 - 15/04/2026 12:00","0.00",""
"15/04/2026 00:00 - 16/04/2026 00:00","CTA|DE(Amprion)","BEXBACH_A_GESAMT","11WD7MITB1C---A1","Fossil Hard coal","11WD7MITB1C---A1","15/04/2026 12:00 - 15/04/2026 13:00","0.00",""
"15/04/2026 00:00 - 16/04/2026 00:00","CTA|DE(Amprion)","BEXBACH_A_GESAMT","11WD7MITB1C---A1","Fossil Hard coal","11WD7MITB1C---A1","15/04/2026 13:00 - 15/04/2026 14:00","0.00",""
"15/04/2026 00:00 - 16/04/2026 00:00","CTA|DE(Amprion)","BEXBACH_A_GESAMT","11WD7MITB1C---A1","Fossil Hard coal","11WD7MITB1C---A1","15/04/2026 14:00 - 15/04/2026 15:00","0.00",""
"15/04/2026 00:00 - 16/04/2026 00:00","CTA|DE(Amprion)","BEXBACH_A_GESAMT","11WD7MITB1C---A1","Fossil Hard coal","11WD7MITB1C---A1","15/04/2026 15:00 - 15/04/2026 16:00","0.00",""
"15/04/2026 00:00 - 16/04/2026 00:00","CTA|DE(Amprion)","BEXBACH_A_GESAMT","11WD7MITB1C---A1","Fossil Hard coal","11WD7MITB1C---A1","15/04/2026 16:00 - 15/04/2026 17:00","0.00",""
"15/04/2026 00:00 - 16/04/2026 00:00","CTA|DE(Amprion)","BEXBACH_A_GESAMT","11WD7MITB1C---A1","Fossil Hard coal","11WD7MITB1C---A1","15/04/2026 17:00 - 15/04/2026 18:00","0.00",""
"15/04/2026 00:00 - 16/04/2026 00:00","CTA|DE(Amprion)","BEXBACH_A_GESAMT","11WD7MITB1C---A1","Fossil Hard coal","11WD7MITB1C---A1","15/04/2026 18:00 - 15/04/2026 19:00","0.00",""
"15/04/2026 00:00 - 16/04/2026 00:00","CTA|DE(Amprion)","BEXBACH_A_GESAMT","11WD7MITB1C---A1","Fossil Hard coal","11WD7MITB1C---A1","15/04/2026 19:00 - 15/04/2026 20:00","0.00",""
"15/04/2026 00:00 - 16/04/2026 00:00","CTA|DE(Amprion)","BEXBACH_A_GESAMT","11WD7MITB1C---A1","Fossil Hard coal","11WD7MITB1C---A1","15/04/2026 20:00 - 15/04/2026 21:00","0.00",""
"15/04/2026 00:00 - 16/04/2026 00:00","CTA|DE(Amprion)","BEXBACH_A_GESAMT","11WD7MITB1C---A1","Fossil Hard coal","11WD7MITB1C---A1","15/04/2026 21:00 - 15/04/2026 22:00","0.00",""
"15/04/2026 00:00 - 16/04/2026 00:00","CTA|DE(Amprion)","BEXBACH_A_GESAMT","11WD7MITB1C---A1","Fossil Hard coal","11WD7MITB1C---A1","15/04/2026 22:00 - 15/04/2026 23:00","0.00",""
"15/04/2026 00:00 - 16/04/2026 00:00","CTA|DE(Amprion)","BEXBACH_A_GESAMT","11WD7MITB1C---A1","Fossil Hard coal","11WD7MITB1C---A1","15/04/2026 23:00 - 16/04/2026 00:00","0.00",""
"15/04/2026 00:00 - 16/04/2026 00:00","CTA|DE(Amprion)","Neurath F","11WD7NEUR1B--F-L","Fossil Brown coal/Lignite","11WD7NEUR1B--F-L","15/04/2026 00:00 - 15/04/2026 01:00","1012.52",""
"15/04/2026 00:00 - 16/04/2026 00:00","CTA|DE(Amprion)","Neurath F","11WD7NEUR1B--F-L","Fossil Brown coal/Lignite","11WD7NEUR1B--F-L","15/04/2026 01:00 - 15/04/2026 02:00","1020.55",""
"15/04/2026 00:00 - 16/04/2026 00:00","CTA|DE(Amprion)","Neurath F","11WD7NEUR1B--F-L","Fossil Brown coal/Lignite","11WD7NEUR1B--F-L","15/04/2026 02:00 - 15/04/2026 03:00","1016.90",""
"15/04/2026 00:00 - 16/04/2026 00:00","CTA|DE(Amprion)","Neurath F","11WD7NEUR1B--F-L","Fossil Brown coal/Lignite","11WD7NEUR1B--F-L","15/04/2026 03:00 - 15/04/2026 04:00","1018.38",""
"15/04/2026 00:00 - 16/04/2026 00:00","CTA|DE(Amprion)","Neurath F","11WD7NEUR1B--F-L","Fossil Brown coal/Lignite","11WD7NEUR1B--F-L","15/04/2026 04:00 - 15/04/2026 05:00","1019.13",""
"15/04/2026 00:00 - 16/04/2026 00:00","CTA|DE(Amprion)","Neurath F","11WD7NEUR1B--F-L","Fossil Brown coal/Lignite","11WD7NEUR1B--F-L","15/04/2026 05:00 - 15/04/2026 06:00","1018.85",""
"15/04/2026 00:00 - 16/04/2026 00:00","CTA|DE(Amprion)","Neurath F","11WD7NEUR1B--F-L","Fossil Brown coal/Lignite","11WD7NEUR1B--F-L","15/04/2026 06:00 - 15/04/2026 07:00","1020.45",""
"15/04/2026 00:00 - 16/04/2026 00:00","CTA|DE(Amprion)","Neurath F","11WD7NEUR1B--F-L","Fossil Brown coal/Lignite","11WD7NEUR1B--F-L","15/04/2026 07:00 - 15/04/2026 08:00","1014.15",""
"15/04/2026 00:00 - 16/04/2026 00:00","CTA|DE(Amprion)","Neurath F","11WD7NEUR1B--F-L","Fossil Brown coal/Lignite","11WD7NEUR1B--F-L","15/04/2026 08:00 - 15/04/2026 09:00","1012.05",""
"15/04/2026 00:00 - 16/04/2026 00:00","CTA|DE(Amprion)","Neurath F","11WD7NEUR1B--F-L","Fossil Brown coal/Lignite","11WD7NEUR1B--F-L","15/04/2026 09:00 - 15/04/2026 10:00","1020.05",""
"15/04/2026 00:00 - 16/04/2026 00:00","CTA|DE(Amprion)","Neurath F","11WD7NEUR1B--F-L","Fossil Brown coal/Lignite","11WD7NEUR1B--F-L","15/04/2026 10:00 - 15/04/2026 11:00","1015.95",""
"15/04/2026 00:00 - 16/04/2026 00:00","CTA|DE(Amprion)","Neurath F","11WD7NEUR1B--F-L","Fossil Brown coal/Lignite","11WD7NEUR1B--F-L","15/04/2026 11:00 - 15/04/2026 12:00","1016.60",""
"15/04/2026 00:00 - 16/04/2026 00:00","CTA|DE(Amprion)","Neurath F","11WD7NEUR1B--F-L","Fossil Brown coal/Lignite","11WD7NEUR1B--F-L","15/04/2026 12:00 - 15/04/2026 13:00","997.75",""
"15/04/2026 00:00 - 16/04/2026 00:00","CTA|DE(Amprion)","Neurath F","11WD7NEUR1B--F-L","Fossil Brown coal/Lignite","11WD7NEUR1B--F-L","15/04/2026 13:00 - 15/04/2026 14:00","908.65",""
"15/04/2026 00:00 - 16/04/2026 00:00","CTA|DE(Amprion)","Neurath F","11WD7NEUR1B--F-L","Fossil Brown coal/Lignite","11WD7NEUR1B--F-L","15/04/2026 14:00 - 15/04/2026 15:00","856.80",""
"15/04/2026 00:00 - 16/04/2026 00:00","CTA|DE(Amprion)","Neurath F","11WD7NEUR1B--F-L","Fossil Brown coal/Lignite","11WD7NEUR1B--F-L","15/04/2026 15:00 - 15/04/2026 16:00","814.83",""
"15/04/2026 00:00 - 16/04/2026 00:00","CTA|DE(Amprion)","Neurath F","11WD7NEUR1B--F-L","Fossil Brown coal/Lignite","11WD7NEUR1B--F-L","15/04/2026 16:00 - 15/04/2026 17:00","1006.40",""
"15/04/2026 00:00 - 16/04/2026 00:00","CTA|DE(Amprion)","Neurath F","11WD7NEUR1B--F-L","Fossil Brown coal/Lignite","11WD7NEUR1B--F-L","15/04/2026 17:00 - 15/04/2026 18:00","1011.25",""
"15/04/2026 00:00 - 16/04/2026 00:00","CTA|DE(Amprion)","Neurath F","11WD7NEUR1B--F-L","Fossil Brown coal/Lignite","11WD7NEUR1B--F-L","15/04/2026 18:00 - 15/04/2026 19:00","1018.45",""
"15/04/2026 00:00 - 16/04/2026 00:00","CTA|DE(Amprion)","Neurath F","11WD7NEUR1B--F-L","Fossil Brown coal/Lignite","11WD7NEUR1B--F-L","15/04/2026 19:00 - 15/04/2026 20:00","1018.35",""
"15/04/2026 00:00 - 16/04/2026 00:00","CTA|DE(Amprion)","Neurath F","11WD7NEUR1B--F-L","Fossil Brown coal/Lignite","11WD7NEUR1B--F-L","15/04/2026 20:00 - 15/04/2026 21:00","1019.77",""
"15/04/2026 00:00 - 16/04/2026 00:00","CTA|DE(Amprion)","Neurath F","11WD7NEUR1B--F-L","Fossil Brown coal/Lignite","11WD7NEUR1B--F-L","15/04/2026 21:00 - 15/04/2026 22:00","1018.75",""
"15/04/2026 00:00 - 16/04/2026 00:00","CTA|DE(Amprion)","Neurath F","11WD7NEUR1B--F-L","Fossil Brown coal/Lignite","11WD7NEUR1B--F-L","15/04/2026 22:00 - 15/04/2026 23:00","1016.63",""
"15/04/2026 00:00 - 16/04/2026 00:00","CTA|DE(Amprion)","Neurath F","11WD7NEUR1B--F-L","Fossil Brown coal/Lignite","11WD7NEUR1B--F-L","15/04/2026 23:00 - 16/04/2026 00:00","1015.85",""
"15/04/2026 00:00 - 16/04/2026 00:00","CTA|DE(Amprion)","Neurath G","11WD7NEUR1B--G-I","Fossil Brown coal/Lignite","11WD7NEUR1B--G-I","15/04/2026 00:00 - 15/04/2026 01:00","0.00",""
"15/04/2026 00:00 - 16/04/2026 00:00","CTA|DE(Amprion)","Neurath G","11WD7NEUR1B--G-I","Fossil Brown coal/Lignite","11WD7NEUR1B--G-I","15/04/2026 01:00 - 15/04/2026 02:00","0.00",""
"15/04/2026 00:00 - 16/04/2026 00:00","CTA|DE(Amprion)","Neurath G","11WD7NEUR1B--G-I","Fossil Brown coal/Lignite","11WD7NEUR1B--G-I","15/04/2026 02:00 - 15/04/2026 03:00","0.00",""
"15/04/2026 00:00 - 16/04/2026 00:00","CTA|DE(Amprion)","Neurath G","11WD7NEUR1B--G-I","Fossil Brown coal/Lignite","11WD7NEUR1B--G-I","15/04/2026 03:00 - 15/04/2026 04:00","0.00",""
"15/04/2026 00:00 - 16/04/2026 00:00","CTA|DE(Amprion)","Neurath G","11WD7NEUR1B--G-I","Fossil Brown coal/Lignite","11WD7NEUR1B--G-I","15/04/2026 04:00 - 15/04/2026 05:00","0.00",""
"15/04/2026 00:00 - 16/04/2026 00:00","CTA|DE(Amprion)","Neurath G","11WD7NEUR1B--G-I","Fossil Brown coal/Lignite","11WD7NEUR1B--G-I","15/04/2026 05:00 - 15/04/2026 06:00","0.00",""
"15/04/2026 00:00 - 16/04/2026 00:00","CTA|DE(Amprion)","Neurath G","11WD7NEUR1B--G-I","Fossil Brown coal/Lignite","11WD7NEUR1B--G-I","15/04/2026 06:00 - 15/04/2026 07:00","0.00",""
"15/04/2026 00:00 - 16/04/2026 00:00","CTA|DE(Amprion)","Neurath G","11WD7NEUR1B--G-I","Fossil Brown coal/Lignite","11WD7NEUR1B--G-I","15/04/2026 07:00 - 15/04/2026 08:00","0.00",""
"15/04/2026 00:00 - 16/04/2026 00:00","CTA|DE(Amprion)","Neurath G","11WD7NEUR1B--G-I","Fossil Brown coal/Lignite","11WD7NEUR1B--G-I","15/04/2026 08:00 - 15/04/2026 09:00","0.00",""
"15/04/2026 00:00 - 16/04/2026 00:00","CTA|DE(Amprion)","Neurath G","11WD7NEUR1B--G-I","Fossil Brown coal/Lignite","11WD7NEUR1B--G-I","15/04/2026 09:00 - 15/04/2026 10:00","0.00",""
"15/04/2026 00:00 - 16/04/2026 00:00","CTA|DE(Amprion)","Neurath G","11WD7NEUR1B--G-I","Fossil Brown coal/Lignite","11WD7NEUR1B--G-I","15/04/2026 10:00 - 15/04/2026 11:00","0.00",""
"15/04/2026 00:00 - 16/04/2026 00:00","CTA|DE(Amprion)","Neurath G","11WD7NEUR1B--G-I","Fossil Brown coal/Lignite","11WD7NEUR1B--G-I","15/04/2026 11:00 - 15/04/2026 12:00","0.00",""
"15/04/2026 00:00 - 16/04/2026 00:00","CTA|DE(Amprion)","Neurath G","11WD7NEUR1B--G-I","Fossil Brown coal/Lignite","11WD7NEUR1B--G-I","15/04/2026 12:00 - 15/04/2026 13:00","0.00",""
"15/04/2026 00:00 - 16/04/2026 00:00","CTA|DE(Amprion)","Neurath G","11WD7NEUR1B--G-I","Fossil Brown coal/Lignite","11WD7NEUR1B--G-I","15/04/2026 13:00 - 15/04/2026 14:00","0.00",""
"15/04/2026 00:00 - 16/04/2026 00:00","CTA|DE(Amprion)","Neurath G","11WD7NEUR1B--G-I","Fossil Brown coal/Lignite","11WD7NEUR1B--G-I","15/04/2026 14:00 - 15/04/2026 15:00","0.00",""
"15/04/2026 00:00 - 16/04/2026 00:00","CTA|DE(Amprion)","Neurath G","11WD7NEUR1B--G-I","Fossil Brown coal/Lignite","11WD7NEUR1B--G-I","15/04/2026 15:00 - 15/04/2026 16:00","0.00",""
"15/04/2026 00:00 - 16/04/2026 00:00","CTA|DE(Amprion)","Neurath G","11WD7NEUR1B--G-I","Fossil Brown coal/Lignite","11WD7NEUR1B--G-I","15/04/2026 16:00 - 15/04/2026 17:00","0.00",""
"15/04/2026 00:00 - 16/04/2026 00:00","CTA|DE(Amprion)","Neurath G","11WD7NEUR1B--G-I","Fossil Brown coal/Lignite","11WD7NEUR1B--G-I","15/04/2026 17:00 - 15/04/2026 18:00","0.00",""
"15/04/2026 00:00 - 16/04/2026 00:00","CTA|DE(Amprion)","Neurath G","11WD7NEUR1B--G-I","Fossil Brown coal/Lignite","11WD7NEUR1B--G-I","15/04/2026 18:00 - 15/04/2026 19:00","0.00",""
"15/04/2026 00:00 - 16/04/2026 00:00","CTA|DE(Amprion)","Neurath G","11WD7NEUR1B--G-I","Fossil Brown coal/Lignite","11WD7NEUR1B--G-I","15/04/2026 19:00 - 15/04/2026 20:00","0.00",""
"15/04/2026 00:00 - 16/04/2026 00:00","CTA|DE(Amprion)","Neurath G","11WD7NEUR1B--G-I","Fossil Brown coal/Lignite","11WD7NEUR1B--G-I","15/04/2026 20:00 - 15/04/2026 21:00","0.00",""
"15/04/2026 00:00 - 16/04/2026 00:00","CTA|DE(Amprion)","Neurath G","11WD7NEUR1B--G-I","Fossil Brown coal/Lignite","11WD7NEUR1B--G-I","15/04/2026 21:00 - 15/04/2026 22:00","0.00",""
"15/04/2026 00:00 - 16/04/2026 00:00","CTA|DE(Amprion)","Neurath G","11WD7NEUR1B--G-I","Fossil Brown coal/Lignite","11WD7NEUR1B--G-I","15/04/2026 22:00 - 15/04/2026 23:00","0.00",""
"15/04/2026 00:00 - 16/04/2026 00:00","CTA|DE(Amprion)","Neurath G","11WD7NEUR1B--G-I","Fossil Brown coal/Lignite","11WD7NEUR1B--G-I","15/04/2026 23:00 - 16/04/2026 00:00","0.00",""
"15/04/2026 00:00 - 16/04/2026 00:00","CTA|DE(Amprion)","Niederaußem G","11WD7NIED1B--G-C","Fossil Brown coal/Lignite","11WD7NIED1B--G-C","15/04/2026 00:00 - 15/04/2026 01:00","626.75",""
"15/04/2026 00:00 - 16/04/2026 00:00","CTA|DE(Amprion)","Niederaußem G","11WD7NIED1B--G-C","Fossil Brown coal/Lignite","11WD7NIED1B--G-C","15/04/2026 01:00 - 15/04/2026 02:00","634.10",""
"15/04/2026 00:00 - 16/04/2026 00:00","CTA|DE(Amprion)","Niederaußem G","11WD7NIED1B--G-C","Fossil Brown coal/Lignite","11WD7NIED1B--G-C","15/04/2026 02:00 - 15/04/2026 03:00","637.15",""
"15/04/2026 00:00 - 16/04/2026 00:00","CTA|DE(Amprion)","Niederaußem G","11WD7NIED1B--G-C","Fossil Brown coal/Lignite","11WD7NIED1B--G-C","15/04/2026 03:00 - 15/04/2026 04:00","636.05",""
"15/04/2026 00:00 - 16/04/2026 00:00","CTA|DE(Amprion)","Niederaußem G","11WD7NIED1B--G-C","Fossil Brown coal/Lignite","11WD7NIED1B--G-C","15/04/2026 04:00 - 15/04/2026 05:00","639.45",""
"15/04/2026 00:00 - 16/04/2026 00:00","CTA|DE(Amprion)","Niederaußem G","11WD7NIED1B--G-C","Fossil Brown coal/Lignite","11WD7NIED1B--G-C","15/04/2026 05:00 - 15/04/2026 06:00","637.13",""
"15/04/2026 00:00 - 16/04/2026 00:00","CTA|DE(Amprion)","Niederaußem G","11WD7NIED1B--G-C","Fossil Brown coal/Lignite","11WD7NIED1B--G-C","15/04/2026 06:00 - 15/04/2026 07:00","639.00",""
"15/04/2026 00:00 - 16/04/2026 00:00","CTA|DE(Amprion)","Niederaußem G","11WD7NIED1B--G-C","Fossil Brown coal/Lignite","11WD7NIED1B--G-C","15/04/2026 07:00 - 15/04/2026 08:00","639.05",""
"15/04/2026 00:00 - 16/04/2026 00:00","CTA|DE(Amprion)","Niederaußem G","11WD7NIED1B--G-C","Fossil Brown coal/Lignite","11WD7NIED1B--G-C","15/04/2026 08:00 - 15/04/2026 09:00","639.45",""
"15/04/2026 00:00 - 16/04/2026 00:00","CTA|DE(Amprion)","Niederaußem G","11WD7NIED1B--G-C","Fossil Brown coal/Lignite","11WD7NIED1B--G-C","15/04/2026 09:00 - 15/04/2026 10:00","628.40",""
"15/04/2026 00:00 - 16/04/2026 00:00","CTA|DE(Amprion)","Niederaußem G","11WD7NIED1B--G-C","Fossil Brown coal/Lignite","11WD7NIED1B--G-C","15/04/2026 10:00 - 15/04/2026 11:00","631.63",""
"15/04/2026 00:00 - 16/04/2026 00:00","CTA|DE(Amprion)","Niederaußem G","11WD7NIED1B--G-C","Fossil Brown coal/Lignite","11WD7NIED1B--G-C","15/04/2026 11:00 - 15/04/2026 12:00","480.82",""
"15/04/2026 00:00 - 16/04/2026 00:00","CTA|DE(Amprion)","Niederaußem G","11WD7NIED1B--G-C","Fossil Brown coal/Lignite","11WD7NIED1B--G-C","15/04/2026 12:00 - 15/04/2026 13:00","273.57",""
"15/04/2026 00:00 - 16/04/2026 00:00","CTA|DE(Amprion)","Niederaußem G","11WD7NIED1B--G-C","Fossil Brown coal/Lignite","11WD7NIED1B--G-C","15/04/2026 13:00 - 15/04/2026 14:00","293.05",""
"15/04/2026 00:00 - 16/04/2026 00:00","CTA|DE(Amprion)","Niederaußem G","11WD7NIED1B--G-C","Fossil Brown coal/Lignite","11WD7NIED1B--G-C","15/04/2026 14:00 - 15/04/2026 15:00","415.95",""
"15/04/2026 00:00 - 16/04/2026 00:00","CTA|DE(Amprion)","Niederaußem G","11WD7NIED1B--G-C","Fossil Brown coal/Lignite","11WD7NIED1B--G-C","15/04/2026 15:00 - 15/04/2026 16:00","582.10",""
"15/04/2026 00:00 - 16/04/2026 00:00","CTA|DE(Amprion)","Niederaußem G","11WD7NIED1B--G-C","Fossil Brown coal/Lignite","11WD7NIED1B--G-C","15/04/2026 16:00 - 15/04/2026 17:00","615.70",""
"15/04/2026 00:00 - 16/04/2026 00:00","CTA|DE(Amprion)","Niederaußem G","11WD7NIED1B--G-C","Fossil Brown coal/Lignite","11WD7NIED1B--G-C","15/04/2026 17:00 - 15/04/2026 18:00","627.60",""
"15/04/2026 00:00 - 16/04/2026 00:00","CTA|DE(Amprion)","Niederaußem G","11WD7NIED1B--G-C","Fossil Brown coal/Lignite","11WD7NIED1B--G-C","15/04/2026 18:00 - 15/04/2026 19:00","624.88",""
"15/04/2026 00:00 - 16/04/2026 00:00","CTA|DE(Amprion)","Niederaußem G","11WD7NIED1B--G-C","Fossil Brown coal/Lignite","11WD7NIED1B--G-C","15/04/2026 19:00 - 15/04/2026 20:00","626.02",""
"15/04/2026 00:00 - 16/04/2026 00:00","CTA|DE(Amprion)","Niederaußem G","11WD7NIED1B--G-C","Fossil Brown coal/Lignite","11WD7NIED1B--G-C","15/04/2026 20:00 - 15/04/2026 21:00","628.27",""
"15/04/2026 00:00 - 16/04/2026 00:00","CTA|DE(Amprion)","Niederaußem G","11WD7NIED1B--G-C","Fossil Brown coal/Lignite","11WD7NIED1B--G-C","15/04/2026 21:00 - 15/04/2026 22:00","628.25",""
"15/04/2026 00:00 - 16/04/2026 00:00","CTA|DE(Amprion)","Niederaußem G","11WD7NIED1B--G-C","Fossil Brown coal/Lignite","11WD7NIED1B--G-C","15/04/2026 22:00 - 15/04/2026 23:00","630.10",""
"15/04/2026 00:00 - 16/04/2026 00:00","CTA|DE(Amprion)","Niederaußem G","11WD7NIED1B--G-C","Fossil Brown coal/Lignite","11WD7NIED1B--G-C","15/04/2026 23:00 - 16/04/2026 00:00","602.48",""
"15/04/2026 00:00 - 16/04/2026 00:00","CTA|DE(Amprion)","Niederaußem H","11WD7NIED1B--H-9","Fossil Brown coal/Lignite","11WD7NIED1B--H-9","15/04/2026 00:00 - 15/04/2026 01:00","490.18",""
"15/04/2026 00:00 - 16/04/2026 00:00","CTA|DE(Amprion)","Niederaußem H","11WD7NIED1B--H-9","Fossil Brown coal/Lignite","11WD7NIED1B--H-9","15/04/2026 01:00 - 15/04/2026 02:00","491.60",""
"15/04/2026 00:00 - 16/04/2026 00:00","CTA|DE(Amprion)","Niederaußem H","11WD7NIED1B--H-9","Fossil Brown coal/Lignite","11WD7NIED1B--H-9","15/04/2026 02:00 - 15/04/2026 03:00","493.25",""
"15/04/2026 00:00 - 16/04/2026 00:00","CTA|DE(Amprion)","Niederaußem H","11WD7NIED1B--H-9","Fossil Brown coal/Lignite","11WD7NIED1B--H-9","15/04/2026 03:00 - 15/04/2026 04:00","494.80",""
"15/04/2026 00:00 - 16/04/2026 00:00","CTA|DE(Amprion)","Niederaußem H","11WD7NIED1B--H-9","Fossil Brown coal/Lignite","11WD7NIED1B--H-9","15/04/2026 04:00 - 15/04/2026 05:00","493.45",""
"15/04/2026 00:00 - 16/04/2026 00:00","CTA|DE(Amprion)","Niederaußem H","11WD7NIED1B--H-9","Fossil Brown coal/Lignite","11WD7NIED1B--H-9","15/04/2026 05:00 - 15/04/2026 06:00","493.52",""
"15/04/2026 00:00 - 16/04/2026 00:00","CTA|DE(Amprion)","Niederaußem H","11WD7NIED1B--H-9","Fossil Brown coal/Lignite","11WD7NIED1B--H-9","15/04/2026 06:00 - 15/04/2026 07:00","494.48",""
"15/04/2026 00:00 - 16/04/2026 00:00","CTA|DE(Amprion)","Niederaußem H","11WD7NIED1B--H-9","Fossil Brown coal/Lignite","11WD7NIED1B--H-9","15/04/2026 07:00 - 15/04/2026 08:00","494.50",""
"15/04/2026 00:00 - 16/04/2026 00:00","CTA|DE(Amprion)","Niederaußem H","11WD7NIED1B--H-9","Fossil Brown coal/Lignite","11WD7NIED1B--H-9","15/04/2026 08:00 - 15/04/2026 09:00","496.73",""
"15/04/2026 00:00 - 16/04/2026 00:00","CTA|DE(Amprion)","Niederaußem H","11WD7NIED1B--H-9","Fossil Brown coal/Lignite","11WD7NIED1B--H-9","15/04/2026 09:00 - 15/04/2026 10:00","495.40",""
"15/04/2026 00:00 - 16/04/2026 00:00","CTA|DE(Amprion)","Niederaußem H","11WD7NIED1B--H-9","Fossil Brown coal/Lignite","11WD7NIED1B--H-9","15/04/2026 10:00 - 15/04/2026 11:00","492.55",""
"15/04/2026 00:00 - 16/04/2026 00:00","CTA|DE(Amprion)","Niederaußem H","11WD7NIED1B--H-9","Fossil Brown coal/Lignite","11WD7NIED1B--H-9","15/04/2026 11:00 - 15/04/2026 12:00","408.80",""
"15/04/2026 00:00 - 16/04/2026 00:00","CTA|DE(Amprion)","Niederaußem H","11WD7NIED1B--H-9","Fossil Brown coal/Lignite","11WD7NIED1B--H-9","15/04/2026 12:00 - 15/04/2026 13:00","280.70",""
"15/04/2026 00:00 - 16/04/2026 00:00","CTA|DE(Amprion)","Niederaußem H","11WD7NIED1B--H-9","Fossil Brown coal/Lignite","11WD7NIED1B--H-9","15/04/2026 13:00 - 15/04/2026 14:00","279.93",""
"15/04/2026 00:00 - 16/04/2026 00:00","CTA|DE(Amprion)","Niederaußem H","11WD7NIED1B--H-9","Fossil Brown coal/Lignite","11WD7NIED1B--H-9","15/04/2026 14:00 - 15/04/2026 15:00","312.00",""
"15/04/2026 00:00 - 16/04/2026 00:00","CTA|DE(Amprion)","Niederaußem H","11WD7NIED1B--H-9","Fossil Brown coal/Lignite","11WD7NIED1B--H-9","15/04/2026 15:00 - 15/04/2026 16:00","424.82",""
"15/04/2026 00:00 - 16/04/2026 00:00","CTA|DE(Amprion)","Niederaußem H","11WD7NIED1B--H-9","Fossil Brown coal/Lignite","11WD7NIED1B--H-9","15/04/2026 16:00 - 15/04/2026 17:00","483.77",""
"15/04/2026 00:00 - 16/04/2026 00:00","CTA|DE(Amprion)","Niederaußem H","11WD7NIED1B--H-9","Fossil Brown coal/Lignite","11WD7NIED1B--H-9","15/04/2026 17:00 - 15/04/2026 18:00","484.05",""
"15/04/2026 00:00 - 16/04/2026 00:00","CTA|DE(Amprion)","Niederaußem H","11WD7NIED1B--H-9","Fossil Brown coal/Lignite","11WD7NIED1B--H-9","15/04/2026 18:00 - 15/04/2026 19:00","483.13",""
"15/04/2026 00:00 - 16/04/2026 00:00","CTA|DE(Amprion)","Niederaußem H","11WD7NIED1B--H-9","Fossil Brown coal/Lignite","11WD7NIED1B--H-9","15/04/2026 19:00 - 15/04/2026 20:00","481.13",""
"15/04/2026 00:00 - 16/04/2026 00:00","CTA|DE(Amprion)","Niederaußem H","11WD7NIED1B--H-9","Fossil Brown coal/Lignite","11WD7NIED1B--H-9","15/04/2026 20:00 - 15/04/2026 21:00","482.43",""
"15/04/2026 00:00 - 16/04/2026 00:00","CTA|DE(Amprion)","Niederaußem H","11WD7NIED1B--H-9","Fossil Brown coal/Lignite","11WD7NIED1B--H-9","15/04/2026 21:00 - 15/04/2026 22:00","480.90",""
"15/04/2026 00:00 - 16/04/2026 00:00","CTA|DE(Amprion)","Niederaußem H","11WD7NIED1B--H-9","Fossil Brown coal/Lignite","11WD7NIED1B--H-9","15/04/2026 22:00 - 15/04/2026 23:00","483.93",""
"15/04/2026 00:00 - 16/04/2026 00:00","CTA|DE(Amprion)","Niederaußem H","11WD7NIED1B--H-9","Fossil Brown coal/Lignite","11WD7NIED1B--H-9","15/04/2026 23:00 - 16/04/2026 00:00","485.02",""
"15/04/2026 00:00 - 16/04/2026 00:00","CTA|DE(Amprion)","Niederaußem K (BoA 1)","11WD7NIED1B--K-0","Fossil Brown coal/Lignite","11WD7NIED1B--K-0","15/04/2026 00:00 - 15/04/2026 01:00","907.45",""
"15/04/2026 00:00 - 16/04/2026 00:00","CTA|DE(Amprion)","Niederaußem K (BoA 1)","11WD7NIED1B--K-0","Fossil Brown coal/Lignite","11WD7NIED1B--K-0","15/04/2026 01:00 - 15/04/2026 02:00","927.05",""
"15/04/2026 00:00 - 16/04/2026 00:00","CTA|DE(Amprion)","Niederaußem K (BoA 1)","11WD7NIED1B--K-0","Fossil Brown coal/Lignite","11WD7NIED1B--K-0","15/04/2026 02:00 - 15/04/2026 03:00","926.08",""
"15/04/2026 00:00 - 16/04/2026 00:00","CTA|DE(Amprion)","Niederaußem K (BoA 1)","11WD7NIED1B--K-0","Fossil Brown coal/Lignite","11WD7NIED1B--K-0","15/04/2026 03:00 - 15/04/2026 04:00","926.00",""
"15/04/2026 00:00 - 16/04/2026 00:00","CTA|DE(Amprion)","Niederaußem K (BoA 1)","11WD7NIED1B--K-0","Fossil Brown coal/Lignite","11WD7NIED1B--K-0","15/04/2026 04:00 - 15/04/2026 05:00","927.08",""
"15/04/2026 00:00 - 16/04/2026 00:00","CTA|DE(Amprion)","Niederaußem K (BoA 1)","11WD7NIED1B--K-0","Fossil Brown coal/Lignite","11WD7NIED1B--K-0","15/04/2026 05:00 - 15/04/2026 06:00","911.92",""
"15/04/2026 00:00 - 16/04/2026 00:00","CTA|DE(Amprion)","Niederaußem K (BoA 1)","11WD7NIED1B--K-0","Fossil Brown coal/Lignite","11WD7NIED1B--K-0","15/04/2026 06:00 - 15/04/2026 07:00","898.42",""
"15/04/2026 00:00 - 16/04/2026 00:00","CTA|DE(Amprion)","Niederaußem K (BoA 1)","11WD7NIED1B--K-0","Fossil Brown coal/Lignite","11WD7NIED1B--K-0","15/04/2026 07:00 - 15/04/2026 08:00","898.90",""
"15/04/2026 00:00 - 16/04/2026 00:00","CTA|DE(Amprion)","Niederaußem K (BoA 1)","11WD7NIED1B--K-0","Fossil Brown coal/Lignite","11WD7NIED1B--K-0","15/04/2026 08:00 - 15/04/2026 09:00","895.73",""
"15/04/2026 00:00 - 16/04/2026 00:00","CTA|DE(Amprion)","Niederaußem K (BoA 1)","11WD7NIED1B--K-0","Fossil Brown coal/Lignite","11WD7NIED1B--K-0","15/04/2026 09:00 - 15/04/2026 10:00","908.52",""
"15/04/2026 00:00 - 16/04/2026 00:00","CTA|DE(Amprion)","Niederaußem K (BoA 1)","11WD7NIED1B--K-0","Fossil Brown coal/Lignite","11WD7NIED1B--K-0","15/04/2026 10:00 - 15/04/2026 11:00","906.33",""
"15/04/2026 00:00 - 16/04/2026 00:00","CTA|DE(Amprion)","Niederaußem K (BoA 1)","11WD7NIED1B--K-0","Fossil Brown coal/Lignite","11WD7NIED1B--K-0","15/04/2026 11:00 - 15/04/2026 12:00","893.23",""
"15/04/2026 00:00 - 16/04/2026 00:00","CTA|DE(Amprion)","Niederaußem K (BoA 1)","11WD7NIED1B--K-0","Fossil Brown coal/Lignite","11WD7NIED1B--K-0","15/04/2026 12:00 - 15/04/2026 13:00","713.00",""
"15/04/2026 00:00 - 16/04/2026 00:00","CTA|DE(Amprion)","Niederaußem K (BoA 1)","11WD7NIED1B--K-0","Fossil Brown coal/Lignite","11WD7NIED1B--K-0","15/04/2026 13:00 - 15/04/2026 14:00","510.82",""
"15/04/2026 00:00 - 16/04/2026 00:00","CTA|DE(Amprion)","Niederaußem K (BoA 1)","11WD7NIED1B--K-0","Fossil Brown coal/Lignite","11WD7NIED1B--K-0","15/04/2026 14:00 - 15/04/2026 15:00","754.55",""
"15/04/2026 00:00 - 16/04/2026 00:00","CTA|DE(Amprion)","Niederaußem K (BoA 1)","11WD7NIED1B--K-0","Fossil Brown coal/Lignite","11WD7NIED1B--K-0","15/04/2026 15:00 - 15/04/2026 16:00","862.90",""
"15/04/2026 00:00 - 16/04/2026 00:00","CTA|DE(Amprion)","Niederaußem K (BoA 1)","11WD7NIED1B--K-0","Fossil Brown coal/Lignite","11WD7NIED1B--K-0","15/04/2026 16:00 - 15/04/2026 17:00","901.25",""
"15/04/2026 00:00 - 16/04/2026 00:00","CTA|DE(Amprion)","Niederaußem K (BoA 1)","11WD7NIED1B--K-0","Fossil Brown coal/Lignite","11WD7NIED1B--K-0","15/04/2026 17:00 - 15/04/2026 18:00","917.90",""
"15/04/2026 00:00 - 16/04/2026 00:00","CTA|DE(Amprion)","Niederaußem K (BoA 1)","11WD7NIED1B--K-0","Fossil Brown coal/Lignite","11WD7NIED1B--K-0","15/04/2026 18:00 - 15/04/2026 19:00","919.35",""
"15/04/2026 00:00 - 16/04/2026 00:00","CTA|DE(Amprion)","Niederaußem K (BoA 1)","11WD7NIED1B--K-0","Fossil Brown coal/Lignite","11WD7NIED1B--K-0","15/04/2026 19:00 - 15/04/2026 20:00","917.05",""
"15/04/2026 00:00 - 16/04/2026 00:00","CTA|DE(Amprion)","Niederaußem K (BoA 1)","11WD7NIED1B--K-0","Fossil Brown coal/Lignite","11WD7NIED1B--K-0","15/04/2026 20:00 - 15/04/2026 21:00","917.77",""
"15/04/2026 00:00 - 16/04/2026 00:00","CTA|DE(Amprion)","Niederaußem K (BoA 1)","11WD7NIED1B--K-0","Fossil Brown coal/Lignite","11WD7NIED1B--K-0","15/04/2026 21:00 - 15/04/2026 22:00","918.85",""
"15/04/2026 00:00 - 16/04/2026 00:00","CTA|DE(Amprion)","Niederaußem K (BoA 1)","11WD7NIED1B--K-0","Fossil Brown coal/Lignite","11WD7NIED1B--K-0","15/04/2026 22:00 - 15/04/2026 23:00","923.88",""
"15/04/2026 00:00 - 16/04/2026 00:00","CTA|DE(Amprion)","Niederaußem K (BoA 1)","11WD7NIED1B--K-0","Fossil Brown coal/Lignite","11WD7NIED1B--K-0","15/04/2026 23:00 - 16/04/2026 00:00","925.00",""
"15/04/2026 00:00 - 16/04/2026 00:00","CTA|DE(Amprion)","Block AGuD","11WD7NORF5GAGUDC","Fossil Gas","11WD7NORF5GAGUDC","15/04/2026 00:00 - 15/04/2026 01:00","0.00",""
"15/04/2026 00:00 - 16/04/2026 00:00","CTA|DE(Amprion)","Block AGuD","11WD7NORF5GAGUDC","Fossil Gas","11WD7NORF5GAGUDC","15/04/2026 01:00 - 15/04/2026 02:00","0.00",""
"15/04/2026 00:00 - 16/04/2026 00:00","CTA|DE(Amprion)","Block AGuD","11WD7NORF5GAGUDC","Fossil Gas","11WD7NORF5GAGUDC","15/04/2026 02:00 - 15/04/2026 03:00","0.00",""
"15/04/2026 00:00 - 16/04/2026 00:00","CTA|DE(Amprion)","Block AGuD","11WD7NORF5GAGUDC","Fossil Gas","11WD7NORF5GAGUDC","15/04/2026 03:00 - 15/04/2026 04:00","0.00",""
"15/04/2026 00:00 - 16/04/2026 00:00","CTA|DE(Amprion)","Block AGuD","11WD7NORF5GAGUDC","Fossil Gas","11WD7NORF5GAGUDC","15/04/2026 04:00 - 15/04/2026 05:00","0.00",""
"15/04/2026 00:00 - 16/04/2026 00:00","CTA|DE(Amprion)","Block AGuD","11WD7NORF5GAGUDC","Fossil Gas","11WD7NORF5GAGUDC","15/04/2026 05:00 - 15/04/2026 06:00","0.00",""
"15/04/2026 00:00 - 16/04/2026 00:00","CTA|DE(Amprion)","Block AGuD","11WD7NORF5GAGUDC","Fossil Gas","11WD7NORF5GAGUDC","15/04/2026 06:00 - 15/04/2026 07:00","0.00",""
"15/04/2026 00:00 - 16/04/2026 00:00","CTA|DE(Amprion)","Block AGuD","11WD7NORF5GAGUDC","Fossil Gas","11WD7NORF5GAGUDC","15/04/2026 07:00 - 15/04/2026 08:00","0.00",""
"15/04/2026 00:00 - 16/04/2026 00:00","CTA|DE(Amprion)","Block AGuD","11WD7NORF5GAGUDC","Fossil Gas","11WD7NORF5GAGUDC","15/04/2026 08:00 - 15/04/2026 09:00","0.00",""
"15/04/2026 00:00 - 16/04/2026 00:00","CTA|DE(Amprion)","Block AGuD","11WD7NORF5GAGUDC","Fossil Gas","11WD7NORF5GAGUDC","15/04/2026 09:00 - 15/04/2026 10:00","0.00",""
"15/04/2026 00:00 - 16/04/2026 00:00","CTA|DE(Amprion)","Block AGuD","11WD7NORF5GAGUDC","Fossil Gas","11WD7NORF5GAGUDC","15/04/2026 10:00 - 15/04/2026 11:00","0.00",""
"15/04/2026 00:00 - 16/04/2026 00:00","CTA|DE(Amprion)","Block AGuD","11WD7NORF5GAGUDC","Fossil Gas","11WD7NORF5GAGUDC","15/04/2026 11:00 - 15/04/2026 12:00","0.00",""
"15/04/2026 00:00 - 16/04/2026 00:00","CTA|DE(Amprion)","Block AGuD","11WD7NORF5GAGUDC","Fossil Gas","11WD7NORF5GAGUDC","15/04/2026 12:00 - 15/04/2026 13:00","0.00",""
"15/04/2026 00:00 - 16/04/2026 00:00","CTA|DE(Amprion)","Block AGuD","11WD7NORF5GAGUDC","Fossil Gas","11WD7NORF5GAGUDC","15/04/2026 13:00 - 15/04/2026 14:00","0.00",""
"15/04/2026 00:00 - 16/04/2026 00:00","CTA|DE(Amprion)","Block AGuD","11WD7NORF5GAGUDC","Fossil Gas","11WD7NORF5GAGUDC","15/04/2026 14:00 - 15/04/2026 15:00","0.00",""
"15/04/2026 00:00 - 16/04/2026 00:00","CTA|DE(Amprion)","Block AGuD","11WD7NORF5GAGUDC","Fossil Gas","11WD7NORF5GAGUDC","15/04/2026 15:00 - 15/04/2026 16:00","0.00",""
"15/04/2026 00:00 - 16/04/2026 00:00","CTA|DE(Amprion)","Block AGuD","11WD7NORF5GAGUDC","Fossil Gas","11WD7NORF5GAGUDC","15/04/2026 16:00 - 15/04/2026 17:00","0.00",""
"15/04/2026 00:00 - 16/04/2026 00:00","CTA|DE(Amprion)","Block AGuD","11WD7NORF5GAGUDC","Fossil Gas","11WD7NORF5GAGUDC","15/04/2026 17:00 - 15/04/2026 18:00","0.00",""
"15/04/2026 00:00 - 16/04/2026 00:00","CTA|DE(Amprion)","Block AGuD","11WD7NORF5GAGUDC","Fossil Gas","11WD7NORF5GAGUDC","15/04/2026 18:00 - 15/04/2026 19:00","0.00",""
"15/04/2026 00:00 - 16/04/2026 00:00","CTA|DE(Amprion)","Block AGuD","11WD7NORF5GAGUDC","Fossil Gas","11WD7NORF5GAGUDC","15/04/2026 19:00 - 15/04/2026 20:00","0.00",""
"15/04/2026 00:00 - 16/04/2026 00:00","CTA|DE(Amprion)","Block AGuD","11WD7NORF5GAGUDC","Fossil Gas","11WD7NORF5GAGUDC","15/04/2026 20:00 - 15/04/2026 21:00","0.00",""
"15/04/2026 00:00 - 16/04/2026 00:00","CTA|DE(Amprion)","Block AGuD","11WD7NORF5GAGUDC","Fossil Gas","11WD7NORF5GAGUDC","15/04/2026 21:00 - 15/04/2026 22:00","0.00",""
"15/04/2026 00:00 - 16/04/2026 00:00","CTA|DE(Amprion)","Block AGuD","11WD7NORF5GAGUDC","Fossil Gas","11WD7NORF5GAGUDC","15/04/2026 22:00 - 15/04/2026 23:00","0.00",""
"15/04/2026 00:00 - 16/04/2026 00:00","CTA|DE(Amprion)","Block AGuD","11WD7NORF5GAGUDC","Fossil Gas","11WD7NORF5GAGUDC","15/04/2026 23:00 - 16/04/2026 00:00","0.00",""
"15/04/2026 00:00 - 16/04/2026 00:00","CTA|DE(Amprion)","Block F","11WD7NORF5GGUDFA","Fossil Gas","11WD7NORF5GGUDFA","15/04/2026 00:00 - 15/04/2026 01:00","578.55",""
"15/04/2026 00:00 - 16/04/2026 00:00","CTA|DE(Amprion)","Block F","11WD7NORF5GGUDFA","Fossil Gas","11WD7NORF5GGUDFA","15/04/2026 01:00 - 15/04/2026 02:00","578.45",""
"15/04/2026 00:00 - 16/04/2026 00:00","CTA|DE(Amprion)","Block F","11WD7NORF5GGUDFA","Fossil Gas","11WD7NORF5GGUDFA","15/04/2026 02:00 - 15/04/2026 03:00","578.40",""
"15/04/2026 00:00 - 16/04/2026 00:00","CTA|DE(Amprion)","Block F","11WD7NORF5GGUDFA","Fossil Gas","11WD7NORF5GGUDFA","15/04/2026 03:00 - 15/04/2026 04:00","578.40",""
"15/04/2026 00:00 - 16/04/2026 00:00","CTA|DE(Amprion)","Block F","11WD7NORF5GGUDFA","Fossil Gas","11WD7NORF5GGUDFA","15/04/2026 04:00 - 15/04/2026 05:00","578.33",""
"15/04/2026 00:00 - 16/04/2026 00:00","CTA|DE(Amprion)","Block F","11WD7NORF5GGUDFA","Fossil Gas","11WD7NORF5GGUDFA","15/04/2026 05:00 - 15/04/2026 06:00","579.38",""
"15/04/2026 00:00 - 16/04/2026 00:00","CTA|DE(Amprion)","Block F","11WD7NORF5GGUDFA","Fossil Gas","11WD7NORF5GGUDFA","15/04/2026 06:00 - 15/04/2026 07:00","606.10",""
"15/04/2026 00:00 - 16/04/2026 00:00","CTA|DE(Amprion)","Block F","11WD7NORF5GGUDFA","Fossil Gas","11WD7NORF5GGUDFA","15/04/2026 07:00 - 15/04/2026 08:00","608.83",""
"15/04/2026 00:00 - 16/04/2026 00:00","CTA|DE(Amprion)","Block F","11WD7NORF5GGUDFA","Fossil Gas","11WD7NORF5GGUDFA","15/04/2026 08:00 - 15/04/2026 09:00","517.10",""
"15/04/2026 00:00 - 16/04/2026 00:00","CTA|DE(Amprion)","Block F","11WD7NORF5GGUDFA","Fossil Gas","11WD7NORF5GGUDFA","15/04/2026 09:00 - 15/04/2026 10:00","55.45",""
"15/04/2026 00:00 - 16/04/2026 00:00","CTA|DE(Amprion)","Block F","11WD7NORF5GGUDFA","Fossil Gas","11WD7NORF5GGUDFA","15/04/2026 10:00 - 15/04/2026 11:00","0.03",""
"15/04/2026 00:00 - 16/04/2026 00:00","CTA|DE(Amprion)","Block F","11WD7NORF5GGUDFA","Fossil Gas","11WD7NORF5GGUDFA","15/04/2026 11:00 - 15/04/2026 12:00","0.00",""
"15/04/2026 00:00 - 16/04/2026 00:00","CTA|DE(Amprion)","Block F","11WD7NORF5GGUDFA","Fossil Gas","11WD7NORF5GGUDFA","15/04/2026 12:00 - 15/04/2026 13:00","0.00",""
"15/04/2026 00:00 - 16/04/2026 00:00","CTA|DE(Amprion)","Block F","11WD7NORF5GGUDFA","Fossil Gas","11WD7NORF5GGUDFA","15/04/2026 13:00 - 15/04/2026 14:00","0.00",""
"15/04/2026 00:00 - 16/04/2026 00:00","CTA|DE(Amprion)","Block F","11WD7NORF5GGUDFA","Fossil Gas","11WD7NORF5GGUDFA","15/04/2026 14:00 - 15/04/2026 15:00","0.00",""
"15/04/2026 00:00 - 16/04/2026 00:00","CTA|DE(Amprion)","Block F","11WD7NORF5GGUDFA","Fossil Gas","11WD7NORF5GGUDFA","15/04/2026 15:00 - 15/04/2026 16:00","0.00",""
"15/04/2026 00:00 - 16/04/2026 00:00","CTA|DE(Amprion)","Block F","11WD7NORF5GGUDFA","Fossil Gas","11WD7NORF5GGUDFA","15/04/2026 16:00 - 15/04/2026 17:00","16.20",""
"15/04/2026 00:00 - 16/04/2026 00:00","CTA|DE(Amprion)","Block F","11WD7NORF5GGUDFA","Fossil Gas","11WD7NORF5GGUDFA","15/04/2026 17:00 - 15/04/2026 18:00","296.45",""
"15/04/2026 00:00 - 16/04/2026 00:00","CTA|DE(Amprion)","Block F","11WD7NORF5GGUDFA","Fossil Gas","11WD7NORF5GGUDFA","15/04/2026 18:00 - 15/04/2026 19:00","567.67",""
"15/04/2026 00:00 - 16/04/2026 00:00","CTA|DE(Amprion)","Block F","11WD7NORF5GGUDFA","Fossil Gas","11WD7NORF5GGUDFA","15/04/2026 19:00 - 15/04/2026 20:00","568.77",""
"15/04/2026 00:00 - 16/04/2026 00:00","CTA|DE(Amprion)","Block F","11WD7NORF5GGUDFA","Fossil Gas","11WD7NORF5GGUDFA","15/04/2026 20:00 - 15/04/2026 21:00","572.13",""
"15/04/2026 00:00 - 16/04/2026 00:00","CTA|DE(Amprion)","Block F","11WD7NORF5GGUDFA","Fossil Gas","11WD7NORF5GGUDFA","15/04/2026 21:00 - 15/04/2026 22:00","556.23",""
"15/04/2026 00:00 - 16/04/2026 00:00","CTA|DE(Amprion)","Block F","11WD7NORF5GGUDFA","Fossil Gas","11WD7NORF5GGUDFA","15/04/2026 22:00 - 15/04/2026 23:00","558.70",""
"15/04/2026 00:00 - 16/04/2026 00:00","CTA|DE(Amprion)","Block F","11WD7NORF5GGUDFA","Fossil Gas","11WD7NORF5GGUDFA","15/04/2026 23:00 - 16/04/2026 00:00","558.92",""
"15/04/2026 00:00 - 16/04/2026 00:00","CTA|DE(Amprion)","HKW-Niehl-3","11WD7OPLA1G--318","Fossil Gas","11WD7OPLA1G--318","15/04/2026 00:00 - 15/04/2026 01:00","423.57",""
"15/04/2026 00:00 - 16/04/2026 00:00","CTA|DE(Amprion)","HKW-Niehl-3","11WD7OPLA1G--318","Fossil Gas","11WD7OPLA1G--318","15/04/2026 01:00 - 15/04/2026 02:00","426.32",""
"15/04/2026 00:00 - 16/04/2026 00:00","CTA|DE(Amprion)","HKW-Niehl-3","11WD7OPLA1G--318","Fossil Gas","11WD7OPLA1G--318","15/04/2026 02:00 - 15/04/2026 03:00","430.57",""
"15/04/2026 00:00 - 16/04/2026 00:00","CTA|DE(Amprion)","HKW-Niehl-3","11WD7OPLA1G--318","Fossil Gas","11WD7OPLA1G--318","15/04/2026 03:00 - 15/04/2026 04:00","430.88",""
"15/04/2026 00:00 - 16/04/2026 00:00","CTA|DE(Amprion)","HKW-Niehl-3","11WD7OPLA1G--318","Fossil Gas","11WD7OPLA1G--318","15/04/2026 04:00 - 15/04/2026 05:00","429.20",""
"15/04/2026 00:00 - 16/04/2026 00:00","CTA|DE(Amprion)","HKW-Niehl-3","11WD7OPLA1G--318","Fossil Gas","11WD7OPLA1G--318","15/04/2026 05:00 - 15/04/2026 06:00","427.95",""
"15/04/2026 00:00 - 16/04/2026 00:00","CTA|DE(Amprion)","HKW-Niehl-3","11WD7OPLA1G--318","Fossil Gas","11WD7OPLA1G--318","15/04/2026 06:00 - 15/04/2026 07:00","428.30",""
"15/04/2026 00:00 - 16/04/2026 00:00","CTA|DE(Amprion)","HKW-Niehl-3","11WD7OPLA1G--318","Fossil Gas","11WD7OPLA1G--318","15/04/2026 07:00 - 15/04/2026 08:00","427.60",""
"15/04/2026 00:00 - 16/04/2026 00:00","CTA|DE(Amprion)","HKW-Niehl-3","11WD7OPLA1G--318","Fossil Gas","11WD7OPLA1G--318","15/04/2026 08:00 - 15/04/2026 09:00","425.63",""
"15/04/2026 00:00 - 16/04/2026 00:00","CTA|DE(Amprion)","HKW-Niehl-3","11WD7OPLA1G--318","Fossil Gas","11WD7OPLA1G--318","15/04/2026 09:00 - 15/04/2026 10:00","424.25",""
"15/04/2026 00:00 - 16/04/2026 00:00","CTA|DE(Amprion)","HKW-Niehl-3","11WD7OPLA1G--318","Fossil Gas","11WD7OPLA1G--318","15/04/2026 10:00 - 15/04/2026 11:00","390.32",""
"15/04/2026 00:00 - 16/04/2026 00:00","CTA|DE(Amprion)","HKW-Niehl-3","11WD7OPLA1G--318","Fossil Gas","11WD7OPLA1G--318","15/04/2026 11:00 - 15/04/2026 12:00","104.20",""
"15/04/2026 00:00 - 16/04/2026 00:00","CTA|DE(Amprion)","HKW-Niehl-3","11WD7OPLA1G--318","Fossil Gas","11WD7OPLA1G--318","15/04/2026 12:00 - 15/04/2026 13:00","108.00",""
"15/04/2026 00:00 - 16/04/2026 00:00","CTA|DE(Amprion)","HKW-Niehl-3","11WD7OPLA1G--318","Fossil Gas","11WD7OPLA1G--318","15/04/2026 13:00 - 15/04/2026 14:00","109.17",""
"15/04/2026 00:00 - 16/04/2026 00:00","CTA|DE(Amprion)","HKW-Niehl-3","11WD7OPLA1G--318","Fossil Gas","11WD7OPLA1G--318","15/04/2026 14:00 - 15/04/2026 15:00","109.95",""
"15/04/2026 00:00 - 16/04/2026 00:00","CTA|DE(Amprion)","HKW-Niehl-3","11WD7OPLA1G--318","Fossil Gas","11WD7OPLA1G--318","15/04/2026 15:00 - 15/04/2026 16:00","171.18",""
"15/04/2026 00:00 - 16/04/2026 00:00","CTA|DE(Amprion)","HKW-Niehl-3","11WD7OPLA1G--318","Fossil Gas","11WD7OPLA1G--318","15/04/2026 16:00 - 15/04/2026 17:00","255.15",""
"15/04/2026 00:00 - 16/04/2026 00:00","CTA|DE(Amprion)","HKW-Niehl-3","11WD7OPLA1G--318","Fossil Gas","11WD7OPLA1G--318","15/04/2026 17:00 - 15/04/2026 18:00","411.68",""
"15/04/2026 00:00 - 16/04/2026 00:00","CTA|DE(Amprion)","HKW-Niehl-3","11WD7OPLA1G--318","Fossil Gas","11WD7OPLA1G--318","15/04/2026 18:00 - 15/04/2026 19:00","414.50",""
"15/04/2026 00:00 - 16/04/2026 00:00","CTA|DE(Amprion)","HKW-Niehl-3","11WD7OPLA1G--318","Fossil Gas","11WD7OPLA1G--318","15/04/2026 19:00 - 15/04/2026 20:00","416.15",""
"15/04/2026 00:00 - 16/04/2026 00:00","CTA|DE(Amprion)","HKW-Niehl-3","11WD7OPLA1G--318","Fossil Gas","11WD7OPLA1G--318","15/04/2026 20:00 - 15/04/2026 21:00","418.35",""
"15/04/2026 00:00 - 16/04/2026 00:00","CTA|DE(Amprion)","HKW-Niehl-3","11WD7OPLA1G--318","Fossil Gas","11WD7OPLA1G--318","15/04/2026 21:00 - 15/04/2026 22:00","421.38",""
"15/04/2026 00:00 - 16/04/2026 00:00","CTA|DE(Amprion)","HKW-Niehl-3","11WD7OPLA1G--318","Fossil Gas","11WD7OPLA1G--318","15/04/2026 22:00 - 15/04/2026 23:00","425.68",""
"15/04/2026 00:00 - 16/04/2026 00:00","CTA|DE(Amprion)","HKW-Niehl-3","11WD7OPLA1G--318","Fossil Gas","11WD7OPLA1G--318","15/04/2026 23:00 - 16/04/2026 00:00","426.48",""
"15/04/2026 00:00 - 16/04/2026 00:00","CTA|DE(Amprion)","HKW IIIB","11WD7RHAU5GKW3B5","Fossil Gas","11WD7RHAU5GKW3B5","15/04/2026 00:00 - 15/04/2026 01:00","231.25",""
"15/04/2026 00:00 - 16/04/2026 00:00","CTA|DE(Amprion)","HKW IIIB","11WD7RHAU5GKW3B5","Fossil Gas","11WD7RHAU5GKW3B5","15/04/2026 01:00 - 15/04/2026 02:00","231.50",""
"15/04/2026 00:00 - 16/04/2026 00:00","CTA|DE(Amprion)","HKW IIIB","11WD7RHAU5GKW3B5","Fossil Gas","11WD7RHAU5GKW3B5","15/04/2026 02:00 - 15/04/2026 03:00","231.75",""
"15/04/2026 00:00 - 16/04/2026 00:00","CTA|DE(Amprion)","HKW IIIB","11WD7RHAU5GKW3B5","Fossil Gas","11WD7RHAU5GKW3B5","15/04/2026 03:00 - 15/04/2026 04:00","232.50",""
"15/04/2026 00:00 - 16/04/2026 00:00","CTA|DE(Amprion)","HKW IIIB","11WD7RHAU5GKW3B5","Fossil Gas","11WD7RHAU5GKW3B5","15/04/2026 04:00 - 15/04/2026 05:00","232.75",""
"15/04/2026 00:00 - 16/04/2026 00:00","CTA|DE(Amprion)","HKW IIIB","11WD7RHAU5GKW3B5","Fossil Gas","11WD7RHAU5GKW3B5","15/04/2026 05:00 - 15/04/2026 06:00","233.75",""
"15/04/2026 00:00 - 16/04/2026 00:00","CTA|DE(Amprion)","HKW IIIB","11WD7RHAU5GKW3B5","Fossil Gas","11WD7RHAU5GKW3B5","15/04/2026 06:00 - 15/04/2026 07:00","233.00",""
"15/04/2026 00:00 - 16/04/2026 00:00","CTA|DE(Amprion)","HKW IIIB","11WD7RHAU5GKW3B5","Fossil Gas","11WD7RHAU5GKW3B5","15/04/2026 07:00 - 15/04/2026 08:00","233.00",""
"15/04/2026 00:00 - 16/04/2026 00:00","CTA|DE(Amprion)","HKW IIIB","11WD7RHAU5GKW3B5","Fossil Gas","11WD7RHAU5GKW3B5","15/04/2026 08:00 - 15/04/2026 09:00","232.50",""
"15/04/2026 00:00 - 16/04/2026 00:00","CTA|DE(Amprion)","HKW IIIB","11WD7RHAU5GKW3B5","Fossil Gas","11WD7RHAU5GKW3B5","15/04/2026 09:00 - 15/04/2026 10:00","231.00",""
"15/04/2026 00:00 - 16/04/2026 00:00","CTA|DE(Amprion)","HKW IIIB","11WD7RHAU5GKW3B5","Fossil Gas","11WD7RHAU5GKW3B5","15/04/2026 10:00 - 15/04/2026 11:00","198.50",""
"15/04/2026 00:00 - 16/04/2026 00:00","CTA|DE(Amprion)","HKW IIIB","11WD7RHAU5GKW3B5","Fossil Gas","11WD7RHAU5GKW3B5","15/04/2026 11:00 - 15/04/2026 12:00","123.50",""
"15/04/2026 00:00 - 16/04/2026 00:00","CTA|DE(Amprion)","HKW IIIB","11WD7RHAU5GKW3B5","Fossil Gas","11WD7RHAU5GKW3B5","15/04/2026 12:00 - 15/04/2026 13:00","99.00",""
"15/04/2026 00:00 - 16/04/2026 00:00","CTA|DE(Amprion)","HKW IIIB","11WD7RHAU5GKW3B5","Fossil Gas","11WD7RHAU5GKW3B5","15/04/2026 13:00 - 15/04/2026 14:00","99.25",""
"15/04/2026 00:00 - 16/04/2026 00:00","CTA|DE(Amprion)","HKW IIIB","11WD7RHAU5GKW3B5","Fossil Gas","11WD7RHAU5GKW3B5","15/04/2026 14:00 - 15/04/2026 15:00","101.50",""
"15/04/2026 00:00 - 16/04/2026 00:00","CTA|DE(Amprion)","HKW IIIB","11WD7RHAU5GKW3B5","Fossil Gas","11WD7RHAU5GKW3B5","15/04/2026 15:00 - 15/04/2026 16:00","123.00",""
"15/04/2026 00:00 - 16/04/2026 00:00","CTA|DE(Amprion)","HKW IIIB","11WD7RHAU5GKW3B5","Fossil Gas","11WD7RHAU5GKW3B5","15/04/2026 16:00 - 15/04/2026 17:00","195.25",""
"15/04/2026 00:00 - 16/04/2026 00:00","CTA|DE(Amprion)","HKW IIIB","11WD7RHAU5GKW3B5","Fossil Gas","11WD7RHAU5GKW3B5","15/04/2026 17:00 - 15/04/2026 18:00","220.00",""
"15/04/2026 00:00 - 16/04/2026 00:00","CTA|DE(Amprion)","HKW IIIB","11WD7RHAU5GKW3B5","Fossil Gas","11WD7RHAU5GKW3B5","15/04/2026 18:00 - 15/04/2026 19:00","221.50",""
"15/04/2026 00:00 - 16/04/2026 00:00","CTA|DE(Amprion)","HKW IIIB","11WD7RHAU5GKW3B5","Fossil Gas","11WD7RHAU5GKW3B5","15/04/2026 19:00 - 15/04/2026 20:00","222.75",""
"15/04/2026 00:00 - 16/04/2026 00:00","CTA|DE(Amprion)","HKW IIIB","11WD7RHAU5GKW3B5","Fossil Gas","11WD7RHAU5GKW3B5","15/04/2026 20:00 - 15/04/2026 21:00","223.25",""
"15/04/2026 00:00 - 16/04/2026 00:00","CTA|DE(Amprion)","HKW IIIB","11WD7RHAU5GKW3B5","Fossil Gas","11WD7RHAU5GKW3B5","15/04/2026 21:00 - 15/04/2026 22:00","224.50",""
"15/04/2026 00:00 - 16/04/2026 00:00","CTA|DE(Amprion)","HKW IIIB","11WD7RHAU5GKW3B5","Fossil Gas","11WD7RHAU5GKW3B5","15/04/2026 22:00 - 15/04/2026 23:00","225.75",""
"15/04/2026 00:00 - 16/04/2026 00:00","CTA|DE(Amprion)","HKW IIIB","11WD7RHAU5GKW3B5","Fossil Gas","11WD7RHAU5GKW3B5","15/04/2026 23:00 - 16/04/2026 00:00","179.50",""
"15/04/2026 00:00 - 16/04/2026 00:00","CTA|DE(Amprion)","KW Lünen Block 1","11WD7STUM1SBL10G","Fossil Hard coal","11WD7STUM1SBL10G","15/04/2026 00:00 - 15/04/2026 01:00","730.67",""
"15/04/2026 00:00 - 16/04/2026 00:00","CTA|DE(Amprion)","KW Lünen Block 1","11WD7STUM1SBL10G","Fossil Hard coal","11WD7STUM1SBL10G","15/04/2026 01:00 - 15/04/2026 02:00","724.48",""
"15/04/2026 00:00 - 16/04/2026 00:00","CTA|DE(Amprion)","KW Lünen Block 1","11WD7STUM1SBL10G","Fossil Hard coal","11WD7STUM1SBL10G","15/04/2026 02:00 - 15/04/2026 03:00","724.70",""
"15/04/2026 00:00 - 16/04/2026 00:00","CTA|DE(Amprion)","KW Lünen Block 1","11WD7STUM1SBL10G","Fossil Hard coal","11WD7STUM1SBL10G","15/04/2026 03:00 - 15/04/2026 04:00","724.40",""
"15/04/2026 00:00 - 16/04/2026 00:00","CTA|DE(Amprion)","KW Lünen Block 1","11WD7STUM1SBL10G","Fossil Hard coal","11WD7STUM1SBL10G","15/04/2026 04:00 - 15/04/2026 05:00","724.58",""
"15/04/2026 00:00 - 16/04/2026 00:00","CTA|DE(Amprion)","KW Lünen Block 1","11WD7STUM1SBL10G","Fossil Hard coal","11WD7STUM1SBL10G","15/04/2026 05:00 - 15/04/2026 06:00","729.83",""
"15/04/2026 00:00 - 16/04/2026 00:00","CTA|DE(Amprion)","KW Lünen Block 1","11WD7STUM1SBL10G","Fossil Hard coal","11WD7STUM1SBL10G","15/04/2026 06:00 - 15/04/2026 07:00","742.45",""
"15/04/2026 00:00 - 16/04/2026 00:00","CTA|DE(Amprion)","KW Lünen Block 1","11WD7STUM1SBL10G","Fossil Hard coal","11WD7STUM1SBL10G","15/04/2026 07:00 - 15/04/2026 08:00","745.55",""
"15/04/2026 00:00 - 16/04/2026 00:00","CTA|DE(Amprion)","KW Lünen Block 1","11WD7STUM1SBL10G","Fossil Hard coal","11WD7STUM1SBL10G","15/04/2026 08:00 - 15/04/2026 09:00","736.02",""
"15/04/2026 00:00 - 16/04/2026 00:00","CTA|DE(Amprion)","KW Lünen Block 1","11WD7STUM1SBL10G","Fossil Hard coal","11WD7STUM1SBL10G","15/04/2026 09:00 - 15/04/2026 10:00","736.15",""
"15/04/2026 00:00 - 16/04/2026 00:00","CTA|DE(Amprion)","KW Lünen Block 1","11WD7STUM1SBL10G","Fossil Hard coal","11WD7STUM1SBL10G","15/04/2026 10:00 - 15/04/2026 11:00","723.17",""
"15/04/2026 00:00 - 16/04/2026 00:00","CTA|DE(Amprion)","KW Lünen Block 1","11WD7STUM1SBL10G","Fossil Hard coal","11WD7STUM1SBL10G","15/04/2026 11:00 - 15/04/2026 12:00","440.20",""
"15/04/2026 00:00 - 16/04/2026 00:00","CTA|DE(Amprion)","KW Lünen Block 1","11WD7STUM1SBL10G","Fossil Hard coal","11WD7STUM1SBL10G","15/04/2026 12:00 - 15/04/2026 13:00","307.27",""
"15/04/2026 00:00 - 16/04/2026 00:00","CTA|DE(Amprion)","KW Lünen Block 1","11WD7STUM1SBL10G","Fossil Hard coal","11WD7STUM1SBL10G","15/04/2026 13:00 - 15/04/2026 14:00","316.55",""
"15/04/2026 00:00 - 16/04/2026 00:00","CTA|DE(Amprion)","KW Lünen Block 1","11WD7STUM1SBL10G","Fossil Hard coal","11WD7STUM1SBL10G","15/04/2026 14:00 - 15/04/2026 15:00","313.60",""
"15/04/2026 00:00 - 16/04/2026 00:00","CTA|DE(Amprion)","KW Lünen Block 1","11WD7STUM1SBL10G","Fossil Hard coal","11WD7STUM1SBL10G","15/04/2026 15:00 - 15/04/2026 16:00","611.83",""
"15/04/2026 00:00 - 16/04/2026 00:00","CTA|DE(Amprion)","KW Lünen Block 1","11WD7STUM1SBL10G","Fossil Hard coal","11WD7STUM1SBL10G","15/04/2026 16:00 - 15/04/2026 17:00","724.48",""
"15/04/2026 00:00 - 16/04/2026 00:00","CTA|DE(Amprion)","KW Lünen Block 1","11WD7STUM1SBL10G","Fossil Hard coal","11WD7STUM1SBL10G","15/04/2026 17:00 - 15/04/2026 18:00","731.27",""
"15/04/2026 00:00 - 16/04/2026 00:00","CTA|DE(Amprion)","KW Lünen Block 1","11WD7STUM1SBL10G","Fossil Hard coal","11WD7STUM1SBL10G","15/04/2026 18:00 - 15/04/2026 19:00","607.10",""
"15/04/2026 00:00 - 16/04/2026 00:00","CTA|DE(Amprion)","KW Lünen Block 1","11WD7STUM1SBL10G","Fossil Hard coal","11WD7STUM1SBL10G","15/04/2026 19:00 - 15/04/2026 20:00","0.00",""
"15/04/2026 00:00 - 16/04/2026 00:00","CTA|DE(Amprion)","KW Lünen Block 1","11WD7STUM1SBL10G","Fossil Hard coal","11WD7STUM1SBL10G","15/04/2026 20:00 - 15/04/2026 21:00","0.00",""
"15/04/2026 00:00 - 16/04/2026 00:00","CTA|DE(Amprion)","KW Lünen Block 1","11WD7STUM1SBL10G","Fossil Hard coal","11WD7STUM1SBL10G","15/04/2026 21:00 - 15/04/2026 22:00","0.00",""
"15/04/2026 00:00 - 16/04/2026 00:00","CTA|DE(Amprion)","KW Lünen Block 1","11WD7STUM1SBL10G","Fossil Hard coal","11WD7STUM1SBL10G","15/04/2026 22:00 - 15/04/2026 23:00","0.00",""
"15/04/2026 00:00 - 16/04/2026 00:00","CTA|DE(Amprion)","KW Lünen Block 1","11WD7STUM1SBL10G","Fossil Hard coal","11WD7STUM1SBL10G","15/04/2026 23:00 - 16/04/2026 00:00","0.00",""
"15/04/2026 00:00 - 16/04/2026 00:00","CTA|DE(Amprion)","DESBR____CHP____","11WD7UCHT5XROEMT","Fossil Gas","11WD7UCHT5XROEMT","15/04/2026 00:00 - 15/04/2026 01:00","45.75",""
"15/04/2026 00:00 - 16/04/2026 00:00","CTA|DE(Amprion)","DESBR____CHP____","11WD7UCHT5XROEMT","Fossil Gas","11WD7UCHT5XROEMT","15/04/2026 01:00 - 15/04/2026 02:00","45.75",""
"15/04/2026 00:00 - 16/04/2026 00:00","CTA|DE(Amprion)","DESBR____CHP____","11WD7UCHT5XROEMT","Fossil Gas","11WD7UCHT5XROEMT","15/04/2026 02:00 - 15/04/2026 03:00","45.67",""
"15/04/2026 00:00 - 16/04/2026 00:00","CTA|DE(Amprion)","DESBR____CHP____","11WD7UCHT5XROEMT","Fossil Gas","11WD7UCHT5XROEMT","15/04/2026 03:00 - 15/04/2026 04:00","45.65",""
"15/04/2026 00:00 - 16/04/2026 00:00","CTA|DE(Amprion)","DESBR____CHP____","11WD7UCHT5XROEMT","Fossil Gas","11WD7UCHT5XROEMT","15/04/2026 04:00 - 15/04/2026 05:00","45.85",""
"15/04/2026 00:00 - 16/04/2026 00:00","CTA|DE(Amprion)","DESBR____CHP____","11WD7UCHT5XROEMT","Fossil Gas","11WD7UCHT5XROEMT","15/04/2026 05:00 - 15/04/2026 06:00","45.90",""
"15/04/2026 00:00 - 16/04/2026 00:00","CTA|DE(Amprion)","DESBR____CHP____","11WD7UCHT5XROEMT","Fossil Gas","11WD7UCHT5XROEMT","15/04/2026 06:00 - 15/04/2026 07:00","45.90",""
"15/04/2026 00:00 - 16/04/2026 00:00","CTA|DE(Amprion)","DESBR____CHP____","11WD7UCHT5XROEMT","Fossil Gas","11WD7UCHT5XROEMT","15/04/2026 07:00 - 15/04/2026 08:00","45.73",""
"15/04/2026 00:00 - 16/04/2026 00:00","CTA|DE(Amprion)","DESBR____CHP____","11WD7UCHT5XROEMT","Fossil Gas","11WD7UCHT5XROEMT","15/04/2026 08:00 - 15/04/2026 09:00","45.55",""
"15/04/2026 00:00 - 16/04/2026 00:00","CTA|DE(Amprion)","DESBR____CHP____","11WD7UCHT5XROEMT","Fossil Gas","11WD7UCHT5XROEMT","15/04/2026 09:00 - 15/04/2026 10:00","47.15",""
"15/04/2026 00:00 - 16/04/2026 00:00","CTA|DE(Amprion)","DESBR____CHP____","11WD7UCHT5XROEMT","Fossil Gas","11WD7UCHT5XROEMT","15/04/2026 10:00 - 15/04/2026 11:00","5.88",""
"15/04/2026 00:00 - 16/04/2026 00:00","CTA|DE(Amprion)","DESBR____CHP____","11WD7UCHT5XROEMT","Fossil Gas","11WD7UCHT5XROEMT","15/04/2026 11:00 - 15/04/2026 12:00","4.60",""
"15/04/2026 00:00 - 16/04/2026 00:00","CTA|DE(Amprion)","DESBR____CHP____","11WD7UCHT5XROEMT","Fossil Gas","11WD7UCHT5XROEMT","15/04/2026 12:00 - 15/04/2026 13:00","0.07",""
"15/04/2026 00:00 - 16/04/2026 00:00","CTA|DE(Amprion)","DESBR____CHP____","11WD7UCHT5XROEMT","Fossil Gas","11WD7UCHT5XROEMT","15/04/2026 13:00 - 15/04/2026 14:00","0.00",""
"15/04/2026 00:00 - 16/04/2026 00:00","CTA|DE(Amprion)","DESBR____CHP____","11WD7UCHT5XROEMT","Fossil Gas","11WD7UCHT5XROEMT","15/04/2026 14:00 - 15/04/2026 15:00","0.00",""
"15/04/2026 00:00 - 16/04/2026 00:00","CTA|DE(Amprion)","DESBR____CHP____","11WD7UCHT5XROEMT","Fossil Gas","11WD7UCHT5XROEMT","15/04/2026 15:00 - 15/04/2026 16:00","0.00",""
"15/04/2026 00:00 - 16/04/2026 00:00","CTA|DE(Amprion)","DESBR____CHP____","11WD7UCHT5XROEMT","Fossil Gas","11WD7UCHT5XROEMT","15/04/2026 16:00 - 15/04/2026 17:00","0.00",""
"15/04/2026 00:00 - 16/04/2026 00:00","CTA|DE(Amprion)","DESBR____CHP____","11WD7UCHT5XROEMT","Fossil Gas","11WD7UCHT5XROEMT","15/04/2026 17:00 - 15/04/2026 18:00","0.00",""
"15/04/2026 00:00 - 16/04/2026 00:00","CTA|DE(Amprion)","DESBR____CHP____","11WD7UCHT5XROEMT","Fossil Gas","11WD7UCHT5XROEMT","15/04/2026 18:00 - 15/04/2026 19:00","0.00",""
"15/04/2026 00:00 - 16/04/2026 00:00","CTA|DE(Amprion)","DESBR____CHP____","11WD7UCHT5XROEMT","Fossil Gas","11WD7UCHT5XROEMT","15/04/2026 19:00 - 15/04/2026 20:00","0.00",""
"15/04/2026 00:00 - 16/04/2026 00:00","CTA|DE(Amprion)","DESBR____CHP____","11WD7UCHT5XROEMT","Fossil Gas","11WD7UCHT5XROEMT","15/04/2026 20:00 - 15/04/2026 21:00","0.00",""
"15/04/2026 00:00 - 16/04/2026 00:00","CTA|DE(Amprion)","DESBR____CHP____","11WD7UCHT5XROEMT","Fossil Gas","11WD7UCHT5XROEMT","15/04/2026 21:00 - 15/04/2026 22:00","0.00",""
"15/04/2026 00:00 - 16/04/2026 00:00","CTA|DE(Amprion)","DESBR____CHP____","11WD7UCHT5XROEMT","Fossil Gas","11WD7UCHT5XROEMT","15/04/2026 22:00 - 15/04/2026 23:00","0.00",""
"15/04/2026 00:00 - 16/04/2026 00:00","CTA|DE(Amprion)","DESBR____CHP____","11WD7UCHT5XROEMT","Fossil Gas","11WD7UCHT5XROEMT","15/04/2026 23:00 - 16/04/2026 00:00","0.00",""
"15/04/2026 00:00 - 16/04/2026 00:00","CTA|DE(Amprion)","Vianden 1","11WD7VIAN2H-1-1O","Hydro Pumped Storage","11WD7VIAN2H-1-1O","15/04/2026 00:00 - 15/04/2026 01:00","33.60",""
"15/04/2026 00:00 - 16/04/2026 00:00","CTA|DE(Amprion)","Vianden 1","11WD7VIAN2H-1-1O","Hydro Pumped Storage","11WD7VIAN2H-1-1O","15/04/2026 01:00 - 15/04/2026 02:00","10.45",""
"15/04/2026 00:00 - 16/04/2026 00:00","CTA|DE(Amprion)","Vianden 1","11WD7VIAN2H-1-1O","Hydro Pumped Storage","11WD7VIAN2H-1-1O","15/04/2026 02:00 - 15/04/2026 03:00","24.65",""
"15/04/2026 00:00 - 16/04/2026 00:00","CTA|DE(Amprion)","Vianden 1","11WD7VIAN2H-1-1O","Hydro Pumped Storage","11WD7VIAN2H-1-1O","15/04/2026 03:00 - 15/04/2026 04:00","21.05",""
"15/04/2026 00:00 - 16/04/2026 00:00","CTA|DE(Amprion)","Vianden 1","11WD7VIAN2H-1-1O","Hydro Pumped Storage","11WD7VIAN2H-1-1O","15/04/2026 04:00 - 15/04/2026 05:00","8.55",""
"15/04/2026 00:00 - 16/04/2026 00:00","CTA|DE(Amprion)","Vianden 1","11WD7VIAN2H-1-1O","Hydro Pumped Storage","11WD7VIAN2H-1-1O","15/04/2026 05:00 - 15/04/2026 06:00","0.00",""
"15/04/2026 00:00 - 16/04/2026 00:00","CTA|DE(Amprion)","Vianden 1","11WD7VIAN2H-1-1O","Hydro Pumped Storage","11WD7VIAN2H-1-1O","15/04/2026 06:00 - 15/04/2026 07:00","32.10",""
"15/04/2026 00:00 - 16/04/2026 00:00","CTA|DE(Amprion)","Vianden 1","11WD7VIAN2H-1-1O","Hydro Pumped Storage","11WD7VIAN2H-1-1O","15/04/2026 07:00 - 15/04/2026 08:00","67.95",""
"15/04/2026 00:00 - 16/04/2026 00:00","CTA|DE(Amprion)","Vianden 1","11WD7VIAN2H-1-1O","Hydro Pumped Storage","11WD7VIAN2H-1-1O","15/04/2026 08:00 - 15/04/2026 09:00","16.90",""
"15/04/2026 00:00 - 16/04/2026 00:00","CTA|DE(Amprion)","Vianden 1","11WD7VIAN2H-1-1O","Hydro Pumped Storage","11WD7VIAN2H-1-1O","15/04/2026 09:00 - 15/04/2026 10:00","16.25",""
"15/04/2026 00:00 - 16/04/2026 00:00","CTA|DE(Amprion)","Vianden 1","11WD7VIAN2H-1-1O","Hydro Pumped Storage","11WD7VIAN2H-1-1O","15/04/2026 10:00 - 15/04/2026 11:00","0.00",""
"15/04/2026 00:00 - 16/04/2026 00:00","CTA|DE(Amprion)","Vianden 1","11WD7VIAN2H-1-1O","Hydro Pumped Storage","11WD7VIAN2H-1-1O","15/04/2026 11:00 - 15/04/2026 12:00","0.00",""
"15/04/2026 00:00 - 16/04/2026 00:00","CTA|DE(Amprion)","Vianden 1","11WD7VIAN2H-1-1O","Hydro Pumped Storage","11WD7VIAN2H-1-1O","15/04/2026 12:00 - 15/04/2026 13:00","0.00",""
"15/04/2026 00:00 - 16/04/2026 00:00","CTA|DE(Amprion)","Vianden 1","11WD7VIAN2H-1-1O","Hydro Pumped Storage","11WD7VIAN2H-1-1O","15/04/2026 13:00 - 15/04/2026 14:00","0.00",""
"15/04/2026 00:00 - 16/04/2026 00:00","CTA|DE(Amprion)","Vianden 1","11WD7VIAN2H-1-1O","Hydro Pumped Storage","11WD7VIAN2H-1-1O","15/04/2026 14:00 - 15/04/2026 15:00","0.00",""
"15/04/2026 00:00 - 16/04/2026 00:00","CTA|DE(Amprion)","Vianden 1","11WD7VIAN2H-1-1O","Hydro Pumped Storage","11WD7VIAN2H-1-1O","15/04/2026 15:00 - 15/04/2026 16:00","0.00",""
"15/04/2026 00:00 - 16/04/2026 00:00","CTA|DE(Amprion)","Vianden 1","11WD7VIAN2H-1-1O","Hydro Pumped Storage","11WD7VIAN2H-1-1O","15/04/2026 16:00 - 15/04/2026 17:00","0.00",""
"15/04/2026 00:00 - 16/04/2026 00:00","CTA|DE(Amprion)","Vianden 1","11WD7VIAN2H-1-1O","Hydro Pumped Storage","11WD7VIAN2H-1-1O","15/04/2026 17:00 - 15/04/2026 18:00","0.00",""
"15/04/2026 00:00 - 16/04/2026 00:00","CTA|DE(Amprion)","Vianden 1","11WD7VIAN2H-1-1O","Hydro Pumped Storage","11WD7VIAN2H-1-1O","15/04/2026 18:00 - 15/04/2026 19:00","27.85",""
"15/04/2026 00:00 - 16/04/2026 00:00","CTA|DE(Amprion)","Vianden 1","11WD7VIAN2H-1-1O","Hydro Pumped Storage","11WD7VIAN2H-1-1O","15/04/2026 19:00 - 15/04/2026 20:00","89.40",""
"15/04/2026 00:00 - 16/04/2026 00:00","CTA|DE(Amprion)","Vianden 1","11WD7VIAN2H-1-1O","Hydro Pumped Storage","11WD7VIAN2H-1-1O","15/04/2026 20:00 - 15/04/2026 21:00","78.75",""
"15/04/2026 00:00 - 16/04/2026 00:00","CTA|DE(Amprion)","Vianden 1","11WD7VIAN2H-1-1O","Hydro Pumped Storage","11WD7VIAN2H-1-1O","15/04/2026 21:00 - 15/04/2026 22:00","69.42",""
"15/04/2026 00:00 - 16/04/2026 00:00","CTA|DE(Amprion)","Vianden 1","11WD7VIAN2H-1-1O","Hydro Pumped Storage","11WD7VIAN2H-1-1O","15/04/2026 22:00 - 15/04/2026 23:00","10.80",""
"15/04/2026 00:00 - 16/04/2026 00:00","CTA|DE(Amprion)","Vianden 1","11WD7VIAN2H-1-1O","Hydro Pumped Storage","11WD7VIAN2H-1-1O","15/04/2026 23:00 - 16/04/2026 00:00","30.55",""
"15/04/2026 00:00 - 16/04/2026 00:00","CTA|DE(Amprion)","Vianden 2","11WD7VIAN2H-1-2M","Hydro Pumped Storage","11WD7VIAN2H-1-2M","15/04/2026 00:00 - 15/04/2026 01:00","35.58",""
"15/04/2026 00:00 - 16/04/2026 00:00","CTA|DE(Amprion)","Vianden 2","11WD7VIAN2H-1-2M","Hydro Pumped Storage","11WD7VIAN2H-1-2M","15/04/2026 01:00 - 15/04/2026 02:00","10.43",""
"15/04/2026 00:00 - 16/04/2026 00:00","CTA|DE(Amprion)","Vianden 2","11WD7VIAN2H-1-2M","Hydro Pumped Storage","11WD7VIAN2H-1-2M","15/04/2026 02:00 - 15/04/2026 03:00","24.18",""
"15/04/2026 00:00 - 16/04/2026 00:00","CTA|DE(Amprion)","Vianden 2","11WD7VIAN2H-1-2M","Hydro Pumped Storage","11WD7VIAN2H-1-2M","15/04/2026 03:00 - 15/04/2026 04:00","3.13",""
"15/04/2026 00:00 - 16/04/2026 00:00","CTA|DE(Amprion)","Vianden 2","11WD7VIAN2H-1-2M","Hydro Pumped Storage","11WD7VIAN2H-1-2M","15/04/2026 04:00 - 15/04/2026 05:00","0.00",""
"15/04/2026 00:00 - 16/04/2026 00:00","CTA|DE(Amprion)","Vianden 2","11WD7VIAN2H-1-2M","Hydro Pumped Storage","11WD7VIAN2H-1-2M","15/04/2026 05:00 - 15/04/2026 06:00","0.00",""
"15/04/2026 00:00 - 16/04/2026 00:00","CTA|DE(Amprion)","Vianden 2","11WD7VIAN2H-1-2M","Hydro Pumped Storage","11WD7VIAN2H-1-2M","15/04/2026 06:00 - 15/04/2026 07:00","32.38",""
"15/04/2026 00:00 - 16/04/2026 00:00","CTA|DE(Amprion)","Vianden 2","11WD7VIAN2H-1-2M","Hydro Pumped Storage","11WD7VIAN2H-1-2M","15/04/2026 07:00 - 15/04/2026 08:00","67.88",""
"15/04/2026 00:00 - 16/04/2026 00:00","CTA|DE(Amprion)","Vianden 2","11WD7VIAN2H-1-2M","Hydro Pumped Storage","11WD7VIAN2H-1-2M","15/04/2026 08:00 - 15/04/2026 09:00","1.38",""
"15/04/2026 00:00 - 16/04/2026 00:00","CTA|DE(Amprion)","Vianden 2","11WD7VIAN2H-1-2M","Hydro Pumped Storage","11WD7VIAN2H-1-2M","15/04/2026 09:00 - 15/04/2026 10:00","16.23",""
"15/04/2026 00:00 - 16/04/2026 00:00","CTA|DE(Amprion)","Vianden 2","11WD7VIAN2H-1-2M","Hydro Pumped Storage","11WD7VIAN2H-1-2M","15/04/2026 10:00 - 15/04/2026 11:00","0.00",""
"15/04/2026 00:00 - 16/04/2026 00:00","CTA|DE(Amprion)","Vianden 2","11WD7VIAN2H-1-2M","Hydro Pumped Storage","11WD7VIAN2H-1-2M","15/04/2026 11:00 - 15/04/2026 12:00","0.00",""
"15/04/2026 00:00 - 16/04/2026 00:00","CTA|DE(Amprion)","Vianden 2","11WD7VIAN2H-1-2M","Hydro Pumped Storage","11WD7VIAN2H-1-2M","15/04/2026 12:00 - 15/04/2026 13:00","0.00",""
"15/04/2026 00:00 - 16/04/2026 00:00","CTA|DE(Amprion)","Vianden 2","11WD7VIAN2H-1-2M","Hydro Pumped Storage","11WD7VIAN2H-1-2M","15/04/2026 13:00 - 15/04/2026 14:00","0.00",""
"15/04/2026 00:00 - 16/04/2026 00:00","CTA|DE(Amprion)","Vianden 2","11WD7VIAN2H-1-2M","Hydro Pumped Storage","11WD7VIAN2H-1-2M","15/04/2026 14:00 - 15/04/2026 15:00","0.00",""
"15/04/2026 00:00 - 16/04/2026 00:00","CTA|DE(Amprion)","Vianden 2","11WD7VIAN2H-1-2M","Hydro Pumped Storage","11WD7VIAN2H-1-2M","15/04/2026 15:00 - 15/04/2026 16:00","0.00",""
"15/04/2026 00:00 - 16/04/2026 00:00","CTA|DE(Amprion)","Vianden 2","11WD7VIAN2H-1-2M","Hydro Pumped Storage","11WD7VIAN2H-1-2M","15/04/2026 16:00 - 15/04/2026 17:00","0.00",""
"15/04/2026 00:00 - 16/04/2026 00:00","CTA|DE(Amprion)","Vianden 2","11WD7VIAN2H-1-2M","Hydro Pumped Storage","11WD7VIAN2H-1-2M","15/04/2026 17:00 - 15/04/2026 18:00","0.00",""
"15/04/2026 00:00 - 16/04/2026 00:00","CTA|DE(Amprion)","Vianden 2","11WD7VIAN2H-1-2M","Hydro Pumped Storage","11WD7VIAN2H-1-2M","15/04/2026 18:00 - 15/04/2026 19:00","30.77",""
"15/04/2026 00:00 - 16/04/2026 00:00","CTA|DE(Amprion)","Vianden 2","11WD7VIAN2H-1-2M","Hydro Pumped Storage","11WD7VIAN2H-1-2M","15/04/2026 19:00 - 15/04/2026 20:00","91.15",""
"15/04/2026 00:00 - 16/04/2026 00:00","CTA|DE(Amprion)","Vianden 2","11WD7VIAN2H-1-2M","Hydro Pumped Storage","11WD7VIAN2H-1-2M","15/04/2026 20:00 - 15/04/2026 21:00","85.33",""
"15/04/2026 00:00 - 16/04/2026 00:00","CTA|DE(Amprion)","Vianden 2","11WD7VIAN2H-1-2M","Hydro Pumped Storage","11WD7VIAN2H-1-2M","15/04/2026 21:00 - 15/04/2026 22:00","18.70",""
"15/04/2026 00:00 - 16/04/2026 00:00","CTA|DE(Amprion)","Vianden 2","11WD7VIAN2H-1-2M","Hydro Pumped Storage","11WD7VIAN2H-1-2M","15/04/2026 22:00 - 15/04/2026 23:00","0.00",""
"15/04/2026 00:00 - 16/04/2026 00:00","CTA|DE(Amprion)","Vianden 2","11WD7VIAN2H-1-2M","Hydro Pumped Storage","11WD7VIAN2H-1-2M","15/04/2026 23:00 - 16/04/2026 00:00","0.00",""
"15/04/2026 00:00 - 16/04/2026 00:00","CTA|DE(Amprion)","Vianden 3","11WD7VIAN2H-1-3K","Hydro Pumped Storage","11WD7VIAN2H-1-3K","15/04/2026 00:00 - 15/04/2026 01:00","0.10",""
"15/04/2026 00:00 - 16/04/2026 00:00","CTA|DE(Amprion)","Vianden 3","11WD7VIAN2H-1-3K","Hydro Pumped Storage","11WD7VIAN2H-1-3K","15/04/2026 01:00 - 15/04/2026 02:00","0.10",""
"15/04/2026 00:00 - 16/04/2026 00:00","CTA|DE(Amprion)","Vianden 3","11WD7VIAN2H-1-3K","Hydro Pumped Storage","11WD7VIAN2H-1-3K","15/04/2026 02:00 - 15/04/2026 03:00","0.10",""
"15/04/2026 00:00 - 16/04/2026 00:00","CTA|DE(Amprion)","Vianden 3","11WD7VIAN2H-1-3K","Hydro Pumped Storage","11WD7VIAN2H-1-3K","15/04/2026 03:00 - 15/04/2026 04:00","0.10",""
"15/04/2026 00:00 - 16/04/2026 00:00","CTA|DE(Amprion)","Vianden 3","11WD7VIAN2H-1-3K","Hydro Pumped Storage","11WD7VIAN2H-1-3K","15/04/2026 04:00 - 15/04/2026 05:00","0.10",""
"15/04/2026 00:00 - 16/04/2026 00:00","CTA|DE(Amprion)","Vianden 3","11WD7VIAN2H-1-3K","Hydro Pumped Storage","11WD7VIAN2H-1-3K","15/04/2026 05:00 - 15/04/2026 06:00","0.10",""
"15/04/2026 00:00 - 16/04/2026 00:00","CTA|DE(Amprion)","Vianden 3","11WD7VIAN2H-1-3K","Hydro Pumped Storage","11WD7VIAN2H-1-3K","15/04/2026 06:00 - 15/04/2026 07:00","33.52",""
"15/04/2026 00:00 - 16/04/2026 00:00","CTA|DE(Amprion)","Vianden 3","11WD7VIAN2H-1-3K","Hydro Pumped Storage","11WD7VIAN2H-1-3K","15/04/2026 07:00 - 15/04/2026 08:00","69.45",""
"15/04/2026 00:00 - 16/04/2026 00:00","CTA|DE(Amprion)","Vianden 3","11WD7VIAN2H-1-3K","Hydro Pumped Storage","11WD7VIAN2H-1-3K","15/04/2026 08:00 - 15/04/2026 09:00","0.63",""
"15/04/2026 00:00 - 16/04/2026 00:00","CTA|DE(Amprion)","Vianden 3","11WD7VIAN2H-1-3K","Hydro Pumped Storage","11WD7VIAN2H-1-3K","15/04/2026 09:00 - 15/04/2026 10:00","0.07",""
"15/04/2026 00:00 - 16/04/2026 00:00","CTA|DE(Amprion)","Vianden 3","11WD7VIAN2H-1-3K","Hydro Pumped Storage","11WD7VIAN2H-1-3K","15/04/2026 10:00 - 15/04/2026 11:00","0.00",""
"15/04/2026 00:00 - 16/04/2026 00:00","CTA|DE(Amprion)","Vianden 3","11WD7VIAN2H-1-3K","Hydro Pumped Storage","11WD7VIAN2H-1-3K","15/04/2026 11:00 - 15/04/2026 12:00","0.00",""
"15/04/2026 00:00 - 16/04/2026 00:00","CTA|DE(Amprion)","Vianden 3","11WD7VIAN2H-1-3K","Hydro Pumped Storage","11WD7VIAN2H-1-3K","15/04/2026 12:00 - 15/04/2026 13:00","0.00",""
"15/04/2026 00:00 - 16/04/2026 00:00","CTA|DE(Amprion)","Vianden 3","11WD7VIAN2H-1-3K","Hydro Pumped Storage","11WD7VIAN2H-1-3K","15/04/2026 13:00 - 15/04/2026 14:00","0.00",""
"15/04/2026 00:00 - 16/04/2026 00:00","CTA|DE(Amprion)","Vianden 3","11WD7VIAN2H-1-3K","Hydro Pumped Storage","11WD7VIAN2H-1-3K","15/04/2026 14:00 - 15/04/2026 15:00","0.00",""
"15/04/2026 00:00 - 16/04/2026 00:00","CTA|DE(Amprion)","Vianden 3","11WD7VIAN2H-1-3K","Hydro Pumped Storage","11WD7VIAN2H-1-3K","15/04/2026 15:00 - 15/04/2026 16:00","0.03",""
"15/04/2026 00:00 - 16/04/2026 00:00","CTA|DE(Amprion)","Vianden 3","11WD7VIAN2H-1-3K","Hydro Pumped Storage","11WD7VIAN2H-1-3K","15/04/2026 16:00 - 15/04/2026 17:00","0.10",""
"15/04/2026 00:00 - 16/04/2026 00:00","CTA|DE(Amprion)","Vianden 3","11WD7VIAN2H-1-3K","Hydro Pumped Storage","11WD7VIAN2H-1-3K","15/04/2026 17:00 - 15/04/2026 18:00","0.10",""
"15/04/2026 00:00 - 16/04/2026 00:00","CTA|DE(Amprion)","Vianden 3","11WD7VIAN2H-1-3K","Hydro Pumped Storage","11WD7VIAN2H-1-3K","15/04/2026 18:00 - 15/04/2026 19:00","32.98",""
"15/04/2026 00:00 - 16/04/2026 00:00","CTA|DE(Amprion)","Vianden 3","11WD7VIAN2H-1-3K","Hydro Pumped Storage","11WD7VIAN2H-1-3K","15/04/2026 19:00 - 15/04/2026 20:00","94.05",""
"15/04/2026 00:00 - 16/04/2026 00:00","CTA|DE(Amprion)","Vianden 3","11WD7VIAN2H-1-3K","Hydro Pumped Storage","11WD7VIAN2H-1-3K","15/04/2026 20:00 - 15/04/2026 21:00","72.38",""
"15/04/2026 00:00 - 16/04/2026 00:00","CTA|DE(Amprion)","Vianden 3","11WD7VIAN2H-1-3K","Hydro Pumped Storage","11WD7VIAN2H-1-3K","15/04/2026 21:00 - 15/04/2026 22:00","19.35",""
"15/04/2026 00:00 - 16/04/2026 00:00","CTA|DE(Amprion)","Vianden 3","11WD7VIAN2H-1-3K","Hydro Pumped Storage","11WD7VIAN2H-1-3K","15/04/2026 22:00 - 15/04/2026 23:00","0.10",""
"15/04/2026 00:00 - 16/04/2026 00:00","CTA|DE(Amprion)","Vianden 3","11WD7VIAN2H-1-3K","Hydro Pumped Storage","11WD7VIAN2H-1-3K","15/04/2026 23:00 - 16/04/2026 00:00","0.10",""
"15/04/2026 00:00 - 16/04/2026 00:00","CTA|DE(Amprion)","Vianden 4","11WD7VIAN2H-1-4I","Hydro Pumped Storage","11WD7VIAN2H-1-4I","15/04/2026 00:00 - 15/04/2026 01:00","0.00",""
"15/04/2026 00:00 - 16/04/2026 00:00","CTA|DE(Amprion)","Vianden 4","11WD7VIAN2H-1-4I","Hydro Pumped Storage","11WD7VIAN2H-1-4I","15/04/2026 01:00 - 15/04/2026 02:00","0.00",""
"15/04/2026 00:00 - 16/04/2026 00:00","CTA|DE(Amprion)","Vianden 4","11WD7VIAN2H-1-4I","Hydro Pumped Storage","11WD7VIAN2H-1-4I","15/04/2026 02:00 - 15/04/2026 03:00","0.00",""
"15/04/2026 00:00 - 16/04/2026 00:00","CTA|DE(Amprion)","Vianden 4","11WD7VIAN2H-1-4I","Hydro Pumped Storage","11WD7VIAN2H-1-4I","15/04/2026 03:00 - 15/04/2026 04:00","0.00",""
"15/04/2026 00:00 - 16/04/2026 00:00","CTA|DE(Amprion)","Vianden 4","11WD7VIAN2H-1-4I","Hydro Pumped Storage","11WD7VIAN2H-1-4I","15/04/2026 04:00 - 15/04/2026 05:00","0.00",""
"15/04/2026 00:00 - 16/04/2026 00:00","CTA|DE(Amprion)","Vianden 4","11WD7VIAN2H-1-4I","Hydro Pumped Storage","11WD7VIAN2H-1-4I","15/04/2026 05:00 - 15/04/2026 06:00","0.00",""
"15/04/2026 00:00 - 16/04/2026 00:00","CTA|DE(Amprion)","Vianden 4","11WD7VIAN2H-1-4I","Hydro Pumped Storage","11WD7VIAN2H-1-4I","15/04/2026 06:00 - 15/04/2026 07:00","0.00",""
"15/04/2026 00:00 - 16/04/2026 00:00","CTA|DE(Amprion)","Vianden 4","11WD7VIAN2H-1-4I","Hydro Pumped Storage","11WD7VIAN2H-1-4I","15/04/2026 07:00 - 15/04/2026 08:00","0.00",""
"15/04/2026 00:00 - 16/04/2026 00:00","CTA|DE(Amprion)","Vianden 4","11WD7VIAN2H-1-4I","Hydro Pumped Storage","11WD7VIAN2H-1-4I","15/04/2026 08:00 - 15/04/2026 09:00","0.00",""
"15/04/2026 00:00 - 16/04/2026 00:00","CTA|DE(Amprion)","Vianden 4","11WD7VIAN2H-1-4I","Hydro Pumped Storage","11WD7VIAN2H-1-4I","15/04/2026 09:00 - 15/04/2026 10:00","0.00",""
"15/04/2026 00:00 - 16/04/2026 00:00","CTA|DE(Amprion)","Vianden 4","11WD7VIAN2H-1-4I","Hydro Pumped Storage","11WD7VIAN2H-1-4I","15/04/2026 10:00 - 15/04/2026 11:00","0.00",""
"15/04/2026 00:00 - 16/04/2026 00:00","CTA|DE(Amprion)","Vianden 4","11WD7VIAN2H-1-4I","Hydro Pumped Storage","11WD7VIAN2H-1-4I","15/04/2026 11:00 - 15/04/2026 12:00","0.00",""
"15/04/2026 00:00 - 16/04/2026 00:00","CTA|DE(Amprion)","Vianden 4","11WD7VIAN2H-1-4I","Hydro Pumped Storage","11WD7VIAN2H-1-4I","15/04/2026 12:00 - 15/04/2026 13:00","0.00",""
"15/04/2026 00:00 - 16/04/2026 00:00","CTA|DE(Amprion)","Vianden 4","11WD7VIAN2H-1-4I","Hydro Pumped Storage","11WD7VIAN2H-1-4I","15/04/2026 13:00 - 15/04/2026 14:00","0.00",""
"15/04/2026 00:00 - 16/04/2026 00:00","CTA|DE(Amprion)","Vianden 4","11WD7VIAN2H-1-4I","Hydro Pumped Storage","11WD7VIAN2H-1-4I","15/04/2026 14:00 - 15/04/2026 15:00","0.00",""
"15/04/2026 00:00 - 16/04/2026 00:00","CTA|DE(Amprion)","Vianden 4","11WD7VIAN2H-1-4I","Hydro Pumped Storage","11WD7VIAN2H-1-4I","15/04/2026 15:00 - 15/04/2026 16:00","0.00",""
"15/04/2026 00:00 - 16/04/2026 00:00","CTA|DE(Amprion)","Vianden 4","11WD7VIAN2H-1-4I","Hydro Pumped Storage","11WD7VIAN2H-1-4I","15/04/2026 16:00 - 15/04/2026 17:00","0.00",""
"15/04/2026 00:00 - 16/04/2026 00:00","CTA|DE(Amprion)","Vianden 4","11WD7VIAN2H-1-4I","Hydro Pumped Storage","11WD7VIAN2H-1-4I","15/04/2026 17:00 - 15/04/2026 18:00","0.00",""
"15/04/2026 00:00 - 16/04/2026 00:00","CTA|DE(Amprion)","Vianden 4","11WD7VIAN2H-1-4I","Hydro Pumped Storage","11WD7VIAN2H-1-4I","15/04/2026 18:00 - 15/04/2026 19:00","33.58",""
"15/04/2026 00:00 - 16/04/2026 00:00","CTA|DE(Amprion)","Vianden 4","11WD7VIAN2H-1-4I","Hydro Pumped Storage","11WD7VIAN2H-1-4I","15/04/2026 19:00 - 15/04/2026 20:00","91.30",""
"15/04/2026 00:00 - 16/04/2026 00:00","CTA|DE(Amprion)","Vianden 4","11WD7VIAN2H-1-4I","Hydro Pumped Storage","11WD7VIAN2H-1-4I","15/04/2026 20:00 - 15/04/2026 21:00","70.70",""
"15/04/2026 00:00 - 16/04/2026 00:00","CTA|DE(Amprion)","Vianden 4","11WD7VIAN2H-1-4I","Hydro Pumped Storage","11WD7VIAN2H-1-4I","15/04/2026 21:00 - 15/04/2026 22:00","37.30",""
"15/04/2026 00:00 - 16/04/2026 00:00","CTA|DE(Amprion)","Vianden 4","11WD7VIAN2H-1-4I","Hydro Pumped Storage","11WD7VIAN2H-1-4I","15/04/2026 22:00 - 15/04/2026 23:00","0.00",""
"15/04/2026 00:00 - 16/04/2026 00:00","CTA|DE(Amprion)","Vianden 4","11WD7VIAN2H-1-4I","Hydro Pumped Storage","11WD7VIAN2H-1-4I","15/04/2026 23:00 - 16/04/2026 00:00","0.00",""
"15/04/2026 00:00 - 16/04/2026 00:00","CTA|DE(Amprion)","Vianden 5","11WD7VIAN2H-2-5C","Hydro Pumped Storage","11WD7VIAN2H-2-5C","15/04/2026 00:00 - 15/04/2026 01:00","0.00",""
"15/04/2026 00:00 - 16/04/2026 00:00","CTA|DE(Amprion)","Vianden 5","11WD7VIAN2H-2-5C","Hydro Pumped Storage","11WD7VIAN2H-2-5C","15/04/2026 01:00 - 15/04/2026 02:00","0.00",""
"15/04/2026 00:00 - 16/04/2026 00:00","CTA|DE(Amprion)","Vianden 5","11WD7VIAN2H-2-5C","Hydro Pumped Storage","11WD7VIAN2H-2-5C","15/04/2026 02:00 - 15/04/2026 03:00","0.00",""
"15/04/2026 00:00 - 16/04/2026 00:00","CTA|DE(Amprion)","Vianden 5","11WD7VIAN2H-2-5C","Hydro Pumped Storage","11WD7VIAN2H-2-5C","15/04/2026 03:00 - 15/04/2026 04:00","0.00",""
"15/04/2026 00:00 - 16/04/2026 00:00","CTA|DE(Amprion)","Vianden 5","11WD7VIAN2H-2-5C","Hydro Pumped Storage","11WD7VIAN2H-2-5C","15/04/2026 04:00 - 15/04/2026 05:00","0.00",""
"15/04/2026 00:00 - 16/04/2026 00:00","CTA|DE(Amprion)","Vianden 5","11WD7VIAN2H-2-5C","Hydro Pumped Storage","11WD7VIAN2H-2-5C","15/04/2026 05:00 - 15/04/2026 06:00","0.00",""
"15/04/2026 00:00 - 16/04/2026 00:00","CTA|DE(Amprion)","Vianden 5","11WD7VIAN2H-2-5C","Hydro Pumped Storage","11WD7VIAN2H-2-5C","15/04/2026 06:00 - 15/04/2026 07:00","0.00",""
"15/04/2026 00:00 - 16/04/2026 00:00","CTA|DE(Amprion)","Vianden 5","11WD7VIAN2H-2-5C","Hydro Pumped Storage","11WD7VIAN2H-2-5C","15/04/2026 07:00 - 15/04/2026 08:00","0.00",""
"15/04/2026 00:00 - 16/04/2026 00:00","CTA|DE(Amprion)","Vianden 5","11WD7VIAN2H-2-5C","Hydro Pumped Storage","11WD7VIAN2H-2-5C","15/04/2026 08:00 - 15/04/2026 09:00","0.00",""
"15/04/2026 00:00 - 16/04/2026 00:00","CTA|DE(Amprion)","Vianden 5","11WD7VIAN2H-2-5C","Hydro Pumped Storage","11WD7VIAN2H-2-5C","15/04/2026 09:00 - 15/04/2026 10:00","0.00",""
"15/04/2026 00:00 - 16/04/2026 00:00","CTA|DE(Amprion)","Vianden 5","11WD7VIAN2H-2-5C","Hydro Pumped Storage","11WD7VIAN2H-2-5C","15/04/2026 10:00 - 15/04/2026 11:00","0.00",""
"15/04/2026 00:00 - 16/04/2026 00:00","CTA|DE(Amprion)","Vianden 5","11WD7VIAN2H-2-5C","Hydro Pumped Storage","11WD7VIAN2H-2-5C","15/04/2026 11:00 - 15/04/2026 12:00","0.00",""
"15/04/2026 00:00 - 16/04/2026 00:00","CTA|DE(Amprion)","Vianden 5","11WD7VIAN2H-2-5C","Hydro Pumped Storage","11WD7VIAN2H-2-5C","15/04/2026 12:00 - 15/04/2026 13:00","0.00",""
"15/04/2026 00:00 - 16/04/2026 00:00","CTA|DE(Amprion)","Vianden 5","11WD7VIAN2H-2-5C","Hydro Pumped Storage","11WD7VIAN2H-2-5C","15/04/2026 13:00 - 15/04/2026 14:00","0.00",""
"15/04/2026 00:00 - 16/04/2026 00:00","CTA|DE(Amprion)","Vianden 5","11WD7VIAN2H-2-5C","Hydro Pumped Storage","11WD7VIAN2H-2-5C","15/04/2026 14:00 - 15/04/2026 15:00","0.00",""
"15/04/2026 00:00 - 16/04/2026 00:00","CTA|DE(Amprion)","Vianden 5","11WD7VIAN2H-2-5C","Hydro Pumped Storage","11WD7VIAN2H-2-5C","15/04/2026 15:00 - 15/04/2026 16:00","0.00",""
"15/04/2026 00:00 - 16/04/2026 00:00","CTA|DE(Amprion)","Vianden 5","11WD7VIAN2H-2-5C","Hydro Pumped Storage","11WD7VIAN2H-2-5C","15/04/2026 16:00 - 15/04/2026 17:00","0.00",""
"15/04/2026 00:00 - 16/04/2026 00:00","CTA|DE(Amprion)","Vianden 5","11WD7VIAN2H-2-5C","Hydro Pumped Storage","11WD7VIAN2H-2-5C","15/04/2026 17:00 - 15/04/2026 18:00","0.00",""
"15/04/2026 00:00 - 16/04/2026 00:00","CTA|DE(Amprion)","Vianden 5","11WD7VIAN2H-2-5C","Hydro Pumped Storage","11WD7VIAN2H-2-5C","15/04/2026 18:00 - 15/04/2026 19:00","0.00",""
"15/04/2026 00:00 - 16/04/2026 00:00","CTA|DE(Amprion)","Vianden 5","11WD7VIAN2H-2-5C","Hydro Pumped Storage","11WD7VIAN2H-2-5C","15/04/2026 19:00 - 15/04/2026 20:00","0.00",""
"15/04/2026 00:00 - 16/04/2026 00:00","CTA|DE(Amprion)","Vianden 5","11WD7VIAN2H-2-5C","Hydro Pumped Storage","11WD7VIAN2H-2-5C","15/04/2026 20:00 - 15/04/2026 21:00","0.00",""
"15/04/2026 00:00 - 16/04/2026 00:00","CTA|DE(Amprion)","Vianden 5","11WD7VIAN2H-2-5C","Hydro Pumped Storage","11WD7VIAN2H-2-5C","15/04/2026 21:00 - 15/04/2026 22:00","0.00",""
"15/04/2026 00:00 - 16/04/2026 00:00","CTA|DE(Amprion)","Vianden 5","11WD7VIAN2H-2-5C","Hydro Pumped Storage","11WD7VIAN2H-2-5C","15/04/2026 22:00 - 15/04/2026 23:00","0.00",""
"15/04/2026 00:00 - 16/04/2026 00:00","CTA|DE(Amprion)","Vianden 5","11WD7VIAN2H-2-5C","Hydro Pumped Storage","11WD7VIAN2H-2-5C","15/04/2026 23:00 - 16/04/2026 00:00","0.00",""
"15/04/2026 00:00 - 16/04/2026 00:00","CTA|DE(Amprion)","Vianden 6","11WD7VIAN2H-2-6A","Hydro Pumped Storage","11WD7VIAN2H-2-6A","15/04/2026 00:00 - 15/04/2026 01:00","0.00",""
"15/04/2026 00:00 - 16/04/2026 00:00","CTA|DE(Amprion)","Vianden 6","11WD7VIAN2H-2-6A","Hydro Pumped Storage","11WD7VIAN2H-2-6A","15/04/2026 01:00 - 15/04/2026 02:00","0.00",""
"15/04/2026 00:00 - 16/04/2026 00:00","CTA|DE(Amprion)","Vianden 6","11WD7VIAN2H-2-6A","Hydro Pumped Storage","11WD7VIAN2H-2-6A","15/04/2026 02:00 - 15/04/2026 03:00","0.00",""
"15/04/2026 00:00 - 16/04/2026 00:00","CTA|DE(Amprion)","Vianden 6","11WD7VIAN2H-2-6A","Hydro Pumped Storage","11WD7VIAN2H-2-6A","15/04/2026 03:00 - 15/04/2026 04:00","0.00",""
"15/04/2026 00:00 - 16/04/2026 00:00","CTA|DE(Amprion)","Vianden 6","11WD7VIAN2H-2-6A","Hydro Pumped Storage","11WD7VIAN2H-2-6A","15/04/2026 04:00 - 15/04/2026 05:00","0.00",""
"15/04/2026 00:00 - 16/04/2026 00:00","CTA|DE(Amprion)","Vianden 6","11WD7VIAN2H-2-6A","Hydro Pumped Storage","11WD7VIAN2H-2-6A","15/04/2026 05:00 - 15/04/2026 06:00","0.00",""
"15/04/2026 00:00 - 16/04/2026 00:00","CTA|DE(Amprion)","Vianden 6","11WD7VIAN2H-2-6A","Hydro Pumped Storage","11WD7VIAN2H-2-6A","15/04/2026 06:00 - 15/04/2026 07:00","0.00",""
"15/04/2026 00:00 - 16/04/2026 00:00","CTA|DE(Amprion)","Vianden 6","11WD7VIAN2H-2-6A","Hydro Pumped Storage","11WD7VIAN2H-2-6A","15/04/2026 07:00 - 15/04/2026 08:00","0.00",""
"15/04/2026 00:00 - 16/04/2026 00:00","CTA|DE(Amprion)","Vianden 6","11WD7VIAN2H-2-6A","Hydro Pumped Storage","11WD7VIAN2H-2-6A","15/04/2026 08:00 - 15/04/2026 09:00","0.00",""
"15/04/2026 00:00 - 16/04/2026 00:00","CTA|DE(Amprion)","Vianden 6","11WD7VIAN2H-2-6A","Hydro Pumped Storage","11WD7VIAN2H-2-6A","15/04/2026 09:00 - 15/04/2026 10:00","0.00",""
"15/04/2026 00:00 - 16/04/2026 00:00","CTA|DE(Amprion)","Vianden 6","11WD7VIAN2H-2-6A","Hydro Pumped Storage","11WD7VIAN2H-2-6A","15/04/2026 10:00 - 15/04/2026 11:00","0.00",""
"15/04/2026 00:00 - 16/04/2026 00:00","CTA|DE(Amprion)","Vianden 6","11WD7VIAN2H-2-6A","Hydro Pumped Storage","11WD7VIAN2H-2-6A","15/04/2026 11:00 - 15/04/2026 12:00","0.00",""
"15/04/2026 00:00 - 16/04/2026 00:00","CTA|DE(Amprion)","Vianden 6","11WD7VIAN2H-2-6A","Hydro Pumped Storage","11WD7VIAN2H-2-6A","15/04/2026 12:00 - 15/04/2026 13:00","0.00",""
"15/04/2026 00:00 - 16/04/2026 00:00","CTA|DE(Amprion)","Vianden 6","11WD7VIAN2H-2-6A","Hydro Pumped Storage","11WD7VIAN2H-2-6A","15/04/2026 13:00 - 15/04/2026 14:00","0.00",""
"15/04/2026 00:00 - 16/04/2026 00:00","CTA|DE(Amprion)","Vianden 6","11WD7VIAN2H-2-6A","Hydro Pumped Storage","11WD7VIAN2H-2-6A","15/04/2026 14:00 - 15/04/2026 15:00","0.00",""
"15/04/2026 00:00 - 16/04/2026 00:00","CTA|DE(Amprion)","Vianden 6","11WD7VIAN2H-2-6A","Hydro Pumped Storage","11WD7VIAN2H-2-6A","15/04/2026 15:00 - 15/04/2026 16:00","0.00",""
"15/04/2026 00:00 - 16/04/2026 00:00","CTA|DE(Amprion)","Vianden 6","11WD7VIAN2H-2-6A","Hydro Pumped Storage","11WD7VIAN2H-2-6A","15/04/2026 16:00 - 15/04/2026 17:00","3.75",""
"15/04/2026 00:00 - 16/04/2026 00:00","CTA|DE(Amprion)","Vianden 6","11WD7VIAN2H-2-6A","Hydro Pumped Storage","11WD7VIAN2H-2-6A","15/04/2026 17:00 - 15/04/2026 18:00","36.08",""
"15/04/2026 00:00 - 16/04/2026 00:00","CTA|DE(Amprion)","Vianden 6","11WD7VIAN2H-2-6A","Hydro Pumped Storage","11WD7VIAN2H-2-6A","15/04/2026 18:00 - 15/04/2026 19:00","67.15",""
"15/04/2026 00:00 - 16/04/2026 00:00","CTA|DE(Amprion)","Vianden 6","11WD7VIAN2H-2-6A","Hydro Pumped Storage","11WD7VIAN2H-2-6A","15/04/2026 19:00 - 15/04/2026 20:00","89.05",""
"15/04/2026 00:00 - 16/04/2026 00:00","CTA|DE(Amprion)","Vianden 6","11WD7VIAN2H-2-6A","Hydro Pumped Storage","11WD7VIAN2H-2-6A","15/04/2026 20:00 - 15/04/2026 21:00","76.38",""
"15/04/2026 00:00 - 16/04/2026 00:00","CTA|DE(Amprion)","Vianden 6","11WD7VIAN2H-2-6A","Hydro Pumped Storage","11WD7VIAN2H-2-6A","15/04/2026 21:00 - 15/04/2026 22:00","17.98",""
"15/04/2026 00:00 - 16/04/2026 00:00","CTA|DE(Amprion)","Vianden 6","11WD7VIAN2H-2-6A","Hydro Pumped Storage","11WD7VIAN2H-2-6A","15/04/2026 22:00 - 15/04/2026 23:00","0.00",""
"15/04/2026 00:00 - 16/04/2026 00:00","CTA|DE(Amprion)","Vianden 6","11WD7VIAN2H-2-6A","Hydro Pumped Storage","11WD7VIAN2H-2-6A","15/04/2026 23:00 - 16/04/2026 00:00","0.00",""
"15/04/2026 00:00 - 16/04/2026 00:00","CTA|DE(Amprion)","Vianden 7","11WD7VIAN2H-2-78","Hydro Pumped Storage","11WD7VIAN2H-2-78","15/04/2026 00:00 - 15/04/2026 01:00","0.00",""
"15/04/2026 00:00 - 16/04/2026 00:00","CTA|DE(Amprion)","Vianden 7","11WD7VIAN2H-2-78","Hydro Pumped Storage","11WD7VIAN2H-2-78","15/04/2026 01:00 - 15/04/2026 02:00","0.00",""
"15/04/2026 00:00 - 16/04/2026 00:00","CTA|DE(Amprion)","Vianden 7","11WD7VIAN2H-2-78","Hydro Pumped Storage","11WD7VIAN2H-2-78","15/04/2026 02:00 - 15/04/2026 03:00","0.00",""
"15/04/2026 00:00 - 16/04/2026 00:00","CTA|DE(Amprion)","Vianden 7","11WD7VIAN2H-2-78","Hydro Pumped Storage","11WD7VIAN2H-2-78","15/04/2026 03:00 - 15/04/2026 04:00","0.00",""
"15/04/2026 00:00 - 16/04/2026 00:00","CTA|DE(Amprion)","Vianden 7","11WD7VIAN2H-2-78","Hydro Pumped Storage","11WD7VIAN2H-2-78","15/04/2026 04:00 - 15/04/2026 05:00","0.00",""
"15/04/2026 00:00 - 16/04/2026 00:00","CTA|DE(Amprion)","Vianden 7","11WD7VIAN2H-2-78","Hydro Pumped Storage","11WD7VIAN2H-2-78","15/04/2026 05:00 - 15/04/2026 06:00","0.00",""
"15/04/2026 00:00 - 16/04/2026 00:00","CTA|DE(Amprion)","Vianden 7","11WD7VIAN2H-2-78","Hydro Pumped Storage","11WD7VIAN2H-2-78","15/04/2026 06:00 - 15/04/2026 07:00","0.00",""
"15/04/2026 00:00 - 16/04/2026 00:00","CTA|DE(Amprion)","Vianden 7","11WD7VIAN2H-2-78","Hydro Pumped Storage","11WD7VIAN2H-2-78","15/04/2026 07:00 - 15/04/2026 08:00","0.00",""
"15/04/2026 00:00 - 16/04/2026 00:00","CTA|DE(Amprion)","Vianden 7","11WD7VIAN2H-2-78","Hydro Pumped Storage","11WD7VIAN2H-2-78","15/04/2026 08:00 - 15/04/2026 09:00","0.00",""
"15/04/2026 00:00 - 16/04/2026 00:00","CTA|DE(Amprion)","Vianden 7","11WD7VIAN2H-2-78","Hydro Pumped Storage","11WD7VIAN2H-2-78","15/04/2026 09:00 - 15/04/2026 10:00","0.00",""
"15/04/2026 00:00 - 16/04/2026 00:00","CTA|DE(Amprion)","Vianden 7","11WD7VIAN2H-2-78","Hydro Pumped Storage","11WD7VIAN2H-2-78","15/04/2026 10:00 - 15/04/2026 11:00","0.00",""
"15/04/2026 00:00 - 16/04/2026 00:00","CTA|DE(Amprion)","Vianden 7","11WD7VIAN2H-2-78","Hydro Pumped Storage","11WD7VIAN2H-2-78","15/04/2026 11:00 - 15/04/2026 12:00","0.00",""
"15/04/2026 00:00 - 16/04/2026 00:00","CTA|DE(Amprion)","Vianden 7","11WD7VIAN2H-2-78","Hydro Pumped Storage","11WD7VIAN2H-2-78","15/04/2026 12:00 - 15/04/2026 13:00","0.00",""
"15/04/2026 00:00 - 16/04/2026 00:00","CTA|DE(Amprion)","Vianden 7","11WD7VIAN2H-2-78","Hydro Pumped Storage","11WD7VIAN2H-2-78","15/04/2026 13:00 - 15/04/2026 14:00","0.00",""
"15/04/2026 00:00 - 16/04/2026 00:00","CTA|DE(Amprion)","Vianden 7","11WD7VIAN2H-2-78","Hydro Pumped Storage","11WD7VIAN2H-2-78","15/04/2026 14:00 - 15/04/2026 15:00","0.00",""
"15/04/2026 00:00 - 16/04/2026 00:00","CTA|DE(Amprion)","Vianden 7","11WD7VIAN2H-2-78","Hydro Pumped Storage","11WD7VIAN2H-2-78","15/04/2026 15:00 - 15/04/2026 16:00","0.00",""
"15/04/2026 00:00 - 16/04/2026 00:00","CTA|DE(Amprion)","Vianden 7","11WD7VIAN2H-2-78","Hydro Pumped Storage","11WD7VIAN2H-2-78","15/04/2026 16:00 - 15/04/2026 17:00","0.00",""
"15/04/2026 00:00 - 16/04/2026 00:00","CTA|DE(Amprion)","Vianden 7","11WD7VIAN2H-2-78","Hydro Pumped Storage","11WD7VIAN2H-2-78","15/04/2026 17:00 - 15/04/2026 18:00","0.00",""
"15/04/2026 00:00 - 16/04/2026 00:00","CTA|DE(Amprion)","Vianden 7","11WD7VIAN2H-2-78","Hydro Pumped Storage","11WD7VIAN2H-2-78","15/04/2026 18:00 - 15/04/2026 19:00","36.10",""
"15/04/2026 00:00 - 16/04/2026 00:00","CTA|DE(Amprion)","Vianden 7","11WD7VIAN2H-2-78","Hydro Pumped Storage","11WD7VIAN2H-2-78","15/04/2026 19:00 - 15/04/2026 20:00","83.00",""
"15/04/2026 00:00 - 16/04/2026 00:00","CTA|DE(Amprion)","Vianden 7","11WD7VIAN2H-2-78","Hydro Pumped Storage","11WD7VIAN2H-2-78","15/04/2026 20:00 - 15/04/2026 21:00","76.55",""
"15/04/2026 00:00 - 16/04/2026 00:00","CTA|DE(Amprion)","Vianden 7","11WD7VIAN2H-2-78","Hydro Pumped Storage","11WD7VIAN2H-2-78","15/04/2026 21:00 - 15/04/2026 22:00","63.40",""
"15/04/2026 00:00 - 16/04/2026 00:00","CTA|DE(Amprion)","Vianden 7","11WD7VIAN2H-2-78","Hydro Pumped Storage","11WD7VIAN2H-2-78","15/04/2026 22:00 - 15/04/2026 23:00","0.00",""
"15/04/2026 00:00 - 16/04/2026 00:00","CTA|DE(Amprion)","Vianden 7","11WD7VIAN2H-2-78","Hydro Pumped Storage","11WD7VIAN2H-2-78","15/04/2026 23:00 - 16/04/2026 00:00","0.00",""
"15/04/2026 00:00 - 16/04/2026 00:00","CTA|DE(Amprion)","Vianden 8","11WD7VIAN2H-2-86","Hydro Pumped Storage","11WD7VIAN2H-2-86","15/04/2026 00:00 - 15/04/2026 01:00","0.00",""
"15/04/2026 00:00 - 16/04/2026 00:00","CTA|DE(Amprion)","Vianden 8","11WD7VIAN2H-2-86","Hydro Pumped Storage","11WD7VIAN2H-2-86","15/04/2026 01:00 - 15/04/2026 02:00","0.00",""
"15/04/2026 00:00 - 16/04/2026 00:00","CTA|DE(Amprion)","Vianden 8","11WD7VIAN2H-2-86","Hydro Pumped Storage","11WD7VIAN2H-2-86","15/04/2026 02:00 - 15/04/2026 03:00","0.00",""
"15/04/2026 00:00 - 16/04/2026 00:00","CTA|DE(Amprion)","Vianden 8","11WD7VIAN2H-2-86","Hydro Pumped Storage","11WD7VIAN2H-2-86","15/04/2026 03:00 - 15/04/2026 04:00","0.00",""
"15/04/2026 00:00 - 16/04/2026 00:00","CTA|DE(Amprion)","Vianden 8","11WD7VIAN2H-2-86","Hydro Pumped Storage","11WD7VIAN2H-2-86","15/04/2026 04:00 - 15/04/2026 05:00","0.00",""
"15/04/2026 00:00 - 16/04/2026 00:00","CTA|DE(Amprion)","Vianden 8","11WD7VIAN2H-2-86","Hydro Pumped Storage","11WD7VIAN2H-2-86","15/04/2026 05:00 - 15/04/2026 06:00","0.00",""
"15/04/2026 00:00 - 16/04/2026 00:00","CTA|DE(Amprion)","Vianden 8","11WD7VIAN2H-2-86","Hydro Pumped Storage","11WD7VIAN2H-2-86","15/04/2026 06:00 - 15/04/2026 07:00","0.00",""
"15/04/2026 00:00 - 16/04/2026 00:00","CTA|DE(Amprion)","Vianden 8","11WD7VIAN2H-2-86","Hydro Pumped Storage","11WD7VIAN2H-2-86","15/04/2026 07:00 - 15/04/2026 08:00","0.00",""
"15/04/2026 00:00 - 16/04/2026 00:00","CTA|DE(Amprion)","Vianden 8","11WD7VIAN2H-2-86","Hydro Pumped Storage","11WD7VIAN2H-2-86","15/04/2026 08:00 - 15/04/2026 09:00","0.00",""
"15/04/2026 00:00 - 16/04/2026 00:00","CTA|DE(Amprion)","Vianden 8","11WD7VIAN2H-2-86","Hydro Pumped Storage","11WD7VIAN2H-2-86","15/04/2026 09:00 - 15/04/2026 10:00","0.00",""
"15/04/2026 00:00 - 16/04/2026 00:00","CTA|DE(Amprion)","Vianden 8","11WD7VIAN2H-2-86","Hydro Pumped Storage","11WD7VIAN2H-2-86","15/04/2026 10:00 - 15/04/2026 11:00","0.00",""
"15/04/2026 00:00 - 16/04/2026 00:00","CTA|DE(Amprion)","Vianden 8","11WD7VIAN2H-2-86","Hydro Pumped Storage","11WD7VIAN2H-2-86","15/04/2026 11:00 - 15/04/2026 12:00","0.00",""
"15/04/2026 00:00 - 16/04/2026 00:00","CTA|DE(Amprion)","Vianden 8","11WD7VIAN2H-2-86","Hydro Pumped Storage","11WD7VIAN2H-2-86","15/04/2026 12:00 - 15/04/2026 13:00","0.00",""
"15/04/2026 00:00 - 16/04/2026 00:00","CTA|DE(Amprion)","Vianden 8","11WD7VIAN2H-2-86","Hydro Pumped Storage","11WD7VIAN2H-2-86","15/04/2026 13:00 - 15/04/2026 14:00","0.00",""
"15/04/2026 00:00 - 16/04/2026 00:00","CTA|DE(Amprion)","Vianden 8","11WD7VIAN2H-2-86","Hydro Pumped Storage","11WD7VIAN2H-2-86","15/04/2026 14:00 - 15/04/2026 15:00","0.00",""
"15/04/2026 00:00 - 16/04/2026 00:00","CTA|DE(Amprion)","Vianden 8","11WD7VIAN2H-2-86","Hydro Pumped Storage","11WD7VIAN2H-2-86","15/04/2026 15:00 - 15/04/2026 16:00","0.00",""
"15/04/2026 00:00 - 16/04/2026 00:00","CTA|DE(Amprion)","Vianden 8","11WD7VIAN2H-2-86","Hydro Pumped Storage","11WD7VIAN2H-2-86","15/04/2026 16:00 - 15/04/2026 17:00","0.00",""
"15/04/2026 00:00 - 16/04/2026 00:00","CTA|DE(Amprion)","Vianden 8","11WD7VIAN2H-2-86","Hydro Pumped Storage","11WD7VIAN2H-2-86","15/04/2026 17:00 - 15/04/2026 18:00","0.00",""
"15/04/2026 00:00 - 16/04/2026 00:00","CTA|DE(Amprion)","Vianden 8","11WD7VIAN2H-2-86","Hydro Pumped Storage","11WD7VIAN2H-2-86","15/04/2026 18:00 - 15/04/2026 19:00","37.08",""
"15/04/2026 00:00 - 16/04/2026 00:00","CTA|DE(Amprion)","Vianden 8","11WD7VIAN2H-2-86","Hydro Pumped Storage","11WD7VIAN2H-2-86","15/04/2026 19:00 - 15/04/2026 20:00","91.85",""
"15/04/2026 00:00 - 16/04/2026 00:00","CTA|DE(Amprion)","Vianden 8","11WD7VIAN2H-2-86","Hydro Pumped Storage","11WD7VIAN2H-2-86","15/04/2026 20:00 - 15/04/2026 21:00","78.70",""
"15/04/2026 00:00 - 16/04/2026 00:00","CTA|DE(Amprion)","Vianden 8","11WD7VIAN2H-2-86","Hydro Pumped Storage","11WD7VIAN2H-2-86","15/04/2026 21:00 - 15/04/2026 22:00","18.65",""
"15/04/2026 00:00 - 16/04/2026 00:00","CTA|DE(Amprion)","Vianden 8","11WD7VIAN2H-2-86","Hydro Pumped Storage","11WD7VIAN2H-2-86","15/04/2026 22:00 - 15/04/2026 23:00","0.00",""
"15/04/2026 00:00 - 16/04/2026 00:00","CTA|DE(Amprion)","Vianden 8","11WD7VIAN2H-2-86","Hydro Pumped Storage","11WD7VIAN2H-2-86","15/04/2026 23:00 - 16/04/2026 00:00","0.00",""
"15/04/2026 00:00 - 16/04/2026 00:00","CTA|DE(Amprion)","Vianden 9","11WD7VIAN2H-2-94","Hydro Pumped Storage","11WD7VIAN2H-2-94","15/04/2026 00:00 - 15/04/2026 01:00","0.00",""
"15/04/2026 00:00 - 16/04/2026 00:00","CTA|DE(Amprion)","Vianden 9","11WD7VIAN2H-2-94","Hydro Pumped Storage","11WD7VIAN2H-2-94","15/04/2026 01:00 - 15/04/2026 02:00","0.00",""
"15/04/2026 00:00 - 16/04/2026 00:00","CTA|DE(Amprion)","Vianden 9","11WD7VIAN2H-2-94","Hydro Pumped Storage","11WD7VIAN2H-2-94","15/04/2026 02:00 - 15/04/2026 03:00","0.00",""
"15/04/2026 00:00 - 16/04/2026 00:00","CTA|DE(Amprion)","Vianden 9","11WD7VIAN2H-2-94","Hydro Pumped Storage","11WD7VIAN2H-2-94","15/04/2026 03:00 - 15/04/2026 04:00","0.00",""
"15/04/2026 00:00 - 16/04/2026 00:00","CTA|DE(Amprion)","Vianden 9","11WD7VIAN2H-2-94","Hydro Pumped Storage","11WD7VIAN2H-2-94","15/04/2026 04:00 - 15/04/2026 05:00","0.00",""
"15/04/2026 00:00 - 16/04/2026 00:00","CTA|DE(Amprion)","Vianden 9","11WD7VIAN2H-2-94","Hydro Pumped Storage","11WD7VIAN2H-2-94","15/04/2026 05:00 - 15/04/2026 06:00","0.00",""
"15/04/2026 00:00 - 16/04/2026 00:00","CTA|DE(Amprion)","Vianden 9","11WD7VIAN2H-2-94","Hydro Pumped Storage","11WD7VIAN2H-2-94","15/04/2026 06:00 - 15/04/2026 07:00","0.00",""
"15/04/2026 00:00 - 16/04/2026 00:00","CTA|DE(Amprion)","Vianden 9","11WD7VIAN2H-2-94","Hydro Pumped Storage","11WD7VIAN2H-2-94","15/04/2026 07:00 - 15/04/2026 08:00","0.00",""
"15/04/2026 00:00 - 16/04/2026 00:00","CTA|DE(Amprion)","Vianden 9","11WD7VIAN2H-2-94","Hydro Pumped Storage","11WD7VIAN2H-2-94","15/04/2026 08:00 - 15/04/2026 09:00","0.00",""
"15/04/2026 00:00 - 16/04/2026 00:00","CTA|DE(Amprion)","Vianden 9","11WD7VIAN2H-2-94","Hydro Pumped Storage","11WD7VIAN2H-2-94","15/04/2026 09:00 - 15/04/2026 10:00","0.00",""
"15/04/2026 00:00 - 16/04/2026 00:00","CTA|DE(Amprion)","Vianden 9","11WD7VIAN2H-2-94","Hydro Pumped Storage","11WD7VIAN2H-2-94","15/04/2026 10:00 - 15/04/2026 11:00","0.00",""
"15/04/2026 00:00 - 16/04/2026 00:00","CTA|DE(Amprion)","Vianden 9","11WD7VIAN2H-2-94","Hydro Pumped Storage","11WD7VIAN2H-2-94","15/04/2026 11:00 - 15/04/2026 12:00","0.00",""
"15/04/2026 00:00 - 16/04/2026 00:00","CTA|DE(Amprion)","Vianden 9","11WD7VIAN2H-2-94","Hydro Pumped Storage","11WD7VIAN2H-2-94","15/04/2026 12:00 - 15/04/2026 13:00","0.00",""
"15/04/2026 00:00 - 16/04/2026 00:00","CTA|DE(Amprion)","Vianden 9","11WD7VIAN2H-2-94","Hydro Pumped Storage","11WD7VIAN2H-2-94","15/04/2026 13:00 - 15/04/2026 14:00","0.00",""
"15/04/2026 00:00 - 16/04/2026 00:00","CTA|DE(Amprion)","Vianden 9","11WD7VIAN2H-2-94","Hydro Pumped Storage","11WD7VIAN2H-2-94","15/04/2026 14:00 - 15/04/2026 15:00","0.00",""
"15/04/2026 00:00 - 16/04/2026 00:00","CTA|DE(Amprion)","Vianden 9","11WD7VIAN2H-2-94","Hydro Pumped Storage","11WD7VIAN2H-2-94","15/04/2026 15:00 - 15/04/2026 16:00","0.00",""
"15/04/2026 00:00 - 16/04/2026 00:00","CTA|DE(Amprion)","Vianden 9","11WD7VIAN2H-2-94","Hydro Pumped Storage","11WD7VIAN2H-2-94","15/04/2026 16:00 - 15/04/2026 17:00","0.00",""
"15/04/2026 00:00 - 16/04/2026 00:00","CTA|DE(Amprion)","Vianden 9","11WD7VIAN2H-2-94","Hydro Pumped Storage","11WD7VIAN2H-2-94","15/04/2026 17:00 - 15/04/2026 18:00","0.00",""
"15/04/2026 00:00 - 16/04/2026 00:00","CTA|DE(Amprion)","Vianden 9","11WD7VIAN2H-2-94","Hydro Pumped Storage","11WD7VIAN2H-2-94","15/04/2026 18:00 - 15/04/2026 19:00","36.05",""
"15/04/2026 00:00 - 16/04/2026 00:00","CTA|DE(Amprion)","Vianden 9","11WD7VIAN2H-2-94","Hydro Pumped Storage","11WD7VIAN2H-2-94","15/04/2026 19:00 - 15/04/2026 20:00","83.83",""
"15/04/2026 00:00 - 16/04/2026 00:00","CTA|DE(Amprion)","Vianden 9","11WD7VIAN2H-2-94","Hydro Pumped Storage","11WD7VIAN2H-2-94","15/04/2026 20:00 - 15/04/2026 21:00","84.80",""
"15/04/2026 00:00 - 16/04/2026 00:00","CTA|DE(Amprion)","Vianden 9","11WD7VIAN2H-2-94","Hydro Pumped Storage","11WD7VIAN2H-2-94","15/04/2026 21:00 - 15/04/2026 22:00","53.20",""
"15/04/2026 00:00 - 16/04/2026 00:00","CTA|DE(Amprion)","Vianden 9","11WD7VIAN2H-2-94","Hydro Pumped Storage","11WD7VIAN2H-2-94","15/04/2026 22:00 - 15/04/2026 23:00","0.00",""
"15/04/2026 00:00 - 16/04/2026 00:00","CTA|DE(Amprion)","Vianden 9","11WD7VIAN2H-2-94","Hydro Pumped Storage","11WD7VIAN2H-2-94","15/04/2026 23:00 - 16/04/2026 00:00","0.00",""
"15/04/2026 00:00 - 16/04/2026 00:00","CTA|DE(Amprion)","VOELKLINGEN_HKV","11WD7VOLK5S-HKVM","Fossil Hard coal","11WD7VOLK5S-HKVM","15/04/2026 00:00 - 15/04/2026 01:00","0.00",""
"15/04/2026 00:00 - 16/04/2026 00:00","CTA|DE(Amprion)","VOELKLINGEN_HKV","11WD7VOLK5S-HKVM","Fossil Hard coal","11WD7VOLK5S-HKVM","15/04/2026 01:00 - 15/04/2026 02:00","0.00",""
"15/04/2026 00:00 - 16/04/2026 00:00","CTA|DE(Amprion)","VOELKLINGEN_HKV","11WD7VOLK5S-HKVM","Fossil Hard coal","11WD7VOLK5S-HKVM","15/04/2026 02:00 - 15/04/2026 03:00","0.00",""
"15/04/2026 00:00 - 16/04/2026 00:00","CTA|DE(Amprion)","VOELKLINGEN_HKV","11WD7VOLK5S-HKVM","Fossil Hard coal","11WD7VOLK5S-HKVM","15/04/2026 03:00 - 15/04/2026 04:00","0.00",""
"15/04/2026 00:00 - 16/04/2026 00:00","CTA|DE(Amprion)","VOELKLINGEN_HKV","11WD7VOLK5S-HKVM","Fossil Hard coal","11WD7VOLK5S-HKVM","15/04/2026 04:00 - 15/04/2026 05:00","0.00",""
"15/04/2026 00:00 - 16/04/2026 00:00","CTA|DE(Amprion)","VOELKLINGEN_HKV","11WD7VOLK5S-HKVM","Fossil Hard coal","11WD7VOLK5S-HKVM","15/04/2026 05:00 - 15/04/2026 06:00","0.00",""
"15/04/2026 00:00 - 16/04/2026 00:00","CTA|DE(Amprion)","VOELKLINGEN_HKV","11WD7VOLK5S-HKVM","Fossil Hard coal","11WD7VOLK5S-HKVM","15/04/2026 06:00 - 15/04/2026 07:00","0.00",""
"15/04/2026 00:00 - 16/04/2026 00:00","CTA|DE(Amprion)","VOELKLINGEN_HKV","11WD7VOLK5S-HKVM","Fossil Hard coal","11WD7VOLK5S-HKVM","15/04/2026 07:00 - 15/04/2026 08:00","0.00",""
"15/04/2026 00:00 - 16/04/2026 00:00","CTA|DE(Amprion)","VOELKLINGEN_HKV","11WD7VOLK5S-HKVM","Fossil Hard coal","11WD7VOLK5S-HKVM","15/04/2026 08:00 - 15/04/2026 09:00","0.00",""
"15/04/2026 00:00 - 16/04/2026 00:00","CTA|DE(Amprion)","VOELKLINGEN_HKV","11WD7VOLK5S-HKVM","Fossil Hard coal","11WD7VOLK5S-HKVM","15/04/2026 09:00 - 15/04/2026 10:00","0.00",""
"15/04/2026 00:00 - 16/04/2026 00:00","CTA|DE(Amprion)","VOELKLINGEN_HKV","11WD7VOLK5S-HKVM","Fossil Hard coal","11WD7VOLK5S-HKVM","15/04/2026 10:00 - 15/04/2026 11:00","0.00",""
"15/04/2026 00:00 - 16/04/2026 00:00","CTA|DE(Amprion)","VOELKLINGEN_HKV","11WD7VOLK5S-HKVM","Fossil Hard coal","11WD7VOLK5S-HKVM","15/04/2026 11:00 - 15/04/2026 12:00","0.00",""
"15/04/2026 00:00 - 16/04/2026 00:00","CTA|DE(Amprion)","VOELKLINGEN_HKV","11WD7VOLK5S-HKVM","Fossil Hard coal","11WD7VOLK5S-HKVM","15/04/2026 12:00 - 15/04/2026 13:00","0.00",""
"15/04/2026 00:00 - 16/04/2026 00:00","CTA|DE(Amprion)","VOELKLINGEN_HKV","11WD7VOLK5S-HKVM","Fossil Hard coal","11WD7VOLK5S-HKVM","15/04/2026 13:00 - 15/04/2026 14:00","0.00",""
"15/04/2026 00:00 - 16/04/2026 00:00","CTA|DE(Amprion)","VOELKLINGEN_HKV","11WD7VOLK5S-HKVM","Fossil Hard coal","11WD7VOLK5S-HKVM","15/04/2026 14:00 - 15/04/2026 15:00","0.00",""
"15/04/2026 00:00 - 16/04/2026 00:00","CTA|DE(Amprion)","VOELKLINGEN_HKV","11WD7VOLK5S-HKVM","Fossil Hard coal","11WD7VOLK5S-HKVM","15/04/2026 15:00 - 15/04/2026 16:00","0.00",""
"15/04/2026 00:00 - 16/04/2026 00:00","CTA|DE(Amprion)","VOELKLINGEN_HKV","11WD7VOLK5S-HKVM","Fossil Hard coal","11WD7VOLK5S-HKVM","15/04/2026 16:00 - 15/04/2026 17:00","0.00",""
"15/04/2026 00:00 - 16/04/2026 00:00","CTA|DE(Amprion)","VOELKLINGEN_HKV","11WD7VOLK5S-HKVM","Fossil Hard coal","11WD7VOLK5S-HKVM","15/04/2026 17:00 - 15/04/2026 18:00","0.00",""
"15/04/2026 00:00 - 16/04/2026 00:00","CTA|DE(Amprion)","VOELKLINGEN_HKV","11WD7VOLK5S-HKVM","Fossil Hard coal","11WD7VOLK5S-HKVM","15/04/2026 18:00 - 15/04/2026 19:00","0.00",""
"15/04/2026 00:00 - 16/04/2026 00:00","CTA|DE(Amprion)","VOELKLINGEN_HKV","11WD7VOLK5S-HKVM","Fossil Hard coal","11WD7VOLK5S-HKVM","15/04/2026 19:00 - 15/04/2026 20:00","0.00",""
"15/04/2026 00:00 - 16/04/2026 00:00","CTA|DE(Amprion)","VOELKLINGEN_HKV","11WD7VOLK5S-HKVM","Fossil Hard coal","11WD7VOLK5S-HKVM","15/04/2026 20:00 - 15/04/2026 21:00","0.00",""
"15/04/2026 00:00 - 16/04/2026 00:00","CTA|DE(Amprion)","VOELKLINGEN_HKV","11WD7VOLK5S-HKVM","Fossil Hard coal","11WD7VOLK5S-HKVM","15/04/2026 21:00 - 15/04/2026 22:00","0.00",""
"15/04/2026 00:00 - 16/04/2026 00:00","CTA|DE(Amprion)","VOELKLINGEN_HKV","11WD7VOLK5S-HKVM","Fossil Hard coal","11WD7VOLK5S-HKVM","15/04/2026 22:00 - 15/04/2026 23:00","0.00",""
"15/04/2026 00:00 - 16/04/2026 00:00","CTA|DE(Amprion)","VOELKLINGEN_HKV","11WD7VOLK5S-HKVM","Fossil Hard coal","11WD7VOLK5S-HKVM","15/04/2026 23:00 - 16/04/2026 00:00","0.00",""
"15/04/2026 00:00 - 16/04/2026 00:00","CTA|DE(Amprion)","VOELKLINGEN_MKV","11WD7VOLK5S-MKV2","Fossil Hard coal","11WD7VOLK5S-MKV2","15/04/2026 00:00 - 15/04/2026 01:00","0.00",""
"15/04/2026 00:00 - 16/04/2026 00:00","CTA|DE(Amprion)","VOELKLINGEN_MKV","11WD7VOLK5S-MKV2","Fossil Hard coal","11WD7VOLK5S-MKV2","15/04/2026 01:00 - 15/04/2026 02:00","0.00",""
"15/04/2026 00:00 - 16/04/2026 00:00","CTA|DE(Amprion)","VOELKLINGEN_MKV","11WD7VOLK5S-MKV2","Fossil Hard coal","11WD7VOLK5S-MKV2","15/04/2026 02:00 - 15/04/2026 03:00","0.00",""
"15/04/2026 00:00 - 16/04/2026 00:00","CTA|DE(Amprion)","VOELKLINGEN_MKV","11WD7VOLK5S-MKV2","Fossil Hard coal","11WD7VOLK5S-MKV2","15/04/2026 03:00 - 15/04/2026 04:00","0.00",""
"15/04/2026 00:00 - 16/04/2026 00:00","CTA|DE(Amprion)","VOELKLINGEN_MKV","11WD7VOLK5S-MKV2","Fossil Hard coal","11WD7VOLK5S-MKV2","15/04/2026 04:00 - 15/04/2026 05:00","0.00",""
"15/04/2026 00:00 - 16/04/2026 00:00","CTA|DE(Amprion)","VOELKLINGEN_MKV","11WD7VOLK5S-MKV2","Fossil Hard coal","11WD7VOLK5S-MKV2","15/04/2026 05:00 - 15/04/2026 06:00","0.00",""
"15/04/2026 00:00 - 16/04/2026 00:00","CTA|DE(Amprion)","VOELKLINGEN_MKV","11WD7VOLK5S-MKV2","Fossil Hard coal","11WD7VOLK5S-MKV2","15/04/2026 06:00 - 15/04/2026 07:00","0.00",""
"15/04/2026 00:00 - 16/04/2026 00:00","CTA|DE(Amprion)","VOELKLINGEN_MKV","11WD7VOLK5S-MKV2","Fossil Hard coal","11WD7VOLK5S-MKV2","15/04/2026 07:00 - 15/04/2026 08:00","0.00",""
"15/04/2026 00:00 - 16/04/2026 00:00","CTA|DE(Amprion)","VOELKLINGEN_MKV","11WD7VOLK5S-MKV2","Fossil Hard coal","11WD7VOLK5S-MKV2","15/04/2026 08:00 - 15/04/2026 09:00","0.00",""
"15/04/2026 00:00 - 16/04/2026 00:00","CTA|DE(Amprion)","VOELKLINGEN_MKV","11WD7VOLK5S-MKV2","Fossil Hard coal","11WD7VOLK5S-MKV2","15/04/2026 09:00 - 15/04/2026 10:00","0.00",""
"15/04/2026 00:00 - 16/04/2026 00:00","CTA|DE(Amprion)","VOELKLINGEN_MKV","11WD7VOLK5S-MKV2","Fossil Hard coal","11WD7VOLK5S-MKV2","15/04/2026 10:00 - 15/04/2026 11:00","0.00",""
"15/04/2026 00:00 - 16/04/2026 00:00","CTA|DE(Amprion)","VOELKLINGEN_MKV","11WD7VOLK5S-MKV2","Fossil Hard coal","11WD7VOLK5S-MKV2","15/04/2026 11:00 - 15/04/2026 12:00","0.00",""
"15/04/2026 00:00 - 16/04/2026 00:00","CTA|DE(Amprion)","VOELKLINGEN_MKV","11WD7VOLK5S-MKV2","Fossil Hard coal","11WD7VOLK5S-MKV2","15/04/2026 12:00 - 15/04/2026 13:00","0.00",""
"15/04/2026 00:00 - 16/04/2026 00:00","CTA|DE(Amprion)","VOELKLINGEN_MKV","11WD7VOLK5S-MKV2","Fossil Hard coal","11WD7VOLK5S-MKV2","15/04/2026 13:00 - 15/04/2026 14:00","0.00",""
"15/04/2026 00:00 - 16/04/2026 00:00","CTA|DE(Amprion)","VOELKLINGEN_MKV","11WD7VOLK5S-MKV2","Fossil Hard coal","11WD7VOLK5S-MKV2","15/04/2026 14:00 - 15/04/2026 15:00","0.00",""
"15/04/2026 00:00 - 16/04/2026 00:00","CTA|DE(Amprion)","VOELKLINGEN_MKV","11WD7VOLK5S-MKV2","Fossil Hard coal","11WD7VOLK5S-MKV2","15/04/2026 15:00 - 15/04/2026 16:00","0.00",""
"15/04/2026 00:00 - 16/04/2026 00:00","CTA|DE(Amprion)","VOELKLINGEN_MKV","11WD7VOLK5S-MKV2","Fossil Hard coal","11WD7VOLK5S-MKV2","15/04/2026 16:00 - 15/04/2026 17:00","0.00",""
"15/04/2026 00:00 - 16/04/2026 00:00","CTA|DE(Amprion)","VOELKLINGEN_MKV","11WD7VOLK5S-MKV2","Fossil Hard coal","11WD7VOLK5S-MKV2","15/04/2026 17:00 - 15/04/2026 18:00","0.00",""
"15/04/2026 00:00 - 16/04/2026 00:00","CTA|DE(Amprion)","VOELKLINGEN_MKV","11WD7VOLK5S-MKV2","Fossil Hard coal","11WD7VOLK5S-MKV2","15/04/2026 18:00 - 15/04/2026 19:00","0.00",""
"15/04/2026 00:00 - 16/04/2026 00:00","CTA|DE(Amprion)","VOELKLINGEN_MKV","11WD7VOLK5S-MKV2","Fossil Hard coal","11WD7VOLK5S-MKV2","15/04/2026 19:00 - 15/04/2026 20:00","0.00",""
"15/04/2026 00:00 - 16/04/2026 00:00","CTA|DE(Amprion)","VOELKLINGEN_MKV","11WD7VOLK5S-MKV2","Fossil Hard coal","11WD7VOLK5S-MKV2","15/04/2026 20:00 - 15/04/2026 21:00","0.00",""
"15/04/2026 00:00 - 16/04/2026 00:00","CTA|DE(Amprion)","VOELKLINGEN_MKV","11WD7VOLK5S-MKV2","Fossil Hard coal","11WD7VOLK5S-MKV2","15/04/2026 21:00 - 15/04/2026 22:00","0.00",""
"15/04/2026 00:00 - 16/04/2026 00:00","CTA|DE(Amprion)","VOELKLINGEN_MKV","11WD7VOLK5S-MKV2","Fossil Hard coal","11WD7VOLK5S-MKV2","15/04/2026 22:00 - 15/04/2026 23:00","0.00",""
"15/04/2026 00:00 - 16/04/2026 00:00","CTA|DE(Amprion)","VOELKLINGEN_MKV","11WD7VOLK5S-MKV2","Fossil Hard coal","11WD7VOLK5S-MKV2","15/04/2026 23:00 - 16/04/2026 00:00","0.00",""
"15/04/2026 00:00 - 16/04/2026 00:00","CTA|DE(Amprion)","WALSUM_10","11WD7WALS1S--10A","Fossil Hard coal","11WD7WALS1S--10A","15/04/2026 00:00 - 15/04/2026 00:15","692.40",""
"15/04/2026 00:00 - 16/04/2026 00:00","CTA|DE(Amprion)","WALSUM_10","11WD7WALS1S--10A","Fossil Hard coal","11WD7WALS1S--10A","15/04/2026 00:15 - 15/04/2026 00:30","692.00",""
"15/04/2026 00:00 - 16/04/2026 00:00","CTA|DE(Amprion)","WALSUM_10","11WD7WALS1S--10A","Fossil Hard coal","11WD7WALS1S--10A","15/04/2026 00:30 - 15/04/2026 00:45","689.10",""
"15/04/2026 00:00 - 16/04/2026 00:00","CTA|DE(Amprion)","WALSUM_10","11WD7WALS1S--10A","Fossil Hard coal","11WD7WALS1S--10A","15/04/2026 00:45 - 15/04/2026 01:00","689.30",""
"15/04/2026 00:00 - 16/04/2026 00:00","CTA|DE(Amprion)","WALSUM_10","11WD7WALS1S--10A","Fossil Hard coal","11WD7WALS1S--10A","15/04/2026 01:00 - 15/04/2026 01:15","690.80",""
"15/04/2026 00:00 - 16/04/2026 00:00","CTA|DE(Amprion)","WALSUM_10","11WD7WALS1S--10A","Fossil Hard coal","11WD7WALS1S--10A","15/04/2026 01:15 - 15/04/2026 01:30","687.20",""
"15/04/2026 00:00 - 16/04/2026 00:00","CTA|DE(Amprion)","WALSUM_10","11WD7WALS1S--10A","Fossil Hard coal","11WD7WALS1S--10A","15/04/2026 01:30 - 15/04/2026 01:45","689.30",""
"15/04/2026 00:00 - 16/04/2026 00:00","CTA|DE(Amprion)","WALSUM_10","11WD7WALS1S--10A","Fossil Hard coal","11WD7WALS1S--10A","15/04/2026 01:45 - 15/04/2026 02:00","687.50",""
"15/04/2026 00:00 - 16/04/2026 00:00","CTA|DE(Amprion)","WALSUM_10","11WD7WALS1S--10A","Fossil Hard coal","11WD7WALS1S--10A","15/04/2026 02:00 - 15/04/2026 02:15","689.10",""
"15/04/2026 00:00 - 16/04/2026 00:00","CTA|DE(Amprion)","WALSUM_10","11WD7WALS1S--10A","Fossil Hard coal","11WD7WALS1S--10A","15/04/2026 02:15 - 15/04/2026 02:30","689.90",""
"15/04/2026 00:00 - 16/04/2026 00:00","CTA|DE(Amprion)","WALSUM_10","11WD7WALS1S--10A","Fossil Hard coal","11WD7WALS1S--10A","15/04/2026 02:30 - 15/04/2026 02:45","689.10",""
"15/04/2026 00:00 - 16/04/2026 00:00","CTA|DE(Amprion)","WALSUM_10","11WD7WALS1S--10A","Fossil Hard coal","11WD7WALS1S--10A","15/04/2026 02:45 - 15/04/2026 03:00","691.20",""
"15/04/2026 00:00 - 16/04/2026 00:00","CTA|DE(Amprion)","WALSUM_10","11WD7WALS1S--10A","Fossil Hard coal","11WD7WALS1S--10A","15/04/2026 03:00 - 15/04/2026 03:15","693.10",""
"15/04/2026 00:00 - 16/04/2026 00:00","CTA|DE(Amprion)","WALSUM_10","11WD7WALS1S--10A","Fossil Hard coal","11WD7WALS1S--10A","15/04/2026 03:15 - 15/04/2026 03:30","691.60",""
"15/04/2026 00:00 - 16/04/2026 00:00","CTA|DE(Amprion)","WALSUM_10","11WD7WALS1S--10A","Fossil Hard coal","11WD7WALS1S--10A","15/04/2026 03:30 - 15/04/2026 03:45","685.40",""
"15/04/2026 00:00 - 16/04/2026 00:00","CTA|DE(Amprion)","WALSUM_10","11WD7WALS1S--10A","Fossil Hard coal","11WD7WALS1S--10A","15/04/2026 03:45 - 15/04/2026 04:00","685.60",""
"15/04/2026 00:00 - 16/04/2026 00:00","CTA|DE(Amprion)","WALSUM_10","11WD7WALS1S--10A","Fossil Hard coal","11WD7WALS1S--10A","15/04/2026 04:00 - 15/04/2026 04:15","689.10",""
"15/04/2026 00:00 - 16/04/2026 00:00","CTA|DE(Amprion)","WALSUM_10","11WD7WALS1S--10A","Fossil Hard coal","11WD7WALS1S--10A","15/04/2026 04:15 - 15/04/2026 04:30","687.40",""
"15/04/2026 00:00 - 16/04/2026 00:00","CTA|DE(Amprion)","WALSUM_10","11WD7WALS1S--10A","Fossil Hard coal","11WD7WALS1S--10A","15/04/2026 04:30 - 15/04/2026 04:45","688.70",""
"15/04/2026 00:00 - 16/04/2026 00:00","CTA|DE(Amprion)","WALSUM_10","11WD7WALS1S--10A","Fossil Hard coal","11WD7WALS1S--10A","15/04/2026 04:45 - 15/04/2026 05:00","689.70",""
"15/04/2026 00:00 - 16/04/2026 00:00","CTA|DE(Amprion)","WALSUM_10","11WD7WALS1S--10A","Fossil Hard coal","11WD7WALS1S--10A","15/04/2026 05:00 - 15/04/2026 05:15","684.50",""
"15/04/2026 00:00 - 16/04/2026 00:00","CTA|DE(Amprion)","WALSUM_10","11WD7WALS1S--10A","Fossil Hard coal","11WD7WALS1S--10A","15/04/2026 05:15 - 15/04/2026 05:30","689.10",""
"15/04/2026 00:00 - 16/04/2026 00:00","CTA|DE(Amprion)","WALSUM_10","11WD7WALS1S--10A","Fossil Hard coal","11WD7WALS1S--10A","15/04/2026 05:30 - 15/04/2026 05:45","693.30",""
"15/04/2026 00:00 - 16/04/2026 00:00","CTA|DE(Amprion)","WALSUM_10","11WD7WALS1S--10A","Fossil Hard coal","11WD7WALS1S--10A","15/04/2026 05:45 - 15/04/2026 06:00","687.40",""
"15/04/2026 00:00 - 16/04/2026 00:00","CTA|DE(Amprion)","WALSUM_10","11WD7WALS1S--10A","Fossil Hard coal","11WD7WALS1S--10A","15/04/2026 06:00 - 15/04/2026 06:15","689.50",""
"15/04/2026 00:00 - 16/04/2026 00:00","CTA|DE(Amprion)","WALSUM_10","11WD7WALS1S--10A","Fossil Hard coal","11WD7WALS1S--10A","15/04/2026 06:15 - 15/04/2026 06:30","691.00",""
"15/04/2026 00:00 - 16/04/2026 00:00","CTA|DE(Amprion)","WALSUM_10","11WD7WALS1S--10A","Fossil Hard coal","11WD7WALS1S--10A","15/04/2026 06:30 - 15/04/2026 06:45","686.00",""
"15/04/2026 00:00 - 16/04/2026 00:00","CTA|DE(Amprion)","WALSUM_10","11WD7WALS1S--10A","Fossil Hard coal","11WD7WALS1S--10A","15/04/2026 06:45 - 15/04/2026 07:00","690.80",""
"15/04/2026 00:00 - 16/04/2026 00:00","CTA|DE(Amprion)","WALSUM_10","11WD7WALS1S--10A","Fossil Hard coal","11WD7WALS1S--10A","15/04/2026 07:00 - 15/04/2026 07:15","694.90",""
"15/04/2026 00:00 - 16/04/2026 00:00","CTA|DE(Amprion)","WALSUM_10","11WD7WALS1S--10A","Fossil Hard coal","11WD7WALS1S--10A","15/04/2026 07:15 - 15/04/2026 07:30","689.70",""
"15/04/2026 00:00 - 16/04/2026 00:00","CTA|DE(Amprion)","WALSUM_10","11WD7WALS1S--10A","Fossil Hard coal","11WD7WALS1S--10A","15/04/2026 07:30 - 15/04/2026 07:45","686.00",""
"15/04/2026 00:00 - 16/04/2026 00:00","CTA|DE(Amprion)","WALSUM_10","11WD7WALS1S--10A","Fossil Hard coal","11WD7WALS1S--10A","15/04/2026 07:45 - 15/04/2026 08:00","687.50",""
"15/04/2026 00:00 - 16/04/2026 00:00","CTA|DE(Amprion)","WALSUM_10","11WD7WALS1S--10A","Fossil Hard coal","11WD7WALS1S--10A","15/04/2026 08:00 - 15/04/2026 08:15","688.10",""
"15/04/2026 00:00 - 16/04/2026 00:00","CTA|DE(Amprion)","WALSUM_10","11WD7WALS1S--10A","Fossil Hard coal","11WD7WALS1S--10A","15/04/2026 08:15 - 15/04/2026 08:30","686.20",""
"15/04/2026 00:00 - 16/04/2026 00:00","CTA|DE(Amprion)","WALSUM_10","11WD7WALS1S--10A","Fossil Hard coal","11WD7WALS1S--10A","15/04/2026 08:30 - 15/04/2026 08:45","687.00",""
"15/04/2026 00:00 - 16/04/2026 00:00","CTA|DE(Amprion)","WALSUM_10","11WD7WALS1S--10A","Fossil Hard coal","11WD7WALS1S--10A","15/04/2026 08:45 - 15/04/2026 09:00","683.30",""
"15/04/2026 00:00 - 16/04/2026 00:00","CTA|DE(Amprion)","WALSUM_10","11WD7WALS1S--10A","Fossil Hard coal","11WD7WALS1S--10A","15/04/2026 09:00 - 15/04/2026 09:15","683.10",""
"15/04/2026 00:00 - 16/04/2026 00:00","CTA|DE(Amprion)","WALSUM_10","11WD7WALS1S--10A","Fossil Hard coal","11WD7WALS1S--10A","15/04/2026 09:15 - 15/04/2026 09:30","684.70",""
"15/04/2026 00:00 - 16/04/2026 00:00","CTA|DE(Amprion)","WALSUM_10","11WD7WALS1S--10A","Fossil Hard coal","11WD7WALS1S--10A","15/04/2026 09:30 - 15/04/2026 09:45","692.00",""
"15/04/2026 00:00 - 16/04/2026 00:00","CTA|DE(Amprion)","WALSUM_10","11WD7WALS1S--10A","Fossil Hard coal","11WD7WALS1S--10A","15/04/2026 09:45 - 15/04/2026 10:00","684.70",""
"15/04/2026 00:00 - 16/04/2026 00:00","CTA|DE(Amprion)","WALSUM_10","11WD7WALS1S--10A","Fossil Hard coal","11WD7WALS1S--10A","15/04/2026 10:00 - 15/04/2026 10:15","687.90",""
"15/04/2026 00:00 - 16/04/2026 00:00","CTA|DE(Amprion)","WALSUM_10","11WD7WALS1S--10A","Fossil Hard coal","11WD7WALS1S--10A","15/04/2026 10:15 - 15/04/2026 10:30","692.20",""
"15/04/2026 00:00 - 16/04/2026 00:00","CTA|DE(Amprion)","WALSUM_10","11WD7WALS1S--10A","Fossil Hard coal","11WD7WALS1S--10A","15/04/2026 10:30 - 15/04/2026 10:45","611.30",""
"15/04/2026 00:00 - 16/04/2026 00:00","CTA|DE(Amprion)","WALSUM_10","11WD7WALS1S--10A","Fossil Hard coal","11WD7WALS1S--10A","15/04/2026 10:45 - 15/04/2026 11:00","493.30",""
"15/04/2026 00:00 - 16/04/2026 00:00","CTA|DE(Amprion)","WALSUM_10","11WD7WALS1S--10A","Fossil Hard coal","11WD7WALS1S--10A","15/04/2026 11:00 - 15/04/2026 11:15","349.40",""
"15/04/2026 00:00 - 16/04/2026 00:00","CTA|DE(Amprion)","WALSUM_10","11WD7WALS1S--10A","Fossil Hard coal","11WD7WALS1S--10A","15/04/2026 11:15 - 15/04/2026 11:30","270.30",""
"15/04/2026 00:00 - 16/04/2026 00:00","CTA|DE(Amprion)","WALSUM_10","11WD7WALS1S--10A","Fossil Hard coal","11WD7WALS1S--10A","15/04/2026 11:30 - 15/04/2026 11:45","225.40",""
"15/04/2026 00:00 - 16/04/2026 00:00","CTA|DE(Amprion)","WALSUM_10","11WD7WALS1S--10A","Fossil Hard coal","11WD7WALS1S--10A","15/04/2026 11:45 - 15/04/2026 12:00","202.40",""
"15/04/2026 00:00 - 16/04/2026 00:00","CTA|DE(Amprion)","WALSUM_10","11WD7WALS1S--10A","Fossil Hard coal","11WD7WALS1S--10A","15/04/2026 12:00 - 15/04/2026 12:15","187.00",""
"15/04/2026 00:00 - 16/04/2026 00:00","CTA|DE(Amprion)","WALSUM_10","11WD7WALS1S--10A","Fossil Hard coal","11WD7WALS1S--10A","15/04/2026 12:15 - 15/04/2026 12:30","188.50",""
"15/04/2026 00:00 - 16/04/2026 00:00","CTA|DE(Amprion)","WALSUM_10","11WD7WALS1S--10A","Fossil Hard coal","11WD7WALS1S--10A","15/04/2026 12:30 - 15/04/2026 12:45","191.00",""
"15/04/2026 00:00 - 16/04/2026 00:00","CTA|DE(Amprion)","WALSUM_10","11WD7WALS1S--10A","Fossil Hard coal","11WD7WALS1S--10A","15/04/2026 12:45 - 15/04/2026 13:00","193.20",""
"15/04/2026 00:00 - 16/04/2026 00:00","CTA|DE(Amprion)","WALSUM_10","11WD7WALS1S--10A","Fossil Hard coal","11WD7WALS1S--10A","15/04/2026 13:00 - 15/04/2026 13:15","193.20",""
"15/04/2026 00:00 - 16/04/2026 00:00","CTA|DE(Amprion)","WALSUM_10","11WD7WALS1S--10A","Fossil Hard coal","11WD7WALS1S--10A","15/04/2026 13:15 - 15/04/2026 13:30","187.40",""
"15/04/2026 00:00 - 16/04/2026 00:00","CTA|DE(Amprion)","WALSUM_10","11WD7WALS1S--10A","Fossil Hard coal","11WD7WALS1S--10A","15/04/2026 13:30 - 15/04/2026 13:45","189.30",""
"15/04/2026 00:00 - 16/04/2026 00:00","CTA|DE(Amprion)","WALSUM_10","11WD7WALS1S--10A","Fossil Hard coal","11WD7WALS1S--10A","15/04/2026 13:45 - 15/04/2026 14:00","189.50",""
"15/04/2026 00:00 - 16/04/2026 00:00","CTA|DE(Amprion)","WALSUM_10","11WD7WALS1S--10A","Fossil Hard coal","11WD7WALS1S--10A","15/04/2026 14:00 - 15/04/2026 14:15","190.50",""
"15/04/2026 00:00 - 16/04/2026 00:00","CTA|DE(Amprion)","WALSUM_10","11WD7WALS1S--10A","Fossil Hard coal","11WD7WALS1S--10A","15/04/2026 14:15 - 15/04/2026 14:30","190.10",""
"15/04/2026 00:00 - 16/04/2026 00:00","CTA|DE(Amprion)","WALSUM_10","11WD7WALS1S--10A","Fossil Hard coal","11WD7WALS1S--10A","15/04/2026 14:30 - 15/04/2026 14:45","187.80",""
"15/04/2026 00:00 - 16/04/2026 00:00","CTA|DE(Amprion)","WALSUM_10","11WD7WALS1S--10A","Fossil Hard coal","11WD7WALS1S--10A","15/04/2026 14:45 - 15/04/2026 15:00","187.80",""
"15/04/2026 00:00 - 16/04/2026 00:00","CTA|DE(Amprion)","WALSUM_10","11WD7WALS1S--10A","Fossil Hard coal","11WD7WALS1S--10A","15/04/2026 15:00 - 15/04/2026 15:15","187.00",""
"15/04/2026 00:00 - 16/04/2026 00:00","CTA|DE(Amprion)","WALSUM_10","11WD7WALS1S--10A","Fossil Hard coal","11WD7WALS1S--10A","15/04/2026 15:15 - 15/04/2026 15:30","219.50",""
"15/04/2026 00:00 - 16/04/2026 00:00","CTA|DE(Amprion)","WALSUM_10","11WD7WALS1S--10A","Fossil Hard coal","11WD7WALS1S--10A","15/04/2026 15:30 - 15/04/2026 15:45","295.70",""
"15/04/2026 00:00 - 16/04/2026 00:00","CTA|DE(Amprion)","WALSUM_10","11WD7WALS1S--10A","Fossil Hard coal","11WD7WALS1S--10A","15/04/2026 15:45 - 15/04/2026 16:00","325.30",""
"15/04/2026 00:00 - 16/04/2026 00:00","CTA|DE(Amprion)","WALSUM_10","11WD7WALS1S--10A","Fossil Hard coal","11WD7WALS1S--10A","15/04/2026 16:00 - 15/04/2026 16:15","396.10",""
"15/04/2026 00:00 - 16/04/2026 00:00","CTA|DE(Amprion)","WALSUM_10","11WD7WALS1S--10A","Fossil Hard coal","11WD7WALS1S--10A","15/04/2026 16:15 - 15/04/2026 16:30","511.70",""
"15/04/2026 00:00 - 16/04/2026 00:00","CTA|DE(Amprion)","WALSUM_10","11WD7WALS1S--10A","Fossil Hard coal","11WD7WALS1S--10A","15/04/2026 16:30 - 15/04/2026 16:45","626.50",""
"15/04/2026 00:00 - 16/04/2026 00:00","CTA|DE(Amprion)","WALSUM_10","11WD7WALS1S--10A","Fossil Hard coal","11WD7WALS1S--10A","15/04/2026 16:45 - 15/04/2026 17:00","689.90",""
"15/04/2026 00:00 - 16/04/2026 00:00","CTA|DE(Amprion)","WALSUM_10","11WD7WALS1S--10A","Fossil Hard coal","11WD7WALS1S--10A","15/04/2026 17:00 - 15/04/2026 17:15","686.00",""
"15/04/2026 00:00 - 16/04/2026 00:00","CTA|DE(Amprion)","WALSUM_10","11WD7WALS1S--10A","Fossil Hard coal","11WD7WALS1S--10A","15/04/2026 17:15 - 15/04/2026 17:30","684.90",""
"15/04/2026 00:00 - 16/04/2026 00:00","CTA|DE(Amprion)","WALSUM_10","11WD7WALS1S--10A","Fossil Hard coal","11WD7WALS1S--10A","15/04/2026 17:30 - 15/04/2026 17:45","692.90",""
"15/04/2026 00:00 - 16/04/2026 00:00","CTA|DE(Amprion)","WALSUM_10","11WD7WALS1S--10A","Fossil Hard coal","11WD7WALS1S--10A","15/04/2026 17:45 - 15/04/2026 18:00","687.20",""
"15/04/2026 00:00 - 16/04/2026 00:00","CTA|DE(Amprion)","WALSUM_10","11WD7WALS1S--10A","Fossil Hard coal","11WD7WALS1S--10A","15/04/2026 18:00 - 15/04/2026 18:15","693.50",""
"15/04/2026 00:00 - 16/04/2026 00:00","CTA|DE(Amprion)","WALSUM_10","11WD7WALS1S--10A","Fossil Hard coal","11WD7WALS1S--10A","15/04/2026 18:15 - 15/04/2026 18:30","686.20",""
"15/04/2026 00:00 - 16/04/2026 00:00","CTA|DE(Amprion)","WALSUM_10","11WD7WALS1S--10A","Fossil Hard coal","11WD7WALS1S--10A","15/04/2026 18:30 - 15/04/2026 18:45","684.10",""
"15/04/2026 00:00 - 16/04/2026 00:00","CTA|DE(Amprion)","WALSUM_10","11WD7WALS1S--10A","Fossil Hard coal","11WD7WALS1S--10A","15/04/2026 18:45 - 15/04/2026 19:00","693.30",""
"15/04/2026 00:00 - 16/04/2026 00:00","CTA|DE(Amprion)","WALSUM_10","11WD7WALS1S--10A","Fossil Hard coal","11WD7WALS1S--10A","15/04/2026 19:00 - 15/04/2026 19:15","692.40",""
"15/04/2026 00:00 - 16/04/2026 00:00","CTA|DE(Amprion)","WALSUM_10","11WD7WALS1S--10A","Fossil Hard coal","11WD7WALS1S--10A","15/04/2026 19:15 - 15/04/2026 19:30","692.40",""
"15/04/2026 00:00 - 16/04/2026 00:00","CTA|DE(Amprion)","WALSUM_10","11WD7WALS1S--10A","Fossil Hard coal","11WD7WALS1S--10A","15/04/2026 19:30 - 15/04/2026 19:45","695.60",""
"15/04/2026 00:00 - 16/04/2026 00:00","CTA|DE(Amprion)","WALSUM_10","11WD7WALS1S--10A","Fossil Hard coal","11WD7WALS1S--10A","15/04/2026 19:45 - 15/04/2026 20:00","691.60",""
"15/04/2026 00:00 - 16/04/2026 00:00","CTA|DE(Amprion)","WALSUM_10","11WD7WALS1S--10A","Fossil Hard coal","11WD7WALS1S--10A","15/04/2026 20:00 - 15/04/2026 20:15","684.30",""
"15/04/2026 00:00 - 16/04/2026 00:00","CTA|DE(Amprion)","WALSUM_10","11WD7WALS1S--10A","Fossil Hard coal","11WD7WALS1S--10A","15/04/2026 20:15 - 15/04/2026 20:30","692.00",""
"15/04/2026 00:00 - 16/04/2026 00:00","CTA|DE(Amprion)","WALSUM_10","11WD7WALS1S--10A","Fossil Hard coal","11WD7WALS1S--10A","15/04/2026 20:30 - 15/04/2026 20:45","690.60",""
"15/04/2026 00:00 - 16/04/2026 00:00","CTA|DE(Amprion)","WALSUM_10","11WD7WALS1S--10A","Fossil Hard coal","11WD7WALS1S--10A","15/04/2026 20:45 - 15/04/2026 21:00","689.90",""
"15/04/2026 00:00 - 16/04/2026 00:00","CTA|DE(Amprion)","WALSUM_10","11WD7WALS1S--10A","Fossil Hard coal","11WD7WALS1S--10A","15/04/2026 21:00 - 15/04/2026 21:15","694.10",""
"15/04/2026 00:00 - 16/04/2026 00:00","CTA|DE(Amprion)","WALSUM_10","11WD7WALS1S--10A","Fossil Hard coal","11WD7WALS1S--10A","15/04/2026 21:15 - 15/04/2026 21:30","690.80",""
"15/04/2026 00:00 - 16/04/2026 00:00","CTA|DE(Amprion)","WALSUM_10","11WD7WALS1S--10A","Fossil Hard coal","11WD7WALS1S--10A","15/04/2026 21:30 - 15/04/2026 21:45","690.40",""
"15/04/2026 00:00 - 16/04/2026 00:00","CTA|DE(Amprion)","WALSUM_10","11WD7WALS1S--10A","Fossil Hard coal","11WD7WALS1S--10A","15/04/2026 21:45 - 15/04/2026 22:00","695.40",""
"15/04/2026 00:00 - 16/04/2026 00:00","CTA|DE(Amprion)","WALSUM_10","11WD7WALS1S--10A","Fossil Hard coal","11WD7WALS1S--10A","15/04/2026 22:00 - 15/04/2026 22:15","690.80",""
"15/04/2026 00:00 - 16/04/2026 00:00","CTA|DE(Amprion)","WALSUM_10","11WD7WALS1S--10A","Fossil Hard coal","11WD7WALS1S--10A","15/04/2026 22:15 - 15/04/2026 22:30","694.50",""
"15/04/2026 00:00 - 16/04/2026 00:00","CTA|DE(Amprion)","WALSUM_10","11WD7WALS1S--10A","Fossil Hard coal","11WD7WALS1S--10A","15/04/2026 22:30 - 15/04/2026 22:45","691.00",""
"15/04/2026 00:00 - 16/04/2026 00:00","CTA|DE(Amprion)","WALSUM_10","11WD7WALS1S--10A","Fossil Hard coal","11WD7WALS1S--10A","15/04/2026 22:45 - 15/04/2026 23:00","682.80",""
"15/04/2026 00:00 - 16/04/2026 00:00","CTA|DE(Amprion)","WALSUM_10","11WD7WALS1S--10A","Fossil Hard coal","11WD7WALS1S--10A","15/04/2026 23:00 - 15/04/2026 23:15","689.30",""
"15/04/2026 00:00 - 16/04/2026 00:00","CTA|DE(Amprion)","WALSUM_10","11WD7WALS1S--10A","Fossil Hard coal","11WD7WALS1S--10A","15/04/2026 23:15 - 15/04/2026 23:30","692.40",""
"15/04/2026 00:00 - 16/04/2026 00:00","CTA|DE(Amprion)","WALSUM_10","11WD7WALS1S--10A","Fossil Hard coal","11WD7WALS1S--10A","15/04/2026 23:30 - 15/04/2026 23:45","688.50",""
"15/04/2026 00:00 - 16/04/2026 00:00","CTA|DE(Amprion)","WALSUM_10","11WD7WALS1S--10A","Fossil Hard coal","11WD7WALS1S--10A","15/04/2026 23:45 - 16/04/2026 00:00","691.00",""
"15/04/2026 00:00 - 16/04/2026 00:00","CTA|DE(Amprion)","WEIHER_C","11WD7WEIH2S--C-A","Fossil Hard coal","11WD7WEIH2S--C-A","15/04/2026 00:00 - 15/04/2026 01:00","0.00",""
"15/04/2026 00:00 - 16/04/2026 00:00","CTA|DE(Amprion)","WEIHER_C","11WD7WEIH2S--C-A","Fossil Hard coal","11WD7WEIH2S--C-A","15/04/2026 01:00 - 15/04/2026 02:00","0.00",""
"15/04/2026 00:00 - 16/04/2026 00:00","CTA|DE(Amprion)","WEIHER_C","11WD7WEIH2S--C-A","Fossil Hard coal","11WD7WEIH2S--C-A","15/04/2026 02:00 - 15/04/2026 03:00","0.00",""
"15/04/2026 00:00 - 16/04/2026 00:00","CTA|DE(Amprion)","WEIHER_C","11WD7WEIH2S--C-A","Fossil Hard coal","11WD7WEIH2S--C-A","15/04/2026 03:00 - 15/04/2026 04:00","0.00",""
"15/04/2026 00:00 - 16/04/2026 00:00","CTA|DE(Amprion)","WEIHER_C","11WD7WEIH2S--C-A","Fossil Hard coal","11WD7WEIH2S--C-A","15/04/2026 04:00 - 15/04/2026 05:00","0.00",""
"15/04/2026 00:00 - 16/04/2026 00:00","CTA|DE(Amprion)","WEIHER_C","11WD7WEIH2S--C-A","Fossil Hard coal","11WD7WEIH2S--C-A","15/04/2026 05:00 - 15/04/2026 06:00","0.00",""
"15/04/2026 00:00 - 16/04/2026 00:00","CTA|DE(Amprion)","WEIHER_C","11WD7WEIH2S--C-A","Fossil Hard coal","11WD7WEIH2S--C-A","15/04/2026 06:00 - 15/04/2026 07:00","0.00",""
"15/04/2026 00:00 - 16/04/2026 00:00","CTA|DE(Amprion)","WEIHER_C","11WD7WEIH2S--C-A","Fossil Hard coal","11WD7WEIH2S--C-A","15/04/2026 07:00 - 15/04/2026 08:00","0.00",""
"15/04/2026 00:00 - 16/04/2026 00:00","CTA|DE(Amprion)","WEIHER_C","11WD7WEIH2S--C-A","Fossil Hard coal","11WD7WEIH2S--C-A","15/04/2026 08:00 - 15/04/2026 09:00","0.00",""
"15/04/2026 00:00 - 16/04/2026 00:00","CTA|DE(Amprion)","WEIHER_C","11WD7WEIH2S--C-A","Fossil Hard coal","11WD7WEIH2S--C-A","15/04/2026 09:00 - 15/04/2026 10:00","0.00",""
"15/04/2026 00:00 - 16/04/2026 00:00","CTA|DE(Amprion)","WEIHER_C","11WD7WEIH2S--C-A","Fossil Hard coal","11WD7WEIH2S--C-A","15/04/2026 10:00 - 15/04/2026 11:00","0.00",""
"15/04/2026 00:00 - 16/04/2026 00:00","CTA|DE(Amprion)","WEIHER_C","11WD7WEIH2S--C-A","Fossil Hard coal","11WD7WEIH2S--C-A","15/04/2026 11:00 - 15/04/2026 12:00","0.00",""
"15/04/2026 00:00 - 16/04/2026 00:00","CTA|DE(Amprion)","WEIHER_C","11WD7WEIH2S--C-A","Fossil Hard coal","11WD7WEIH2S--C-A","15/04/2026 12:00 - 15/04/2026 13:00","0.00",""
"15/04/2026 00:00 - 16/04/2026 00:00","CTA|DE(Amprion)","WEIHER_C","11WD7WEIH2S--C-A","Fossil Hard coal","11WD7WEIH2S--C-A","15/04/2026 13:00 - 15/04/2026 14:00","0.00",""
"15/04/2026 00:00 - 16/04/2026 00:00","CTA|DE(Amprion)","WEIHER_C","11WD7WEIH2S--C-A","Fossil Hard coal","11WD7WEIH2S--C-A","15/04/2026 14:00 - 15/04/2026 15:00","0.00",""
"15/04/2026 00:00 - 16/04/2026 00:00","CTA|DE(Amprion)","WEIHER_C","11WD7WEIH2S--C-A","Fossil Hard coal","11WD7WEIH2S--C-A","15/04/2026 15:00 - 15/04/2026 16:00","0.00",""
"15/04/2026 00:00 - 16/04/2026 00:00","CTA|DE(Amprion)","WEIHER_C","11WD7WEIH2S--C-A","Fossil Hard coal","11WD7WEIH2S--C-A","15/04/2026 16:00 - 15/04/2026 17:00","0.00",""
"15/04/2026 00:00 - 16/04/2026 00:00","CTA|DE(Amprion)","WEIHER_C","11WD7WEIH2S--C-A","Fossil Hard coal","11WD7WEIH2S--C-A","15/04/2026 17:00 - 15/04/2026 18:00","0.00",""
"15/04/2026 00:00 - 16/04/2026 00:00","CTA|DE(Amprion)","WEIHER_C","11WD7WEIH2S--C-A","Fossil Hard coal","11WD7WEIH2S--C-A","15/04/2026 18:00 - 15/04/2026 19:00","0.00",""
"15/04/2026 00:00 - 16/04/2026 00:00","CTA|DE(Amprion)","WEIHER_C","11WD7WEIH2S--C-A","Fossil Hard coal","11WD7WEIH2S--C-A","15/04/2026 19:00 - 15/04/2026 20:00","0.00",""
"15/04/2026 00:00 - 16/04/2026 00:00","CTA|DE(Amprion)","WEIHER_C","11WD7WEIH2S--C-A","Fossil Hard coal","11WD7WEIH2S--C-A","15/04/2026 20:00 - 15/04/2026 21:00","0.00",""
"15/04/2026 00:00 - 16/04/2026 00:00","CTA|DE(Amprion)","WEIHER_C","11WD7WEIH2S--C-A","Fossil Hard coal","11WD7WEIH2S--C-A","15/04/2026 21:00 - 15/04/2026 22:00","0.00",""
"15/04/2026 00:00 - 16/04/2026 00:00","CTA|DE(Amprion)","WEIHER_C","11WD7WEIH2S--C-A","Fossil Hard coal","11WD7WEIH2S--C-A","15/04/2026 22:00 - 15/04/2026 23:00","0.00",""
"15/04/2026 00:00 - 16/04/2026 00:00","CTA|DE(Amprion)","WEIHER_C","11WD7WEIH2S--C-A","Fossil Hard coal","11WD7WEIH2S--C-A","15/04/2026 23:00 - 16/04/2026 00:00","0.00",""
"15/04/2026 00:00 - 16/04/2026 00:00","CTA|DE(Amprion)","Weisweiler G","11WD7WEIS1B--G-J","Fossil Brown coal/Lignite","11WD7WEIS1B--G-J","15/04/2026 00:00 - 15/04/2026 01:00","644.27",""
"15/04/2026 00:00 - 16/04/2026 00:00","CTA|DE(Amprion)","Weisweiler G","11WD7WEIS1B--G-J","Fossil Brown coal/Lignite","11WD7WEIS1B--G-J","15/04/2026 01:00 - 15/04/2026 02:00","643.60",""
"15/04/2026 00:00 - 16/04/2026 00:00","CTA|DE(Amprion)","Weisweiler G","11WD7WEIS1B--G-J","Fossil Brown coal/Lignite","11WD7WEIS1B--G-J","15/04/2026 02:00 - 15/04/2026 03:00","642.45",""
"15/04/2026 00:00 - 16/04/2026 00:00","CTA|DE(Amprion)","Weisweiler G","11WD7WEIS1B--G-J","Fossil Brown coal/Lignite","11WD7WEIS1B--G-J","15/04/2026 03:00 - 15/04/2026 04:00","641.30",""
"15/04/2026 00:00 - 16/04/2026 00:00","CTA|DE(Amprion)","Weisweiler G","11WD7WEIS1B--G-J","Fossil Brown coal/Lignite","11WD7WEIS1B--G-J","15/04/2026 04:00 - 15/04/2026 05:00","642.13",""
"15/04/2026 00:00 - 16/04/2026 00:00","CTA|DE(Amprion)","Weisweiler G","11WD7WEIS1B--G-J","Fossil Brown coal/Lignite","11WD7WEIS1B--G-J","15/04/2026 05:00 - 15/04/2026 06:00","642.63",""
"15/04/2026 00:00 - 16/04/2026 00:00","CTA|DE(Amprion)","Weisweiler G","11WD7WEIS1B--G-J","Fossil Brown coal/Lignite","11WD7WEIS1B--G-J","15/04/2026 06:00 - 15/04/2026 07:00","641.05",""
"15/04/2026 00:00 - 16/04/2026 00:00","CTA|DE(Amprion)","Weisweiler G","11WD7WEIS1B--G-J","Fossil Brown coal/Lignite","11WD7WEIS1B--G-J","15/04/2026 07:00 - 15/04/2026 08:00","640.70",""
"15/04/2026 00:00 - 16/04/2026 00:00","CTA|DE(Amprion)","Weisweiler G","11WD7WEIS1B--G-J","Fossil Brown coal/Lignite","11WD7WEIS1B--G-J","15/04/2026 08:00 - 15/04/2026 09:00","645.42",""
"15/04/2026 00:00 - 16/04/2026 00:00","CTA|DE(Amprion)","Weisweiler G","11WD7WEIS1B--G-J","Fossil Brown coal/Lignite","11WD7WEIS1B--G-J","15/04/2026 09:00 - 15/04/2026 10:00","645.73",""
"15/04/2026 00:00 - 16/04/2026 00:00","CTA|DE(Amprion)","Weisweiler G","11WD7WEIS1B--G-J","Fossil Brown coal/Lignite","11WD7WEIS1B--G-J","15/04/2026 10:00 - 15/04/2026 11:00","625.48",""
"15/04/2026 00:00 - 16/04/2026 00:00","CTA|DE(Amprion)","Weisweiler G","11WD7WEIS1B--G-J","Fossil Brown coal/Lignite","11WD7WEIS1B--G-J","15/04/2026 11:00 - 15/04/2026 12:00","331.30",""
"15/04/2026 00:00 - 16/04/2026 00:00","CTA|DE(Amprion)","Weisweiler G","11WD7WEIS1B--G-J","Fossil Brown coal/Lignite","11WD7WEIS1B--G-J","15/04/2026 12:00 - 15/04/2026 13:00","240.85",""
"15/04/2026 00:00 - 16/04/2026 00:00","CTA|DE(Amprion)","Weisweiler G","11WD7WEIS1B--G-J","Fossil Brown coal/Lignite","11WD7WEIS1B--G-J","15/04/2026 13:00 - 15/04/2026 14:00","241.03",""
"15/04/2026 00:00 - 16/04/2026 00:00","CTA|DE(Amprion)","Weisweiler G","11WD7WEIS1B--G-J","Fossil Brown coal/Lignite","11WD7WEIS1B--G-J","15/04/2026 14:00 - 15/04/2026 15:00","243.93",""
"15/04/2026 00:00 - 16/04/2026 00:00","CTA|DE(Amprion)","Weisweiler G","11WD7WEIS1B--G-J","Fossil Brown coal/Lignite","11WD7WEIS1B--G-J","15/04/2026 15:00 - 15/04/2026 16:00","371.65",""
"15/04/2026 00:00 - 16/04/2026 00:00","CTA|DE(Amprion)","Weisweiler G","11WD7WEIS1B--G-J","Fossil Brown coal/Lignite","11WD7WEIS1B--G-J","15/04/2026 16:00 - 15/04/2026 17:00","613.00",""
"15/04/2026 00:00 - 16/04/2026 00:00","CTA|DE(Amprion)","Weisweiler G","11WD7WEIS1B--G-J","Fossil Brown coal/Lignite","11WD7WEIS1B--G-J","15/04/2026 17:00 - 15/04/2026 18:00","642.70",""
"15/04/2026 00:00 - 16/04/2026 00:00","CTA|DE(Amprion)","Weisweiler G","11WD7WEIS1B--G-J","Fossil Brown coal/Lignite","11WD7WEIS1B--G-J","15/04/2026 18:00 - 15/04/2026 19:00","641.13",""
"15/04/2026 00:00 - 16/04/2026 00:00","CTA|DE(Amprion)","Weisweiler G","11WD7WEIS1B--G-J","Fossil Brown coal/Lignite","11WD7WEIS1B--G-J","15/04/2026 19:00 - 15/04/2026 20:00","642.30",""
"15/04/2026 00:00 - 16/04/2026 00:00","CTA|DE(Amprion)","Weisweiler G","11WD7WEIS1B--G-J","Fossil Brown coal/Lignite","11WD7WEIS1B--G-J","15/04/2026 20:00 - 15/04/2026 21:00","643.75",""
"15/04/2026 00:00 - 16/04/2026 00:00","CTA|DE(Amprion)","Weisweiler G","11WD7WEIS1B--G-J","Fossil Brown coal/Lignite","11WD7WEIS1B--G-J","15/04/2026 21:00 - 15/04/2026 22:00","645.88",""
"15/04/2026 00:00 - 16/04/2026 00:00","CTA|DE(Amprion)","Weisweiler G","11WD7WEIS1B--G-J","Fossil Brown coal/Lignite","11WD7WEIS1B--G-J","15/04/2026 22:00 - 15/04/2026 23:00","644.90",""
"15/04/2026 00:00 - 16/04/2026 00:00","CTA|DE(Amprion)","Weisweiler G","11WD7WEIS1B--G-J","Fossil Brown coal/Lignite","11WD7WEIS1B--G-J","15/04/2026 23:00 - 16/04/2026 00:00","647.13",""
"15/04/2026 00:00 - 16/04/2026 00:00","CTA|DE(Amprion)","Weisweiler H","11WD7WEIS1B--H-G","Fossil Brown coal/Lignite","11WD7WEIS1B--H-G","15/04/2026 00:00 - 15/04/2026 01:00","0.00",""
"15/04/2026 00:00 - 16/04/2026 00:00","CTA|DE(Amprion)","Weisweiler H","11WD7WEIS1B--H-G","Fossil Brown coal/Lignite","11WD7WEIS1B--H-G","15/04/2026 01:00 - 15/04/2026 02:00","0.00",""
"15/04/2026 00:00 - 16/04/2026 00:00","CTA|DE(Amprion)","Weisweiler H","11WD7WEIS1B--H-G","Fossil Brown coal/Lignite","11WD7WEIS1B--H-G","15/04/2026 02:00 - 15/04/2026 03:00","0.00",""
"15/04/2026 00:00 - 16/04/2026 00:00","CTA|DE(Amprion)","Weisweiler H","11WD7WEIS1B--H-G","Fossil Brown coal/Lignite","11WD7WEIS1B--H-G","15/04/2026 03:00 - 15/04/2026 04:00","0.00",""
"15/04/2026 00:00 - 16/04/2026 00:00","CTA|DE(Amprion)","Weisweiler H","11WD7WEIS1B--H-G","Fossil Brown coal/Lignite","11WD7WEIS1B--H-G","15/04/2026 04:00 - 15/04/2026 05:00","0.00",""
"15/04/2026 00:00 - 16/04/2026 00:00","CTA|DE(Amprion)","Weisweiler H","11WD7WEIS1B--H-G","Fossil Brown coal/Lignite","11WD7WEIS1B--H-G","15/04/2026 05:00 - 15/04/2026 06:00","0.00",""
"15/04/2026 00:00 - 16/04/2026 00:00","CTA|DE(Amprion)","Weisweiler H","11WD7WEIS1B--H-G","Fossil Brown coal/Lignite","11WD7WEIS1B--H-G","15/04/2026 06:00 - 15/04/2026 07:00","0.00",""
"15/04/2026 00:00 - 16/04/2026 00:00","CTA|DE(Amprion)","Weisweiler H","11WD7WEIS1B--H-G","Fossil Brown coal/Lignite","11WD7WEIS1B--H-G","15/04/2026 07:00 - 15/04/2026 08:00","0.00",""
"15/04/2026 00:00 - 16/04/2026 00:00","CTA|DE(Amprion)","Weisweiler H","11WD7WEIS1B--H-G","Fossil Brown coal/Lignite","11WD7WEIS1B--H-G","15/04/2026 08:00 - 15/04/2026 09:00","0.00",""
"15/04/2026 00:00 - 16/04/2026 00:00","CTA|DE(Amprion)","Weisweiler H","11WD7WEIS1B--H-G","Fossil Brown coal/Lignite","11WD7WEIS1B--H-G","15/04/2026 09:00 - 15/04/2026 10:00","0.00",""
"15/04/2026 00:00 - 16/04/2026 00:00","CTA|DE(Amprion)","Weisweiler H","11WD7WEIS1B--H-G","Fossil Brown coal/Lignite","11WD7WEIS1B--H-G","15/04/2026 10:00 - 15/04/2026 11:00","0.00",""
"15/04/2026 00:00 - 16/04/2026 00:00","CTA|DE(Amprion)","Weisweiler H","11WD7WEIS1B--H-G","Fossil Brown coal/Lignite","11WD7WEIS1B--H-G","15/04/2026 11:00 - 15/04/2026 12:00","0.00",""
"15/04/2026 00:00 - 16/04/2026 00:00","CTA|DE(Amprion)","Weisweiler H","11WD7WEIS1B--H-G","Fossil Brown coal/Lignite","11WD7WEIS1B--H-G","15/04/2026 12:00 - 15/04/2026 13:00","0.00",""
"15/04/2026 00:00 - 16/04/2026 00:00","CTA|DE(Amprion)","Weisweiler H","11WD7WEIS1B--H-G","Fossil Brown coal/Lignite","11WD7WEIS1B--H-G","15/04/2026 13:00 - 15/04/2026 14:00","0.00",""
"15/04/2026 00:00 - 16/04/2026 00:00","CTA|DE(Amprion)","Weisweiler H","11WD7WEIS1B--H-G","Fossil Brown coal/Lignite","11WD7WEIS1B--H-G","15/04/2026 14:00 - 15/04/2026 15:00","0.00",""
"15/04/2026 00:00 - 16/04/2026 00:00","CTA|DE(Amprion)","Weisweiler H","11WD7WEIS1B--H-G","Fossil Brown coal/Lignite","11WD7WEIS1B--H-G","15/04/2026 15:00 - 15/04/2026 16:00","0.00",""
"15/04/2026 00:00 - 16/04/2026 00:00","CTA|DE(Amprion)","Weisweiler H","11WD7WEIS1B--H-G","Fossil Brown coal/Lignite","11WD7WEIS1B--H-G","15/04/2026 16:00 - 15/04/2026 17:00","0.00",""
"15/04/2026 00:00 - 16/04/2026 00:00","CTA|DE(Amprion)","Weisweiler H","11WD7WEIS1B--H-G","Fossil Brown coal/Lignite","11WD7WEIS1B--H-G","15/04/2026 17:00 - 15/04/2026 18:00","0.00",""
"15/04/2026 00:00 - 16/04/2026 00:00","CTA|DE(Amprion)","Weisweiler H","11WD7WEIS1B--H-G","Fossil Brown coal/Lignite","11WD7WEIS1B--H-G","15/04/2026 18:00 - 15/04/2026 19:00","0.00",""
"15/04/2026 00:00 - 16/04/2026 00:00","CTA|DE(Amprion)","Weisweiler H","11WD7WEIS1B--H-G","Fossil Brown coal/Lignite","11WD7WEIS1B--H-G","15/04/2026 19:00 - 15/04/2026 20:00","0.00",""
"15/04/2026 00:00 - 16/04/2026 00:00","CTA|DE(Amprion)","Weisweiler H","11WD7WEIS1B--H-G","Fossil Brown coal/Lignite","11WD7WEIS1B--H-G","15/04/2026 20:00 - 15/04/2026 21:00","0.00",""
"15/04/2026 00:00 - 16/04/2026 00:00","CTA|DE(Amprion)","Weisweiler H","11WD7WEIS1B--H-G","Fossil Brown coal/Lignite","11WD7WEIS1B--H-G","15/04/2026 21:00 - 15/04/2026 22:00","0.00",""
"15/04/2026 00:00 - 16/04/2026 00:00","CTA|DE(Amprion)","Weisweiler H","11WD7WEIS1B--H-G","Fossil Brown coal/Lignite","11WD7WEIS1B--H-G","15/04/2026 22:00 - 15/04/2026 23:00","0.00",""
"15/04/2026 00:00 - 16/04/2026 00:00","CTA|DE(Amprion)","Weisweiler H","11WD7WEIS1B--H-G","Fossil Brown coal/Lignite","11WD7WEIS1B--H-G","15/04/2026 23:00 - 16/04/2026 00:00","0.00",""
"15/04/2026 00:00 - 16/04/2026 00:00","CTA|DE(Amprion)","Weisweiler VGT - BI. G","11WD7WEIS5GVGTGU","Fossil Gas","11WD7WEIS5GVGTGU","15/04/2026 00:00 - 15/04/2026 01:00","0.00",""
"15/04/2026 00:00 - 16/04/2026 00:00","CTA|DE(Amprion)","Weisweiler VGT - BI. G","11WD7WEIS5GVGTGU","Fossil Gas","11WD7WEIS5GVGTGU","15/04/2026 01:00 - 15/04/2026 02:00","0.00",""
"15/04/2026 00:00 - 16/04/2026 00:00","CTA|DE(Amprion)","Weisweiler VGT - BI. G","11WD7WEIS5GVGTGU","Fossil Gas","11WD7WEIS5GVGTGU","15/04/2026 02:00 - 15/04/2026 03:00","0.00",""
"15/04/2026 00:00 - 16/04/2026 00:00","CTA|DE(Amprion)","Weisweiler VGT - BI. G","11WD7WEIS5GVGTGU","Fossil Gas","11WD7WEIS5GVGTGU","15/04/2026 03:00 - 15/04/2026 04:00","0.00",""
"15/04/2026 00:00 - 16/04/2026 00:00","CTA|DE(Amprion)","Weisweiler VGT - BI. G","11WD7WEIS5GVGTGU","Fossil Gas","11WD7WEIS5GVGTGU","15/04/2026 04:00 - 15/04/2026 05:00","0.00",""
"15/04/2026 00:00 - 16/04/2026 00:00","CTA|DE(Amprion)","Weisweiler VGT - BI. G","11WD7WEIS5GVGTGU","Fossil Gas","11WD7WEIS5GVGTGU","15/04/2026 05:00 - 15/04/2026 06:00","0.00",""
"15/04/2026 00:00 - 16/04/2026 00:00","CTA|DE(Amprion)","Weisweiler VGT - BI. G","11WD7WEIS5GVGTGU","Fossil Gas","11WD7WEIS5GVGTGU","15/04/2026 06:00 - 15/04/2026 07:00","0.00",""
"15/04/2026 00:00 - 16/04/2026 00:00","CTA|DE(Amprion)","Weisweiler VGT - BI. G","11WD7WEIS5GVGTGU","Fossil Gas","11WD7WEIS5GVGTGU","15/04/2026 07:00 - 15/04/2026 08:00","0.00",""
"15/04/2026 00:00 - 16/04/2026 00:00","CTA|DE(Amprion)","Weisweiler VGT - BI. G","11WD7WEIS5GVGTGU","Fossil Gas","11WD7WEIS5GVGTGU","15/04/2026 08:00 - 15/04/2026 09:00","0.00",""
"15/04/2026 00:00 - 16/04/2026 00:00","CTA|DE(Amprion)","Weisweiler VGT - BI. G","11WD7WEIS5GVGTGU","Fossil Gas","11WD7WEIS5GVGTGU","15/04/2026 09:00 - 15/04/2026 10:00","0.00",""
"15/04/2026 00:00 - 16/04/2026 00:00","CTA|DE(Amprion)","Weisweiler VGT - BI. G","11WD7WEIS5GVGTGU","Fossil Gas","11WD7WEIS5GVGTGU","15/04/2026 10:00 - 15/04/2026 11:00","0.00",""
"15/04/2026 00:00 - 16/04/2026 00:00","CTA|DE(Amprion)","Weisweiler VGT - BI. G","11WD7WEIS5GVGTGU","Fossil Gas","11WD7WEIS5GVGTGU","15/04/2026 11:00 - 15/04/2026 12:00","0.00",""
"15/04/2026 00:00 - 16/04/2026 00:00","CTA|DE(Amprion)","Weisweiler VGT - BI. G","11WD7WEIS5GVGTGU","Fossil Gas","11WD7WEIS5GVGTGU","15/04/2026 12:00 - 15/04/2026 13:00","0.00",""
"15/04/2026 00:00 - 16/04/2026 00:00","CTA|DE(Amprion)","Weisweiler VGT - BI. G","11WD7WEIS5GVGTGU","Fossil Gas","11WD7WEIS5GVGTGU","15/04/2026 13:00 - 15/04/2026 14:00","0.00",""
"15/04/2026 00:00 - 16/04/2026 00:00","CTA|DE(Amprion)","Weisweiler VGT - BI. G","11WD7WEIS5GVGTGU","Fossil Gas","11WD7WEIS5GVGTGU","15/04/2026 14:00 - 15/04/2026 15:00","0.00",""
"15/04/2026 00:00 - 16/04/2026 00:00","CTA|DE(Amprion)","Weisweiler VGT - BI. G","11WD7WEIS5GVGTGU","Fossil Gas","11WD7WEIS5GVGTGU","15/04/2026 15:00 - 15/04/2026 16:00","0.00",""
"15/04/2026 00:00 - 16/04/2026 00:00","CTA|DE(Amprion)","Weisweiler VGT - BI. G","11WD7WEIS5GVGTGU","Fossil Gas","11WD7WEIS5GVGTGU","15/04/2026 16:00 - 15/04/2026 17:00","0.00",""
"15/04/2026 00:00 - 16/04/2026 00:00","CTA|DE(Amprion)","Weisweiler VGT - BI. G","11WD7WEIS5GVGTGU","Fossil Gas","11WD7WEIS5GVGTGU","15/04/2026 17:00 - 15/04/2026 18:00","0.00",""
"15/04/2026 00:00 - 16/04/2026 00:00","CTA|DE(Amprion)","Weisweiler VGT - BI. G","11WD7WEIS5GVGTGU","Fossil Gas","11WD7WEIS5GVGTGU","15/04/2026 18:00 - 15/04/2026 19:00","0.00",""
"15/04/2026 00:00 - 16/04/2026 00:00","CTA|DE(Amprion)","Weisweiler VGT - BI. G","11WD7WEIS5GVGTGU","Fossil Gas","11WD7WEIS5GVGTGU","15/04/2026 19:00 - 15/04/2026 20:00","0.00",""
"15/04/2026 00:00 - 16/04/2026 00:00","CTA|DE(Amprion)","Weisweiler VGT - BI. G","11WD7WEIS5GVGTGU","Fossil Gas","11WD7WEIS5GVGTGU","15/04/2026 20:00 - 15/04/2026 21:00","0.00",""
"15/04/2026 00:00 - 16/04/2026 00:00","CTA|DE(Amprion)","Weisweiler VGT - BI. G","11WD7WEIS5GVGTGU","Fossil Gas","11WD7WEIS5GVGTGU","15/04/2026 21:00 - 15/04/2026 22:00","0.00",""
"15/04/2026 00:00 - 16/04/2026 00:00","CTA|DE(Amprion)","Weisweiler VGT - BI. G","11WD7WEIS5GVGTGU","Fossil Gas","11WD7WEIS5GVGTGU","15/04/2026 22:00 - 15/04/2026 23:00","0.00",""
"15/04/2026 00:00 - 16/04/2026 00:00","CTA|DE(Amprion)","Weisweiler VGT - BI. G","11WD7WEIS5GVGTGU","Fossil Gas","11WD7WEIS5GVGTGU","15/04/2026 23:00 - 16/04/2026 00:00","0.00",""
"15/04/2026 00:00 - 16/04/2026 00:00","CTA|DE(Amprion)","Weisweiler VGT - BI. H","11WD7WEIS5GVGTHS","Fossil Gas","11WD7WEIS5GVGTHS","15/04/2026 00:00 - 15/04/2026 01:00","0.00",""
"15/04/2026 00:00 - 16/04/2026 00:00","CTA|DE(Amprion)","Weisweiler VGT - BI. H","11WD7WEIS5GVGTHS","Fossil Gas","11WD7WEIS5GVGTHS","15/04/2026 01:00 - 15/04/2026 02:00","0.00",""
"15/04/2026 00:00 - 16/04/2026 00:00","CTA|DE(Amprion)","Weisweiler VGT - BI. H","11WD7WEIS5GVGTHS","Fossil Gas","11WD7WEIS5GVGTHS","15/04/2026 02:00 - 15/04/2026 03:00","0.00",""
"15/04/2026 00:00 - 16/04/2026 00:00","CTA|DE(Amprion)","Weisweiler VGT - BI. H","11WD7WEIS5GVGTHS","Fossil Gas","11WD7WEIS5GVGTHS","15/04/2026 03:00 - 15/04/2026 04:00","0.00",""
"15/04/2026 00:00 - 16/04/2026 00:00","CTA|DE(Amprion)","Weisweiler VGT - BI. H","11WD7WEIS5GVGTHS","Fossil Gas","11WD7WEIS5GVGTHS","15/04/2026 04:00 - 15/04/2026 05:00","0.00",""
"15/04/2026 00:00 - 16/04/2026 00:00","CTA|DE(Amprion)","Weisweiler VGT - BI. H","11WD7WEIS5GVGTHS","Fossil Gas","11WD7WEIS5GVGTHS","15/04/2026 05:00 - 15/04/2026 06:00","0.00",""
"15/04/2026 00:00 - 16/04/2026 00:00","CTA|DE(Amprion)","Weisweiler VGT - BI. H","11WD7WEIS5GVGTHS","Fossil Gas","11WD7WEIS5GVGTHS","15/04/2026 06:00 - 15/04/2026 07:00","0.00",""
"15/04/2026 00:00 - 16/04/2026 00:00","CTA|DE(Amprion)","Weisweiler VGT - BI. H","11WD7WEIS5GVGTHS","Fossil Gas","11WD7WEIS5GVGTHS","15/04/2026 07:00 - 15/04/2026 08:00","0.00",""
"15/04/2026 00:00 - 16/04/2026 00:00","CTA|DE(Amprion)","Weisweiler VGT - BI. H","11WD7WEIS5GVGTHS","Fossil Gas","11WD7WEIS5GVGTHS","15/04/2026 08:00 - 15/04/2026 09:00","0.00",""
"15/04/2026 00:00 - 16/04/2026 00:00","CTA|DE(Amprion)","Weisweiler VGT - BI. H","11WD7WEIS5GVGTHS","Fossil Gas","11WD7WEIS5GVGTHS","15/04/2026 09:00 - 15/04/2026 10:00","0.00",""
"15/04/2026 00:00 - 16/04/2026 00:00","CTA|DE(Amprion)","Weisweiler VGT - BI. H","11WD7WEIS5GVGTHS","Fossil Gas","11WD7WEIS5GVGTHS","15/04/2026 10:00 - 15/04/2026 11:00","0.00",""
"15/04/2026 00:00 - 16/04/2026 00:00","CTA|DE(Amprion)","Weisweiler VGT - BI. H","11WD7WEIS5GVGTHS","Fossil Gas","11WD7WEIS5GVGTHS","15/04/2026 11:00 - 15/04/2026 12:00","0.00",""
"15/04/2026 00:00 - 16/04/2026 00:00","CTA|DE(Amprion)","Weisweiler VGT - BI. H","11WD7WEIS5GVGTHS","Fossil Gas","11WD7WEIS5GVGTHS","15/04/2026 12:00 - 15/04/2026 13:00","0.00",""
"15/04/2026 00:00 - 16/04/2026 00:00","CTA|DE(Amprion)","Weisweiler VGT - BI. H","11WD7WEIS5GVGTHS","Fossil Gas","11WD7WEIS5GVGTHS","15/04/2026 13:00 - 15/04/2026 14:00","0.00",""
"15/04/2026 00:00 - 16/04/2026 00:00","CTA|DE(Amprion)","Weisweiler VGT - BI. H","11WD7WEIS5GVGTHS","Fossil Gas","11WD7WEIS5GVGTHS","15/04/2026 14:00 - 15/04/2026 15:00","0.00",""
"15/04/2026 00:00 - 16/04/2026 00:00","CTA|DE(Amprion)","Weisweiler VGT - BI. H","11WD7WEIS5GVGTHS","Fossil Gas","11WD7WEIS5GVGTHS","15/04/2026 15:00 - 15/04/2026 16:00","0.00",""
"15/04/2026 00:00 - 16/04/2026 00:00","CTA|DE(Amprion)","Weisweiler VGT - BI. H","11WD7WEIS5GVGTHS","Fossil Gas","11WD7WEIS5GVGTHS","15/04/2026 16:00 - 15/04/2026 17:00","0.00",""
"15/04/2026 00:00 - 16/04/2026 00:00","CTA|DE(Amprion)","Weisweiler VGT - BI. H","11WD7WEIS5GVGTHS","Fossil Gas","11WD7WEIS5GVGTHS","15/04/2026 17:00 - 15/04/2026 18:00","0.00",""
"15/04/2026 00:00 - 16/04/2026 00:00","CTA|DE(Amprion)","Weisweiler VGT - BI. H","11WD7WEIS5GVGTHS","Fossil Gas","11WD7WEIS5GVGTHS","15/04/2026 18:00 - 15/04/2026 19:00","0.00",""
"15/04/2026 00:00 - 16/04/2026 00:00","CTA|DE(Amprion)","Weisweiler VGT - BI. H","11WD7WEIS5GVGTHS","Fossil Gas","11WD7WEIS5GVGTHS","15/04/2026 19:00 - 15/04/2026 20:00","0.00",""
"15/04/2026 00:00 - 16/04/2026 00:00","CTA|DE(Amprion)","Weisweiler VGT - BI. H","11WD7WEIS5GVGTHS","Fossil Gas","11WD7WEIS5GVGTHS","15/04/2026 20:00 - 15/04/2026 21:00","0.00",""
"15/04/2026 00:00 - 16/04/2026 00:00","CTA|DE(Amprion)","Weisweiler VGT - BI. H","11WD7WEIS5GVGTHS","Fossil Gas","11WD7WEIS5GVGTHS","15/04/2026 21:00 - 15/04/2026 22:00","0.00",""
"15/04/2026 00:00 - 16/04/2026 00:00","CTA|DE(Amprion)","Weisweiler VGT - BI. H","11WD7WEIS5GVGTHS","Fossil Gas","11WD7WEIS5GVGTHS","15/04/2026 22:00 - 15/04/2026 23:00","0.00",""
"15/04/2026 00:00 - 16/04/2026 00:00","CTA|DE(Amprion)","Weisweiler VGT - BI. H","11WD7WEIS5GVGTHS","Fossil Gas","11WD7WEIS5GVGTHS","15/04/2026 23:00 - 16/04/2026 00:00","0.00",""
"15/04/2026 00:00 - 16/04/2026 00:00","CTA|DE(50Hertz)","Lichterfelde GUD","11W0-0000-0103-9","Fossil Gas","11W0-0000-0103-9","15/04/2026 00:00 - 15/04/2026 01:00","299.50",""
"15/04/2026 00:00 - 16/04/2026 00:00","CTA|DE(50Hertz)","Lichterfelde GUD","11W0-0000-0103-9","Fossil Gas","11W0-0000-0103-9","15/04/2026 01:00 - 15/04/2026 02:00","299.50",""
"15/04/2026 00:00 - 16/04/2026 00:00","CTA|DE(50Hertz)","Lichterfelde GUD","11W0-0000-0103-9","Fossil Gas","11W0-0000-0103-9","15/04/2026 02:00 - 15/04/2026 03:00","299.50",""
"15/04/2026 00:00 - 16/04/2026 00:00","CTA|DE(50Hertz)","Lichterfelde GUD","11W0-0000-0103-9","Fossil Gas","11W0-0000-0103-9","15/04/2026 03:00 - 15/04/2026 04:00","299.50",""
"15/04/2026 00:00 - 16/04/2026 00:00","CTA|DE(50Hertz)","Lichterfelde GUD","11W0-0000-0103-9","Fossil Gas","11W0-0000-0103-9","15/04/2026 04:00 - 15/04/2026 05:00","300.00",""
"15/04/2026 00:00 - 16/04/2026 00:00","CTA|DE(50Hertz)","Lichterfelde GUD","11W0-0000-0103-9","Fossil Gas","11W0-0000-0103-9","15/04/2026 05:00 - 15/04/2026 06:00","300.00",""
"15/04/2026 00:00 - 16/04/2026 00:00","CTA|DE(50Hertz)","Lichterfelde GUD","11W0-0000-0103-9","Fossil Gas","11W0-0000-0103-9","15/04/2026 06:00 - 15/04/2026 07:00","299.25",""
"15/04/2026 00:00 - 16/04/2026 00:00","CTA|DE(50Hertz)","Lichterfelde GUD","11W0-0000-0103-9","Fossil Gas","11W0-0000-0103-9","15/04/2026 07:00 - 15/04/2026 08:00","299.00",""
"15/04/2026 00:00 - 16/04/2026 00:00","CTA|DE(50Hertz)","Lichterfelde GUD","11W0-0000-0103-9","Fossil Gas","11W0-0000-0103-9","15/04/2026 08:00 - 15/04/2026 09:00","299.75",""
"15/04/2026 00:00 - 16/04/2026 00:00","CTA|DE(50Hertz)","Lichterfelde GUD","11W0-0000-0103-9","Fossil Gas","11W0-0000-0103-9","15/04/2026 09:00 - 15/04/2026 10:00","285.75",""
"15/04/2026 00:00 - 16/04/2026 00:00","CTA|DE(50Hertz)","Lichterfelde GUD","11W0-0000-0103-9","Fossil Gas","11W0-0000-0103-9","15/04/2026 10:00 - 15/04/2026 11:00","277.50",""
"15/04/2026 00:00 - 16/04/2026 00:00","CTA|DE(50Hertz)","Lichterfelde GUD","11W0-0000-0103-9","Fossil Gas","11W0-0000-0103-9","15/04/2026 11:00 - 15/04/2026 12:00","184.75",""
"15/04/2026 00:00 - 16/04/2026 00:00","CTA|DE(50Hertz)","Lichterfelde GUD","11W0-0000-0103-9","Fossil Gas","11W0-0000-0103-9","15/04/2026 12:00 - 15/04/2026 13:00","149.75",""
"15/04/2026 00:00 - 16/04/2026 00:00","CTA|DE(50Hertz)","Lichterfelde GUD","11W0-0000-0103-9","Fossil Gas","11W0-0000-0103-9","15/04/2026 13:00 - 15/04/2026 14:00","127.50",""
"15/04/2026 00:00 - 16/04/2026 00:00","CTA|DE(50Hertz)","Lichterfelde GUD","11W0-0000-0103-9","Fossil Gas","11W0-0000-0103-9","15/04/2026 14:00 - 15/04/2026 15:00","125.00",""
"15/04/2026 00:00 - 16/04/2026 00:00","CTA|DE(50Hertz)","Lichterfelde GUD","11W0-0000-0103-9","Fossil Gas","11W0-0000-0103-9","15/04/2026 15:00 - 15/04/2026 16:00","126.25",""
"15/04/2026 00:00 - 16/04/2026 00:00","CTA|DE(50Hertz)","Lichterfelde GUD","11W0-0000-0103-9","Fossil Gas","11W0-0000-0103-9","15/04/2026 16:00 - 15/04/2026 17:00","164.75",""
"15/04/2026 00:00 - 16/04/2026 00:00","CTA|DE(50Hertz)","Lichterfelde GUD","11W0-0000-0103-9","Fossil Gas","11W0-0000-0103-9","15/04/2026 17:00 - 15/04/2026 18:00","229.00",""
"15/04/2026 00:00 - 16/04/2026 00:00","CTA|DE(50Hertz)","Lichterfelde GUD","11W0-0000-0103-9","Fossil Gas","11W0-0000-0103-9","15/04/2026 18:00 - 15/04/2026 19:00","235.00",""
"15/04/2026 00:00 - 16/04/2026 00:00","CTA|DE(50Hertz)","Lichterfelde GUD","11W0-0000-0103-9","Fossil Gas","11W0-0000-0103-9","15/04/2026 19:00 - 15/04/2026 20:00","261.25",""
"15/04/2026 00:00 - 16/04/2026 00:00","CTA|DE(50Hertz)","Lichterfelde GUD","11W0-0000-0103-9","Fossil Gas","11W0-0000-0103-9","15/04/2026 20:00 - 15/04/2026 21:00","240.25",""
"15/04/2026 00:00 - 16/04/2026 00:00","CTA|DE(50Hertz)","Lichterfelde GUD","11W0-0000-0103-9","Fossil Gas","11W0-0000-0103-9","15/04/2026 21:00 - 15/04/2026 22:00","240.00",""
"15/04/2026 00:00 - 16/04/2026 00:00","CTA|DE(50Hertz)","Lichterfelde GUD","11W0-0000-0103-9","Fossil Gas","11W0-0000-0103-9","15/04/2026 22:00 - 15/04/2026 23:00","240.00",""
"15/04/2026 00:00 - 16/04/2026 00:00","CTA|DE(50Hertz)","Lichterfelde GUD","11W0-0000-0103-9","Fossil Gas","11W0-0000-0103-9","15/04/2026 23:00 - 16/04/2026 00:00","240.00",""
"15/04/2026 00:00 - 16/04/2026 00:00","CTA|DE(50Hertz)","GuD Marzahn","11W0-0000-0104-6","Fossil Gas","11W0-0000-0104-6","15/04/2026 00:00 - 15/04/2026 01:00","0.00",""
"15/04/2026 00:00 - 16/04/2026 00:00","CTA|DE(50Hertz)","GuD Marzahn","11W0-0000-0104-6","Fossil Gas","11W0-0000-0104-6","15/04/2026 01:00 - 15/04/2026 02:00","0.00",""
"15/04/2026 00:00 - 16/04/2026 00:00","CTA|DE(50Hertz)","GuD Marzahn","11W0-0000-0104-6","Fossil Gas","11W0-0000-0104-6","15/04/2026 02:00 - 15/04/2026 03:00","0.00",""
"15/04/2026 00:00 - 16/04/2026 00:00","CTA|DE(50Hertz)","GuD Marzahn","11W0-0000-0104-6","Fossil Gas","11W0-0000-0104-6","15/04/2026 03:00 - 15/04/2026 04:00","0.00",""
"15/04/2026 00:00 - 16/04/2026 00:00","CTA|DE(50Hertz)","GuD Marzahn","11W0-0000-0104-6","Fossil Gas","11W0-0000-0104-6","15/04/2026 04:00 - 15/04/2026 05:00","0.00",""
"15/04/2026 00:00 - 16/04/2026 00:00","CTA|DE(50Hertz)","GuD Marzahn","11W0-0000-0104-6","Fossil Gas","11W0-0000-0104-6","15/04/2026 05:00 - 15/04/2026 06:00","0.00",""
"15/04/2026 00:00 - 16/04/2026 00:00","CTA|DE(50Hertz)","GuD Marzahn","11W0-0000-0104-6","Fossil Gas","11W0-0000-0104-6","15/04/2026 06:00 - 15/04/2026 07:00","0.00",""
"15/04/2026 00:00 - 16/04/2026 00:00","CTA|DE(50Hertz)","GuD Marzahn","11W0-0000-0104-6","Fossil Gas","11W0-0000-0104-6","15/04/2026 07:00 - 15/04/2026 08:00","0.00",""
"15/04/2026 00:00 - 16/04/2026 00:00","CTA|DE(50Hertz)","GuD Marzahn","11W0-0000-0104-6","Fossil Gas","11W0-0000-0104-6","15/04/2026 08:00 - 15/04/2026 09:00","0.00",""
"15/04/2026 00:00 - 16/04/2026 00:00","CTA|DE(50Hertz)","GuD Marzahn","11W0-0000-0104-6","Fossil Gas","11W0-0000-0104-6","15/04/2026 09:00 - 15/04/2026 10:00","0.00",""
"15/04/2026 00:00 - 16/04/2026 00:00","CTA|DE(50Hertz)","GuD Marzahn","11W0-0000-0104-6","Fossil Gas","11W0-0000-0104-6","15/04/2026 10:00 - 15/04/2026 11:00","0.00",""
"15/04/2026 00:00 - 16/04/2026 00:00","CTA|DE(50Hertz)","GuD Marzahn","11W0-0000-0104-6","Fossil Gas","11W0-0000-0104-6","15/04/2026 11:00 - 15/04/2026 12:00","0.00",""
"15/04/2026 00:00 - 16/04/2026 00:00","CTA|DE(50Hertz)","GuD Marzahn","11W0-0000-0104-6","Fossil Gas","11W0-0000-0104-6","15/04/2026 12:00 - 15/04/2026 13:00","0.00",""
"15/04/2026 00:00 - 16/04/2026 00:00","CTA|DE(50Hertz)","GuD Marzahn","11W0-0000-0104-6","Fossil Gas","11W0-0000-0104-6","15/04/2026 13:00 - 15/04/2026 14:00","0.00",""
"15/04/2026 00:00 - 16/04/2026 00:00","CTA|DE(50Hertz)","GuD Marzahn","11W0-0000-0104-6","Fossil Gas","11W0-0000-0104-6","15/04/2026 14:00 - 15/04/2026 15:00","0.00",""
"15/04/2026 00:00 - 16/04/2026 00:00","CTA|DE(50Hertz)","GuD Marzahn","11W0-0000-0104-6","Fossil Gas","11W0-0000-0104-6","15/04/2026 15:00 - 15/04/2026 16:00","0.00",""
"15/04/2026 00:00 - 16/04/2026 00:00","CTA|DE(50Hertz)","GuD Marzahn","11W0-0000-0104-6","Fossil Gas","11W0-0000-0104-6","15/04/2026 16:00 - 15/04/2026 17:00","0.00",""
"15/04/2026 00:00 - 16/04/2026 00:00","CTA|DE(50Hertz)","GuD Marzahn","11W0-0000-0104-6","Fossil Gas","11W0-0000-0104-6","15/04/2026 17:00 - 15/04/2026 18:00","0.00",""
"15/04/2026 00:00 - 16/04/2026 00:00","CTA|DE(50Hertz)","GuD Marzahn","11W0-0000-0104-6","Fossil Gas","11W0-0000-0104-6","15/04/2026 18:00 - 15/04/2026 19:00","0.00",""
"15/04/2026 00:00 - 16/04/2026 00:00","CTA|DE(50Hertz)","GuD Marzahn","11W0-0000-0104-6","Fossil Gas","11W0-0000-0104-6","15/04/2026 19:00 - 15/04/2026 20:00","0.00",""
"15/04/2026 00:00 - 16/04/2026 00:00","CTA|DE(50Hertz)","GuD Marzahn","11W0-0000-0104-6","Fossil Gas","11W0-0000-0104-6","15/04/2026 20:00 - 15/04/2026 21:00","0.00",""
"15/04/2026 00:00 - 16/04/2026 00:00","CTA|DE(50Hertz)","GuD Marzahn","11W0-0000-0104-6","Fossil Gas","11W0-0000-0104-6","15/04/2026 21:00 - 15/04/2026 22:00","0.00",""
"15/04/2026 00:00 - 16/04/2026 00:00","CTA|DE(50Hertz)","GuD Marzahn","11W0-0000-0104-6","Fossil Gas","11W0-0000-0104-6","15/04/2026 22:00 - 15/04/2026 23:00","0.00",""
"15/04/2026 00:00 - 16/04/2026 00:00","CTA|DE(50Hertz)","GuD Marzahn","11W0-0000-0104-6","Fossil Gas","11W0-0000-0104-6","15/04/2026 23:00 - 16/04/2026 00:00","0.00",""
"15/04/2026 00:00 - 16/04/2026 00:00","CTA|DE(50Hertz)","KW Boxberg Block N","11WD8BOXB1L---N8","Fossil Brown coal/Lignite","11WD8BOXB1L---N8","15/04/2026 00:00 - 15/04/2026 01:00","489.00",""
"15/04/2026 00:00 - 16/04/2026 00:00","CTA|DE(50Hertz)","KW Boxberg Block N","11WD8BOXB1L---N8","Fossil Brown coal/Lignite","11WD8BOXB1L---N8","15/04/2026 01:00 - 15/04/2026 02:00","494.75",""
"15/04/2026 00:00 - 16/04/2026 00:00","CTA|DE(50Hertz)","KW Boxberg Block N","11WD8BOXB1L---N8","Fossil Brown coal/Lignite","11WD8BOXB1L---N8","15/04/2026 02:00 - 15/04/2026 03:00","496.75",""
"15/04/2026 00:00 - 16/04/2026 00:00","CTA|DE(50Hertz)","KW Boxberg Block N","11WD8BOXB1L---N8","Fossil Brown coal/Lignite","11WD8BOXB1L---N8","15/04/2026 03:00 - 15/04/2026 04:00","497.50",""
"15/04/2026 00:00 - 16/04/2026 00:00","CTA|DE(50Hertz)","KW Boxberg Block N","11WD8BOXB1L---N8","Fossil Brown coal/Lignite","11WD8BOXB1L---N8","15/04/2026 04:00 - 15/04/2026 05:00","495.50",""
"15/04/2026 00:00 - 16/04/2026 00:00","CTA|DE(50Hertz)","KW Boxberg Block N","11WD8BOXB1L---N8","Fossil Brown coal/Lignite","11WD8BOXB1L---N8","15/04/2026 05:00 - 15/04/2026 06:00","496.50",""
"15/04/2026 00:00 - 16/04/2026 00:00","CTA|DE(50Hertz)","KW Boxberg Block N","11WD8BOXB1L---N8","Fossil Brown coal/Lignite","11WD8BOXB1L---N8","15/04/2026 06:00 - 15/04/2026 07:00","496.25",""
"15/04/2026 00:00 - 16/04/2026 00:00","CTA|DE(50Hertz)","KW Boxberg Block N","11WD8BOXB1L---N8","Fossil Brown coal/Lignite","11WD8BOXB1L---N8","15/04/2026 07:00 - 15/04/2026 08:00","496.50",""
"15/04/2026 00:00 - 16/04/2026 00:00","CTA|DE(50Hertz)","KW Boxberg Block N","11WD8BOXB1L---N8","Fossil Brown coal/Lignite","11WD8BOXB1L---N8","15/04/2026 08:00 - 15/04/2026 09:00","497.50",""
"15/04/2026 00:00 - 16/04/2026 00:00","CTA|DE(50Hertz)","KW Boxberg Block N","11WD8BOXB1L---N8","Fossil Brown coal/Lignite","11WD8BOXB1L---N8","15/04/2026 09:00 - 15/04/2026 10:00","497.50",""
"15/04/2026 00:00 - 16/04/2026 00:00","CTA|DE(50Hertz)","KW Boxberg Block N","11WD8BOXB1L---N8","Fossil Brown coal/Lignite","11WD8BOXB1L---N8","15/04/2026 10:00 - 15/04/2026 11:00","495.00",""
"15/04/2026 00:00 - 16/04/2026 00:00","CTA|DE(50Hertz)","KW Boxberg Block N","11WD8BOXB1L---N8","Fossil Brown coal/Lignite","11WD8BOXB1L---N8","15/04/2026 11:00 - 15/04/2026 12:00","493.75",""
"15/04/2026 00:00 - 16/04/2026 00:00","CTA|DE(50Hertz)","KW Boxberg Block N","11WD8BOXB1L---N8","Fossil Brown coal/Lignite","11WD8BOXB1L---N8","15/04/2026 12:00 - 15/04/2026 13:00","431.50",""
"15/04/2026 00:00 - 16/04/2026 00:00","CTA|DE(50Hertz)","KW Boxberg Block N","11WD8BOXB1L---N8","Fossil Brown coal/Lignite","11WD8BOXB1L---N8","15/04/2026 13:00 - 15/04/2026 14:00","424.75",""
"15/04/2026 00:00 - 16/04/2026 00:00","CTA|DE(50Hertz)","KW Boxberg Block N","11WD8BOXB1L---N8","Fossil Brown coal/Lignite","11WD8BOXB1L---N8","15/04/2026 14:00 - 15/04/2026 15:00","427.25",""
"15/04/2026 00:00 - 16/04/2026 00:00","CTA|DE(50Hertz)","KW Boxberg Block N","11WD8BOXB1L---N8","Fossil Brown coal/Lignite","11WD8BOXB1L---N8","15/04/2026 15:00 - 15/04/2026 16:00","490.25",""
"15/04/2026 00:00 - 16/04/2026 00:00","CTA|DE(50Hertz)","KW Boxberg Block N","11WD8BOXB1L---N8","Fossil Brown coal/Lignite","11WD8BOXB1L---N8","15/04/2026 16:00 - 15/04/2026 17:00","491.25",""
"15/04/2026 00:00 - 16/04/2026 00:00","CTA|DE(50Hertz)","KW Boxberg Block N","11WD8BOXB1L---N8","Fossil Brown coal/Lignite","11WD8BOXB1L---N8","15/04/2026 17:00 - 15/04/2026 18:00","492.75",""
"15/04/2026 00:00 - 16/04/2026 00:00","CTA|DE(50Hertz)","KW Boxberg Block N","11WD8BOXB1L---N8","Fossil Brown coal/Lignite","11WD8BOXB1L---N8","15/04/2026 18:00 - 15/04/2026 19:00","478.75",""
"15/04/2026 00:00 - 16/04/2026 00:00","CTA|DE(50Hertz)","KW Boxberg Block N","11WD8BOXB1L---N8","Fossil Brown coal/Lignite","11WD8BOXB1L---N8","15/04/2026 19:00 - 15/04/2026 20:00","482.25",""
"15/04/2026 00:00 - 16/04/2026 00:00","CTA|DE(50Hertz)","KW Boxberg Block N","11WD8BOXB1L---N8","Fossil Brown coal/Lignite","11WD8BOXB1L---N8","15/04/2026 20:00 - 15/04/2026 21:00","483.75",""
"15/04/2026 00:00 - 16/04/2026 00:00","CTA|DE(50Hertz)","KW Boxberg Block N","11WD8BOXB1L---N8","Fossil Brown coal/Lignite","11WD8BOXB1L---N8","15/04/2026 21:00 - 15/04/2026 22:00","483.75",""
"15/04/2026 00:00 - 16/04/2026 00:00","CTA|DE(50Hertz)","KW Boxberg Block N","11WD8BOXB1L---N8","Fossil Brown coal/Lignite","11WD8BOXB1L---N8","15/04/2026 22:00 - 15/04/2026 23:00","469.75",""
"15/04/2026 00:00 - 16/04/2026 00:00","CTA|DE(50Hertz)","KW Boxberg Block N","11WD8BOXB1L---N8","Fossil Brown coal/Lignite","11WD8BOXB1L---N8","15/04/2026 23:00 - 16/04/2026 00:00","318.00",""
"15/04/2026 00:00 - 16/04/2026 00:00","CTA|DE(50Hertz)","KW Boxberg Block P","11WD8BOXB1L---P4","Fossil Brown coal/Lignite","11WD8BOXB1L---P4","15/04/2026 00:00 - 15/04/2026 01:00","0.00",""
"15/04/2026 00:00 - 16/04/2026 00:00","CTA|DE(50Hertz)","KW Boxberg Block P","11WD8BOXB1L---P4","Fossil Brown coal/Lignite","11WD8BOXB1L---P4","15/04/2026 01:00 - 15/04/2026 02:00","0.00",""
"15/04/2026 00:00 - 16/04/2026 00:00","CTA|DE(50Hertz)","KW Boxberg Block P","11WD8BOXB1L---P4","Fossil Brown coal/Lignite","11WD8BOXB1L---P4","15/04/2026 02:00 - 15/04/2026 03:00","0.00",""
"15/04/2026 00:00 - 16/04/2026 00:00","CTA|DE(50Hertz)","KW Boxberg Block P","11WD8BOXB1L---P4","Fossil Brown coal/Lignite","11WD8BOXB1L---P4","15/04/2026 03:00 - 15/04/2026 04:00","0.00",""
"15/04/2026 00:00 - 16/04/2026 00:00","CTA|DE(50Hertz)","KW Boxberg Block P","11WD8BOXB1L---P4","Fossil Brown coal/Lignite","11WD8BOXB1L---P4","15/04/2026 04:00 - 15/04/2026 05:00","0.00",""
"15/04/2026 00:00 - 16/04/2026 00:00","CTA|DE(50Hertz)","KW Boxberg Block P","11WD8BOXB1L---P4","Fossil Brown coal/Lignite","11WD8BOXB1L---P4","15/04/2026 05:00 - 15/04/2026 06:00","0.00",""
"15/04/2026 00:00 - 16/04/2026 00:00","CTA|DE(50Hertz)","KW Boxberg Block P","11WD8BOXB1L---P4","Fossil Brown coal/Lignite","11WD8BOXB1L---P4","15/04/2026 06:00 - 15/04/2026 07:00","0.00",""
"15/04/2026 00:00 - 16/04/2026 00:00","CTA|DE(50Hertz)","KW Boxberg Block P","11WD8BOXB1L---P4","Fossil Brown coal/Lignite","11WD8BOXB1L---P4","15/04/2026 07:00 - 15/04/2026 08:00","0.00",""
"15/04/2026 00:00 - 16/04/2026 00:00","CTA|DE(50Hertz)","KW Boxberg Block P","11WD8BOXB1L---P4","Fossil Brown coal/Lignite","11WD8BOXB1L---P4","15/04/2026 08:00 - 15/04/2026 09:00","0.00",""
"15/04/2026 00:00 - 16/04/2026 00:00","CTA|DE(50Hertz)","KW Boxberg Block P","11WD8BOXB1L---P4","Fossil Brown coal/Lignite","11WD8BOXB1L---P4","15/04/2026 09:00 - 15/04/2026 10:00","0.00",""
"15/04/2026 00:00 - 16/04/2026 00:00","CTA|DE(50Hertz)","KW Boxberg Block P","11WD8BOXB1L---P4","Fossil Brown coal/Lignite","11WD8BOXB1L---P4","15/04/2026 10:00 - 15/04/2026 11:00","0.00",""
"15/04/2026 00:00 - 16/04/2026 00:00","CTA|DE(50Hertz)","KW Boxberg Block P","11WD8BOXB1L---P4","Fossil Brown coal/Lignite","11WD8BOXB1L---P4","15/04/2026 11:00 - 15/04/2026 12:00","0.00",""
"15/04/2026 00:00 - 16/04/2026 00:00","CTA|DE(50Hertz)","KW Boxberg Block P","11WD8BOXB1L---P4","Fossil Brown coal/Lignite","11WD8BOXB1L---P4","15/04/2026 12:00 - 15/04/2026 13:00","0.00",""
"15/04/2026 00:00 - 16/04/2026 00:00","CTA|DE(50Hertz)","KW Boxberg Block P","11WD8BOXB1L---P4","Fossil Brown coal/Lignite","11WD8BOXB1L---P4","15/04/2026 13:00 - 15/04/2026 14:00","0.00",""
"15/04/2026 00:00 - 16/04/2026 00:00","CTA|DE(50Hertz)","KW Boxberg Block P","11WD8BOXB1L---P4","Fossil Brown coal/Lignite","11WD8BOXB1L---P4","15/04/2026 14:00 - 15/04/2026 15:00","0.00",""
"15/04/2026 00:00 - 16/04/2026 00:00","CTA|DE(50Hertz)","KW Boxberg Block P","11WD8BOXB1L---P4","Fossil Brown coal/Lignite","11WD8BOXB1L---P4","15/04/2026 15:00 - 15/04/2026 16:00","0.00",""
"15/04/2026 00:00 - 16/04/2026 00:00","CTA|DE(50Hertz)","KW Boxberg Block P","11WD8BOXB1L---P4","Fossil Brown coal/Lignite","11WD8BOXB1L---P4","15/04/2026 16:00 - 15/04/2026 17:00","0.00",""
"15/04/2026 00:00 - 16/04/2026 00:00","CTA|DE(50Hertz)","KW Boxberg Block P","11WD8BOXB1L---P4","Fossil Brown coal/Lignite","11WD8BOXB1L---P4","15/04/2026 17:00 - 15/04/2026 18:00","0.00",""
"15/04/2026 00:00 - 16/04/2026 00:00","CTA|DE(50Hertz)","KW Boxberg Block P","11WD8BOXB1L---P4","Fossil Brown coal/Lignite","11WD8BOXB1L---P4","15/04/2026 18:00 - 15/04/2026 19:00","0.00",""
"15/04/2026 00:00 - 16/04/2026 00:00","CTA|DE(50Hertz)","KW Boxberg Block P","11WD8BOXB1L---P4","Fossil Brown coal/Lignite","11WD8BOXB1L---P4","15/04/2026 19:00 - 15/04/2026 20:00","0.00",""
"15/04/2026 00:00 - 16/04/2026 00:00","CTA|DE(50Hertz)","KW Boxberg Block P","11WD8BOXB1L---P4","Fossil Brown coal/Lignite","11WD8BOXB1L---P4","15/04/2026 20:00 - 15/04/2026 21:00","0.00",""
"15/04/2026 00:00 - 16/04/2026 00:00","CTA|DE(50Hertz)","KW Boxberg Block P","11WD8BOXB1L---P4","Fossil Brown coal/Lignite","11WD8BOXB1L---P4","15/04/2026 21:00 - 15/04/2026 22:00","0.00",""
"15/04/2026 00:00 - 16/04/2026 00:00","CTA|DE(50Hertz)","KW Boxberg Block P","11WD8BOXB1L---P4","Fossil Brown coal/Lignite","11WD8BOXB1L---P4","15/04/2026 22:00 - 15/04/2026 23:00","0.00",""
"15/04/2026 00:00 - 16/04/2026 00:00","CTA|DE(50Hertz)","KW Boxberg Block P","11WD8BOXB1L---P4","Fossil Brown coal/Lignite","11WD8BOXB1L---P4","15/04/2026 23:00 - 16/04/2026 00:00","0.00",""
"15/04/2026 00:00 - 16/04/2026 00:00","CTA|DE(50Hertz)","KW Boxberg Block Q","11WD8BOXB1L---Q2","Fossil Brown coal/Lignite","11WD8BOXB1L---Q2","15/04/2026 00:00 - 15/04/2026 01:00","824.00",""
"15/04/2026 00:00 - 16/04/2026 00:00","CTA|DE(50Hertz)","KW Boxberg Block Q","11WD8BOXB1L---Q2","Fossil Brown coal/Lignite","11WD8BOXB1L---Q2","15/04/2026 01:00 - 15/04/2026 02:00","825.00",""
"15/04/2026 00:00 - 16/04/2026 00:00","CTA|DE(50Hertz)","KW Boxberg Block Q","11WD8BOXB1L---Q2","Fossil Brown coal/Lignite","11WD8BOXB1L---Q2","15/04/2026 02:00 - 15/04/2026 03:00","827.50",""
"15/04/2026 00:00 - 16/04/2026 00:00","CTA|DE(50Hertz)","KW Boxberg Block Q","11WD8BOXB1L---Q2","Fossil Brown coal/Lignite","11WD8BOXB1L---Q2","15/04/2026 03:00 - 15/04/2026 04:00","825.75",""
"15/04/2026 00:00 - 16/04/2026 00:00","CTA|DE(50Hertz)","KW Boxberg Block Q","11WD8BOXB1L---Q2","Fossil Brown coal/Lignite","11WD8BOXB1L---Q2","15/04/2026 04:00 - 15/04/2026 05:00","813.50",""
"15/04/2026 00:00 - 16/04/2026 00:00","CTA|DE(50Hertz)","KW Boxberg Block Q","11WD8BOXB1L---Q2","Fossil Brown coal/Lignite","11WD8BOXB1L---Q2","15/04/2026 05:00 - 15/04/2026 06:00","798.00",""
"15/04/2026 00:00 - 16/04/2026 00:00","CTA|DE(50Hertz)","KW Boxberg Block Q","11WD8BOXB1L---Q2","Fossil Brown coal/Lignite","11WD8BOXB1L---Q2","15/04/2026 06:00 - 15/04/2026 07:00","794.50",""
"15/04/2026 00:00 - 16/04/2026 00:00","CTA|DE(50Hertz)","KW Boxberg Block Q","11WD8BOXB1L---Q2","Fossil Brown coal/Lignite","11WD8BOXB1L---Q2","15/04/2026 07:00 - 15/04/2026 08:00","796.75",""
"15/04/2026 00:00 - 16/04/2026 00:00","CTA|DE(50Hertz)","KW Boxberg Block Q","11WD8BOXB1L---Q2","Fossil Brown coal/Lignite","11WD8BOXB1L---Q2","15/04/2026 08:00 - 15/04/2026 09:00","797.75",""
"15/04/2026 00:00 - 16/04/2026 00:00","CTA|DE(50Hertz)","KW Boxberg Block Q","11WD8BOXB1L---Q2","Fossil Brown coal/Lignite","11WD8BOXB1L---Q2","15/04/2026 09:00 - 15/04/2026 10:00","801.00",""
"15/04/2026 00:00 - 16/04/2026 00:00","CTA|DE(50Hertz)","KW Boxberg Block Q","11WD8BOXB1L---Q2","Fossil Brown coal/Lignite","11WD8BOXB1L---Q2","15/04/2026 10:00 - 15/04/2026 11:00","766.50",""
"15/04/2026 00:00 - 16/04/2026 00:00","CTA|DE(50Hertz)","KW Boxberg Block Q","11WD8BOXB1L---Q2","Fossil Brown coal/Lignite","11WD8BOXB1L---Q2","15/04/2026 11:00 - 15/04/2026 12:00","728.25",""
"15/04/2026 00:00 - 16/04/2026 00:00","CTA|DE(50Hertz)","KW Boxberg Block Q","11WD8BOXB1L---Q2","Fossil Brown coal/Lignite","11WD8BOXB1L---Q2","15/04/2026 12:00 - 15/04/2026 13:00","584.50",""
"15/04/2026 00:00 - 16/04/2026 00:00","CTA|DE(50Hertz)","KW Boxberg Block Q","11WD8BOXB1L---Q2","Fossil Brown coal/Lignite","11WD8BOXB1L---Q2","15/04/2026 13:00 - 15/04/2026 14:00","527.75",""
"15/04/2026 00:00 - 16/04/2026 00:00","CTA|DE(50Hertz)","KW Boxberg Block Q","11WD8BOXB1L---Q2","Fossil Brown coal/Lignite","11WD8BOXB1L---Q2","15/04/2026 14:00 - 15/04/2026 15:00","532.75",""
"15/04/2026 00:00 - 16/04/2026 00:00","CTA|DE(50Hertz)","KW Boxberg Block Q","11WD8BOXB1L---Q2","Fossil Brown coal/Lignite","11WD8BOXB1L---Q2","15/04/2026 15:00 - 15/04/2026 16:00","697.75",""
"15/04/2026 00:00 - 16/04/2026 00:00","CTA|DE(50Hertz)","KW Boxberg Block Q","11WD8BOXB1L---Q2","Fossil Brown coal/Lignite","11WD8BOXB1L---Q2","15/04/2026 16:00 - 15/04/2026 17:00","781.25",""
"15/04/2026 00:00 - 16/04/2026 00:00","CTA|DE(50Hertz)","KW Boxberg Block Q","11WD8BOXB1L---Q2","Fossil Brown coal/Lignite","11WD8BOXB1L---Q2","15/04/2026 17:00 - 15/04/2026 18:00","781.50",""
"15/04/2026 00:00 - 16/04/2026 00:00","CTA|DE(50Hertz)","KW Boxberg Block Q","11WD8BOXB1L---Q2","Fossil Brown coal/Lignite","11WD8BOXB1L---Q2","15/04/2026 18:00 - 15/04/2026 19:00","820.50",""
"15/04/2026 00:00 - 16/04/2026 00:00","CTA|DE(50Hertz)","KW Boxberg Block Q","11WD8BOXB1L---Q2","Fossil Brown coal/Lignite","11WD8BOXB1L---Q2","15/04/2026 19:00 - 15/04/2026 20:00","824.75",""
"15/04/2026 00:00 - 16/04/2026 00:00","CTA|DE(50Hertz)","KW Boxberg Block Q","11WD8BOXB1L---Q2","Fossil Brown coal/Lignite","11WD8BOXB1L---Q2","15/04/2026 20:00 - 15/04/2026 21:00","826.50",""
"15/04/2026 00:00 - 16/04/2026 00:00","CTA|DE(50Hertz)","KW Boxberg Block Q","11WD8BOXB1L---Q2","Fossil Brown coal/Lignite","11WD8BOXB1L---Q2","15/04/2026 21:00 - 15/04/2026 22:00","825.75",""
"15/04/2026 00:00 - 16/04/2026 00:00","CTA|DE(50Hertz)","KW Boxberg Block Q","11WD8BOXB1L---Q2","Fossil Brown coal/Lignite","11WD8BOXB1L---Q2","15/04/2026 22:00 - 15/04/2026 23:00","826.25",""
"15/04/2026 00:00 - 16/04/2026 00:00","CTA|DE(50Hertz)","KW Boxberg Block Q","11WD8BOXB1L---Q2","Fossil Brown coal/Lignite","11WD8BOXB1L---Q2","15/04/2026 23:00 - 16/04/2026 00:00","827.00",""
"15/04/2026 00:00 - 16/04/2026 00:00","CTA|DE(50Hertz)","KW Boxberg Block R","11WD8BOXB1L---R0","Fossil Brown coal/Lignite","11WD8BOXB1L---R0","15/04/2026 00:00 - 15/04/2026 01:00","566.75",""
"15/04/2026 00:00 - 16/04/2026 00:00","CTA|DE(50Hertz)","KW Boxberg Block R","11WD8BOXB1L---R0","Fossil Brown coal/Lignite","11WD8BOXB1L---R0","15/04/2026 01:00 - 15/04/2026 02:00","566.00",""
"15/04/2026 00:00 - 16/04/2026 00:00","CTA|DE(50Hertz)","KW Boxberg Block R","11WD8BOXB1L---R0","Fossil Brown coal/Lignite","11WD8BOXB1L---R0","15/04/2026 02:00 - 15/04/2026 03:00","569.50",""
"15/04/2026 00:00 - 16/04/2026 00:00","CTA|DE(50Hertz)","KW Boxberg Block R","11WD8BOXB1L---R0","Fossil Brown coal/Lignite","11WD8BOXB1L---R0","15/04/2026 03:00 - 15/04/2026 04:00","571.00",""
"15/04/2026 00:00 - 16/04/2026 00:00","CTA|DE(50Hertz)","KW Boxberg Block R","11WD8BOXB1L---R0","Fossil Brown coal/Lignite","11WD8BOXB1L---R0","15/04/2026 04:00 - 15/04/2026 05:00","573.75",""
"15/04/2026 00:00 - 16/04/2026 00:00","CTA|DE(50Hertz)","KW Boxberg Block R","11WD8BOXB1L---R0","Fossil Brown coal/Lignite","11WD8BOXB1L---R0","15/04/2026 05:00 - 15/04/2026 06:00","573.75",""
"15/04/2026 00:00 - 16/04/2026 00:00","CTA|DE(50Hertz)","KW Boxberg Block R","11WD8BOXB1L---R0","Fossil Brown coal/Lignite","11WD8BOXB1L---R0","15/04/2026 06:00 - 15/04/2026 07:00","572.75",""
"15/04/2026 00:00 - 16/04/2026 00:00","CTA|DE(50Hertz)","KW Boxberg Block R","11WD8BOXB1L---R0","Fossil Brown coal/Lignite","11WD8BOXB1L---R0","15/04/2026 07:00 - 15/04/2026 08:00","586.00",""
"15/04/2026 00:00 - 16/04/2026 00:00","CTA|DE(50Hertz)","KW Boxberg Block R","11WD8BOXB1L---R0","Fossil Brown coal/Lignite","11WD8BOXB1L---R0","15/04/2026 08:00 - 15/04/2026 09:00","586.50",""
"15/04/2026 00:00 - 16/04/2026 00:00","CTA|DE(50Hertz)","KW Boxberg Block R","11WD8BOXB1L---R0","Fossil Brown coal/Lignite","11WD8BOXB1L---R0","15/04/2026 09:00 - 15/04/2026 10:00","522.25",""
"15/04/2026 00:00 - 16/04/2026 00:00","CTA|DE(50Hertz)","KW Boxberg Block R","11WD8BOXB1L---R0","Fossil Brown coal/Lignite","11WD8BOXB1L---R0","15/04/2026 10:00 - 15/04/2026 11:00","533.25",""
"15/04/2026 00:00 - 16/04/2026 00:00","CTA|DE(50Hertz)","KW Boxberg Block R","11WD8BOXB1L---R0","Fossil Brown coal/Lignite","11WD8BOXB1L---R0","15/04/2026 11:00 - 15/04/2026 12:00","540.50",""
"15/04/2026 00:00 - 16/04/2026 00:00","CTA|DE(50Hertz)","KW Boxberg Block R","11WD8BOXB1L---R0","Fossil Brown coal/Lignite","11WD8BOXB1L---R0","15/04/2026 12:00 - 15/04/2026 13:00","464.00",""
"15/04/2026 00:00 - 16/04/2026 00:00","CTA|DE(50Hertz)","KW Boxberg Block R","11WD8BOXB1L---R0","Fossil Brown coal/Lignite","11WD8BOXB1L---R0","15/04/2026 13:00 - 15/04/2026 14:00","498.75",""
"15/04/2026 00:00 - 16/04/2026 00:00","CTA|DE(50Hertz)","KW Boxberg Block R","11WD8BOXB1L---R0","Fossil Brown coal/Lignite","11WD8BOXB1L---R0","15/04/2026 14:00 - 15/04/2026 15:00","512.00",""
"15/04/2026 00:00 - 16/04/2026 00:00","CTA|DE(50Hertz)","KW Boxberg Block R","11WD8BOXB1L---R0","Fossil Brown coal/Lignite","11WD8BOXB1L---R0","15/04/2026 15:00 - 15/04/2026 16:00","516.25",""
"15/04/2026 00:00 - 16/04/2026 00:00","CTA|DE(50Hertz)","KW Boxberg Block R","11WD8BOXB1L---R0","Fossil Brown coal/Lignite","11WD8BOXB1L---R0","15/04/2026 16:00 - 15/04/2026 17:00","556.75",""
"15/04/2026 00:00 - 16/04/2026 00:00","CTA|DE(50Hertz)","KW Boxberg Block R","11WD8BOXB1L---R0","Fossil Brown coal/Lignite","11WD8BOXB1L---R0","15/04/2026 17:00 - 15/04/2026 18:00","581.25",""
"15/04/2026 00:00 - 16/04/2026 00:00","CTA|DE(50Hertz)","KW Boxberg Block R","11WD8BOXB1L---R0","Fossil Brown coal/Lignite","11WD8BOXB1L---R0","15/04/2026 18:00 - 15/04/2026 19:00","583.25",""
"15/04/2026 00:00 - 16/04/2026 00:00","CTA|DE(50Hertz)","KW Boxberg Block R","11WD8BOXB1L---R0","Fossil Brown coal/Lignite","11WD8BOXB1L---R0","15/04/2026 19:00 - 15/04/2026 20:00","569.25",""
"15/04/2026 00:00 - 16/04/2026 00:00","CTA|DE(50Hertz)","KW Boxberg Block R","11WD8BOXB1L---R0","Fossil Brown coal/Lignite","11WD8BOXB1L---R0","15/04/2026 20:00 - 15/04/2026 21:00","572.75",""
"15/04/2026 00:00 - 16/04/2026 00:00","CTA|DE(50Hertz)","KW Boxberg Block R","11WD8BOXB1L---R0","Fossil Brown coal/Lignite","11WD8BOXB1L---R0","15/04/2026 21:00 - 15/04/2026 22:00","584.75",""
"15/04/2026 00:00 - 16/04/2026 00:00","CTA|DE(50Hertz)","KW Boxberg Block R","11WD8BOXB1L---R0","Fossil Brown coal/Lignite","11WD8BOXB1L---R0","15/04/2026 22:00 - 15/04/2026 23:00","595.50",""
"15/04/2026 00:00 - 16/04/2026 00:00","CTA|DE(50Hertz)","KW Boxberg Block R","11WD8BOXB1L---R0","Fossil Brown coal/Lignite","11WD8BOXB1L---R0","15/04/2026 23:00 - 16/04/2026 00:00","585.00",""
"15/04/2026 00:00 - 16/04/2026 00:00","CTA|DE(50Hertz)","GTHKW Nossener Bruecke","11WD8DRES5X----D","Fossil Gas","11WD8DRES5X----D","15/04/2026 00:00 - 15/04/2026 01:00","167.28",""
"15/04/2026 00:00 - 16/04/2026 00:00","CTA|DE(50Hertz)","GTHKW Nossener Bruecke","11WD8DRES5X----D","Fossil Gas","11WD8DRES5X----D","15/04/2026 01:00 - 15/04/2026 02:00","167.22",""
"15/04/2026 00:00 - 16/04/2026 00:00","CTA|DE(50Hertz)","GTHKW Nossener Bruecke","11WD8DRES5X----D","Fossil Gas","11WD8DRES5X----D","15/04/2026 02:00 - 15/04/2026 03:00","167.28",""
"15/04/2026 00:00 - 16/04/2026 00:00","CTA|DE(50Hertz)","GTHKW Nossener Bruecke","11WD8DRES5X----D","Fossil Gas","11WD8DRES5X----D","15/04/2026 03:00 - 15/04/2026 04:00","167.43",""
"15/04/2026 00:00 - 16/04/2026 00:00","CTA|DE(50Hertz)","GTHKW Nossener Bruecke","11WD8DRES5X----D","Fossil Gas","11WD8DRES5X----D","15/04/2026 04:00 - 15/04/2026 05:00","167.82",""
"15/04/2026 00:00 - 16/04/2026 00:00","CTA|DE(50Hertz)","GTHKW Nossener Bruecke","11WD8DRES5X----D","Fossil Gas","11WD8DRES5X----D","15/04/2026 05:00 - 15/04/2026 06:00","167.65",""
"15/04/2026 00:00 - 16/04/2026 00:00","CTA|DE(50Hertz)","GTHKW Nossener Bruecke","11WD8DRES5X----D","Fossil Gas","11WD8DRES5X----D","15/04/2026 06:00 - 15/04/2026 07:00","156.88",""
"15/04/2026 00:00 - 16/04/2026 00:00","CTA|DE(50Hertz)","GTHKW Nossener Bruecke","11WD8DRES5X----D","Fossil Gas","11WD8DRES5X----D","15/04/2026 07:00 - 15/04/2026 08:00","157.03",""
"15/04/2026 00:00 - 16/04/2026 00:00","CTA|DE(50Hertz)","GTHKW Nossener Bruecke","11WD8DRES5X----D","Fossil Gas","11WD8DRES5X----D","15/04/2026 08:00 - 15/04/2026 09:00","156.60",""
"15/04/2026 00:00 - 16/04/2026 00:00","CTA|DE(50Hertz)","GTHKW Nossener Bruecke","11WD8DRES5X----D","Fossil Gas","11WD8DRES5X----D","15/04/2026 09:00 - 15/04/2026 10:00","156.50",""
"15/04/2026 00:00 - 16/04/2026 00:00","CTA|DE(50Hertz)","GTHKW Nossener Bruecke","11WD8DRES5X----D","Fossil Gas","11WD8DRES5X----D","15/04/2026 10:00 - 15/04/2026 11:00","155.60",""
"15/04/2026 00:00 - 16/04/2026 00:00","CTA|DE(50Hertz)","GTHKW Nossener Bruecke","11WD8DRES5X----D","Fossil Gas","11WD8DRES5X----D","15/04/2026 11:00 - 15/04/2026 12:00","153.45",""
"15/04/2026 00:00 - 16/04/2026 00:00","CTA|DE(50Hertz)","GTHKW Nossener Bruecke","11WD8DRES5X----D","Fossil Gas","11WD8DRES5X----D","15/04/2026 12:00 - 15/04/2026 13:00","34.27",""
"15/04/2026 00:00 - 16/04/2026 00:00","CTA|DE(50Hertz)","GTHKW Nossener Bruecke","11WD8DRES5X----D","Fossil Gas","11WD8DRES5X----D","15/04/2026 13:00 - 15/04/2026 14:00","31.15",""
"15/04/2026 00:00 - 16/04/2026 00:00","CTA|DE(50Hertz)","GTHKW Nossener Bruecke","11WD8DRES5X----D","Fossil Gas","11WD8DRES5X----D","15/04/2026 14:00 - 15/04/2026 15:00","32.80",""
"15/04/2026 00:00 - 16/04/2026 00:00","CTA|DE(50Hertz)","GTHKW Nossener Bruecke","11WD8DRES5X----D","Fossil Gas","11WD8DRES5X----D","15/04/2026 15:00 - 15/04/2026 16:00","72.83",""
"15/04/2026 00:00 - 16/04/2026 00:00","CTA|DE(50Hertz)","GTHKW Nossener Bruecke","11WD8DRES5X----D","Fossil Gas","11WD8DRES5X----D","15/04/2026 16:00 - 15/04/2026 17:00","150.80",""
"15/04/2026 00:00 - 16/04/2026 00:00","CTA|DE(50Hertz)","GTHKW Nossener Bruecke","11WD8DRES5X----D","Fossil Gas","11WD8DRES5X----D","15/04/2026 17:00 - 15/04/2026 18:00","151.85",""
"15/04/2026 00:00 - 16/04/2026 00:00","CTA|DE(50Hertz)","GTHKW Nossener Bruecke","11WD8DRES5X----D","Fossil Gas","11WD8DRES5X----D","15/04/2026 18:00 - 15/04/2026 19:00","151.82",""
"15/04/2026 00:00 - 16/04/2026 00:00","CTA|DE(50Hertz)","GTHKW Nossener Bruecke","11WD8DRES5X----D","Fossil Gas","11WD8DRES5X----D","15/04/2026 19:00 - 15/04/2026 20:00","151.68",""
"15/04/2026 00:00 - 16/04/2026 00:00","CTA|DE(50Hertz)","GTHKW Nossener Bruecke","11WD8DRES5X----D","Fossil Gas","11WD8DRES5X----D","15/04/2026 20:00 - 15/04/2026 21:00","152.03",""
"15/04/2026 00:00 - 16/04/2026 00:00","CTA|DE(50Hertz)","GTHKW Nossener Bruecke","11WD8DRES5X----D","Fossil Gas","11WD8DRES5X----D","15/04/2026 21:00 - 15/04/2026 22:00","152.45",""
"15/04/2026 00:00 - 16/04/2026 00:00","CTA|DE(50Hertz)","GTHKW Nossener Bruecke","11WD8DRES5X----D","Fossil Gas","11WD8DRES5X----D","15/04/2026 22:00 - 15/04/2026 23:00","152.60",""
"15/04/2026 00:00 - 16/04/2026 00:00","CTA|DE(50Hertz)","GTHKW Nossener Bruecke","11WD8DRES5X----D","Fossil Gas","11WD8DRES5X----D","15/04/2026 23:00 - 16/04/2026 00:00","153.45",""
"15/04/2026 00:00 - 16/04/2026 00:00","CTA|DE(50Hertz)","PSW Goldisthal PSS A","11WD8GOLD1H---AL","Hydro Pumped Storage","11WD8GOLD1H---AL","15/04/2026 00:00 - 15/04/2026 01:00","0.00",""
"15/04/2026 00:00 - 16/04/2026 00:00","CTA|DE(50Hertz)","PSW Goldisthal PSS A","11WD8GOLD1H---AL","Hydro Pumped Storage","11WD8GOLD1H---AL","15/04/2026 01:00 - 15/04/2026 02:00","0.00",""
"15/04/2026 00:00 - 16/04/2026 00:00","CTA|DE(50Hertz)","PSW Goldisthal PSS A","11WD8GOLD1H---AL","Hydro Pumped Storage","11WD8GOLD1H---AL","15/04/2026 02:00 - 15/04/2026 03:00","0.00",""
"15/04/2026 00:00 - 16/04/2026 00:00","CTA|DE(50Hertz)","PSW Goldisthal PSS A","11WD8GOLD1H---AL","Hydro Pumped Storage","11WD8GOLD1H---AL","15/04/2026 03:00 - 15/04/2026 04:00","0.00",""
"15/04/2026 00:00 - 16/04/2026 00:00","CTA|DE(50Hertz)","PSW Goldisthal PSS A","11WD8GOLD1H---AL","Hydro Pumped Storage","11WD8GOLD1H---AL","15/04/2026 04:00 - 15/04/2026 05:00","0.00",""
"15/04/2026 00:00 - 16/04/2026 00:00","CTA|DE(50Hertz)","PSW Goldisthal PSS A","11WD8GOLD1H---AL","Hydro Pumped Storage","11WD8GOLD1H---AL","15/04/2026 05:00 - 15/04/2026 06:00","0.00",""
"15/04/2026 00:00 - 16/04/2026 00:00","CTA|DE(50Hertz)","PSW Goldisthal PSS A","11WD8GOLD1H---AL","Hydro Pumped Storage","11WD8GOLD1H---AL","15/04/2026 06:00 - 15/04/2026 07:00","0.00",""
"15/04/2026 00:00 - 16/04/2026 00:00","CTA|DE(50Hertz)","PSW Goldisthal PSS A","11WD8GOLD1H---AL","Hydro Pumped Storage","11WD8GOLD1H---AL","15/04/2026 07:00 - 15/04/2026 08:00","0.00",""
"15/04/2026 00:00 - 16/04/2026 00:00","CTA|DE(50Hertz)","PSW Goldisthal PSS A","11WD8GOLD1H---AL","Hydro Pumped Storage","11WD8GOLD1H---AL","15/04/2026 08:00 - 15/04/2026 09:00","0.00",""
"15/04/2026 00:00 - 16/04/2026 00:00","CTA|DE(50Hertz)","PSW Goldisthal PSS A","11WD8GOLD1H---AL","Hydro Pumped Storage","11WD8GOLD1H---AL","15/04/2026 09:00 - 15/04/2026 10:00","0.00",""
"15/04/2026 00:00 - 16/04/2026 00:00","CTA|DE(50Hertz)","PSW Goldisthal PSS A","11WD8GOLD1H---AL","Hydro Pumped Storage","11WD8GOLD1H---AL","15/04/2026 10:00 - 15/04/2026 11:00","0.00",""
"15/04/2026 00:00 - 16/04/2026 00:00","CTA|DE(50Hertz)","PSW Goldisthal PSS A","11WD8GOLD1H---AL","Hydro Pumped Storage","11WD8GOLD1H---AL","15/04/2026 11:00 - 15/04/2026 12:00","0.00",""
"15/04/2026 00:00 - 16/04/2026 00:00","CTA|DE(50Hertz)","PSW Goldisthal PSS A","11WD8GOLD1H---AL","Hydro Pumped Storage","11WD8GOLD1H---AL","15/04/2026 12:00 - 15/04/2026 13:00","0.00",""
"15/04/2026 00:00 - 16/04/2026 00:00","CTA|DE(50Hertz)","PSW Goldisthal PSS A","11WD8GOLD1H---AL","Hydro Pumped Storage","11WD8GOLD1H---AL","15/04/2026 13:00 - 15/04/2026 14:00","0.00",""
"15/04/2026 00:00 - 16/04/2026 00:00","CTA|DE(50Hertz)","PSW Goldisthal PSS A","11WD8GOLD1H---AL","Hydro Pumped Storage","11WD8GOLD1H---AL","15/04/2026 14:00 - 15/04/2026 15:00","0.00",""
"15/04/2026 00:00 - 16/04/2026 00:00","CTA|DE(50Hertz)","PSW Goldisthal PSS A","11WD8GOLD1H---AL","Hydro Pumped Storage","11WD8GOLD1H---AL","15/04/2026 15:00 - 15/04/2026 16:00","0.00",""
"15/04/2026 00:00 - 16/04/2026 00:00","CTA|DE(50Hertz)","PSW Goldisthal PSS A","11WD8GOLD1H---AL","Hydro Pumped Storage","11WD8GOLD1H---AL","15/04/2026 16:00 - 15/04/2026 17:00","0.00",""
"15/04/2026 00:00 - 16/04/2026 00:00","CTA|DE(50Hertz)","PSW Goldisthal PSS A","11WD8GOLD1H---AL","Hydro Pumped Storage","11WD8GOLD1H---AL","15/04/2026 17:00 - 15/04/2026 18:00","0.00",""
"15/04/2026 00:00 - 16/04/2026 00:00","CTA|DE(50Hertz)","PSW Goldisthal PSS A","11WD8GOLD1H---AL","Hydro Pumped Storage","11WD8GOLD1H---AL","15/04/2026 18:00 - 15/04/2026 19:00","0.00",""
"15/04/2026 00:00 - 16/04/2026 00:00","CTA|DE(50Hertz)","PSW Goldisthal PSS A","11WD8GOLD1H---AL","Hydro Pumped Storage","11WD8GOLD1H---AL","15/04/2026 19:00 - 15/04/2026 20:00","0.00",""
"15/04/2026 00:00 - 16/04/2026 00:00","CTA|DE(50Hertz)","PSW Goldisthal PSS A","11WD8GOLD1H---AL","Hydro Pumped Storage","11WD8GOLD1H---AL","15/04/2026 20:00 - 15/04/2026 21:00","0.00",""
"15/04/2026 00:00 - 16/04/2026 00:00","CTA|DE(50Hertz)","PSW Goldisthal PSS A","11WD8GOLD1H---AL","Hydro Pumped Storage","11WD8GOLD1H---AL","15/04/2026 21:00 - 15/04/2026 22:00","0.00",""
"15/04/2026 00:00 - 16/04/2026 00:00","CTA|DE(50Hertz)","PSW Goldisthal PSS A","11WD8GOLD1H---AL","Hydro Pumped Storage","11WD8GOLD1H---AL","15/04/2026 22:00 - 15/04/2026 23:00","0.00",""
"15/04/2026 00:00 - 16/04/2026 00:00","CTA|DE(50Hertz)","PSW Goldisthal PSS A","11WD8GOLD1H---AL","Hydro Pumped Storage","11WD8GOLD1H---AL","15/04/2026 23:00 - 16/04/2026 00:00","0.00",""
"15/04/2026 00:00 - 16/04/2026 00:00","CTA|DE(50Hertz)","PSW Goldisthal PSS B","11WD8GOLD1H---BJ","Hydro Pumped Storage","11WD8GOLD1H---BJ","15/04/2026 00:00 - 15/04/2026 01:00","0.00",""
"15/04/2026 00:00 - 16/04/2026 00:00","CTA|DE(50Hertz)","PSW Goldisthal PSS B","11WD8GOLD1H---BJ","Hydro Pumped Storage","11WD8GOLD1H---BJ","15/04/2026 01:00 - 15/04/2026 02:00","0.00",""
"15/04/2026 00:00 - 16/04/2026 00:00","CTA|DE(50Hertz)","PSW Goldisthal PSS B","11WD8GOLD1H---BJ","Hydro Pumped Storage","11WD8GOLD1H---BJ","15/04/2026 02:00 - 15/04/2026 03:00","0.00",""
"15/04/2026 00:00 - 16/04/2026 00:00","CTA|DE(50Hertz)","PSW Goldisthal PSS B","11WD8GOLD1H---BJ","Hydro Pumped Storage","11WD8GOLD1H---BJ","15/04/2026 03:00 - 15/04/2026 04:00","0.00",""
"15/04/2026 00:00 - 16/04/2026 00:00","CTA|DE(50Hertz)","PSW Goldisthal PSS B","11WD8GOLD1H---BJ","Hydro Pumped Storage","11WD8GOLD1H---BJ","15/04/2026 04:00 - 15/04/2026 05:00","0.00",""
"15/04/2026 00:00 - 16/04/2026 00:00","CTA|DE(50Hertz)","PSW Goldisthal PSS B","11WD8GOLD1H---BJ","Hydro Pumped Storage","11WD8GOLD1H---BJ","15/04/2026 05:00 - 15/04/2026 06:00","0.00",""
"15/04/2026 00:00 - 16/04/2026 00:00","CTA|DE(50Hertz)","PSW Goldisthal PSS B","11WD8GOLD1H---BJ","Hydro Pumped Storage","11WD8GOLD1H---BJ","15/04/2026 06:00 - 15/04/2026 07:00","0.00",""
"15/04/2026 00:00 - 16/04/2026 00:00","CTA|DE(50Hertz)","PSW Goldisthal PSS B","11WD8GOLD1H---BJ","Hydro Pumped Storage","11WD8GOLD1H---BJ","15/04/2026 07:00 - 15/04/2026 08:00","0.00",""
"15/04/2026 00:00 - 16/04/2026 00:00","CTA|DE(50Hertz)","PSW Goldisthal PSS B","11WD8GOLD1H---BJ","Hydro Pumped Storage","11WD8GOLD1H---BJ","15/04/2026 08:00 - 15/04/2026 09:00","0.00",""
"15/04/2026 00:00 - 16/04/2026 00:00","CTA|DE(50Hertz)","PSW Goldisthal PSS B","11WD8GOLD1H---BJ","Hydro Pumped Storage","11WD8GOLD1H---BJ","15/04/2026 09:00 - 15/04/2026 10:00","0.00",""
"15/04/2026 00:00 - 16/04/2026 00:00","CTA|DE(50Hertz)","PSW Goldisthal PSS B","11WD8GOLD1H---BJ","Hydro Pumped Storage","11WD8GOLD1H---BJ","15/04/2026 10:00 - 15/04/2026 11:00","0.00",""
"15/04/2026 00:00 - 16/04/2026 00:00","CTA|DE(50Hertz)","PSW Goldisthal PSS B","11WD8GOLD1H---BJ","Hydro Pumped Storage","11WD8GOLD1H---BJ","15/04/2026 11:00 - 15/04/2026 12:00","0.00",""
"15/04/2026 00:00 - 16/04/2026 00:00","CTA|DE(50Hertz)","PSW Goldisthal PSS B","11WD8GOLD1H---BJ","Hydro Pumped Storage","11WD8GOLD1H---BJ","15/04/2026 12:00 - 15/04/2026 13:00","0.00",""
"15/04/2026 00:00 - 16/04/2026 00:00","CTA|DE(50Hertz)","PSW Goldisthal PSS B","11WD8GOLD1H---BJ","Hydro Pumped Storage","11WD8GOLD1H---BJ","15/04/2026 13:00 - 15/04/2026 14:00","0.00",""
"15/04/2026 00:00 - 16/04/2026 00:00","CTA|DE(50Hertz)","PSW Goldisthal PSS B","11WD8GOLD1H---BJ","Hydro Pumped Storage","11WD8GOLD1H---BJ","15/04/2026 14:00 - 15/04/2026 15:00","0.00",""
"15/04/2026 00:00 - 16/04/2026 00:00","CTA|DE(50Hertz)","PSW Goldisthal PSS B","11WD8GOLD1H---BJ","Hydro Pumped Storage","11WD8GOLD1H---BJ","15/04/2026 15:00 - 15/04/2026 16:00","0.00",""
"15/04/2026 00:00 - 16/04/2026 00:00","CTA|DE(50Hertz)","PSW Goldisthal PSS B","11WD8GOLD1H---BJ","Hydro Pumped Storage","11WD8GOLD1H---BJ","15/04/2026 16:00 - 15/04/2026 17:00","0.00",""
"15/04/2026 00:00 - 16/04/2026 00:00","CTA|DE(50Hertz)","PSW Goldisthal PSS B","11WD8GOLD1H---BJ","Hydro Pumped Storage","11WD8GOLD1H---BJ","15/04/2026 17:00 - 15/04/2026 18:00","0.00",""
"15/04/2026 00:00 - 16/04/2026 00:00","CTA|DE(50Hertz)","PSW Goldisthal PSS B","11WD8GOLD1H---BJ","Hydro Pumped Storage","11WD8GOLD1H---BJ","15/04/2026 18:00 - 15/04/2026 19:00","0.00",""
"15/04/2026 00:00 - 16/04/2026 00:00","CTA|DE(50Hertz)","PSW Goldisthal PSS B","11WD8GOLD1H---BJ","Hydro Pumped Storage","11WD8GOLD1H---BJ","15/04/2026 19:00 - 15/04/2026 20:00","0.00",""
"15/04/2026 00:00 - 16/04/2026 00:00","CTA|DE(50Hertz)","PSW Goldisthal PSS B","11WD8GOLD1H---BJ","Hydro Pumped Storage","11WD8GOLD1H---BJ","15/04/2026 20:00 - 15/04/2026 21:00","0.00",""
"15/04/2026 00:00 - 16/04/2026 00:00","CTA|DE(50Hertz)","PSW Goldisthal PSS B","11WD8GOLD1H---BJ","Hydro Pumped Storage","11WD8GOLD1H---BJ","15/04/2026 21:00 - 15/04/2026 22:00","0.00",""
"15/04/2026 00:00 - 16/04/2026 00:00","CTA|DE(50Hertz)","PSW Goldisthal PSS B","11WD8GOLD1H---BJ","Hydro Pumped Storage","11WD8GOLD1H---BJ","15/04/2026 22:00 - 15/04/2026 23:00","0.00",""
"15/04/2026 00:00 - 16/04/2026 00:00","CTA|DE(50Hertz)","PSW Goldisthal PSS B","11WD8GOLD1H---BJ","Hydro Pumped Storage","11WD8GOLD1H---BJ","15/04/2026 23:00 - 16/04/2026 00:00","0.00",""
"15/04/2026 00:00 - 16/04/2026 00:00","CTA|DE(50Hertz)","PSW Goldisthal PSS C","11WD8GOLD1H---CH","Hydro Pumped Storage","11WD8GOLD1H---CH","15/04/2026 00:00 - 15/04/2026 01:00","0.00",""
"15/04/2026 00:00 - 16/04/2026 00:00","CTA|DE(50Hertz)","PSW Goldisthal PSS C","11WD8GOLD1H---CH","Hydro Pumped Storage","11WD8GOLD1H---CH","15/04/2026 01:00 - 15/04/2026 02:00","0.00",""
"15/04/2026 00:00 - 16/04/2026 00:00","CTA|DE(50Hertz)","PSW Goldisthal PSS C","11WD8GOLD1H---CH","Hydro Pumped Storage","11WD8GOLD1H---CH","15/04/2026 02:00 - 15/04/2026 03:00","0.00",""
"15/04/2026 00:00 - 16/04/2026 00:00","CTA|DE(50Hertz)","PSW Goldisthal PSS C","11WD8GOLD1H---CH","Hydro Pumped Storage","11WD8GOLD1H---CH","15/04/2026 03:00 - 15/04/2026 04:00","0.00",""
"15/04/2026 00:00 - 16/04/2026 00:00","CTA|DE(50Hertz)","PSW Goldisthal PSS C","11WD8GOLD1H---CH","Hydro Pumped Storage","11WD8GOLD1H---CH","15/04/2026 04:00 - 15/04/2026 05:00","0.00",""
"15/04/2026 00:00 - 16/04/2026 00:00","CTA|DE(50Hertz)","PSW Goldisthal PSS C","11WD8GOLD1H---CH","Hydro Pumped Storage","11WD8GOLD1H---CH","15/04/2026 05:00 - 15/04/2026 06:00","0.00",""
"15/04/2026 00:00 - 16/04/2026 00:00","CTA|DE(50Hertz)","PSW Goldisthal PSS C","11WD8GOLD1H---CH","Hydro Pumped Storage","11WD8GOLD1H---CH","15/04/2026 06:00 - 15/04/2026 07:00","125.75",""
"15/04/2026 00:00 - 16/04/2026 00:00","CTA|DE(50Hertz)","PSW Goldisthal PSS C","11WD8GOLD1H---CH","Hydro Pumped Storage","11WD8GOLD1H---CH","15/04/2026 07:00 - 15/04/2026 08:00","227.75",""
"15/04/2026 00:00 - 16/04/2026 00:00","CTA|DE(50Hertz)","PSW Goldisthal PSS C","11WD8GOLD1H---CH","Hydro Pumped Storage","11WD8GOLD1H---CH","15/04/2026 08:00 - 15/04/2026 09:00","99.50",""
"15/04/2026 00:00 - 16/04/2026 00:00","CTA|DE(50Hertz)","PSW Goldisthal PSS C","11WD8GOLD1H---CH","Hydro Pumped Storage","11WD8GOLD1H---CH","15/04/2026 09:00 - 15/04/2026 10:00","0.00",""
"15/04/2026 00:00 - 16/04/2026 00:00","CTA|DE(50Hertz)","PSW Goldisthal PSS C","11WD8GOLD1H---CH","Hydro Pumped Storage","11WD8GOLD1H---CH","15/04/2026 10:00 - 15/04/2026 11:00","0.00",""
"15/04/2026 00:00 - 16/04/2026 00:00","CTA|DE(50Hertz)","PSW Goldisthal PSS C","11WD8GOLD1H---CH","Hydro Pumped Storage","11WD8GOLD1H---CH","15/04/2026 11:00 - 15/04/2026 12:00","0.00",""
"15/04/2026 00:00 - 16/04/2026 00:00","CTA|DE(50Hertz)","PSW Goldisthal PSS C","11WD8GOLD1H---CH","Hydro Pumped Storage","11WD8GOLD1H---CH","15/04/2026 12:00 - 15/04/2026 13:00","0.00",""
"15/04/2026 00:00 - 16/04/2026 00:00","CTA|DE(50Hertz)","PSW Goldisthal PSS C","11WD8GOLD1H---CH","Hydro Pumped Storage","11WD8GOLD1H---CH","15/04/2026 13:00 - 15/04/2026 14:00","0.00",""
"15/04/2026 00:00 - 16/04/2026 00:00","CTA|DE(50Hertz)","PSW Goldisthal PSS C","11WD8GOLD1H---CH","Hydro Pumped Storage","11WD8GOLD1H---CH","15/04/2026 14:00 - 15/04/2026 15:00","0.00",""
"15/04/2026 00:00 - 16/04/2026 00:00","CTA|DE(50Hertz)","PSW Goldisthal PSS C","11WD8GOLD1H---CH","Hydro Pumped Storage","11WD8GOLD1H---CH","15/04/2026 15:00 - 15/04/2026 16:00","0.00",""
"15/04/2026 00:00 - 16/04/2026 00:00","CTA|DE(50Hertz)","PSW Goldisthal PSS C","11WD8GOLD1H---CH","Hydro Pumped Storage","11WD8GOLD1H---CH","15/04/2026 16:00 - 15/04/2026 17:00","0.00",""
"15/04/2026 00:00 - 16/04/2026 00:00","CTA|DE(50Hertz)","PSW Goldisthal PSS C","11WD8GOLD1H---CH","Hydro Pumped Storage","11WD8GOLD1H---CH","15/04/2026 17:00 - 15/04/2026 18:00","67.75",""
"15/04/2026 00:00 - 16/04/2026 00:00","CTA|DE(50Hertz)","PSW Goldisthal PSS C","11WD8GOLD1H---CH","Hydro Pumped Storage","11WD8GOLD1H---CH","15/04/2026 18:00 - 15/04/2026 19:00","198.25",""
"15/04/2026 00:00 - 16/04/2026 00:00","CTA|DE(50Hertz)","PSW Goldisthal PSS C","11WD8GOLD1H---CH","Hydro Pumped Storage","11WD8GOLD1H---CH","15/04/2026 19:00 - 15/04/2026 20:00","261.50",""
"15/04/2026 00:00 - 16/04/2026 00:00","CTA|DE(50Hertz)","PSW Goldisthal PSS C","11WD8GOLD1H---CH","Hydro Pumped Storage","11WD8GOLD1H---CH","15/04/2026 20:00 - 15/04/2026 21:00","257.50",""
"15/04/2026 00:00 - 16/04/2026 00:00","CTA|DE(50Hertz)","PSW Goldisthal PSS C","11WD8GOLD1H---CH","Hydro Pumped Storage","11WD8GOLD1H---CH","15/04/2026 21:00 - 15/04/2026 22:00","230.75",""
"15/04/2026 00:00 - 16/04/2026 00:00","CTA|DE(50Hertz)","PSW Goldisthal PSS C","11WD8GOLD1H---CH","Hydro Pumped Storage","11WD8GOLD1H---CH","15/04/2026 22:00 - 15/04/2026 23:00","165.50",""
"15/04/2026 00:00 - 16/04/2026 00:00","CTA|DE(50Hertz)","PSW Goldisthal PSS C","11WD8GOLD1H---CH","Hydro Pumped Storage","11WD8GOLD1H---CH","15/04/2026 23:00 - 16/04/2026 00:00","0.00",""
"15/04/2026 00:00 - 16/04/2026 00:00","CTA|DE(50Hertz)","PSW Goldisthal PSS D","11WD8GOLD1H---DF","Hydro Pumped Storage","11WD8GOLD1H---DF","15/04/2026 00:00 - 15/04/2026 01:00","0.00",""
"15/04/2026 00:00 - 16/04/2026 00:00","CTA|DE(50Hertz)","PSW Goldisthal PSS D","11WD8GOLD1H---DF","Hydro Pumped Storage","11WD8GOLD1H---DF","15/04/2026 01:00 - 15/04/2026 02:00","0.00",""
"15/04/2026 00:00 - 16/04/2026 00:00","CTA|DE(50Hertz)","PSW Goldisthal PSS D","11WD8GOLD1H---DF","Hydro Pumped Storage","11WD8GOLD1H---DF","15/04/2026 02:00 - 15/04/2026 03:00","0.00",""
"15/04/2026 00:00 - 16/04/2026 00:00","CTA|DE(50Hertz)","PSW Goldisthal PSS D","11WD8GOLD1H---DF","Hydro Pumped Storage","11WD8GOLD1H---DF","15/04/2026 03:00 - 15/04/2026 04:00","0.00",""
"15/04/2026 00:00 - 16/04/2026 00:00","CTA|DE(50Hertz)","PSW Goldisthal PSS D","11WD8GOLD1H---DF","Hydro Pumped Storage","11WD8GOLD1H---DF","15/04/2026 04:00 - 15/04/2026 05:00","0.00",""
"15/04/2026 00:00 - 16/04/2026 00:00","CTA|DE(50Hertz)","PSW Goldisthal PSS D","11WD8GOLD1H---DF","Hydro Pumped Storage","11WD8GOLD1H---DF","15/04/2026 05:00 - 15/04/2026 06:00","76.00",""
"15/04/2026 00:00 - 16/04/2026 00:00","CTA|DE(50Hertz)","PSW Goldisthal PSS D","11WD8GOLD1H---DF","Hydro Pumped Storage","11WD8GOLD1H---DF","15/04/2026 06:00 - 15/04/2026 07:00","176.00",""
"15/04/2026 00:00 - 16/04/2026 00:00","CTA|DE(50Hertz)","PSW Goldisthal PSS D","11WD8GOLD1H---DF","Hydro Pumped Storage","11WD8GOLD1H---DF","15/04/2026 07:00 - 15/04/2026 08:00","155.75",""
"15/04/2026 00:00 - 16/04/2026 00:00","CTA|DE(50Hertz)","PSW Goldisthal PSS D","11WD8GOLD1H---DF","Hydro Pumped Storage","11WD8GOLD1H---DF","15/04/2026 08:00 - 15/04/2026 09:00","155.50",""
"15/04/2026 00:00 - 16/04/2026 00:00","CTA|DE(50Hertz)","PSW Goldisthal PSS D","11WD8GOLD1H---DF","Hydro Pumped Storage","11WD8GOLD1H---DF","15/04/2026 09:00 - 15/04/2026 10:00","48.25",""
"15/04/2026 00:00 - 16/04/2026 00:00","CTA|DE(50Hertz)","PSW Goldisthal PSS D","11WD8GOLD1H---DF","Hydro Pumped Storage","11WD8GOLD1H---DF","15/04/2026 10:00 - 15/04/2026 11:00","0.00",""
"15/04/2026 00:00 - 16/04/2026 00:00","CTA|DE(50Hertz)","PSW Goldisthal PSS D","11WD8GOLD1H---DF","Hydro Pumped Storage","11WD8GOLD1H---DF","15/04/2026 11:00 - 15/04/2026 12:00","0.00",""
"15/04/2026 00:00 - 16/04/2026 00:00","CTA|DE(50Hertz)","PSW Goldisthal PSS D","11WD8GOLD1H---DF","Hydro Pumped Storage","11WD8GOLD1H---DF","15/04/2026 12:00 - 15/04/2026 13:00","0.00",""
"15/04/2026 00:00 - 16/04/2026 00:00","CTA|DE(50Hertz)","PSW Goldisthal PSS D","11WD8GOLD1H---DF","Hydro Pumped Storage","11WD8GOLD1H---DF","15/04/2026 13:00 - 15/04/2026 14:00","0.00",""
"15/04/2026 00:00 - 16/04/2026 00:00","CTA|DE(50Hertz)","PSW Goldisthal PSS D","11WD8GOLD1H---DF","Hydro Pumped Storage","11WD8GOLD1H---DF","15/04/2026 14:00 - 15/04/2026 15:00","0.00",""
"15/04/2026 00:00 - 16/04/2026 00:00","CTA|DE(50Hertz)","PSW Goldisthal PSS D","11WD8GOLD1H---DF","Hydro Pumped Storage","11WD8GOLD1H---DF","15/04/2026 15:00 - 15/04/2026 16:00","0.00",""
"15/04/2026 00:00 - 16/04/2026 00:00","CTA|DE(50Hertz)","PSW Goldisthal PSS D","11WD8GOLD1H---DF","Hydro Pumped Storage","11WD8GOLD1H---DF","15/04/2026 16:00 - 15/04/2026 17:00","0.00",""
"15/04/2026 00:00 - 16/04/2026 00:00","CTA|DE(50Hertz)","PSW Goldisthal PSS D","11WD8GOLD1H---DF","Hydro Pumped Storage","11WD8GOLD1H---DF","15/04/2026 17:00 - 15/04/2026 18:00","114.00",""
"15/04/2026 00:00 - 16/04/2026 00:00","CTA|DE(50Hertz)","PSW Goldisthal PSS D","11WD8GOLD1H---DF","Hydro Pumped Storage","11WD8GOLD1H---DF","15/04/2026 18:00 - 15/04/2026 19:00","257.50",""
"15/04/2026 00:00 - 16/04/2026 00:00","CTA|DE(50Hertz)","PSW Goldisthal PSS D","11WD8GOLD1H---DF","Hydro Pumped Storage","11WD8GOLD1H---DF","15/04/2026 19:00 - 15/04/2026 20:00","266.75",""
"15/04/2026 00:00 - 16/04/2026 00:00","CTA|DE(50Hertz)","PSW Goldisthal PSS D","11WD8GOLD1H---DF","Hydro Pumped Storage","11WD8GOLD1H---DF","15/04/2026 20:00 - 15/04/2026 21:00","262.25",""
"15/04/2026 00:00 - 16/04/2026 00:00","CTA|DE(50Hertz)","PSW Goldisthal PSS D","11WD8GOLD1H---DF","Hydro Pumped Storage","11WD8GOLD1H---DF","15/04/2026 21:00 - 15/04/2026 22:00","257.00",""
"15/04/2026 00:00 - 16/04/2026 00:00","CTA|DE(50Hertz)","PSW Goldisthal PSS D","11WD8GOLD1H---DF","Hydro Pumped Storage","11WD8GOLD1H---DF","15/04/2026 22:00 - 15/04/2026 23:00","189.25",""
"15/04/2026 00:00 - 16/04/2026 00:00","CTA|DE(50Hertz)","PSW Goldisthal PSS D","11WD8GOLD1H---DF","Hydro Pumped Storage","11WD8GOLD1H---DF","15/04/2026 23:00 - 16/04/2026 00:00","0.00",""
"15/04/2026 00:00 - 16/04/2026 00:00","CTA|DE(50Hertz)","KW Jänschwalde Block B","11WD8JAEN1L---BB","Fossil Brown coal/Lignite","11WD8JAEN1L---BB","15/04/2026 00:00 - 15/04/2026 01:00","204.00",""
"15/04/2026 00:00 - 16/04/2026 00:00","CTA|DE(50Hertz)","KW Jänschwalde Block B","11WD8JAEN1L---BB","Fossil Brown coal/Lignite","11WD8JAEN1L---BB","15/04/2026 01:00 - 15/04/2026 02:00","205.75",""
"15/04/2026 00:00 - 16/04/2026 00:00","CTA|DE(50Hertz)","KW Jänschwalde Block B","11WD8JAEN1L---BB","Fossil Brown coal/Lignite","11WD8JAEN1L---BB","15/04/2026 02:00 - 15/04/2026 03:00","205.25",""
"15/04/2026 00:00 - 16/04/2026 00:00","CTA|DE(50Hertz)","KW Jänschwalde Block B","11WD8JAEN1L---BB","Fossil Brown coal/Lignite","11WD8JAEN1L---BB","15/04/2026 03:00 - 15/04/2026 04:00","203.75",""
"15/04/2026 00:00 - 16/04/2026 00:00","CTA|DE(50Hertz)","KW Jänschwalde Block B","11WD8JAEN1L---BB","Fossil Brown coal/Lignite","11WD8JAEN1L---BB","15/04/2026 04:00 - 15/04/2026 05:00","206.00",""
"15/04/2026 00:00 - 16/04/2026 00:00","CTA|DE(50Hertz)","KW Jänschwalde Block B","11WD8JAEN1L---BB","Fossil Brown coal/Lignite","11WD8JAEN1L---BB","15/04/2026 05:00 - 15/04/2026 06:00","203.50",""
"15/04/2026 00:00 - 16/04/2026 00:00","CTA|DE(50Hertz)","KW Jänschwalde Block B","11WD8JAEN1L---BB","Fossil Brown coal/Lignite","11WD8JAEN1L---BB","15/04/2026 06:00 - 15/04/2026 07:00","207.50",""
"15/04/2026 00:00 - 16/04/2026 00:00","CTA|DE(50Hertz)","KW Jänschwalde Block B","11WD8JAEN1L---BB","Fossil Brown coal/Lignite","11WD8JAEN1L---BB","15/04/2026 07:00 - 15/04/2026 08:00","199.75",""
"15/04/2026 00:00 - 16/04/2026 00:00","CTA|DE(50Hertz)","KW Jänschwalde Block B","11WD8JAEN1L---BB","Fossil Brown coal/Lignite","11WD8JAEN1L---BB","15/04/2026 08:00 - 15/04/2026 09:00","200.50",""
"15/04/2026 00:00 - 16/04/2026 00:00","CTA|DE(50Hertz)","KW Jänschwalde Block B","11WD8JAEN1L---BB","Fossil Brown coal/Lignite","11WD8JAEN1L---BB","15/04/2026 09:00 - 15/04/2026 10:00","199.50",""
"15/04/2026 00:00 - 16/04/2026 00:00","CTA|DE(50Hertz)","KW Jänschwalde Block B","11WD8JAEN1L---BB","Fossil Brown coal/Lignite","11WD8JAEN1L---BB","15/04/2026 10:00 - 15/04/2026 11:00","190.75",""
"15/04/2026 00:00 - 16/04/2026 00:00","CTA|DE(50Hertz)","KW Jänschwalde Block B","11WD8JAEN1L---BB","Fossil Brown coal/Lignite","11WD8JAEN1L---BB","15/04/2026 11:00 - 15/04/2026 12:00","187.75",""
"15/04/2026 00:00 - 16/04/2026 00:00","CTA|DE(50Hertz)","KW Jänschwalde Block B","11WD8JAEN1L---BB","Fossil Brown coal/Lignite","11WD8JAEN1L---BB","15/04/2026 12:00 - 15/04/2026 13:00","148.25",""
"15/04/2026 00:00 - 16/04/2026 00:00","CTA|DE(50Hertz)","KW Jänschwalde Block B","11WD8JAEN1L---BB","Fossil Brown coal/Lignite","11WD8JAEN1L---BB","15/04/2026 13:00 - 15/04/2026 14:00","147.25",""
"15/04/2026 00:00 - 16/04/2026 00:00","CTA|DE(50Hertz)","KW Jänschwalde Block B","11WD8JAEN1L---BB","Fossil Brown coal/Lignite","11WD8JAEN1L---BB","15/04/2026 14:00 - 15/04/2026 15:00","166.75",""
"15/04/2026 00:00 - 16/04/2026 00:00","CTA|DE(50Hertz)","KW Jänschwalde Block B","11WD8JAEN1L---BB","Fossil Brown coal/Lignite","11WD8JAEN1L---BB","15/04/2026 15:00 - 15/04/2026 16:00","183.00",""
"15/04/2026 00:00 - 16/04/2026 00:00","CTA|DE(50Hertz)","KW Jänschwalde Block B","11WD8JAEN1L---BB","Fossil Brown coal/Lignite","11WD8JAEN1L---BB","15/04/2026 16:00 - 15/04/2026 17:00","171.75",""
"15/04/2026 00:00 - 16/04/2026 00:00","CTA|DE(50Hertz)","KW Jänschwalde Block B","11WD8JAEN1L---BB","Fossil Brown coal/Lignite","11WD8JAEN1L---BB","15/04/2026 17:00 - 15/04/2026 18:00","173.50",""
"15/04/2026 00:00 - 16/04/2026 00:00","CTA|DE(50Hertz)","KW Jänschwalde Block B","11WD8JAEN1L---BB","Fossil Brown coal/Lignite","11WD8JAEN1L---BB","15/04/2026 18:00 - 15/04/2026 19:00","202.75",""
"15/04/2026 00:00 - 16/04/2026 00:00","CTA|DE(50Hertz)","KW Jänschwalde Block B","11WD8JAEN1L---BB","Fossil Brown coal/Lignite","11WD8JAEN1L---BB","15/04/2026 19:00 - 15/04/2026 20:00","201.25",""
"15/04/2026 00:00 - 16/04/2026 00:00","CTA|DE(50Hertz)","KW Jänschwalde Block B","11WD8JAEN1L---BB","Fossil Brown coal/Lignite","11WD8JAEN1L---BB","15/04/2026 20:00 - 15/04/2026 21:00","199.25",""
"15/04/2026 00:00 - 16/04/2026 00:00","CTA|DE(50Hertz)","KW Jänschwalde Block B","11WD8JAEN1L---BB","Fossil Brown coal/Lignite","11WD8JAEN1L---BB","15/04/2026 21:00 - 15/04/2026 22:00","198.75",""
"15/04/2026 00:00 - 16/04/2026 00:00","CTA|DE(50Hertz)","KW Jänschwalde Block B","11WD8JAEN1L---BB","Fossil Brown coal/Lignite","11WD8JAEN1L---BB","15/04/2026 22:00 - 15/04/2026 23:00","174.50",""
"15/04/2026 00:00 - 16/04/2026 00:00","CTA|DE(50Hertz)","KW Jänschwalde Block B","11WD8JAEN1L---BB","Fossil Brown coal/Lignite","11WD8JAEN1L---BB","15/04/2026 23:00 - 16/04/2026 00:00","167.25",""
"15/04/2026 00:00 - 16/04/2026 00:00","CTA|DE(50Hertz)","KW Jänschwalde Block C","11WD8JAEN1L---C9","Fossil Brown coal/Lignite","11WD8JAEN1L---C9","15/04/2026 00:00 - 15/04/2026 01:00","452.75",""
"15/04/2026 00:00 - 16/04/2026 00:00","CTA|DE(50Hertz)","KW Jänschwalde Block C","11WD8JAEN1L---C9","Fossil Brown coal/Lignite","11WD8JAEN1L---C9","15/04/2026 01:00 - 15/04/2026 02:00","473.25",""
"15/04/2026 00:00 - 16/04/2026 00:00","CTA|DE(50Hertz)","KW Jänschwalde Block C","11WD8JAEN1L---C9","Fossil Brown coal/Lignite","11WD8JAEN1L---C9","15/04/2026 02:00 - 15/04/2026 03:00","478.00",""
"15/04/2026 00:00 - 16/04/2026 00:00","CTA|DE(50Hertz)","KW Jänschwalde Block C","11WD8JAEN1L---C9","Fossil Brown coal/Lignite","11WD8JAEN1L---C9","15/04/2026 03:00 - 15/04/2026 04:00","482.00",""
"15/04/2026 00:00 - 16/04/2026 00:00","CTA|DE(50Hertz)","KW Jänschwalde Block C","11WD8JAEN1L---C9","Fossil Brown coal/Lignite","11WD8JAEN1L---C9","15/04/2026 04:00 - 15/04/2026 05:00","483.75",""
"15/04/2026 00:00 - 16/04/2026 00:00","CTA|DE(50Hertz)","KW Jänschwalde Block C","11WD8JAEN1L---C9","Fossil Brown coal/Lignite","11WD8JAEN1L---C9","15/04/2026 05:00 - 15/04/2026 06:00","480.75",""
"15/04/2026 00:00 - 16/04/2026 00:00","CTA|DE(50Hertz)","KW Jänschwalde Block C","11WD8JAEN1L---C9","Fossil Brown coal/Lignite","11WD8JAEN1L---C9","15/04/2026 06:00 - 15/04/2026 07:00","498.50",""
"15/04/2026 00:00 - 16/04/2026 00:00","CTA|DE(50Hertz)","KW Jänschwalde Block C","11WD8JAEN1L---C9","Fossil Brown coal/Lignite","11WD8JAEN1L---C9","15/04/2026 07:00 - 15/04/2026 08:00","492.25",""
"15/04/2026 00:00 - 16/04/2026 00:00","CTA|DE(50Hertz)","KW Jänschwalde Block C","11WD8JAEN1L---C9","Fossil Brown coal/Lignite","11WD8JAEN1L---C9","15/04/2026 08:00 - 15/04/2026 09:00","494.00",""
"15/04/2026 00:00 - 16/04/2026 00:00","CTA|DE(50Hertz)","KW Jänschwalde Block C","11WD8JAEN1L---C9","Fossil Brown coal/Lignite","11WD8JAEN1L---C9","15/04/2026 09:00 - 15/04/2026 10:00","494.50",""
"15/04/2026 00:00 - 16/04/2026 00:00","CTA|DE(50Hertz)","KW Jänschwalde Block C","11WD8JAEN1L---C9","Fossil Brown coal/Lignite","11WD8JAEN1L---C9","15/04/2026 10:00 - 15/04/2026 11:00","349.00",""
"15/04/2026 00:00 - 16/04/2026 00:00","CTA|DE(50Hertz)","KW Jänschwalde Block C","11WD8JAEN1L---C9","Fossil Brown coal/Lignite","11WD8JAEN1L---C9","15/04/2026 11:00 - 15/04/2026 12:00","316.50",""
"15/04/2026 00:00 - 16/04/2026 00:00","CTA|DE(50Hertz)","KW Jänschwalde Block C","11WD8JAEN1L---C9","Fossil Brown coal/Lignite","11WD8JAEN1L---C9","15/04/2026 12:00 - 15/04/2026 13:00","303.75",""
"15/04/2026 00:00 - 16/04/2026 00:00","CTA|DE(50Hertz)","KW Jänschwalde Block C","11WD8JAEN1L---C9","Fossil Brown coal/Lignite","11WD8JAEN1L---C9","15/04/2026 13:00 - 15/04/2026 14:00","303.50",""
"15/04/2026 00:00 - 16/04/2026 00:00","CTA|DE(50Hertz)","KW Jänschwalde Block C","11WD8JAEN1L---C9","Fossil Brown coal/Lignite","11WD8JAEN1L---C9","15/04/2026 14:00 - 15/04/2026 15:00","316.00",""
"15/04/2026 00:00 - 16/04/2026 00:00","CTA|DE(50Hertz)","KW Jänschwalde Block C","11WD8JAEN1L---C9","Fossil Brown coal/Lignite","11WD8JAEN1L---C9","15/04/2026 15:00 - 15/04/2026 16:00","470.50",""
"15/04/2026 00:00 - 16/04/2026 00:00","CTA|DE(50Hertz)","KW Jänschwalde Block C","11WD8JAEN1L---C9","Fossil Brown coal/Lignite","11WD8JAEN1L---C9","15/04/2026 16:00 - 15/04/2026 17:00","493.75",""
"15/04/2026 00:00 - 16/04/2026 00:00","CTA|DE(50Hertz)","KW Jänschwalde Block C","11WD8JAEN1L---C9","Fossil Brown coal/Lignite","11WD8JAEN1L---C9","15/04/2026 17:00 - 15/04/2026 18:00","487.75",""
"15/04/2026 00:00 - 16/04/2026 00:00","CTA|DE(50Hertz)","KW Jänschwalde Block C","11WD8JAEN1L---C9","Fossil Brown coal/Lignite","11WD8JAEN1L---C9","15/04/2026 18:00 - 15/04/2026 19:00","501.75",""
"15/04/2026 00:00 - 16/04/2026 00:00","CTA|DE(50Hertz)","KW Jänschwalde Block C","11WD8JAEN1L---C9","Fossil Brown coal/Lignite","11WD8JAEN1L---C9","15/04/2026 19:00 - 15/04/2026 20:00","497.25",""
"15/04/2026 00:00 - 16/04/2026 00:00","CTA|DE(50Hertz)","KW Jänschwalde Block C","11WD8JAEN1L---C9","Fossil Brown coal/Lignite","11WD8JAEN1L---C9","15/04/2026 20:00 - 15/04/2026 21:00","478.75",""
"15/04/2026 00:00 - 16/04/2026 00:00","CTA|DE(50Hertz)","KW Jänschwalde Block C","11WD8JAEN1L---C9","Fossil Brown coal/Lignite","11WD8JAEN1L---C9","15/04/2026 21:00 - 15/04/2026 22:00","477.00",""
"15/04/2026 00:00 - 16/04/2026 00:00","CTA|DE(50Hertz)","KW Jänschwalde Block C","11WD8JAEN1L---C9","Fossil Brown coal/Lignite","11WD8JAEN1L---C9","15/04/2026 22:00 - 15/04/2026 23:00","481.75",""
"15/04/2026 00:00 - 16/04/2026 00:00","CTA|DE(50Hertz)","KW Jänschwalde Block C","11WD8JAEN1L---C9","Fossil Brown coal/Lignite","11WD8JAEN1L---C9","15/04/2026 23:00 - 16/04/2026 00:00","461.50",""
"15/04/2026 00:00 - 16/04/2026 00:00","CTA|DE(50Hertz)","KW Jänschwalde Block D","11WD8JAEN1L---D7","Fossil Brown coal/Lignite","11WD8JAEN1L---D7","15/04/2026 00:00 - 15/04/2026 01:00","0.00",""
"15/04/2026 00:00 - 16/04/2026 00:00","CTA|DE(50Hertz)","KW Jänschwalde Block D","11WD8JAEN1L---D7","Fossil Brown coal/Lignite","11WD8JAEN1L---D7","15/04/2026 01:00 - 15/04/2026 02:00","0.00",""
"15/04/2026 00:00 - 16/04/2026 00:00","CTA|DE(50Hertz)","KW Jänschwalde Block D","11WD8JAEN1L---D7","Fossil Brown coal/Lignite","11WD8JAEN1L---D7","15/04/2026 02:00 - 15/04/2026 03:00","0.00",""
"15/04/2026 00:00 - 16/04/2026 00:00","CTA|DE(50Hertz)","KW Jänschwalde Block D","11WD8JAEN1L---D7","Fossil Brown coal/Lignite","11WD8JAEN1L---D7","15/04/2026 03:00 - 15/04/2026 04:00","0.00",""
"15/04/2026 00:00 - 16/04/2026 00:00","CTA|DE(50Hertz)","KW Jänschwalde Block D","11WD8JAEN1L---D7","Fossil Brown coal/Lignite","11WD8JAEN1L---D7","15/04/2026 04:00 - 15/04/2026 05:00","0.00",""
"15/04/2026 00:00 - 16/04/2026 00:00","CTA|DE(50Hertz)","KW Jänschwalde Block D","11WD8JAEN1L---D7","Fossil Brown coal/Lignite","11WD8JAEN1L---D7","15/04/2026 05:00 - 15/04/2026 06:00","0.00",""
"15/04/2026 00:00 - 16/04/2026 00:00","CTA|DE(50Hertz)","KW Jänschwalde Block D","11WD8JAEN1L---D7","Fossil Brown coal/Lignite","11WD8JAEN1L---D7","15/04/2026 06:00 - 15/04/2026 07:00","0.00",""
"15/04/2026 00:00 - 16/04/2026 00:00","CTA|DE(50Hertz)","KW Jänschwalde Block D","11WD8JAEN1L---D7","Fossil Brown coal/Lignite","11WD8JAEN1L---D7","15/04/2026 07:00 - 15/04/2026 08:00","0.00",""
"15/04/2026 00:00 - 16/04/2026 00:00","CTA|DE(50Hertz)","KW Jänschwalde Block D","11WD8JAEN1L---D7","Fossil Brown coal/Lignite","11WD8JAEN1L---D7","15/04/2026 08:00 - 15/04/2026 09:00","0.00",""
"15/04/2026 00:00 - 16/04/2026 00:00","CTA|DE(50Hertz)","KW Jänschwalde Block D","11WD8JAEN1L---D7","Fossil Brown coal/Lignite","11WD8JAEN1L---D7","15/04/2026 09:00 - 15/04/2026 10:00","0.00",""
"15/04/2026 00:00 - 16/04/2026 00:00","CTA|DE(50Hertz)","KW Jänschwalde Block D","11WD8JAEN1L---D7","Fossil Brown coal/Lignite","11WD8JAEN1L---D7","15/04/2026 10:00 - 15/04/2026 11:00","0.00",""
"15/04/2026 00:00 - 16/04/2026 00:00","CTA|DE(50Hertz)","KW Jänschwalde Block D","11WD8JAEN1L---D7","Fossil Brown coal/Lignite","11WD8JAEN1L---D7","15/04/2026 11:00 - 15/04/2026 12:00","0.00",""
"15/04/2026 00:00 - 16/04/2026 00:00","CTA|DE(50Hertz)","KW Jänschwalde Block D","11WD8JAEN1L---D7","Fossil Brown coal/Lignite","11WD8JAEN1L---D7","15/04/2026 12:00 - 15/04/2026 13:00","0.00",""
"15/04/2026 00:00 - 16/04/2026 00:00","CTA|DE(50Hertz)","KW Jänschwalde Block D","11WD8JAEN1L---D7","Fossil Brown coal/Lignite","11WD8JAEN1L---D7","15/04/2026 13:00 - 15/04/2026 14:00","0.00",""
"15/04/2026 00:00 - 16/04/2026 00:00","CTA|DE(50Hertz)","KW Jänschwalde Block D","11WD8JAEN1L---D7","Fossil Brown coal/Lignite","11WD8JAEN1L---D7","15/04/2026 14:00 - 15/04/2026 15:00","0.00",""
"15/04/2026 00:00 - 16/04/2026 00:00","CTA|DE(50Hertz)","KW Jänschwalde Block D","11WD8JAEN1L---D7","Fossil Brown coal/Lignite","11WD8JAEN1L---D7","15/04/2026 15:00 - 15/04/2026 16:00","0.00",""
"15/04/2026 00:00 - 16/04/2026 00:00","CTA|DE(50Hertz)","KW Jänschwalde Block D","11WD8JAEN1L---D7","Fossil Brown coal/Lignite","11WD8JAEN1L---D7","15/04/2026 16:00 - 15/04/2026 17:00","0.00",""
"15/04/2026 00:00 - 16/04/2026 00:00","CTA|DE(50Hertz)","KW Jänschwalde Block D","11WD8JAEN1L---D7","Fossil Brown coal/Lignite","11WD8JAEN1L---D7","15/04/2026 17:00 - 15/04/2026 18:00","0.00",""
"15/04/2026 00:00 - 16/04/2026 00:00","CTA|DE(50Hertz)","KW Jänschwalde Block D","11WD8JAEN1L---D7","Fossil Brown coal/Lignite","11WD8JAEN1L---D7","15/04/2026 18:00 - 15/04/2026 19:00","0.00",""
"15/04/2026 00:00 - 16/04/2026 00:00","CTA|DE(50Hertz)","KW Jänschwalde Block D","11WD8JAEN1L---D7","Fossil Brown coal/Lignite","11WD8JAEN1L---D7","15/04/2026 19:00 - 15/04/2026 20:00","0.00",""
"15/04/2026 00:00 - 16/04/2026 00:00","CTA|DE(50Hertz)","KW Jänschwalde Block D","11WD8JAEN1L---D7","Fossil Brown coal/Lignite","11WD8JAEN1L---D7","15/04/2026 20:00 - 15/04/2026 21:00","0.00",""
"15/04/2026 00:00 - 16/04/2026 00:00","CTA|DE(50Hertz)","KW Jänschwalde Block D","11WD8JAEN1L---D7","Fossil Brown coal/Lignite","11WD8JAEN1L---D7","15/04/2026 21:00 - 15/04/2026 22:00","0.00",""
"15/04/2026 00:00 - 16/04/2026 00:00","CTA|DE(50Hertz)","KW Jänschwalde Block D","11WD8JAEN1L---D7","Fossil Brown coal/Lignite","11WD8JAEN1L---D7","15/04/2026 22:00 - 15/04/2026 23:00","0.00",""
"15/04/2026 00:00 - 16/04/2026 00:00","CTA|DE(50Hertz)","KW Jänschwalde Block D","11WD8JAEN1L---D7","Fossil Brown coal/Lignite","11WD8JAEN1L---D7","15/04/2026 23:00 - 16/04/2026 00:00","0.00",""
"15/04/2026 00:00 - 16/04/2026 00:00","CTA|DE(50Hertz)","HKW Klingenberg 1-3","11WD8KLIN5G--13E","Fossil Gas","11WD8KLIN5G--13E","15/04/2026 00:00 - 15/04/2026 01:00","44.00",""
"15/04/2026 00:00 - 16/04/2026 00:00","CTA|DE(50Hertz)","HKW Klingenberg 1-3","11WD8KLIN5G--13E","Fossil Gas","11WD8KLIN5G--13E","15/04/2026 01:00 - 15/04/2026 02:00","44.00",""
"15/04/2026 00:00 - 16/04/2026 00:00","CTA|DE(50Hertz)","HKW Klingenberg 1-3","11WD8KLIN5G--13E","Fossil Gas","11WD8KLIN5G--13E","15/04/2026 02:00 - 15/04/2026 03:00","43.50",""
"15/04/2026 00:00 - 16/04/2026 00:00","CTA|DE(50Hertz)","HKW Klingenberg 1-3","11WD8KLIN5G--13E","Fossil Gas","11WD8KLIN5G--13E","15/04/2026 03:00 - 15/04/2026 04:00","43.50",""
"15/04/2026 00:00 - 16/04/2026 00:00","CTA|DE(50Hertz)","HKW Klingenberg 1-3","11WD8KLIN5G--13E","Fossil Gas","11WD8KLIN5G--13E","15/04/2026 04:00 - 15/04/2026 05:00","44.00",""
"15/04/2026 00:00 - 16/04/2026 00:00","CTA|DE(50Hertz)","HKW Klingenberg 1-3","11WD8KLIN5G--13E","Fossil Gas","11WD8KLIN5G--13E","15/04/2026 05:00 - 15/04/2026 06:00","44.00",""
"15/04/2026 00:00 - 16/04/2026 00:00","CTA|DE(50Hertz)","HKW Klingenberg 1-3","11WD8KLIN5G--13E","Fossil Gas","11WD8KLIN5G--13E","15/04/2026 06:00 - 15/04/2026 07:00","43.75",""
"15/04/2026 00:00 - 16/04/2026 00:00","CTA|DE(50Hertz)","HKW Klingenberg 1-3","11WD8KLIN5G--13E","Fossil Gas","11WD8KLIN5G--13E","15/04/2026 07:00 - 15/04/2026 08:00","43.00",""
"15/04/2026 00:00 - 16/04/2026 00:00","CTA|DE(50Hertz)","HKW Klingenberg 1-3","11WD8KLIN5G--13E","Fossil Gas","11WD8KLIN5G--13E","15/04/2026 08:00 - 15/04/2026 09:00","43.00",""
"15/04/2026 00:00 - 16/04/2026 00:00","CTA|DE(50Hertz)","HKW Klingenberg 1-3","11WD8KLIN5G--13E","Fossil Gas","11WD8KLIN5G--13E","15/04/2026 09:00 - 15/04/2026 10:00","43.50",""
"15/04/2026 00:00 - 16/04/2026 00:00","CTA|DE(50Hertz)","HKW Klingenberg 1-3","11WD8KLIN5G--13E","Fossil Gas","11WD8KLIN5G--13E","15/04/2026 10:00 - 15/04/2026 11:00","43.75",""
"15/04/2026 00:00 - 16/04/2026 00:00","CTA|DE(50Hertz)","HKW Klingenberg 1-3","11WD8KLIN5G--13E","Fossil Gas","11WD8KLIN5G--13E","15/04/2026 11:00 - 15/04/2026 12:00","34.25",""
"15/04/2026 00:00 - 16/04/2026 00:00","CTA|DE(50Hertz)","HKW Klingenberg 1-3","11WD8KLIN5G--13E","Fossil Gas","11WD8KLIN5G--13E","15/04/2026 12:00 - 15/04/2026 13:00","25.75",""
"15/04/2026 00:00 - 16/04/2026 00:00","CTA|DE(50Hertz)","HKW Klingenberg 1-3","11WD8KLIN5G--13E","Fossil Gas","11WD8KLIN5G--13E","15/04/2026 13:00 - 15/04/2026 14:00","16.25",""
"15/04/2026 00:00 - 16/04/2026 00:00","CTA|DE(50Hertz)","HKW Klingenberg 1-3","11WD8KLIN5G--13E","Fossil Gas","11WD8KLIN5G--13E","15/04/2026 14:00 - 15/04/2026 15:00","21.25",""
"15/04/2026 00:00 - 16/04/2026 00:00","CTA|DE(50Hertz)","HKW Klingenberg 1-3","11WD8KLIN5G--13E","Fossil Gas","11WD8KLIN5G--13E","15/04/2026 15:00 - 15/04/2026 16:00","21.75",""
"15/04/2026 00:00 - 16/04/2026 00:00","CTA|DE(50Hertz)","HKW Klingenberg 1-3","11WD8KLIN5G--13E","Fossil Gas","11WD8KLIN5G--13E","15/04/2026 16:00 - 15/04/2026 17:00","22.00",""
"15/04/2026 00:00 - 16/04/2026 00:00","CTA|DE(50Hertz)","HKW Klingenberg 1-3","11WD8KLIN5G--13E","Fossil Gas","11WD8KLIN5G--13E","15/04/2026 17:00 - 15/04/2026 18:00","22.00",""
"15/04/2026 00:00 - 16/04/2026 00:00","CTA|DE(50Hertz)","HKW Klingenberg 1-3","11WD8KLIN5G--13E","Fossil Gas","11WD8KLIN5G--13E","15/04/2026 18:00 - 15/04/2026 19:00","22.00",""
"15/04/2026 00:00 - 16/04/2026 00:00","CTA|DE(50Hertz)","HKW Klingenberg 1-3","11WD8KLIN5G--13E","Fossil Gas","11WD8KLIN5G--13E","15/04/2026 19:00 - 15/04/2026 20:00","22.00",""
"15/04/2026 00:00 - 16/04/2026 00:00","CTA|DE(50Hertz)","HKW Klingenberg 1-3","11WD8KLIN5G--13E","Fossil Gas","11WD8KLIN5G--13E","15/04/2026 20:00 - 15/04/2026 21:00","34.50",""
"15/04/2026 00:00 - 16/04/2026 00:00","CTA|DE(50Hertz)","HKW Klingenberg 1-3","11WD8KLIN5G--13E","Fossil Gas","11WD8KLIN5G--13E","15/04/2026 21:00 - 15/04/2026 22:00","36.75",""
"15/04/2026 00:00 - 16/04/2026 00:00","CTA|DE(50Hertz)","HKW Klingenberg 1-3","11WD8KLIN5G--13E","Fossil Gas","11WD8KLIN5G--13E","15/04/2026 22:00 - 15/04/2026 23:00","36.50",""
"15/04/2026 00:00 - 16/04/2026 00:00","CTA|DE(50Hertz)","HKW Klingenberg 1-3","11WD8KLIN5G--13E","Fossil Gas","11WD8KLIN5G--13E","15/04/2026 23:00 - 16/04/2026 00:00","36.00",""
"15/04/2026 00:00 - 16/04/2026 00:00","CTA|DE(50Hertz)","HKW Nord GuD Nord","11WD8LEIP5X----6","Fossil Gas","11WD8LEIP5X----6","15/04/2026 00:00 - 15/04/2026 01:00","73.90",""
"15/04/2026 00:00 - 16/04/2026 00:00","CTA|DE(50Hertz)","HKW Nord GuD Nord","11WD8LEIP5X----6","Fossil Gas","11WD8LEIP5X----6","15/04/2026 01:00 - 15/04/2026 02:00","73.50",""
"15/04/2026 00:00 - 16/04/2026 00:00","CTA|DE(50Hertz)","HKW Nord GuD Nord","11WD8LEIP5X----6","Fossil Gas","11WD8LEIP5X----6","15/04/2026 02:00 - 15/04/2026 03:00","43.98",""
"15/04/2026 00:00 - 16/04/2026 00:00","CTA|DE(50Hertz)","HKW Nord GuD Nord","11WD8LEIP5X----6","Fossil Gas","11WD8LEIP5X----6","15/04/2026 03:00 - 15/04/2026 04:00","40.23",""
"15/04/2026 00:00 - 16/04/2026 00:00","CTA|DE(50Hertz)","HKW Nord GuD Nord","11WD8LEIP5X----6","Fossil Gas","11WD8LEIP5X----6","15/04/2026 04:00 - 15/04/2026 05:00","41.00",""
"15/04/2026 00:00 - 16/04/2026 00:00","CTA|DE(50Hertz)","HKW Nord GuD Nord","11WD8LEIP5X----6","Fossil Gas","11WD8LEIP5X----6","15/04/2026 05:00 - 15/04/2026 06:00","61.98",""
"15/04/2026 00:00 - 16/04/2026 00:00","CTA|DE(50Hertz)","HKW Nord GuD Nord","11WD8LEIP5X----6","Fossil Gas","11WD8LEIP5X----6","15/04/2026 06:00 - 15/04/2026 07:00","79.90",""
"15/04/2026 00:00 - 16/04/2026 00:00","CTA|DE(50Hertz)","HKW Nord GuD Nord","11WD8LEIP5X----6","Fossil Gas","11WD8LEIP5X----6","15/04/2026 07:00 - 15/04/2026 08:00","81.67",""
"15/04/2026 00:00 - 16/04/2026 00:00","CTA|DE(50Hertz)","HKW Nord GuD Nord","11WD8LEIP5X----6","Fossil Gas","11WD8LEIP5X----6","15/04/2026 08:00 - 15/04/2026 09:00","80.45",""
"15/04/2026 00:00 - 16/04/2026 00:00","CTA|DE(50Hertz)","HKW Nord GuD Nord","11WD8LEIP5X----6","Fossil Gas","11WD8LEIP5X----6","15/04/2026 09:00 - 15/04/2026 10:00","77.17",""
"15/04/2026 00:00 - 16/04/2026 00:00","CTA|DE(50Hertz)","HKW Nord GuD Nord","11WD8LEIP5X----6","Fossil Gas","11WD8LEIP5X----6","15/04/2026 10:00 - 15/04/2026 11:00","62.00",""
"15/04/2026 00:00 - 16/04/2026 00:00","CTA|DE(50Hertz)","HKW Nord GuD Nord","11WD8LEIP5X----6","Fossil Gas","11WD8LEIP5X----6","15/04/2026 11:00 - 15/04/2026 12:00","26.35",""
"15/04/2026 00:00 - 16/04/2026 00:00","CTA|DE(50Hertz)","HKW Nord GuD Nord","11WD8LEIP5X----6","Fossil Gas","11WD8LEIP5X----6","15/04/2026 12:00 - 15/04/2026 13:00","19.85",""
"15/04/2026 00:00 - 16/04/2026 00:00","CTA|DE(50Hertz)","HKW Nord GuD Nord","11WD8LEIP5X----6","Fossil Gas","11WD8LEIP5X----6","15/04/2026 13:00 - 15/04/2026 14:00","19.10",""
"15/04/2026 00:00 - 16/04/2026 00:00","CTA|DE(50Hertz)","HKW Nord GuD Nord","11WD8LEIP5X----6","Fossil Gas","11WD8LEIP5X----6","15/04/2026 14:00 - 15/04/2026 15:00","20.82",""
"15/04/2026 00:00 - 16/04/2026 00:00","CTA|DE(50Hertz)","HKW Nord GuD Nord","11WD8LEIP5X----6","Fossil Gas","11WD8LEIP5X----6","15/04/2026 15:00 - 15/04/2026 16:00","20.98",""
"15/04/2026 00:00 - 16/04/2026 00:00","CTA|DE(50Hertz)","HKW Nord GuD Nord","11WD8LEIP5X----6","Fossil Gas","11WD8LEIP5X----6","15/04/2026 16:00 - 15/04/2026 17:00","19.95",""
"15/04/2026 00:00 - 16/04/2026 00:00","CTA|DE(50Hertz)","HKW Nord GuD Nord","11WD8LEIP5X----6","Fossil Gas","11WD8LEIP5X----6","15/04/2026 17:00 - 15/04/2026 18:00","36.02",""
"15/04/2026 00:00 - 16/04/2026 00:00","CTA|DE(50Hertz)","HKW Nord GuD Nord","11WD8LEIP5X----6","Fossil Gas","11WD8LEIP5X----6","15/04/2026 18:00 - 15/04/2026 19:00","73.53",""
"15/04/2026 00:00 - 16/04/2026 00:00","CTA|DE(50Hertz)","HKW Nord GuD Nord","11WD8LEIP5X----6","Fossil Gas","11WD8LEIP5X----6","15/04/2026 19:00 - 15/04/2026 20:00","128.32",""
"15/04/2026 00:00 - 16/04/2026 00:00","CTA|DE(50Hertz)","HKW Nord GuD Nord","11WD8LEIP5X----6","Fossil Gas","11WD8LEIP5X----6","15/04/2026 20:00 - 15/04/2026 21:00","139.25",""
"15/04/2026 00:00 - 16/04/2026 00:00","CTA|DE(50Hertz)","HKW Nord GuD Nord","11WD8LEIP5X----6","Fossil Gas","11WD8LEIP5X----6","15/04/2026 21:00 - 15/04/2026 22:00","101.00",""
"15/04/2026 00:00 - 16/04/2026 00:00","CTA|DE(50Hertz)","HKW Nord GuD Nord","11WD8LEIP5X----6","Fossil Gas","11WD8LEIP5X----6","15/04/2026 22:00 - 15/04/2026 23:00","75.83",""
"15/04/2026 00:00 - 16/04/2026 00:00","CTA|DE(50Hertz)","HKW Nord GuD Nord","11WD8LEIP5X----6","Fossil Gas","11WD8LEIP5X----6","15/04/2026 23:00 - 16/04/2026 00:00","75.00",""
"15/04/2026 00:00 - 16/04/2026 00:00","CTA|DE(50Hertz)","KW Lippendorf Block R","11WD8LIPD1L---R6","Fossil Brown coal/Lignite","11WD8LIPD1L---R6","15/04/2026 00:00 - 15/04/2026 01:00","861.00",""
"15/04/2026 00:00 - 16/04/2026 00:00","CTA|DE(50Hertz)","KW Lippendorf Block R","11WD8LIPD1L---R6","Fossil Brown coal/Lignite","11WD8LIPD1L---R6","15/04/2026 01:00 - 15/04/2026 02:00","863.00",""
"15/04/2026 00:00 - 16/04/2026 00:00","CTA|DE(50Hertz)","KW Lippendorf Block R","11WD8LIPD1L---R6","Fossil Brown coal/Lignite","11WD8LIPD1L---R6","15/04/2026 02:00 - 15/04/2026 03:00","862.00",""
"15/04/2026 00:00 - 16/04/2026 00:00","CTA|DE(50Hertz)","KW Lippendorf Block R","11WD8LIPD1L---R6","Fossil Brown coal/Lignite","11WD8LIPD1L---R6","15/04/2026 03:00 - 15/04/2026 04:00","863.75",""
"15/04/2026 00:00 - 16/04/2026 00:00","CTA|DE(50Hertz)","KW Lippendorf Block R","11WD8LIPD1L---R6","Fossil Brown coal/Lignite","11WD8LIPD1L---R6","15/04/2026 04:00 - 15/04/2026 05:00","860.75",""
"15/04/2026 00:00 - 16/04/2026 00:00","CTA|DE(50Hertz)","KW Lippendorf Block R","11WD8LIPD1L---R6","Fossil Brown coal/Lignite","11WD8LIPD1L---R6","15/04/2026 05:00 - 15/04/2026 06:00","868.00",""
"15/04/2026 00:00 - 16/04/2026 00:00","CTA|DE(50Hertz)","KW Lippendorf Block R","11WD8LIPD1L---R6","Fossil Brown coal/Lignite","11WD8LIPD1L---R6","15/04/2026 06:00 - 15/04/2026 07:00","871.50",""
"15/04/2026 00:00 - 16/04/2026 00:00","CTA|DE(50Hertz)","KW Lippendorf Block R","11WD8LIPD1L---R6","Fossil Brown coal/Lignite","11WD8LIPD1L---R6","15/04/2026 07:00 - 15/04/2026 08:00","873.75",""
"15/04/2026 00:00 - 16/04/2026 00:00","CTA|DE(50Hertz)","KW Lippendorf Block R","11WD8LIPD1L---R6","Fossil Brown coal/Lignite","11WD8LIPD1L---R6","15/04/2026 08:00 - 15/04/2026 09:00","872.25",""
"15/04/2026 00:00 - 16/04/2026 00:00","CTA|DE(50Hertz)","KW Lippendorf Block R","11WD8LIPD1L---R6","Fossil Brown coal/Lignite","11WD8LIPD1L---R6","15/04/2026 09:00 - 15/04/2026 10:00","862.75",""
"15/04/2026 00:00 - 16/04/2026 00:00","CTA|DE(50Hertz)","KW Lippendorf Block R","11WD8LIPD1L---R6","Fossil Brown coal/Lignite","11WD8LIPD1L---R6","15/04/2026 10:00 - 15/04/2026 11:00","855.75",""
"15/04/2026 00:00 - 16/04/2026 00:00","CTA|DE(50Hertz)","KW Lippendorf Block R","11WD8LIPD1L---R6","Fossil Brown coal/Lignite","11WD8LIPD1L---R6","15/04/2026 11:00 - 15/04/2026 12:00","493.75",""
"15/04/2026 00:00 - 16/04/2026 00:00","CTA|DE(50Hertz)","KW Lippendorf Block R","11WD8LIPD1L---R6","Fossil Brown coal/Lignite","11WD8LIPD1L---R6","15/04/2026 12:00 - 15/04/2026 13:00","319.50",""
"15/04/2026 00:00 - 16/04/2026 00:00","CTA|DE(50Hertz)","KW Lippendorf Block R","11WD8LIPD1L---R6","Fossil Brown coal/Lignite","11WD8LIPD1L---R6","15/04/2026 13:00 - 15/04/2026 14:00","287.50",""
"15/04/2026 00:00 - 16/04/2026 00:00","CTA|DE(50Hertz)","KW Lippendorf Block R","11WD8LIPD1L---R6","Fossil Brown coal/Lignite","11WD8LIPD1L---R6","15/04/2026 14:00 - 15/04/2026 15:00","346.50",""
"15/04/2026 00:00 - 16/04/2026 00:00","CTA|DE(50Hertz)","KW Lippendorf Block R","11WD8LIPD1L---R6","Fossil Brown coal/Lignite","11WD8LIPD1L---R6","15/04/2026 15:00 - 15/04/2026 16:00","504.75",""
"15/04/2026 00:00 - 16/04/2026 00:00","CTA|DE(50Hertz)","KW Lippendorf Block R","11WD8LIPD1L---R6","Fossil Brown coal/Lignite","11WD8LIPD1L---R6","15/04/2026 16:00 - 15/04/2026 17:00","852.75",""
"15/04/2026 00:00 - 16/04/2026 00:00","CTA|DE(50Hertz)","KW Lippendorf Block R","11WD8LIPD1L---R6","Fossil Brown coal/Lignite","11WD8LIPD1L---R6","15/04/2026 17:00 - 15/04/2026 18:00","866.25",""
"15/04/2026 00:00 - 16/04/2026 00:00","CTA|DE(50Hertz)","KW Lippendorf Block R","11WD8LIPD1L---R6","Fossil Brown coal/Lignite","11WD8LIPD1L---R6","15/04/2026 18:00 - 15/04/2026 19:00","862.75",""
"15/04/2026 00:00 - 16/04/2026 00:00","CTA|DE(50Hertz)","KW Lippendorf Block R","11WD8LIPD1L---R6","Fossil Brown coal/Lignite","11WD8LIPD1L---R6","15/04/2026 19:00 - 15/04/2026 20:00","869.50",""
"15/04/2026 00:00 - 16/04/2026 00:00","CTA|DE(50Hertz)","KW Lippendorf Block R","11WD8LIPD1L---R6","Fossil Brown coal/Lignite","11WD8LIPD1L---R6","15/04/2026 20:00 - 15/04/2026 21:00","869.75",""
"15/04/2026 00:00 - 16/04/2026 00:00","CTA|DE(50Hertz)","KW Lippendorf Block R","11WD8LIPD1L---R6","Fossil Brown coal/Lignite","11WD8LIPD1L---R6","15/04/2026 21:00 - 15/04/2026 22:00","868.25",""
"15/04/2026 00:00 - 16/04/2026 00:00","CTA|DE(50Hertz)","KW Lippendorf Block R","11WD8LIPD1L---R6","Fossil Brown coal/Lignite","11WD8LIPD1L---R6","15/04/2026 22:00 - 15/04/2026 23:00","868.25",""
"15/04/2026 00:00 - 16/04/2026 00:00","CTA|DE(50Hertz)","KW Lippendorf Block R","11WD8LIPD1L---R6","Fossil Brown coal/Lignite","11WD8LIPD1L---R6","15/04/2026 23:00 - 16/04/2026 00:00","866.50",""
"15/04/2026 00:00 - 16/04/2026 00:00","CTA|DE(50Hertz)","KW Lippendorf Block S","11WD8LIPD1L---S4","Fossil Brown coal/Lignite","11WD8LIPD1L---S4","15/04/2026 00:00 - 15/04/2026 01:00","553.00",""
"15/04/2026 00:00 - 16/04/2026 00:00","CTA|DE(50Hertz)","KW Lippendorf Block S","11WD8LIPD1L---S4","Fossil Brown coal/Lignite","11WD8LIPD1L---S4","15/04/2026 01:00 - 15/04/2026 02:00","824.50",""
"15/04/2026 00:00 - 16/04/2026 00:00","CTA|DE(50Hertz)","KW Lippendorf Block S","11WD8LIPD1L---S4","Fossil Brown coal/Lignite","11WD8LIPD1L---S4","15/04/2026 02:00 - 15/04/2026 03:00","856.75",""
"15/04/2026 00:00 - 16/04/2026 00:00","CTA|DE(50Hertz)","KW Lippendorf Block S","11WD8LIPD1L---S4","Fossil Brown coal/Lignite","11WD8LIPD1L---S4","15/04/2026 03:00 - 15/04/2026 04:00","853.75",""
"15/04/2026 00:00 - 16/04/2026 00:00","CTA|DE(50Hertz)","KW Lippendorf Block S","11WD8LIPD1L---S4","Fossil Brown coal/Lignite","11WD8LIPD1L---S4","15/04/2026 04:00 - 15/04/2026 05:00","856.75",""
"15/04/2026 00:00 - 16/04/2026 00:00","CTA|DE(50Hertz)","KW Lippendorf Block S","11WD8LIPD1L---S4","Fossil Brown coal/Lignite","11WD8LIPD1L---S4","15/04/2026 05:00 - 15/04/2026 06:00","858.50",""
"15/04/2026 00:00 - 16/04/2026 00:00","CTA|DE(50Hertz)","KW Lippendorf Block S","11WD8LIPD1L---S4","Fossil Brown coal/Lignite","11WD8LIPD1L---S4","15/04/2026 06:00 - 15/04/2026 07:00","864.25",""
"15/04/2026 00:00 - 16/04/2026 00:00","CTA|DE(50Hertz)","KW Lippendorf Block S","11WD8LIPD1L---S4","Fossil Brown coal/Lignite","11WD8LIPD1L---S4","15/04/2026 07:00 - 15/04/2026 08:00","864.00",""
"15/04/2026 00:00 - 16/04/2026 00:00","CTA|DE(50Hertz)","KW Lippendorf Block S","11WD8LIPD1L---S4","Fossil Brown coal/Lignite","11WD8LIPD1L---S4","15/04/2026 08:00 - 15/04/2026 09:00","866.25",""
"15/04/2026 00:00 - 16/04/2026 00:00","CTA|DE(50Hertz)","KW Lippendorf Block S","11WD8LIPD1L---S4","Fossil Brown coal/Lignite","11WD8LIPD1L---S4","15/04/2026 09:00 - 15/04/2026 10:00","854.50",""
"15/04/2026 00:00 - 16/04/2026 00:00","CTA|DE(50Hertz)","KW Lippendorf Block S","11WD8LIPD1L---S4","Fossil Brown coal/Lignite","11WD8LIPD1L---S4","15/04/2026 10:00 - 15/04/2026 11:00","851.50",""
"15/04/2026 00:00 - 16/04/2026 00:00","CTA|DE(50Hertz)","KW Lippendorf Block S","11WD8LIPD1L---S4","Fossil Brown coal/Lignite","11WD8LIPD1L---S4","15/04/2026 11:00 - 15/04/2026 12:00","480.50",""
"15/04/2026 00:00 - 16/04/2026 00:00","CTA|DE(50Hertz)","KW Lippendorf Block S","11WD8LIPD1L---S4","Fossil Brown coal/Lignite","11WD8LIPD1L---S4","15/04/2026 12:00 - 15/04/2026 13:00","312.00",""
"15/04/2026 00:00 - 16/04/2026 00:00","CTA|DE(50Hertz)","KW Lippendorf Block S","11WD8LIPD1L---S4","Fossil Brown coal/Lignite","11WD8LIPD1L---S4","15/04/2026 13:00 - 15/04/2026 14:00","278.00",""
"15/04/2026 00:00 - 16/04/2026 00:00","CTA|DE(50Hertz)","KW Lippendorf Block S","11WD8LIPD1L---S4","Fossil Brown coal/Lignite","11WD8LIPD1L---S4","15/04/2026 14:00 - 15/04/2026 15:00","289.50",""
"15/04/2026 00:00 - 16/04/2026 00:00","CTA|DE(50Hertz)","KW Lippendorf Block S","11WD8LIPD1L---S4","Fossil Brown coal/Lignite","11WD8LIPD1L---S4","15/04/2026 15:00 - 15/04/2026 16:00","519.25",""
"15/04/2026 00:00 - 16/04/2026 00:00","CTA|DE(50Hertz)","KW Lippendorf Block S","11WD8LIPD1L---S4","Fossil Brown coal/Lignite","11WD8LIPD1L---S4","15/04/2026 16:00 - 15/04/2026 17:00","850.25",""
"15/04/2026 00:00 - 16/04/2026 00:00","CTA|DE(50Hertz)","KW Lippendorf Block S","11WD8LIPD1L---S4","Fossil Brown coal/Lignite","11WD8LIPD1L---S4","15/04/2026 17:00 - 15/04/2026 18:00","855.25",""
"15/04/2026 00:00 - 16/04/2026 00:00","CTA|DE(50Hertz)","KW Lippendorf Block S","11WD8LIPD1L---S4","Fossil Brown coal/Lignite","11WD8LIPD1L---S4","15/04/2026 18:00 - 15/04/2026 19:00","854.25",""
"15/04/2026 00:00 - 16/04/2026 00:00","CTA|DE(50Hertz)","KW Lippendorf Block S","11WD8LIPD1L---S4","Fossil Brown coal/Lignite","11WD8LIPD1L---S4","15/04/2026 19:00 - 15/04/2026 20:00","864.00",""
"15/04/2026 00:00 - 16/04/2026 00:00","CTA|DE(50Hertz)","KW Lippendorf Block S","11WD8LIPD1L---S4","Fossil Brown coal/Lignite","11WD8LIPD1L---S4","15/04/2026 20:00 - 15/04/2026 21:00","864.50",""
"15/04/2026 00:00 - 16/04/2026 00:00","CTA|DE(50Hertz)","KW Lippendorf Block S","11WD8LIPD1L---S4","Fossil Brown coal/Lignite","11WD8LIPD1L---S4","15/04/2026 21:00 - 15/04/2026 22:00","864.00",""
"15/04/2026 00:00 - 16/04/2026 00:00","CTA|DE(50Hertz)","KW Lippendorf Block S","11WD8LIPD1L---S4","Fossil Brown coal/Lignite","11WD8LIPD1L---S4","15/04/2026 22:00 - 15/04/2026 23:00","862.50",""
"15/04/2026 00:00 - 16/04/2026 00:00","CTA|DE(50Hertz)","KW Lippendorf Block S","11WD8LIPD1L---S4","Fossil Brown coal/Lignite","11WD8LIPD1L---S4","15/04/2026 23:00 - 16/04/2026 00:00","857.75",""
"15/04/2026 00:00 - 16/04/2026 00:00","CTA|DE(50Hertz)","PSW Markersbach PSS A","11WD8MARK1H---AM","Hydro Pumped Storage","11WD8MARK1H---AM","15/04/2026 00:00 - 15/04/2026 01:00","0.00",""
"15/04/2026 00:00 - 16/04/2026 00:00","CTA|DE(50Hertz)","PSW Markersbach PSS A","11WD8MARK1H---AM","Hydro Pumped Storage","11WD8MARK1H---AM","15/04/2026 01:00 - 15/04/2026 02:00","0.00",""
"15/04/2026 00:00 - 16/04/2026 00:00","CTA|DE(50Hertz)","PSW Markersbach PSS A","11WD8MARK1H---AM","Hydro Pumped Storage","11WD8MARK1H---AM","15/04/2026 02:00 - 15/04/2026 03:00","0.00",""
"15/04/2026 00:00 - 16/04/2026 00:00","CTA|DE(50Hertz)","PSW Markersbach PSS A","11WD8MARK1H---AM","Hydro Pumped Storage","11WD8MARK1H---AM","15/04/2026 03:00 - 15/04/2026 04:00","0.00",""
"15/04/2026 00:00 - 16/04/2026 00:00","CTA|DE(50Hertz)","PSW Markersbach PSS A","11WD8MARK1H---AM","Hydro Pumped Storage","11WD8MARK1H---AM","15/04/2026 04:00 - 15/04/2026 05:00","0.00",""
"15/04/2026 00:00 - 16/04/2026 00:00","CTA|DE(50Hertz)","PSW Markersbach PSS A","11WD8MARK1H---AM","Hydro Pumped Storage","11WD8MARK1H---AM","15/04/2026 05:00 - 15/04/2026 06:00","20.25",""
"15/04/2026 00:00 - 16/04/2026 00:00","CTA|DE(50Hertz)","PSW Markersbach PSS A","11WD8MARK1H---AM","Hydro Pumped Storage","11WD8MARK1H---AM","15/04/2026 06:00 - 15/04/2026 07:00","43.00",""
"15/04/2026 00:00 - 16/04/2026 00:00","CTA|DE(50Hertz)","PSW Markersbach PSS A","11WD8MARK1H---AM","Hydro Pumped Storage","11WD8MARK1H---AM","15/04/2026 07:00 - 15/04/2026 08:00","0.00",""
"15/04/2026 00:00 - 16/04/2026 00:00","CTA|DE(50Hertz)","PSW Markersbach PSS A","11WD8MARK1H---AM","Hydro Pumped Storage","11WD8MARK1H---AM","15/04/2026 08:00 - 15/04/2026 09:00","101.25",""
"15/04/2026 00:00 - 16/04/2026 00:00","CTA|DE(50Hertz)","PSW Markersbach PSS A","11WD8MARK1H---AM","Hydro Pumped Storage","11WD8MARK1H---AM","15/04/2026 09:00 - 15/04/2026 10:00","22.00",""
"15/04/2026 00:00 - 16/04/2026 00:00","CTA|DE(50Hertz)","PSW Markersbach PSS A","11WD8MARK1H---AM","Hydro Pumped Storage","11WD8MARK1H---AM","15/04/2026 10:00 - 15/04/2026 11:00","0.00",""
"15/04/2026 00:00 - 16/04/2026 00:00","CTA|DE(50Hertz)","PSW Markersbach PSS A","11WD8MARK1H---AM","Hydro Pumped Storage","11WD8MARK1H---AM","15/04/2026 11:00 - 15/04/2026 12:00","0.00",""
"15/04/2026 00:00 - 16/04/2026 00:00","CTA|DE(50Hertz)","PSW Markersbach PSS A","11WD8MARK1H---AM","Hydro Pumped Storage","11WD8MARK1H---AM","15/04/2026 12:00 - 15/04/2026 13:00","0.00",""
"15/04/2026 00:00 - 16/04/2026 00:00","CTA|DE(50Hertz)","PSW Markersbach PSS A","11WD8MARK1H---AM","Hydro Pumped Storage","11WD8MARK1H---AM","15/04/2026 13:00 - 15/04/2026 14:00","0.00",""
"15/04/2026 00:00 - 16/04/2026 00:00","CTA|DE(50Hertz)","PSW Markersbach PSS A","11WD8MARK1H---AM","Hydro Pumped Storage","11WD8MARK1H---AM","15/04/2026 14:00 - 15/04/2026 15:00","0.00",""
"15/04/2026 00:00 - 16/04/2026 00:00","CTA|DE(50Hertz)","PSW Markersbach PSS A","11WD8MARK1H---AM","Hydro Pumped Storage","11WD8MARK1H---AM","15/04/2026 15:00 - 15/04/2026 16:00","0.00",""
"15/04/2026 00:00 - 16/04/2026 00:00","CTA|DE(50Hertz)","PSW Markersbach PSS A","11WD8MARK1H---AM","Hydro Pumped Storage","11WD8MARK1H---AM","15/04/2026 16:00 - 15/04/2026 17:00","0.00",""
"15/04/2026 00:00 - 16/04/2026 00:00","CTA|DE(50Hertz)","PSW Markersbach PSS A","11WD8MARK1H---AM","Hydro Pumped Storage","11WD8MARK1H---AM","15/04/2026 17:00 - 15/04/2026 18:00","40.00",""
"15/04/2026 00:00 - 16/04/2026 00:00","CTA|DE(50Hertz)","PSW Markersbach PSS A","11WD8MARK1H---AM","Hydro Pumped Storage","11WD8MARK1H---AM","15/04/2026 18:00 - 15/04/2026 19:00","124.00",""
"15/04/2026 00:00 - 16/04/2026 00:00","CTA|DE(50Hertz)","PSW Markersbach PSS A","11WD8MARK1H---AM","Hydro Pumped Storage","11WD8MARK1H---AM","15/04/2026 19:00 - 15/04/2026 20:00","166.75",""
"15/04/2026 00:00 - 16/04/2026 00:00","CTA|DE(50Hertz)","PSW Markersbach PSS A","11WD8MARK1H---AM","Hydro Pumped Storage","11WD8MARK1H---AM","15/04/2026 20:00 - 15/04/2026 21:00","163.25",""
"15/04/2026 00:00 - 16/04/2026 00:00","CTA|DE(50Hertz)","PSW Markersbach PSS A","11WD8MARK1H---AM","Hydro Pumped Storage","11WD8MARK1H---AM","15/04/2026 21:00 - 15/04/2026 22:00","144.75",""
"15/04/2026 00:00 - 16/04/2026 00:00","CTA|DE(50Hertz)","PSW Markersbach PSS A","11WD8MARK1H---AM","Hydro Pumped Storage","11WD8MARK1H---AM","15/04/2026 22:00 - 15/04/2026 23:00","78.75",""
"15/04/2026 00:00 - 16/04/2026 00:00","CTA|DE(50Hertz)","PSW Markersbach PSS A","11WD8MARK1H---AM","Hydro Pumped Storage","11WD8MARK1H---AM","15/04/2026 23:00 - 16/04/2026 00:00","0.00",""
"15/04/2026 00:00 - 16/04/2026 00:00","CTA|DE(50Hertz)","PSW Markersbach PSS B","11WD8MARK1H---BK","Hydro Pumped Storage","11WD8MARK1H---BK","15/04/2026 00:00 - 15/04/2026 01:00","0.00",""
"15/04/2026 00:00 - 16/04/2026 00:00","CTA|DE(50Hertz)","PSW Markersbach PSS B","11WD8MARK1H---BK","Hydro Pumped Storage","11WD8MARK1H---BK","15/04/2026 01:00 - 15/04/2026 02:00","0.00",""
"15/04/2026 00:00 - 16/04/2026 00:00","CTA|DE(50Hertz)","PSW Markersbach PSS B","11WD8MARK1H---BK","Hydro Pumped Storage","11WD8MARK1H---BK","15/04/2026 02:00 - 15/04/2026 03:00","0.00",""
"15/04/2026 00:00 - 16/04/2026 00:00","CTA|DE(50Hertz)","PSW Markersbach PSS B","11WD8MARK1H---BK","Hydro Pumped Storage","11WD8MARK1H---BK","15/04/2026 03:00 - 15/04/2026 04:00","0.00",""
"15/04/2026 00:00 - 16/04/2026 00:00","CTA|DE(50Hertz)","PSW Markersbach PSS B","11WD8MARK1H---BK","Hydro Pumped Storage","11WD8MARK1H---BK","15/04/2026 04:00 - 15/04/2026 05:00","0.00",""
"15/04/2026 00:00 - 16/04/2026 00:00","CTA|DE(50Hertz)","PSW Markersbach PSS B","11WD8MARK1H---BK","Hydro Pumped Storage","11WD8MARK1H---BK","15/04/2026 05:00 - 15/04/2026 06:00","0.00",""
"15/04/2026 00:00 - 16/04/2026 00:00","CTA|DE(50Hertz)","PSW Markersbach PSS B","11WD8MARK1H---BK","Hydro Pumped Storage","11WD8MARK1H---BK","15/04/2026 06:00 - 15/04/2026 07:00","0.00",""
"15/04/2026 00:00 - 16/04/2026 00:00","CTA|DE(50Hertz)","PSW Markersbach PSS B","11WD8MARK1H---BK","Hydro Pumped Storage","11WD8MARK1H---BK","15/04/2026 07:00 - 15/04/2026 08:00","0.00",""
"15/04/2026 00:00 - 16/04/2026 00:00","CTA|DE(50Hertz)","PSW Markersbach PSS B","11WD8MARK1H---BK","Hydro Pumped Storage","11WD8MARK1H---BK","15/04/2026 08:00 - 15/04/2026 09:00","0.00",""
"15/04/2026 00:00 - 16/04/2026 00:00","CTA|DE(50Hertz)","PSW Markersbach PSS B","11WD8MARK1H---BK","Hydro Pumped Storage","11WD8MARK1H---BK","15/04/2026 09:00 - 15/04/2026 10:00","0.00",""
"15/04/2026 00:00 - 16/04/2026 00:00","CTA|DE(50Hertz)","PSW Markersbach PSS B","11WD8MARK1H---BK","Hydro Pumped Storage","11WD8MARK1H---BK","15/04/2026 10:00 - 15/04/2026 11:00","0.00",""
"15/04/2026 00:00 - 16/04/2026 00:00","CTA|DE(50Hertz)","PSW Markersbach PSS B","11WD8MARK1H---BK","Hydro Pumped Storage","11WD8MARK1H---BK","15/04/2026 11:00 - 15/04/2026 12:00","0.00",""
"15/04/2026 00:00 - 16/04/2026 00:00","CTA|DE(50Hertz)","PSW Markersbach PSS B","11WD8MARK1H---BK","Hydro Pumped Storage","11WD8MARK1H---BK","15/04/2026 12:00 - 15/04/2026 13:00","0.00",""
"15/04/2026 00:00 - 16/04/2026 00:00","CTA|DE(50Hertz)","PSW Markersbach PSS B","11WD8MARK1H---BK","Hydro Pumped Storage","11WD8MARK1H---BK","15/04/2026 13:00 - 15/04/2026 14:00","0.00",""
"15/04/2026 00:00 - 16/04/2026 00:00","CTA|DE(50Hertz)","PSW Markersbach PSS B","11WD8MARK1H---BK","Hydro Pumped Storage","11WD8MARK1H---BK","15/04/2026 14:00 - 15/04/2026 15:00","0.00",""
"15/04/2026 00:00 - 16/04/2026 00:00","CTA|DE(50Hertz)","PSW Markersbach PSS B","11WD8MARK1H---BK","Hydro Pumped Storage","11WD8MARK1H---BK","15/04/2026 15:00 - 15/04/2026 16:00","0.00",""
"15/04/2026 00:00 - 16/04/2026 00:00","CTA|DE(50Hertz)","PSW Markersbach PSS B","11WD8MARK1H---BK","Hydro Pumped Storage","11WD8MARK1H---BK","15/04/2026 16:00 - 15/04/2026 17:00","0.00",""
"15/04/2026 00:00 - 16/04/2026 00:00","CTA|DE(50Hertz)","PSW Markersbach PSS B","11WD8MARK1H---BK","Hydro Pumped Storage","11WD8MARK1H---BK","15/04/2026 17:00 - 15/04/2026 18:00","0.00",""
"15/04/2026 00:00 - 16/04/2026 00:00","CTA|DE(50Hertz)","PSW Markersbach PSS B","11WD8MARK1H---BK","Hydro Pumped Storage","11WD8MARK1H---BK","15/04/2026 18:00 - 15/04/2026 19:00","0.00",""
"15/04/2026 00:00 - 16/04/2026 00:00","CTA|DE(50Hertz)","PSW Markersbach PSS B","11WD8MARK1H---BK","Hydro Pumped Storage","11WD8MARK1H---BK","15/04/2026 19:00 - 15/04/2026 20:00","0.00",""
"15/04/2026 00:00 - 16/04/2026 00:00","CTA|DE(50Hertz)","PSW Markersbach PSS B","11WD8MARK1H---BK","Hydro Pumped Storage","11WD8MARK1H---BK","15/04/2026 20:00 - 15/04/2026 21:00","0.00",""
"15/04/2026 00:00 - 16/04/2026 00:00","CTA|DE(50Hertz)","PSW Markersbach PSS B","11WD8MARK1H---BK","Hydro Pumped Storage","11WD8MARK1H---BK","15/04/2026 21:00 - 15/04/2026 22:00","0.00",""
"15/04/2026 00:00 - 16/04/2026 00:00","CTA|DE(50Hertz)","PSW Markersbach PSS B","11WD8MARK1H---BK","Hydro Pumped Storage","11WD8MARK1H---BK","15/04/2026 22:00 - 15/04/2026 23:00","0.00",""
"15/04/2026 00:00 - 16/04/2026 00:00","CTA|DE(50Hertz)","PSW Markersbach PSS B","11WD8MARK1H---BK","Hydro Pumped Storage","11WD8MARK1H---BK","15/04/2026 23:00 - 16/04/2026 00:00","0.00",""
"15/04/2026 00:00 - 16/04/2026 00:00","CTA|DE(50Hertz)","PSW Markersbach PSS C","11WD8MARK1H---CI","Hydro Pumped Storage","11WD8MARK1H---CI","15/04/2026 00:00 - 15/04/2026 01:00","0.00",""
"15/04/2026 00:00 - 16/04/2026 00:00","CTA|DE(50Hertz)","PSW Markersbach PSS C","11WD8MARK1H---CI","Hydro Pumped Storage","11WD8MARK1H---CI","15/04/2026 01:00 - 15/04/2026 02:00","0.00",""
"15/04/2026 00:00 - 16/04/2026 00:00","CTA|DE(50Hertz)","PSW Markersbach PSS C","11WD8MARK1H---CI","Hydro Pumped Storage","11WD8MARK1H---CI","15/04/2026 02:00 - 15/04/2026 03:00","0.00",""
"15/04/2026 00:00 - 16/04/2026 00:00","CTA|DE(50Hertz)","PSW Markersbach PSS C","11WD8MARK1H---CI","Hydro Pumped Storage","11WD8MARK1H---CI","15/04/2026 03:00 - 15/04/2026 04:00","0.00",""
"15/04/2026 00:00 - 16/04/2026 00:00","CTA|DE(50Hertz)","PSW Markersbach PSS C","11WD8MARK1H---CI","Hydro Pumped Storage","11WD8MARK1H---CI","15/04/2026 04:00 - 15/04/2026 05:00","0.00",""
"15/04/2026 00:00 - 16/04/2026 00:00","CTA|DE(50Hertz)","PSW Markersbach PSS C","11WD8MARK1H---CI","Hydro Pumped Storage","11WD8MARK1H---CI","15/04/2026 05:00 - 15/04/2026 06:00","0.75",""
"15/04/2026 00:00 - 16/04/2026 00:00","CTA|DE(50Hertz)","PSW Markersbach PSS C","11WD8MARK1H---CI","Hydro Pumped Storage","11WD8MARK1H---CI","15/04/2026 06:00 - 15/04/2026 07:00","113.25",""
"15/04/2026 00:00 - 16/04/2026 00:00","CTA|DE(50Hertz)","PSW Markersbach PSS C","11WD8MARK1H---CI","Hydro Pumped Storage","11WD8MARK1H---CI","15/04/2026 07:00 - 15/04/2026 08:00","139.25",""
"15/04/2026 00:00 - 16/04/2026 00:00","CTA|DE(50Hertz)","PSW Markersbach PSS C","11WD8MARK1H---CI","Hydro Pumped Storage","11WD8MARK1H---CI","15/04/2026 08:00 - 15/04/2026 09:00","37.75",""
"15/04/2026 00:00 - 16/04/2026 00:00","CTA|DE(50Hertz)","PSW Markersbach PSS C","11WD8MARK1H---CI","Hydro Pumped Storage","11WD8MARK1H---CI","15/04/2026 09:00 - 15/04/2026 10:00","0.00",""
"15/04/2026 00:00 - 16/04/2026 00:00","CTA|DE(50Hertz)","PSW Markersbach PSS C","11WD8MARK1H---CI","Hydro Pumped Storage","11WD8MARK1H---CI","15/04/2026 10:00 - 15/04/2026 11:00","0.00",""
"15/04/2026 00:00 - 16/04/2026 00:00","CTA|DE(50Hertz)","PSW Markersbach PSS C","11WD8MARK1H---CI","Hydro Pumped Storage","11WD8MARK1H---CI","15/04/2026 11:00 - 15/04/2026 12:00","0.00",""
"15/04/2026 00:00 - 16/04/2026 00:00","CTA|DE(50Hertz)","PSW Markersbach PSS C","11WD8MARK1H---CI","Hydro Pumped Storage","11WD8MARK1H---CI","15/04/2026 12:00 - 15/04/2026 13:00","0.00",""
"15/04/2026 00:00 - 16/04/2026 00:00","CTA|DE(50Hertz)","PSW Markersbach PSS C","11WD8MARK1H---CI","Hydro Pumped Storage","11WD8MARK1H---CI","15/04/2026 13:00 - 15/04/2026 14:00","0.00",""
"15/04/2026 00:00 - 16/04/2026 00:00","CTA|DE(50Hertz)","PSW Markersbach PSS C","11WD8MARK1H---CI","Hydro Pumped Storage","11WD8MARK1H---CI","15/04/2026 14:00 - 15/04/2026 15:00","0.00",""
"15/04/2026 00:00 - 16/04/2026 00:00","CTA|DE(50Hertz)","PSW Markersbach PSS C","11WD8MARK1H---CI","Hydro Pumped Storage","11WD8MARK1H---CI","15/04/2026 15:00 - 15/04/2026 16:00","0.00",""
"15/04/2026 00:00 - 16/04/2026 00:00","CTA|DE(50Hertz)","PSW Markersbach PSS C","11WD8MARK1H---CI","Hydro Pumped Storage","11WD8MARK1H---CI","15/04/2026 16:00 - 15/04/2026 17:00","0.00",""
"15/04/2026 00:00 - 16/04/2026 00:00","CTA|DE(50Hertz)","PSW Markersbach PSS C","11WD8MARK1H---CI","Hydro Pumped Storage","11WD8MARK1H---CI","15/04/2026 17:00 - 15/04/2026 18:00","42.50",""
"15/04/2026 00:00 - 16/04/2026 00:00","CTA|DE(50Hertz)","PSW Markersbach PSS C","11WD8MARK1H---CI","Hydro Pumped Storage","11WD8MARK1H---CI","15/04/2026 18:00 - 15/04/2026 19:00","128.25",""
"15/04/2026 00:00 - 16/04/2026 00:00","CTA|DE(50Hertz)","PSW Markersbach PSS C","11WD8MARK1H---CI","Hydro Pumped Storage","11WD8MARK1H---CI","15/04/2026 19:00 - 15/04/2026 20:00","166.50",""
"15/04/2026 00:00 - 16/04/2026 00:00","CTA|DE(50Hertz)","PSW Markersbach PSS C","11WD8MARK1H---CI","Hydro Pumped Storage","11WD8MARK1H---CI","15/04/2026 20:00 - 15/04/2026 21:00","163.25",""
"15/04/2026 00:00 - 16/04/2026 00:00","CTA|DE(50Hertz)","PSW Markersbach PSS C","11WD8MARK1H---CI","Hydro Pumped Storage","11WD8MARK1H---CI","15/04/2026 21:00 - 15/04/2026 22:00","145.00",""
"15/04/2026 00:00 - 16/04/2026 00:00","CTA|DE(50Hertz)","PSW Markersbach PSS C","11WD8MARK1H---CI","Hydro Pumped Storage","11WD8MARK1H---CI","15/04/2026 22:00 - 15/04/2026 23:00","78.75",""
"15/04/2026 00:00 - 16/04/2026 00:00","CTA|DE(50Hertz)","PSW Markersbach PSS C","11WD8MARK1H---CI","Hydro Pumped Storage","11WD8MARK1H---CI","15/04/2026 23:00 - 16/04/2026 00:00","0.00",""
"15/04/2026 00:00 - 16/04/2026 00:00","CTA|DE(50Hertz)","PSW Markersbach PSS D","11WD8MARK1H---DG","Hydro Pumped Storage","11WD8MARK1H---DG","15/04/2026 00:00 - 15/04/2026 01:00","0.00",""
"15/04/2026 00:00 - 16/04/2026 00:00","CTA|DE(50Hertz)","PSW Markersbach PSS D","11WD8MARK1H---DG","Hydro Pumped Storage","11WD8MARK1H---DG","15/04/2026 01:00 - 15/04/2026 02:00","0.00",""
"15/04/2026 00:00 - 16/04/2026 00:00","CTA|DE(50Hertz)","PSW Markersbach PSS D","11WD8MARK1H---DG","Hydro Pumped Storage","11WD8MARK1H---DG","15/04/2026 02:00 - 15/04/2026 03:00","0.00",""
"15/04/2026 00:00 - 16/04/2026 00:00","CTA|DE(50Hertz)","PSW Markersbach PSS D","11WD8MARK1H---DG","Hydro Pumped Storage","11WD8MARK1H---DG","15/04/2026 03:00 - 15/04/2026 04:00","0.00",""
"15/04/2026 00:00 - 16/04/2026 00:00","CTA|DE(50Hertz)","PSW Markersbach PSS D","11WD8MARK1H---DG","Hydro Pumped Storage","11WD8MARK1H---DG","15/04/2026 04:00 - 15/04/2026 05:00","0.00",""
"15/04/2026 00:00 - 16/04/2026 00:00","CTA|DE(50Hertz)","PSW Markersbach PSS D","11WD8MARK1H---DG","Hydro Pumped Storage","11WD8MARK1H---DG","15/04/2026 05:00 - 15/04/2026 06:00","0.00",""
"15/04/2026 00:00 - 16/04/2026 00:00","CTA|DE(50Hertz)","PSW Markersbach PSS D","11WD8MARK1H---DG","Hydro Pumped Storage","11WD8MARK1H---DG","15/04/2026 06:00 - 15/04/2026 07:00","55.50",""
"15/04/2026 00:00 - 16/04/2026 00:00","CTA|DE(50Hertz)","PSW Markersbach PSS D","11WD8MARK1H---DG","Hydro Pumped Storage","11WD8MARK1H---DG","15/04/2026 07:00 - 15/04/2026 08:00","126.00",""
"15/04/2026 00:00 - 16/04/2026 00:00","CTA|DE(50Hertz)","PSW Markersbach PSS D","11WD8MARK1H---DG","Hydro Pumped Storage","11WD8MARK1H---DG","15/04/2026 08:00 - 15/04/2026 09:00","35.00",""
"15/04/2026 00:00 - 16/04/2026 00:00","CTA|DE(50Hertz)","PSW Markersbach PSS D","11WD8MARK1H---DG","Hydro Pumped Storage","11WD8MARK1H---DG","15/04/2026 09:00 - 15/04/2026 10:00","0.00",""
"15/04/2026 00:00 - 16/04/2026 00:00","CTA|DE(50Hertz)","PSW Markersbach PSS D","11WD8MARK1H---DG","Hydro Pumped Storage","11WD8MARK1H---DG","15/04/2026 10:00 - 15/04/2026 11:00","0.00",""
"15/04/2026 00:00 - 16/04/2026 00:00","CTA|DE(50Hertz)","PSW Markersbach PSS D","11WD8MARK1H---DG","Hydro Pumped Storage","11WD8MARK1H---DG","15/04/2026 11:00 - 15/04/2026 12:00","0.00",""
"15/04/2026 00:00 - 16/04/2026 00:00","CTA|DE(50Hertz)","PSW Markersbach PSS D","11WD8MARK1H---DG","Hydro Pumped Storage","11WD8MARK1H---DG","15/04/2026 12:00 - 15/04/2026 13:00","0.00",""
"15/04/2026 00:00 - 16/04/2026 00:00","CTA|DE(50Hertz)","PSW Markersbach PSS D","11WD8MARK1H---DG","Hydro Pumped Storage","11WD8MARK1H---DG","15/04/2026 13:00 - 15/04/2026 14:00","0.00",""
"15/04/2026 00:00 - 16/04/2026 00:00","CTA|DE(50Hertz)","PSW Markersbach PSS D","11WD8MARK1H---DG","Hydro Pumped Storage","11WD8MARK1H---DG","15/04/2026 14:00 - 15/04/2026 15:00","0.00",""
"15/04/2026 00:00 - 16/04/2026 00:00","CTA|DE(50Hertz)","PSW Markersbach PSS D","11WD8MARK1H---DG","Hydro Pumped Storage","11WD8MARK1H---DG","15/04/2026 15:00 - 15/04/2026 16:00","0.00",""
"15/04/2026 00:00 - 16/04/2026 00:00","CTA|DE(50Hertz)","PSW Markersbach PSS D","11WD8MARK1H---DG","Hydro Pumped Storage","11WD8MARK1H---DG","15/04/2026 16:00 - 15/04/2026 17:00","0.00",""
"15/04/2026 00:00 - 16/04/2026 00:00","CTA|DE(50Hertz)","PSW Markersbach PSS D","11WD8MARK1H---DG","Hydro Pumped Storage","11WD8MARK1H---DG","15/04/2026 17:00 - 15/04/2026 18:00","0.00",""
"15/04/2026 00:00 - 16/04/2026 00:00","CTA|DE(50Hertz)","PSW Markersbach PSS D","11WD8MARK1H---DG","Hydro Pumped Storage","11WD8MARK1H---DG","15/04/2026 18:00 - 15/04/2026 19:00","103.25",""
"15/04/2026 00:00 - 16/04/2026 00:00","CTA|DE(50Hertz)","PSW Markersbach PSS D","11WD8MARK1H---DG","Hydro Pumped Storage","11WD8MARK1H---DG","15/04/2026 19:00 - 15/04/2026 20:00","166.75",""
"15/04/2026 00:00 - 16/04/2026 00:00","CTA|DE(50Hertz)","PSW Markersbach PSS D","11WD8MARK1H---DG","Hydro Pumped Storage","11WD8MARK1H---DG","15/04/2026 20:00 - 15/04/2026 21:00","163.50",""
"15/04/2026 00:00 - 16/04/2026 00:00","CTA|DE(50Hertz)","PSW Markersbach PSS D","11WD8MARK1H---DG","Hydro Pumped Storage","11WD8MARK1H---DG","15/04/2026 21:00 - 15/04/2026 22:00","144.75",""
"15/04/2026 00:00 - 16/04/2026 00:00","CTA|DE(50Hertz)","PSW Markersbach PSS D","11WD8MARK1H---DG","Hydro Pumped Storage","11WD8MARK1H---DG","15/04/2026 22:00 - 15/04/2026 23:00","78.50",""
"15/04/2026 00:00 - 16/04/2026 00:00","CTA|DE(50Hertz)","PSW Markersbach PSS D","11WD8MARK1H---DG","Hydro Pumped Storage","11WD8MARK1H---DG","15/04/2026 23:00 - 16/04/2026 00:00","0.00",""
"15/04/2026 00:00 - 16/04/2026 00:00","CTA|DE(50Hertz)","PSW Markersbach PSS E","11WD8MARK1H---EE","Hydro Pumped Storage","11WD8MARK1H---EE","15/04/2026 00:00 - 15/04/2026 01:00","0.00",""
"15/04/2026 00:00 - 16/04/2026 00:00","CTA|DE(50Hertz)","PSW Markersbach PSS E","11WD8MARK1H---EE","Hydro Pumped Storage","11WD8MARK1H---EE","15/04/2026 01:00 - 15/04/2026 02:00","0.00",""
"15/04/2026 00:00 - 16/04/2026 00:00","CTA|DE(50Hertz)","PSW Markersbach PSS E","11WD8MARK1H---EE","Hydro Pumped Storage","11WD8MARK1H---EE","15/04/2026 02:00 - 15/04/2026 03:00","0.00",""
"15/04/2026 00:00 - 16/04/2026 00:00","CTA|DE(50Hertz)","PSW Markersbach PSS E","11WD8MARK1H---EE","Hydro Pumped Storage","11WD8MARK1H---EE","15/04/2026 03:00 - 15/04/2026 04:00","0.00",""
"15/04/2026 00:00 - 16/04/2026 00:00","CTA|DE(50Hertz)","PSW Markersbach PSS E","11WD8MARK1H---EE","Hydro Pumped Storage","11WD8MARK1H---EE","15/04/2026 04:00 - 15/04/2026 05:00","0.00",""
"15/04/2026 00:00 - 16/04/2026 00:00","CTA|DE(50Hertz)","PSW Markersbach PSS E","11WD8MARK1H---EE","Hydro Pumped Storage","11WD8MARK1H---EE","15/04/2026 05:00 - 15/04/2026 06:00","0.00",""
"15/04/2026 00:00 - 16/04/2026 00:00","CTA|DE(50Hertz)","PSW Markersbach PSS E","11WD8MARK1H---EE","Hydro Pumped Storage","11WD8MARK1H---EE","15/04/2026 06:00 - 15/04/2026 07:00","48.25",""
"15/04/2026 00:00 - 16/04/2026 00:00","CTA|DE(50Hertz)","PSW Markersbach PSS E","11WD8MARK1H---EE","Hydro Pumped Storage","11WD8MARK1H---EE","15/04/2026 07:00 - 15/04/2026 08:00","113.00",""
"15/04/2026 00:00 - 16/04/2026 00:00","CTA|DE(50Hertz)","PSW Markersbach PSS E","11WD8MARK1H---EE","Hydro Pumped Storage","11WD8MARK1H---EE","15/04/2026 08:00 - 15/04/2026 09:00","25.00",""
"15/04/2026 00:00 - 16/04/2026 00:00","CTA|DE(50Hertz)","PSW Markersbach PSS E","11WD8MARK1H---EE","Hydro Pumped Storage","11WD8MARK1H---EE","15/04/2026 09:00 - 15/04/2026 10:00","0.00",""
"15/04/2026 00:00 - 16/04/2026 00:00","CTA|DE(50Hertz)","PSW Markersbach PSS E","11WD8MARK1H---EE","Hydro Pumped Storage","11WD8MARK1H---EE","15/04/2026 10:00 - 15/04/2026 11:00","0.00",""
"15/04/2026 00:00 - 16/04/2026 00:00","CTA|DE(50Hertz)","PSW Markersbach PSS E","11WD8MARK1H---EE","Hydro Pumped Storage","11WD8MARK1H---EE","15/04/2026 11:00 - 15/04/2026 12:00","0.00",""
"15/04/2026 00:00 - 16/04/2026 00:00","CTA|DE(50Hertz)","PSW Markersbach PSS E","11WD8MARK1H---EE","Hydro Pumped Storage","11WD8MARK1H---EE","15/04/2026 12:00 - 15/04/2026 13:00","0.00",""
"15/04/2026 00:00 - 16/04/2026 00:00","CTA|DE(50Hertz)","PSW Markersbach PSS E","11WD8MARK1H---EE","Hydro Pumped Storage","11WD8MARK1H---EE","15/04/2026 13:00 - 15/04/2026 14:00","0.00",""
"15/04/2026 00:00 - 16/04/2026 00:00","CTA|DE(50Hertz)","PSW Markersbach PSS E","11WD8MARK1H---EE","Hydro Pumped Storage","11WD8MARK1H---EE","15/04/2026 14:00 - 15/04/2026 15:00","0.00",""
"15/04/2026 00:00 - 16/04/2026 00:00","CTA|DE(50Hertz)","PSW Markersbach PSS E","11WD8MARK1H---EE","Hydro Pumped Storage","11WD8MARK1H---EE","15/04/2026 15:00 - 15/04/2026 16:00","0.00",""
"15/04/2026 00:00 - 16/04/2026 00:00","CTA|DE(50Hertz)","PSW Markersbach PSS E","11WD8MARK1H---EE","Hydro Pumped Storage","11WD8MARK1H---EE","15/04/2026 16:00 - 15/04/2026 17:00","0.00",""
"15/04/2026 00:00 - 16/04/2026 00:00","CTA|DE(50Hertz)","PSW Markersbach PSS E","11WD8MARK1H---EE","Hydro Pumped Storage","11WD8MARK1H---EE","15/04/2026 17:00 - 15/04/2026 18:00","0.00",""
"15/04/2026 00:00 - 16/04/2026 00:00","CTA|DE(50Hertz)","PSW Markersbach PSS E","11WD8MARK1H---EE","Hydro Pumped Storage","11WD8MARK1H---EE","15/04/2026 18:00 - 15/04/2026 19:00","92.25",""
"15/04/2026 00:00 - 16/04/2026 00:00","CTA|DE(50Hertz)","PSW Markersbach PSS E","11WD8MARK1H---EE","Hydro Pumped Storage","11WD8MARK1H---EE","15/04/2026 19:00 - 15/04/2026 20:00","158.25",""
"15/04/2026 00:00 - 16/04/2026 00:00","CTA|DE(50Hertz)","PSW Markersbach PSS E","11WD8MARK1H---EE","Hydro Pumped Storage","11WD8MARK1H---EE","15/04/2026 20:00 - 15/04/2026 21:00","164.50",""
"15/04/2026 00:00 - 16/04/2026 00:00","CTA|DE(50Hertz)","PSW Markersbach PSS E","11WD8MARK1H---EE","Hydro Pumped Storage","11WD8MARK1H---EE","15/04/2026 21:00 - 15/04/2026 22:00","146.00",""
"15/04/2026 00:00 - 16/04/2026 00:00","CTA|DE(50Hertz)","PSW Markersbach PSS E","11WD8MARK1H---EE","Hydro Pumped Storage","11WD8MARK1H---EE","15/04/2026 22:00 - 15/04/2026 23:00","71.50",""
"15/04/2026 00:00 - 16/04/2026 00:00","CTA|DE(50Hertz)","PSW Markersbach PSS E","11WD8MARK1H---EE","Hydro Pumped Storage","11WD8MARK1H---EE","15/04/2026 23:00 - 16/04/2026 00:00","0.00",""
"15/04/2026 00:00 - 16/04/2026 00:00","CTA|DE(50Hertz)","PSW Markersbach PSS F","11WD8MARK1H---FC","Hydro Pumped Storage","11WD8MARK1H---FC","15/04/2026 00:00 - 15/04/2026 01:00","0.00",""
"15/04/2026 00:00 - 16/04/2026 00:00","CTA|DE(50Hertz)","PSW Markersbach PSS F","11WD8MARK1H---FC","Hydro Pumped Storage","11WD8MARK1H---FC","15/04/2026 01:00 - 15/04/2026 02:00","0.00",""
"15/04/2026 00:00 - 16/04/2026 00:00","CTA|DE(50Hertz)","PSW Markersbach PSS F","11WD8MARK1H---FC","Hydro Pumped Storage","11WD8MARK1H---FC","15/04/2026 02:00 - 15/04/2026 03:00","0.00",""
"15/04/2026 00:00 - 16/04/2026 00:00","CTA|DE(50Hertz)","PSW Markersbach PSS F","11WD8MARK1H---FC","Hydro Pumped Storage","11WD8MARK1H---FC","15/04/2026 03:00 - 15/04/2026 04:00","0.00",""
"15/04/2026 00:00 - 16/04/2026 00:00","CTA|DE(50Hertz)","PSW Markersbach PSS F","11WD8MARK1H---FC","Hydro Pumped Storage","11WD8MARK1H---FC","15/04/2026 04:00 - 15/04/2026 05:00","0.00",""
"15/04/2026 00:00 - 16/04/2026 00:00","CTA|DE(50Hertz)","PSW Markersbach PSS F","11WD8MARK1H---FC","Hydro Pumped Storage","11WD8MARK1H---FC","15/04/2026 05:00 - 15/04/2026 06:00","0.00",""
"15/04/2026 00:00 - 16/04/2026 00:00","CTA|DE(50Hertz)","PSW Markersbach PSS F","11WD8MARK1H---FC","Hydro Pumped Storage","11WD8MARK1H---FC","15/04/2026 06:00 - 15/04/2026 07:00","0.00",""
"15/04/2026 00:00 - 16/04/2026 00:00","CTA|DE(50Hertz)","PSW Markersbach PSS F","11WD8MARK1H---FC","Hydro Pumped Storage","11WD8MARK1H---FC","15/04/2026 07:00 - 15/04/2026 08:00","0.00",""
"15/04/2026 00:00 - 16/04/2026 00:00","CTA|DE(50Hertz)","PSW Markersbach PSS F","11WD8MARK1H---FC","Hydro Pumped Storage","11WD8MARK1H---FC","15/04/2026 08:00 - 15/04/2026 09:00","0.00",""
"15/04/2026 00:00 - 16/04/2026 00:00","CTA|DE(50Hertz)","PSW Markersbach PSS F","11WD8MARK1H---FC","Hydro Pumped Storage","11WD8MARK1H---FC","15/04/2026 09:00 - 15/04/2026 10:00","0.00",""
"15/04/2026 00:00 - 16/04/2026 00:00","CTA|DE(50Hertz)","PSW Markersbach PSS F","11WD8MARK1H---FC","Hydro Pumped Storage","11WD8MARK1H---FC","15/04/2026 10:00 - 15/04/2026 11:00","0.00",""
"15/04/2026 00:00 - 16/04/2026 00:00","CTA|DE(50Hertz)","PSW Markersbach PSS F","11WD8MARK1H---FC","Hydro Pumped Storage","11WD8MARK1H---FC","15/04/2026 11:00 - 15/04/2026 12:00","0.00",""
"15/04/2026 00:00 - 16/04/2026 00:00","CTA|DE(50Hertz)","PSW Markersbach PSS F","11WD8MARK1H---FC","Hydro Pumped Storage","11WD8MARK1H---FC","15/04/2026 12:00 - 15/04/2026 13:00","0.00",""
"15/04/2026 00:00 - 16/04/2026 00:00","CTA|DE(50Hertz)","PSW Markersbach PSS F","11WD8MARK1H---FC","Hydro Pumped Storage","11WD8MARK1H---FC","15/04/2026 13:00 - 15/04/2026 14:00","0.00",""
"15/04/2026 00:00 - 16/04/2026 00:00","CTA|DE(50Hertz)","PSW Markersbach PSS F","11WD8MARK1H---FC","Hydro Pumped Storage","11WD8MARK1H---FC","15/04/2026 14:00 - 15/04/2026 15:00","0.00",""
"15/04/2026 00:00 - 16/04/2026 00:00","CTA|DE(50Hertz)","PSW Markersbach PSS F","11WD8MARK1H---FC","Hydro Pumped Storage","11WD8MARK1H---FC","15/04/2026 15:00 - 15/04/2026 16:00","0.00",""
"15/04/2026 00:00 - 16/04/2026 00:00","CTA|DE(50Hertz)","PSW Markersbach PSS F","11WD8MARK1H---FC","Hydro Pumped Storage","11WD8MARK1H---FC","15/04/2026 16:00 - 15/04/2026 17:00","0.00",""
"15/04/2026 00:00 - 16/04/2026 00:00","CTA|DE(50Hertz)","PSW Markersbach PSS F","11WD8MARK1H---FC","Hydro Pumped Storage","11WD8MARK1H---FC","15/04/2026 17:00 - 15/04/2026 18:00","0.00",""
"15/04/2026 00:00 - 16/04/2026 00:00","CTA|DE(50Hertz)","PSW Markersbach PSS F","11WD8MARK1H---FC","Hydro Pumped Storage","11WD8MARK1H---FC","15/04/2026 18:00 - 15/04/2026 19:00","0.00",""
"15/04/2026 00:00 - 16/04/2026 00:00","CTA|DE(50Hertz)","PSW Markersbach PSS F","11WD8MARK1H---FC","Hydro Pumped Storage","11WD8MARK1H---FC","15/04/2026 19:00 - 15/04/2026 20:00","0.00",""
"15/04/2026 00:00 - 16/04/2026 00:00","CTA|DE(50Hertz)","PSW Markersbach PSS F","11WD8MARK1H---FC","Hydro Pumped Storage","11WD8MARK1H---FC","15/04/2026 20:00 - 15/04/2026 21:00","0.00",""
"15/04/2026 00:00 - 16/04/2026 00:00","CTA|DE(50Hertz)","PSW Markersbach PSS F","11WD8MARK1H---FC","Hydro Pumped Storage","11WD8MARK1H---FC","15/04/2026 21:00 - 15/04/2026 22:00","0.00",""
"15/04/2026 00:00 - 16/04/2026 00:00","CTA|DE(50Hertz)","PSW Markersbach PSS F","11WD8MARK1H---FC","Hydro Pumped Storage","11WD8MARK1H---FC","15/04/2026 22:00 - 15/04/2026 23:00","0.00",""
"15/04/2026 00:00 - 16/04/2026 00:00","CTA|DE(50Hertz)","PSW Markersbach PSS F","11WD8MARK1H---FC","Hydro Pumped Storage","11WD8MARK1H---FC","15/04/2026 23:00 - 16/04/2026 00:00","0.00",""
"15/04/2026 00:00 - 16/04/2026 00:00","CTA|DE(50Hertz)","HKW Mitte GUD","11WD8MITT5GGUD-8","Fossil Gas","11WD8MITT5GGUD-8","15/04/2026 00:00 - 15/04/2026 01:00","333.75",""
"15/04/2026 00:00 - 16/04/2026 00:00","CTA|DE(50Hertz)","HKW Mitte GUD","11WD8MITT5GGUD-8","Fossil Gas","11WD8MITT5GGUD-8","15/04/2026 01:00 - 15/04/2026 02:00","333.50",""
"15/04/2026 00:00 - 16/04/2026 00:00","CTA|DE(50Hertz)","HKW Mitte GUD","11WD8MITT5GGUD-8","Fossil Gas","11WD8MITT5GGUD-8","15/04/2026 02:00 - 15/04/2026 03:00","333.50",""
"15/04/2026 00:00 - 16/04/2026 00:00","CTA|DE(50Hertz)","HKW Mitte GUD","11WD8MITT5GGUD-8","Fossil Gas","11WD8MITT5GGUD-8","15/04/2026 03:00 - 15/04/2026 04:00","333.75",""
"15/04/2026 00:00 - 16/04/2026 00:00","CTA|DE(50Hertz)","HKW Mitte GUD","11WD8MITT5GGUD-8","Fossil Gas","11WD8MITT5GGUD-8","15/04/2026 04:00 - 15/04/2026 05:00","333.00",""
"15/04/2026 00:00 - 16/04/2026 00:00","CTA|DE(50Hertz)","HKW Mitte GUD","11WD8MITT5GGUD-8","Fossil Gas","11WD8MITT5GGUD-8","15/04/2026 05:00 - 15/04/2026 06:00","333.00",""
"15/04/2026 00:00 - 16/04/2026 00:00","CTA|DE(50Hertz)","HKW Mitte GUD","11WD8MITT5GGUD-8","Fossil Gas","11WD8MITT5GGUD-8","15/04/2026 06:00 - 15/04/2026 07:00","333.00",""
"15/04/2026 00:00 - 16/04/2026 00:00","CTA|DE(50Hertz)","HKW Mitte GUD","11WD8MITT5GGUD-8","Fossil Gas","11WD8MITT5GGUD-8","15/04/2026 07:00 - 15/04/2026 08:00","332.75",""
"15/04/2026 00:00 - 16/04/2026 00:00","CTA|DE(50Hertz)","HKW Mitte GUD","11WD8MITT5GGUD-8","Fossil Gas","11WD8MITT5GGUD-8","15/04/2026 08:00 - 15/04/2026 09:00","376.25",""
"15/04/2026 00:00 - 16/04/2026 00:00","CTA|DE(50Hertz)","HKW Mitte GUD","11WD8MITT5GGUD-8","Fossil Gas","11WD8MITT5GGUD-8","15/04/2026 09:00 - 15/04/2026 10:00","377.00",""
"15/04/2026 00:00 - 16/04/2026 00:00","CTA|DE(50Hertz)","HKW Mitte GUD","11WD8MITT5GGUD-8","Fossil Gas","11WD8MITT5GGUD-8","15/04/2026 10:00 - 15/04/2026 11:00","381.50",""
"15/04/2026 00:00 - 16/04/2026 00:00","CTA|DE(50Hertz)","HKW Mitte GUD","11WD8MITT5GGUD-8","Fossil Gas","11WD8MITT5GGUD-8","15/04/2026 11:00 - 15/04/2026 12:00","291.75",""
"15/04/2026 00:00 - 16/04/2026 00:00","CTA|DE(50Hertz)","HKW Mitte GUD","11WD8MITT5GGUD-8","Fossil Gas","11WD8MITT5GGUD-8","15/04/2026 12:00 - 15/04/2026 13:00","203.00",""
"15/04/2026 00:00 - 16/04/2026 00:00","CTA|DE(50Hertz)","HKW Mitte GUD","11WD8MITT5GGUD-8","Fossil Gas","11WD8MITT5GGUD-8","15/04/2026 13:00 - 15/04/2026 14:00","131.50",""
"15/04/2026 00:00 - 16/04/2026 00:00","CTA|DE(50Hertz)","HKW Mitte GUD","11WD8MITT5GGUD-8","Fossil Gas","11WD8MITT5GGUD-8","15/04/2026 14:00 - 15/04/2026 15:00","140.75",""
"15/04/2026 00:00 - 16/04/2026 00:00","CTA|DE(50Hertz)","HKW Mitte GUD","11WD8MITT5GGUD-8","Fossil Gas","11WD8MITT5GGUD-8","15/04/2026 15:00 - 15/04/2026 16:00","192.75",""
"15/04/2026 00:00 - 16/04/2026 00:00","CTA|DE(50Hertz)","HKW Mitte GUD","11WD8MITT5GGUD-8","Fossil Gas","11WD8MITT5GGUD-8","15/04/2026 16:00 - 15/04/2026 17:00","200.50",""
"15/04/2026 00:00 - 16/04/2026 00:00","CTA|DE(50Hertz)","HKW Mitte GUD","11WD8MITT5GGUD-8","Fossil Gas","11WD8MITT5GGUD-8","15/04/2026 17:00 - 15/04/2026 18:00","277.00",""
"15/04/2026 00:00 - 16/04/2026 00:00","CTA|DE(50Hertz)","HKW Mitte GUD","11WD8MITT5GGUD-8","Fossil Gas","11WD8MITT5GGUD-8","15/04/2026 18:00 - 15/04/2026 19:00","274.50",""
"15/04/2026 00:00 - 16/04/2026 00:00","CTA|DE(50Hertz)","HKW Mitte GUD","11WD8MITT5GGUD-8","Fossil Gas","11WD8MITT5GGUD-8","15/04/2026 19:00 - 15/04/2026 20:00","274.50",""
"15/04/2026 00:00 - 16/04/2026 00:00","CTA|DE(50Hertz)","HKW Mitte GUD","11WD8MITT5GGUD-8","Fossil Gas","11WD8MITT5GGUD-8","15/04/2026 20:00 - 15/04/2026 21:00","289.00",""
"15/04/2026 00:00 - 16/04/2026 00:00","CTA|DE(50Hertz)","HKW Mitte GUD","11WD8MITT5GGUD-8","Fossil Gas","11WD8MITT5GGUD-8","15/04/2026 21:00 - 15/04/2026 22:00","289.00",""
"15/04/2026 00:00 - 16/04/2026 00:00","CTA|DE(50Hertz)","HKW Mitte GUD","11WD8MITT5GGUD-8","Fossil Gas","11WD8MITT5GGUD-8","15/04/2026 22:00 - 15/04/2026 23:00","262.00",""
"15/04/2026 00:00 - 16/04/2026 00:00","CTA|DE(50Hertz)","HKW Mitte GUD","11WD8MITT5GGUD-8","Fossil Gas","11WD8MITT5GGUD-8","15/04/2026 23:00 - 16/04/2026 00:00","257.00",""
"15/04/2026 00:00 - 16/04/2026 00:00","CTA|DE(50Hertz)","HKW Reuter West Block D","11WD8REUW1C---DD","Fossil Hard coal","11WD8REUW1C---DD","15/04/2026 00:00 - 15/04/2026 01:00","0.00",""
"15/04/2026 00:00 - 16/04/2026 00:00","CTA|DE(50Hertz)","HKW Reuter West Block D","11WD8REUW1C---DD","Fossil Hard coal","11WD8REUW1C---DD","15/04/2026 01:00 - 15/04/2026 02:00","0.00",""
"15/04/2026 00:00 - 16/04/2026 00:00","CTA|DE(50Hertz)","HKW Reuter West Block D","11WD8REUW1C---DD","Fossil Hard coal","11WD8REUW1C---DD","15/04/2026 02:00 - 15/04/2026 03:00","0.00",""
"15/04/2026 00:00 - 16/04/2026 00:00","CTA|DE(50Hertz)","HKW Reuter West Block D","11WD8REUW1C---DD","Fossil Hard coal","11WD8REUW1C---DD","15/04/2026 03:00 - 15/04/2026 04:00","0.00",""
"15/04/2026 00:00 - 16/04/2026 00:00","CTA|DE(50Hertz)","HKW Reuter West Block D","11WD8REUW1C---DD","Fossil Hard coal","11WD8REUW1C---DD","15/04/2026 04:00 - 15/04/2026 05:00","0.00",""
"15/04/2026 00:00 - 16/04/2026 00:00","CTA|DE(50Hertz)","HKW Reuter West Block D","11WD8REUW1C---DD","Fossil Hard coal","11WD8REUW1C---DD","15/04/2026 05:00 - 15/04/2026 06:00","0.00",""
"15/04/2026 00:00 - 16/04/2026 00:00","CTA|DE(50Hertz)","HKW Reuter West Block D","11WD8REUW1C---DD","Fossil Hard coal","11WD8REUW1C---DD","15/04/2026 06:00 - 15/04/2026 07:00","0.00",""
"15/04/2026 00:00 - 16/04/2026 00:00","CTA|DE(50Hertz)","HKW Reuter West Block D","11WD8REUW1C---DD","Fossil Hard coal","11WD8REUW1C---DD","15/04/2026 07:00 - 15/04/2026 08:00","0.00",""
"15/04/2026 00:00 - 16/04/2026 00:00","CTA|DE(50Hertz)","HKW Reuter West Block D","11WD8REUW1C---DD","Fossil Hard coal","11WD8REUW1C---DD","15/04/2026 08:00 - 15/04/2026 09:00","0.00",""
"15/04/2026 00:00 - 16/04/2026 00:00","CTA|DE(50Hertz)","HKW Reuter West Block D","11WD8REUW1C---DD","Fossil Hard coal","11WD8REUW1C---DD","15/04/2026 09:00 - 15/04/2026 10:00","0.00",""
"15/04/2026 00:00 - 16/04/2026 00:00","CTA|DE(50Hertz)","HKW Reuter West Block D","11WD8REUW1C---DD","Fossil Hard coal","11WD8REUW1C---DD","15/04/2026 10:00 - 15/04/2026 11:00","0.00",""
"15/04/2026 00:00 - 16/04/2026 00:00","CTA|DE(50Hertz)","HKW Reuter West Block D","11WD8REUW1C---DD","Fossil Hard coal","11WD8REUW1C---DD","15/04/2026 11:00 - 15/04/2026 12:00","0.00",""
"15/04/2026 00:00 - 16/04/2026 00:00","CTA|DE(50Hertz)","HKW Reuter West Block D","11WD8REUW1C---DD","Fossil Hard coal","11WD8REUW1C---DD","15/04/2026 12:00 - 15/04/2026 13:00","0.00",""
"15/04/2026 00:00 - 16/04/2026 00:00","CTA|DE(50Hertz)","HKW Reuter West Block D","11WD8REUW1C---DD","Fossil Hard coal","11WD8REUW1C---DD","15/04/2026 13:00 - 15/04/2026 14:00","0.00",""
"15/04/2026 00:00 - 16/04/2026 00:00","CTA|DE(50Hertz)","HKW Reuter West Block D","11WD8REUW1C---DD","Fossil Hard coal","11WD8REUW1C---DD","15/04/2026 14:00 - 15/04/2026 15:00","0.00",""
"15/04/2026 00:00 - 16/04/2026 00:00","CTA|DE(50Hertz)","HKW Reuter West Block D","11WD8REUW1C---DD","Fossil Hard coal","11WD8REUW1C---DD","15/04/2026 15:00 - 15/04/2026 16:00","0.00",""
"15/04/2026 00:00 - 16/04/2026 00:00","CTA|DE(50Hertz)","HKW Reuter West Block D","11WD8REUW1C---DD","Fossil Hard coal","11WD8REUW1C---DD","15/04/2026 16:00 - 15/04/2026 17:00","0.00",""
"15/04/2026 00:00 - 16/04/2026 00:00","CTA|DE(50Hertz)","HKW Reuter West Block D","11WD8REUW1C---DD","Fossil Hard coal","11WD8REUW1C---DD","15/04/2026 17:00 - 15/04/2026 18:00","0.00",""
"15/04/2026 00:00 - 16/04/2026 00:00","CTA|DE(50Hertz)","HKW Reuter West Block D","11WD8REUW1C---DD","Fossil Hard coal","11WD8REUW1C---DD","15/04/2026 18:00 - 15/04/2026 19:00","0.00",""
"15/04/2026 00:00 - 16/04/2026 00:00","CTA|DE(50Hertz)","HKW Reuter West Block D","11WD8REUW1C---DD","Fossil Hard coal","11WD8REUW1C---DD","15/04/2026 19:00 - 15/04/2026 20:00","0.00",""
"15/04/2026 00:00 - 16/04/2026 00:00","CTA|DE(50Hertz)","HKW Reuter West Block D","11WD8REUW1C---DD","Fossil Hard coal","11WD8REUW1C---DD","15/04/2026 20:00 - 15/04/2026 21:00","0.00",""
"15/04/2026 00:00 - 16/04/2026 00:00","CTA|DE(50Hertz)","HKW Reuter West Block D","11WD8REUW1C---DD","Fossil Hard coal","11WD8REUW1C---DD","15/04/2026 21:00 - 15/04/2026 22:00","0.00",""
"15/04/2026 00:00 - 16/04/2026 00:00","CTA|DE(50Hertz)","HKW Reuter West Block D","11WD8REUW1C---DD","Fossil Hard coal","11WD8REUW1C---DD","15/04/2026 22:00 - 15/04/2026 23:00","0.00",""
"15/04/2026 00:00 - 16/04/2026 00:00","CTA|DE(50Hertz)","HKW Reuter West Block D","11WD8REUW1C---DD","Fossil Hard coal","11WD8REUW1C---DD","15/04/2026 23:00 - 16/04/2026 00:00","0.00",""
"15/04/2026 00:00 - 16/04/2026 00:00","CTA|DE(50Hertz)","HKW Reuter West Block E","11WD8REUW1C---EB","Fossil Hard coal","11WD8REUW1C---EB","15/04/2026 00:00 - 15/04/2026 01:00","116.25",""
"15/04/2026 00:00 - 16/04/2026 00:00","CTA|DE(50Hertz)","HKW Reuter West Block E","11WD8REUW1C---EB","Fossil Hard coal","11WD8REUW1C---EB","15/04/2026 01:00 - 15/04/2026 02:00","117.75",""
"15/04/2026 00:00 - 16/04/2026 00:00","CTA|DE(50Hertz)","HKW Reuter West Block E","11WD8REUW1C---EB","Fossil Hard coal","11WD8REUW1C---EB","15/04/2026 02:00 - 15/04/2026 03:00","116.75",""
"15/04/2026 00:00 - 16/04/2026 00:00","CTA|DE(50Hertz)","HKW Reuter West Block E","11WD8REUW1C---EB","Fossil Hard coal","11WD8REUW1C---EB","15/04/2026 03:00 - 15/04/2026 04:00","116.50",""
"15/04/2026 00:00 - 16/04/2026 00:00","CTA|DE(50Hertz)","HKW Reuter West Block E","11WD8REUW1C---EB","Fossil Hard coal","11WD8REUW1C---EB","15/04/2026 04:00 - 15/04/2026 05:00","115.50",""
"15/04/2026 00:00 - 16/04/2026 00:00","CTA|DE(50Hertz)","HKW Reuter West Block E","11WD8REUW1C---EB","Fossil Hard coal","11WD8REUW1C---EB","15/04/2026 05:00 - 15/04/2026 06:00","117.25",""
"15/04/2026 00:00 - 16/04/2026 00:00","CTA|DE(50Hertz)","HKW Reuter West Block E","11WD8REUW1C---EB","Fossil Hard coal","11WD8REUW1C---EB","15/04/2026 06:00 - 15/04/2026 07:00","117.50",""
"15/04/2026 00:00 - 16/04/2026 00:00","CTA|DE(50Hertz)","HKW Reuter West Block E","11WD8REUW1C---EB","Fossil Hard coal","11WD8REUW1C---EB","15/04/2026 07:00 - 15/04/2026 08:00","117.00",""
"15/04/2026 00:00 - 16/04/2026 00:00","CTA|DE(50Hertz)","HKW Reuter West Block E","11WD8REUW1C---EB","Fossil Hard coal","11WD8REUW1C---EB","15/04/2026 08:00 - 15/04/2026 09:00","118.00",""
"15/04/2026 00:00 - 16/04/2026 00:00","CTA|DE(50Hertz)","HKW Reuter West Block E","11WD8REUW1C---EB","Fossil Hard coal","11WD8REUW1C---EB","15/04/2026 09:00 - 15/04/2026 10:00","117.25",""
"15/04/2026 00:00 - 16/04/2026 00:00","CTA|DE(50Hertz)","HKW Reuter West Block E","11WD8REUW1C---EB","Fossil Hard coal","11WD8REUW1C---EB","15/04/2026 10:00 - 15/04/2026 11:00","116.25",""
"15/04/2026 00:00 - 16/04/2026 00:00","CTA|DE(50Hertz)","HKW Reuter West Block E","11WD8REUW1C---EB","Fossil Hard coal","11WD8REUW1C---EB","15/04/2026 11:00 - 15/04/2026 12:00","112.25",""
"15/04/2026 00:00 - 16/04/2026 00:00","CTA|DE(50Hertz)","HKW Reuter West Block E","11WD8REUW1C---EB","Fossil Hard coal","11WD8REUW1C---EB","15/04/2026 12:00 - 15/04/2026 13:00","108.00",""
"15/04/2026 00:00 - 16/04/2026 00:00","CTA|DE(50Hertz)","HKW Reuter West Block E","11WD8REUW1C---EB","Fossil Hard coal","11WD8REUW1C---EB","15/04/2026 13:00 - 15/04/2026 14:00","106.75",""
"15/04/2026 00:00 - 16/04/2026 00:00","CTA|DE(50Hertz)","HKW Reuter West Block E","11WD8REUW1C---EB","Fossil Hard coal","11WD8REUW1C---EB","15/04/2026 14:00 - 15/04/2026 15:00","121.25",""
"15/04/2026 00:00 - 16/04/2026 00:00","CTA|DE(50Hertz)","HKW Reuter West Block E","11WD8REUW1C---EB","Fossil Hard coal","11WD8REUW1C---EB","15/04/2026 15:00 - 15/04/2026 16:00","122.25",""
"15/04/2026 00:00 - 16/04/2026 00:00","CTA|DE(50Hertz)","HKW Reuter West Block E","11WD8REUW1C---EB","Fossil Hard coal","11WD8REUW1C---EB","15/04/2026 16:00 - 15/04/2026 17:00","127.00",""
"15/04/2026 00:00 - 16/04/2026 00:00","CTA|DE(50Hertz)","HKW Reuter West Block E","11WD8REUW1C---EB","Fossil Hard coal","11WD8REUW1C---EB","15/04/2026 17:00 - 15/04/2026 18:00","132.25",""
"15/04/2026 00:00 - 16/04/2026 00:00","CTA|DE(50Hertz)","HKW Reuter West Block E","11WD8REUW1C---EB","Fossil Hard coal","11WD8REUW1C---EB","15/04/2026 18:00 - 15/04/2026 19:00","132.75",""
"15/04/2026 00:00 - 16/04/2026 00:00","CTA|DE(50Hertz)","HKW Reuter West Block E","11WD8REUW1C---EB","Fossil Hard coal","11WD8REUW1C---EB","15/04/2026 19:00 - 15/04/2026 20:00","132.00",""
"15/04/2026 00:00 - 16/04/2026 00:00","CTA|DE(50Hertz)","HKW Reuter West Block E","11WD8REUW1C---EB","Fossil Hard coal","11WD8REUW1C---EB","15/04/2026 20:00 - 15/04/2026 21:00","134.75",""
"15/04/2026 00:00 - 16/04/2026 00:00","CTA|DE(50Hertz)","HKW Reuter West Block E","11WD8REUW1C---EB","Fossil Hard coal","11WD8REUW1C---EB","15/04/2026 21:00 - 15/04/2026 22:00","138.00",""
"15/04/2026 00:00 - 16/04/2026 00:00","CTA|DE(50Hertz)","HKW Reuter West Block E","11WD8REUW1C---EB","Fossil Hard coal","11WD8REUW1C---EB","15/04/2026 22:00 - 15/04/2026 23:00","136.25",""
"15/04/2026 00:00 - 16/04/2026 00:00","CTA|DE(50Hertz)","HKW Reuter West Block E","11WD8REUW1C---EB","Fossil Hard coal","11WD8REUW1C---EB","15/04/2026 23:00 - 16/04/2026 00:00","137.00",""
"15/04/2026 00:00 - 16/04/2026 00:00","CTA|DE(50Hertz)","Kraftwerk Rostock","11WD8ROST1C----K","Fossil Hard coal","11WD8ROST1C----K","15/04/2026 00:00 - 15/04/2026 01:00","502.95",""
"15/04/2026 00:00 - 16/04/2026 00:00","CTA|DE(50Hertz)","Kraftwerk Rostock","11WD8ROST1C----K","Fossil Hard coal","11WD8ROST1C----K","15/04/2026 01:00 - 15/04/2026 02:00","505.85",""
"15/04/2026 00:00 - 16/04/2026 00:00","CTA|DE(50Hertz)","Kraftwerk Rostock","11WD8ROST1C----K","Fossil Hard coal","11WD8ROST1C----K","15/04/2026 02:00 - 15/04/2026 03:00","504.95",""
"15/04/2026 00:00 - 16/04/2026 00:00","CTA|DE(50Hertz)","Kraftwerk Rostock","11WD8ROST1C----K","Fossil Hard coal","11WD8ROST1C----K","15/04/2026 03:00 - 15/04/2026 04:00","501.15",""
"15/04/2026 00:00 - 16/04/2026 00:00","CTA|DE(50Hertz)","Kraftwerk Rostock","11WD8ROST1C----K","Fossil Hard coal","11WD8ROST1C----K","15/04/2026 04:00 - 15/04/2026 05:00","500.00",""
"15/04/2026 00:00 - 16/04/2026 00:00","CTA|DE(50Hertz)","Kraftwerk Rostock","11WD8ROST1C----K","Fossil Hard coal","11WD8ROST1C----K","15/04/2026 05:00 - 15/04/2026 06:00","497.38",""
"15/04/2026 00:00 - 16/04/2026 00:00","CTA|DE(50Hertz)","Kraftwerk Rostock","11WD8ROST1C----K","Fossil Hard coal","11WD8ROST1C----K","15/04/2026 06:00 - 15/04/2026 07:00","497.60",""
"15/04/2026 00:00 - 16/04/2026 00:00","CTA|DE(50Hertz)","Kraftwerk Rostock","11WD8ROST1C----K","Fossil Hard coal","11WD8ROST1C----K","15/04/2026 07:00 - 15/04/2026 08:00","499.20",""
"15/04/2026 00:00 - 16/04/2026 00:00","CTA|DE(50Hertz)","Kraftwerk Rostock","11WD8ROST1C----K","Fossil Hard coal","11WD8ROST1C----K","15/04/2026 08:00 - 15/04/2026 09:00","500.43",""
"15/04/2026 00:00 - 16/04/2026 00:00","CTA|DE(50Hertz)","Kraftwerk Rostock","11WD8ROST1C----K","Fossil Hard coal","11WD8ROST1C----K","15/04/2026 09:00 - 15/04/2026 10:00","501.27",""
"15/04/2026 00:00 - 16/04/2026 00:00","CTA|DE(50Hertz)","Kraftwerk Rostock","11WD8ROST1C----K","Fossil Hard coal","11WD8ROST1C----K","15/04/2026 10:00 - 15/04/2026 11:00","465.20",""
"15/04/2026 00:00 - 16/04/2026 00:00","CTA|DE(50Hertz)","Kraftwerk Rostock","11WD8ROST1C----K","Fossil Hard coal","11WD8ROST1C----K","15/04/2026 11:00 - 15/04/2026 12:00","281.75",""
"15/04/2026 00:00 - 16/04/2026 00:00","CTA|DE(50Hertz)","Kraftwerk Rostock","11WD8ROST1C----K","Fossil Hard coal","11WD8ROST1C----K","15/04/2026 12:00 - 15/04/2026 13:00","265.73",""
"15/04/2026 00:00 - 16/04/2026 00:00","CTA|DE(50Hertz)","Kraftwerk Rostock","11WD8ROST1C----K","Fossil Hard coal","11WD8ROST1C----K","15/04/2026 13:00 - 15/04/2026 14:00","266.38",""
"15/04/2026 00:00 - 16/04/2026 00:00","CTA|DE(50Hertz)","Kraftwerk Rostock","11WD8ROST1C----K","Fossil Hard coal","11WD8ROST1C----K","15/04/2026 14:00 - 15/04/2026 15:00","267.00",""
"15/04/2026 00:00 - 16/04/2026 00:00","CTA|DE(50Hertz)","Kraftwerk Rostock","11WD8ROST1C----K","Fossil Hard coal","11WD8ROST1C----K","15/04/2026 15:00 - 15/04/2026 16:00","312.18",""
"15/04/2026 00:00 - 16/04/2026 00:00","CTA|DE(50Hertz)","Kraftwerk Rostock","11WD8ROST1C----K","Fossil Hard coal","11WD8ROST1C----K","15/04/2026 16:00 - 15/04/2026 17:00","477.90",""
"15/04/2026 00:00 - 16/04/2026 00:00","CTA|DE(50Hertz)","Kraftwerk Rostock","11WD8ROST1C----K","Fossil Hard coal","11WD8ROST1C----K","15/04/2026 17:00 - 15/04/2026 18:00","491.70",""
"15/04/2026 00:00 - 16/04/2026 00:00","CTA|DE(50Hertz)","Kraftwerk Rostock","11WD8ROST1C----K","Fossil Hard coal","11WD8ROST1C----K","15/04/2026 18:00 - 15/04/2026 19:00","494.70",""
"15/04/2026 00:00 - 16/04/2026 00:00","CTA|DE(50Hertz)","Kraftwerk Rostock","11WD8ROST1C----K","Fossil Hard coal","11WD8ROST1C----K","15/04/2026 19:00 - 15/04/2026 20:00","498.32",""
"15/04/2026 00:00 - 16/04/2026 00:00","CTA|DE(50Hertz)","Kraftwerk Rostock","11WD8ROST1C----K","Fossil Hard coal","11WD8ROST1C----K","15/04/2026 20:00 - 15/04/2026 21:00","498.75",""
"15/04/2026 00:00 - 16/04/2026 00:00","CTA|DE(50Hertz)","Kraftwerk Rostock","11WD8ROST1C----K","Fossil Hard coal","11WD8ROST1C----K","15/04/2026 21:00 - 15/04/2026 22:00","500.18",""
"15/04/2026 00:00 - 16/04/2026 00:00","CTA|DE(50Hertz)","Kraftwerk Rostock","11WD8ROST1C----K","Fossil Hard coal","11WD8ROST1C----K","15/04/2026 22:00 - 15/04/2026 23:00","503.90",""
"15/04/2026 00:00 - 16/04/2026 00:00","CTA|DE(50Hertz)","Kraftwerk Rostock","11WD8ROST1C----K","Fossil Hard coal","11WD8ROST1C----K","15/04/2026 23:00 - 16/04/2026 00:00","503.50",""
"15/04/2026 00:00 - 16/04/2026 00:00","CTA|DE(50Hertz)","Schkopau A","11WD8SCHK1L---A2","Fossil Brown coal/Lignite","11WD8SCHK1L---A2","15/04/2026 00:00 - 15/04/2026 01:00","0.00",""
"15/04/2026 00:00 - 16/04/2026 00:00","CTA|DE(50Hertz)","Schkopau A","11WD8SCHK1L---A2","Fossil Brown coal/Lignite","11WD8SCHK1L---A2","15/04/2026 01:00 - 15/04/2026 02:00","0.00",""
"15/04/2026 00:00 - 16/04/2026 00:00","CTA|DE(50Hertz)","Schkopau A","11WD8SCHK1L---A2","Fossil Brown coal/Lignite","11WD8SCHK1L---A2","15/04/2026 02:00 - 15/04/2026 03:00","0.00",""
"15/04/2026 00:00 - 16/04/2026 00:00","CTA|DE(50Hertz)","Schkopau A","11WD8SCHK1L---A2","Fossil Brown coal/Lignite","11WD8SCHK1L---A2","15/04/2026 03:00 - 15/04/2026 04:00","0.00",""
"15/04/2026 00:00 - 16/04/2026 00:00","CTA|DE(50Hertz)","Schkopau A","11WD8SCHK1L---A2","Fossil Brown coal/Lignite","11WD8SCHK1L---A2","15/04/2026 04:00 - 15/04/2026 05:00","0.00",""
"15/04/2026 00:00 - 16/04/2026 00:00","CTA|DE(50Hertz)","Schkopau A","11WD8SCHK1L---A2","Fossil Brown coal/Lignite","11WD8SCHK1L---A2","15/04/2026 05:00 - 15/04/2026 06:00","0.00",""
"15/04/2026 00:00 - 16/04/2026 00:00","CTA|DE(50Hertz)","Schkopau A","11WD8SCHK1L---A2","Fossil Brown coal/Lignite","11WD8SCHK1L---A2","15/04/2026 06:00 - 15/04/2026 07:00","0.00",""
"15/04/2026 00:00 - 16/04/2026 00:00","CTA|DE(50Hertz)","Schkopau A","11WD8SCHK1L---A2","Fossil Brown coal/Lignite","11WD8SCHK1L---A2","15/04/2026 07:00 - 15/04/2026 08:00","0.00",""
"15/04/2026 00:00 - 16/04/2026 00:00","CTA|DE(50Hertz)","Schkopau A","11WD8SCHK1L---A2","Fossil Brown coal/Lignite","11WD8SCHK1L---A2","15/04/2026 08:00 - 15/04/2026 09:00","0.00",""
"15/04/2026 00:00 - 16/04/2026 00:00","CTA|DE(50Hertz)","Schkopau A","11WD8SCHK1L---A2","Fossil Brown coal/Lignite","11WD8SCHK1L---A2","15/04/2026 09:00 - 15/04/2026 10:00","0.00",""
"15/04/2026 00:00 - 16/04/2026 00:00","CTA|DE(50Hertz)","Schkopau A","11WD8SCHK1L---A2","Fossil Brown coal/Lignite","11WD8SCHK1L---A2","15/04/2026 10:00 - 15/04/2026 11:00","0.00",""
"15/04/2026 00:00 - 16/04/2026 00:00","CTA|DE(50Hertz)","Schkopau A","11WD8SCHK1L---A2","Fossil Brown coal/Lignite","11WD8SCHK1L---A2","15/04/2026 11:00 - 15/04/2026 12:00","0.00",""
"15/04/2026 00:00 - 16/04/2026 00:00","CTA|DE(50Hertz)","Schkopau A","11WD8SCHK1L---A2","Fossil Brown coal/Lignite","11WD8SCHK1L---A2","15/04/2026 12:00 - 15/04/2026 13:00","0.00",""
"15/04/2026 00:00 - 16/04/2026 00:00","CTA|DE(50Hertz)","Schkopau A","11WD8SCHK1L---A2","Fossil Brown coal/Lignite","11WD8SCHK1L---A2","15/04/2026 13:00 - 15/04/2026 14:00","0.00",""
"15/04/2026 00:00 - 16/04/2026 00:00","CTA|DE(50Hertz)","Schkopau A","11WD8SCHK1L---A2","Fossil Brown coal/Lignite","11WD8SCHK1L---A2","15/04/2026 14:00 - 15/04/2026 15:00","0.00",""
"15/04/2026 00:00 - 16/04/2026 00:00","CTA|DE(50Hertz)","Schkopau A","11WD8SCHK1L---A2","Fossil Brown coal/Lignite","11WD8SCHK1L---A2","15/04/2026 15:00 - 15/04/2026 16:00","0.00",""
"15/04/2026 00:00 - 16/04/2026 00:00","CTA|DE(50Hertz)","Schkopau A","11WD8SCHK1L---A2","Fossil Brown coal/Lignite","11WD8SCHK1L---A2","15/04/2026 16:00 - 15/04/2026 17:00","0.00",""
"15/04/2026 00:00 - 16/04/2026 00:00","CTA|DE(50Hertz)","Schkopau A","11WD8SCHK1L---A2","Fossil Brown coal/Lignite","11WD8SCHK1L---A2","15/04/2026 17:00 - 15/04/2026 18:00","0.00",""
"15/04/2026 00:00 - 16/04/2026 00:00","CTA|DE(50Hertz)","Schkopau A","11WD8SCHK1L---A2","Fossil Brown coal/Lignite","11WD8SCHK1L---A2","15/04/2026 18:00 - 15/04/2026 19:00","0.00",""
"15/04/2026 00:00 - 16/04/2026 00:00","CTA|DE(50Hertz)","Schkopau A","11WD8SCHK1L---A2","Fossil Brown coal/Lignite","11WD8SCHK1L---A2","15/04/2026 19:00 - 15/04/2026 20:00","0.00",""
"15/04/2026 00:00 - 16/04/2026 00:00","CTA|DE(50Hertz)","Schkopau A","11WD8SCHK1L---A2","Fossil Brown coal/Lignite","11WD8SCHK1L---A2","15/04/2026 20:00 - 15/04/2026 21:00","0.00",""
"15/04/2026 00:00 - 16/04/2026 00:00","CTA|DE(50Hertz)","Schkopau A","11WD8SCHK1L---A2","Fossil Brown coal/Lignite","11WD8SCHK1L---A2","15/04/2026 21:00 - 15/04/2026 22:00","0.00",""
"15/04/2026 00:00 - 16/04/2026 00:00","CTA|DE(50Hertz)","Schkopau A","11WD8SCHK1L---A2","Fossil Brown coal/Lignite","11WD8SCHK1L---A2","15/04/2026 22:00 - 15/04/2026 23:00","0.00",""
"15/04/2026 00:00 - 16/04/2026 00:00","CTA|DE(50Hertz)","Schkopau A","11WD8SCHK1L---A2","Fossil Brown coal/Lignite","11WD8SCHK1L---A2","15/04/2026 23:00 - 16/04/2026 00:00","0.00",""
"15/04/2026 00:00 - 16/04/2026 00:00","CTA|DE(50Hertz)","Schkopau B","11WD8SCHK1L---B0","Fossil Brown coal/Lignite","11WD8SCHK1L---B0","15/04/2026 00:00 - 15/04/2026 01:00","339.00",""
"15/04/2026 00:00 - 16/04/2026 00:00","CTA|DE(50Hertz)","Schkopau B","11WD8SCHK1L---B0","Fossil Brown coal/Lignite","11WD8SCHK1L---B0","15/04/2026 01:00 - 15/04/2026 02:00","339.00",""
"15/04/2026 00:00 - 16/04/2026 00:00","CTA|DE(50Hertz)","Schkopau B","11WD8SCHK1L---B0","Fossil Brown coal/Lignite","11WD8SCHK1L---B0","15/04/2026 02:00 - 15/04/2026 03:00","339.50",""
"15/04/2026 00:00 - 16/04/2026 00:00","CTA|DE(50Hertz)","Schkopau B","11WD8SCHK1L---B0","Fossil Brown coal/Lignite","11WD8SCHK1L---B0","15/04/2026 03:00 - 15/04/2026 04:00","341.00",""
"15/04/2026 00:00 - 16/04/2026 00:00","CTA|DE(50Hertz)","Schkopau B","11WD8SCHK1L---B0","Fossil Brown coal/Lignite","11WD8SCHK1L---B0","15/04/2026 04:00 - 15/04/2026 05:00","341.75",""
"15/04/2026 00:00 - 16/04/2026 00:00","CTA|DE(50Hertz)","Schkopau B","11WD8SCHK1L---B0","Fossil Brown coal/Lignite","11WD8SCHK1L---B0","15/04/2026 05:00 - 15/04/2026 06:00","340.75",""
"15/04/2026 00:00 - 16/04/2026 00:00","CTA|DE(50Hertz)","Schkopau B","11WD8SCHK1L---B0","Fossil Brown coal/Lignite","11WD8SCHK1L---B0","15/04/2026 06:00 - 15/04/2026 07:00","340.75",""
"15/04/2026 00:00 - 16/04/2026 00:00","CTA|DE(50Hertz)","Schkopau B","11WD8SCHK1L---B0","Fossil Brown coal/Lignite","11WD8SCHK1L---B0","15/04/2026 07:00 - 15/04/2026 08:00","341.25",""
"15/04/2026 00:00 - 16/04/2026 00:00","CTA|DE(50Hertz)","Schkopau B","11WD8SCHK1L---B0","Fossil Brown coal/Lignite","11WD8SCHK1L---B0","15/04/2026 08:00 - 15/04/2026 09:00","335.75",""
"15/04/2026 00:00 - 16/04/2026 00:00","CTA|DE(50Hertz)","Schkopau B","11WD8SCHK1L---B0","Fossil Brown coal/Lignite","11WD8SCHK1L---B0","15/04/2026 09:00 - 15/04/2026 10:00","47.50",""
"15/04/2026 00:00 - 16/04/2026 00:00","CTA|DE(50Hertz)","Schkopau B","11WD8SCHK1L---B0","Fossil Brown coal/Lignite","11WD8SCHK1L---B0","15/04/2026 10:00 - 15/04/2026 11:00","0.00",""
"15/04/2026 00:00 - 16/04/2026 00:00","CTA|DE(50Hertz)","Schkopau B","11WD8SCHK1L---B0","Fossil Brown coal/Lignite","11WD8SCHK1L---B0","15/04/2026 11:00 - 15/04/2026 12:00","0.00",""
"15/04/2026 00:00 - 16/04/2026 00:00","CTA|DE(50Hertz)","Schkopau B","11WD8SCHK1L---B0","Fossil Brown coal/Lignite","11WD8SCHK1L---B0","15/04/2026 12:00 - 15/04/2026 13:00","0.00",""
"15/04/2026 00:00 - 16/04/2026 00:00","CTA|DE(50Hertz)","Schkopau B","11WD8SCHK1L---B0","Fossil Brown coal/Lignite","11WD8SCHK1L---B0","15/04/2026 13:00 - 15/04/2026 14:00","0.00",""
"15/04/2026 00:00 - 16/04/2026 00:00","CTA|DE(50Hertz)","Schkopau B","11WD8SCHK1L---B0","Fossil Brown coal/Lignite","11WD8SCHK1L---B0","15/04/2026 14:00 - 15/04/2026 15:00","0.00",""
"15/04/2026 00:00 - 16/04/2026 00:00","CTA|DE(50Hertz)","Schkopau B","11WD8SCHK1L---B0","Fossil Brown coal/Lignite","11WD8SCHK1L---B0","15/04/2026 15:00 - 15/04/2026 16:00","0.00",""
"15/04/2026 00:00 - 16/04/2026 00:00","CTA|DE(50Hertz)","Schkopau B","11WD8SCHK1L---B0","Fossil Brown coal/Lignite","11WD8SCHK1L---B0","15/04/2026 16:00 - 15/04/2026 17:00","0.00",""
"15/04/2026 00:00 - 16/04/2026 00:00","CTA|DE(50Hertz)","Schkopau B","11WD8SCHK1L---B0","Fossil Brown coal/Lignite","11WD8SCHK1L---B0","15/04/2026 17:00 - 15/04/2026 18:00","0.00",""
"15/04/2026 00:00 - 16/04/2026 00:00","CTA|DE(50Hertz)","Schkopau B","11WD8SCHK1L---B0","Fossil Brown coal/Lignite","11WD8SCHK1L---B0","15/04/2026 18:00 - 15/04/2026 19:00","114.25",""
"15/04/2026 00:00 - 16/04/2026 00:00","CTA|DE(50Hertz)","Schkopau B","11WD8SCHK1L---B0","Fossil Brown coal/Lignite","11WD8SCHK1L---B0","15/04/2026 19:00 - 15/04/2026 20:00","305.25",""
"15/04/2026 00:00 - 16/04/2026 00:00","CTA|DE(50Hertz)","Schkopau B","11WD8SCHK1L---B0","Fossil Brown coal/Lignite","11WD8SCHK1L---B0","15/04/2026 20:00 - 15/04/2026 21:00","367.25",""
"15/04/2026 00:00 - 16/04/2026 00:00","CTA|DE(50Hertz)","Schkopau B","11WD8SCHK1L---B0","Fossil Brown coal/Lignite","11WD8SCHK1L---B0","15/04/2026 21:00 - 15/04/2026 22:00","367.50",""
"15/04/2026 00:00 - 16/04/2026 00:00","CTA|DE(50Hertz)","Schkopau B","11WD8SCHK1L---B0","Fossil Brown coal/Lignite","11WD8SCHK1L---B0","15/04/2026 22:00 - 15/04/2026 23:00","364.25",""
"15/04/2026 00:00 - 16/04/2026 00:00","CTA|DE(50Hertz)","Schkopau B","11WD8SCHK1L---B0","Fossil Brown coal/Lignite","11WD8SCHK1L---B0","15/04/2026 23:00 - 16/04/2026 00:00","362.25",""
"15/04/2026 00:00 - 16/04/2026 00:00","CTA|DE(50Hertz)","IKS Schwedt SE1 Block 1","11WD8SCHW5X---19","Fossil Oil","11WD8SCHW5X---19","15/04/2026 00:00 - 15/04/2026 01:00","75.00",""
"15/04/2026 00:00 - 16/04/2026 00:00","CTA|DE(50Hertz)","IKS Schwedt SE1 Block 1","11WD8SCHW5X---19","Fossil Oil","11WD8SCHW5X---19","15/04/2026 01:00 - 15/04/2026 02:00","75.00",""
"15/04/2026 00:00 - 16/04/2026 00:00","CTA|DE(50Hertz)","IKS Schwedt SE1 Block 1","11WD8SCHW5X---19","Fossil Oil","11WD8SCHW5X---19","15/04/2026 02:00 - 15/04/2026 03:00","75.00",""
"15/04/2026 00:00 - 16/04/2026 00:00","CTA|DE(50Hertz)","IKS Schwedt SE1 Block 1","11WD8SCHW5X---19","Fossil Oil","11WD8SCHW5X---19","15/04/2026 03:00 - 15/04/2026 04:00","75.00",""
"15/04/2026 00:00 - 16/04/2026 00:00","CTA|DE(50Hertz)","IKS Schwedt SE1 Block 1","11WD8SCHW5X---19","Fossil Oil","11WD8SCHW5X---19","15/04/2026 04:00 - 15/04/2026 05:00","75.00",""
"15/04/2026 00:00 - 16/04/2026 00:00","CTA|DE(50Hertz)","IKS Schwedt SE1 Block 1","11WD8SCHW5X---19","Fossil Oil","11WD8SCHW5X---19","15/04/2026 05:00 - 15/04/2026 06:00","75.00",""
"15/04/2026 00:00 - 16/04/2026 00:00","CTA|DE(50Hertz)","IKS Schwedt SE1 Block 1","11WD8SCHW5X---19","Fossil Oil","11WD8SCHW5X---19","15/04/2026 06:00 - 15/04/2026 07:00","75.00",""
"15/04/2026 00:00 - 16/04/2026 00:00","CTA|DE(50Hertz)","IKS Schwedt SE1 Block 1","11WD8SCHW5X---19","Fossil Oil","11WD8SCHW5X---19","15/04/2026 07:00 - 15/04/2026 08:00","75.00",""
"15/04/2026 00:00 - 16/04/2026 00:00","CTA|DE(50Hertz)","IKS Schwedt SE1 Block 1","11WD8SCHW5X---19","Fossil Oil","11WD8SCHW5X---19","15/04/2026 08:00 - 15/04/2026 09:00","75.00",""
"15/04/2026 00:00 - 16/04/2026 00:00","CTA|DE(50Hertz)","IKS Schwedt SE1 Block 1","11WD8SCHW5X---19","Fossil Oil","11WD8SCHW5X---19","15/04/2026 09:00 - 15/04/2026 10:00","75.00",""
"15/04/2026 00:00 - 16/04/2026 00:00","CTA|DE(50Hertz)","IKS Schwedt SE1 Block 1","11WD8SCHW5X---19","Fossil Oil","11WD8SCHW5X---19","15/04/2026 10:00 - 15/04/2026 11:00","73.25",""
"15/04/2026 00:00 - 16/04/2026 00:00","CTA|DE(50Hertz)","IKS Schwedt SE1 Block 1","11WD8SCHW5X---19","Fossil Oil","11WD8SCHW5X---19","15/04/2026 11:00 - 15/04/2026 12:00","73.00",""
"15/04/2026 00:00 - 16/04/2026 00:00","CTA|DE(50Hertz)","IKS Schwedt SE1 Block 1","11WD8SCHW5X---19","Fossil Oil","11WD8SCHW5X---19","15/04/2026 12:00 - 15/04/2026 13:00","73.00",""
"15/04/2026 00:00 - 16/04/2026 00:00","CTA|DE(50Hertz)","IKS Schwedt SE1 Block 1","11WD8SCHW5X---19","Fossil Oil","11WD8SCHW5X---19","15/04/2026 13:00 - 15/04/2026 14:00","73.00",""
"15/04/2026 00:00 - 16/04/2026 00:00","CTA|DE(50Hertz)","IKS Schwedt SE1 Block 1","11WD8SCHW5X---19","Fossil Oil","11WD8SCHW5X---19","15/04/2026 14:00 - 15/04/2026 15:00","73.00",""
"15/04/2026 00:00 - 16/04/2026 00:00","CTA|DE(50Hertz)","IKS Schwedt SE1 Block 1","11WD8SCHW5X---19","Fossil Oil","11WD8SCHW5X---19","15/04/2026 15:00 - 15/04/2026 16:00","73.00",""
"15/04/2026 00:00 - 16/04/2026 00:00","CTA|DE(50Hertz)","IKS Schwedt SE1 Block 1","11WD8SCHW5X---19","Fossil Oil","11WD8SCHW5X---19","15/04/2026 16:00 - 15/04/2026 17:00","73.00",""
"15/04/2026 00:00 - 16/04/2026 00:00","CTA|DE(50Hertz)","IKS Schwedt SE1 Block 1","11WD8SCHW5X---19","Fossil Oil","11WD8SCHW5X---19","15/04/2026 17:00 - 15/04/2026 18:00","73.00",""
"15/04/2026 00:00 - 16/04/2026 00:00","CTA|DE(50Hertz)","IKS Schwedt SE1 Block 1","11WD8SCHW5X---19","Fossil Oil","11WD8SCHW5X---19","15/04/2026 18:00 - 15/04/2026 19:00","73.00",""
"15/04/2026 00:00 - 16/04/2026 00:00","CTA|DE(50Hertz)","IKS Schwedt SE1 Block 1","11WD8SCHW5X---19","Fossil Oil","11WD8SCHW5X---19","15/04/2026 19:00 - 15/04/2026 20:00","73.00",""
"15/04/2026 00:00 - 16/04/2026 00:00","CTA|DE(50Hertz)","IKS Schwedt SE1 Block 1","11WD8SCHW5X---19","Fossil Oil","11WD8SCHW5X---19","15/04/2026 20:00 - 15/04/2026 21:00","73.00",""
"15/04/2026 00:00 - 16/04/2026 00:00","CTA|DE(50Hertz)","IKS Schwedt SE1 Block 1","11WD8SCHW5X---19","Fossil Oil","11WD8SCHW5X---19","15/04/2026 21:00 - 15/04/2026 22:00","73.00",""
"15/04/2026 00:00 - 16/04/2026 00:00","CTA|DE(50Hertz)","IKS Schwedt SE1 Block 1","11WD8SCHW5X---19","Fossil Oil","11WD8SCHW5X---19","15/04/2026 22:00 - 15/04/2026 23:00","73.00",""
"15/04/2026 00:00 - 16/04/2026 00:00","CTA|DE(50Hertz)","IKS Schwedt SE1 Block 1","11WD8SCHW5X---19","Fossil Oil","11WD8SCHW5X---19","15/04/2026 23:00 - 16/04/2026 00:00","73.00",""
"15/04/2026 00:00 - 16/04/2026 00:00","CTA|DE(50Hertz)","IKS Schwedt SE2 Block 2","11WD8SCHW5X---27","Fossil Oil","11WD8SCHW5X---27","15/04/2026 00:00 - 15/04/2026 01:00","75.00",""
"15/04/2026 00:00 - 16/04/2026 00:00","CTA|DE(50Hertz)","IKS Schwedt SE2 Block 2","11WD8SCHW5X---27","Fossil Oil","11WD8SCHW5X---27","15/04/2026 01:00 - 15/04/2026 02:00","75.00",""
"15/04/2026 00:00 - 16/04/2026 00:00","CTA|DE(50Hertz)","IKS Schwedt SE2 Block 2","11WD8SCHW5X---27","Fossil Oil","11WD8SCHW5X---27","15/04/2026 02:00 - 15/04/2026 03:00","75.00",""
"15/04/2026 00:00 - 16/04/2026 00:00","CTA|DE(50Hertz)","IKS Schwedt SE2 Block 2","11WD8SCHW5X---27","Fossil Oil","11WD8SCHW5X---27","15/04/2026 03:00 - 15/04/2026 04:00","76.25",""
"15/04/2026 00:00 - 16/04/2026 00:00","CTA|DE(50Hertz)","IKS Schwedt SE2 Block 2","11WD8SCHW5X---27","Fossil Oil","11WD8SCHW5X---27","15/04/2026 04:00 - 15/04/2026 05:00","77.00",""
"15/04/2026 00:00 - 16/04/2026 00:00","CTA|DE(50Hertz)","IKS Schwedt SE2 Block 2","11WD8SCHW5X---27","Fossil Oil","11WD8SCHW5X---27","15/04/2026 05:00 - 15/04/2026 06:00","77.00",""
"15/04/2026 00:00 - 16/04/2026 00:00","CTA|DE(50Hertz)","IKS Schwedt SE2 Block 2","11WD8SCHW5X---27","Fossil Oil","11WD8SCHW5X---27","15/04/2026 06:00 - 15/04/2026 07:00","77.00",""
"15/04/2026 00:00 - 16/04/2026 00:00","CTA|DE(50Hertz)","IKS Schwedt SE2 Block 2","11WD8SCHW5X---27","Fossil Oil","11WD8SCHW5X---27","15/04/2026 07:00 - 15/04/2026 08:00","77.00",""
"15/04/2026 00:00 - 16/04/2026 00:00","CTA|DE(50Hertz)","IKS Schwedt SE2 Block 2","11WD8SCHW5X---27","Fossil Oil","11WD8SCHW5X---27","15/04/2026 08:00 - 15/04/2026 09:00","77.00",""
"15/04/2026 00:00 - 16/04/2026 00:00","CTA|DE(50Hertz)","IKS Schwedt SE2 Block 2","11WD8SCHW5X---27","Fossil Oil","11WD8SCHW5X---27","15/04/2026 09:00 - 15/04/2026 10:00","77.00",""
"15/04/2026 00:00 - 16/04/2026 00:00","CTA|DE(50Hertz)","IKS Schwedt SE2 Block 2","11WD8SCHW5X---27","Fossil Oil","11WD8SCHW5X---27","15/04/2026 10:00 - 15/04/2026 11:00","77.00",""
"15/04/2026 00:00 - 16/04/2026 00:00","CTA|DE(50Hertz)","IKS Schwedt SE2 Block 2","11WD8SCHW5X---27","Fossil Oil","11WD8SCHW5X---27","15/04/2026 11:00 - 15/04/2026 12:00","77.00",""
"15/04/2026 00:00 - 16/04/2026 00:00","CTA|DE(50Hertz)","IKS Schwedt SE2 Block 2","11WD8SCHW5X---27","Fossil Oil","11WD8SCHW5X---27","15/04/2026 12:00 - 15/04/2026 13:00","77.00",""
"15/04/2026 00:00 - 16/04/2026 00:00","CTA|DE(50Hertz)","IKS Schwedt SE2 Block 2","11WD8SCHW5X---27","Fossil Oil","11WD8SCHW5X---27","15/04/2026 13:00 - 15/04/2026 14:00","77.00",""
"15/04/2026 00:00 - 16/04/2026 00:00","CTA|DE(50Hertz)","IKS Schwedt SE2 Block 2","11WD8SCHW5X---27","Fossil Oil","11WD8SCHW5X---27","15/04/2026 14:00 - 15/04/2026 15:00","77.00",""
"15/04/2026 00:00 - 16/04/2026 00:00","CTA|DE(50Hertz)","IKS Schwedt SE2 Block 2","11WD8SCHW5X---27","Fossil Oil","11WD8SCHW5X---27","15/04/2026 15:00 - 15/04/2026 16:00","77.00",""
"15/04/2026 00:00 - 16/04/2026 00:00","CTA|DE(50Hertz)","IKS Schwedt SE2 Block 2","11WD8SCHW5X---27","Fossil Oil","11WD8SCHW5X---27","15/04/2026 16:00 - 15/04/2026 17:00","77.00",""
"15/04/2026 00:00 - 16/04/2026 00:00","CTA|DE(50Hertz)","IKS Schwedt SE2 Block 2","11WD8SCHW5X---27","Fossil Oil","11WD8SCHW5X---27","15/04/2026 17:00 - 15/04/2026 18:00","77.00",""
"15/04/2026 00:00 - 16/04/2026 00:00","CTA|DE(50Hertz)","IKS Schwedt SE2 Block 2","11WD8SCHW5X---27","Fossil Oil","11WD8SCHW5X---27","15/04/2026 18:00 - 15/04/2026 19:00","77.00",""
"15/04/2026 00:00 - 16/04/2026 00:00","CTA|DE(50Hertz)","IKS Schwedt SE2 Block 2","11WD8SCHW5X---27","Fossil Oil","11WD8SCHW5X---27","15/04/2026 19:00 - 15/04/2026 20:00","77.00",""
"15/04/2026 00:00 - 16/04/2026 00:00","CTA|DE(50Hertz)","IKS Schwedt SE2 Block 2","11WD8SCHW5X---27","Fossil Oil","11WD8SCHW5X---27","15/04/2026 20:00 - 15/04/2026 21:00","77.00",""
"15/04/2026 00:00 - 16/04/2026 00:00","CTA|DE(50Hertz)","IKS Schwedt SE2 Block 2","11WD8SCHW5X---27","Fossil Oil","11WD8SCHW5X---27","15/04/2026 21:00 - 15/04/2026 22:00","77.00",""
"15/04/2026 00:00 - 16/04/2026 00:00","CTA|DE(50Hertz)","IKS Schwedt SE2 Block 2","11WD8SCHW5X---27","Fossil Oil","11WD8SCHW5X---27","15/04/2026 22:00 - 15/04/2026 23:00","77.00",""
"15/04/2026 00:00 - 16/04/2026 00:00","CTA|DE(50Hertz)","IKS Schwedt SE2 Block 2","11WD8SCHW5X---27","Fossil Oil","11WD8SCHW5X---27","15/04/2026 23:00 - 16/04/2026 00:00","76.75",""
"15/04/2026 00:00 - 16/04/2026 00:00","CTA|DE(50Hertz)","KW Schwarze Pumpe Block A","11WD8SWPU1L---AK","Fossil Brown coal/Lignite","11WD8SWPU1L---AK","15/04/2026 00:00 - 15/04/2026 01:00","697.25",""
"15/04/2026 00:00 - 16/04/2026 00:00","CTA|DE(50Hertz)","KW Schwarze Pumpe Block A","11WD8SWPU1L---AK","Fossil Brown coal/Lignite","11WD8SWPU1L---AK","15/04/2026 01:00 - 15/04/2026 02:00","682.00",""
"15/04/2026 00:00 - 16/04/2026 00:00","CTA|DE(50Hertz)","KW Schwarze Pumpe Block A","11WD8SWPU1L---AK","Fossil Brown coal/Lignite","11WD8SWPU1L---AK","15/04/2026 02:00 - 15/04/2026 03:00","685.50",""
"15/04/2026 00:00 - 16/04/2026 00:00","CTA|DE(50Hertz)","KW Schwarze Pumpe Block A","11WD8SWPU1L---AK","Fossil Brown coal/Lignite","11WD8SWPU1L---AK","15/04/2026 03:00 - 15/04/2026 04:00","688.75",""
"15/04/2026 00:00 - 16/04/2026 00:00","CTA|DE(50Hertz)","KW Schwarze Pumpe Block A","11WD8SWPU1L---AK","Fossil Brown coal/Lignite","11WD8SWPU1L---AK","15/04/2026 04:00 - 15/04/2026 05:00","687.75",""
"15/04/2026 00:00 - 16/04/2026 00:00","CTA|DE(50Hertz)","KW Schwarze Pumpe Block A","11WD8SWPU1L---AK","Fossil Brown coal/Lignite","11WD8SWPU1L---AK","15/04/2026 05:00 - 15/04/2026 06:00","691.75",""
"15/04/2026 00:00 - 16/04/2026 00:00","CTA|DE(50Hertz)","KW Schwarze Pumpe Block A","11WD8SWPU1L---AK","Fossil Brown coal/Lignite","11WD8SWPU1L---AK","15/04/2026 06:00 - 15/04/2026 07:00","681.25",""
"15/04/2026 00:00 - 16/04/2026 00:00","CTA|DE(50Hertz)","KW Schwarze Pumpe Block A","11WD8SWPU1L---AK","Fossil Brown coal/Lignite","11WD8SWPU1L---AK","15/04/2026 07:00 - 15/04/2026 08:00","683.50",""
"15/04/2026 00:00 - 16/04/2026 00:00","CTA|DE(50Hertz)","KW Schwarze Pumpe Block A","11WD8SWPU1L---AK","Fossil Brown coal/Lignite","11WD8SWPU1L---AK","15/04/2026 08:00 - 15/04/2026 09:00","684.00",""
"15/04/2026 00:00 - 16/04/2026 00:00","CTA|DE(50Hertz)","KW Schwarze Pumpe Block A","11WD8SWPU1L---AK","Fossil Brown coal/Lignite","11WD8SWPU1L---AK","15/04/2026 09:00 - 15/04/2026 10:00","689.25",""
"15/04/2026 00:00 - 16/04/2026 00:00","CTA|DE(50Hertz)","KW Schwarze Pumpe Block A","11WD8SWPU1L---AK","Fossil Brown coal/Lignite","11WD8SWPU1L---AK","15/04/2026 10:00 - 15/04/2026 11:00","692.50",""
"15/04/2026 00:00 - 16/04/2026 00:00","CTA|DE(50Hertz)","KW Schwarze Pumpe Block A","11WD8SWPU1L---AK","Fossil Brown coal/Lignite","11WD8SWPU1L---AK","15/04/2026 11:00 - 15/04/2026 12:00","653.25",""
"15/04/2026 00:00 - 16/04/2026 00:00","CTA|DE(50Hertz)","KW Schwarze Pumpe Block A","11WD8SWPU1L---AK","Fossil Brown coal/Lignite","11WD8SWPU1L---AK","15/04/2026 12:00 - 15/04/2026 13:00","366.25",""
"15/04/2026 00:00 - 16/04/2026 00:00","CTA|DE(50Hertz)","KW Schwarze Pumpe Block A","11WD8SWPU1L---AK","Fossil Brown coal/Lignite","11WD8SWPU1L---AK","15/04/2026 13:00 - 15/04/2026 14:00","446.00",""
"15/04/2026 00:00 - 16/04/2026 00:00","CTA|DE(50Hertz)","KW Schwarze Pumpe Block A","11WD8SWPU1L---AK","Fossil Brown coal/Lignite","11WD8SWPU1L---AK","15/04/2026 14:00 - 15/04/2026 15:00","601.25",""
"15/04/2026 00:00 - 16/04/2026 00:00","CTA|DE(50Hertz)","KW Schwarze Pumpe Block A","11WD8SWPU1L---AK","Fossil Brown coal/Lignite","11WD8SWPU1L---AK","15/04/2026 15:00 - 15/04/2026 16:00","712.25",""
"15/04/2026 00:00 - 16/04/2026 00:00","CTA|DE(50Hertz)","KW Schwarze Pumpe Block A","11WD8SWPU1L---AK","Fossil Brown coal/Lignite","11WD8SWPU1L---AK","15/04/2026 16:00 - 15/04/2026 17:00","716.00",""
"15/04/2026 00:00 - 16/04/2026 00:00","CTA|DE(50Hertz)","KW Schwarze Pumpe Block A","11WD8SWPU1L---AK","Fossil Brown coal/Lignite","11WD8SWPU1L---AK","15/04/2026 17:00 - 15/04/2026 18:00","712.25",""
"15/04/2026 00:00 - 16/04/2026 00:00","CTA|DE(50Hertz)","KW Schwarze Pumpe Block A","11WD8SWPU1L---AK","Fossil Brown coal/Lignite","11WD8SWPU1L---AK","15/04/2026 18:00 - 15/04/2026 19:00","701.25",""
"15/04/2026 00:00 - 16/04/2026 00:00","CTA|DE(50Hertz)","KW Schwarze Pumpe Block A","11WD8SWPU1L---AK","Fossil Brown coal/Lignite","11WD8SWPU1L---AK","15/04/2026 19:00 - 15/04/2026 20:00","629.25",""
"15/04/2026 00:00 - 16/04/2026 00:00","CTA|DE(50Hertz)","KW Schwarze Pumpe Block A","11WD8SWPU1L---AK","Fossil Brown coal/Lignite","11WD8SWPU1L---AK","15/04/2026 20:00 - 15/04/2026 21:00","497.25",""
"15/04/2026 00:00 - 16/04/2026 00:00","CTA|DE(50Hertz)","KW Schwarze Pumpe Block A","11WD8SWPU1L---AK","Fossil Brown coal/Lignite","11WD8SWPU1L---AK","15/04/2026 21:00 - 15/04/2026 22:00","498.75",""
"15/04/2026 00:00 - 16/04/2026 00:00","CTA|DE(50Hertz)","KW Schwarze Pumpe Block A","11WD8SWPU1L---AK","Fossil Brown coal/Lignite","11WD8SWPU1L---AK","15/04/2026 22:00 - 15/04/2026 23:00","477.00",""
"15/04/2026 00:00 - 16/04/2026 00:00","CTA|DE(50Hertz)","KW Schwarze Pumpe Block A","11WD8SWPU1L---AK","Fossil Brown coal/Lignite","11WD8SWPU1L---AK","15/04/2026 23:00 - 16/04/2026 00:00","395.75",""
"15/04/2026 00:00 - 16/04/2026 00:00","CTA|DE(50Hertz)","KW Schwarze Pumpe Block B","11WD8SWPU1L---BI","Fossil Brown coal/Lignite","11WD8SWPU1L---BI","15/04/2026 00:00 - 15/04/2026 01:00","726.75",""
"15/04/2026 00:00 - 16/04/2026 00:00","CTA|DE(50Hertz)","KW Schwarze Pumpe Block B","11WD8SWPU1L---BI","Fossil Brown coal/Lignite","11WD8SWPU1L---BI","15/04/2026 01:00 - 15/04/2026 02:00","729.25",""
"15/04/2026 00:00 - 16/04/2026 00:00","CTA|DE(50Hertz)","KW Schwarze Pumpe Block B","11WD8SWPU1L---BI","Fossil Brown coal/Lignite","11WD8SWPU1L---BI","15/04/2026 02:00 - 15/04/2026 03:00","732.25",""
"15/04/2026 00:00 - 16/04/2026 00:00","CTA|DE(50Hertz)","KW Schwarze Pumpe Block B","11WD8SWPU1L---BI","Fossil Brown coal/Lignite","11WD8SWPU1L---BI","15/04/2026 03:00 - 15/04/2026 04:00","729.50",""
"15/04/2026 00:00 - 16/04/2026 00:00","CTA|DE(50Hertz)","KW Schwarze Pumpe Block B","11WD8SWPU1L---BI","Fossil Brown coal/Lignite","11WD8SWPU1L---BI","15/04/2026 04:00 - 15/04/2026 05:00","731.75",""
"15/04/2026 00:00 - 16/04/2026 00:00","CTA|DE(50Hertz)","KW Schwarze Pumpe Block B","11WD8SWPU1L---BI","Fossil Brown coal/Lignite","11WD8SWPU1L---BI","15/04/2026 05:00 - 15/04/2026 06:00","725.75",""
"15/04/2026 00:00 - 16/04/2026 00:00","CTA|DE(50Hertz)","KW Schwarze Pumpe Block B","11WD8SWPU1L---BI","Fossil Brown coal/Lignite","11WD8SWPU1L---BI","15/04/2026 06:00 - 15/04/2026 07:00","719.50",""
"15/04/2026 00:00 - 16/04/2026 00:00","CTA|DE(50Hertz)","KW Schwarze Pumpe Block B","11WD8SWPU1L---BI","Fossil Brown coal/Lignite","11WD8SWPU1L---BI","15/04/2026 07:00 - 15/04/2026 08:00","725.50",""
"15/04/2026 00:00 - 16/04/2026 00:00","CTA|DE(50Hertz)","KW Schwarze Pumpe Block B","11WD8SWPU1L---BI","Fossil Brown coal/Lignite","11WD8SWPU1L---BI","15/04/2026 08:00 - 15/04/2026 09:00","709.25",""
"15/04/2026 00:00 - 16/04/2026 00:00","CTA|DE(50Hertz)","KW Schwarze Pumpe Block B","11WD8SWPU1L---BI","Fossil Brown coal/Lignite","11WD8SWPU1L---BI","15/04/2026 09:00 - 15/04/2026 10:00","716.25",""
"15/04/2026 00:00 - 16/04/2026 00:00","CTA|DE(50Hertz)","KW Schwarze Pumpe Block B","11WD8SWPU1L---BI","Fossil Brown coal/Lignite","11WD8SWPU1L---BI","15/04/2026 10:00 - 15/04/2026 11:00","705.25",""
"15/04/2026 00:00 - 16/04/2026 00:00","CTA|DE(50Hertz)","KW Schwarze Pumpe Block B","11WD8SWPU1L---BI","Fossil Brown coal/Lignite","11WD8SWPU1L---BI","15/04/2026 11:00 - 15/04/2026 12:00","664.75",""
"15/04/2026 00:00 - 16/04/2026 00:00","CTA|DE(50Hertz)","KW Schwarze Pumpe Block B","11WD8SWPU1L---BI","Fossil Brown coal/Lignite","11WD8SWPU1L---BI","15/04/2026 12:00 - 15/04/2026 13:00","417.00",""
"15/04/2026 00:00 - 16/04/2026 00:00","CTA|DE(50Hertz)","KW Schwarze Pumpe Block B","11WD8SWPU1L---BI","Fossil Brown coal/Lignite","11WD8SWPU1L---BI","15/04/2026 13:00 - 15/04/2026 14:00","406.00",""
"15/04/2026 00:00 - 16/04/2026 00:00","CTA|DE(50Hertz)","KW Schwarze Pumpe Block B","11WD8SWPU1L---BI","Fossil Brown coal/Lignite","11WD8SWPU1L---BI","15/04/2026 14:00 - 15/04/2026 15:00","604.75",""
"15/04/2026 00:00 - 16/04/2026 00:00","CTA|DE(50Hertz)","KW Schwarze Pumpe Block B","11WD8SWPU1L---BI","Fossil Brown coal/Lignite","11WD8SWPU1L---BI","15/04/2026 15:00 - 15/04/2026 16:00","717.00",""
"15/04/2026 00:00 - 16/04/2026 00:00","CTA|DE(50Hertz)","KW Schwarze Pumpe Block B","11WD8SWPU1L---BI","Fossil Brown coal/Lignite","11WD8SWPU1L---BI","15/04/2026 16:00 - 15/04/2026 17:00","724.00",""
"15/04/2026 00:00 - 16/04/2026 00:00","CTA|DE(50Hertz)","KW Schwarze Pumpe Block B","11WD8SWPU1L---BI","Fossil Brown coal/Lignite","11WD8SWPU1L---BI","15/04/2026 17:00 - 15/04/2026 18:00","715.25",""
"15/04/2026 00:00 - 16/04/2026 00:00","CTA|DE(50Hertz)","KW Schwarze Pumpe Block B","11WD8SWPU1L---BI","Fossil Brown coal/Lignite","11WD8SWPU1L---BI","15/04/2026 18:00 - 15/04/2026 19:00","725.75",""
"15/04/2026 00:00 - 16/04/2026 00:00","CTA|DE(50Hertz)","KW Schwarze Pumpe Block B","11WD8SWPU1L---BI","Fossil Brown coal/Lignite","11WD8SWPU1L---BI","15/04/2026 19:00 - 15/04/2026 20:00","726.25",""
"15/04/2026 00:00 - 16/04/2026 00:00","CTA|DE(50Hertz)","KW Schwarze Pumpe Block B","11WD8SWPU1L---BI","Fossil Brown coal/Lignite","11WD8SWPU1L---BI","15/04/2026 20:00 - 15/04/2026 21:00","723.75",""
"15/04/2026 00:00 - 16/04/2026 00:00","CTA|DE(50Hertz)","KW Schwarze Pumpe Block B","11WD8SWPU1L---BI","Fossil Brown coal/Lignite","11WD8SWPU1L---BI","15/04/2026 21:00 - 15/04/2026 22:00","712.75",""
"15/04/2026 00:00 - 16/04/2026 00:00","CTA|DE(50Hertz)","KW Schwarze Pumpe Block B","11WD8SWPU1L---BI","Fossil Brown coal/Lignite","11WD8SWPU1L---BI","15/04/2026 22:00 - 15/04/2026 23:00","725.25",""
"15/04/2026 00:00 - 16/04/2026 00:00","CTA|DE(50Hertz)","KW Schwarze Pumpe Block B","11WD8SWPU1L---BI","Fossil Brown coal/Lignite","11WD8SWPU1L---BI","15/04/2026 23:00 - 16/04/2026 00:00","699.50",""
"15/04/2026 00:00 - 16/04/2026 00:00","CTA|DE(50Hertz)","HKW Tiefstack Block 2","11WD8TIEF5C----9","Fossil Hard coal","11WD8TIEF5C----9","15/04/2026 00:00 - 15/04/2026 01:00","164.50",""
"15/04/2026 00:00 - 16/04/2026 00:00","CTA|DE(50Hertz)","HKW Tiefstack Block 2","11WD8TIEF5C----9","Fossil Hard coal","11WD8TIEF5C----9","15/04/2026 01:00 - 15/04/2026 02:00","163.50",""
"15/04/2026 00:00 - 16/04/2026 00:00","CTA|DE(50Hertz)","HKW Tiefstack Block 2","11WD8TIEF5C----9","Fossil Hard coal","11WD8TIEF5C----9","15/04/2026 02:00 - 15/04/2026 03:00","163.25",""
"15/04/2026 00:00 - 16/04/2026 00:00","CTA|DE(50Hertz)","HKW Tiefstack Block 2","11WD8TIEF5C----9","Fossil Hard coal","11WD8TIEF5C----9","15/04/2026 03:00 - 15/04/2026 04:00","162.50",""
"15/04/2026 00:00 - 16/04/2026 00:00","CTA|DE(50Hertz)","HKW Tiefstack Block 2","11WD8TIEF5C----9","Fossil Hard coal","11WD8TIEF5C----9","15/04/2026 04:00 - 15/04/2026 05:00","160.00",""
"15/04/2026 00:00 - 16/04/2026 00:00","CTA|DE(50Hertz)","HKW Tiefstack Block 2","11WD8TIEF5C----9","Fossil Hard coal","11WD8TIEF5C----9","15/04/2026 05:00 - 15/04/2026 06:00","157.50",""
"15/04/2026 00:00 - 16/04/2026 00:00","CTA|DE(50Hertz)","HKW Tiefstack Block 2","11WD8TIEF5C----9","Fossil Hard coal","11WD8TIEF5C----9","15/04/2026 06:00 - 15/04/2026 07:00","151.75",""
"15/04/2026 00:00 - 16/04/2026 00:00","CTA|DE(50Hertz)","HKW Tiefstack Block 2","11WD8TIEF5C----9","Fossil Hard coal","11WD8TIEF5C----9","15/04/2026 07:00 - 15/04/2026 08:00","147.50",""
"15/04/2026 00:00 - 16/04/2026 00:00","CTA|DE(50Hertz)","HKW Tiefstack Block 2","11WD8TIEF5C----9","Fossil Hard coal","11WD8TIEF5C----9","15/04/2026 08:00 - 15/04/2026 09:00","153.00",""
"15/04/2026 00:00 - 16/04/2026 00:00","CTA|DE(50Hertz)","HKW Tiefstack Block 2","11WD8TIEF5C----9","Fossil Hard coal","11WD8TIEF5C----9","15/04/2026 09:00 - 15/04/2026 10:00","161.75",""
"15/04/2026 00:00 - 16/04/2026 00:00","CTA|DE(50Hertz)","HKW Tiefstack Block 2","11WD8TIEF5C----9","Fossil Hard coal","11WD8TIEF5C----9","15/04/2026 10:00 - 15/04/2026 11:00","109.75",""
"15/04/2026 00:00 - 16/04/2026 00:00","CTA|DE(50Hertz)","HKW Tiefstack Block 2","11WD8TIEF5C----9","Fossil Hard coal","11WD8TIEF5C----9","15/04/2026 11:00 - 15/04/2026 12:00","89.50",""
"15/04/2026 00:00 - 16/04/2026 00:00","CTA|DE(50Hertz)","HKW Tiefstack Block 2","11WD8TIEF5C----9","Fossil Hard coal","11WD8TIEF5C----9","15/04/2026 12:00 - 15/04/2026 13:00","86.75",""
"15/04/2026 00:00 - 16/04/2026 00:00","CTA|DE(50Hertz)","HKW Tiefstack Block 2","11WD8TIEF5C----9","Fossil Hard coal","11WD8TIEF5C----9","15/04/2026 13:00 - 15/04/2026 14:00","87.00",""
"15/04/2026 00:00 - 16/04/2026 00:00","CTA|DE(50Hertz)","HKW Tiefstack Block 2","11WD8TIEF5C----9","Fossil Hard coal","11WD8TIEF5C----9","15/04/2026 14:00 - 15/04/2026 15:00","2.00",""
"15/04/2026 00:00 - 16/04/2026 00:00","CTA|DE(50Hertz)","HKW Tiefstack Block 2","11WD8TIEF5C----9","Fossil Hard coal","11WD8TIEF5C----9","15/04/2026 15:00 - 15/04/2026 16:00","0.00",""
"15/04/2026 00:00 - 16/04/2026 00:00","CTA|DE(50Hertz)","HKW Tiefstack Block 2","11WD8TIEF5C----9","Fossil Hard coal","11WD8TIEF5C----9","15/04/2026 16:00 - 15/04/2026 17:00","0.00",""
"15/04/2026 00:00 - 16/04/2026 00:00","CTA|DE(50Hertz)","HKW Tiefstack Block 2","11WD8TIEF5C----9","Fossil Hard coal","11WD8TIEF5C----9","15/04/2026 17:00 - 15/04/2026 18:00","0.00",""
"15/04/2026 00:00 - 16/04/2026 00:00","CTA|DE(50Hertz)","HKW Tiefstack Block 2","11WD8TIEF5C----9","Fossil Hard coal","11WD8TIEF5C----9","15/04/2026 18:00 - 15/04/2026 19:00","0.00",""
"15/04/2026 00:00 - 16/04/2026 00:00","CTA|DE(50Hertz)","HKW Tiefstack Block 2","11WD8TIEF5C----9","Fossil Hard coal","11WD8TIEF5C----9","15/04/2026 19:00 - 15/04/2026 20:00","2.25",""
"15/04/2026 00:00 - 16/04/2026 00:00","CTA|DE(50Hertz)","HKW Tiefstack Block 2","11WD8TIEF5C----9","Fossil Hard coal","11WD8TIEF5C----9","15/04/2026 20:00 - 15/04/2026 21:00","61.50",""
"15/04/2026 00:00 - 16/04/2026 00:00","CTA|DE(50Hertz)","HKW Tiefstack Block 2","11WD8TIEF5C----9","Fossil Hard coal","11WD8TIEF5C----9","15/04/2026 21:00 - 15/04/2026 22:00","137.75",""
"15/04/2026 00:00 - 16/04/2026 00:00","CTA|DE(50Hertz)","HKW Tiefstack Block 2","11WD8TIEF5C----9","Fossil Hard coal","11WD8TIEF5C----9","15/04/2026 22:00 - 15/04/2026 23:00","150.25",""
"15/04/2026 00:00 - 16/04/2026 00:00","CTA|DE(50Hertz)","HKW Tiefstack Block 2","11WD8TIEF5C----9","Fossil Hard coal","11WD8TIEF5C----9","15/04/2026 23:00 - 16/04/2026 00:00","157.25",""
"15/04/2026 00:00 - 16/04/2026 00:00","CTA|DE(50Hertz)","HKW Tiefstack GuD","11WD8TIEF5G-GUDI","Fossil Gas","11WD8TIEF5G-GUDI","15/04/2026 00:00 - 15/04/2026 01:00","0.00",""
"15/04/2026 00:00 - 16/04/2026 00:00","CTA|DE(50Hertz)","HKW Tiefstack GuD","11WD8TIEF5G-GUDI","Fossil Gas","11WD8TIEF5G-GUDI","15/04/2026 01:00 - 15/04/2026 02:00","0.00",""
"15/04/2026 00:00 - 16/04/2026 00:00","CTA|DE(50Hertz)","HKW Tiefstack GuD","11WD8TIEF5G-GUDI","Fossil Gas","11WD8TIEF5G-GUDI","15/04/2026 02:00 - 15/04/2026 03:00","0.00",""
"15/04/2026 00:00 - 16/04/2026 00:00","CTA|DE(50Hertz)","HKW Tiefstack GuD","11WD8TIEF5G-GUDI","Fossil Gas","11WD8TIEF5G-GUDI","15/04/2026 03:00 - 15/04/2026 04:00","0.00",""
"15/04/2026 00:00 - 16/04/2026 00:00","CTA|DE(50Hertz)","HKW Tiefstack GuD","11WD8TIEF5G-GUDI","Fossil Gas","11WD8TIEF5G-GUDI","15/04/2026 04:00 - 15/04/2026 05:00","0.00",""
"15/04/2026 00:00 - 16/04/2026 00:00","CTA|DE(50Hertz)","HKW Tiefstack GuD","11WD8TIEF5G-GUDI","Fossil Gas","11WD8TIEF5G-GUDI","15/04/2026 05:00 - 15/04/2026 06:00","0.00",""
"15/04/2026 00:00 - 16/04/2026 00:00","CTA|DE(50Hertz)","HKW Tiefstack GuD","11WD8TIEF5G-GUDI","Fossil Gas","11WD8TIEF5G-GUDI","15/04/2026 06:00 - 15/04/2026 07:00","0.00",""
"15/04/2026 00:00 - 16/04/2026 00:00","CTA|DE(50Hertz)","HKW Tiefstack GuD","11WD8TIEF5G-GUDI","Fossil Gas","11WD8TIEF5G-GUDI","15/04/2026 07:00 - 15/04/2026 08:00","0.00",""
"15/04/2026 00:00 - 16/04/2026 00:00","CTA|DE(50Hertz)","HKW Tiefstack GuD","11WD8TIEF5G-GUDI","Fossil Gas","11WD8TIEF5G-GUDI","15/04/2026 08:00 - 15/04/2026 09:00","0.00",""
"15/04/2026 00:00 - 16/04/2026 00:00","CTA|DE(50Hertz)","HKW Tiefstack GuD","11WD8TIEF5G-GUDI","Fossil Gas","11WD8TIEF5G-GUDI","15/04/2026 09:00 - 15/04/2026 10:00","0.75",""
"15/04/2026 00:00 - 16/04/2026 00:00","CTA|DE(50Hertz)","HKW Tiefstack GuD","11WD8TIEF5G-GUDI","Fossil Gas","11WD8TIEF5G-GUDI","15/04/2026 10:00 - 15/04/2026 11:00","10.00",""
"15/04/2026 00:00 - 16/04/2026 00:00","CTA|DE(50Hertz)","HKW Tiefstack GuD","11WD8TIEF5G-GUDI","Fossil Gas","11WD8TIEF5G-GUDI","15/04/2026 11:00 - 15/04/2026 12:00","9.00",""
"15/04/2026 00:00 - 16/04/2026 00:00","CTA|DE(50Hertz)","HKW Tiefstack GuD","11WD8TIEF5G-GUDI","Fossil Gas","11WD8TIEF5G-GUDI","15/04/2026 12:00 - 15/04/2026 13:00","11.00",""
"15/04/2026 00:00 - 16/04/2026 00:00","CTA|DE(50Hertz)","HKW Tiefstack GuD","11WD8TIEF5G-GUDI","Fossil Gas","11WD8TIEF5G-GUDI","15/04/2026 13:00 - 15/04/2026 14:00","10.25",""
"15/04/2026 00:00 - 16/04/2026 00:00","CTA|DE(50Hertz)","HKW Tiefstack GuD","11WD8TIEF5G-GUDI","Fossil Gas","11WD8TIEF5G-GUDI","15/04/2026 14:00 - 15/04/2026 15:00","10.25",""
"15/04/2026 00:00 - 16/04/2026 00:00","CTA|DE(50Hertz)","HKW Tiefstack GuD","11WD8TIEF5G-GUDI","Fossil Gas","11WD8TIEF5G-GUDI","15/04/2026 15:00 - 15/04/2026 16:00","10.25",""
"15/04/2026 00:00 - 16/04/2026 00:00","CTA|DE(50Hertz)","HKW Tiefstack GuD","11WD8TIEF5G-GUDI","Fossil Gas","11WD8TIEF5G-GUDI","15/04/2026 16:00 - 15/04/2026 17:00","3.50",""
"15/04/2026 00:00 - 16/04/2026 00:00","CTA|DE(50Hertz)","HKW Tiefstack GuD","11WD8TIEF5G-GUDI","Fossil Gas","11WD8TIEF5G-GUDI","15/04/2026 17:00 - 15/04/2026 18:00","67.25",""
"15/04/2026 00:00 - 16/04/2026 00:00","CTA|DE(50Hertz)","HKW Tiefstack GuD","11WD8TIEF5G-GUDI","Fossil Gas","11WD8TIEF5G-GUDI","15/04/2026 18:00 - 15/04/2026 19:00","100.00",""
"15/04/2026 00:00 - 16/04/2026 00:00","CTA|DE(50Hertz)","HKW Tiefstack GuD","11WD8TIEF5G-GUDI","Fossil Gas","11WD8TIEF5G-GUDI","15/04/2026 19:00 - 15/04/2026 20:00","102.75",""
"15/04/2026 00:00 - 16/04/2026 00:00","CTA|DE(50Hertz)","HKW Tiefstack GuD","11WD8TIEF5G-GUDI","Fossil Gas","11WD8TIEF5G-GUDI","15/04/2026 20:00 - 15/04/2026 21:00","104.00",""
"15/04/2026 00:00 - 16/04/2026 00:00","CTA|DE(50Hertz)","HKW Tiefstack GuD","11WD8TIEF5G-GUDI","Fossil Gas","11WD8TIEF5G-GUDI","15/04/2026 21:00 - 15/04/2026 22:00","67.50",""
"15/04/2026 00:00 - 16/04/2026 00:00","CTA|DE(50Hertz)","HKW Tiefstack GuD","11WD8TIEF5G-GUDI","Fossil Gas","11WD8TIEF5G-GUDI","15/04/2026 22:00 - 15/04/2026 23:00","15.25",""
"15/04/2026 00:00 - 16/04/2026 00:00","CTA|DE(50Hertz)","HKW Tiefstack GuD","11WD8TIEF5G-GUDI","Fossil Gas","11WD8TIEF5G-GUDI","15/04/2026 23:00 - 16/04/2026 00:00","2.00",""
"15/04/2026 00:00 - 16/04/2026 00:00","CTA|DE(50Hertz)","HKW Wedel Block 1","11WD8WED15C---1M","Fossil Hard coal","11WD8WED15C---1M","15/04/2026 00:00 - 15/04/2026 01:00","79.00",""
"15/04/2026 00:00 - 16/04/2026 00:00","CTA|DE(50Hertz)","HKW Wedel Block 1","11WD8WED15C---1M","Fossil Hard coal","11WD8WED15C---1M","15/04/2026 01:00 - 15/04/2026 02:00","78.00",""
"15/04/2026 00:00 - 16/04/2026 00:00","CTA|DE(50Hertz)","HKW Wedel Block 1","11WD8WED15C---1M","Fossil Hard coal","11WD8WED15C---1M","15/04/2026 02:00 - 15/04/2026 03:00","79.00",""
"15/04/2026 00:00 - 16/04/2026 00:00","CTA|DE(50Hertz)","HKW Wedel Block 1","11WD8WED15C---1M","Fossil Hard coal","11WD8WED15C---1M","15/04/2026 03:00 - 15/04/2026 04:00","78.75",""
"15/04/2026 00:00 - 16/04/2026 00:00","CTA|DE(50Hertz)","HKW Wedel Block 1","11WD8WED15C---1M","Fossil Hard coal","11WD8WED15C---1M","15/04/2026 04:00 - 15/04/2026 05:00","77.25",""
"15/04/2026 00:00 - 16/04/2026 00:00","CTA|DE(50Hertz)","HKW Wedel Block 1","11WD8WED15C---1M","Fossil Hard coal","11WD8WED15C---1M","15/04/2026 05:00 - 15/04/2026 06:00","75.50",""
"15/04/2026 00:00 - 16/04/2026 00:00","CTA|DE(50Hertz)","HKW Wedel Block 1","11WD8WED15C---1M","Fossil Hard coal","11WD8WED15C---1M","15/04/2026 06:00 - 15/04/2026 07:00","72.50",""
"15/04/2026 00:00 - 16/04/2026 00:00","CTA|DE(50Hertz)","HKW Wedel Block 1","11WD8WED15C---1M","Fossil Hard coal","11WD8WED15C---1M","15/04/2026 07:00 - 15/04/2026 08:00","72.00",""
"15/04/2026 00:00 - 16/04/2026 00:00","CTA|DE(50Hertz)","HKW Wedel Block 1","11WD8WED15C---1M","Fossil Hard coal","11WD8WED15C---1M","15/04/2026 08:00 - 15/04/2026 09:00","72.50",""
"15/04/2026 00:00 - 16/04/2026 00:00","CTA|DE(50Hertz)","HKW Wedel Block 1","11WD8WED15C---1M","Fossil Hard coal","11WD8WED15C---1M","15/04/2026 09:00 - 15/04/2026 10:00","75.50",""
"15/04/2026 00:00 - 16/04/2026 00:00","CTA|DE(50Hertz)","HKW Wedel Block 1","11WD8WED15C---1M","Fossil Hard coal","11WD8WED15C---1M","15/04/2026 10:00 - 15/04/2026 11:00","51.75",""
"15/04/2026 00:00 - 16/04/2026 00:00","CTA|DE(50Hertz)","HKW Wedel Block 1","11WD8WED15C---1M","Fossil Hard coal","11WD8WED15C---1M","15/04/2026 11:00 - 15/04/2026 12:00","41.00",""
"15/04/2026 00:00 - 16/04/2026 00:00","CTA|DE(50Hertz)","HKW Wedel Block 1","11WD8WED15C---1M","Fossil Hard coal","11WD8WED15C---1M","15/04/2026 12:00 - 15/04/2026 13:00","42.00",""
"15/04/2026 00:00 - 16/04/2026 00:00","CTA|DE(50Hertz)","HKW Wedel Block 1","11WD8WED15C---1M","Fossil Hard coal","11WD8WED15C---1M","15/04/2026 13:00 - 15/04/2026 14:00","42.50",""
"15/04/2026 00:00 - 16/04/2026 00:00","CTA|DE(50Hertz)","HKW Wedel Block 1","11WD8WED15C---1M","Fossil Hard coal","11WD8WED15C---1M","15/04/2026 14:00 - 15/04/2026 15:00","42.50",""
"15/04/2026 00:00 - 16/04/2026 00:00","CTA|DE(50Hertz)","HKW Wedel Block 1","11WD8WED15C---1M","Fossil Hard coal","11WD8WED15C---1M","15/04/2026 15:00 - 15/04/2026 16:00","45.25",""
"15/04/2026 00:00 - 16/04/2026 00:00","CTA|DE(50Hertz)","HKW Wedel Block 1","11WD8WED15C---1M","Fossil Hard coal","11WD8WED15C---1M","15/04/2026 16:00 - 15/04/2026 17:00","69.75",""
"15/04/2026 00:00 - 16/04/2026 00:00","CTA|DE(50Hertz)","HKW Wedel Block 1","11WD8WED15C---1M","Fossil Hard coal","11WD8WED15C---1M","15/04/2026 17:00 - 15/04/2026 18:00","84.50",""
"15/04/2026 00:00 - 16/04/2026 00:00","CTA|DE(50Hertz)","HKW Wedel Block 1","11WD8WED15C---1M","Fossil Hard coal","11WD8WED15C---1M","15/04/2026 18:00 - 15/04/2026 19:00","84.50",""
"15/04/2026 00:00 - 16/04/2026 00:00","CTA|DE(50Hertz)","HKW Wedel Block 1","11WD8WED15C---1M","Fossil Hard coal","11WD8WED15C---1M","15/04/2026 19:00 - 15/04/2026 20:00","82.50",""
"15/04/2026 00:00 - 16/04/2026 00:00","CTA|DE(50Hertz)","HKW Wedel Block 1","11WD8WED15C---1M","Fossil Hard coal","11WD8WED15C---1M","15/04/2026 20:00 - 15/04/2026 21:00","81.25",""
"15/04/2026 00:00 - 16/04/2026 00:00","CTA|DE(50Hertz)","HKW Wedel Block 1","11WD8WED15C---1M","Fossil Hard coal","11WD8WED15C---1M","15/04/2026 21:00 - 15/04/2026 22:00","83.00",""
"15/04/2026 00:00 - 16/04/2026 00:00","CTA|DE(50Hertz)","HKW Wedel Block 1","11WD8WED15C---1M","Fossil Hard coal","11WD8WED15C---1M","15/04/2026 22:00 - 15/04/2026 23:00","83.25",""
"15/04/2026 00:00 - 16/04/2026 00:00","CTA|DE(50Hertz)","HKW Wedel Block 1","11WD8WED15C---1M","Fossil Hard coal","11WD8WED15C---1M","15/04/2026 23:00 - 16/04/2026 00:00","84.25",""
"15/04/2026 00:00 - 16/04/2026 00:00","CTA|DE(50Hertz)","HKW Wedel Block 2","11WD8WED15C---2K","Fossil Hard coal","11WD8WED15C---2K","15/04/2026 00:00 - 15/04/2026 01:00","82.00",""
"15/04/2026 00:00 - 16/04/2026 00:00","CTA|DE(50Hertz)","HKW Wedel Block 2","11WD8WED15C---2K","Fossil Hard coal","11WD8WED15C---2K","15/04/2026 01:00 - 15/04/2026 02:00","82.00",""
"15/04/2026 00:00 - 16/04/2026 00:00","CTA|DE(50Hertz)","HKW Wedel Block 2","11WD8WED15C---2K","Fossil Hard coal","11WD8WED15C---2K","15/04/2026 02:00 - 15/04/2026 03:00","82.00",""
"15/04/2026 00:00 - 16/04/2026 00:00","CTA|DE(50Hertz)","HKW Wedel Block 2","11WD8WED15C---2K","Fossil Hard coal","11WD8WED15C---2K","15/04/2026 03:00 - 15/04/2026 04:00","81.25",""
"15/04/2026 00:00 - 16/04/2026 00:00","CTA|DE(50Hertz)","HKW Wedel Block 2","11WD8WED15C---2K","Fossil Hard coal","11WD8WED15C---2K","15/04/2026 04:00 - 15/04/2026 05:00","81.25",""
"15/04/2026 00:00 - 16/04/2026 00:00","CTA|DE(50Hertz)","HKW Wedel Block 2","11WD8WED15C---2K","Fossil Hard coal","11WD8WED15C---2K","15/04/2026 05:00 - 15/04/2026 06:00","80.25",""
"15/04/2026 00:00 - 16/04/2026 00:00","CTA|DE(50Hertz)","HKW Wedel Block 2","11WD8WED15C---2K","Fossil Hard coal","11WD8WED15C---2K","15/04/2026 06:00 - 15/04/2026 07:00","80.25",""
"15/04/2026 00:00 - 16/04/2026 00:00","CTA|DE(50Hertz)","HKW Wedel Block 2","11WD8WED15C---2K","Fossil Hard coal","11WD8WED15C---2K","15/04/2026 07:00 - 15/04/2026 08:00","79.50",""
"15/04/2026 00:00 - 16/04/2026 00:00","CTA|DE(50Hertz)","HKW Wedel Block 2","11WD8WED15C---2K","Fossil Hard coal","11WD8WED15C---2K","15/04/2026 08:00 - 15/04/2026 09:00","80.50",""
"15/04/2026 00:00 - 16/04/2026 00:00","CTA|DE(50Hertz)","HKW Wedel Block 2","11WD8WED15C---2K","Fossil Hard coal","11WD8WED15C---2K","15/04/2026 09:00 - 15/04/2026 10:00","81.75",""
"15/04/2026 00:00 - 16/04/2026 00:00","CTA|DE(50Hertz)","HKW Wedel Block 2","11WD8WED15C---2K","Fossil Hard coal","11WD8WED15C---2K","15/04/2026 10:00 - 15/04/2026 11:00","61.25",""
"15/04/2026 00:00 - 16/04/2026 00:00","CTA|DE(50Hertz)","HKW Wedel Block 2","11WD8WED15C---2K","Fossil Hard coal","11WD8WED15C---2K","15/04/2026 11:00 - 15/04/2026 12:00","32.25",""
"15/04/2026 00:00 - 16/04/2026 00:00","CTA|DE(50Hertz)","HKW Wedel Block 2","11WD8WED15C---2K","Fossil Hard coal","11WD8WED15C---2K","15/04/2026 12:00 - 15/04/2026 13:00","31.75",""
"15/04/2026 00:00 - 16/04/2026 00:00","CTA|DE(50Hertz)","HKW Wedel Block 2","11WD8WED15C---2K","Fossil Hard coal","11WD8WED15C---2K","15/04/2026 13:00 - 15/04/2026 14:00","32.75",""
"15/04/2026 00:00 - 16/04/2026 00:00","CTA|DE(50Hertz)","HKW Wedel Block 2","11WD8WED15C---2K","Fossil Hard coal","11WD8WED15C---2K","15/04/2026 14:00 - 15/04/2026 15:00","32.50",""
"15/04/2026 00:00 - 16/04/2026 00:00","CTA|DE(50Hertz)","HKW Wedel Block 2","11WD8WED15C---2K","Fossil Hard coal","11WD8WED15C---2K","15/04/2026 15:00 - 15/04/2026 16:00","33.50",""
"15/04/2026 00:00 - 16/04/2026 00:00","CTA|DE(50Hertz)","HKW Wedel Block 2","11WD8WED15C---2K","Fossil Hard coal","11WD8WED15C---2K","15/04/2026 16:00 - 15/04/2026 17:00","59.00",""
"15/04/2026 00:00 - 16/04/2026 00:00","CTA|DE(50Hertz)","HKW Wedel Block 2","11WD8WED15C---2K","Fossil Hard coal","11WD8WED15C---2K","15/04/2026 17:00 - 15/04/2026 18:00","89.75",""
"15/04/2026 00:00 - 16/04/2026 00:00","CTA|DE(50Hertz)","HKW Wedel Block 2","11WD8WED15C---2K","Fossil Hard coal","11WD8WED15C---2K","15/04/2026 18:00 - 15/04/2026 19:00","91.00",""
"15/04/2026 00:00 - 16/04/2026 00:00","CTA|DE(50Hertz)","HKW Wedel Block 2","11WD8WED15C---2K","Fossil Hard coal","11WD8WED15C---2K","15/04/2026 19:00 - 15/04/2026 20:00","90.75",""
"15/04/2026 00:00 - 16/04/2026 00:00","CTA|DE(50Hertz)","HKW Wedel Block 2","11WD8WED15C---2K","Fossil Hard coal","11WD8WED15C---2K","15/04/2026 20:00 - 15/04/2026 21:00","90.00",""
"15/04/2026 00:00 - 16/04/2026 00:00","CTA|DE(50Hertz)","HKW Wedel Block 2","11WD8WED15C---2K","Fossil Hard coal","11WD8WED15C---2K","15/04/2026 21:00 - 15/04/2026 22:00","91.00",""
"15/04/2026 00:00 - 16/04/2026 00:00","CTA|DE(50Hertz)","HKW Wedel Block 2","11WD8WED15C---2K","Fossil Hard coal","11WD8WED15C---2K","15/04/2026 22:00 - 15/04/2026 23:00","92.25",""
"15/04/2026 00:00 - 16/04/2026 00:00","CTA|DE(50Hertz)","HKW Wedel Block 2","11WD8WED15C---2K","Fossil Hard coal","11WD8WED15C---2K","15/04/2026 23:00 - 16/04/2026 00:00","93.00",""
"15/04/2026 00:00 - 16/04/2026 00:00","CTA|DE(TenneT GER)","Sued GuD1 GT11","11W0-0000-0241-V","Fossil Gas","11W0-0000-0241-V","15/04/2026 00:00 - 15/04/2026 01:00","n/e","n/e"
"15/04/2026 00:00 - 16/04/2026 00:00","CTA|DE(TenneT GER)","Sued GuD1 GT11","11W0-0000-0241-V","Fossil Gas","11W0-0000-0241-V","15/04/2026 01:00 - 15/04/2026 02:00","n/e","n/e"
"15/04/2026 00:00 - 16/04/2026 00:00","CTA|DE(TenneT GER)","Sued GuD1 GT11","11W0-0000-0241-V","Fossil Gas","11W0-0000-0241-V","15/04/2026 02:00 - 15/04/2026 03:00","n/e","n/e"
"15/04/2026 00:00 - 16/04/2026 00:00","CTA|DE(TenneT GER)","Sued GuD1 GT11","11W0-0000-0241-V","Fossil Gas","11W0-0000-0241-V","15/04/2026 03:00 - 15/04/2026 04:00","n/e","n/e"
"15/04/2026 00:00 - 16/04/2026 00:00","CTA|DE(TenneT GER)","Sued GuD1 GT11","11W0-0000-0241-V","Fossil Gas","11W0-0000-0241-V","15/04/2026 04:00 - 15/04/2026 05:00","n/e","n/e"
"15/04/2026 00:00 - 16/04/2026 00:00","CTA|DE(TenneT GER)","Sued GuD1 GT11","11W0-0000-0241-V","Fossil Gas","11W0-0000-0241-V","15/04/2026 05:00 - 15/04/2026 06:00","n/e","n/e"
"15/04/2026 00:00 - 16/04/2026 00:00","CTA|DE(TenneT GER)","Sued GuD1 GT11","11W0-0000-0241-V","Fossil Gas","11W0-0000-0241-V","15/04/2026 06:00 - 15/04/2026 07:00","n/e","n/e"
"15/04/2026 00:00 - 16/04/2026 00:00","CTA|DE(TenneT GER)","Sued GuD1 GT11","11W0-0000-0241-V","Fossil Gas","11W0-0000-0241-V","15/04/2026 07:00 - 15/04/2026 08:00","n/e","n/e"
"15/04/2026 00:00 - 16/04/2026 00:00","CTA|DE(TenneT GER)","Sued GuD1 GT11","11W0-0000-0241-V","Fossil Gas","11W0-0000-0241-V","15/04/2026 08:00 - 15/04/2026 09:00","n/e","n/e"
"15/04/2026 00:00 - 16/04/2026 00:00","CTA|DE(TenneT GER)","Sued GuD1 GT11","11W0-0000-0241-V","Fossil Gas","11W0-0000-0241-V","15/04/2026 09:00 - 15/04/2026 10:00","n/e","n/e"
"15/04/2026 00:00 - 16/04/2026 00:00","CTA|DE(TenneT GER)","Sued GuD1 GT11","11W0-0000-0241-V","Fossil Gas","11W0-0000-0241-V","15/04/2026 10:00 - 15/04/2026 11:00","n/e","n/e"
"15/04/2026 00:00 - 16/04/2026 00:00","CTA|DE(TenneT GER)","Sued GuD1 GT11","11W0-0000-0241-V","Fossil Gas","11W0-0000-0241-V","15/04/2026 11:00 - 15/04/2026 12:00","n/e","n/e"
"15/04/2026 00:00 - 16/04/2026 00:00","CTA|DE(TenneT GER)","Sued GuD1 GT11","11W0-0000-0241-V","Fossil Gas","11W0-0000-0241-V","15/04/2026 12:00 - 15/04/2026 13:00","n/e","n/e"
"15/04/2026 00:00 - 16/04/2026 00:00","CTA|DE(TenneT GER)","Sued GuD1 GT11","11W0-0000-0241-V","Fossil Gas","11W0-0000-0241-V","15/04/2026 13:00 - 15/04/2026 14:00","n/e","n/e"
"15/04/2026 00:00 - 16/04/2026 00:00","CTA|DE(TenneT GER)","Sued GuD1 GT11","11W0-0000-0241-V","Fossil Gas","11W0-0000-0241-V","15/04/2026 14:00 - 15/04/2026 15:00","n/e","n/e"
"15/04/2026 00:00 - 16/04/2026 00:00","CTA|DE(TenneT GER)","Sued GuD1 GT11","11W0-0000-0241-V","Fossil Gas","11W0-0000-0241-V","15/04/2026 15:00 - 15/04/2026 16:00","n/e","n/e"
"15/04/2026 00:00 - 16/04/2026 00:00","CTA|DE(TenneT GER)","Sued GuD1 GT11","11W0-0000-0241-V","Fossil Gas","11W0-0000-0241-V","15/04/2026 16:00 - 15/04/2026 17:00","n/e","n/e"
"15/04/2026 00:00 - 16/04/2026 00:00","CTA|DE(TenneT GER)","Sued GuD1 GT11","11W0-0000-0241-V","Fossil Gas","11W0-0000-0241-V","15/04/2026 17:00 - 15/04/2026 18:00","n/e","n/e"
"15/04/2026 00:00 - 16/04/2026 00:00","CTA|DE(TenneT GER)","Sued GuD1 GT11","11W0-0000-0241-V","Fossil Gas","11W0-0000-0241-V","15/04/2026 18:00 - 15/04/2026 19:00","n/e","n/e"
"15/04/2026 00:00 - 16/04/2026 00:00","CTA|DE(TenneT GER)","Sued GuD1 GT11","11W0-0000-0241-V","Fossil Gas","11W0-0000-0241-V","15/04/2026 19:00 - 15/04/2026 20:00","n/e","n/e"
"15/04/2026 00:00 - 16/04/2026 00:00","CTA|DE(TenneT GER)","Sued GuD1 GT11","11W0-0000-0241-V","Fossil Gas","11W0-0000-0241-V","15/04/2026 20:00 - 15/04/2026 21:00","n/e","n/e"
"15/04/2026 00:00 - 16/04/2026 00:00","CTA|DE(TenneT GER)","Sued GuD1 GT11","11W0-0000-0241-V","Fossil Gas","11W0-0000-0241-V","15/04/2026 21:00 - 15/04/2026 22:00","n/e","n/e"
"15/04/2026 00:00 - 16/04/2026 00:00","CTA|DE(TenneT GER)","Sued GuD1 GT11","11W0-0000-0241-V","Fossil Gas","11W0-0000-0241-V","15/04/2026 22:00 - 15/04/2026 23:00","n/e","n/e"
"15/04/2026 00:00 - 16/04/2026 00:00","CTA|DE(TenneT GER)","Sued GuD1 GT11","11W0-0000-0241-V","Fossil Gas","11W0-0000-0241-V","15/04/2026 23:00 - 16/04/2026 00:00","n/e","n/e"
"15/04/2026 00:00 - 16/04/2026 00:00","CTA|DE(Amprion)","RUHRORT-2","11WD7BEEC5XRUH2I","Fossil Coal-derived gas","11WD7BEEC5XRUH2I","15/04/2026 00:00 - 15/04/2026 01:00","n/e","n/e"
"15/04/2026 00:00 - 16/04/2026 00:00","CTA|DE(Amprion)","RUHRORT-2","11WD7BEEC5XRUH2I","Fossil Coal-derived gas","11WD7BEEC5XRUH2I","15/04/2026 01:00 - 15/04/2026 02:00","n/e","n/e"
"15/04/2026 00:00 - 16/04/2026 00:00","CTA|DE(Amprion)","RUHRORT-2","11WD7BEEC5XRUH2I","Fossil Coal-derived gas","11WD7BEEC5XRUH2I","15/04/2026 02:00 - 15/04/2026 03:00","n/e","n/e"
"15/04/2026 00:00 - 16/04/2026 00:00","CTA|DE(Amprion)","RUHRORT-2","11WD7BEEC5XRUH2I","Fossil Coal-derived gas","11WD7BEEC5XRUH2I","15/04/2026 03:00 - 15/04/2026 04:00","n/e","n/e"
"15/04/2026 00:00 - 16/04/2026 00:00","CTA|DE(Amprion)","RUHRORT-2","11WD7BEEC5XRUH2I","Fossil Coal-derived gas","11WD7BEEC5XRUH2I","15/04/2026 04:00 - 15/04/2026 05:00","n/e","n/e"
"15/04/2026 00:00 - 16/04/2026 00:00","CTA|DE(Amprion)","RUHRORT-2","11WD7BEEC5XRUH2I","Fossil Coal-derived gas","11WD7BEEC5XRUH2I","15/04/2026 05:00 - 15/04/2026 06:00","n/e","n/e"
"15/04/2026 00:00 - 16/04/2026 00:00","CTA|DE(Amprion)","RUHRORT-2","11WD7BEEC5XRUH2I","Fossil Coal-derived gas","11WD7BEEC5XRUH2I","15/04/2026 06:00 - 15/04/2026 07:00","n/e","n/e"
"15/04/2026 00:00 - 16/04/2026 00:00","CTA|DE(Amprion)","RUHRORT-2","11WD7BEEC5XRUH2I","Fossil Coal-derived gas","11WD7BEEC5XRUH2I","15/04/2026 07:00 - 15/04/2026 08:00","n/e","n/e"
"15/04/2026 00:00 - 16/04/2026 00:00","CTA|DE(Amprion)","RUHRORT-2","11WD7BEEC5XRUH2I","Fossil Coal-derived gas","11WD7BEEC5XRUH2I","15/04/2026 08:00 - 15/04/2026 09:00","n/e","n/e"
"15/04/2026 00:00 - 16/04/2026 00:00","CTA|DE(Amprion)","RUHRORT-2","11WD7BEEC5XRUH2I","Fossil Coal-derived gas","11WD7BEEC5XRUH2I","15/04/2026 09:00 - 15/04/2026 10:00","n/e","n/e"
"15/04/2026 00:00 - 16/04/2026 00:00","CTA|DE(Amprion)","RUHRORT-2","11WD7BEEC5XRUH2I","Fossil Coal-derived gas","11WD7BEEC5XRUH2I","15/04/2026 10:00 - 15/04/2026 11:00","n/e","n/e"
"15/04/2026 00:00 - 16/04/2026 00:00","CTA|DE(Amprion)","RUHRORT-2","11WD7BEEC5XRUH2I","Fossil Coal-derived gas","11WD7BEEC5XRUH2I","15/04/2026 11:00 - 15/04/2026 12:00","n/e","n/e"
"15/04/2026 00:00 - 16/04/2026 00:00","CTA|DE(Amprion)","RUHRORT-2","11WD7BEEC5XRUH2I","Fossil Coal-derived gas","11WD7BEEC5XRUH2I","15/04/2026 12:00 - 15/04/2026 13:00","n/e","n/e"
"15/04/2026 00:00 - 16/04/2026 00:00","CTA|DE(Amprion)","RUHRORT-2","11WD7BEEC5XRUH2I","Fossil Coal-derived gas","11WD7BEEC5XRUH2I","15/04/2026 13:00 - 15/04/2026 14:00","n/e","n/e"
"15/04/2026 00:00 - 16/04/2026 00:00","CTA|DE(Amprion)","RUHRORT-2","11WD7BEEC5XRUH2I","Fossil Coal-derived gas","11WD7BEEC5XRUH2I","15/04/2026 14:00 - 15/04/2026 15:00","n/e","n/e"
"15/04/2026 00:00 - 16/04/2026 00:00","CTA|DE(Amprion)","RUHRORT-2","11WD7BEEC5XRUH2I","Fossil Coal-derived gas","11WD7BEEC5XRUH2I","15/04/2026 15:00 - 15/04/2026 16:00","n/e","n/e"
"15/04/2026 00:00 - 16/04/2026 00:00","CTA|DE(Amprion)","RUHRORT-2","11WD7BEEC5XRUH2I","Fossil Coal-derived gas","11WD7BEEC5XRUH2I","15/04/2026 16:00 - 15/04/2026 17:00","n/e","n/e"
"15/04/2026 00:00 - 16/04/2026 00:00","CTA|DE(Amprion)","RUHRORT-2","11WD7BEEC5XRUH2I","Fossil Coal-derived gas","11WD7BEEC5XRUH2I","15/04/2026 17:00 - 15/04/2026 18:00","n/e","n/e"
"15/04/2026 00:00 - 16/04/2026 00:00","CTA|DE(Amprion)","RUHRORT-2","11WD7BEEC5XRUH2I","Fossil Coal-derived gas","11WD7BEEC5XRUH2I","15/04/2026 18:00 - 15/04/2026 19:00","n/e","n/e"
"15/04/2026 00:00 - 16/04/2026 00:00","CTA|DE(Amprion)","RUHRORT-2","11WD7BEEC5XRUH2I","Fossil Coal-derived gas","11WD7BEEC5XRUH2I","15/04/2026 19:00 - 15/04/2026 20:00","n/e","n/e"
"15/04/2026 00:00 - 16/04/2026 00:00","CTA|DE(Amprion)","RUHRORT-2","11WD7BEEC5XRUH2I","Fossil Coal-derived gas","11WD7BEEC5XRUH2I","15/04/2026 20:00 - 15/04/2026 21:00","n/e","n/e"
"15/04/2026 00:00 - 16/04/2026 00:00","CTA|DE(Amprion)","RUHRORT-2","11WD7BEEC5XRUH2I","Fossil Coal-derived gas","11WD7BEEC5XRUH2I","15/04/2026 21:00 - 15/04/2026 22:00","n/e","n/e"
"15/04/2026 00:00 - 16/04/2026 00:00","CTA|DE(Amprion)","RUHRORT-2","11WD7BEEC5XRUH2I","Fossil Coal-derived gas","11WD7BEEC5XRUH2I","15/04/2026 22:00 - 15/04/2026 23:00","n/e","n/e"
"15/04/2026 00:00 - 16/04/2026 00:00","CTA|DE(Amprion)","RUHRORT-2","11WD7BEEC5XRUH2I","Fossil Coal-derived gas","11WD7BEEC5XRUH2I","15/04/2026 23:00 - 16/04/2026 00:00","n/e","n/e"
"15/04/2026 00:00 - 16/04/2026 00:00","CTA|DE(Amprion)","RUHRORT-3","11WD7BEEC5XRUH3G","Fossil Coal-derived gas","11WD7BEEC5XRUH3G","15/04/2026 00:00 - 15/04/2026 01:00","n/e","n/e"
"15/04/2026 00:00 - 16/04/2026 00:00","CTA|DE(Amprion)","RUHRORT-3","11WD7BEEC5XRUH3G","Fossil Coal-derived gas","11WD7BEEC5XRUH3G","15/04/2026 01:00 - 15/04/2026 02:00","n/e","n/e"
"15/04/2026 00:00 - 16/04/2026 00:00","CTA|DE(Amprion)","RUHRORT-3","11WD7BEEC5XRUH3G","Fossil Coal-derived gas","11WD7BEEC5XRUH3G","15/04/2026 02:00 - 15/04/2026 03:00","n/e","n/e"
"15/04/2026 00:00 - 16/04/2026 00:00","CTA|DE(Amprion)","RUHRORT-3","11WD7BEEC5XRUH3G","Fossil Coal-derived gas","11WD7BEEC5XRUH3G","15/04/2026 03:00 - 15/04/2026 04:00","n/e","n/e"
"15/04/2026 00:00 - 16/04/2026 00:00","CTA|DE(Amprion)","RUHRORT-3","11WD7BEEC5XRUH3G","Fossil Coal-derived gas","11WD7BEEC5XRUH3G","15/04/2026 04:00 - 15/04/2026 05:00","n/e","n/e"
"15/04/2026 00:00 - 16/04/2026 00:00","CTA|DE(Amprion)","RUHRORT-3","11WD7BEEC5XRUH3G","Fossil Coal-derived gas","11WD7BEEC5XRUH3G","15/04/2026 05:00 - 15/04/2026 06:00","n/e","n/e"
"15/04/2026 00:00 - 16/04/2026 00:00","CTA|DE(Amprion)","RUHRORT-3","11WD7BEEC5XRUH3G","Fossil Coal-derived gas","11WD7BEEC5XRUH3G","15/04/2026 06:00 - 15/04/2026 07:00","n/e","n/e"
"15/04/2026 00:00 - 16/04/2026 00:00","CTA|DE(Amprion)","RUHRORT-3","11WD7BEEC5XRUH3G","Fossil Coal-derived gas","11WD7BEEC5XRUH3G","15/04/2026 07:00 - 15/04/2026 08:00","n/e","n/e"
"15/04/2026 00:00 - 16/04/2026 00:00","CTA|DE(Amprion)","RUHRORT-3","11WD7BEEC5XRUH3G","Fossil Coal-derived gas","11WD7BEEC5XRUH3G","15/04/2026 08:00 - 15/04/2026 09:00","n/e","n/e"
"15/04/2026 00:00 - 16/04/2026 00:00","CTA|DE(Amprion)","RUHRORT-3","11WD7BEEC5XRUH3G","Fossil Coal-derived gas","11WD7BEEC5XRUH3G","15/04/2026 09:00 - 15/04/2026 10:00","n/e","n/e"
"15/04/2026 00:00 - 16/04/2026 00:00","CTA|DE(Amprion)","RUHRORT-3","11WD7BEEC5XRUH3G","Fossil Coal-derived gas","11WD7BEEC5XRUH3G","15/04/2026 10:00 - 15/04/2026 11:00","n/e","n/e"
"15/04/2026 00:00 - 16/04/2026 00:00","CTA|DE(Amprion)","RUHRORT-3","11WD7BEEC5XRUH3G","Fossil Coal-derived gas","11WD7BEEC5XRUH3G","15/04/2026 11:00 - 15/04/2026 12:00","n/e","n/e"
"15/04/2026 00:00 - 16/04/2026 00:00","CTA|DE(Amprion)","RUHRORT-3","11WD7BEEC5XRUH3G","Fossil Coal-derived gas","11WD7BEEC5XRUH3G","15/04/2026 12:00 - 15/04/2026 13:00","n/e","n/e"
"15/04/2026 00:00 - 16/04/2026 00:00","CTA|DE(Amprion)","RUHRORT-3","11WD7BEEC5XRUH3G","Fossil Coal-derived gas","11WD7BEEC5XRUH3G","15/04/2026 13:00 - 15/04/2026 14:00","n/e","n/e"
"15/04/2026 00:00 - 16/04/2026 00:00","CTA|DE(Amprion)","RUHRORT-3","11WD7BEEC5XRUH3G","Fossil Coal-derived gas","11WD7BEEC5XRUH3G","15/04/2026 14:00 - 15/04/2026 15:00","n/e","n/e"
"15/04/2026 00:00 - 16/04/2026 00:00","CTA|DE(Amprion)","RUHRORT-3","11WD7BEEC5XRUH3G","Fossil Coal-derived gas","11WD7BEEC5XRUH3G","15/04/2026 15:00 - 15/04/2026 16:00","n/e","n/e"
"15/04/2026 00:00 - 16/04/2026 00:00","CTA|DE(Amprion)","RUHRORT-3","11WD7BEEC5XRUH3G","Fossil Coal-derived gas","11WD7BEEC5XRUH3G","15/04/2026 16:00 - 15/04/2026 17:00","n/e","n/e"
"15/04/2026 00:00 - 16/04/2026 00:00","CTA|DE(Amprion)","RUHRORT-3","11WD7BEEC5XRUH3G","Fossil Coal-derived gas","11WD7BEEC5XRUH3G","15/04/2026 17:00 - 15/04/2026 18:00","n/e","n/e"
"15/04/2026 00:00 - 16/04/2026 00:00","CTA|DE(Amprion)","RUHRORT-3","11WD7BEEC5XRUH3G","Fossil Coal-derived gas","11WD7BEEC5XRUH3G","15/04/2026 18:00 - 15/04/2026 19:00","n/e","n/e"
"15/04/2026 00:00 - 16/04/2026 00:00","CTA|DE(Amprion)","RUHRORT-3","11WD7BEEC5XRUH3G","Fossil Coal-derived gas","11WD7BEEC5XRUH3G","15/04/2026 19:00 - 15/04/2026 20:00","n/e","n/e"
"15/04/2026 00:00 - 16/04/2026 00:00","CTA|DE(Amprion)","RUHRORT-3","11WD7BEEC5XRUH3G","Fossil Coal-derived gas","11WD7BEEC5XRUH3G","15/04/2026 20:00 - 15/04/2026 21:00","n/e","n/e"
"15/04/2026 00:00 - 16/04/2026 00:00","CTA|DE(Amprion)","RUHRORT-3","11WD7BEEC5XRUH3G","Fossil Coal-derived gas","11WD7BEEC5XRUH3G","15/04/2026 21:00 - 15/04/2026 22:00","n/e","n/e"
"15/04/2026 00:00 - 16/04/2026 00:00","CTA|DE(Amprion)","RUHRORT-3","11WD7BEEC5XRUH3G","Fossil Coal-derived gas","11WD7BEEC5XRUH3G","15/04/2026 22:00 - 15/04/2026 23:00","n/e","n/e"
"15/04/2026 00:00 - 16/04/2026 00:00","CTA|DE(Amprion)","RUHRORT-3","11WD7BEEC5XRUH3G","Fossil Coal-derived gas","11WD7BEEC5XRUH3G","15/04/2026 23:00 - 16/04/2026 00:00","n/e","n/e"
"15/04/2026 00:00 - 16/04/2026 00:00","CTA|DE(Amprion)","ROENKHAUSEN_PSW1","11WD7GARE5XPSW1U","Hydro Pumped Storage","11WD7GARE5XPSW1U","15/04/2026 00:00 - 15/04/2026 01:00","n/e","n/e"
"15/04/2026 00:00 - 16/04/2026 00:00","CTA|DE(Amprion)","ROENKHAUSEN_PSW1","11WD7GARE5XPSW1U","Hydro Pumped Storage","11WD7GARE5XPSW1U","15/04/2026 01:00 - 15/04/2026 02:00","n/e","n/e"
"15/04/2026 00:00 - 16/04/2026 00:00","CTA|DE(Amprion)","ROENKHAUSEN_PSW1","11WD7GARE5XPSW1U","Hydro Pumped Storage","11WD7GARE5XPSW1U","15/04/2026 02:00 - 15/04/2026 03:00","n/e","n/e"
"15/04/2026 00:00 - 16/04/2026 00:00","CTA|DE(Amprion)","ROENKHAUSEN_PSW1","11WD7GARE5XPSW1U","Hydro Pumped Storage","11WD7GARE5XPSW1U","15/04/2026 03:00 - 15/04/2026 04:00","n/e","n/e"
"15/04/2026 00:00 - 16/04/2026 00:00","CTA|DE(Amprion)","ROENKHAUSEN_PSW1","11WD7GARE5XPSW1U","Hydro Pumped Storage","11WD7GARE5XPSW1U","15/04/2026 04:00 - 15/04/2026 05:00","n/e","n/e"
"15/04/2026 00:00 - 16/04/2026 00:00","CTA|DE(Amprion)","ROENKHAUSEN_PSW1","11WD7GARE5XPSW1U","Hydro Pumped Storage","11WD7GARE5XPSW1U","15/04/2026 05:00 - 15/04/2026 06:00","n/e","n/e"
"15/04/2026 00:00 - 16/04/2026 00:00","CTA|DE(Amprion)","ROENKHAUSEN_PSW1","11WD7GARE5XPSW1U","Hydro Pumped Storage","11WD7GARE5XPSW1U","15/04/2026 06:00 - 15/04/2026 07:00","n/e","n/e"
"15/04/2026 00:00 - 16/04/2026 00:00","CTA|DE(Amprion)","ROENKHAUSEN_PSW1","11WD7GARE5XPSW1U","Hydro Pumped Storage","11WD7GARE5XPSW1U","15/04/2026 07:00 - 15/04/2026 08:00","n/e","n/e"
"15/04/2026 00:00 - 16/04/2026 00:00","CTA|DE(Amprion)","ROENKHAUSEN_PSW1","11WD7GARE5XPSW1U","Hydro Pumped Storage","11WD7GARE5XPSW1U","15/04/2026 08:00 - 15/04/2026 09:00","n/e","n/e"
"15/04/2026 00:00 - 16/04/2026 00:00","CTA|DE(Amprion)","ROENKHAUSEN_PSW1","11WD7GARE5XPSW1U","Hydro Pumped Storage","11WD7GARE5XPSW1U","15/04/2026 09:00 - 15/04/2026 10:00","n/e","n/e"
"15/04/2026 00:00 - 16/04/2026 00:00","CTA|DE(Amprion)","ROENKHAUSEN_PSW1","11WD7GARE5XPSW1U","Hydro Pumped Storage","11WD7GARE5XPSW1U","15/04/2026 10:00 - 15/04/2026 11:00","n/e","n/e"
"15/04/2026 00:00 - 16/04/2026 00:00","CTA|DE(Amprion)","ROENKHAUSEN_PSW1","11WD7GARE5XPSW1U","Hydro Pumped Storage","11WD7GARE5XPSW1U","15/04/2026 11:00 - 15/04/2026 12:00","n/e","n/e"
"15/04/2026 00:00 - 16/04/2026 00:00","CTA|DE(Amprion)","ROENKHAUSEN_PSW1","11WD7GARE5XPSW1U","Hydro Pumped Storage","11WD7GARE5XPSW1U","15/04/2026 12:00 - 15/04/2026 13:00","n/e","n/e"
"15/04/2026 00:00 - 16/04/2026 00:00","CTA|DE(Amprion)","ROENKHAUSEN_PSW1","11WD7GARE5XPSW1U","Hydro Pumped Storage","11WD7GARE5XPSW1U","15/04/2026 13:00 - 15/04/2026 14:00","n/e","n/e"
"15/04/2026 00:00 - 16/04/2026 00:00","CTA|DE(Amprion)","ROENKHAUSEN_PSW1","11WD7GARE5XPSW1U","Hydro Pumped Storage","11WD7GARE5XPSW1U","15/04/2026 14:00 - 15/04/2026 15:00","n/e","n/e"
"15/04/2026 00:00 - 16/04/2026 00:00","CTA|DE(Amprion)","ROENKHAUSEN_PSW1","11WD7GARE5XPSW1U","Hydro Pumped Storage","11WD7GARE5XPSW1U","15/04/2026 15:00 - 15/04/2026 16:00","n/e","n/e"
"15/04/2026 00:00 - 16/04/2026 00:00","CTA|DE(Amprion)","ROENKHAUSEN_PSW1","11WD7GARE5XPSW1U","Hydro Pumped Storage","11WD7GARE5XPSW1U","15/04/2026 16:00 - 15/04/2026 17:00","n/e","n/e"
"15/04/2026 00:00 - 16/04/2026 00:00","CTA|DE(Amprion)","ROENKHAUSEN_PSW1","11WD7GARE5XPSW1U","Hydro Pumped Storage","11WD7GARE5XPSW1U","15/04/2026 17:00 - 15/04/2026 18:00","n/e","n/e"
"15/04/2026 00:00 - 16/04/2026 00:00","CTA|DE(Amprion)","ROENKHAUSEN_PSW1","11WD7GARE5XPSW1U","Hydro Pumped Storage","11WD7GARE5XPSW1U","15/04/2026 18:00 - 15/04/2026 19:00","n/e","n/e"
"15/04/2026 00:00 - 16/04/2026 00:00","CTA|DE(Amprion)","ROENKHAUSEN_PSW1","11WD7GARE5XPSW1U","Hydro Pumped Storage","11WD7GARE5XPSW1U","15/04/2026 19:00 - 15/04/2026 20:00","n/e","n/e"
"15/04/2026 00:00 - 16/04/2026 00:00","CTA|DE(Amprion)","ROENKHAUSEN_PSW1","11WD7GARE5XPSW1U","Hydro Pumped Storage","11WD7GARE5XPSW1U","15/04/2026 20:00 - 15/04/2026 21:00","n/e","n/e"
"15/04/2026 00:00 - 16/04/2026 00:00","CTA|DE(Amprion)","ROENKHAUSEN_PSW1","11WD7GARE5XPSW1U","Hydro Pumped Storage","11WD7GARE5XPSW1U","15/04/2026 21:00 - 15/04/2026 22:00","n/e","n/e"
"15/04/2026 00:00 - 16/04/2026 00:00","CTA|DE(Amprion)","ROENKHAUSEN_PSW1","11WD7GARE5XPSW1U","Hydro Pumped Storage","11WD7GARE5XPSW1U","15/04/2026 22:00 - 15/04/2026 23:00","n/e","n/e"
"15/04/2026 00:00 - 16/04/2026 00:00","CTA|DE(Amprion)","ROENKHAUSEN_PSW1","11WD7GARE5XPSW1U","Hydro Pumped Storage","11WD7GARE5XPSW1U","15/04/2026 23:00 - 16/04/2026 00:00","n/e","n/e"
"15/04/2026 00:00 - 16/04/2026 00:00","CTA|DE(Amprion)","ROENKHAUSEN_PSW2","11WD7GARE5XPSW2S","Hydro Pumped Storage","11WD7GARE5XPSW2S","15/04/2026 00:00 - 15/04/2026 01:00","n/e","n/e"
"15/04/2026 00:00 - 16/04/2026 00:00","CTA|DE(Amprion)","ROENKHAUSEN_PSW2","11WD7GARE5XPSW2S","Hydro Pumped Storage","11WD7GARE5XPSW2S","15/04/2026 01:00 - 15/04/2026 02:00","n/e","n/e"
"15/04/2026 00:00 - 16/04/2026 00:00","CTA|DE(Amprion)","ROENKHAUSEN_PSW2","11WD7GARE5XPSW2S","Hydro Pumped Storage","11WD7GARE5XPSW2S","15/04/2026 02:00 - 15/04/2026 03:00","n/e","n/e"
"15/04/2026 00:00 - 16/04/2026 00:00","CTA|DE(Amprion)","ROENKHAUSEN_PSW2","11WD7GARE5XPSW2S","Hydro Pumped Storage","11WD7GARE5XPSW2S","15/04/2026 03:00 - 15/04/2026 04:00","n/e","n/e"
"15/04/2026 00:00 - 16/04/2026 00:00","CTA|DE(Amprion)","ROENKHAUSEN_PSW2","11WD7GARE5XPSW2S","Hydro Pumped Storage","11WD7GARE5XPSW2S","15/04/2026 04:00 - 15/04/2026 05:00","n/e","n/e"
"15/04/2026 00:00 - 16/04/2026 00:00","CTA|DE(Amprion)","ROENKHAUSEN_PSW2","11WD7GARE5XPSW2S","Hydro Pumped Storage","11WD7GARE5XPSW2S","15/04/2026 05:00 - 15/04/2026 06:00","n/e","n/e"
"15/04/2026 00:00 - 16/04/2026 00:00","CTA|DE(Amprion)","ROENKHAUSEN_PSW2","11WD7GARE5XPSW2S","Hydro Pumped Storage","11WD7GARE5XPSW2S","15/04/2026 06:00 - 15/04/2026 07:00","n/e","n/e"
"15/04/2026 00:00 - 16/04/2026 00:00","CTA|DE(Amprion)","ROENKHAUSEN_PSW2","11WD7GARE5XPSW2S","Hydro Pumped Storage","11WD7GARE5XPSW2S","15/04/2026 07:00 - 15/04/2026 08:00","n/e","n/e"
"15/04/2026 00:00 - 16/04/2026 00:00","CTA|DE(Amprion)","ROENKHAUSEN_PSW2","11WD7GARE5XPSW2S","Hydro Pumped Storage","11WD7GARE5XPSW2S","15/04/2026 08:00 - 15/04/2026 09:00","n/e","n/e"
"15/04/2026 00:00 - 16/04/2026 00:00","CTA|DE(Amprion)","ROENKHAUSEN_PSW2","11WD7GARE5XPSW2S","Hydro Pumped Storage","11WD7GARE5XPSW2S","15/04/2026 09:00 - 15/04/2026 10:00","n/e","n/e"
"15/04/2026 00:00 - 16/04/2026 00:00","CTA|DE(Amprion)","ROENKHAUSEN_PSW2","11WD7GARE5XPSW2S","Hydro Pumped Storage","11WD7GARE5XPSW2S","15/04/2026 10:00 - 15/04/2026 11:00","n/e","n/e"
"15/04/2026 00:00 - 16/04/2026 00:00","CTA|DE(Amprion)","ROENKHAUSEN_PSW2","11WD7GARE5XPSW2S","Hydro Pumped Storage","11WD7GARE5XPSW2S","15/04/2026 11:00 - 15/04/2026 12:00","n/e","n/e"
"15/04/2026 00:00 - 16/04/2026 00:00","CTA|DE(Amprion)","ROENKHAUSEN_PSW2","11WD7GARE5XPSW2S","Hydro Pumped Storage","11WD7GARE5XPSW2S","15/04/2026 12:00 - 15/04/2026 13:00","n/e","n/e"
"15/04/2026 00:00 - 16/04/2026 00:00","CTA|DE(Amprion)","ROENKHAUSEN_PSW2","11WD7GARE5XPSW2S","Hydro Pumped Storage","11WD7GARE5XPSW2S","15/04/2026 13:00 - 15/04/2026 14:00","n/e","n/e"
"15/04/2026 00:00 - 16/04/2026 00:00","CTA|DE(Amprion)","ROENKHAUSEN_PSW2","11WD7GARE5XPSW2S","Hydro Pumped Storage","11WD7GARE5XPSW2S","15/04/2026 14:00 - 15/04/2026 15:00","n/e","n/e"
"15/04/2026 00:00 - 16/04/2026 00:00","CTA|DE(Amprion)","ROENKHAUSEN_PSW2","11WD7GARE5XPSW2S","Hydro Pumped Storage","11WD7GARE5XPSW2S","15/04/2026 15:00 - 15/04/2026 16:00","n/e","n/e"
"15/04/2026 00:00 - 16/04/2026 00:00","CTA|DE(Amprion)","ROENKHAUSEN_PSW2","11WD7GARE5XPSW2S","Hydro Pumped Storage","11WD7GARE5XPSW2S","15/04/2026 16:00 - 15/04/2026 17:00","n/e","n/e"
"15/04/2026 00:00 - 16/04/2026 00:00","CTA|DE(Amprion)","ROENKHAUSEN_PSW2","11WD7GARE5XPSW2S","Hydro Pumped Storage","11WD7GARE5XPSW2S","15/04/2026 17:00 - 15/04/2026 18:00","n/e","n/e"
"15/04/2026 00:00 - 16/04/2026 00:00","CTA|DE(Amprion)","ROENKHAUSEN_PSW2","11WD7GARE5XPSW2S","Hydro Pumped Storage","11WD7GARE5XPSW2S","15/04/2026 18:00 - 15/04/2026 19:00","n/e","n/e"
"15/04/2026 00:00 - 16/04/2026 00:00","CTA|DE(Amprion)","ROENKHAUSEN_PSW2","11WD7GARE5XPSW2S","Hydro Pumped Storage","11WD7GARE5XPSW2S","15/04/2026 19:00 - 15/04/2026 20:00","n/e","n/e"
"15/04/2026 00:00 - 16/04/2026 00:00","CTA|DE(Amprion)","ROENKHAUSEN_PSW2","11WD7GARE5XPSW2S","Hydro Pumped Storage","11WD7GARE5XPSW2S","15/04/2026 20:00 - 15/04/2026 21:00","n/e","n/e"
"15/04/2026 00:00 - 16/04/2026 00:00","CTA|DE(Amprion)","ROENKHAUSEN_PSW2","11WD7GARE5XPSW2S","Hydro Pumped Storage","11WD7GARE5XPSW2S","15/04/2026 21:00 - 15/04/2026 22:00","n/e","n/e"
"15/04/2026 00:00 - 16/04/2026 00:00","CTA|DE(Amprion)","ROENKHAUSEN_PSW2","11WD7GARE5XPSW2S","Hydro Pumped Storage","11WD7GARE5XPSW2S","15/04/2026 22:00 - 15/04/2026 23:00","n/e","n/e"
"15/04/2026 00:00 - 16/04/2026 00:00","CTA|DE(Amprion)","ROENKHAUSEN_PSW2","11WD7GARE5XPSW2S","Hydro Pumped Storage","11WD7GARE5XPSW2S","15/04/2026 23:00 - 16/04/2026 00:00","n/e","n/e"
"15/04/2026 00:00 - 16/04/2026 00:00","CTA|DE(TransnetBW)","HKW Heilbronn Block 7","11WD4HLBR1C7---4","Fossil Hard coal","11WD4HLBR1C7---4","15/04/2026 00:00 - 15/04/2026 01:00","N/A","N/A"
"15/04/2026 00:00 - 16/04/2026 00:00","CTA|DE(TransnetBW)","HKW Heilbronn Block 7","11WD4HLBR1C7---4","Fossil Hard coal","11WD4HLBR1C7---4","15/04/2026 01:00 - 15/04/2026 02:00","N/A","N/A"
"15/04/2026 00:00 - 16/04/2026 00:00","CTA|DE(TransnetBW)","HKW Heilbronn Block 7","11WD4HLBR1C7---4","Fossil Hard coal","11WD4HLBR1C7---4","15/04/2026 02:00 - 15/04/2026 03:00","N/A","N/A"
"15/04/2026 00:00 - 16/04/2026 00:00","CTA|DE(TransnetBW)","HKW Heilbronn Block 7","11WD4HLBR1C7---4","Fossil Hard coal","11WD4HLBR1C7---4","15/04/2026 03:00 - 15/04/2026 04:00","N/A","N/A"
"15/04/2026 00:00 - 16/04/2026 00:00","CTA|DE(TransnetBW)","HKW Heilbronn Block 7","11WD4HLBR1C7---4","Fossil Hard coal","11WD4HLBR1C7---4","15/04/2026 04:00 - 15/04/2026 05:00","N/A","N/A"
"15/04/2026 00:00 - 16/04/2026 00:00","CTA|DE(TransnetBW)","HKW Heilbronn Block 7","11WD4HLBR1C7---4","Fossil Hard coal","11WD4HLBR1C7---4","15/04/2026 05:00 - 15/04/2026 06:00","N/A","N/A"
"15/04/2026 00:00 - 16/04/2026 00:00","CTA|DE(TransnetBW)","HKW Heilbronn Block 7","11WD4HLBR1C7---4","Fossil Hard coal","11WD4HLBR1C7---4","15/04/2026 06:00 - 15/04/2026 07:00","N/A","N/A"
"15/04/2026 00:00 - 16/04/2026 00:00","CTA|DE(TransnetBW)","HKW Heilbronn Block 7","11WD4HLBR1C7---4","Fossil Hard coal","11WD4HLBR1C7---4","15/04/2026 07:00 - 15/04/2026 08:00","N/A","N/A"
"15/04/2026 00:00 - 16/04/2026 00:00","CTA|DE(TransnetBW)","HKW Heilbronn Block 7","11WD4HLBR1C7---4","Fossil Hard coal","11WD4HLBR1C7---4","15/04/2026 08:00 - 15/04/2026 09:00","N/A","N/A"
"15/04/2026 00:00 - 16/04/2026 00:00","CTA|DE(TransnetBW)","HKW Heilbronn Block 7","11WD4HLBR1C7---4","Fossil Hard coal","11WD4HLBR1C7---4","15/04/2026 09:00 - 15/04/2026 10:00","N/A","N/A"
"15/04/2026 00:00 - 16/04/2026 00:00","CTA|DE(TransnetBW)","HKW Heilbronn Block 7","11WD4HLBR1C7---4","Fossil Hard coal","11WD4HLBR1C7---4","15/04/2026 10:00 - 15/04/2026 11:00","N/A","N/A"
"15/04/2026 00:00 - 16/04/2026 00:00","CTA|DE(TransnetBW)","HKW Heilbronn Block 7","11WD4HLBR1C7---4","Fossil Hard coal","11WD4HLBR1C7---4","15/04/2026 11:00 - 15/04/2026 12:00","N/A","N/A"
"15/04/2026 00:00 - 16/04/2026 00:00","CTA|DE(TransnetBW)","HKW Heilbronn Block 7","11WD4HLBR1C7---4","Fossil Hard coal","11WD4HLBR1C7---4","15/04/2026 12:00 - 15/04/2026 13:00","N/A","N/A"
"15/04/2026 00:00 - 16/04/2026 00:00","CTA|DE(TransnetBW)","HKW Heilbronn Block 7","11WD4HLBR1C7---4","Fossil Hard coal","11WD4HLBR1C7---4","15/04/2026 13:00 - 15/04/2026 14:00","N/A","N/A"
"15/04/2026 00:00 - 16/04/2026 00:00","CTA|DE(TransnetBW)","HKW Heilbronn Block 7","11WD4HLBR1C7---4","Fossil Hard coal","11WD4HLBR1C7---4","15/04/2026 14:00 - 15/04/2026 15:00","N/A","N/A"
"15/04/2026 00:00 - 16/04/2026 00:00","CTA|DE(TransnetBW)","HKW Heilbronn Block 7","11WD4HLBR1C7---4","Fossil Hard coal","11WD4HLBR1C7---4","15/04/2026 15:00 - 15/04/2026 16:00","N/A","N/A"
"15/04/2026 00:00 - 16/04/2026 00:00","CTA|DE(TransnetBW)","HKW Heilbronn Block 7","11WD4HLBR1C7---4","Fossil Hard coal","11WD4HLBR1C7---4","15/04/2026 16:00 - 15/04/2026 17:00","N/A","N/A"
"15/04/2026 00:00 - 16/04/2026 00:00","CTA|DE(TransnetBW)","HKW Heilbronn Block 7","11WD4HLBR1C7---4","Fossil Hard coal","11WD4HLBR1C7---4","15/04/2026 17:00 - 15/04/2026 18:00","N/A","N/A"
"15/04/2026 00:00 - 16/04/2026 00:00","CTA|DE(TransnetBW)","HKW Heilbronn Block 7","11WD4HLBR1C7---4","Fossil Hard coal","11WD4HLBR1C7---4","15/04/2026 18:00 - 15/04/2026 19:00","N/A","N/A"
"15/04/2026 00:00 - 16/04/2026 00:00","CTA|DE(TransnetBW)","HKW Heilbronn Block 7","11WD4HLBR1C7---4","Fossil Hard coal","11WD4HLBR1C7---4","15/04/2026 19:00 - 15/04/2026 20:00","N/A","N/A"
"15/04/2026 00:00 - 16/04/2026 00:00","CTA|DE(TransnetBW)","HKW Heilbronn Block 7","11WD4HLBR1C7---4","Fossil Hard coal","11WD4HLBR1C7---4","15/04/2026 20:00 - 15/04/2026 21:00","N/A","N/A"
"15/04/2026 00:00 - 16/04/2026 00:00","CTA|DE(TransnetBW)","HKW Heilbronn Block 7","11WD4HLBR1C7---4","Fossil Hard coal","11WD4HLBR1C7---4","15/04/2026 21:00 - 15/04/2026 22:00","N/A","N/A"
"15/04/2026 00:00 - 16/04/2026 00:00","CTA|DE(TransnetBW)","HKW Heilbronn Block 7","11WD4HLBR1C7---4","Fossil Hard coal","11WD4HLBR1C7---4","15/04/2026 22:00 - 15/04/2026 23:00","N/A","N/A"
"15/04/2026 00:00 - 16/04/2026 00:00","CTA|DE(TransnetBW)","HKW Heilbronn Block 7","11WD4HLBR1C7---4","Fossil Hard coal","11WD4HLBR1C7---4","15/04/2026 23:00 - 16/04/2026 00:00","N/A","N/A"
"15/04/2026 00:00 - 16/04/2026 00:00","CTA|DE(50Hertz)","PSW Hohenwarte II PSS A-H","11W0-0000-0858-D","Hydro Pumped Storage","11W0-0000-0858-D","15/04/2026 00:00 - 15/04/2026 01:00","n/e","n/e"
"15/04/2026 00:00 - 16/04/2026 00:00","CTA|DE(50Hertz)","PSW Hohenwarte II PSS A-H","11W0-0000-0858-D","Hydro Pumped Storage","11W0-0000-0858-D","15/04/2026 01:00 - 15/04/2026 02:00","n/e","n/e"
"15/04/2026 00:00 - 16/04/2026 00:00","CTA|DE(50Hertz)","PSW Hohenwarte II PSS A-H","11W0-0000-0858-D","Hydro Pumped Storage","11W0-0000-0858-D","15/04/2026 02:00 - 15/04/2026 03:00","n/e","n/e"
"15/04/2026 00:00 - 16/04/2026 00:00","CTA|DE(50Hertz)","PSW Hohenwarte II PSS A-H","11W0-0000-0858-D","Hydro Pumped Storage","11W0-0000-0858-D","15/04/2026 03:00 - 15/04/2026 04:00","n/e","n/e"
"15/04/2026 00:00 - 16/04/2026 00:00","CTA|DE(50Hertz)","PSW Hohenwarte II PSS A-H","11W0-0000-0858-D","Hydro Pumped Storage","11W0-0000-0858-D","15/04/2026 04:00 - 15/04/2026 05:00","n/e","n/e"
"15/04/2026 00:00 - 16/04/2026 00:00","CTA|DE(50Hertz)","PSW Hohenwarte II PSS A-H","11W0-0000-0858-D","Hydro Pumped Storage","11W0-0000-0858-D","15/04/2026 05:00 - 15/04/2026 06:00","n/e","n/e"
"15/04/2026 00:00 - 16/04/2026 00:00","CTA|DE(50Hertz)","PSW Hohenwarte II PSS A-H","11W0-0000-0858-D","Hydro Pumped Storage","11W0-0000-0858-D","15/04/2026 06:00 - 15/04/2026 07:00","n/e","n/e"
"15/04/2026 00:00 - 16/04/2026 00:00","CTA|DE(50Hertz)","PSW Hohenwarte II PSS A-H","11W0-0000-0858-D","Hydro Pumped Storage","11W0-0000-0858-D","15/04/2026 07:00 - 15/04/2026 08:00","n/e","n/e"
"15/04/2026 00:00 - 16/04/2026 00:00","CTA|DE(50Hertz)","PSW Hohenwarte II PSS A-H","11W0-0000-0858-D","Hydro Pumped Storage","11W0-0000-0858-D","15/04/2026 08:00 - 15/04/2026 09:00","n/e","n/e"
"15/04/2026 00:00 - 16/04/2026 00:00","CTA|DE(50Hertz)","PSW Hohenwarte II PSS A-H","11W0-0000-0858-D","Hydro Pumped Storage","11W0-0000-0858-D","15/04/2026 09:00 - 15/04/2026 10:00","n/e","n/e"
"15/04/2026 00:00 - 16/04/2026 00:00","CTA|DE(50Hertz)","PSW Hohenwarte II PSS A-H","11W0-0000-0858-D","Hydro Pumped Storage","11W0-0000-0858-D","15/04/2026 10:00 - 15/04/2026 11:00","n/e","n/e"
"15/04/2026 00:00 - 16/04/2026 00:00","CTA|DE(50Hertz)","PSW Hohenwarte II PSS A-H","11W0-0000-0858-D","Hydro Pumped Storage","11W0-0000-0858-D","15/04/2026 11:00 - 15/04/2026 12:00","n/e","n/e"
"15/04/2026 00:00 - 16/04/2026 00:00","CTA|DE(50Hertz)","PSW Hohenwarte II PSS A-H","11W0-0000-0858-D","Hydro Pumped Storage","11W0-0000-0858-D","15/04/2026 12:00 - 15/04/2026 13:00","n/e","n/e"
"15/04/2026 00:00 - 16/04/2026 00:00","CTA|DE(50Hertz)","PSW Hohenwarte II PSS A-H","11W0-0000-0858-D","Hydro Pumped Storage","11W0-0000-0858-D","15/04/2026 13:00 - 15/04/2026 14:00","n/e","n/e"
"15/04/2026 00:00 - 16/04/2026 00:00","CTA|DE(50Hertz)","PSW Hohenwarte II PSS A-H","11W0-0000-0858-D","Hydro Pumped Storage","11W0-0000-0858-D","15/04/2026 14:00 - 15/04/2026 15:00","n/e","n/e"
"15/04/2026 00:00 - 16/04/2026 00:00","CTA|DE(50Hertz)","PSW Hohenwarte II PSS A-H","11W0-0000-0858-D","Hydro Pumped Storage","11W0-0000-0858-D","15/04/2026 15:00 - 15/04/2026 16:00","n/e","n/e"
"15/04/2026 00:00 - 16/04/2026 00:00","CTA|DE(50Hertz)","PSW Hohenwarte II PSS A-H","11W0-0000-0858-D","Hydro Pumped Storage","11W0-0000-0858-D","15/04/2026 16:00 - 15/04/2026 17:00","n/e","n/e"
"15/04/2026 00:00 - 16/04/2026 00:00","CTA|DE(50Hertz)","PSW Hohenwarte II PSS A-H","11W0-0000-0858-D","Hydro Pumped Storage","11W0-0000-0858-D","15/04/2026 17:00 - 15/04/2026 18:00","n/e","n/e"
"15/04/2026 00:00 - 16/04/2026 00:00","CTA|DE(50Hertz)","PSW Hohenwarte II PSS A-H","11W0-0000-0858-D","Hydro Pumped Storage","11W0-0000-0858-D","15/04/2026 18:00 - 15/04/2026 19:00","n/e","n/e"
"15/04/2026 00:00 - 16/04/2026 00:00","CTA|DE(50Hertz)","PSW Hohenwarte II PSS A-H","11W0-0000-0858-D","Hydro Pumped Storage","11W0-0000-0858-D","15/04/2026 19:00 - 15/04/2026 20:00","n/e","n/e"
"15/04/2026 00:00 - 16/04/2026 00:00","CTA|DE(50Hertz)","PSW Hohenwarte II PSS A-H","11W0-0000-0858-D","Hydro Pumped Storage","11W0-0000-0858-D","15/04/2026 20:00 - 15/04/2026 21:00","n/e","n/e"
"15/04/2026 00:00 - 16/04/2026 00:00","CTA|DE(50Hertz)","PSW Hohenwarte II PSS A-H","11W0-0000-0858-D","Hydro Pumped Storage","11W0-0000-0858-D","15/04/2026 21:00 - 15/04/2026 22:00","n/e","n/e"
"15/04/2026 00:00 - 16/04/2026 00:00","CTA|DE(50Hertz)","PSW Hohenwarte II PSS A-H","11W0-0000-0858-D","Hydro Pumped Storage","11W0-0000-0858-D","15/04/2026 22:00 - 15/04/2026 23:00","n/e","n/e"
"15/04/2026 00:00 - 16/04/2026 00:00","CTA|DE(50Hertz)","PSW Hohenwarte II PSS A-H","11W0-0000-0858-D","Hydro Pumped Storage","11W0-0000-0858-D","15/04/2026 23:00 - 16/04/2026 00:00","n/e","n/e"
"15/04/2026 00:00 - 16/04/2026 00:00","CTA|DE(50Hertz)","Geesthacht A-C","11W0-0000-0859-A","Hydro Pumped Storage","11W0-0000-0859-A","15/04/2026 00:00 - 15/04/2026 01:00","n/e","n/e"
"15/04/2026 00:00 - 16/04/2026 00:00","CTA|DE(50Hertz)","Geesthacht A-C","11W0-0000-0859-A","Hydro Pumped Storage","11W0-0000-0859-A","15/04/2026 01:00 - 15/04/2026 02:00","n/e","n/e"
"15/04/2026 00:00 - 16/04/2026 00:00","CTA|DE(50Hertz)","Geesthacht A-C","11W0-0000-0859-A","Hydro Pumped Storage","11W0-0000-0859-A","15/04/2026 02:00 - 15/04/2026 03:00","n/e","n/e"
"15/04/2026 00:00 - 16/04/2026 00:00","CTA|DE(50Hertz)","Geesthacht A-C","11W0-0000-0859-A","Hydro Pumped Storage","11W0-0000-0859-A","15/04/2026 03:00 - 15/04/2026 04:00","n/e","n/e"
"15/04/2026 00:00 - 16/04/2026 00:00","CTA|DE(50Hertz)","Geesthacht A-C","11W0-0000-0859-A","Hydro Pumped Storage","11W0-0000-0859-A","15/04/2026 04:00 - 15/04/2026 05:00","n/e","n/e"
"15/04/2026 00:00 - 16/04/2026 00:00","CTA|DE(50Hertz)","Geesthacht A-C","11W0-0000-0859-A","Hydro Pumped Storage","11W0-0000-0859-A","15/04/2026 05:00 - 15/04/2026 06:00","n/e","n/e"
"15/04/2026 00:00 - 16/04/2026 00:00","CTA|DE(50Hertz)","Geesthacht A-C","11W0-0000-0859-A","Hydro Pumped Storage","11W0-0000-0859-A","15/04/2026 06:00 - 15/04/2026 07:00","n/e","n/e"
"15/04/2026 00:00 - 16/04/2026 00:00","CTA|DE(50Hertz)","Geesthacht A-C","11W0-0000-0859-A","Hydro Pumped Storage","11W0-0000-0859-A","15/04/2026 07:00 - 15/04/2026 08:00","n/e","n/e"
"15/04/2026 00:00 - 16/04/2026 00:00","CTA|DE(50Hertz)","Geesthacht A-C","11W0-0000-0859-A","Hydro Pumped Storage","11W0-0000-0859-A","15/04/2026 08:00 - 15/04/2026 09:00","n/e","n/e"
"15/04/2026 00:00 - 16/04/2026 00:00","CTA|DE(50Hertz)","Geesthacht A-C","11W0-0000-0859-A","Hydro Pumped Storage","11W0-0000-0859-A","15/04/2026 09:00 - 15/04/2026 10:00","n/e","n/e"
"15/04/2026 00:00 - 16/04/2026 00:00","CTA|DE(50Hertz)","Geesthacht A-C","11W0-0000-0859-A","Hydro Pumped Storage","11W0-0000-0859-A","15/04/2026 10:00 - 15/04/2026 11:00","n/e","n/e"
"15/04/2026 00:00 - 16/04/2026 00:00","CTA|DE(50Hertz)","Geesthacht A-C","11W0-0000-0859-A","Hydro Pumped Storage","11W0-0000-0859-A","15/04/2026 11:00 - 15/04/2026 12:00","n/e","n/e"
"15/04/2026 00:00 - 16/04/2026 00:00","CTA|DE(50Hertz)","Geesthacht A-C","11W0-0000-0859-A","Hydro Pumped Storage","11W0-0000-0859-A","15/04/2026 12:00 - 15/04/2026 13:00","n/e","n/e"
"15/04/2026 00:00 - 16/04/2026 00:00","CTA|DE(50Hertz)","Geesthacht A-C","11W0-0000-0859-A","Hydro Pumped Storage","11W0-0000-0859-A","15/04/2026 13:00 - 15/04/2026 14:00","n/e","n/e"
"15/04/2026 00:00 - 16/04/2026 00:00","CTA|DE(50Hertz)","Geesthacht A-C","11W0-0000-0859-A","Hydro Pumped Storage","11W0-0000-0859-A","15/04/2026 14:00 - 15/04/2026 15:00","n/e","n/e"
"15/04/2026 00:00 - 16/04/2026 00:00","CTA|DE(50Hertz)","Geesthacht A-C","11W0-0000-0859-A","Hydro Pumped Storage","11W0-0000-0859-A","15/04/2026 15:00 - 15/04/2026 16:00","n/e","n/e"
"15/04/2026 00:00 - 16/04/2026 00:00","CTA|DE(50Hertz)","Geesthacht A-C","11W0-0000-0859-A","Hydro Pumped Storage","11W0-0000-0859-A","15/04/2026 16:00 - 15/04/2026 17:00","n/e","n/e"
"15/04/2026 00:00 - 16/04/2026 00:00","CTA|DE(50Hertz)","Geesthacht A-C","11W0-0000-0859-A","Hydro Pumped Storage","11W0-0000-0859-A","15/04/2026 17:00 - 15/04/2026 18:00","n/e","n/e"
"15/04/2026 00:00 - 16/04/2026 00:00","CTA|DE(50Hertz)","Geesthacht A-C","11W0-0000-0859-A","Hydro Pumped Storage","11W0-0000-0859-A","15/04/2026 18:00 - 15/04/2026 19:00","n/e","n/e"
"15/04/2026 00:00 - 16/04/2026 00:00","CTA|DE(50Hertz)","Geesthacht A-C","11W0-0000-0859-A","Hydro Pumped Storage","11W0-0000-0859-A","15/04/2026 19:00 - 15/04/2026 20:00","n/e","n/e"
"15/04/2026 00:00 - 16/04/2026 00:00","CTA|DE(50Hertz)","Geesthacht A-C","11W0-0000-0859-A","Hydro Pumped Storage","11W0-0000-0859-A","15/04/2026 20:00 - 15/04/2026 21:00","n/e","n/e"
"15/04/2026 00:00 - 16/04/2026 00:00","CTA|DE(50Hertz)","Geesthacht A-C","11W0-0000-0859-A","Hydro Pumped Storage","11W0-0000-0859-A","15/04/2026 21:00 - 15/04/2026 22:00","n/e","n/e"
"15/04/2026 00:00 - 16/04/2026 00:00","CTA|DE(50Hertz)","Geesthacht A-C","11W0-0000-0859-A","Hydro Pumped Storage","11W0-0000-0859-A","15/04/2026 22:00 - 15/04/2026 23:00","n/e","n/e"
"15/04/2026 00:00 - 16/04/2026 00:00","CTA|DE(50Hertz)","Geesthacht A-C","11W0-0000-0859-A","Hydro Pumped Storage","11W0-0000-0859-A","15/04/2026 23:00 - 16/04/2026 00:00","n/e","n/e"
