"Time Interval (CET/CEST)","Area","Unit Name","Unit Code","Type","Instance Code","MTU (CET/CEST)","Generation (MW)","Consumption (MW)"
"16/04/2026 00:00 - 17/04/2026 00:00","CTA|DE(Amprion)","HAMBORN-5","11WD7BEEC5XHAM5G","Fossil Coal-derived gas","11WD7BEEC5XHAM5G","16/04/2026 00:00 - 16/04/2026 01:00","139.00",""
"16/04/2026 00:00 - 17/04/2026 00:00","CTA|DE(Amprion)","HAMBORN-5","11WD7BEEC5XHAM5G","Fossil Coal-derived gas","11WD7BEEC5XHAM5G","16/04/2026 01:00 - 16/04/2026 02:00","136.00",""
"16/04/2026 00:00 - 17/04/2026 00:00","CTA|DE(Amprion)","HAMBORN-5","11WD7BEEC5XHAM5G","Fossil Coal-derived gas","11WD7BEEC5XHAM5G","16/04/2026 02:00 - 16/04/2026 03:00","140.25",""
"16/04/2026 00:00 - 17/04/2026 00:00","CTA|DE(Amprion)","HAMBORN-5","11WD7BEEC5XHAM5G","Fossil Coal-derived gas","11WD7BEEC5XHAM5G","16/04/2026 03:00 - 16/04/2026 04:00","142.00",""
"16/04/2026 00:00 - 17/04/2026 00:00","CTA|DE(Amprion)","HAMBORN-5","11WD7BEEC5XHAM5G","Fossil Coal-derived gas","11WD7BEEC5XHAM5G","16/04/2026 04:00 - 16/04/2026 05:00","153.00",""
"16/04/2026 00:00 - 17/04/2026 00:00","CTA|DE(Amprion)","HAMBORN-5","11WD7BEEC5XHAM5G","Fossil Coal-derived gas","11WD7BEEC5XHAM5G","16/04/2026 05:00 - 16/04/2026 06:00","144.50",""
"16/04/2026 00:00 - 17/04/2026 00:00","CTA|DE(Amprion)","HAMBORN-5","11WD7BEEC5XHAM5G","Fossil Coal-derived gas","11WD7BEEC5XHAM5G","16/04/2026 06:00 - 16/04/2026 07:00","145.25",""
"16/04/2026 00:00 - 17/04/2026 00:00","CTA|DE(Amprion)","HAMBORN-5","11WD7BEEC5XHAM5G","Fossil Coal-derived gas","11WD7BEEC5XHAM5G","16/04/2026 07:00 - 16/04/2026 08:00","144.25",""
"16/04/2026 00:00 - 17/04/2026 00:00","CTA|DE(Amprion)","HAMBORN-5","11WD7BEEC5XHAM5G","Fossil Coal-derived gas","11WD7BEEC5XHAM5G","16/04/2026 08:00 - 16/04/2026 09:00","133.50",""
"16/04/2026 00:00 - 17/04/2026 00:00","CTA|DE(Amprion)","HAMBORN-5","11WD7BEEC5XHAM5G","Fossil Coal-derived gas","11WD7BEEC5XHAM5G","16/04/2026 09:00 - 16/04/2026 10:00","124.25",""
"16/04/2026 00:00 - 17/04/2026 00:00","CTA|DE(Amprion)","HAMBORN-5","11WD7BEEC5XHAM5G","Fossil Coal-derived gas","11WD7BEEC5XHAM5G","16/04/2026 10:00 - 16/04/2026 11:00","116.50",""
"16/04/2026 00:00 - 17/04/2026 00:00","CTA|DE(Amprion)","HAMBORN-5","11WD7BEEC5XHAM5G","Fossil Coal-derived gas","11WD7BEEC5XHAM5G","16/04/2026 11:00 - 16/04/2026 12:00","108.00",""
"16/04/2026 00:00 - 17/04/2026 00:00","CTA|DE(Amprion)","HAMBORN-5","11WD7BEEC5XHAM5G","Fossil Coal-derived gas","11WD7BEEC5XHAM5G","16/04/2026 12:00 - 16/04/2026 13:00","108.00",""
"16/04/2026 00:00 - 17/04/2026 00:00","CTA|DE(Amprion)","HAMBORN-5","11WD7BEEC5XHAM5G","Fossil Coal-derived gas","11WD7BEEC5XHAM5G","16/04/2026 13:00 - 16/04/2026 14:00","108.00",""
"16/04/2026 00:00 - 17/04/2026 00:00","CTA|DE(Amprion)","HAMBORN-5","11WD7BEEC5XHAM5G","Fossil Coal-derived gas","11WD7BEEC5XHAM5G","16/04/2026 14:00 - 16/04/2026 15:00","108.00",""
"16/04/2026 00:00 - 17/04/2026 00:00","CTA|DE(Amprion)","HAMBORN-5","11WD7BEEC5XHAM5G","Fossil Coal-derived gas","11WD7BEEC5XHAM5G","16/04/2026 15:00 - 16/04/2026 16:00","108.00",""
"16/04/2026 00:00 - 17/04/2026 00:00","CTA|DE(Amprion)","HAMBORN-5","11WD7BEEC5XHAM5G","Fossil Coal-derived gas","11WD7BEEC5XHAM5G","16/04/2026 16:00 - 16/04/2026 17:00","108.00",""
"16/04/2026 00:00 - 17/04/2026 00:00","CTA|DE(Amprion)","HAMBORN-5","11WD7BEEC5XHAM5G","Fossil Coal-derived gas","11WD7BEEC5XHAM5G","16/04/2026 17:00 - 16/04/2026 18:00","108.00",""
"16/04/2026 00:00 - 17/04/2026 00:00","CTA|DE(Amprion)","HAMBORN-5","11WD7BEEC5XHAM5G","Fossil Coal-derived gas","11WD7BEEC5XHAM5G","16/04/2026 18:00 - 16/04/2026 19:00","108.00",""
"16/04/2026 00:00 - 17/04/2026 00:00","CTA|DE(Amprion)","HAMBORN-5","11WD7BEEC5XHAM5G","Fossil Coal-derived gas","11WD7BEEC5XHAM5G","16/04/2026 19:00 - 16/04/2026 20:00","108.00",""
"16/04/2026 00:00 - 17/04/2026 00:00","CTA|DE(Amprion)","HAMBORN-5","11WD7BEEC5XHAM5G","Fossil Coal-derived gas","11WD7BEEC5XHAM5G","16/04/2026 20:00 - 16/04/2026 21:00","108.00",""
"16/04/2026 00:00 - 17/04/2026 00:00","CTA|DE(Amprion)","HAMBORN-5","11WD7BEEC5XHAM5G","Fossil Coal-derived gas","11WD7BEEC5XHAM5G","16/04/2026 21:00 - 16/04/2026 22:00","108.00",""
"16/04/2026 00:00 - 17/04/2026 00:00","CTA|DE(Amprion)","HAMBORN-5","11WD7BEEC5XHAM5G","Fossil Coal-derived gas","11WD7BEEC5XHAM5G","16/04/2026 22:00 - 16/04/2026 23:00","211.00",""
"16/04/2026 00:00 - 17/04/2026 00:00","CTA|DE(Amprion)","HAMBORN-5","11WD7BEEC5XHAM5G","Fossil Coal-derived gas","11WD7BEEC5XHAM5G","16/04/2026 23:00 - 17/04/2026 00:00","211.00",""
"16/04/2026 00:00 - 17/04/2026 00:00","CTA|DE(Amprion)","RUHRORT-4","11WD7BEEC5XRUH4E","Fossil Coal-derived gas","11WD7BEEC5XRUH4E","16/04/2026 00:00 - 16/04/2026 01:00","0.00",""
"16/04/2026 00:00 - 17/04/2026 00:00","CTA|DE(Amprion)","RUHRORT-4","11WD7BEEC5XRUH4E","Fossil Coal-derived gas","11WD7BEEC5XRUH4E","16/04/2026 01:00 - 16/04/2026 02:00","0.00",""
"16/04/2026 00:00 - 17/04/2026 00:00","CTA|DE(Amprion)","RUHRORT-4","11WD7BEEC5XRUH4E","Fossil Coal-derived gas","11WD7BEEC5XRUH4E","16/04/2026 02:00 - 16/04/2026 03:00","0.00",""
"16/04/2026 00:00 - 17/04/2026 00:00","CTA|DE(Amprion)","RUHRORT-4","11WD7BEEC5XRUH4E","Fossil Coal-derived gas","11WD7BEEC5XRUH4E","16/04/2026 03:00 - 16/04/2026 04:00","0.00",""
"16/04/2026 00:00 - 17/04/2026 00:00","CTA|DE(Amprion)","RUHRORT-4","11WD7BEEC5XRUH4E","Fossil Coal-derived gas","11WD7BEEC5XRUH4E","16/04/2026 04:00 - 16/04/2026 05:00","0.00",""
"16/04/2026 00:00 - 17/04/2026 00:00","CTA|DE(Amprion)","RUHRORT-4","11WD7BEEC5XRUH4E","Fossil Coal-derived gas","11WD7BEEC5XRUH4E","16/04/2026 05:00 - 16/04/2026 06:00","0.00",""
"16/04/2026 00:00 - 17/04/2026 00:00","CTA|DE(Amprion)","RUHRORT-4","11WD7BEEC5XRUH4E","Fossil Coal-derived gas","11WD7BEEC5XRUH4E","16/04/2026 06:00 - 16/04/2026 07:00","0.00",""
"16/04/2026 00:00 - 17/04/2026 00:00","CTA|DE(Amprion)","RUHRORT-4","11WD7BEEC5XRUH4E","Fossil Coal-derived gas","11WD7BEEC5XRUH4E","16/04/2026 07:00 - 16/04/2026 08:00","0.00",""
"16/04/2026 00:00 - 17/04/2026 00:00","CTA|DE(Amprion)","RUHRORT-4","11WD7BEEC5XRUH4E","Fossil Coal-derived gas","11WD7BEEC5XRUH4E","16/04/2026 08:00 - 16/04/2026 09:00","0.00",""
"16/04/2026 00:00 - 17/04/2026 00:00","CTA|DE(Amprion)","RUHRORT-4","11WD7BEEC5XRUH4E","Fossil Coal-derived gas","11WD7BEEC5XRUH4E","16/04/2026 09:00 - 16/04/2026 10:00","0.00",""
"16/04/2026 00:00 - 17/04/2026 00:00","CTA|DE(Amprion)","RUHRORT-4","11WD7BEEC5XRUH4E","Fossil Coal-derived gas","11WD7BEEC5XRUH4E","16/04/2026 10:00 - 16/04/2026 11:00","0.00",""
"16/04/2026 00:00 - 17/04/2026 00:00","CTA|DE(Amprion)","RUHRORT-4","11WD7BEEC5XRUH4E","Fossil Coal-derived gas","11WD7BEEC5XRUH4E","16/04/2026 11:00 - 16/04/2026 12:00","0.00",""
"16/04/2026 00:00 - 17/04/2026 00:00","CTA|DE(Amprion)","RUHRORT-4","11WD7BEEC5XRUH4E","Fossil Coal-derived gas","11WD7BEEC5XRUH4E","16/04/2026 12:00 - 16/04/2026 13:00","0.00",""
"16/04/2026 00:00 - 17/04/2026 00:00","CTA|DE(Amprion)","RUHRORT-4","11WD7BEEC5XRUH4E","Fossil Coal-derived gas","11WD7BEEC5XRUH4E","16/04/2026 13:00 - 16/04/2026 14:00","0.00",""
"16/04/2026 00:00 - 17/04/2026 00:00","CTA|DE(Amprion)","RUHRORT-4","11WD7BEEC5XRUH4E","Fossil Coal-derived gas","11WD7BEEC5XRUH4E","16/04/2026 14:00 - 16/04/2026 15:00","0.00",""
"16/04/2026 00:00 - 17/04/2026 00:00","CTA|DE(Amprion)","RUHRORT-4","11WD7BEEC5XRUH4E","Fossil Coal-derived gas","11WD7BEEC5XRUH4E","16/04/2026 15:00 - 16/04/2026 16:00","0.00",""
"16/04/2026 00:00 - 17/04/2026 00:00","CTA|DE(Amprion)","RUHRORT-4","11WD7BEEC5XRUH4E","Fossil Coal-derived gas","11WD7BEEC5XRUH4E","16/04/2026 16:00 - 16/04/2026 17:00","0.00",""
"16/04/2026 00:00 - 17/04/2026 00:00","CTA|DE(Amprion)","RUHRORT-4","11WD7BEEC5XRUH4E","Fossil Coal-derived gas","11WD7BEEC5XRUH4E","16/04/2026 17:00 - 16/04/2026 18:00","0.00",""
"16/04/2026 00:00 - 17/04/2026 00:00","CTA|DE(Amprion)","RUHRORT-4","11WD7BEEC5XRUH4E","Fossil Coal-derived gas","11WD7BEEC5XRUH4E","16/04/2026 18:00 - 16/04/2026 19:00","0.00",""
"16/04/2026 00:00 - 17/04/2026 00:00","CTA|DE(Amprion)","RUHRORT-4","11WD7BEEC5XRUH4E","Fossil Coal-derived gas","11WD7BEEC5XRUH4E","16/04/2026 19:00 - 16/04/2026 20:00","0.00",""
"16/04/2026 00:00 - 17/04/2026 00:00","CTA|DE(Amprion)","RUHRORT-4","11WD7BEEC5XRUH4E","Fossil Coal-derived gas","11WD7BEEC5XRUH4E","16/04/2026 20:00 - 16/04/2026 21:00","0.00",""
"16/04/2026 00:00 - 17/04/2026 00:00","CTA|DE(Amprion)","RUHRORT-4","11WD7BEEC5XRUH4E","Fossil Coal-derived gas","11WD7BEEC5XRUH4E","16/04/2026 21:00 - 16/04/2026 22:00","0.00",""
"16/04/2026 00:00 - 17/04/2026 00:00","CTA|DE(Amprion)","RUHRORT-4","11WD7BEEC5XRUH4E","Fossil Coal-derived gas","11WD7BEEC5XRUH4E","16/04/2026 22:00 - 16/04/2026 23:00","0.00",""
"16/04/2026 00:00 - 17/04/2026 00:00","CTA|DE(Amprion)","RUHRORT-4","11WD7BEEC5XRUH4E","Fossil Coal-derived gas","11WD7BEEC5XRUH4E","16/04/2026 23:00 - 17/04/2026 00:00","0.00",""
"16/04/2026 00:00 - 17/04/2026 00:00","CTA|DE(Amprion)","BERGKAMEN_A","11WD7BERG1S--A-X","Fossil Hard coal","11WD7BERG1S--A-X","16/04/2026 00:00 - 16/04/2026 01:00","0.00",""
"16/04/2026 00:00 - 17/04/2026 00:00","CTA|DE(Amprion)","BERGKAMEN_A","11WD7BERG1S--A-X","Fossil Hard coal","11WD7BERG1S--A-X","16/04/2026 01:00 - 16/04/2026 02:00","0.00",""
"16/04/2026 00:00 - 17/04/2026 00:00","CTA|DE(Amprion)","BERGKAMEN_A","11WD7BERG1S--A-X","Fossil Hard coal","11WD7BERG1S--A-X","16/04/2026 02:00 - 16/04/2026 03:00","0.00",""
"16/04/2026 00:00 - 17/04/2026 00:00","CTA|DE(Amprion)","BERGKAMEN_A","11WD7BERG1S--A-X","Fossil Hard coal","11WD7BERG1S--A-X","16/04/2026 03:00 - 16/04/2026 04:00","0.00",""
"16/04/2026 00:00 - 17/04/2026 00:00","CTA|DE(Amprion)","BERGKAMEN_A","11WD7BERG1S--A-X","Fossil Hard coal","11WD7BERG1S--A-X","16/04/2026 04:00 - 16/04/2026 05:00","0.00",""
"16/04/2026 00:00 - 17/04/2026 00:00","CTA|DE(Amprion)","BERGKAMEN_A","11WD7BERG1S--A-X","Fossil Hard coal","11WD7BERG1S--A-X","16/04/2026 05:00 - 16/04/2026 06:00","0.00",""
"16/04/2026 00:00 - 17/04/2026 00:00","CTA|DE(Amprion)","BERGKAMEN_A","11WD7BERG1S--A-X","Fossil Hard coal","11WD7BERG1S--A-X","16/04/2026 06:00 - 16/04/2026 07:00","0.00",""
"16/04/2026 00:00 - 17/04/2026 00:00","CTA|DE(Amprion)","BERGKAMEN_A","11WD7BERG1S--A-X","Fossil Hard coal","11WD7BERG1S--A-X","16/04/2026 07:00 - 16/04/2026 08:00","0.00",""
"16/04/2026 00:00 - 17/04/2026 00:00","CTA|DE(Amprion)","BERGKAMEN_A","11WD7BERG1S--A-X","Fossil Hard coal","11WD7BERG1S--A-X","16/04/2026 08:00 - 16/04/2026 09:00","0.00",""
"16/04/2026 00:00 - 17/04/2026 00:00","CTA|DE(Amprion)","BERGKAMEN_A","11WD7BERG1S--A-X","Fossil Hard coal","11WD7BERG1S--A-X","16/04/2026 09:00 - 16/04/2026 10:00","0.00",""
"16/04/2026 00:00 - 17/04/2026 00:00","CTA|DE(Amprion)","BERGKAMEN_A","11WD7BERG1S--A-X","Fossil Hard coal","11WD7BERG1S--A-X","16/04/2026 10:00 - 16/04/2026 11:00","0.00",""
"16/04/2026 00:00 - 17/04/2026 00:00","CTA|DE(Amprion)","BERGKAMEN_A","11WD7BERG1S--A-X","Fossil Hard coal","11WD7BERG1S--A-X","16/04/2026 11:00 - 16/04/2026 12:00","0.00",""
"16/04/2026 00:00 - 17/04/2026 00:00","CTA|DE(Amprion)","BERGKAMEN_A","11WD7BERG1S--A-X","Fossil Hard coal","11WD7BERG1S--A-X","16/04/2026 12:00 - 16/04/2026 13:00","0.00",""
"16/04/2026 00:00 - 17/04/2026 00:00","CTA|DE(Amprion)","BERGKAMEN_A","11WD7BERG1S--A-X","Fossil Hard coal","11WD7BERG1S--A-X","16/04/2026 13:00 - 16/04/2026 14:00","0.00",""
"16/04/2026 00:00 - 17/04/2026 00:00","CTA|DE(Amprion)","BERGKAMEN_A","11WD7BERG1S--A-X","Fossil Hard coal","11WD7BERG1S--A-X","16/04/2026 14:00 - 16/04/2026 15:00","0.00",""
"16/04/2026 00:00 - 17/04/2026 00:00","CTA|DE(Amprion)","BERGKAMEN_A","11WD7BERG1S--A-X","Fossil Hard coal","11WD7BERG1S--A-X","16/04/2026 15:00 - 16/04/2026 16:00","0.00",""
"16/04/2026 00:00 - 17/04/2026 00:00","CTA|DE(Amprion)","BERGKAMEN_A","11WD7BERG1S--A-X","Fossil Hard coal","11WD7BERG1S--A-X","16/04/2026 16:00 - 16/04/2026 17:00","0.00",""
"16/04/2026 00:00 - 17/04/2026 00:00","CTA|DE(Amprion)","BERGKAMEN_A","11WD7BERG1S--A-X","Fossil Hard coal","11WD7BERG1S--A-X","16/04/2026 17:00 - 16/04/2026 18:00","0.00",""
"16/04/2026 00:00 - 17/04/2026 00:00","CTA|DE(Amprion)","BERGKAMEN_A","11WD7BERG1S--A-X","Fossil Hard coal","11WD7BERG1S--A-X","16/04/2026 18:00 - 16/04/2026 19:00","0.00",""
"16/04/2026 00:00 - 17/04/2026 00:00","CTA|DE(Amprion)","BERGKAMEN_A","11WD7BERG1S--A-X","Fossil Hard coal","11WD7BERG1S--A-X","16/04/2026 19:00 - 16/04/2026 20:00","0.00",""
"16/04/2026 00:00 - 17/04/2026 00:00","CTA|DE(Amprion)","BERGKAMEN_A","11WD7BERG1S--A-X","Fossil Hard coal","11WD7BERG1S--A-X","16/04/2026 20:00 - 16/04/2026 21:00","0.00",""
"16/04/2026 00:00 - 17/04/2026 00:00","CTA|DE(Amprion)","BERGKAMEN_A","11WD7BERG1S--A-X","Fossil Hard coal","11WD7BERG1S--A-X","16/04/2026 21:00 - 16/04/2026 22:00","0.00",""
"16/04/2026 00:00 - 17/04/2026 00:00","CTA|DE(Amprion)","BERGKAMEN_A","11WD7BERG1S--A-X","Fossil Hard coal","11WD7BERG1S--A-X","16/04/2026 22:00 - 16/04/2026 23:00","0.00",""
"16/04/2026 00:00 - 17/04/2026 00:00","CTA|DE(Amprion)","BERGKAMEN_A","11WD7BERG1S--A-X","Fossil Hard coal","11WD7BERG1S--A-X","16/04/2026 23:00 - 17/04/2026 00:00","0.00",""
"16/04/2026 00:00 - 17/04/2026 00:00","CTA|DE(Amprion)","KMW_KW3","11WD7BISC5GKW3-T","Fossil Gas","11WD7BISC5GKW3-T","16/04/2026 00:00 - 16/04/2026 01:00","261.30",""
"16/04/2026 00:00 - 17/04/2026 00:00","CTA|DE(Amprion)","KMW_KW3","11WD7BISC5GKW3-T","Fossil Gas","11WD7BISC5GKW3-T","16/04/2026 01:00 - 16/04/2026 02:00","226.65",""
"16/04/2026 00:00 - 17/04/2026 00:00","CTA|DE(Amprion)","KMW_KW3","11WD7BISC5GKW3-T","Fossil Gas","11WD7BISC5GKW3-T","16/04/2026 02:00 - 16/04/2026 03:00","296.98",""
"16/04/2026 00:00 - 17/04/2026 00:00","CTA|DE(Amprion)","KMW_KW3","11WD7BISC5GKW3-T","Fossil Gas","11WD7BISC5GKW3-T","16/04/2026 03:00 - 16/04/2026 04:00","246.72",""
"16/04/2026 00:00 - 17/04/2026 00:00","CTA|DE(Amprion)","KMW_KW3","11WD7BISC5GKW3-T","Fossil Gas","11WD7BISC5GKW3-T","16/04/2026 04:00 - 16/04/2026 05:00","295.63",""
"16/04/2026 00:00 - 17/04/2026 00:00","CTA|DE(Amprion)","KMW_KW3","11WD7BISC5GKW3-T","Fossil Gas","11WD7BISC5GKW3-T","16/04/2026 05:00 - 16/04/2026 06:00","380.80",""
"16/04/2026 00:00 - 17/04/2026 00:00","CTA|DE(Amprion)","KMW_KW3","11WD7BISC5GKW3-T","Fossil Gas","11WD7BISC5GKW3-T","16/04/2026 06:00 - 16/04/2026 07:00","421.82",""
"16/04/2026 00:00 - 17/04/2026 00:00","CTA|DE(Amprion)","KMW_KW3","11WD7BISC5GKW3-T","Fossil Gas","11WD7BISC5GKW3-T","16/04/2026 07:00 - 16/04/2026 08:00","423.05",""
"16/04/2026 00:00 - 17/04/2026 00:00","CTA|DE(Amprion)","KMW_KW3","11WD7BISC5GKW3-T","Fossil Gas","11WD7BISC5GKW3-T","16/04/2026 08:00 - 16/04/2026 09:00","422.25",""
"16/04/2026 00:00 - 17/04/2026 00:00","CTA|DE(Amprion)","KMW_KW3","11WD7BISC5GKW3-T","Fossil Gas","11WD7BISC5GKW3-T","16/04/2026 09:00 - 16/04/2026 10:00","294.45",""
"16/04/2026 00:00 - 17/04/2026 00:00","CTA|DE(Amprion)","KMW_KW3","11WD7BISC5GKW3-T","Fossil Gas","11WD7BISC5GKW3-T","16/04/2026 10:00 - 16/04/2026 11:00","0.00",""
"16/04/2026 00:00 - 17/04/2026 00:00","CTA|DE(Amprion)","KMW_KW3","11WD7BISC5GKW3-T","Fossil Gas","11WD7BISC5GKW3-T","16/04/2026 11:00 - 16/04/2026 12:00","0.00",""
"16/04/2026 00:00 - 17/04/2026 00:00","CTA|DE(Amprion)","KMW_KW3","11WD7BISC5GKW3-T","Fossil Gas","11WD7BISC5GKW3-T","16/04/2026 12:00 - 16/04/2026 13:00","0.00",""
"16/04/2026 00:00 - 17/04/2026 00:00","CTA|DE(Amprion)","KMW_KW3","11WD7BISC5GKW3-T","Fossil Gas","11WD7BISC5GKW3-T","16/04/2026 13:00 - 16/04/2026 14:00","0.00",""
"16/04/2026 00:00 - 17/04/2026 00:00","CTA|DE(Amprion)","KMW_KW3","11WD7BISC5GKW3-T","Fossil Gas","11WD7BISC5GKW3-T","16/04/2026 14:00 - 16/04/2026 15:00","0.00",""
"16/04/2026 00:00 - 17/04/2026 00:00","CTA|DE(Amprion)","KMW_KW3","11WD7BISC5GKW3-T","Fossil Gas","11WD7BISC5GKW3-T","16/04/2026 15:00 - 16/04/2026 16:00","0.00",""
"16/04/2026 00:00 - 17/04/2026 00:00","CTA|DE(Amprion)","KMW_KW3","11WD7BISC5GKW3-T","Fossil Gas","11WD7BISC5GKW3-T","16/04/2026 16:00 - 16/04/2026 17:00","0.00",""
"16/04/2026 00:00 - 17/04/2026 00:00","CTA|DE(Amprion)","KMW_KW3","11WD7BISC5GKW3-T","Fossil Gas","11WD7BISC5GKW3-T","16/04/2026 17:00 - 16/04/2026 18:00","260.15",""
"16/04/2026 00:00 - 17/04/2026 00:00","CTA|DE(Amprion)","KMW_KW3","11WD7BISC5GKW3-T","Fossil Gas","11WD7BISC5GKW3-T","16/04/2026 18:00 - 16/04/2026 19:00","402.60",""
"16/04/2026 00:00 - 17/04/2026 00:00","CTA|DE(Amprion)","KMW_KW3","11WD7BISC5GKW3-T","Fossil Gas","11WD7BISC5GKW3-T","16/04/2026 19:00 - 16/04/2026 20:00","402.80",""
"16/04/2026 00:00 - 17/04/2026 00:00","CTA|DE(Amprion)","KMW_KW3","11WD7BISC5GKW3-T","Fossil Gas","11WD7BISC5GKW3-T","16/04/2026 20:00 - 16/04/2026 21:00","406.23",""
"16/04/2026 00:00 - 17/04/2026 00:00","CTA|DE(Amprion)","KMW_KW3","11WD7BISC5GKW3-T","Fossil Gas","11WD7BISC5GKW3-T","16/04/2026 21:00 - 16/04/2026 22:00","409.93",""
"16/04/2026 00:00 - 17/04/2026 00:00","CTA|DE(Amprion)","KMW_KW3","11WD7BISC5GKW3-T","Fossil Gas","11WD7BISC5GKW3-T","16/04/2026 22:00 - 16/04/2026 23:00","413.55",""
"16/04/2026 00:00 - 17/04/2026 00:00","CTA|DE(Amprion)","KMW_KW3","11WD7BISC5GKW3-T","Fossil Gas","11WD7BISC5GKW3-T","16/04/2026 23:00 - 17/04/2026 00:00","415.63",""
"16/04/2026 00:00 - 17/04/2026 00:00","CTA|DE(Amprion)","DT HKW-Niehl-2","11WD7BOLA5GDTN2T","Fossil Gas","11WD7BOLA5GDTN2T","16/04/2026 00:00 - 16/04/2026 01:00","116.38",""
"16/04/2026 00:00 - 17/04/2026 00:00","CTA|DE(Amprion)","DT HKW-Niehl-2","11WD7BOLA5GDTN2T","Fossil Gas","11WD7BOLA5GDTN2T","16/04/2026 01:00 - 16/04/2026 02:00","119.78",""
"16/04/2026 00:00 - 17/04/2026 00:00","CTA|DE(Amprion)","DT HKW-Niehl-2","11WD7BOLA5GDTN2T","Fossil Gas","11WD7BOLA5GDTN2T","16/04/2026 02:00 - 16/04/2026 03:00","124.28",""
"16/04/2026 00:00 - 17/04/2026 00:00","CTA|DE(Amprion)","DT HKW-Niehl-2","11WD7BOLA5GDTN2T","Fossil Gas","11WD7BOLA5GDTN2T","16/04/2026 03:00 - 16/04/2026 04:00","111.42",""
"16/04/2026 00:00 - 17/04/2026 00:00","CTA|DE(Amprion)","DT HKW-Niehl-2","11WD7BOLA5GDTN2T","Fossil Gas","11WD7BOLA5GDTN2T","16/04/2026 04:00 - 16/04/2026 05:00","98.28",""
"16/04/2026 00:00 - 17/04/2026 00:00","CTA|DE(Amprion)","DT HKW-Niehl-2","11WD7BOLA5GDTN2T","Fossil Gas","11WD7BOLA5GDTN2T","16/04/2026 05:00 - 16/04/2026 06:00","115.50",""
"16/04/2026 00:00 - 17/04/2026 00:00","CTA|DE(Amprion)","DT HKW-Niehl-2","11WD7BOLA5GDTN2T","Fossil Gas","11WD7BOLA5GDTN2T","16/04/2026 06:00 - 16/04/2026 07:00","116.55",""
"16/04/2026 00:00 - 17/04/2026 00:00","CTA|DE(Amprion)","DT HKW-Niehl-2","11WD7BOLA5GDTN2T","Fossil Gas","11WD7BOLA5GDTN2T","16/04/2026 07:00 - 16/04/2026 08:00","126.05",""
"16/04/2026 00:00 - 17/04/2026 00:00","CTA|DE(Amprion)","DT HKW-Niehl-2","11WD7BOLA5GDTN2T","Fossil Gas","11WD7BOLA5GDTN2T","16/04/2026 08:00 - 16/04/2026 09:00","120.20",""
"16/04/2026 00:00 - 17/04/2026 00:00","CTA|DE(Amprion)","DT HKW-Niehl-2","11WD7BOLA5GDTN2T","Fossil Gas","11WD7BOLA5GDTN2T","16/04/2026 09:00 - 16/04/2026 10:00","108.10",""
"16/04/2026 00:00 - 17/04/2026 00:00","CTA|DE(Amprion)","DT HKW-Niehl-2","11WD7BOLA5GDTN2T","Fossil Gas","11WD7BOLA5GDTN2T","16/04/2026 10:00 - 16/04/2026 11:00","112.97",""
"16/04/2026 00:00 - 17/04/2026 00:00","CTA|DE(Amprion)","DT HKW-Niehl-2","11WD7BOLA5GDTN2T","Fossil Gas","11WD7BOLA5GDTN2T","16/04/2026 11:00 - 16/04/2026 12:00","60.60",""
"16/04/2026 00:00 - 17/04/2026 00:00","CTA|DE(Amprion)","DT HKW-Niehl-2","11WD7BOLA5GDTN2T","Fossil Gas","11WD7BOLA5GDTN2T","16/04/2026 12:00 - 16/04/2026 13:00","59.90",""
"16/04/2026 00:00 - 17/04/2026 00:00","CTA|DE(Amprion)","DT HKW-Niehl-2","11WD7BOLA5GDTN2T","Fossil Gas","11WD7BOLA5GDTN2T","16/04/2026 13:00 - 16/04/2026 14:00","59.90",""
"16/04/2026 00:00 - 17/04/2026 00:00","CTA|DE(Amprion)","DT HKW-Niehl-2","11WD7BOLA5GDTN2T","Fossil Gas","11WD7BOLA5GDTN2T","16/04/2026 14:00 - 16/04/2026 15:00","59.90",""
"16/04/2026 00:00 - 17/04/2026 00:00","CTA|DE(Amprion)","DT HKW-Niehl-2","11WD7BOLA5GDTN2T","Fossil Gas","11WD7BOLA5GDTN2T","16/04/2026 15:00 - 16/04/2026 16:00","66.20",""
"16/04/2026 00:00 - 17/04/2026 00:00","CTA|DE(Amprion)","DT HKW-Niehl-2","11WD7BOLA5GDTN2T","Fossil Gas","11WD7BOLA5GDTN2T","16/04/2026 16:00 - 16/04/2026 17:00","121.92",""
"16/04/2026 00:00 - 17/04/2026 00:00","CTA|DE(Amprion)","DT HKW-Niehl-2","11WD7BOLA5GDTN2T","Fossil Gas","11WD7BOLA5GDTN2T","16/04/2026 17:00 - 16/04/2026 18:00","120.42",""
"16/04/2026 00:00 - 17/04/2026 00:00","CTA|DE(Amprion)","DT HKW-Niehl-2","11WD7BOLA5GDTN2T","Fossil Gas","11WD7BOLA5GDTN2T","16/04/2026 18:00 - 16/04/2026 19:00","77.85",""
"16/04/2026 00:00 - 17/04/2026 00:00","CTA|DE(Amprion)","DT HKW-Niehl-2","11WD7BOLA5GDTN2T","Fossil Gas","11WD7BOLA5GDTN2T","16/04/2026 19:00 - 16/04/2026 20:00","90.70",""
"16/04/2026 00:00 - 17/04/2026 00:00","CTA|DE(Amprion)","DT HKW-Niehl-2","11WD7BOLA5GDTN2T","Fossil Gas","11WD7BOLA5GDTN2T","16/04/2026 20:00 - 16/04/2026 21:00","122.92",""
"16/04/2026 00:00 - 17/04/2026 00:00","CTA|DE(Amprion)","DT HKW-Niehl-2","11WD7BOLA5GDTN2T","Fossil Gas","11WD7BOLA5GDTN2T","16/04/2026 21:00 - 16/04/2026 22:00","124.08",""
"16/04/2026 00:00 - 17/04/2026 00:00","CTA|DE(Amprion)","DT HKW-Niehl-2","11WD7BOLA5GDTN2T","Fossil Gas","11WD7BOLA5GDTN2T","16/04/2026 22:00 - 16/04/2026 23:00","124.45",""
"16/04/2026 00:00 - 17/04/2026 00:00","CTA|DE(Amprion)","DT HKW-Niehl-2","11WD7BOLA5GDTN2T","Fossil Gas","11WD7BOLA5GDTN2T","16/04/2026 23:00 - 17/04/2026 00:00","124.70",""
"16/04/2026 00:00 - 17/04/2026 00:00","CTA|DE(Amprion)","GT HKW-Niehl-2","11WD7BOLA5GGTN2E","Fossil Gas","11WD7BOLA5GGTN2E","16/04/2026 00:00 - 16/04/2026 01:00","232.80",""
"16/04/2026 00:00 - 17/04/2026 00:00","CTA|DE(Amprion)","GT HKW-Niehl-2","11WD7BOLA5GGTN2E","Fossil Gas","11WD7BOLA5GGTN2E","16/04/2026 01:00 - 16/04/2026 02:00","239.53",""
"16/04/2026 00:00 - 17/04/2026 00:00","CTA|DE(Amprion)","GT HKW-Niehl-2","11WD7BOLA5GGTN2E","Fossil Gas","11WD7BOLA5GGTN2E","16/04/2026 02:00 - 16/04/2026 03:00","248.50",""
"16/04/2026 00:00 - 17/04/2026 00:00","CTA|DE(Amprion)","GT HKW-Niehl-2","11WD7BOLA5GGTN2E","Fossil Gas","11WD7BOLA5GGTN2E","16/04/2026 03:00 - 16/04/2026 04:00","222.85",""
"16/04/2026 00:00 - 17/04/2026 00:00","CTA|DE(Amprion)","GT HKW-Niehl-2","11WD7BOLA5GGTN2E","Fossil Gas","11WD7BOLA5GGTN2E","16/04/2026 04:00 - 16/04/2026 05:00","196.50",""
"16/04/2026 00:00 - 17/04/2026 00:00","CTA|DE(Amprion)","GT HKW-Niehl-2","11WD7BOLA5GGTN2E","Fossil Gas","11WD7BOLA5GGTN2E","16/04/2026 05:00 - 16/04/2026 06:00","231.00",""
"16/04/2026 00:00 - 17/04/2026 00:00","CTA|DE(Amprion)","GT HKW-Niehl-2","11WD7BOLA5GGTN2E","Fossil Gas","11WD7BOLA5GGTN2E","16/04/2026 06:00 - 16/04/2026 07:00","233.03",""
"16/04/2026 00:00 - 17/04/2026 00:00","CTA|DE(Amprion)","GT HKW-Niehl-2","11WD7BOLA5GGTN2E","Fossil Gas","11WD7BOLA5GGTN2E","16/04/2026 07:00 - 16/04/2026 08:00","252.13",""
"16/04/2026 00:00 - 17/04/2026 00:00","CTA|DE(Amprion)","GT HKW-Niehl-2","11WD7BOLA5GGTN2E","Fossil Gas","11WD7BOLA5GGTN2E","16/04/2026 08:00 - 16/04/2026 09:00","240.32",""
"16/04/2026 00:00 - 17/04/2026 00:00","CTA|DE(Amprion)","GT HKW-Niehl-2","11WD7BOLA5GGTN2E","Fossil Gas","11WD7BOLA5GGTN2E","16/04/2026 09:00 - 16/04/2026 10:00","216.25",""
"16/04/2026 00:00 - 17/04/2026 00:00","CTA|DE(Amprion)","GT HKW-Niehl-2","11WD7BOLA5GGTN2E","Fossil Gas","11WD7BOLA5GGTN2E","16/04/2026 10:00 - 16/04/2026 11:00","225.93",""
"16/04/2026 00:00 - 17/04/2026 00:00","CTA|DE(Amprion)","GT HKW-Niehl-2","11WD7BOLA5GGTN2E","Fossil Gas","11WD7BOLA5GGTN2E","16/04/2026 11:00 - 16/04/2026 12:00","121.22",""
"16/04/2026 00:00 - 17/04/2026 00:00","CTA|DE(Amprion)","GT HKW-Niehl-2","11WD7BOLA5GGTN2E","Fossil Gas","11WD7BOLA5GGTN2E","16/04/2026 12:00 - 16/04/2026 13:00","119.83",""
"16/04/2026 00:00 - 17/04/2026 00:00","CTA|DE(Amprion)","GT HKW-Niehl-2","11WD7BOLA5GGTN2E","Fossil Gas","11WD7BOLA5GGTN2E","16/04/2026 13:00 - 16/04/2026 14:00","119.85",""
"16/04/2026 00:00 - 17/04/2026 00:00","CTA|DE(Amprion)","GT HKW-Niehl-2","11WD7BOLA5GGTN2E","Fossil Gas","11WD7BOLA5GGTN2E","16/04/2026 14:00 - 16/04/2026 15:00","119.83",""
"16/04/2026 00:00 - 17/04/2026 00:00","CTA|DE(Amprion)","GT HKW-Niehl-2","11WD7BOLA5GGTN2E","Fossil Gas","11WD7BOLA5GGTN2E","16/04/2026 15:00 - 16/04/2026 16:00","132.35",""
"16/04/2026 00:00 - 17/04/2026 00:00","CTA|DE(Amprion)","GT HKW-Niehl-2","11WD7BOLA5GGTN2E","Fossil Gas","11WD7BOLA5GGTN2E","16/04/2026 16:00 - 16/04/2026 17:00","243.82",""
"16/04/2026 00:00 - 17/04/2026 00:00","CTA|DE(Amprion)","GT HKW-Niehl-2","11WD7BOLA5GGTN2E","Fossil Gas","11WD7BOLA5GGTN2E","16/04/2026 17:00 - 16/04/2026 18:00","240.82",""
"16/04/2026 00:00 - 17/04/2026 00:00","CTA|DE(Amprion)","GT HKW-Niehl-2","11WD7BOLA5GGTN2E","Fossil Gas","11WD7BOLA5GGTN2E","16/04/2026 18:00 - 16/04/2026 19:00","155.70",""
"16/04/2026 00:00 - 17/04/2026 00:00","CTA|DE(Amprion)","GT HKW-Niehl-2","11WD7BOLA5GGTN2E","Fossil Gas","11WD7BOLA5GGTN2E","16/04/2026 19:00 - 16/04/2026 20:00","181.40",""
"16/04/2026 00:00 - 17/04/2026 00:00","CTA|DE(Amprion)","GT HKW-Niehl-2","11WD7BOLA5GGTN2E","Fossil Gas","11WD7BOLA5GGTN2E","16/04/2026 20:00 - 16/04/2026 21:00","245.80",""
"16/04/2026 00:00 - 17/04/2026 00:00","CTA|DE(Amprion)","GT HKW-Niehl-2","11WD7BOLA5GGTN2E","Fossil Gas","11WD7BOLA5GGTN2E","16/04/2026 21:00 - 16/04/2026 22:00","248.10",""
"16/04/2026 00:00 - 17/04/2026 00:00","CTA|DE(Amprion)","GT HKW-Niehl-2","11WD7BOLA5GGTN2E","Fossil Gas","11WD7BOLA5GGTN2E","16/04/2026 22:00 - 16/04/2026 23:00","248.90",""
"16/04/2026 00:00 - 17/04/2026 00:00","CTA|DE(Amprion)","GT HKW-Niehl-2","11WD7BOLA5GGTN2E","Fossil Gas","11WD7BOLA5GGTN2E","16/04/2026 23:00 - 17/04/2026 00:00","249.50",""
"16/04/2026 00:00 - 17/04/2026 00:00","CTA|DE(Amprion)","GuD Dormagen","11WD7BRAU5G-GUDH","Fossil Gas","11WD7BRAU5G-GUDH","16/04/2026 00:00 - 16/04/2026 01:00","0.00",""
"16/04/2026 00:00 - 17/04/2026 00:00","CTA|DE(Amprion)","GuD Dormagen","11WD7BRAU5G-GUDH","Fossil Gas","11WD7BRAU5G-GUDH","16/04/2026 01:00 - 16/04/2026 02:00","0.00",""
"16/04/2026 00:00 - 17/04/2026 00:00","CTA|DE(Amprion)","GuD Dormagen","11WD7BRAU5G-GUDH","Fossil Gas","11WD7BRAU5G-GUDH","16/04/2026 02:00 - 16/04/2026 03:00","0.00",""
"16/04/2026 00:00 - 17/04/2026 00:00","CTA|DE(Amprion)","GuD Dormagen","11WD7BRAU5G-GUDH","Fossil Gas","11WD7BRAU5G-GUDH","16/04/2026 03:00 - 16/04/2026 04:00","0.00",""
"16/04/2026 00:00 - 17/04/2026 00:00","CTA|DE(Amprion)","GuD Dormagen","11WD7BRAU5G-GUDH","Fossil Gas","11WD7BRAU5G-GUDH","16/04/2026 04:00 - 16/04/2026 05:00","0.00",""
"16/04/2026 00:00 - 17/04/2026 00:00","CTA|DE(Amprion)","GuD Dormagen","11WD7BRAU5G-GUDH","Fossil Gas","11WD7BRAU5G-GUDH","16/04/2026 05:00 - 16/04/2026 06:00","0.00",""
"16/04/2026 00:00 - 17/04/2026 00:00","CTA|DE(Amprion)","GuD Dormagen","11WD7BRAU5G-GUDH","Fossil Gas","11WD7BRAU5G-GUDH","16/04/2026 06:00 - 16/04/2026 07:00","0.00",""
"16/04/2026 00:00 - 17/04/2026 00:00","CTA|DE(Amprion)","GuD Dormagen","11WD7BRAU5G-GUDH","Fossil Gas","11WD7BRAU5G-GUDH","16/04/2026 07:00 - 16/04/2026 08:00","0.00",""
"16/04/2026 00:00 - 17/04/2026 00:00","CTA|DE(Amprion)","GuD Dormagen","11WD7BRAU5G-GUDH","Fossil Gas","11WD7BRAU5G-GUDH","16/04/2026 08:00 - 16/04/2026 09:00","0.00",""
"16/04/2026 00:00 - 17/04/2026 00:00","CTA|DE(Amprion)","GuD Dormagen","11WD7BRAU5G-GUDH","Fossil Gas","11WD7BRAU5G-GUDH","16/04/2026 09:00 - 16/04/2026 10:00","0.00",""
"16/04/2026 00:00 - 17/04/2026 00:00","CTA|DE(Amprion)","GuD Dormagen","11WD7BRAU5G-GUDH","Fossil Gas","11WD7BRAU5G-GUDH","16/04/2026 10:00 - 16/04/2026 11:00","0.00",""
"16/04/2026 00:00 - 17/04/2026 00:00","CTA|DE(Amprion)","GuD Dormagen","11WD7BRAU5G-GUDH","Fossil Gas","11WD7BRAU5G-GUDH","16/04/2026 11:00 - 16/04/2026 12:00","0.00",""
"16/04/2026 00:00 - 17/04/2026 00:00","CTA|DE(Amprion)","GuD Dormagen","11WD7BRAU5G-GUDH","Fossil Gas","11WD7BRAU5G-GUDH","16/04/2026 12:00 - 16/04/2026 13:00","0.00",""
"16/04/2026 00:00 - 17/04/2026 00:00","CTA|DE(Amprion)","GuD Dormagen","11WD7BRAU5G-GUDH","Fossil Gas","11WD7BRAU5G-GUDH","16/04/2026 13:00 - 16/04/2026 14:00","0.00",""
"16/04/2026 00:00 - 17/04/2026 00:00","CTA|DE(Amprion)","GuD Dormagen","11WD7BRAU5G-GUDH","Fossil Gas","11WD7BRAU5G-GUDH","16/04/2026 14:00 - 16/04/2026 15:00","0.00",""
"16/04/2026 00:00 - 17/04/2026 00:00","CTA|DE(Amprion)","GuD Dormagen","11WD7BRAU5G-GUDH","Fossil Gas","11WD7BRAU5G-GUDH","16/04/2026 15:00 - 16/04/2026 16:00","0.00",""
"16/04/2026 00:00 - 17/04/2026 00:00","CTA|DE(Amprion)","GuD Dormagen","11WD7BRAU5G-GUDH","Fossil Gas","11WD7BRAU5G-GUDH","16/04/2026 16:00 - 16/04/2026 17:00","0.00",""
"16/04/2026 00:00 - 17/04/2026 00:00","CTA|DE(Amprion)","GuD Dormagen","11WD7BRAU5G-GUDH","Fossil Gas","11WD7BRAU5G-GUDH","16/04/2026 17:00 - 16/04/2026 18:00","0.00",""
"16/04/2026 00:00 - 17/04/2026 00:00","CTA|DE(Amprion)","GuD Dormagen","11WD7BRAU5G-GUDH","Fossil Gas","11WD7BRAU5G-GUDH","16/04/2026 18:00 - 16/04/2026 19:00","0.00",""
"16/04/2026 00:00 - 17/04/2026 00:00","CTA|DE(Amprion)","GuD Dormagen","11WD7BRAU5G-GUDH","Fossil Gas","11WD7BRAU5G-GUDH","16/04/2026 19:00 - 16/04/2026 20:00","0.00",""
"16/04/2026 00:00 - 17/04/2026 00:00","CTA|DE(Amprion)","GuD Dormagen","11WD7BRAU5G-GUDH","Fossil Gas","11WD7BRAU5G-GUDH","16/04/2026 20:00 - 16/04/2026 21:00","0.00",""
"16/04/2026 00:00 - 17/04/2026 00:00","CTA|DE(Amprion)","GuD Dormagen","11WD7BRAU5G-GUDH","Fossil Gas","11WD7BRAU5G-GUDH","16/04/2026 21:00 - 16/04/2026 22:00","0.00",""
"16/04/2026 00:00 - 17/04/2026 00:00","CTA|DE(Amprion)","GuD Dormagen","11WD7BRAU5G-GUDH","Fossil Gas","11WD7BRAU5G-GUDH","16/04/2026 22:00 - 16/04/2026 23:00","0.00",""
"16/04/2026 00:00 - 17/04/2026 00:00","CTA|DE(Amprion)","GuD Dormagen","11WD7BRAU5G-GUDH","Fossil Gas","11WD7BRAU5G-GUDH","16/04/2026 23:00 - 17/04/2026 00:00","0.00",""
"16/04/2026 00:00 - 17/04/2026 00:00","CTA|DE(Amprion)","Emsland B","11WD7EMSL-G-BLB0","Fossil Gas","11WD7EMSL-G-BLB0","16/04/2026 00:00 - 16/04/2026 01:00","0.00",""
"16/04/2026 00:00 - 17/04/2026 00:00","CTA|DE(Amprion)","Emsland B","11WD7EMSL-G-BLB0","Fossil Gas","11WD7EMSL-G-BLB0","16/04/2026 01:00 - 16/04/2026 02:00","0.00",""
"16/04/2026 00:00 - 17/04/2026 00:00","CTA|DE(Amprion)","Emsland B","11WD7EMSL-G-BLB0","Fossil Gas","11WD7EMSL-G-BLB0","16/04/2026 02:00 - 16/04/2026 03:00","0.00",""
"16/04/2026 00:00 - 17/04/2026 00:00","CTA|DE(Amprion)","Emsland B","11WD7EMSL-G-BLB0","Fossil Gas","11WD7EMSL-G-BLB0","16/04/2026 03:00 - 16/04/2026 04:00","0.00",""
"16/04/2026 00:00 - 17/04/2026 00:00","CTA|DE(Amprion)","Emsland B","11WD7EMSL-G-BLB0","Fossil Gas","11WD7EMSL-G-BLB0","16/04/2026 04:00 - 16/04/2026 05:00","0.00",""
"16/04/2026 00:00 - 17/04/2026 00:00","CTA|DE(Amprion)","Emsland B","11WD7EMSL-G-BLB0","Fossil Gas","11WD7EMSL-G-BLB0","16/04/2026 05:00 - 16/04/2026 06:00","0.00",""
"16/04/2026 00:00 - 17/04/2026 00:00","CTA|DE(Amprion)","Emsland B","11WD7EMSL-G-BLB0","Fossil Gas","11WD7EMSL-G-BLB0","16/04/2026 06:00 - 16/04/2026 07:00","0.00",""
"16/04/2026 00:00 - 17/04/2026 00:00","CTA|DE(Amprion)","Emsland B","11WD7EMSL-G-BLB0","Fossil Gas","11WD7EMSL-G-BLB0","16/04/2026 07:00 - 16/04/2026 08:00","0.00",""
"16/04/2026 00:00 - 17/04/2026 00:00","CTA|DE(Amprion)","Emsland B","11WD7EMSL-G-BLB0","Fossil Gas","11WD7EMSL-G-BLB0","16/04/2026 08:00 - 16/04/2026 09:00","0.00",""
"16/04/2026 00:00 - 17/04/2026 00:00","CTA|DE(Amprion)","Emsland B","11WD7EMSL-G-BLB0","Fossil Gas","11WD7EMSL-G-BLB0","16/04/2026 09:00 - 16/04/2026 10:00","0.00",""
"16/04/2026 00:00 - 17/04/2026 00:00","CTA|DE(Amprion)","Emsland B","11WD7EMSL-G-BLB0","Fossil Gas","11WD7EMSL-G-BLB0","16/04/2026 10:00 - 16/04/2026 11:00","0.00",""
"16/04/2026 00:00 - 17/04/2026 00:00","CTA|DE(Amprion)","Emsland B","11WD7EMSL-G-BLB0","Fossil Gas","11WD7EMSL-G-BLB0","16/04/2026 11:00 - 16/04/2026 12:00","0.00",""
"16/04/2026 00:00 - 17/04/2026 00:00","CTA|DE(Amprion)","Emsland B","11WD7EMSL-G-BLB0","Fossil Gas","11WD7EMSL-G-BLB0","16/04/2026 12:00 - 16/04/2026 13:00","0.00",""
"16/04/2026 00:00 - 17/04/2026 00:00","CTA|DE(Amprion)","Emsland B","11WD7EMSL-G-BLB0","Fossil Gas","11WD7EMSL-G-BLB0","16/04/2026 13:00 - 16/04/2026 14:00","0.00",""
"16/04/2026 00:00 - 17/04/2026 00:00","CTA|DE(Amprion)","Emsland B","11WD7EMSL-G-BLB0","Fossil Gas","11WD7EMSL-G-BLB0","16/04/2026 14:00 - 16/04/2026 15:00","0.00",""
"16/04/2026 00:00 - 17/04/2026 00:00","CTA|DE(Amprion)","Emsland B","11WD7EMSL-G-BLB0","Fossil Gas","11WD7EMSL-G-BLB0","16/04/2026 15:00 - 16/04/2026 16:00","0.00",""
"16/04/2026 00:00 - 17/04/2026 00:00","CTA|DE(Amprion)","Emsland B","11WD7EMSL-G-BLB0","Fossil Gas","11WD7EMSL-G-BLB0","16/04/2026 16:00 - 16/04/2026 17:00","0.00",""
"16/04/2026 00:00 - 17/04/2026 00:00","CTA|DE(Amprion)","Emsland B","11WD7EMSL-G-BLB0","Fossil Gas","11WD7EMSL-G-BLB0","16/04/2026 17:00 - 16/04/2026 18:00","0.00",""
"16/04/2026 00:00 - 17/04/2026 00:00","CTA|DE(Amprion)","Emsland B","11WD7EMSL-G-BLB0","Fossil Gas","11WD7EMSL-G-BLB0","16/04/2026 18:00 - 16/04/2026 19:00","0.00",""
"16/04/2026 00:00 - 17/04/2026 00:00","CTA|DE(Amprion)","Emsland B","11WD7EMSL-G-BLB0","Fossil Gas","11WD7EMSL-G-BLB0","16/04/2026 19:00 - 16/04/2026 20:00","0.00",""
"16/04/2026 00:00 - 17/04/2026 00:00","CTA|DE(Amprion)","Emsland B","11WD7EMSL-G-BLB0","Fossil Gas","11WD7EMSL-G-BLB0","16/04/2026 20:00 - 16/04/2026 21:00","0.00",""
"16/04/2026 00:00 - 17/04/2026 00:00","CTA|DE(Amprion)","Emsland B","11WD7EMSL-G-BLB0","Fossil Gas","11WD7EMSL-G-BLB0","16/04/2026 21:00 - 16/04/2026 22:00","0.00",""
"16/04/2026 00:00 - 17/04/2026 00:00","CTA|DE(Amprion)","Emsland B","11WD7EMSL-G-BLB0","Fossil Gas","11WD7EMSL-G-BLB0","16/04/2026 22:00 - 16/04/2026 23:00","0.00",""
"16/04/2026 00:00 - 17/04/2026 00:00","CTA|DE(Amprion)","Emsland B","11WD7EMSL-G-BLB0","Fossil Gas","11WD7EMSL-G-BLB0","16/04/2026 23:00 - 17/04/2026 00:00","0.00",""
"16/04/2026 00:00 - 17/04/2026 00:00","CTA|DE(Amprion)","Emsland C","11WD7EMSL-G-BLCZ","Fossil Gas","11WD7EMSL-G-BLCZ","16/04/2026 00:00 - 16/04/2026 01:00","0.00",""
"16/04/2026 00:00 - 17/04/2026 00:00","CTA|DE(Amprion)","Emsland C","11WD7EMSL-G-BLCZ","Fossil Gas","11WD7EMSL-G-BLCZ","16/04/2026 01:00 - 16/04/2026 02:00","0.00",""
"16/04/2026 00:00 - 17/04/2026 00:00","CTA|DE(Amprion)","Emsland C","11WD7EMSL-G-BLCZ","Fossil Gas","11WD7EMSL-G-BLCZ","16/04/2026 02:00 - 16/04/2026 03:00","0.00",""
"16/04/2026 00:00 - 17/04/2026 00:00","CTA|DE(Amprion)","Emsland C","11WD7EMSL-G-BLCZ","Fossil Gas","11WD7EMSL-G-BLCZ","16/04/2026 03:00 - 16/04/2026 04:00","0.00",""
"16/04/2026 00:00 - 17/04/2026 00:00","CTA|DE(Amprion)","Emsland C","11WD7EMSL-G-BLCZ","Fossil Gas","11WD7EMSL-G-BLCZ","16/04/2026 04:00 - 16/04/2026 05:00","0.00",""
"16/04/2026 00:00 - 17/04/2026 00:00","CTA|DE(Amprion)","Emsland C","11WD7EMSL-G-BLCZ","Fossil Gas","11WD7EMSL-G-BLCZ","16/04/2026 05:00 - 16/04/2026 06:00","0.00",""
"16/04/2026 00:00 - 17/04/2026 00:00","CTA|DE(Amprion)","Emsland C","11WD7EMSL-G-BLCZ","Fossil Gas","11WD7EMSL-G-BLCZ","16/04/2026 06:00 - 16/04/2026 07:00","0.00",""
"16/04/2026 00:00 - 17/04/2026 00:00","CTA|DE(Amprion)","Emsland C","11WD7EMSL-G-BLCZ","Fossil Gas","11WD7EMSL-G-BLCZ","16/04/2026 07:00 - 16/04/2026 08:00","0.00",""
"16/04/2026 00:00 - 17/04/2026 00:00","CTA|DE(Amprion)","Emsland C","11WD7EMSL-G-BLCZ","Fossil Gas","11WD7EMSL-G-BLCZ","16/04/2026 08:00 - 16/04/2026 09:00","0.00",""
"16/04/2026 00:00 - 17/04/2026 00:00","CTA|DE(Amprion)","Emsland C","11WD7EMSL-G-BLCZ","Fossil Gas","11WD7EMSL-G-BLCZ","16/04/2026 09:00 - 16/04/2026 10:00","0.00",""
"16/04/2026 00:00 - 17/04/2026 00:00","CTA|DE(Amprion)","Emsland C","11WD7EMSL-G-BLCZ","Fossil Gas","11WD7EMSL-G-BLCZ","16/04/2026 10:00 - 16/04/2026 11:00","0.00",""
"16/04/2026 00:00 - 17/04/2026 00:00","CTA|DE(Amprion)","Emsland C","11WD7EMSL-G-BLCZ","Fossil Gas","11WD7EMSL-G-BLCZ","16/04/2026 11:00 - 16/04/2026 12:00","0.00",""
"16/04/2026 00:00 - 17/04/2026 00:00","CTA|DE(Amprion)","Emsland C","11WD7EMSL-G-BLCZ","Fossil Gas","11WD7EMSL-G-BLCZ","16/04/2026 12:00 - 16/04/2026 13:00","0.00",""
"16/04/2026 00:00 - 17/04/2026 00:00","CTA|DE(Amprion)","Emsland C","11WD7EMSL-G-BLCZ","Fossil Gas","11WD7EMSL-G-BLCZ","16/04/2026 13:00 - 16/04/2026 14:00","0.00",""
"16/04/2026 00:00 - 17/04/2026 00:00","CTA|DE(Amprion)","Emsland C","11WD7EMSL-G-BLCZ","Fossil Gas","11WD7EMSL-G-BLCZ","16/04/2026 14:00 - 16/04/2026 15:00","0.00",""
"16/04/2026 00:00 - 17/04/2026 00:00","CTA|DE(Amprion)","Emsland C","11WD7EMSL-G-BLCZ","Fossil Gas","11WD7EMSL-G-BLCZ","16/04/2026 15:00 - 16/04/2026 16:00","0.00",""
"16/04/2026 00:00 - 17/04/2026 00:00","CTA|DE(Amprion)","Emsland C","11WD7EMSL-G-BLCZ","Fossil Gas","11WD7EMSL-G-BLCZ","16/04/2026 16:00 - 16/04/2026 17:00","0.00",""
"16/04/2026 00:00 - 17/04/2026 00:00","CTA|DE(Amprion)","Emsland C","11WD7EMSL-G-BLCZ","Fossil Gas","11WD7EMSL-G-BLCZ","16/04/2026 17:00 - 16/04/2026 18:00","0.00",""
"16/04/2026 00:00 - 17/04/2026 00:00","CTA|DE(Amprion)","Emsland C","11WD7EMSL-G-BLCZ","Fossil Gas","11WD7EMSL-G-BLCZ","16/04/2026 18:00 - 16/04/2026 19:00","0.00",""
"16/04/2026 00:00 - 17/04/2026 00:00","CTA|DE(Amprion)","Emsland C","11WD7EMSL-G-BLCZ","Fossil Gas","11WD7EMSL-G-BLCZ","16/04/2026 19:00 - 16/04/2026 20:00","0.00",""
"16/04/2026 00:00 - 17/04/2026 00:00","CTA|DE(Amprion)","Emsland C","11WD7EMSL-G-BLCZ","Fossil Gas","11WD7EMSL-G-BLCZ","16/04/2026 20:00 - 16/04/2026 21:00","0.00",""
"16/04/2026 00:00 - 17/04/2026 00:00","CTA|DE(Amprion)","Emsland C","11WD7EMSL-G-BLCZ","Fossil Gas","11WD7EMSL-G-BLCZ","16/04/2026 21:00 - 16/04/2026 22:00","0.00",""
"16/04/2026 00:00 - 17/04/2026 00:00","CTA|DE(Amprion)","Emsland C","11WD7EMSL-G-BLCZ","Fossil Gas","11WD7EMSL-G-BLCZ","16/04/2026 22:00 - 16/04/2026 23:00","0.00",""
"16/04/2026 00:00 - 17/04/2026 00:00","CTA|DE(Amprion)","Emsland C","11WD7EMSL-G-BLCZ","Fossil Gas","11WD7EMSL-G-BLCZ","16/04/2026 23:00 - 17/04/2026 00:00","0.00",""
"16/04/2026 00:00 - 17/04/2026 00:00","CTA|DE(Amprion)","Emsland D","11WD7EMSL1G-GUD9","Fossil Gas","11WD7EMSL1G-GUD9","16/04/2026 00:00 - 16/04/2026 01:00","0.00",""
"16/04/2026 00:00 - 17/04/2026 00:00","CTA|DE(Amprion)","Emsland D","11WD7EMSL1G-GUD9","Fossil Gas","11WD7EMSL1G-GUD9","16/04/2026 01:00 - 16/04/2026 02:00","0.00",""
"16/04/2026 00:00 - 17/04/2026 00:00","CTA|DE(Amprion)","Emsland D","11WD7EMSL1G-GUD9","Fossil Gas","11WD7EMSL1G-GUD9","16/04/2026 02:00 - 16/04/2026 03:00","0.00",""
"16/04/2026 00:00 - 17/04/2026 00:00","CTA|DE(Amprion)","Emsland D","11WD7EMSL1G-GUD9","Fossil Gas","11WD7EMSL1G-GUD9","16/04/2026 03:00 - 16/04/2026 04:00","0.00",""
"16/04/2026 00:00 - 17/04/2026 00:00","CTA|DE(Amprion)","Emsland D","11WD7EMSL1G-GUD9","Fossil Gas","11WD7EMSL1G-GUD9","16/04/2026 04:00 - 16/04/2026 05:00","0.00",""
"16/04/2026 00:00 - 17/04/2026 00:00","CTA|DE(Amprion)","Emsland D","11WD7EMSL1G-GUD9","Fossil Gas","11WD7EMSL1G-GUD9","16/04/2026 05:00 - 16/04/2026 06:00","0.00",""
"16/04/2026 00:00 - 17/04/2026 00:00","CTA|DE(Amprion)","Emsland D","11WD7EMSL1G-GUD9","Fossil Gas","11WD7EMSL1G-GUD9","16/04/2026 06:00 - 16/04/2026 07:00","0.00",""
"16/04/2026 00:00 - 17/04/2026 00:00","CTA|DE(Amprion)","Emsland D","11WD7EMSL1G-GUD9","Fossil Gas","11WD7EMSL1G-GUD9","16/04/2026 07:00 - 16/04/2026 08:00","0.00",""
"16/04/2026 00:00 - 17/04/2026 00:00","CTA|DE(Amprion)","Emsland D","11WD7EMSL1G-GUD9","Fossil Gas","11WD7EMSL1G-GUD9","16/04/2026 08:00 - 16/04/2026 09:00","0.00",""
"16/04/2026 00:00 - 17/04/2026 00:00","CTA|DE(Amprion)","Emsland D","11WD7EMSL1G-GUD9","Fossil Gas","11WD7EMSL1G-GUD9","16/04/2026 09:00 - 16/04/2026 10:00","0.00",""
"16/04/2026 00:00 - 17/04/2026 00:00","CTA|DE(Amprion)","Emsland D","11WD7EMSL1G-GUD9","Fossil Gas","11WD7EMSL1G-GUD9","16/04/2026 10:00 - 16/04/2026 11:00","0.00",""
"16/04/2026 00:00 - 17/04/2026 00:00","CTA|DE(Amprion)","Emsland D","11WD7EMSL1G-GUD9","Fossil Gas","11WD7EMSL1G-GUD9","16/04/2026 11:00 - 16/04/2026 12:00","0.00",""
"16/04/2026 00:00 - 17/04/2026 00:00","CTA|DE(Amprion)","Emsland D","11WD7EMSL1G-GUD9","Fossil Gas","11WD7EMSL1G-GUD9","16/04/2026 12:00 - 16/04/2026 13:00","0.00",""
"16/04/2026 00:00 - 17/04/2026 00:00","CTA|DE(Amprion)","Emsland D","11WD7EMSL1G-GUD9","Fossil Gas","11WD7EMSL1G-GUD9","16/04/2026 13:00 - 16/04/2026 14:00","0.00",""
"16/04/2026 00:00 - 17/04/2026 00:00","CTA|DE(Amprion)","Emsland D","11WD7EMSL1G-GUD9","Fossil Gas","11WD7EMSL1G-GUD9","16/04/2026 14:00 - 16/04/2026 15:00","0.00",""
"16/04/2026 00:00 - 17/04/2026 00:00","CTA|DE(Amprion)","Emsland D","11WD7EMSL1G-GUD9","Fossil Gas","11WD7EMSL1G-GUD9","16/04/2026 15:00 - 16/04/2026 16:00","0.00",""
"16/04/2026 00:00 - 17/04/2026 00:00","CTA|DE(Amprion)","Emsland D","11WD7EMSL1G-GUD9","Fossil Gas","11WD7EMSL1G-GUD9","16/04/2026 16:00 - 16/04/2026 17:00","0.00",""
"16/04/2026 00:00 - 17/04/2026 00:00","CTA|DE(Amprion)","Emsland D","11WD7EMSL1G-GUD9","Fossil Gas","11WD7EMSL1G-GUD9","16/04/2026 17:00 - 16/04/2026 18:00","0.00",""
"16/04/2026 00:00 - 17/04/2026 00:00","CTA|DE(Amprion)","Emsland D","11WD7EMSL1G-GUD9","Fossil Gas","11WD7EMSL1G-GUD9","16/04/2026 18:00 - 16/04/2026 19:00","0.00",""
"16/04/2026 00:00 - 17/04/2026 00:00","CTA|DE(Amprion)","Emsland D","11WD7EMSL1G-GUD9","Fossil Gas","11WD7EMSL1G-GUD9","16/04/2026 19:00 - 16/04/2026 20:00","0.00",""
"16/04/2026 00:00 - 17/04/2026 00:00","CTA|DE(Amprion)","Emsland D","11WD7EMSL1G-GUD9","Fossil Gas","11WD7EMSL1G-GUD9","16/04/2026 20:00 - 16/04/2026 21:00","0.00",""
"16/04/2026 00:00 - 17/04/2026 00:00","CTA|DE(Amprion)","Emsland D","11WD7EMSL1G-GUD9","Fossil Gas","11WD7EMSL1G-GUD9","16/04/2026 21:00 - 16/04/2026 22:00","0.00",""
"16/04/2026 00:00 - 17/04/2026 00:00","CTA|DE(Amprion)","Emsland D","11WD7EMSL1G-GUD9","Fossil Gas","11WD7EMSL1G-GUD9","16/04/2026 22:00 - 16/04/2026 23:00","0.00",""
"16/04/2026 00:00 - 17/04/2026 00:00","CTA|DE(Amprion)","Emsland D","11WD7EMSL1G-GUD9","Fossil Gas","11WD7EMSL1G-GUD9","16/04/2026 23:00 - 17/04/2026 00:00","0.00",""
"16/04/2026 00:00 - 17/04/2026 00:00","CTA|DE(Amprion)","GuD-Anlage-HKW-Merkenich","11WD7FUEH5GMERKA","Fossil Gas","11WD7FUEH5GMERKA","16/04/2026 00:00 - 16/04/2026 01:00","0.00",""
"16/04/2026 00:00 - 17/04/2026 00:00","CTA|DE(Amprion)","GuD-Anlage-HKW-Merkenich","11WD7FUEH5GMERKA","Fossil Gas","11WD7FUEH5GMERKA","16/04/2026 01:00 - 16/04/2026 02:00","0.00",""
"16/04/2026 00:00 - 17/04/2026 00:00","CTA|DE(Amprion)","GuD-Anlage-HKW-Merkenich","11WD7FUEH5GMERKA","Fossil Gas","11WD7FUEH5GMERKA","16/04/2026 02:00 - 16/04/2026 03:00","0.00",""
"16/04/2026 00:00 - 17/04/2026 00:00","CTA|DE(Amprion)","GuD-Anlage-HKW-Merkenich","11WD7FUEH5GMERKA","Fossil Gas","11WD7FUEH5GMERKA","16/04/2026 03:00 - 16/04/2026 04:00","0.00",""
"16/04/2026 00:00 - 17/04/2026 00:00","CTA|DE(Amprion)","GuD-Anlage-HKW-Merkenich","11WD7FUEH5GMERKA","Fossil Gas","11WD7FUEH5GMERKA","16/04/2026 04:00 - 16/04/2026 05:00","0.00",""
"16/04/2026 00:00 - 17/04/2026 00:00","CTA|DE(Amprion)","GuD-Anlage-HKW-Merkenich","11WD7FUEH5GMERKA","Fossil Gas","11WD7FUEH5GMERKA","16/04/2026 05:00 - 16/04/2026 06:00","0.00",""
"16/04/2026 00:00 - 17/04/2026 00:00","CTA|DE(Amprion)","GuD-Anlage-HKW-Merkenich","11WD7FUEH5GMERKA","Fossil Gas","11WD7FUEH5GMERKA","16/04/2026 06:00 - 16/04/2026 07:00","0.00",""
"16/04/2026 00:00 - 17/04/2026 00:00","CTA|DE(Amprion)","GuD-Anlage-HKW-Merkenich","11WD7FUEH5GMERKA","Fossil Gas","11WD7FUEH5GMERKA","16/04/2026 07:00 - 16/04/2026 08:00","0.00",""
"16/04/2026 00:00 - 17/04/2026 00:00","CTA|DE(Amprion)","GuD-Anlage-HKW-Merkenich","11WD7FUEH5GMERKA","Fossil Gas","11WD7FUEH5GMERKA","16/04/2026 08:00 - 16/04/2026 09:00","0.00",""
"16/04/2026 00:00 - 17/04/2026 00:00","CTA|DE(Amprion)","GuD-Anlage-HKW-Merkenich","11WD7FUEH5GMERKA","Fossil Gas","11WD7FUEH5GMERKA","16/04/2026 09:00 - 16/04/2026 10:00","0.00",""
"16/04/2026 00:00 - 17/04/2026 00:00","CTA|DE(Amprion)","GuD-Anlage-HKW-Merkenich","11WD7FUEH5GMERKA","Fossil Gas","11WD7FUEH5GMERKA","16/04/2026 10:00 - 16/04/2026 11:00","0.00",""
"16/04/2026 00:00 - 17/04/2026 00:00","CTA|DE(Amprion)","GuD-Anlage-HKW-Merkenich","11WD7FUEH5GMERKA","Fossil Gas","11WD7FUEH5GMERKA","16/04/2026 11:00 - 16/04/2026 12:00","0.00",""
"16/04/2026 00:00 - 17/04/2026 00:00","CTA|DE(Amprion)","GuD-Anlage-HKW-Merkenich","11WD7FUEH5GMERKA","Fossil Gas","11WD7FUEH5GMERKA","16/04/2026 12:00 - 16/04/2026 13:00","0.00",""
"16/04/2026 00:00 - 17/04/2026 00:00","CTA|DE(Amprion)","GuD-Anlage-HKW-Merkenich","11WD7FUEH5GMERKA","Fossil Gas","11WD7FUEH5GMERKA","16/04/2026 13:00 - 16/04/2026 14:00","0.00",""
"16/04/2026 00:00 - 17/04/2026 00:00","CTA|DE(Amprion)","GuD-Anlage-HKW-Merkenich","11WD7FUEH5GMERKA","Fossil Gas","11WD7FUEH5GMERKA","16/04/2026 14:00 - 16/04/2026 15:00","0.00",""
"16/04/2026 00:00 - 17/04/2026 00:00","CTA|DE(Amprion)","GuD-Anlage-HKW-Merkenich","11WD7FUEH5GMERKA","Fossil Gas","11WD7FUEH5GMERKA","16/04/2026 15:00 - 16/04/2026 16:00","0.00",""
"16/04/2026 00:00 - 17/04/2026 00:00","CTA|DE(Amprion)","GuD-Anlage-HKW-Merkenich","11WD7FUEH5GMERKA","Fossil Gas","11WD7FUEH5GMERKA","16/04/2026 16:00 - 16/04/2026 17:00","0.00",""
"16/04/2026 00:00 - 17/04/2026 00:00","CTA|DE(Amprion)","GuD-Anlage-HKW-Merkenich","11WD7FUEH5GMERKA","Fossil Gas","11WD7FUEH5GMERKA","16/04/2026 17:00 - 16/04/2026 18:00","0.00",""
"16/04/2026 00:00 - 17/04/2026 00:00","CTA|DE(Amprion)","GuD-Anlage-HKW-Merkenich","11WD7FUEH5GMERKA","Fossil Gas","11WD7FUEH5GMERKA","16/04/2026 18:00 - 16/04/2026 19:00","0.00",""
"16/04/2026 00:00 - 17/04/2026 00:00","CTA|DE(Amprion)","GuD-Anlage-HKW-Merkenich","11WD7FUEH5GMERKA","Fossil Gas","11WD7FUEH5GMERKA","16/04/2026 19:00 - 16/04/2026 20:00","0.00",""
"16/04/2026 00:00 - 17/04/2026 00:00","CTA|DE(Amprion)","GuD-Anlage-HKW-Merkenich","11WD7FUEH5GMERKA","Fossil Gas","11WD7FUEH5GMERKA","16/04/2026 20:00 - 16/04/2026 21:00","0.00",""
"16/04/2026 00:00 - 17/04/2026 00:00","CTA|DE(Amprion)","GuD-Anlage-HKW-Merkenich","11WD7FUEH5GMERKA","Fossil Gas","11WD7FUEH5GMERKA","16/04/2026 21:00 - 16/04/2026 22:00","0.00",""
"16/04/2026 00:00 - 17/04/2026 00:00","CTA|DE(Amprion)","GuD-Anlage-HKW-Merkenich","11WD7FUEH5GMERKA","Fossil Gas","11WD7FUEH5GMERKA","16/04/2026 22:00 - 16/04/2026 23:00","0.00",""
"16/04/2026 00:00 - 17/04/2026 00:00","CTA|DE(Amprion)","GuD-Anlage-HKW-Merkenich","11WD7FUEH5GMERKA","Fossil Gas","11WD7FUEH5GMERKA","16/04/2026 23:00 - 17/04/2026 00:00","0.00",""
"16/04/2026 00:00 - 17/04/2026 00:00","CTA|DE(Amprion)","Gersteinwerk I","11WD7GERS-G-BLIY","Fossil Gas","11WD7GERS-G-BLIY","16/04/2026 00:00 - 16/04/2026 01:00","0.00",""
"16/04/2026 00:00 - 17/04/2026 00:00","CTA|DE(Amprion)","Gersteinwerk I","11WD7GERS-G-BLIY","Fossil Gas","11WD7GERS-G-BLIY","16/04/2026 01:00 - 16/04/2026 02:00","0.00",""
"16/04/2026 00:00 - 17/04/2026 00:00","CTA|DE(Amprion)","Gersteinwerk I","11WD7GERS-G-BLIY","Fossil Gas","11WD7GERS-G-BLIY","16/04/2026 02:00 - 16/04/2026 03:00","0.00",""
"16/04/2026 00:00 - 17/04/2026 00:00","CTA|DE(Amprion)","Gersteinwerk I","11WD7GERS-G-BLIY","Fossil Gas","11WD7GERS-G-BLIY","16/04/2026 03:00 - 16/04/2026 04:00","0.00",""
"16/04/2026 00:00 - 17/04/2026 00:00","CTA|DE(Amprion)","Gersteinwerk I","11WD7GERS-G-BLIY","Fossil Gas","11WD7GERS-G-BLIY","16/04/2026 04:00 - 16/04/2026 05:00","0.00",""
"16/04/2026 00:00 - 17/04/2026 00:00","CTA|DE(Amprion)","Gersteinwerk I","11WD7GERS-G-BLIY","Fossil Gas","11WD7GERS-G-BLIY","16/04/2026 05:00 - 16/04/2026 06:00","0.00",""
"16/04/2026 00:00 - 17/04/2026 00:00","CTA|DE(Amprion)","Gersteinwerk I","11WD7GERS-G-BLIY","Fossil Gas","11WD7GERS-G-BLIY","16/04/2026 06:00 - 16/04/2026 07:00","0.00",""
"16/04/2026 00:00 - 17/04/2026 00:00","CTA|DE(Amprion)","Gersteinwerk I","11WD7GERS-G-BLIY","Fossil Gas","11WD7GERS-G-BLIY","16/04/2026 07:00 - 16/04/2026 08:00","0.00",""
"16/04/2026 00:00 - 17/04/2026 00:00","CTA|DE(Amprion)","Gersteinwerk I","11WD7GERS-G-BLIY","Fossil Gas","11WD7GERS-G-BLIY","16/04/2026 08:00 - 16/04/2026 09:00","0.00",""
"16/04/2026 00:00 - 17/04/2026 00:00","CTA|DE(Amprion)","Gersteinwerk I","11WD7GERS-G-BLIY","Fossil Gas","11WD7GERS-G-BLIY","16/04/2026 09:00 - 16/04/2026 10:00","0.00",""
"16/04/2026 00:00 - 17/04/2026 00:00","CTA|DE(Amprion)","Gersteinwerk I","11WD7GERS-G-BLIY","Fossil Gas","11WD7GERS-G-BLIY","16/04/2026 10:00 - 16/04/2026 11:00","0.00",""
"16/04/2026 00:00 - 17/04/2026 00:00","CTA|DE(Amprion)","Gersteinwerk I","11WD7GERS-G-BLIY","Fossil Gas","11WD7GERS-G-BLIY","16/04/2026 11:00 - 16/04/2026 12:00","0.00",""
"16/04/2026 00:00 - 17/04/2026 00:00","CTA|DE(Amprion)","Gersteinwerk I","11WD7GERS-G-BLIY","Fossil Gas","11WD7GERS-G-BLIY","16/04/2026 12:00 - 16/04/2026 13:00","0.00",""
"16/04/2026 00:00 - 17/04/2026 00:00","CTA|DE(Amprion)","Gersteinwerk I","11WD7GERS-G-BLIY","Fossil Gas","11WD7GERS-G-BLIY","16/04/2026 13:00 - 16/04/2026 14:00","0.00",""
"16/04/2026 00:00 - 17/04/2026 00:00","CTA|DE(Amprion)","Gersteinwerk I","11WD7GERS-G-BLIY","Fossil Gas","11WD7GERS-G-BLIY","16/04/2026 14:00 - 16/04/2026 15:00","0.00",""
"16/04/2026 00:00 - 17/04/2026 00:00","CTA|DE(Amprion)","Gersteinwerk I","11WD7GERS-G-BLIY","Fossil Gas","11WD7GERS-G-BLIY","16/04/2026 15:00 - 16/04/2026 16:00","0.00",""
"16/04/2026 00:00 - 17/04/2026 00:00","CTA|DE(Amprion)","Gersteinwerk I","11WD7GERS-G-BLIY","Fossil Gas","11WD7GERS-G-BLIY","16/04/2026 16:00 - 16/04/2026 17:00","0.00",""
"16/04/2026 00:00 - 17/04/2026 00:00","CTA|DE(Amprion)","Gersteinwerk I","11WD7GERS-G-BLIY","Fossil Gas","11WD7GERS-G-BLIY","16/04/2026 17:00 - 16/04/2026 18:00","0.00",""
"16/04/2026 00:00 - 17/04/2026 00:00","CTA|DE(Amprion)","Gersteinwerk I","11WD7GERS-G-BLIY","Fossil Gas","11WD7GERS-G-BLIY","16/04/2026 18:00 - 16/04/2026 19:00","0.00",""
"16/04/2026 00:00 - 17/04/2026 00:00","CTA|DE(Amprion)","Gersteinwerk I","11WD7GERS-G-BLIY","Fossil Gas","11WD7GERS-G-BLIY","16/04/2026 19:00 - 16/04/2026 20:00","0.00",""
"16/04/2026 00:00 - 17/04/2026 00:00","CTA|DE(Amprion)","Gersteinwerk I","11WD7GERS-G-BLIY","Fossil Gas","11WD7GERS-G-BLIY","16/04/2026 20:00 - 16/04/2026 21:00","0.00",""
"16/04/2026 00:00 - 17/04/2026 00:00","CTA|DE(Amprion)","Gersteinwerk I","11WD7GERS-G-BLIY","Fossil Gas","11WD7GERS-G-BLIY","16/04/2026 21:00 - 16/04/2026 22:00","0.00",""
"16/04/2026 00:00 - 17/04/2026 00:00","CTA|DE(Amprion)","Gersteinwerk I","11WD7GERS-G-BLIY","Fossil Gas","11WD7GERS-G-BLIY","16/04/2026 22:00 - 16/04/2026 23:00","0.00",""
"16/04/2026 00:00 - 17/04/2026 00:00","CTA|DE(Amprion)","Gersteinwerk I","11WD7GERS-G-BLIY","Fossil Gas","11WD7GERS-G-BLIY","16/04/2026 23:00 - 17/04/2026 00:00","0.00",""
"16/04/2026 00:00 - 17/04/2026 00:00","CTA|DE(Amprion)","HERDECKE_H6","11WD7HERD2G-H6-X","Fossil Gas","11WD7HERD2G-H6-X","16/04/2026 00:00 - 16/04/2026 01:00","49.00",""
"16/04/2026 00:00 - 17/04/2026 00:00","CTA|DE(Amprion)","HERDECKE_H6","11WD7HERD2G-H6-X","Fossil Gas","11WD7HERD2G-H6-X","16/04/2026 01:00 - 16/04/2026 02:00","0.00",""
"16/04/2026 00:00 - 17/04/2026 00:00","CTA|DE(Amprion)","HERDECKE_H6","11WD7HERD2G-H6-X","Fossil Gas","11WD7HERD2G-H6-X","16/04/2026 02:00 - 16/04/2026 03:00","0.00",""
"16/04/2026 00:00 - 17/04/2026 00:00","CTA|DE(Amprion)","HERDECKE_H6","11WD7HERD2G-H6-X","Fossil Gas","11WD7HERD2G-H6-X","16/04/2026 03:00 - 16/04/2026 04:00","0.00",""
"16/04/2026 00:00 - 17/04/2026 00:00","CTA|DE(Amprion)","HERDECKE_H6","11WD7HERD2G-H6-X","Fossil Gas","11WD7HERD2G-H6-X","16/04/2026 04:00 - 16/04/2026 05:00","0.00",""
"16/04/2026 00:00 - 17/04/2026 00:00","CTA|DE(Amprion)","HERDECKE_H6","11WD7HERD2G-H6-X","Fossil Gas","11WD7HERD2G-H6-X","16/04/2026 05:00 - 16/04/2026 06:00","0.00",""
"16/04/2026 00:00 - 17/04/2026 00:00","CTA|DE(Amprion)","HERDECKE_H6","11WD7HERD2G-H6-X","Fossil Gas","11WD7HERD2G-H6-X","16/04/2026 06:00 - 16/04/2026 07:00","0.00",""
"16/04/2026 00:00 - 17/04/2026 00:00","CTA|DE(Amprion)","HERDECKE_H6","11WD7HERD2G-H6-X","Fossil Gas","11WD7HERD2G-H6-X","16/04/2026 07:00 - 16/04/2026 08:00","0.00",""
"16/04/2026 00:00 - 17/04/2026 00:00","CTA|DE(Amprion)","HERDECKE_H6","11WD7HERD2G-H6-X","Fossil Gas","11WD7HERD2G-H6-X","16/04/2026 08:00 - 16/04/2026 09:00","0.00",""
"16/04/2026 00:00 - 17/04/2026 00:00","CTA|DE(Amprion)","HERDECKE_H6","11WD7HERD2G-H6-X","Fossil Gas","11WD7HERD2G-H6-X","16/04/2026 09:00 - 16/04/2026 10:00","0.00",""
"16/04/2026 00:00 - 17/04/2026 00:00","CTA|DE(Amprion)","HERDECKE_H6","11WD7HERD2G-H6-X","Fossil Gas","11WD7HERD2G-H6-X","16/04/2026 10:00 - 16/04/2026 11:00","0.00",""
"16/04/2026 00:00 - 17/04/2026 00:00","CTA|DE(Amprion)","HERDECKE_H6","11WD7HERD2G-H6-X","Fossil Gas","11WD7HERD2G-H6-X","16/04/2026 11:00 - 16/04/2026 12:00","0.00",""
"16/04/2026 00:00 - 17/04/2026 00:00","CTA|DE(Amprion)","HERDECKE_H6","11WD7HERD2G-H6-X","Fossil Gas","11WD7HERD2G-H6-X","16/04/2026 12:00 - 16/04/2026 13:00","0.00",""
"16/04/2026 00:00 - 17/04/2026 00:00","CTA|DE(Amprion)","HERDECKE_H6","11WD7HERD2G-H6-X","Fossil Gas","11WD7HERD2G-H6-X","16/04/2026 13:00 - 16/04/2026 14:00","0.00",""
"16/04/2026 00:00 - 17/04/2026 00:00","CTA|DE(Amprion)","HERDECKE_H6","11WD7HERD2G-H6-X","Fossil Gas","11WD7HERD2G-H6-X","16/04/2026 14:00 - 16/04/2026 15:00","0.00",""
"16/04/2026 00:00 - 17/04/2026 00:00","CTA|DE(Amprion)","HERDECKE_H6","11WD7HERD2G-H6-X","Fossil Gas","11WD7HERD2G-H6-X","16/04/2026 15:00 - 16/04/2026 16:00","0.00",""
"16/04/2026 00:00 - 17/04/2026 00:00","CTA|DE(Amprion)","HERDECKE_H6","11WD7HERD2G-H6-X","Fossil Gas","11WD7HERD2G-H6-X","16/04/2026 16:00 - 16/04/2026 17:00","0.00",""
"16/04/2026 00:00 - 17/04/2026 00:00","CTA|DE(Amprion)","HERDECKE_H6","11WD7HERD2G-H6-X","Fossil Gas","11WD7HERD2G-H6-X","16/04/2026 17:00 - 16/04/2026 18:00","77.50",""
"16/04/2026 00:00 - 17/04/2026 00:00","CTA|DE(Amprion)","HERDECKE_H6","11WD7HERD2G-H6-X","Fossil Gas","11WD7HERD2G-H6-X","16/04/2026 18:00 - 16/04/2026 19:00","197.00",""
"16/04/2026 00:00 - 17/04/2026 00:00","CTA|DE(Amprion)","HERDECKE_H6","11WD7HERD2G-H6-X","Fossil Gas","11WD7HERD2G-H6-X","16/04/2026 19:00 - 16/04/2026 20:00","198.00",""
"16/04/2026 00:00 - 17/04/2026 00:00","CTA|DE(Amprion)","HERDECKE_H6","11WD7HERD2G-H6-X","Fossil Gas","11WD7HERD2G-H6-X","16/04/2026 20:00 - 16/04/2026 21:00","199.00",""
"16/04/2026 00:00 - 17/04/2026 00:00","CTA|DE(Amprion)","HERDECKE_H6","11WD7HERD2G-H6-X","Fossil Gas","11WD7HERD2G-H6-X","16/04/2026 21:00 - 16/04/2026 22:00","200.00",""
"16/04/2026 00:00 - 17/04/2026 00:00","CTA|DE(Amprion)","HERDECKE_H6","11WD7HERD2G-H6-X","Fossil Gas","11WD7HERD2G-H6-X","16/04/2026 22:00 - 16/04/2026 23:00","201.00",""
"16/04/2026 00:00 - 17/04/2026 00:00","CTA|DE(Amprion)","HERDECKE_H6","11WD7HERD2G-H6-X","Fossil Gas","11WD7HERD2G-H6-X","16/04/2026 23:00 - 17/04/2026 00:00","201.00",""
"16/04/2026 00:00 - 17/04/2026 00:00","CTA|DE(Amprion)","HERNE_4","11WD7HERN2S--4-X","Fossil Hard coal","11WD7HERN2S--4-X","16/04/2026 00:00 - 16/04/2026 00:15","0.00",""
"16/04/2026 00:00 - 17/04/2026 00:00","CTA|DE(Amprion)","HERNE_4","11WD7HERN2S--4-X","Fossil Hard coal","11WD7HERN2S--4-X","16/04/2026 00:15 - 16/04/2026 00:30","0.00",""
"16/04/2026 00:00 - 17/04/2026 00:00","CTA|DE(Amprion)","HERNE_4","11WD7HERN2S--4-X","Fossil Hard coal","11WD7HERN2S--4-X","16/04/2026 00:30 - 16/04/2026 00:45","0.00",""
"16/04/2026 00:00 - 17/04/2026 00:00","CTA|DE(Amprion)","HERNE_4","11WD7HERN2S--4-X","Fossil Hard coal","11WD7HERN2S--4-X","16/04/2026 00:45 - 16/04/2026 01:00","0.00",""
"16/04/2026 00:00 - 17/04/2026 00:00","CTA|DE(Amprion)","HERNE_4","11WD7HERN2S--4-X","Fossil Hard coal","11WD7HERN2S--4-X","16/04/2026 01:00 - 16/04/2026 01:15","0.11",""
"16/04/2026 00:00 - 17/04/2026 00:00","CTA|DE(Amprion)","HERNE_4","11WD7HERN2S--4-X","Fossil Hard coal","11WD7HERN2S--4-X","16/04/2026 01:15 - 16/04/2026 01:30","0.00",""
"16/04/2026 00:00 - 17/04/2026 00:00","CTA|DE(Amprion)","HERNE_4","11WD7HERN2S--4-X","Fossil Hard coal","11WD7HERN2S--4-X","16/04/2026 01:30 - 16/04/2026 01:45","0.00",""
"16/04/2026 00:00 - 17/04/2026 00:00","CTA|DE(Amprion)","HERNE_4","11WD7HERN2S--4-X","Fossil Hard coal","11WD7HERN2S--4-X","16/04/2026 01:45 - 16/04/2026 02:00","0.00",""
"16/04/2026 00:00 - 17/04/2026 00:00","CTA|DE(Amprion)","HERNE_4","11WD7HERN2S--4-X","Fossil Hard coal","11WD7HERN2S--4-X","16/04/2026 02:00 - 16/04/2026 02:15","0.11",""
"16/04/2026 00:00 - 17/04/2026 00:00","CTA|DE(Amprion)","HERNE_4","11WD7HERN2S--4-X","Fossil Hard coal","11WD7HERN2S--4-X","16/04/2026 02:15 - 16/04/2026 02:30","0.00",""
"16/04/2026 00:00 - 17/04/2026 00:00","CTA|DE(Amprion)","HERNE_4","11WD7HERN2S--4-X","Fossil Hard coal","11WD7HERN2S--4-X","16/04/2026 02:30 - 16/04/2026 02:45","0.00",""
"16/04/2026 00:00 - 17/04/2026 00:00","CTA|DE(Amprion)","HERNE_4","11WD7HERN2S--4-X","Fossil Hard coal","11WD7HERN2S--4-X","16/04/2026 02:45 - 16/04/2026 03:00","0.00",""
"16/04/2026 00:00 - 17/04/2026 00:00","CTA|DE(Amprion)","HERNE_4","11WD7HERN2S--4-X","Fossil Hard coal","11WD7HERN2S--4-X","16/04/2026 03:00 - 16/04/2026 03:15","0.00",""
"16/04/2026 00:00 - 17/04/2026 00:00","CTA|DE(Amprion)","HERNE_4","11WD7HERN2S--4-X","Fossil Hard coal","11WD7HERN2S--4-X","16/04/2026 03:15 - 16/04/2026 03:30","0.00",""
"16/04/2026 00:00 - 17/04/2026 00:00","CTA|DE(Amprion)","HERNE_4","11WD7HERN2S--4-X","Fossil Hard coal","11WD7HERN2S--4-X","16/04/2026 03:30 - 16/04/2026 03:45","0.00",""
"16/04/2026 00:00 - 17/04/2026 00:00","CTA|DE(Amprion)","HERNE_4","11WD7HERN2S--4-X","Fossil Hard coal","11WD7HERN2S--4-X","16/04/2026 03:45 - 16/04/2026 04:00","0.00",""
"16/04/2026 00:00 - 17/04/2026 00:00","CTA|DE(Amprion)","HERNE_4","11WD7HERN2S--4-X","Fossil Hard coal","11WD7HERN2S--4-X","16/04/2026 04:00 - 16/04/2026 04:15","0.00",""
"16/04/2026 00:00 - 17/04/2026 00:00","CTA|DE(Amprion)","HERNE_4","11WD7HERN2S--4-X","Fossil Hard coal","11WD7HERN2S--4-X","16/04/2026 04:15 - 16/04/2026 04:30","0.00",""
"16/04/2026 00:00 - 17/04/2026 00:00","CTA|DE(Amprion)","HERNE_4","11WD7HERN2S--4-X","Fossil Hard coal","11WD7HERN2S--4-X","16/04/2026 04:30 - 16/04/2026 04:45","0.00",""
"16/04/2026 00:00 - 17/04/2026 00:00","CTA|DE(Amprion)","HERNE_4","11WD7HERN2S--4-X","Fossil Hard coal","11WD7HERN2S--4-X","16/04/2026 04:45 - 16/04/2026 05:00","0.00",""
"16/04/2026 00:00 - 17/04/2026 00:00","CTA|DE(Amprion)","HERNE_4","11WD7HERN2S--4-X","Fossil Hard coal","11WD7HERN2S--4-X","16/04/2026 05:00 - 16/04/2026 05:15","0.00",""
"16/04/2026 00:00 - 17/04/2026 00:00","CTA|DE(Amprion)","HERNE_4","11WD7HERN2S--4-X","Fossil Hard coal","11WD7HERN2S--4-X","16/04/2026 05:15 - 16/04/2026 05:30","0.00",""
"16/04/2026 00:00 - 17/04/2026 00:00","CTA|DE(Amprion)","HERNE_4","11WD7HERN2S--4-X","Fossil Hard coal","11WD7HERN2S--4-X","16/04/2026 05:30 - 16/04/2026 05:45","0.00",""
"16/04/2026 00:00 - 17/04/2026 00:00","CTA|DE(Amprion)","HERNE_4","11WD7HERN2S--4-X","Fossil Hard coal","11WD7HERN2S--4-X","16/04/2026 05:45 - 16/04/2026 06:00","0.00",""
"16/04/2026 00:00 - 17/04/2026 00:00","CTA|DE(Amprion)","HERNE_4","11WD7HERN2S--4-X","Fossil Hard coal","11WD7HERN2S--4-X","16/04/2026 06:00 - 16/04/2026 06:15","0.11",""
"16/04/2026 00:00 - 17/04/2026 00:00","CTA|DE(Amprion)","HERNE_4","11WD7HERN2S--4-X","Fossil Hard coal","11WD7HERN2S--4-X","16/04/2026 06:15 - 16/04/2026 06:30","0.00",""
"16/04/2026 00:00 - 17/04/2026 00:00","CTA|DE(Amprion)","HERNE_4","11WD7HERN2S--4-X","Fossil Hard coal","11WD7HERN2S--4-X","16/04/2026 06:30 - 16/04/2026 06:45","0.00",""
"16/04/2026 00:00 - 17/04/2026 00:00","CTA|DE(Amprion)","HERNE_4","11WD7HERN2S--4-X","Fossil Hard coal","11WD7HERN2S--4-X","16/04/2026 06:45 - 16/04/2026 07:00","0.00",""
"16/04/2026 00:00 - 17/04/2026 00:00","CTA|DE(Amprion)","HERNE_4","11WD7HERN2S--4-X","Fossil Hard coal","11WD7HERN2S--4-X","16/04/2026 07:00 - 16/04/2026 07:15","0.11",""
"16/04/2026 00:00 - 17/04/2026 00:00","CTA|DE(Amprion)","HERNE_4","11WD7HERN2S--4-X","Fossil Hard coal","11WD7HERN2S--4-X","16/04/2026 07:15 - 16/04/2026 07:30","0.00",""
"16/04/2026 00:00 - 17/04/2026 00:00","CTA|DE(Amprion)","HERNE_4","11WD7HERN2S--4-X","Fossil Hard coal","11WD7HERN2S--4-X","16/04/2026 07:30 - 16/04/2026 07:45","0.00",""
"16/04/2026 00:00 - 17/04/2026 00:00","CTA|DE(Amprion)","HERNE_4","11WD7HERN2S--4-X","Fossil Hard coal","11WD7HERN2S--4-X","16/04/2026 07:45 - 16/04/2026 08:00","0.00",""
"16/04/2026 00:00 - 17/04/2026 00:00","CTA|DE(Amprion)","HERNE_4","11WD7HERN2S--4-X","Fossil Hard coal","11WD7HERN2S--4-X","16/04/2026 08:00 - 16/04/2026 08:15","0.11",""
"16/04/2026 00:00 - 17/04/2026 00:00","CTA|DE(Amprion)","HERNE_4","11WD7HERN2S--4-X","Fossil Hard coal","11WD7HERN2S--4-X","16/04/2026 08:15 - 16/04/2026 08:30","0.21",""
"16/04/2026 00:00 - 17/04/2026 00:00","CTA|DE(Amprion)","HERNE_4","11WD7HERN2S--4-X","Fossil Hard coal","11WD7HERN2S--4-X","16/04/2026 08:30 - 16/04/2026 08:45","0.00",""
"16/04/2026 00:00 - 17/04/2026 00:00","CTA|DE(Amprion)","HERNE_4","11WD7HERN2S--4-X","Fossil Hard coal","11WD7HERN2S--4-X","16/04/2026 08:45 - 16/04/2026 09:00","0.11",""
"16/04/2026 00:00 - 17/04/2026 00:00","CTA|DE(Amprion)","HERNE_4","11WD7HERN2S--4-X","Fossil Hard coal","11WD7HERN2S--4-X","16/04/2026 09:00 - 16/04/2026 09:15","0.00",""
"16/04/2026 00:00 - 17/04/2026 00:00","CTA|DE(Amprion)","HERNE_4","11WD7HERN2S--4-X","Fossil Hard coal","11WD7HERN2S--4-X","16/04/2026 09:15 - 16/04/2026 09:30","0.00",""
"16/04/2026 00:00 - 17/04/2026 00:00","CTA|DE(Amprion)","HERNE_4","11WD7HERN2S--4-X","Fossil Hard coal","11WD7HERN2S--4-X","16/04/2026 09:30 - 16/04/2026 09:45","0.11",""
"16/04/2026 00:00 - 17/04/2026 00:00","CTA|DE(Amprion)","HERNE_4","11WD7HERN2S--4-X","Fossil Hard coal","11WD7HERN2S--4-X","16/04/2026 09:45 - 16/04/2026 10:00","0.00",""
"16/04/2026 00:00 - 17/04/2026 00:00","CTA|DE(Amprion)","HERNE_4","11WD7HERN2S--4-X","Fossil Hard coal","11WD7HERN2S--4-X","16/04/2026 10:00 - 16/04/2026 10:15","1.48",""
"16/04/2026 00:00 - 17/04/2026 00:00","CTA|DE(Amprion)","HERNE_4","11WD7HERN2S--4-X","Fossil Hard coal","11WD7HERN2S--4-X","16/04/2026 10:15 - 16/04/2026 10:30","0.11",""
"16/04/2026 00:00 - 17/04/2026 00:00","CTA|DE(Amprion)","HERNE_4","11WD7HERN2S--4-X","Fossil Hard coal","11WD7HERN2S--4-X","16/04/2026 10:30 - 16/04/2026 10:45","0.00",""
"16/04/2026 00:00 - 17/04/2026 00:00","CTA|DE(Amprion)","HERNE_4","11WD7HERN2S--4-X","Fossil Hard coal","11WD7HERN2S--4-X","16/04/2026 10:45 - 16/04/2026 11:00","0.00",""
"16/04/2026 00:00 - 17/04/2026 00:00","CTA|DE(Amprion)","HERNE_4","11WD7HERN2S--4-X","Fossil Hard coal","11WD7HERN2S--4-X","16/04/2026 11:00 - 16/04/2026 11:15","0.11",""
"16/04/2026 00:00 - 17/04/2026 00:00","CTA|DE(Amprion)","HERNE_4","11WD7HERN2S--4-X","Fossil Hard coal","11WD7HERN2S--4-X","16/04/2026 11:15 - 16/04/2026 11:30","0.00",""
"16/04/2026 00:00 - 17/04/2026 00:00","CTA|DE(Amprion)","HERNE_4","11WD7HERN2S--4-X","Fossil Hard coal","11WD7HERN2S--4-X","16/04/2026 11:30 - 16/04/2026 11:45","0.00",""
"16/04/2026 00:00 - 17/04/2026 00:00","CTA|DE(Amprion)","HERNE_4","11WD7HERN2S--4-X","Fossil Hard coal","11WD7HERN2S--4-X","16/04/2026 11:45 - 16/04/2026 12:00","0.00",""
"16/04/2026 00:00 - 17/04/2026 00:00","CTA|DE(Amprion)","HERNE_4","11WD7HERN2S--4-X","Fossil Hard coal","11WD7HERN2S--4-X","16/04/2026 12:00 - 16/04/2026 12:15","0.00",""
"16/04/2026 00:00 - 17/04/2026 00:00","CTA|DE(Amprion)","HERNE_4","11WD7HERN2S--4-X","Fossil Hard coal","11WD7HERN2S--4-X","16/04/2026 12:15 - 16/04/2026 12:30","0.00",""
"16/04/2026 00:00 - 17/04/2026 00:00","CTA|DE(Amprion)","HERNE_4","11WD7HERN2S--4-X","Fossil Hard coal","11WD7HERN2S--4-X","16/04/2026 12:30 - 16/04/2026 12:45","0.63",""
"16/04/2026 00:00 - 17/04/2026 00:00","CTA|DE(Amprion)","HERNE_4","11WD7HERN2S--4-X","Fossil Hard coal","11WD7HERN2S--4-X","16/04/2026 12:45 - 16/04/2026 13:00","0.00",""
"16/04/2026 00:00 - 17/04/2026 00:00","CTA|DE(Amprion)","HERNE_4","11WD7HERN2S--4-X","Fossil Hard coal","11WD7HERN2S--4-X","16/04/2026 13:00 - 16/04/2026 13:15","0.00",""
"16/04/2026 00:00 - 17/04/2026 00:00","CTA|DE(Amprion)","HERNE_4","11WD7HERN2S--4-X","Fossil Hard coal","11WD7HERN2S--4-X","16/04/2026 13:15 - 16/04/2026 13:30","0.00",""
"16/04/2026 00:00 - 17/04/2026 00:00","CTA|DE(Amprion)","HERNE_4","11WD7HERN2S--4-X","Fossil Hard coal","11WD7HERN2S--4-X","16/04/2026 13:30 - 16/04/2026 13:45","0.00",""
"16/04/2026 00:00 - 17/04/2026 00:00","CTA|DE(Amprion)","HERNE_4","11WD7HERN2S--4-X","Fossil Hard coal","11WD7HERN2S--4-X","16/04/2026 13:45 - 16/04/2026 14:00","0.00",""
"16/04/2026 00:00 - 17/04/2026 00:00","CTA|DE(Amprion)","HERNE_4","11WD7HERN2S--4-X","Fossil Hard coal","11WD7HERN2S--4-X","16/04/2026 14:00 - 16/04/2026 14:15","0.00",""
"16/04/2026 00:00 - 17/04/2026 00:00","CTA|DE(Amprion)","HERNE_4","11WD7HERN2S--4-X","Fossil Hard coal","11WD7HERN2S--4-X","16/04/2026 14:15 - 16/04/2026 14:30","0.00",""
"16/04/2026 00:00 - 17/04/2026 00:00","CTA|DE(Amprion)","HERNE_4","11WD7HERN2S--4-X","Fossil Hard coal","11WD7HERN2S--4-X","16/04/2026 14:30 - 16/04/2026 14:45","0.00",""
"16/04/2026 00:00 - 17/04/2026 00:00","CTA|DE(Amprion)","HERNE_4","11WD7HERN2S--4-X","Fossil Hard coal","11WD7HERN2S--4-X","16/04/2026 14:45 - 16/04/2026 15:00","0.00",""
"16/04/2026 00:00 - 17/04/2026 00:00","CTA|DE(Amprion)","HERNE_4","11WD7HERN2S--4-X","Fossil Hard coal","11WD7HERN2S--4-X","16/04/2026 15:00 - 16/04/2026 15:15","0.00",""
"16/04/2026 00:00 - 17/04/2026 00:00","CTA|DE(Amprion)","HERNE_4","11WD7HERN2S--4-X","Fossil Hard coal","11WD7HERN2S--4-X","16/04/2026 15:15 - 16/04/2026 15:30","0.00",""
"16/04/2026 00:00 - 17/04/2026 00:00","CTA|DE(Amprion)","HERNE_4","11WD7HERN2S--4-X","Fossil Hard coal","11WD7HERN2S--4-X","16/04/2026 15:30 - 16/04/2026 15:45","0.00",""
"16/04/2026 00:00 - 17/04/2026 00:00","CTA|DE(Amprion)","HERNE_4","11WD7HERN2S--4-X","Fossil Hard coal","11WD7HERN2S--4-X","16/04/2026 15:45 - 16/04/2026 16:00","0.00",""
"16/04/2026 00:00 - 17/04/2026 00:00","CTA|DE(Amprion)","HERNE_4","11WD7HERN2S--4-X","Fossil Hard coal","11WD7HERN2S--4-X","16/04/2026 16:00 - 16/04/2026 16:15","0.11",""
"16/04/2026 00:00 - 17/04/2026 00:00","CTA|DE(Amprion)","HERNE_4","11WD7HERN2S--4-X","Fossil Hard coal","11WD7HERN2S--4-X","16/04/2026 16:15 - 16/04/2026 16:30","0.11",""
"16/04/2026 00:00 - 17/04/2026 00:00","CTA|DE(Amprion)","HERNE_4","11WD7HERN2S--4-X","Fossil Hard coal","11WD7HERN2S--4-X","16/04/2026 16:30 - 16/04/2026 16:45","0.00",""
"16/04/2026 00:00 - 17/04/2026 00:00","CTA|DE(Amprion)","HERNE_4","11WD7HERN2S--4-X","Fossil Hard coal","11WD7HERN2S--4-X","16/04/2026 16:45 - 16/04/2026 17:00","0.00",""
"16/04/2026 00:00 - 17/04/2026 00:00","CTA|DE(Amprion)","HERNE_4","11WD7HERN2S--4-X","Fossil Hard coal","11WD7HERN2S--4-X","16/04/2026 17:00 - 16/04/2026 17:15","0.00",""
"16/04/2026 00:00 - 17/04/2026 00:00","CTA|DE(Amprion)","HERNE_4","11WD7HERN2S--4-X","Fossil Hard coal","11WD7HERN2S--4-X","16/04/2026 17:15 - 16/04/2026 17:30","0.00",""
"16/04/2026 00:00 - 17/04/2026 00:00","CTA|DE(Amprion)","HERNE_4","11WD7HERN2S--4-X","Fossil Hard coal","11WD7HERN2S--4-X","16/04/2026 17:30 - 16/04/2026 17:45","0.21",""
"16/04/2026 00:00 - 17/04/2026 00:00","CTA|DE(Amprion)","HERNE_4","11WD7HERN2S--4-X","Fossil Hard coal","11WD7HERN2S--4-X","16/04/2026 17:45 - 16/04/2026 18:00","0.11",""
"16/04/2026 00:00 - 17/04/2026 00:00","CTA|DE(Amprion)","HERNE_4","11WD7HERN2S--4-X","Fossil Hard coal","11WD7HERN2S--4-X","16/04/2026 18:00 - 16/04/2026 18:15","0.00",""
"16/04/2026 00:00 - 17/04/2026 00:00","CTA|DE(Amprion)","HERNE_4","11WD7HERN2S--4-X","Fossil Hard coal","11WD7HERN2S--4-X","16/04/2026 18:15 - 16/04/2026 18:30","0.00",""
"16/04/2026 00:00 - 17/04/2026 00:00","CTA|DE(Amprion)","HERNE_4","11WD7HERN2S--4-X","Fossil Hard coal","11WD7HERN2S--4-X","16/04/2026 18:30 - 16/04/2026 18:45","0.11",""
"16/04/2026 00:00 - 17/04/2026 00:00","CTA|DE(Amprion)","HERNE_4","11WD7HERN2S--4-X","Fossil Hard coal","11WD7HERN2S--4-X","16/04/2026 18:45 - 16/04/2026 19:00","0.11",""
"16/04/2026 00:00 - 17/04/2026 00:00","CTA|DE(Amprion)","HERNE_4","11WD7HERN2S--4-X","Fossil Hard coal","11WD7HERN2S--4-X","16/04/2026 19:00 - 16/04/2026 19:15","0.00",""
"16/04/2026 00:00 - 17/04/2026 00:00","CTA|DE(Amprion)","HERNE_4","11WD7HERN2S--4-X","Fossil Hard coal","11WD7HERN2S--4-X","16/04/2026 19:15 - 16/04/2026 19:30","0.11",""
"16/04/2026 00:00 - 17/04/2026 00:00","CTA|DE(Amprion)","HERNE_4","11WD7HERN2S--4-X","Fossil Hard coal","11WD7HERN2S--4-X","16/04/2026 19:30 - 16/04/2026 19:45","0.00",""
"16/04/2026 00:00 - 17/04/2026 00:00","CTA|DE(Amprion)","HERNE_4","11WD7HERN2S--4-X","Fossil Hard coal","11WD7HERN2S--4-X","16/04/2026 19:45 - 16/04/2026 20:00","0.00",""
"16/04/2026 00:00 - 17/04/2026 00:00","CTA|DE(Amprion)","HERNE_4","11WD7HERN2S--4-X","Fossil Hard coal","11WD7HERN2S--4-X","16/04/2026 20:00 - 16/04/2026 20:15","0.00",""
"16/04/2026 00:00 - 17/04/2026 00:00","CTA|DE(Amprion)","HERNE_4","11WD7HERN2S--4-X","Fossil Hard coal","11WD7HERN2S--4-X","16/04/2026 20:15 - 16/04/2026 20:30","0.00",""
"16/04/2026 00:00 - 17/04/2026 00:00","CTA|DE(Amprion)","HERNE_4","11WD7HERN2S--4-X","Fossil Hard coal","11WD7HERN2S--4-X","16/04/2026 20:30 - 16/04/2026 20:45","0.00",""
"16/04/2026 00:00 - 17/04/2026 00:00","CTA|DE(Amprion)","HERNE_4","11WD7HERN2S--4-X","Fossil Hard coal","11WD7HERN2S--4-X","16/04/2026 20:45 - 16/04/2026 21:00","0.00",""
"16/04/2026 00:00 - 17/04/2026 00:00","CTA|DE(Amprion)","HERNE_4","11WD7HERN2S--4-X","Fossil Hard coal","11WD7HERN2S--4-X","16/04/2026 21:00 - 16/04/2026 21:15","0.00",""
"16/04/2026 00:00 - 17/04/2026 00:00","CTA|DE(Amprion)","HERNE_4","11WD7HERN2S--4-X","Fossil Hard coal","11WD7HERN2S--4-X","16/04/2026 21:15 - 16/04/2026 21:30","0.00",""
"16/04/2026 00:00 - 17/04/2026 00:00","CTA|DE(Amprion)","HERNE_4","11WD7HERN2S--4-X","Fossil Hard coal","11WD7HERN2S--4-X","16/04/2026 21:30 - 16/04/2026 21:45","0.00",""
"16/04/2026 00:00 - 17/04/2026 00:00","CTA|DE(Amprion)","HERNE_4","11WD7HERN2S--4-X","Fossil Hard coal","11WD7HERN2S--4-X","16/04/2026 21:45 - 16/04/2026 22:00","0.00",""
"16/04/2026 00:00 - 17/04/2026 00:00","CTA|DE(Amprion)","HERNE_4","11WD7HERN2S--4-X","Fossil Hard coal","11WD7HERN2S--4-X","16/04/2026 22:00 - 16/04/2026 22:15","0.21",""
"16/04/2026 00:00 - 17/04/2026 00:00","CTA|DE(Amprion)","HERNE_4","11WD7HERN2S--4-X","Fossil Hard coal","11WD7HERN2S--4-X","16/04/2026 22:15 - 16/04/2026 22:30","0.00",""
"16/04/2026 00:00 - 17/04/2026 00:00","CTA|DE(Amprion)","HERNE_4","11WD7HERN2S--4-X","Fossil Hard coal","11WD7HERN2S--4-X","16/04/2026 22:30 - 16/04/2026 22:45","0.21",""
"16/04/2026 00:00 - 17/04/2026 00:00","CTA|DE(Amprion)","HERNE_4","11WD7HERN2S--4-X","Fossil Hard coal","11WD7HERN2S--4-X","16/04/2026 22:45 - 16/04/2026 23:00","0.00",""
"16/04/2026 00:00 - 17/04/2026 00:00","CTA|DE(Amprion)","HERNE_4","11WD7HERN2S--4-X","Fossil Hard coal","11WD7HERN2S--4-X","16/04/2026 23:00 - 16/04/2026 23:15","0.32",""
"16/04/2026 00:00 - 17/04/2026 00:00","CTA|DE(Amprion)","HERNE_4","11WD7HERN2S--4-X","Fossil Hard coal","11WD7HERN2S--4-X","16/04/2026 23:15 - 16/04/2026 23:30","0.00",""
"16/04/2026 00:00 - 17/04/2026 00:00","CTA|DE(Amprion)","HERNE_4","11WD7HERN2S--4-X","Fossil Hard coal","11WD7HERN2S--4-X","16/04/2026 23:30 - 16/04/2026 23:45","0.11",""
"16/04/2026 00:00 - 17/04/2026 00:00","CTA|DE(Amprion)","HERNE_4","11WD7HERN2S--4-X","Fossil Hard coal","11WD7HERN2S--4-X","16/04/2026 23:45 - 17/04/2026 00:00","0.00",""
"16/04/2026 00:00 - 17/04/2026 00:00","CTA|DE(Amprion)","Huckingen A","11WD7HUCK2G--A-C","Fossil Coal-derived gas","11WD7HUCK2G--A-C","16/04/2026 00:00 - 16/04/2026 01:00","0.00",""
"16/04/2026 00:00 - 17/04/2026 00:00","CTA|DE(Amprion)","Huckingen A","11WD7HUCK2G--A-C","Fossil Coal-derived gas","11WD7HUCK2G--A-C","16/04/2026 01:00 - 16/04/2026 02:00","0.00",""
"16/04/2026 00:00 - 17/04/2026 00:00","CTA|DE(Amprion)","Huckingen A","11WD7HUCK2G--A-C","Fossil Coal-derived gas","11WD7HUCK2G--A-C","16/04/2026 02:00 - 16/04/2026 03:00","0.00",""
"16/04/2026 00:00 - 17/04/2026 00:00","CTA|DE(Amprion)","Huckingen A","11WD7HUCK2G--A-C","Fossil Coal-derived gas","11WD7HUCK2G--A-C","16/04/2026 03:00 - 16/04/2026 04:00","0.00",""
"16/04/2026 00:00 - 17/04/2026 00:00","CTA|DE(Amprion)","Huckingen A","11WD7HUCK2G--A-C","Fossil Coal-derived gas","11WD7HUCK2G--A-C","16/04/2026 04:00 - 16/04/2026 05:00","0.00",""
"16/04/2026 00:00 - 17/04/2026 00:00","CTA|DE(Amprion)","Huckingen A","11WD7HUCK2G--A-C","Fossil Coal-derived gas","11WD7HUCK2G--A-C","16/04/2026 05:00 - 16/04/2026 06:00","0.00",""
"16/04/2026 00:00 - 17/04/2026 00:00","CTA|DE(Amprion)","Huckingen A","11WD7HUCK2G--A-C","Fossil Coal-derived gas","11WD7HUCK2G--A-C","16/04/2026 06:00 - 16/04/2026 07:00","0.00",""
"16/04/2026 00:00 - 17/04/2026 00:00","CTA|DE(Amprion)","Huckingen A","11WD7HUCK2G--A-C","Fossil Coal-derived gas","11WD7HUCK2G--A-C","16/04/2026 07:00 - 16/04/2026 08:00","0.00",""
"16/04/2026 00:00 - 17/04/2026 00:00","CTA|DE(Amprion)","Huckingen A","11WD7HUCK2G--A-C","Fossil Coal-derived gas","11WD7HUCK2G--A-C","16/04/2026 08:00 - 16/04/2026 09:00","0.00",""
"16/04/2026 00:00 - 17/04/2026 00:00","CTA|DE(Amprion)","Huckingen A","11WD7HUCK2G--A-C","Fossil Coal-derived gas","11WD7HUCK2G--A-C","16/04/2026 09:00 - 16/04/2026 10:00","0.00",""
"16/04/2026 00:00 - 17/04/2026 00:00","CTA|DE(Amprion)","Huckingen A","11WD7HUCK2G--A-C","Fossil Coal-derived gas","11WD7HUCK2G--A-C","16/04/2026 10:00 - 16/04/2026 11:00","0.00",""
"16/04/2026 00:00 - 17/04/2026 00:00","CTA|DE(Amprion)","Huckingen A","11WD7HUCK2G--A-C","Fossil Coal-derived gas","11WD7HUCK2G--A-C","16/04/2026 11:00 - 16/04/2026 12:00","0.00",""
"16/04/2026 00:00 - 17/04/2026 00:00","CTA|DE(Amprion)","Huckingen A","11WD7HUCK2G--A-C","Fossil Coal-derived gas","11WD7HUCK2G--A-C","16/04/2026 12:00 - 16/04/2026 13:00","0.00",""
"16/04/2026 00:00 - 17/04/2026 00:00","CTA|DE(Amprion)","Huckingen A","11WD7HUCK2G--A-C","Fossil Coal-derived gas","11WD7HUCK2G--A-C","16/04/2026 13:00 - 16/04/2026 14:00","0.00",""
"16/04/2026 00:00 - 17/04/2026 00:00","CTA|DE(Amprion)","Huckingen A","11WD7HUCK2G--A-C","Fossil Coal-derived gas","11WD7HUCK2G--A-C","16/04/2026 14:00 - 16/04/2026 15:00","0.00",""
"16/04/2026 00:00 - 17/04/2026 00:00","CTA|DE(Amprion)","Huckingen A","11WD7HUCK2G--A-C","Fossil Coal-derived gas","11WD7HUCK2G--A-C","16/04/2026 15:00 - 16/04/2026 16:00","0.00",""
"16/04/2026 00:00 - 17/04/2026 00:00","CTA|DE(Amprion)","Huckingen A","11WD7HUCK2G--A-C","Fossil Coal-derived gas","11WD7HUCK2G--A-C","16/04/2026 16:00 - 16/04/2026 17:00","0.00",""
"16/04/2026 00:00 - 17/04/2026 00:00","CTA|DE(Amprion)","Huckingen A","11WD7HUCK2G--A-C","Fossil Coal-derived gas","11WD7HUCK2G--A-C","16/04/2026 17:00 - 16/04/2026 18:00","0.00",""
"16/04/2026 00:00 - 17/04/2026 00:00","CTA|DE(Amprion)","Huckingen A","11WD7HUCK2G--A-C","Fossil Coal-derived gas","11WD7HUCK2G--A-C","16/04/2026 18:00 - 16/04/2026 19:00","0.00",""
"16/04/2026 00:00 - 17/04/2026 00:00","CTA|DE(Amprion)","Huckingen A","11WD7HUCK2G--A-C","Fossil Coal-derived gas","11WD7HUCK2G--A-C","16/04/2026 19:00 - 16/04/2026 20:00","0.00",""
"16/04/2026 00:00 - 17/04/2026 00:00","CTA|DE(Amprion)","Huckingen A","11WD7HUCK2G--A-C","Fossil Coal-derived gas","11WD7HUCK2G--A-C","16/04/2026 20:00 - 16/04/2026 21:00","0.00",""
"16/04/2026 00:00 - 17/04/2026 00:00","CTA|DE(Amprion)","Huckingen A","11WD7HUCK2G--A-C","Fossil Coal-derived gas","11WD7HUCK2G--A-C","16/04/2026 21:00 - 16/04/2026 22:00","0.00",""
"16/04/2026 00:00 - 17/04/2026 00:00","CTA|DE(Amprion)","Huckingen A","11WD7HUCK2G--A-C","Fossil Coal-derived gas","11WD7HUCK2G--A-C","16/04/2026 22:00 - 16/04/2026 23:00","0.00",""
"16/04/2026 00:00 - 17/04/2026 00:00","CTA|DE(Amprion)","Huckingen A","11WD7HUCK2G--A-C","Fossil Coal-derived gas","11WD7HUCK2G--A-C","16/04/2026 23:00 - 17/04/2026 00:00","0.00",""
"16/04/2026 00:00 - 17/04/2026 00:00","CTA|DE(Amprion)","Huckingen B","11WD7HUCK2G--B-9","Fossil Coal-derived gas","11WD7HUCK2G--B-9","16/04/2026 00:00 - 16/04/2026 01:00","96.38",""
"16/04/2026 00:00 - 17/04/2026 00:00","CTA|DE(Amprion)","Huckingen B","11WD7HUCK2G--B-9","Fossil Coal-derived gas","11WD7HUCK2G--B-9","16/04/2026 01:00 - 16/04/2026 02:00","100.58",""
"16/04/2026 00:00 - 17/04/2026 00:00","CTA|DE(Amprion)","Huckingen B","11WD7HUCK2G--B-9","Fossil Coal-derived gas","11WD7HUCK2G--B-9","16/04/2026 02:00 - 16/04/2026 03:00","101.80",""
"16/04/2026 00:00 - 17/04/2026 00:00","CTA|DE(Amprion)","Huckingen B","11WD7HUCK2G--B-9","Fossil Coal-derived gas","11WD7HUCK2G--B-9","16/04/2026 03:00 - 16/04/2026 04:00","101.55",""
"16/04/2026 00:00 - 17/04/2026 00:00","CTA|DE(Amprion)","Huckingen B","11WD7HUCK2G--B-9","Fossil Coal-derived gas","11WD7HUCK2G--B-9","16/04/2026 04:00 - 16/04/2026 05:00","99.00",""
"16/04/2026 00:00 - 17/04/2026 00:00","CTA|DE(Amprion)","Huckingen B","11WD7HUCK2G--B-9","Fossil Coal-derived gas","11WD7HUCK2G--B-9","16/04/2026 05:00 - 16/04/2026 06:00","94.83",""
"16/04/2026 00:00 - 17/04/2026 00:00","CTA|DE(Amprion)","Huckingen B","11WD7HUCK2G--B-9","Fossil Coal-derived gas","11WD7HUCK2G--B-9","16/04/2026 06:00 - 16/04/2026 07:00","104.25",""
"16/04/2026 00:00 - 17/04/2026 00:00","CTA|DE(Amprion)","Huckingen B","11WD7HUCK2G--B-9","Fossil Coal-derived gas","11WD7HUCK2G--B-9","16/04/2026 07:00 - 16/04/2026 08:00","103.50",""
"16/04/2026 00:00 - 17/04/2026 00:00","CTA|DE(Amprion)","Huckingen B","11WD7HUCK2G--B-9","Fossil Coal-derived gas","11WD7HUCK2G--B-9","16/04/2026 08:00 - 16/04/2026 09:00","105.72",""
"16/04/2026 00:00 - 17/04/2026 00:00","CTA|DE(Amprion)","Huckingen B","11WD7HUCK2G--B-9","Fossil Coal-derived gas","11WD7HUCK2G--B-9","16/04/2026 09:00 - 16/04/2026 10:00","108.88",""
"16/04/2026 00:00 - 17/04/2026 00:00","CTA|DE(Amprion)","Huckingen B","11WD7HUCK2G--B-9","Fossil Coal-derived gas","11WD7HUCK2G--B-9","16/04/2026 10:00 - 16/04/2026 11:00","101.78",""
"16/04/2026 00:00 - 17/04/2026 00:00","CTA|DE(Amprion)","Huckingen B","11WD7HUCK2G--B-9","Fossil Coal-derived gas","11WD7HUCK2G--B-9","16/04/2026 11:00 - 16/04/2026 12:00","99.72",""
"16/04/2026 00:00 - 17/04/2026 00:00","CTA|DE(Amprion)","Huckingen B","11WD7HUCK2G--B-9","Fossil Coal-derived gas","11WD7HUCK2G--B-9","16/04/2026 12:00 - 16/04/2026 13:00","112.70",""
"16/04/2026 00:00 - 17/04/2026 00:00","CTA|DE(Amprion)","Huckingen B","11WD7HUCK2G--B-9","Fossil Coal-derived gas","11WD7HUCK2G--B-9","16/04/2026 13:00 - 16/04/2026 14:00","120.42",""
"16/04/2026 00:00 - 17/04/2026 00:00","CTA|DE(Amprion)","Huckingen B","11WD7HUCK2G--B-9","Fossil Coal-derived gas","11WD7HUCK2G--B-9","16/04/2026 14:00 - 16/04/2026 15:00","116.40",""
"16/04/2026 00:00 - 17/04/2026 00:00","CTA|DE(Amprion)","Huckingen B","11WD7HUCK2G--B-9","Fossil Coal-derived gas","11WD7HUCK2G--B-9","16/04/2026 15:00 - 16/04/2026 16:00","111.25",""
"16/04/2026 00:00 - 17/04/2026 00:00","CTA|DE(Amprion)","Huckingen B","11WD7HUCK2G--B-9","Fossil Coal-derived gas","11WD7HUCK2G--B-9","16/04/2026 16:00 - 16/04/2026 17:00","132.95",""
"16/04/2026 00:00 - 17/04/2026 00:00","CTA|DE(Amprion)","Huckingen B","11WD7HUCK2G--B-9","Fossil Coal-derived gas","11WD7HUCK2G--B-9","16/04/2026 17:00 - 16/04/2026 18:00","151.65",""
"16/04/2026 00:00 - 17/04/2026 00:00","CTA|DE(Amprion)","Huckingen B","11WD7HUCK2G--B-9","Fossil Coal-derived gas","11WD7HUCK2G--B-9","16/04/2026 18:00 - 16/04/2026 19:00","150.20",""
"16/04/2026 00:00 - 17/04/2026 00:00","CTA|DE(Amprion)","Huckingen B","11WD7HUCK2G--B-9","Fossil Coal-derived gas","11WD7HUCK2G--B-9","16/04/2026 19:00 - 16/04/2026 20:00","173.55",""
"16/04/2026 00:00 - 17/04/2026 00:00","CTA|DE(Amprion)","Huckingen B","11WD7HUCK2G--B-9","Fossil Coal-derived gas","11WD7HUCK2G--B-9","16/04/2026 20:00 - 16/04/2026 21:00","150.97",""
"16/04/2026 00:00 - 17/04/2026 00:00","CTA|DE(Amprion)","Huckingen B","11WD7HUCK2G--B-9","Fossil Coal-derived gas","11WD7HUCK2G--B-9","16/04/2026 21:00 - 16/04/2026 22:00","124.13",""
"16/04/2026 00:00 - 17/04/2026 00:00","CTA|DE(Amprion)","Huckingen B","11WD7HUCK2G--B-9","Fossil Coal-derived gas","11WD7HUCK2G--B-9","16/04/2026 22:00 - 16/04/2026 23:00","125.40",""
"16/04/2026 00:00 - 17/04/2026 00:00","CTA|DE(Amprion)","Huckingen B","11WD7HUCK2G--B-9","Fossil Coal-derived gas","11WD7HUCK2G--B-9","16/04/2026 23:00 - 17/04/2026 00:00","120.80",""
"16/04/2026 00:00 - 17/04/2026 00:00","CTA|DE(Amprion)","Koepchenwerk","11WD7KOEP2P--5-G","Hydro Pumped Storage","11WD7KOEP2P--5-G","16/04/2026 00:00 - 16/04/2026 01:00","0.00",""
"16/04/2026 00:00 - 17/04/2026 00:00","CTA|DE(Amprion)","Koepchenwerk","11WD7KOEP2P--5-G","Hydro Pumped Storage","11WD7KOEP2P--5-G","16/04/2026 01:00 - 16/04/2026 02:00","0.00",""
"16/04/2026 00:00 - 17/04/2026 00:00","CTA|DE(Amprion)","Koepchenwerk","11WD7KOEP2P--5-G","Hydro Pumped Storage","11WD7KOEP2P--5-G","16/04/2026 02:00 - 16/04/2026 03:00","0.00",""
"16/04/2026 00:00 - 17/04/2026 00:00","CTA|DE(Amprion)","Koepchenwerk","11WD7KOEP2P--5-G","Hydro Pumped Storage","11WD7KOEP2P--5-G","16/04/2026 03:00 - 16/04/2026 04:00","0.00",""
"16/04/2026 00:00 - 17/04/2026 00:00","CTA|DE(Amprion)","Koepchenwerk","11WD7KOEP2P--5-G","Hydro Pumped Storage","11WD7KOEP2P--5-G","16/04/2026 04:00 - 16/04/2026 05:00","0.00",""
"16/04/2026 00:00 - 17/04/2026 00:00","CTA|DE(Amprion)","Koepchenwerk","11WD7KOEP2P--5-G","Hydro Pumped Storage","11WD7KOEP2P--5-G","16/04/2026 05:00 - 16/04/2026 06:00","0.00",""
"16/04/2026 00:00 - 17/04/2026 00:00","CTA|DE(Amprion)","Koepchenwerk","11WD7KOEP2P--5-G","Hydro Pumped Storage","11WD7KOEP2P--5-G","16/04/2026 06:00 - 16/04/2026 07:00","19.40",""
"16/04/2026 00:00 - 17/04/2026 00:00","CTA|DE(Amprion)","Koepchenwerk","11WD7KOEP2P--5-G","Hydro Pumped Storage","11WD7KOEP2P--5-G","16/04/2026 07:00 - 16/04/2026 08:00","34.60",""
"16/04/2026 00:00 - 17/04/2026 00:00","CTA|DE(Amprion)","Koepchenwerk","11WD7KOEP2P--5-G","Hydro Pumped Storage","11WD7KOEP2P--5-G","16/04/2026 08:00 - 16/04/2026 09:00","0.00",""
"16/04/2026 00:00 - 17/04/2026 00:00","CTA|DE(Amprion)","Koepchenwerk","11WD7KOEP2P--5-G","Hydro Pumped Storage","11WD7KOEP2P--5-G","16/04/2026 09:00 - 16/04/2026 10:00","0.00",""
"16/04/2026 00:00 - 17/04/2026 00:00","CTA|DE(Amprion)","Koepchenwerk","11WD7KOEP2P--5-G","Hydro Pumped Storage","11WD7KOEP2P--5-G","16/04/2026 10:00 - 16/04/2026 11:00","0.00",""
"16/04/2026 00:00 - 17/04/2026 00:00","CTA|DE(Amprion)","Koepchenwerk","11WD7KOEP2P--5-G","Hydro Pumped Storage","11WD7KOEP2P--5-G","16/04/2026 11:00 - 16/04/2026 12:00","0.00",""
"16/04/2026 00:00 - 17/04/2026 00:00","CTA|DE(Amprion)","Koepchenwerk","11WD7KOEP2P--5-G","Hydro Pumped Storage","11WD7KOEP2P--5-G","16/04/2026 12:00 - 16/04/2026 13:00","0.00",""
"16/04/2026 00:00 - 17/04/2026 00:00","CTA|DE(Amprion)","Koepchenwerk","11WD7KOEP2P--5-G","Hydro Pumped Storage","11WD7KOEP2P--5-G","16/04/2026 13:00 - 16/04/2026 14:00","0.00",""
"16/04/2026 00:00 - 17/04/2026 00:00","CTA|DE(Amprion)","Koepchenwerk","11WD7KOEP2P--5-G","Hydro Pumped Storage","11WD7KOEP2P--5-G","16/04/2026 14:00 - 16/04/2026 15:00","0.00",""
"16/04/2026 00:00 - 17/04/2026 00:00","CTA|DE(Amprion)","Koepchenwerk","11WD7KOEP2P--5-G","Hydro Pumped Storage","11WD7KOEP2P--5-G","16/04/2026 15:00 - 16/04/2026 16:00","0.00",""
"16/04/2026 00:00 - 17/04/2026 00:00","CTA|DE(Amprion)","Koepchenwerk","11WD7KOEP2P--5-G","Hydro Pumped Storage","11WD7KOEP2P--5-G","16/04/2026 16:00 - 16/04/2026 17:00","0.00",""
"16/04/2026 00:00 - 17/04/2026 00:00","CTA|DE(Amprion)","Koepchenwerk","11WD7KOEP2P--5-G","Hydro Pumped Storage","11WD7KOEP2P--5-G","16/04/2026 17:00 - 16/04/2026 18:00","0.00",""
"16/04/2026 00:00 - 17/04/2026 00:00","CTA|DE(Amprion)","Koepchenwerk","11WD7KOEP2P--5-G","Hydro Pumped Storage","11WD7KOEP2P--5-G","16/04/2026 18:00 - 16/04/2026 19:00","0.00",""
"16/04/2026 00:00 - 17/04/2026 00:00","CTA|DE(Amprion)","Koepchenwerk","11WD7KOEP2P--5-G","Hydro Pumped Storage","11WD7KOEP2P--5-G","16/04/2026 19:00 - 16/04/2026 20:00","29.35",""
"16/04/2026 00:00 - 17/04/2026 00:00","CTA|DE(Amprion)","Koepchenwerk","11WD7KOEP2P--5-G","Hydro Pumped Storage","11WD7KOEP2P--5-G","16/04/2026 20:00 - 16/04/2026 21:00","98.55",""
"16/04/2026 00:00 - 17/04/2026 00:00","CTA|DE(Amprion)","Koepchenwerk","11WD7KOEP2P--5-G","Hydro Pumped Storage","11WD7KOEP2P--5-G","16/04/2026 21:00 - 16/04/2026 22:00","104.10",""
"16/04/2026 00:00 - 17/04/2026 00:00","CTA|DE(Amprion)","Koepchenwerk","11WD7KOEP2P--5-G","Hydro Pumped Storage","11WD7KOEP2P--5-G","16/04/2026 22:00 - 16/04/2026 23:00","0.00",""
"16/04/2026 00:00 - 17/04/2026 00:00","CTA|DE(Amprion)","Koepchenwerk","11WD7KOEP2P--5-G","Hydro Pumped Storage","11WD7KOEP2P--5-G","16/04/2026 23:00 - 17/04/2026 00:00","0.00",""
"16/04/2026 00:00 - 17/04/2026 00:00","CTA|DE(Amprion)","KW Hamm-Uentrop Block 10","11WD7KWHU1GBL10E","Fossil Gas","11WD7KWHU1GBL10E","16/04/2026 00:00 - 16/04/2026 01:00","0.20",""
"16/04/2026 00:00 - 17/04/2026 00:00","CTA|DE(Amprion)","KW Hamm-Uentrop Block 10","11WD7KWHU1GBL10E","Fossil Gas","11WD7KWHU1GBL10E","16/04/2026 01:00 - 16/04/2026 02:00","0.20",""
"16/04/2026 00:00 - 17/04/2026 00:00","CTA|DE(Amprion)","KW Hamm-Uentrop Block 10","11WD7KWHU1GBL10E","Fossil Gas","11WD7KWHU1GBL10E","16/04/2026 02:00 - 16/04/2026 03:00","0.20",""
"16/04/2026 00:00 - 17/04/2026 00:00","CTA|DE(Amprion)","KW Hamm-Uentrop Block 10","11WD7KWHU1GBL10E","Fossil Gas","11WD7KWHU1GBL10E","16/04/2026 03:00 - 16/04/2026 04:00","0.20",""
"16/04/2026 00:00 - 17/04/2026 00:00","CTA|DE(Amprion)","KW Hamm-Uentrop Block 10","11WD7KWHU1GBL10E","Fossil Gas","11WD7KWHU1GBL10E","16/04/2026 04:00 - 16/04/2026 05:00","0.20",""
"16/04/2026 00:00 - 17/04/2026 00:00","CTA|DE(Amprion)","KW Hamm-Uentrop Block 10","11WD7KWHU1GBL10E","Fossil Gas","11WD7KWHU1GBL10E","16/04/2026 05:00 - 16/04/2026 06:00","0.20",""
"16/04/2026 00:00 - 17/04/2026 00:00","CTA|DE(Amprion)","KW Hamm-Uentrop Block 10","11WD7KWHU1GBL10E","Fossil Gas","11WD7KWHU1GBL10E","16/04/2026 06:00 - 16/04/2026 07:00","0.20",""
"16/04/2026 00:00 - 17/04/2026 00:00","CTA|DE(Amprion)","KW Hamm-Uentrop Block 10","11WD7KWHU1GBL10E","Fossil Gas","11WD7KWHU1GBL10E","16/04/2026 07:00 - 16/04/2026 08:00","0.20",""
"16/04/2026 00:00 - 17/04/2026 00:00","CTA|DE(Amprion)","KW Hamm-Uentrop Block 10","11WD7KWHU1GBL10E","Fossil Gas","11WD7KWHU1GBL10E","16/04/2026 08:00 - 16/04/2026 09:00","0.20",""
"16/04/2026 00:00 - 17/04/2026 00:00","CTA|DE(Amprion)","KW Hamm-Uentrop Block 10","11WD7KWHU1GBL10E","Fossil Gas","11WD7KWHU1GBL10E","16/04/2026 09:00 - 16/04/2026 10:00","0.20",""
"16/04/2026 00:00 - 17/04/2026 00:00","CTA|DE(Amprion)","KW Hamm-Uentrop Block 10","11WD7KWHU1GBL10E","Fossil Gas","11WD7KWHU1GBL10E","16/04/2026 10:00 - 16/04/2026 11:00","0.20",""
"16/04/2026 00:00 - 17/04/2026 00:00","CTA|DE(Amprion)","KW Hamm-Uentrop Block 10","11WD7KWHU1GBL10E","Fossil Gas","11WD7KWHU1GBL10E","16/04/2026 11:00 - 16/04/2026 12:00","0.20",""
"16/04/2026 00:00 - 17/04/2026 00:00","CTA|DE(Amprion)","KW Hamm-Uentrop Block 10","11WD7KWHU1GBL10E","Fossil Gas","11WD7KWHU1GBL10E","16/04/2026 12:00 - 16/04/2026 13:00","0.20",""
"16/04/2026 00:00 - 17/04/2026 00:00","CTA|DE(Amprion)","KW Hamm-Uentrop Block 10","11WD7KWHU1GBL10E","Fossil Gas","11WD7KWHU1GBL10E","16/04/2026 13:00 - 16/04/2026 14:00","0.20",""
"16/04/2026 00:00 - 17/04/2026 00:00","CTA|DE(Amprion)","KW Hamm-Uentrop Block 10","11WD7KWHU1GBL10E","Fossil Gas","11WD7KWHU1GBL10E","16/04/2026 14:00 - 16/04/2026 15:00","0.20",""
"16/04/2026 00:00 - 17/04/2026 00:00","CTA|DE(Amprion)","KW Hamm-Uentrop Block 10","11WD7KWHU1GBL10E","Fossil Gas","11WD7KWHU1GBL10E","16/04/2026 15:00 - 16/04/2026 16:00","0.20",""
"16/04/2026 00:00 - 17/04/2026 00:00","CTA|DE(Amprion)","KW Hamm-Uentrop Block 10","11WD7KWHU1GBL10E","Fossil Gas","11WD7KWHU1GBL10E","16/04/2026 16:00 - 16/04/2026 17:00","0.20",""
"16/04/2026 00:00 - 17/04/2026 00:00","CTA|DE(Amprion)","KW Hamm-Uentrop Block 10","11WD7KWHU1GBL10E","Fossil Gas","11WD7KWHU1GBL10E","16/04/2026 17:00 - 16/04/2026 18:00","0.20",""
"16/04/2026 00:00 - 17/04/2026 00:00","CTA|DE(Amprion)","KW Hamm-Uentrop Block 10","11WD7KWHU1GBL10E","Fossil Gas","11WD7KWHU1GBL10E","16/04/2026 18:00 - 16/04/2026 19:00","0.20",""
"16/04/2026 00:00 - 17/04/2026 00:00","CTA|DE(Amprion)","KW Hamm-Uentrop Block 10","11WD7KWHU1GBL10E","Fossil Gas","11WD7KWHU1GBL10E","16/04/2026 19:00 - 16/04/2026 20:00","0.20",""
"16/04/2026 00:00 - 17/04/2026 00:00","CTA|DE(Amprion)","KW Hamm-Uentrop Block 10","11WD7KWHU1GBL10E","Fossil Gas","11WD7KWHU1GBL10E","16/04/2026 20:00 - 16/04/2026 21:00","0.20",""
"16/04/2026 00:00 - 17/04/2026 00:00","CTA|DE(Amprion)","KW Hamm-Uentrop Block 10","11WD7KWHU1GBL10E","Fossil Gas","11WD7KWHU1GBL10E","16/04/2026 21:00 - 16/04/2026 22:00","0.20",""
"16/04/2026 00:00 - 17/04/2026 00:00","CTA|DE(Amprion)","KW Hamm-Uentrop Block 10","11WD7KWHU1GBL10E","Fossil Gas","11WD7KWHU1GBL10E","16/04/2026 22:00 - 16/04/2026 23:00","0.20",""
"16/04/2026 00:00 - 17/04/2026 00:00","CTA|DE(Amprion)","KW Hamm-Uentrop Block 10","11WD7KWHU1GBL10E","Fossil Gas","11WD7KWHU1GBL10E","16/04/2026 23:00 - 17/04/2026 00:00","0.20",""
"16/04/2026 00:00 - 17/04/2026 00:00","CTA|DE(Amprion)","KW Hamm-Uentrop Block 20","11WD7KWHU1GBL20B","Fossil Gas","11WD7KWHU1GBL20B","16/04/2026 00:00 - 16/04/2026 01:00","439.85",""
"16/04/2026 00:00 - 17/04/2026 00:00","CTA|DE(Amprion)","KW Hamm-Uentrop Block 20","11WD7KWHU1GBL20B","Fossil Gas","11WD7KWHU1GBL20B","16/04/2026 01:00 - 16/04/2026 02:00","441.90",""
"16/04/2026 00:00 - 17/04/2026 00:00","CTA|DE(Amprion)","KW Hamm-Uentrop Block 20","11WD7KWHU1GBL20B","Fossil Gas","11WD7KWHU1GBL20B","16/04/2026 02:00 - 16/04/2026 03:00","438.93",""
"16/04/2026 00:00 - 17/04/2026 00:00","CTA|DE(Amprion)","KW Hamm-Uentrop Block 20","11WD7KWHU1GBL20B","Fossil Gas","11WD7KWHU1GBL20B","16/04/2026 03:00 - 16/04/2026 04:00","309.90",""
"16/04/2026 00:00 - 17/04/2026 00:00","CTA|DE(Amprion)","KW Hamm-Uentrop Block 20","11WD7KWHU1GBL20B","Fossil Gas","11WD7KWHU1GBL20B","16/04/2026 04:00 - 16/04/2026 05:00","319.15",""
"16/04/2026 00:00 - 17/04/2026 00:00","CTA|DE(Amprion)","KW Hamm-Uentrop Block 20","11WD7KWHU1GBL20B","Fossil Gas","11WD7KWHU1GBL20B","16/04/2026 05:00 - 16/04/2026 06:00","250.80",""
"16/04/2026 00:00 - 17/04/2026 00:00","CTA|DE(Amprion)","KW Hamm-Uentrop Block 20","11WD7KWHU1GBL20B","Fossil Gas","11WD7KWHU1GBL20B","16/04/2026 06:00 - 16/04/2026 07:00","268.65",""
"16/04/2026 00:00 - 17/04/2026 00:00","CTA|DE(Amprion)","KW Hamm-Uentrop Block 20","11WD7KWHU1GBL20B","Fossil Gas","11WD7KWHU1GBL20B","16/04/2026 07:00 - 16/04/2026 08:00","312.90",""
"16/04/2026 00:00 - 17/04/2026 00:00","CTA|DE(Amprion)","KW Hamm-Uentrop Block 20","11WD7KWHU1GBL20B","Fossil Gas","11WD7KWHU1GBL20B","16/04/2026 08:00 - 16/04/2026 09:00","319.98",""
"16/04/2026 00:00 - 17/04/2026 00:00","CTA|DE(Amprion)","KW Hamm-Uentrop Block 20","11WD7KWHU1GBL20B","Fossil Gas","11WD7KWHU1GBL20B","16/04/2026 09:00 - 16/04/2026 10:00","385.30",""
"16/04/2026 00:00 - 17/04/2026 00:00","CTA|DE(Amprion)","KW Hamm-Uentrop Block 20","11WD7KWHU1GBL20B","Fossil Gas","11WD7KWHU1GBL20B","16/04/2026 10:00 - 16/04/2026 11:00","0.10",""
"16/04/2026 00:00 - 17/04/2026 00:00","CTA|DE(Amprion)","KW Hamm-Uentrop Block 20","11WD7KWHU1GBL20B","Fossil Gas","11WD7KWHU1GBL20B","16/04/2026 11:00 - 16/04/2026 12:00","0.10",""
"16/04/2026 00:00 - 17/04/2026 00:00","CTA|DE(Amprion)","KW Hamm-Uentrop Block 20","11WD7KWHU1GBL20B","Fossil Gas","11WD7KWHU1GBL20B","16/04/2026 12:00 - 16/04/2026 13:00","0.10",""
"16/04/2026 00:00 - 17/04/2026 00:00","CTA|DE(Amprion)","KW Hamm-Uentrop Block 20","11WD7KWHU1GBL20B","Fossil Gas","11WD7KWHU1GBL20B","16/04/2026 13:00 - 16/04/2026 14:00","0.10",""
"16/04/2026 00:00 - 17/04/2026 00:00","CTA|DE(Amprion)","KW Hamm-Uentrop Block 20","11WD7KWHU1GBL20B","Fossil Gas","11WD7KWHU1GBL20B","16/04/2026 14:00 - 16/04/2026 15:00","0.10",""
"16/04/2026 00:00 - 17/04/2026 00:00","CTA|DE(Amprion)","KW Hamm-Uentrop Block 20","11WD7KWHU1GBL20B","Fossil Gas","11WD7KWHU1GBL20B","16/04/2026 15:00 - 16/04/2026 16:00","0.10",""
"16/04/2026 00:00 - 17/04/2026 00:00","CTA|DE(Amprion)","KW Hamm-Uentrop Block 20","11WD7KWHU1GBL20B","Fossil Gas","11WD7KWHU1GBL20B","16/04/2026 16:00 - 16/04/2026 17:00","0.10",""
"16/04/2026 00:00 - 17/04/2026 00:00","CTA|DE(Amprion)","KW Hamm-Uentrop Block 20","11WD7KWHU1GBL20B","Fossil Gas","11WD7KWHU1GBL20B","16/04/2026 17:00 - 16/04/2026 18:00","118.00",""
"16/04/2026 00:00 - 17/04/2026 00:00","CTA|DE(Amprion)","KW Hamm-Uentrop Block 20","11WD7KWHU1GBL20B","Fossil Gas","11WD7KWHU1GBL20B","16/04/2026 18:00 - 16/04/2026 19:00","428.30",""
"16/04/2026 00:00 - 17/04/2026 00:00","CTA|DE(Amprion)","KW Hamm-Uentrop Block 20","11WD7KWHU1GBL20B","Fossil Gas","11WD7KWHU1GBL20B","16/04/2026 19:00 - 16/04/2026 20:00","429.82",""
"16/04/2026 00:00 - 17/04/2026 00:00","CTA|DE(Amprion)","KW Hamm-Uentrop Block 20","11WD7KWHU1GBL20B","Fossil Gas","11WD7KWHU1GBL20B","16/04/2026 20:00 - 16/04/2026 21:00","433.80",""
"16/04/2026 00:00 - 17/04/2026 00:00","CTA|DE(Amprion)","KW Hamm-Uentrop Block 20","11WD7KWHU1GBL20B","Fossil Gas","11WD7KWHU1GBL20B","16/04/2026 21:00 - 16/04/2026 22:00","437.35",""
"16/04/2026 00:00 - 17/04/2026 00:00","CTA|DE(Amprion)","KW Hamm-Uentrop Block 20","11WD7KWHU1GBL20B","Fossil Gas","11WD7KWHU1GBL20B","16/04/2026 22:00 - 16/04/2026 23:00","438.80",""
"16/04/2026 00:00 - 17/04/2026 00:00","CTA|DE(Amprion)","KW Hamm-Uentrop Block 20","11WD7KWHU1GBL20B","Fossil Gas","11WD7KWHU1GBL20B","16/04/2026 23:00 - 17/04/2026 00:00","437.45",""
"16/04/2026 00:00 - 17/04/2026 00:00","CTA|DE(Amprion)","Knapsack 2","11WD7KWKN-20-EEW","Fossil Gas","11WD7KWKN-20-EEW","16/04/2026 00:00 - 16/04/2026 01:00","0.00",""
"16/04/2026 00:00 - 17/04/2026 00:00","CTA|DE(Amprion)","Knapsack 2","11WD7KWKN-20-EEW","Fossil Gas","11WD7KWKN-20-EEW","16/04/2026 01:00 - 16/04/2026 02:00","0.00",""
"16/04/2026 00:00 - 17/04/2026 00:00","CTA|DE(Amprion)","Knapsack 2","11WD7KWKN-20-EEW","Fossil Gas","11WD7KWKN-20-EEW","16/04/2026 02:00 - 16/04/2026 03:00","0.00",""
"16/04/2026 00:00 - 17/04/2026 00:00","CTA|DE(Amprion)","Knapsack 2","11WD7KWKN-20-EEW","Fossil Gas","11WD7KWKN-20-EEW","16/04/2026 03:00 - 16/04/2026 04:00","0.00",""
"16/04/2026 00:00 - 17/04/2026 00:00","CTA|DE(Amprion)","Knapsack 2","11WD7KWKN-20-EEW","Fossil Gas","11WD7KWKN-20-EEW","16/04/2026 04:00 - 16/04/2026 05:00","0.00",""
"16/04/2026 00:00 - 17/04/2026 00:00","CTA|DE(Amprion)","Knapsack 2","11WD7KWKN-20-EEW","Fossil Gas","11WD7KWKN-20-EEW","16/04/2026 05:00 - 16/04/2026 06:00","0.00",""
"16/04/2026 00:00 - 17/04/2026 00:00","CTA|DE(Amprion)","Knapsack 2","11WD7KWKN-20-EEW","Fossil Gas","11WD7KWKN-20-EEW","16/04/2026 06:00 - 16/04/2026 07:00","0.00",""
"16/04/2026 00:00 - 17/04/2026 00:00","CTA|DE(Amprion)","Knapsack 2","11WD7KWKN-20-EEW","Fossil Gas","11WD7KWKN-20-EEW","16/04/2026 07:00 - 16/04/2026 08:00","0.00",""
"16/04/2026 00:00 - 17/04/2026 00:00","CTA|DE(Amprion)","Knapsack 2","11WD7KWKN-20-EEW","Fossil Gas","11WD7KWKN-20-EEW","16/04/2026 08:00 - 16/04/2026 09:00","0.00",""
"16/04/2026 00:00 - 17/04/2026 00:00","CTA|DE(Amprion)","Knapsack 2","11WD7KWKN-20-EEW","Fossil Gas","11WD7KWKN-20-EEW","16/04/2026 09:00 - 16/04/2026 10:00","0.00",""
"16/04/2026 00:00 - 17/04/2026 00:00","CTA|DE(Amprion)","Knapsack 2","11WD7KWKN-20-EEW","Fossil Gas","11WD7KWKN-20-EEW","16/04/2026 10:00 - 16/04/2026 11:00","0.00",""
"16/04/2026 00:00 - 17/04/2026 00:00","CTA|DE(Amprion)","Knapsack 2","11WD7KWKN-20-EEW","Fossil Gas","11WD7KWKN-20-EEW","16/04/2026 11:00 - 16/04/2026 12:00","0.00",""
"16/04/2026 00:00 - 17/04/2026 00:00","CTA|DE(Amprion)","Knapsack 2","11WD7KWKN-20-EEW","Fossil Gas","11WD7KWKN-20-EEW","16/04/2026 12:00 - 16/04/2026 13:00","0.00",""
"16/04/2026 00:00 - 17/04/2026 00:00","CTA|DE(Amprion)","Knapsack 2","11WD7KWKN-20-EEW","Fossil Gas","11WD7KWKN-20-EEW","16/04/2026 13:00 - 16/04/2026 14:00","0.00",""
"16/04/2026 00:00 - 17/04/2026 00:00","CTA|DE(Amprion)","Knapsack 2","11WD7KWKN-20-EEW","Fossil Gas","11WD7KWKN-20-EEW","16/04/2026 14:00 - 16/04/2026 15:00","0.00",""
"16/04/2026 00:00 - 17/04/2026 00:00","CTA|DE(Amprion)","Knapsack 2","11WD7KWKN-20-EEW","Fossil Gas","11WD7KWKN-20-EEW","16/04/2026 15:00 - 16/04/2026 16:00","0.00",""
"16/04/2026 00:00 - 17/04/2026 00:00","CTA|DE(Amprion)","Knapsack 2","11WD7KWKN-20-EEW","Fossil Gas","11WD7KWKN-20-EEW","16/04/2026 16:00 - 16/04/2026 17:00","0.00",""
"16/04/2026 00:00 - 17/04/2026 00:00","CTA|DE(Amprion)","Knapsack 2","11WD7KWKN-20-EEW","Fossil Gas","11WD7KWKN-20-EEW","16/04/2026 17:00 - 16/04/2026 18:00","0.00",""
"16/04/2026 00:00 - 17/04/2026 00:00","CTA|DE(Amprion)","Knapsack 2","11WD7KWKN-20-EEW","Fossil Gas","11WD7KWKN-20-EEW","16/04/2026 18:00 - 16/04/2026 19:00","0.00",""
"16/04/2026 00:00 - 17/04/2026 00:00","CTA|DE(Amprion)","Knapsack 2","11WD7KWKN-20-EEW","Fossil Gas","11WD7KWKN-20-EEW","16/04/2026 19:00 - 16/04/2026 20:00","0.00",""
"16/04/2026 00:00 - 17/04/2026 00:00","CTA|DE(Amprion)","Knapsack 2","11WD7KWKN-20-EEW","Fossil Gas","11WD7KWKN-20-EEW","16/04/2026 20:00 - 16/04/2026 21:00","0.00",""
"16/04/2026 00:00 - 17/04/2026 00:00","CTA|DE(Amprion)","Knapsack 2","11WD7KWKN-20-EEW","Fossil Gas","11WD7KWKN-20-EEW","16/04/2026 21:00 - 16/04/2026 22:00","0.00",""
"16/04/2026 00:00 - 17/04/2026 00:00","CTA|DE(Amprion)","Knapsack 2","11WD7KWKN-20-EEW","Fossil Gas","11WD7KWKN-20-EEW","16/04/2026 22:00 - 16/04/2026 23:00","0.00",""
"16/04/2026 00:00 - 17/04/2026 00:00","CTA|DE(Amprion)","Knapsack 2","11WD7KWKN-20-EEW","Fossil Gas","11WD7KWKN-20-EEW","16/04/2026 23:00 - 17/04/2026 00:00","0.00",""
"16/04/2026 00:00 - 17/04/2026 00:00","CTA|DE(Amprion)","Knapsack 1","11WD7KWKN-KW-EEN","Fossil Gas","11WD7KWKN-KW-EEN","16/04/2026 00:00 - 16/04/2026 01:00","644.70",""
"16/04/2026 00:00 - 17/04/2026 00:00","CTA|DE(Amprion)","Knapsack 1","11WD7KWKN-KW-EEN","Fossil Gas","11WD7KWKN-KW-EEN","16/04/2026 01:00 - 16/04/2026 02:00","641.10",""
"16/04/2026 00:00 - 17/04/2026 00:00","CTA|DE(Amprion)","Knapsack 1","11WD7KWKN-KW-EEN","Fossil Gas","11WD7KWKN-KW-EEN","16/04/2026 02:00 - 16/04/2026 03:00","704.40",""
"16/04/2026 00:00 - 17/04/2026 00:00","CTA|DE(Amprion)","Knapsack 1","11WD7KWKN-KW-EEN","Fossil Gas","11WD7KWKN-KW-EEN","16/04/2026 03:00 - 16/04/2026 04:00","714.10",""
"16/04/2026 00:00 - 17/04/2026 00:00","CTA|DE(Amprion)","Knapsack 1","11WD7KWKN-KW-EEN","Fossil Gas","11WD7KWKN-KW-EEN","16/04/2026 04:00 - 16/04/2026 05:00","801.90",""
"16/04/2026 00:00 - 17/04/2026 00:00","CTA|DE(Amprion)","Knapsack 1","11WD7KWKN-KW-EEN","Fossil Gas","11WD7KWKN-KW-EEN","16/04/2026 05:00 - 16/04/2026 06:00","835.60",""
"16/04/2026 00:00 - 17/04/2026 00:00","CTA|DE(Amprion)","Knapsack 1","11WD7KWKN-KW-EEN","Fossil Gas","11WD7KWKN-KW-EEN","16/04/2026 06:00 - 16/04/2026 07:00","837.70",""
"16/04/2026 00:00 - 17/04/2026 00:00","CTA|DE(Amprion)","Knapsack 1","11WD7KWKN-KW-EEN","Fossil Gas","11WD7KWKN-KW-EEN","16/04/2026 07:00 - 16/04/2026 08:00","861.50",""
"16/04/2026 00:00 - 17/04/2026 00:00","CTA|DE(Amprion)","Knapsack 1","11WD7KWKN-KW-EEN","Fossil Gas","11WD7KWKN-KW-EEN","16/04/2026 08:00 - 16/04/2026 09:00","860.80",""
"16/04/2026 00:00 - 17/04/2026 00:00","CTA|DE(Amprion)","Knapsack 1","11WD7KWKN-KW-EEN","Fossil Gas","11WD7KWKN-KW-EEN","16/04/2026 09:00 - 16/04/2026 10:00","615.10",""
"16/04/2026 00:00 - 17/04/2026 00:00","CTA|DE(Amprion)","Knapsack 1","11WD7KWKN-KW-EEN","Fossil Gas","11WD7KWKN-KW-EEN","16/04/2026 10:00 - 16/04/2026 11:00","0.20",""
"16/04/2026 00:00 - 17/04/2026 00:00","CTA|DE(Amprion)","Knapsack 1","11WD7KWKN-KW-EEN","Fossil Gas","11WD7KWKN-KW-EEN","16/04/2026 11:00 - 16/04/2026 12:00","0.00",""
"16/04/2026 00:00 - 17/04/2026 00:00","CTA|DE(Amprion)","Knapsack 1","11WD7KWKN-KW-EEN","Fossil Gas","11WD7KWKN-KW-EEN","16/04/2026 12:00 - 16/04/2026 13:00","0.00",""
"16/04/2026 00:00 - 17/04/2026 00:00","CTA|DE(Amprion)","Knapsack 1","11WD7KWKN-KW-EEN","Fossil Gas","11WD7KWKN-KW-EEN","16/04/2026 13:00 - 16/04/2026 14:00","0.00",""
"16/04/2026 00:00 - 17/04/2026 00:00","CTA|DE(Amprion)","Knapsack 1","11WD7KWKN-KW-EEN","Fossil Gas","11WD7KWKN-KW-EEN","16/04/2026 14:00 - 16/04/2026 15:00","0.00",""
"16/04/2026 00:00 - 17/04/2026 00:00","CTA|DE(Amprion)","Knapsack 1","11WD7KWKN-KW-EEN","Fossil Gas","11WD7KWKN-KW-EEN","16/04/2026 15:00 - 16/04/2026 16:00","0.00",""
"16/04/2026 00:00 - 17/04/2026 00:00","CTA|DE(Amprion)","Knapsack 1","11WD7KWKN-KW-EEN","Fossil Gas","11WD7KWKN-KW-EEN","16/04/2026 16:00 - 16/04/2026 17:00","124.60",""
"16/04/2026 00:00 - 17/04/2026 00:00","CTA|DE(Amprion)","Knapsack 1","11WD7KWKN-KW-EEN","Fossil Gas","11WD7KWKN-KW-EEN","16/04/2026 17:00 - 16/04/2026 18:00","647.20",""
"16/04/2026 00:00 - 17/04/2026 00:00","CTA|DE(Amprion)","Knapsack 1","11WD7KWKN-KW-EEN","Fossil Gas","11WD7KWKN-KW-EEN","16/04/2026 18:00 - 16/04/2026 19:00","818.50",""
"16/04/2026 00:00 - 17/04/2026 00:00","CTA|DE(Amprion)","Knapsack 1","11WD7KWKN-KW-EEN","Fossil Gas","11WD7KWKN-KW-EEN","16/04/2026 19:00 - 16/04/2026 20:00","788.70",""
"16/04/2026 00:00 - 17/04/2026 00:00","CTA|DE(Amprion)","Knapsack 1","11WD7KWKN-KW-EEN","Fossil Gas","11WD7KWKN-KW-EEN","16/04/2026 20:00 - 16/04/2026 21:00","852.50",""
"16/04/2026 00:00 - 17/04/2026 00:00","CTA|DE(Amprion)","Knapsack 1","11WD7KWKN-KW-EEN","Fossil Gas","11WD7KWKN-KW-EEN","16/04/2026 21:00 - 16/04/2026 22:00","858.30",""
"16/04/2026 00:00 - 17/04/2026 00:00","CTA|DE(Amprion)","Knapsack 1","11WD7KWKN-KW-EEN","Fossil Gas","11WD7KWKN-KW-EEN","16/04/2026 22:00 - 16/04/2026 23:00","859.70",""
"16/04/2026 00:00 - 17/04/2026 00:00","CTA|DE(Amprion)","Knapsack 1","11WD7KWKN-KW-EEN","Fossil Gas","11WD7KWKN-KW-EEN","16/04/2026 23:00 - 17/04/2026 00:00","819.20",""
"16/04/2026 00:00 - 17/04/2026 00:00","CTA|DE(Amprion)","Block GT 11","11WD7LUDW2GGT11E","Fossil Gas","11WD7LUDW2GGT11E","16/04/2026 00:00 - 16/04/2026 01:00","0.03",""
"16/04/2026 00:00 - 17/04/2026 00:00","CTA|DE(Amprion)","Block GT 11","11WD7LUDW2GGT11E","Fossil Gas","11WD7LUDW2GGT11E","16/04/2026 01:00 - 16/04/2026 02:00","0.05",""
"16/04/2026 00:00 - 17/04/2026 00:00","CTA|DE(Amprion)","Block GT 11","11WD7LUDW2GGT11E","Fossil Gas","11WD7LUDW2GGT11E","16/04/2026 02:00 - 16/04/2026 03:00","0.05",""
"16/04/2026 00:00 - 17/04/2026 00:00","CTA|DE(Amprion)","Block GT 11","11WD7LUDW2GGT11E","Fossil Gas","11WD7LUDW2GGT11E","16/04/2026 03:00 - 16/04/2026 04:00","0.00",""
"16/04/2026 00:00 - 17/04/2026 00:00","CTA|DE(Amprion)","Block GT 11","11WD7LUDW2GGT11E","Fossil Gas","11WD7LUDW2GGT11E","16/04/2026 04:00 - 16/04/2026 05:00","0.05",""
"16/04/2026 00:00 - 17/04/2026 00:00","CTA|DE(Amprion)","Block GT 11","11WD7LUDW2GGT11E","Fossil Gas","11WD7LUDW2GGT11E","16/04/2026 05:00 - 16/04/2026 06:00","0.00",""
"16/04/2026 00:00 - 17/04/2026 00:00","CTA|DE(Amprion)","Block GT 11","11WD7LUDW2GGT11E","Fossil Gas","11WD7LUDW2GGT11E","16/04/2026 06:00 - 16/04/2026 07:00","0.03",""
"16/04/2026 00:00 - 17/04/2026 00:00","CTA|DE(Amprion)","Block GT 11","11WD7LUDW2GGT11E","Fossil Gas","11WD7LUDW2GGT11E","16/04/2026 07:00 - 16/04/2026 08:00","0.05",""
"16/04/2026 00:00 - 17/04/2026 00:00","CTA|DE(Amprion)","Block GT 11","11WD7LUDW2GGT11E","Fossil Gas","11WD7LUDW2GGT11E","16/04/2026 08:00 - 16/04/2026 09:00","0.05",""
"16/04/2026 00:00 - 17/04/2026 00:00","CTA|DE(Amprion)","Block GT 11","11WD7LUDW2GGT11E","Fossil Gas","11WD7LUDW2GGT11E","16/04/2026 09:00 - 16/04/2026 10:00","0.05",""
"16/04/2026 00:00 - 17/04/2026 00:00","CTA|DE(Amprion)","Block GT 11","11WD7LUDW2GGT11E","Fossil Gas","11WD7LUDW2GGT11E","16/04/2026 10:00 - 16/04/2026 11:00","0.05",""
"16/04/2026 00:00 - 17/04/2026 00:00","CTA|DE(Amprion)","Block GT 11","11WD7LUDW2GGT11E","Fossil Gas","11WD7LUDW2GGT11E","16/04/2026 11:00 - 16/04/2026 12:00","0.00",""
"16/04/2026 00:00 - 17/04/2026 00:00","CTA|DE(Amprion)","Block GT 11","11WD7LUDW2GGT11E","Fossil Gas","11WD7LUDW2GGT11E","16/04/2026 12:00 - 16/04/2026 13:00","0.03",""
"16/04/2026 00:00 - 17/04/2026 00:00","CTA|DE(Amprion)","Block GT 11","11WD7LUDW2GGT11E","Fossil Gas","11WD7LUDW2GGT11E","16/04/2026 13:00 - 16/04/2026 14:00","0.00",""
"16/04/2026 00:00 - 17/04/2026 00:00","CTA|DE(Amprion)","Block GT 11","11WD7LUDW2GGT11E","Fossil Gas","11WD7LUDW2GGT11E","16/04/2026 14:00 - 16/04/2026 15:00","0.00",""
"16/04/2026 00:00 - 17/04/2026 00:00","CTA|DE(Amprion)","Block GT 11","11WD7LUDW2GGT11E","Fossil Gas","11WD7LUDW2GGT11E","16/04/2026 15:00 - 16/04/2026 16:00","0.03",""
"16/04/2026 00:00 - 17/04/2026 00:00","CTA|DE(Amprion)","Block GT 11","11WD7LUDW2GGT11E","Fossil Gas","11WD7LUDW2GGT11E","16/04/2026 16:00 - 16/04/2026 17:00","0.00",""
"16/04/2026 00:00 - 17/04/2026 00:00","CTA|DE(Amprion)","Block GT 11","11WD7LUDW2GGT11E","Fossil Gas","11WD7LUDW2GGT11E","16/04/2026 17:00 - 16/04/2026 18:00","0.00",""
"16/04/2026 00:00 - 17/04/2026 00:00","CTA|DE(Amprion)","Block GT 11","11WD7LUDW2GGT11E","Fossil Gas","11WD7LUDW2GGT11E","16/04/2026 18:00 - 16/04/2026 19:00","0.00",""
"16/04/2026 00:00 - 17/04/2026 00:00","CTA|DE(Amprion)","Block GT 11","11WD7LUDW2GGT11E","Fossil Gas","11WD7LUDW2GGT11E","16/04/2026 19:00 - 16/04/2026 20:00","0.00",""
"16/04/2026 00:00 - 17/04/2026 00:00","CTA|DE(Amprion)","Block GT 11","11WD7LUDW2GGT11E","Fossil Gas","11WD7LUDW2GGT11E","16/04/2026 20:00 - 16/04/2026 21:00","0.05",""
"16/04/2026 00:00 - 17/04/2026 00:00","CTA|DE(Amprion)","Block GT 11","11WD7LUDW2GGT11E","Fossil Gas","11WD7LUDW2GGT11E","16/04/2026 21:00 - 16/04/2026 22:00","0.03",""
"16/04/2026 00:00 - 17/04/2026 00:00","CTA|DE(Amprion)","Block GT 11","11WD7LUDW2GGT11E","Fossil Gas","11WD7LUDW2GGT11E","16/04/2026 22:00 - 16/04/2026 23:00","0.00",""
"16/04/2026 00:00 - 17/04/2026 00:00","CTA|DE(Amprion)","Block GT 11","11WD7LUDW2GGT11E","Fossil Gas","11WD7LUDW2GGT11E","16/04/2026 23:00 - 17/04/2026 00:00","0.05",""
"16/04/2026 00:00 - 17/04/2026 00:00","CTA|DE(Amprion)","Block GT 12","11WD7LUDW2GGT12C","Fossil Gas","11WD7LUDW2GGT12C","16/04/2026 00:00 - 16/04/2026 01:00","208.07",""
"16/04/2026 00:00 - 17/04/2026 00:00","CTA|DE(Amprion)","Block GT 12","11WD7LUDW2GGT12C","Fossil Gas","11WD7LUDW2GGT12C","16/04/2026 01:00 - 16/04/2026 02:00","208.45",""
"16/04/2026 00:00 - 17/04/2026 00:00","CTA|DE(Amprion)","Block GT 12","11WD7LUDW2GGT12C","Fossil Gas","11WD7LUDW2GGT12C","16/04/2026 02:00 - 16/04/2026 03:00","209.25",""
"16/04/2026 00:00 - 17/04/2026 00:00","CTA|DE(Amprion)","Block GT 12","11WD7LUDW2GGT12C","Fossil Gas","11WD7LUDW2GGT12C","16/04/2026 03:00 - 16/04/2026 04:00","207.75",""
"16/04/2026 00:00 - 17/04/2026 00:00","CTA|DE(Amprion)","Block GT 12","11WD7LUDW2GGT12C","Fossil Gas","11WD7LUDW2GGT12C","16/04/2026 04:00 - 16/04/2026 05:00","205.68",""
"16/04/2026 00:00 - 17/04/2026 00:00","CTA|DE(Amprion)","Block GT 12","11WD7LUDW2GGT12C","Fossil Gas","11WD7LUDW2GGT12C","16/04/2026 05:00 - 16/04/2026 06:00","205.93",""
"16/04/2026 00:00 - 17/04/2026 00:00","CTA|DE(Amprion)","Block GT 12","11WD7LUDW2GGT12C","Fossil Gas","11WD7LUDW2GGT12C","16/04/2026 06:00 - 16/04/2026 07:00","206.45",""
"16/04/2026 00:00 - 17/04/2026 00:00","CTA|DE(Amprion)","Block GT 12","11WD7LUDW2GGT12C","Fossil Gas","11WD7LUDW2GGT12C","16/04/2026 07:00 - 16/04/2026 08:00","206.50",""
"16/04/2026 00:00 - 17/04/2026 00:00","CTA|DE(Amprion)","Block GT 12","11WD7LUDW2GGT12C","Fossil Gas","11WD7LUDW2GGT12C","16/04/2026 08:00 - 16/04/2026 09:00","206.18",""
"16/04/2026 00:00 - 17/04/2026 00:00","CTA|DE(Amprion)","Block GT 12","11WD7LUDW2GGT12C","Fossil Gas","11WD7LUDW2GGT12C","16/04/2026 09:00 - 16/04/2026 10:00","205.38",""
"16/04/2026 00:00 - 17/04/2026 00:00","CTA|DE(Amprion)","Block GT 12","11WD7LUDW2GGT12C","Fossil Gas","11WD7LUDW2GGT12C","16/04/2026 10:00 - 16/04/2026 11:00","203.32",""
"16/04/2026 00:00 - 17/04/2026 00:00","CTA|DE(Amprion)","Block GT 12","11WD7LUDW2GGT12C","Fossil Gas","11WD7LUDW2GGT12C","16/04/2026 11:00 - 16/04/2026 12:00","182.93",""
"16/04/2026 00:00 - 17/04/2026 00:00","CTA|DE(Amprion)","Block GT 12","11WD7LUDW2GGT12C","Fossil Gas","11WD7LUDW2GGT12C","16/04/2026 12:00 - 16/04/2026 13:00","152.57",""
"16/04/2026 00:00 - 17/04/2026 00:00","CTA|DE(Amprion)","Block GT 12","11WD7LUDW2GGT12C","Fossil Gas","11WD7LUDW2GGT12C","16/04/2026 13:00 - 16/04/2026 14:00","143.45",""
"16/04/2026 00:00 - 17/04/2026 00:00","CTA|DE(Amprion)","Block GT 12","11WD7LUDW2GGT12C","Fossil Gas","11WD7LUDW2GGT12C","16/04/2026 14:00 - 16/04/2026 15:00","131.22",""
"16/04/2026 00:00 - 17/04/2026 00:00","CTA|DE(Amprion)","Block GT 12","11WD7LUDW2GGT12C","Fossil Gas","11WD7LUDW2GGT12C","16/04/2026 15:00 - 16/04/2026 16:00","124.35",""
"16/04/2026 00:00 - 17/04/2026 00:00","CTA|DE(Amprion)","Block GT 12","11WD7LUDW2GGT12C","Fossil Gas","11WD7LUDW2GGT12C","16/04/2026 16:00 - 16/04/2026 17:00","148.32",""
"16/04/2026 00:00 - 17/04/2026 00:00","CTA|DE(Amprion)","Block GT 12","11WD7LUDW2GGT12C","Fossil Gas","11WD7LUDW2GGT12C","16/04/2026 17:00 - 16/04/2026 18:00","201.13",""
"16/04/2026 00:00 - 17/04/2026 00:00","CTA|DE(Amprion)","Block GT 12","11WD7LUDW2GGT12C","Fossil Gas","11WD7LUDW2GGT12C","16/04/2026 18:00 - 16/04/2026 19:00","202.43",""
"16/04/2026 00:00 - 17/04/2026 00:00","CTA|DE(Amprion)","Block GT 12","11WD7LUDW2GGT12C","Fossil Gas","11WD7LUDW2GGT12C","16/04/2026 19:00 - 16/04/2026 20:00","203.10",""
"16/04/2026 00:00 - 17/04/2026 00:00","CTA|DE(Amprion)","Block GT 12","11WD7LUDW2GGT12C","Fossil Gas","11WD7LUDW2GGT12C","16/04/2026 20:00 - 16/04/2026 21:00","203.50",""
"16/04/2026 00:00 - 17/04/2026 00:00","CTA|DE(Amprion)","Block GT 12","11WD7LUDW2GGT12C","Fossil Gas","11WD7LUDW2GGT12C","16/04/2026 21:00 - 16/04/2026 22:00","203.97",""
"16/04/2026 00:00 - 17/04/2026 00:00","CTA|DE(Amprion)","Block GT 12","11WD7LUDW2GGT12C","Fossil Gas","11WD7LUDW2GGT12C","16/04/2026 22:00 - 16/04/2026 23:00","203.70",""
"16/04/2026 00:00 - 17/04/2026 00:00","CTA|DE(Amprion)","Block GT 12","11WD7LUDW2GGT12C","Fossil Gas","11WD7LUDW2GGT12C","16/04/2026 23:00 - 17/04/2026 00:00","204.32",""
"16/04/2026 00:00 - 17/04/2026 00:00","CTA|DE(Amprion)","Block GT1","11WD7LUDW5GSDG1Q","Fossil Gas","11WD7LUDW5GSDG1Q","16/04/2026 00:00 - 16/04/2026 01:00","152.15",""
"16/04/2026 00:00 - 17/04/2026 00:00","CTA|DE(Amprion)","Block GT1","11WD7LUDW5GSDG1Q","Fossil Gas","11WD7LUDW5GSDG1Q","16/04/2026 01:00 - 16/04/2026 02:00","157.47",""
"16/04/2026 00:00 - 17/04/2026 00:00","CTA|DE(Amprion)","Block GT1","11WD7LUDW5GSDG1Q","Fossil Gas","11WD7LUDW5GSDG1Q","16/04/2026 02:00 - 16/04/2026 03:00","162.57",""
"16/04/2026 00:00 - 17/04/2026 00:00","CTA|DE(Amprion)","Block GT1","11WD7LUDW5GSDG1Q","Fossil Gas","11WD7LUDW5GSDG1Q","16/04/2026 03:00 - 16/04/2026 04:00","163.32",""
"16/04/2026 00:00 - 17/04/2026 00:00","CTA|DE(Amprion)","Block GT1","11WD7LUDW5GSDG1Q","Fossil Gas","11WD7LUDW5GSDG1Q","16/04/2026 04:00 - 16/04/2026 05:00","164.07",""
"16/04/2026 00:00 - 17/04/2026 00:00","CTA|DE(Amprion)","Block GT1","11WD7LUDW5GSDG1Q","Fossil Gas","11WD7LUDW5GSDG1Q","16/04/2026 05:00 - 16/04/2026 06:00","164.95",""
"16/04/2026 00:00 - 17/04/2026 00:00","CTA|DE(Amprion)","Block GT1","11WD7LUDW5GSDG1Q","Fossil Gas","11WD7LUDW5GSDG1Q","16/04/2026 06:00 - 16/04/2026 07:00","158.25",""
"16/04/2026 00:00 - 17/04/2026 00:00","CTA|DE(Amprion)","Block GT1","11WD7LUDW5GSDG1Q","Fossil Gas","11WD7LUDW5GSDG1Q","16/04/2026 07:00 - 16/04/2026 08:00","155.47",""
"16/04/2026 00:00 - 17/04/2026 00:00","CTA|DE(Amprion)","Block GT1","11WD7LUDW5GSDG1Q","Fossil Gas","11WD7LUDW5GSDG1Q","16/04/2026 08:00 - 16/04/2026 09:00","161.03",""
"16/04/2026 00:00 - 17/04/2026 00:00","CTA|DE(Amprion)","Block GT1","11WD7LUDW5GSDG1Q","Fossil Gas","11WD7LUDW5GSDG1Q","16/04/2026 09:00 - 16/04/2026 10:00","162.63",""
"16/04/2026 00:00 - 17/04/2026 00:00","CTA|DE(Amprion)","Block GT1","11WD7LUDW5GSDG1Q","Fossil Gas","11WD7LUDW5GSDG1Q","16/04/2026 10:00 - 16/04/2026 11:00","149.90",""
"16/04/2026 00:00 - 17/04/2026 00:00","CTA|DE(Amprion)","Block GT1","11WD7LUDW5GSDG1Q","Fossil Gas","11WD7LUDW5GSDG1Q","16/04/2026 11:00 - 16/04/2026 12:00","111.53",""
"16/04/2026 00:00 - 17/04/2026 00:00","CTA|DE(Amprion)","Block GT1","11WD7LUDW5GSDG1Q","Fossil Gas","11WD7LUDW5GSDG1Q","16/04/2026 12:00 - 16/04/2026 13:00","110.50",""
"16/04/2026 00:00 - 17/04/2026 00:00","CTA|DE(Amprion)","Block GT1","11WD7LUDW5GSDG1Q","Fossil Gas","11WD7LUDW5GSDG1Q","16/04/2026 13:00 - 16/04/2026 14:00","110.50",""
"16/04/2026 00:00 - 17/04/2026 00:00","CTA|DE(Amprion)","Block GT1","11WD7LUDW5GSDG1Q","Fossil Gas","11WD7LUDW5GSDG1Q","16/04/2026 14:00 - 16/04/2026 15:00","112.92",""
"16/04/2026 00:00 - 17/04/2026 00:00","CTA|DE(Amprion)","Block GT1","11WD7LUDW5GSDG1Q","Fossil Gas","11WD7LUDW5GSDG1Q","16/04/2026 15:00 - 16/04/2026 16:00","114.67",""
"16/04/2026 00:00 - 17/04/2026 00:00","CTA|DE(Amprion)","Block GT1","11WD7LUDW5GSDG1Q","Fossil Gas","11WD7LUDW5GSDG1Q","16/04/2026 16:00 - 16/04/2026 17:00","113.55",""
"16/04/2026 00:00 - 17/04/2026 00:00","CTA|DE(Amprion)","Block GT1","11WD7LUDW5GSDG1Q","Fossil Gas","11WD7LUDW5GSDG1Q","16/04/2026 17:00 - 16/04/2026 18:00","134.65",""
"16/04/2026 00:00 - 17/04/2026 00:00","CTA|DE(Amprion)","Block GT1","11WD7LUDW5GSDG1Q","Fossil Gas","11WD7LUDW5GSDG1Q","16/04/2026 18:00 - 16/04/2026 19:00","138.30",""
"16/04/2026 00:00 - 17/04/2026 00:00","CTA|DE(Amprion)","Block GT1","11WD7LUDW5GSDG1Q","Fossil Gas","11WD7LUDW5GSDG1Q","16/04/2026 19:00 - 16/04/2026 20:00","153.18",""
"16/04/2026 00:00 - 17/04/2026 00:00","CTA|DE(Amprion)","Block GT1","11WD7LUDW5GSDG1Q","Fossil Gas","11WD7LUDW5GSDG1Q","16/04/2026 20:00 - 16/04/2026 21:00","152.75",""
"16/04/2026 00:00 - 17/04/2026 00:00","CTA|DE(Amprion)","Block GT1","11WD7LUDW5GSDG1Q","Fossil Gas","11WD7LUDW5GSDG1Q","16/04/2026 21:00 - 16/04/2026 22:00","152.50",""
"16/04/2026 00:00 - 17/04/2026 00:00","CTA|DE(Amprion)","Block GT1","11WD7LUDW5GSDG1Q","Fossil Gas","11WD7LUDW5GSDG1Q","16/04/2026 22:00 - 16/04/2026 23:00","152.22",""
"16/04/2026 00:00 - 17/04/2026 00:00","CTA|DE(Amprion)","Block GT1","11WD7LUDW5GSDG1Q","Fossil Gas","11WD7LUDW5GSDG1Q","16/04/2026 23:00 - 17/04/2026 00:00","132.55",""
"16/04/2026 00:00 - 17/04/2026 00:00","CTA|DE(Amprion)","Block GT2","11WD7LUDW5GSDG2O","Fossil Gas","11WD7LUDW5GSDG2O","16/04/2026 00:00 - 16/04/2026 01:00","0.20",""
"16/04/2026 00:00 - 17/04/2026 00:00","CTA|DE(Amprion)","Block GT2","11WD7LUDW5GSDG2O","Fossil Gas","11WD7LUDW5GSDG2O","16/04/2026 01:00 - 16/04/2026 02:00","0.20",""
"16/04/2026 00:00 - 17/04/2026 00:00","CTA|DE(Amprion)","Block GT2","11WD7LUDW5GSDG2O","Fossil Gas","11WD7LUDW5GSDG2O","16/04/2026 02:00 - 16/04/2026 03:00","0.20",""
"16/04/2026 00:00 - 17/04/2026 00:00","CTA|DE(Amprion)","Block GT2","11WD7LUDW5GSDG2O","Fossil Gas","11WD7LUDW5GSDG2O","16/04/2026 03:00 - 16/04/2026 04:00","0.20",""
"16/04/2026 00:00 - 17/04/2026 00:00","CTA|DE(Amprion)","Block GT2","11WD7LUDW5GSDG2O","Fossil Gas","11WD7LUDW5GSDG2O","16/04/2026 04:00 - 16/04/2026 05:00","0.20",""
"16/04/2026 00:00 - 17/04/2026 00:00","CTA|DE(Amprion)","Block GT2","11WD7LUDW5GSDG2O","Fossil Gas","11WD7LUDW5GSDG2O","16/04/2026 05:00 - 16/04/2026 06:00","0.20",""
"16/04/2026 00:00 - 17/04/2026 00:00","CTA|DE(Amprion)","Block GT2","11WD7LUDW5GSDG2O","Fossil Gas","11WD7LUDW5GSDG2O","16/04/2026 06:00 - 16/04/2026 07:00","0.20",""
"16/04/2026 00:00 - 17/04/2026 00:00","CTA|DE(Amprion)","Block GT2","11WD7LUDW5GSDG2O","Fossil Gas","11WD7LUDW5GSDG2O","16/04/2026 07:00 - 16/04/2026 08:00","0.20",""
"16/04/2026 00:00 - 17/04/2026 00:00","CTA|DE(Amprion)","Block GT2","11WD7LUDW5GSDG2O","Fossil Gas","11WD7LUDW5GSDG2O","16/04/2026 08:00 - 16/04/2026 09:00","0.20",""
"16/04/2026 00:00 - 17/04/2026 00:00","CTA|DE(Amprion)","Block GT2","11WD7LUDW5GSDG2O","Fossil Gas","11WD7LUDW5GSDG2O","16/04/2026 09:00 - 16/04/2026 10:00","0.20",""
"16/04/2026 00:00 - 17/04/2026 00:00","CTA|DE(Amprion)","Block GT2","11WD7LUDW5GSDG2O","Fossil Gas","11WD7LUDW5GSDG2O","16/04/2026 10:00 - 16/04/2026 11:00","0.20",""
"16/04/2026 00:00 - 17/04/2026 00:00","CTA|DE(Amprion)","Block GT2","11WD7LUDW5GSDG2O","Fossil Gas","11WD7LUDW5GSDG2O","16/04/2026 11:00 - 16/04/2026 12:00","0.20",""
"16/04/2026 00:00 - 17/04/2026 00:00","CTA|DE(Amprion)","Block GT2","11WD7LUDW5GSDG2O","Fossil Gas","11WD7LUDW5GSDG2O","16/04/2026 12:00 - 16/04/2026 13:00","0.20",""
"16/04/2026 00:00 - 17/04/2026 00:00","CTA|DE(Amprion)","Block GT2","11WD7LUDW5GSDG2O","Fossil Gas","11WD7LUDW5GSDG2O","16/04/2026 13:00 - 16/04/2026 14:00","0.20",""
"16/04/2026 00:00 - 17/04/2026 00:00","CTA|DE(Amprion)","Block GT2","11WD7LUDW5GSDG2O","Fossil Gas","11WD7LUDW5GSDG2O","16/04/2026 14:00 - 16/04/2026 15:00","8.47",""
"16/04/2026 00:00 - 17/04/2026 00:00","CTA|DE(Amprion)","Block GT2","11WD7LUDW5GSDG2O","Fossil Gas","11WD7LUDW5GSDG2O","16/04/2026 15:00 - 16/04/2026 16:00","68.45",""
"16/04/2026 00:00 - 17/04/2026 00:00","CTA|DE(Amprion)","Block GT2","11WD7LUDW5GSDG2O","Fossil Gas","11WD7LUDW5GSDG2O","16/04/2026 16:00 - 16/04/2026 17:00","108.05",""
"16/04/2026 00:00 - 17/04/2026 00:00","CTA|DE(Amprion)","Block GT2","11WD7LUDW5GSDG2O","Fossil Gas","11WD7LUDW5GSDG2O","16/04/2026 17:00 - 16/04/2026 18:00","134.30",""
"16/04/2026 00:00 - 17/04/2026 00:00","CTA|DE(Amprion)","Block GT2","11WD7LUDW5GSDG2O","Fossil Gas","11WD7LUDW5GSDG2O","16/04/2026 18:00 - 16/04/2026 19:00","138.05",""
"16/04/2026 00:00 - 17/04/2026 00:00","CTA|DE(Amprion)","Block GT2","11WD7LUDW5GSDG2O","Fossil Gas","11WD7LUDW5GSDG2O","16/04/2026 19:00 - 16/04/2026 20:00","153.93",""
"16/04/2026 00:00 - 17/04/2026 00:00","CTA|DE(Amprion)","Block GT2","11WD7LUDW5GSDG2O","Fossil Gas","11WD7LUDW5GSDG2O","16/04/2026 20:00 - 16/04/2026 21:00","152.65",""
"16/04/2026 00:00 - 17/04/2026 00:00","CTA|DE(Amprion)","Block GT2","11WD7LUDW5GSDG2O","Fossil Gas","11WD7LUDW5GSDG2O","16/04/2026 21:00 - 16/04/2026 22:00","152.35",""
"16/04/2026 00:00 - 17/04/2026 00:00","CTA|DE(Amprion)","Block GT2","11WD7LUDW5GSDG2O","Fossil Gas","11WD7LUDW5GSDG2O","16/04/2026 22:00 - 16/04/2026 23:00","152.07",""
"16/04/2026 00:00 - 17/04/2026 00:00","CTA|DE(Amprion)","Block GT2","11WD7LUDW5GSDG2O","Fossil Gas","11WD7LUDW5GSDG2O","16/04/2026 23:00 - 17/04/2026 00:00","132.40",""
"16/04/2026 00:00 - 17/04/2026 00:00","CTA|DE(Amprion)","BEXBACH_A_GESAMT","11WD7MITB1C---A1","Fossil Hard coal","11WD7MITB1C---A1","16/04/2026 00:00 - 16/04/2026 01:00","0.00",""
"16/04/2026 00:00 - 17/04/2026 00:00","CTA|DE(Amprion)","BEXBACH_A_GESAMT","11WD7MITB1C---A1","Fossil Hard coal","11WD7MITB1C---A1","16/04/2026 01:00 - 16/04/2026 02:00","0.00",""
"16/04/2026 00:00 - 17/04/2026 00:00","CTA|DE(Amprion)","BEXBACH_A_GESAMT","11WD7MITB1C---A1","Fossil Hard coal","11WD7MITB1C---A1","16/04/2026 02:00 - 16/04/2026 03:00","0.00",""
"16/04/2026 00:00 - 17/04/2026 00:00","CTA|DE(Amprion)","BEXBACH_A_GESAMT","11WD7MITB1C---A1","Fossil Hard coal","11WD7MITB1C---A1","16/04/2026 03:00 - 16/04/2026 04:00","0.00",""
"16/04/2026 00:00 - 17/04/2026 00:00","CTA|DE(Amprion)","BEXBACH_A_GESAMT","11WD7MITB1C---A1","Fossil Hard coal","11WD7MITB1C---A1","16/04/2026 04:00 - 16/04/2026 05:00","0.00",""
"16/04/2026 00:00 - 17/04/2026 00:00","CTA|DE(Amprion)","BEXBACH_A_GESAMT","11WD7MITB1C---A1","Fossil Hard coal","11WD7MITB1C---A1","16/04/2026 05:00 - 16/04/2026 06:00","0.00",""
"16/04/2026 00:00 - 17/04/2026 00:00","CTA|DE(Amprion)","BEXBACH_A_GESAMT","11WD7MITB1C---A1","Fossil Hard coal","11WD7MITB1C---A1","16/04/2026 06:00 - 16/04/2026 07:00","0.00",""
"16/04/2026 00:00 - 17/04/2026 00:00","CTA|DE(Amprion)","BEXBACH_A_GESAMT","11WD7MITB1C---A1","Fossil Hard coal","11WD7MITB1C---A1","16/04/2026 07:00 - 16/04/2026 08:00","0.00",""
"16/04/2026 00:00 - 17/04/2026 00:00","CTA|DE(Amprion)","BEXBACH_A_GESAMT","11WD7MITB1C---A1","Fossil Hard coal","11WD7MITB1C---A1","16/04/2026 08:00 - 16/04/2026 09:00","0.00",""
"16/04/2026 00:00 - 17/04/2026 00:00","CTA|DE(Amprion)","BEXBACH_A_GESAMT","11WD7MITB1C---A1","Fossil Hard coal","11WD7MITB1C---A1","16/04/2026 09:00 - 16/04/2026 10:00","0.00",""
"16/04/2026 00:00 - 17/04/2026 00:00","CTA|DE(Amprion)","BEXBACH_A_GESAMT","11WD7MITB1C---A1","Fossil Hard coal","11WD7MITB1C---A1","16/04/2026 10:00 - 16/04/2026 11:00","0.00",""
"16/04/2026 00:00 - 17/04/2026 00:00","CTA|DE(Amprion)","BEXBACH_A_GESAMT","11WD7MITB1C---A1","Fossil Hard coal","11WD7MITB1C---A1","16/04/2026 11:00 - 16/04/2026 12:00","0.00",""
"16/04/2026 00:00 - 17/04/2026 00:00","CTA|DE(Amprion)","BEXBACH_A_GESAMT","11WD7MITB1C---A1","Fossil Hard coal","11WD7MITB1C---A1","16/04/2026 12:00 - 16/04/2026 13:00","0.00",""
"16/04/2026 00:00 - 17/04/2026 00:00","CTA|DE(Amprion)","BEXBACH_A_GESAMT","11WD7MITB1C---A1","Fossil Hard coal","11WD7MITB1C---A1","16/04/2026 13:00 - 16/04/2026 14:00","0.00",""
"16/04/2026 00:00 - 17/04/2026 00:00","CTA|DE(Amprion)","BEXBACH_A_GESAMT","11WD7MITB1C---A1","Fossil Hard coal","11WD7MITB1C---A1","16/04/2026 14:00 - 16/04/2026 15:00","0.00",""
"16/04/2026 00:00 - 17/04/2026 00:00","CTA|DE(Amprion)","BEXBACH_A_GESAMT","11WD7MITB1C---A1","Fossil Hard coal","11WD7MITB1C---A1","16/04/2026 15:00 - 16/04/2026 16:00","0.00",""
"16/04/2026 00:00 - 17/04/2026 00:00","CTA|DE(Amprion)","BEXBACH_A_GESAMT","11WD7MITB1C---A1","Fossil Hard coal","11WD7MITB1C---A1","16/04/2026 16:00 - 16/04/2026 17:00","0.00",""
"16/04/2026 00:00 - 17/04/2026 00:00","CTA|DE(Amprion)","BEXBACH_A_GESAMT","11WD7MITB1C---A1","Fossil Hard coal","11WD7MITB1C---A1","16/04/2026 17:00 - 16/04/2026 18:00","3.16",""
"16/04/2026 00:00 - 17/04/2026 00:00","CTA|DE(Amprion)","BEXBACH_A_GESAMT","11WD7MITB1C---A1","Fossil Hard coal","11WD7MITB1C---A1","16/04/2026 18:00 - 16/04/2026 19:00","240.73",""
"16/04/2026 00:00 - 17/04/2026 00:00","CTA|DE(Amprion)","BEXBACH_A_GESAMT","11WD7MITB1C---A1","Fossil Hard coal","11WD7MITB1C---A1","16/04/2026 19:00 - 16/04/2026 20:00","394.25",""
"16/04/2026 00:00 - 17/04/2026 00:00","CTA|DE(Amprion)","BEXBACH_A_GESAMT","11WD7MITB1C---A1","Fossil Hard coal","11WD7MITB1C---A1","16/04/2026 20:00 - 16/04/2026 21:00","658.79",""
"16/04/2026 00:00 - 17/04/2026 00:00","CTA|DE(Amprion)","BEXBACH_A_GESAMT","11WD7MITB1C---A1","Fossil Hard coal","11WD7MITB1C---A1","16/04/2026 21:00 - 16/04/2026 22:00","413.11",""
"16/04/2026 00:00 - 17/04/2026 00:00","CTA|DE(Amprion)","BEXBACH_A_GESAMT","11WD7MITB1C---A1","Fossil Hard coal","11WD7MITB1C---A1","16/04/2026 22:00 - 16/04/2026 23:00","268.47",""
"16/04/2026 00:00 - 17/04/2026 00:00","CTA|DE(Amprion)","BEXBACH_A_GESAMT","11WD7MITB1C---A1","Fossil Hard coal","11WD7MITB1C---A1","16/04/2026 23:00 - 17/04/2026 00:00","201.45",""
"16/04/2026 00:00 - 17/04/2026 00:00","CTA|DE(Amprion)","Neurath F","11WD7NEUR1B--F-L","Fossil Brown coal/Lignite","11WD7NEUR1B--F-L","16/04/2026 00:00 - 16/04/2026 01:00","1013.23",""
"16/04/2026 00:00 - 17/04/2026 00:00","CTA|DE(Amprion)","Neurath F","11WD7NEUR1B--F-L","Fossil Brown coal/Lignite","11WD7NEUR1B--F-L","16/04/2026 01:00 - 16/04/2026 02:00","1009.75",""
"16/04/2026 00:00 - 17/04/2026 00:00","CTA|DE(Amprion)","Neurath F","11WD7NEUR1B--F-L","Fossil Brown coal/Lignite","11WD7NEUR1B--F-L","16/04/2026 02:00 - 16/04/2026 03:00","1016.13",""
"16/04/2026 00:00 - 17/04/2026 00:00","CTA|DE(Amprion)","Neurath F","11WD7NEUR1B--F-L","Fossil Brown coal/Lignite","11WD7NEUR1B--F-L","16/04/2026 03:00 - 16/04/2026 04:00","1017.10",""
"16/04/2026 00:00 - 17/04/2026 00:00","CTA|DE(Amprion)","Neurath F","11WD7NEUR1B--F-L","Fossil Brown coal/Lignite","11WD7NEUR1B--F-L","16/04/2026 04:00 - 16/04/2026 05:00","1015.73",""
"16/04/2026 00:00 - 17/04/2026 00:00","CTA|DE(Amprion)","Neurath F","11WD7NEUR1B--F-L","Fossil Brown coal/Lignite","11WD7NEUR1B--F-L","16/04/2026 05:00 - 16/04/2026 06:00","1013.95",""
"16/04/2026 00:00 - 17/04/2026 00:00","CTA|DE(Amprion)","Neurath F","11WD7NEUR1B--F-L","Fossil Brown coal/Lignite","11WD7NEUR1B--F-L","16/04/2026 06:00 - 16/04/2026 07:00","1018.13",""
"16/04/2026 00:00 - 17/04/2026 00:00","CTA|DE(Amprion)","Neurath F","11WD7NEUR1B--F-L","Fossil Brown coal/Lignite","11WD7NEUR1B--F-L","16/04/2026 07:00 - 16/04/2026 08:00","1016.67",""
"16/04/2026 00:00 - 17/04/2026 00:00","CTA|DE(Amprion)","Neurath F","11WD7NEUR1B--F-L","Fossil Brown coal/Lignite","11WD7NEUR1B--F-L","16/04/2026 08:00 - 16/04/2026 09:00","1014.77",""
"16/04/2026 00:00 - 17/04/2026 00:00","CTA|DE(Amprion)","Neurath F","11WD7NEUR1B--F-L","Fossil Brown coal/Lignite","11WD7NEUR1B--F-L","16/04/2026 09:00 - 16/04/2026 10:00","951.73",""
"16/04/2026 00:00 - 17/04/2026 00:00","CTA|DE(Amprion)","Neurath F","11WD7NEUR1B--F-L","Fossil Brown coal/Lignite","11WD7NEUR1B--F-L","16/04/2026 10:00 - 16/04/2026 11:00","914.85",""
"16/04/2026 00:00 - 17/04/2026 00:00","CTA|DE(Amprion)","Neurath F","11WD7NEUR1B--F-L","Fossil Brown coal/Lignite","11WD7NEUR1B--F-L","16/04/2026 11:00 - 16/04/2026 12:00","911.50",""
"16/04/2026 00:00 - 17/04/2026 00:00","CTA|DE(Amprion)","Neurath F","11WD7NEUR1B--F-L","Fossil Brown coal/Lignite","11WD7NEUR1B--F-L","16/04/2026 12:00 - 16/04/2026 13:00","909.08",""
"16/04/2026 00:00 - 17/04/2026 00:00","CTA|DE(Amprion)","Neurath F","11WD7NEUR1B--F-L","Fossil Brown coal/Lignite","11WD7NEUR1B--F-L","16/04/2026 13:00 - 16/04/2026 14:00","987.90",""
"16/04/2026 00:00 - 17/04/2026 00:00","CTA|DE(Amprion)","Neurath F","11WD7NEUR1B--F-L","Fossil Brown coal/Lignite","11WD7NEUR1B--F-L","16/04/2026 14:00 - 16/04/2026 15:00","1013.25",""
"16/04/2026 00:00 - 17/04/2026 00:00","CTA|DE(Amprion)","Neurath F","11WD7NEUR1B--F-L","Fossil Brown coal/Lignite","11WD7NEUR1B--F-L","16/04/2026 15:00 - 16/04/2026 16:00","1014.67",""
"16/04/2026 00:00 - 17/04/2026 00:00","CTA|DE(Amprion)","Neurath F","11WD7NEUR1B--F-L","Fossil Brown coal/Lignite","11WD7NEUR1B--F-L","16/04/2026 16:00 - 16/04/2026 17:00","1016.35",""
"16/04/2026 00:00 - 17/04/2026 00:00","CTA|DE(Amprion)","Neurath F","11WD7NEUR1B--F-L","Fossil Brown coal/Lignite","11WD7NEUR1B--F-L","16/04/2026 17:00 - 16/04/2026 18:00","1011.42",""
"16/04/2026 00:00 - 17/04/2026 00:00","CTA|DE(Amprion)","Neurath F","11WD7NEUR1B--F-L","Fossil Brown coal/Lignite","11WD7NEUR1B--F-L","16/04/2026 18:00 - 16/04/2026 19:00","1001.90",""
"16/04/2026 00:00 - 17/04/2026 00:00","CTA|DE(Amprion)","Neurath F","11WD7NEUR1B--F-L","Fossil Brown coal/Lignite","11WD7NEUR1B--F-L","16/04/2026 19:00 - 16/04/2026 20:00","1011.15",""
"16/04/2026 00:00 - 17/04/2026 00:00","CTA|DE(Amprion)","Neurath F","11WD7NEUR1B--F-L","Fossil Brown coal/Lignite","11WD7NEUR1B--F-L","16/04/2026 20:00 - 16/04/2026 21:00","1003.40",""
"16/04/2026 00:00 - 17/04/2026 00:00","CTA|DE(Amprion)","Neurath F","11WD7NEUR1B--F-L","Fossil Brown coal/Lignite","11WD7NEUR1B--F-L","16/04/2026 21:00 - 16/04/2026 22:00","1010.48",""
"16/04/2026 00:00 - 17/04/2026 00:00","CTA|DE(Amprion)","Neurath F","11WD7NEUR1B--F-L","Fossil Brown coal/Lignite","11WD7NEUR1B--F-L","16/04/2026 22:00 - 16/04/2026 23:00","1004.20",""
"16/04/2026 00:00 - 17/04/2026 00:00","CTA|DE(Amprion)","Neurath F","11WD7NEUR1B--F-L","Fossil Brown coal/Lignite","11WD7NEUR1B--F-L","16/04/2026 23:00 - 17/04/2026 00:00","1010.50",""
"16/04/2026 00:00 - 17/04/2026 00:00","CTA|DE(Amprion)","Neurath G","11WD7NEUR1B--G-I","Fossil Brown coal/Lignite","11WD7NEUR1B--G-I","16/04/2026 00:00 - 16/04/2026 01:00","0.00",""
"16/04/2026 00:00 - 17/04/2026 00:00","CTA|DE(Amprion)","Neurath G","11WD7NEUR1B--G-I","Fossil Brown coal/Lignite","11WD7NEUR1B--G-I","16/04/2026 01:00 - 16/04/2026 02:00","0.00",""
"16/04/2026 00:00 - 17/04/2026 00:00","CTA|DE(Amprion)","Neurath G","11WD7NEUR1B--G-I","Fossil Brown coal/Lignite","11WD7NEUR1B--G-I","16/04/2026 02:00 - 16/04/2026 03:00","0.00",""
"16/04/2026 00:00 - 17/04/2026 00:00","CTA|DE(Amprion)","Neurath G","11WD7NEUR1B--G-I","Fossil Brown coal/Lignite","11WD7NEUR1B--G-I","16/04/2026 03:00 - 16/04/2026 04:00","0.00",""
"16/04/2026 00:00 - 17/04/2026 00:00","CTA|DE(Amprion)","Neurath G","11WD7NEUR1B--G-I","Fossil Brown coal/Lignite","11WD7NEUR1B--G-I","16/04/2026 04:00 - 16/04/2026 05:00","0.00",""
"16/04/2026 00:00 - 17/04/2026 00:00","CTA|DE(Amprion)","Neurath G","11WD7NEUR1B--G-I","Fossil Brown coal/Lignite","11WD7NEUR1B--G-I","16/04/2026 05:00 - 16/04/2026 06:00","0.00",""
"16/04/2026 00:00 - 17/04/2026 00:00","CTA|DE(Amprion)","Neurath G","11WD7NEUR1B--G-I","Fossil Brown coal/Lignite","11WD7NEUR1B--G-I","16/04/2026 06:00 - 16/04/2026 07:00","0.00",""
"16/04/2026 00:00 - 17/04/2026 00:00","CTA|DE(Amprion)","Neurath G","11WD7NEUR1B--G-I","Fossil Brown coal/Lignite","11WD7NEUR1B--G-I","16/04/2026 07:00 - 16/04/2026 08:00","0.00",""
"16/04/2026 00:00 - 17/04/2026 00:00","CTA|DE(Amprion)","Neurath G","11WD7NEUR1B--G-I","Fossil Brown coal/Lignite","11WD7NEUR1B--G-I","16/04/2026 08:00 - 16/04/2026 09:00","0.00",""
"16/04/2026 00:00 - 17/04/2026 00:00","CTA|DE(Amprion)","Neurath G","11WD7NEUR1B--G-I","Fossil Brown coal/Lignite","11WD7NEUR1B--G-I","16/04/2026 09:00 - 16/04/2026 10:00","0.00",""
"16/04/2026 00:00 - 17/04/2026 00:00","CTA|DE(Amprion)","Neurath G","11WD7NEUR1B--G-I","Fossil Brown coal/Lignite","11WD7NEUR1B--G-I","16/04/2026 10:00 - 16/04/2026 11:00","0.00",""
"16/04/2026 00:00 - 17/04/2026 00:00","CTA|DE(Amprion)","Neurath G","11WD7NEUR1B--G-I","Fossil Brown coal/Lignite","11WD7NEUR1B--G-I","16/04/2026 11:00 - 16/04/2026 12:00","0.00",""
"16/04/2026 00:00 - 17/04/2026 00:00","CTA|DE(Amprion)","Neurath G","11WD7NEUR1B--G-I","Fossil Brown coal/Lignite","11WD7NEUR1B--G-I","16/04/2026 12:00 - 16/04/2026 13:00","0.00",""
"16/04/2026 00:00 - 17/04/2026 00:00","CTA|DE(Amprion)","Neurath G","11WD7NEUR1B--G-I","Fossil Brown coal/Lignite","11WD7NEUR1B--G-I","16/04/2026 13:00 - 16/04/2026 14:00","0.00",""
"16/04/2026 00:00 - 17/04/2026 00:00","CTA|DE(Amprion)","Neurath G","11WD7NEUR1B--G-I","Fossil Brown coal/Lignite","11WD7NEUR1B--G-I","16/04/2026 14:00 - 16/04/2026 15:00","0.00",""
"16/04/2026 00:00 - 17/04/2026 00:00","CTA|DE(Amprion)","Neurath G","11WD7NEUR1B--G-I","Fossil Brown coal/Lignite","11WD7NEUR1B--G-I","16/04/2026 15:00 - 16/04/2026 16:00","0.00",""
"16/04/2026 00:00 - 17/04/2026 00:00","CTA|DE(Amprion)","Neurath G","11WD7NEUR1B--G-I","Fossil Brown coal/Lignite","11WD7NEUR1B--G-I","16/04/2026 16:00 - 16/04/2026 17:00","0.00",""
"16/04/2026 00:00 - 17/04/2026 00:00","CTA|DE(Amprion)","Neurath G","11WD7NEUR1B--G-I","Fossil Brown coal/Lignite","11WD7NEUR1B--G-I","16/04/2026 17:00 - 16/04/2026 18:00","0.00",""
"16/04/2026 00:00 - 17/04/2026 00:00","CTA|DE(Amprion)","Neurath G","11WD7NEUR1B--G-I","Fossil Brown coal/Lignite","11WD7NEUR1B--G-I","16/04/2026 18:00 - 16/04/2026 19:00","0.00",""
"16/04/2026 00:00 - 17/04/2026 00:00","CTA|DE(Amprion)","Neurath G","11WD7NEUR1B--G-I","Fossil Brown coal/Lignite","11WD7NEUR1B--G-I","16/04/2026 19:00 - 16/04/2026 20:00","0.00",""
"16/04/2026 00:00 - 17/04/2026 00:00","CTA|DE(Amprion)","Neurath G","11WD7NEUR1B--G-I","Fossil Brown coal/Lignite","11WD7NEUR1B--G-I","16/04/2026 20:00 - 16/04/2026 21:00","0.00",""
"16/04/2026 00:00 - 17/04/2026 00:00","CTA|DE(Amprion)","Neurath G","11WD7NEUR1B--G-I","Fossil Brown coal/Lignite","11WD7NEUR1B--G-I","16/04/2026 21:00 - 16/04/2026 22:00","0.00",""
"16/04/2026 00:00 - 17/04/2026 00:00","CTA|DE(Amprion)","Neurath G","11WD7NEUR1B--G-I","Fossil Brown coal/Lignite","11WD7NEUR1B--G-I","16/04/2026 22:00 - 16/04/2026 23:00","0.00",""
"16/04/2026 00:00 - 17/04/2026 00:00","CTA|DE(Amprion)","Neurath G","11WD7NEUR1B--G-I","Fossil Brown coal/Lignite","11WD7NEUR1B--G-I","16/04/2026 23:00 - 17/04/2026 00:00","0.00",""
"16/04/2026 00:00 - 17/04/2026 00:00","CTA|DE(Amprion)","Niederaußem G","11WD7NIED1B--G-C","Fossil Brown coal/Lignite","11WD7NIED1B--G-C","16/04/2026 00:00 - 16/04/2026 01:00","461.10",""
"16/04/2026 00:00 - 17/04/2026 00:00","CTA|DE(Amprion)","Niederaußem G","11WD7NIED1B--G-C","Fossil Brown coal/Lignite","11WD7NIED1B--G-C","16/04/2026 01:00 - 16/04/2026 02:00","331.82",""
"16/04/2026 00:00 - 17/04/2026 00:00","CTA|DE(Amprion)","Niederaußem G","11WD7NIED1B--G-C","Fossil Brown coal/Lignite","11WD7NIED1B--G-C","16/04/2026 02:00 - 16/04/2026 03:00","379.57",""
"16/04/2026 00:00 - 17/04/2026 00:00","CTA|DE(Amprion)","Niederaußem G","11WD7NIED1B--G-C","Fossil Brown coal/Lignite","11WD7NIED1B--G-C","16/04/2026 03:00 - 16/04/2026 04:00","546.77",""
"16/04/2026 00:00 - 17/04/2026 00:00","CTA|DE(Amprion)","Niederaußem G","11WD7NIED1B--G-C","Fossil Brown coal/Lignite","11WD7NIED1B--G-C","16/04/2026 04:00 - 16/04/2026 05:00","620.83",""
"16/04/2026 00:00 - 17/04/2026 00:00","CTA|DE(Amprion)","Niederaußem G","11WD7NIED1B--G-C","Fossil Brown coal/Lignite","11WD7NIED1B--G-C","16/04/2026 05:00 - 16/04/2026 06:00","624.70",""
"16/04/2026 00:00 - 17/04/2026 00:00","CTA|DE(Amprion)","Niederaußem G","11WD7NIED1B--G-C","Fossil Brown coal/Lignite","11WD7NIED1B--G-C","16/04/2026 06:00 - 16/04/2026 07:00","618.25",""
"16/04/2026 00:00 - 17/04/2026 00:00","CTA|DE(Amprion)","Niederaußem G","11WD7NIED1B--G-C","Fossil Brown coal/Lignite","11WD7NIED1B--G-C","16/04/2026 07:00 - 16/04/2026 08:00","581.65",""
"16/04/2026 00:00 - 17/04/2026 00:00","CTA|DE(Amprion)","Niederaußem G","11WD7NIED1B--G-C","Fossil Brown coal/Lignite","11WD7NIED1B--G-C","16/04/2026 08:00 - 16/04/2026 09:00","606.70",""
"16/04/2026 00:00 - 17/04/2026 00:00","CTA|DE(Amprion)","Niederaußem G","11WD7NIED1B--G-C","Fossil Brown coal/Lignite","11WD7NIED1B--G-C","16/04/2026 09:00 - 16/04/2026 10:00","608.85",""
"16/04/2026 00:00 - 17/04/2026 00:00","CTA|DE(Amprion)","Niederaußem G","11WD7NIED1B--G-C","Fossil Brown coal/Lignite","11WD7NIED1B--G-C","16/04/2026 10:00 - 16/04/2026 11:00","611.33",""
"16/04/2026 00:00 - 17/04/2026 00:00","CTA|DE(Amprion)","Niederaußem G","11WD7NIED1B--G-C","Fossil Brown coal/Lignite","11WD7NIED1B--G-C","16/04/2026 11:00 - 16/04/2026 12:00","562.08",""
"16/04/2026 00:00 - 17/04/2026 00:00","CTA|DE(Amprion)","Niederaußem G","11WD7NIED1B--G-C","Fossil Brown coal/Lignite","11WD7NIED1B--G-C","16/04/2026 12:00 - 16/04/2026 13:00","299.00",""
"16/04/2026 00:00 - 17/04/2026 00:00","CTA|DE(Amprion)","Niederaußem G","11WD7NIED1B--G-C","Fossil Brown coal/Lignite","11WD7NIED1B--G-C","16/04/2026 13:00 - 16/04/2026 14:00","298.15",""
"16/04/2026 00:00 - 17/04/2026 00:00","CTA|DE(Amprion)","Niederaußem G","11WD7NIED1B--G-C","Fossil Brown coal/Lignite","11WD7NIED1B--G-C","16/04/2026 14:00 - 16/04/2026 15:00","402.38",""
"16/04/2026 00:00 - 17/04/2026 00:00","CTA|DE(Amprion)","Niederaußem G","11WD7NIED1B--G-C","Fossil Brown coal/Lignite","11WD7NIED1B--G-C","16/04/2026 15:00 - 16/04/2026 16:00","530.20",""
"16/04/2026 00:00 - 17/04/2026 00:00","CTA|DE(Amprion)","Niederaußem G","11WD7NIED1B--G-C","Fossil Brown coal/Lignite","11WD7NIED1B--G-C","16/04/2026 16:00 - 16/04/2026 17:00","606.50",""
"16/04/2026 00:00 - 17/04/2026 00:00","CTA|DE(Amprion)","Niederaußem G","11WD7NIED1B--G-C","Fossil Brown coal/Lignite","11WD7NIED1B--G-C","16/04/2026 17:00 - 16/04/2026 18:00","615.25",""
"16/04/2026 00:00 - 17/04/2026 00:00","CTA|DE(Amprion)","Niederaußem G","11WD7NIED1B--G-C","Fossil Brown coal/Lignite","11WD7NIED1B--G-C","16/04/2026 18:00 - 16/04/2026 19:00","615.50",""
"16/04/2026 00:00 - 17/04/2026 00:00","CTA|DE(Amprion)","Niederaußem G","11WD7NIED1B--G-C","Fossil Brown coal/Lignite","11WD7NIED1B--G-C","16/04/2026 19:00 - 16/04/2026 20:00","614.58",""
"16/04/2026 00:00 - 17/04/2026 00:00","CTA|DE(Amprion)","Niederaußem G","11WD7NIED1B--G-C","Fossil Brown coal/Lignite","11WD7NIED1B--G-C","16/04/2026 20:00 - 16/04/2026 21:00","615.98",""
"16/04/2026 00:00 - 17/04/2026 00:00","CTA|DE(Amprion)","Niederaußem G","11WD7NIED1B--G-C","Fossil Brown coal/Lignite","11WD7NIED1B--G-C","16/04/2026 21:00 - 16/04/2026 22:00","620.35",""
"16/04/2026 00:00 - 17/04/2026 00:00","CTA|DE(Amprion)","Niederaußem G","11WD7NIED1B--G-C","Fossil Brown coal/Lignite","11WD7NIED1B--G-C","16/04/2026 22:00 - 16/04/2026 23:00","619.25",""
"16/04/2026 00:00 - 17/04/2026 00:00","CTA|DE(Amprion)","Niederaußem G","11WD7NIED1B--G-C","Fossil Brown coal/Lignite","11WD7NIED1B--G-C","16/04/2026 23:00 - 17/04/2026 00:00","618.92",""
"16/04/2026 00:00 - 17/04/2026 00:00","CTA|DE(Amprion)","Niederaußem H","11WD7NIED1B--H-9","Fossil Brown coal/Lignite","11WD7NIED1B--H-9","16/04/2026 00:00 - 16/04/2026 01:00","326.55",""
"16/04/2026 00:00 - 17/04/2026 00:00","CTA|DE(Amprion)","Niederaußem H","11WD7NIED1B--H-9","Fossil Brown coal/Lignite","11WD7NIED1B--H-9","16/04/2026 01:00 - 16/04/2026 02:00","310.43",""
"16/04/2026 00:00 - 17/04/2026 00:00","CTA|DE(Amprion)","Niederaußem H","11WD7NIED1B--H-9","Fossil Brown coal/Lignite","11WD7NIED1B--H-9","16/04/2026 02:00 - 16/04/2026 03:00","413.90",""
"16/04/2026 00:00 - 17/04/2026 00:00","CTA|DE(Amprion)","Niederaußem H","11WD7NIED1B--H-9","Fossil Brown coal/Lignite","11WD7NIED1B--H-9","16/04/2026 03:00 - 16/04/2026 04:00","487.02",""
"16/04/2026 00:00 - 17/04/2026 00:00","CTA|DE(Amprion)","Niederaußem H","11WD7NIED1B--H-9","Fossil Brown coal/Lignite","11WD7NIED1B--H-9","16/04/2026 04:00 - 16/04/2026 05:00","484.80",""
"16/04/2026 00:00 - 17/04/2026 00:00","CTA|DE(Amprion)","Niederaußem H","11WD7NIED1B--H-9","Fossil Brown coal/Lignite","11WD7NIED1B--H-9","16/04/2026 05:00 - 16/04/2026 06:00","489.65",""
"16/04/2026 00:00 - 17/04/2026 00:00","CTA|DE(Amprion)","Niederaußem H","11WD7NIED1B--H-9","Fossil Brown coal/Lignite","11WD7NIED1B--H-9","16/04/2026 06:00 - 16/04/2026 07:00","490.23",""
"16/04/2026 00:00 - 17/04/2026 00:00","CTA|DE(Amprion)","Niederaußem H","11WD7NIED1B--H-9","Fossil Brown coal/Lignite","11WD7NIED1B--H-9","16/04/2026 07:00 - 16/04/2026 08:00","489.45",""
"16/04/2026 00:00 - 17/04/2026 00:00","CTA|DE(Amprion)","Niederaußem H","11WD7NIED1B--H-9","Fossil Brown coal/Lignite","11WD7NIED1B--H-9","16/04/2026 08:00 - 16/04/2026 09:00","487.52",""
"16/04/2026 00:00 - 17/04/2026 00:00","CTA|DE(Amprion)","Niederaußem H","11WD7NIED1B--H-9","Fossil Brown coal/Lignite","11WD7NIED1B--H-9","16/04/2026 09:00 - 16/04/2026 10:00","486.10",""
"16/04/2026 00:00 - 17/04/2026 00:00","CTA|DE(Amprion)","Niederaußem H","11WD7NIED1B--H-9","Fossil Brown coal/Lignite","11WD7NIED1B--H-9","16/04/2026 10:00 - 16/04/2026 11:00","490.48",""
"16/04/2026 00:00 - 17/04/2026 00:00","CTA|DE(Amprion)","Niederaußem H","11WD7NIED1B--H-9","Fossil Brown coal/Lignite","11WD7NIED1B--H-9","16/04/2026 11:00 - 16/04/2026 12:00","415.50",""
"16/04/2026 00:00 - 17/04/2026 00:00","CTA|DE(Amprion)","Niederaußem H","11WD7NIED1B--H-9","Fossil Brown coal/Lignite","11WD7NIED1B--H-9","16/04/2026 12:00 - 16/04/2026 13:00","280.95",""
"16/04/2026 00:00 - 17/04/2026 00:00","CTA|DE(Amprion)","Niederaußem H","11WD7NIED1B--H-9","Fossil Brown coal/Lignite","11WD7NIED1B--H-9","16/04/2026 13:00 - 16/04/2026 14:00","279.35",""
"16/04/2026 00:00 - 17/04/2026 00:00","CTA|DE(Amprion)","Niederaußem H","11WD7NIED1B--H-9","Fossil Brown coal/Lignite","11WD7NIED1B--H-9","16/04/2026 14:00 - 16/04/2026 15:00","323.68",""
"16/04/2026 00:00 - 17/04/2026 00:00","CTA|DE(Amprion)","Niederaußem H","11WD7NIED1B--H-9","Fossil Brown coal/Lignite","11WD7NIED1B--H-9","16/04/2026 15:00 - 16/04/2026 16:00","370.73",""
"16/04/2026 00:00 - 17/04/2026 00:00","CTA|DE(Amprion)","Niederaußem H","11WD7NIED1B--H-9","Fossil Brown coal/Lignite","11WD7NIED1B--H-9","16/04/2026 16:00 - 16/04/2026 17:00","477.85",""
"16/04/2026 00:00 - 17/04/2026 00:00","CTA|DE(Amprion)","Niederaußem H","11WD7NIED1B--H-9","Fossil Brown coal/Lignite","11WD7NIED1B--H-9","16/04/2026 17:00 - 16/04/2026 18:00","488.05",""
"16/04/2026 00:00 - 17/04/2026 00:00","CTA|DE(Amprion)","Niederaußem H","11WD7NIED1B--H-9","Fossil Brown coal/Lignite","11WD7NIED1B--H-9","16/04/2026 18:00 - 16/04/2026 19:00","478.65",""
"16/04/2026 00:00 - 17/04/2026 00:00","CTA|DE(Amprion)","Niederaußem H","11WD7NIED1B--H-9","Fossil Brown coal/Lignite","11WD7NIED1B--H-9","16/04/2026 19:00 - 16/04/2026 20:00","487.23",""
"16/04/2026 00:00 - 17/04/2026 00:00","CTA|DE(Amprion)","Niederaußem H","11WD7NIED1B--H-9","Fossil Brown coal/Lignite","11WD7NIED1B--H-9","16/04/2026 20:00 - 16/04/2026 21:00","476.73",""
"16/04/2026 00:00 - 17/04/2026 00:00","CTA|DE(Amprion)","Niederaußem H","11WD7NIED1B--H-9","Fossil Brown coal/Lignite","11WD7NIED1B--H-9","16/04/2026 21:00 - 16/04/2026 22:00","484.73",""
"16/04/2026 00:00 - 17/04/2026 00:00","CTA|DE(Amprion)","Niederaußem H","11WD7NIED1B--H-9","Fossil Brown coal/Lignite","11WD7NIED1B--H-9","16/04/2026 22:00 - 16/04/2026 23:00","485.70",""
"16/04/2026 00:00 - 17/04/2026 00:00","CTA|DE(Amprion)","Niederaußem H","11WD7NIED1B--H-9","Fossil Brown coal/Lignite","11WD7NIED1B--H-9","16/04/2026 23:00 - 17/04/2026 00:00","485.20",""
"16/04/2026 00:00 - 17/04/2026 00:00","CTA|DE(Amprion)","Niederaußem K (BoA 1)","11WD7NIED1B--K-0","Fossil Brown coal/Lignite","11WD7NIED1B--K-0","16/04/2026 00:00 - 16/04/2026 01:00","908.33",""
"16/04/2026 00:00 - 17/04/2026 00:00","CTA|DE(Amprion)","Niederaußem K (BoA 1)","11WD7NIED1B--K-0","Fossil Brown coal/Lignite","11WD7NIED1B--K-0","16/04/2026 01:00 - 16/04/2026 02:00","911.25",""
"16/04/2026 00:00 - 17/04/2026 00:00","CTA|DE(Amprion)","Niederaußem K (BoA 1)","11WD7NIED1B--K-0","Fossil Brown coal/Lignite","11WD7NIED1B--K-0","16/04/2026 02:00 - 16/04/2026 03:00","909.42",""
"16/04/2026 00:00 - 17/04/2026 00:00","CTA|DE(Amprion)","Niederaußem K (BoA 1)","11WD7NIED1B--K-0","Fossil Brown coal/Lignite","11WD7NIED1B--K-0","16/04/2026 03:00 - 16/04/2026 04:00","908.55",""
"16/04/2026 00:00 - 17/04/2026 00:00","CTA|DE(Amprion)","Niederaußem K (BoA 1)","11WD7NIED1B--K-0","Fossil Brown coal/Lignite","11WD7NIED1B--K-0","16/04/2026 04:00 - 16/04/2026 05:00","911.67",""
"16/04/2026 00:00 - 17/04/2026 00:00","CTA|DE(Amprion)","Niederaußem K (BoA 1)","11WD7NIED1B--K-0","Fossil Brown coal/Lignite","11WD7NIED1B--K-0","16/04/2026 05:00 - 16/04/2026 06:00","913.92",""
"16/04/2026 00:00 - 17/04/2026 00:00","CTA|DE(Amprion)","Niederaußem K (BoA 1)","11WD7NIED1B--K-0","Fossil Brown coal/Lignite","11WD7NIED1B--K-0","16/04/2026 06:00 - 16/04/2026 07:00","900.85",""
"16/04/2026 00:00 - 17/04/2026 00:00","CTA|DE(Amprion)","Niederaußem K (BoA 1)","11WD7NIED1B--K-0","Fossil Brown coal/Lignite","11WD7NIED1B--K-0","16/04/2026 07:00 - 16/04/2026 08:00","868.23",""
"16/04/2026 00:00 - 17/04/2026 00:00","CTA|DE(Amprion)","Niederaußem K (BoA 1)","11WD7NIED1B--K-0","Fossil Brown coal/Lignite","11WD7NIED1B--K-0","16/04/2026 08:00 - 16/04/2026 09:00","862.45",""
"16/04/2026 00:00 - 17/04/2026 00:00","CTA|DE(Amprion)","Niederaußem K (BoA 1)","11WD7NIED1B--K-0","Fossil Brown coal/Lignite","11WD7NIED1B--K-0","16/04/2026 09:00 - 16/04/2026 10:00","855.48",""
"16/04/2026 00:00 - 17/04/2026 00:00","CTA|DE(Amprion)","Niederaußem K (BoA 1)","11WD7NIED1B--K-0","Fossil Brown coal/Lignite","11WD7NIED1B--K-0","16/04/2026 10:00 - 16/04/2026 11:00","572.17",""
"16/04/2026 00:00 - 17/04/2026 00:00","CTA|DE(Amprion)","Niederaußem K (BoA 1)","11WD7NIED1B--K-0","Fossil Brown coal/Lignite","11WD7NIED1B--K-0","16/04/2026 11:00 - 16/04/2026 12:00","434.48",""
"16/04/2026 00:00 - 17/04/2026 00:00","CTA|DE(Amprion)","Niederaußem K (BoA 1)","11WD7NIED1B--K-0","Fossil Brown coal/Lignite","11WD7NIED1B--K-0","16/04/2026 12:00 - 16/04/2026 13:00","412.30",""
"16/04/2026 00:00 - 17/04/2026 00:00","CTA|DE(Amprion)","Niederaußem K (BoA 1)","11WD7NIED1B--K-0","Fossil Brown coal/Lignite","11WD7NIED1B--K-0","16/04/2026 13:00 - 16/04/2026 14:00","415.10",""
"16/04/2026 00:00 - 17/04/2026 00:00","CTA|DE(Amprion)","Niederaußem K (BoA 1)","11WD7NIED1B--K-0","Fossil Brown coal/Lignite","11WD7NIED1B--K-0","16/04/2026 14:00 - 16/04/2026 15:00","414.40",""
"16/04/2026 00:00 - 17/04/2026 00:00","CTA|DE(Amprion)","Niederaußem K (BoA 1)","11WD7NIED1B--K-0","Fossil Brown coal/Lignite","11WD7NIED1B--K-0","16/04/2026 15:00 - 16/04/2026 16:00","625.38",""
"16/04/2026 00:00 - 17/04/2026 00:00","CTA|DE(Amprion)","Niederaußem K (BoA 1)","11WD7NIED1B--K-0","Fossil Brown coal/Lignite","11WD7NIED1B--K-0","16/04/2026 16:00 - 16/04/2026 17:00","914.75",""
"16/04/2026 00:00 - 17/04/2026 00:00","CTA|DE(Amprion)","Niederaußem K (BoA 1)","11WD7NIED1B--K-0","Fossil Brown coal/Lignite","11WD7NIED1B--K-0","16/04/2026 17:00 - 16/04/2026 18:00","912.67",""
"16/04/2026 00:00 - 17/04/2026 00:00","CTA|DE(Amprion)","Niederaußem K (BoA 1)","11WD7NIED1B--K-0","Fossil Brown coal/Lignite","11WD7NIED1B--K-0","16/04/2026 18:00 - 16/04/2026 19:00","907.60",""
"16/04/2026 00:00 - 17/04/2026 00:00","CTA|DE(Amprion)","Niederaußem K (BoA 1)","11WD7NIED1B--K-0","Fossil Brown coal/Lignite","11WD7NIED1B--K-0","16/04/2026 19:00 - 16/04/2026 20:00","907.92",""
"16/04/2026 00:00 - 17/04/2026 00:00","CTA|DE(Amprion)","Niederaußem K (BoA 1)","11WD7NIED1B--K-0","Fossil Brown coal/Lignite","11WD7NIED1B--K-0","16/04/2026 20:00 - 16/04/2026 21:00","905.13",""
"16/04/2026 00:00 - 17/04/2026 00:00","CTA|DE(Amprion)","Niederaußem K (BoA 1)","11WD7NIED1B--K-0","Fossil Brown coal/Lignite","11WD7NIED1B--K-0","16/04/2026 21:00 - 16/04/2026 22:00","908.23",""
"16/04/2026 00:00 - 17/04/2026 00:00","CTA|DE(Amprion)","Niederaußem K (BoA 1)","11WD7NIED1B--K-0","Fossil Brown coal/Lignite","11WD7NIED1B--K-0","16/04/2026 22:00 - 16/04/2026 23:00","907.67",""
"16/04/2026 00:00 - 17/04/2026 00:00","CTA|DE(Amprion)","Niederaußem K (BoA 1)","11WD7NIED1B--K-0","Fossil Brown coal/Lignite","11WD7NIED1B--K-0","16/04/2026 23:00 - 17/04/2026 00:00","903.40",""
"16/04/2026 00:00 - 17/04/2026 00:00","CTA|DE(Amprion)","Block AGuD","11WD7NORF5GAGUDC","Fossil Gas","11WD7NORF5GAGUDC","16/04/2026 00:00 - 16/04/2026 01:00","0.00",""
"16/04/2026 00:00 - 17/04/2026 00:00","CTA|DE(Amprion)","Block AGuD","11WD7NORF5GAGUDC","Fossil Gas","11WD7NORF5GAGUDC","16/04/2026 01:00 - 16/04/2026 02:00","0.00",""
"16/04/2026 00:00 - 17/04/2026 00:00","CTA|DE(Amprion)","Block AGuD","11WD7NORF5GAGUDC","Fossil Gas","11WD7NORF5GAGUDC","16/04/2026 02:00 - 16/04/2026 03:00","0.00",""
"16/04/2026 00:00 - 17/04/2026 00:00","CTA|DE(Amprion)","Block AGuD","11WD7NORF5GAGUDC","Fossil Gas","11WD7NORF5GAGUDC","16/04/2026 03:00 - 16/04/2026 04:00","0.00",""
"16/04/2026 00:00 - 17/04/2026 00:00","CTA|DE(Amprion)","Block AGuD","11WD7NORF5GAGUDC","Fossil Gas","11WD7NORF5GAGUDC","16/04/2026 04:00 - 16/04/2026 05:00","0.00",""
"16/04/2026 00:00 - 17/04/2026 00:00","CTA|DE(Amprion)","Block AGuD","11WD7NORF5GAGUDC","Fossil Gas","11WD7NORF5GAGUDC","16/04/2026 05:00 - 16/04/2026 06:00","0.00",""
"16/04/2026 00:00 - 17/04/2026 00:00","CTA|DE(Amprion)","Block AGuD","11WD7NORF5GAGUDC","Fossil Gas","11WD7NORF5GAGUDC","16/04/2026 06:00 - 16/04/2026 07:00","0.00",""
"16/04/2026 00:00 - 17/04/2026 00:00","CTA|DE(Amprion)","Block AGuD","11WD7NORF5GAGUDC","Fossil Gas","11WD7NORF5GAGUDC","16/04/2026 07:00 - 16/04/2026 08:00","0.00",""
"16/04/2026 00:00 - 17/04/2026 00:00","CTA|DE(Amprion)","Block AGuD","11WD7NORF5GAGUDC","Fossil Gas","11WD7NORF5GAGUDC","16/04/2026 08:00 - 16/04/2026 09:00","0.00",""
"16/04/2026 00:00 - 17/04/2026 00:00","CTA|DE(Amprion)","Block AGuD","11WD7NORF5GAGUDC","Fossil Gas","11WD7NORF5GAGUDC","16/04/2026 09:00 - 16/04/2026 10:00","0.00",""
"16/04/2026 00:00 - 17/04/2026 00:00","CTA|DE(Amprion)","Block AGuD","11WD7NORF5GAGUDC","Fossil Gas","11WD7NORF5GAGUDC","16/04/2026 10:00 - 16/04/2026 11:00","0.00",""
"16/04/2026 00:00 - 17/04/2026 00:00","CTA|DE(Amprion)","Block AGuD","11WD7NORF5GAGUDC","Fossil Gas","11WD7NORF5GAGUDC","16/04/2026 11:00 - 16/04/2026 12:00","0.00",""
"16/04/2026 00:00 - 17/04/2026 00:00","CTA|DE(Amprion)","Block AGuD","11WD7NORF5GAGUDC","Fossil Gas","11WD7NORF5GAGUDC","16/04/2026 12:00 - 16/04/2026 13:00","0.00",""
"16/04/2026 00:00 - 17/04/2026 00:00","CTA|DE(Amprion)","Block AGuD","11WD7NORF5GAGUDC","Fossil Gas","11WD7NORF5GAGUDC","16/04/2026 13:00 - 16/04/2026 14:00","0.00",""
"16/04/2026 00:00 - 17/04/2026 00:00","CTA|DE(Amprion)","Block AGuD","11WD7NORF5GAGUDC","Fossil Gas","11WD7NORF5GAGUDC","16/04/2026 14:00 - 16/04/2026 15:00","0.00",""
"16/04/2026 00:00 - 17/04/2026 00:00","CTA|DE(Amprion)","Block AGuD","11WD7NORF5GAGUDC","Fossil Gas","11WD7NORF5GAGUDC","16/04/2026 15:00 - 16/04/2026 16:00","0.00",""
"16/04/2026 00:00 - 17/04/2026 00:00","CTA|DE(Amprion)","Block AGuD","11WD7NORF5GAGUDC","Fossil Gas","11WD7NORF5GAGUDC","16/04/2026 16:00 - 16/04/2026 17:00","0.00",""
"16/04/2026 00:00 - 17/04/2026 00:00","CTA|DE(Amprion)","Block AGuD","11WD7NORF5GAGUDC","Fossil Gas","11WD7NORF5GAGUDC","16/04/2026 17:00 - 16/04/2026 18:00","0.00",""
"16/04/2026 00:00 - 17/04/2026 00:00","CTA|DE(Amprion)","Block AGuD","11WD7NORF5GAGUDC","Fossil Gas","11WD7NORF5GAGUDC","16/04/2026 18:00 - 16/04/2026 19:00","0.00",""
"16/04/2026 00:00 - 17/04/2026 00:00","CTA|DE(Amprion)","Block AGuD","11WD7NORF5GAGUDC","Fossil Gas","11WD7NORF5GAGUDC","16/04/2026 19:00 - 16/04/2026 20:00","0.00",""
"16/04/2026 00:00 - 17/04/2026 00:00","CTA|DE(Amprion)","Block AGuD","11WD7NORF5GAGUDC","Fossil Gas","11WD7NORF5GAGUDC","16/04/2026 20:00 - 16/04/2026 21:00","0.00",""
"16/04/2026 00:00 - 17/04/2026 00:00","CTA|DE(Amprion)","Block AGuD","11WD7NORF5GAGUDC","Fossil Gas","11WD7NORF5GAGUDC","16/04/2026 21:00 - 16/04/2026 22:00","0.00",""
"16/04/2026 00:00 - 17/04/2026 00:00","CTA|DE(Amprion)","Block AGuD","11WD7NORF5GAGUDC","Fossil Gas","11WD7NORF5GAGUDC","16/04/2026 22:00 - 16/04/2026 23:00","0.00",""
"16/04/2026 00:00 - 17/04/2026 00:00","CTA|DE(Amprion)","Block AGuD","11WD7NORF5GAGUDC","Fossil Gas","11WD7NORF5GAGUDC","16/04/2026 23:00 - 17/04/2026 00:00","0.00",""
"16/04/2026 00:00 - 17/04/2026 00:00","CTA|DE(Amprion)","Block F","11WD7NORF5GGUDFA","Fossil Gas","11WD7NORF5GGUDFA","16/04/2026 00:00 - 16/04/2026 01:00","562.77",""
"16/04/2026 00:00 - 17/04/2026 00:00","CTA|DE(Amprion)","Block F","11WD7NORF5GGUDFA","Fossil Gas","11WD7NORF5GGUDFA","16/04/2026 01:00 - 16/04/2026 02:00","563.17",""
"16/04/2026 00:00 - 17/04/2026 00:00","CTA|DE(Amprion)","Block F","11WD7NORF5GGUDFA","Fossil Gas","11WD7NORF5GGUDFA","16/04/2026 02:00 - 16/04/2026 03:00","563.15",""
"16/04/2026 00:00 - 17/04/2026 00:00","CTA|DE(Amprion)","Block F","11WD7NORF5GGUDFA","Fossil Gas","11WD7NORF5GGUDFA","16/04/2026 03:00 - 16/04/2026 04:00","563.13",""
"16/04/2026 00:00 - 17/04/2026 00:00","CTA|DE(Amprion)","Block F","11WD7NORF5GGUDFA","Fossil Gas","11WD7NORF5GGUDFA","16/04/2026 04:00 - 16/04/2026 05:00","566.70",""
"16/04/2026 00:00 - 17/04/2026 00:00","CTA|DE(Amprion)","Block F","11WD7NORF5GGUDFA","Fossil Gas","11WD7NORF5GGUDFA","16/04/2026 05:00 - 16/04/2026 06:00","577.77",""
"16/04/2026 00:00 - 17/04/2026 00:00","CTA|DE(Amprion)","Block F","11WD7NORF5GGUDFA","Fossil Gas","11WD7NORF5GGUDFA","16/04/2026 06:00 - 16/04/2026 07:00","596.08",""
"16/04/2026 00:00 - 17/04/2026 00:00","CTA|DE(Amprion)","Block F","11WD7NORF5GGUDFA","Fossil Gas","11WD7NORF5GGUDFA","16/04/2026 07:00 - 16/04/2026 08:00","597.63",""
"16/04/2026 00:00 - 17/04/2026 00:00","CTA|DE(Amprion)","Block F","11WD7NORF5GGUDFA","Fossil Gas","11WD7NORF5GGUDFA","16/04/2026 08:00 - 16/04/2026 09:00","595.10",""
"16/04/2026 00:00 - 17/04/2026 00:00","CTA|DE(Amprion)","Block F","11WD7NORF5GGUDFA","Fossil Gas","11WD7NORF5GGUDFA","16/04/2026 09:00 - 16/04/2026 10:00","272.35",""
"16/04/2026 00:00 - 17/04/2026 00:00","CTA|DE(Amprion)","Block F","11WD7NORF5GGUDFA","Fossil Gas","11WD7NORF5GGUDFA","16/04/2026 10:00 - 16/04/2026 11:00","0.00",""
"16/04/2026 00:00 - 17/04/2026 00:00","CTA|DE(Amprion)","Block F","11WD7NORF5GGUDFA","Fossil Gas","11WD7NORF5GGUDFA","16/04/2026 11:00 - 16/04/2026 12:00","0.00",""
"16/04/2026 00:00 - 17/04/2026 00:00","CTA|DE(Amprion)","Block F","11WD7NORF5GGUDFA","Fossil Gas","11WD7NORF5GGUDFA","16/04/2026 12:00 - 16/04/2026 13:00","0.00",""
"16/04/2026 00:00 - 17/04/2026 00:00","CTA|DE(Amprion)","Block F","11WD7NORF5GGUDFA","Fossil Gas","11WD7NORF5GGUDFA","16/04/2026 13:00 - 16/04/2026 14:00","0.00",""
"16/04/2026 00:00 - 17/04/2026 00:00","CTA|DE(Amprion)","Block F","11WD7NORF5GGUDFA","Fossil Gas","11WD7NORF5GGUDFA","16/04/2026 14:00 - 16/04/2026 15:00","0.00",""
"16/04/2026 00:00 - 17/04/2026 00:00","CTA|DE(Amprion)","Block F","11WD7NORF5GGUDFA","Fossil Gas","11WD7NORF5GGUDFA","16/04/2026 15:00 - 16/04/2026 16:00","0.00",""
"16/04/2026 00:00 - 17/04/2026 00:00","CTA|DE(Amprion)","Block F","11WD7NORF5GGUDFA","Fossil Gas","11WD7NORF5GGUDFA","16/04/2026 16:00 - 16/04/2026 17:00","40.55",""
"16/04/2026 00:00 - 17/04/2026 00:00","CTA|DE(Amprion)","Block F","11WD7NORF5GGUDFA","Fossil Gas","11WD7NORF5GGUDFA","16/04/2026 17:00 - 16/04/2026 18:00","429.73",""
"16/04/2026 00:00 - 17/04/2026 00:00","CTA|DE(Amprion)","Block F","11WD7NORF5GGUDFA","Fossil Gas","11WD7NORF5GGUDFA","16/04/2026 18:00 - 16/04/2026 19:00","567.45",""
"16/04/2026 00:00 - 17/04/2026 00:00","CTA|DE(Amprion)","Block F","11WD7NORF5GGUDFA","Fossil Gas","11WD7NORF5GGUDFA","16/04/2026 19:00 - 16/04/2026 20:00","569.30",""
"16/04/2026 00:00 - 17/04/2026 00:00","CTA|DE(Amprion)","Block F","11WD7NORF5GGUDFA","Fossil Gas","11WD7NORF5GGUDFA","16/04/2026 20:00 - 16/04/2026 21:00","571.50",""
"16/04/2026 00:00 - 17/04/2026 00:00","CTA|DE(Amprion)","Block F","11WD7NORF5GGUDFA","Fossil Gas","11WD7NORF5GGUDFA","16/04/2026 21:00 - 16/04/2026 22:00","476.32",""
"16/04/2026 00:00 - 17/04/2026 00:00","CTA|DE(Amprion)","Block F","11WD7NORF5GGUDFA","Fossil Gas","11WD7NORF5GGUDFA","16/04/2026 22:00 - 16/04/2026 23:00","460.02",""
"16/04/2026 00:00 - 17/04/2026 00:00","CTA|DE(Amprion)","Block F","11WD7NORF5GGUDFA","Fossil Gas","11WD7NORF5GGUDFA","16/04/2026 23:00 - 17/04/2026 00:00","464.32",""
"16/04/2026 00:00 - 17/04/2026 00:00","CTA|DE(Amprion)","HKW-Niehl-3","11WD7OPLA1G--318","Fossil Gas","11WD7OPLA1G--318","16/04/2026 00:00 - 16/04/2026 01:00","413.10",""
"16/04/2026 00:00 - 17/04/2026 00:00","CTA|DE(Amprion)","HKW-Niehl-3","11WD7OPLA1G--318","Fossil Gas","11WD7OPLA1G--318","16/04/2026 01:00 - 16/04/2026 02:00","413.45",""
"16/04/2026 00:00 - 17/04/2026 00:00","CTA|DE(Amprion)","HKW-Niehl-3","11WD7OPLA1G--318","Fossil Gas","11WD7OPLA1G--318","16/04/2026 02:00 - 16/04/2026 03:00","414.25",""
"16/04/2026 00:00 - 17/04/2026 00:00","CTA|DE(Amprion)","HKW-Niehl-3","11WD7OPLA1G--318","Fossil Gas","11WD7OPLA1G--318","16/04/2026 03:00 - 16/04/2026 04:00","414.27",""
"16/04/2026 00:00 - 17/04/2026 00:00","CTA|DE(Amprion)","HKW-Niehl-3","11WD7OPLA1G--318","Fossil Gas","11WD7OPLA1G--318","16/04/2026 04:00 - 16/04/2026 05:00","414.35",""
"16/04/2026 00:00 - 17/04/2026 00:00","CTA|DE(Amprion)","HKW-Niehl-3","11WD7OPLA1G--318","Fossil Gas","11WD7OPLA1G--318","16/04/2026 05:00 - 16/04/2026 06:00","415.30",""
"16/04/2026 00:00 - 17/04/2026 00:00","CTA|DE(Amprion)","HKW-Niehl-3","11WD7OPLA1G--318","Fossil Gas","11WD7OPLA1G--318","16/04/2026 06:00 - 16/04/2026 07:00","415.45",""
"16/04/2026 00:00 - 17/04/2026 00:00","CTA|DE(Amprion)","HKW-Niehl-3","11WD7OPLA1G--318","Fossil Gas","11WD7OPLA1G--318","16/04/2026 07:00 - 16/04/2026 08:00","415.45",""
"16/04/2026 00:00 - 17/04/2026 00:00","CTA|DE(Amprion)","HKW-Niehl-3","11WD7OPLA1G--318","Fossil Gas","11WD7OPLA1G--318","16/04/2026 08:00 - 16/04/2026 09:00","414.48",""
"16/04/2026 00:00 - 17/04/2026 00:00","CTA|DE(Amprion)","HKW-Niehl-3","11WD7OPLA1G--318","Fossil Gas","11WD7OPLA1G--318","16/04/2026 09:00 - 16/04/2026 10:00","379.10",""
"16/04/2026 00:00 - 17/04/2026 00:00","CTA|DE(Amprion)","HKW-Niehl-3","11WD7OPLA1G--318","Fossil Gas","11WD7OPLA1G--318","16/04/2026 10:00 - 16/04/2026 11:00","12.43",""
"16/04/2026 00:00 - 17/04/2026 00:00","CTA|DE(Amprion)","HKW-Niehl-3","11WD7OPLA1G--318","Fossil Gas","11WD7OPLA1G--318","16/04/2026 11:00 - 16/04/2026 12:00","0.00",""
"16/04/2026 00:00 - 17/04/2026 00:00","CTA|DE(Amprion)","HKW-Niehl-3","11WD7OPLA1G--318","Fossil Gas","11WD7OPLA1G--318","16/04/2026 12:00 - 16/04/2026 13:00","0.00",""
"16/04/2026 00:00 - 17/04/2026 00:00","CTA|DE(Amprion)","HKW-Niehl-3","11WD7OPLA1G--318","Fossil Gas","11WD7OPLA1G--318","16/04/2026 13:00 - 16/04/2026 14:00","0.00",""
"16/04/2026 00:00 - 17/04/2026 00:00","CTA|DE(Amprion)","HKW-Niehl-3","11WD7OPLA1G--318","Fossil Gas","11WD7OPLA1G--318","16/04/2026 14:00 - 16/04/2026 15:00","0.00",""
"16/04/2026 00:00 - 17/04/2026 00:00","CTA|DE(Amprion)","HKW-Niehl-3","11WD7OPLA1G--318","Fossil Gas","11WD7OPLA1G--318","16/04/2026 15:00 - 16/04/2026 16:00","0.00",""
"16/04/2026 00:00 - 17/04/2026 00:00","CTA|DE(Amprion)","HKW-Niehl-3","11WD7OPLA1G--318","Fossil Gas","11WD7OPLA1G--318","16/04/2026 16:00 - 16/04/2026 17:00","0.00",""
"16/04/2026 00:00 - 17/04/2026 00:00","CTA|DE(Amprion)","HKW-Niehl-3","11WD7OPLA1G--318","Fossil Gas","11WD7OPLA1G--318","16/04/2026 17:00 - 16/04/2026 18:00","0.00",""
"16/04/2026 00:00 - 17/04/2026 00:00","CTA|DE(Amprion)","HKW-Niehl-3","11WD7OPLA1G--318","Fossil Gas","11WD7OPLA1G--318","16/04/2026 18:00 - 16/04/2026 19:00","0.00",""
"16/04/2026 00:00 - 17/04/2026 00:00","CTA|DE(Amprion)","HKW-Niehl-3","11WD7OPLA1G--318","Fossil Gas","11WD7OPLA1G--318","16/04/2026 19:00 - 16/04/2026 20:00","0.00",""
"16/04/2026 00:00 - 17/04/2026 00:00","CTA|DE(Amprion)","HKW-Niehl-3","11WD7OPLA1G--318","Fossil Gas","11WD7OPLA1G--318","16/04/2026 20:00 - 16/04/2026 21:00","0.00",""
"16/04/2026 00:00 - 17/04/2026 00:00","CTA|DE(Amprion)","HKW-Niehl-3","11WD7OPLA1G--318","Fossil Gas","11WD7OPLA1G--318","16/04/2026 21:00 - 16/04/2026 22:00","0.00",""
"16/04/2026 00:00 - 17/04/2026 00:00","CTA|DE(Amprion)","HKW-Niehl-3","11WD7OPLA1G--318","Fossil Gas","11WD7OPLA1G--318","16/04/2026 22:00 - 16/04/2026 23:00","0.00",""
"16/04/2026 00:00 - 17/04/2026 00:00","CTA|DE(Amprion)","HKW-Niehl-3","11WD7OPLA1G--318","Fossil Gas","11WD7OPLA1G--318","16/04/2026 23:00 - 17/04/2026 00:00","0.00",""
"16/04/2026 00:00 - 17/04/2026 00:00","CTA|DE(Amprion)","HKW IIIB","11WD7RHAU5GKW3B5","Fossil Gas","11WD7RHAU5GKW3B5","16/04/2026 00:00 - 16/04/2026 01:00","117.00",""
"16/04/2026 00:00 - 17/04/2026 00:00","CTA|DE(Amprion)","HKW IIIB","11WD7RHAU5GKW3B5","Fossil Gas","11WD7RHAU5GKW3B5","16/04/2026 01:00 - 16/04/2026 02:00","110.25",""
"16/04/2026 00:00 - 17/04/2026 00:00","CTA|DE(Amprion)","HKW IIIB","11WD7RHAU5GKW3B5","Fossil Gas","11WD7RHAU5GKW3B5","16/04/2026 02:00 - 16/04/2026 03:00","100.25",""
"16/04/2026 00:00 - 17/04/2026 00:00","CTA|DE(Amprion)","HKW IIIB","11WD7RHAU5GKW3B5","Fossil Gas","11WD7RHAU5GKW3B5","16/04/2026 03:00 - 16/04/2026 04:00","98.25",""
"16/04/2026 00:00 - 17/04/2026 00:00","CTA|DE(Amprion)","HKW IIIB","11WD7RHAU5GKW3B5","Fossil Gas","11WD7RHAU5GKW3B5","16/04/2026 04:00 - 16/04/2026 05:00","101.50",""
"16/04/2026 00:00 - 17/04/2026 00:00","CTA|DE(Amprion)","HKW IIIB","11WD7RHAU5GKW3B5","Fossil Gas","11WD7RHAU5GKW3B5","16/04/2026 05:00 - 16/04/2026 06:00","106.00",""
"16/04/2026 00:00 - 17/04/2026 00:00","CTA|DE(Amprion)","HKW IIIB","11WD7RHAU5GKW3B5","Fossil Gas","11WD7RHAU5GKW3B5","16/04/2026 06:00 - 16/04/2026 07:00","112.00",""
"16/04/2026 00:00 - 17/04/2026 00:00","CTA|DE(Amprion)","HKW IIIB","11WD7RHAU5GKW3B5","Fossil Gas","11WD7RHAU5GKW3B5","16/04/2026 07:00 - 16/04/2026 08:00","112.00",""
"16/04/2026 00:00 - 17/04/2026 00:00","CTA|DE(Amprion)","HKW IIIB","11WD7RHAU5GKW3B5","Fossil Gas","11WD7RHAU5GKW3B5","16/04/2026 08:00 - 16/04/2026 09:00","112.00",""
"16/04/2026 00:00 - 17/04/2026 00:00","CTA|DE(Amprion)","HKW IIIB","11WD7RHAU5GKW3B5","Fossil Gas","11WD7RHAU5GKW3B5","16/04/2026 09:00 - 16/04/2026 10:00","111.75",""
"16/04/2026 00:00 - 17/04/2026 00:00","CTA|DE(Amprion)","HKW IIIB","11WD7RHAU5GKW3B5","Fossil Gas","11WD7RHAU5GKW3B5","16/04/2026 10:00 - 16/04/2026 11:00","100.25",""
"16/04/2026 00:00 - 17/04/2026 00:00","CTA|DE(Amprion)","HKW IIIB","11WD7RHAU5GKW3B5","Fossil Gas","11WD7RHAU5GKW3B5","16/04/2026 11:00 - 16/04/2026 12:00","74.50",""
"16/04/2026 00:00 - 17/04/2026 00:00","CTA|DE(Amprion)","HKW IIIB","11WD7RHAU5GKW3B5","Fossil Gas","11WD7RHAU5GKW3B5","16/04/2026 12:00 - 16/04/2026 13:00","49.75",""
"16/04/2026 00:00 - 17/04/2026 00:00","CTA|DE(Amprion)","HKW IIIB","11WD7RHAU5GKW3B5","Fossil Gas","11WD7RHAU5GKW3B5","16/04/2026 13:00 - 16/04/2026 14:00","43.75",""
"16/04/2026 00:00 - 17/04/2026 00:00","CTA|DE(Amprion)","HKW IIIB","11WD7RHAU5GKW3B5","Fossil Gas","11WD7RHAU5GKW3B5","16/04/2026 14:00 - 16/04/2026 15:00","44.50",""
"16/04/2026 00:00 - 17/04/2026 00:00","CTA|DE(Amprion)","HKW IIIB","11WD7RHAU5GKW3B5","Fossil Gas","11WD7RHAU5GKW3B5","16/04/2026 15:00 - 16/04/2026 16:00","58.50",""
"16/04/2026 00:00 - 17/04/2026 00:00","CTA|DE(Amprion)","HKW IIIB","11WD7RHAU5GKW3B5","Fossil Gas","11WD7RHAU5GKW3B5","16/04/2026 16:00 - 16/04/2026 17:00","105.75",""
"16/04/2026 00:00 - 17/04/2026 00:00","CTA|DE(Amprion)","HKW IIIB","11WD7RHAU5GKW3B5","Fossil Gas","11WD7RHAU5GKW3B5","16/04/2026 17:00 - 16/04/2026 18:00","159.00",""
"16/04/2026 00:00 - 17/04/2026 00:00","CTA|DE(Amprion)","HKW IIIB","11WD7RHAU5GKW3B5","Fossil Gas","11WD7RHAU5GKW3B5","16/04/2026 18:00 - 16/04/2026 19:00","217.50",""
"16/04/2026 00:00 - 17/04/2026 00:00","CTA|DE(Amprion)","HKW IIIB","11WD7RHAU5GKW3B5","Fossil Gas","11WD7RHAU5GKW3B5","16/04/2026 19:00 - 16/04/2026 20:00","221.25",""
"16/04/2026 00:00 - 17/04/2026 00:00","CTA|DE(Amprion)","HKW IIIB","11WD7RHAU5GKW3B5","Fossil Gas","11WD7RHAU5GKW3B5","16/04/2026 20:00 - 16/04/2026 21:00","223.50",""
"16/04/2026 00:00 - 17/04/2026 00:00","CTA|DE(Amprion)","HKW IIIB","11WD7RHAU5GKW3B5","Fossil Gas","11WD7RHAU5GKW3B5","16/04/2026 21:00 - 16/04/2026 22:00","225.00",""
"16/04/2026 00:00 - 17/04/2026 00:00","CTA|DE(Amprion)","HKW IIIB","11WD7RHAU5GKW3B5","Fossil Gas","11WD7RHAU5GKW3B5","16/04/2026 22:00 - 16/04/2026 23:00","226.00",""
"16/04/2026 00:00 - 17/04/2026 00:00","CTA|DE(Amprion)","HKW IIIB","11WD7RHAU5GKW3B5","Fossil Gas","11WD7RHAU5GKW3B5","16/04/2026 23:00 - 17/04/2026 00:00","227.00",""
"16/04/2026 00:00 - 17/04/2026 00:00","CTA|DE(Amprion)","KW Lünen Block 1","11WD7STUM1SBL10G","Fossil Hard coal","11WD7STUM1SBL10G","16/04/2026 00:00 - 16/04/2026 01:00","258.63",""
"16/04/2026 00:00 - 17/04/2026 00:00","CTA|DE(Amprion)","KW Lünen Block 1","11WD7STUM1SBL10G","Fossil Hard coal","11WD7STUM1SBL10G","16/04/2026 01:00 - 16/04/2026 02:00","642.38",""
"16/04/2026 00:00 - 17/04/2026 00:00","CTA|DE(Amprion)","KW Lünen Block 1","11WD7STUM1SBL10G","Fossil Hard coal","11WD7STUM1SBL10G","16/04/2026 02:00 - 16/04/2026 03:00","724.63",""
"16/04/2026 00:00 - 17/04/2026 00:00","CTA|DE(Amprion)","KW Lünen Block 1","11WD7STUM1SBL10G","Fossil Hard coal","11WD7STUM1SBL10G","16/04/2026 03:00 - 16/04/2026 04:00","724.65",""
"16/04/2026 00:00 - 17/04/2026 00:00","CTA|DE(Amprion)","KW Lünen Block 1","11WD7STUM1SBL10G","Fossil Hard coal","11WD7STUM1SBL10G","16/04/2026 04:00 - 16/04/2026 05:00","724.40",""
"16/04/2026 00:00 - 17/04/2026 00:00","CTA|DE(Amprion)","KW Lünen Block 1","11WD7STUM1SBL10G","Fossil Hard coal","11WD7STUM1SBL10G","16/04/2026 05:00 - 16/04/2026 06:00","732.25",""
"16/04/2026 00:00 - 17/04/2026 00:00","CTA|DE(Amprion)","KW Lünen Block 1","11WD7STUM1SBL10G","Fossil Hard coal","11WD7STUM1SBL10G","16/04/2026 06:00 - 16/04/2026 07:00","738.80",""
"16/04/2026 00:00 - 17/04/2026 00:00","CTA|DE(Amprion)","KW Lünen Block 1","11WD7STUM1SBL10G","Fossil Hard coal","11WD7STUM1SBL10G","16/04/2026 07:00 - 16/04/2026 08:00","733.95",""
"16/04/2026 00:00 - 17/04/2026 00:00","CTA|DE(Amprion)","KW Lünen Block 1","11WD7STUM1SBL10G","Fossil Hard coal","11WD7STUM1SBL10G","16/04/2026 08:00 - 16/04/2026 09:00","730.67",""
"16/04/2026 00:00 - 17/04/2026 00:00","CTA|DE(Amprion)","KW Lünen Block 1","11WD7STUM1SBL10G","Fossil Hard coal","11WD7STUM1SBL10G","16/04/2026 09:00 - 16/04/2026 10:00","730.63",""
"16/04/2026 00:00 - 17/04/2026 00:00","CTA|DE(Amprion)","KW Lünen Block 1","11WD7STUM1SBL10G","Fossil Hard coal","11WD7STUM1SBL10G","16/04/2026 10:00 - 16/04/2026 11:00","715.92",""
"16/04/2026 00:00 - 17/04/2026 00:00","CTA|DE(Amprion)","KW Lünen Block 1","11WD7STUM1SBL10G","Fossil Hard coal","11WD7STUM1SBL10G","16/04/2026 11:00 - 16/04/2026 12:00","398.13",""
"16/04/2026 00:00 - 17/04/2026 00:00","CTA|DE(Amprion)","KW Lünen Block 1","11WD7STUM1SBL10G","Fossil Hard coal","11WD7STUM1SBL10G","16/04/2026 12:00 - 16/04/2026 13:00","307.82",""
"16/04/2026 00:00 - 17/04/2026 00:00","CTA|DE(Amprion)","KW Lünen Block 1","11WD7STUM1SBL10G","Fossil Hard coal","11WD7STUM1SBL10G","16/04/2026 13:00 - 16/04/2026 14:00","325.88",""
"16/04/2026 00:00 - 17/04/2026 00:00","CTA|DE(Amprion)","KW Lünen Block 1","11WD7STUM1SBL10G","Fossil Hard coal","11WD7STUM1SBL10G","16/04/2026 14:00 - 16/04/2026 15:00","316.57",""
"16/04/2026 00:00 - 17/04/2026 00:00","CTA|DE(Amprion)","KW Lünen Block 1","11WD7STUM1SBL10G","Fossil Hard coal","11WD7STUM1SBL10G","16/04/2026 15:00 - 16/04/2026 16:00","412.55",""
"16/04/2026 00:00 - 17/04/2026 00:00","CTA|DE(Amprion)","KW Lünen Block 1","11WD7STUM1SBL10G","Fossil Hard coal","11WD7STUM1SBL10G","16/04/2026 16:00 - 16/04/2026 17:00","697.00",""
"16/04/2026 00:00 - 17/04/2026 00:00","CTA|DE(Amprion)","KW Lünen Block 1","11WD7STUM1SBL10G","Fossil Hard coal","11WD7STUM1SBL10G","16/04/2026 17:00 - 16/04/2026 18:00","722.38",""
"16/04/2026 00:00 - 17/04/2026 00:00","CTA|DE(Amprion)","KW Lünen Block 1","11WD7STUM1SBL10G","Fossil Hard coal","11WD7STUM1SBL10G","16/04/2026 18:00 - 16/04/2026 19:00","717.42",""
"16/04/2026 00:00 - 17/04/2026 00:00","CTA|DE(Amprion)","KW Lünen Block 1","11WD7STUM1SBL10G","Fossil Hard coal","11WD7STUM1SBL10G","16/04/2026 19:00 - 16/04/2026 20:00","733.75",""
"16/04/2026 00:00 - 17/04/2026 00:00","CTA|DE(Amprion)","KW Lünen Block 1","11WD7STUM1SBL10G","Fossil Hard coal","11WD7STUM1SBL10G","16/04/2026 20:00 - 16/04/2026 21:00","740.98",""
"16/04/2026 00:00 - 17/04/2026 00:00","CTA|DE(Amprion)","KW Lünen Block 1","11WD7STUM1SBL10G","Fossil Hard coal","11WD7STUM1SBL10G","16/04/2026 21:00 - 16/04/2026 22:00","740.75",""
"16/04/2026 00:00 - 17/04/2026 00:00","CTA|DE(Amprion)","KW Lünen Block 1","11WD7STUM1SBL10G","Fossil Hard coal","11WD7STUM1SBL10G","16/04/2026 22:00 - 16/04/2026 23:00","729.60",""
"16/04/2026 00:00 - 17/04/2026 00:00","CTA|DE(Amprion)","KW Lünen Block 1","11WD7STUM1SBL10G","Fossil Hard coal","11WD7STUM1SBL10G","16/04/2026 23:00 - 17/04/2026 00:00","724.77",""
"16/04/2026 00:00 - 17/04/2026 00:00","CTA|DE(Amprion)","DESBR____CHP____","11WD7UCHT5XROEMT","Fossil Gas","11WD7UCHT5XROEMT","16/04/2026 00:00 - 16/04/2026 01:00","0.00",""
"16/04/2026 00:00 - 17/04/2026 00:00","CTA|DE(Amprion)","DESBR____CHP____","11WD7UCHT5XROEMT","Fossil Gas","11WD7UCHT5XROEMT","16/04/2026 01:00 - 16/04/2026 02:00","0.00",""
"16/04/2026 00:00 - 17/04/2026 00:00","CTA|DE(Amprion)","DESBR____CHP____","11WD7UCHT5XROEMT","Fossil Gas","11WD7UCHT5XROEMT","16/04/2026 02:00 - 16/04/2026 03:00","0.00",""
"16/04/2026 00:00 - 17/04/2026 00:00","CTA|DE(Amprion)","DESBR____CHP____","11WD7UCHT5XROEMT","Fossil Gas","11WD7UCHT5XROEMT","16/04/2026 03:00 - 16/04/2026 04:00","0.00",""
"16/04/2026 00:00 - 17/04/2026 00:00","CTA|DE(Amprion)","DESBR____CHP____","11WD7UCHT5XROEMT","Fossil Gas","11WD7UCHT5XROEMT","16/04/2026 04:00 - 16/04/2026 05:00","0.00",""
"16/04/2026 00:00 - 17/04/2026 00:00","CTA|DE(Amprion)","DESBR____CHP____","11WD7UCHT5XROEMT","Fossil Gas","11WD7UCHT5XROEMT","16/04/2026 05:00 - 16/04/2026 06:00","0.00",""
"16/04/2026 00:00 - 17/04/2026 00:00","CTA|DE(Amprion)","DESBR____CHP____","11WD7UCHT5XROEMT","Fossil Gas","11WD7UCHT5XROEMT","16/04/2026 06:00 - 16/04/2026 07:00","0.00",""
"16/04/2026 00:00 - 17/04/2026 00:00","CTA|DE(Amprion)","DESBR____CHP____","11WD7UCHT5XROEMT","Fossil Gas","11WD7UCHT5XROEMT","16/04/2026 07:00 - 16/04/2026 08:00","0.00",""
"16/04/2026 00:00 - 17/04/2026 00:00","CTA|DE(Amprion)","DESBR____CHP____","11WD7UCHT5XROEMT","Fossil Gas","11WD7UCHT5XROEMT","16/04/2026 08:00 - 16/04/2026 09:00","0.00",""
"16/04/2026 00:00 - 17/04/2026 00:00","CTA|DE(Amprion)","DESBR____CHP____","11WD7UCHT5XROEMT","Fossil Gas","11WD7UCHT5XROEMT","16/04/2026 09:00 - 16/04/2026 10:00","0.00",""
"16/04/2026 00:00 - 17/04/2026 00:00","CTA|DE(Amprion)","DESBR____CHP____","11WD7UCHT5XROEMT","Fossil Gas","11WD7UCHT5XROEMT","16/04/2026 10:00 - 16/04/2026 11:00","0.00",""
"16/04/2026 00:00 - 17/04/2026 00:00","CTA|DE(Amprion)","DESBR____CHP____","11WD7UCHT5XROEMT","Fossil Gas","11WD7UCHT5XROEMT","16/04/2026 11:00 - 16/04/2026 12:00","0.00",""
"16/04/2026 00:00 - 17/04/2026 00:00","CTA|DE(Amprion)","DESBR____CHP____","11WD7UCHT5XROEMT","Fossil Gas","11WD7UCHT5XROEMT","16/04/2026 12:00 - 16/04/2026 13:00","0.42",""
"16/04/2026 00:00 - 17/04/2026 00:00","CTA|DE(Amprion)","DESBR____CHP____","11WD7UCHT5XROEMT","Fossil Gas","11WD7UCHT5XROEMT","16/04/2026 13:00 - 16/04/2026 14:00","0.00",""
"16/04/2026 00:00 - 17/04/2026 00:00","CTA|DE(Amprion)","DESBR____CHP____","11WD7UCHT5XROEMT","Fossil Gas","11WD7UCHT5XROEMT","16/04/2026 14:00 - 16/04/2026 15:00","0.00",""
"16/04/2026 00:00 - 17/04/2026 00:00","CTA|DE(Amprion)","DESBR____CHP____","11WD7UCHT5XROEMT","Fossil Gas","11WD7UCHT5XROEMT","16/04/2026 15:00 - 16/04/2026 16:00","0.00",""
"16/04/2026 00:00 - 17/04/2026 00:00","CTA|DE(Amprion)","DESBR____CHP____","11WD7UCHT5XROEMT","Fossil Gas","11WD7UCHT5XROEMT","16/04/2026 16:00 - 16/04/2026 17:00","0.00",""
"16/04/2026 00:00 - 17/04/2026 00:00","CTA|DE(Amprion)","DESBR____CHP____","11WD7UCHT5XROEMT","Fossil Gas","11WD7UCHT5XROEMT","16/04/2026 17:00 - 16/04/2026 18:00","0.00",""
"16/04/2026 00:00 - 17/04/2026 00:00","CTA|DE(Amprion)","DESBR____CHP____","11WD7UCHT5XROEMT","Fossil Gas","11WD7UCHT5XROEMT","16/04/2026 18:00 - 16/04/2026 19:00","0.00",""
"16/04/2026 00:00 - 17/04/2026 00:00","CTA|DE(Amprion)","DESBR____CHP____","11WD7UCHT5XROEMT","Fossil Gas","11WD7UCHT5XROEMT","16/04/2026 19:00 - 16/04/2026 20:00","0.00",""
"16/04/2026 00:00 - 17/04/2026 00:00","CTA|DE(Amprion)","DESBR____CHP____","11WD7UCHT5XROEMT","Fossil Gas","11WD7UCHT5XROEMT","16/04/2026 20:00 - 16/04/2026 21:00","0.00",""
"16/04/2026 00:00 - 17/04/2026 00:00","CTA|DE(Amprion)","DESBR____CHP____","11WD7UCHT5XROEMT","Fossil Gas","11WD7UCHT5XROEMT","16/04/2026 21:00 - 16/04/2026 22:00","0.00",""
"16/04/2026 00:00 - 17/04/2026 00:00","CTA|DE(Amprion)","DESBR____CHP____","11WD7UCHT5XROEMT","Fossil Gas","11WD7UCHT5XROEMT","16/04/2026 22:00 - 16/04/2026 23:00","0.00",""
"16/04/2026 00:00 - 17/04/2026 00:00","CTA|DE(Amprion)","DESBR____CHP____","11WD7UCHT5XROEMT","Fossil Gas","11WD7UCHT5XROEMT","16/04/2026 23:00 - 17/04/2026 00:00","0.00",""
"16/04/2026 00:00 - 17/04/2026 00:00","CTA|DE(Amprion)","Vianden 1","11WD7VIAN2H-1-1O","Hydro Pumped Storage","11WD7VIAN2H-1-1O","16/04/2026 00:00 - 16/04/2026 01:00","41.83",""
"16/04/2026 00:00 - 17/04/2026 00:00","CTA|DE(Amprion)","Vianden 1","11WD7VIAN2H-1-1O","Hydro Pumped Storage","11WD7VIAN2H-1-1O","16/04/2026 01:00 - 16/04/2026 02:00","11.55",""
"16/04/2026 00:00 - 17/04/2026 00:00","CTA|DE(Amprion)","Vianden 1","11WD7VIAN2H-1-1O","Hydro Pumped Storage","11WD7VIAN2H-1-1O","16/04/2026 02:00 - 16/04/2026 03:00","0.00",""
"16/04/2026 00:00 - 17/04/2026 00:00","CTA|DE(Amprion)","Vianden 1","11WD7VIAN2H-1-1O","Hydro Pumped Storage","11WD7VIAN2H-1-1O","16/04/2026 03:00 - 16/04/2026 04:00","0.00",""
"16/04/2026 00:00 - 17/04/2026 00:00","CTA|DE(Amprion)","Vianden 1","11WD7VIAN2H-1-1O","Hydro Pumped Storage","11WD7VIAN2H-1-1O","16/04/2026 04:00 - 16/04/2026 05:00","0.00",""
"16/04/2026 00:00 - 17/04/2026 00:00","CTA|DE(Amprion)","Vianden 1","11WD7VIAN2H-1-1O","Hydro Pumped Storage","11WD7VIAN2H-1-1O","16/04/2026 05:00 - 16/04/2026 06:00","0.00",""
"16/04/2026 00:00 - 17/04/2026 00:00","CTA|DE(Amprion)","Vianden 1","11WD7VIAN2H-1-1O","Hydro Pumped Storage","11WD7VIAN2H-1-1O","16/04/2026 06:00 - 16/04/2026 07:00","0.00",""
"16/04/2026 00:00 - 17/04/2026 00:00","CTA|DE(Amprion)","Vianden 1","11WD7VIAN2H-1-1O","Hydro Pumped Storage","11WD7VIAN2H-1-1O","16/04/2026 07:00 - 16/04/2026 08:00","0.00",""
"16/04/2026 00:00 - 17/04/2026 00:00","CTA|DE(Amprion)","Vianden 1","11WD7VIAN2H-1-1O","Hydro Pumped Storage","11WD7VIAN2H-1-1O","16/04/2026 08:00 - 16/04/2026 09:00","0.00",""
"16/04/2026 00:00 - 17/04/2026 00:00","CTA|DE(Amprion)","Vianden 1","11WD7VIAN2H-1-1O","Hydro Pumped Storage","11WD7VIAN2H-1-1O","16/04/2026 09:00 - 16/04/2026 10:00","0.00",""
"16/04/2026 00:00 - 17/04/2026 00:00","CTA|DE(Amprion)","Vianden 1","11WD7VIAN2H-1-1O","Hydro Pumped Storage","11WD7VIAN2H-1-1O","16/04/2026 10:00 - 16/04/2026 11:00","0.00",""
"16/04/2026 00:00 - 17/04/2026 00:00","CTA|DE(Amprion)","Vianden 1","11WD7VIAN2H-1-1O","Hydro Pumped Storage","11WD7VIAN2H-1-1O","16/04/2026 11:00 - 16/04/2026 12:00","0.00",""
"16/04/2026 00:00 - 17/04/2026 00:00","CTA|DE(Amprion)","Vianden 1","11WD7VIAN2H-1-1O","Hydro Pumped Storage","11WD7VIAN2H-1-1O","16/04/2026 12:00 - 16/04/2026 13:00","0.00",""
"16/04/2026 00:00 - 17/04/2026 00:00","CTA|DE(Amprion)","Vianden 1","11WD7VIAN2H-1-1O","Hydro Pumped Storage","11WD7VIAN2H-1-1O","16/04/2026 13:00 - 16/04/2026 14:00","0.00",""
"16/04/2026 00:00 - 17/04/2026 00:00","CTA|DE(Amprion)","Vianden 1","11WD7VIAN2H-1-1O","Hydro Pumped Storage","11WD7VIAN2H-1-1O","16/04/2026 14:00 - 16/04/2026 15:00","0.00",""
"16/04/2026 00:00 - 17/04/2026 00:00","CTA|DE(Amprion)","Vianden 1","11WD7VIAN2H-1-1O","Hydro Pumped Storage","11WD7VIAN2H-1-1O","16/04/2026 15:00 - 16/04/2026 16:00","0.00",""
"16/04/2026 00:00 - 17/04/2026 00:00","CTA|DE(Amprion)","Vianden 1","11WD7VIAN2H-1-1O","Hydro Pumped Storage","11WD7VIAN2H-1-1O","16/04/2026 16:00 - 16/04/2026 17:00","0.00",""
"16/04/2026 00:00 - 17/04/2026 00:00","CTA|DE(Amprion)","Vianden 1","11WD7VIAN2H-1-1O","Hydro Pumped Storage","11WD7VIAN2H-1-1O","16/04/2026 17:00 - 16/04/2026 18:00","0.00",""
"16/04/2026 00:00 - 17/04/2026 00:00","CTA|DE(Amprion)","Vianden 1","11WD7VIAN2H-1-1O","Hydro Pumped Storage","11WD7VIAN2H-1-1O","16/04/2026 18:00 - 16/04/2026 19:00","0.00",""
"16/04/2026 00:00 - 17/04/2026 00:00","CTA|DE(Amprion)","Vianden 1","11WD7VIAN2H-1-1O","Hydro Pumped Storage","11WD7VIAN2H-1-1O","16/04/2026 19:00 - 16/04/2026 20:00","18.13",""
"16/04/2026 00:00 - 17/04/2026 00:00","CTA|DE(Amprion)","Vianden 1","11WD7VIAN2H-1-1O","Hydro Pumped Storage","11WD7VIAN2H-1-1O","16/04/2026 20:00 - 16/04/2026 21:00","77.00",""
"16/04/2026 00:00 - 17/04/2026 00:00","CTA|DE(Amprion)","Vianden 1","11WD7VIAN2H-1-1O","Hydro Pumped Storage","11WD7VIAN2H-1-1O","16/04/2026 21:00 - 16/04/2026 22:00","65.80",""
"16/04/2026 00:00 - 17/04/2026 00:00","CTA|DE(Amprion)","Vianden 1","11WD7VIAN2H-1-1O","Hydro Pumped Storage","11WD7VIAN2H-1-1O","16/04/2026 22:00 - 16/04/2026 23:00","0.00",""
"16/04/2026 00:00 - 17/04/2026 00:00","CTA|DE(Amprion)","Vianden 1","11WD7VIAN2H-1-1O","Hydro Pumped Storage","11WD7VIAN2H-1-1O","16/04/2026 23:00 - 17/04/2026 00:00","0.00",""
"16/04/2026 00:00 - 17/04/2026 00:00","CTA|DE(Amprion)","Vianden 2","11WD7VIAN2H-1-2M","Hydro Pumped Storage","11WD7VIAN2H-1-2M","16/04/2026 00:00 - 16/04/2026 01:00","0.00",""
"16/04/2026 00:00 - 17/04/2026 00:00","CTA|DE(Amprion)","Vianden 2","11WD7VIAN2H-1-2M","Hydro Pumped Storage","11WD7VIAN2H-1-2M","16/04/2026 01:00 - 16/04/2026 02:00","0.00",""
"16/04/2026 00:00 - 17/04/2026 00:00","CTA|DE(Amprion)","Vianden 2","11WD7VIAN2H-1-2M","Hydro Pumped Storage","11WD7VIAN2H-1-2M","16/04/2026 02:00 - 16/04/2026 03:00","0.00",""
"16/04/2026 00:00 - 17/04/2026 00:00","CTA|DE(Amprion)","Vianden 2","11WD7VIAN2H-1-2M","Hydro Pumped Storage","11WD7VIAN2H-1-2M","16/04/2026 03:00 - 16/04/2026 04:00","0.00",""
"16/04/2026 00:00 - 17/04/2026 00:00","CTA|DE(Amprion)","Vianden 2","11WD7VIAN2H-1-2M","Hydro Pumped Storage","11WD7VIAN2H-1-2M","16/04/2026 04:00 - 16/04/2026 05:00","0.00",""
"16/04/2026 00:00 - 17/04/2026 00:00","CTA|DE(Amprion)","Vianden 2","11WD7VIAN2H-1-2M","Hydro Pumped Storage","11WD7VIAN2H-1-2M","16/04/2026 05:00 - 16/04/2026 06:00","0.00",""
"16/04/2026 00:00 - 17/04/2026 00:00","CTA|DE(Amprion)","Vianden 2","11WD7VIAN2H-1-2M","Hydro Pumped Storage","11WD7VIAN2H-1-2M","16/04/2026 06:00 - 16/04/2026 07:00","0.00",""
"16/04/2026 00:00 - 17/04/2026 00:00","CTA|DE(Amprion)","Vianden 2","11WD7VIAN2H-1-2M","Hydro Pumped Storage","11WD7VIAN2H-1-2M","16/04/2026 07:00 - 16/04/2026 08:00","0.00",""
"16/04/2026 00:00 - 17/04/2026 00:00","CTA|DE(Amprion)","Vianden 2","11WD7VIAN2H-1-2M","Hydro Pumped Storage","11WD7VIAN2H-1-2M","16/04/2026 08:00 - 16/04/2026 09:00","0.00",""
"16/04/2026 00:00 - 17/04/2026 00:00","CTA|DE(Amprion)","Vianden 2","11WD7VIAN2H-1-2M","Hydro Pumped Storage","11WD7VIAN2H-1-2M","16/04/2026 09:00 - 16/04/2026 10:00","0.00",""
"16/04/2026 00:00 - 17/04/2026 00:00","CTA|DE(Amprion)","Vianden 2","11WD7VIAN2H-1-2M","Hydro Pumped Storage","11WD7VIAN2H-1-2M","16/04/2026 10:00 - 16/04/2026 11:00","0.00",""
"16/04/2026 00:00 - 17/04/2026 00:00","CTA|DE(Amprion)","Vianden 2","11WD7VIAN2H-1-2M","Hydro Pumped Storage","11WD7VIAN2H-1-2M","16/04/2026 11:00 - 16/04/2026 12:00","0.00",""
"16/04/2026 00:00 - 17/04/2026 00:00","CTA|DE(Amprion)","Vianden 2","11WD7VIAN2H-1-2M","Hydro Pumped Storage","11WD7VIAN2H-1-2M","16/04/2026 12:00 - 16/04/2026 13:00","0.00",""
"16/04/2026 00:00 - 17/04/2026 00:00","CTA|DE(Amprion)","Vianden 2","11WD7VIAN2H-1-2M","Hydro Pumped Storage","11WD7VIAN2H-1-2M","16/04/2026 13:00 - 16/04/2026 14:00","0.00",""
"16/04/2026 00:00 - 17/04/2026 00:00","CTA|DE(Amprion)","Vianden 2","11WD7VIAN2H-1-2M","Hydro Pumped Storage","11WD7VIAN2H-1-2M","16/04/2026 14:00 - 16/04/2026 15:00","0.00",""
"16/04/2026 00:00 - 17/04/2026 00:00","CTA|DE(Amprion)","Vianden 2","11WD7VIAN2H-1-2M","Hydro Pumped Storage","11WD7VIAN2H-1-2M","16/04/2026 15:00 - 16/04/2026 16:00","0.00",""
"16/04/2026 00:00 - 17/04/2026 00:00","CTA|DE(Amprion)","Vianden 2","11WD7VIAN2H-1-2M","Hydro Pumped Storage","11WD7VIAN2H-1-2M","16/04/2026 16:00 - 16/04/2026 17:00","0.00",""
"16/04/2026 00:00 - 17/04/2026 00:00","CTA|DE(Amprion)","Vianden 2","11WD7VIAN2H-1-2M","Hydro Pumped Storage","11WD7VIAN2H-1-2M","16/04/2026 17:00 - 16/04/2026 18:00","0.00",""
"16/04/2026 00:00 - 17/04/2026 00:00","CTA|DE(Amprion)","Vianden 2","11WD7VIAN2H-1-2M","Hydro Pumped Storage","11WD7VIAN2H-1-2M","16/04/2026 18:00 - 16/04/2026 19:00","0.00",""
"16/04/2026 00:00 - 17/04/2026 00:00","CTA|DE(Amprion)","Vianden 2","11WD7VIAN2H-1-2M","Hydro Pumped Storage","11WD7VIAN2H-1-2M","16/04/2026 19:00 - 16/04/2026 20:00","18.68",""
"16/04/2026 00:00 - 17/04/2026 00:00","CTA|DE(Amprion)","Vianden 2","11WD7VIAN2H-1-2M","Hydro Pumped Storage","11WD7VIAN2H-1-2M","16/04/2026 20:00 - 16/04/2026 21:00","70.92",""
"16/04/2026 00:00 - 17/04/2026 00:00","CTA|DE(Amprion)","Vianden 2","11WD7VIAN2H-1-2M","Hydro Pumped Storage","11WD7VIAN2H-1-2M","16/04/2026 21:00 - 16/04/2026 22:00","66.70",""
"16/04/2026 00:00 - 17/04/2026 00:00","CTA|DE(Amprion)","Vianden 2","11WD7VIAN2H-1-2M","Hydro Pumped Storage","11WD7VIAN2H-1-2M","16/04/2026 22:00 - 16/04/2026 23:00","0.00",""
"16/04/2026 00:00 - 17/04/2026 00:00","CTA|DE(Amprion)","Vianden 2","11WD7VIAN2H-1-2M","Hydro Pumped Storage","11WD7VIAN2H-1-2M","16/04/2026 23:00 - 17/04/2026 00:00","0.00",""
"16/04/2026 00:00 - 17/04/2026 00:00","CTA|DE(Amprion)","Vianden 3","11WD7VIAN2H-1-3K","Hydro Pumped Storage","11WD7VIAN2H-1-3K","16/04/2026 00:00 - 16/04/2026 01:00","0.10",""
"16/04/2026 00:00 - 17/04/2026 00:00","CTA|DE(Amprion)","Vianden 3","11WD7VIAN2H-1-3K","Hydro Pumped Storage","11WD7VIAN2H-1-3K","16/04/2026 01:00 - 16/04/2026 02:00","0.10",""
"16/04/2026 00:00 - 17/04/2026 00:00","CTA|DE(Amprion)","Vianden 3","11WD7VIAN2H-1-3K","Hydro Pumped Storage","11WD7VIAN2H-1-3K","16/04/2026 02:00 - 16/04/2026 03:00","0.10",""
"16/04/2026 00:00 - 17/04/2026 00:00","CTA|DE(Amprion)","Vianden 3","11WD7VIAN2H-1-3K","Hydro Pumped Storage","11WD7VIAN2H-1-3K","16/04/2026 03:00 - 16/04/2026 04:00","0.10",""
"16/04/2026 00:00 - 17/04/2026 00:00","CTA|DE(Amprion)","Vianden 3","11WD7VIAN2H-1-3K","Hydro Pumped Storage","11WD7VIAN2H-1-3K","16/04/2026 04:00 - 16/04/2026 05:00","0.10",""
"16/04/2026 00:00 - 17/04/2026 00:00","CTA|DE(Amprion)","Vianden 3","11WD7VIAN2H-1-3K","Hydro Pumped Storage","11WD7VIAN2H-1-3K","16/04/2026 05:00 - 16/04/2026 06:00","0.10",""
"16/04/2026 00:00 - 17/04/2026 00:00","CTA|DE(Amprion)","Vianden 3","11WD7VIAN2H-1-3K","Hydro Pumped Storage","11WD7VIAN2H-1-3K","16/04/2026 06:00 - 16/04/2026 07:00","0.10",""
"16/04/2026 00:00 - 17/04/2026 00:00","CTA|DE(Amprion)","Vianden 3","11WD7VIAN2H-1-3K","Hydro Pumped Storage","11WD7VIAN2H-1-3K","16/04/2026 07:00 - 16/04/2026 08:00","42.95",""
"16/04/2026 00:00 - 17/04/2026 00:00","CTA|DE(Amprion)","Vianden 3","11WD7VIAN2H-1-3K","Hydro Pumped Storage","11WD7VIAN2H-1-3K","16/04/2026 08:00 - 16/04/2026 09:00","48.30",""
"16/04/2026 00:00 - 17/04/2026 00:00","CTA|DE(Amprion)","Vianden 3","11WD7VIAN2H-1-3K","Hydro Pumped Storage","11WD7VIAN2H-1-3K","16/04/2026 09:00 - 16/04/2026 10:00","0.03",""
"16/04/2026 00:00 - 17/04/2026 00:00","CTA|DE(Amprion)","Vianden 3","11WD7VIAN2H-1-3K","Hydro Pumped Storage","11WD7VIAN2H-1-3K","16/04/2026 10:00 - 16/04/2026 11:00","5.03",""
"16/04/2026 00:00 - 17/04/2026 00:00","CTA|DE(Amprion)","Vianden 3","11WD7VIAN2H-1-3K","Hydro Pumped Storage","11WD7VIAN2H-1-3K","16/04/2026 11:00 - 16/04/2026 12:00","0.00",""
"16/04/2026 00:00 - 17/04/2026 00:00","CTA|DE(Amprion)","Vianden 3","11WD7VIAN2H-1-3K","Hydro Pumped Storage","11WD7VIAN2H-1-3K","16/04/2026 12:00 - 16/04/2026 13:00","0.00",""
"16/04/2026 00:00 - 17/04/2026 00:00","CTA|DE(Amprion)","Vianden 3","11WD7VIAN2H-1-3K","Hydro Pumped Storage","11WD7VIAN2H-1-3K","16/04/2026 13:00 - 16/04/2026 14:00","0.10",""
"16/04/2026 00:00 - 17/04/2026 00:00","CTA|DE(Amprion)","Vianden 3","11WD7VIAN2H-1-3K","Hydro Pumped Storage","11WD7VIAN2H-1-3K","16/04/2026 14:00 - 16/04/2026 15:00","0.03",""
"16/04/2026 00:00 - 17/04/2026 00:00","CTA|DE(Amprion)","Vianden 3","11WD7VIAN2H-1-3K","Hydro Pumped Storage","11WD7VIAN2H-1-3K","16/04/2026 15:00 - 16/04/2026 16:00","0.05",""
"16/04/2026 00:00 - 17/04/2026 00:00","CTA|DE(Amprion)","Vianden 3","11WD7VIAN2H-1-3K","Hydro Pumped Storage","11WD7VIAN2H-1-3K","16/04/2026 16:00 - 16/04/2026 17:00","0.10",""
"16/04/2026 00:00 - 17/04/2026 00:00","CTA|DE(Amprion)","Vianden 3","11WD7VIAN2H-1-3K","Hydro Pumped Storage","11WD7VIAN2H-1-3K","16/04/2026 17:00 - 16/04/2026 18:00","0.10",""
"16/04/2026 00:00 - 17/04/2026 00:00","CTA|DE(Amprion)","Vianden 3","11WD7VIAN2H-1-3K","Hydro Pumped Storage","11WD7VIAN2H-1-3K","16/04/2026 18:00 - 16/04/2026 19:00","0.10",""
"16/04/2026 00:00 - 17/04/2026 00:00","CTA|DE(Amprion)","Vianden 3","11WD7VIAN2H-1-3K","Hydro Pumped Storage","11WD7VIAN2H-1-3K","16/04/2026 19:00 - 16/04/2026 20:00","18.50",""
"16/04/2026 00:00 - 17/04/2026 00:00","CTA|DE(Amprion)","Vianden 3","11WD7VIAN2H-1-3K","Hydro Pumped Storage","11WD7VIAN2H-1-3K","16/04/2026 20:00 - 16/04/2026 21:00","72.88",""
"16/04/2026 00:00 - 17/04/2026 00:00","CTA|DE(Amprion)","Vianden 3","11WD7VIAN2H-1-3K","Hydro Pumped Storage","11WD7VIAN2H-1-3K","16/04/2026 21:00 - 16/04/2026 22:00","67.50",""
"16/04/2026 00:00 - 17/04/2026 00:00","CTA|DE(Amprion)","Vianden 3","11WD7VIAN2H-1-3K","Hydro Pumped Storage","11WD7VIAN2H-1-3K","16/04/2026 22:00 - 16/04/2026 23:00","0.00",""
"16/04/2026 00:00 - 17/04/2026 00:00","CTA|DE(Amprion)","Vianden 3","11WD7VIAN2H-1-3K","Hydro Pumped Storage","11WD7VIAN2H-1-3K","16/04/2026 23:00 - 17/04/2026 00:00","0.00",""
"16/04/2026 00:00 - 17/04/2026 00:00","CTA|DE(Amprion)","Vianden 4","11WD7VIAN2H-1-4I","Hydro Pumped Storage","11WD7VIAN2H-1-4I","16/04/2026 00:00 - 16/04/2026 01:00","0.00",""
"16/04/2026 00:00 - 17/04/2026 00:00","CTA|DE(Amprion)","Vianden 4","11WD7VIAN2H-1-4I","Hydro Pumped Storage","11WD7VIAN2H-1-4I","16/04/2026 01:00 - 16/04/2026 02:00","0.00",""
"16/04/2026 00:00 - 17/04/2026 00:00","CTA|DE(Amprion)","Vianden 4","11WD7VIAN2H-1-4I","Hydro Pumped Storage","11WD7VIAN2H-1-4I","16/04/2026 02:00 - 16/04/2026 03:00","0.00",""
"16/04/2026 00:00 - 17/04/2026 00:00","CTA|DE(Amprion)","Vianden 4","11WD7VIAN2H-1-4I","Hydro Pumped Storage","11WD7VIAN2H-1-4I","16/04/2026 03:00 - 16/04/2026 04:00","0.00",""
"16/04/2026 00:00 - 17/04/2026 00:00","CTA|DE(Amprion)","Vianden 4","11WD7VIAN2H-1-4I","Hydro Pumped Storage","11WD7VIAN2H-1-4I","16/04/2026 04:00 - 16/04/2026 05:00","0.00",""
"16/04/2026 00:00 - 17/04/2026 00:00","CTA|DE(Amprion)","Vianden 4","11WD7VIAN2H-1-4I","Hydro Pumped Storage","11WD7VIAN2H-1-4I","16/04/2026 05:00 - 16/04/2026 06:00","0.00",""
"16/04/2026 00:00 - 17/04/2026 00:00","CTA|DE(Amprion)","Vianden 4","11WD7VIAN2H-1-4I","Hydro Pumped Storage","11WD7VIAN2H-1-4I","16/04/2026 06:00 - 16/04/2026 07:00","0.00",""
"16/04/2026 00:00 - 17/04/2026 00:00","CTA|DE(Amprion)","Vianden 4","11WD7VIAN2H-1-4I","Hydro Pumped Storage","11WD7VIAN2H-1-4I","16/04/2026 07:00 - 16/04/2026 08:00","0.00",""
"16/04/2026 00:00 - 17/04/2026 00:00","CTA|DE(Amprion)","Vianden 4","11WD7VIAN2H-1-4I","Hydro Pumped Storage","11WD7VIAN2H-1-4I","16/04/2026 08:00 - 16/04/2026 09:00","0.00",""
"16/04/2026 00:00 - 17/04/2026 00:00","CTA|DE(Amprion)","Vianden 4","11WD7VIAN2H-1-4I","Hydro Pumped Storage","11WD7VIAN2H-1-4I","16/04/2026 09:00 - 16/04/2026 10:00","0.00",""
"16/04/2026 00:00 - 17/04/2026 00:00","CTA|DE(Amprion)","Vianden 4","11WD7VIAN2H-1-4I","Hydro Pumped Storage","11WD7VIAN2H-1-4I","16/04/2026 10:00 - 16/04/2026 11:00","0.00",""
"16/04/2026 00:00 - 17/04/2026 00:00","CTA|DE(Amprion)","Vianden 4","11WD7VIAN2H-1-4I","Hydro Pumped Storage","11WD7VIAN2H-1-4I","16/04/2026 11:00 - 16/04/2026 12:00","0.00",""
"16/04/2026 00:00 - 17/04/2026 00:00","CTA|DE(Amprion)","Vianden 4","11WD7VIAN2H-1-4I","Hydro Pumped Storage","11WD7VIAN2H-1-4I","16/04/2026 12:00 - 16/04/2026 13:00","0.00",""
"16/04/2026 00:00 - 17/04/2026 00:00","CTA|DE(Amprion)","Vianden 4","11WD7VIAN2H-1-4I","Hydro Pumped Storage","11WD7VIAN2H-1-4I","16/04/2026 13:00 - 16/04/2026 14:00","0.00",""
"16/04/2026 00:00 - 17/04/2026 00:00","CTA|DE(Amprion)","Vianden 4","11WD7VIAN2H-1-4I","Hydro Pumped Storage","11WD7VIAN2H-1-4I","16/04/2026 14:00 - 16/04/2026 15:00","0.00",""
"16/04/2026 00:00 - 17/04/2026 00:00","CTA|DE(Amprion)","Vianden 4","11WD7VIAN2H-1-4I","Hydro Pumped Storage","11WD7VIAN2H-1-4I","16/04/2026 15:00 - 16/04/2026 16:00","0.00",""
"16/04/2026 00:00 - 17/04/2026 00:00","CTA|DE(Amprion)","Vianden 4","11WD7VIAN2H-1-4I","Hydro Pumped Storage","11WD7VIAN2H-1-4I","16/04/2026 16:00 - 16/04/2026 17:00","0.00",""
"16/04/2026 00:00 - 17/04/2026 00:00","CTA|DE(Amprion)","Vianden 4","11WD7VIAN2H-1-4I","Hydro Pumped Storage","11WD7VIAN2H-1-4I","16/04/2026 17:00 - 16/04/2026 18:00","0.00",""
"16/04/2026 00:00 - 17/04/2026 00:00","CTA|DE(Amprion)","Vianden 4","11WD7VIAN2H-1-4I","Hydro Pumped Storage","11WD7VIAN2H-1-4I","16/04/2026 18:00 - 16/04/2026 19:00","0.00",""
"16/04/2026 00:00 - 17/04/2026 00:00","CTA|DE(Amprion)","Vianden 4","11WD7VIAN2H-1-4I","Hydro Pumped Storage","11WD7VIAN2H-1-4I","16/04/2026 19:00 - 16/04/2026 20:00","18.02",""
"16/04/2026 00:00 - 17/04/2026 00:00","CTA|DE(Amprion)","Vianden 4","11WD7VIAN2H-1-4I","Hydro Pumped Storage","11WD7VIAN2H-1-4I","16/04/2026 20:00 - 16/04/2026 21:00","77.15",""
"16/04/2026 00:00 - 17/04/2026 00:00","CTA|DE(Amprion)","Vianden 4","11WD7VIAN2H-1-4I","Hydro Pumped Storage","11WD7VIAN2H-1-4I","16/04/2026 21:00 - 16/04/2026 22:00","67.50",""
"16/04/2026 00:00 - 17/04/2026 00:00","CTA|DE(Amprion)","Vianden 4","11WD7VIAN2H-1-4I","Hydro Pumped Storage","11WD7VIAN2H-1-4I","16/04/2026 22:00 - 16/04/2026 23:00","0.00",""
"16/04/2026 00:00 - 17/04/2026 00:00","CTA|DE(Amprion)","Vianden 4","11WD7VIAN2H-1-4I","Hydro Pumped Storage","11WD7VIAN2H-1-4I","16/04/2026 23:00 - 17/04/2026 00:00","0.00",""
"16/04/2026 00:00 - 17/04/2026 00:00","CTA|DE(Amprion)","Vianden 5","11WD7VIAN2H-2-5C","Hydro Pumped Storage","11WD7VIAN2H-2-5C","16/04/2026 00:00 - 16/04/2026 01:00","0.00",""
"16/04/2026 00:00 - 17/04/2026 00:00","CTA|DE(Amprion)","Vianden 5","11WD7VIAN2H-2-5C","Hydro Pumped Storage","11WD7VIAN2H-2-5C","16/04/2026 01:00 - 16/04/2026 02:00","0.00",""
"16/04/2026 00:00 - 17/04/2026 00:00","CTA|DE(Amprion)","Vianden 5","11WD7VIAN2H-2-5C","Hydro Pumped Storage","11WD7VIAN2H-2-5C","16/04/2026 02:00 - 16/04/2026 03:00","0.00",""
"16/04/2026 00:00 - 17/04/2026 00:00","CTA|DE(Amprion)","Vianden 5","11WD7VIAN2H-2-5C","Hydro Pumped Storage","11WD7VIAN2H-2-5C","16/04/2026 03:00 - 16/04/2026 04:00","0.00",""
"16/04/2026 00:00 - 17/04/2026 00:00","CTA|DE(Amprion)","Vianden 5","11WD7VIAN2H-2-5C","Hydro Pumped Storage","11WD7VIAN2H-2-5C","16/04/2026 04:00 - 16/04/2026 05:00","0.00",""
"16/04/2026 00:00 - 17/04/2026 00:00","CTA|DE(Amprion)","Vianden 5","11WD7VIAN2H-2-5C","Hydro Pumped Storage","11WD7VIAN2H-2-5C","16/04/2026 05:00 - 16/04/2026 06:00","0.00",""
"16/04/2026 00:00 - 17/04/2026 00:00","CTA|DE(Amprion)","Vianden 5","11WD7VIAN2H-2-5C","Hydro Pumped Storage","11WD7VIAN2H-2-5C","16/04/2026 06:00 - 16/04/2026 07:00","0.00",""
"16/04/2026 00:00 - 17/04/2026 00:00","CTA|DE(Amprion)","Vianden 5","11WD7VIAN2H-2-5C","Hydro Pumped Storage","11WD7VIAN2H-2-5C","16/04/2026 07:00 - 16/04/2026 08:00","0.00",""
"16/04/2026 00:00 - 17/04/2026 00:00","CTA|DE(Amprion)","Vianden 5","11WD7VIAN2H-2-5C","Hydro Pumped Storage","11WD7VIAN2H-2-5C","16/04/2026 08:00 - 16/04/2026 09:00","0.00",""
"16/04/2026 00:00 - 17/04/2026 00:00","CTA|DE(Amprion)","Vianden 5","11WD7VIAN2H-2-5C","Hydro Pumped Storage","11WD7VIAN2H-2-5C","16/04/2026 09:00 - 16/04/2026 10:00","0.00",""
"16/04/2026 00:00 - 17/04/2026 00:00","CTA|DE(Amprion)","Vianden 5","11WD7VIAN2H-2-5C","Hydro Pumped Storage","11WD7VIAN2H-2-5C","16/04/2026 10:00 - 16/04/2026 11:00","0.00",""
"16/04/2026 00:00 - 17/04/2026 00:00","CTA|DE(Amprion)","Vianden 5","11WD7VIAN2H-2-5C","Hydro Pumped Storage","11WD7VIAN2H-2-5C","16/04/2026 11:00 - 16/04/2026 12:00","0.00",""
"16/04/2026 00:00 - 17/04/2026 00:00","CTA|DE(Amprion)","Vianden 5","11WD7VIAN2H-2-5C","Hydro Pumped Storage","11WD7VIAN2H-2-5C","16/04/2026 12:00 - 16/04/2026 13:00","0.00",""
"16/04/2026 00:00 - 17/04/2026 00:00","CTA|DE(Amprion)","Vianden 5","11WD7VIAN2H-2-5C","Hydro Pumped Storage","11WD7VIAN2H-2-5C","16/04/2026 13:00 - 16/04/2026 14:00","0.00",""
"16/04/2026 00:00 - 17/04/2026 00:00","CTA|DE(Amprion)","Vianden 5","11WD7VIAN2H-2-5C","Hydro Pumped Storage","11WD7VIAN2H-2-5C","16/04/2026 14:00 - 16/04/2026 15:00","0.00",""
"16/04/2026 00:00 - 17/04/2026 00:00","CTA|DE(Amprion)","Vianden 5","11WD7VIAN2H-2-5C","Hydro Pumped Storage","11WD7VIAN2H-2-5C","16/04/2026 15:00 - 16/04/2026 16:00","0.00",""
"16/04/2026 00:00 - 17/04/2026 00:00","CTA|DE(Amprion)","Vianden 5","11WD7VIAN2H-2-5C","Hydro Pumped Storage","11WD7VIAN2H-2-5C","16/04/2026 16:00 - 16/04/2026 17:00","0.00",""
"16/04/2026 00:00 - 17/04/2026 00:00","CTA|DE(Amprion)","Vianden 5","11WD7VIAN2H-2-5C","Hydro Pumped Storage","11WD7VIAN2H-2-5C","16/04/2026 17:00 - 16/04/2026 18:00","0.00",""
"16/04/2026 00:00 - 17/04/2026 00:00","CTA|DE(Amprion)","Vianden 5","11WD7VIAN2H-2-5C","Hydro Pumped Storage","11WD7VIAN2H-2-5C","16/04/2026 18:00 - 16/04/2026 19:00","0.00",""
"16/04/2026 00:00 - 17/04/2026 00:00","CTA|DE(Amprion)","Vianden 5","11WD7VIAN2H-2-5C","Hydro Pumped Storage","11WD7VIAN2H-2-5C","16/04/2026 19:00 - 16/04/2026 20:00","0.00",""
"16/04/2026 00:00 - 17/04/2026 00:00","CTA|DE(Amprion)","Vianden 5","11WD7VIAN2H-2-5C","Hydro Pumped Storage","11WD7VIAN2H-2-5C","16/04/2026 20:00 - 16/04/2026 21:00","0.00",""
"16/04/2026 00:00 - 17/04/2026 00:00","CTA|DE(Amprion)","Vianden 5","11WD7VIAN2H-2-5C","Hydro Pumped Storage","11WD7VIAN2H-2-5C","16/04/2026 21:00 - 16/04/2026 22:00","0.00",""
"16/04/2026 00:00 - 17/04/2026 00:00","CTA|DE(Amprion)","Vianden 5","11WD7VIAN2H-2-5C","Hydro Pumped Storage","11WD7VIAN2H-2-5C","16/04/2026 22:00 - 16/04/2026 23:00","0.00",""
"16/04/2026 00:00 - 17/04/2026 00:00","CTA|DE(Amprion)","Vianden 5","11WD7VIAN2H-2-5C","Hydro Pumped Storage","11WD7VIAN2H-2-5C","16/04/2026 23:00 - 17/04/2026 00:00","0.00",""
"16/04/2026 00:00 - 17/04/2026 00:00","CTA|DE(Amprion)","Vianden 6","11WD7VIAN2H-2-6A","Hydro Pumped Storage","11WD7VIAN2H-2-6A","16/04/2026 00:00 - 16/04/2026 01:00","0.00",""
"16/04/2026 00:00 - 17/04/2026 00:00","CTA|DE(Amprion)","Vianden 6","11WD7VIAN2H-2-6A","Hydro Pumped Storage","11WD7VIAN2H-2-6A","16/04/2026 01:00 - 16/04/2026 02:00","0.00",""
"16/04/2026 00:00 - 17/04/2026 00:00","CTA|DE(Amprion)","Vianden 6","11WD7VIAN2H-2-6A","Hydro Pumped Storage","11WD7VIAN2H-2-6A","16/04/2026 02:00 - 16/04/2026 03:00","0.00",""
"16/04/2026 00:00 - 17/04/2026 00:00","CTA|DE(Amprion)","Vianden 6","11WD7VIAN2H-2-6A","Hydro Pumped Storage","11WD7VIAN2H-2-6A","16/04/2026 03:00 - 16/04/2026 04:00","0.00",""
"16/04/2026 00:00 - 17/04/2026 00:00","CTA|DE(Amprion)","Vianden 6","11WD7VIAN2H-2-6A","Hydro Pumped Storage","11WD7VIAN2H-2-6A","16/04/2026 04:00 - 16/04/2026 05:00","0.00",""
"16/04/2026 00:00 - 17/04/2026 00:00","CTA|DE(Amprion)","Vianden 6","11WD7VIAN2H-2-6A","Hydro Pumped Storage","11WD7VIAN2H-2-6A","16/04/2026 05:00 - 16/04/2026 06:00","0.00",""
"16/04/2026 00:00 - 17/04/2026 00:00","CTA|DE(Amprion)","Vianden 6","11WD7VIAN2H-2-6A","Hydro Pumped Storage","11WD7VIAN2H-2-6A","16/04/2026 06:00 - 16/04/2026 07:00","0.00",""
"16/04/2026 00:00 - 17/04/2026 00:00","CTA|DE(Amprion)","Vianden 6","11WD7VIAN2H-2-6A","Hydro Pumped Storage","11WD7VIAN2H-2-6A","16/04/2026 07:00 - 16/04/2026 08:00","0.00",""
"16/04/2026 00:00 - 17/04/2026 00:00","CTA|DE(Amprion)","Vianden 6","11WD7VIAN2H-2-6A","Hydro Pumped Storage","11WD7VIAN2H-2-6A","16/04/2026 08:00 - 16/04/2026 09:00","0.00",""
"16/04/2026 00:00 - 17/04/2026 00:00","CTA|DE(Amprion)","Vianden 6","11WD7VIAN2H-2-6A","Hydro Pumped Storage","11WD7VIAN2H-2-6A","16/04/2026 09:00 - 16/04/2026 10:00","0.00",""
"16/04/2026 00:00 - 17/04/2026 00:00","CTA|DE(Amprion)","Vianden 6","11WD7VIAN2H-2-6A","Hydro Pumped Storage","11WD7VIAN2H-2-6A","16/04/2026 10:00 - 16/04/2026 11:00","0.00",""
"16/04/2026 00:00 - 17/04/2026 00:00","CTA|DE(Amprion)","Vianden 6","11WD7VIAN2H-2-6A","Hydro Pumped Storage","11WD7VIAN2H-2-6A","16/04/2026 11:00 - 16/04/2026 12:00","0.00",""
"16/04/2026 00:00 - 17/04/2026 00:00","CTA|DE(Amprion)","Vianden 6","11WD7VIAN2H-2-6A","Hydro Pumped Storage","11WD7VIAN2H-2-6A","16/04/2026 12:00 - 16/04/2026 13:00","0.00",""
"16/04/2026 00:00 - 17/04/2026 00:00","CTA|DE(Amprion)","Vianden 6","11WD7VIAN2H-2-6A","Hydro Pumped Storage","11WD7VIAN2H-2-6A","16/04/2026 13:00 - 16/04/2026 14:00","0.00",""
"16/04/2026 00:00 - 17/04/2026 00:00","CTA|DE(Amprion)","Vianden 6","11WD7VIAN2H-2-6A","Hydro Pumped Storage","11WD7VIAN2H-2-6A","16/04/2026 14:00 - 16/04/2026 15:00","0.00",""
"16/04/2026 00:00 - 17/04/2026 00:00","CTA|DE(Amprion)","Vianden 6","11WD7VIAN2H-2-6A","Hydro Pumped Storage","11WD7VIAN2H-2-6A","16/04/2026 15:00 - 16/04/2026 16:00","0.00",""
"16/04/2026 00:00 - 17/04/2026 00:00","CTA|DE(Amprion)","Vianden 6","11WD7VIAN2H-2-6A","Hydro Pumped Storage","11WD7VIAN2H-2-6A","16/04/2026 16:00 - 16/04/2026 17:00","0.00",""
"16/04/2026 00:00 - 17/04/2026 00:00","CTA|DE(Amprion)","Vianden 6","11WD7VIAN2H-2-6A","Hydro Pumped Storage","11WD7VIAN2H-2-6A","16/04/2026 17:00 - 16/04/2026 18:00","0.00",""
"16/04/2026 00:00 - 17/04/2026 00:00","CTA|DE(Amprion)","Vianden 6","11WD7VIAN2H-2-6A","Hydro Pumped Storage","11WD7VIAN2H-2-6A","16/04/2026 18:00 - 16/04/2026 19:00","0.00",""
"16/04/2026 00:00 - 17/04/2026 00:00","CTA|DE(Amprion)","Vianden 6","11WD7VIAN2H-2-6A","Hydro Pumped Storage","11WD7VIAN2H-2-6A","16/04/2026 19:00 - 16/04/2026 20:00","37.52",""
"16/04/2026 00:00 - 17/04/2026 00:00","CTA|DE(Amprion)","Vianden 6","11WD7VIAN2H-2-6A","Hydro Pumped Storage","11WD7VIAN2H-2-6A","16/04/2026 20:00 - 16/04/2026 21:00","69.58",""
"16/04/2026 00:00 - 17/04/2026 00:00","CTA|DE(Amprion)","Vianden 6","11WD7VIAN2H-2-6A","Hydro Pumped Storage","11WD7VIAN2H-2-6A","16/04/2026 21:00 - 16/04/2026 22:00","65.53",""
"16/04/2026 00:00 - 17/04/2026 00:00","CTA|DE(Amprion)","Vianden 6","11WD7VIAN2H-2-6A","Hydro Pumped Storage","11WD7VIAN2H-2-6A","16/04/2026 22:00 - 16/04/2026 23:00","0.00",""
"16/04/2026 00:00 - 17/04/2026 00:00","CTA|DE(Amprion)","Vianden 6","11WD7VIAN2H-2-6A","Hydro Pumped Storage","11WD7VIAN2H-2-6A","16/04/2026 23:00 - 17/04/2026 00:00","0.00",""
"16/04/2026 00:00 - 17/04/2026 00:00","CTA|DE(Amprion)","Vianden 7","11WD7VIAN2H-2-78","Hydro Pumped Storage","11WD7VIAN2H-2-78","16/04/2026 00:00 - 16/04/2026 01:00","0.00",""
"16/04/2026 00:00 - 17/04/2026 00:00","CTA|DE(Amprion)","Vianden 7","11WD7VIAN2H-2-78","Hydro Pumped Storage","11WD7VIAN2H-2-78","16/04/2026 01:00 - 16/04/2026 02:00","0.00",""
"16/04/2026 00:00 - 17/04/2026 00:00","CTA|DE(Amprion)","Vianden 7","11WD7VIAN2H-2-78","Hydro Pumped Storage","11WD7VIAN2H-2-78","16/04/2026 02:00 - 16/04/2026 03:00","0.00",""
"16/04/2026 00:00 - 17/04/2026 00:00","CTA|DE(Amprion)","Vianden 7","11WD7VIAN2H-2-78","Hydro Pumped Storage","11WD7VIAN2H-2-78","16/04/2026 03:00 - 16/04/2026 04:00","0.00",""
"16/04/2026 00:00 - 17/04/2026 00:00","CTA|DE(Amprion)","Vianden 7","11WD7VIAN2H-2-78","Hydro Pumped Storage","11WD7VIAN2H-2-78","16/04/2026 04:00 - 16/04/2026 05:00","0.00",""
"16/04/2026 00:00 - 17/04/2026 00:00","CTA|DE(Amprion)","Vianden 7","11WD7VIAN2H-2-78","Hydro Pumped Storage","11WD7VIAN2H-2-78","16/04/2026 05:00 - 16/04/2026 06:00","0.00",""
"16/04/2026 00:00 - 17/04/2026 00:00","CTA|DE(Amprion)","Vianden 7","11WD7VIAN2H-2-78","Hydro Pumped Storage","11WD7VIAN2H-2-78","16/04/2026 06:00 - 16/04/2026 07:00","0.00",""
"16/04/2026 00:00 - 17/04/2026 00:00","CTA|DE(Amprion)","Vianden 7","11WD7VIAN2H-2-78","Hydro Pumped Storage","11WD7VIAN2H-2-78","16/04/2026 07:00 - 16/04/2026 08:00","0.00",""
"16/04/2026 00:00 - 17/04/2026 00:00","CTA|DE(Amprion)","Vianden 7","11WD7VIAN2H-2-78","Hydro Pumped Storage","11WD7VIAN2H-2-78","16/04/2026 08:00 - 16/04/2026 09:00","0.00",""
"16/04/2026 00:00 - 17/04/2026 00:00","CTA|DE(Amprion)","Vianden 7","11WD7VIAN2H-2-78","Hydro Pumped Storage","11WD7VIAN2H-2-78","16/04/2026 09:00 - 16/04/2026 10:00","0.00",""
"16/04/2026 00:00 - 17/04/2026 00:00","CTA|DE(Amprion)","Vianden 7","11WD7VIAN2H-2-78","Hydro Pumped Storage","11WD7VIAN2H-2-78","16/04/2026 10:00 - 16/04/2026 11:00","0.00",""
"16/04/2026 00:00 - 17/04/2026 00:00","CTA|DE(Amprion)","Vianden 7","11WD7VIAN2H-2-78","Hydro Pumped Storage","11WD7VIAN2H-2-78","16/04/2026 11:00 - 16/04/2026 12:00","0.00",""
"16/04/2026 00:00 - 17/04/2026 00:00","CTA|DE(Amprion)","Vianden 7","11WD7VIAN2H-2-78","Hydro Pumped Storage","11WD7VIAN2H-2-78","16/04/2026 12:00 - 16/04/2026 13:00","0.00",""
"16/04/2026 00:00 - 17/04/2026 00:00","CTA|DE(Amprion)","Vianden 7","11WD7VIAN2H-2-78","Hydro Pumped Storage","11WD7VIAN2H-2-78","16/04/2026 13:00 - 16/04/2026 14:00","0.00",""
"16/04/2026 00:00 - 17/04/2026 00:00","CTA|DE(Amprion)","Vianden 7","11WD7VIAN2H-2-78","Hydro Pumped Storage","11WD7VIAN2H-2-78","16/04/2026 14:00 - 16/04/2026 15:00","0.00",""
"16/04/2026 00:00 - 17/04/2026 00:00","CTA|DE(Amprion)","Vianden 7","11WD7VIAN2H-2-78","Hydro Pumped Storage","11WD7VIAN2H-2-78","16/04/2026 15:00 - 16/04/2026 16:00","0.00",""
"16/04/2026 00:00 - 17/04/2026 00:00","CTA|DE(Amprion)","Vianden 7","11WD7VIAN2H-2-78","Hydro Pumped Storage","11WD7VIAN2H-2-78","16/04/2026 16:00 - 16/04/2026 17:00","0.00",""
"16/04/2026 00:00 - 17/04/2026 00:00","CTA|DE(Amprion)","Vianden 7","11WD7VIAN2H-2-78","Hydro Pumped Storage","11WD7VIAN2H-2-78","16/04/2026 17:00 - 16/04/2026 18:00","0.00",""
"16/04/2026 00:00 - 17/04/2026 00:00","CTA|DE(Amprion)","Vianden 7","11WD7VIAN2H-2-78","Hydro Pumped Storage","11WD7VIAN2H-2-78","16/04/2026 18:00 - 16/04/2026 19:00","0.00",""
"16/04/2026 00:00 - 17/04/2026 00:00","CTA|DE(Amprion)","Vianden 7","11WD7VIAN2H-2-78","Hydro Pumped Storage","11WD7VIAN2H-2-78","16/04/2026 19:00 - 16/04/2026 20:00","37.23",""
"16/04/2026 00:00 - 17/04/2026 00:00","CTA|DE(Amprion)","Vianden 7","11WD7VIAN2H-2-78","Hydro Pumped Storage","11WD7VIAN2H-2-78","16/04/2026 20:00 - 16/04/2026 21:00","69.78",""
"16/04/2026 00:00 - 17/04/2026 00:00","CTA|DE(Amprion)","Vianden 7","11WD7VIAN2H-2-78","Hydro Pumped Storage","11WD7VIAN2H-2-78","16/04/2026 21:00 - 16/04/2026 22:00","65.90",""
"16/04/2026 00:00 - 17/04/2026 00:00","CTA|DE(Amprion)","Vianden 7","11WD7VIAN2H-2-78","Hydro Pumped Storage","11WD7VIAN2H-2-78","16/04/2026 22:00 - 16/04/2026 23:00","0.00",""
"16/04/2026 00:00 - 17/04/2026 00:00","CTA|DE(Amprion)","Vianden 7","11WD7VIAN2H-2-78","Hydro Pumped Storage","11WD7VIAN2H-2-78","16/04/2026 23:00 - 17/04/2026 00:00","0.00",""
"16/04/2026 00:00 - 17/04/2026 00:00","CTA|DE(Amprion)","Vianden 8","11WD7VIAN2H-2-86","Hydro Pumped Storage","11WD7VIAN2H-2-86","16/04/2026 00:00 - 16/04/2026 01:00","0.00",""
"16/04/2026 00:00 - 17/04/2026 00:00","CTA|DE(Amprion)","Vianden 8","11WD7VIAN2H-2-86","Hydro Pumped Storage","11WD7VIAN2H-2-86","16/04/2026 01:00 - 16/04/2026 02:00","0.00",""
"16/04/2026 00:00 - 17/04/2026 00:00","CTA|DE(Amprion)","Vianden 8","11WD7VIAN2H-2-86","Hydro Pumped Storage","11WD7VIAN2H-2-86","16/04/2026 02:00 - 16/04/2026 03:00","0.00",""
"16/04/2026 00:00 - 17/04/2026 00:00","CTA|DE(Amprion)","Vianden 8","11WD7VIAN2H-2-86","Hydro Pumped Storage","11WD7VIAN2H-2-86","16/04/2026 03:00 - 16/04/2026 04:00","0.00",""
"16/04/2026 00:00 - 17/04/2026 00:00","CTA|DE(Amprion)","Vianden 8","11WD7VIAN2H-2-86","Hydro Pumped Storage","11WD7VIAN2H-2-86","16/04/2026 04:00 - 16/04/2026 05:00","0.00",""
"16/04/2026 00:00 - 17/04/2026 00:00","CTA|DE(Amprion)","Vianden 8","11WD7VIAN2H-2-86","Hydro Pumped Storage","11WD7VIAN2H-2-86","16/04/2026 05:00 - 16/04/2026 06:00","0.00",""
"16/04/2026 00:00 - 17/04/2026 00:00","CTA|DE(Amprion)","Vianden 8","11WD7VIAN2H-2-86","Hydro Pumped Storage","11WD7VIAN2H-2-86","16/04/2026 06:00 - 16/04/2026 07:00","0.00",""
"16/04/2026 00:00 - 17/04/2026 00:00","CTA|DE(Amprion)","Vianden 8","11WD7VIAN2H-2-86","Hydro Pumped Storage","11WD7VIAN2H-2-86","16/04/2026 07:00 - 16/04/2026 08:00","0.00",""
"16/04/2026 00:00 - 17/04/2026 00:00","CTA|DE(Amprion)","Vianden 8","11WD7VIAN2H-2-86","Hydro Pumped Storage","11WD7VIAN2H-2-86","16/04/2026 08:00 - 16/04/2026 09:00","0.00",""
"16/04/2026 00:00 - 17/04/2026 00:00","CTA|DE(Amprion)","Vianden 8","11WD7VIAN2H-2-86","Hydro Pumped Storage","11WD7VIAN2H-2-86","16/04/2026 09:00 - 16/04/2026 10:00","0.00",""
"16/04/2026 00:00 - 17/04/2026 00:00","CTA|DE(Amprion)","Vianden 8","11WD7VIAN2H-2-86","Hydro Pumped Storage","11WD7VIAN2H-2-86","16/04/2026 10:00 - 16/04/2026 11:00","0.00",""
"16/04/2026 00:00 - 17/04/2026 00:00","CTA|DE(Amprion)","Vianden 8","11WD7VIAN2H-2-86","Hydro Pumped Storage","11WD7VIAN2H-2-86","16/04/2026 11:00 - 16/04/2026 12:00","0.00",""
"16/04/2026 00:00 - 17/04/2026 00:00","CTA|DE(Amprion)","Vianden 8","11WD7VIAN2H-2-86","Hydro Pumped Storage","11WD7VIAN2H-2-86","16/04/2026 12:00 - 16/04/2026 13:00","0.00",""
"16/04/2026 00:00 - 17/04/2026 00:00","CTA|DE(Amprion)","Vianden 8","11WD7VIAN2H-2-86","Hydro Pumped Storage","11WD7VIAN2H-2-86","16/04/2026 13:00 - 16/04/2026 14:00","0.00",""
"16/04/2026 00:00 - 17/04/2026 00:00","CTA|DE(Amprion)","Vianden 8","11WD7VIAN2H-2-86","Hydro Pumped Storage","11WD7VIAN2H-2-86","16/04/2026 14:00 - 16/04/2026 15:00","0.00",""
"16/04/2026 00:00 - 17/04/2026 00:00","CTA|DE(Amprion)","Vianden 8","11WD7VIAN2H-2-86","Hydro Pumped Storage","11WD7VIAN2H-2-86","16/04/2026 15:00 - 16/04/2026 16:00","0.00",""
"16/04/2026 00:00 - 17/04/2026 00:00","CTA|DE(Amprion)","Vianden 8","11WD7VIAN2H-2-86","Hydro Pumped Storage","11WD7VIAN2H-2-86","16/04/2026 16:00 - 16/04/2026 17:00","0.00",""
"16/04/2026 00:00 - 17/04/2026 00:00","CTA|DE(Amprion)","Vianden 8","11WD7VIAN2H-2-86","Hydro Pumped Storage","11WD7VIAN2H-2-86","16/04/2026 17:00 - 16/04/2026 18:00","0.00",""
"16/04/2026 00:00 - 17/04/2026 00:00","CTA|DE(Amprion)","Vianden 8","11WD7VIAN2H-2-86","Hydro Pumped Storage","11WD7VIAN2H-2-86","16/04/2026 18:00 - 16/04/2026 19:00","0.00",""
"16/04/2026 00:00 - 17/04/2026 00:00","CTA|DE(Amprion)","Vianden 8","11WD7VIAN2H-2-86","Hydro Pumped Storage","11WD7VIAN2H-2-86","16/04/2026 19:00 - 16/04/2026 20:00","38.50",""
"16/04/2026 00:00 - 17/04/2026 00:00","CTA|DE(Amprion)","Vianden 8","11WD7VIAN2H-2-86","Hydro Pumped Storage","11WD7VIAN2H-2-86","16/04/2026 20:00 - 16/04/2026 21:00","71.58",""
"16/04/2026 00:00 - 17/04/2026 00:00","CTA|DE(Amprion)","Vianden 8","11WD7VIAN2H-2-86","Hydro Pumped Storage","11WD7VIAN2H-2-86","16/04/2026 21:00 - 16/04/2026 22:00","67.53",""
"16/04/2026 00:00 - 17/04/2026 00:00","CTA|DE(Amprion)","Vianden 8","11WD7VIAN2H-2-86","Hydro Pumped Storage","11WD7VIAN2H-2-86","16/04/2026 22:00 - 16/04/2026 23:00","0.00",""
"16/04/2026 00:00 - 17/04/2026 00:00","CTA|DE(Amprion)","Vianden 8","11WD7VIAN2H-2-86","Hydro Pumped Storage","11WD7VIAN2H-2-86","16/04/2026 23:00 - 17/04/2026 00:00","0.00",""
"16/04/2026 00:00 - 17/04/2026 00:00","CTA|DE(Amprion)","Vianden 9","11WD7VIAN2H-2-94","Hydro Pumped Storage","11WD7VIAN2H-2-94","16/04/2026 00:00 - 16/04/2026 01:00","0.00",""
"16/04/2026 00:00 - 17/04/2026 00:00","CTA|DE(Amprion)","Vianden 9","11WD7VIAN2H-2-94","Hydro Pumped Storage","11WD7VIAN2H-2-94","16/04/2026 01:00 - 16/04/2026 02:00","0.00",""
"16/04/2026 00:00 - 17/04/2026 00:00","CTA|DE(Amprion)","Vianden 9","11WD7VIAN2H-2-94","Hydro Pumped Storage","11WD7VIAN2H-2-94","16/04/2026 02:00 - 16/04/2026 03:00","0.00",""
"16/04/2026 00:00 - 17/04/2026 00:00","CTA|DE(Amprion)","Vianden 9","11WD7VIAN2H-2-94","Hydro Pumped Storage","11WD7VIAN2H-2-94","16/04/2026 03:00 - 16/04/2026 04:00","0.00",""
"16/04/2026 00:00 - 17/04/2026 00:00","CTA|DE(Amprion)","Vianden 9","11WD7VIAN2H-2-94","Hydro Pumped Storage","11WD7VIAN2H-2-94","16/04/2026 04:00 - 16/04/2026 05:00","0.00",""
"16/04/2026 00:00 - 17/04/2026 00:00","CTA|DE(Amprion)","Vianden 9","11WD7VIAN2H-2-94","Hydro Pumped Storage","11WD7VIAN2H-2-94","16/04/2026 05:00 - 16/04/2026 06:00","0.00",""
"16/04/2026 00:00 - 17/04/2026 00:00","CTA|DE(Amprion)","Vianden 9","11WD7VIAN2H-2-94","Hydro Pumped Storage","11WD7VIAN2H-2-94","16/04/2026 06:00 - 16/04/2026 07:00","0.00",""
"16/04/2026 00:00 - 17/04/2026 00:00","CTA|DE(Amprion)","Vianden 9","11WD7VIAN2H-2-94","Hydro Pumped Storage","11WD7VIAN2H-2-94","16/04/2026 07:00 - 16/04/2026 08:00","0.00",""
"16/04/2026 00:00 - 17/04/2026 00:00","CTA|DE(Amprion)","Vianden 9","11WD7VIAN2H-2-94","Hydro Pumped Storage","11WD7VIAN2H-2-94","16/04/2026 08:00 - 16/04/2026 09:00","0.00",""
"16/04/2026 00:00 - 17/04/2026 00:00","CTA|DE(Amprion)","Vianden 9","11WD7VIAN2H-2-94","Hydro Pumped Storage","11WD7VIAN2H-2-94","16/04/2026 09:00 - 16/04/2026 10:00","0.00",""
"16/04/2026 00:00 - 17/04/2026 00:00","CTA|DE(Amprion)","Vianden 9","11WD7VIAN2H-2-94","Hydro Pumped Storage","11WD7VIAN2H-2-94","16/04/2026 10:00 - 16/04/2026 11:00","0.00",""
"16/04/2026 00:00 - 17/04/2026 00:00","CTA|DE(Amprion)","Vianden 9","11WD7VIAN2H-2-94","Hydro Pumped Storage","11WD7VIAN2H-2-94","16/04/2026 11:00 - 16/04/2026 12:00","0.00",""
"16/04/2026 00:00 - 17/04/2026 00:00","CTA|DE(Amprion)","Vianden 9","11WD7VIAN2H-2-94","Hydro Pumped Storage","11WD7VIAN2H-2-94","16/04/2026 12:00 - 16/04/2026 13:00","0.00",""
"16/04/2026 00:00 - 17/04/2026 00:00","CTA|DE(Amprion)","Vianden 9","11WD7VIAN2H-2-94","Hydro Pumped Storage","11WD7VIAN2H-2-94","16/04/2026 13:00 - 16/04/2026 14:00","0.00",""
"16/04/2026 00:00 - 17/04/2026 00:00","CTA|DE(Amprion)","Vianden 9","11WD7VIAN2H-2-94","Hydro Pumped Storage","11WD7VIAN2H-2-94","16/04/2026 14:00 - 16/04/2026 15:00","0.00",""
"16/04/2026 00:00 - 17/04/2026 00:00","CTA|DE(Amprion)","Vianden 9","11WD7VIAN2H-2-94","Hydro Pumped Storage","11WD7VIAN2H-2-94","16/04/2026 15:00 - 16/04/2026 16:00","0.00",""
"16/04/2026 00:00 - 17/04/2026 00:00","CTA|DE(Amprion)","Vianden 9","11WD7VIAN2H-2-94","Hydro Pumped Storage","11WD7VIAN2H-2-94","16/04/2026 16:00 - 16/04/2026 17:00","0.00",""
"16/04/2026 00:00 - 17/04/2026 00:00","CTA|DE(Amprion)","Vianden 9","11WD7VIAN2H-2-94","Hydro Pumped Storage","11WD7VIAN2H-2-94","16/04/2026 17:00 - 16/04/2026 18:00","0.00",""
"16/04/2026 00:00 - 17/04/2026 00:00","CTA|DE(Amprion)","Vianden 9","11WD7VIAN2H-2-94","Hydro Pumped Storage","11WD7VIAN2H-2-94","16/04/2026 18:00 - 16/04/2026 19:00","0.00",""
"16/04/2026 00:00 - 17/04/2026 00:00","CTA|DE(Amprion)","Vianden 9","11WD7VIAN2H-2-94","Hydro Pumped Storage","11WD7VIAN2H-2-94","16/04/2026 19:00 - 16/04/2026 20:00","37.17",""
"16/04/2026 00:00 - 17/04/2026 00:00","CTA|DE(Amprion)","Vianden 9","11WD7VIAN2H-2-94","Hydro Pumped Storage","11WD7VIAN2H-2-94","16/04/2026 20:00 - 16/04/2026 21:00","70.67",""
"16/04/2026 00:00 - 17/04/2026 00:00","CTA|DE(Amprion)","Vianden 9","11WD7VIAN2H-2-94","Hydro Pumped Storage","11WD7VIAN2H-2-94","16/04/2026 21:00 - 16/04/2026 22:00","52.42",""
"16/04/2026 00:00 - 17/04/2026 00:00","CTA|DE(Amprion)","Vianden 9","11WD7VIAN2H-2-94","Hydro Pumped Storage","11WD7VIAN2H-2-94","16/04/2026 22:00 - 16/04/2026 23:00","0.00",""
"16/04/2026 00:00 - 17/04/2026 00:00","CTA|DE(Amprion)","Vianden 9","11WD7VIAN2H-2-94","Hydro Pumped Storage","11WD7VIAN2H-2-94","16/04/2026 23:00 - 17/04/2026 00:00","0.00",""
"16/04/2026 00:00 - 17/04/2026 00:00","CTA|DE(Amprion)","VOELKLINGEN_HKV","11WD7VOLK5S-HKVM","Fossil Hard coal","11WD7VOLK5S-HKVM","16/04/2026 00:00 - 16/04/2026 01:00","0.00",""
"16/04/2026 00:00 - 17/04/2026 00:00","CTA|DE(Amprion)","VOELKLINGEN_HKV","11WD7VOLK5S-HKVM","Fossil Hard coal","11WD7VOLK5S-HKVM","16/04/2026 01:00 - 16/04/2026 02:00","0.00",""
"16/04/2026 00:00 - 17/04/2026 00:00","CTA|DE(Amprion)","VOELKLINGEN_HKV","11WD7VOLK5S-HKVM","Fossil Hard coal","11WD7VOLK5S-HKVM","16/04/2026 02:00 - 16/04/2026 03:00","0.00",""
"16/04/2026 00:00 - 17/04/2026 00:00","CTA|DE(Amprion)","VOELKLINGEN_HKV","11WD7VOLK5S-HKVM","Fossil Hard coal","11WD7VOLK5S-HKVM","16/04/2026 03:00 - 16/04/2026 04:00","0.00",""
"16/04/2026 00:00 - 17/04/2026 00:00","CTA|DE(Amprion)","VOELKLINGEN_HKV","11WD7VOLK5S-HKVM","Fossil Hard coal","11WD7VOLK5S-HKVM","16/04/2026 04:00 - 16/04/2026 05:00","0.00",""
"16/04/2026 00:00 - 17/04/2026 00:00","CTA|DE(Amprion)","VOELKLINGEN_HKV","11WD7VOLK5S-HKVM","Fossil Hard coal","11WD7VOLK5S-HKVM","16/04/2026 05:00 - 16/04/2026 06:00","0.00",""
"16/04/2026 00:00 - 17/04/2026 00:00","CTA|DE(Amprion)","VOELKLINGEN_HKV","11WD7VOLK5S-HKVM","Fossil Hard coal","11WD7VOLK5S-HKVM","16/04/2026 06:00 - 16/04/2026 07:00","0.00",""
"16/04/2026 00:00 - 17/04/2026 00:00","CTA|DE(Amprion)","VOELKLINGEN_HKV","11WD7VOLK5S-HKVM","Fossil Hard coal","11WD7VOLK5S-HKVM","16/04/2026 07:00 - 16/04/2026 08:00","0.00",""
"16/04/2026 00:00 - 17/04/2026 00:00","CTA|DE(Amprion)","VOELKLINGEN_HKV","11WD7VOLK5S-HKVM","Fossil Hard coal","11WD7VOLK5S-HKVM","16/04/2026 08:00 - 16/04/2026 09:00","0.00",""
"16/04/2026 00:00 - 17/04/2026 00:00","CTA|DE(Amprion)","VOELKLINGEN_HKV","11WD7VOLK5S-HKVM","Fossil Hard coal","11WD7VOLK5S-HKVM","16/04/2026 09:00 - 16/04/2026 10:00","0.00",""
"16/04/2026 00:00 - 17/04/2026 00:00","CTA|DE(Amprion)","VOELKLINGEN_HKV","11WD7VOLK5S-HKVM","Fossil Hard coal","11WD7VOLK5S-HKVM","16/04/2026 10:00 - 16/04/2026 11:00","0.00",""
"16/04/2026 00:00 - 17/04/2026 00:00","CTA|DE(Amprion)","VOELKLINGEN_HKV","11WD7VOLK5S-HKVM","Fossil Hard coal","11WD7VOLK5S-HKVM","16/04/2026 11:00 - 16/04/2026 12:00","0.00",""
"16/04/2026 00:00 - 17/04/2026 00:00","CTA|DE(Amprion)","VOELKLINGEN_HKV","11WD7VOLK5S-HKVM","Fossil Hard coal","11WD7VOLK5S-HKVM","16/04/2026 12:00 - 16/04/2026 13:00","0.00",""
"16/04/2026 00:00 - 17/04/2026 00:00","CTA|DE(Amprion)","VOELKLINGEN_HKV","11WD7VOLK5S-HKVM","Fossil Hard coal","11WD7VOLK5S-HKVM","16/04/2026 13:00 - 16/04/2026 14:00","0.00",""
"16/04/2026 00:00 - 17/04/2026 00:00","CTA|DE(Amprion)","VOELKLINGEN_HKV","11WD7VOLK5S-HKVM","Fossil Hard coal","11WD7VOLK5S-HKVM","16/04/2026 14:00 - 16/04/2026 15:00","0.00",""
"16/04/2026 00:00 - 17/04/2026 00:00","CTA|DE(Amprion)","VOELKLINGEN_HKV","11WD7VOLK5S-HKVM","Fossil Hard coal","11WD7VOLK5S-HKVM","16/04/2026 15:00 - 16/04/2026 16:00","0.00",""
"16/04/2026 00:00 - 17/04/2026 00:00","CTA|DE(Amprion)","VOELKLINGEN_HKV","11WD7VOLK5S-HKVM","Fossil Hard coal","11WD7VOLK5S-HKVM","16/04/2026 16:00 - 16/04/2026 17:00","0.00",""
"16/04/2026 00:00 - 17/04/2026 00:00","CTA|DE(Amprion)","VOELKLINGEN_HKV","11WD7VOLK5S-HKVM","Fossil Hard coal","11WD7VOLK5S-HKVM","16/04/2026 17:00 - 16/04/2026 18:00","0.00",""
"16/04/2026 00:00 - 17/04/2026 00:00","CTA|DE(Amprion)","VOELKLINGEN_HKV","11WD7VOLK5S-HKVM","Fossil Hard coal","11WD7VOLK5S-HKVM","16/04/2026 18:00 - 16/04/2026 19:00","0.00",""
"16/04/2026 00:00 - 17/04/2026 00:00","CTA|DE(Amprion)","VOELKLINGEN_HKV","11WD7VOLK5S-HKVM","Fossil Hard coal","11WD7VOLK5S-HKVM","16/04/2026 19:00 - 16/04/2026 20:00","0.00",""
"16/04/2026 00:00 - 17/04/2026 00:00","CTA|DE(Amprion)","VOELKLINGEN_HKV","11WD7VOLK5S-HKVM","Fossil Hard coal","11WD7VOLK5S-HKVM","16/04/2026 20:00 - 16/04/2026 21:00","0.00",""
"16/04/2026 00:00 - 17/04/2026 00:00","CTA|DE(Amprion)","VOELKLINGEN_HKV","11WD7VOLK5S-HKVM","Fossil Hard coal","11WD7VOLK5S-HKVM","16/04/2026 21:00 - 16/04/2026 22:00","0.00",""
"16/04/2026 00:00 - 17/04/2026 00:00","CTA|DE(Amprion)","VOELKLINGEN_HKV","11WD7VOLK5S-HKVM","Fossil Hard coal","11WD7VOLK5S-HKVM","16/04/2026 22:00 - 16/04/2026 23:00","0.00",""
"16/04/2026 00:00 - 17/04/2026 00:00","CTA|DE(Amprion)","VOELKLINGEN_HKV","11WD7VOLK5S-HKVM","Fossil Hard coal","11WD7VOLK5S-HKVM","16/04/2026 23:00 - 17/04/2026 00:00","0.00",""
"16/04/2026 00:00 - 17/04/2026 00:00","CTA|DE(Amprion)","VOELKLINGEN_MKV","11WD7VOLK5S-MKV2","Fossil Hard coal","11WD7VOLK5S-MKV2","16/04/2026 00:00 - 16/04/2026 01:00","0.00",""
"16/04/2026 00:00 - 17/04/2026 00:00","CTA|DE(Amprion)","VOELKLINGEN_MKV","11WD7VOLK5S-MKV2","Fossil Hard coal","11WD7VOLK5S-MKV2","16/04/2026 01:00 - 16/04/2026 02:00","0.00",""
"16/04/2026 00:00 - 17/04/2026 00:00","CTA|DE(Amprion)","VOELKLINGEN_MKV","11WD7VOLK5S-MKV2","Fossil Hard coal","11WD7VOLK5S-MKV2","16/04/2026 02:00 - 16/04/2026 03:00","0.00",""
"16/04/2026 00:00 - 17/04/2026 00:00","CTA|DE(Amprion)","VOELKLINGEN_MKV","11WD7VOLK5S-MKV2","Fossil Hard coal","11WD7VOLK5S-MKV2","16/04/2026 03:00 - 16/04/2026 04:00","0.00",""
"16/04/2026 00:00 - 17/04/2026 00:00","CTA|DE(Amprion)","VOELKLINGEN_MKV","11WD7VOLK5S-MKV2","Fossil Hard coal","11WD7VOLK5S-MKV2","16/04/2026 04:00 - 16/04/2026 05:00","0.00",""
"16/04/2026 00:00 - 17/04/2026 00:00","CTA|DE(Amprion)","VOELKLINGEN_MKV","11WD7VOLK5S-MKV2","Fossil Hard coal","11WD7VOLK5S-MKV2","16/04/2026 05:00 - 16/04/2026 06:00","0.00",""
"16/04/2026 00:00 - 17/04/2026 00:00","CTA|DE(Amprion)","VOELKLINGEN_MKV","11WD7VOLK5S-MKV2","Fossil Hard coal","11WD7VOLK5S-MKV2","16/04/2026 06:00 - 16/04/2026 07:00","0.00",""
"16/04/2026 00:00 - 17/04/2026 00:00","CTA|DE(Amprion)","VOELKLINGEN_MKV","11WD7VOLK5S-MKV2","Fossil Hard coal","11WD7VOLK5S-MKV2","16/04/2026 07:00 - 16/04/2026 08:00","0.00",""
"16/04/2026 00:00 - 17/04/2026 00:00","CTA|DE(Amprion)","VOELKLINGEN_MKV","11WD7VOLK5S-MKV2","Fossil Hard coal","11WD7VOLK5S-MKV2","16/04/2026 08:00 - 16/04/2026 09:00","0.00",""
"16/04/2026 00:00 - 17/04/2026 00:00","CTA|DE(Amprion)","VOELKLINGEN_MKV","11WD7VOLK5S-MKV2","Fossil Hard coal","11WD7VOLK5S-MKV2","16/04/2026 09:00 - 16/04/2026 10:00","0.00",""
"16/04/2026 00:00 - 17/04/2026 00:00","CTA|DE(Amprion)","VOELKLINGEN_MKV","11WD7VOLK5S-MKV2","Fossil Hard coal","11WD7VOLK5S-MKV2","16/04/2026 10:00 - 16/04/2026 11:00","0.00",""
"16/04/2026 00:00 - 17/04/2026 00:00","CTA|DE(Amprion)","VOELKLINGEN_MKV","11WD7VOLK5S-MKV2","Fossil Hard coal","11WD7VOLK5S-MKV2","16/04/2026 11:00 - 16/04/2026 12:00","0.00",""
"16/04/2026 00:00 - 17/04/2026 00:00","CTA|DE(Amprion)","VOELKLINGEN_MKV","11WD7VOLK5S-MKV2","Fossil Hard coal","11WD7VOLK5S-MKV2","16/04/2026 12:00 - 16/04/2026 13:00","0.00",""
"16/04/2026 00:00 - 17/04/2026 00:00","CTA|DE(Amprion)","VOELKLINGEN_MKV","11WD7VOLK5S-MKV2","Fossil Hard coal","11WD7VOLK5S-MKV2","16/04/2026 13:00 - 16/04/2026 14:00","0.00",""
"16/04/2026 00:00 - 17/04/2026 00:00","CTA|DE(Amprion)","VOELKLINGEN_MKV","11WD7VOLK5S-MKV2","Fossil Hard coal","11WD7VOLK5S-MKV2","16/04/2026 14:00 - 16/04/2026 15:00","0.00",""
"16/04/2026 00:00 - 17/04/2026 00:00","CTA|DE(Amprion)","VOELKLINGEN_MKV","11WD7VOLK5S-MKV2","Fossil Hard coal","11WD7VOLK5S-MKV2","16/04/2026 15:00 - 16/04/2026 16:00","0.00",""
"16/04/2026 00:00 - 17/04/2026 00:00","CTA|DE(Amprion)","VOELKLINGEN_MKV","11WD7VOLK5S-MKV2","Fossil Hard coal","11WD7VOLK5S-MKV2","16/04/2026 16:00 - 16/04/2026 17:00","0.00",""
"16/04/2026 00:00 - 17/04/2026 00:00","CTA|DE(Amprion)","VOELKLINGEN_MKV","11WD7VOLK5S-MKV2","Fossil Hard coal","11WD7VOLK5S-MKV2","16/04/2026 17:00 - 16/04/2026 18:00","0.00",""
"16/04/2026 00:00 - 17/04/2026 00:00","CTA|DE(Amprion)","VOELKLINGEN_MKV","11WD7VOLK5S-MKV2","Fossil Hard coal","11WD7VOLK5S-MKV2","16/04/2026 18:00 - 16/04/2026 19:00","0.00",""
"16/04/2026 00:00 - 17/04/2026 00:00","CTA|DE(Amprion)","VOELKLINGEN_MKV","11WD7VOLK5S-MKV2","Fossil Hard coal","11WD7VOLK5S-MKV2","16/04/2026 19:00 - 16/04/2026 20:00","0.00",""
"16/04/2026 00:00 - 17/04/2026 00:00","CTA|DE(Amprion)","VOELKLINGEN_MKV","11WD7VOLK5S-MKV2","Fossil Hard coal","11WD7VOLK5S-MKV2","16/04/2026 20:00 - 16/04/2026 21:00","0.00",""
"16/04/2026 00:00 - 17/04/2026 00:00","CTA|DE(Amprion)","VOELKLINGEN_MKV","11WD7VOLK5S-MKV2","Fossil Hard coal","11WD7VOLK5S-MKV2","16/04/2026 21:00 - 16/04/2026 22:00","0.00",""
"16/04/2026 00:00 - 17/04/2026 00:00","CTA|DE(Amprion)","VOELKLINGEN_MKV","11WD7VOLK5S-MKV2","Fossil Hard coal","11WD7VOLK5S-MKV2","16/04/2026 22:00 - 16/04/2026 23:00","0.00",""
"16/04/2026 00:00 - 17/04/2026 00:00","CTA|DE(Amprion)","VOELKLINGEN_MKV","11WD7VOLK5S-MKV2","Fossil Hard coal","11WD7VOLK5S-MKV2","16/04/2026 23:00 - 17/04/2026 00:00","0.00",""
"16/04/2026 00:00 - 17/04/2026 00:00","CTA|DE(Amprion)","WALSUM_10","11WD7WALS1S--10A","Fossil Hard coal","11WD7WALS1S--10A","16/04/2026 00:00 - 16/04/2026 00:15","689.10",""
"16/04/2026 00:00 - 17/04/2026 00:00","CTA|DE(Amprion)","WALSUM_10","11WD7WALS1S--10A","Fossil Hard coal","11WD7WALS1S--10A","16/04/2026 00:15 - 16/04/2026 00:30","685.10",""
"16/04/2026 00:00 - 17/04/2026 00:00","CTA|DE(Amprion)","WALSUM_10","11WD7WALS1S--10A","Fossil Hard coal","11WD7WALS1S--10A","16/04/2026 00:30 - 16/04/2026 00:45","690.60",""
"16/04/2026 00:00 - 17/04/2026 00:00","CTA|DE(Amprion)","WALSUM_10","11WD7WALS1S--10A","Fossil Hard coal","11WD7WALS1S--10A","16/04/2026 00:45 - 16/04/2026 01:00","693.50",""
"16/04/2026 00:00 - 17/04/2026 00:00","CTA|DE(Amprion)","WALSUM_10","11WD7WALS1S--10A","Fossil Hard coal","11WD7WALS1S--10A","16/04/2026 01:00 - 16/04/2026 01:15","690.20",""
"16/04/2026 00:00 - 17/04/2026 00:00","CTA|DE(Amprion)","WALSUM_10","11WD7WALS1S--10A","Fossil Hard coal","11WD7WALS1S--10A","16/04/2026 01:15 - 16/04/2026 01:30","676.60",""
"16/04/2026 00:00 - 17/04/2026 00:00","CTA|DE(Amprion)","WALSUM_10","11WD7WALS1S--10A","Fossil Hard coal","11WD7WALS1S--10A","16/04/2026 01:30 - 16/04/2026 01:45","578.50",""
"16/04/2026 00:00 - 17/04/2026 00:00","CTA|DE(Amprion)","WALSUM_10","11WD7WALS1S--10A","Fossil Hard coal","11WD7WALS1S--10A","16/04/2026 01:45 - 16/04/2026 02:00","483.80",""
"16/04/2026 00:00 - 17/04/2026 00:00","CTA|DE(Amprion)","WALSUM_10","11WD7WALS1S--10A","Fossil Hard coal","11WD7WALS1S--10A","16/04/2026 02:00 - 16/04/2026 02:15","403.60",""
"16/04/2026 00:00 - 17/04/2026 00:00","CTA|DE(Amprion)","WALSUM_10","11WD7WALS1S--10A","Fossil Hard coal","11WD7WALS1S--10A","16/04/2026 02:15 - 16/04/2026 02:30","374.60",""
"16/04/2026 00:00 - 17/04/2026 00:00","CTA|DE(Amprion)","WALSUM_10","11WD7WALS1S--10A","Fossil Hard coal","11WD7WALS1S--10A","16/04/2026 02:30 - 16/04/2026 02:45","369.00",""
"16/04/2026 00:00 - 17/04/2026 00:00","CTA|DE(Amprion)","WALSUM_10","11WD7WALS1S--10A","Fossil Hard coal","11WD7WALS1S--10A","16/04/2026 02:45 - 16/04/2026 03:00","365.90",""
"16/04/2026 00:00 - 17/04/2026 00:00","CTA|DE(Amprion)","WALSUM_10","11WD7WALS1S--10A","Fossil Hard coal","11WD7WALS1S--10A","16/04/2026 03:00 - 16/04/2026 03:15","302.20",""
"16/04/2026 00:00 - 17/04/2026 00:00","CTA|DE(Amprion)","WALSUM_10","11WD7WALS1S--10A","Fossil Hard coal","11WD7WALS1S--10A","16/04/2026 03:15 - 16/04/2026 03:30","289.70",""
"16/04/2026 00:00 - 17/04/2026 00:00","CTA|DE(Amprion)","WALSUM_10","11WD7WALS1S--10A","Fossil Hard coal","11WD7WALS1S--10A","16/04/2026 03:30 - 16/04/2026 03:45","285.90",""
"16/04/2026 00:00 - 17/04/2026 00:00","CTA|DE(Amprion)","WALSUM_10","11WD7WALS1S--10A","Fossil Hard coal","11WD7WALS1S--10A","16/04/2026 03:45 - 16/04/2026 04:00","283.80",""
"16/04/2026 00:00 - 17/04/2026 00:00","CTA|DE(Amprion)","WALSUM_10","11WD7WALS1S--10A","Fossil Hard coal","11WD7WALS1S--10A","16/04/2026 04:00 - 16/04/2026 04:15","283.20",""
"16/04/2026 00:00 - 17/04/2026 00:00","CTA|DE(Amprion)","WALSUM_10","11WD7WALS1S--10A","Fossil Hard coal","11WD7WALS1S--10A","16/04/2026 04:15 - 16/04/2026 04:30","284.90",""
"16/04/2026 00:00 - 17/04/2026 00:00","CTA|DE(Amprion)","WALSUM_10","11WD7WALS1S--10A","Fossil Hard coal","11WD7WALS1S--10A","16/04/2026 04:30 - 16/04/2026 04:45","286.90",""
"16/04/2026 00:00 - 17/04/2026 00:00","CTA|DE(Amprion)","WALSUM_10","11WD7WALS1S--10A","Fossil Hard coal","11WD7WALS1S--10A","16/04/2026 04:45 - 16/04/2026 05:00","284.90",""
"16/04/2026 00:00 - 17/04/2026 00:00","CTA|DE(Amprion)","WALSUM_10","11WD7WALS1S--10A","Fossil Hard coal","11WD7WALS1S--10A","16/04/2026 05:00 - 16/04/2026 05:15","284.70",""
"16/04/2026 00:00 - 17/04/2026 00:00","CTA|DE(Amprion)","WALSUM_10","11WD7WALS1S--10A","Fossil Hard coal","11WD7WALS1S--10A","16/04/2026 05:15 - 16/04/2026 05:30","284.70",""
"16/04/2026 00:00 - 17/04/2026 00:00","CTA|DE(Amprion)","WALSUM_10","11WD7WALS1S--10A","Fossil Hard coal","11WD7WALS1S--10A","16/04/2026 05:30 - 16/04/2026 05:45","294.50",""
"16/04/2026 00:00 - 17/04/2026 00:00","CTA|DE(Amprion)","WALSUM_10","11WD7WALS1S--10A","Fossil Hard coal","11WD7WALS1S--10A","16/04/2026 05:45 - 16/04/2026 06:00","403.00",""
"16/04/2026 00:00 - 17/04/2026 00:00","CTA|DE(Amprion)","WALSUM_10","11WD7WALS1S--10A","Fossil Hard coal","11WD7WALS1S--10A","16/04/2026 06:00 - 16/04/2026 06:15","508.00",""
"16/04/2026 00:00 - 17/04/2026 00:00","CTA|DE(Amprion)","WALSUM_10","11WD7WALS1S--10A","Fossil Hard coal","11WD7WALS1S--10A","16/04/2026 06:15 - 16/04/2026 06:30","607.70",""
"16/04/2026 00:00 - 17/04/2026 00:00","CTA|DE(Amprion)","WALSUM_10","11WD7WALS1S--10A","Fossil Hard coal","11WD7WALS1S--10A","16/04/2026 06:30 - 16/04/2026 06:45","686.40",""
"16/04/2026 00:00 - 17/04/2026 00:00","CTA|DE(Amprion)","WALSUM_10","11WD7WALS1S--10A","Fossil Hard coal","11WD7WALS1S--10A","16/04/2026 06:45 - 16/04/2026 07:00","692.90",""
"16/04/2026 00:00 - 17/04/2026 00:00","CTA|DE(Amprion)","WALSUM_10","11WD7WALS1S--10A","Fossil Hard coal","11WD7WALS1S--10A","16/04/2026 07:00 - 16/04/2026 07:15","695.40",""
"16/04/2026 00:00 - 17/04/2026 00:00","CTA|DE(Amprion)","WALSUM_10","11WD7WALS1S--10A","Fossil Hard coal","11WD7WALS1S--10A","16/04/2026 07:15 - 16/04/2026 07:30","692.40",""
"16/04/2026 00:00 - 17/04/2026 00:00","CTA|DE(Amprion)","WALSUM_10","11WD7WALS1S--10A","Fossil Hard coal","11WD7WALS1S--10A","16/04/2026 07:30 - 16/04/2026 07:45","692.50",""
"16/04/2026 00:00 - 17/04/2026 00:00","CTA|DE(Amprion)","WALSUM_10","11WD7WALS1S--10A","Fossil Hard coal","11WD7WALS1S--10A","16/04/2026 07:45 - 16/04/2026 08:00","692.20",""
"16/04/2026 00:00 - 17/04/2026 00:00","CTA|DE(Amprion)","WALSUM_10","11WD7WALS1S--10A","Fossil Hard coal","11WD7WALS1S--10A","16/04/2026 08:00 - 16/04/2026 08:15","693.70",""
"16/04/2026 00:00 - 17/04/2026 00:00","CTA|DE(Amprion)","WALSUM_10","11WD7WALS1S--10A","Fossil Hard coal","11WD7WALS1S--10A","16/04/2026 08:15 - 16/04/2026 08:30","687.20",""
"16/04/2026 00:00 - 17/04/2026 00:00","CTA|DE(Amprion)","WALSUM_10","11WD7WALS1S--10A","Fossil Hard coal","11WD7WALS1S--10A","16/04/2026 08:30 - 16/04/2026 08:45","609.20",""
"16/04/2026 00:00 - 17/04/2026 00:00","CTA|DE(Amprion)","WALSUM_10","11WD7WALS1S--10A","Fossil Hard coal","11WD7WALS1S--10A","16/04/2026 08:45 - 16/04/2026 09:00","511.70",""
"16/04/2026 00:00 - 17/04/2026 00:00","CTA|DE(Amprion)","WALSUM_10","11WD7WALS1S--10A","Fossil Hard coal","11WD7WALS1S--10A","16/04/2026 09:00 - 16/04/2026 09:15","420.30",""
"16/04/2026 00:00 - 17/04/2026 00:00","CTA|DE(Amprion)","WALSUM_10","11WD7WALS1S--10A","Fossil Hard coal","11WD7WALS1S--10A","16/04/2026 09:15 - 16/04/2026 09:30","305.30",""
"16/04/2026 00:00 - 17/04/2026 00:00","CTA|DE(Amprion)","WALSUM_10","11WD7WALS1S--10A","Fossil Hard coal","11WD7WALS1S--10A","16/04/2026 09:30 - 16/04/2026 09:45","282.80",""
"16/04/2026 00:00 - 17/04/2026 00:00","CTA|DE(Amprion)","WALSUM_10","11WD7WALS1S--10A","Fossil Hard coal","11WD7WALS1S--10A","16/04/2026 09:45 - 16/04/2026 10:00","275.70",""
"16/04/2026 00:00 - 17/04/2026 00:00","CTA|DE(Amprion)","WALSUM_10","11WD7WALS1S--10A","Fossil Hard coal","11WD7WALS1S--10A","16/04/2026 10:00 - 16/04/2026 10:15","284.40",""
"16/04/2026 00:00 - 17/04/2026 00:00","CTA|DE(Amprion)","WALSUM_10","11WD7WALS1S--10A","Fossil Hard coal","11WD7WALS1S--10A","16/04/2026 10:15 - 16/04/2026 10:30","291.60",""
"16/04/2026 00:00 - 17/04/2026 00:00","CTA|DE(Amprion)","WALSUM_10","11WD7WALS1S--10A","Fossil Hard coal","11WD7WALS1S--10A","16/04/2026 10:30 - 16/04/2026 10:45","291.60",""
"16/04/2026 00:00 - 17/04/2026 00:00","CTA|DE(Amprion)","WALSUM_10","11WD7WALS1S--10A","Fossil Hard coal","11WD7WALS1S--10A","16/04/2026 10:45 - 16/04/2026 11:00","290.30",""
"16/04/2026 00:00 - 17/04/2026 00:00","CTA|DE(Amprion)","WALSUM_10","11WD7WALS1S--10A","Fossil Hard coal","11WD7WALS1S--10A","16/04/2026 11:00 - 16/04/2026 11:15","259.40",""
"16/04/2026 00:00 - 17/04/2026 00:00","CTA|DE(Amprion)","WALSUM_10","11WD7WALS1S--10A","Fossil Hard coal","11WD7WALS1S--10A","16/04/2026 11:15 - 16/04/2026 11:30","213.50",""
"16/04/2026 00:00 - 17/04/2026 00:00","CTA|DE(Amprion)","WALSUM_10","11WD7WALS1S--10A","Fossil Hard coal","11WD7WALS1S--10A","16/04/2026 11:30 - 16/04/2026 11:45","189.90",""
"16/04/2026 00:00 - 17/04/2026 00:00","CTA|DE(Amprion)","WALSUM_10","11WD7WALS1S--10A","Fossil Hard coal","11WD7WALS1S--10A","16/04/2026 11:45 - 16/04/2026 12:00","187.20",""
"16/04/2026 00:00 - 17/04/2026 00:00","CTA|DE(Amprion)","WALSUM_10","11WD7WALS1S--10A","Fossil Hard coal","11WD7WALS1S--10A","16/04/2026 12:00 - 16/04/2026 12:15","188.90",""
"16/04/2026 00:00 - 17/04/2026 00:00","CTA|DE(Amprion)","WALSUM_10","11WD7WALS1S--10A","Fossil Hard coal","11WD7WALS1S--10A","16/04/2026 12:15 - 16/04/2026 12:30","187.80",""
"16/04/2026 00:00 - 17/04/2026 00:00","CTA|DE(Amprion)","WALSUM_10","11WD7WALS1S--10A","Fossil Hard coal","11WD7WALS1S--10A","16/04/2026 12:30 - 16/04/2026 12:45","187.60",""
"16/04/2026 00:00 - 17/04/2026 00:00","CTA|DE(Amprion)","WALSUM_10","11WD7WALS1S--10A","Fossil Hard coal","11WD7WALS1S--10A","16/04/2026 12:45 - 16/04/2026 13:00","185.10",""
"16/04/2026 00:00 - 17/04/2026 00:00","CTA|DE(Amprion)","WALSUM_10","11WD7WALS1S--10A","Fossil Hard coal","11WD7WALS1S--10A","16/04/2026 13:00 - 16/04/2026 13:15","187.20",""
"16/04/2026 00:00 - 17/04/2026 00:00","CTA|DE(Amprion)","WALSUM_10","11WD7WALS1S--10A","Fossil Hard coal","11WD7WALS1S--10A","16/04/2026 13:15 - 16/04/2026 13:30","188.70",""
"16/04/2026 00:00 - 17/04/2026 00:00","CTA|DE(Amprion)","WALSUM_10","11WD7WALS1S--10A","Fossil Hard coal","11WD7WALS1S--10A","16/04/2026 13:30 - 16/04/2026 13:45","187.60",""
"16/04/2026 00:00 - 17/04/2026 00:00","CTA|DE(Amprion)","WALSUM_10","11WD7WALS1S--10A","Fossil Hard coal","11WD7WALS1S--10A","16/04/2026 13:45 - 16/04/2026 14:00","189.70",""
"16/04/2026 00:00 - 17/04/2026 00:00","CTA|DE(Amprion)","WALSUM_10","11WD7WALS1S--10A","Fossil Hard coal","11WD7WALS1S--10A","16/04/2026 14:00 - 16/04/2026 14:15","182.40",""
"16/04/2026 00:00 - 17/04/2026 00:00","CTA|DE(Amprion)","WALSUM_10","11WD7WALS1S--10A","Fossil Hard coal","11WD7WALS1S--10A","16/04/2026 14:15 - 16/04/2026 14:30","178.40",""
"16/04/2026 00:00 - 17/04/2026 00:00","CTA|DE(Amprion)","WALSUM_10","11WD7WALS1S--10A","Fossil Hard coal","11WD7WALS1S--10A","16/04/2026 14:30 - 16/04/2026 14:45","174.70",""
"16/04/2026 00:00 - 17/04/2026 00:00","CTA|DE(Amprion)","WALSUM_10","11WD7WALS1S--10A","Fossil Hard coal","11WD7WALS1S--10A","16/04/2026 14:45 - 16/04/2026 15:00","183.90",""
"16/04/2026 00:00 - 17/04/2026 00:00","CTA|DE(Amprion)","WALSUM_10","11WD7WALS1S--10A","Fossil Hard coal","11WD7WALS1S--10A","16/04/2026 15:00 - 16/04/2026 15:15","206.20",""
"16/04/2026 00:00 - 17/04/2026 00:00","CTA|DE(Amprion)","WALSUM_10","11WD7WALS1S--10A","Fossil Hard coal","11WD7WALS1S--10A","16/04/2026 15:15 - 16/04/2026 15:30","229.80",""
"16/04/2026 00:00 - 17/04/2026 00:00","CTA|DE(Amprion)","WALSUM_10","11WD7WALS1S--10A","Fossil Hard coal","11WD7WALS1S--10A","16/04/2026 15:30 - 16/04/2026 15:45","276.10",""
"16/04/2026 00:00 - 17/04/2026 00:00","CTA|DE(Amprion)","WALSUM_10","11WD7WALS1S--10A","Fossil Hard coal","11WD7WALS1S--10A","16/04/2026 15:45 - 16/04/2026 16:00","325.10",""
"16/04/2026 00:00 - 17/04/2026 00:00","CTA|DE(Amprion)","WALSUM_10","11WD7WALS1S--10A","Fossil Hard coal","11WD7WALS1S--10A","16/04/2026 16:00 - 16/04/2026 16:15","408.40",""
"16/04/2026 00:00 - 17/04/2026 00:00","CTA|DE(Amprion)","WALSUM_10","11WD7WALS1S--10A","Fossil Hard coal","11WD7WALS1S--10A","16/04/2026 16:15 - 16/04/2026 16:30","517.60",""
"16/04/2026 00:00 - 17/04/2026 00:00","CTA|DE(Amprion)","WALSUM_10","11WD7WALS1S--10A","Fossil Hard coal","11WD7WALS1S--10A","16/04/2026 16:30 - 16/04/2026 16:45","615.00",""
"16/04/2026 00:00 - 17/04/2026 00:00","CTA|DE(Amprion)","WALSUM_10","11WD7WALS1S--10A","Fossil Hard coal","11WD7WALS1S--10A","16/04/2026 16:45 - 16/04/2026 17:00","685.80",""
"16/04/2026 00:00 - 17/04/2026 00:00","CTA|DE(Amprion)","WALSUM_10","11WD7WALS1S--10A","Fossil Hard coal","11WD7WALS1S--10A","16/04/2026 17:00 - 16/04/2026 17:15","691.40",""
"16/04/2026 00:00 - 17/04/2026 00:00","CTA|DE(Amprion)","WALSUM_10","11WD7WALS1S--10A","Fossil Hard coal","11WD7WALS1S--10A","16/04/2026 17:15 - 16/04/2026 17:30","694.30",""
"16/04/2026 00:00 - 17/04/2026 00:00","CTA|DE(Amprion)","WALSUM_10","11WD7WALS1S--10A","Fossil Hard coal","11WD7WALS1S--10A","16/04/2026 17:30 - 16/04/2026 17:45","692.50",""
"16/04/2026 00:00 - 17/04/2026 00:00","CTA|DE(Amprion)","WALSUM_10","11WD7WALS1S--10A","Fossil Hard coal","11WD7WALS1S--10A","16/04/2026 17:45 - 16/04/2026 18:00","693.50",""
"16/04/2026 00:00 - 17/04/2026 00:00","CTA|DE(Amprion)","WALSUM_10","11WD7WALS1S--10A","Fossil Hard coal","11WD7WALS1S--10A","16/04/2026 18:00 - 16/04/2026 18:15","690.00",""
"16/04/2026 00:00 - 17/04/2026 00:00","CTA|DE(Amprion)","WALSUM_10","11WD7WALS1S--10A","Fossil Hard coal","11WD7WALS1S--10A","16/04/2026 18:15 - 16/04/2026 18:30","692.20",""
"16/04/2026 00:00 - 17/04/2026 00:00","CTA|DE(Amprion)","WALSUM_10","11WD7WALS1S--10A","Fossil Hard coal","11WD7WALS1S--10A","16/04/2026 18:30 - 16/04/2026 18:45","688.70",""
"16/04/2026 00:00 - 17/04/2026 00:00","CTA|DE(Amprion)","WALSUM_10","11WD7WALS1S--10A","Fossil Hard coal","11WD7WALS1S--10A","16/04/2026 18:45 - 16/04/2026 19:00","688.50",""
"16/04/2026 00:00 - 17/04/2026 00:00","CTA|DE(Amprion)","WALSUM_10","11WD7WALS1S--10A","Fossil Hard coal","11WD7WALS1S--10A","16/04/2026 19:00 - 16/04/2026 19:15","691.00",""
"16/04/2026 00:00 - 17/04/2026 00:00","CTA|DE(Amprion)","WALSUM_10","11WD7WALS1S--10A","Fossil Hard coal","11WD7WALS1S--10A","16/04/2026 19:15 - 16/04/2026 19:30","686.60",""
"16/04/2026 00:00 - 17/04/2026 00:00","CTA|DE(Amprion)","WALSUM_10","11WD7WALS1S--10A","Fossil Hard coal","11WD7WALS1S--10A","16/04/2026 19:30 - 16/04/2026 19:45","686.20",""
"16/04/2026 00:00 - 17/04/2026 00:00","CTA|DE(Amprion)","WALSUM_10","11WD7WALS1S--10A","Fossil Hard coal","11WD7WALS1S--10A","16/04/2026 19:45 - 16/04/2026 20:00","687.00",""
"16/04/2026 00:00 - 17/04/2026 00:00","CTA|DE(Amprion)","WALSUM_10","11WD7WALS1S--10A","Fossil Hard coal","11WD7WALS1S--10A","16/04/2026 20:00 - 16/04/2026 20:15","687.00",""
"16/04/2026 00:00 - 17/04/2026 00:00","CTA|DE(Amprion)","WALSUM_10","11WD7WALS1S--10A","Fossil Hard coal","11WD7WALS1S--10A","16/04/2026 20:15 - 16/04/2026 20:30","686.20",""
"16/04/2026 00:00 - 17/04/2026 00:00","CTA|DE(Amprion)","WALSUM_10","11WD7WALS1S--10A","Fossil Hard coal","11WD7WALS1S--10A","16/04/2026 20:30 - 16/04/2026 20:45","688.90",""
"16/04/2026 00:00 - 17/04/2026 00:00","CTA|DE(Amprion)","WALSUM_10","11WD7WALS1S--10A","Fossil Hard coal","11WD7WALS1S--10A","16/04/2026 20:45 - 16/04/2026 21:00","688.90",""
"16/04/2026 00:00 - 17/04/2026 00:00","CTA|DE(Amprion)","WALSUM_10","11WD7WALS1S--10A","Fossil Hard coal","11WD7WALS1S--10A","16/04/2026 21:00 - 16/04/2026 21:15","681.40",""
"16/04/2026 00:00 - 17/04/2026 00:00","CTA|DE(Amprion)","WALSUM_10","11WD7WALS1S--10A","Fossil Hard coal","11WD7WALS1S--10A","16/04/2026 21:15 - 16/04/2026 21:30","683.30",""
"16/04/2026 00:00 - 17/04/2026 00:00","CTA|DE(Amprion)","WALSUM_10","11WD7WALS1S--10A","Fossil Hard coal","11WD7WALS1S--10A","16/04/2026 21:30 - 16/04/2026 21:45","679.70",""
"16/04/2026 00:00 - 17/04/2026 00:00","CTA|DE(Amprion)","WALSUM_10","11WD7WALS1S--10A","Fossil Hard coal","11WD7WALS1S--10A","16/04/2026 21:45 - 16/04/2026 22:00","686.60",""
"16/04/2026 00:00 - 17/04/2026 00:00","CTA|DE(Amprion)","WALSUM_10","11WD7WALS1S--10A","Fossil Hard coal","11WD7WALS1S--10A","16/04/2026 22:00 - 16/04/2026 22:15","676.40",""
"16/04/2026 00:00 - 17/04/2026 00:00","CTA|DE(Amprion)","WALSUM_10","11WD7WALS1S--10A","Fossil Hard coal","11WD7WALS1S--10A","16/04/2026 22:15 - 16/04/2026 22:30","675.60",""
"16/04/2026 00:00 - 17/04/2026 00:00","CTA|DE(Amprion)","WALSUM_10","11WD7WALS1S--10A","Fossil Hard coal","11WD7WALS1S--10A","16/04/2026 22:30 - 16/04/2026 22:45","675.80",""
"16/04/2026 00:00 - 17/04/2026 00:00","CTA|DE(Amprion)","WALSUM_10","11WD7WALS1S--10A","Fossil Hard coal","11WD7WALS1S--10A","16/04/2026 22:45 - 16/04/2026 23:00","677.20",""
"16/04/2026 00:00 - 17/04/2026 00:00","CTA|DE(Amprion)","WALSUM_10","11WD7WALS1S--10A","Fossil Hard coal","11WD7WALS1S--10A","16/04/2026 23:00 - 16/04/2026 23:15","671.80",""
"16/04/2026 00:00 - 17/04/2026 00:00","CTA|DE(Amprion)","WALSUM_10","11WD7WALS1S--10A","Fossil Hard coal","11WD7WALS1S--10A","16/04/2026 23:15 - 16/04/2026 23:30","668.20",""
"16/04/2026 00:00 - 17/04/2026 00:00","CTA|DE(Amprion)","WALSUM_10","11WD7WALS1S--10A","Fossil Hard coal","11WD7WALS1S--10A","16/04/2026 23:30 - 16/04/2026 23:45","667.60",""
"16/04/2026 00:00 - 17/04/2026 00:00","CTA|DE(Amprion)","WALSUM_10","11WD7WALS1S--10A","Fossil Hard coal","11WD7WALS1S--10A","16/04/2026 23:45 - 17/04/2026 00:00","664.10",""
"16/04/2026 00:00 - 17/04/2026 00:00","CTA|DE(Amprion)","WEIHER_C","11WD7WEIH2S--C-A","Fossil Hard coal","11WD7WEIH2S--C-A","16/04/2026 00:00 - 16/04/2026 01:00","0.00",""
"16/04/2026 00:00 - 17/04/2026 00:00","CTA|DE(Amprion)","WEIHER_C","11WD7WEIH2S--C-A","Fossil Hard coal","11WD7WEIH2S--C-A","16/04/2026 01:00 - 16/04/2026 02:00","0.00",""
"16/04/2026 00:00 - 17/04/2026 00:00","CTA|DE(Amprion)","WEIHER_C","11WD7WEIH2S--C-A","Fossil Hard coal","11WD7WEIH2S--C-A","16/04/2026 02:00 - 16/04/2026 03:00","0.00",""
"16/04/2026 00:00 - 17/04/2026 00:00","CTA|DE(Amprion)","WEIHER_C","11WD7WEIH2S--C-A","Fossil Hard coal","11WD7WEIH2S--C-A","16/04/2026 03:00 - 16/04/2026 04:00","0.00",""
"16/04/2026 00:00 - 17/04/2026 00:00","CTA|DE(Amprion)","WEIHER_C","11WD7WEIH2S--C-A","Fossil Hard coal","11WD7WEIH2S--C-A","16/04/2026 04:00 - 16/04/2026 05:00","0.00",""
"16/04/2026 00:00 - 17/04/2026 00:00","CTA|DE(Amprion)","WEIHER_C","11WD7WEIH2S--C-A","Fossil Hard coal","11WD7WEIH2S--C-A","16/04/2026 05:00 - 16/04/2026 06:00","0.00",""
"16/04/2026 00:00 - 17/04/2026 00:00","CTA|DE(Amprion)","WEIHER_C","11WD7WEIH2S--C-A","Fossil Hard coal","11WD7WEIH2S--C-A","16/04/2026 06:00 - 16/04/2026 07:00","0.00",""
"16/04/2026 00:00 - 17/04/2026 00:00","CTA|DE(Amprion)","WEIHER_C","11WD7WEIH2S--C-A","Fossil Hard coal","11WD7WEIH2S--C-A","16/04/2026 07:00 - 16/04/2026 08:00","0.00",""
"16/04/2026 00:00 - 17/04/2026 00:00","CTA|DE(Amprion)","WEIHER_C","11WD7WEIH2S--C-A","Fossil Hard coal","11WD7WEIH2S--C-A","16/04/2026 08:00 - 16/04/2026 09:00","0.00",""
"16/04/2026 00:00 - 17/04/2026 00:00","CTA|DE(Amprion)","WEIHER_C","11WD7WEIH2S--C-A","Fossil Hard coal","11WD7WEIH2S--C-A","16/04/2026 09:00 - 16/04/2026 10:00","0.00",""
"16/04/2026 00:00 - 17/04/2026 00:00","CTA|DE(Amprion)","WEIHER_C","11WD7WEIH2S--C-A","Fossil Hard coal","11WD7WEIH2S--C-A","16/04/2026 10:00 - 16/04/2026 11:00","0.00",""
"16/04/2026 00:00 - 17/04/2026 00:00","CTA|DE(Amprion)","WEIHER_C","11WD7WEIH2S--C-A","Fossil Hard coal","11WD7WEIH2S--C-A","16/04/2026 11:00 - 16/04/2026 12:00","0.00",""
"16/04/2026 00:00 - 17/04/2026 00:00","CTA|DE(Amprion)","WEIHER_C","11WD7WEIH2S--C-A","Fossil Hard coal","11WD7WEIH2S--C-A","16/04/2026 12:00 - 16/04/2026 13:00","0.00",""
"16/04/2026 00:00 - 17/04/2026 00:00","CTA|DE(Amprion)","WEIHER_C","11WD7WEIH2S--C-A","Fossil Hard coal","11WD7WEIH2S--C-A","16/04/2026 13:00 - 16/04/2026 14:00","0.00",""
"16/04/2026 00:00 - 17/04/2026 00:00","CTA|DE(Amprion)","WEIHER_C","11WD7WEIH2S--C-A","Fossil Hard coal","11WD7WEIH2S--C-A","16/04/2026 14:00 - 16/04/2026 15:00","0.00",""
"16/04/2026 00:00 - 17/04/2026 00:00","CTA|DE(Amprion)","WEIHER_C","11WD7WEIH2S--C-A","Fossil Hard coal","11WD7WEIH2S--C-A","16/04/2026 15:00 - 16/04/2026 16:00","0.00",""
"16/04/2026 00:00 - 17/04/2026 00:00","CTA|DE(Amprion)","WEIHER_C","11WD7WEIH2S--C-A","Fossil Hard coal","11WD7WEIH2S--C-A","16/04/2026 16:00 - 16/04/2026 17:00","0.00",""
"16/04/2026 00:00 - 17/04/2026 00:00","CTA|DE(Amprion)","WEIHER_C","11WD7WEIH2S--C-A","Fossil Hard coal","11WD7WEIH2S--C-A","16/04/2026 17:00 - 16/04/2026 18:00","0.00",""
"16/04/2026 00:00 - 17/04/2026 00:00","CTA|DE(Amprion)","WEIHER_C","11WD7WEIH2S--C-A","Fossil Hard coal","11WD7WEIH2S--C-A","16/04/2026 18:00 - 16/04/2026 19:00","0.00",""
"16/04/2026 00:00 - 17/04/2026 00:00","CTA|DE(Amprion)","WEIHER_C","11WD7WEIH2S--C-A","Fossil Hard coal","11WD7WEIH2S--C-A","16/04/2026 19:00 - 16/04/2026 20:00","0.00",""
"16/04/2026 00:00 - 17/04/2026 00:00","CTA|DE(Amprion)","WEIHER_C","11WD7WEIH2S--C-A","Fossil Hard coal","11WD7WEIH2S--C-A","16/04/2026 20:00 - 16/04/2026 21:00","0.00",""
"16/04/2026 00:00 - 17/04/2026 00:00","CTA|DE(Amprion)","WEIHER_C","11WD7WEIH2S--C-A","Fossil Hard coal","11WD7WEIH2S--C-A","16/04/2026 21:00 - 16/04/2026 22:00","0.00",""
"16/04/2026 00:00 - 17/04/2026 00:00","CTA|DE(Amprion)","WEIHER_C","11WD7WEIH2S--C-A","Fossil Hard coal","11WD7WEIH2S--C-A","16/04/2026 22:00 - 16/04/2026 23:00","0.00",""
"16/04/2026 00:00 - 17/04/2026 00:00","CTA|DE(Amprion)","WEIHER_C","11WD7WEIH2S--C-A","Fossil Hard coal","11WD7WEIH2S--C-A","16/04/2026 23:00 - 17/04/2026 00:00","0.00",""
"16/04/2026 00:00 - 17/04/2026 00:00","CTA|DE(Amprion)","Weisweiler G","11WD7WEIS1B--G-J","Fossil Brown coal/Lignite","11WD7WEIS1B--G-J","16/04/2026 00:00 - 16/04/2026 01:00","644.92",""
"16/04/2026 00:00 - 17/04/2026 00:00","CTA|DE(Amprion)","Weisweiler G","11WD7WEIS1B--G-J","Fossil Brown coal/Lignite","11WD7WEIS1B--G-J","16/04/2026 01:00 - 16/04/2026 02:00","645.83",""
"16/04/2026 00:00 - 17/04/2026 00:00","CTA|DE(Amprion)","Weisweiler G","11WD7WEIS1B--G-J","Fossil Brown coal/Lignite","11WD7WEIS1B--G-J","16/04/2026 02:00 - 16/04/2026 03:00","645.08",""
"16/04/2026 00:00 - 17/04/2026 00:00","CTA|DE(Amprion)","Weisweiler G","11WD7WEIS1B--G-J","Fossil Brown coal/Lignite","11WD7WEIS1B--G-J","16/04/2026 03:00 - 16/04/2026 04:00","644.77",""
"16/04/2026 00:00 - 17/04/2026 00:00","CTA|DE(Amprion)","Weisweiler G","11WD7WEIS1B--G-J","Fossil Brown coal/Lignite","11WD7WEIS1B--G-J","16/04/2026 04:00 - 16/04/2026 05:00","645.95",""
"16/04/2026 00:00 - 17/04/2026 00:00","CTA|DE(Amprion)","Weisweiler G","11WD7WEIS1B--G-J","Fossil Brown coal/Lignite","11WD7WEIS1B--G-J","16/04/2026 05:00 - 16/04/2026 06:00","647.10",""
"16/04/2026 00:00 - 17/04/2026 00:00","CTA|DE(Amprion)","Weisweiler G","11WD7WEIS1B--G-J","Fossil Brown coal/Lignite","11WD7WEIS1B--G-J","16/04/2026 06:00 - 16/04/2026 07:00","644.50",""
"16/04/2026 00:00 - 17/04/2026 00:00","CTA|DE(Amprion)","Weisweiler G","11WD7WEIS1B--G-J","Fossil Brown coal/Lignite","11WD7WEIS1B--G-J","16/04/2026 07:00 - 16/04/2026 08:00","644.33",""
"16/04/2026 00:00 - 17/04/2026 00:00","CTA|DE(Amprion)","Weisweiler G","11WD7WEIS1B--G-J","Fossil Brown coal/Lignite","11WD7WEIS1B--G-J","16/04/2026 08:00 - 16/04/2026 09:00","642.52",""
"16/04/2026 00:00 - 17/04/2026 00:00","CTA|DE(Amprion)","Weisweiler G","11WD7WEIS1B--G-J","Fossil Brown coal/Lignite","11WD7WEIS1B--G-J","16/04/2026 09:00 - 16/04/2026 10:00","645.77",""
"16/04/2026 00:00 - 17/04/2026 00:00","CTA|DE(Amprion)","Weisweiler G","11WD7WEIS1B--G-J","Fossil Brown coal/Lignite","11WD7WEIS1B--G-J","16/04/2026 10:00 - 16/04/2026 11:00","573.38",""
"16/04/2026 00:00 - 17/04/2026 00:00","CTA|DE(Amprion)","Weisweiler G","11WD7WEIS1B--G-J","Fossil Brown coal/Lignite","11WD7WEIS1B--G-J","16/04/2026 11:00 - 16/04/2026 12:00","313.70",""
"16/04/2026 00:00 - 17/04/2026 00:00","CTA|DE(Amprion)","Weisweiler G","11WD7WEIS1B--G-J","Fossil Brown coal/Lignite","11WD7WEIS1B--G-J","16/04/2026 12:00 - 16/04/2026 13:00","240.93",""
"16/04/2026 00:00 - 17/04/2026 00:00","CTA|DE(Amprion)","Weisweiler G","11WD7WEIS1B--G-J","Fossil Brown coal/Lignite","11WD7WEIS1B--G-J","16/04/2026 13:00 - 16/04/2026 14:00","241.32",""
"16/04/2026 00:00 - 17/04/2026 00:00","CTA|DE(Amprion)","Weisweiler G","11WD7WEIS1B--G-J","Fossil Brown coal/Lignite","11WD7WEIS1B--G-J","16/04/2026 14:00 - 16/04/2026 15:00","244.93",""
"16/04/2026 00:00 - 17/04/2026 00:00","CTA|DE(Amprion)","Weisweiler G","11WD7WEIS1B--G-J","Fossil Brown coal/Lignite","11WD7WEIS1B--G-J","16/04/2026 15:00 - 16/04/2026 16:00","243.22",""
"16/04/2026 00:00 - 17/04/2026 00:00","CTA|DE(Amprion)","Weisweiler G","11WD7WEIS1B--G-J","Fossil Brown coal/Lignite","11WD7WEIS1B--G-J","16/04/2026 16:00 - 16/04/2026 17:00","360.50",""
"16/04/2026 00:00 - 17/04/2026 00:00","CTA|DE(Amprion)","Weisweiler G","11WD7WEIS1B--G-J","Fossil Brown coal/Lignite","11WD7WEIS1B--G-J","16/04/2026 17:00 - 16/04/2026 18:00","618.77",""
"16/04/2026 00:00 - 17/04/2026 00:00","CTA|DE(Amprion)","Weisweiler G","11WD7WEIS1B--G-J","Fossil Brown coal/Lignite","11WD7WEIS1B--G-J","16/04/2026 18:00 - 16/04/2026 19:00","647.08",""
"16/04/2026 00:00 - 17/04/2026 00:00","CTA|DE(Amprion)","Weisweiler G","11WD7WEIS1B--G-J","Fossil Brown coal/Lignite","11WD7WEIS1B--G-J","16/04/2026 19:00 - 16/04/2026 20:00","643.50",""
"16/04/2026 00:00 - 17/04/2026 00:00","CTA|DE(Amprion)","Weisweiler G","11WD7WEIS1B--G-J","Fossil Brown coal/Lignite","11WD7WEIS1B--G-J","16/04/2026 20:00 - 16/04/2026 21:00","642.90",""
"16/04/2026 00:00 - 17/04/2026 00:00","CTA|DE(Amprion)","Weisweiler G","11WD7WEIS1B--G-J","Fossil Brown coal/Lignite","11WD7WEIS1B--G-J","16/04/2026 21:00 - 16/04/2026 22:00","598.73",""
"16/04/2026 00:00 - 17/04/2026 00:00","CTA|DE(Amprion)","Weisweiler G","11WD7WEIS1B--G-J","Fossil Brown coal/Lignite","11WD7WEIS1B--G-J","16/04/2026 22:00 - 16/04/2026 23:00","600.13",""
"16/04/2026 00:00 - 17/04/2026 00:00","CTA|DE(Amprion)","Weisweiler G","11WD7WEIS1B--G-J","Fossil Brown coal/Lignite","11WD7WEIS1B--G-J","16/04/2026 23:00 - 17/04/2026 00:00","599.77",""
"16/04/2026 00:00 - 17/04/2026 00:00","CTA|DE(Amprion)","Weisweiler H","11WD7WEIS1B--H-G","Fossil Brown coal/Lignite","11WD7WEIS1B--H-G","16/04/2026 00:00 - 16/04/2026 01:00","0.00",""
"16/04/2026 00:00 - 17/04/2026 00:00","CTA|DE(Amprion)","Weisweiler H","11WD7WEIS1B--H-G","Fossil Brown coal/Lignite","11WD7WEIS1B--H-G","16/04/2026 01:00 - 16/04/2026 02:00","0.00",""
"16/04/2026 00:00 - 17/04/2026 00:00","CTA|DE(Amprion)","Weisweiler H","11WD7WEIS1B--H-G","Fossil Brown coal/Lignite","11WD7WEIS1B--H-G","16/04/2026 02:00 - 16/04/2026 03:00","0.00",""
"16/04/2026 00:00 - 17/04/2026 00:00","CTA|DE(Amprion)","Weisweiler H","11WD7WEIS1B--H-G","Fossil Brown coal/Lignite","11WD7WEIS1B--H-G","16/04/2026 03:00 - 16/04/2026 04:00","0.00",""
"16/04/2026 00:00 - 17/04/2026 00:00","CTA|DE(Amprion)","Weisweiler H","11WD7WEIS1B--H-G","Fossil Brown coal/Lignite","11WD7WEIS1B--H-G","16/04/2026 04:00 - 16/04/2026 05:00","0.00",""
"16/04/2026 00:00 - 17/04/2026 00:00","CTA|DE(Amprion)","Weisweiler H","11WD7WEIS1B--H-G","Fossil Brown coal/Lignite","11WD7WEIS1B--H-G","16/04/2026 05:00 - 16/04/2026 06:00","0.00",""
"16/04/2026 00:00 - 17/04/2026 00:00","CTA|DE(Amprion)","Weisweiler H","11WD7WEIS1B--H-G","Fossil Brown coal/Lignite","11WD7WEIS1B--H-G","16/04/2026 06:00 - 16/04/2026 07:00","0.00",""
"16/04/2026 00:00 - 17/04/2026 00:00","CTA|DE(Amprion)","Weisweiler H","11WD7WEIS1B--H-G","Fossil Brown coal/Lignite","11WD7WEIS1B--H-G","16/04/2026 07:00 - 16/04/2026 08:00","0.00",""
"16/04/2026 00:00 - 17/04/2026 00:00","CTA|DE(Amprion)","Weisweiler H","11WD7WEIS1B--H-G","Fossil Brown coal/Lignite","11WD7WEIS1B--H-G","16/04/2026 08:00 - 16/04/2026 09:00","0.00",""
"16/04/2026 00:00 - 17/04/2026 00:00","CTA|DE(Amprion)","Weisweiler H","11WD7WEIS1B--H-G","Fossil Brown coal/Lignite","11WD7WEIS1B--H-G","16/04/2026 09:00 - 16/04/2026 10:00","0.00",""
"16/04/2026 00:00 - 17/04/2026 00:00","CTA|DE(Amprion)","Weisweiler H","11WD7WEIS1B--H-G","Fossil Brown coal/Lignite","11WD7WEIS1B--H-G","16/04/2026 10:00 - 16/04/2026 11:00","0.00",""
"16/04/2026 00:00 - 17/04/2026 00:00","CTA|DE(Amprion)","Weisweiler H","11WD7WEIS1B--H-G","Fossil Brown coal/Lignite","11WD7WEIS1B--H-G","16/04/2026 11:00 - 16/04/2026 12:00","0.00",""
"16/04/2026 00:00 - 17/04/2026 00:00","CTA|DE(Amprion)","Weisweiler H","11WD7WEIS1B--H-G","Fossil Brown coal/Lignite","11WD7WEIS1B--H-G","16/04/2026 12:00 - 16/04/2026 13:00","0.00",""
"16/04/2026 00:00 - 17/04/2026 00:00","CTA|DE(Amprion)","Weisweiler H","11WD7WEIS1B--H-G","Fossil Brown coal/Lignite","11WD7WEIS1B--H-G","16/04/2026 13:00 - 16/04/2026 14:00","0.00",""
"16/04/2026 00:00 - 17/04/2026 00:00","CTA|DE(Amprion)","Weisweiler H","11WD7WEIS1B--H-G","Fossil Brown coal/Lignite","11WD7WEIS1B--H-G","16/04/2026 14:00 - 16/04/2026 15:00","0.00",""
"16/04/2026 00:00 - 17/04/2026 00:00","CTA|DE(Amprion)","Weisweiler H","11WD7WEIS1B--H-G","Fossil Brown coal/Lignite","11WD7WEIS1B--H-G","16/04/2026 15:00 - 16/04/2026 16:00","0.00",""
"16/04/2026 00:00 - 17/04/2026 00:00","CTA|DE(Amprion)","Weisweiler H","11WD7WEIS1B--H-G","Fossil Brown coal/Lignite","11WD7WEIS1B--H-G","16/04/2026 16:00 - 16/04/2026 17:00","0.00",""
"16/04/2026 00:00 - 17/04/2026 00:00","CTA|DE(Amprion)","Weisweiler H","11WD7WEIS1B--H-G","Fossil Brown coal/Lignite","11WD7WEIS1B--H-G","16/04/2026 17:00 - 16/04/2026 18:00","0.00",""
"16/04/2026 00:00 - 17/04/2026 00:00","CTA|DE(Amprion)","Weisweiler H","11WD7WEIS1B--H-G","Fossil Brown coal/Lignite","11WD7WEIS1B--H-G","16/04/2026 18:00 - 16/04/2026 19:00","0.00",""
"16/04/2026 00:00 - 17/04/2026 00:00","CTA|DE(Amprion)","Weisweiler H","11WD7WEIS1B--H-G","Fossil Brown coal/Lignite","11WD7WEIS1B--H-G","16/04/2026 19:00 - 16/04/2026 20:00","0.00",""
"16/04/2026 00:00 - 17/04/2026 00:00","CTA|DE(Amprion)","Weisweiler H","11WD7WEIS1B--H-G","Fossil Brown coal/Lignite","11WD7WEIS1B--H-G","16/04/2026 20:00 - 16/04/2026 21:00","0.00",""
"16/04/2026 00:00 - 17/04/2026 00:00","CTA|DE(Amprion)","Weisweiler H","11WD7WEIS1B--H-G","Fossil Brown coal/Lignite","11WD7WEIS1B--H-G","16/04/2026 21:00 - 16/04/2026 22:00","0.00",""
"16/04/2026 00:00 - 17/04/2026 00:00","CTA|DE(Amprion)","Weisweiler H","11WD7WEIS1B--H-G","Fossil Brown coal/Lignite","11WD7WEIS1B--H-G","16/04/2026 22:00 - 16/04/2026 23:00","0.00",""
"16/04/2026 00:00 - 17/04/2026 00:00","CTA|DE(Amprion)","Weisweiler H","11WD7WEIS1B--H-G","Fossil Brown coal/Lignite","11WD7WEIS1B--H-G","16/04/2026 23:00 - 17/04/2026 00:00","0.00",""
"16/04/2026 00:00 - 17/04/2026 00:00","CTA|DE(Amprion)","Weisweiler VGT - BI. G","11WD7WEIS5GVGTGU","Fossil Gas","11WD7WEIS5GVGTGU","16/04/2026 00:00 - 16/04/2026 01:00","0.00",""
"16/04/2026 00:00 - 17/04/2026 00:00","CTA|DE(Amprion)","Weisweiler VGT - BI. G","11WD7WEIS5GVGTGU","Fossil Gas","11WD7WEIS5GVGTGU","16/04/2026 01:00 - 16/04/2026 02:00","0.00",""
"16/04/2026 00:00 - 17/04/2026 00:00","CTA|DE(Amprion)","Weisweiler VGT - BI. G","11WD7WEIS5GVGTGU","Fossil Gas","11WD7WEIS5GVGTGU","16/04/2026 02:00 - 16/04/2026 03:00","0.00",""
"16/04/2026 00:00 - 17/04/2026 00:00","CTA|DE(Amprion)","Weisweiler VGT - BI. G","11WD7WEIS5GVGTGU","Fossil Gas","11WD7WEIS5GVGTGU","16/04/2026 03:00 - 16/04/2026 04:00","0.00",""
"16/04/2026 00:00 - 17/04/2026 00:00","CTA|DE(Amprion)","Weisweiler VGT - BI. G","11WD7WEIS5GVGTGU","Fossil Gas","11WD7WEIS5GVGTGU","16/04/2026 04:00 - 16/04/2026 05:00","0.00",""
"16/04/2026 00:00 - 17/04/2026 00:00","CTA|DE(Amprion)","Weisweiler VGT - BI. G","11WD7WEIS5GVGTGU","Fossil Gas","11WD7WEIS5GVGTGU","16/04/2026 05:00 - 16/04/2026 06:00","0.00",""
"16/04/2026 00:00 - 17/04/2026 00:00","CTA|DE(Amprion)","Weisweiler VGT - BI. G","11WD7WEIS5GVGTGU","Fossil Gas","11WD7WEIS5GVGTGU","16/04/2026 06:00 - 16/04/2026 07:00","0.00",""
"16/04/2026 00:00 - 17/04/2026 00:00","CTA|DE(Amprion)","Weisweiler VGT - BI. G","11WD7WEIS5GVGTGU","Fossil Gas","11WD7WEIS5GVGTGU","16/04/2026 07:00 - 16/04/2026 08:00","0.00",""
"16/04/2026 00:00 - 17/04/2026 00:00","CTA|DE(Amprion)","Weisweiler VGT - BI. G","11WD7WEIS5GVGTGU","Fossil Gas","11WD7WEIS5GVGTGU","16/04/2026 08:00 - 16/04/2026 09:00","0.00",""
"16/04/2026 00:00 - 17/04/2026 00:00","CTA|DE(Amprion)","Weisweiler VGT - BI. G","11WD7WEIS5GVGTGU","Fossil Gas","11WD7WEIS5GVGTGU","16/04/2026 09:00 - 16/04/2026 10:00","0.00",""
"16/04/2026 00:00 - 17/04/2026 00:00","CTA|DE(Amprion)","Weisweiler VGT - BI. G","11WD7WEIS5GVGTGU","Fossil Gas","11WD7WEIS5GVGTGU","16/04/2026 10:00 - 16/04/2026 11:00","0.00",""
"16/04/2026 00:00 - 17/04/2026 00:00","CTA|DE(Amprion)","Weisweiler VGT - BI. G","11WD7WEIS5GVGTGU","Fossil Gas","11WD7WEIS5GVGTGU","16/04/2026 11:00 - 16/04/2026 12:00","0.00",""
"16/04/2026 00:00 - 17/04/2026 00:00","CTA|DE(Amprion)","Weisweiler VGT - BI. G","11WD7WEIS5GVGTGU","Fossil Gas","11WD7WEIS5GVGTGU","16/04/2026 12:00 - 16/04/2026 13:00","0.00",""
"16/04/2026 00:00 - 17/04/2026 00:00","CTA|DE(Amprion)","Weisweiler VGT - BI. G","11WD7WEIS5GVGTGU","Fossil Gas","11WD7WEIS5GVGTGU","16/04/2026 13:00 - 16/04/2026 14:00","0.00",""
"16/04/2026 00:00 - 17/04/2026 00:00","CTA|DE(Amprion)","Weisweiler VGT - BI. G","11WD7WEIS5GVGTGU","Fossil Gas","11WD7WEIS5GVGTGU","16/04/2026 14:00 - 16/04/2026 15:00","0.00",""
"16/04/2026 00:00 - 17/04/2026 00:00","CTA|DE(Amprion)","Weisweiler VGT - BI. G","11WD7WEIS5GVGTGU","Fossil Gas","11WD7WEIS5GVGTGU","16/04/2026 15:00 - 16/04/2026 16:00","0.00",""
"16/04/2026 00:00 - 17/04/2026 00:00","CTA|DE(Amprion)","Weisweiler VGT - BI. G","11WD7WEIS5GVGTGU","Fossil Gas","11WD7WEIS5GVGTGU","16/04/2026 16:00 - 16/04/2026 17:00","0.00",""
"16/04/2026 00:00 - 17/04/2026 00:00","CTA|DE(Amprion)","Weisweiler VGT - BI. G","11WD7WEIS5GVGTGU","Fossil Gas","11WD7WEIS5GVGTGU","16/04/2026 17:00 - 16/04/2026 18:00","0.00",""
"16/04/2026 00:00 - 17/04/2026 00:00","CTA|DE(Amprion)","Weisweiler VGT - BI. G","11WD7WEIS5GVGTGU","Fossil Gas","11WD7WEIS5GVGTGU","16/04/2026 18:00 - 16/04/2026 19:00","0.00",""
"16/04/2026 00:00 - 17/04/2026 00:00","CTA|DE(Amprion)","Weisweiler VGT - BI. G","11WD7WEIS5GVGTGU","Fossil Gas","11WD7WEIS5GVGTGU","16/04/2026 19:00 - 16/04/2026 20:00","0.00",""
"16/04/2026 00:00 - 17/04/2026 00:00","CTA|DE(Amprion)","Weisweiler VGT - BI. G","11WD7WEIS5GVGTGU","Fossil Gas","11WD7WEIS5GVGTGU","16/04/2026 20:00 - 16/04/2026 21:00","0.00",""
"16/04/2026 00:00 - 17/04/2026 00:00","CTA|DE(Amprion)","Weisweiler VGT - BI. G","11WD7WEIS5GVGTGU","Fossil Gas","11WD7WEIS5GVGTGU","16/04/2026 21:00 - 16/04/2026 22:00","0.00",""
"16/04/2026 00:00 - 17/04/2026 00:00","CTA|DE(Amprion)","Weisweiler VGT - BI. G","11WD7WEIS5GVGTGU","Fossil Gas","11WD7WEIS5GVGTGU","16/04/2026 22:00 - 16/04/2026 23:00","0.00",""
"16/04/2026 00:00 - 17/04/2026 00:00","CTA|DE(Amprion)","Weisweiler VGT - BI. G","11WD7WEIS5GVGTGU","Fossil Gas","11WD7WEIS5GVGTGU","16/04/2026 23:00 - 17/04/2026 00:00","0.00",""
"16/04/2026 00:00 - 17/04/2026 00:00","CTA|DE(Amprion)","Weisweiler VGT - BI. H","11WD7WEIS5GVGTHS","Fossil Gas","11WD7WEIS5GVGTHS","16/04/2026 00:00 - 16/04/2026 01:00","0.00",""
"16/04/2026 00:00 - 17/04/2026 00:00","CTA|DE(Amprion)","Weisweiler VGT - BI. H","11WD7WEIS5GVGTHS","Fossil Gas","11WD7WEIS5GVGTHS","16/04/2026 01:00 - 16/04/2026 02:00","0.00",""
"16/04/2026 00:00 - 17/04/2026 00:00","CTA|DE(Amprion)","Weisweiler VGT - BI. H","11WD7WEIS5GVGTHS","Fossil Gas","11WD7WEIS5GVGTHS","16/04/2026 02:00 - 16/04/2026 03:00","0.00",""
"16/04/2026 00:00 - 17/04/2026 00:00","CTA|DE(Amprion)","Weisweiler VGT - BI. H","11WD7WEIS5GVGTHS","Fossil Gas","11WD7WEIS5GVGTHS","16/04/2026 03:00 - 16/04/2026 04:00","0.00",""
"16/04/2026 00:00 - 17/04/2026 00:00","CTA|DE(Amprion)","Weisweiler VGT - BI. H","11WD7WEIS5GVGTHS","Fossil Gas","11WD7WEIS5GVGTHS","16/04/2026 04:00 - 16/04/2026 05:00","0.00",""
"16/04/2026 00:00 - 17/04/2026 00:00","CTA|DE(Amprion)","Weisweiler VGT - BI. H","11WD7WEIS5GVGTHS","Fossil Gas","11WD7WEIS5GVGTHS","16/04/2026 05:00 - 16/04/2026 06:00","0.00",""
"16/04/2026 00:00 - 17/04/2026 00:00","CTA|DE(Amprion)","Weisweiler VGT - BI. H","11WD7WEIS5GVGTHS","Fossil Gas","11WD7WEIS5GVGTHS","16/04/2026 06:00 - 16/04/2026 07:00","0.00",""
"16/04/2026 00:00 - 17/04/2026 00:00","CTA|DE(Amprion)","Weisweiler VGT - BI. H","11WD7WEIS5GVGTHS","Fossil Gas","11WD7WEIS5GVGTHS","16/04/2026 07:00 - 16/04/2026 08:00","0.00",""
"16/04/2026 00:00 - 17/04/2026 00:00","CTA|DE(Amprion)","Weisweiler VGT - BI. H","11WD7WEIS5GVGTHS","Fossil Gas","11WD7WEIS5GVGTHS","16/04/2026 08:00 - 16/04/2026 09:00","0.00",""
"16/04/2026 00:00 - 17/04/2026 00:00","CTA|DE(Amprion)","Weisweiler VGT - BI. H","11WD7WEIS5GVGTHS","Fossil Gas","11WD7WEIS5GVGTHS","16/04/2026 09:00 - 16/04/2026 10:00","0.00",""
"16/04/2026 00:00 - 17/04/2026 00:00","CTA|DE(Amprion)","Weisweiler VGT - BI. H","11WD7WEIS5GVGTHS","Fossil Gas","11WD7WEIS5GVGTHS","16/04/2026 10:00 - 16/04/2026 11:00","0.00",""
"16/04/2026 00:00 - 17/04/2026 00:00","CTA|DE(Amprion)","Weisweiler VGT - BI. H","11WD7WEIS5GVGTHS","Fossil Gas","11WD7WEIS5GVGTHS","16/04/2026 11:00 - 16/04/2026 12:00","0.00",""
"16/04/2026 00:00 - 17/04/2026 00:00","CTA|DE(Amprion)","Weisweiler VGT - BI. H","11WD7WEIS5GVGTHS","Fossil Gas","11WD7WEIS5GVGTHS","16/04/2026 12:00 - 16/04/2026 13:00","0.00",""
"16/04/2026 00:00 - 17/04/2026 00:00","CTA|DE(Amprion)","Weisweiler VGT - BI. H","11WD7WEIS5GVGTHS","Fossil Gas","11WD7WEIS5GVGTHS","16/04/2026 13:00 - 16/04/2026 14:00","0.00",""
"16/04/2026 00:00 - 17/04/2026 00:00","CTA|DE(Amprion)","Weisweiler VGT - BI. H","11WD7WEIS5GVGTHS","Fossil Gas","11WD7WEIS5GVGTHS","16/04/2026 14:00 - 16/04/2026 15:00","0.00",""
"16/04/2026 00:00 - 17/04/2026 00:00","CTA|DE(Amprion)","Weisweiler VGT - BI. H","11WD7WEIS5GVGTHS","Fossil Gas","11WD7WEIS5GVGTHS","16/04/2026 15:00 - 16/04/2026 16:00","0.00",""
"16/04/2026 00:00 - 17/04/2026 00:00","CTA|DE(Amprion)","Weisweiler VGT - BI. H","11WD7WEIS5GVGTHS","Fossil Gas","11WD7WEIS5GVGTHS","16/04/2026 16:00 - 16/04/2026 17:00","0.00",""
"16/04/2026 00:00 - 17/04/2026 00:00","CTA|DE(Amprion)","Weisweiler VGT - BI. H","11WD7WEIS5GVGTHS","Fossil Gas","11WD7WEIS5GVGTHS","16/04/2026 17:00 - 16/04/2026 18:00","0.00",""
"16/04/2026 00:00 - 17/04/2026 00:00","CTA|DE(Amprion)","Weisweiler VGT - BI. H","11WD7WEIS5GVGTHS","Fossil Gas","11WD7WEIS5GVGTHS","16/04/2026 18:00 - 16/04/2026 19:00","0.00",""
"16/04/2026 00:00 - 17/04/2026 00:00","CTA|DE(Amprion)","Weisweiler VGT - BI. H","11WD7WEIS5GVGTHS","Fossil Gas","11WD7WEIS5GVGTHS","16/04/2026 19:00 - 16/04/2026 20:00","0.00",""
"16/04/2026 00:00 - 17/04/2026 00:00","CTA|DE(Amprion)","Weisweiler VGT - BI. H","11WD7WEIS5GVGTHS","Fossil Gas","11WD7WEIS5GVGTHS","16/04/2026 20:00 - 16/04/2026 21:00","0.00",""
"16/04/2026 00:00 - 17/04/2026 00:00","CTA|DE(Amprion)","Weisweiler VGT - BI. H","11WD7WEIS5GVGTHS","Fossil Gas","11WD7WEIS5GVGTHS","16/04/2026 21:00 - 16/04/2026 22:00","0.00",""
"16/04/2026 00:00 - 17/04/2026 00:00","CTA|DE(Amprion)","Weisweiler VGT - BI. H","11WD7WEIS5GVGTHS","Fossil Gas","11WD7WEIS5GVGTHS","16/04/2026 22:00 - 16/04/2026 23:00","0.00",""
"16/04/2026 00:00 - 17/04/2026 00:00","CTA|DE(Amprion)","Weisweiler VGT - BI. H","11WD7WEIS5GVGTHS","Fossil Gas","11WD7WEIS5GVGTHS","16/04/2026 23:00 - 17/04/2026 00:00","0.00",""
"16/04/2026 00:00 - 17/04/2026 00:00","CTA|DE(50Hertz)","Lichterfelde GUD","11W0-0000-0103-9","Fossil Gas","11W0-0000-0103-9","16/04/2026 00:00 - 16/04/2026 01:00","249.75",""
"16/04/2026 00:00 - 17/04/2026 00:00","CTA|DE(50Hertz)","Lichterfelde GUD","11W0-0000-0103-9","Fossil Gas","11W0-0000-0103-9","16/04/2026 01:00 - 16/04/2026 02:00","286.00",""
"16/04/2026 00:00 - 17/04/2026 00:00","CTA|DE(50Hertz)","Lichterfelde GUD","11W0-0000-0103-9","Fossil Gas","11W0-0000-0103-9","16/04/2026 02:00 - 16/04/2026 03:00","293.75",""
"16/04/2026 00:00 - 17/04/2026 00:00","CTA|DE(50Hertz)","Lichterfelde GUD","11W0-0000-0103-9","Fossil Gas","11W0-0000-0103-9","16/04/2026 03:00 - 16/04/2026 04:00","299.75",""
"16/04/2026 00:00 - 17/04/2026 00:00","CTA|DE(50Hertz)","Lichterfelde GUD","11W0-0000-0103-9","Fossil Gas","11W0-0000-0103-9","16/04/2026 04:00 - 16/04/2026 05:00","299.25",""
"16/04/2026 00:00 - 17/04/2026 00:00","CTA|DE(50Hertz)","Lichterfelde GUD","11W0-0000-0103-9","Fossil Gas","11W0-0000-0103-9","16/04/2026 05:00 - 16/04/2026 06:00","299.75",""
"16/04/2026 00:00 - 17/04/2026 00:00","CTA|DE(50Hertz)","Lichterfelde GUD","11W0-0000-0103-9","Fossil Gas","11W0-0000-0103-9","16/04/2026 06:00 - 16/04/2026 07:00","299.75",""
"16/04/2026 00:00 - 17/04/2026 00:00","CTA|DE(50Hertz)","Lichterfelde GUD","11W0-0000-0103-9","Fossil Gas","11W0-0000-0103-9","16/04/2026 07:00 - 16/04/2026 08:00","299.75",""
"16/04/2026 00:00 - 17/04/2026 00:00","CTA|DE(50Hertz)","Lichterfelde GUD","11W0-0000-0103-9","Fossil Gas","11W0-0000-0103-9","16/04/2026 08:00 - 16/04/2026 09:00","288.25",""
"16/04/2026 00:00 - 17/04/2026 00:00","CTA|DE(50Hertz)","Lichterfelde GUD","11W0-0000-0103-9","Fossil Gas","11W0-0000-0103-9","16/04/2026 09:00 - 16/04/2026 10:00","288.25",""
"16/04/2026 00:00 - 17/04/2026 00:00","CTA|DE(50Hertz)","Lichterfelde GUD","11W0-0000-0103-9","Fossil Gas","11W0-0000-0103-9","16/04/2026 10:00 - 16/04/2026 11:00","183.25",""
"16/04/2026 00:00 - 17/04/2026 00:00","CTA|DE(50Hertz)","Lichterfelde GUD","11W0-0000-0103-9","Fossil Gas","11W0-0000-0103-9","16/04/2026 11:00 - 16/04/2026 12:00","128.50",""
"16/04/2026 00:00 - 17/04/2026 00:00","CTA|DE(50Hertz)","Lichterfelde GUD","11W0-0000-0103-9","Fossil Gas","11W0-0000-0103-9","16/04/2026 12:00 - 16/04/2026 13:00","125.00",""
"16/04/2026 00:00 - 17/04/2026 00:00","CTA|DE(50Hertz)","Lichterfelde GUD","11W0-0000-0103-9","Fossil Gas","11W0-0000-0103-9","16/04/2026 13:00 - 16/04/2026 14:00","124.75",""
"16/04/2026 00:00 - 17/04/2026 00:00","CTA|DE(50Hertz)","Lichterfelde GUD","11W0-0000-0103-9","Fossil Gas","11W0-0000-0103-9","16/04/2026 14:00 - 16/04/2026 15:00","150.75",""
"16/04/2026 00:00 - 17/04/2026 00:00","CTA|DE(50Hertz)","Lichterfelde GUD","11W0-0000-0103-9","Fossil Gas","11W0-0000-0103-9","16/04/2026 15:00 - 16/04/2026 16:00","155.00",""
"16/04/2026 00:00 - 17/04/2026 00:00","CTA|DE(50Hertz)","Lichterfelde GUD","11W0-0000-0103-9","Fossil Gas","11W0-0000-0103-9","16/04/2026 16:00 - 16/04/2026 17:00","189.25",""
"16/04/2026 00:00 - 17/04/2026 00:00","CTA|DE(50Hertz)","Lichterfelde GUD","11W0-0000-0103-9","Fossil Gas","11W0-0000-0103-9","16/04/2026 17:00 - 16/04/2026 18:00","223.50",""
"16/04/2026 00:00 - 17/04/2026 00:00","CTA|DE(50Hertz)","Lichterfelde GUD","11W0-0000-0103-9","Fossil Gas","11W0-0000-0103-9","16/04/2026 18:00 - 16/04/2026 19:00","262.50",""
"16/04/2026 00:00 - 17/04/2026 00:00","CTA|DE(50Hertz)","Lichterfelde GUD","11W0-0000-0103-9","Fossil Gas","11W0-0000-0103-9","16/04/2026 19:00 - 16/04/2026 20:00","279.50",""
"16/04/2026 00:00 - 17/04/2026 00:00","CTA|DE(50Hertz)","Lichterfelde GUD","11W0-0000-0103-9","Fossil Gas","11W0-0000-0103-9","16/04/2026 20:00 - 16/04/2026 21:00","281.00",""
"16/04/2026 00:00 - 17/04/2026 00:00","CTA|DE(50Hertz)","Lichterfelde GUD","11W0-0000-0103-9","Fossil Gas","11W0-0000-0103-9","16/04/2026 21:00 - 16/04/2026 22:00","294.25",""
"16/04/2026 00:00 - 17/04/2026 00:00","CTA|DE(50Hertz)","Lichterfelde GUD","11W0-0000-0103-9","Fossil Gas","11W0-0000-0103-9","16/04/2026 22:00 - 16/04/2026 23:00","299.25",""
"16/04/2026 00:00 - 17/04/2026 00:00","CTA|DE(50Hertz)","Lichterfelde GUD","11W0-0000-0103-9","Fossil Gas","11W0-0000-0103-9","16/04/2026 23:00 - 17/04/2026 00:00","279.75",""
"16/04/2026 00:00 - 17/04/2026 00:00","CTA|DE(50Hertz)","GuD Marzahn","11W0-0000-0104-6","Fossil Gas","11W0-0000-0104-6","16/04/2026 00:00 - 16/04/2026 01:00","0.00",""
"16/04/2026 00:00 - 17/04/2026 00:00","CTA|DE(50Hertz)","GuD Marzahn","11W0-0000-0104-6","Fossil Gas","11W0-0000-0104-6","16/04/2026 01:00 - 16/04/2026 02:00","0.00",""
"16/04/2026 00:00 - 17/04/2026 00:00","CTA|DE(50Hertz)","GuD Marzahn","11W0-0000-0104-6","Fossil Gas","11W0-0000-0104-6","16/04/2026 02:00 - 16/04/2026 03:00","0.00",""
"16/04/2026 00:00 - 17/04/2026 00:00","CTA|DE(50Hertz)","GuD Marzahn","11W0-0000-0104-6","Fossil Gas","11W0-0000-0104-6","16/04/2026 03:00 - 16/04/2026 04:00","0.00",""
"16/04/2026 00:00 - 17/04/2026 00:00","CTA|DE(50Hertz)","GuD Marzahn","11W0-0000-0104-6","Fossil Gas","11W0-0000-0104-6","16/04/2026 04:00 - 16/04/2026 05:00","0.00",""
"16/04/2026 00:00 - 17/04/2026 00:00","CTA|DE(50Hertz)","GuD Marzahn","11W0-0000-0104-6","Fossil Gas","11W0-0000-0104-6","16/04/2026 05:00 - 16/04/2026 06:00","0.00",""
"16/04/2026 00:00 - 17/04/2026 00:00","CTA|DE(50Hertz)","GuD Marzahn","11W0-0000-0104-6","Fossil Gas","11W0-0000-0104-6","16/04/2026 06:00 - 16/04/2026 07:00","0.00",""
"16/04/2026 00:00 - 17/04/2026 00:00","CTA|DE(50Hertz)","GuD Marzahn","11W0-0000-0104-6","Fossil Gas","11W0-0000-0104-6","16/04/2026 07:00 - 16/04/2026 08:00","0.00",""
"16/04/2026 00:00 - 17/04/2026 00:00","CTA|DE(50Hertz)","GuD Marzahn","11W0-0000-0104-6","Fossil Gas","11W0-0000-0104-6","16/04/2026 08:00 - 16/04/2026 09:00","0.00",""
"16/04/2026 00:00 - 17/04/2026 00:00","CTA|DE(50Hertz)","GuD Marzahn","11W0-0000-0104-6","Fossil Gas","11W0-0000-0104-6","16/04/2026 09:00 - 16/04/2026 10:00","0.00",""
"16/04/2026 00:00 - 17/04/2026 00:00","CTA|DE(50Hertz)","GuD Marzahn","11W0-0000-0104-6","Fossil Gas","11W0-0000-0104-6","16/04/2026 10:00 - 16/04/2026 11:00","0.00",""
"16/04/2026 00:00 - 17/04/2026 00:00","CTA|DE(50Hertz)","GuD Marzahn","11W0-0000-0104-6","Fossil Gas","11W0-0000-0104-6","16/04/2026 11:00 - 16/04/2026 12:00","0.00",""
"16/04/2026 00:00 - 17/04/2026 00:00","CTA|DE(50Hertz)","GuD Marzahn","11W0-0000-0104-6","Fossil Gas","11W0-0000-0104-6","16/04/2026 12:00 - 16/04/2026 13:00","0.00",""
"16/04/2026 00:00 - 17/04/2026 00:00","CTA|DE(50Hertz)","GuD Marzahn","11W0-0000-0104-6","Fossil Gas","11W0-0000-0104-6","16/04/2026 13:00 - 16/04/2026 14:00","0.00",""
"16/04/2026 00:00 - 17/04/2026 00:00","CTA|DE(50Hertz)","GuD Marzahn","11W0-0000-0104-6","Fossil Gas","11W0-0000-0104-6","16/04/2026 14:00 - 16/04/2026 15:00","0.00",""
"16/04/2026 00:00 - 17/04/2026 00:00","CTA|DE(50Hertz)","GuD Marzahn","11W0-0000-0104-6","Fossil Gas","11W0-0000-0104-6","16/04/2026 15:00 - 16/04/2026 16:00","0.00",""
"16/04/2026 00:00 - 17/04/2026 00:00","CTA|DE(50Hertz)","GuD Marzahn","11W0-0000-0104-6","Fossil Gas","11W0-0000-0104-6","16/04/2026 16:00 - 16/04/2026 17:00","0.00",""
"16/04/2026 00:00 - 17/04/2026 00:00","CTA|DE(50Hertz)","GuD Marzahn","11W0-0000-0104-6","Fossil Gas","11W0-0000-0104-6","16/04/2026 17:00 - 16/04/2026 18:00","0.00",""
"16/04/2026 00:00 - 17/04/2026 00:00","CTA|DE(50Hertz)","GuD Marzahn","11W0-0000-0104-6","Fossil Gas","11W0-0000-0104-6","16/04/2026 18:00 - 16/04/2026 19:00","0.00",""
"16/04/2026 00:00 - 17/04/2026 00:00","CTA|DE(50Hertz)","GuD Marzahn","11W0-0000-0104-6","Fossil Gas","11W0-0000-0104-6","16/04/2026 19:00 - 16/04/2026 20:00","0.00",""
"16/04/2026 00:00 - 17/04/2026 00:00","CTA|DE(50Hertz)","GuD Marzahn","11W0-0000-0104-6","Fossil Gas","11W0-0000-0104-6","16/04/2026 20:00 - 16/04/2026 21:00","0.00",""
"16/04/2026 00:00 - 17/04/2026 00:00","CTA|DE(50Hertz)","GuD Marzahn","11W0-0000-0104-6","Fossil Gas","11W0-0000-0104-6","16/04/2026 21:00 - 16/04/2026 22:00","0.00",""
"16/04/2026 00:00 - 17/04/2026 00:00","CTA|DE(50Hertz)","GuD Marzahn","11W0-0000-0104-6","Fossil Gas","11W0-0000-0104-6","16/04/2026 22:00 - 16/04/2026 23:00","0.00",""
"16/04/2026 00:00 - 17/04/2026 00:00","CTA|DE(50Hertz)","GuD Marzahn","11W0-0000-0104-6","Fossil Gas","11W0-0000-0104-6","16/04/2026 23:00 - 17/04/2026 00:00","0.00",""
"16/04/2026 00:00 - 17/04/2026 00:00","CTA|DE(50Hertz)","KW Boxberg Block N","11WD8BOXB1L---N8","Fossil Brown coal/Lignite","11WD8BOXB1L---N8","16/04/2026 00:00 - 16/04/2026 01:00","191.00",""
"16/04/2026 00:00 - 17/04/2026 00:00","CTA|DE(50Hertz)","KW Boxberg Block N","11WD8BOXB1L---N8","Fossil Brown coal/Lignite","11WD8BOXB1L---N8","16/04/2026 01:00 - 16/04/2026 02:00","203.50",""
"16/04/2026 00:00 - 17/04/2026 00:00","CTA|DE(50Hertz)","KW Boxberg Block N","11WD8BOXB1L---N8","Fossil Brown coal/Lignite","11WD8BOXB1L---N8","16/04/2026 02:00 - 16/04/2026 03:00","206.00",""
"16/04/2026 00:00 - 17/04/2026 00:00","CTA|DE(50Hertz)","KW Boxberg Block N","11WD8BOXB1L---N8","Fossil Brown coal/Lignite","11WD8BOXB1L---N8","16/04/2026 03:00 - 16/04/2026 04:00","209.25",""
"16/04/2026 00:00 - 17/04/2026 00:00","CTA|DE(50Hertz)","KW Boxberg Block N","11WD8BOXB1L---N8","Fossil Brown coal/Lignite","11WD8BOXB1L---N8","16/04/2026 04:00 - 16/04/2026 05:00","206.00",""
"16/04/2026 00:00 - 17/04/2026 00:00","CTA|DE(50Hertz)","KW Boxberg Block N","11WD8BOXB1L---N8","Fossil Brown coal/Lignite","11WD8BOXB1L---N8","16/04/2026 05:00 - 16/04/2026 06:00","203.25",""
"16/04/2026 00:00 - 17/04/2026 00:00","CTA|DE(50Hertz)","KW Boxberg Block N","11WD8BOXB1L---N8","Fossil Brown coal/Lignite","11WD8BOXB1L---N8","16/04/2026 06:00 - 16/04/2026 07:00","206.50",""
"16/04/2026 00:00 - 17/04/2026 00:00","CTA|DE(50Hertz)","KW Boxberg Block N","11WD8BOXB1L---N8","Fossil Brown coal/Lignite","11WD8BOXB1L---N8","16/04/2026 07:00 - 16/04/2026 08:00","204.75",""
"16/04/2026 00:00 - 17/04/2026 00:00","CTA|DE(50Hertz)","KW Boxberg Block N","11WD8BOXB1L---N8","Fossil Brown coal/Lignite","11WD8BOXB1L---N8","16/04/2026 08:00 - 16/04/2026 09:00","203.50",""
"16/04/2026 00:00 - 17/04/2026 00:00","CTA|DE(50Hertz)","KW Boxberg Block N","11WD8BOXB1L---N8","Fossil Brown coal/Lignite","11WD8BOXB1L---N8","16/04/2026 09:00 - 16/04/2026 10:00","205.75",""
"16/04/2026 00:00 - 17/04/2026 00:00","CTA|DE(50Hertz)","KW Boxberg Block N","11WD8BOXB1L---N8","Fossil Brown coal/Lignite","11WD8BOXB1L---N8","16/04/2026 10:00 - 16/04/2026 11:00","206.25",""
"16/04/2026 00:00 - 17/04/2026 00:00","CTA|DE(50Hertz)","KW Boxberg Block N","11WD8BOXB1L---N8","Fossil Brown coal/Lignite","11WD8BOXB1L---N8","16/04/2026 11:00 - 16/04/2026 12:00","209.50",""
"16/04/2026 00:00 - 17/04/2026 00:00","CTA|DE(50Hertz)","KW Boxberg Block N","11WD8BOXB1L---N8","Fossil Brown coal/Lignite","11WD8BOXB1L---N8","16/04/2026 12:00 - 16/04/2026 13:00","194.75",""
"16/04/2026 00:00 - 17/04/2026 00:00","CTA|DE(50Hertz)","KW Boxberg Block N","11WD8BOXB1L---N8","Fossil Brown coal/Lignite","11WD8BOXB1L---N8","16/04/2026 13:00 - 16/04/2026 14:00","203.25",""
"16/04/2026 00:00 - 17/04/2026 00:00","CTA|DE(50Hertz)","KW Boxberg Block N","11WD8BOXB1L---N8","Fossil Brown coal/Lignite","11WD8BOXB1L---N8","16/04/2026 14:00 - 16/04/2026 15:00","205.50",""
"16/04/2026 00:00 - 17/04/2026 00:00","CTA|DE(50Hertz)","KW Boxberg Block N","11WD8BOXB1L---N8","Fossil Brown coal/Lignite","11WD8BOXB1L---N8","16/04/2026 15:00 - 16/04/2026 16:00","208.50",""
"16/04/2026 00:00 - 17/04/2026 00:00","CTA|DE(50Hertz)","KW Boxberg Block N","11WD8BOXB1L---N8","Fossil Brown coal/Lignite","11WD8BOXB1L---N8","16/04/2026 16:00 - 16/04/2026 17:00","208.00",""
"16/04/2026 00:00 - 17/04/2026 00:00","CTA|DE(50Hertz)","KW Boxberg Block N","11WD8BOXB1L---N8","Fossil Brown coal/Lignite","11WD8BOXB1L---N8","16/04/2026 17:00 - 16/04/2026 18:00","203.50",""
"16/04/2026 00:00 - 17/04/2026 00:00","CTA|DE(50Hertz)","KW Boxberg Block N","11WD8BOXB1L---N8","Fossil Brown coal/Lignite","11WD8BOXB1L---N8","16/04/2026 18:00 - 16/04/2026 19:00","200.50",""
"16/04/2026 00:00 - 17/04/2026 00:00","CTA|DE(50Hertz)","KW Boxberg Block N","11WD8BOXB1L---N8","Fossil Brown coal/Lignite","11WD8BOXB1L---N8","16/04/2026 19:00 - 16/04/2026 20:00","202.00",""
"16/04/2026 00:00 - 17/04/2026 00:00","CTA|DE(50Hertz)","KW Boxberg Block N","11WD8BOXB1L---N8","Fossil Brown coal/Lignite","11WD8BOXB1L---N8","16/04/2026 20:00 - 16/04/2026 21:00","201.00",""
"16/04/2026 00:00 - 17/04/2026 00:00","CTA|DE(50Hertz)","KW Boxberg Block N","11WD8BOXB1L---N8","Fossil Brown coal/Lignite","11WD8BOXB1L---N8","16/04/2026 21:00 - 16/04/2026 22:00","202.25",""
"16/04/2026 00:00 - 17/04/2026 00:00","CTA|DE(50Hertz)","KW Boxberg Block N","11WD8BOXB1L---N8","Fossil Brown coal/Lignite","11WD8BOXB1L---N8","16/04/2026 22:00 - 16/04/2026 23:00","203.75",""
"16/04/2026 00:00 - 17/04/2026 00:00","CTA|DE(50Hertz)","KW Boxberg Block N","11WD8BOXB1L---N8","Fossil Brown coal/Lignite","11WD8BOXB1L---N8","16/04/2026 23:00 - 17/04/2026 00:00","203.50",""
"16/04/2026 00:00 - 17/04/2026 00:00","CTA|DE(50Hertz)","KW Boxberg Block P","11WD8BOXB1L---P4","Fossil Brown coal/Lignite","11WD8BOXB1L---P4","16/04/2026 00:00 - 16/04/2026 01:00","0.00",""
"16/04/2026 00:00 - 17/04/2026 00:00","CTA|DE(50Hertz)","KW Boxberg Block P","11WD8BOXB1L---P4","Fossil Brown coal/Lignite","11WD8BOXB1L---P4","16/04/2026 01:00 - 16/04/2026 02:00","0.00",""
"16/04/2026 00:00 - 17/04/2026 00:00","CTA|DE(50Hertz)","KW Boxberg Block P","11WD8BOXB1L---P4","Fossil Brown coal/Lignite","11WD8BOXB1L---P4","16/04/2026 02:00 - 16/04/2026 03:00","0.00",""
"16/04/2026 00:00 - 17/04/2026 00:00","CTA|DE(50Hertz)","KW Boxberg Block P","11WD8BOXB1L---P4","Fossil Brown coal/Lignite","11WD8BOXB1L---P4","16/04/2026 03:00 - 16/04/2026 04:00","0.00",""
"16/04/2026 00:00 - 17/04/2026 00:00","CTA|DE(50Hertz)","KW Boxberg Block P","11WD8BOXB1L---P4","Fossil Brown coal/Lignite","11WD8BOXB1L---P4","16/04/2026 04:00 - 16/04/2026 05:00","0.00",""
"16/04/2026 00:00 - 17/04/2026 00:00","CTA|DE(50Hertz)","KW Boxberg Block P","11WD8BOXB1L---P4","Fossil Brown coal/Lignite","11WD8BOXB1L---P4","16/04/2026 05:00 - 16/04/2026 06:00","0.00",""
"16/04/2026 00:00 - 17/04/2026 00:00","CTA|DE(50Hertz)","KW Boxberg Block P","11WD8BOXB1L---P4","Fossil Brown coal/Lignite","11WD8BOXB1L---P4","16/04/2026 06:00 - 16/04/2026 07:00","0.00",""
"16/04/2026 00:00 - 17/04/2026 00:00","CTA|DE(50Hertz)","KW Boxberg Block P","11WD8BOXB1L---P4","Fossil Brown coal/Lignite","11WD8BOXB1L---P4","16/04/2026 07:00 - 16/04/2026 08:00","0.00",""
"16/04/2026 00:00 - 17/04/2026 00:00","CTA|DE(50Hertz)","KW Boxberg Block P","11WD8BOXB1L---P4","Fossil Brown coal/Lignite","11WD8BOXB1L---P4","16/04/2026 08:00 - 16/04/2026 09:00","0.00",""
"16/04/2026 00:00 - 17/04/2026 00:00","CTA|DE(50Hertz)","KW Boxberg Block P","11WD8BOXB1L---P4","Fossil Brown coal/Lignite","11WD8BOXB1L---P4","16/04/2026 09:00 - 16/04/2026 10:00","0.00",""
"16/04/2026 00:00 - 17/04/2026 00:00","CTA|DE(50Hertz)","KW Boxberg Block P","11WD8BOXB1L---P4","Fossil Brown coal/Lignite","11WD8BOXB1L---P4","16/04/2026 10:00 - 16/04/2026 11:00","0.00",""
"16/04/2026 00:00 - 17/04/2026 00:00","CTA|DE(50Hertz)","KW Boxberg Block P","11WD8BOXB1L---P4","Fossil Brown coal/Lignite","11WD8BOXB1L---P4","16/04/2026 11:00 - 16/04/2026 12:00","0.00",""
"16/04/2026 00:00 - 17/04/2026 00:00","CTA|DE(50Hertz)","KW Boxberg Block P","11WD8BOXB1L---P4","Fossil Brown coal/Lignite","11WD8BOXB1L---P4","16/04/2026 12:00 - 16/04/2026 13:00","0.00",""
"16/04/2026 00:00 - 17/04/2026 00:00","CTA|DE(50Hertz)","KW Boxberg Block P","11WD8BOXB1L---P4","Fossil Brown coal/Lignite","11WD8BOXB1L---P4","16/04/2026 13:00 - 16/04/2026 14:00","0.00",""
"16/04/2026 00:00 - 17/04/2026 00:00","CTA|DE(50Hertz)","KW Boxberg Block P","11WD8BOXB1L---P4","Fossil Brown coal/Lignite","11WD8BOXB1L---P4","16/04/2026 14:00 - 16/04/2026 15:00","0.00",""
"16/04/2026 00:00 - 17/04/2026 00:00","CTA|DE(50Hertz)","KW Boxberg Block P","11WD8BOXB1L---P4","Fossil Brown coal/Lignite","11WD8BOXB1L---P4","16/04/2026 15:00 - 16/04/2026 16:00","0.00",""
"16/04/2026 00:00 - 17/04/2026 00:00","CTA|DE(50Hertz)","KW Boxberg Block P","11WD8BOXB1L---P4","Fossil Brown coal/Lignite","11WD8BOXB1L---P4","16/04/2026 16:00 - 16/04/2026 17:00","0.00",""
"16/04/2026 00:00 - 17/04/2026 00:00","CTA|DE(50Hertz)","KW Boxberg Block P","11WD8BOXB1L---P4","Fossil Brown coal/Lignite","11WD8BOXB1L---P4","16/04/2026 17:00 - 16/04/2026 18:00","0.00",""
"16/04/2026 00:00 - 17/04/2026 00:00","CTA|DE(50Hertz)","KW Boxberg Block P","11WD8BOXB1L---P4","Fossil Brown coal/Lignite","11WD8BOXB1L---P4","16/04/2026 18:00 - 16/04/2026 19:00","0.00",""
"16/04/2026 00:00 - 17/04/2026 00:00","CTA|DE(50Hertz)","KW Boxberg Block P","11WD8BOXB1L---P4","Fossil Brown coal/Lignite","11WD8BOXB1L---P4","16/04/2026 19:00 - 16/04/2026 20:00","0.00",""
"16/04/2026 00:00 - 17/04/2026 00:00","CTA|DE(50Hertz)","KW Boxberg Block P","11WD8BOXB1L---P4","Fossil Brown coal/Lignite","11WD8BOXB1L---P4","16/04/2026 20:00 - 16/04/2026 21:00","0.00",""
"16/04/2026 00:00 - 17/04/2026 00:00","CTA|DE(50Hertz)","KW Boxberg Block P","11WD8BOXB1L---P4","Fossil Brown coal/Lignite","11WD8BOXB1L---P4","16/04/2026 21:00 - 16/04/2026 22:00","0.00",""
"16/04/2026 00:00 - 17/04/2026 00:00","CTA|DE(50Hertz)","KW Boxberg Block P","11WD8BOXB1L---P4","Fossil Brown coal/Lignite","11WD8BOXB1L---P4","16/04/2026 22:00 - 16/04/2026 23:00","0.00",""
"16/04/2026 00:00 - 17/04/2026 00:00","CTA|DE(50Hertz)","KW Boxberg Block P","11WD8BOXB1L---P4","Fossil Brown coal/Lignite","11WD8BOXB1L---P4","16/04/2026 23:00 - 17/04/2026 00:00","0.00",""
"16/04/2026 00:00 - 17/04/2026 00:00","CTA|DE(50Hertz)","KW Boxberg Block Q","11WD8BOXB1L---Q2","Fossil Brown coal/Lignite","11WD8BOXB1L---Q2","16/04/2026 00:00 - 16/04/2026 01:00","820.50",""
"16/04/2026 00:00 - 17/04/2026 00:00","CTA|DE(50Hertz)","KW Boxberg Block Q","11WD8BOXB1L---Q2","Fossil Brown coal/Lignite","11WD8BOXB1L---Q2","16/04/2026 01:00 - 16/04/2026 02:00","829.75",""
"16/04/2026 00:00 - 17/04/2026 00:00","CTA|DE(50Hertz)","KW Boxberg Block Q","11WD8BOXB1L---Q2","Fossil Brown coal/Lignite","11WD8BOXB1L---Q2","16/04/2026 02:00 - 16/04/2026 03:00","815.25",""
"16/04/2026 00:00 - 17/04/2026 00:00","CTA|DE(50Hertz)","KW Boxberg Block Q","11WD8BOXB1L---Q2","Fossil Brown coal/Lignite","11WD8BOXB1L---Q2","16/04/2026 03:00 - 16/04/2026 04:00","828.75",""
"16/04/2026 00:00 - 17/04/2026 00:00","CTA|DE(50Hertz)","KW Boxberg Block Q","11WD8BOXB1L---Q2","Fossil Brown coal/Lignite","11WD8BOXB1L---Q2","16/04/2026 04:00 - 16/04/2026 05:00","831.00",""
"16/04/2026 00:00 - 17/04/2026 00:00","CTA|DE(50Hertz)","KW Boxberg Block Q","11WD8BOXB1L---Q2","Fossil Brown coal/Lignite","11WD8BOXB1L---Q2","16/04/2026 05:00 - 16/04/2026 06:00","829.50",""
"16/04/2026 00:00 - 17/04/2026 00:00","CTA|DE(50Hertz)","KW Boxberg Block Q","11WD8BOXB1L---Q2","Fossil Brown coal/Lignite","11WD8BOXB1L---Q2","16/04/2026 06:00 - 16/04/2026 07:00","826.50",""
"16/04/2026 00:00 - 17/04/2026 00:00","CTA|DE(50Hertz)","KW Boxberg Block Q","11WD8BOXB1L---Q2","Fossil Brown coal/Lignite","11WD8BOXB1L---Q2","16/04/2026 07:00 - 16/04/2026 08:00","824.50",""
"16/04/2026 00:00 - 17/04/2026 00:00","CTA|DE(50Hertz)","KW Boxberg Block Q","11WD8BOXB1L---Q2","Fossil Brown coal/Lignite","11WD8BOXB1L---Q2","16/04/2026 08:00 - 16/04/2026 09:00","826.75",""
"16/04/2026 00:00 - 17/04/2026 00:00","CTA|DE(50Hertz)","KW Boxberg Block Q","11WD8BOXB1L---Q2","Fossil Brown coal/Lignite","11WD8BOXB1L---Q2","16/04/2026 09:00 - 16/04/2026 10:00","822.50",""
"16/04/2026 00:00 - 17/04/2026 00:00","CTA|DE(50Hertz)","KW Boxberg Block Q","11WD8BOXB1L---Q2","Fossil Brown coal/Lignite","11WD8BOXB1L---Q2","16/04/2026 10:00 - 16/04/2026 11:00","824.00",""
"16/04/2026 00:00 - 17/04/2026 00:00","CTA|DE(50Hertz)","KW Boxberg Block Q","11WD8BOXB1L---Q2","Fossil Brown coal/Lignite","11WD8BOXB1L---Q2","16/04/2026 11:00 - 16/04/2026 12:00","770.50",""
"16/04/2026 00:00 - 17/04/2026 00:00","CTA|DE(50Hertz)","KW Boxberg Block Q","11WD8BOXB1L---Q2","Fossil Brown coal/Lignite","11WD8BOXB1L---Q2","16/04/2026 12:00 - 16/04/2026 13:00","575.25",""
"16/04/2026 00:00 - 17/04/2026 00:00","CTA|DE(50Hertz)","KW Boxberg Block Q","11WD8BOXB1L---Q2","Fossil Brown coal/Lignite","11WD8BOXB1L---Q2","16/04/2026 13:00 - 16/04/2026 14:00","645.75",""
"16/04/2026 00:00 - 17/04/2026 00:00","CTA|DE(50Hertz)","KW Boxberg Block Q","11WD8BOXB1L---Q2","Fossil Brown coal/Lignite","11WD8BOXB1L---Q2","16/04/2026 14:00 - 16/04/2026 15:00","783.50",""
"16/04/2026 00:00 - 17/04/2026 00:00","CTA|DE(50Hertz)","KW Boxberg Block Q","11WD8BOXB1L---Q2","Fossil Brown coal/Lignite","11WD8BOXB1L---Q2","16/04/2026 15:00 - 16/04/2026 16:00","822.75",""
"16/04/2026 00:00 - 17/04/2026 00:00","CTA|DE(50Hertz)","KW Boxberg Block Q","11WD8BOXB1L---Q2","Fossil Brown coal/Lignite","11WD8BOXB1L---Q2","16/04/2026 16:00 - 16/04/2026 17:00","825.25",""
"16/04/2026 00:00 - 17/04/2026 00:00","CTA|DE(50Hertz)","KW Boxberg Block Q","11WD8BOXB1L---Q2","Fossil Brown coal/Lignite","11WD8BOXB1L---Q2","16/04/2026 17:00 - 16/04/2026 18:00","824.25",""
"16/04/2026 00:00 - 17/04/2026 00:00","CTA|DE(50Hertz)","KW Boxberg Block Q","11WD8BOXB1L---Q2","Fossil Brown coal/Lignite","11WD8BOXB1L---Q2","16/04/2026 18:00 - 16/04/2026 19:00","821.50",""
"16/04/2026 00:00 - 17/04/2026 00:00","CTA|DE(50Hertz)","KW Boxberg Block Q","11WD8BOXB1L---Q2","Fossil Brown coal/Lignite","11WD8BOXB1L---Q2","16/04/2026 19:00 - 16/04/2026 20:00","825.75",""
"16/04/2026 00:00 - 17/04/2026 00:00","CTA|DE(50Hertz)","KW Boxberg Block Q","11WD8BOXB1L---Q2","Fossil Brown coal/Lignite","11WD8BOXB1L---Q2","16/04/2026 20:00 - 16/04/2026 21:00","825.25",""
"16/04/2026 00:00 - 17/04/2026 00:00","CTA|DE(50Hertz)","KW Boxberg Block Q","11WD8BOXB1L---Q2","Fossil Brown coal/Lignite","11WD8BOXB1L---Q2","16/04/2026 21:00 - 16/04/2026 22:00","823.75",""
"16/04/2026 00:00 - 17/04/2026 00:00","CTA|DE(50Hertz)","KW Boxberg Block Q","11WD8BOXB1L---Q2","Fossil Brown coal/Lignite","11WD8BOXB1L---Q2","16/04/2026 22:00 - 16/04/2026 23:00","829.25",""
"16/04/2026 00:00 - 17/04/2026 00:00","CTA|DE(50Hertz)","KW Boxberg Block Q","11WD8BOXB1L---Q2","Fossil Brown coal/Lignite","11WD8BOXB1L---Q2","16/04/2026 23:00 - 17/04/2026 00:00","832.50",""
"16/04/2026 00:00 - 17/04/2026 00:00","CTA|DE(50Hertz)","KW Boxberg Block R","11WD8BOXB1L---R0","Fossil Brown coal/Lignite","11WD8BOXB1L---R0","16/04/2026 00:00 - 16/04/2026 01:00","579.75",""
"16/04/2026 00:00 - 17/04/2026 00:00","CTA|DE(50Hertz)","KW Boxberg Block R","11WD8BOXB1L---R0","Fossil Brown coal/Lignite","11WD8BOXB1L---R0","16/04/2026 01:00 - 16/04/2026 02:00","578.00",""
"16/04/2026 00:00 - 17/04/2026 00:00","CTA|DE(50Hertz)","KW Boxberg Block R","11WD8BOXB1L---R0","Fossil Brown coal/Lignite","11WD8BOXB1L---R0","16/04/2026 02:00 - 16/04/2026 03:00","577.75",""
"16/04/2026 00:00 - 17/04/2026 00:00","CTA|DE(50Hertz)","KW Boxberg Block R","11WD8BOXB1L---R0","Fossil Brown coal/Lignite","11WD8BOXB1L---R0","16/04/2026 03:00 - 16/04/2026 04:00","576.75",""
"16/04/2026 00:00 - 17/04/2026 00:00","CTA|DE(50Hertz)","KW Boxberg Block R","11WD8BOXB1L---R0","Fossil Brown coal/Lignite","11WD8BOXB1L---R0","16/04/2026 04:00 - 16/04/2026 05:00","578.75",""
"16/04/2026 00:00 - 17/04/2026 00:00","CTA|DE(50Hertz)","KW Boxberg Block R","11WD8BOXB1L---R0","Fossil Brown coal/Lignite","11WD8BOXB1L---R0","16/04/2026 05:00 - 16/04/2026 06:00","580.25",""
"16/04/2026 00:00 - 17/04/2026 00:00","CTA|DE(50Hertz)","KW Boxberg Block R","11WD8BOXB1L---R0","Fossil Brown coal/Lignite","11WD8BOXB1L---R0","16/04/2026 06:00 - 16/04/2026 07:00","567.25",""
"16/04/2026 00:00 - 17/04/2026 00:00","CTA|DE(50Hertz)","KW Boxberg Block R","11WD8BOXB1L---R0","Fossil Brown coal/Lignite","11WD8BOXB1L---R0","16/04/2026 07:00 - 16/04/2026 08:00","567.75",""
"16/04/2026 00:00 - 17/04/2026 00:00","CTA|DE(50Hertz)","KW Boxberg Block R","11WD8BOXB1L---R0","Fossil Brown coal/Lignite","11WD8BOXB1L---R0","16/04/2026 08:00 - 16/04/2026 09:00","570.00",""
"16/04/2026 00:00 - 17/04/2026 00:00","CTA|DE(50Hertz)","KW Boxberg Block R","11WD8BOXB1L---R0","Fossil Brown coal/Lignite","11WD8BOXB1L---R0","16/04/2026 09:00 - 16/04/2026 10:00","571.50",""
"16/04/2026 00:00 - 17/04/2026 00:00","CTA|DE(50Hertz)","KW Boxberg Block R","11WD8BOXB1L---R0","Fossil Brown coal/Lignite","11WD8BOXB1L---R0","16/04/2026 10:00 - 16/04/2026 11:00","546.00",""
"16/04/2026 00:00 - 17/04/2026 00:00","CTA|DE(50Hertz)","KW Boxberg Block R","11WD8BOXB1L---R0","Fossil Brown coal/Lignite","11WD8BOXB1L---R0","16/04/2026 11:00 - 16/04/2026 12:00","496.00",""
"16/04/2026 00:00 - 17/04/2026 00:00","CTA|DE(50Hertz)","KW Boxberg Block R","11WD8BOXB1L---R0","Fossil Brown coal/Lignite","11WD8BOXB1L---R0","16/04/2026 12:00 - 16/04/2026 13:00","307.00",""
"16/04/2026 00:00 - 17/04/2026 00:00","CTA|DE(50Hertz)","KW Boxberg Block R","11WD8BOXB1L---R0","Fossil Brown coal/Lignite","11WD8BOXB1L---R0","16/04/2026 13:00 - 16/04/2026 14:00","328.25",""
"16/04/2026 00:00 - 17/04/2026 00:00","CTA|DE(50Hertz)","KW Boxberg Block R","11WD8BOXB1L---R0","Fossil Brown coal/Lignite","11WD8BOXB1L---R0","16/04/2026 14:00 - 16/04/2026 15:00","484.25",""
"16/04/2026 00:00 - 17/04/2026 00:00","CTA|DE(50Hertz)","KW Boxberg Block R","11WD8BOXB1L---R0","Fossil Brown coal/Lignite","11WD8BOXB1L---R0","16/04/2026 15:00 - 16/04/2026 16:00","458.75",""
"16/04/2026 00:00 - 17/04/2026 00:00","CTA|DE(50Hertz)","KW Boxberg Block R","11WD8BOXB1L---R0","Fossil Brown coal/Lignite","11WD8BOXB1L---R0","16/04/2026 16:00 - 16/04/2026 17:00","355.00",""
"16/04/2026 00:00 - 17/04/2026 00:00","CTA|DE(50Hertz)","KW Boxberg Block R","11WD8BOXB1L---R0","Fossil Brown coal/Lignite","11WD8BOXB1L---R0","16/04/2026 17:00 - 16/04/2026 18:00","345.75",""
"16/04/2026 00:00 - 17/04/2026 00:00","CTA|DE(50Hertz)","KW Boxberg Block R","11WD8BOXB1L---R0","Fossil Brown coal/Lignite","11WD8BOXB1L---R0","16/04/2026 18:00 - 16/04/2026 19:00","344.25",""
"16/04/2026 00:00 - 17/04/2026 00:00","CTA|DE(50Hertz)","KW Boxberg Block R","11WD8BOXB1L---R0","Fossil Brown coal/Lignite","11WD8BOXB1L---R0","16/04/2026 19:00 - 16/04/2026 20:00","397.50",""
"16/04/2026 00:00 - 17/04/2026 00:00","CTA|DE(50Hertz)","KW Boxberg Block R","11WD8BOXB1L---R0","Fossil Brown coal/Lignite","11WD8BOXB1L---R0","16/04/2026 20:00 - 16/04/2026 21:00","543.50",""
"16/04/2026 00:00 - 17/04/2026 00:00","CTA|DE(50Hertz)","KW Boxberg Block R","11WD8BOXB1L---R0","Fossil Brown coal/Lignite","11WD8BOXB1L---R0","16/04/2026 21:00 - 16/04/2026 22:00","540.25",""
"16/04/2026 00:00 - 17/04/2026 00:00","CTA|DE(50Hertz)","KW Boxberg Block R","11WD8BOXB1L---R0","Fossil Brown coal/Lignite","11WD8BOXB1L---R0","16/04/2026 22:00 - 16/04/2026 23:00","550.25",""
"16/04/2026 00:00 - 17/04/2026 00:00","CTA|DE(50Hertz)","KW Boxberg Block R","11WD8BOXB1L---R0","Fossil Brown coal/Lignite","11WD8BOXB1L---R0","16/04/2026 23:00 - 17/04/2026 00:00","548.25",""
"16/04/2026 00:00 - 17/04/2026 00:00","CTA|DE(50Hertz)","GTHKW Nossener Bruecke","11WD8DRES5X----D","Fossil Gas","11WD8DRES5X----D","16/04/2026 00:00 - 16/04/2026 01:00","93.83",""
"16/04/2026 00:00 - 17/04/2026 00:00","CTA|DE(50Hertz)","GTHKW Nossener Bruecke","11WD8DRES5X----D","Fossil Gas","11WD8DRES5X----D","16/04/2026 01:00 - 16/04/2026 02:00","71.63",""
"16/04/2026 00:00 - 17/04/2026 00:00","CTA|DE(50Hertz)","GTHKW Nossener Bruecke","11WD8DRES5X----D","Fossil Gas","11WD8DRES5X----D","16/04/2026 02:00 - 16/04/2026 03:00","71.47",""
"16/04/2026 00:00 - 17/04/2026 00:00","CTA|DE(50Hertz)","GTHKW Nossener Bruecke","11WD8DRES5X----D","Fossil Gas","11WD8DRES5X----D","16/04/2026 03:00 - 16/04/2026 04:00","75.13",""
"16/04/2026 00:00 - 17/04/2026 00:00","CTA|DE(50Hertz)","GTHKW Nossener Bruecke","11WD8DRES5X----D","Fossil Gas","11WD8DRES5X----D","16/04/2026 04:00 - 16/04/2026 05:00","154.55",""
"16/04/2026 00:00 - 17/04/2026 00:00","CTA|DE(50Hertz)","GTHKW Nossener Bruecke","11WD8DRES5X----D","Fossil Gas","11WD8DRES5X----D","16/04/2026 05:00 - 16/04/2026 06:00","154.95",""
"16/04/2026 00:00 - 17/04/2026 00:00","CTA|DE(50Hertz)","GTHKW Nossener Bruecke","11WD8DRES5X----D","Fossil Gas","11WD8DRES5X----D","16/04/2026 06:00 - 16/04/2026 07:00","155.30",""
"16/04/2026 00:00 - 17/04/2026 00:00","CTA|DE(50Hertz)","GTHKW Nossener Bruecke","11WD8DRES5X----D","Fossil Gas","11WD8DRES5X----D","16/04/2026 07:00 - 16/04/2026 08:00","153.95",""
"16/04/2026 00:00 - 17/04/2026 00:00","CTA|DE(50Hertz)","GTHKW Nossener Bruecke","11WD8DRES5X----D","Fossil Gas","11WD8DRES5X----D","16/04/2026 08:00 - 16/04/2026 09:00","153.35",""
"16/04/2026 00:00 - 17/04/2026 00:00","CTA|DE(50Hertz)","GTHKW Nossener Bruecke","11WD8DRES5X----D","Fossil Gas","11WD8DRES5X----D","16/04/2026 09:00 - 16/04/2026 10:00","151.53",""
"16/04/2026 00:00 - 17/04/2026 00:00","CTA|DE(50Hertz)","GTHKW Nossener Bruecke","11WD8DRES5X----D","Fossil Gas","11WD8DRES5X----D","16/04/2026 10:00 - 16/04/2026 11:00","150.72",""
"16/04/2026 00:00 - 17/04/2026 00:00","CTA|DE(50Hertz)","GTHKW Nossener Bruecke","11WD8DRES5X----D","Fossil Gas","11WD8DRES5X----D","16/04/2026 11:00 - 16/04/2026 12:00","148.63",""
"16/04/2026 00:00 - 17/04/2026 00:00","CTA|DE(50Hertz)","GTHKW Nossener Bruecke","11WD8DRES5X----D","Fossil Gas","11WD8DRES5X----D","16/04/2026 12:00 - 16/04/2026 13:00","73.75",""
"16/04/2026 00:00 - 17/04/2026 00:00","CTA|DE(50Hertz)","GTHKW Nossener Bruecke","11WD8DRES5X----D","Fossil Gas","11WD8DRES5X----D","16/04/2026 13:00 - 16/04/2026 14:00","72.35",""
"16/04/2026 00:00 - 17/04/2026 00:00","CTA|DE(50Hertz)","GTHKW Nossener Bruecke","11WD8DRES5X----D","Fossil Gas","11WD8DRES5X----D","16/04/2026 14:00 - 16/04/2026 15:00","72.35",""
"16/04/2026 00:00 - 17/04/2026 00:00","CTA|DE(50Hertz)","GTHKW Nossener Bruecke","11WD8DRES5X----D","Fossil Gas","11WD8DRES5X----D","16/04/2026 15:00 - 16/04/2026 16:00","72.35",""
"16/04/2026 00:00 - 17/04/2026 00:00","CTA|DE(50Hertz)","GTHKW Nossener Bruecke","11WD8DRES5X----D","Fossil Gas","11WD8DRES5X----D","16/04/2026 16:00 - 16/04/2026 17:00","72.33",""
"16/04/2026 00:00 - 17/04/2026 00:00","CTA|DE(50Hertz)","GTHKW Nossener Bruecke","11WD8DRES5X----D","Fossil Gas","11WD8DRES5X----D","16/04/2026 17:00 - 16/04/2026 18:00","73.97",""
"16/04/2026 00:00 - 17/04/2026 00:00","CTA|DE(50Hertz)","GTHKW Nossener Bruecke","11WD8DRES5X----D","Fossil Gas","11WD8DRES5X----D","16/04/2026 18:00 - 16/04/2026 19:00","147.95",""
"16/04/2026 00:00 - 17/04/2026 00:00","CTA|DE(50Hertz)","GTHKW Nossener Bruecke","11WD8DRES5X----D","Fossil Gas","11WD8DRES5X----D","16/04/2026 19:00 - 16/04/2026 20:00","149.63",""
"16/04/2026 00:00 - 17/04/2026 00:00","CTA|DE(50Hertz)","GTHKW Nossener Bruecke","11WD8DRES5X----D","Fossil Gas","11WD8DRES5X----D","16/04/2026 20:00 - 16/04/2026 21:00","150.88",""
"16/04/2026 00:00 - 17/04/2026 00:00","CTA|DE(50Hertz)","GTHKW Nossener Bruecke","11WD8DRES5X----D","Fossil Gas","11WD8DRES5X----D","16/04/2026 21:00 - 16/04/2026 22:00","152.30",""
"16/04/2026 00:00 - 17/04/2026 00:00","CTA|DE(50Hertz)","GTHKW Nossener Bruecke","11WD8DRES5X----D","Fossil Gas","11WD8DRES5X----D","16/04/2026 22:00 - 16/04/2026 23:00","152.60",""
"16/04/2026 00:00 - 17/04/2026 00:00","CTA|DE(50Hertz)","GTHKW Nossener Bruecke","11WD8DRES5X----D","Fossil Gas","11WD8DRES5X----D","16/04/2026 23:00 - 17/04/2026 00:00","152.05",""
"16/04/2026 00:00 - 17/04/2026 00:00","CTA|DE(50Hertz)","PSW Goldisthal PSS A","11WD8GOLD1H---AL","Hydro Pumped Storage","11WD8GOLD1H---AL","16/04/2026 00:00 - 16/04/2026 01:00","0.00",""
"16/04/2026 00:00 - 17/04/2026 00:00","CTA|DE(50Hertz)","PSW Goldisthal PSS A","11WD8GOLD1H---AL","Hydro Pumped Storage","11WD8GOLD1H---AL","16/04/2026 01:00 - 16/04/2026 02:00","0.00",""
"16/04/2026 00:00 - 17/04/2026 00:00","CTA|DE(50Hertz)","PSW Goldisthal PSS A","11WD8GOLD1H---AL","Hydro Pumped Storage","11WD8GOLD1H---AL","16/04/2026 02:00 - 16/04/2026 03:00","0.00",""
"16/04/2026 00:00 - 17/04/2026 00:00","CTA|DE(50Hertz)","PSW Goldisthal PSS A","11WD8GOLD1H---AL","Hydro Pumped Storage","11WD8GOLD1H---AL","16/04/2026 03:00 - 16/04/2026 04:00","0.00",""
"16/04/2026 00:00 - 17/04/2026 00:00","CTA|DE(50Hertz)","PSW Goldisthal PSS A","11WD8GOLD1H---AL","Hydro Pumped Storage","11WD8GOLD1H---AL","16/04/2026 04:00 - 16/04/2026 05:00","0.00",""
"16/04/2026 00:00 - 17/04/2026 00:00","CTA|DE(50Hertz)","PSW Goldisthal PSS A","11WD8GOLD1H---AL","Hydro Pumped Storage","11WD8GOLD1H---AL","16/04/2026 05:00 - 16/04/2026 06:00","0.00",""
"16/04/2026 00:00 - 17/04/2026 00:00","CTA|DE(50Hertz)","PSW Goldisthal PSS A","11WD8GOLD1H---AL","Hydro Pumped Storage","11WD8GOLD1H---AL","16/04/2026 06:00 - 16/04/2026 07:00","0.00",""
"16/04/2026 00:00 - 17/04/2026 00:00","CTA|DE(50Hertz)","PSW Goldisthal PSS A","11WD8GOLD1H---AL","Hydro Pumped Storage","11WD8GOLD1H---AL","16/04/2026 07:00 - 16/04/2026 08:00","0.00",""
"16/04/2026 00:00 - 17/04/2026 00:00","CTA|DE(50Hertz)","PSW Goldisthal PSS A","11WD8GOLD1H---AL","Hydro Pumped Storage","11WD8GOLD1H---AL","16/04/2026 08:00 - 16/04/2026 09:00","0.00",""
"16/04/2026 00:00 - 17/04/2026 00:00","CTA|DE(50Hertz)","PSW Goldisthal PSS A","11WD8GOLD1H---AL","Hydro Pumped Storage","11WD8GOLD1H---AL","16/04/2026 09:00 - 16/04/2026 10:00","0.00",""
"16/04/2026 00:00 - 17/04/2026 00:00","CTA|DE(50Hertz)","PSW Goldisthal PSS A","11WD8GOLD1H---AL","Hydro Pumped Storage","11WD8GOLD1H---AL","16/04/2026 10:00 - 16/04/2026 11:00","0.00",""
"16/04/2026 00:00 - 17/04/2026 00:00","CTA|DE(50Hertz)","PSW Goldisthal PSS A","11WD8GOLD1H---AL","Hydro Pumped Storage","11WD8GOLD1H---AL","16/04/2026 11:00 - 16/04/2026 12:00","0.00",""
"16/04/2026 00:00 - 17/04/2026 00:00","CTA|DE(50Hertz)","PSW Goldisthal PSS A","11WD8GOLD1H---AL","Hydro Pumped Storage","11WD8GOLD1H---AL","16/04/2026 12:00 - 16/04/2026 13:00","0.00",""
"16/04/2026 00:00 - 17/04/2026 00:00","CTA|DE(50Hertz)","PSW Goldisthal PSS A","11WD8GOLD1H---AL","Hydro Pumped Storage","11WD8GOLD1H---AL","16/04/2026 13:00 - 16/04/2026 14:00","0.00",""
"16/04/2026 00:00 - 17/04/2026 00:00","CTA|DE(50Hertz)","PSW Goldisthal PSS A","11WD8GOLD1H---AL","Hydro Pumped Storage","11WD8GOLD1H---AL","16/04/2026 14:00 - 16/04/2026 15:00","0.00",""
"16/04/2026 00:00 - 17/04/2026 00:00","CTA|DE(50Hertz)","PSW Goldisthal PSS A","11WD8GOLD1H---AL","Hydro Pumped Storage","11WD8GOLD1H---AL","16/04/2026 15:00 - 16/04/2026 16:00","0.00",""
"16/04/2026 00:00 - 17/04/2026 00:00","CTA|DE(50Hertz)","PSW Goldisthal PSS A","11WD8GOLD1H---AL","Hydro Pumped Storage","11WD8GOLD1H---AL","16/04/2026 16:00 - 16/04/2026 17:00","0.00",""
"16/04/2026 00:00 - 17/04/2026 00:00","CTA|DE(50Hertz)","PSW Goldisthal PSS A","11WD8GOLD1H---AL","Hydro Pumped Storage","11WD8GOLD1H---AL","16/04/2026 17:00 - 16/04/2026 18:00","0.00",""
"16/04/2026 00:00 - 17/04/2026 00:00","CTA|DE(50Hertz)","PSW Goldisthal PSS A","11WD8GOLD1H---AL","Hydro Pumped Storage","11WD8GOLD1H---AL","16/04/2026 18:00 - 16/04/2026 19:00","0.00",""
"16/04/2026 00:00 - 17/04/2026 00:00","CTA|DE(50Hertz)","PSW Goldisthal PSS A","11WD8GOLD1H---AL","Hydro Pumped Storage","11WD8GOLD1H---AL","16/04/2026 19:00 - 16/04/2026 20:00","0.00",""
"16/04/2026 00:00 - 17/04/2026 00:00","CTA|DE(50Hertz)","PSW Goldisthal PSS A","11WD8GOLD1H---AL","Hydro Pumped Storage","11WD8GOLD1H---AL","16/04/2026 20:00 - 16/04/2026 21:00","0.00",""
"16/04/2026 00:00 - 17/04/2026 00:00","CTA|DE(50Hertz)","PSW Goldisthal PSS A","11WD8GOLD1H---AL","Hydro Pumped Storage","11WD8GOLD1H---AL","16/04/2026 21:00 - 16/04/2026 22:00","0.00",""
"16/04/2026 00:00 - 17/04/2026 00:00","CTA|DE(50Hertz)","PSW Goldisthal PSS A","11WD8GOLD1H---AL","Hydro Pumped Storage","11WD8GOLD1H---AL","16/04/2026 22:00 - 16/04/2026 23:00","0.00",""
"16/04/2026 00:00 - 17/04/2026 00:00","CTA|DE(50Hertz)","PSW Goldisthal PSS A","11WD8GOLD1H---AL","Hydro Pumped Storage","11WD8GOLD1H---AL","16/04/2026 23:00 - 17/04/2026 00:00","0.00",""
"16/04/2026 00:00 - 17/04/2026 00:00","CTA|DE(50Hertz)","PSW Goldisthal PSS B","11WD8GOLD1H---BJ","Hydro Pumped Storage","11WD8GOLD1H---BJ","16/04/2026 00:00 - 16/04/2026 01:00","0.00",""
"16/04/2026 00:00 - 17/04/2026 00:00","CTA|DE(50Hertz)","PSW Goldisthal PSS B","11WD8GOLD1H---BJ","Hydro Pumped Storage","11WD8GOLD1H---BJ","16/04/2026 01:00 - 16/04/2026 02:00","0.00",""
"16/04/2026 00:00 - 17/04/2026 00:00","CTA|DE(50Hertz)","PSW Goldisthal PSS B","11WD8GOLD1H---BJ","Hydro Pumped Storage","11WD8GOLD1H---BJ","16/04/2026 02:00 - 16/04/2026 03:00","0.00",""
"16/04/2026 00:00 - 17/04/2026 00:00","CTA|DE(50Hertz)","PSW Goldisthal PSS B","11WD8GOLD1H---BJ","Hydro Pumped Storage","11WD8GOLD1H---BJ","16/04/2026 03:00 - 16/04/2026 04:00","0.00",""
"16/04/2026 00:00 - 17/04/2026 00:00","CTA|DE(50Hertz)","PSW Goldisthal PSS B","11WD8GOLD1H---BJ","Hydro Pumped Storage","11WD8GOLD1H---BJ","16/04/2026 04:00 - 16/04/2026 05:00","0.00",""
"16/04/2026 00:00 - 17/04/2026 00:00","CTA|DE(50Hertz)","PSW Goldisthal PSS B","11WD8GOLD1H---BJ","Hydro Pumped Storage","11WD8GOLD1H---BJ","16/04/2026 05:00 - 16/04/2026 06:00","0.00",""
"16/04/2026 00:00 - 17/04/2026 00:00","CTA|DE(50Hertz)","PSW Goldisthal PSS B","11WD8GOLD1H---BJ","Hydro Pumped Storage","11WD8GOLD1H---BJ","16/04/2026 06:00 - 16/04/2026 07:00","0.00",""
"16/04/2026 00:00 - 17/04/2026 00:00","CTA|DE(50Hertz)","PSW Goldisthal PSS B","11WD8GOLD1H---BJ","Hydro Pumped Storage","11WD8GOLD1H---BJ","16/04/2026 07:00 - 16/04/2026 08:00","0.00",""
"16/04/2026 00:00 - 17/04/2026 00:00","CTA|DE(50Hertz)","PSW Goldisthal PSS B","11WD8GOLD1H---BJ","Hydro Pumped Storage","11WD8GOLD1H---BJ","16/04/2026 08:00 - 16/04/2026 09:00","0.00",""
"16/04/2026 00:00 - 17/04/2026 00:00","CTA|DE(50Hertz)","PSW Goldisthal PSS B","11WD8GOLD1H---BJ","Hydro Pumped Storage","11WD8GOLD1H---BJ","16/04/2026 09:00 - 16/04/2026 10:00","0.00",""
"16/04/2026 00:00 - 17/04/2026 00:00","CTA|DE(50Hertz)","PSW Goldisthal PSS B","11WD8GOLD1H---BJ","Hydro Pumped Storage","11WD8GOLD1H---BJ","16/04/2026 10:00 - 16/04/2026 11:00","0.00",""
"16/04/2026 00:00 - 17/04/2026 00:00","CTA|DE(50Hertz)","PSW Goldisthal PSS B","11WD8GOLD1H---BJ","Hydro Pumped Storage","11WD8GOLD1H---BJ","16/04/2026 11:00 - 16/04/2026 12:00","0.00",""
"16/04/2026 00:00 - 17/04/2026 00:00","CTA|DE(50Hertz)","PSW Goldisthal PSS B","11WD8GOLD1H---BJ","Hydro Pumped Storage","11WD8GOLD1H---BJ","16/04/2026 12:00 - 16/04/2026 13:00","0.00",""
"16/04/2026 00:00 - 17/04/2026 00:00","CTA|DE(50Hertz)","PSW Goldisthal PSS B","11WD8GOLD1H---BJ","Hydro Pumped Storage","11WD8GOLD1H---BJ","16/04/2026 13:00 - 16/04/2026 14:00","0.00",""
"16/04/2026 00:00 - 17/04/2026 00:00","CTA|DE(50Hertz)","PSW Goldisthal PSS B","11WD8GOLD1H---BJ","Hydro Pumped Storage","11WD8GOLD1H---BJ","16/04/2026 14:00 - 16/04/2026 15:00","0.00",""
"16/04/2026 00:00 - 17/04/2026 00:00","CTA|DE(50Hertz)","PSW Goldisthal PSS B","11WD8GOLD1H---BJ","Hydro Pumped Storage","11WD8GOLD1H---BJ","16/04/2026 15:00 - 16/04/2026 16:00","0.00",""
"16/04/2026 00:00 - 17/04/2026 00:00","CTA|DE(50Hertz)","PSW Goldisthal PSS B","11WD8GOLD1H---BJ","Hydro Pumped Storage","11WD8GOLD1H---BJ","16/04/2026 16:00 - 16/04/2026 17:00","0.00",""
"16/04/2026 00:00 - 17/04/2026 00:00","CTA|DE(50Hertz)","PSW Goldisthal PSS B","11WD8GOLD1H---BJ","Hydro Pumped Storage","11WD8GOLD1H---BJ","16/04/2026 17:00 - 16/04/2026 18:00","0.00",""
"16/04/2026 00:00 - 17/04/2026 00:00","CTA|DE(50Hertz)","PSW Goldisthal PSS B","11WD8GOLD1H---BJ","Hydro Pumped Storage","11WD8GOLD1H---BJ","16/04/2026 18:00 - 16/04/2026 19:00","0.00",""
"16/04/2026 00:00 - 17/04/2026 00:00","CTA|DE(50Hertz)","PSW Goldisthal PSS B","11WD8GOLD1H---BJ","Hydro Pumped Storage","11WD8GOLD1H---BJ","16/04/2026 19:00 - 16/04/2026 20:00","0.00",""
"16/04/2026 00:00 - 17/04/2026 00:00","CTA|DE(50Hertz)","PSW Goldisthal PSS B","11WD8GOLD1H---BJ","Hydro Pumped Storage","11WD8GOLD1H---BJ","16/04/2026 20:00 - 16/04/2026 21:00","0.00",""
"16/04/2026 00:00 - 17/04/2026 00:00","CTA|DE(50Hertz)","PSW Goldisthal PSS B","11WD8GOLD1H---BJ","Hydro Pumped Storage","11WD8GOLD1H---BJ","16/04/2026 21:00 - 16/04/2026 22:00","0.00",""
"16/04/2026 00:00 - 17/04/2026 00:00","CTA|DE(50Hertz)","PSW Goldisthal PSS B","11WD8GOLD1H---BJ","Hydro Pumped Storage","11WD8GOLD1H---BJ","16/04/2026 22:00 - 16/04/2026 23:00","0.00",""
"16/04/2026 00:00 - 17/04/2026 00:00","CTA|DE(50Hertz)","PSW Goldisthal PSS B","11WD8GOLD1H---BJ","Hydro Pumped Storage","11WD8GOLD1H---BJ","16/04/2026 23:00 - 17/04/2026 00:00","0.00",""
"16/04/2026 00:00 - 17/04/2026 00:00","CTA|DE(50Hertz)","PSW Goldisthal PSS C","11WD8GOLD1H---CH","Hydro Pumped Storage","11WD8GOLD1H---CH","16/04/2026 00:00 - 16/04/2026 01:00","0.00",""
"16/04/2026 00:00 - 17/04/2026 00:00","CTA|DE(50Hertz)","PSW Goldisthal PSS C","11WD8GOLD1H---CH","Hydro Pumped Storage","11WD8GOLD1H---CH","16/04/2026 01:00 - 16/04/2026 02:00","0.00",""
"16/04/2026 00:00 - 17/04/2026 00:00","CTA|DE(50Hertz)","PSW Goldisthal PSS C","11WD8GOLD1H---CH","Hydro Pumped Storage","11WD8GOLD1H---CH","16/04/2026 02:00 - 16/04/2026 03:00","0.00",""
"16/04/2026 00:00 - 17/04/2026 00:00","CTA|DE(50Hertz)","PSW Goldisthal PSS C","11WD8GOLD1H---CH","Hydro Pumped Storage","11WD8GOLD1H---CH","16/04/2026 03:00 - 16/04/2026 04:00","0.00",""
"16/04/2026 00:00 - 17/04/2026 00:00","CTA|DE(50Hertz)","PSW Goldisthal PSS C","11WD8GOLD1H---CH","Hydro Pumped Storage","11WD8GOLD1H---CH","16/04/2026 04:00 - 16/04/2026 05:00","0.00",""
"16/04/2026 00:00 - 17/04/2026 00:00","CTA|DE(50Hertz)","PSW Goldisthal PSS C","11WD8GOLD1H---CH","Hydro Pumped Storage","11WD8GOLD1H---CH","16/04/2026 05:00 - 16/04/2026 06:00","51.25",""
"16/04/2026 00:00 - 17/04/2026 00:00","CTA|DE(50Hertz)","PSW Goldisthal PSS C","11WD8GOLD1H---CH","Hydro Pumped Storage","11WD8GOLD1H---CH","16/04/2026 06:00 - 16/04/2026 07:00","189.50",""
"16/04/2026 00:00 - 17/04/2026 00:00","CTA|DE(50Hertz)","PSW Goldisthal PSS C","11WD8GOLD1H---CH","Hydro Pumped Storage","11WD8GOLD1H---CH","16/04/2026 07:00 - 16/04/2026 08:00","243.25",""
"16/04/2026 00:00 - 17/04/2026 00:00","CTA|DE(50Hertz)","PSW Goldisthal PSS C","11WD8GOLD1H---CH","Hydro Pumped Storage","11WD8GOLD1H---CH","16/04/2026 08:00 - 16/04/2026 09:00","155.00",""
"16/04/2026 00:00 - 17/04/2026 00:00","CTA|DE(50Hertz)","PSW Goldisthal PSS C","11WD8GOLD1H---CH","Hydro Pumped Storage","11WD8GOLD1H---CH","16/04/2026 09:00 - 16/04/2026 10:00","0.00",""
"16/04/2026 00:00 - 17/04/2026 00:00","CTA|DE(50Hertz)","PSW Goldisthal PSS C","11WD8GOLD1H---CH","Hydro Pumped Storage","11WD8GOLD1H---CH","16/04/2026 10:00 - 16/04/2026 11:00","0.00",""
"16/04/2026 00:00 - 17/04/2026 00:00","CTA|DE(50Hertz)","PSW Goldisthal PSS C","11WD8GOLD1H---CH","Hydro Pumped Storage","11WD8GOLD1H---CH","16/04/2026 11:00 - 16/04/2026 12:00","0.00",""
"16/04/2026 00:00 - 17/04/2026 00:00","CTA|DE(50Hertz)","PSW Goldisthal PSS C","11WD8GOLD1H---CH","Hydro Pumped Storage","11WD8GOLD1H---CH","16/04/2026 12:00 - 16/04/2026 13:00","0.00",""
"16/04/2026 00:00 - 17/04/2026 00:00","CTA|DE(50Hertz)","PSW Goldisthal PSS C","11WD8GOLD1H---CH","Hydro Pumped Storage","11WD8GOLD1H---CH","16/04/2026 13:00 - 16/04/2026 14:00","0.00",""
"16/04/2026 00:00 - 17/04/2026 00:00","CTA|DE(50Hertz)","PSW Goldisthal PSS C","11WD8GOLD1H---CH","Hydro Pumped Storage","11WD8GOLD1H---CH","16/04/2026 14:00 - 16/04/2026 15:00","0.00",""
"16/04/2026 00:00 - 17/04/2026 00:00","CTA|DE(50Hertz)","PSW Goldisthal PSS C","11WD8GOLD1H---CH","Hydro Pumped Storage","11WD8GOLD1H---CH","16/04/2026 15:00 - 16/04/2026 16:00","0.00",""
"16/04/2026 00:00 - 17/04/2026 00:00","CTA|DE(50Hertz)","PSW Goldisthal PSS C","11WD8GOLD1H---CH","Hydro Pumped Storage","11WD8GOLD1H---CH","16/04/2026 16:00 - 16/04/2026 17:00","0.00",""
"16/04/2026 00:00 - 17/04/2026 00:00","CTA|DE(50Hertz)","PSW Goldisthal PSS C","11WD8GOLD1H---CH","Hydro Pumped Storage","11WD8GOLD1H---CH","16/04/2026 17:00 - 16/04/2026 18:00","0.00",""
"16/04/2026 00:00 - 17/04/2026 00:00","CTA|DE(50Hertz)","PSW Goldisthal PSS C","11WD8GOLD1H---CH","Hydro Pumped Storage","11WD8GOLD1H---CH","16/04/2026 18:00 - 16/04/2026 19:00","133.50",""
"16/04/2026 00:00 - 17/04/2026 00:00","CTA|DE(50Hertz)","PSW Goldisthal PSS C","11WD8GOLD1H---CH","Hydro Pumped Storage","11WD8GOLD1H---CH","16/04/2026 19:00 - 16/04/2026 20:00","265.50",""
"16/04/2026 00:00 - 17/04/2026 00:00","CTA|DE(50Hertz)","PSW Goldisthal PSS C","11WD8GOLD1H---CH","Hydro Pumped Storage","11WD8GOLD1H---CH","16/04/2026 20:00 - 16/04/2026 21:00","261.50",""
"16/04/2026 00:00 - 17/04/2026 00:00","CTA|DE(50Hertz)","PSW Goldisthal PSS C","11WD8GOLD1H---CH","Hydro Pumped Storage","11WD8GOLD1H---CH","16/04/2026 21:00 - 16/04/2026 22:00","256.75",""
"16/04/2026 00:00 - 17/04/2026 00:00","CTA|DE(50Hertz)","PSW Goldisthal PSS C","11WD8GOLD1H---CH","Hydro Pumped Storage","11WD8GOLD1H---CH","16/04/2026 22:00 - 16/04/2026 23:00","164.50",""
"16/04/2026 00:00 - 17/04/2026 00:00","CTA|DE(50Hertz)","PSW Goldisthal PSS C","11WD8GOLD1H---CH","Hydro Pumped Storage","11WD8GOLD1H---CH","16/04/2026 23:00 - 17/04/2026 00:00","0.00",""
"16/04/2026 00:00 - 17/04/2026 00:00","CTA|DE(50Hertz)","PSW Goldisthal PSS D","11WD8GOLD1H---DF","Hydro Pumped Storage","11WD8GOLD1H---DF","16/04/2026 00:00 - 16/04/2026 01:00","0.00",""
"16/04/2026 00:00 - 17/04/2026 00:00","CTA|DE(50Hertz)","PSW Goldisthal PSS D","11WD8GOLD1H---DF","Hydro Pumped Storage","11WD8GOLD1H---DF","16/04/2026 01:00 - 16/04/2026 02:00","0.00",""
"16/04/2026 00:00 - 17/04/2026 00:00","CTA|DE(50Hertz)","PSW Goldisthal PSS D","11WD8GOLD1H---DF","Hydro Pumped Storage","11WD8GOLD1H---DF","16/04/2026 02:00 - 16/04/2026 03:00","0.00",""
"16/04/2026 00:00 - 17/04/2026 00:00","CTA|DE(50Hertz)","PSW Goldisthal PSS D","11WD8GOLD1H---DF","Hydro Pumped Storage","11WD8GOLD1H---DF","16/04/2026 03:00 - 16/04/2026 04:00","0.00",""
"16/04/2026 00:00 - 17/04/2026 00:00","CTA|DE(50Hertz)","PSW Goldisthal PSS D","11WD8GOLD1H---DF","Hydro Pumped Storage","11WD8GOLD1H---DF","16/04/2026 04:00 - 16/04/2026 05:00","0.00",""
"16/04/2026 00:00 - 17/04/2026 00:00","CTA|DE(50Hertz)","PSW Goldisthal PSS D","11WD8GOLD1H---DF","Hydro Pumped Storage","11WD8GOLD1H---DF","16/04/2026 05:00 - 16/04/2026 06:00","75.75",""
"16/04/2026 00:00 - 17/04/2026 00:00","CTA|DE(50Hertz)","PSW Goldisthal PSS D","11WD8GOLD1H---DF","Hydro Pumped Storage","11WD8GOLD1H---DF","16/04/2026 06:00 - 16/04/2026 07:00","167.00",""
"16/04/2026 00:00 - 17/04/2026 00:00","CTA|DE(50Hertz)","PSW Goldisthal PSS D","11WD8GOLD1H---DF","Hydro Pumped Storage","11WD8GOLD1H---DF","16/04/2026 07:00 - 16/04/2026 08:00","152.25",""
"16/04/2026 00:00 - 17/04/2026 00:00","CTA|DE(50Hertz)","PSW Goldisthal PSS D","11WD8GOLD1H---DF","Hydro Pumped Storage","11WD8GOLD1H---DF","16/04/2026 08:00 - 16/04/2026 09:00","172.50",""
"16/04/2026 00:00 - 17/04/2026 00:00","CTA|DE(50Hertz)","PSW Goldisthal PSS D","11WD8GOLD1H---DF","Hydro Pumped Storage","11WD8GOLD1H---DF","16/04/2026 09:00 - 16/04/2026 10:00","62.00",""
"16/04/2026 00:00 - 17/04/2026 00:00","CTA|DE(50Hertz)","PSW Goldisthal PSS D","11WD8GOLD1H---DF","Hydro Pumped Storage","11WD8GOLD1H---DF","16/04/2026 10:00 - 16/04/2026 11:00","0.00",""
"16/04/2026 00:00 - 17/04/2026 00:00","CTA|DE(50Hertz)","PSW Goldisthal PSS D","11WD8GOLD1H---DF","Hydro Pumped Storage","11WD8GOLD1H---DF","16/04/2026 11:00 - 16/04/2026 12:00","0.00",""
"16/04/2026 00:00 - 17/04/2026 00:00","CTA|DE(50Hertz)","PSW Goldisthal PSS D","11WD8GOLD1H---DF","Hydro Pumped Storage","11WD8GOLD1H---DF","16/04/2026 12:00 - 16/04/2026 13:00","0.00",""
"16/04/2026 00:00 - 17/04/2026 00:00","CTA|DE(50Hertz)","PSW Goldisthal PSS D","11WD8GOLD1H---DF","Hydro Pumped Storage","11WD8GOLD1H---DF","16/04/2026 13:00 - 16/04/2026 14:00","0.00",""
"16/04/2026 00:00 - 17/04/2026 00:00","CTA|DE(50Hertz)","PSW Goldisthal PSS D","11WD8GOLD1H---DF","Hydro Pumped Storage","11WD8GOLD1H---DF","16/04/2026 14:00 - 16/04/2026 15:00","0.00",""
"16/04/2026 00:00 - 17/04/2026 00:00","CTA|DE(50Hertz)","PSW Goldisthal PSS D","11WD8GOLD1H---DF","Hydro Pumped Storage","11WD8GOLD1H---DF","16/04/2026 15:00 - 16/04/2026 16:00","0.00",""
"16/04/2026 00:00 - 17/04/2026 00:00","CTA|DE(50Hertz)","PSW Goldisthal PSS D","11WD8GOLD1H---DF","Hydro Pumped Storage","11WD8GOLD1H---DF","16/04/2026 16:00 - 16/04/2026 17:00","0.00",""
"16/04/2026 00:00 - 17/04/2026 00:00","CTA|DE(50Hertz)","PSW Goldisthal PSS D","11WD8GOLD1H---DF","Hydro Pumped Storage","11WD8GOLD1H---DF","16/04/2026 17:00 - 16/04/2026 18:00","0.00",""
"16/04/2026 00:00 - 17/04/2026 00:00","CTA|DE(50Hertz)","PSW Goldisthal PSS D","11WD8GOLD1H---DF","Hydro Pumped Storage","11WD8GOLD1H---DF","16/04/2026 18:00 - 16/04/2026 19:00","136.25",""
"16/04/2026 00:00 - 17/04/2026 00:00","CTA|DE(50Hertz)","PSW Goldisthal PSS D","11WD8GOLD1H---DF","Hydro Pumped Storage","11WD8GOLD1H---DF","16/04/2026 19:00 - 16/04/2026 20:00","270.00",""
"16/04/2026 00:00 - 17/04/2026 00:00","CTA|DE(50Hertz)","PSW Goldisthal PSS D","11WD8GOLD1H---DF","Hydro Pumped Storage","11WD8GOLD1H---DF","16/04/2026 20:00 - 16/04/2026 21:00","266.75",""
"16/04/2026 00:00 - 17/04/2026 00:00","CTA|DE(50Hertz)","PSW Goldisthal PSS D","11WD8GOLD1H---DF","Hydro Pumped Storage","11WD8GOLD1H---DF","16/04/2026 21:00 - 16/04/2026 22:00","262.25",""
"16/04/2026 00:00 - 17/04/2026 00:00","CTA|DE(50Hertz)","PSW Goldisthal PSS D","11WD8GOLD1H---DF","Hydro Pumped Storage","11WD8GOLD1H---DF","16/04/2026 22:00 - 16/04/2026 23:00","180.00",""
"16/04/2026 00:00 - 17/04/2026 00:00","CTA|DE(50Hertz)","PSW Goldisthal PSS D","11WD8GOLD1H---DF","Hydro Pumped Storage","11WD8GOLD1H---DF","16/04/2026 23:00 - 17/04/2026 00:00","61.50",""
"16/04/2026 00:00 - 17/04/2026 00:00","CTA|DE(50Hertz)","KW Jänschwalde Block B","11WD8JAEN1L---BB","Fossil Brown coal/Lignite","11WD8JAEN1L---BB","16/04/2026 00:00 - 16/04/2026 01:00","179.75",""
"16/04/2026 00:00 - 17/04/2026 00:00","CTA|DE(50Hertz)","KW Jänschwalde Block B","11WD8JAEN1L---BB","Fossil Brown coal/Lignite","11WD8JAEN1L---BB","16/04/2026 01:00 - 16/04/2026 02:00","178.00",""
"16/04/2026 00:00 - 17/04/2026 00:00","CTA|DE(50Hertz)","KW Jänschwalde Block B","11WD8JAEN1L---BB","Fossil Brown coal/Lignite","11WD8JAEN1L---BB","16/04/2026 02:00 - 16/04/2026 03:00","193.00",""
"16/04/2026 00:00 - 17/04/2026 00:00","CTA|DE(50Hertz)","KW Jänschwalde Block B","11WD8JAEN1L---BB","Fossil Brown coal/Lignite","11WD8JAEN1L---BB","16/04/2026 03:00 - 16/04/2026 04:00","193.00",""
"16/04/2026 00:00 - 17/04/2026 00:00","CTA|DE(50Hertz)","KW Jänschwalde Block B","11WD8JAEN1L---BB","Fossil Brown coal/Lignite","11WD8JAEN1L---BB","16/04/2026 04:00 - 16/04/2026 05:00","192.75",""
"16/04/2026 00:00 - 17/04/2026 00:00","CTA|DE(50Hertz)","KW Jänschwalde Block B","11WD8JAEN1L---BB","Fossil Brown coal/Lignite","11WD8JAEN1L---BB","16/04/2026 05:00 - 16/04/2026 06:00","187.00",""
"16/04/2026 00:00 - 17/04/2026 00:00","CTA|DE(50Hertz)","KW Jänschwalde Block B","11WD8JAEN1L---BB","Fossil Brown coal/Lignite","11WD8JAEN1L---BB","16/04/2026 06:00 - 16/04/2026 07:00","187.50",""
"16/04/2026 00:00 - 17/04/2026 00:00","CTA|DE(50Hertz)","KW Jänschwalde Block B","11WD8JAEN1L---BB","Fossil Brown coal/Lignite","11WD8JAEN1L---BB","16/04/2026 07:00 - 16/04/2026 08:00","191.00",""
"16/04/2026 00:00 - 17/04/2026 00:00","CTA|DE(50Hertz)","KW Jänschwalde Block B","11WD8JAEN1L---BB","Fossil Brown coal/Lignite","11WD8JAEN1L---BB","16/04/2026 08:00 - 16/04/2026 09:00","196.25",""
"16/04/2026 00:00 - 17/04/2026 00:00","CTA|DE(50Hertz)","KW Jänschwalde Block B","11WD8JAEN1L---BB","Fossil Brown coal/Lignite","11WD8JAEN1L---BB","16/04/2026 09:00 - 16/04/2026 10:00","194.50",""
"16/04/2026 00:00 - 17/04/2026 00:00","CTA|DE(50Hertz)","KW Jänschwalde Block B","11WD8JAEN1L---BB","Fossil Brown coal/Lignite","11WD8JAEN1L---BB","16/04/2026 10:00 - 16/04/2026 11:00","186.75",""
"16/04/2026 00:00 - 17/04/2026 00:00","CTA|DE(50Hertz)","KW Jänschwalde Block B","11WD8JAEN1L---BB","Fossil Brown coal/Lignite","11WD8JAEN1L---BB","16/04/2026 11:00 - 16/04/2026 12:00","178.25",""
"16/04/2026 00:00 - 17/04/2026 00:00","CTA|DE(50Hertz)","KW Jänschwalde Block B","11WD8JAEN1L---BB","Fossil Brown coal/Lignite","11WD8JAEN1L---BB","16/04/2026 12:00 - 16/04/2026 13:00","134.00",""
"16/04/2026 00:00 - 17/04/2026 00:00","CTA|DE(50Hertz)","KW Jänschwalde Block B","11WD8JAEN1L---BB","Fossil Brown coal/Lignite","11WD8JAEN1L---BB","16/04/2026 13:00 - 16/04/2026 14:00","141.75",""
"16/04/2026 00:00 - 17/04/2026 00:00","CTA|DE(50Hertz)","KW Jänschwalde Block B","11WD8JAEN1L---BB","Fossil Brown coal/Lignite","11WD8JAEN1L---BB","16/04/2026 14:00 - 16/04/2026 15:00","163.75",""
"16/04/2026 00:00 - 17/04/2026 00:00","CTA|DE(50Hertz)","KW Jänschwalde Block B","11WD8JAEN1L---BB","Fossil Brown coal/Lignite","11WD8JAEN1L---BB","16/04/2026 15:00 - 16/04/2026 16:00","179.75",""
"16/04/2026 00:00 - 17/04/2026 00:00","CTA|DE(50Hertz)","KW Jänschwalde Block B","11WD8JAEN1L---BB","Fossil Brown coal/Lignite","11WD8JAEN1L---BB","16/04/2026 16:00 - 16/04/2026 17:00","189.50",""
"16/04/2026 00:00 - 17/04/2026 00:00","CTA|DE(50Hertz)","KW Jänschwalde Block B","11WD8JAEN1L---BB","Fossil Brown coal/Lignite","11WD8JAEN1L---BB","16/04/2026 17:00 - 16/04/2026 18:00","163.25",""
"16/04/2026 00:00 - 17/04/2026 00:00","CTA|DE(50Hertz)","KW Jänschwalde Block B","11WD8JAEN1L---BB","Fossil Brown coal/Lignite","11WD8JAEN1L---BB","16/04/2026 18:00 - 16/04/2026 19:00","171.50",""
"16/04/2026 00:00 - 17/04/2026 00:00","CTA|DE(50Hertz)","KW Jänschwalde Block B","11WD8JAEN1L---BB","Fossil Brown coal/Lignite","11WD8JAEN1L---BB","16/04/2026 19:00 - 16/04/2026 20:00","166.75",""
"16/04/2026 00:00 - 17/04/2026 00:00","CTA|DE(50Hertz)","KW Jänschwalde Block B","11WD8JAEN1L---BB","Fossil Brown coal/Lignite","11WD8JAEN1L---BB","16/04/2026 20:00 - 16/04/2026 21:00","173.50",""
"16/04/2026 00:00 - 17/04/2026 00:00","CTA|DE(50Hertz)","KW Jänschwalde Block B","11WD8JAEN1L---BB","Fossil Brown coal/Lignite","11WD8JAEN1L---BB","16/04/2026 21:00 - 16/04/2026 22:00","171.25",""
"16/04/2026 00:00 - 17/04/2026 00:00","CTA|DE(50Hertz)","KW Jänschwalde Block B","11WD8JAEN1L---BB","Fossil Brown coal/Lignite","11WD8JAEN1L---BB","16/04/2026 22:00 - 16/04/2026 23:00","168.75",""
"16/04/2026 00:00 - 17/04/2026 00:00","CTA|DE(50Hertz)","KW Jänschwalde Block B","11WD8JAEN1L---BB","Fossil Brown coal/Lignite","11WD8JAEN1L---BB","16/04/2026 23:00 - 17/04/2026 00:00","312.75",""
"16/04/2026 00:00 - 17/04/2026 00:00","CTA|DE(50Hertz)","KW Jänschwalde Block C","11WD8JAEN1L---C9","Fossil Brown coal/Lignite","11WD8JAEN1L---C9","16/04/2026 00:00 - 16/04/2026 01:00","484.00",""
"16/04/2026 00:00 - 17/04/2026 00:00","CTA|DE(50Hertz)","KW Jänschwalde Block C","11WD8JAEN1L---C9","Fossil Brown coal/Lignite","11WD8JAEN1L---C9","16/04/2026 01:00 - 16/04/2026 02:00","484.25",""
"16/04/2026 00:00 - 17/04/2026 00:00","CTA|DE(50Hertz)","KW Jänschwalde Block C","11WD8JAEN1L---C9","Fossil Brown coal/Lignite","11WD8JAEN1L---C9","16/04/2026 02:00 - 16/04/2026 03:00","478.75",""
"16/04/2026 00:00 - 17/04/2026 00:00","CTA|DE(50Hertz)","KW Jänschwalde Block C","11WD8JAEN1L---C9","Fossil Brown coal/Lignite","11WD8JAEN1L---C9","16/04/2026 03:00 - 16/04/2026 04:00","483.75",""
"16/04/2026 00:00 - 17/04/2026 00:00","CTA|DE(50Hertz)","KW Jänschwalde Block C","11WD8JAEN1L---C9","Fossil Brown coal/Lignite","11WD8JAEN1L---C9","16/04/2026 04:00 - 16/04/2026 05:00","484.75",""
"16/04/2026 00:00 - 17/04/2026 00:00","CTA|DE(50Hertz)","KW Jänschwalde Block C","11WD8JAEN1L---C9","Fossil Brown coal/Lignite","11WD8JAEN1L---C9","16/04/2026 05:00 - 16/04/2026 06:00","481.25",""
"16/04/2026 00:00 - 17/04/2026 00:00","CTA|DE(50Hertz)","KW Jänschwalde Block C","11WD8JAEN1L---C9","Fossil Brown coal/Lignite","11WD8JAEN1L---C9","16/04/2026 06:00 - 16/04/2026 07:00","481.75",""
"16/04/2026 00:00 - 17/04/2026 00:00","CTA|DE(50Hertz)","KW Jänschwalde Block C","11WD8JAEN1L---C9","Fossil Brown coal/Lignite","11WD8JAEN1L---C9","16/04/2026 07:00 - 16/04/2026 08:00","481.50",""
"16/04/2026 00:00 - 17/04/2026 00:00","CTA|DE(50Hertz)","KW Jänschwalde Block C","11WD8JAEN1L---C9","Fossil Brown coal/Lignite","11WD8JAEN1L---C9","16/04/2026 08:00 - 16/04/2026 09:00","497.00",""
"16/04/2026 00:00 - 17/04/2026 00:00","CTA|DE(50Hertz)","KW Jänschwalde Block C","11WD8JAEN1L---C9","Fossil Brown coal/Lignite","11WD8JAEN1L---C9","16/04/2026 09:00 - 16/04/2026 10:00","487.25",""
"16/04/2026 00:00 - 17/04/2026 00:00","CTA|DE(50Hertz)","KW Jänschwalde Block C","11WD8JAEN1L---C9","Fossil Brown coal/Lignite","11WD8JAEN1L---C9","16/04/2026 10:00 - 16/04/2026 11:00","346.75",""
"16/04/2026 00:00 - 17/04/2026 00:00","CTA|DE(50Hertz)","KW Jänschwalde Block C","11WD8JAEN1L---C9","Fossil Brown coal/Lignite","11WD8JAEN1L---C9","16/04/2026 11:00 - 16/04/2026 12:00","314.00",""
"16/04/2026 00:00 - 17/04/2026 00:00","CTA|DE(50Hertz)","KW Jänschwalde Block C","11WD8JAEN1L---C9","Fossil Brown coal/Lignite","11WD8JAEN1L---C9","16/04/2026 12:00 - 16/04/2026 13:00","315.25",""
"16/04/2026 00:00 - 17/04/2026 00:00","CTA|DE(50Hertz)","KW Jänschwalde Block C","11WD8JAEN1L---C9","Fossil Brown coal/Lignite","11WD8JAEN1L---C9","16/04/2026 13:00 - 16/04/2026 14:00","317.75",""
"16/04/2026 00:00 - 17/04/2026 00:00","CTA|DE(50Hertz)","KW Jänschwalde Block C","11WD8JAEN1L---C9","Fossil Brown coal/Lignite","11WD8JAEN1L---C9","16/04/2026 14:00 - 16/04/2026 15:00","326.00",""
"16/04/2026 00:00 - 17/04/2026 00:00","CTA|DE(50Hertz)","KW Jänschwalde Block C","11WD8JAEN1L---C9","Fossil Brown coal/Lignite","11WD8JAEN1L---C9","16/04/2026 15:00 - 16/04/2026 16:00","433.50",""
"16/04/2026 00:00 - 17/04/2026 00:00","CTA|DE(50Hertz)","KW Jänschwalde Block C","11WD8JAEN1L---C9","Fossil Brown coal/Lignite","11WD8JAEN1L---C9","16/04/2026 16:00 - 16/04/2026 17:00","489.50",""
"16/04/2026 00:00 - 17/04/2026 00:00","CTA|DE(50Hertz)","KW Jänschwalde Block C","11WD8JAEN1L---C9","Fossil Brown coal/Lignite","11WD8JAEN1L---C9","16/04/2026 17:00 - 16/04/2026 18:00","488.75",""
"16/04/2026 00:00 - 17/04/2026 00:00","CTA|DE(50Hertz)","KW Jänschwalde Block C","11WD8JAEN1L---C9","Fossil Brown coal/Lignite","11WD8JAEN1L---C9","16/04/2026 18:00 - 16/04/2026 19:00","494.00",""
"16/04/2026 00:00 - 17/04/2026 00:00","CTA|DE(50Hertz)","KW Jänschwalde Block C","11WD8JAEN1L---C9","Fossil Brown coal/Lignite","11WD8JAEN1L---C9","16/04/2026 19:00 - 16/04/2026 20:00","494.25",""
"16/04/2026 00:00 - 17/04/2026 00:00","CTA|DE(50Hertz)","KW Jänschwalde Block C","11WD8JAEN1L---C9","Fossil Brown coal/Lignite","11WD8JAEN1L---C9","16/04/2026 20:00 - 16/04/2026 21:00","482.00",""
"16/04/2026 00:00 - 17/04/2026 00:00","CTA|DE(50Hertz)","KW Jänschwalde Block C","11WD8JAEN1L---C9","Fossil Brown coal/Lignite","11WD8JAEN1L---C9","16/04/2026 21:00 - 16/04/2026 22:00","480.00",""
"16/04/2026 00:00 - 17/04/2026 00:00","CTA|DE(50Hertz)","KW Jänschwalde Block C","11WD8JAEN1L---C9","Fossil Brown coal/Lignite","11WD8JAEN1L---C9","16/04/2026 22:00 - 16/04/2026 23:00","478.00",""
"16/04/2026 00:00 - 17/04/2026 00:00","CTA|DE(50Hertz)","KW Jänschwalde Block C","11WD8JAEN1L---C9","Fossil Brown coal/Lignite","11WD8JAEN1L---C9","16/04/2026 23:00 - 17/04/2026 00:00","473.50",""
"16/04/2026 00:00 - 17/04/2026 00:00","CTA|DE(50Hertz)","KW Jänschwalde Block D","11WD8JAEN1L---D7","Fossil Brown coal/Lignite","11WD8JAEN1L---D7","16/04/2026 00:00 - 16/04/2026 01:00","0.00",""
"16/04/2026 00:00 - 17/04/2026 00:00","CTA|DE(50Hertz)","KW Jänschwalde Block D","11WD8JAEN1L---D7","Fossil Brown coal/Lignite","11WD8JAEN1L---D7","16/04/2026 01:00 - 16/04/2026 02:00","0.00",""
"16/04/2026 00:00 - 17/04/2026 00:00","CTA|DE(50Hertz)","KW Jänschwalde Block D","11WD8JAEN1L---D7","Fossil Brown coal/Lignite","11WD8JAEN1L---D7","16/04/2026 02:00 - 16/04/2026 03:00","0.00",""
"16/04/2026 00:00 - 17/04/2026 00:00","CTA|DE(50Hertz)","KW Jänschwalde Block D","11WD8JAEN1L---D7","Fossil Brown coal/Lignite","11WD8JAEN1L---D7","16/04/2026 03:00 - 16/04/2026 04:00","0.00",""
"16/04/2026 00:00 - 17/04/2026 00:00","CTA|DE(50Hertz)","KW Jänschwalde Block D","11WD8JAEN1L---D7","Fossil Brown coal/Lignite","11WD8JAEN1L---D7","16/04/2026 04:00 - 16/04/2026 05:00","0.00",""
"16/04/2026 00:00 - 17/04/2026 00:00","CTA|DE(50Hertz)","KW Jänschwalde Block D","11WD8JAEN1L---D7","Fossil Brown coal/Lignite","11WD8JAEN1L---D7","16/04/2026 05:00 - 16/04/2026 06:00","0.00",""
"16/04/2026 00:00 - 17/04/2026 00:00","CTA|DE(50Hertz)","KW Jänschwalde Block D","11WD8JAEN1L---D7","Fossil Brown coal/Lignite","11WD8JAEN1L---D7","16/04/2026 06:00 - 16/04/2026 07:00","0.00",""
"16/04/2026 00:00 - 17/04/2026 00:00","CTA|DE(50Hertz)","KW Jänschwalde Block D","11WD8JAEN1L---D7","Fossil Brown coal/Lignite","11WD8JAEN1L---D7","16/04/2026 07:00 - 16/04/2026 08:00","0.00",""
"16/04/2026 00:00 - 17/04/2026 00:00","CTA|DE(50Hertz)","KW Jänschwalde Block D","11WD8JAEN1L---D7","Fossil Brown coal/Lignite","11WD8JAEN1L---D7","16/04/2026 08:00 - 16/04/2026 09:00","0.00",""
"16/04/2026 00:00 - 17/04/2026 00:00","CTA|DE(50Hertz)","KW Jänschwalde Block D","11WD8JAEN1L---D7","Fossil Brown coal/Lignite","11WD8JAEN1L---D7","16/04/2026 09:00 - 16/04/2026 10:00","0.00",""
"16/04/2026 00:00 - 17/04/2026 00:00","CTA|DE(50Hertz)","KW Jänschwalde Block D","11WD8JAEN1L---D7","Fossil Brown coal/Lignite","11WD8JAEN1L---D7","16/04/2026 10:00 - 16/04/2026 11:00","0.00",""
"16/04/2026 00:00 - 17/04/2026 00:00","CTA|DE(50Hertz)","KW Jänschwalde Block D","11WD8JAEN1L---D7","Fossil Brown coal/Lignite","11WD8JAEN1L---D7","16/04/2026 11:00 - 16/04/2026 12:00","0.00",""
"16/04/2026 00:00 - 17/04/2026 00:00","CTA|DE(50Hertz)","KW Jänschwalde Block D","11WD8JAEN1L---D7","Fossil Brown coal/Lignite","11WD8JAEN1L---D7","16/04/2026 12:00 - 16/04/2026 13:00","0.00",""
"16/04/2026 00:00 - 17/04/2026 00:00","CTA|DE(50Hertz)","KW Jänschwalde Block D","11WD8JAEN1L---D7","Fossil Brown coal/Lignite","11WD8JAEN1L---D7","16/04/2026 13:00 - 16/04/2026 14:00","0.00",""
"16/04/2026 00:00 - 17/04/2026 00:00","CTA|DE(50Hertz)","KW Jänschwalde Block D","11WD8JAEN1L---D7","Fossil Brown coal/Lignite","11WD8JAEN1L---D7","16/04/2026 14:00 - 16/04/2026 15:00","0.00",""
"16/04/2026 00:00 - 17/04/2026 00:00","CTA|DE(50Hertz)","KW Jänschwalde Block D","11WD8JAEN1L---D7","Fossil Brown coal/Lignite","11WD8JAEN1L---D7","16/04/2026 15:00 - 16/04/2026 16:00","0.00",""
"16/04/2026 00:00 - 17/04/2026 00:00","CTA|DE(50Hertz)","KW Jänschwalde Block D","11WD8JAEN1L---D7","Fossil Brown coal/Lignite","11WD8JAEN1L---D7","16/04/2026 16:00 - 16/04/2026 17:00","0.00",""
"16/04/2026 00:00 - 17/04/2026 00:00","CTA|DE(50Hertz)","KW Jänschwalde Block D","11WD8JAEN1L---D7","Fossil Brown coal/Lignite","11WD8JAEN1L---D7","16/04/2026 17:00 - 16/04/2026 18:00","0.00",""
"16/04/2026 00:00 - 17/04/2026 00:00","CTA|DE(50Hertz)","KW Jänschwalde Block D","11WD8JAEN1L---D7","Fossil Brown coal/Lignite","11WD8JAEN1L---D7","16/04/2026 18:00 - 16/04/2026 19:00","0.00",""
"16/04/2026 00:00 - 17/04/2026 00:00","CTA|DE(50Hertz)","KW Jänschwalde Block D","11WD8JAEN1L---D7","Fossil Brown coal/Lignite","11WD8JAEN1L---D7","16/04/2026 19:00 - 16/04/2026 20:00","0.00",""
"16/04/2026 00:00 - 17/04/2026 00:00","CTA|DE(50Hertz)","KW Jänschwalde Block D","11WD8JAEN1L---D7","Fossil Brown coal/Lignite","11WD8JAEN1L---D7","16/04/2026 20:00 - 16/04/2026 21:00","0.00",""
"16/04/2026 00:00 - 17/04/2026 00:00","CTA|DE(50Hertz)","KW Jänschwalde Block D","11WD8JAEN1L---D7","Fossil Brown coal/Lignite","11WD8JAEN1L---D7","16/04/2026 21:00 - 16/04/2026 22:00","0.00",""
"16/04/2026 00:00 - 17/04/2026 00:00","CTA|DE(50Hertz)","KW Jänschwalde Block D","11WD8JAEN1L---D7","Fossil Brown coal/Lignite","11WD8JAEN1L---D7","16/04/2026 22:00 - 16/04/2026 23:00","0.00",""
"16/04/2026 00:00 - 17/04/2026 00:00","CTA|DE(50Hertz)","KW Jänschwalde Block D","11WD8JAEN1L---D7","Fossil Brown coal/Lignite","11WD8JAEN1L---D7","16/04/2026 23:00 - 17/04/2026 00:00","0.00",""
"16/04/2026 00:00 - 17/04/2026 00:00","CTA|DE(50Hertz)","HKW Klingenberg 1-3","11WD8KLIN5G--13E","Fossil Gas","11WD8KLIN5G--13E","16/04/2026 00:00 - 16/04/2026 01:00","36.75",""
"16/04/2026 00:00 - 17/04/2026 00:00","CTA|DE(50Hertz)","HKW Klingenberg 1-3","11WD8KLIN5G--13E","Fossil Gas","11WD8KLIN5G--13E","16/04/2026 01:00 - 16/04/2026 02:00","39.00",""
"16/04/2026 00:00 - 17/04/2026 00:00","CTA|DE(50Hertz)","HKW Klingenberg 1-3","11WD8KLIN5G--13E","Fossil Gas","11WD8KLIN5G--13E","16/04/2026 02:00 - 16/04/2026 03:00","41.50",""
"16/04/2026 00:00 - 17/04/2026 00:00","CTA|DE(50Hertz)","HKW Klingenberg 1-3","11WD8KLIN5G--13E","Fossil Gas","11WD8KLIN5G--13E","16/04/2026 03:00 - 16/04/2026 04:00","41.00",""
"16/04/2026 00:00 - 17/04/2026 00:00","CTA|DE(50Hertz)","HKW Klingenberg 1-3","11WD8KLIN5G--13E","Fossil Gas","11WD8KLIN5G--13E","16/04/2026 04:00 - 16/04/2026 05:00","42.00",""
"16/04/2026 00:00 - 17/04/2026 00:00","CTA|DE(50Hertz)","HKW Klingenberg 1-3","11WD8KLIN5G--13E","Fossil Gas","11WD8KLIN5G--13E","16/04/2026 05:00 - 16/04/2026 06:00","41.75",""
"16/04/2026 00:00 - 17/04/2026 00:00","CTA|DE(50Hertz)","HKW Klingenberg 1-3","11WD8KLIN5G--13E","Fossil Gas","11WD8KLIN5G--13E","16/04/2026 06:00 - 16/04/2026 07:00","41.50",""
"16/04/2026 00:00 - 17/04/2026 00:00","CTA|DE(50Hertz)","HKW Klingenberg 1-3","11WD8KLIN5G--13E","Fossil Gas","11WD8KLIN5G--13E","16/04/2026 07:00 - 16/04/2026 08:00","41.00",""
"16/04/2026 00:00 - 17/04/2026 00:00","CTA|DE(50Hertz)","HKW Klingenberg 1-3","11WD8KLIN5G--13E","Fossil Gas","11WD8KLIN5G--13E","16/04/2026 08:00 - 16/04/2026 09:00","41.00",""
"16/04/2026 00:00 - 17/04/2026 00:00","CTA|DE(50Hertz)","HKW Klingenberg 1-3","11WD8KLIN5G--13E","Fossil Gas","11WD8KLIN5G--13E","16/04/2026 09:00 - 16/04/2026 10:00","40.00",""
"16/04/2026 00:00 - 17/04/2026 00:00","CTA|DE(50Hertz)","HKW Klingenberg 1-3","11WD8KLIN5G--13E","Fossil Gas","11WD8KLIN5G--13E","16/04/2026 10:00 - 16/04/2026 11:00","40.00",""
"16/04/2026 00:00 - 17/04/2026 00:00","CTA|DE(50Hertz)","HKW Klingenberg 1-3","11WD8KLIN5G--13E","Fossil Gas","11WD8KLIN5G--13E","16/04/2026 11:00 - 16/04/2026 12:00","29.75",""
"16/04/2026 00:00 - 17/04/2026 00:00","CTA|DE(50Hertz)","HKW Klingenberg 1-3","11WD8KLIN5G--13E","Fossil Gas","11WD8KLIN5G--13E","16/04/2026 12:00 - 16/04/2026 13:00","18.75",""
"16/04/2026 00:00 - 17/04/2026 00:00","CTA|DE(50Hertz)","HKW Klingenberg 1-3","11WD8KLIN5G--13E","Fossil Gas","11WD8KLIN5G--13E","16/04/2026 13:00 - 16/04/2026 14:00","18.00",""
"16/04/2026 00:00 - 17/04/2026 00:00","CTA|DE(50Hertz)","HKW Klingenberg 1-3","11WD8KLIN5G--13E","Fossil Gas","11WD8KLIN5G--13E","16/04/2026 14:00 - 16/04/2026 15:00","18.25",""
"16/04/2026 00:00 - 17/04/2026 00:00","CTA|DE(50Hertz)","HKW Klingenberg 1-3","11WD8KLIN5G--13E","Fossil Gas","11WD8KLIN5G--13E","16/04/2026 15:00 - 16/04/2026 16:00","23.00",""
"16/04/2026 00:00 - 17/04/2026 00:00","CTA|DE(50Hertz)","HKW Klingenberg 1-3","11WD8KLIN5G--13E","Fossil Gas","11WD8KLIN5G--13E","16/04/2026 16:00 - 16/04/2026 17:00","23.50",""
"16/04/2026 00:00 - 17/04/2026 00:00","CTA|DE(50Hertz)","HKW Klingenberg 1-3","11WD8KLIN5G--13E","Fossil Gas","11WD8KLIN5G--13E","16/04/2026 17:00 - 16/04/2026 18:00","23.00",""
"16/04/2026 00:00 - 17/04/2026 00:00","CTA|DE(50Hertz)","HKW Klingenberg 1-3","11WD8KLIN5G--13E","Fossil Gas","11WD8KLIN5G--13E","16/04/2026 18:00 - 16/04/2026 19:00","23.00",""
"16/04/2026 00:00 - 17/04/2026 00:00","CTA|DE(50Hertz)","HKW Klingenberg 1-3","11WD8KLIN5G--13E","Fossil Gas","11WD8KLIN5G--13E","16/04/2026 19:00 - 16/04/2026 20:00","29.25",""
"16/04/2026 00:00 - 17/04/2026 00:00","CTA|DE(50Hertz)","HKW Klingenberg 1-3","11WD8KLIN5G--13E","Fossil Gas","11WD8KLIN5G--13E","16/04/2026 20:00 - 16/04/2026 21:00","34.00",""
"16/04/2026 00:00 - 17/04/2026 00:00","CTA|DE(50Hertz)","HKW Klingenberg 1-3","11WD8KLIN5G--13E","Fossil Gas","11WD8KLIN5G--13E","16/04/2026 21:00 - 16/04/2026 22:00","34.00",""
"16/04/2026 00:00 - 17/04/2026 00:00","CTA|DE(50Hertz)","HKW Klingenberg 1-3","11WD8KLIN5G--13E","Fossil Gas","11WD8KLIN5G--13E","16/04/2026 22:00 - 16/04/2026 23:00","34.00",""
"16/04/2026 00:00 - 17/04/2026 00:00","CTA|DE(50Hertz)","HKW Klingenberg 1-3","11WD8KLIN5G--13E","Fossil Gas","11WD8KLIN5G--13E","16/04/2026 23:00 - 17/04/2026 00:00","33.50",""
"16/04/2026 00:00 - 17/04/2026 00:00","CTA|DE(50Hertz)","HKW Nord GuD Nord","11WD8LEIP5X----6","Fossil Gas","11WD8LEIP5X----6","16/04/2026 00:00 - 16/04/2026 01:00","75.88",""
"16/04/2026 00:00 - 17/04/2026 00:00","CTA|DE(50Hertz)","HKW Nord GuD Nord","11WD8LEIP5X----6","Fossil Gas","11WD8LEIP5X----6","16/04/2026 01:00 - 16/04/2026 02:00","75.88",""
"16/04/2026 00:00 - 17/04/2026 00:00","CTA|DE(50Hertz)","HKW Nord GuD Nord","11WD8LEIP5X----6","Fossil Gas","11WD8LEIP5X----6","16/04/2026 02:00 - 16/04/2026 03:00","74.40",""
"16/04/2026 00:00 - 17/04/2026 00:00","CTA|DE(50Hertz)","HKW Nord GuD Nord","11WD8LEIP5X----6","Fossil Gas","11WD8LEIP5X----6","16/04/2026 03:00 - 16/04/2026 04:00","72.55",""
"16/04/2026 00:00 - 17/04/2026 00:00","CTA|DE(50Hertz)","HKW Nord GuD Nord","11WD8LEIP5X----6","Fossil Gas","11WD8LEIP5X----6","16/04/2026 04:00 - 16/04/2026 05:00","63.15",""
"16/04/2026 00:00 - 17/04/2026 00:00","CTA|DE(50Hertz)","HKW Nord GuD Nord","11WD8LEIP5X----6","Fossil Gas","11WD8LEIP5X----6","16/04/2026 05:00 - 16/04/2026 06:00","76.60",""
"16/04/2026 00:00 - 17/04/2026 00:00","CTA|DE(50Hertz)","HKW Nord GuD Nord","11WD8LEIP5X----6","Fossil Gas","11WD8LEIP5X----6","16/04/2026 06:00 - 16/04/2026 07:00","82.28",""
"16/04/2026 00:00 - 17/04/2026 00:00","CTA|DE(50Hertz)","HKW Nord GuD Nord","11WD8LEIP5X----6","Fossil Gas","11WD8LEIP5X----6","16/04/2026 07:00 - 16/04/2026 08:00","82.17",""
"16/04/2026 00:00 - 17/04/2026 00:00","CTA|DE(50Hertz)","HKW Nord GuD Nord","11WD8LEIP5X----6","Fossil Gas","11WD8LEIP5X----6","16/04/2026 08:00 - 16/04/2026 09:00","80.97",""
"16/04/2026 00:00 - 17/04/2026 00:00","CTA|DE(50Hertz)","HKW Nord GuD Nord","11WD8LEIP5X----6","Fossil Gas","11WD8LEIP5X----6","16/04/2026 09:00 - 16/04/2026 10:00","63.00",""
"16/04/2026 00:00 - 17/04/2026 00:00","CTA|DE(50Hertz)","HKW Nord GuD Nord","11WD8LEIP5X----6","Fossil Gas","11WD8LEIP5X----6","16/04/2026 10:00 - 16/04/2026 11:00","39.90",""
"16/04/2026 00:00 - 17/04/2026 00:00","CTA|DE(50Hertz)","HKW Nord GuD Nord","11WD8LEIP5X----6","Fossil Gas","11WD8LEIP5X----6","16/04/2026 11:00 - 16/04/2026 12:00","20.13",""
"16/04/2026 00:00 - 17/04/2026 00:00","CTA|DE(50Hertz)","HKW Nord GuD Nord","11WD8LEIP5X----6","Fossil Gas","11WD8LEIP5X----6","16/04/2026 12:00 - 16/04/2026 13:00","20.35",""
"16/04/2026 00:00 - 17/04/2026 00:00","CTA|DE(50Hertz)","HKW Nord GuD Nord","11WD8LEIP5X----6","Fossil Gas","11WD8LEIP5X----6","16/04/2026 13:00 - 16/04/2026 14:00","20.45",""
"16/04/2026 00:00 - 17/04/2026 00:00","CTA|DE(50Hertz)","HKW Nord GuD Nord","11WD8LEIP5X----6","Fossil Gas","11WD8LEIP5X----6","16/04/2026 14:00 - 16/04/2026 15:00","20.60",""
"16/04/2026 00:00 - 17/04/2026 00:00","CTA|DE(50Hertz)","HKW Nord GuD Nord","11WD8LEIP5X----6","Fossil Gas","11WD8LEIP5X----6","16/04/2026 15:00 - 16/04/2026 16:00","20.73",""
"16/04/2026 00:00 - 17/04/2026 00:00","CTA|DE(50Hertz)","HKW Nord GuD Nord","11WD8LEIP5X----6","Fossil Gas","11WD8LEIP5X----6","16/04/2026 16:00 - 16/04/2026 17:00","20.70",""
"16/04/2026 00:00 - 17/04/2026 00:00","CTA|DE(50Hertz)","HKW Nord GuD Nord","11WD8LEIP5X----6","Fossil Gas","11WD8LEIP5X----6","16/04/2026 17:00 - 16/04/2026 18:00","20.73",""
"16/04/2026 00:00 - 17/04/2026 00:00","CTA|DE(50Hertz)","HKW Nord GuD Nord","11WD8LEIP5X----6","Fossil Gas","11WD8LEIP5X----6","16/04/2026 18:00 - 16/04/2026 19:00","47.90",""
"16/04/2026 00:00 - 17/04/2026 00:00","CTA|DE(50Hertz)","HKW Nord GuD Nord","11WD8LEIP5X----6","Fossil Gas","11WD8LEIP5X----6","16/04/2026 19:00 - 16/04/2026 20:00","75.60",""
"16/04/2026 00:00 - 17/04/2026 00:00","CTA|DE(50Hertz)","HKW Nord GuD Nord","11WD8LEIP5X----6","Fossil Gas","11WD8LEIP5X----6","16/04/2026 20:00 - 16/04/2026 21:00","76.05",""
"16/04/2026 00:00 - 17/04/2026 00:00","CTA|DE(50Hertz)","HKW Nord GuD Nord","11WD8LEIP5X----6","Fossil Gas","11WD8LEIP5X----6","16/04/2026 21:00 - 16/04/2026 22:00","75.63",""
"16/04/2026 00:00 - 17/04/2026 00:00","CTA|DE(50Hertz)","HKW Nord GuD Nord","11WD8LEIP5X----6","Fossil Gas","11WD8LEIP5X----6","16/04/2026 22:00 - 16/04/2026 23:00","74.63",""
"16/04/2026 00:00 - 17/04/2026 00:00","CTA|DE(50Hertz)","HKW Nord GuD Nord","11WD8LEIP5X----6","Fossil Gas","11WD8LEIP5X----6","16/04/2026 23:00 - 17/04/2026 00:00","68.00",""
"16/04/2026 00:00 - 17/04/2026 00:00","CTA|DE(50Hertz)","KW Lippendorf Block R","11WD8LIPD1L---R6","Fossil Brown coal/Lignite","11WD8LIPD1L---R6","16/04/2026 00:00 - 16/04/2026 01:00","862.75",""
"16/04/2026 00:00 - 17/04/2026 00:00","CTA|DE(50Hertz)","KW Lippendorf Block R","11WD8LIPD1L---R6","Fossil Brown coal/Lignite","11WD8LIPD1L---R6","16/04/2026 01:00 - 16/04/2026 02:00","863.75",""
"16/04/2026 00:00 - 17/04/2026 00:00","CTA|DE(50Hertz)","KW Lippendorf Block R","11WD8LIPD1L---R6","Fossil Brown coal/Lignite","11WD8LIPD1L---R6","16/04/2026 02:00 - 16/04/2026 03:00","862.75",""
"16/04/2026 00:00 - 17/04/2026 00:00","CTA|DE(50Hertz)","KW Lippendorf Block R","11WD8LIPD1L---R6","Fossil Brown coal/Lignite","11WD8LIPD1L---R6","16/04/2026 03:00 - 16/04/2026 04:00","859.75",""
"16/04/2026 00:00 - 17/04/2026 00:00","CTA|DE(50Hertz)","KW Lippendorf Block R","11WD8LIPD1L---R6","Fossil Brown coal/Lignite","11WD8LIPD1L---R6","16/04/2026 04:00 - 16/04/2026 05:00","865.50",""
"16/04/2026 00:00 - 17/04/2026 00:00","CTA|DE(50Hertz)","KW Lippendorf Block R","11WD8LIPD1L---R6","Fossil Brown coal/Lignite","11WD8LIPD1L---R6","16/04/2026 05:00 - 16/04/2026 06:00","864.75",""
"16/04/2026 00:00 - 17/04/2026 00:00","CTA|DE(50Hertz)","KW Lippendorf Block R","11WD8LIPD1L---R6","Fossil Brown coal/Lignite","11WD8LIPD1L---R6","16/04/2026 06:00 - 16/04/2026 07:00","874.25",""
"16/04/2026 00:00 - 17/04/2026 00:00","CTA|DE(50Hertz)","KW Lippendorf Block R","11WD8LIPD1L---R6","Fossil Brown coal/Lignite","11WD8LIPD1L---R6","16/04/2026 07:00 - 16/04/2026 08:00","873.00",""
"16/04/2026 00:00 - 17/04/2026 00:00","CTA|DE(50Hertz)","KW Lippendorf Block R","11WD8LIPD1L---R6","Fossil Brown coal/Lignite","11WD8LIPD1L---R6","16/04/2026 08:00 - 16/04/2026 09:00","873.00",""
"16/04/2026 00:00 - 17/04/2026 00:00","CTA|DE(50Hertz)","KW Lippendorf Block R","11WD8LIPD1L---R6","Fossil Brown coal/Lignite","11WD8LIPD1L---R6","16/04/2026 09:00 - 16/04/2026 10:00","863.25",""
"16/04/2026 00:00 - 17/04/2026 00:00","CTA|DE(50Hertz)","KW Lippendorf Block R","11WD8LIPD1L---R6","Fossil Brown coal/Lignite","11WD8LIPD1L---R6","16/04/2026 10:00 - 16/04/2026 11:00","856.50",""
"16/04/2026 00:00 - 17/04/2026 00:00","CTA|DE(50Hertz)","KW Lippendorf Block R","11WD8LIPD1L---R6","Fossil Brown coal/Lignite","11WD8LIPD1L---R6","16/04/2026 11:00 - 16/04/2026 12:00","493.75",""
"16/04/2026 00:00 - 17/04/2026 00:00","CTA|DE(50Hertz)","KW Lippendorf Block R","11WD8LIPD1L---R6","Fossil Brown coal/Lignite","11WD8LIPD1L---R6","16/04/2026 12:00 - 16/04/2026 13:00","310.00",""
"16/04/2026 00:00 - 17/04/2026 00:00","CTA|DE(50Hertz)","KW Lippendorf Block R","11WD8LIPD1L---R6","Fossil Brown coal/Lignite","11WD8LIPD1L---R6","16/04/2026 13:00 - 16/04/2026 14:00","288.50",""
"16/04/2026 00:00 - 17/04/2026 00:00","CTA|DE(50Hertz)","KW Lippendorf Block R","11WD8LIPD1L---R6","Fossil Brown coal/Lignite","11WD8LIPD1L---R6","16/04/2026 14:00 - 16/04/2026 15:00","288.50",""
"16/04/2026 00:00 - 17/04/2026 00:00","CTA|DE(50Hertz)","KW Lippendorf Block R","11WD8LIPD1L---R6","Fossil Brown coal/Lignite","11WD8LIPD1L---R6","16/04/2026 15:00 - 16/04/2026 16:00","353.00",""
"16/04/2026 00:00 - 17/04/2026 00:00","CTA|DE(50Hertz)","KW Lippendorf Block R","11WD8LIPD1L---R6","Fossil Brown coal/Lignite","11WD8LIPD1L---R6","16/04/2026 16:00 - 16/04/2026 17:00","515.00",""
"16/04/2026 00:00 - 17/04/2026 00:00","CTA|DE(50Hertz)","KW Lippendorf Block R","11WD8LIPD1L---R6","Fossil Brown coal/Lignite","11WD8LIPD1L---R6","16/04/2026 17:00 - 16/04/2026 18:00","850.75",""
"16/04/2026 00:00 - 17/04/2026 00:00","CTA|DE(50Hertz)","KW Lippendorf Block R","11WD8LIPD1L---R6","Fossil Brown coal/Lignite","11WD8LIPD1L---R6","16/04/2026 18:00 - 16/04/2026 19:00","867.75",""
"16/04/2026 00:00 - 17/04/2026 00:00","CTA|DE(50Hertz)","KW Lippendorf Block R","11WD8LIPD1L---R6","Fossil Brown coal/Lignite","11WD8LIPD1L---R6","16/04/2026 19:00 - 16/04/2026 20:00","863.50",""
"16/04/2026 00:00 - 17/04/2026 00:00","CTA|DE(50Hertz)","KW Lippendorf Block R","11WD8LIPD1L---R6","Fossil Brown coal/Lignite","11WD8LIPD1L---R6","16/04/2026 20:00 - 16/04/2026 21:00","869.25",""
"16/04/2026 00:00 - 17/04/2026 00:00","CTA|DE(50Hertz)","KW Lippendorf Block R","11WD8LIPD1L---R6","Fossil Brown coal/Lignite","11WD8LIPD1L---R6","16/04/2026 21:00 - 16/04/2026 22:00","866.75",""
"16/04/2026 00:00 - 17/04/2026 00:00","CTA|DE(50Hertz)","KW Lippendorf Block R","11WD8LIPD1L---R6","Fossil Brown coal/Lignite","11WD8LIPD1L---R6","16/04/2026 22:00 - 16/04/2026 23:00","869.00",""
"16/04/2026 00:00 - 17/04/2026 00:00","CTA|DE(50Hertz)","KW Lippendorf Block R","11WD8LIPD1L---R6","Fossil Brown coal/Lignite","11WD8LIPD1L---R6","16/04/2026 23:00 - 17/04/2026 00:00","868.25",""
"16/04/2026 00:00 - 17/04/2026 00:00","CTA|DE(50Hertz)","KW Lippendorf Block S","11WD8LIPD1L---S4","Fossil Brown coal/Lignite","11WD8LIPD1L---S4","16/04/2026 00:00 - 16/04/2026 01:00","853.25",""
"16/04/2026 00:00 - 17/04/2026 00:00","CTA|DE(50Hertz)","KW Lippendorf Block S","11WD8LIPD1L---S4","Fossil Brown coal/Lignite","11WD8LIPD1L---S4","16/04/2026 01:00 - 16/04/2026 02:00","853.75",""
"16/04/2026 00:00 - 17/04/2026 00:00","CTA|DE(50Hertz)","KW Lippendorf Block S","11WD8LIPD1L---S4","Fossil Brown coal/Lignite","11WD8LIPD1L---S4","16/04/2026 02:00 - 16/04/2026 03:00","855.75",""
"16/04/2026 00:00 - 17/04/2026 00:00","CTA|DE(50Hertz)","KW Lippendorf Block S","11WD8LIPD1L---S4","Fossil Brown coal/Lignite","11WD8LIPD1L---S4","16/04/2026 03:00 - 16/04/2026 04:00","853.25",""
"16/04/2026 00:00 - 17/04/2026 00:00","CTA|DE(50Hertz)","KW Lippendorf Block S","11WD8LIPD1L---S4","Fossil Brown coal/Lignite","11WD8LIPD1L---S4","16/04/2026 04:00 - 16/04/2026 05:00","855.00",""
"16/04/2026 00:00 - 17/04/2026 00:00","CTA|DE(50Hertz)","KW Lippendorf Block S","11WD8LIPD1L---S4","Fossil Brown coal/Lignite","11WD8LIPD1L---S4","16/04/2026 05:00 - 16/04/2026 06:00","857.25",""
"16/04/2026 00:00 - 17/04/2026 00:00","CTA|DE(50Hertz)","KW Lippendorf Block S","11WD8LIPD1L---S4","Fossil Brown coal/Lignite","11WD8LIPD1L---S4","16/04/2026 06:00 - 16/04/2026 07:00","860.75",""
"16/04/2026 00:00 - 17/04/2026 00:00","CTA|DE(50Hertz)","KW Lippendorf Block S","11WD8LIPD1L---S4","Fossil Brown coal/Lignite","11WD8LIPD1L---S4","16/04/2026 07:00 - 16/04/2026 08:00","862.00",""
"16/04/2026 00:00 - 17/04/2026 00:00","CTA|DE(50Hertz)","KW Lippendorf Block S","11WD8LIPD1L---S4","Fossil Brown coal/Lignite","11WD8LIPD1L---S4","16/04/2026 08:00 - 16/04/2026 09:00","861.50",""
"16/04/2026 00:00 - 17/04/2026 00:00","CTA|DE(50Hertz)","KW Lippendorf Block S","11WD8LIPD1L---S4","Fossil Brown coal/Lignite","11WD8LIPD1L---S4","16/04/2026 09:00 - 16/04/2026 10:00","852.75",""
"16/04/2026 00:00 - 17/04/2026 00:00","CTA|DE(50Hertz)","KW Lippendorf Block S","11WD8LIPD1L---S4","Fossil Brown coal/Lignite","11WD8LIPD1L---S4","16/04/2026 10:00 - 16/04/2026 11:00","849.75",""
"16/04/2026 00:00 - 17/04/2026 00:00","CTA|DE(50Hertz)","KW Lippendorf Block S","11WD8LIPD1L---S4","Fossil Brown coal/Lignite","11WD8LIPD1L---S4","16/04/2026 11:00 - 16/04/2026 12:00","502.50",""
"16/04/2026 00:00 - 17/04/2026 00:00","CTA|DE(50Hertz)","KW Lippendorf Block S","11WD8LIPD1L---S4","Fossil Brown coal/Lignite","11WD8LIPD1L---S4","16/04/2026 12:00 - 16/04/2026 13:00","304.50",""
"16/04/2026 00:00 - 17/04/2026 00:00","CTA|DE(50Hertz)","KW Lippendorf Block S","11WD8LIPD1L---S4","Fossil Brown coal/Lignite","11WD8LIPD1L---S4","16/04/2026 13:00 - 16/04/2026 14:00","257.25",""
"16/04/2026 00:00 - 17/04/2026 00:00","CTA|DE(50Hertz)","KW Lippendorf Block S","11WD8LIPD1L---S4","Fossil Brown coal/Lignite","11WD8LIPD1L---S4","16/04/2026 14:00 - 16/04/2026 15:00","279.00",""
"16/04/2026 00:00 - 17/04/2026 00:00","CTA|DE(50Hertz)","KW Lippendorf Block S","11WD8LIPD1L---S4","Fossil Brown coal/Lignite","11WD8LIPD1L---S4","16/04/2026 15:00 - 16/04/2026 16:00","304.75",""
"16/04/2026 00:00 - 17/04/2026 00:00","CTA|DE(50Hertz)","KW Lippendorf Block S","11WD8LIPD1L---S4","Fossil Brown coal/Lignite","11WD8LIPD1L---S4","16/04/2026 16:00 - 16/04/2026 17:00","510.50",""
"16/04/2026 00:00 - 17/04/2026 00:00","CTA|DE(50Hertz)","KW Lippendorf Block S","11WD8LIPD1L---S4","Fossil Brown coal/Lignite","11WD8LIPD1L---S4","16/04/2026 17:00 - 16/04/2026 18:00","847.25",""
"16/04/2026 00:00 - 17/04/2026 00:00","CTA|DE(50Hertz)","KW Lippendorf Block S","11WD8LIPD1L---S4","Fossil Brown coal/Lignite","11WD8LIPD1L---S4","16/04/2026 18:00 - 16/04/2026 19:00","852.50",""
"16/04/2026 00:00 - 17/04/2026 00:00","CTA|DE(50Hertz)","KW Lippendorf Block S","11WD8LIPD1L---S4","Fossil Brown coal/Lignite","11WD8LIPD1L---S4","16/04/2026 19:00 - 16/04/2026 20:00","853.50",""
"16/04/2026 00:00 - 17/04/2026 00:00","CTA|DE(50Hertz)","KW Lippendorf Block S","11WD8LIPD1L---S4","Fossil Brown coal/Lignite","11WD8LIPD1L---S4","16/04/2026 20:00 - 16/04/2026 21:00","860.75",""
"16/04/2026 00:00 - 17/04/2026 00:00","CTA|DE(50Hertz)","KW Lippendorf Block S","11WD8LIPD1L---S4","Fossil Brown coal/Lignite","11WD8LIPD1L---S4","16/04/2026 21:00 - 16/04/2026 22:00","862.50",""
"16/04/2026 00:00 - 17/04/2026 00:00","CTA|DE(50Hertz)","KW Lippendorf Block S","11WD8LIPD1L---S4","Fossil Brown coal/Lignite","11WD8LIPD1L---S4","16/04/2026 22:00 - 16/04/2026 23:00","859.75",""
"16/04/2026 00:00 - 17/04/2026 00:00","CTA|DE(50Hertz)","KW Lippendorf Block S","11WD8LIPD1L---S4","Fossil Brown coal/Lignite","11WD8LIPD1L---S4","16/04/2026 23:00 - 17/04/2026 00:00","863.00",""
"16/04/2026 00:00 - 17/04/2026 00:00","CTA|DE(50Hertz)","PSW Markersbach PSS A","11WD8MARK1H---AM","Hydro Pumped Storage","11WD8MARK1H---AM","16/04/2026 00:00 - 16/04/2026 01:00","0.00",""
"16/04/2026 00:00 - 17/04/2026 00:00","CTA|DE(50Hertz)","PSW Markersbach PSS A","11WD8MARK1H---AM","Hydro Pumped Storage","11WD8MARK1H---AM","16/04/2026 01:00 - 16/04/2026 02:00","0.00",""
"16/04/2026 00:00 - 17/04/2026 00:00","CTA|DE(50Hertz)","PSW Markersbach PSS A","11WD8MARK1H---AM","Hydro Pumped Storage","11WD8MARK1H---AM","16/04/2026 02:00 - 16/04/2026 03:00","0.00",""
"16/04/2026 00:00 - 17/04/2026 00:00","CTA|DE(50Hertz)","PSW Markersbach PSS A","11WD8MARK1H---AM","Hydro Pumped Storage","11WD8MARK1H---AM","16/04/2026 03:00 - 16/04/2026 04:00","0.00",""
"16/04/2026 00:00 - 17/04/2026 00:00","CTA|DE(50Hertz)","PSW Markersbach PSS A","11WD8MARK1H---AM","Hydro Pumped Storage","11WD8MARK1H---AM","16/04/2026 04:00 - 16/04/2026 05:00","0.00",""
"16/04/2026 00:00 - 17/04/2026 00:00","CTA|DE(50Hertz)","PSW Markersbach PSS A","11WD8MARK1H---AM","Hydro Pumped Storage","11WD8MARK1H---AM","16/04/2026 05:00 - 16/04/2026 06:00","14.00",""
"16/04/2026 00:00 - 17/04/2026 00:00","CTA|DE(50Hertz)","PSW Markersbach PSS A","11WD8MARK1H---AM","Hydro Pumped Storage","11WD8MARK1H---AM","16/04/2026 06:00 - 16/04/2026 07:00","116.75",""
"16/04/2026 00:00 - 17/04/2026 00:00","CTA|DE(50Hertz)","PSW Markersbach PSS A","11WD8MARK1H---AM","Hydro Pumped Storage","11WD8MARK1H---AM","16/04/2026 07:00 - 16/04/2026 08:00","153.00",""
"16/04/2026 00:00 - 17/04/2026 00:00","CTA|DE(50Hertz)","PSW Markersbach PSS A","11WD8MARK1H---AM","Hydro Pumped Storage","11WD8MARK1H---AM","16/04/2026 08:00 - 16/04/2026 09:00","62.50",""
"16/04/2026 00:00 - 17/04/2026 00:00","CTA|DE(50Hertz)","PSW Markersbach PSS A","11WD8MARK1H---AM","Hydro Pumped Storage","11WD8MARK1H---AM","16/04/2026 09:00 - 16/04/2026 10:00","0.00",""
"16/04/2026 00:00 - 17/04/2026 00:00","CTA|DE(50Hertz)","PSW Markersbach PSS A","11WD8MARK1H---AM","Hydro Pumped Storage","11WD8MARK1H---AM","16/04/2026 10:00 - 16/04/2026 11:00","0.00",""
"16/04/2026 00:00 - 17/04/2026 00:00","CTA|DE(50Hertz)","PSW Markersbach PSS A","11WD8MARK1H---AM","Hydro Pumped Storage","11WD8MARK1H---AM","16/04/2026 11:00 - 16/04/2026 12:00","0.00",""
"16/04/2026 00:00 - 17/04/2026 00:00","CTA|DE(50Hertz)","PSW Markersbach PSS A","11WD8MARK1H---AM","Hydro Pumped Storage","11WD8MARK1H---AM","16/04/2026 12:00 - 16/04/2026 13:00","0.00",""
"16/04/2026 00:00 - 17/04/2026 00:00","CTA|DE(50Hertz)","PSW Markersbach PSS A","11WD8MARK1H---AM","Hydro Pumped Storage","11WD8MARK1H---AM","16/04/2026 13:00 - 16/04/2026 14:00","0.00",""
"16/04/2026 00:00 - 17/04/2026 00:00","CTA|DE(50Hertz)","PSW Markersbach PSS A","11WD8MARK1H---AM","Hydro Pumped Storage","11WD8MARK1H---AM","16/04/2026 14:00 - 16/04/2026 15:00","0.00",""
"16/04/2026 00:00 - 17/04/2026 00:00","CTA|DE(50Hertz)","PSW Markersbach PSS A","11WD8MARK1H---AM","Hydro Pumped Storage","11WD8MARK1H---AM","16/04/2026 15:00 - 16/04/2026 16:00","0.00",""
"16/04/2026 00:00 - 17/04/2026 00:00","CTA|DE(50Hertz)","PSW Markersbach PSS A","11WD8MARK1H---AM","Hydro Pumped Storage","11WD8MARK1H---AM","16/04/2026 16:00 - 16/04/2026 17:00","0.00",""
"16/04/2026 00:00 - 17/04/2026 00:00","CTA|DE(50Hertz)","PSW Markersbach PSS A","11WD8MARK1H---AM","Hydro Pumped Storage","11WD8MARK1H---AM","16/04/2026 17:00 - 16/04/2026 18:00","0.00",""
"16/04/2026 00:00 - 17/04/2026 00:00","CTA|DE(50Hertz)","PSW Markersbach PSS A","11WD8MARK1H---AM","Hydro Pumped Storage","11WD8MARK1H---AM","16/04/2026 18:00 - 16/04/2026 19:00","84.25",""
"16/04/2026 00:00 - 17/04/2026 00:00","CTA|DE(50Hertz)","PSW Markersbach PSS A","11WD8MARK1H---AM","Hydro Pumped Storage","11WD8MARK1H---AM","16/04/2026 19:00 - 16/04/2026 20:00","155.50",""
"16/04/2026 00:00 - 17/04/2026 00:00","CTA|DE(50Hertz)","PSW Markersbach PSS A","11WD8MARK1H---AM","Hydro Pumped Storage","11WD8MARK1H---AM","16/04/2026 20:00 - 16/04/2026 21:00","163.25",""
"16/04/2026 00:00 - 17/04/2026 00:00","CTA|DE(50Hertz)","PSW Markersbach PSS A","11WD8MARK1H---AM","Hydro Pumped Storage","11WD8MARK1H---AM","16/04/2026 21:00 - 16/04/2026 22:00","159.50",""
"16/04/2026 00:00 - 17/04/2026 00:00","CTA|DE(50Hertz)","PSW Markersbach PSS A","11WD8MARK1H---AM","Hydro Pumped Storage","11WD8MARK1H---AM","16/04/2026 22:00 - 16/04/2026 23:00","78.75",""
"16/04/2026 00:00 - 17/04/2026 00:00","CTA|DE(50Hertz)","PSW Markersbach PSS A","11WD8MARK1H---AM","Hydro Pumped Storage","11WD8MARK1H---AM","16/04/2026 23:00 - 17/04/2026 00:00","0.00",""
"16/04/2026 00:00 - 17/04/2026 00:00","CTA|DE(50Hertz)","PSW Markersbach PSS B","11WD8MARK1H---BK","Hydro Pumped Storage","11WD8MARK1H---BK","16/04/2026 00:00 - 16/04/2026 01:00","0.00",""
"16/04/2026 00:00 - 17/04/2026 00:00","CTA|DE(50Hertz)","PSW Markersbach PSS B","11WD8MARK1H---BK","Hydro Pumped Storage","11WD8MARK1H---BK","16/04/2026 01:00 - 16/04/2026 02:00","0.00",""
"16/04/2026 00:00 - 17/04/2026 00:00","CTA|DE(50Hertz)","PSW Markersbach PSS B","11WD8MARK1H---BK","Hydro Pumped Storage","11WD8MARK1H---BK","16/04/2026 02:00 - 16/04/2026 03:00","0.00",""
"16/04/2026 00:00 - 17/04/2026 00:00","CTA|DE(50Hertz)","PSW Markersbach PSS B","11WD8MARK1H---BK","Hydro Pumped Storage","11WD8MARK1H---BK","16/04/2026 03:00 - 16/04/2026 04:00","0.00",""
"16/04/2026 00:00 - 17/04/2026 00:00","CTA|DE(50Hertz)","PSW Markersbach PSS B","11WD8MARK1H---BK","Hydro Pumped Storage","11WD8MARK1H---BK","16/04/2026 04:00 - 16/04/2026 05:00","0.00",""
"16/04/2026 00:00 - 17/04/2026 00:00","CTA|DE(50Hertz)","PSW Markersbach PSS B","11WD8MARK1H---BK","Hydro Pumped Storage","11WD8MARK1H---BK","16/04/2026 05:00 - 16/04/2026 06:00","0.00",""
"16/04/2026 00:00 - 17/04/2026 00:00","CTA|DE(50Hertz)","PSW Markersbach PSS B","11WD8MARK1H---BK","Hydro Pumped Storage","11WD8MARK1H---BK","16/04/2026 06:00 - 16/04/2026 07:00","0.00",""
"16/04/2026 00:00 - 17/04/2026 00:00","CTA|DE(50Hertz)","PSW Markersbach PSS B","11WD8MARK1H---BK","Hydro Pumped Storage","11WD8MARK1H---BK","16/04/2026 07:00 - 16/04/2026 08:00","0.00",""
"16/04/2026 00:00 - 17/04/2026 00:00","CTA|DE(50Hertz)","PSW Markersbach PSS B","11WD8MARK1H---BK","Hydro Pumped Storage","11WD8MARK1H---BK","16/04/2026 08:00 - 16/04/2026 09:00","0.00",""
"16/04/2026 00:00 - 17/04/2026 00:00","CTA|DE(50Hertz)","PSW Markersbach PSS B","11WD8MARK1H---BK","Hydro Pumped Storage","11WD8MARK1H---BK","16/04/2026 09:00 - 16/04/2026 10:00","0.00",""
"16/04/2026 00:00 - 17/04/2026 00:00","CTA|DE(50Hertz)","PSW Markersbach PSS B","11WD8MARK1H---BK","Hydro Pumped Storage","11WD8MARK1H---BK","16/04/2026 10:00 - 16/04/2026 11:00","0.00",""
"16/04/2026 00:00 - 17/04/2026 00:00","CTA|DE(50Hertz)","PSW Markersbach PSS B","11WD8MARK1H---BK","Hydro Pumped Storage","11WD8MARK1H---BK","16/04/2026 11:00 - 16/04/2026 12:00","0.00",""
"16/04/2026 00:00 - 17/04/2026 00:00","CTA|DE(50Hertz)","PSW Markersbach PSS B","11WD8MARK1H---BK","Hydro Pumped Storage","11WD8MARK1H---BK","16/04/2026 12:00 - 16/04/2026 13:00","0.00",""
"16/04/2026 00:00 - 17/04/2026 00:00","CTA|DE(50Hertz)","PSW Markersbach PSS B","11WD8MARK1H---BK","Hydro Pumped Storage","11WD8MARK1H---BK","16/04/2026 13:00 - 16/04/2026 14:00","0.00",""
"16/04/2026 00:00 - 17/04/2026 00:00","CTA|DE(50Hertz)","PSW Markersbach PSS B","11WD8MARK1H---BK","Hydro Pumped Storage","11WD8MARK1H---BK","16/04/2026 14:00 - 16/04/2026 15:00","0.00",""
"16/04/2026 00:00 - 17/04/2026 00:00","CTA|DE(50Hertz)","PSW Markersbach PSS B","11WD8MARK1H---BK","Hydro Pumped Storage","11WD8MARK1H---BK","16/04/2026 15:00 - 16/04/2026 16:00","0.00",""
"16/04/2026 00:00 - 17/04/2026 00:00","CTA|DE(50Hertz)","PSW Markersbach PSS B","11WD8MARK1H---BK","Hydro Pumped Storage","11WD8MARK1H---BK","16/04/2026 16:00 - 16/04/2026 17:00","0.00",""
"16/04/2026 00:00 - 17/04/2026 00:00","CTA|DE(50Hertz)","PSW Markersbach PSS B","11WD8MARK1H---BK","Hydro Pumped Storage","11WD8MARK1H---BK","16/04/2026 17:00 - 16/04/2026 18:00","0.00",""
"16/04/2026 00:00 - 17/04/2026 00:00","CTA|DE(50Hertz)","PSW Markersbach PSS B","11WD8MARK1H---BK","Hydro Pumped Storage","11WD8MARK1H---BK","16/04/2026 18:00 - 16/04/2026 19:00","0.00",""
"16/04/2026 00:00 - 17/04/2026 00:00","CTA|DE(50Hertz)","PSW Markersbach PSS B","11WD8MARK1H---BK","Hydro Pumped Storage","11WD8MARK1H---BK","16/04/2026 19:00 - 16/04/2026 20:00","0.00",""
"16/04/2026 00:00 - 17/04/2026 00:00","CTA|DE(50Hertz)","PSW Markersbach PSS B","11WD8MARK1H---BK","Hydro Pumped Storage","11WD8MARK1H---BK","16/04/2026 20:00 - 16/04/2026 21:00","0.00",""
"16/04/2026 00:00 - 17/04/2026 00:00","CTA|DE(50Hertz)","PSW Markersbach PSS B","11WD8MARK1H---BK","Hydro Pumped Storage","11WD8MARK1H---BK","16/04/2026 21:00 - 16/04/2026 22:00","0.00",""
"16/04/2026 00:00 - 17/04/2026 00:00","CTA|DE(50Hertz)","PSW Markersbach PSS B","11WD8MARK1H---BK","Hydro Pumped Storage","11WD8MARK1H---BK","16/04/2026 22:00 - 16/04/2026 23:00","0.00",""
"16/04/2026 00:00 - 17/04/2026 00:00","CTA|DE(50Hertz)","PSW Markersbach PSS B","11WD8MARK1H---BK","Hydro Pumped Storage","11WD8MARK1H---BK","16/04/2026 23:00 - 17/04/2026 00:00","0.00",""
"16/04/2026 00:00 - 17/04/2026 00:00","CTA|DE(50Hertz)","PSW Markersbach PSS C","11WD8MARK1H---CI","Hydro Pumped Storage","11WD8MARK1H---CI","16/04/2026 00:00 - 16/04/2026 01:00","0.00",""
"16/04/2026 00:00 - 17/04/2026 00:00","CTA|DE(50Hertz)","PSW Markersbach PSS C","11WD8MARK1H---CI","Hydro Pumped Storage","11WD8MARK1H---CI","16/04/2026 01:00 - 16/04/2026 02:00","0.00",""
"16/04/2026 00:00 - 17/04/2026 00:00","CTA|DE(50Hertz)","PSW Markersbach PSS C","11WD8MARK1H---CI","Hydro Pumped Storage","11WD8MARK1H---CI","16/04/2026 02:00 - 16/04/2026 03:00","0.00",""
"16/04/2026 00:00 - 17/04/2026 00:00","CTA|DE(50Hertz)","PSW Markersbach PSS C","11WD8MARK1H---CI","Hydro Pumped Storage","11WD8MARK1H---CI","16/04/2026 03:00 - 16/04/2026 04:00","0.00",""
"16/04/2026 00:00 - 17/04/2026 00:00","CTA|DE(50Hertz)","PSW Markersbach PSS C","11WD8MARK1H---CI","Hydro Pumped Storage","11WD8MARK1H---CI","16/04/2026 04:00 - 16/04/2026 05:00","0.00",""
"16/04/2026 00:00 - 17/04/2026 00:00","CTA|DE(50Hertz)","PSW Markersbach PSS C","11WD8MARK1H---CI","Hydro Pumped Storage","11WD8MARK1H---CI","16/04/2026 05:00 - 16/04/2026 06:00","0.00",""
"16/04/2026 00:00 - 17/04/2026 00:00","CTA|DE(50Hertz)","PSW Markersbach PSS C","11WD8MARK1H---CI","Hydro Pumped Storage","11WD8MARK1H---CI","16/04/2026 06:00 - 16/04/2026 07:00","103.25",""
"16/04/2026 00:00 - 17/04/2026 00:00","CTA|DE(50Hertz)","PSW Markersbach PSS C","11WD8MARK1H---CI","Hydro Pumped Storage","11WD8MARK1H---CI","16/04/2026 07:00 - 16/04/2026 08:00","152.50",""
"16/04/2026 00:00 - 17/04/2026 00:00","CTA|DE(50Hertz)","PSW Markersbach PSS C","11WD8MARK1H---CI","Hydro Pumped Storage","11WD8MARK1H---CI","16/04/2026 08:00 - 16/04/2026 09:00","60.25",""
"16/04/2026 00:00 - 17/04/2026 00:00","CTA|DE(50Hertz)","PSW Markersbach PSS C","11WD8MARK1H---CI","Hydro Pumped Storage","11WD8MARK1H---CI","16/04/2026 09:00 - 16/04/2026 10:00","0.00",""
"16/04/2026 00:00 - 17/04/2026 00:00","CTA|DE(50Hertz)","PSW Markersbach PSS C","11WD8MARK1H---CI","Hydro Pumped Storage","11WD8MARK1H---CI","16/04/2026 10:00 - 16/04/2026 11:00","0.00",""
"16/04/2026 00:00 - 17/04/2026 00:00","CTA|DE(50Hertz)","PSW Markersbach PSS C","11WD8MARK1H---CI","Hydro Pumped Storage","11WD8MARK1H---CI","16/04/2026 11:00 - 16/04/2026 12:00","0.00",""
"16/04/2026 00:00 - 17/04/2026 00:00","CTA|DE(50Hertz)","PSW Markersbach PSS C","11WD8MARK1H---CI","Hydro Pumped Storage","11WD8MARK1H---CI","16/04/2026 12:00 - 16/04/2026 13:00","0.00",""
"16/04/2026 00:00 - 17/04/2026 00:00","CTA|DE(50Hertz)","PSW Markersbach PSS C","11WD8MARK1H---CI","Hydro Pumped Storage","11WD8MARK1H---CI","16/04/2026 13:00 - 16/04/2026 14:00","0.00",""
"16/04/2026 00:00 - 17/04/2026 00:00","CTA|DE(50Hertz)","PSW Markersbach PSS C","11WD8MARK1H---CI","Hydro Pumped Storage","11WD8MARK1H---CI","16/04/2026 14:00 - 16/04/2026 15:00","0.00",""
"16/04/2026 00:00 - 17/04/2026 00:00","CTA|DE(50Hertz)","PSW Markersbach PSS C","11WD8MARK1H---CI","Hydro Pumped Storage","11WD8MARK1H---CI","16/04/2026 15:00 - 16/04/2026 16:00","0.00",""
"16/04/2026 00:00 - 17/04/2026 00:00","CTA|DE(50Hertz)","PSW Markersbach PSS C","11WD8MARK1H---CI","Hydro Pumped Storage","11WD8MARK1H---CI","16/04/2026 16:00 - 16/04/2026 17:00","0.00",""
"16/04/2026 00:00 - 17/04/2026 00:00","CTA|DE(50Hertz)","PSW Markersbach PSS C","11WD8MARK1H---CI","Hydro Pumped Storage","11WD8MARK1H---CI","16/04/2026 17:00 - 16/04/2026 18:00","0.00",""
"16/04/2026 00:00 - 17/04/2026 00:00","CTA|DE(50Hertz)","PSW Markersbach PSS C","11WD8MARK1H---CI","Hydro Pumped Storage","11WD8MARK1H---CI","16/04/2026 18:00 - 16/04/2026 19:00","70.50",""
"16/04/2026 00:00 - 17/04/2026 00:00","CTA|DE(50Hertz)","PSW Markersbach PSS C","11WD8MARK1H---CI","Hydro Pumped Storage","11WD8MARK1H---CI","16/04/2026 19:00 - 16/04/2026 20:00","149.50",""
"16/04/2026 00:00 - 17/04/2026 00:00","CTA|DE(50Hertz)","PSW Markersbach PSS C","11WD8MARK1H---CI","Hydro Pumped Storage","11WD8MARK1H---CI","16/04/2026 20:00 - 16/04/2026 21:00","163.50",""
"16/04/2026 00:00 - 17/04/2026 00:00","CTA|DE(50Hertz)","PSW Markersbach PSS C","11WD8MARK1H---CI","Hydro Pumped Storage","11WD8MARK1H---CI","16/04/2026 21:00 - 16/04/2026 22:00","147.00",""
"16/04/2026 00:00 - 17/04/2026 00:00","CTA|DE(50Hertz)","PSW Markersbach PSS C","11WD8MARK1H---CI","Hydro Pumped Storage","11WD8MARK1H---CI","16/04/2026 22:00 - 16/04/2026 23:00","78.50",""
"16/04/2026 00:00 - 17/04/2026 00:00","CTA|DE(50Hertz)","PSW Markersbach PSS C","11WD8MARK1H---CI","Hydro Pumped Storage","11WD8MARK1H---CI","16/04/2026 23:00 - 17/04/2026 00:00","0.00",""
"16/04/2026 00:00 - 17/04/2026 00:00","CTA|DE(50Hertz)","PSW Markersbach PSS D","11WD8MARK1H---DG","Hydro Pumped Storage","11WD8MARK1H---DG","16/04/2026 00:00 - 16/04/2026 01:00","0.00",""
"16/04/2026 00:00 - 17/04/2026 00:00","CTA|DE(50Hertz)","PSW Markersbach PSS D","11WD8MARK1H---DG","Hydro Pumped Storage","11WD8MARK1H---DG","16/04/2026 01:00 - 16/04/2026 02:00","0.00",""
"16/04/2026 00:00 - 17/04/2026 00:00","CTA|DE(50Hertz)","PSW Markersbach PSS D","11WD8MARK1H---DG","Hydro Pumped Storage","11WD8MARK1H---DG","16/04/2026 02:00 - 16/04/2026 03:00","0.00",""
"16/04/2026 00:00 - 17/04/2026 00:00","CTA|DE(50Hertz)","PSW Markersbach PSS D","11WD8MARK1H---DG","Hydro Pumped Storage","11WD8MARK1H---DG","16/04/2026 03:00 - 16/04/2026 04:00","0.00",""
"16/04/2026 00:00 - 17/04/2026 00:00","CTA|DE(50Hertz)","PSW Markersbach PSS D","11WD8MARK1H---DG","Hydro Pumped Storage","11WD8MARK1H---DG","16/04/2026 04:00 - 16/04/2026 05:00","0.00",""
"16/04/2026 00:00 - 17/04/2026 00:00","CTA|DE(50Hertz)","PSW Markersbach PSS D","11WD8MARK1H---DG","Hydro Pumped Storage","11WD8MARK1H---DG","16/04/2026 05:00 - 16/04/2026 06:00","0.00",""
"16/04/2026 00:00 - 17/04/2026 00:00","CTA|DE(50Hertz)","PSW Markersbach PSS D","11WD8MARK1H---DG","Hydro Pumped Storage","11WD8MARK1H---DG","16/04/2026 06:00 - 16/04/2026 07:00","72.00",""
"16/04/2026 00:00 - 17/04/2026 00:00","CTA|DE(50Hertz)","PSW Markersbach PSS D","11WD8MARK1H---DG","Hydro Pumped Storage","11WD8MARK1H---DG","16/04/2026 07:00 - 16/04/2026 08:00","139.50",""
"16/04/2026 00:00 - 17/04/2026 00:00","CTA|DE(50Hertz)","PSW Markersbach PSS D","11WD8MARK1H---DG","Hydro Pumped Storage","11WD8MARK1H---DG","16/04/2026 08:00 - 16/04/2026 09:00","0.00",""
"16/04/2026 00:00 - 17/04/2026 00:00","CTA|DE(50Hertz)","PSW Markersbach PSS D","11WD8MARK1H---DG","Hydro Pumped Storage","11WD8MARK1H---DG","16/04/2026 09:00 - 16/04/2026 10:00","0.00",""
"16/04/2026 00:00 - 17/04/2026 00:00","CTA|DE(50Hertz)","PSW Markersbach PSS D","11WD8MARK1H---DG","Hydro Pumped Storage","11WD8MARK1H---DG","16/04/2026 10:00 - 16/04/2026 11:00","0.00",""
"16/04/2026 00:00 - 17/04/2026 00:00","CTA|DE(50Hertz)","PSW Markersbach PSS D","11WD8MARK1H---DG","Hydro Pumped Storage","11WD8MARK1H---DG","16/04/2026 11:00 - 16/04/2026 12:00","0.00",""
"16/04/2026 00:00 - 17/04/2026 00:00","CTA|DE(50Hertz)","PSW Markersbach PSS D","11WD8MARK1H---DG","Hydro Pumped Storage","11WD8MARK1H---DG","16/04/2026 12:00 - 16/04/2026 13:00","0.00",""
"16/04/2026 00:00 - 17/04/2026 00:00","CTA|DE(50Hertz)","PSW Markersbach PSS D","11WD8MARK1H---DG","Hydro Pumped Storage","11WD8MARK1H---DG","16/04/2026 13:00 - 16/04/2026 14:00","0.00",""
"16/04/2026 00:00 - 17/04/2026 00:00","CTA|DE(50Hertz)","PSW Markersbach PSS D","11WD8MARK1H---DG","Hydro Pumped Storage","11WD8MARK1H---DG","16/04/2026 14:00 - 16/04/2026 15:00","0.00",""
"16/04/2026 00:00 - 17/04/2026 00:00","CTA|DE(50Hertz)","PSW Markersbach PSS D","11WD8MARK1H---DG","Hydro Pumped Storage","11WD8MARK1H---DG","16/04/2026 15:00 - 16/04/2026 16:00","0.00",""
"16/04/2026 00:00 - 17/04/2026 00:00","CTA|DE(50Hertz)","PSW Markersbach PSS D","11WD8MARK1H---DG","Hydro Pumped Storage","11WD8MARK1H---DG","16/04/2026 16:00 - 16/04/2026 17:00","0.00",""
"16/04/2026 00:00 - 17/04/2026 00:00","CTA|DE(50Hertz)","PSW Markersbach PSS D","11WD8MARK1H---DG","Hydro Pumped Storage","11WD8MARK1H---DG","16/04/2026 17:00 - 16/04/2026 18:00","0.00",""
"16/04/2026 00:00 - 17/04/2026 00:00","CTA|DE(50Hertz)","PSW Markersbach PSS D","11WD8MARK1H---DG","Hydro Pumped Storage","11WD8MARK1H---DG","16/04/2026 18:00 - 16/04/2026 19:00","40.75",""
"16/04/2026 00:00 - 17/04/2026 00:00","CTA|DE(50Hertz)","PSW Markersbach PSS D","11WD8MARK1H---DG","Hydro Pumped Storage","11WD8MARK1H---DG","16/04/2026 19:00 - 16/04/2026 20:00","136.25",""
"16/04/2026 00:00 - 17/04/2026 00:00","CTA|DE(50Hertz)","PSW Markersbach PSS D","11WD8MARK1H---DG","Hydro Pumped Storage","11WD8MARK1H---DG","16/04/2026 20:00 - 16/04/2026 21:00","163.25",""
"16/04/2026 00:00 - 17/04/2026 00:00","CTA|DE(50Hertz)","PSW Markersbach PSS D","11WD8MARK1H---DG","Hydro Pumped Storage","11WD8MARK1H---DG","16/04/2026 21:00 - 16/04/2026 22:00","144.75",""
"16/04/2026 00:00 - 17/04/2026 00:00","CTA|DE(50Hertz)","PSW Markersbach PSS D","11WD8MARK1H---DG","Hydro Pumped Storage","11WD8MARK1H---DG","16/04/2026 22:00 - 16/04/2026 23:00","78.50",""
"16/04/2026 00:00 - 17/04/2026 00:00","CTA|DE(50Hertz)","PSW Markersbach PSS D","11WD8MARK1H---DG","Hydro Pumped Storage","11WD8MARK1H---DG","16/04/2026 23:00 - 17/04/2026 00:00","0.00",""
"16/04/2026 00:00 - 17/04/2026 00:00","CTA|DE(50Hertz)","PSW Markersbach PSS E","11WD8MARK1H---EE","Hydro Pumped Storage","11WD8MARK1H---EE","16/04/2026 00:00 - 16/04/2026 01:00","0.00",""
"16/04/2026 00:00 - 17/04/2026 00:00","CTA|DE(50Hertz)","PSW Markersbach PSS E","11WD8MARK1H---EE","Hydro Pumped Storage","11WD8MARK1H---EE","16/04/2026 01:00 - 16/04/2026 02:00","0.00",""
"16/04/2026 00:00 - 17/04/2026 00:00","CTA|DE(50Hertz)","PSW Markersbach PSS E","11WD8MARK1H---EE","Hydro Pumped Storage","11WD8MARK1H---EE","16/04/2026 02:00 - 16/04/2026 03:00","0.00",""
"16/04/2026 00:00 - 17/04/2026 00:00","CTA|DE(50Hertz)","PSW Markersbach PSS E","11WD8MARK1H---EE","Hydro Pumped Storage","11WD8MARK1H---EE","16/04/2026 03:00 - 16/04/2026 04:00","0.00",""
"16/04/2026 00:00 - 17/04/2026 00:00","CTA|DE(50Hertz)","PSW Markersbach PSS E","11WD8MARK1H---EE","Hydro Pumped Storage","11WD8MARK1H---EE","16/04/2026 04:00 - 16/04/2026 05:00","0.00",""
"16/04/2026 00:00 - 17/04/2026 00:00","CTA|DE(50Hertz)","PSW Markersbach PSS E","11WD8MARK1H---EE","Hydro Pumped Storage","11WD8MARK1H---EE","16/04/2026 05:00 - 16/04/2026 06:00","0.00",""
"16/04/2026 00:00 - 17/04/2026 00:00","CTA|DE(50Hertz)","PSW Markersbach PSS E","11WD8MARK1H---EE","Hydro Pumped Storage","11WD8MARK1H---EE","16/04/2026 06:00 - 16/04/2026 07:00","64.50",""
"16/04/2026 00:00 - 17/04/2026 00:00","CTA|DE(50Hertz)","PSW Markersbach PSS E","11WD8MARK1H---EE","Hydro Pumped Storage","11WD8MARK1H---EE","16/04/2026 07:00 - 16/04/2026 08:00","127.50",""
"16/04/2026 00:00 - 17/04/2026 00:00","CTA|DE(50Hertz)","PSW Markersbach PSS E","11WD8MARK1H---EE","Hydro Pumped Storage","11WD8MARK1H---EE","16/04/2026 08:00 - 16/04/2026 09:00","72.25",""
"16/04/2026 00:00 - 17/04/2026 00:00","CTA|DE(50Hertz)","PSW Markersbach PSS E","11WD8MARK1H---EE","Hydro Pumped Storage","11WD8MARK1H---EE","16/04/2026 09:00 - 16/04/2026 10:00","0.00",""
"16/04/2026 00:00 - 17/04/2026 00:00","CTA|DE(50Hertz)","PSW Markersbach PSS E","11WD8MARK1H---EE","Hydro Pumped Storage","11WD8MARK1H---EE","16/04/2026 10:00 - 16/04/2026 11:00","0.00",""
"16/04/2026 00:00 - 17/04/2026 00:00","CTA|DE(50Hertz)","PSW Markersbach PSS E","11WD8MARK1H---EE","Hydro Pumped Storage","11WD8MARK1H---EE","16/04/2026 11:00 - 16/04/2026 12:00","0.00",""
"16/04/2026 00:00 - 17/04/2026 00:00","CTA|DE(50Hertz)","PSW Markersbach PSS E","11WD8MARK1H---EE","Hydro Pumped Storage","11WD8MARK1H---EE","16/04/2026 12:00 - 16/04/2026 13:00","0.00",""
"16/04/2026 00:00 - 17/04/2026 00:00","CTA|DE(50Hertz)","PSW Markersbach PSS E","11WD8MARK1H---EE","Hydro Pumped Storage","11WD8MARK1H---EE","16/04/2026 13:00 - 16/04/2026 14:00","0.00",""
"16/04/2026 00:00 - 17/04/2026 00:00","CTA|DE(50Hertz)","PSW Markersbach PSS E","11WD8MARK1H---EE","Hydro Pumped Storage","11WD8MARK1H---EE","16/04/2026 14:00 - 16/04/2026 15:00","0.00",""
"16/04/2026 00:00 - 17/04/2026 00:00","CTA|DE(50Hertz)","PSW Markersbach PSS E","11WD8MARK1H---EE","Hydro Pumped Storage","11WD8MARK1H---EE","16/04/2026 15:00 - 16/04/2026 16:00","0.00",""
"16/04/2026 00:00 - 17/04/2026 00:00","CTA|DE(50Hertz)","PSW Markersbach PSS E","11WD8MARK1H---EE","Hydro Pumped Storage","11WD8MARK1H---EE","16/04/2026 16:00 - 16/04/2026 17:00","0.00",""
"16/04/2026 00:00 - 17/04/2026 00:00","CTA|DE(50Hertz)","PSW Markersbach PSS E","11WD8MARK1H---EE","Hydro Pumped Storage","11WD8MARK1H---EE","16/04/2026 17:00 - 16/04/2026 18:00","0.00",""
"16/04/2026 00:00 - 17/04/2026 00:00","CTA|DE(50Hertz)","PSW Markersbach PSS E","11WD8MARK1H---EE","Hydro Pumped Storage","11WD8MARK1H---EE","16/04/2026 18:00 - 16/04/2026 19:00","32.75",""
"16/04/2026 00:00 - 17/04/2026 00:00","CTA|DE(50Hertz)","PSW Markersbach PSS E","11WD8MARK1H---EE","Hydro Pumped Storage","11WD8MARK1H---EE","16/04/2026 19:00 - 16/04/2026 20:00","133.75",""
"16/04/2026 00:00 - 17/04/2026 00:00","CTA|DE(50Hertz)","PSW Markersbach PSS E","11WD8MARK1H---EE","Hydro Pumped Storage","11WD8MARK1H---EE","16/04/2026 20:00 - 16/04/2026 21:00","153.25",""
"16/04/2026 00:00 - 17/04/2026 00:00","CTA|DE(50Hertz)","PSW Markersbach PSS E","11WD8MARK1H---EE","Hydro Pumped Storage","11WD8MARK1H---EE","16/04/2026 21:00 - 16/04/2026 22:00","145.50",""
"16/04/2026 00:00 - 17/04/2026 00:00","CTA|DE(50Hertz)","PSW Markersbach PSS E","11WD8MARK1H---EE","Hydro Pumped Storage","11WD8MARK1H---EE","16/04/2026 22:00 - 16/04/2026 23:00","60.00",""
"16/04/2026 00:00 - 17/04/2026 00:00","CTA|DE(50Hertz)","PSW Markersbach PSS E","11WD8MARK1H---EE","Hydro Pumped Storage","11WD8MARK1H---EE","16/04/2026 23:00 - 17/04/2026 00:00","0.00",""
"16/04/2026 00:00 - 17/04/2026 00:00","CTA|DE(50Hertz)","PSW Markersbach PSS F","11WD8MARK1H---FC","Hydro Pumped Storage","11WD8MARK1H---FC","16/04/2026 00:00 - 16/04/2026 01:00","0.00",""
"16/04/2026 00:00 - 17/04/2026 00:00","CTA|DE(50Hertz)","PSW Markersbach PSS F","11WD8MARK1H---FC","Hydro Pumped Storage","11WD8MARK1H---FC","16/04/2026 01:00 - 16/04/2026 02:00","0.00",""
"16/04/2026 00:00 - 17/04/2026 00:00","CTA|DE(50Hertz)","PSW Markersbach PSS F","11WD8MARK1H---FC","Hydro Pumped Storage","11WD8MARK1H---FC","16/04/2026 02:00 - 16/04/2026 03:00","0.00",""
"16/04/2026 00:00 - 17/04/2026 00:00","CTA|DE(50Hertz)","PSW Markersbach PSS F","11WD8MARK1H---FC","Hydro Pumped Storage","11WD8MARK1H---FC","16/04/2026 03:00 - 16/04/2026 04:00","0.00",""
"16/04/2026 00:00 - 17/04/2026 00:00","CTA|DE(50Hertz)","PSW Markersbach PSS F","11WD8MARK1H---FC","Hydro Pumped Storage","11WD8MARK1H---FC","16/04/2026 04:00 - 16/04/2026 05:00","0.00",""
"16/04/2026 00:00 - 17/04/2026 00:00","CTA|DE(50Hertz)","PSW Markersbach PSS F","11WD8MARK1H---FC","Hydro Pumped Storage","11WD8MARK1H---FC","16/04/2026 05:00 - 16/04/2026 06:00","0.00",""
"16/04/2026 00:00 - 17/04/2026 00:00","CTA|DE(50Hertz)","PSW Markersbach PSS F","11WD8MARK1H---FC","Hydro Pumped Storage","11WD8MARK1H---FC","16/04/2026 06:00 - 16/04/2026 07:00","0.00",""
"16/04/2026 00:00 - 17/04/2026 00:00","CTA|DE(50Hertz)","PSW Markersbach PSS F","11WD8MARK1H---FC","Hydro Pumped Storage","11WD8MARK1H---FC","16/04/2026 07:00 - 16/04/2026 08:00","0.00",""
"16/04/2026 00:00 - 17/04/2026 00:00","CTA|DE(50Hertz)","PSW Markersbach PSS F","11WD8MARK1H---FC","Hydro Pumped Storage","11WD8MARK1H---FC","16/04/2026 08:00 - 16/04/2026 09:00","0.00",""
"16/04/2026 00:00 - 17/04/2026 00:00","CTA|DE(50Hertz)","PSW Markersbach PSS F","11WD8MARK1H---FC","Hydro Pumped Storage","11WD8MARK1H---FC","16/04/2026 09:00 - 16/04/2026 10:00","0.00",""
"16/04/2026 00:00 - 17/04/2026 00:00","CTA|DE(50Hertz)","PSW Markersbach PSS F","11WD8MARK1H---FC","Hydro Pumped Storage","11WD8MARK1H---FC","16/04/2026 10:00 - 16/04/2026 11:00","0.00",""
"16/04/2026 00:00 - 17/04/2026 00:00","CTA|DE(50Hertz)","PSW Markersbach PSS F","11WD8MARK1H---FC","Hydro Pumped Storage","11WD8MARK1H---FC","16/04/2026 11:00 - 16/04/2026 12:00","0.00",""
"16/04/2026 00:00 - 17/04/2026 00:00","CTA|DE(50Hertz)","PSW Markersbach PSS F","11WD8MARK1H---FC","Hydro Pumped Storage","11WD8MARK1H---FC","16/04/2026 12:00 - 16/04/2026 13:00","0.00",""
"16/04/2026 00:00 - 17/04/2026 00:00","CTA|DE(50Hertz)","PSW Markersbach PSS F","11WD8MARK1H---FC","Hydro Pumped Storage","11WD8MARK1H---FC","16/04/2026 13:00 - 16/04/2026 14:00","0.00",""
"16/04/2026 00:00 - 17/04/2026 00:00","CTA|DE(50Hertz)","PSW Markersbach PSS F","11WD8MARK1H---FC","Hydro Pumped Storage","11WD8MARK1H---FC","16/04/2026 14:00 - 16/04/2026 15:00","0.00",""
"16/04/2026 00:00 - 17/04/2026 00:00","CTA|DE(50Hertz)","PSW Markersbach PSS F","11WD8MARK1H---FC","Hydro Pumped Storage","11WD8MARK1H---FC","16/04/2026 15:00 - 16/04/2026 16:00","0.00",""
"16/04/2026 00:00 - 17/04/2026 00:00","CTA|DE(50Hertz)","PSW Markersbach PSS F","11WD8MARK1H---FC","Hydro Pumped Storage","11WD8MARK1H---FC","16/04/2026 16:00 - 16/04/2026 17:00","0.00",""
"16/04/2026 00:00 - 17/04/2026 00:00","CTA|DE(50Hertz)","PSW Markersbach PSS F","11WD8MARK1H---FC","Hydro Pumped Storage","11WD8MARK1H---FC","16/04/2026 17:00 - 16/04/2026 18:00","0.00",""
"16/04/2026 00:00 - 17/04/2026 00:00","CTA|DE(50Hertz)","PSW Markersbach PSS F","11WD8MARK1H---FC","Hydro Pumped Storage","11WD8MARK1H---FC","16/04/2026 18:00 - 16/04/2026 19:00","0.00",""
"16/04/2026 00:00 - 17/04/2026 00:00","CTA|DE(50Hertz)","PSW Markersbach PSS F","11WD8MARK1H---FC","Hydro Pumped Storage","11WD8MARK1H---FC","16/04/2026 19:00 - 16/04/2026 20:00","0.00",""
"16/04/2026 00:00 - 17/04/2026 00:00","CTA|DE(50Hertz)","PSW Markersbach PSS F","11WD8MARK1H---FC","Hydro Pumped Storage","11WD8MARK1H---FC","16/04/2026 20:00 - 16/04/2026 21:00","0.00",""
"16/04/2026 00:00 - 17/04/2026 00:00","CTA|DE(50Hertz)","PSW Markersbach PSS F","11WD8MARK1H---FC","Hydro Pumped Storage","11WD8MARK1H---FC","16/04/2026 21:00 - 16/04/2026 22:00","0.00",""
"16/04/2026 00:00 - 17/04/2026 00:00","CTA|DE(50Hertz)","PSW Markersbach PSS F","11WD8MARK1H---FC","Hydro Pumped Storage","11WD8MARK1H---FC","16/04/2026 22:00 - 16/04/2026 23:00","0.00",""
"16/04/2026 00:00 - 17/04/2026 00:00","CTA|DE(50Hertz)","PSW Markersbach PSS F","11WD8MARK1H---FC","Hydro Pumped Storage","11WD8MARK1H---FC","16/04/2026 23:00 - 17/04/2026 00:00","0.00",""
"16/04/2026 00:00 - 17/04/2026 00:00","CTA|DE(50Hertz)","HKW Mitte GUD","11WD8MITT5GGUD-8","Fossil Gas","11WD8MITT5GGUD-8","16/04/2026 00:00 - 16/04/2026 01:00","257.00",""
"16/04/2026 00:00 - 17/04/2026 00:00","CTA|DE(50Hertz)","HKW Mitte GUD","11WD8MITT5GGUD-8","Fossil Gas","11WD8MITT5GGUD-8","16/04/2026 01:00 - 16/04/2026 02:00","257.00",""
"16/04/2026 00:00 - 17/04/2026 00:00","CTA|DE(50Hertz)","HKW Mitte GUD","11WD8MITT5GGUD-8","Fossil Gas","11WD8MITT5GGUD-8","16/04/2026 02:00 - 16/04/2026 03:00","257.00",""
"16/04/2026 00:00 - 17/04/2026 00:00","CTA|DE(50Hertz)","HKW Mitte GUD","11WD8MITT5GGUD-8","Fossil Gas","11WD8MITT5GGUD-8","16/04/2026 03:00 - 16/04/2026 04:00","257.00",""
"16/04/2026 00:00 - 17/04/2026 00:00","CTA|DE(50Hertz)","HKW Mitte GUD","11WD8MITT5GGUD-8","Fossil Gas","11WD8MITT5GGUD-8","16/04/2026 04:00 - 16/04/2026 05:00","257.25",""
"16/04/2026 00:00 - 17/04/2026 00:00","CTA|DE(50Hertz)","HKW Mitte GUD","11WD8MITT5GGUD-8","Fossil Gas","11WD8MITT5GGUD-8","16/04/2026 05:00 - 16/04/2026 06:00","326.75",""
"16/04/2026 00:00 - 17/04/2026 00:00","CTA|DE(50Hertz)","HKW Mitte GUD","11WD8MITT5GGUD-8","Fossil Gas","11WD8MITT5GGUD-8","16/04/2026 06:00 - 16/04/2026 07:00","333.50",""
"16/04/2026 00:00 - 17/04/2026 00:00","CTA|DE(50Hertz)","HKW Mitte GUD","11WD8MITT5GGUD-8","Fossil Gas","11WD8MITT5GGUD-8","16/04/2026 07:00 - 16/04/2026 08:00","380.00",""
"16/04/2026 00:00 - 17/04/2026 00:00","CTA|DE(50Hertz)","HKW Mitte GUD","11WD8MITT5GGUD-8","Fossil Gas","11WD8MITT5GGUD-8","16/04/2026 08:00 - 16/04/2026 09:00","377.50",""
"16/04/2026 00:00 - 17/04/2026 00:00","CTA|DE(50Hertz)","HKW Mitte GUD","11WD8MITT5GGUD-8","Fossil Gas","11WD8MITT5GGUD-8","16/04/2026 09:00 - 16/04/2026 10:00","353.75",""
"16/04/2026 00:00 - 17/04/2026 00:00","CTA|DE(50Hertz)","HKW Mitte GUD","11WD8MITT5GGUD-8","Fossil Gas","11WD8MITT5GGUD-8","16/04/2026 10:00 - 16/04/2026 11:00","195.75",""
"16/04/2026 00:00 - 17/04/2026 00:00","CTA|DE(50Hertz)","HKW Mitte GUD","11WD8MITT5GGUD-8","Fossil Gas","11WD8MITT5GGUD-8","16/04/2026 11:00 - 16/04/2026 12:00","144.25",""
"16/04/2026 00:00 - 17/04/2026 00:00","CTA|DE(50Hertz)","HKW Mitte GUD","11WD8MITT5GGUD-8","Fossil Gas","11WD8MITT5GGUD-8","16/04/2026 12:00 - 16/04/2026 13:00","123.00",""
"16/04/2026 00:00 - 17/04/2026 00:00","CTA|DE(50Hertz)","HKW Mitte GUD","11WD8MITT5GGUD-8","Fossil Gas","11WD8MITT5GGUD-8","16/04/2026 13:00 - 16/04/2026 14:00","121.00",""
"16/04/2026 00:00 - 17/04/2026 00:00","CTA|DE(50Hertz)","HKW Mitte GUD","11WD8MITT5GGUD-8","Fossil Gas","11WD8MITT5GGUD-8","16/04/2026 14:00 - 16/04/2026 15:00","121.00",""
"16/04/2026 00:00 - 17/04/2026 00:00","CTA|DE(50Hertz)","HKW Mitte GUD","11WD8MITT5GGUD-8","Fossil Gas","11WD8MITT5GGUD-8","16/04/2026 15:00 - 16/04/2026 16:00","121.00",""
"16/04/2026 00:00 - 17/04/2026 00:00","CTA|DE(50Hertz)","HKW Mitte GUD","11WD8MITT5GGUD-8","Fossil Gas","11WD8MITT5GGUD-8","16/04/2026 16:00 - 16/04/2026 17:00","121.25",""
"16/04/2026 00:00 - 17/04/2026 00:00","CTA|DE(50Hertz)","HKW Mitte GUD","11WD8MITT5GGUD-8","Fossil Gas","11WD8MITT5GGUD-8","16/04/2026 17:00 - 16/04/2026 18:00","178.75",""
"16/04/2026 00:00 - 17/04/2026 00:00","CTA|DE(50Hertz)","HKW Mitte GUD","11WD8MITT5GGUD-8","Fossil Gas","11WD8MITT5GGUD-8","16/04/2026 18:00 - 16/04/2026 19:00","309.75",""
"16/04/2026 00:00 - 17/04/2026 00:00","CTA|DE(50Hertz)","HKW Mitte GUD","11WD8MITT5GGUD-8","Fossil Gas","11WD8MITT5GGUD-8","16/04/2026 19:00 - 16/04/2026 20:00","309.00",""
"16/04/2026 00:00 - 17/04/2026 00:00","CTA|DE(50Hertz)","HKW Mitte GUD","11WD8MITT5GGUD-8","Fossil Gas","11WD8MITT5GGUD-8","16/04/2026 20:00 - 16/04/2026 21:00","309.00",""
"16/04/2026 00:00 - 17/04/2026 00:00","CTA|DE(50Hertz)","HKW Mitte GUD","11WD8MITT5GGUD-8","Fossil Gas","11WD8MITT5GGUD-8","16/04/2026 21:00 - 16/04/2026 22:00","308.25",""
"16/04/2026 00:00 - 17/04/2026 00:00","CTA|DE(50Hertz)","HKW Mitte GUD","11WD8MITT5GGUD-8","Fossil Gas","11WD8MITT5GGUD-8","16/04/2026 22:00 - 16/04/2026 23:00","280.50",""
"16/04/2026 00:00 - 17/04/2026 00:00","CTA|DE(50Hertz)","HKW Mitte GUD","11WD8MITT5GGUD-8","Fossil Gas","11WD8MITT5GGUD-8","16/04/2026 23:00 - 17/04/2026 00:00","258.00",""
"16/04/2026 00:00 - 17/04/2026 00:00","CTA|DE(50Hertz)","HKW Reuter West Block D","11WD8REUW1C---DD","Fossil Hard coal","11WD8REUW1C---DD","16/04/2026 00:00 - 16/04/2026 01:00","0.00",""
"16/04/2026 00:00 - 17/04/2026 00:00","CTA|DE(50Hertz)","HKW Reuter West Block D","11WD8REUW1C---DD","Fossil Hard coal","11WD8REUW1C---DD","16/04/2026 01:00 - 16/04/2026 02:00","0.00",""
"16/04/2026 00:00 - 17/04/2026 00:00","CTA|DE(50Hertz)","HKW Reuter West Block D","11WD8REUW1C---DD","Fossil Hard coal","11WD8REUW1C---DD","16/04/2026 02:00 - 16/04/2026 03:00","0.00",""
"16/04/2026 00:00 - 17/04/2026 00:00","CTA|DE(50Hertz)","HKW Reuter West Block D","11WD8REUW1C---DD","Fossil Hard coal","11WD8REUW1C---DD","16/04/2026 03:00 - 16/04/2026 04:00","0.00",""
"16/04/2026 00:00 - 17/04/2026 00:00","CTA|DE(50Hertz)","HKW Reuter West Block D","11WD8REUW1C---DD","Fossil Hard coal","11WD8REUW1C---DD","16/04/2026 04:00 - 16/04/2026 05:00","0.00",""
"16/04/2026 00:00 - 17/04/2026 00:00","CTA|DE(50Hertz)","HKW Reuter West Block D","11WD8REUW1C---DD","Fossil Hard coal","11WD8REUW1C---DD","16/04/2026 05:00 - 16/04/2026 06:00","0.00",""
"16/04/2026 00:00 - 17/04/2026 00:00","CTA|DE(50Hertz)","HKW Reuter West Block D","11WD8REUW1C---DD","Fossil Hard coal","11WD8REUW1C---DD","16/04/2026 06:00 - 16/04/2026 07:00","0.00",""
"16/04/2026 00:00 - 17/04/2026 00:00","CTA|DE(50Hertz)","HKW Reuter West Block D","11WD8REUW1C---DD","Fossil Hard coal","11WD8REUW1C---DD","16/04/2026 07:00 - 16/04/2026 08:00","0.00",""
"16/04/2026 00:00 - 17/04/2026 00:00","CTA|DE(50Hertz)","HKW Reuter West Block D","11WD8REUW1C---DD","Fossil Hard coal","11WD8REUW1C---DD","16/04/2026 08:00 - 16/04/2026 09:00","0.00",""
"16/04/2026 00:00 - 17/04/2026 00:00","CTA|DE(50Hertz)","HKW Reuter West Block D","11WD8REUW1C---DD","Fossil Hard coal","11WD8REUW1C---DD","16/04/2026 09:00 - 16/04/2026 10:00","0.00",""
"16/04/2026 00:00 - 17/04/2026 00:00","CTA|DE(50Hertz)","HKW Reuter West Block D","11WD8REUW1C---DD","Fossil Hard coal","11WD8REUW1C---DD","16/04/2026 10:00 - 16/04/2026 11:00","0.00",""
"16/04/2026 00:00 - 17/04/2026 00:00","CTA|DE(50Hertz)","HKW Reuter West Block D","11WD8REUW1C---DD","Fossil Hard coal","11WD8REUW1C---DD","16/04/2026 11:00 - 16/04/2026 12:00","0.00",""
"16/04/2026 00:00 - 17/04/2026 00:00","CTA|DE(50Hertz)","HKW Reuter West Block D","11WD8REUW1C---DD","Fossil Hard coal","11WD8REUW1C---DD","16/04/2026 12:00 - 16/04/2026 13:00","0.00",""
"16/04/2026 00:00 - 17/04/2026 00:00","CTA|DE(50Hertz)","HKW Reuter West Block D","11WD8REUW1C---DD","Fossil Hard coal","11WD8REUW1C---DD","16/04/2026 13:00 - 16/04/2026 14:00","0.00",""
"16/04/2026 00:00 - 17/04/2026 00:00","CTA|DE(50Hertz)","HKW Reuter West Block D","11WD8REUW1C---DD","Fossil Hard coal","11WD8REUW1C---DD","16/04/2026 14:00 - 16/04/2026 15:00","0.00",""
"16/04/2026 00:00 - 17/04/2026 00:00","CTA|DE(50Hertz)","HKW Reuter West Block D","11WD8REUW1C---DD","Fossil Hard coal","11WD8REUW1C---DD","16/04/2026 15:00 - 16/04/2026 16:00","0.00",""
"16/04/2026 00:00 - 17/04/2026 00:00","CTA|DE(50Hertz)","HKW Reuter West Block D","11WD8REUW1C---DD","Fossil Hard coal","11WD8REUW1C---DD","16/04/2026 16:00 - 16/04/2026 17:00","0.00",""
"16/04/2026 00:00 - 17/04/2026 00:00","CTA|DE(50Hertz)","HKW Reuter West Block D","11WD8REUW1C---DD","Fossil Hard coal","11WD8REUW1C---DD","16/04/2026 17:00 - 16/04/2026 18:00","0.00",""
"16/04/2026 00:00 - 17/04/2026 00:00","CTA|DE(50Hertz)","HKW Reuter West Block D","11WD8REUW1C---DD","Fossil Hard coal","11WD8REUW1C---DD","16/04/2026 18:00 - 16/04/2026 19:00","0.00",""
"16/04/2026 00:00 - 17/04/2026 00:00","CTA|DE(50Hertz)","HKW Reuter West Block D","11WD8REUW1C---DD","Fossil Hard coal","11WD8REUW1C---DD","16/04/2026 19:00 - 16/04/2026 20:00","0.00",""
"16/04/2026 00:00 - 17/04/2026 00:00","CTA|DE(50Hertz)","HKW Reuter West Block D","11WD8REUW1C---DD","Fossil Hard coal","11WD8REUW1C---DD","16/04/2026 20:00 - 16/04/2026 21:00","0.00",""
"16/04/2026 00:00 - 17/04/2026 00:00","CTA|DE(50Hertz)","HKW Reuter West Block D","11WD8REUW1C---DD","Fossil Hard coal","11WD8REUW1C---DD","16/04/2026 21:00 - 16/04/2026 22:00","0.00",""
"16/04/2026 00:00 - 17/04/2026 00:00","CTA|DE(50Hertz)","HKW Reuter West Block D","11WD8REUW1C---DD","Fossil Hard coal","11WD8REUW1C---DD","16/04/2026 22:00 - 16/04/2026 23:00","0.00",""
"16/04/2026 00:00 - 17/04/2026 00:00","CTA|DE(50Hertz)","HKW Reuter West Block D","11WD8REUW1C---DD","Fossil Hard coal","11WD8REUW1C---DD","16/04/2026 23:00 - 17/04/2026 00:00","0.00",""
"16/04/2026 00:00 - 17/04/2026 00:00","CTA|DE(50Hertz)","HKW Reuter West Block E","11WD8REUW1C---EB","Fossil Hard coal","11WD8REUW1C---EB","16/04/2026 00:00 - 16/04/2026 01:00","148.25",""
"16/04/2026 00:00 - 17/04/2026 00:00","CTA|DE(50Hertz)","HKW Reuter West Block E","11WD8REUW1C---EB","Fossil Hard coal","11WD8REUW1C---EB","16/04/2026 01:00 - 16/04/2026 02:00","151.75",""
"16/04/2026 00:00 - 17/04/2026 00:00","CTA|DE(50Hertz)","HKW Reuter West Block E","11WD8REUW1C---EB","Fossil Hard coal","11WD8REUW1C---EB","16/04/2026 02:00 - 16/04/2026 03:00","151.25",""
"16/04/2026 00:00 - 17/04/2026 00:00","CTA|DE(50Hertz)","HKW Reuter West Block E","11WD8REUW1C---EB","Fossil Hard coal","11WD8REUW1C---EB","16/04/2026 03:00 - 16/04/2026 04:00","151.00",""
"16/04/2026 00:00 - 17/04/2026 00:00","CTA|DE(50Hertz)","HKW Reuter West Block E","11WD8REUW1C---EB","Fossil Hard coal","11WD8REUW1C---EB","16/04/2026 04:00 - 16/04/2026 05:00","151.50",""
"16/04/2026 00:00 - 17/04/2026 00:00","CTA|DE(50Hertz)","HKW Reuter West Block E","11WD8REUW1C---EB","Fossil Hard coal","11WD8REUW1C---EB","16/04/2026 05:00 - 16/04/2026 06:00","150.50",""
"16/04/2026 00:00 - 17/04/2026 00:00","CTA|DE(50Hertz)","HKW Reuter West Block E","11WD8REUW1C---EB","Fossil Hard coal","11WD8REUW1C---EB","16/04/2026 06:00 - 16/04/2026 07:00","149.50",""
"16/04/2026 00:00 - 17/04/2026 00:00","CTA|DE(50Hertz)","HKW Reuter West Block E","11WD8REUW1C---EB","Fossil Hard coal","11WD8REUW1C---EB","16/04/2026 07:00 - 16/04/2026 08:00","150.50",""
"16/04/2026 00:00 - 17/04/2026 00:00","CTA|DE(50Hertz)","HKW Reuter West Block E","11WD8REUW1C---EB","Fossil Hard coal","11WD8REUW1C---EB","16/04/2026 08:00 - 16/04/2026 09:00","150.50",""
"16/04/2026 00:00 - 17/04/2026 00:00","CTA|DE(50Hertz)","HKW Reuter West Block E","11WD8REUW1C---EB","Fossil Hard coal","11WD8REUW1C---EB","16/04/2026 09:00 - 16/04/2026 10:00","152.00",""
"16/04/2026 00:00 - 17/04/2026 00:00","CTA|DE(50Hertz)","HKW Reuter West Block E","11WD8REUW1C---EB","Fossil Hard coal","11WD8REUW1C---EB","16/04/2026 10:00 - 16/04/2026 11:00","150.75",""
"16/04/2026 00:00 - 17/04/2026 00:00","CTA|DE(50Hertz)","HKW Reuter West Block E","11WD8REUW1C---EB","Fossil Hard coal","11WD8REUW1C---EB","16/04/2026 11:00 - 16/04/2026 12:00","149.75",""
"16/04/2026 00:00 - 17/04/2026 00:00","CTA|DE(50Hertz)","HKW Reuter West Block E","11WD8REUW1C---EB","Fossil Hard coal","11WD8REUW1C---EB","16/04/2026 12:00 - 16/04/2026 13:00","84.25",""
"16/04/2026 00:00 - 17/04/2026 00:00","CTA|DE(50Hertz)","HKW Reuter West Block E","11WD8REUW1C---EB","Fossil Hard coal","11WD8REUW1C---EB","16/04/2026 13:00 - 16/04/2026 14:00","50.00",""
"16/04/2026 00:00 - 17/04/2026 00:00","CTA|DE(50Hertz)","HKW Reuter West Block E","11WD8REUW1C---EB","Fossil Hard coal","11WD8REUW1C---EB","16/04/2026 14:00 - 16/04/2026 15:00","146.00",""
"16/04/2026 00:00 - 17/04/2026 00:00","CTA|DE(50Hertz)","HKW Reuter West Block E","11WD8REUW1C---EB","Fossil Hard coal","11WD8REUW1C---EB","16/04/2026 15:00 - 16/04/2026 16:00","154.75",""
"16/04/2026 00:00 - 17/04/2026 00:00","CTA|DE(50Hertz)","HKW Reuter West Block E","11WD8REUW1C---EB","Fossil Hard coal","11WD8REUW1C---EB","16/04/2026 16:00 - 16/04/2026 17:00","154.75",""
"16/04/2026 00:00 - 17/04/2026 00:00","CTA|DE(50Hertz)","HKW Reuter West Block E","11WD8REUW1C---EB","Fossil Hard coal","11WD8REUW1C---EB","16/04/2026 17:00 - 16/04/2026 18:00","155.25",""
"16/04/2026 00:00 - 17/04/2026 00:00","CTA|DE(50Hertz)","HKW Reuter West Block E","11WD8REUW1C---EB","Fossil Hard coal","11WD8REUW1C---EB","16/04/2026 18:00 - 16/04/2026 19:00","155.75",""
"16/04/2026 00:00 - 17/04/2026 00:00","CTA|DE(50Hertz)","HKW Reuter West Block E","11WD8REUW1C---EB","Fossil Hard coal","11WD8REUW1C---EB","16/04/2026 19:00 - 16/04/2026 20:00","154.75",""
"16/04/2026 00:00 - 17/04/2026 00:00","CTA|DE(50Hertz)","HKW Reuter West Block E","11WD8REUW1C---EB","Fossil Hard coal","11WD8REUW1C---EB","16/04/2026 20:00 - 16/04/2026 21:00","155.50",""
"16/04/2026 00:00 - 17/04/2026 00:00","CTA|DE(50Hertz)","HKW Reuter West Block E","11WD8REUW1C---EB","Fossil Hard coal","11WD8REUW1C---EB","16/04/2026 21:00 - 16/04/2026 22:00","154.50",""
"16/04/2026 00:00 - 17/04/2026 00:00","CTA|DE(50Hertz)","HKW Reuter West Block E","11WD8REUW1C---EB","Fossil Hard coal","11WD8REUW1C---EB","16/04/2026 22:00 - 16/04/2026 23:00","154.75",""
"16/04/2026 00:00 - 17/04/2026 00:00","CTA|DE(50Hertz)","HKW Reuter West Block E","11WD8REUW1C---EB","Fossil Hard coal","11WD8REUW1C---EB","16/04/2026 23:00 - 17/04/2026 00:00","155.75",""
"16/04/2026 00:00 - 17/04/2026 00:00","CTA|DE(50Hertz)","Kraftwerk Rostock","11WD8ROST1C----K","Fossil Hard coal","11WD8ROST1C----K","16/04/2026 00:00 - 16/04/2026 01:00","503.23",""
"16/04/2026 00:00 - 17/04/2026 00:00","CTA|DE(50Hertz)","Kraftwerk Rostock","11WD8ROST1C----K","Fossil Hard coal","11WD8ROST1C----K","16/04/2026 01:00 - 16/04/2026 02:00","506.18",""
"16/04/2026 00:00 - 17/04/2026 00:00","CTA|DE(50Hertz)","Kraftwerk Rostock","11WD8ROST1C----K","Fossil Hard coal","11WD8ROST1C----K","16/04/2026 02:00 - 16/04/2026 03:00","510.88",""
"16/04/2026 00:00 - 17/04/2026 00:00","CTA|DE(50Hertz)","Kraftwerk Rostock","11WD8ROST1C----K","Fossil Hard coal","11WD8ROST1C----K","16/04/2026 03:00 - 16/04/2026 04:00","512.88",""
"16/04/2026 00:00 - 17/04/2026 00:00","CTA|DE(50Hertz)","Kraftwerk Rostock","11WD8ROST1C----K","Fossil Hard coal","11WD8ROST1C----K","16/04/2026 04:00 - 16/04/2026 05:00","511.32",""
"16/04/2026 00:00 - 17/04/2026 00:00","CTA|DE(50Hertz)","Kraftwerk Rostock","11WD8ROST1C----K","Fossil Hard coal","11WD8ROST1C----K","16/04/2026 05:00 - 16/04/2026 06:00","508.93",""
"16/04/2026 00:00 - 17/04/2026 00:00","CTA|DE(50Hertz)","Kraftwerk Rostock","11WD8ROST1C----K","Fossil Hard coal","11WD8ROST1C----K","16/04/2026 06:00 - 16/04/2026 07:00","509.55",""
"16/04/2026 00:00 - 17/04/2026 00:00","CTA|DE(50Hertz)","Kraftwerk Rostock","11WD8ROST1C----K","Fossil Hard coal","11WD8ROST1C----K","16/04/2026 07:00 - 16/04/2026 08:00","508.85",""
"16/04/2026 00:00 - 17/04/2026 00:00","CTA|DE(50Hertz)","Kraftwerk Rostock","11WD8ROST1C----K","Fossil Hard coal","11WD8ROST1C----K","16/04/2026 08:00 - 16/04/2026 09:00","510.45",""
"16/04/2026 00:00 - 17/04/2026 00:00","CTA|DE(50Hertz)","Kraftwerk Rostock","11WD8ROST1C----K","Fossil Hard coal","11WD8ROST1C----K","16/04/2026 09:00 - 16/04/2026 10:00","510.13",""
"16/04/2026 00:00 - 17/04/2026 00:00","CTA|DE(50Hertz)","Kraftwerk Rostock","11WD8ROST1C----K","Fossil Hard coal","11WD8ROST1C----K","16/04/2026 10:00 - 16/04/2026 11:00","504.73",""
"16/04/2026 00:00 - 17/04/2026 00:00","CTA|DE(50Hertz)","Kraftwerk Rostock","11WD8ROST1C----K","Fossil Hard coal","11WD8ROST1C----K","16/04/2026 11:00 - 16/04/2026 12:00","327.85",""
"16/04/2026 00:00 - 17/04/2026 00:00","CTA|DE(50Hertz)","Kraftwerk Rostock","11WD8ROST1C----K","Fossil Hard coal","11WD8ROST1C----K","16/04/2026 12:00 - 16/04/2026 13:00","263.75",""
"16/04/2026 00:00 - 17/04/2026 00:00","CTA|DE(50Hertz)","Kraftwerk Rostock","11WD8ROST1C----K","Fossil Hard coal","11WD8ROST1C----K","16/04/2026 13:00 - 16/04/2026 14:00","265.68",""
"16/04/2026 00:00 - 17/04/2026 00:00","CTA|DE(50Hertz)","Kraftwerk Rostock","11WD8ROST1C----K","Fossil Hard coal","11WD8ROST1C----K","16/04/2026 14:00 - 16/04/2026 15:00","266.43",""
"16/04/2026 00:00 - 17/04/2026 00:00","CTA|DE(50Hertz)","Kraftwerk Rostock","11WD8ROST1C----K","Fossil Hard coal","11WD8ROST1C----K","16/04/2026 15:00 - 16/04/2026 16:00","274.40",""
"16/04/2026 00:00 - 17/04/2026 00:00","CTA|DE(50Hertz)","Kraftwerk Rostock","11WD8ROST1C----K","Fossil Hard coal","11WD8ROST1C----K","16/04/2026 16:00 - 16/04/2026 17:00","408.10",""
"16/04/2026 00:00 - 17/04/2026 00:00","CTA|DE(50Hertz)","Kraftwerk Rostock","11WD8ROST1C----K","Fossil Hard coal","11WD8ROST1C----K","16/04/2026 17:00 - 16/04/2026 18:00","501.70",""
"16/04/2026 00:00 - 17/04/2026 00:00","CTA|DE(50Hertz)","Kraftwerk Rostock","11WD8ROST1C----K","Fossil Hard coal","11WD8ROST1C----K","16/04/2026 18:00 - 16/04/2026 19:00","501.43",""
"16/04/2026 00:00 - 17/04/2026 00:00","CTA|DE(50Hertz)","Kraftwerk Rostock","11WD8ROST1C----K","Fossil Hard coal","11WD8ROST1C----K","16/04/2026 19:00 - 16/04/2026 20:00","502.13",""
"16/04/2026 00:00 - 17/04/2026 00:00","CTA|DE(50Hertz)","Kraftwerk Rostock","11WD8ROST1C----K","Fossil Hard coal","11WD8ROST1C----K","16/04/2026 20:00 - 16/04/2026 21:00","503.68",""
"16/04/2026 00:00 - 17/04/2026 00:00","CTA|DE(50Hertz)","Kraftwerk Rostock","11WD8ROST1C----K","Fossil Hard coal","11WD8ROST1C----K","16/04/2026 21:00 - 16/04/2026 22:00","506.52",""
"16/04/2026 00:00 - 17/04/2026 00:00","CTA|DE(50Hertz)","Kraftwerk Rostock","11WD8ROST1C----K","Fossil Hard coal","11WD8ROST1C----K","16/04/2026 22:00 - 16/04/2026 23:00","505.02",""
"16/04/2026 00:00 - 17/04/2026 00:00","CTA|DE(50Hertz)","Kraftwerk Rostock","11WD8ROST1C----K","Fossil Hard coal","11WD8ROST1C----K","16/04/2026 23:00 - 17/04/2026 00:00","506.68",""
"16/04/2026 00:00 - 17/04/2026 00:00","CTA|DE(50Hertz)","Schkopau A","11WD8SCHK1L---A2","Fossil Brown coal/Lignite","11WD8SCHK1L---A2","16/04/2026 00:00 - 16/04/2026 01:00","0.00",""
"16/04/2026 00:00 - 17/04/2026 00:00","CTA|DE(50Hertz)","Schkopau A","11WD8SCHK1L---A2","Fossil Brown coal/Lignite","11WD8SCHK1L---A2","16/04/2026 01:00 - 16/04/2026 02:00","0.00",""
"16/04/2026 00:00 - 17/04/2026 00:00","CTA|DE(50Hertz)","Schkopau A","11WD8SCHK1L---A2","Fossil Brown coal/Lignite","11WD8SCHK1L---A2","16/04/2026 02:00 - 16/04/2026 03:00","0.00",""
"16/04/2026 00:00 - 17/04/2026 00:00","CTA|DE(50Hertz)","Schkopau A","11WD8SCHK1L---A2","Fossil Brown coal/Lignite","11WD8SCHK1L---A2","16/04/2026 03:00 - 16/04/2026 04:00","0.00",""
"16/04/2026 00:00 - 17/04/2026 00:00","CTA|DE(50Hertz)","Schkopau A","11WD8SCHK1L---A2","Fossil Brown coal/Lignite","11WD8SCHK1L---A2","16/04/2026 04:00 - 16/04/2026 05:00","0.00",""
"16/04/2026 00:00 - 17/04/2026 00:00","CTA|DE(50Hertz)","Schkopau A","11WD8SCHK1L---A2","Fossil Brown coal/Lignite","11WD8SCHK1L---A2","16/04/2026 05:00 - 16/04/2026 06:00","0.00",""
"16/04/2026 00:00 - 17/04/2026 00:00","CTA|DE(50Hertz)","Schkopau A","11WD8SCHK1L---A2","Fossil Brown coal/Lignite","11WD8SCHK1L---A2","16/04/2026 06:00 - 16/04/2026 07:00","0.00",""
"16/04/2026 00:00 - 17/04/2026 00:00","CTA|DE(50Hertz)","Schkopau A","11WD8SCHK1L---A2","Fossil Brown coal/Lignite","11WD8SCHK1L---A2","16/04/2026 07:00 - 16/04/2026 08:00","0.00",""
"16/04/2026 00:00 - 17/04/2026 00:00","CTA|DE(50Hertz)","Schkopau A","11WD8SCHK1L---A2","Fossil Brown coal/Lignite","11WD8SCHK1L---A2","16/04/2026 08:00 - 16/04/2026 09:00","0.00",""
"16/04/2026 00:00 - 17/04/2026 00:00","CTA|DE(50Hertz)","Schkopau A","11WD8SCHK1L---A2","Fossil Brown coal/Lignite","11WD8SCHK1L---A2","16/04/2026 09:00 - 16/04/2026 10:00","0.00",""
"16/04/2026 00:00 - 17/04/2026 00:00","CTA|DE(50Hertz)","Schkopau A","11WD8SCHK1L---A2","Fossil Brown coal/Lignite","11WD8SCHK1L---A2","16/04/2026 10:00 - 16/04/2026 11:00","0.00",""
"16/04/2026 00:00 - 17/04/2026 00:00","CTA|DE(50Hertz)","Schkopau A","11WD8SCHK1L---A2","Fossil Brown coal/Lignite","11WD8SCHK1L---A2","16/04/2026 11:00 - 16/04/2026 12:00","0.00",""
"16/04/2026 00:00 - 17/04/2026 00:00","CTA|DE(50Hertz)","Schkopau A","11WD8SCHK1L---A2","Fossil Brown coal/Lignite","11WD8SCHK1L---A2","16/04/2026 12:00 - 16/04/2026 13:00","0.00",""
"16/04/2026 00:00 - 17/04/2026 00:00","CTA|DE(50Hertz)","Schkopau A","11WD8SCHK1L---A2","Fossil Brown coal/Lignite","11WD8SCHK1L---A2","16/04/2026 13:00 - 16/04/2026 14:00","0.00",""
"16/04/2026 00:00 - 17/04/2026 00:00","CTA|DE(50Hertz)","Schkopau A","11WD8SCHK1L---A2","Fossil Brown coal/Lignite","11WD8SCHK1L---A2","16/04/2026 14:00 - 16/04/2026 15:00","0.00",""
"16/04/2026 00:00 - 17/04/2026 00:00","CTA|DE(50Hertz)","Schkopau A","11WD8SCHK1L---A2","Fossil Brown coal/Lignite","11WD8SCHK1L---A2","16/04/2026 15:00 - 16/04/2026 16:00","0.00",""
"16/04/2026 00:00 - 17/04/2026 00:00","CTA|DE(50Hertz)","Schkopau A","11WD8SCHK1L---A2","Fossil Brown coal/Lignite","11WD8SCHK1L---A2","16/04/2026 16:00 - 16/04/2026 17:00","0.00",""
"16/04/2026 00:00 - 17/04/2026 00:00","CTA|DE(50Hertz)","Schkopau A","11WD8SCHK1L---A2","Fossil Brown coal/Lignite","11WD8SCHK1L---A2","16/04/2026 17:00 - 16/04/2026 18:00","0.00",""
"16/04/2026 00:00 - 17/04/2026 00:00","CTA|DE(50Hertz)","Schkopau A","11WD8SCHK1L---A2","Fossil Brown coal/Lignite","11WD8SCHK1L---A2","16/04/2026 18:00 - 16/04/2026 19:00","0.00",""
"16/04/2026 00:00 - 17/04/2026 00:00","CTA|DE(50Hertz)","Schkopau A","11WD8SCHK1L---A2","Fossil Brown coal/Lignite","11WD8SCHK1L---A2","16/04/2026 19:00 - 16/04/2026 20:00","0.00",""
"16/04/2026 00:00 - 17/04/2026 00:00","CTA|DE(50Hertz)","Schkopau A","11WD8SCHK1L---A2","Fossil Brown coal/Lignite","11WD8SCHK1L---A2","16/04/2026 20:00 - 16/04/2026 21:00","0.00",""
"16/04/2026 00:00 - 17/04/2026 00:00","CTA|DE(50Hertz)","Schkopau A","11WD8SCHK1L---A2","Fossil Brown coal/Lignite","11WD8SCHK1L---A2","16/04/2026 21:00 - 16/04/2026 22:00","0.00",""
"16/04/2026 00:00 - 17/04/2026 00:00","CTA|DE(50Hertz)","Schkopau A","11WD8SCHK1L---A2","Fossil Brown coal/Lignite","11WD8SCHK1L---A2","16/04/2026 22:00 - 16/04/2026 23:00","0.00",""
"16/04/2026 00:00 - 17/04/2026 00:00","CTA|DE(50Hertz)","Schkopau A","11WD8SCHK1L---A2","Fossil Brown coal/Lignite","11WD8SCHK1L---A2","16/04/2026 23:00 - 17/04/2026 00:00","0.00",""
"16/04/2026 00:00 - 17/04/2026 00:00","CTA|DE(50Hertz)","Schkopau B","11WD8SCHK1L---B0","Fossil Brown coal/Lignite","11WD8SCHK1L---B0","16/04/2026 00:00 - 16/04/2026 01:00","345.25",""
"16/04/2026 00:00 - 17/04/2026 00:00","CTA|DE(50Hertz)","Schkopau B","11WD8SCHK1L---B0","Fossil Brown coal/Lignite","11WD8SCHK1L---B0","16/04/2026 01:00 - 16/04/2026 02:00","344.50",""
"16/04/2026 00:00 - 17/04/2026 00:00","CTA|DE(50Hertz)","Schkopau B","11WD8SCHK1L---B0","Fossil Brown coal/Lignite","11WD8SCHK1L---B0","16/04/2026 02:00 - 16/04/2026 03:00","344.50",""
"16/04/2026 00:00 - 17/04/2026 00:00","CTA|DE(50Hertz)","Schkopau B","11WD8SCHK1L---B0","Fossil Brown coal/Lignite","11WD8SCHK1L---B0","16/04/2026 03:00 - 16/04/2026 04:00","345.25",""
"16/04/2026 00:00 - 17/04/2026 00:00","CTA|DE(50Hertz)","Schkopau B","11WD8SCHK1L---B0","Fossil Brown coal/Lignite","11WD8SCHK1L---B0","16/04/2026 04:00 - 16/04/2026 05:00","344.25",""
"16/04/2026 00:00 - 17/04/2026 00:00","CTA|DE(50Hertz)","Schkopau B","11WD8SCHK1L---B0","Fossil Brown coal/Lignite","11WD8SCHK1L---B0","16/04/2026 05:00 - 16/04/2026 06:00","345.75",""
"16/04/2026 00:00 - 17/04/2026 00:00","CTA|DE(50Hertz)","Schkopau B","11WD8SCHK1L---B0","Fossil Brown coal/Lignite","11WD8SCHK1L---B0","16/04/2026 06:00 - 16/04/2026 07:00","348.25",""
"16/04/2026 00:00 - 17/04/2026 00:00","CTA|DE(50Hertz)","Schkopau B","11WD8SCHK1L---B0","Fossil Brown coal/Lignite","11WD8SCHK1L---B0","16/04/2026 07:00 - 16/04/2026 08:00","344.50",""
"16/04/2026 00:00 - 17/04/2026 00:00","CTA|DE(50Hertz)","Schkopau B","11WD8SCHK1L---B0","Fossil Brown coal/Lignite","11WD8SCHK1L---B0","16/04/2026 08:00 - 16/04/2026 09:00","344.75",""
"16/04/2026 00:00 - 17/04/2026 00:00","CTA|DE(50Hertz)","Schkopau B","11WD8SCHK1L---B0","Fossil Brown coal/Lignite","11WD8SCHK1L---B0","16/04/2026 09:00 - 16/04/2026 10:00","342.75",""
"16/04/2026 00:00 - 17/04/2026 00:00","CTA|DE(50Hertz)","Schkopau B","11WD8SCHK1L---B0","Fossil Brown coal/Lignite","11WD8SCHK1L---B0","16/04/2026 10:00 - 16/04/2026 11:00","170.00",""
"16/04/2026 00:00 - 17/04/2026 00:00","CTA|DE(50Hertz)","Schkopau B","11WD8SCHK1L---B0","Fossil Brown coal/Lignite","11WD8SCHK1L---B0","16/04/2026 11:00 - 16/04/2026 12:00","0.00",""
"16/04/2026 00:00 - 17/04/2026 00:00","CTA|DE(50Hertz)","Schkopau B","11WD8SCHK1L---B0","Fossil Brown coal/Lignite","11WD8SCHK1L---B0","16/04/2026 12:00 - 16/04/2026 13:00","91.00",""
"16/04/2026 00:00 - 17/04/2026 00:00","CTA|DE(50Hertz)","Schkopau B","11WD8SCHK1L---B0","Fossil Brown coal/Lignite","11WD8SCHK1L---B0","16/04/2026 13:00 - 16/04/2026 14:00","157.75",""
"16/04/2026 00:00 - 17/04/2026 00:00","CTA|DE(50Hertz)","Schkopau B","11WD8SCHK1L---B0","Fossil Brown coal/Lignite","11WD8SCHK1L---B0","16/04/2026 14:00 - 16/04/2026 15:00","201.50",""
"16/04/2026 00:00 - 17/04/2026 00:00","CTA|DE(50Hertz)","Schkopau B","11WD8SCHK1L---B0","Fossil Brown coal/Lignite","11WD8SCHK1L---B0","16/04/2026 15:00 - 16/04/2026 16:00","157.50",""
"16/04/2026 00:00 - 17/04/2026 00:00","CTA|DE(50Hertz)","Schkopau B","11WD8SCHK1L---B0","Fossil Brown coal/Lignite","11WD8SCHK1L---B0","16/04/2026 16:00 - 16/04/2026 17:00","213.75",""
"16/04/2026 00:00 - 17/04/2026 00:00","CTA|DE(50Hertz)","Schkopau B","11WD8SCHK1L---B0","Fossil Brown coal/Lignite","11WD8SCHK1L---B0","16/04/2026 17:00 - 16/04/2026 18:00","349.25",""
"16/04/2026 00:00 - 17/04/2026 00:00","CTA|DE(50Hertz)","Schkopau B","11WD8SCHK1L---B0","Fossil Brown coal/Lignite","11WD8SCHK1L---B0","16/04/2026 18:00 - 16/04/2026 19:00","346.75",""
"16/04/2026 00:00 - 17/04/2026 00:00","CTA|DE(50Hertz)","Schkopau B","11WD8SCHK1L---B0","Fossil Brown coal/Lignite","11WD8SCHK1L---B0","16/04/2026 19:00 - 16/04/2026 20:00","346.00",""
"16/04/2026 00:00 - 17/04/2026 00:00","CTA|DE(50Hertz)","Schkopau B","11WD8SCHK1L---B0","Fossil Brown coal/Lignite","11WD8SCHK1L---B0","16/04/2026 20:00 - 16/04/2026 21:00","345.00",""
"16/04/2026 00:00 - 17/04/2026 00:00","CTA|DE(50Hertz)","Schkopau B","11WD8SCHK1L---B0","Fossil Brown coal/Lignite","11WD8SCHK1L---B0","16/04/2026 21:00 - 16/04/2026 22:00","345.75",""
"16/04/2026 00:00 - 17/04/2026 00:00","CTA|DE(50Hertz)","Schkopau B","11WD8SCHK1L---B0","Fossil Brown coal/Lignite","11WD8SCHK1L---B0","16/04/2026 22:00 - 16/04/2026 23:00","345.75",""
"16/04/2026 00:00 - 17/04/2026 00:00","CTA|DE(50Hertz)","Schkopau B","11WD8SCHK1L---B0","Fossil Brown coal/Lignite","11WD8SCHK1L---B0","16/04/2026 23:00 - 17/04/2026 00:00","345.25",""
"16/04/2026 00:00 - 17/04/2026 00:00","CTA|DE(50Hertz)","IKS Schwedt SE1 Block 1","11WD8SCHW5X---19","Fossil Oil","11WD8SCHW5X---19","16/04/2026 00:00 - 16/04/2026 01:00","73.00",""
"16/04/2026 00:00 - 17/04/2026 00:00","CTA|DE(50Hertz)","IKS Schwedt SE1 Block 1","11WD8SCHW5X---19","Fossil Oil","11WD8SCHW5X---19","16/04/2026 01:00 - 16/04/2026 02:00","73.00",""
"16/04/2026 00:00 - 17/04/2026 00:00","CTA|DE(50Hertz)","IKS Schwedt SE1 Block 1","11WD8SCHW5X---19","Fossil Oil","11WD8SCHW5X---19","16/04/2026 02:00 - 16/04/2026 03:00","73.00",""
"16/04/2026 00:00 - 17/04/2026 00:00","CTA|DE(50Hertz)","IKS Schwedt SE1 Block 1","11WD8SCHW5X---19","Fossil Oil","11WD8SCHW5X---19","16/04/2026 03:00 - 16/04/2026 04:00","73.00",""
"16/04/2026 00:00 - 17/04/2026 00:00","CTA|DE(50Hertz)","IKS Schwedt SE1 Block 1","11WD8SCHW5X---19","Fossil Oil","11WD8SCHW5X---19","16/04/2026 04:00 - 16/04/2026 05:00","73.00",""
"16/04/2026 00:00 - 17/04/2026 00:00","CTA|DE(50Hertz)","IKS Schwedt SE1 Block 1","11WD8SCHW5X---19","Fossil Oil","11WD8SCHW5X---19","16/04/2026 05:00 - 16/04/2026 06:00","73.00",""
"16/04/2026 00:00 - 17/04/2026 00:00","CTA|DE(50Hertz)","IKS Schwedt SE1 Block 1","11WD8SCHW5X---19","Fossil Oil","11WD8SCHW5X---19","16/04/2026 06:00 - 16/04/2026 07:00","73.00",""
"16/04/2026 00:00 - 17/04/2026 00:00","CTA|DE(50Hertz)","IKS Schwedt SE1 Block 1","11WD8SCHW5X---19","Fossil Oil","11WD8SCHW5X---19","16/04/2026 07:00 - 16/04/2026 08:00","73.00",""
"16/04/2026 00:00 - 17/04/2026 00:00","CTA|DE(50Hertz)","IKS Schwedt SE1 Block 1","11WD8SCHW5X---19","Fossil Oil","11WD8SCHW5X---19","16/04/2026 08:00 - 16/04/2026 09:00","73.00",""
"16/04/2026 00:00 - 17/04/2026 00:00","CTA|DE(50Hertz)","IKS Schwedt SE1 Block 1","11WD8SCHW5X---19","Fossil Oil","11WD8SCHW5X---19","16/04/2026 09:00 - 16/04/2026 10:00","73.00",""
"16/04/2026 00:00 - 17/04/2026 00:00","CTA|DE(50Hertz)","IKS Schwedt SE1 Block 1","11WD8SCHW5X---19","Fossil Oil","11WD8SCHW5X---19","16/04/2026 10:00 - 16/04/2026 11:00","73.00",""
"16/04/2026 00:00 - 17/04/2026 00:00","CTA|DE(50Hertz)","IKS Schwedt SE1 Block 1","11WD8SCHW5X---19","Fossil Oil","11WD8SCHW5X---19","16/04/2026 11:00 - 16/04/2026 12:00","73.00",""
"16/04/2026 00:00 - 17/04/2026 00:00","CTA|DE(50Hertz)","IKS Schwedt SE1 Block 1","11WD8SCHW5X---19","Fossil Oil","11WD8SCHW5X---19","16/04/2026 12:00 - 16/04/2026 13:00","73.00",""
"16/04/2026 00:00 - 17/04/2026 00:00","CTA|DE(50Hertz)","IKS Schwedt SE1 Block 1","11WD8SCHW5X---19","Fossil Oil","11WD8SCHW5X---19","16/04/2026 13:00 - 16/04/2026 14:00","73.00",""
"16/04/2026 00:00 - 17/04/2026 00:00","CTA|DE(50Hertz)","IKS Schwedt SE1 Block 1","11WD8SCHW5X---19","Fossil Oil","11WD8SCHW5X---19","16/04/2026 14:00 - 16/04/2026 15:00","73.00",""
"16/04/2026 00:00 - 17/04/2026 00:00","CTA|DE(50Hertz)","IKS Schwedt SE1 Block 1","11WD8SCHW5X---19","Fossil Oil","11WD8SCHW5X---19","16/04/2026 15:00 - 16/04/2026 16:00","73.00",""
"16/04/2026 00:00 - 17/04/2026 00:00","CTA|DE(50Hertz)","IKS Schwedt SE1 Block 1","11WD8SCHW5X---19","Fossil Oil","11WD8SCHW5X---19","16/04/2026 16:00 - 16/04/2026 17:00","73.00",""
"16/04/2026 00:00 - 17/04/2026 00:00","CTA|DE(50Hertz)","IKS Schwedt SE1 Block 1","11WD8SCHW5X---19","Fossil Oil","11WD8SCHW5X---19","16/04/2026 17:00 - 16/04/2026 18:00","73.00",""
"16/04/2026 00:00 - 17/04/2026 00:00","CTA|DE(50Hertz)","IKS Schwedt SE1 Block 1","11WD8SCHW5X---19","Fossil Oil","11WD8SCHW5X---19","16/04/2026 18:00 - 16/04/2026 19:00","73.00",""
"16/04/2026 00:00 - 17/04/2026 00:00","CTA|DE(50Hertz)","IKS Schwedt SE1 Block 1","11WD8SCHW5X---19","Fossil Oil","11WD8SCHW5X---19","16/04/2026 19:00 - 16/04/2026 20:00","73.00",""
"16/04/2026 00:00 - 17/04/2026 00:00","CTA|DE(50Hertz)","IKS Schwedt SE1 Block 1","11WD8SCHW5X---19","Fossil Oil","11WD8SCHW5X---19","16/04/2026 20:00 - 16/04/2026 21:00","73.00",""
"16/04/2026 00:00 - 17/04/2026 00:00","CTA|DE(50Hertz)","IKS Schwedt SE1 Block 1","11WD8SCHW5X---19","Fossil Oil","11WD8SCHW5X---19","16/04/2026 21:00 - 16/04/2026 22:00","73.00",""
"16/04/2026 00:00 - 17/04/2026 00:00","CTA|DE(50Hertz)","IKS Schwedt SE1 Block 1","11WD8SCHW5X---19","Fossil Oil","11WD8SCHW5X---19","16/04/2026 22:00 - 16/04/2026 23:00","73.00",""
"16/04/2026 00:00 - 17/04/2026 00:00","CTA|DE(50Hertz)","IKS Schwedt SE1 Block 1","11WD8SCHW5X---19","Fossil Oil","11WD8SCHW5X---19","16/04/2026 23:00 - 17/04/2026 00:00","73.00",""
"16/04/2026 00:00 - 17/04/2026 00:00","CTA|DE(50Hertz)","IKS Schwedt SE2 Block 2","11WD8SCHW5X---27","Fossil Oil","11WD8SCHW5X---27","16/04/2026 00:00 - 16/04/2026 01:00","76.00",""
"16/04/2026 00:00 - 17/04/2026 00:00","CTA|DE(50Hertz)","IKS Schwedt SE2 Block 2","11WD8SCHW5X---27","Fossil Oil","11WD8SCHW5X---27","16/04/2026 01:00 - 16/04/2026 02:00","76.00",""
"16/04/2026 00:00 - 17/04/2026 00:00","CTA|DE(50Hertz)","IKS Schwedt SE2 Block 2","11WD8SCHW5X---27","Fossil Oil","11WD8SCHW5X---27","16/04/2026 02:00 - 16/04/2026 03:00","76.00",""
"16/04/2026 00:00 - 17/04/2026 00:00","CTA|DE(50Hertz)","IKS Schwedt SE2 Block 2","11WD8SCHW5X---27","Fossil Oil","11WD8SCHW5X---27","16/04/2026 03:00 - 16/04/2026 04:00","76.00",""
"16/04/2026 00:00 - 17/04/2026 00:00","CTA|DE(50Hertz)","IKS Schwedt SE2 Block 2","11WD8SCHW5X---27","Fossil Oil","11WD8SCHW5X---27","16/04/2026 04:00 - 16/04/2026 05:00","76.00",""
"16/04/2026 00:00 - 17/04/2026 00:00","CTA|DE(50Hertz)","IKS Schwedt SE2 Block 2","11WD8SCHW5X---27","Fossil Oil","11WD8SCHW5X---27","16/04/2026 05:00 - 16/04/2026 06:00","76.00",""
"16/04/2026 00:00 - 17/04/2026 00:00","CTA|DE(50Hertz)","IKS Schwedt SE2 Block 2","11WD8SCHW5X---27","Fossil Oil","11WD8SCHW5X---27","16/04/2026 06:00 - 16/04/2026 07:00","76.00",""
"16/04/2026 00:00 - 17/04/2026 00:00","CTA|DE(50Hertz)","IKS Schwedt SE2 Block 2","11WD8SCHW5X---27","Fossil Oil","11WD8SCHW5X---27","16/04/2026 07:00 - 16/04/2026 08:00","75.75",""
"16/04/2026 00:00 - 17/04/2026 00:00","CTA|DE(50Hertz)","IKS Schwedt SE2 Block 2","11WD8SCHW5X---27","Fossil Oil","11WD8SCHW5X---27","16/04/2026 08:00 - 16/04/2026 09:00","75.00",""
"16/04/2026 00:00 - 17/04/2026 00:00","CTA|DE(50Hertz)","IKS Schwedt SE2 Block 2","11WD8SCHW5X---27","Fossil Oil","11WD8SCHW5X---27","16/04/2026 09:00 - 16/04/2026 10:00","75.00",""
"16/04/2026 00:00 - 17/04/2026 00:00","CTA|DE(50Hertz)","IKS Schwedt SE2 Block 2","11WD8SCHW5X---27","Fossil Oil","11WD8SCHW5X---27","16/04/2026 10:00 - 16/04/2026 11:00","75.00",""
"16/04/2026 00:00 - 17/04/2026 00:00","CTA|DE(50Hertz)","IKS Schwedt SE2 Block 2","11WD8SCHW5X---27","Fossil Oil","11WD8SCHW5X---27","16/04/2026 11:00 - 16/04/2026 12:00","75.00",""
"16/04/2026 00:00 - 17/04/2026 00:00","CTA|DE(50Hertz)","IKS Schwedt SE2 Block 2","11WD8SCHW5X---27","Fossil Oil","11WD8SCHW5X---27","16/04/2026 12:00 - 16/04/2026 13:00","75.00",""
"16/04/2026 00:00 - 17/04/2026 00:00","CTA|DE(50Hertz)","IKS Schwedt SE2 Block 2","11WD8SCHW5X---27","Fossil Oil","11WD8SCHW5X---27","16/04/2026 13:00 - 16/04/2026 14:00","75.00",""
"16/04/2026 00:00 - 17/04/2026 00:00","CTA|DE(50Hertz)","IKS Schwedt SE2 Block 2","11WD8SCHW5X---27","Fossil Oil","11WD8SCHW5X---27","16/04/2026 14:00 - 16/04/2026 15:00","75.00",""
"16/04/2026 00:00 - 17/04/2026 00:00","CTA|DE(50Hertz)","IKS Schwedt SE2 Block 2","11WD8SCHW5X---27","Fossil Oil","11WD8SCHW5X---27","16/04/2026 15:00 - 16/04/2026 16:00","75.00",""
"16/04/2026 00:00 - 17/04/2026 00:00","CTA|DE(50Hertz)","IKS Schwedt SE2 Block 2","11WD8SCHW5X---27","Fossil Oil","11WD8SCHW5X---27","16/04/2026 16:00 - 16/04/2026 17:00","75.00",""
"16/04/2026 00:00 - 17/04/2026 00:00","CTA|DE(50Hertz)","IKS Schwedt SE2 Block 2","11WD8SCHW5X---27","Fossil Oil","11WD8SCHW5X---27","16/04/2026 17:00 - 16/04/2026 18:00","75.00",""
"16/04/2026 00:00 - 17/04/2026 00:00","CTA|DE(50Hertz)","IKS Schwedt SE2 Block 2","11WD8SCHW5X---27","Fossil Oil","11WD8SCHW5X---27","16/04/2026 18:00 - 16/04/2026 19:00","75.00",""
"16/04/2026 00:00 - 17/04/2026 00:00","CTA|DE(50Hertz)","IKS Schwedt SE2 Block 2","11WD8SCHW5X---27","Fossil Oil","11WD8SCHW5X---27","16/04/2026 19:00 - 16/04/2026 20:00","75.00",""
"16/04/2026 00:00 - 17/04/2026 00:00","CTA|DE(50Hertz)","IKS Schwedt SE2 Block 2","11WD8SCHW5X---27","Fossil Oil","11WD8SCHW5X---27","16/04/2026 20:00 - 16/04/2026 21:00","75.00",""
"16/04/2026 00:00 - 17/04/2026 00:00","CTA|DE(50Hertz)","IKS Schwedt SE2 Block 2","11WD8SCHW5X---27","Fossil Oil","11WD8SCHW5X---27","16/04/2026 21:00 - 16/04/2026 22:00","75.00",""
"16/04/2026 00:00 - 17/04/2026 00:00","CTA|DE(50Hertz)","IKS Schwedt SE2 Block 2","11WD8SCHW5X---27","Fossil Oil","11WD8SCHW5X---27","16/04/2026 22:00 - 16/04/2026 23:00","75.00",""
"16/04/2026 00:00 - 17/04/2026 00:00","CTA|DE(50Hertz)","IKS Schwedt SE2 Block 2","11WD8SCHW5X---27","Fossil Oil","11WD8SCHW5X---27","16/04/2026 23:00 - 17/04/2026 00:00","75.00",""
"16/04/2026 00:00 - 17/04/2026 00:00","CTA|DE(50Hertz)","KW Schwarze Pumpe Block A","11WD8SWPU1L---AK","Fossil Brown coal/Lignite","11WD8SWPU1L---AK","16/04/2026 00:00 - 16/04/2026 01:00","285.25",""
"16/04/2026 00:00 - 17/04/2026 00:00","CTA|DE(50Hertz)","KW Schwarze Pumpe Block A","11WD8SWPU1L---AK","Fossil Brown coal/Lignite","11WD8SWPU1L---AK","16/04/2026 01:00 - 16/04/2026 02:00","285.25",""
"16/04/2026 00:00 - 17/04/2026 00:00","CTA|DE(50Hertz)","KW Schwarze Pumpe Block A","11WD8SWPU1L---AK","Fossil Brown coal/Lignite","11WD8SWPU1L---AK","16/04/2026 02:00 - 16/04/2026 03:00","47.75",""
"16/04/2026 00:00 - 17/04/2026 00:00","CTA|DE(50Hertz)","KW Schwarze Pumpe Block A","11WD8SWPU1L---AK","Fossil Brown coal/Lignite","11WD8SWPU1L---AK","16/04/2026 03:00 - 16/04/2026 04:00","0.00",""
"16/04/2026 00:00 - 17/04/2026 00:00","CTA|DE(50Hertz)","KW Schwarze Pumpe Block A","11WD8SWPU1L---AK","Fossil Brown coal/Lignite","11WD8SWPU1L---AK","16/04/2026 04:00 - 16/04/2026 05:00","0.00",""
"16/04/2026 00:00 - 17/04/2026 00:00","CTA|DE(50Hertz)","KW Schwarze Pumpe Block A","11WD8SWPU1L---AK","Fossil Brown coal/Lignite","11WD8SWPU1L---AK","16/04/2026 05:00 - 16/04/2026 06:00","0.00",""
"16/04/2026 00:00 - 17/04/2026 00:00","CTA|DE(50Hertz)","KW Schwarze Pumpe Block A","11WD8SWPU1L---AK","Fossil Brown coal/Lignite","11WD8SWPU1L---AK","16/04/2026 06:00 - 16/04/2026 07:00","0.00",""
"16/04/2026 00:00 - 17/04/2026 00:00","CTA|DE(50Hertz)","KW Schwarze Pumpe Block A","11WD8SWPU1L---AK","Fossil Brown coal/Lignite","11WD8SWPU1L---AK","16/04/2026 07:00 - 16/04/2026 08:00","0.00",""
"16/04/2026 00:00 - 17/04/2026 00:00","CTA|DE(50Hertz)","KW Schwarze Pumpe Block A","11WD8SWPU1L---AK","Fossil Brown coal/Lignite","11WD8SWPU1L---AK","16/04/2026 08:00 - 16/04/2026 09:00","0.00",""
"16/04/2026 00:00 - 17/04/2026 00:00","CTA|DE(50Hertz)","KW Schwarze Pumpe Block A","11WD8SWPU1L---AK","Fossil Brown coal/Lignite","11WD8SWPU1L---AK","16/04/2026 09:00 - 16/04/2026 10:00","0.00",""
"16/04/2026 00:00 - 17/04/2026 00:00","CTA|DE(50Hertz)","KW Schwarze Pumpe Block A","11WD8SWPU1L---AK","Fossil Brown coal/Lignite","11WD8SWPU1L---AK","16/04/2026 10:00 - 16/04/2026 11:00","0.00",""
"16/04/2026 00:00 - 17/04/2026 00:00","CTA|DE(50Hertz)","KW Schwarze Pumpe Block A","11WD8SWPU1L---AK","Fossil Brown coal/Lignite","11WD8SWPU1L---AK","16/04/2026 11:00 - 16/04/2026 12:00","0.00",""
"16/04/2026 00:00 - 17/04/2026 00:00","CTA|DE(50Hertz)","KW Schwarze Pumpe Block A","11WD8SWPU1L---AK","Fossil Brown coal/Lignite","11WD8SWPU1L---AK","16/04/2026 12:00 - 16/04/2026 13:00","0.00",""
"16/04/2026 00:00 - 17/04/2026 00:00","CTA|DE(50Hertz)","KW Schwarze Pumpe Block A","11WD8SWPU1L---AK","Fossil Brown coal/Lignite","11WD8SWPU1L---AK","16/04/2026 13:00 - 16/04/2026 14:00","0.00",""
"16/04/2026 00:00 - 17/04/2026 00:00","CTA|DE(50Hertz)","KW Schwarze Pumpe Block A","11WD8SWPU1L---AK","Fossil Brown coal/Lignite","11WD8SWPU1L---AK","16/04/2026 14:00 - 16/04/2026 15:00","0.00",""
"16/04/2026 00:00 - 17/04/2026 00:00","CTA|DE(50Hertz)","KW Schwarze Pumpe Block A","11WD8SWPU1L---AK","Fossil Brown coal/Lignite","11WD8SWPU1L---AK","16/04/2026 15:00 - 16/04/2026 16:00","0.00",""
"16/04/2026 00:00 - 17/04/2026 00:00","CTA|DE(50Hertz)","KW Schwarze Pumpe Block A","11WD8SWPU1L---AK","Fossil Brown coal/Lignite","11WD8SWPU1L---AK","16/04/2026 16:00 - 16/04/2026 17:00","0.00",""
"16/04/2026 00:00 - 17/04/2026 00:00","CTA|DE(50Hertz)","KW Schwarze Pumpe Block A","11WD8SWPU1L---AK","Fossil Brown coal/Lignite","11WD8SWPU1L---AK","16/04/2026 17:00 - 16/04/2026 18:00","0.00",""
"16/04/2026 00:00 - 17/04/2026 00:00","CTA|DE(50Hertz)","KW Schwarze Pumpe Block A","11WD8SWPU1L---AK","Fossil Brown coal/Lignite","11WD8SWPU1L---AK","16/04/2026 18:00 - 16/04/2026 19:00","0.00",""
"16/04/2026 00:00 - 17/04/2026 00:00","CTA|DE(50Hertz)","KW Schwarze Pumpe Block A","11WD8SWPU1L---AK","Fossil Brown coal/Lignite","11WD8SWPU1L---AK","16/04/2026 19:00 - 16/04/2026 20:00","0.00",""
"16/04/2026 00:00 - 17/04/2026 00:00","CTA|DE(50Hertz)","KW Schwarze Pumpe Block A","11WD8SWPU1L---AK","Fossil Brown coal/Lignite","11WD8SWPU1L---AK","16/04/2026 20:00 - 16/04/2026 21:00","0.00",""
"16/04/2026 00:00 - 17/04/2026 00:00","CTA|DE(50Hertz)","KW Schwarze Pumpe Block A","11WD8SWPU1L---AK","Fossil Brown coal/Lignite","11WD8SWPU1L---AK","16/04/2026 21:00 - 16/04/2026 22:00","0.00",""
"16/04/2026 00:00 - 17/04/2026 00:00","CTA|DE(50Hertz)","KW Schwarze Pumpe Block A","11WD8SWPU1L---AK","Fossil Brown coal/Lignite","11WD8SWPU1L---AK","16/04/2026 22:00 - 16/04/2026 23:00","0.00",""
"16/04/2026 00:00 - 17/04/2026 00:00","CTA|DE(50Hertz)","KW Schwarze Pumpe Block A","11WD8SWPU1L---AK","Fossil Brown coal/Lignite","11WD8SWPU1L---AK","16/04/2026 23:00 - 17/04/2026 00:00","0.00",""
"16/04/2026 00:00 - 17/04/2026 00:00","CTA|DE(50Hertz)","KW Schwarze Pumpe Block B","11WD8SWPU1L---BI","Fossil Brown coal/Lignite","11WD8SWPU1L---BI","16/04/2026 00:00 - 16/04/2026 01:00","707.75",""
"16/04/2026 00:00 - 17/04/2026 00:00","CTA|DE(50Hertz)","KW Schwarze Pumpe Block B","11WD8SWPU1L---BI","Fossil Brown coal/Lignite","11WD8SWPU1L---BI","16/04/2026 01:00 - 16/04/2026 02:00","704.50",""
"16/04/2026 00:00 - 17/04/2026 00:00","CTA|DE(50Hertz)","KW Schwarze Pumpe Block B","11WD8SWPU1L---BI","Fossil Brown coal/Lignite","11WD8SWPU1L---BI","16/04/2026 02:00 - 16/04/2026 03:00","642.25",""
"16/04/2026 00:00 - 17/04/2026 00:00","CTA|DE(50Hertz)","KW Schwarze Pumpe Block B","11WD8SWPU1L---BI","Fossil Brown coal/Lignite","11WD8SWPU1L---BI","16/04/2026 03:00 - 16/04/2026 04:00","652.50",""
"16/04/2026 00:00 - 17/04/2026 00:00","CTA|DE(50Hertz)","KW Schwarze Pumpe Block B","11WD8SWPU1L---BI","Fossil Brown coal/Lignite","11WD8SWPU1L---BI","16/04/2026 04:00 - 16/04/2026 05:00","650.00",""
"16/04/2026 00:00 - 17/04/2026 00:00","CTA|DE(50Hertz)","KW Schwarze Pumpe Block B","11WD8SWPU1L---BI","Fossil Brown coal/Lignite","11WD8SWPU1L---BI","16/04/2026 05:00 - 16/04/2026 06:00","661.75",""
"16/04/2026 00:00 - 17/04/2026 00:00","CTA|DE(50Hertz)","KW Schwarze Pumpe Block B","11WD8SWPU1L---BI","Fossil Brown coal/Lignite","11WD8SWPU1L---BI","16/04/2026 06:00 - 16/04/2026 07:00","646.25",""
"16/04/2026 00:00 - 17/04/2026 00:00","CTA|DE(50Hertz)","KW Schwarze Pumpe Block B","11WD8SWPU1L---BI","Fossil Brown coal/Lignite","11WD8SWPU1L---BI","16/04/2026 07:00 - 16/04/2026 08:00","648.50",""
"16/04/2026 00:00 - 17/04/2026 00:00","CTA|DE(50Hertz)","KW Schwarze Pumpe Block B","11WD8SWPU1L---BI","Fossil Brown coal/Lignite","11WD8SWPU1L---BI","16/04/2026 08:00 - 16/04/2026 09:00","636.00",""
"16/04/2026 00:00 - 17/04/2026 00:00","CTA|DE(50Hertz)","KW Schwarze Pumpe Block B","11WD8SWPU1L---BI","Fossil Brown coal/Lignite","11WD8SWPU1L---BI","16/04/2026 09:00 - 16/04/2026 10:00","642.00",""
"16/04/2026 00:00 - 17/04/2026 00:00","CTA|DE(50Hertz)","KW Schwarze Pumpe Block B","11WD8SWPU1L---BI","Fossil Brown coal/Lignite","11WD8SWPU1L---BI","16/04/2026 10:00 - 16/04/2026 11:00","611.25",""
"16/04/2026 00:00 - 17/04/2026 00:00","CTA|DE(50Hertz)","KW Schwarze Pumpe Block B","11WD8SWPU1L---BI","Fossil Brown coal/Lignite","11WD8SWPU1L---BI","16/04/2026 11:00 - 16/04/2026 12:00","591.75",""
"16/04/2026 00:00 - 17/04/2026 00:00","CTA|DE(50Hertz)","KW Schwarze Pumpe Block B","11WD8SWPU1L---BI","Fossil Brown coal/Lignite","11WD8SWPU1L---BI","16/04/2026 12:00 - 16/04/2026 13:00","492.75",""
"16/04/2026 00:00 - 17/04/2026 00:00","CTA|DE(50Hertz)","KW Schwarze Pumpe Block B","11WD8SWPU1L---BI","Fossil Brown coal/Lignite","11WD8SWPU1L---BI","16/04/2026 13:00 - 16/04/2026 14:00","504.00",""
"16/04/2026 00:00 - 17/04/2026 00:00","CTA|DE(50Hertz)","KW Schwarze Pumpe Block B","11WD8SWPU1L---BI","Fossil Brown coal/Lignite","11WD8SWPU1L---BI","16/04/2026 14:00 - 16/04/2026 15:00","508.50",""
"16/04/2026 00:00 - 17/04/2026 00:00","CTA|DE(50Hertz)","KW Schwarze Pumpe Block B","11WD8SWPU1L---BI","Fossil Brown coal/Lignite","11WD8SWPU1L---BI","16/04/2026 15:00 - 16/04/2026 16:00","654.00",""
"16/04/2026 00:00 - 17/04/2026 00:00","CTA|DE(50Hertz)","KW Schwarze Pumpe Block B","11WD8SWPU1L---BI","Fossil Brown coal/Lignite","11WD8SWPU1L---BI","16/04/2026 16:00 - 16/04/2026 17:00","650.75",""
"16/04/2026 00:00 - 17/04/2026 00:00","CTA|DE(50Hertz)","KW Schwarze Pumpe Block B","11WD8SWPU1L---BI","Fossil Brown coal/Lignite","11WD8SWPU1L---BI","16/04/2026 17:00 - 16/04/2026 18:00","639.25",""
"16/04/2026 00:00 - 17/04/2026 00:00","CTA|DE(50Hertz)","KW Schwarze Pumpe Block B","11WD8SWPU1L---BI","Fossil Brown coal/Lignite","11WD8SWPU1L---BI","16/04/2026 18:00 - 16/04/2026 19:00","653.75",""
"16/04/2026 00:00 - 17/04/2026 00:00","CTA|DE(50Hertz)","KW Schwarze Pumpe Block B","11WD8SWPU1L---BI","Fossil Brown coal/Lignite","11WD8SWPU1L---BI","16/04/2026 19:00 - 16/04/2026 20:00","656.25",""
"16/04/2026 00:00 - 17/04/2026 00:00","CTA|DE(50Hertz)","KW Schwarze Pumpe Block B","11WD8SWPU1L---BI","Fossil Brown coal/Lignite","11WD8SWPU1L---BI","16/04/2026 20:00 - 16/04/2026 21:00","669.00",""
"16/04/2026 00:00 - 17/04/2026 00:00","CTA|DE(50Hertz)","KW Schwarze Pumpe Block B","11WD8SWPU1L---BI","Fossil Brown coal/Lignite","11WD8SWPU1L---BI","16/04/2026 21:00 - 16/04/2026 22:00","670.25",""
"16/04/2026 00:00 - 17/04/2026 00:00","CTA|DE(50Hertz)","KW Schwarze Pumpe Block B","11WD8SWPU1L---BI","Fossil Brown coal/Lignite","11WD8SWPU1L---BI","16/04/2026 22:00 - 16/04/2026 23:00","651.75",""
"16/04/2026 00:00 - 17/04/2026 00:00","CTA|DE(50Hertz)","KW Schwarze Pumpe Block B","11WD8SWPU1L---BI","Fossil Brown coal/Lignite","11WD8SWPU1L---BI","16/04/2026 23:00 - 17/04/2026 00:00","640.50",""
"16/04/2026 00:00 - 17/04/2026 00:00","CTA|DE(50Hertz)","HKW Tiefstack Block 2","11WD8TIEF5C----9","Fossil Hard coal","11WD8TIEF5C----9","16/04/2026 00:00 - 16/04/2026 01:00","159.50",""
"16/04/2026 00:00 - 17/04/2026 00:00","CTA|DE(50Hertz)","HKW Tiefstack Block 2","11WD8TIEF5C----9","Fossil Hard coal","11WD8TIEF5C----9","16/04/2026 01:00 - 16/04/2026 02:00","161.25",""
"16/04/2026 00:00 - 17/04/2026 00:00","CTA|DE(50Hertz)","HKW Tiefstack Block 2","11WD8TIEF5C----9","Fossil Hard coal","11WD8TIEF5C----9","16/04/2026 02:00 - 16/04/2026 03:00","160.75",""
"16/04/2026 00:00 - 17/04/2026 00:00","CTA|DE(50Hertz)","HKW Tiefstack Block 2","11WD8TIEF5C----9","Fossil Hard coal","11WD8TIEF5C----9","16/04/2026 03:00 - 16/04/2026 04:00","160.00",""
"16/04/2026 00:00 - 17/04/2026 00:00","CTA|DE(50Hertz)","HKW Tiefstack Block 2","11WD8TIEF5C----9","Fossil Hard coal","11WD8TIEF5C----9","16/04/2026 04:00 - 16/04/2026 05:00","160.00",""
"16/04/2026 00:00 - 17/04/2026 00:00","CTA|DE(50Hertz)","HKW Tiefstack Block 2","11WD8TIEF5C----9","Fossil Hard coal","11WD8TIEF5C----9","16/04/2026 05:00 - 16/04/2026 06:00","158.25",""
"16/04/2026 00:00 - 17/04/2026 00:00","CTA|DE(50Hertz)","HKW Tiefstack Block 2","11WD8TIEF5C----9","Fossil Hard coal","11WD8TIEF5C----9","16/04/2026 06:00 - 16/04/2026 07:00","160.50",""
"16/04/2026 00:00 - 17/04/2026 00:00","CTA|DE(50Hertz)","HKW Tiefstack Block 2","11WD8TIEF5C----9","Fossil Hard coal","11WD8TIEF5C----9","16/04/2026 07:00 - 16/04/2026 08:00","160.00",""
"16/04/2026 00:00 - 17/04/2026 00:00","CTA|DE(50Hertz)","HKW Tiefstack Block 2","11WD8TIEF5C----9","Fossil Hard coal","11WD8TIEF5C----9","16/04/2026 08:00 - 16/04/2026 09:00","153.25",""
"16/04/2026 00:00 - 17/04/2026 00:00","CTA|DE(50Hertz)","HKW Tiefstack Block 2","11WD8TIEF5C----9","Fossil Hard coal","11WD8TIEF5C----9","16/04/2026 09:00 - 16/04/2026 10:00","121.25",""
"16/04/2026 00:00 - 17/04/2026 00:00","CTA|DE(50Hertz)","HKW Tiefstack Block 2","11WD8TIEF5C----9","Fossil Hard coal","11WD8TIEF5C----9","16/04/2026 10:00 - 16/04/2026 11:00","114.00",""
"16/04/2026 00:00 - 17/04/2026 00:00","CTA|DE(50Hertz)","HKW Tiefstack Block 2","11WD8TIEF5C----9","Fossil Hard coal","11WD8TIEF5C----9","16/04/2026 11:00 - 16/04/2026 12:00","98.50",""
"16/04/2026 00:00 - 17/04/2026 00:00","CTA|DE(50Hertz)","HKW Tiefstack Block 2","11WD8TIEF5C----9","Fossil Hard coal","11WD8TIEF5C----9","16/04/2026 12:00 - 16/04/2026 13:00","88.25",""
"16/04/2026 00:00 - 17/04/2026 00:00","CTA|DE(50Hertz)","HKW Tiefstack Block 2","11WD8TIEF5C----9","Fossil Hard coal","11WD8TIEF5C----9","16/04/2026 13:00 - 16/04/2026 14:00","86.50",""
"16/04/2026 00:00 - 17/04/2026 00:00","CTA|DE(50Hertz)","HKW Tiefstack Block 2","11WD8TIEF5C----9","Fossil Hard coal","11WD8TIEF5C----9","16/04/2026 14:00 - 16/04/2026 15:00","88.25",""
"16/04/2026 00:00 - 17/04/2026 00:00","CTA|DE(50Hertz)","HKW Tiefstack Block 2","11WD8TIEF5C----9","Fossil Hard coal","11WD8TIEF5C----9","16/04/2026 15:00 - 16/04/2026 16:00","86.25",""
"16/04/2026 00:00 - 17/04/2026 00:00","CTA|DE(50Hertz)","HKW Tiefstack Block 2","11WD8TIEF5C----9","Fossil Hard coal","11WD8TIEF5C----9","16/04/2026 16:00 - 16/04/2026 17:00","117.25",""
"16/04/2026 00:00 - 17/04/2026 00:00","CTA|DE(50Hertz)","HKW Tiefstack Block 2","11WD8TIEF5C----9","Fossil Hard coal","11WD8TIEF5C----9","16/04/2026 17:00 - 16/04/2026 18:00","118.75",""
"16/04/2026 00:00 - 17/04/2026 00:00","CTA|DE(50Hertz)","HKW Tiefstack Block 2","11WD8TIEF5C----9","Fossil Hard coal","11WD8TIEF5C----9","16/04/2026 18:00 - 16/04/2026 19:00","149.00",""
"16/04/2026 00:00 - 17/04/2026 00:00","CTA|DE(50Hertz)","HKW Tiefstack Block 2","11WD8TIEF5C----9","Fossil Hard coal","11WD8TIEF5C----9","16/04/2026 19:00 - 16/04/2026 20:00","160.75",""
"16/04/2026 00:00 - 17/04/2026 00:00","CTA|DE(50Hertz)","HKW Tiefstack Block 2","11WD8TIEF5C----9","Fossil Hard coal","11WD8TIEF5C----9","16/04/2026 20:00 - 16/04/2026 21:00","158.75",""
"16/04/2026 00:00 - 17/04/2026 00:00","CTA|DE(50Hertz)","HKW Tiefstack Block 2","11WD8TIEF5C----9","Fossil Hard coal","11WD8TIEF5C----9","16/04/2026 21:00 - 16/04/2026 22:00","157.00",""
"16/04/2026 00:00 - 17/04/2026 00:00","CTA|DE(50Hertz)","HKW Tiefstack Block 2","11WD8TIEF5C----9","Fossil Hard coal","11WD8TIEF5C----9","16/04/2026 22:00 - 16/04/2026 23:00","154.75",""
"16/04/2026 00:00 - 17/04/2026 00:00","CTA|DE(50Hertz)","HKW Tiefstack Block 2","11WD8TIEF5C----9","Fossil Hard coal","11WD8TIEF5C----9","16/04/2026 23:00 - 17/04/2026 00:00","156.75",""
"16/04/2026 00:00 - 17/04/2026 00:00","CTA|DE(50Hertz)","HKW Tiefstack GuD","11WD8TIEF5G-GUDI","Fossil Gas","11WD8TIEF5G-GUDI","16/04/2026 00:00 - 16/04/2026 01:00","0.25",""
"16/04/2026 00:00 - 17/04/2026 00:00","CTA|DE(50Hertz)","HKW Tiefstack GuD","11WD8TIEF5G-GUDI","Fossil Gas","11WD8TIEF5G-GUDI","16/04/2026 01:00 - 16/04/2026 02:00","0.00",""
"16/04/2026 00:00 - 17/04/2026 00:00","CTA|DE(50Hertz)","HKW Tiefstack GuD","11WD8TIEF5G-GUDI","Fossil Gas","11WD8TIEF5G-GUDI","16/04/2026 02:00 - 16/04/2026 03:00","0.00",""
"16/04/2026 00:00 - 17/04/2026 00:00","CTA|DE(50Hertz)","HKW Tiefstack GuD","11WD8TIEF5G-GUDI","Fossil Gas","11WD8TIEF5G-GUDI","16/04/2026 03:00 - 16/04/2026 04:00","0.00",""
"16/04/2026 00:00 - 17/04/2026 00:00","CTA|DE(50Hertz)","HKW Tiefstack GuD","11WD8TIEF5G-GUDI","Fossil Gas","11WD8TIEF5G-GUDI","16/04/2026 04:00 - 16/04/2026 05:00","0.00",""
"16/04/2026 00:00 - 17/04/2026 00:00","CTA|DE(50Hertz)","HKW Tiefstack GuD","11WD8TIEF5G-GUDI","Fossil Gas","11WD8TIEF5G-GUDI","16/04/2026 05:00 - 16/04/2026 06:00","0.00",""
"16/04/2026 00:00 - 17/04/2026 00:00","CTA|DE(50Hertz)","HKW Tiefstack GuD","11WD8TIEF5G-GUDI","Fossil Gas","11WD8TIEF5G-GUDI","16/04/2026 06:00 - 16/04/2026 07:00","0.00",""
"16/04/2026 00:00 - 17/04/2026 00:00","CTA|DE(50Hertz)","HKW Tiefstack GuD","11WD8TIEF5G-GUDI","Fossil Gas","11WD8TIEF5G-GUDI","16/04/2026 07:00 - 16/04/2026 08:00","0.75",""
"16/04/2026 00:00 - 17/04/2026 00:00","CTA|DE(50Hertz)","HKW Tiefstack GuD","11WD8TIEF5G-GUDI","Fossil Gas","11WD8TIEF5G-GUDI","16/04/2026 08:00 - 16/04/2026 09:00","2.00",""
"16/04/2026 00:00 - 17/04/2026 00:00","CTA|DE(50Hertz)","HKW Tiefstack GuD","11WD8TIEF5G-GUDI","Fossil Gas","11WD8TIEF5G-GUDI","16/04/2026 09:00 - 16/04/2026 10:00","5.00",""
"16/04/2026 00:00 - 17/04/2026 00:00","CTA|DE(50Hertz)","HKW Tiefstack GuD","11WD8TIEF5G-GUDI","Fossil Gas","11WD8TIEF5G-GUDI","16/04/2026 10:00 - 16/04/2026 11:00","8.25",""
"16/04/2026 00:00 - 17/04/2026 00:00","CTA|DE(50Hertz)","HKW Tiefstack GuD","11WD8TIEF5G-GUDI","Fossil Gas","11WD8TIEF5G-GUDI","16/04/2026 11:00 - 16/04/2026 12:00","8.00",""
"16/04/2026 00:00 - 17/04/2026 00:00","CTA|DE(50Hertz)","HKW Tiefstack GuD","11WD8TIEF5G-GUDI","Fossil Gas","11WD8TIEF5G-GUDI","16/04/2026 12:00 - 16/04/2026 13:00","6.75",""
"16/04/2026 00:00 - 17/04/2026 00:00","CTA|DE(50Hertz)","HKW Tiefstack GuD","11WD8TIEF5G-GUDI","Fossil Gas","11WD8TIEF5G-GUDI","16/04/2026 13:00 - 16/04/2026 14:00","2.25",""
"16/04/2026 00:00 - 17/04/2026 00:00","CTA|DE(50Hertz)","HKW Tiefstack GuD","11WD8TIEF5G-GUDI","Fossil Gas","11WD8TIEF5G-GUDI","16/04/2026 14:00 - 16/04/2026 15:00","3.50",""
"16/04/2026 00:00 - 17/04/2026 00:00","CTA|DE(50Hertz)","HKW Tiefstack GuD","11WD8TIEF5G-GUDI","Fossil Gas","11WD8TIEF5G-GUDI","16/04/2026 15:00 - 16/04/2026 16:00","4.75",""
"16/04/2026 00:00 - 17/04/2026 00:00","CTA|DE(50Hertz)","HKW Tiefstack GuD","11WD8TIEF5G-GUDI","Fossil Gas","11WD8TIEF5G-GUDI","16/04/2026 16:00 - 16/04/2026 17:00","5.00",""
"16/04/2026 00:00 - 17/04/2026 00:00","CTA|DE(50Hertz)","HKW Tiefstack GuD","11WD8TIEF5G-GUDI","Fossil Gas","11WD8TIEF5G-GUDI","16/04/2026 17:00 - 16/04/2026 18:00","5.00",""
"16/04/2026 00:00 - 17/04/2026 00:00","CTA|DE(50Hertz)","HKW Tiefstack GuD","11WD8TIEF5G-GUDI","Fossil Gas","11WD8TIEF5G-GUDI","16/04/2026 18:00 - 16/04/2026 19:00","5.00",""
"16/04/2026 00:00 - 17/04/2026 00:00","CTA|DE(50Hertz)","HKW Tiefstack GuD","11WD8TIEF5G-GUDI","Fossil Gas","11WD8TIEF5G-GUDI","16/04/2026 19:00 - 16/04/2026 20:00","5.00",""
"16/04/2026 00:00 - 17/04/2026 00:00","CTA|DE(50Hertz)","HKW Tiefstack GuD","11WD8TIEF5G-GUDI","Fossil Gas","11WD8TIEF5G-GUDI","16/04/2026 20:00 - 16/04/2026 21:00","5.00",""
"16/04/2026 00:00 - 17/04/2026 00:00","CTA|DE(50Hertz)","HKW Tiefstack GuD","11WD8TIEF5G-GUDI","Fossil Gas","11WD8TIEF5G-GUDI","16/04/2026 21:00 - 16/04/2026 22:00","5.00",""
"16/04/2026 00:00 - 17/04/2026 00:00","CTA|DE(50Hertz)","HKW Tiefstack GuD","11WD8TIEF5G-GUDI","Fossil Gas","11WD8TIEF5G-GUDI","16/04/2026 22:00 - 16/04/2026 23:00","3.50",""
"16/04/2026 00:00 - 17/04/2026 00:00","CTA|DE(50Hertz)","HKW Tiefstack GuD","11WD8TIEF5G-GUDI","Fossil Gas","11WD8TIEF5G-GUDI","16/04/2026 23:00 - 17/04/2026 00:00","2.00",""
"16/04/2026 00:00 - 17/04/2026 00:00","CTA|DE(50Hertz)","HKW Wedel Block 1","11WD8WED15C---1M","Fossil Hard coal","11WD8WED15C---1M","16/04/2026 00:00 - 16/04/2026 01:00","85.50",""
"16/04/2026 00:00 - 17/04/2026 00:00","CTA|DE(50Hertz)","HKW Wedel Block 1","11WD8WED15C---1M","Fossil Hard coal","11WD8WED15C---1M","16/04/2026 01:00 - 16/04/2026 02:00","85.00",""
"16/04/2026 00:00 - 17/04/2026 00:00","CTA|DE(50Hertz)","HKW Wedel Block 1","11WD8WED15C---1M","Fossil Hard coal","11WD8WED15C---1M","16/04/2026 02:00 - 16/04/2026 03:00","83.75",""
"16/04/2026 00:00 - 17/04/2026 00:00","CTA|DE(50Hertz)","HKW Wedel Block 1","11WD8WED15C---1M","Fossil Hard coal","11WD8WED15C---1M","16/04/2026 03:00 - 16/04/2026 04:00","84.00",""
"16/04/2026 00:00 - 17/04/2026 00:00","CTA|DE(50Hertz)","HKW Wedel Block 1","11WD8WED15C---1M","Fossil Hard coal","11WD8WED15C---1M","16/04/2026 04:00 - 16/04/2026 05:00","83.50",""
"16/04/2026 00:00 - 17/04/2026 00:00","CTA|DE(50Hertz)","HKW Wedel Block 1","11WD8WED15C---1M","Fossil Hard coal","11WD8WED15C---1M","16/04/2026 05:00 - 16/04/2026 06:00","82.75",""
"16/04/2026 00:00 - 17/04/2026 00:00","CTA|DE(50Hertz)","HKW Wedel Block 1","11WD8WED15C---1M","Fossil Hard coal","11WD8WED15C---1M","16/04/2026 06:00 - 16/04/2026 07:00","78.75",""
"16/04/2026 00:00 - 17/04/2026 00:00","CTA|DE(50Hertz)","HKW Wedel Block 1","11WD8WED15C---1M","Fossil Hard coal","11WD8WED15C---1M","16/04/2026 07:00 - 16/04/2026 08:00","77.50",""
"16/04/2026 00:00 - 17/04/2026 00:00","CTA|DE(50Hertz)","HKW Wedel Block 1","11WD8WED15C---1M","Fossil Hard coal","11WD8WED15C---1M","16/04/2026 08:00 - 16/04/2026 09:00","76.75",""
"16/04/2026 00:00 - 17/04/2026 00:00","CTA|DE(50Hertz)","HKW Wedel Block 1","11WD8WED15C---1M","Fossil Hard coal","11WD8WED15C---1M","16/04/2026 09:00 - 16/04/2026 10:00","77.25",""
"16/04/2026 00:00 - 17/04/2026 00:00","CTA|DE(50Hertz)","HKW Wedel Block 1","11WD8WED15C---1M","Fossil Hard coal","11WD8WED15C---1M","16/04/2026 10:00 - 16/04/2026 11:00","63.00",""
"16/04/2026 00:00 - 17/04/2026 00:00","CTA|DE(50Hertz)","HKW Wedel Block 1","11WD8WED15C---1M","Fossil Hard coal","11WD8WED15C---1M","16/04/2026 11:00 - 16/04/2026 12:00","39.50",""
"16/04/2026 00:00 - 17/04/2026 00:00","CTA|DE(50Hertz)","HKW Wedel Block 1","11WD8WED15C---1M","Fossil Hard coal","11WD8WED15C---1M","16/04/2026 12:00 - 16/04/2026 13:00","41.00",""
"16/04/2026 00:00 - 17/04/2026 00:00","CTA|DE(50Hertz)","HKW Wedel Block 1","11WD8WED15C---1M","Fossil Hard coal","11WD8WED15C---1M","16/04/2026 13:00 - 16/04/2026 14:00","40.75",""
"16/04/2026 00:00 - 17/04/2026 00:00","CTA|DE(50Hertz)","HKW Wedel Block 1","11WD8WED15C---1M","Fossil Hard coal","11WD8WED15C---1M","16/04/2026 14:00 - 16/04/2026 15:00","41.75",""
"16/04/2026 00:00 - 17/04/2026 00:00","CTA|DE(50Hertz)","HKW Wedel Block 1","11WD8WED15C---1M","Fossil Hard coal","11WD8WED15C---1M","16/04/2026 15:00 - 16/04/2026 16:00","41.75",""
"16/04/2026 00:00 - 17/04/2026 00:00","CTA|DE(50Hertz)","HKW Wedel Block 1","11WD8WED15C---1M","Fossil Hard coal","11WD8WED15C---1M","16/04/2026 16:00 - 16/04/2026 17:00","59.25",""
"16/04/2026 00:00 - 17/04/2026 00:00","CTA|DE(50Hertz)","HKW Wedel Block 1","11WD8WED15C---1M","Fossil Hard coal","11WD8WED15C---1M","16/04/2026 17:00 - 16/04/2026 18:00","85.00",""
"16/04/2026 00:00 - 17/04/2026 00:00","CTA|DE(50Hertz)","HKW Wedel Block 1","11WD8WED15C---1M","Fossil Hard coal","11WD8WED15C---1M","16/04/2026 18:00 - 16/04/2026 19:00","85.00",""
"16/04/2026 00:00 - 17/04/2026 00:00","CTA|DE(50Hertz)","HKW Wedel Block 1","11WD8WED15C---1M","Fossil Hard coal","11WD8WED15C---1M","16/04/2026 19:00 - 16/04/2026 20:00","85.25",""
"16/04/2026 00:00 - 17/04/2026 00:00","CTA|DE(50Hertz)","HKW Wedel Block 1","11WD8WED15C---1M","Fossil Hard coal","11WD8WED15C---1M","16/04/2026 20:00 - 16/04/2026 21:00","84.75",""
"16/04/2026 00:00 - 17/04/2026 00:00","CTA|DE(50Hertz)","HKW Wedel Block 1","11WD8WED15C---1M","Fossil Hard coal","11WD8WED15C---1M","16/04/2026 21:00 - 16/04/2026 22:00","84.50",""
"16/04/2026 00:00 - 17/04/2026 00:00","CTA|DE(50Hertz)","HKW Wedel Block 1","11WD8WED15C---1M","Fossil Hard coal","11WD8WED15C---1M","16/04/2026 22:00 - 16/04/2026 23:00","84.50",""
"16/04/2026 00:00 - 17/04/2026 00:00","CTA|DE(50Hertz)","HKW Wedel Block 1","11WD8WED15C---1M","Fossil Hard coal","11WD8WED15C---1M","16/04/2026 23:00 - 17/04/2026 00:00","85.00",""
"16/04/2026 00:00 - 17/04/2026 00:00","CTA|DE(50Hertz)","HKW Wedel Block 2","11WD8WED15C---2K","Fossil Hard coal","11WD8WED15C---2K","16/04/2026 00:00 - 16/04/2026 01:00","94.50",""
"16/04/2026 00:00 - 17/04/2026 00:00","CTA|DE(50Hertz)","HKW Wedel Block 2","11WD8WED15C---2K","Fossil Hard coal","11WD8WED15C---2K","16/04/2026 01:00 - 16/04/2026 02:00","93.00",""
"16/04/2026 00:00 - 17/04/2026 00:00","CTA|DE(50Hertz)","HKW Wedel Block 2","11WD8WED15C---2K","Fossil Hard coal","11WD8WED15C---2K","16/04/2026 02:00 - 16/04/2026 03:00","93.25",""
"16/04/2026 00:00 - 17/04/2026 00:00","CTA|DE(50Hertz)","HKW Wedel Block 2","11WD8WED15C---2K","Fossil Hard coal","11WD8WED15C---2K","16/04/2026 03:00 - 16/04/2026 04:00","93.25",""
"16/04/2026 00:00 - 17/04/2026 00:00","CTA|DE(50Hertz)","HKW Wedel Block 2","11WD8WED15C---2K","Fossil Hard coal","11WD8WED15C---2K","16/04/2026 04:00 - 16/04/2026 05:00","92.00",""
"16/04/2026 00:00 - 17/04/2026 00:00","CTA|DE(50Hertz)","HKW Wedel Block 2","11WD8WED15C---2K","Fossil Hard coal","11WD8WED15C---2K","16/04/2026 05:00 - 16/04/2026 06:00","91.25",""
"16/04/2026 00:00 - 17/04/2026 00:00","CTA|DE(50Hertz)","HKW Wedel Block 2","11WD8WED15C---2K","Fossil Hard coal","11WD8WED15C---2K","16/04/2026 06:00 - 16/04/2026 07:00","88.75",""
"16/04/2026 00:00 - 17/04/2026 00:00","CTA|DE(50Hertz)","HKW Wedel Block 2","11WD8WED15C---2K","Fossil Hard coal","11WD8WED15C---2K","16/04/2026 07:00 - 16/04/2026 08:00","85.75",""
"16/04/2026 00:00 - 17/04/2026 00:00","CTA|DE(50Hertz)","HKW Wedel Block 2","11WD8WED15C---2K","Fossil Hard coal","11WD8WED15C---2K","16/04/2026 08:00 - 16/04/2026 09:00","85.25",""
"16/04/2026 00:00 - 17/04/2026 00:00","CTA|DE(50Hertz)","HKW Wedel Block 2","11WD8WED15C---2K","Fossil Hard coal","11WD8WED15C---2K","16/04/2026 09:00 - 16/04/2026 10:00","87.50",""
"16/04/2026 00:00 - 17/04/2026 00:00","CTA|DE(50Hertz)","HKW Wedel Block 2","11WD8WED15C---2K","Fossil Hard coal","11WD8WED15C---2K","16/04/2026 10:00 - 16/04/2026 11:00","78.50",""
"16/04/2026 00:00 - 17/04/2026 00:00","CTA|DE(50Hertz)","HKW Wedel Block 2","11WD8WED15C---2K","Fossil Hard coal","11WD8WED15C---2K","16/04/2026 11:00 - 16/04/2026 12:00","40.50",""
"16/04/2026 00:00 - 17/04/2026 00:00","CTA|DE(50Hertz)","HKW Wedel Block 2","11WD8WED15C---2K","Fossil Hard coal","11WD8WED15C---2K","16/04/2026 12:00 - 16/04/2026 13:00","35.25",""
"16/04/2026 00:00 - 17/04/2026 00:00","CTA|DE(50Hertz)","HKW Wedel Block 2","11WD8WED15C---2K","Fossil Hard coal","11WD8WED15C---2K","16/04/2026 13:00 - 16/04/2026 14:00","35.25",""
"16/04/2026 00:00 - 17/04/2026 00:00","CTA|DE(50Hertz)","HKW Wedel Block 2","11WD8WED15C---2K","Fossil Hard coal","11WD8WED15C---2K","16/04/2026 14:00 - 16/04/2026 15:00","35.75",""
"16/04/2026 00:00 - 17/04/2026 00:00","CTA|DE(50Hertz)","HKW Wedel Block 2","11WD8WED15C---2K","Fossil Hard coal","11WD8WED15C---2K","16/04/2026 15:00 - 16/04/2026 16:00","36.25",""
"16/04/2026 00:00 - 17/04/2026 00:00","CTA|DE(50Hertz)","HKW Wedel Block 2","11WD8WED15C---2K","Fossil Hard coal","11WD8WED15C---2K","16/04/2026 16:00 - 16/04/2026 17:00","52.75",""
"16/04/2026 00:00 - 17/04/2026 00:00","CTA|DE(50Hertz)","HKW Wedel Block 2","11WD8WED15C---2K","Fossil Hard coal","11WD8WED15C---2K","16/04/2026 17:00 - 16/04/2026 18:00","90.50",""
"16/04/2026 00:00 - 17/04/2026 00:00","CTA|DE(50Hertz)","HKW Wedel Block 2","11WD8WED15C---2K","Fossil Hard coal","11WD8WED15C---2K","16/04/2026 18:00 - 16/04/2026 19:00","93.25",""
"16/04/2026 00:00 - 17/04/2026 00:00","CTA|DE(50Hertz)","HKW Wedel Block 2","11WD8WED15C---2K","Fossil Hard coal","11WD8WED15C---2K","16/04/2026 19:00 - 16/04/2026 20:00","92.50",""
"16/04/2026 00:00 - 17/04/2026 00:00","CTA|DE(50Hertz)","HKW Wedel Block 2","11WD8WED15C---2K","Fossil Hard coal","11WD8WED15C---2K","16/04/2026 20:00 - 16/04/2026 21:00","92.25",""
"16/04/2026 00:00 - 17/04/2026 00:00","CTA|DE(50Hertz)","HKW Wedel Block 2","11WD8WED15C---2K","Fossil Hard coal","11WD8WED15C---2K","16/04/2026 21:00 - 16/04/2026 22:00","90.75",""
"16/04/2026 00:00 - 17/04/2026 00:00","CTA|DE(50Hertz)","HKW Wedel Block 2","11WD8WED15C---2K","Fossil Hard coal","11WD8WED15C---2K","16/04/2026 22:00 - 16/04/2026 23:00","91.00",""
"16/04/2026 00:00 - 17/04/2026 00:00","CTA|DE(50Hertz)","HKW Wedel Block 2","11WD8WED15C---2K","Fossil Hard coal","11WD8WED15C---2K","16/04/2026 23:00 - 17/04/2026 00:00","91.75",""
"16/04/2026 00:00 - 17/04/2026 00:00","CTA|DE(TenneT GER)","Sued GuD1 GT11","11W0-0000-0241-V","Fossil Gas","11W0-0000-0241-V","16/04/2026 00:00 - 16/04/2026 01:00","n/e","n/e"
"16/04/2026 00:00 - 17/04/2026 00:00","CTA|DE(TenneT GER)","Sued GuD1 GT11","11W0-0000-0241-V","Fossil Gas","11W0-0000-0241-V","16/04/2026 01:00 - 16/04/2026 02:00","n/e","n/e"
"16/04/2026 00:00 - 17/04/2026 00:00","CTA|DE(TenneT GER)","Sued GuD1 GT11","11W0-0000-0241-V","Fossil Gas","11W0-0000-0241-V","16/04/2026 02:00 - 16/04/2026 03:00","n/e","n/e"
"16/04/2026 00:00 - 17/04/2026 00:00","CTA|DE(TenneT GER)","Sued GuD1 GT11","11W0-0000-0241-V","Fossil Gas","11W0-0000-0241-V","16/04/2026 03:00 - 16/04/2026 04:00","n/e","n/e"
"16/04/2026 00:00 - 17/04/2026 00:00","CTA|DE(TenneT GER)","Sued GuD1 GT11","11W0-0000-0241-V","Fossil Gas","11W0-0000-0241-V","16/04/2026 04:00 - 16/04/2026 05:00","n/e","n/e"
"16/04/2026 00:00 - 17/04/2026 00:00","CTA|DE(TenneT GER)","Sued GuD1 GT11","11W0-0000-0241-V","Fossil Gas","11W0-0000-0241-V","16/04/2026 05:00 - 16/04/2026 06:00","n/e","n/e"
"16/04/2026 00:00 - 17/04/2026 00:00","CTA|DE(TenneT GER)","Sued GuD1 GT11","11W0-0000-0241-V","Fossil Gas","11W0-0000-0241-V","16/04/2026 06:00 - 16/04/2026 07:00","n/e","n/e"
"16/04/2026 00:00 - 17/04/2026 00:00","CTA|DE(TenneT GER)","Sued GuD1 GT11","11W0-0000-0241-V","Fossil Gas","11W0-0000-0241-V","16/04/2026 07:00 - 16/04/2026 08:00","n/e","n/e"
"16/04/2026 00:00 - 17/04/2026 00:00","CTA|DE(TenneT GER)","Sued GuD1 GT11","11W0-0000-0241-V","Fossil Gas","11W0-0000-0241-V","16/04/2026 08:00 - 16/04/2026 09:00","n/e","n/e"
"16/04/2026 00:00 - 17/04/2026 00:00","CTA|DE(TenneT GER)","Sued GuD1 GT11","11W0-0000-0241-V","Fossil Gas","11W0-0000-0241-V","16/04/2026 09:00 - 16/04/2026 10:00","n/e","n/e"
"16/04/2026 00:00 - 17/04/2026 00:00","CTA|DE(TenneT GER)","Sued GuD1 GT11","11W0-0000-0241-V","Fossil Gas","11W0-0000-0241-V","16/04/2026 10:00 - 16/04/2026 11:00","n/e","n/e"
"16/04/2026 00:00 - 17/04/2026 00:00","CTA|DE(TenneT GER)","Sued GuD1 GT11","11W0-0000-0241-V","Fossil Gas","11W0-0000-0241-V","16/04/2026 11:00 - 16/04/2026 12:00","n/e","n/e"
"16/04/2026 00:00 - 17/04/2026 00:00","CTA|DE(TenneT GER)","Sued GuD1 GT11","11W0-0000-0241-V","Fossil Gas","11W0-0000-0241-V","16/04/2026 12:00 - 16/04/2026 13:00","n/e","n/e"
"16/04/2026 00:00 - 17/04/2026 00:00","CTA|DE(TenneT GER)","Sued GuD1 GT11","11W0-0000-0241-V","Fossil Gas","11W0-0000-0241-V","16/04/2026 13:00 - 16/04/2026 14:00","n/e","n/e"
"16/04/2026 00:00 - 17/04/2026 00:00","CTA|DE(TenneT GER)","Sued GuD1 GT11","11W0-0000-0241-V","Fossil Gas","11W0-0000-0241-V","16/04/2026 14:00 - 16/04/2026 15:00","n/e","n/e"
"16/04/2026 00:00 - 17/04/2026 00:00","CTA|DE(TenneT GER)","Sued GuD1 GT11","11W0-0000-0241-V","Fossil Gas","11W0-0000-0241-V","16/04/2026 15:00 - 16/04/2026 16:00","n/e","n/e"
"16/04/2026 00:00 - 17/04/2026 00:00","CTA|DE(TenneT GER)","Sued GuD1 GT11","11W0-0000-0241-V","Fossil Gas","11W0-0000-0241-V","16/04/2026 16:00 - 16/04/2026 17:00","n/e","n/e"
"16/04/2026 00:00 - 17/04/2026 00:00","CTA|DE(TenneT GER)","Sued GuD1 GT11","11W0-0000-0241-V","Fossil Gas","11W0-0000-0241-V","16/04/2026 17:00 - 16/04/2026 18:00","n/e","n/e"
"16/04/2026 00:00 - 17/04/2026 00:00","CTA|DE(TenneT GER)","Sued GuD1 GT11","11W0-0000-0241-V","Fossil Gas","11W0-0000-0241-V","16/04/2026 18:00 - 16/04/2026 19:00","n/e","n/e"
"16/04/2026 00:00 - 17/04/2026 00:00","CTA|DE(TenneT GER)","Sued GuD1 GT11","11W0-0000-0241-V","Fossil Gas","11W0-0000-0241-V","16/04/2026 19:00 - 16/04/2026 20:00","n/e","n/e"
"16/04/2026 00:00 - 17/04/2026 00:00","CTA|DE(TenneT GER)","Sued GuD1 GT11","11W0-0000-0241-V","Fossil Gas","11W0-0000-0241-V","16/04/2026 20:00 - 16/04/2026 21:00","n/e","n/e"
"16/04/2026 00:00 - 17/04/2026 00:00","CTA|DE(TenneT GER)","Sued GuD1 GT11","11W0-0000-0241-V","Fossil Gas","11W0-0000-0241-V","16/04/2026 21:00 - 16/04/2026 22:00","n/e","n/e"
"16/04/2026 00:00 - 17/04/2026 00:00","CTA|DE(TenneT GER)","Sued GuD1 GT11","11W0-0000-0241-V","Fossil Gas","11W0-0000-0241-V","16/04/2026 22:00 - 16/04/2026 23:00","n/e","n/e"
"16/04/2026 00:00 - 17/04/2026 00:00","CTA|DE(TenneT GER)","Sued GuD1 GT11","11W0-0000-0241-V","Fossil Gas","11W0-0000-0241-V","16/04/2026 23:00 - 17/04/2026 00:00","n/e","n/e"
"16/04/2026 00:00 - 17/04/2026 00:00","CTA|DE(Amprion)","RUHRORT-2","11WD7BEEC5XRUH2I","Fossil Coal-derived gas","11WD7BEEC5XRUH2I","16/04/2026 00:00 - 16/04/2026 01:00","n/e","n/e"
"16/04/2026 00:00 - 17/04/2026 00:00","CTA|DE(Amprion)","RUHRORT-2","11WD7BEEC5XRUH2I","Fossil Coal-derived gas","11WD7BEEC5XRUH2I","16/04/2026 01:00 - 16/04/2026 02:00","n/e","n/e"
"16/04/2026 00:00 - 17/04/2026 00:00","CTA|DE(Amprion)","RUHRORT-2","11WD7BEEC5XRUH2I","Fossil Coal-derived gas","11WD7BEEC5XRUH2I","16/04/2026 02:00 - 16/04/2026 03:00","n/e","n/e"
"16/04/2026 00:00 - 17/04/2026 00:00","CTA|DE(Amprion)","RUHRORT-2","11WD7BEEC5XRUH2I","Fossil Coal-derived gas","11WD7BEEC5XRUH2I","16/04/2026 03:00 - 16/04/2026 04:00","n/e","n/e"
"16/04/2026 00:00 - 17/04/2026 00:00","CTA|DE(Amprion)","RUHRORT-2","11WD7BEEC5XRUH2I","Fossil Coal-derived gas","11WD7BEEC5XRUH2I","16/04/2026 04:00 - 16/04/2026 05:00","n/e","n/e"
"16/04/2026 00:00 - 17/04/2026 00:00","CTA|DE(Amprion)","RUHRORT-2","11WD7BEEC5XRUH2I","Fossil Coal-derived gas","11WD7BEEC5XRUH2I","16/04/2026 05:00 - 16/04/2026 06:00","n/e","n/e"
"16/04/2026 00:00 - 17/04/2026 00:00","CTA|DE(Amprion)","RUHRORT-2","11WD7BEEC5XRUH2I","Fossil Coal-derived gas","11WD7BEEC5XRUH2I","16/04/2026 06:00 - 16/04/2026 07:00","n/e","n/e"
"16/04/2026 00:00 - 17/04/2026 00:00","CTA|DE(Amprion)","RUHRORT-2","11WD7BEEC5XRUH2I","Fossil Coal-derived gas","11WD7BEEC5XRUH2I","16/04/2026 07:00 - 16/04/2026 08:00","n/e","n/e"
"16/04/2026 00:00 - 17/04/2026 00:00","CTA|DE(Amprion)","RUHRORT-2","11WD7BEEC5XRUH2I","Fossil Coal-derived gas","11WD7BEEC5XRUH2I","16/04/2026 08:00 - 16/04/2026 09:00","n/e","n/e"
"16/04/2026 00:00 - 17/04/2026 00:00","CTA|DE(Amprion)","RUHRORT-2","11WD7BEEC5XRUH2I","Fossil Coal-derived gas","11WD7BEEC5XRUH2I","16/04/2026 09:00 - 16/04/2026 10:00","n/e","n/e"
"16/04/2026 00:00 - 17/04/2026 00:00","CTA|DE(Amprion)","RUHRORT-2","11WD7BEEC5XRUH2I","Fossil Coal-derived gas","11WD7BEEC5XRUH2I","16/04/2026 10:00 - 16/04/2026 11:00","n/e","n/e"
"16/04/2026 00:00 - 17/04/2026 00:00","CTA|DE(Amprion)","RUHRORT-2","11WD7BEEC5XRUH2I","Fossil Coal-derived gas","11WD7BEEC5XRUH2I","16/04/2026 11:00 - 16/04/2026 12:00","n/e","n/e"
"16/04/2026 00:00 - 17/04/2026 00:00","CTA|DE(Amprion)","RUHRORT-2","11WD7BEEC5XRUH2I","Fossil Coal-derived gas","11WD7BEEC5XRUH2I","16/04/2026 12:00 - 16/04/2026 13:00","n/e","n/e"
"16/04/2026 00:00 - 17/04/2026 00:00","CTA|DE(Amprion)","RUHRORT-2","11WD7BEEC5XRUH2I","Fossil Coal-derived gas","11WD7BEEC5XRUH2I","16/04/2026 13:00 - 16/04/2026 14:00","n/e","n/e"
"16/04/2026 00:00 - 17/04/2026 00:00","CTA|DE(Amprion)","RUHRORT-2","11WD7BEEC5XRUH2I","Fossil Coal-derived gas","11WD7BEEC5XRUH2I","16/04/2026 14:00 - 16/04/2026 15:00","n/e","n/e"
"16/04/2026 00:00 - 17/04/2026 00:00","CTA|DE(Amprion)","RUHRORT-2","11WD7BEEC5XRUH2I","Fossil Coal-derived gas","11WD7BEEC5XRUH2I","16/04/2026 15:00 - 16/04/2026 16:00","n/e","n/e"
"16/04/2026 00:00 - 17/04/2026 00:00","CTA|DE(Amprion)","RUHRORT-2","11WD7BEEC5XRUH2I","Fossil Coal-derived gas","11WD7BEEC5XRUH2I","16/04/2026 16:00 - 16/04/2026 17:00","n/e","n/e"
"16/04/2026 00:00 - 17/04/2026 00:00","CTA|DE(Amprion)","RUHRORT-2","11WD7BEEC5XRUH2I","Fossil Coal-derived gas","11WD7BEEC5XRUH2I","16/04/2026 17:00 - 16/04/2026 18:00","n/e","n/e"
"16/04/2026 00:00 - 17/04/2026 00:00","CTA|DE(Amprion)","RUHRORT-2","11WD7BEEC5XRUH2I","Fossil Coal-derived gas","11WD7BEEC5XRUH2I","16/04/2026 18:00 - 16/04/2026 19:00","n/e","n/e"
"16/04/2026 00:00 - 17/04/2026 00:00","CTA|DE(Amprion)","RUHRORT-2","11WD7BEEC5XRUH2I","Fossil Coal-derived gas","11WD7BEEC5XRUH2I","16/04/2026 19:00 - 16/04/2026 20:00","n/e","n/e"
"16/04/2026 00:00 - 17/04/2026 00:00","CTA|DE(Amprion)","RUHRORT-2","11WD7BEEC5XRUH2I","Fossil Coal-derived gas","11WD7BEEC5XRUH2I","16/04/2026 20:00 - 16/04/2026 21:00","n/e","n/e"
"16/04/2026 00:00 - 17/04/2026 00:00","CTA|DE(Amprion)","RUHRORT-2","11WD7BEEC5XRUH2I","Fossil Coal-derived gas","11WD7BEEC5XRUH2I","16/04/2026 21:00 - 16/04/2026 22:00","n/e","n/e"
"16/04/2026 00:00 - 17/04/2026 00:00","CTA|DE(Amprion)","RUHRORT-2","11WD7BEEC5XRUH2I","Fossil Coal-derived gas","11WD7BEEC5XRUH2I","16/04/2026 22:00 - 16/04/2026 23:00","n/e","n/e"
"16/04/2026 00:00 - 17/04/2026 00:00","CTA|DE(Amprion)","RUHRORT-2","11WD7BEEC5XRUH2I","Fossil Coal-derived gas","11WD7BEEC5XRUH2I","16/04/2026 23:00 - 17/04/2026 00:00","n/e","n/e"
"16/04/2026 00:00 - 17/04/2026 00:00","CTA|DE(Amprion)","RUHRORT-3","11WD7BEEC5XRUH3G","Fossil Coal-derived gas","11WD7BEEC5XRUH3G","16/04/2026 00:00 - 16/04/2026 01:00","n/e","n/e"
"16/04/2026 00:00 - 17/04/2026 00:00","CTA|DE(Amprion)","RUHRORT-3","11WD7BEEC5XRUH3G","Fossil Coal-derived gas","11WD7BEEC5XRUH3G","16/04/2026 01:00 - 16/04/2026 02:00","n/e","n/e"
"16/04/2026 00:00 - 17/04/2026 00:00","CTA|DE(Amprion)","RUHRORT-3","11WD7BEEC5XRUH3G","Fossil Coal-derived gas","11WD7BEEC5XRUH3G","16/04/2026 02:00 - 16/04/2026 03:00","n/e","n/e"
"16/04/2026 00:00 - 17/04/2026 00:00","CTA|DE(Amprion)","RUHRORT-3","11WD7BEEC5XRUH3G","Fossil Coal-derived gas","11WD7BEEC5XRUH3G","16/04/2026 03:00 - 16/04/2026 04:00","n/e","n/e"
"16/04/2026 00:00 - 17/04/2026 00:00","CTA|DE(Amprion)","RUHRORT-3","11WD7BEEC5XRUH3G","Fossil Coal-derived gas","11WD7BEEC5XRUH3G","16/04/2026 04:00 - 16/04/2026 05:00","n/e","n/e"
"16/04/2026 00:00 - 17/04/2026 00:00","CTA|DE(Amprion)","RUHRORT-3","11WD7BEEC5XRUH3G","Fossil Coal-derived gas","11WD7BEEC5XRUH3G","16/04/2026 05:00 - 16/04/2026 06:00","n/e","n/e"
"16/04/2026 00:00 - 17/04/2026 00:00","CTA|DE(Amprion)","RUHRORT-3","11WD7BEEC5XRUH3G","Fossil Coal-derived gas","11WD7BEEC5XRUH3G","16/04/2026 06:00 - 16/04/2026 07:00","n/e","n/e"
"16/04/2026 00:00 - 17/04/2026 00:00","CTA|DE(Amprion)","RUHRORT-3","11WD7BEEC5XRUH3G","Fossil Coal-derived gas","11WD7BEEC5XRUH3G","16/04/2026 07:00 - 16/04/2026 08:00","n/e","n/e"
"16/04/2026 00:00 - 17/04/2026 00:00","CTA|DE(Amprion)","RUHRORT-3","11WD7BEEC5XRUH3G","Fossil Coal-derived gas","11WD7BEEC5XRUH3G","16/04/2026 08:00 - 16/04/2026 09:00","n/e","n/e"
"16/04/2026 00:00 - 17/04/2026 00:00","CTA|DE(Amprion)","RUHRORT-3","11WD7BEEC5XRUH3G","Fossil Coal-derived gas","11WD7BEEC5XRUH3G","16/04/2026 09:00 - 16/04/2026 10:00","n/e","n/e"
"16/04/2026 00:00 - 17/04/2026 00:00","CTA|DE(Amprion)","RUHRORT-3","11WD7BEEC5XRUH3G","Fossil Coal-derived gas","11WD7BEEC5XRUH3G","16/04/2026 10:00 - 16/04/2026 11:00","n/e","n/e"
"16/04/2026 00:00 - 17/04/2026 00:00","CTA|DE(Amprion)","RUHRORT-3","11WD7BEEC5XRUH3G","Fossil Coal-derived gas","11WD7BEEC5XRUH3G","16/04/2026 11:00 - 16/04/2026 12:00","n/e","n/e"
"16/04/2026 00:00 - 17/04/2026 00:00","CTA|DE(Amprion)","RUHRORT-3","11WD7BEEC5XRUH3G","Fossil Coal-derived gas","11WD7BEEC5XRUH3G","16/04/2026 12:00 - 16/04/2026 13:00","n/e","n/e"
"16/04/2026 00:00 - 17/04/2026 00:00","CTA|DE(Amprion)","RUHRORT-3","11WD7BEEC5XRUH3G","Fossil Coal-derived gas","11WD7BEEC5XRUH3G","16/04/2026 13:00 - 16/04/2026 14:00","n/e","n/e"
"16/04/2026 00:00 - 17/04/2026 00:00","CTA|DE(Amprion)","RUHRORT-3","11WD7BEEC5XRUH3G","Fossil Coal-derived gas","11WD7BEEC5XRUH3G","16/04/2026 14:00 - 16/04/2026 15:00","n/e","n/e"
"16/04/2026 00:00 - 17/04/2026 00:00","CTA|DE(Amprion)","RUHRORT-3","11WD7BEEC5XRUH3G","Fossil Coal-derived gas","11WD7BEEC5XRUH3G","16/04/2026 15:00 - 16/04/2026 16:00","n/e","n/e"
"16/04/2026 00:00 - 17/04/2026 00:00","CTA|DE(Amprion)","RUHRORT-3","11WD7BEEC5XRUH3G","Fossil Coal-derived gas","11WD7BEEC5XRUH3G","16/04/2026 16:00 - 16/04/2026 17:00","n/e","n/e"
"16/04/2026 00:00 - 17/04/2026 00:00","CTA|DE(Amprion)","RUHRORT-3","11WD7BEEC5XRUH3G","Fossil Coal-derived gas","11WD7BEEC5XRUH3G","16/04/2026 17:00 - 16/04/2026 18:00","n/e","n/e"
"16/04/2026 00:00 - 17/04/2026 00:00","CTA|DE(Amprion)","RUHRORT-3","11WD7BEEC5XRUH3G","Fossil Coal-derived gas","11WD7BEEC5XRUH3G","16/04/2026 18:00 - 16/04/2026 19:00","n/e","n/e"
"16/04/2026 00:00 - 17/04/2026 00:00","CTA|DE(Amprion)","RUHRORT-3","11WD7BEEC5XRUH3G","Fossil Coal-derived gas","11WD7BEEC5XRUH3G","16/04/2026 19:00 - 16/04/2026 20:00","n/e","n/e"
"16/04/2026 00:00 - 17/04/2026 00:00","CTA|DE(Amprion)","RUHRORT-3","11WD7BEEC5XRUH3G","Fossil Coal-derived gas","11WD7BEEC5XRUH3G","16/04/2026 20:00 - 16/04/2026 21:00","n/e","n/e"
"16/04/2026 00:00 - 17/04/2026 00:00","CTA|DE(Amprion)","RUHRORT-3","11WD7BEEC5XRUH3G","Fossil Coal-derived gas","11WD7BEEC5XRUH3G","16/04/2026 21:00 - 16/04/2026 22:00","n/e","n/e"
"16/04/2026 00:00 - 17/04/2026 00:00","CTA|DE(Amprion)","RUHRORT-3","11WD7BEEC5XRUH3G","Fossil Coal-derived gas","11WD7BEEC5XRUH3G","16/04/2026 22:00 - 16/04/2026 23:00","n/e","n/e"
"16/04/2026 00:00 - 17/04/2026 00:00","CTA|DE(Amprion)","RUHRORT-3","11WD7BEEC5XRUH3G","Fossil Coal-derived gas","11WD7BEEC5XRUH3G","16/04/2026 23:00 - 17/04/2026 00:00","n/e","n/e"
"16/04/2026 00:00 - 17/04/2026 00:00","CTA|DE(Amprion)","ROENKHAUSEN_PSW1","11WD7GARE5XPSW1U","Hydro Pumped Storage","11WD7GARE5XPSW1U","16/04/2026 00:00 - 16/04/2026 01:00","n/e","n/e"
"16/04/2026 00:00 - 17/04/2026 00:00","CTA|DE(Amprion)","ROENKHAUSEN_PSW1","11WD7GARE5XPSW1U","Hydro Pumped Storage","11WD7GARE5XPSW1U","16/04/2026 01:00 - 16/04/2026 02:00","n/e","n/e"
"16/04/2026 00:00 - 17/04/2026 00:00","CTA|DE(Amprion)","ROENKHAUSEN_PSW1","11WD7GARE5XPSW1U","Hydro Pumped Storage","11WD7GARE5XPSW1U","16/04/2026 02:00 - 16/04/2026 03:00","n/e","n/e"
"16/04/2026 00:00 - 17/04/2026 00:00","CTA|DE(Amprion)","ROENKHAUSEN_PSW1","11WD7GARE5XPSW1U","Hydro Pumped Storage","11WD7GARE5XPSW1U","16/04/2026 03:00 - 16/04/2026 04:00","n/e","n/e"
"16/04/2026 00:00 - 17/04/2026 00:00","CTA|DE(Amprion)","ROENKHAUSEN_PSW1","11WD7GARE5XPSW1U","Hydro Pumped Storage","11WD7GARE5XPSW1U","16/04/2026 04:00 - 16/04/2026 05:00","n/e","n/e"
"16/04/2026 00:00 - 17/04/2026 00:00","CTA|DE(Amprion)","ROENKHAUSEN_PSW1","11WD7GARE5XPSW1U","Hydro Pumped Storage","11WD7GARE5XPSW1U","16/04/2026 05:00 - 16/04/2026 06:00","n/e","n/e"
"16/04/2026 00:00 - 17/04/2026 00:00","CTA|DE(Amprion)","ROENKHAUSEN_PSW1","11WD7GARE5XPSW1U","Hydro Pumped Storage","11WD7GARE5XPSW1U","16/04/2026 06:00 - 16/04/2026 07:00","n/e","n/e"
"16/04/2026 00:00 - 17/04/2026 00:00","CTA|DE(Amprion)","ROENKHAUSEN_PSW1","11WD7GARE5XPSW1U","Hydro Pumped Storage","11WD7GARE5XPSW1U","16/04/2026 07:00 - 16/04/2026 08:00","n/e","n/e"
"16/04/2026 00:00 - 17/04/2026 00:00","CTA|DE(Amprion)","ROENKHAUSEN_PSW1","11WD7GARE5XPSW1U","Hydro Pumped Storage","11WD7GARE5XPSW1U","16/04/2026 08:00 - 16/04/2026 09:00","n/e","n/e"
"16/04/2026 00:00 - 17/04/2026 00:00","CTA|DE(Amprion)","ROENKHAUSEN_PSW1","11WD7GARE5XPSW1U","Hydro Pumped Storage","11WD7GARE5XPSW1U","16/04/2026 09:00 - 16/04/2026 10:00","n/e","n/e"
"16/04/2026 00:00 - 17/04/2026 00:00","CTA|DE(Amprion)","ROENKHAUSEN_PSW1","11WD7GARE5XPSW1U","Hydro Pumped Storage","11WD7GARE5XPSW1U","16/04/2026 10:00 - 16/04/2026 11:00","n/e","n/e"
"16/04/2026 00:00 - 17/04/2026 00:00","CTA|DE(Amprion)","ROENKHAUSEN_PSW1","11WD7GARE5XPSW1U","Hydro Pumped Storage","11WD7GARE5XPSW1U","16/04/2026 11:00 - 16/04/2026 12:00","n/e","n/e"
"16/04/2026 00:00 - 17/04/2026 00:00","CTA|DE(Amprion)","ROENKHAUSEN_PSW1","11WD7GARE5XPSW1U","Hydro Pumped Storage","11WD7GARE5XPSW1U","16/04/2026 12:00 - 16/04/2026 13:00","n/e","n/e"
"16/04/2026 00:00 - 17/04/2026 00:00","CTA|DE(Amprion)","ROENKHAUSEN_PSW1","11WD7GARE5XPSW1U","Hydro Pumped Storage","11WD7GARE5XPSW1U","16/04/2026 13:00 - 16/04/2026 14:00","n/e","n/e"
"16/04/2026 00:00 - 17/04/2026 00:00","CTA|DE(Amprion)","ROENKHAUSEN_PSW1","11WD7GARE5XPSW1U","Hydro Pumped Storage","11WD7GARE5XPSW1U","16/04/2026 14:00 - 16/04/2026 15:00","n/e","n/e"
"16/04/2026 00:00 - 17/04/2026 00:00","CTA|DE(Amprion)","ROENKHAUSEN_PSW1","11WD7GARE5XPSW1U","Hydro Pumped Storage","11WD7GARE5XPSW1U","16/04/2026 15:00 - 16/04/2026 16:00","n/e","n/e"
"16/04/2026 00:00 - 17/04/2026 00:00","CTA|DE(Amprion)","ROENKHAUSEN_PSW1","11WD7GARE5XPSW1U","Hydro Pumped Storage","11WD7GARE5XPSW1U","16/04/2026 16:00 - 16/04/2026 17:00","n/e","n/e"
"16/04/2026 00:00 - 17/04/2026 00:00","CTA|DE(Amprion)","ROENKHAUSEN_PSW1","11WD7GARE5XPSW1U","Hydro Pumped Storage","11WD7GARE5XPSW1U","16/04/2026 17:00 - 16/04/2026 18:00","n/e","n/e"
"16/04/2026 00:00 - 17/04/2026 00:00","CTA|DE(Amprion)","ROENKHAUSEN_PSW1","11WD7GARE5XPSW1U","Hydro Pumped Storage","11WD7GARE5XPSW1U","16/04/2026 18:00 - 16/04/2026 19:00","n/e","n/e"
"16/04/2026 00:00 - 17/04/2026 00:00","CTA|DE(Amprion)","ROENKHAUSEN_PSW1","11WD7GARE5XPSW1U","Hydro Pumped Storage","11WD7GARE5XPSW1U","16/04/2026 19:00 - 16/04/2026 20:00","n/e","n/e"
"16/04/2026 00:00 - 17/04/2026 00:00","CTA|DE(Amprion)","ROENKHAUSEN_PSW1","11WD7GARE5XPSW1U","Hydro Pumped Storage","11WD7GARE5XPSW1U","16/04/2026 20:00 - 16/04/2026 21:00","n/e","n/e"
"16/04/2026 00:00 - 17/04/2026 00:00","CTA|DE(Amprion)","ROENKHAUSEN_PSW1","11WD7GARE5XPSW1U","Hydro Pumped Storage","11WD7GARE5XPSW1U","16/04/2026 21:00 - 16/04/2026 22:00","n/e","n/e"
"16/04/2026 00:00 - 17/04/2026 00:00","CTA|DE(Amprion)","ROENKHAUSEN_PSW1","11WD7GARE5XPSW1U","Hydro Pumped Storage","11WD7GARE5XPSW1U","16/04/2026 22:00 - 16/04/2026 23:00","n/e","n/e"
"16/04/2026 00:00 - 17/04/2026 00:00","CTA|DE(Amprion)","ROENKHAUSEN_PSW1","11WD7GARE5XPSW1U","Hydro Pumped Storage","11WD7GARE5XPSW1U","16/04/2026 23:00 - 17/04/2026 00:00","n/e","n/e"
"16/04/2026 00:00 - 17/04/2026 00:00","CTA|DE(Amprion)","ROENKHAUSEN_PSW2","11WD7GARE5XPSW2S","Hydro Pumped Storage","11WD7GARE5XPSW2S","16/04/2026 00:00 - 16/04/2026 01:00","n/e","n/e"
"16/04/2026 00:00 - 17/04/2026 00:00","CTA|DE(Amprion)","ROENKHAUSEN_PSW2","11WD7GARE5XPSW2S","Hydro Pumped Storage","11WD7GARE5XPSW2S","16/04/2026 01:00 - 16/04/2026 02:00","n/e","n/e"
"16/04/2026 00:00 - 17/04/2026 00:00","CTA|DE(Amprion)","ROENKHAUSEN_PSW2","11WD7GARE5XPSW2S","Hydro Pumped Storage","11WD7GARE5XPSW2S","16/04/2026 02:00 - 16/04/2026 03:00","n/e","n/e"
"16/04/2026 00:00 - 17/04/2026 00:00","CTA|DE(Amprion)","ROENKHAUSEN_PSW2","11WD7GARE5XPSW2S","Hydro Pumped Storage","11WD7GARE5XPSW2S","16/04/2026 03:00 - 16/04/2026 04:00","n/e","n/e"
"16/04/2026 00:00 - 17/04/2026 00:00","CTA|DE(Amprion)","ROENKHAUSEN_PSW2","11WD7GARE5XPSW2S","Hydro Pumped Storage","11WD7GARE5XPSW2S","16/04/2026 04:00 - 16/04/2026 05:00","n/e","n/e"
"16/04/2026 00:00 - 17/04/2026 00:00","CTA|DE(Amprion)","ROENKHAUSEN_PSW2","11WD7GARE5XPSW2S","Hydro Pumped Storage","11WD7GARE5XPSW2S","16/04/2026 05:00 - 16/04/2026 06:00","n/e","n/e"
"16/04/2026 00:00 - 17/04/2026 00:00","CTA|DE(Amprion)","ROENKHAUSEN_PSW2","11WD7GARE5XPSW2S","Hydro Pumped Storage","11WD7GARE5XPSW2S","16/04/2026 06:00 - 16/04/2026 07:00","n/e","n/e"
"16/04/2026 00:00 - 17/04/2026 00:00","CTA|DE(Amprion)","ROENKHAUSEN_PSW2","11WD7GARE5XPSW2S","Hydro Pumped Storage","11WD7GARE5XPSW2S","16/04/2026 07:00 - 16/04/2026 08:00","n/e","n/e"
"16/04/2026 00:00 - 17/04/2026 00:00","CTA|DE(Amprion)","ROENKHAUSEN_PSW2","11WD7GARE5XPSW2S","Hydro Pumped Storage","11WD7GARE5XPSW2S","16/04/2026 08:00 - 16/04/2026 09:00","n/e","n/e"
"16/04/2026 00:00 - 17/04/2026 00:00","CTA|DE(Amprion)","ROENKHAUSEN_PSW2","11WD7GARE5XPSW2S","Hydro Pumped Storage","11WD7GARE5XPSW2S","16/04/2026 09:00 - 16/04/2026 10:00","n/e","n/e"
"16/04/2026 00:00 - 17/04/2026 00:00","CTA|DE(Amprion)","ROENKHAUSEN_PSW2","11WD7GARE5XPSW2S","Hydro Pumped Storage","11WD7GARE5XPSW2S","16/04/2026 10:00 - 16/04/2026 11:00","n/e","n/e"
"16/04/2026 00:00 - 17/04/2026 00:00","CTA|DE(Amprion)","ROENKHAUSEN_PSW2","11WD7GARE5XPSW2S","Hydro Pumped Storage","11WD7GARE5XPSW2S","16/04/2026 11:00 - 16/04/2026 12:00","n/e","n/e"
"16/04/2026 00:00 - 17/04/2026 00:00","CTA|DE(Amprion)","ROENKHAUSEN_PSW2","11WD7GARE5XPSW2S","Hydro Pumped Storage","11WD7GARE5XPSW2S","16/04/2026 12:00 - 16/04/2026 13:00","n/e","n/e"
"16/04/2026 00:00 - 17/04/2026 00:00","CTA|DE(Amprion)","ROENKHAUSEN_PSW2","11WD7GARE5XPSW2S","Hydro Pumped Storage","11WD7GARE5XPSW2S","16/04/2026 13:00 - 16/04/2026 14:00","n/e","n/e"
"16/04/2026 00:00 - 17/04/2026 00:00","CTA|DE(Amprion)","ROENKHAUSEN_PSW2","11WD7GARE5XPSW2S","Hydro Pumped Storage","11WD7GARE5XPSW2S","16/04/2026 14:00 - 16/04/2026 15:00","n/e","n/e"
"16/04/2026 00:00 - 17/04/2026 00:00","CTA|DE(Amprion)","ROENKHAUSEN_PSW2","11WD7GARE5XPSW2S","Hydro Pumped Storage","11WD7GARE5XPSW2S","16/04/2026 15:00 - 16/04/2026 16:00","n/e","n/e"
"16/04/2026 00:00 - 17/04/2026 00:00","CTA|DE(Amprion)","ROENKHAUSEN_PSW2","11WD7GARE5XPSW2S","Hydro Pumped Storage","11WD7GARE5XPSW2S","16/04/2026 16:00 - 16/04/2026 17:00","n/e","n/e"
"16/04/2026 00:00 - 17/04/2026 00:00","CTA|DE(Amprion)","ROENKHAUSEN_PSW2","11WD7GARE5XPSW2S","Hydro Pumped Storage","11WD7GARE5XPSW2S","16/04/2026 17:00 - 16/04/2026 18:00","n/e","n/e"
"16/04/2026 00:00 - 17/04/2026 00:00","CTA|DE(Amprion)","ROENKHAUSEN_PSW2","11WD7GARE5XPSW2S","Hydro Pumped Storage","11WD7GARE5XPSW2S","16/04/2026 18:00 - 16/04/2026 19:00","n/e","n/e"
"16/04/2026 00:00 - 17/04/2026 00:00","CTA|DE(Amprion)","ROENKHAUSEN_PSW2","11WD7GARE5XPSW2S","Hydro Pumped Storage","11WD7GARE5XPSW2S","16/04/2026 19:00 - 16/04/2026 20:00","n/e","n/e"
"16/04/2026 00:00 - 17/04/2026 00:00","CTA|DE(Amprion)","ROENKHAUSEN_PSW2","11WD7GARE5XPSW2S","Hydro Pumped Storage","11WD7GARE5XPSW2S","16/04/2026 20:00 - 16/04/2026 21:00","n/e","n/e"
"16/04/2026 00:00 - 17/04/2026 00:00","CTA|DE(Amprion)","ROENKHAUSEN_PSW2","11WD7GARE5XPSW2S","Hydro Pumped Storage","11WD7GARE5XPSW2S","16/04/2026 21:00 - 16/04/2026 22:00","n/e","n/e"
"16/04/2026 00:00 - 17/04/2026 00:00","CTA|DE(Amprion)","ROENKHAUSEN_PSW2","11WD7GARE5XPSW2S","Hydro Pumped Storage","11WD7GARE5XPSW2S","16/04/2026 22:00 - 16/04/2026 23:00","n/e","n/e"
"16/04/2026 00:00 - 17/04/2026 00:00","CTA|DE(Amprion)","ROENKHAUSEN_PSW2","11WD7GARE5XPSW2S","Hydro Pumped Storage","11WD7GARE5XPSW2S","16/04/2026 23:00 - 17/04/2026 00:00","n/e","n/e"
"16/04/2026 00:00 - 17/04/2026 00:00","CTA|DE(TransnetBW)","HKW Heilbronn Block 7","11WD4HLBR1C7---4","Fossil Hard coal","11WD4HLBR1C7---4","16/04/2026 00:00 - 16/04/2026 01:00","N/A","N/A"
"16/04/2026 00:00 - 17/04/2026 00:00","CTA|DE(TransnetBW)","HKW Heilbronn Block 7","11WD4HLBR1C7---4","Fossil Hard coal","11WD4HLBR1C7---4","16/04/2026 01:00 - 16/04/2026 02:00","N/A","N/A"
"16/04/2026 00:00 - 17/04/2026 00:00","CTA|DE(TransnetBW)","HKW Heilbronn Block 7","11WD4HLBR1C7---4","Fossil Hard coal","11WD4HLBR1C7---4","16/04/2026 02:00 - 16/04/2026 03:00","N/A","N/A"
"16/04/2026 00:00 - 17/04/2026 00:00","CTA|DE(TransnetBW)","HKW Heilbronn Block 7","11WD4HLBR1C7---4","Fossil Hard coal","11WD4HLBR1C7---4","16/04/2026 03:00 - 16/04/2026 04:00","N/A","N/A"
"16/04/2026 00:00 - 17/04/2026 00:00","CTA|DE(TransnetBW)","HKW Heilbronn Block 7","11WD4HLBR1C7---4","Fossil Hard coal","11WD4HLBR1C7---4","16/04/2026 04:00 - 16/04/2026 05:00","N/A","N/A"
"16/04/2026 00:00 - 17/04/2026 00:00","CTA|DE(TransnetBW)","HKW Heilbronn Block 7","11WD4HLBR1C7---4","Fossil Hard coal","11WD4HLBR1C7---4","16/04/2026 05:00 - 16/04/2026 06:00","N/A","N/A"
"16/04/2026 00:00 - 17/04/2026 00:00","CTA|DE(TransnetBW)","HKW Heilbronn Block 7","11WD4HLBR1C7---4","Fossil Hard coal","11WD4HLBR1C7---4","16/04/2026 06:00 - 16/04/2026 07:00","N/A","N/A"
"16/04/2026 00:00 - 17/04/2026 00:00","CTA|DE(TransnetBW)","HKW Heilbronn Block 7","11WD4HLBR1C7---4","Fossil Hard coal","11WD4HLBR1C7---4","16/04/2026 07:00 - 16/04/2026 08:00","N/A","N/A"
"16/04/2026 00:00 - 17/04/2026 00:00","CTA|DE(TransnetBW)","HKW Heilbronn Block 7","11WD4HLBR1C7---4","Fossil Hard coal","11WD4HLBR1C7---4","16/04/2026 08:00 - 16/04/2026 09:00","N/A","N/A"
"16/04/2026 00:00 - 17/04/2026 00:00","CTA|DE(TransnetBW)","HKW Heilbronn Block 7","11WD4HLBR1C7---4","Fossil Hard coal","11WD4HLBR1C7---4","16/04/2026 09:00 - 16/04/2026 10:00","N/A","N/A"
"16/04/2026 00:00 - 17/04/2026 00:00","CTA|DE(TransnetBW)","HKW Heilbronn Block 7","11WD4HLBR1C7---4","Fossil Hard coal","11WD4HLBR1C7---4","16/04/2026 10:00 - 16/04/2026 11:00","N/A","N/A"
"16/04/2026 00:00 - 17/04/2026 00:00","CTA|DE(TransnetBW)","HKW Heilbronn Block 7","11WD4HLBR1C7---4","Fossil Hard coal","11WD4HLBR1C7---4","16/04/2026 11:00 - 16/04/2026 12:00","N/A","N/A"
"16/04/2026 00:00 - 17/04/2026 00:00","CTA|DE(TransnetBW)","HKW Heilbronn Block 7","11WD4HLBR1C7---4","Fossil Hard coal","11WD4HLBR1C7---4","16/04/2026 12:00 - 16/04/2026 13:00","N/A","N/A"
"16/04/2026 00:00 - 17/04/2026 00:00","CTA|DE(TransnetBW)","HKW Heilbronn Block 7","11WD4HLBR1C7---4","Fossil Hard coal","11WD4HLBR1C7---4","16/04/2026 13:00 - 16/04/2026 14:00","N/A","N/A"
"16/04/2026 00:00 - 17/04/2026 00:00","CTA|DE(TransnetBW)","HKW Heilbronn Block 7","11WD4HLBR1C7---4","Fossil Hard coal","11WD4HLBR1C7---4","16/04/2026 14:00 - 16/04/2026 15:00","N/A","N/A"
"16/04/2026 00:00 - 17/04/2026 00:00","CTA|DE(TransnetBW)","HKW Heilbronn Block 7","11WD4HLBR1C7---4","Fossil Hard coal","11WD4HLBR1C7---4","16/04/2026 15:00 - 16/04/2026 16:00","N/A","N/A"
"16/04/2026 00:00 - 17/04/2026 00:00","CTA|DE(TransnetBW)","HKW Heilbronn Block 7","11WD4HLBR1C7---4","Fossil Hard coal","11WD4HLBR1C7---4","16/04/2026 16:00 - 16/04/2026 17:00","N/A","N/A"
"16/04/2026 00:00 - 17/04/2026 00:00","CTA|DE(TransnetBW)","HKW Heilbronn Block 7","11WD4HLBR1C7---4","Fossil Hard coal","11WD4HLBR1C7---4","16/04/2026 17:00 - 16/04/2026 18:00","N/A","N/A"
"16/04/2026 00:00 - 17/04/2026 00:00","CTA|DE(TransnetBW)","HKW Heilbronn Block 7","11WD4HLBR1C7---4","Fossil Hard coal","11WD4HLBR1C7---4","16/04/2026 18:00 - 16/04/2026 19:00","N/A","N/A"
"16/04/2026 00:00 - 17/04/2026 00:00","CTA|DE(TransnetBW)","HKW Heilbronn Block 7","11WD4HLBR1C7---4","Fossil Hard coal","11WD4HLBR1C7---4","16/04/2026 19:00 - 16/04/2026 20:00","N/A","N/A"
"16/04/2026 00:00 - 17/04/2026 00:00","CTA|DE(TransnetBW)","HKW Heilbronn Block 7","11WD4HLBR1C7---4","Fossil Hard coal","11WD4HLBR1C7---4","16/04/2026 20:00 - 16/04/2026 21:00","N/A","N/A"
"16/04/2026 00:00 - 17/04/2026 00:00","CTA|DE(TransnetBW)","HKW Heilbronn Block 7","11WD4HLBR1C7---4","Fossil Hard coal","11WD4HLBR1C7---4","16/04/2026 21:00 - 16/04/2026 22:00","N/A","N/A"
"16/04/2026 00:00 - 17/04/2026 00:00","CTA|DE(TransnetBW)","HKW Heilbronn Block 7","11WD4HLBR1C7---4","Fossil Hard coal","11WD4HLBR1C7---4","16/04/2026 22:00 - 16/04/2026 23:00","N/A","N/A"
"16/04/2026 00:00 - 17/04/2026 00:00","CTA|DE(TransnetBW)","HKW Heilbronn Block 7","11WD4HLBR1C7---4","Fossil Hard coal","11WD4HLBR1C7---4","16/04/2026 23:00 - 17/04/2026 00:00","N/A","N/A"
"16/04/2026 00:00 - 17/04/2026 00:00","CTA|DE(50Hertz)","PSW Hohenwarte II PSS A-H","11W0-0000-0858-D","Hydro Pumped Storage","11W0-0000-0858-D","16/04/2026 00:00 - 16/04/2026 01:00","n/e","n/e"
"16/04/2026 00:00 - 17/04/2026 00:00","CTA|DE(50Hertz)","PSW Hohenwarte II PSS A-H","11W0-0000-0858-D","Hydro Pumped Storage","11W0-0000-0858-D","16/04/2026 01:00 - 16/04/2026 02:00","n/e","n/e"
"16/04/2026 00:00 - 17/04/2026 00:00","CTA|DE(50Hertz)","PSW Hohenwarte II PSS A-H","11W0-0000-0858-D","Hydro Pumped Storage","11W0-0000-0858-D","16/04/2026 02:00 - 16/04/2026 03:00","n/e","n/e"
"16/04/2026 00:00 - 17/04/2026 00:00","CTA|DE(50Hertz)","PSW Hohenwarte II PSS A-H","11W0-0000-0858-D","Hydro Pumped Storage","11W0-0000-0858-D","16/04/2026 03:00 - 16/04/2026 04:00","n/e","n/e"
"16/04/2026 00:00 - 17/04/2026 00:00","CTA|DE(50Hertz)","PSW Hohenwarte II PSS A-H","11W0-0000-0858-D","Hydro Pumped Storage","11W0-0000-0858-D","16/04/2026 04:00 - 16/04/2026 05:00","n/e","n/e"
"16/04/2026 00:00 - 17/04/2026 00:00","CTA|DE(50Hertz)","PSW Hohenwarte II PSS A-H","11W0-0000-0858-D","Hydro Pumped Storage","11W0-0000-0858-D","16/04/2026 05:00 - 16/04/2026 06:00","n/e","n/e"
"16/04/2026 00:00 - 17/04/2026 00:00","CTA|DE(50Hertz)","PSW Hohenwarte II PSS A-H","11W0-0000-0858-D","Hydro Pumped Storage","11W0-0000-0858-D","16/04/2026 06:00 - 16/04/2026 07:00","n/e","n/e"
"16/04/2026 00:00 - 17/04/2026 00:00","CTA|DE(50Hertz)","PSW Hohenwarte II PSS A-H","11W0-0000-0858-D","Hydro Pumped Storage","11W0-0000-0858-D","16/04/2026 07:00 - 16/04/2026 08:00","n/e","n/e"
"16/04/2026 00:00 - 17/04/2026 00:00","CTA|DE(50Hertz)","PSW Hohenwarte II PSS A-H","11W0-0000-0858-D","Hydro Pumped Storage","11W0-0000-0858-D","16/04/2026 08:00 - 16/04/2026 09:00","n/e","n/e"
"16/04/2026 00:00 - 17/04/2026 00:00","CTA|DE(50Hertz)","PSW Hohenwarte II PSS A-H","11W0-0000-0858-D","Hydro Pumped Storage","11W0-0000-0858-D","16/04/2026 09:00 - 16/04/2026 10:00","n/e","n/e"
"16/04/2026 00:00 - 17/04/2026 00:00","CTA|DE(50Hertz)","PSW Hohenwarte II PSS A-H","11W0-0000-0858-D","Hydro Pumped Storage","11W0-0000-0858-D","16/04/2026 10:00 - 16/04/2026 11:00","n/e","n/e"
"16/04/2026 00:00 - 17/04/2026 00:00","CTA|DE(50Hertz)","PSW Hohenwarte II PSS A-H","11W0-0000-0858-D","Hydro Pumped Storage","11W0-0000-0858-D","16/04/2026 11:00 - 16/04/2026 12:00","n/e","n/e"
"16/04/2026 00:00 - 17/04/2026 00:00","CTA|DE(50Hertz)","PSW Hohenwarte II PSS A-H","11W0-0000-0858-D","Hydro Pumped Storage","11W0-0000-0858-D","16/04/2026 12:00 - 16/04/2026 13:00","n/e","n/e"
"16/04/2026 00:00 - 17/04/2026 00:00","CTA|DE(50Hertz)","PSW Hohenwarte II PSS A-H","11W0-0000-0858-D","Hydro Pumped Storage","11W0-0000-0858-D","16/04/2026 13:00 - 16/04/2026 14:00","n/e","n/e"
"16/04/2026 00:00 - 17/04/2026 00:00","CTA|DE(50Hertz)","PSW Hohenwarte II PSS A-H","11W0-0000-0858-D","Hydro Pumped Storage","11W0-0000-0858-D","16/04/2026 14:00 - 16/04/2026 15:00","n/e","n/e"
"16/04/2026 00:00 - 17/04/2026 00:00","CTA|DE(50Hertz)","PSW Hohenwarte II PSS A-H","11W0-0000-0858-D","Hydro Pumped Storage","11W0-0000-0858-D","16/04/2026 15:00 - 16/04/2026 16:00","n/e","n/e"
"16/04/2026 00:00 - 17/04/2026 00:00","CTA|DE(50Hertz)","PSW Hohenwarte II PSS A-H","11W0-0000-0858-D","Hydro Pumped Storage","11W0-0000-0858-D","16/04/2026 16:00 - 16/04/2026 17:00","n/e","n/e"
"16/04/2026 00:00 - 17/04/2026 00:00","CTA|DE(50Hertz)","PSW Hohenwarte II PSS A-H","11W0-0000-0858-D","Hydro Pumped Storage","11W0-0000-0858-D","16/04/2026 17:00 - 16/04/2026 18:00","n/e","n/e"
"16/04/2026 00:00 - 17/04/2026 00:00","CTA|DE(50Hertz)","PSW Hohenwarte II PSS A-H","11W0-0000-0858-D","Hydro Pumped Storage","11W0-0000-0858-D","16/04/2026 18:00 - 16/04/2026 19:00","n/e","n/e"
"16/04/2026 00:00 - 17/04/2026 00:00","CTA|DE(50Hertz)","PSW Hohenwarte II PSS A-H","11W0-0000-0858-D","Hydro Pumped Storage","11W0-0000-0858-D","16/04/2026 19:00 - 16/04/2026 20:00","n/e","n/e"
"16/04/2026 00:00 - 17/04/2026 00:00","CTA|DE(50Hertz)","PSW Hohenwarte II PSS A-H","11W0-0000-0858-D","Hydro Pumped Storage","11W0-0000-0858-D","16/04/2026 20:00 - 16/04/2026 21:00","n/e","n/e"
"16/04/2026 00:00 - 17/04/2026 00:00","CTA|DE(50Hertz)","PSW Hohenwarte II PSS A-H","11W0-0000-0858-D","Hydro Pumped Storage","11W0-0000-0858-D","16/04/2026 21:00 - 16/04/2026 22:00","n/e","n/e"
"16/04/2026 00:00 - 17/04/2026 00:00","CTA|DE(50Hertz)","PSW Hohenwarte II PSS A-H","11W0-0000-0858-D","Hydro Pumped Storage","11W0-0000-0858-D","16/04/2026 22:00 - 16/04/2026 23:00","n/e","n/e"
"16/04/2026 00:00 - 17/04/2026 00:00","CTA|DE(50Hertz)","PSW Hohenwarte II PSS A-H","11W0-0000-0858-D","Hydro Pumped Storage","11W0-0000-0858-D","16/04/2026 23:00 - 17/04/2026 00:00","n/e","n/e"
"16/04/2026 00:00 - 17/04/2026 00:00","CTA|DE(50Hertz)","Geesthacht A-C","11W0-0000-0859-A","Hydro Pumped Storage","11W0-0000-0859-A","16/04/2026 00:00 - 16/04/2026 01:00","n/e","n/e"
"16/04/2026 00:00 - 17/04/2026 00:00","CTA|DE(50Hertz)","Geesthacht A-C","11W0-0000-0859-A","Hydro Pumped Storage","11W0-0000-0859-A","16/04/2026 01:00 - 16/04/2026 02:00","n/e","n/e"
"16/04/2026 00:00 - 17/04/2026 00:00","CTA|DE(50Hertz)","Geesthacht A-C","11W0-0000-0859-A","Hydro Pumped Storage","11W0-0000-0859-A","16/04/2026 02:00 - 16/04/2026 03:00","n/e","n/e"
"16/04/2026 00:00 - 17/04/2026 00:00","CTA|DE(50Hertz)","Geesthacht A-C","11W0-0000-0859-A","Hydro Pumped Storage","11W0-0000-0859-A","16/04/2026 03:00 - 16/04/2026 04:00","n/e","n/e"
"16/04/2026 00:00 - 17/04/2026 00:00","CTA|DE(50Hertz)","Geesthacht A-C","11W0-0000-0859-A","Hydro Pumped Storage","11W0-0000-0859-A","16/04/2026 04:00 - 16/04/2026 05:00","n/e","n/e"
"16/04/2026 00:00 - 17/04/2026 00:00","CTA|DE(50Hertz)","Geesthacht A-C","11W0-0000-0859-A","Hydro Pumped Storage","11W0-0000-0859-A","16/04/2026 05:00 - 16/04/2026 06:00","n/e","n/e"
"16/04/2026 00:00 - 17/04/2026 00:00","CTA|DE(50Hertz)","Geesthacht A-C","11W0-0000-0859-A","Hydro Pumped Storage","11W0-0000-0859-A","16/04/2026 06:00 - 16/04/2026 07:00","n/e","n/e"
"16/04/2026 00:00 - 17/04/2026 00:00","CTA|DE(50Hertz)","Geesthacht A-C","11W0-0000-0859-A","Hydro Pumped Storage","11W0-0000-0859-A","16/04/2026 07:00 - 16/04/2026 08:00","n/e","n/e"
"16/04/2026 00:00 - 17/04/2026 00:00","CTA|DE(50Hertz)","Geesthacht A-C","11W0-0000-0859-A","Hydro Pumped Storage","11W0-0000-0859-A","16/04/2026 08:00 - 16/04/2026 09:00","n/e","n/e"
"16/04/2026 00:00 - 17/04/2026 00:00","CTA|DE(50Hertz)","Geesthacht A-C","11W0-0000-0859-A","Hydro Pumped Storage","11W0-0000-0859-A","16/04/2026 09:00 - 16/04/2026 10:00","n/e","n/e"
"16/04/2026 00:00 - 17/04/2026 00:00","CTA|DE(50Hertz)","Geesthacht A-C","11W0-0000-0859-A","Hydro Pumped Storage","11W0-0000-0859-A","16/04/2026 10:00 - 16/04/2026 11:00","n/e","n/e"
"16/04/2026 00:00 - 17/04/2026 00:00","CTA|DE(50Hertz)","Geesthacht A-C","11W0-0000-0859-A","Hydro Pumped Storage","11W0-0000-0859-A","16/04/2026 11:00 - 16/04/2026 12:00","n/e","n/e"
"16/04/2026 00:00 - 17/04/2026 00:00","CTA|DE(50Hertz)","Geesthacht A-C","11W0-0000-0859-A","Hydro Pumped Storage","11W0-0000-0859-A","16/04/2026 12:00 - 16/04/2026 13:00","n/e","n/e"
"16/04/2026 00:00 - 17/04/2026 00:00","CTA|DE(50Hertz)","Geesthacht A-C","11W0-0000-0859-A","Hydro Pumped Storage","11W0-0000-0859-A","16/04/2026 13:00 - 16/04/2026 14:00","n/e","n/e"
"16/04/2026 00:00 - 17/04/2026 00:00","CTA|DE(50Hertz)","Geesthacht A-C","11W0-0000-0859-A","Hydro Pumped Storage","11W0-0000-0859-A","16/04/2026 14:00 - 16/04/2026 15:00","n/e","n/e"
"16/04/2026 00:00 - 17/04/2026 00:00","CTA|DE(50Hertz)","Geesthacht A-C","11W0-0000-0859-A","Hydro Pumped Storage","11W0-0000-0859-A","16/04/2026 15:00 - 16/04/2026 16:00","n/e","n/e"
"16/04/2026 00:00 - 17/04/2026 00:00","CTA|DE(50Hertz)","Geesthacht A-C","11W0-0000-0859-A","Hydro Pumped Storage","11W0-0000-0859-A","16/04/2026 16:00 - 16/04/2026 17:00","n/e","n/e"
"16/04/2026 00:00 - 17/04/2026 00:00","CTA|DE(50Hertz)","Geesthacht A-C","11W0-0000-0859-A","Hydro Pumped Storage","11W0-0000-0859-A","16/04/2026 17:00 - 16/04/2026 18:00","n/e","n/e"
"16/04/2026 00:00 - 17/04/2026 00:00","CTA|DE(50Hertz)","Geesthacht A-C","11W0-0000-0859-A","Hydro Pumped Storage","11W0-0000-0859-A","16/04/2026 18:00 - 16/04/2026 19:00","n/e","n/e"
"16/04/2026 00:00 - 17/04/2026 00:00","CTA|DE(50Hertz)","Geesthacht A-C","11W0-0000-0859-A","Hydro Pumped Storage","11W0-0000-0859-A","16/04/2026 19:00 - 16/04/2026 20:00","n/e","n/e"
"16/04/2026 00:00 - 17/04/2026 00:00","CTA|DE(50Hertz)","Geesthacht A-C","11W0-0000-0859-A","Hydro Pumped Storage","11W0-0000-0859-A","16/04/2026 20:00 - 16/04/2026 21:00","n/e","n/e"
"16/04/2026 00:00 - 17/04/2026 00:00","CTA|DE(50Hertz)","Geesthacht A-C","11W0-0000-0859-A","Hydro Pumped Storage","11W0-0000-0859-A","16/04/2026 21:00 - 16/04/2026 22:00","n/e","n/e"
"16/04/2026 00:00 - 17/04/2026 00:00","CTA|DE(50Hertz)","Geesthacht A-C","11W0-0000-0859-A","Hydro Pumped Storage","11W0-0000-0859-A","16/04/2026 22:00 - 16/04/2026 23:00","n/e","n/e"
"16/04/2026 00:00 - 17/04/2026 00:00","CTA|DE(50Hertz)","Geesthacht A-C","11W0-0000-0859-A","Hydro Pumped Storage","11W0-0000-0859-A","16/04/2026 23:00 - 17/04/2026 00:00","n/e","n/e"
