"Time Interval (CET/CEST)","Area","Unit Name","Unit Code","Type","Instance Code","MTU (CET/CEST)","Generation (MW)","Consumption (MW)"
"24/04/2026 00:00 - 25/04/2026 00:00","CTA|DE(Amprion)","RUHRORT-4","11WD7BEEC5XRUH4E","Fossil Coal-derived gas","11WD7BEEC5XRUH4E","24/04/2026 00:00 - 24/04/2026 01:00","0.00",""
"24/04/2026 00:00 - 25/04/2026 00:00","CTA|DE(Amprion)","RUHRORT-4","11WD7BEEC5XRUH4E","Fossil Coal-derived gas","11WD7BEEC5XRUH4E","24/04/2026 01:00 - 24/04/2026 02:00","0.00",""
"24/04/2026 00:00 - 25/04/2026 00:00","CTA|DE(Amprion)","RUHRORT-4","11WD7BEEC5XRUH4E","Fossil Coal-derived gas","11WD7BEEC5XRUH4E","24/04/2026 02:00 - 24/04/2026 03:00","0.00",""
"24/04/2026 00:00 - 25/04/2026 00:00","CTA|DE(Amprion)","RUHRORT-4","11WD7BEEC5XRUH4E","Fossil Coal-derived gas","11WD7BEEC5XRUH4E","24/04/2026 03:00 - 24/04/2026 04:00","0.00",""
"24/04/2026 00:00 - 25/04/2026 00:00","CTA|DE(Amprion)","RUHRORT-4","11WD7BEEC5XRUH4E","Fossil Coal-derived gas","11WD7BEEC5XRUH4E","24/04/2026 04:00 - 24/04/2026 05:00","0.00",""
"24/04/2026 00:00 - 25/04/2026 00:00","CTA|DE(Amprion)","RUHRORT-4","11WD7BEEC5XRUH4E","Fossil Coal-derived gas","11WD7BEEC5XRUH4E","24/04/2026 05:00 - 24/04/2026 06:00","0.00",""
"24/04/2026 00:00 - 25/04/2026 00:00","CTA|DE(Amprion)","RUHRORT-4","11WD7BEEC5XRUH4E","Fossil Coal-derived gas","11WD7BEEC5XRUH4E","24/04/2026 06:00 - 24/04/2026 07:00","0.00",""
"24/04/2026 00:00 - 25/04/2026 00:00","CTA|DE(Amprion)","RUHRORT-4","11WD7BEEC5XRUH4E","Fossil Coal-derived gas","11WD7BEEC5XRUH4E","24/04/2026 07:00 - 24/04/2026 08:00","0.00",""
"24/04/2026 00:00 - 25/04/2026 00:00","CTA|DE(Amprion)","RUHRORT-4","11WD7BEEC5XRUH4E","Fossil Coal-derived gas","11WD7BEEC5XRUH4E","24/04/2026 08:00 - 24/04/2026 09:00","0.00",""
"24/04/2026 00:00 - 25/04/2026 00:00","CTA|DE(Amprion)","RUHRORT-4","11WD7BEEC5XRUH4E","Fossil Coal-derived gas","11WD7BEEC5XRUH4E","24/04/2026 09:00 - 24/04/2026 10:00","0.00",""
"24/04/2026 00:00 - 25/04/2026 00:00","CTA|DE(Amprion)","RUHRORT-4","11WD7BEEC5XRUH4E","Fossil Coal-derived gas","11WD7BEEC5XRUH4E","24/04/2026 10:00 - 24/04/2026 11:00","0.00",""
"24/04/2026 00:00 - 25/04/2026 00:00","CTA|DE(Amprion)","RUHRORT-4","11WD7BEEC5XRUH4E","Fossil Coal-derived gas","11WD7BEEC5XRUH4E","24/04/2026 11:00 - 24/04/2026 12:00","0.00",""
"24/04/2026 00:00 - 25/04/2026 00:00","CTA|DE(Amprion)","RUHRORT-4","11WD7BEEC5XRUH4E","Fossil Coal-derived gas","11WD7BEEC5XRUH4E","24/04/2026 12:00 - 24/04/2026 13:00","0.00",""
"24/04/2026 00:00 - 25/04/2026 00:00","CTA|DE(Amprion)","RUHRORT-4","11WD7BEEC5XRUH4E","Fossil Coal-derived gas","11WD7BEEC5XRUH4E","24/04/2026 13:00 - 24/04/2026 14:00","0.00",""
"24/04/2026 00:00 - 25/04/2026 00:00","CTA|DE(Amprion)","RUHRORT-4","11WD7BEEC5XRUH4E","Fossil Coal-derived gas","11WD7BEEC5XRUH4E","24/04/2026 14:00 - 24/04/2026 15:00","0.00",""
"24/04/2026 00:00 - 25/04/2026 00:00","CTA|DE(Amprion)","RUHRORT-4","11WD7BEEC5XRUH4E","Fossil Coal-derived gas","11WD7BEEC5XRUH4E","24/04/2026 15:00 - 24/04/2026 16:00","0.00",""
"24/04/2026 00:00 - 25/04/2026 00:00","CTA|DE(Amprion)","RUHRORT-4","11WD7BEEC5XRUH4E","Fossil Coal-derived gas","11WD7BEEC5XRUH4E","24/04/2026 16:00 - 24/04/2026 17:00","0.00",""
"24/04/2026 00:00 - 25/04/2026 00:00","CTA|DE(Amprion)","RUHRORT-4","11WD7BEEC5XRUH4E","Fossil Coal-derived gas","11WD7BEEC5XRUH4E","24/04/2026 17:00 - 24/04/2026 18:00","0.00",""
"24/04/2026 00:00 - 25/04/2026 00:00","CTA|DE(Amprion)","RUHRORT-4","11WD7BEEC5XRUH4E","Fossil Coal-derived gas","11WD7BEEC5XRUH4E","24/04/2026 18:00 - 24/04/2026 19:00","0.00",""
"24/04/2026 00:00 - 25/04/2026 00:00","CTA|DE(Amprion)","RUHRORT-4","11WD7BEEC5XRUH4E","Fossil Coal-derived gas","11WD7BEEC5XRUH4E","24/04/2026 19:00 - 24/04/2026 20:00","0.00",""
"24/04/2026 00:00 - 25/04/2026 00:00","CTA|DE(Amprion)","RUHRORT-4","11WD7BEEC5XRUH4E","Fossil Coal-derived gas","11WD7BEEC5XRUH4E","24/04/2026 20:00 - 24/04/2026 21:00","0.00",""
"24/04/2026 00:00 - 25/04/2026 00:00","CTA|DE(Amprion)","RUHRORT-4","11WD7BEEC5XRUH4E","Fossil Coal-derived gas","11WD7BEEC5XRUH4E","24/04/2026 21:00 - 24/04/2026 22:00","0.00",""
"24/04/2026 00:00 - 25/04/2026 00:00","CTA|DE(Amprion)","RUHRORT-4","11WD7BEEC5XRUH4E","Fossil Coal-derived gas","11WD7BEEC5XRUH4E","24/04/2026 22:00 - 24/04/2026 23:00","0.00",""
"24/04/2026 00:00 - 25/04/2026 00:00","CTA|DE(Amprion)","RUHRORT-4","11WD7BEEC5XRUH4E","Fossil Coal-derived gas","11WD7BEEC5XRUH4E","24/04/2026 23:00 - 25/04/2026 00:00","0.00",""
"24/04/2026 00:00 - 25/04/2026 00:00","CTA|DE(Amprion)","BERGKAMEN_A","11WD7BERG1S--A-X","Fossil Hard coal","11WD7BERG1S--A-X","24/04/2026 00:00 - 24/04/2026 01:00","0.00",""
"24/04/2026 00:00 - 25/04/2026 00:00","CTA|DE(Amprion)","BERGKAMEN_A","11WD7BERG1S--A-X","Fossil Hard coal","11WD7BERG1S--A-X","24/04/2026 01:00 - 24/04/2026 02:00","0.00",""
"24/04/2026 00:00 - 25/04/2026 00:00","CTA|DE(Amprion)","BERGKAMEN_A","11WD7BERG1S--A-X","Fossil Hard coal","11WD7BERG1S--A-X","24/04/2026 02:00 - 24/04/2026 03:00","0.00",""
"24/04/2026 00:00 - 25/04/2026 00:00","CTA|DE(Amprion)","BERGKAMEN_A","11WD7BERG1S--A-X","Fossil Hard coal","11WD7BERG1S--A-X","24/04/2026 03:00 - 24/04/2026 04:00","0.00",""
"24/04/2026 00:00 - 25/04/2026 00:00","CTA|DE(Amprion)","BERGKAMEN_A","11WD7BERG1S--A-X","Fossil Hard coal","11WD7BERG1S--A-X","24/04/2026 04:00 - 24/04/2026 05:00","0.00",""
"24/04/2026 00:00 - 25/04/2026 00:00","CTA|DE(Amprion)","BERGKAMEN_A","11WD7BERG1S--A-X","Fossil Hard coal","11WD7BERG1S--A-X","24/04/2026 05:00 - 24/04/2026 06:00","0.00",""
"24/04/2026 00:00 - 25/04/2026 00:00","CTA|DE(Amprion)","BERGKAMEN_A","11WD7BERG1S--A-X","Fossil Hard coal","11WD7BERG1S--A-X","24/04/2026 06:00 - 24/04/2026 07:00","0.00",""
"24/04/2026 00:00 - 25/04/2026 00:00","CTA|DE(Amprion)","BERGKAMEN_A","11WD7BERG1S--A-X","Fossil Hard coal","11WD7BERG1S--A-X","24/04/2026 07:00 - 24/04/2026 08:00","0.00",""
"24/04/2026 00:00 - 25/04/2026 00:00","CTA|DE(Amprion)","BERGKAMEN_A","11WD7BERG1S--A-X","Fossil Hard coal","11WD7BERG1S--A-X","24/04/2026 08:00 - 24/04/2026 09:00","0.00",""
"24/04/2026 00:00 - 25/04/2026 00:00","CTA|DE(Amprion)","BERGKAMEN_A","11WD7BERG1S--A-X","Fossil Hard coal","11WD7BERG1S--A-X","24/04/2026 09:00 - 24/04/2026 10:00","0.00",""
"24/04/2026 00:00 - 25/04/2026 00:00","CTA|DE(Amprion)","BERGKAMEN_A","11WD7BERG1S--A-X","Fossil Hard coal","11WD7BERG1S--A-X","24/04/2026 10:00 - 24/04/2026 11:00","0.00",""
"24/04/2026 00:00 - 25/04/2026 00:00","CTA|DE(Amprion)","BERGKAMEN_A","11WD7BERG1S--A-X","Fossil Hard coal","11WD7BERG1S--A-X","24/04/2026 11:00 - 24/04/2026 12:00","0.00",""
"24/04/2026 00:00 - 25/04/2026 00:00","CTA|DE(Amprion)","BERGKAMEN_A","11WD7BERG1S--A-X","Fossil Hard coal","11WD7BERG1S--A-X","24/04/2026 12:00 - 24/04/2026 13:00","0.00",""
"24/04/2026 00:00 - 25/04/2026 00:00","CTA|DE(Amprion)","BERGKAMEN_A","11WD7BERG1S--A-X","Fossil Hard coal","11WD7BERG1S--A-X","24/04/2026 13:00 - 24/04/2026 14:00","0.00",""
"24/04/2026 00:00 - 25/04/2026 00:00","CTA|DE(Amprion)","BERGKAMEN_A","11WD7BERG1S--A-X","Fossil Hard coal","11WD7BERG1S--A-X","24/04/2026 14:00 - 24/04/2026 15:00","0.00",""
"24/04/2026 00:00 - 25/04/2026 00:00","CTA|DE(Amprion)","BERGKAMEN_A","11WD7BERG1S--A-X","Fossil Hard coal","11WD7BERG1S--A-X","24/04/2026 15:00 - 24/04/2026 16:00","0.00",""
"24/04/2026 00:00 - 25/04/2026 00:00","CTA|DE(Amprion)","BERGKAMEN_A","11WD7BERG1S--A-X","Fossil Hard coal","11WD7BERG1S--A-X","24/04/2026 16:00 - 24/04/2026 17:00","0.00",""
"24/04/2026 00:00 - 25/04/2026 00:00","CTA|DE(Amprion)","BERGKAMEN_A","11WD7BERG1S--A-X","Fossil Hard coal","11WD7BERG1S--A-X","24/04/2026 17:00 - 24/04/2026 18:00","0.00",""
"24/04/2026 00:00 - 25/04/2026 00:00","CTA|DE(Amprion)","BERGKAMEN_A","11WD7BERG1S--A-X","Fossil Hard coal","11WD7BERG1S--A-X","24/04/2026 18:00 - 24/04/2026 19:00","0.00",""
"24/04/2026 00:00 - 25/04/2026 00:00","CTA|DE(Amprion)","BERGKAMEN_A","11WD7BERG1S--A-X","Fossil Hard coal","11WD7BERG1S--A-X","24/04/2026 19:00 - 24/04/2026 20:00","0.00",""
"24/04/2026 00:00 - 25/04/2026 00:00","CTA|DE(Amprion)","BERGKAMEN_A","11WD7BERG1S--A-X","Fossil Hard coal","11WD7BERG1S--A-X","24/04/2026 20:00 - 24/04/2026 21:00","0.00",""
"24/04/2026 00:00 - 25/04/2026 00:00","CTA|DE(Amprion)","BERGKAMEN_A","11WD7BERG1S--A-X","Fossil Hard coal","11WD7BERG1S--A-X","24/04/2026 21:00 - 24/04/2026 22:00","0.00",""
"24/04/2026 00:00 - 25/04/2026 00:00","CTA|DE(Amprion)","BERGKAMEN_A","11WD7BERG1S--A-X","Fossil Hard coal","11WD7BERG1S--A-X","24/04/2026 22:00 - 24/04/2026 23:00","0.00",""
"24/04/2026 00:00 - 25/04/2026 00:00","CTA|DE(Amprion)","BERGKAMEN_A","11WD7BERG1S--A-X","Fossil Hard coal","11WD7BERG1S--A-X","24/04/2026 23:00 - 25/04/2026 00:00","0.00",""
"24/04/2026 00:00 - 25/04/2026 00:00","CTA|DE(Amprion)","KMW_KW3","11WD7BISC5GKW3-T","Fossil Gas","11WD7BISC5GKW3-T","24/04/2026 00:00 - 24/04/2026 01:00","0.00",""
"24/04/2026 00:00 - 25/04/2026 00:00","CTA|DE(Amprion)","KMW_KW3","11WD7BISC5GKW3-T","Fossil Gas","11WD7BISC5GKW3-T","24/04/2026 01:00 - 24/04/2026 02:00","0.00",""
"24/04/2026 00:00 - 25/04/2026 00:00","CTA|DE(Amprion)","KMW_KW3","11WD7BISC5GKW3-T","Fossil Gas","11WD7BISC5GKW3-T","24/04/2026 02:00 - 24/04/2026 03:00","0.00",""
"24/04/2026 00:00 - 25/04/2026 00:00","CTA|DE(Amprion)","KMW_KW3","11WD7BISC5GKW3-T","Fossil Gas","11WD7BISC5GKW3-T","24/04/2026 03:00 - 24/04/2026 04:00","0.00",""
"24/04/2026 00:00 - 25/04/2026 00:00","CTA|DE(Amprion)","KMW_KW3","11WD7BISC5GKW3-T","Fossil Gas","11WD7BISC5GKW3-T","24/04/2026 04:00 - 24/04/2026 05:00","0.00",""
"24/04/2026 00:00 - 25/04/2026 00:00","CTA|DE(Amprion)","KMW_KW3","11WD7BISC5GKW3-T","Fossil Gas","11WD7BISC5GKW3-T","24/04/2026 05:00 - 24/04/2026 06:00","0.00",""
"24/04/2026 00:00 - 25/04/2026 00:00","CTA|DE(Amprion)","KMW_KW3","11WD7BISC5GKW3-T","Fossil Gas","11WD7BISC5GKW3-T","24/04/2026 06:00 - 24/04/2026 07:00","0.00",""
"24/04/2026 00:00 - 25/04/2026 00:00","CTA|DE(Amprion)","KMW_KW3","11WD7BISC5GKW3-T","Fossil Gas","11WD7BISC5GKW3-T","24/04/2026 07:00 - 24/04/2026 08:00","0.00",""
"24/04/2026 00:00 - 25/04/2026 00:00","CTA|DE(Amprion)","KMW_KW3","11WD7BISC5GKW3-T","Fossil Gas","11WD7BISC5GKW3-T","24/04/2026 08:00 - 24/04/2026 09:00","0.00",""
"24/04/2026 00:00 - 25/04/2026 00:00","CTA|DE(Amprion)","KMW_KW3","11WD7BISC5GKW3-T","Fossil Gas","11WD7BISC5GKW3-T","24/04/2026 09:00 - 24/04/2026 10:00","0.00",""
"24/04/2026 00:00 - 25/04/2026 00:00","CTA|DE(Amprion)","KMW_KW3","11WD7BISC5GKW3-T","Fossil Gas","11WD7BISC5GKW3-T","24/04/2026 10:00 - 24/04/2026 11:00","0.00",""
"24/04/2026 00:00 - 25/04/2026 00:00","CTA|DE(Amprion)","KMW_KW3","11WD7BISC5GKW3-T","Fossil Gas","11WD7BISC5GKW3-T","24/04/2026 11:00 - 24/04/2026 12:00","0.00",""
"24/04/2026 00:00 - 25/04/2026 00:00","CTA|DE(Amprion)","KMW_KW3","11WD7BISC5GKW3-T","Fossil Gas","11WD7BISC5GKW3-T","24/04/2026 12:00 - 24/04/2026 13:00","0.00",""
"24/04/2026 00:00 - 25/04/2026 00:00","CTA|DE(Amprion)","KMW_KW3","11WD7BISC5GKW3-T","Fossil Gas","11WD7BISC5GKW3-T","24/04/2026 13:00 - 24/04/2026 14:00","0.00",""
"24/04/2026 00:00 - 25/04/2026 00:00","CTA|DE(Amprion)","KMW_KW3","11WD7BISC5GKW3-T","Fossil Gas","11WD7BISC5GKW3-T","24/04/2026 14:00 - 24/04/2026 15:00","0.00",""
"24/04/2026 00:00 - 25/04/2026 00:00","CTA|DE(Amprion)","KMW_KW3","11WD7BISC5GKW3-T","Fossil Gas","11WD7BISC5GKW3-T","24/04/2026 15:00 - 24/04/2026 16:00","0.00",""
"24/04/2026 00:00 - 25/04/2026 00:00","CTA|DE(Amprion)","KMW_KW3","11WD7BISC5GKW3-T","Fossil Gas","11WD7BISC5GKW3-T","24/04/2026 16:00 - 24/04/2026 17:00","0.00",""
"24/04/2026 00:00 - 25/04/2026 00:00","CTA|DE(Amprion)","KMW_KW3","11WD7BISC5GKW3-T","Fossil Gas","11WD7BISC5GKW3-T","24/04/2026 17:00 - 24/04/2026 18:00","0.00",""
"24/04/2026 00:00 - 25/04/2026 00:00","CTA|DE(Amprion)","KMW_KW3","11WD7BISC5GKW3-T","Fossil Gas","11WD7BISC5GKW3-T","24/04/2026 18:00 - 24/04/2026 19:00","0.00",""
"24/04/2026 00:00 - 25/04/2026 00:00","CTA|DE(Amprion)","KMW_KW3","11WD7BISC5GKW3-T","Fossil Gas","11WD7BISC5GKW3-T","24/04/2026 19:00 - 24/04/2026 20:00","0.00",""
"24/04/2026 00:00 - 25/04/2026 00:00","CTA|DE(Amprion)","KMW_KW3","11WD7BISC5GKW3-T","Fossil Gas","11WD7BISC5GKW3-T","24/04/2026 20:00 - 24/04/2026 21:00","0.00",""
"24/04/2026 00:00 - 25/04/2026 00:00","CTA|DE(Amprion)","KMW_KW3","11WD7BISC5GKW3-T","Fossil Gas","11WD7BISC5GKW3-T","24/04/2026 21:00 - 24/04/2026 22:00","0.00",""
"24/04/2026 00:00 - 25/04/2026 00:00","CTA|DE(Amprion)","KMW_KW3","11WD7BISC5GKW3-T","Fossil Gas","11WD7BISC5GKW3-T","24/04/2026 22:00 - 24/04/2026 23:00","0.00",""
"24/04/2026 00:00 - 25/04/2026 00:00","CTA|DE(Amprion)","KMW_KW3","11WD7BISC5GKW3-T","Fossil Gas","11WD7BISC5GKW3-T","24/04/2026 23:00 - 25/04/2026 00:00","0.00",""
"24/04/2026 00:00 - 25/04/2026 00:00","CTA|DE(Amprion)","DT HKW-Niehl-2","11WD7BOLA5GDTN2T","Fossil Gas","11WD7BOLA5GDTN2T","24/04/2026 00:00 - 24/04/2026 01:00","121.08",""
"24/04/2026 00:00 - 25/04/2026 00:00","CTA|DE(Amprion)","DT HKW-Niehl-2","11WD7BOLA5GDTN2T","Fossil Gas","11WD7BOLA5GDTN2T","24/04/2026 01:00 - 24/04/2026 02:00","121.25",""
"24/04/2026 00:00 - 25/04/2026 00:00","CTA|DE(Amprion)","DT HKW-Niehl-2","11WD7BOLA5GDTN2T","Fossil Gas","11WD7BOLA5GDTN2T","24/04/2026 02:00 - 24/04/2026 03:00","122.13",""
"24/04/2026 00:00 - 25/04/2026 00:00","CTA|DE(Amprion)","DT HKW-Niehl-2","11WD7BOLA5GDTN2T","Fossil Gas","11WD7BOLA5GDTN2T","24/04/2026 03:00 - 24/04/2026 04:00","122.70",""
"24/04/2026 00:00 - 25/04/2026 00:00","CTA|DE(Amprion)","DT HKW-Niehl-2","11WD7BOLA5GDTN2T","Fossil Gas","11WD7BOLA5GDTN2T","24/04/2026 04:00 - 24/04/2026 05:00","120.25",""
"24/04/2026 00:00 - 25/04/2026 00:00","CTA|DE(Amprion)","DT HKW-Niehl-2","11WD7BOLA5GDTN2T","Fossil Gas","11WD7BOLA5GDTN2T","24/04/2026 05:00 - 24/04/2026 06:00","110.00",""
"24/04/2026 00:00 - 25/04/2026 00:00","CTA|DE(Amprion)","DT HKW-Niehl-2","11WD7BOLA5GDTN2T","Fossil Gas","11WD7BOLA5GDTN2T","24/04/2026 06:00 - 24/04/2026 07:00","110.00",""
"24/04/2026 00:00 - 25/04/2026 00:00","CTA|DE(Amprion)","DT HKW-Niehl-2","11WD7BOLA5GDTN2T","Fossil Gas","11WD7BOLA5GDTN2T","24/04/2026 07:00 - 24/04/2026 08:00","110.00",""
"24/04/2026 00:00 - 25/04/2026 00:00","CTA|DE(Amprion)","DT HKW-Niehl-2","11WD7BOLA5GDTN2T","Fossil Gas","11WD7BOLA5GDTN2T","24/04/2026 08:00 - 24/04/2026 09:00","100.75",""
"24/04/2026 00:00 - 25/04/2026 00:00","CTA|DE(Amprion)","DT HKW-Niehl-2","11WD7BOLA5GDTN2T","Fossil Gas","11WD7BOLA5GDTN2T","24/04/2026 09:00 - 24/04/2026 10:00","0.00",""
"24/04/2026 00:00 - 25/04/2026 00:00","CTA|DE(Amprion)","DT HKW-Niehl-2","11WD7BOLA5GDTN2T","Fossil Gas","11WD7BOLA5GDTN2T","24/04/2026 10:00 - 24/04/2026 11:00","0.00",""
"24/04/2026 00:00 - 25/04/2026 00:00","CTA|DE(Amprion)","DT HKW-Niehl-2","11WD7BOLA5GDTN2T","Fossil Gas","11WD7BOLA5GDTN2T","24/04/2026 11:00 - 24/04/2026 12:00","0.00",""
"24/04/2026 00:00 - 25/04/2026 00:00","CTA|DE(Amprion)","DT HKW-Niehl-2","11WD7BOLA5GDTN2T","Fossil Gas","11WD7BOLA5GDTN2T","24/04/2026 12:00 - 24/04/2026 13:00","0.00",""
"24/04/2026 00:00 - 25/04/2026 00:00","CTA|DE(Amprion)","DT HKW-Niehl-2","11WD7BOLA5GDTN2T","Fossil Gas","11WD7BOLA5GDTN2T","24/04/2026 13:00 - 24/04/2026 14:00","0.00",""
"24/04/2026 00:00 - 25/04/2026 00:00","CTA|DE(Amprion)","DT HKW-Niehl-2","11WD7BOLA5GDTN2T","Fossil Gas","11WD7BOLA5GDTN2T","24/04/2026 14:00 - 24/04/2026 15:00","0.00",""
"24/04/2026 00:00 - 25/04/2026 00:00","CTA|DE(Amprion)","DT HKW-Niehl-2","11WD7BOLA5GDTN2T","Fossil Gas","11WD7BOLA5GDTN2T","24/04/2026 15:00 - 24/04/2026 16:00","0.00",""
"24/04/2026 00:00 - 25/04/2026 00:00","CTA|DE(Amprion)","DT HKW-Niehl-2","11WD7BOLA5GDTN2T","Fossil Gas","11WD7BOLA5GDTN2T","24/04/2026 16:00 - 24/04/2026 17:00","0.00",""
"24/04/2026 00:00 - 25/04/2026 00:00","CTA|DE(Amprion)","DT HKW-Niehl-2","11WD7BOLA5GDTN2T","Fossil Gas","11WD7BOLA5GDTN2T","24/04/2026 17:00 - 24/04/2026 18:00","0.00",""
"24/04/2026 00:00 - 25/04/2026 00:00","CTA|DE(Amprion)","DT HKW-Niehl-2","11WD7BOLA5GDTN2T","Fossil Gas","11WD7BOLA5GDTN2T","24/04/2026 18:00 - 24/04/2026 19:00","0.00",""
"24/04/2026 00:00 - 25/04/2026 00:00","CTA|DE(Amprion)","DT HKW-Niehl-2","11WD7BOLA5GDTN2T","Fossil Gas","11WD7BOLA5GDTN2T","24/04/2026 19:00 - 24/04/2026 20:00","0.00",""
"24/04/2026 00:00 - 25/04/2026 00:00","CTA|DE(Amprion)","DT HKW-Niehl-2","11WD7BOLA5GDTN2T","Fossil Gas","11WD7BOLA5GDTN2T","24/04/2026 20:00 - 24/04/2026 21:00","0.00",""
"24/04/2026 00:00 - 25/04/2026 00:00","CTA|DE(Amprion)","DT HKW-Niehl-2","11WD7BOLA5GDTN2T","Fossil Gas","11WD7BOLA5GDTN2T","24/04/2026 21:00 - 24/04/2026 22:00","0.00",""
"24/04/2026 00:00 - 25/04/2026 00:00","CTA|DE(Amprion)","DT HKW-Niehl-2","11WD7BOLA5GDTN2T","Fossil Gas","11WD7BOLA5GDTN2T","24/04/2026 22:00 - 24/04/2026 23:00","0.00",""
"24/04/2026 00:00 - 25/04/2026 00:00","CTA|DE(Amprion)","DT HKW-Niehl-2","11WD7BOLA5GDTN2T","Fossil Gas","11WD7BOLA5GDTN2T","24/04/2026 23:00 - 25/04/2026 00:00","0.00",""
"24/04/2026 00:00 - 25/04/2026 00:00","CTA|DE(Amprion)","GT HKW-Niehl-2","11WD7BOLA5GGTN2E","Fossil Gas","11WD7BOLA5GGTN2E","24/04/2026 00:00 - 24/04/2026 01:00","242.13",""
"24/04/2026 00:00 - 25/04/2026 00:00","CTA|DE(Amprion)","GT HKW-Niehl-2","11WD7BOLA5GGTN2E","Fossil Gas","11WD7BOLA5GGTN2E","24/04/2026 01:00 - 24/04/2026 02:00","242.45",""
"24/04/2026 00:00 - 25/04/2026 00:00","CTA|DE(Amprion)","GT HKW-Niehl-2","11WD7BOLA5GGTN2E","Fossil Gas","11WD7BOLA5GGTN2E","24/04/2026 02:00 - 24/04/2026 03:00","244.22",""
"24/04/2026 00:00 - 25/04/2026 00:00","CTA|DE(Amprion)","GT HKW-Niehl-2","11WD7BOLA5GGTN2E","Fossil Gas","11WD7BOLA5GGTN2E","24/04/2026 03:00 - 24/04/2026 04:00","245.47",""
"24/04/2026 00:00 - 25/04/2026 00:00","CTA|DE(Amprion)","GT HKW-Niehl-2","11WD7BOLA5GGTN2E","Fossil Gas","11WD7BOLA5GGTN2E","24/04/2026 04:00 - 24/04/2026 05:00","240.43",""
"24/04/2026 00:00 - 25/04/2026 00:00","CTA|DE(Amprion)","GT HKW-Niehl-2","11WD7BOLA5GGTN2E","Fossil Gas","11WD7BOLA5GGTN2E","24/04/2026 05:00 - 24/04/2026 06:00","220.00",""
"24/04/2026 00:00 - 25/04/2026 00:00","CTA|DE(Amprion)","GT HKW-Niehl-2","11WD7BOLA5GGTN2E","Fossil Gas","11WD7BOLA5GGTN2E","24/04/2026 06:00 - 24/04/2026 07:00","220.00",""
"24/04/2026 00:00 - 25/04/2026 00:00","CTA|DE(Amprion)","GT HKW-Niehl-2","11WD7BOLA5GGTN2E","Fossil Gas","11WD7BOLA5GGTN2E","24/04/2026 07:00 - 24/04/2026 08:00","220.00",""
"24/04/2026 00:00 - 25/04/2026 00:00","CTA|DE(Amprion)","GT HKW-Niehl-2","11WD7BOLA5GGTN2E","Fossil Gas","11WD7BOLA5GGTN2E","24/04/2026 08:00 - 24/04/2026 09:00","201.50",""
"24/04/2026 00:00 - 25/04/2026 00:00","CTA|DE(Amprion)","GT HKW-Niehl-2","11WD7BOLA5GGTN2E","Fossil Gas","11WD7BOLA5GGTN2E","24/04/2026 09:00 - 24/04/2026 10:00","0.00",""
"24/04/2026 00:00 - 25/04/2026 00:00","CTA|DE(Amprion)","GT HKW-Niehl-2","11WD7BOLA5GGTN2E","Fossil Gas","11WD7BOLA5GGTN2E","24/04/2026 10:00 - 24/04/2026 11:00","0.00",""
"24/04/2026 00:00 - 25/04/2026 00:00","CTA|DE(Amprion)","GT HKW-Niehl-2","11WD7BOLA5GGTN2E","Fossil Gas","11WD7BOLA5GGTN2E","24/04/2026 11:00 - 24/04/2026 12:00","0.00",""
"24/04/2026 00:00 - 25/04/2026 00:00","CTA|DE(Amprion)","GT HKW-Niehl-2","11WD7BOLA5GGTN2E","Fossil Gas","11WD7BOLA5GGTN2E","24/04/2026 12:00 - 24/04/2026 13:00","0.00",""
"24/04/2026 00:00 - 25/04/2026 00:00","CTA|DE(Amprion)","GT HKW-Niehl-2","11WD7BOLA5GGTN2E","Fossil Gas","11WD7BOLA5GGTN2E","24/04/2026 13:00 - 24/04/2026 14:00","0.00",""
"24/04/2026 00:00 - 25/04/2026 00:00","CTA|DE(Amprion)","GT HKW-Niehl-2","11WD7BOLA5GGTN2E","Fossil Gas","11WD7BOLA5GGTN2E","24/04/2026 14:00 - 24/04/2026 15:00","0.00",""
"24/04/2026 00:00 - 25/04/2026 00:00","CTA|DE(Amprion)","GT HKW-Niehl-2","11WD7BOLA5GGTN2E","Fossil Gas","11WD7BOLA5GGTN2E","24/04/2026 15:00 - 24/04/2026 16:00","0.00",""
"24/04/2026 00:00 - 25/04/2026 00:00","CTA|DE(Amprion)","GT HKW-Niehl-2","11WD7BOLA5GGTN2E","Fossil Gas","11WD7BOLA5GGTN2E","24/04/2026 16:00 - 24/04/2026 17:00","0.00",""
"24/04/2026 00:00 - 25/04/2026 00:00","CTA|DE(Amprion)","GT HKW-Niehl-2","11WD7BOLA5GGTN2E","Fossil Gas","11WD7BOLA5GGTN2E","24/04/2026 17:00 - 24/04/2026 18:00","0.00",""
"24/04/2026 00:00 - 25/04/2026 00:00","CTA|DE(Amprion)","GT HKW-Niehl-2","11WD7BOLA5GGTN2E","Fossil Gas","11WD7BOLA5GGTN2E","24/04/2026 18:00 - 24/04/2026 19:00","0.00",""
"24/04/2026 00:00 - 25/04/2026 00:00","CTA|DE(Amprion)","GT HKW-Niehl-2","11WD7BOLA5GGTN2E","Fossil Gas","11WD7BOLA5GGTN2E","24/04/2026 19:00 - 24/04/2026 20:00","0.00",""
"24/04/2026 00:00 - 25/04/2026 00:00","CTA|DE(Amprion)","GT HKW-Niehl-2","11WD7BOLA5GGTN2E","Fossil Gas","11WD7BOLA5GGTN2E","24/04/2026 20:00 - 24/04/2026 21:00","0.00",""
"24/04/2026 00:00 - 25/04/2026 00:00","CTA|DE(Amprion)","GT HKW-Niehl-2","11WD7BOLA5GGTN2E","Fossil Gas","11WD7BOLA5GGTN2E","24/04/2026 21:00 - 24/04/2026 22:00","0.00",""
"24/04/2026 00:00 - 25/04/2026 00:00","CTA|DE(Amprion)","GT HKW-Niehl-2","11WD7BOLA5GGTN2E","Fossil Gas","11WD7BOLA5GGTN2E","24/04/2026 22:00 - 24/04/2026 23:00","0.00",""
"24/04/2026 00:00 - 25/04/2026 00:00","CTA|DE(Amprion)","GT HKW-Niehl-2","11WD7BOLA5GGTN2E","Fossil Gas","11WD7BOLA5GGTN2E","24/04/2026 23:00 - 25/04/2026 00:00","0.00",""
"24/04/2026 00:00 - 25/04/2026 00:00","CTA|DE(Amprion)","GuD Dormagen","11WD7BRAU5G-GUDH","Fossil Gas","11WD7BRAU5G-GUDH","24/04/2026 00:00 - 24/04/2026 01:00","0.00",""
"24/04/2026 00:00 - 25/04/2026 00:00","CTA|DE(Amprion)","GuD Dormagen","11WD7BRAU5G-GUDH","Fossil Gas","11WD7BRAU5G-GUDH","24/04/2026 01:00 - 24/04/2026 02:00","0.00",""
"24/04/2026 00:00 - 25/04/2026 00:00","CTA|DE(Amprion)","GuD Dormagen","11WD7BRAU5G-GUDH","Fossil Gas","11WD7BRAU5G-GUDH","24/04/2026 02:00 - 24/04/2026 03:00","0.00",""
"24/04/2026 00:00 - 25/04/2026 00:00","CTA|DE(Amprion)","GuD Dormagen","11WD7BRAU5G-GUDH","Fossil Gas","11WD7BRAU5G-GUDH","24/04/2026 03:00 - 24/04/2026 04:00","0.00",""
"24/04/2026 00:00 - 25/04/2026 00:00","CTA|DE(Amprion)","GuD Dormagen","11WD7BRAU5G-GUDH","Fossil Gas","11WD7BRAU5G-GUDH","24/04/2026 04:00 - 24/04/2026 05:00","0.00",""
"24/04/2026 00:00 - 25/04/2026 00:00","CTA|DE(Amprion)","GuD Dormagen","11WD7BRAU5G-GUDH","Fossil Gas","11WD7BRAU5G-GUDH","24/04/2026 05:00 - 24/04/2026 06:00","0.00",""
"24/04/2026 00:00 - 25/04/2026 00:00","CTA|DE(Amprion)","GuD Dormagen","11WD7BRAU5G-GUDH","Fossil Gas","11WD7BRAU5G-GUDH","24/04/2026 06:00 - 24/04/2026 07:00","0.00",""
"24/04/2026 00:00 - 25/04/2026 00:00","CTA|DE(Amprion)","GuD Dormagen","11WD7BRAU5G-GUDH","Fossil Gas","11WD7BRAU5G-GUDH","24/04/2026 07:00 - 24/04/2026 08:00","0.00",""
"24/04/2026 00:00 - 25/04/2026 00:00","CTA|DE(Amprion)","GuD Dormagen","11WD7BRAU5G-GUDH","Fossil Gas","11WD7BRAU5G-GUDH","24/04/2026 08:00 - 24/04/2026 09:00","0.00",""
"24/04/2026 00:00 - 25/04/2026 00:00","CTA|DE(Amprion)","GuD Dormagen","11WD7BRAU5G-GUDH","Fossil Gas","11WD7BRAU5G-GUDH","24/04/2026 09:00 - 24/04/2026 10:00","0.00",""
"24/04/2026 00:00 - 25/04/2026 00:00","CTA|DE(Amprion)","GuD Dormagen","11WD7BRAU5G-GUDH","Fossil Gas","11WD7BRAU5G-GUDH","24/04/2026 10:00 - 24/04/2026 11:00","0.00",""
"24/04/2026 00:00 - 25/04/2026 00:00","CTA|DE(Amprion)","GuD Dormagen","11WD7BRAU5G-GUDH","Fossil Gas","11WD7BRAU5G-GUDH","24/04/2026 11:00 - 24/04/2026 12:00","0.00",""
"24/04/2026 00:00 - 25/04/2026 00:00","CTA|DE(Amprion)","GuD Dormagen","11WD7BRAU5G-GUDH","Fossil Gas","11WD7BRAU5G-GUDH","24/04/2026 12:00 - 24/04/2026 13:00","0.00",""
"24/04/2026 00:00 - 25/04/2026 00:00","CTA|DE(Amprion)","GuD Dormagen","11WD7BRAU5G-GUDH","Fossil Gas","11WD7BRAU5G-GUDH","24/04/2026 13:00 - 24/04/2026 14:00","0.00",""
"24/04/2026 00:00 - 25/04/2026 00:00","CTA|DE(Amprion)","GuD Dormagen","11WD7BRAU5G-GUDH","Fossil Gas","11WD7BRAU5G-GUDH","24/04/2026 14:00 - 24/04/2026 15:00","0.00",""
"24/04/2026 00:00 - 25/04/2026 00:00","CTA|DE(Amprion)","GuD Dormagen","11WD7BRAU5G-GUDH","Fossil Gas","11WD7BRAU5G-GUDH","24/04/2026 15:00 - 24/04/2026 16:00","0.00",""
"24/04/2026 00:00 - 25/04/2026 00:00","CTA|DE(Amprion)","GuD Dormagen","11WD7BRAU5G-GUDH","Fossil Gas","11WD7BRAU5G-GUDH","24/04/2026 16:00 - 24/04/2026 17:00","0.00",""
"24/04/2026 00:00 - 25/04/2026 00:00","CTA|DE(Amprion)","GuD Dormagen","11WD7BRAU5G-GUDH","Fossil Gas","11WD7BRAU5G-GUDH","24/04/2026 17:00 - 24/04/2026 18:00","0.00",""
"24/04/2026 00:00 - 25/04/2026 00:00","CTA|DE(Amprion)","GuD Dormagen","11WD7BRAU5G-GUDH","Fossil Gas","11WD7BRAU5G-GUDH","24/04/2026 18:00 - 24/04/2026 19:00","0.00",""
"24/04/2026 00:00 - 25/04/2026 00:00","CTA|DE(Amprion)","GuD Dormagen","11WD7BRAU5G-GUDH","Fossil Gas","11WD7BRAU5G-GUDH","24/04/2026 19:00 - 24/04/2026 20:00","0.00",""
"24/04/2026 00:00 - 25/04/2026 00:00","CTA|DE(Amprion)","GuD Dormagen","11WD7BRAU5G-GUDH","Fossil Gas","11WD7BRAU5G-GUDH","24/04/2026 20:00 - 24/04/2026 21:00","0.00",""
"24/04/2026 00:00 - 25/04/2026 00:00","CTA|DE(Amprion)","GuD Dormagen","11WD7BRAU5G-GUDH","Fossil Gas","11WD7BRAU5G-GUDH","24/04/2026 21:00 - 24/04/2026 22:00","0.00",""
"24/04/2026 00:00 - 25/04/2026 00:00","CTA|DE(Amprion)","GuD Dormagen","11WD7BRAU5G-GUDH","Fossil Gas","11WD7BRAU5G-GUDH","24/04/2026 22:00 - 24/04/2026 23:00","0.00",""
"24/04/2026 00:00 - 25/04/2026 00:00","CTA|DE(Amprion)","GuD Dormagen","11WD7BRAU5G-GUDH","Fossil Gas","11WD7BRAU5G-GUDH","24/04/2026 23:00 - 25/04/2026 00:00","0.00",""
"24/04/2026 00:00 - 25/04/2026 00:00","CTA|DE(Amprion)","Emsland B","11WD7EMSL-G-BLB0","Fossil Gas","11WD7EMSL-G-BLB0","24/04/2026 00:00 - 24/04/2026 01:00","0.00",""
"24/04/2026 00:00 - 25/04/2026 00:00","CTA|DE(Amprion)","Emsland B","11WD7EMSL-G-BLB0","Fossil Gas","11WD7EMSL-G-BLB0","24/04/2026 01:00 - 24/04/2026 02:00","0.00",""
"24/04/2026 00:00 - 25/04/2026 00:00","CTA|DE(Amprion)","Emsland B","11WD7EMSL-G-BLB0","Fossil Gas","11WD7EMSL-G-BLB0","24/04/2026 02:00 - 24/04/2026 03:00","0.00",""
"24/04/2026 00:00 - 25/04/2026 00:00","CTA|DE(Amprion)","Emsland B","11WD7EMSL-G-BLB0","Fossil Gas","11WD7EMSL-G-BLB0","24/04/2026 03:00 - 24/04/2026 04:00","0.00",""
"24/04/2026 00:00 - 25/04/2026 00:00","CTA|DE(Amprion)","Emsland B","11WD7EMSL-G-BLB0","Fossil Gas","11WD7EMSL-G-BLB0","24/04/2026 04:00 - 24/04/2026 05:00","0.00",""
"24/04/2026 00:00 - 25/04/2026 00:00","CTA|DE(Amprion)","Emsland B","11WD7EMSL-G-BLB0","Fossil Gas","11WD7EMSL-G-BLB0","24/04/2026 05:00 - 24/04/2026 06:00","0.00",""
"24/04/2026 00:00 - 25/04/2026 00:00","CTA|DE(Amprion)","Emsland B","11WD7EMSL-G-BLB0","Fossil Gas","11WD7EMSL-G-BLB0","24/04/2026 06:00 - 24/04/2026 07:00","0.00",""
"24/04/2026 00:00 - 25/04/2026 00:00","CTA|DE(Amprion)","Emsland B","11WD7EMSL-G-BLB0","Fossil Gas","11WD7EMSL-G-BLB0","24/04/2026 07:00 - 24/04/2026 08:00","0.00",""
"24/04/2026 00:00 - 25/04/2026 00:00","CTA|DE(Amprion)","Emsland B","11WD7EMSL-G-BLB0","Fossil Gas","11WD7EMSL-G-BLB0","24/04/2026 08:00 - 24/04/2026 09:00","0.00",""
"24/04/2026 00:00 - 25/04/2026 00:00","CTA|DE(Amprion)","Emsland B","11WD7EMSL-G-BLB0","Fossil Gas","11WD7EMSL-G-BLB0","24/04/2026 09:00 - 24/04/2026 10:00","0.00",""
"24/04/2026 00:00 - 25/04/2026 00:00","CTA|DE(Amprion)","Emsland B","11WD7EMSL-G-BLB0","Fossil Gas","11WD7EMSL-G-BLB0","24/04/2026 10:00 - 24/04/2026 11:00","0.00",""
"24/04/2026 00:00 - 25/04/2026 00:00","CTA|DE(Amprion)","Emsland B","11WD7EMSL-G-BLB0","Fossil Gas","11WD7EMSL-G-BLB0","24/04/2026 11:00 - 24/04/2026 12:00","0.00",""
"24/04/2026 00:00 - 25/04/2026 00:00","CTA|DE(Amprion)","Emsland B","11WD7EMSL-G-BLB0","Fossil Gas","11WD7EMSL-G-BLB0","24/04/2026 12:00 - 24/04/2026 13:00","0.00",""
"24/04/2026 00:00 - 25/04/2026 00:00","CTA|DE(Amprion)","Emsland B","11WD7EMSL-G-BLB0","Fossil Gas","11WD7EMSL-G-BLB0","24/04/2026 13:00 - 24/04/2026 14:00","0.00",""
"24/04/2026 00:00 - 25/04/2026 00:00","CTA|DE(Amprion)","Emsland B","11WD7EMSL-G-BLB0","Fossil Gas","11WD7EMSL-G-BLB0","24/04/2026 14:00 - 24/04/2026 15:00","0.00",""
"24/04/2026 00:00 - 25/04/2026 00:00","CTA|DE(Amprion)","Emsland B","11WD7EMSL-G-BLB0","Fossil Gas","11WD7EMSL-G-BLB0","24/04/2026 15:00 - 24/04/2026 16:00","0.00",""
"24/04/2026 00:00 - 25/04/2026 00:00","CTA|DE(Amprion)","Emsland B","11WD7EMSL-G-BLB0","Fossil Gas","11WD7EMSL-G-BLB0","24/04/2026 16:00 - 24/04/2026 17:00","0.00",""
"24/04/2026 00:00 - 25/04/2026 00:00","CTA|DE(Amprion)","Emsland B","11WD7EMSL-G-BLB0","Fossil Gas","11WD7EMSL-G-BLB0","24/04/2026 17:00 - 24/04/2026 18:00","0.00",""
"24/04/2026 00:00 - 25/04/2026 00:00","CTA|DE(Amprion)","Emsland B","11WD7EMSL-G-BLB0","Fossil Gas","11WD7EMSL-G-BLB0","24/04/2026 18:00 - 24/04/2026 19:00","0.00",""
"24/04/2026 00:00 - 25/04/2026 00:00","CTA|DE(Amprion)","Emsland B","11WD7EMSL-G-BLB0","Fossil Gas","11WD7EMSL-G-BLB0","24/04/2026 19:00 - 24/04/2026 20:00","0.00",""
"24/04/2026 00:00 - 25/04/2026 00:00","CTA|DE(Amprion)","Emsland B","11WD7EMSL-G-BLB0","Fossil Gas","11WD7EMSL-G-BLB0","24/04/2026 20:00 - 24/04/2026 21:00","0.00",""
"24/04/2026 00:00 - 25/04/2026 00:00","CTA|DE(Amprion)","Emsland B","11WD7EMSL-G-BLB0","Fossil Gas","11WD7EMSL-G-BLB0","24/04/2026 21:00 - 24/04/2026 22:00","0.00",""
"24/04/2026 00:00 - 25/04/2026 00:00","CTA|DE(Amprion)","Emsland B","11WD7EMSL-G-BLB0","Fossil Gas","11WD7EMSL-G-BLB0","24/04/2026 22:00 - 24/04/2026 23:00","0.00",""
"24/04/2026 00:00 - 25/04/2026 00:00","CTA|DE(Amprion)","Emsland B","11WD7EMSL-G-BLB0","Fossil Gas","11WD7EMSL-G-BLB0","24/04/2026 23:00 - 25/04/2026 00:00","0.00",""
"24/04/2026 00:00 - 25/04/2026 00:00","CTA|DE(Amprion)","Emsland C","11WD7EMSL-G-BLCZ","Fossil Gas","11WD7EMSL-G-BLCZ","24/04/2026 00:00 - 24/04/2026 01:00","0.00",""
"24/04/2026 00:00 - 25/04/2026 00:00","CTA|DE(Amprion)","Emsland C","11WD7EMSL-G-BLCZ","Fossil Gas","11WD7EMSL-G-BLCZ","24/04/2026 01:00 - 24/04/2026 02:00","0.00",""
"24/04/2026 00:00 - 25/04/2026 00:00","CTA|DE(Amprion)","Emsland C","11WD7EMSL-G-BLCZ","Fossil Gas","11WD7EMSL-G-BLCZ","24/04/2026 02:00 - 24/04/2026 03:00","0.00",""
"24/04/2026 00:00 - 25/04/2026 00:00","CTA|DE(Amprion)","Emsland C","11WD7EMSL-G-BLCZ","Fossil Gas","11WD7EMSL-G-BLCZ","24/04/2026 03:00 - 24/04/2026 04:00","0.00",""
"24/04/2026 00:00 - 25/04/2026 00:00","CTA|DE(Amprion)","Emsland C","11WD7EMSL-G-BLCZ","Fossil Gas","11WD7EMSL-G-BLCZ","24/04/2026 04:00 - 24/04/2026 05:00","0.00",""
"24/04/2026 00:00 - 25/04/2026 00:00","CTA|DE(Amprion)","Emsland C","11WD7EMSL-G-BLCZ","Fossil Gas","11WD7EMSL-G-BLCZ","24/04/2026 05:00 - 24/04/2026 06:00","0.00",""
"24/04/2026 00:00 - 25/04/2026 00:00","CTA|DE(Amprion)","Emsland C","11WD7EMSL-G-BLCZ","Fossil Gas","11WD7EMSL-G-BLCZ","24/04/2026 06:00 - 24/04/2026 07:00","0.00",""
"24/04/2026 00:00 - 25/04/2026 00:00","CTA|DE(Amprion)","Emsland C","11WD7EMSL-G-BLCZ","Fossil Gas","11WD7EMSL-G-BLCZ","24/04/2026 07:00 - 24/04/2026 08:00","0.00",""
"24/04/2026 00:00 - 25/04/2026 00:00","CTA|DE(Amprion)","Emsland C","11WD7EMSL-G-BLCZ","Fossil Gas","11WD7EMSL-G-BLCZ","24/04/2026 08:00 - 24/04/2026 09:00","0.00",""
"24/04/2026 00:00 - 25/04/2026 00:00","CTA|DE(Amprion)","Emsland C","11WD7EMSL-G-BLCZ","Fossil Gas","11WD7EMSL-G-BLCZ","24/04/2026 09:00 - 24/04/2026 10:00","0.00",""
"24/04/2026 00:00 - 25/04/2026 00:00","CTA|DE(Amprion)","Emsland C","11WD7EMSL-G-BLCZ","Fossil Gas","11WD7EMSL-G-BLCZ","24/04/2026 10:00 - 24/04/2026 11:00","0.00",""
"24/04/2026 00:00 - 25/04/2026 00:00","CTA|DE(Amprion)","Emsland C","11WD7EMSL-G-BLCZ","Fossil Gas","11WD7EMSL-G-BLCZ","24/04/2026 11:00 - 24/04/2026 12:00","0.00",""
"24/04/2026 00:00 - 25/04/2026 00:00","CTA|DE(Amprion)","Emsland C","11WD7EMSL-G-BLCZ","Fossil Gas","11WD7EMSL-G-BLCZ","24/04/2026 12:00 - 24/04/2026 13:00","0.00",""
"24/04/2026 00:00 - 25/04/2026 00:00","CTA|DE(Amprion)","Emsland C","11WD7EMSL-G-BLCZ","Fossil Gas","11WD7EMSL-G-BLCZ","24/04/2026 13:00 - 24/04/2026 14:00","0.00",""
"24/04/2026 00:00 - 25/04/2026 00:00","CTA|DE(Amprion)","Emsland C","11WD7EMSL-G-BLCZ","Fossil Gas","11WD7EMSL-G-BLCZ","24/04/2026 14:00 - 24/04/2026 15:00","0.00",""
"24/04/2026 00:00 - 25/04/2026 00:00","CTA|DE(Amprion)","Emsland C","11WD7EMSL-G-BLCZ","Fossil Gas","11WD7EMSL-G-BLCZ","24/04/2026 15:00 - 24/04/2026 16:00","1.73",""
"24/04/2026 00:00 - 25/04/2026 00:00","CTA|DE(Amprion)","Emsland C","11WD7EMSL-G-BLCZ","Fossil Gas","11WD7EMSL-G-BLCZ","24/04/2026 16:00 - 24/04/2026 17:00","116.75",""
"24/04/2026 00:00 - 25/04/2026 00:00","CTA|DE(Amprion)","Emsland C","11WD7EMSL-G-BLCZ","Fossil Gas","11WD7EMSL-G-BLCZ","24/04/2026 17:00 - 24/04/2026 18:00","258.48",""
"24/04/2026 00:00 - 25/04/2026 00:00","CTA|DE(Amprion)","Emsland C","11WD7EMSL-G-BLCZ","Fossil Gas","11WD7EMSL-G-BLCZ","24/04/2026 18:00 - 24/04/2026 19:00","424.80",""
"24/04/2026 00:00 - 25/04/2026 00:00","CTA|DE(Amprion)","Emsland C","11WD7EMSL-G-BLCZ","Fossil Gas","11WD7EMSL-G-BLCZ","24/04/2026 19:00 - 24/04/2026 20:00","428.23",""
"24/04/2026 00:00 - 25/04/2026 00:00","CTA|DE(Amprion)","Emsland C","11WD7EMSL-G-BLCZ","Fossil Gas","11WD7EMSL-G-BLCZ","24/04/2026 20:00 - 24/04/2026 21:00","428.27",""
"24/04/2026 00:00 - 25/04/2026 00:00","CTA|DE(Amprion)","Emsland C","11WD7EMSL-G-BLCZ","Fossil Gas","11WD7EMSL-G-BLCZ","24/04/2026 21:00 - 24/04/2026 22:00","428.27",""
"24/04/2026 00:00 - 25/04/2026 00:00","CTA|DE(Amprion)","Emsland C","11WD7EMSL-G-BLCZ","Fossil Gas","11WD7EMSL-G-BLCZ","24/04/2026 22:00 - 24/04/2026 23:00","428.25",""
"24/04/2026 00:00 - 25/04/2026 00:00","CTA|DE(Amprion)","Emsland C","11WD7EMSL-G-BLCZ","Fossil Gas","11WD7EMSL-G-BLCZ","24/04/2026 23:00 - 25/04/2026 00:00","421.13",""
"24/04/2026 00:00 - 25/04/2026 00:00","CTA|DE(Amprion)","Emsland D","11WD7EMSL1G-GUD9","Fossil Gas","11WD7EMSL1G-GUD9","24/04/2026 00:00 - 24/04/2026 01:00","0.00",""
"24/04/2026 00:00 - 25/04/2026 00:00","CTA|DE(Amprion)","Emsland D","11WD7EMSL1G-GUD9","Fossil Gas","11WD7EMSL1G-GUD9","24/04/2026 01:00 - 24/04/2026 02:00","0.00",""
"24/04/2026 00:00 - 25/04/2026 00:00","CTA|DE(Amprion)","Emsland D","11WD7EMSL1G-GUD9","Fossil Gas","11WD7EMSL1G-GUD9","24/04/2026 02:00 - 24/04/2026 03:00","0.00",""
"24/04/2026 00:00 - 25/04/2026 00:00","CTA|DE(Amprion)","Emsland D","11WD7EMSL1G-GUD9","Fossil Gas","11WD7EMSL1G-GUD9","24/04/2026 03:00 - 24/04/2026 04:00","0.00",""
"24/04/2026 00:00 - 25/04/2026 00:00","CTA|DE(Amprion)","Emsland D","11WD7EMSL1G-GUD9","Fossil Gas","11WD7EMSL1G-GUD9","24/04/2026 04:00 - 24/04/2026 05:00","0.00",""
"24/04/2026 00:00 - 25/04/2026 00:00","CTA|DE(Amprion)","Emsland D","11WD7EMSL1G-GUD9","Fossil Gas","11WD7EMSL1G-GUD9","24/04/2026 05:00 - 24/04/2026 06:00","0.00",""
"24/04/2026 00:00 - 25/04/2026 00:00","CTA|DE(Amprion)","Emsland D","11WD7EMSL1G-GUD9","Fossil Gas","11WD7EMSL1G-GUD9","24/04/2026 06:00 - 24/04/2026 07:00","0.00",""
"24/04/2026 00:00 - 25/04/2026 00:00","CTA|DE(Amprion)","Emsland D","11WD7EMSL1G-GUD9","Fossil Gas","11WD7EMSL1G-GUD9","24/04/2026 07:00 - 24/04/2026 08:00","0.00",""
"24/04/2026 00:00 - 25/04/2026 00:00","CTA|DE(Amprion)","Emsland D","11WD7EMSL1G-GUD9","Fossil Gas","11WD7EMSL1G-GUD9","24/04/2026 08:00 - 24/04/2026 09:00","0.00",""
"24/04/2026 00:00 - 25/04/2026 00:00","CTA|DE(Amprion)","Emsland D","11WD7EMSL1G-GUD9","Fossil Gas","11WD7EMSL1G-GUD9","24/04/2026 09:00 - 24/04/2026 10:00","0.00",""
"24/04/2026 00:00 - 25/04/2026 00:00","CTA|DE(Amprion)","Emsland D","11WD7EMSL1G-GUD9","Fossil Gas","11WD7EMSL1G-GUD9","24/04/2026 10:00 - 24/04/2026 11:00","0.00",""
"24/04/2026 00:00 - 25/04/2026 00:00","CTA|DE(Amprion)","Emsland D","11WD7EMSL1G-GUD9","Fossil Gas","11WD7EMSL1G-GUD9","24/04/2026 11:00 - 24/04/2026 12:00","0.00",""
"24/04/2026 00:00 - 25/04/2026 00:00","CTA|DE(Amprion)","Emsland D","11WD7EMSL1G-GUD9","Fossil Gas","11WD7EMSL1G-GUD9","24/04/2026 12:00 - 24/04/2026 13:00","0.00",""
"24/04/2026 00:00 - 25/04/2026 00:00","CTA|DE(Amprion)","Emsland D","11WD7EMSL1G-GUD9","Fossil Gas","11WD7EMSL1G-GUD9","24/04/2026 13:00 - 24/04/2026 14:00","0.00",""
"24/04/2026 00:00 - 25/04/2026 00:00","CTA|DE(Amprion)","Emsland D","11WD7EMSL1G-GUD9","Fossil Gas","11WD7EMSL1G-GUD9","24/04/2026 14:00 - 24/04/2026 15:00","0.00",""
"24/04/2026 00:00 - 25/04/2026 00:00","CTA|DE(Amprion)","Emsland D","11WD7EMSL1G-GUD9","Fossil Gas","11WD7EMSL1G-GUD9","24/04/2026 15:00 - 24/04/2026 16:00","0.00",""
"24/04/2026 00:00 - 25/04/2026 00:00","CTA|DE(Amprion)","Emsland D","11WD7EMSL1G-GUD9","Fossil Gas","11WD7EMSL1G-GUD9","24/04/2026 16:00 - 24/04/2026 17:00","0.00",""
"24/04/2026 00:00 - 25/04/2026 00:00","CTA|DE(Amprion)","Emsland D","11WD7EMSL1G-GUD9","Fossil Gas","11WD7EMSL1G-GUD9","24/04/2026 17:00 - 24/04/2026 18:00","0.00",""
"24/04/2026 00:00 - 25/04/2026 00:00","CTA|DE(Amprion)","Emsland D","11WD7EMSL1G-GUD9","Fossil Gas","11WD7EMSL1G-GUD9","24/04/2026 18:00 - 24/04/2026 19:00","0.00",""
"24/04/2026 00:00 - 25/04/2026 00:00","CTA|DE(Amprion)","Emsland D","11WD7EMSL1G-GUD9","Fossil Gas","11WD7EMSL1G-GUD9","24/04/2026 19:00 - 24/04/2026 20:00","0.00",""
"24/04/2026 00:00 - 25/04/2026 00:00","CTA|DE(Amprion)","Emsland D","11WD7EMSL1G-GUD9","Fossil Gas","11WD7EMSL1G-GUD9","24/04/2026 20:00 - 24/04/2026 21:00","0.00",""
"24/04/2026 00:00 - 25/04/2026 00:00","CTA|DE(Amprion)","Emsland D","11WD7EMSL1G-GUD9","Fossil Gas","11WD7EMSL1G-GUD9","24/04/2026 21:00 - 24/04/2026 22:00","0.00",""
"24/04/2026 00:00 - 25/04/2026 00:00","CTA|DE(Amprion)","Emsland D","11WD7EMSL1G-GUD9","Fossil Gas","11WD7EMSL1G-GUD9","24/04/2026 22:00 - 24/04/2026 23:00","0.00",""
"24/04/2026 00:00 - 25/04/2026 00:00","CTA|DE(Amprion)","Emsland D","11WD7EMSL1G-GUD9","Fossil Gas","11WD7EMSL1G-GUD9","24/04/2026 23:00 - 25/04/2026 00:00","0.00",""
"24/04/2026 00:00 - 25/04/2026 00:00","CTA|DE(Amprion)","GuD-Anlage-HKW-Merkenich","11WD7FUEH5GMERKA","Fossil Gas","11WD7FUEH5GMERKA","24/04/2026 00:00 - 24/04/2026 01:00","0.00",""
"24/04/2026 00:00 - 25/04/2026 00:00","CTA|DE(Amprion)","GuD-Anlage-HKW-Merkenich","11WD7FUEH5GMERKA","Fossil Gas","11WD7FUEH5GMERKA","24/04/2026 01:00 - 24/04/2026 02:00","0.00",""
"24/04/2026 00:00 - 25/04/2026 00:00","CTA|DE(Amprion)","GuD-Anlage-HKW-Merkenich","11WD7FUEH5GMERKA","Fossil Gas","11WD7FUEH5GMERKA","24/04/2026 02:00 - 24/04/2026 03:00","0.00",""
"24/04/2026 00:00 - 25/04/2026 00:00","CTA|DE(Amprion)","GuD-Anlage-HKW-Merkenich","11WD7FUEH5GMERKA","Fossil Gas","11WD7FUEH5GMERKA","24/04/2026 03:00 - 24/04/2026 04:00","0.00",""
"24/04/2026 00:00 - 25/04/2026 00:00","CTA|DE(Amprion)","GuD-Anlage-HKW-Merkenich","11WD7FUEH5GMERKA","Fossil Gas","11WD7FUEH5GMERKA","24/04/2026 04:00 - 24/04/2026 05:00","0.00",""
"24/04/2026 00:00 - 25/04/2026 00:00","CTA|DE(Amprion)","GuD-Anlage-HKW-Merkenich","11WD7FUEH5GMERKA","Fossil Gas","11WD7FUEH5GMERKA","24/04/2026 05:00 - 24/04/2026 06:00","0.00",""
"24/04/2026 00:00 - 25/04/2026 00:00","CTA|DE(Amprion)","GuD-Anlage-HKW-Merkenich","11WD7FUEH5GMERKA","Fossil Gas","11WD7FUEH5GMERKA","24/04/2026 06:00 - 24/04/2026 07:00","0.00",""
"24/04/2026 00:00 - 25/04/2026 00:00","CTA|DE(Amprion)","GuD-Anlage-HKW-Merkenich","11WD7FUEH5GMERKA","Fossil Gas","11WD7FUEH5GMERKA","24/04/2026 07:00 - 24/04/2026 08:00","0.00",""
"24/04/2026 00:00 - 25/04/2026 00:00","CTA|DE(Amprion)","GuD-Anlage-HKW-Merkenich","11WD7FUEH5GMERKA","Fossil Gas","11WD7FUEH5GMERKA","24/04/2026 08:00 - 24/04/2026 09:00","0.00",""
"24/04/2026 00:00 - 25/04/2026 00:00","CTA|DE(Amprion)","GuD-Anlage-HKW-Merkenich","11WD7FUEH5GMERKA","Fossil Gas","11WD7FUEH5GMERKA","24/04/2026 09:00 - 24/04/2026 10:00","0.00",""
"24/04/2026 00:00 - 25/04/2026 00:00","CTA|DE(Amprion)","GuD-Anlage-HKW-Merkenich","11WD7FUEH5GMERKA","Fossil Gas","11WD7FUEH5GMERKA","24/04/2026 10:00 - 24/04/2026 11:00","0.00",""
"24/04/2026 00:00 - 25/04/2026 00:00","CTA|DE(Amprion)","GuD-Anlage-HKW-Merkenich","11WD7FUEH5GMERKA","Fossil Gas","11WD7FUEH5GMERKA","24/04/2026 11:00 - 24/04/2026 12:00","0.00",""
"24/04/2026 00:00 - 25/04/2026 00:00","CTA|DE(Amprion)","GuD-Anlage-HKW-Merkenich","11WD7FUEH5GMERKA","Fossil Gas","11WD7FUEH5GMERKA","24/04/2026 12:00 - 24/04/2026 13:00","0.00",""
"24/04/2026 00:00 - 25/04/2026 00:00","CTA|DE(Amprion)","GuD-Anlage-HKW-Merkenich","11WD7FUEH5GMERKA","Fossil Gas","11WD7FUEH5GMERKA","24/04/2026 13:00 - 24/04/2026 14:00","0.00",""
"24/04/2026 00:00 - 25/04/2026 00:00","CTA|DE(Amprion)","GuD-Anlage-HKW-Merkenich","11WD7FUEH5GMERKA","Fossil Gas","11WD7FUEH5GMERKA","24/04/2026 14:00 - 24/04/2026 15:00","0.00",""
"24/04/2026 00:00 - 25/04/2026 00:00","CTA|DE(Amprion)","GuD-Anlage-HKW-Merkenich","11WD7FUEH5GMERKA","Fossil Gas","11WD7FUEH5GMERKA","24/04/2026 15:00 - 24/04/2026 16:00","0.00",""
"24/04/2026 00:00 - 25/04/2026 00:00","CTA|DE(Amprion)","GuD-Anlage-HKW-Merkenich","11WD7FUEH5GMERKA","Fossil Gas","11WD7FUEH5GMERKA","24/04/2026 16:00 - 24/04/2026 17:00","0.00",""
"24/04/2026 00:00 - 25/04/2026 00:00","CTA|DE(Amprion)","GuD-Anlage-HKW-Merkenich","11WD7FUEH5GMERKA","Fossil Gas","11WD7FUEH5GMERKA","24/04/2026 17:00 - 24/04/2026 18:00","0.00",""
"24/04/2026 00:00 - 25/04/2026 00:00","CTA|DE(Amprion)","GuD-Anlage-HKW-Merkenich","11WD7FUEH5GMERKA","Fossil Gas","11WD7FUEH5GMERKA","24/04/2026 18:00 - 24/04/2026 19:00","0.00",""
"24/04/2026 00:00 - 25/04/2026 00:00","CTA|DE(Amprion)","GuD-Anlage-HKW-Merkenich","11WD7FUEH5GMERKA","Fossil Gas","11WD7FUEH5GMERKA","24/04/2026 19:00 - 24/04/2026 20:00","0.00",""
"24/04/2026 00:00 - 25/04/2026 00:00","CTA|DE(Amprion)","GuD-Anlage-HKW-Merkenich","11WD7FUEH5GMERKA","Fossil Gas","11WD7FUEH5GMERKA","24/04/2026 20:00 - 24/04/2026 21:00","0.00",""
"24/04/2026 00:00 - 25/04/2026 00:00","CTA|DE(Amprion)","GuD-Anlage-HKW-Merkenich","11WD7FUEH5GMERKA","Fossil Gas","11WD7FUEH5GMERKA","24/04/2026 21:00 - 24/04/2026 22:00","0.00",""
"24/04/2026 00:00 - 25/04/2026 00:00","CTA|DE(Amprion)","GuD-Anlage-HKW-Merkenich","11WD7FUEH5GMERKA","Fossil Gas","11WD7FUEH5GMERKA","24/04/2026 22:00 - 24/04/2026 23:00","0.00",""
"24/04/2026 00:00 - 25/04/2026 00:00","CTA|DE(Amprion)","GuD-Anlage-HKW-Merkenich","11WD7FUEH5GMERKA","Fossil Gas","11WD7FUEH5GMERKA","24/04/2026 23:00 - 25/04/2026 00:00","0.00",""
"24/04/2026 00:00 - 25/04/2026 00:00","CTA|DE(Amprion)","Gersteinwerk I","11WD7GERS-G-BLIY","Fossil Gas","11WD7GERS-G-BLIY","24/04/2026 00:00 - 24/04/2026 01:00","0.00",""
"24/04/2026 00:00 - 25/04/2026 00:00","CTA|DE(Amprion)","Gersteinwerk I","11WD7GERS-G-BLIY","Fossil Gas","11WD7GERS-G-BLIY","24/04/2026 01:00 - 24/04/2026 02:00","0.00",""
"24/04/2026 00:00 - 25/04/2026 00:00","CTA|DE(Amprion)","Gersteinwerk I","11WD7GERS-G-BLIY","Fossil Gas","11WD7GERS-G-BLIY","24/04/2026 02:00 - 24/04/2026 03:00","0.00",""
"24/04/2026 00:00 - 25/04/2026 00:00","CTA|DE(Amprion)","Gersteinwerk I","11WD7GERS-G-BLIY","Fossil Gas","11WD7GERS-G-BLIY","24/04/2026 03:00 - 24/04/2026 04:00","0.00",""
"24/04/2026 00:00 - 25/04/2026 00:00","CTA|DE(Amprion)","Gersteinwerk I","11WD7GERS-G-BLIY","Fossil Gas","11WD7GERS-G-BLIY","24/04/2026 04:00 - 24/04/2026 05:00","0.00",""
"24/04/2026 00:00 - 25/04/2026 00:00","CTA|DE(Amprion)","Gersteinwerk I","11WD7GERS-G-BLIY","Fossil Gas","11WD7GERS-G-BLIY","24/04/2026 05:00 - 24/04/2026 06:00","0.00",""
"24/04/2026 00:00 - 25/04/2026 00:00","CTA|DE(Amprion)","Gersteinwerk I","11WD7GERS-G-BLIY","Fossil Gas","11WD7GERS-G-BLIY","24/04/2026 06:00 - 24/04/2026 07:00","0.00",""
"24/04/2026 00:00 - 25/04/2026 00:00","CTA|DE(Amprion)","Gersteinwerk I","11WD7GERS-G-BLIY","Fossil Gas","11WD7GERS-G-BLIY","24/04/2026 07:00 - 24/04/2026 08:00","0.00",""
"24/04/2026 00:00 - 25/04/2026 00:00","CTA|DE(Amprion)","Gersteinwerk I","11WD7GERS-G-BLIY","Fossil Gas","11WD7GERS-G-BLIY","24/04/2026 08:00 - 24/04/2026 09:00","0.00",""
"24/04/2026 00:00 - 25/04/2026 00:00","CTA|DE(Amprion)","Gersteinwerk I","11WD7GERS-G-BLIY","Fossil Gas","11WD7GERS-G-BLIY","24/04/2026 09:00 - 24/04/2026 10:00","0.00",""
"24/04/2026 00:00 - 25/04/2026 00:00","CTA|DE(Amprion)","Gersteinwerk I","11WD7GERS-G-BLIY","Fossil Gas","11WD7GERS-G-BLIY","24/04/2026 10:00 - 24/04/2026 11:00","0.00",""
"24/04/2026 00:00 - 25/04/2026 00:00","CTA|DE(Amprion)","Gersteinwerk I","11WD7GERS-G-BLIY","Fossil Gas","11WD7GERS-G-BLIY","24/04/2026 11:00 - 24/04/2026 12:00","0.00",""
"24/04/2026 00:00 - 25/04/2026 00:00","CTA|DE(Amprion)","Gersteinwerk I","11WD7GERS-G-BLIY","Fossil Gas","11WD7GERS-G-BLIY","24/04/2026 12:00 - 24/04/2026 13:00","0.00",""
"24/04/2026 00:00 - 25/04/2026 00:00","CTA|DE(Amprion)","Gersteinwerk I","11WD7GERS-G-BLIY","Fossil Gas","11WD7GERS-G-BLIY","24/04/2026 13:00 - 24/04/2026 14:00","0.00",""
"24/04/2026 00:00 - 25/04/2026 00:00","CTA|DE(Amprion)","Gersteinwerk I","11WD7GERS-G-BLIY","Fossil Gas","11WD7GERS-G-BLIY","24/04/2026 14:00 - 24/04/2026 15:00","0.00",""
"24/04/2026 00:00 - 25/04/2026 00:00","CTA|DE(Amprion)","Gersteinwerk I","11WD7GERS-G-BLIY","Fossil Gas","11WD7GERS-G-BLIY","24/04/2026 15:00 - 24/04/2026 16:00","0.00",""
"24/04/2026 00:00 - 25/04/2026 00:00","CTA|DE(Amprion)","Gersteinwerk I","11WD7GERS-G-BLIY","Fossil Gas","11WD7GERS-G-BLIY","24/04/2026 16:00 - 24/04/2026 17:00","0.00",""
"24/04/2026 00:00 - 25/04/2026 00:00","CTA|DE(Amprion)","Gersteinwerk I","11WD7GERS-G-BLIY","Fossil Gas","11WD7GERS-G-BLIY","24/04/2026 17:00 - 24/04/2026 18:00","0.00",""
"24/04/2026 00:00 - 25/04/2026 00:00","CTA|DE(Amprion)","Gersteinwerk I","11WD7GERS-G-BLIY","Fossil Gas","11WD7GERS-G-BLIY","24/04/2026 18:00 - 24/04/2026 19:00","0.00",""
"24/04/2026 00:00 - 25/04/2026 00:00","CTA|DE(Amprion)","Gersteinwerk I","11WD7GERS-G-BLIY","Fossil Gas","11WD7GERS-G-BLIY","24/04/2026 19:00 - 24/04/2026 20:00","0.00",""
"24/04/2026 00:00 - 25/04/2026 00:00","CTA|DE(Amprion)","Gersteinwerk I","11WD7GERS-G-BLIY","Fossil Gas","11WD7GERS-G-BLIY","24/04/2026 20:00 - 24/04/2026 21:00","0.00",""
"24/04/2026 00:00 - 25/04/2026 00:00","CTA|DE(Amprion)","Gersteinwerk I","11WD7GERS-G-BLIY","Fossil Gas","11WD7GERS-G-BLIY","24/04/2026 21:00 - 24/04/2026 22:00","0.00",""
"24/04/2026 00:00 - 25/04/2026 00:00","CTA|DE(Amprion)","Gersteinwerk I","11WD7GERS-G-BLIY","Fossil Gas","11WD7GERS-G-BLIY","24/04/2026 22:00 - 24/04/2026 23:00","0.00",""
"24/04/2026 00:00 - 25/04/2026 00:00","CTA|DE(Amprion)","Gersteinwerk I","11WD7GERS-G-BLIY","Fossil Gas","11WD7GERS-G-BLIY","24/04/2026 23:00 - 25/04/2026 00:00","0.00",""
"24/04/2026 00:00 - 25/04/2026 00:00","CTA|DE(Amprion)","HERDECKE_H6","11WD7HERD2G-H6-X","Fossil Gas","11WD7HERD2G-H6-X","24/04/2026 00:00 - 24/04/2026 01:00","0.00",""
"24/04/2026 00:00 - 25/04/2026 00:00","CTA|DE(Amprion)","HERDECKE_H6","11WD7HERD2G-H6-X","Fossil Gas","11WD7HERD2G-H6-X","24/04/2026 01:00 - 24/04/2026 02:00","0.00",""
"24/04/2026 00:00 - 25/04/2026 00:00","CTA|DE(Amprion)","HERDECKE_H6","11WD7HERD2G-H6-X","Fossil Gas","11WD7HERD2G-H6-X","24/04/2026 02:00 - 24/04/2026 03:00","0.00",""
"24/04/2026 00:00 - 25/04/2026 00:00","CTA|DE(Amprion)","HERDECKE_H6","11WD7HERD2G-H6-X","Fossil Gas","11WD7HERD2G-H6-X","24/04/2026 03:00 - 24/04/2026 04:00","0.00",""
"24/04/2026 00:00 - 25/04/2026 00:00","CTA|DE(Amprion)","HERDECKE_H6","11WD7HERD2G-H6-X","Fossil Gas","11WD7HERD2G-H6-X","24/04/2026 04:00 - 24/04/2026 05:00","0.00",""
"24/04/2026 00:00 - 25/04/2026 00:00","CTA|DE(Amprion)","HERDECKE_H6","11WD7HERD2G-H6-X","Fossil Gas","11WD7HERD2G-H6-X","24/04/2026 05:00 - 24/04/2026 06:00","0.00",""
"24/04/2026 00:00 - 25/04/2026 00:00","CTA|DE(Amprion)","HERDECKE_H6","11WD7HERD2G-H6-X","Fossil Gas","11WD7HERD2G-H6-X","24/04/2026 06:00 - 24/04/2026 07:00","0.00",""
"24/04/2026 00:00 - 25/04/2026 00:00","CTA|DE(Amprion)","HERDECKE_H6","11WD7HERD2G-H6-X","Fossil Gas","11WD7HERD2G-H6-X","24/04/2026 07:00 - 24/04/2026 08:00","0.00",""
"24/04/2026 00:00 - 25/04/2026 00:00","CTA|DE(Amprion)","HERDECKE_H6","11WD7HERD2G-H6-X","Fossil Gas","11WD7HERD2G-H6-X","24/04/2026 08:00 - 24/04/2026 09:00","0.00",""
"24/04/2026 00:00 - 25/04/2026 00:00","CTA|DE(Amprion)","HERDECKE_H6","11WD7HERD2G-H6-X","Fossil Gas","11WD7HERD2G-H6-X","24/04/2026 09:00 - 24/04/2026 10:00","0.00",""
"24/04/2026 00:00 - 25/04/2026 00:00","CTA|DE(Amprion)","HERDECKE_H6","11WD7HERD2G-H6-X","Fossil Gas","11WD7HERD2G-H6-X","24/04/2026 10:00 - 24/04/2026 11:00","0.00",""
"24/04/2026 00:00 - 25/04/2026 00:00","CTA|DE(Amprion)","HERDECKE_H6","11WD7HERD2G-H6-X","Fossil Gas","11WD7HERD2G-H6-X","24/04/2026 11:00 - 24/04/2026 12:00","0.00",""
"24/04/2026 00:00 - 25/04/2026 00:00","CTA|DE(Amprion)","HERDECKE_H6","11WD7HERD2G-H6-X","Fossil Gas","11WD7HERD2G-H6-X","24/04/2026 12:00 - 24/04/2026 13:00","0.00",""
"24/04/2026 00:00 - 25/04/2026 00:00","CTA|DE(Amprion)","HERDECKE_H6","11WD7HERD2G-H6-X","Fossil Gas","11WD7HERD2G-H6-X","24/04/2026 13:00 - 24/04/2026 14:00","0.00",""
"24/04/2026 00:00 - 25/04/2026 00:00","CTA|DE(Amprion)","HERDECKE_H6","11WD7HERD2G-H6-X","Fossil Gas","11WD7HERD2G-H6-X","24/04/2026 14:00 - 24/04/2026 15:00","0.00",""
"24/04/2026 00:00 - 25/04/2026 00:00","CTA|DE(Amprion)","HERDECKE_H6","11WD7HERD2G-H6-X","Fossil Gas","11WD7HERD2G-H6-X","24/04/2026 15:00 - 24/04/2026 16:00","0.00",""
"24/04/2026 00:00 - 25/04/2026 00:00","CTA|DE(Amprion)","HERDECKE_H6","11WD7HERD2G-H6-X","Fossil Gas","11WD7HERD2G-H6-X","24/04/2026 16:00 - 24/04/2026 17:00","0.00",""
"24/04/2026 00:00 - 25/04/2026 00:00","CTA|DE(Amprion)","HERDECKE_H6","11WD7HERD2G-H6-X","Fossil Gas","11WD7HERD2G-H6-X","24/04/2026 17:00 - 24/04/2026 18:00","0.00",""
"24/04/2026 00:00 - 25/04/2026 00:00","CTA|DE(Amprion)","HERDECKE_H6","11WD7HERD2G-H6-X","Fossil Gas","11WD7HERD2G-H6-X","24/04/2026 18:00 - 24/04/2026 19:00","0.00",""
"24/04/2026 00:00 - 25/04/2026 00:00","CTA|DE(Amprion)","HERDECKE_H6","11WD7HERD2G-H6-X","Fossil Gas","11WD7HERD2G-H6-X","24/04/2026 19:00 - 24/04/2026 20:00","0.00",""
"24/04/2026 00:00 - 25/04/2026 00:00","CTA|DE(Amprion)","HERDECKE_H6","11WD7HERD2G-H6-X","Fossil Gas","11WD7HERD2G-H6-X","24/04/2026 20:00 - 24/04/2026 21:00","0.00",""
"24/04/2026 00:00 - 25/04/2026 00:00","CTA|DE(Amprion)","HERDECKE_H6","11WD7HERD2G-H6-X","Fossil Gas","11WD7HERD2G-H6-X","24/04/2026 21:00 - 24/04/2026 22:00","0.00",""
"24/04/2026 00:00 - 25/04/2026 00:00","CTA|DE(Amprion)","HERDECKE_H6","11WD7HERD2G-H6-X","Fossil Gas","11WD7HERD2G-H6-X","24/04/2026 22:00 - 24/04/2026 23:00","0.00",""
"24/04/2026 00:00 - 25/04/2026 00:00","CTA|DE(Amprion)","HERDECKE_H6","11WD7HERD2G-H6-X","Fossil Gas","11WD7HERD2G-H6-X","24/04/2026 23:00 - 25/04/2026 00:00","0.00",""
"24/04/2026 00:00 - 25/04/2026 00:00","CTA|DE(Amprion)","HERNE_4","11WD7HERN2S--4-X","Fossil Hard coal","11WD7HERN2S--4-X","24/04/2026 00:00 - 24/04/2026 00:15","0.63",""
"24/04/2026 00:00 - 25/04/2026 00:00","CTA|DE(Amprion)","HERNE_4","11WD7HERN2S--4-X","Fossil Hard coal","11WD7HERN2S--4-X","24/04/2026 00:15 - 24/04/2026 00:30","0.00",""
"24/04/2026 00:00 - 25/04/2026 00:00","CTA|DE(Amprion)","HERNE_4","11WD7HERN2S--4-X","Fossil Hard coal","11WD7HERN2S--4-X","24/04/2026 00:30 - 24/04/2026 00:45","0.00",""
"24/04/2026 00:00 - 25/04/2026 00:00","CTA|DE(Amprion)","HERNE_4","11WD7HERN2S--4-X","Fossil Hard coal","11WD7HERN2S--4-X","24/04/2026 00:45 - 24/04/2026 01:00","0.00",""
"24/04/2026 00:00 - 25/04/2026 00:00","CTA|DE(Amprion)","HERNE_4","11WD7HERN2S--4-X","Fossil Hard coal","11WD7HERN2S--4-X","24/04/2026 01:00 - 24/04/2026 01:15","0.11",""
"24/04/2026 00:00 - 25/04/2026 00:00","CTA|DE(Amprion)","HERNE_4","11WD7HERN2S--4-X","Fossil Hard coal","11WD7HERN2S--4-X","24/04/2026 01:15 - 24/04/2026 01:30","0.00",""
"24/04/2026 00:00 - 25/04/2026 00:00","CTA|DE(Amprion)","HERNE_4","11WD7HERN2S--4-X","Fossil Hard coal","11WD7HERN2S--4-X","24/04/2026 01:30 - 24/04/2026 01:45","0.00",""
"24/04/2026 00:00 - 25/04/2026 00:00","CTA|DE(Amprion)","HERNE_4","11WD7HERN2S--4-X","Fossil Hard coal","11WD7HERN2S--4-X","24/04/2026 01:45 - 24/04/2026 02:00","0.00",""
"24/04/2026 00:00 - 25/04/2026 00:00","CTA|DE(Amprion)","HERNE_4","11WD7HERN2S--4-X","Fossil Hard coal","11WD7HERN2S--4-X","24/04/2026 02:00 - 24/04/2026 02:15","0.11",""
"24/04/2026 00:00 - 25/04/2026 00:00","CTA|DE(Amprion)","HERNE_4","11WD7HERN2S--4-X","Fossil Hard coal","11WD7HERN2S--4-X","24/04/2026 02:15 - 24/04/2026 02:30","0.00",""
"24/04/2026 00:00 - 25/04/2026 00:00","CTA|DE(Amprion)","HERNE_4","11WD7HERN2S--4-X","Fossil Hard coal","11WD7HERN2S--4-X","24/04/2026 02:30 - 24/04/2026 02:45","0.00",""
"24/04/2026 00:00 - 25/04/2026 00:00","CTA|DE(Amprion)","HERNE_4","11WD7HERN2S--4-X","Fossil Hard coal","11WD7HERN2S--4-X","24/04/2026 02:45 - 24/04/2026 03:00","0.00",""
"24/04/2026 00:00 - 25/04/2026 00:00","CTA|DE(Amprion)","HERNE_4","11WD7HERN2S--4-X","Fossil Hard coal","11WD7HERN2S--4-X","24/04/2026 03:00 - 24/04/2026 03:15","0.00",""
"24/04/2026 00:00 - 25/04/2026 00:00","CTA|DE(Amprion)","HERNE_4","11WD7HERN2S--4-X","Fossil Hard coal","11WD7HERN2S--4-X","24/04/2026 03:15 - 24/04/2026 03:30","0.00",""
"24/04/2026 00:00 - 25/04/2026 00:00","CTA|DE(Amprion)","HERNE_4","11WD7HERN2S--4-X","Fossil Hard coal","11WD7HERN2S--4-X","24/04/2026 03:30 - 24/04/2026 03:45","0.00",""
"24/04/2026 00:00 - 25/04/2026 00:00","CTA|DE(Amprion)","HERNE_4","11WD7HERN2S--4-X","Fossil Hard coal","11WD7HERN2S--4-X","24/04/2026 03:45 - 24/04/2026 04:00","0.00",""
"24/04/2026 00:00 - 25/04/2026 00:00","CTA|DE(Amprion)","HERNE_4","11WD7HERN2S--4-X","Fossil Hard coal","11WD7HERN2S--4-X","24/04/2026 04:00 - 24/04/2026 04:15","0.00",""
"24/04/2026 00:00 - 25/04/2026 00:00","CTA|DE(Amprion)","HERNE_4","11WD7HERN2S--4-X","Fossil Hard coal","11WD7HERN2S--4-X","24/04/2026 04:15 - 24/04/2026 04:30","0.00",""
"24/04/2026 00:00 - 25/04/2026 00:00","CTA|DE(Amprion)","HERNE_4","11WD7HERN2S--4-X","Fossil Hard coal","11WD7HERN2S--4-X","24/04/2026 04:30 - 24/04/2026 04:45","0.00",""
"24/04/2026 00:00 - 25/04/2026 00:00","CTA|DE(Amprion)","HERNE_4","11WD7HERN2S--4-X","Fossil Hard coal","11WD7HERN2S--4-X","24/04/2026 04:45 - 24/04/2026 05:00","0.00",""
"24/04/2026 00:00 - 25/04/2026 00:00","CTA|DE(Amprion)","HERNE_4","11WD7HERN2S--4-X","Fossil Hard coal","11WD7HERN2S--4-X","24/04/2026 05:00 - 24/04/2026 05:15","0.00",""
"24/04/2026 00:00 - 25/04/2026 00:00","CTA|DE(Amprion)","HERNE_4","11WD7HERN2S--4-X","Fossil Hard coal","11WD7HERN2S--4-X","24/04/2026 05:15 - 24/04/2026 05:30","0.00",""
"24/04/2026 00:00 - 25/04/2026 00:00","CTA|DE(Amprion)","HERNE_4","11WD7HERN2S--4-X","Fossil Hard coal","11WD7HERN2S--4-X","24/04/2026 05:30 - 24/04/2026 05:45","0.00",""
"24/04/2026 00:00 - 25/04/2026 00:00","CTA|DE(Amprion)","HERNE_4","11WD7HERN2S--4-X","Fossil Hard coal","11WD7HERN2S--4-X","24/04/2026 05:45 - 24/04/2026 06:00","0.00",""
"24/04/2026 00:00 - 25/04/2026 00:00","CTA|DE(Amprion)","HERNE_4","11WD7HERN2S--4-X","Fossil Hard coal","11WD7HERN2S--4-X","24/04/2026 06:00 - 24/04/2026 06:15","0.00",""
"24/04/2026 00:00 - 25/04/2026 00:00","CTA|DE(Amprion)","HERNE_4","11WD7HERN2S--4-X","Fossil Hard coal","11WD7HERN2S--4-X","24/04/2026 06:15 - 24/04/2026 06:30","0.00",""
"24/04/2026 00:00 - 25/04/2026 00:00","CTA|DE(Amprion)","HERNE_4","11WD7HERN2S--4-X","Fossil Hard coal","11WD7HERN2S--4-X","24/04/2026 06:30 - 24/04/2026 06:45","0.00",""
"24/04/2026 00:00 - 25/04/2026 00:00","CTA|DE(Amprion)","HERNE_4","11WD7HERN2S--4-X","Fossil Hard coal","11WD7HERN2S--4-X","24/04/2026 06:45 - 24/04/2026 07:00","0.00",""
"24/04/2026 00:00 - 25/04/2026 00:00","CTA|DE(Amprion)","HERNE_4","11WD7HERN2S--4-X","Fossil Hard coal","11WD7HERN2S--4-X","24/04/2026 07:00 - 24/04/2026 07:15","0.00",""
"24/04/2026 00:00 - 25/04/2026 00:00","CTA|DE(Amprion)","HERNE_4","11WD7HERN2S--4-X","Fossil Hard coal","11WD7HERN2S--4-X","24/04/2026 07:15 - 24/04/2026 07:30","0.00",""
"24/04/2026 00:00 - 25/04/2026 00:00","CTA|DE(Amprion)","HERNE_4","11WD7HERN2S--4-X","Fossil Hard coal","11WD7HERN2S--4-X","24/04/2026 07:30 - 24/04/2026 07:45","0.00",""
"24/04/2026 00:00 - 25/04/2026 00:00","CTA|DE(Amprion)","HERNE_4","11WD7HERN2S--4-X","Fossil Hard coal","11WD7HERN2S--4-X","24/04/2026 07:45 - 24/04/2026 08:00","0.00",""
"24/04/2026 00:00 - 25/04/2026 00:00","CTA|DE(Amprion)","HERNE_4","11WD7HERN2S--4-X","Fossil Hard coal","11WD7HERN2S--4-X","24/04/2026 08:00 - 24/04/2026 08:15","0.53",""
"24/04/2026 00:00 - 25/04/2026 00:00","CTA|DE(Amprion)","HERNE_4","11WD7HERN2S--4-X","Fossil Hard coal","11WD7HERN2S--4-X","24/04/2026 08:15 - 24/04/2026 08:30","0.00",""
"24/04/2026 00:00 - 25/04/2026 00:00","CTA|DE(Amprion)","HERNE_4","11WD7HERN2S--4-X","Fossil Hard coal","11WD7HERN2S--4-X","24/04/2026 08:30 - 24/04/2026 08:45","0.32",""
"24/04/2026 00:00 - 25/04/2026 00:00","CTA|DE(Amprion)","HERNE_4","11WD7HERN2S--4-X","Fossil Hard coal","11WD7HERN2S--4-X","24/04/2026 08:45 - 24/04/2026 09:00","0.00",""
"24/04/2026 00:00 - 25/04/2026 00:00","CTA|DE(Amprion)","HERNE_4","11WD7HERN2S--4-X","Fossil Hard coal","11WD7HERN2S--4-X","24/04/2026 09:00 - 24/04/2026 09:15","0.11",""
"24/04/2026 00:00 - 25/04/2026 00:00","CTA|DE(Amprion)","HERNE_4","11WD7HERN2S--4-X","Fossil Hard coal","11WD7HERN2S--4-X","24/04/2026 09:15 - 24/04/2026 09:30","0.74",""
"24/04/2026 00:00 - 25/04/2026 00:00","CTA|DE(Amprion)","HERNE_4","11WD7HERN2S--4-X","Fossil Hard coal","11WD7HERN2S--4-X","24/04/2026 09:30 - 24/04/2026 09:45","0.00",""
"24/04/2026 00:00 - 25/04/2026 00:00","CTA|DE(Amprion)","HERNE_4","11WD7HERN2S--4-X","Fossil Hard coal","11WD7HERN2S--4-X","24/04/2026 09:45 - 24/04/2026 10:00","0.00",""
"24/04/2026 00:00 - 25/04/2026 00:00","CTA|DE(Amprion)","HERNE_4","11WD7HERN2S--4-X","Fossil Hard coal","11WD7HERN2S--4-X","24/04/2026 10:00 - 24/04/2026 10:15","0.84",""
"24/04/2026 00:00 - 25/04/2026 00:00","CTA|DE(Amprion)","HERNE_4","11WD7HERN2S--4-X","Fossil Hard coal","11WD7HERN2S--4-X","24/04/2026 10:15 - 24/04/2026 10:30","0.00",""
"24/04/2026 00:00 - 25/04/2026 00:00","CTA|DE(Amprion)","HERNE_4","11WD7HERN2S--4-X","Fossil Hard coal","11WD7HERN2S--4-X","24/04/2026 10:30 - 24/04/2026 10:45","0.42",""
"24/04/2026 00:00 - 25/04/2026 00:00","CTA|DE(Amprion)","HERNE_4","11WD7HERN2S--4-X","Fossil Hard coal","11WD7HERN2S--4-X","24/04/2026 10:45 - 24/04/2026 11:00","0.00",""
"24/04/2026 00:00 - 25/04/2026 00:00","CTA|DE(Amprion)","HERNE_4","11WD7HERN2S--4-X","Fossil Hard coal","11WD7HERN2S--4-X","24/04/2026 11:00 - 24/04/2026 11:15","0.42",""
"24/04/2026 00:00 - 25/04/2026 00:00","CTA|DE(Amprion)","HERNE_4","11WD7HERN2S--4-X","Fossil Hard coal","11WD7HERN2S--4-X","24/04/2026 11:15 - 24/04/2026 11:30","0.00",""
"24/04/2026 00:00 - 25/04/2026 00:00","CTA|DE(Amprion)","HERNE_4","11WD7HERN2S--4-X","Fossil Hard coal","11WD7HERN2S--4-X","24/04/2026 11:30 - 24/04/2026 11:45","0.32",""
"24/04/2026 00:00 - 25/04/2026 00:00","CTA|DE(Amprion)","HERNE_4","11WD7HERN2S--4-X","Fossil Hard coal","11WD7HERN2S--4-X","24/04/2026 11:45 - 24/04/2026 12:00","0.00",""
"24/04/2026 00:00 - 25/04/2026 00:00","CTA|DE(Amprion)","HERNE_4","11WD7HERN2S--4-X","Fossil Hard coal","11WD7HERN2S--4-X","24/04/2026 12:00 - 24/04/2026 12:15","0.00",""
"24/04/2026 00:00 - 25/04/2026 00:00","CTA|DE(Amprion)","HERNE_4","11WD7HERN2S--4-X","Fossil Hard coal","11WD7HERN2S--4-X","24/04/2026 12:15 - 24/04/2026 12:30","0.53",""
"24/04/2026 00:00 - 25/04/2026 00:00","CTA|DE(Amprion)","HERNE_4","11WD7HERN2S--4-X","Fossil Hard coal","11WD7HERN2S--4-X","24/04/2026 12:30 - 24/04/2026 12:45","0.42",""
"24/04/2026 00:00 - 25/04/2026 00:00","CTA|DE(Amprion)","HERNE_4","11WD7HERN2S--4-X","Fossil Hard coal","11WD7HERN2S--4-X","24/04/2026 12:45 - 24/04/2026 13:00","0.00",""
"24/04/2026 00:00 - 25/04/2026 00:00","CTA|DE(Amprion)","HERNE_4","11WD7HERN2S--4-X","Fossil Hard coal","11WD7HERN2S--4-X","24/04/2026 13:00 - 24/04/2026 13:15","0.00",""
"24/04/2026 00:00 - 25/04/2026 00:00","CTA|DE(Amprion)","HERNE_4","11WD7HERN2S--4-X","Fossil Hard coal","11WD7HERN2S--4-X","24/04/2026 13:15 - 24/04/2026 13:30","0.00",""
"24/04/2026 00:00 - 25/04/2026 00:00","CTA|DE(Amprion)","HERNE_4","11WD7HERN2S--4-X","Fossil Hard coal","11WD7HERN2S--4-X","24/04/2026 13:30 - 24/04/2026 13:45","0.11",""
"24/04/2026 00:00 - 25/04/2026 00:00","CTA|DE(Amprion)","HERNE_4","11WD7HERN2S--4-X","Fossil Hard coal","11WD7HERN2S--4-X","24/04/2026 13:45 - 24/04/2026 14:00","0.00",""
"24/04/2026 00:00 - 25/04/2026 00:00","CTA|DE(Amprion)","HERNE_4","11WD7HERN2S--4-X","Fossil Hard coal","11WD7HERN2S--4-X","24/04/2026 14:00 - 24/04/2026 14:15","0.00",""
"24/04/2026 00:00 - 25/04/2026 00:00","CTA|DE(Amprion)","HERNE_4","11WD7HERN2S--4-X","Fossil Hard coal","11WD7HERN2S--4-X","24/04/2026 14:15 - 24/04/2026 14:30","0.00",""
"24/04/2026 00:00 - 25/04/2026 00:00","CTA|DE(Amprion)","HERNE_4","11WD7HERN2S--4-X","Fossil Hard coal","11WD7HERN2S--4-X","24/04/2026 14:30 - 24/04/2026 14:45","0.00",""
"24/04/2026 00:00 - 25/04/2026 00:00","CTA|DE(Amprion)","HERNE_4","11WD7HERN2S--4-X","Fossil Hard coal","11WD7HERN2S--4-X","24/04/2026 14:45 - 24/04/2026 15:00","0.00",""
"24/04/2026 00:00 - 25/04/2026 00:00","CTA|DE(Amprion)","HERNE_4","11WD7HERN2S--4-X","Fossil Hard coal","11WD7HERN2S--4-X","24/04/2026 15:00 - 24/04/2026 15:15","0.00",""
"24/04/2026 00:00 - 25/04/2026 00:00","CTA|DE(Amprion)","HERNE_4","11WD7HERN2S--4-X","Fossil Hard coal","11WD7HERN2S--4-X","24/04/2026 15:15 - 24/04/2026 15:30","0.00",""
"24/04/2026 00:00 - 25/04/2026 00:00","CTA|DE(Amprion)","HERNE_4","11WD7HERN2S--4-X","Fossil Hard coal","11WD7HERN2S--4-X","24/04/2026 15:30 - 24/04/2026 15:45","0.74",""
"24/04/2026 00:00 - 25/04/2026 00:00","CTA|DE(Amprion)","HERNE_4","11WD7HERN2S--4-X","Fossil Hard coal","11WD7HERN2S--4-X","24/04/2026 15:45 - 24/04/2026 16:00","0.00",""
"24/04/2026 00:00 - 25/04/2026 00:00","CTA|DE(Amprion)","HERNE_4","11WD7HERN2S--4-X","Fossil Hard coal","11WD7HERN2S--4-X","24/04/2026 16:00 - 24/04/2026 16:15","0.00",""
"24/04/2026 00:00 - 25/04/2026 00:00","CTA|DE(Amprion)","HERNE_4","11WD7HERN2S--4-X","Fossil Hard coal","11WD7HERN2S--4-X","24/04/2026 16:15 - 24/04/2026 16:30","0.11",""
"24/04/2026 00:00 - 25/04/2026 00:00","CTA|DE(Amprion)","HERNE_4","11WD7HERN2S--4-X","Fossil Hard coal","11WD7HERN2S--4-X","24/04/2026 16:30 - 24/04/2026 16:45","0.00",""
"24/04/2026 00:00 - 25/04/2026 00:00","CTA|DE(Amprion)","HERNE_4","11WD7HERN2S--4-X","Fossil Hard coal","11WD7HERN2S--4-X","24/04/2026 16:45 - 24/04/2026 17:00","0.21",""
"24/04/2026 00:00 - 25/04/2026 00:00","CTA|DE(Amprion)","HERNE_4","11WD7HERN2S--4-X","Fossil Hard coal","11WD7HERN2S--4-X","24/04/2026 17:00 - 24/04/2026 17:15","0.00",""
"24/04/2026 00:00 - 25/04/2026 00:00","CTA|DE(Amprion)","HERNE_4","11WD7HERN2S--4-X","Fossil Hard coal","11WD7HERN2S--4-X","24/04/2026 17:15 - 24/04/2026 17:30","0.21",""
"24/04/2026 00:00 - 25/04/2026 00:00","CTA|DE(Amprion)","HERNE_4","11WD7HERN2S--4-X","Fossil Hard coal","11WD7HERN2S--4-X","24/04/2026 17:30 - 24/04/2026 17:45","0.11",""
"24/04/2026 00:00 - 25/04/2026 00:00","CTA|DE(Amprion)","HERNE_4","11WD7HERN2S--4-X","Fossil Hard coal","11WD7HERN2S--4-X","24/04/2026 17:45 - 24/04/2026 18:00","0.00",""
"24/04/2026 00:00 - 25/04/2026 00:00","CTA|DE(Amprion)","HERNE_4","11WD7HERN2S--4-X","Fossil Hard coal","11WD7HERN2S--4-X","24/04/2026 18:00 - 24/04/2026 18:15","0.11",""
"24/04/2026 00:00 - 25/04/2026 00:00","CTA|DE(Amprion)","HERNE_4","11WD7HERN2S--4-X","Fossil Hard coal","11WD7HERN2S--4-X","24/04/2026 18:15 - 24/04/2026 18:30","0.11",""
"24/04/2026 00:00 - 25/04/2026 00:00","CTA|DE(Amprion)","HERNE_4","11WD7HERN2S--4-X","Fossil Hard coal","11WD7HERN2S--4-X","24/04/2026 18:30 - 24/04/2026 18:45","0.11",""
"24/04/2026 00:00 - 25/04/2026 00:00","CTA|DE(Amprion)","HERNE_4","11WD7HERN2S--4-X","Fossil Hard coal","11WD7HERN2S--4-X","24/04/2026 18:45 - 24/04/2026 19:00","0.00",""
"24/04/2026 00:00 - 25/04/2026 00:00","CTA|DE(Amprion)","HERNE_4","11WD7HERN2S--4-X","Fossil Hard coal","11WD7HERN2S--4-X","24/04/2026 19:00 - 24/04/2026 19:15","0.11",""
"24/04/2026 00:00 - 25/04/2026 00:00","CTA|DE(Amprion)","HERNE_4","11WD7HERN2S--4-X","Fossil Hard coal","11WD7HERN2S--4-X","24/04/2026 19:15 - 24/04/2026 19:30","0.21",""
"24/04/2026 00:00 - 25/04/2026 00:00","CTA|DE(Amprion)","HERNE_4","11WD7HERN2S--4-X","Fossil Hard coal","11WD7HERN2S--4-X","24/04/2026 19:30 - 24/04/2026 19:45","0.00",""
"24/04/2026 00:00 - 25/04/2026 00:00","CTA|DE(Amprion)","HERNE_4","11WD7HERN2S--4-X","Fossil Hard coal","11WD7HERN2S--4-X","24/04/2026 19:45 - 24/04/2026 20:00","0.00",""
"24/04/2026 00:00 - 25/04/2026 00:00","CTA|DE(Amprion)","HERNE_4","11WD7HERN2S--4-X","Fossil Hard coal","11WD7HERN2S--4-X","24/04/2026 20:00 - 24/04/2026 20:15","0.00",""
"24/04/2026 00:00 - 25/04/2026 00:00","CTA|DE(Amprion)","HERNE_4","11WD7HERN2S--4-X","Fossil Hard coal","11WD7HERN2S--4-X","24/04/2026 20:15 - 24/04/2026 20:30","0.00",""
"24/04/2026 00:00 - 25/04/2026 00:00","CTA|DE(Amprion)","HERNE_4","11WD7HERN2S--4-X","Fossil Hard coal","11WD7HERN2S--4-X","24/04/2026 20:30 - 24/04/2026 20:45","0.00",""
"24/04/2026 00:00 - 25/04/2026 00:00","CTA|DE(Amprion)","HERNE_4","11WD7HERN2S--4-X","Fossil Hard coal","11WD7HERN2S--4-X","24/04/2026 20:45 - 24/04/2026 21:00","0.00",""
"24/04/2026 00:00 - 25/04/2026 00:00","CTA|DE(Amprion)","HERNE_4","11WD7HERN2S--4-X","Fossil Hard coal","11WD7HERN2S--4-X","24/04/2026 21:00 - 24/04/2026 21:15","0.00",""
"24/04/2026 00:00 - 25/04/2026 00:00","CTA|DE(Amprion)","HERNE_4","11WD7HERN2S--4-X","Fossil Hard coal","11WD7HERN2S--4-X","24/04/2026 21:15 - 24/04/2026 21:30","0.00",""
"24/04/2026 00:00 - 25/04/2026 00:00","CTA|DE(Amprion)","HERNE_4","11WD7HERN2S--4-X","Fossil Hard coal","11WD7HERN2S--4-X","24/04/2026 21:30 - 24/04/2026 21:45","0.00",""
"24/04/2026 00:00 - 25/04/2026 00:00","CTA|DE(Amprion)","HERNE_4","11WD7HERN2S--4-X","Fossil Hard coal","11WD7HERN2S--4-X","24/04/2026 21:45 - 24/04/2026 22:00","0.11",""
"24/04/2026 00:00 - 25/04/2026 00:00","CTA|DE(Amprion)","HERNE_4","11WD7HERN2S--4-X","Fossil Hard coal","11WD7HERN2S--4-X","24/04/2026 22:00 - 24/04/2026 22:15","0.11",""
"24/04/2026 00:00 - 25/04/2026 00:00","CTA|DE(Amprion)","HERNE_4","11WD7HERN2S--4-X","Fossil Hard coal","11WD7HERN2S--4-X","24/04/2026 22:15 - 24/04/2026 22:30","0.00",""
"24/04/2026 00:00 - 25/04/2026 00:00","CTA|DE(Amprion)","HERNE_4","11WD7HERN2S--4-X","Fossil Hard coal","11WD7HERN2S--4-X","24/04/2026 22:30 - 24/04/2026 22:45","0.21",""
"24/04/2026 00:00 - 25/04/2026 00:00","CTA|DE(Amprion)","HERNE_4","11WD7HERN2S--4-X","Fossil Hard coal","11WD7HERN2S--4-X","24/04/2026 22:45 - 24/04/2026 23:00","0.00",""
"24/04/2026 00:00 - 25/04/2026 00:00","CTA|DE(Amprion)","HERNE_4","11WD7HERN2S--4-X","Fossil Hard coal","11WD7HERN2S--4-X","24/04/2026 23:00 - 24/04/2026 23:15","0.95",""
"24/04/2026 00:00 - 25/04/2026 00:00","CTA|DE(Amprion)","HERNE_4","11WD7HERN2S--4-X","Fossil Hard coal","11WD7HERN2S--4-X","24/04/2026 23:15 - 24/04/2026 23:30","0.00",""
"24/04/2026 00:00 - 25/04/2026 00:00","CTA|DE(Amprion)","HERNE_4","11WD7HERN2S--4-X","Fossil Hard coal","11WD7HERN2S--4-X","24/04/2026 23:30 - 24/04/2026 23:45","0.00",""
"24/04/2026 00:00 - 25/04/2026 00:00","CTA|DE(Amprion)","HERNE_4","11WD7HERN2S--4-X","Fossil Hard coal","11WD7HERN2S--4-X","24/04/2026 23:45 - 25/04/2026 00:00","0.00",""
"24/04/2026 00:00 - 25/04/2026 00:00","CTA|DE(Amprion)","Huckingen A","11WD7HUCK2G--A-C","Fossil Coal-derived gas","11WD7HUCK2G--A-C","24/04/2026 00:00 - 24/04/2026 01:00","0.00",""
"24/04/2026 00:00 - 25/04/2026 00:00","CTA|DE(Amprion)","Huckingen A","11WD7HUCK2G--A-C","Fossil Coal-derived gas","11WD7HUCK2G--A-C","24/04/2026 01:00 - 24/04/2026 02:00","0.00",""
"24/04/2026 00:00 - 25/04/2026 00:00","CTA|DE(Amprion)","Huckingen A","11WD7HUCK2G--A-C","Fossil Coal-derived gas","11WD7HUCK2G--A-C","24/04/2026 02:00 - 24/04/2026 03:00","0.00",""
"24/04/2026 00:00 - 25/04/2026 00:00","CTA|DE(Amprion)","Huckingen A","11WD7HUCK2G--A-C","Fossil Coal-derived gas","11WD7HUCK2G--A-C","24/04/2026 03:00 - 24/04/2026 04:00","0.00",""
"24/04/2026 00:00 - 25/04/2026 00:00","CTA|DE(Amprion)","Huckingen A","11WD7HUCK2G--A-C","Fossil Coal-derived gas","11WD7HUCK2G--A-C","24/04/2026 04:00 - 24/04/2026 05:00","0.00",""
"24/04/2026 00:00 - 25/04/2026 00:00","CTA|DE(Amprion)","Huckingen A","11WD7HUCK2G--A-C","Fossil Coal-derived gas","11WD7HUCK2G--A-C","24/04/2026 05:00 - 24/04/2026 06:00","0.00",""
"24/04/2026 00:00 - 25/04/2026 00:00","CTA|DE(Amprion)","Huckingen A","11WD7HUCK2G--A-C","Fossil Coal-derived gas","11WD7HUCK2G--A-C","24/04/2026 06:00 - 24/04/2026 07:00","0.00",""
"24/04/2026 00:00 - 25/04/2026 00:00","CTA|DE(Amprion)","Huckingen A","11WD7HUCK2G--A-C","Fossil Coal-derived gas","11WD7HUCK2G--A-C","24/04/2026 07:00 - 24/04/2026 08:00","0.00",""
"24/04/2026 00:00 - 25/04/2026 00:00","CTA|DE(Amprion)","Huckingen A","11WD7HUCK2G--A-C","Fossil Coal-derived gas","11WD7HUCK2G--A-C","24/04/2026 08:00 - 24/04/2026 09:00","0.00",""
"24/04/2026 00:00 - 25/04/2026 00:00","CTA|DE(Amprion)","Huckingen A","11WD7HUCK2G--A-C","Fossil Coal-derived gas","11WD7HUCK2G--A-C","24/04/2026 09:00 - 24/04/2026 10:00","0.00",""
"24/04/2026 00:00 - 25/04/2026 00:00","CTA|DE(Amprion)","Huckingen A","11WD7HUCK2G--A-C","Fossil Coal-derived gas","11WD7HUCK2G--A-C","24/04/2026 10:00 - 24/04/2026 11:00","0.00",""
"24/04/2026 00:00 - 25/04/2026 00:00","CTA|DE(Amprion)","Huckingen A","11WD7HUCK2G--A-C","Fossil Coal-derived gas","11WD7HUCK2G--A-C","24/04/2026 11:00 - 24/04/2026 12:00","0.00",""
"24/04/2026 00:00 - 25/04/2026 00:00","CTA|DE(Amprion)","Huckingen A","11WD7HUCK2G--A-C","Fossil Coal-derived gas","11WD7HUCK2G--A-C","24/04/2026 12:00 - 24/04/2026 13:00","0.00",""
"24/04/2026 00:00 - 25/04/2026 00:00","CTA|DE(Amprion)","Huckingen A","11WD7HUCK2G--A-C","Fossil Coal-derived gas","11WD7HUCK2G--A-C","24/04/2026 13:00 - 24/04/2026 14:00","0.00",""
"24/04/2026 00:00 - 25/04/2026 00:00","CTA|DE(Amprion)","Huckingen A","11WD7HUCK2G--A-C","Fossil Coal-derived gas","11WD7HUCK2G--A-C","24/04/2026 14:00 - 24/04/2026 15:00","0.00",""
"24/04/2026 00:00 - 25/04/2026 00:00","CTA|DE(Amprion)","Huckingen A","11WD7HUCK2G--A-C","Fossil Coal-derived gas","11WD7HUCK2G--A-C","24/04/2026 15:00 - 24/04/2026 16:00","0.00",""
"24/04/2026 00:00 - 25/04/2026 00:00","CTA|DE(Amprion)","Huckingen A","11WD7HUCK2G--A-C","Fossil Coal-derived gas","11WD7HUCK2G--A-C","24/04/2026 16:00 - 24/04/2026 17:00","0.00",""
"24/04/2026 00:00 - 25/04/2026 00:00","CTA|DE(Amprion)","Huckingen A","11WD7HUCK2G--A-C","Fossil Coal-derived gas","11WD7HUCK2G--A-C","24/04/2026 17:00 - 24/04/2026 18:00","0.00",""
"24/04/2026 00:00 - 25/04/2026 00:00","CTA|DE(Amprion)","Huckingen A","11WD7HUCK2G--A-C","Fossil Coal-derived gas","11WD7HUCK2G--A-C","24/04/2026 18:00 - 24/04/2026 19:00","0.00",""
"24/04/2026 00:00 - 25/04/2026 00:00","CTA|DE(Amprion)","Huckingen A","11WD7HUCK2G--A-C","Fossil Coal-derived gas","11WD7HUCK2G--A-C","24/04/2026 19:00 - 24/04/2026 20:00","0.00",""
"24/04/2026 00:00 - 25/04/2026 00:00","CTA|DE(Amprion)","Huckingen A","11WD7HUCK2G--A-C","Fossil Coal-derived gas","11WD7HUCK2G--A-C","24/04/2026 20:00 - 24/04/2026 21:00","0.00",""
"24/04/2026 00:00 - 25/04/2026 00:00","CTA|DE(Amprion)","Huckingen A","11WD7HUCK2G--A-C","Fossil Coal-derived gas","11WD7HUCK2G--A-C","24/04/2026 21:00 - 24/04/2026 22:00","0.00",""
"24/04/2026 00:00 - 25/04/2026 00:00","CTA|DE(Amprion)","Huckingen A","11WD7HUCK2G--A-C","Fossil Coal-derived gas","11WD7HUCK2G--A-C","24/04/2026 22:00 - 24/04/2026 23:00","0.00",""
"24/04/2026 00:00 - 25/04/2026 00:00","CTA|DE(Amprion)","Huckingen A","11WD7HUCK2G--A-C","Fossil Coal-derived gas","11WD7HUCK2G--A-C","24/04/2026 23:00 - 25/04/2026 00:00","0.00",""
"24/04/2026 00:00 - 25/04/2026 00:00","CTA|DE(Amprion)","Huckingen B","11WD7HUCK2G--B-9","Fossil Coal-derived gas","11WD7HUCK2G--B-9","24/04/2026 00:00 - 24/04/2026 01:00","160.88",""
"24/04/2026 00:00 - 25/04/2026 00:00","CTA|DE(Amprion)","Huckingen B","11WD7HUCK2G--B-9","Fossil Coal-derived gas","11WD7HUCK2G--B-9","24/04/2026 01:00 - 24/04/2026 02:00","156.93",""
"24/04/2026 00:00 - 25/04/2026 00:00","CTA|DE(Amprion)","Huckingen B","11WD7HUCK2G--B-9","Fossil Coal-derived gas","11WD7HUCK2G--B-9","24/04/2026 02:00 - 24/04/2026 03:00","170.15",""
"24/04/2026 00:00 - 25/04/2026 00:00","CTA|DE(Amprion)","Huckingen B","11WD7HUCK2G--B-9","Fossil Coal-derived gas","11WD7HUCK2G--B-9","24/04/2026 03:00 - 24/04/2026 04:00","171.10",""
"24/04/2026 00:00 - 25/04/2026 00:00","CTA|DE(Amprion)","Huckingen B","11WD7HUCK2G--B-9","Fossil Coal-derived gas","11WD7HUCK2G--B-9","24/04/2026 04:00 - 24/04/2026 05:00","176.72",""
"24/04/2026 00:00 - 25/04/2026 00:00","CTA|DE(Amprion)","Huckingen B","11WD7HUCK2G--B-9","Fossil Coal-derived gas","11WD7HUCK2G--B-9","24/04/2026 05:00 - 24/04/2026 06:00","182.40",""
"24/04/2026 00:00 - 25/04/2026 00:00","CTA|DE(Amprion)","Huckingen B","11WD7HUCK2G--B-9","Fossil Coal-derived gas","11WD7HUCK2G--B-9","24/04/2026 06:00 - 24/04/2026 07:00","186.55",""
"24/04/2026 00:00 - 25/04/2026 00:00","CTA|DE(Amprion)","Huckingen B","11WD7HUCK2G--B-9","Fossil Coal-derived gas","11WD7HUCK2G--B-9","24/04/2026 07:00 - 24/04/2026 08:00","187.05",""
"24/04/2026 00:00 - 25/04/2026 00:00","CTA|DE(Amprion)","Huckingen B","11WD7HUCK2G--B-9","Fossil Coal-derived gas","11WD7HUCK2G--B-9","24/04/2026 08:00 - 24/04/2026 09:00","181.53",""
"24/04/2026 00:00 - 25/04/2026 00:00","CTA|DE(Amprion)","Huckingen B","11WD7HUCK2G--B-9","Fossil Coal-derived gas","11WD7HUCK2G--B-9","24/04/2026 09:00 - 24/04/2026 10:00","170.28",""
"24/04/2026 00:00 - 25/04/2026 00:00","CTA|DE(Amprion)","Huckingen B","11WD7HUCK2G--B-9","Fossil Coal-derived gas","11WD7HUCK2G--B-9","24/04/2026 10:00 - 24/04/2026 11:00","158.43",""
"24/04/2026 00:00 - 25/04/2026 00:00","CTA|DE(Amprion)","Huckingen B","11WD7HUCK2G--B-9","Fossil Coal-derived gas","11WD7HUCK2G--B-9","24/04/2026 11:00 - 24/04/2026 12:00","163.03",""
"24/04/2026 00:00 - 25/04/2026 00:00","CTA|DE(Amprion)","Huckingen B","11WD7HUCK2G--B-9","Fossil Coal-derived gas","11WD7HUCK2G--B-9","24/04/2026 12:00 - 24/04/2026 13:00","153.50",""
"24/04/2026 00:00 - 25/04/2026 00:00","CTA|DE(Amprion)","Huckingen B","11WD7HUCK2G--B-9","Fossil Coal-derived gas","11WD7HUCK2G--B-9","24/04/2026 13:00 - 24/04/2026 14:00","173.15",""
"24/04/2026 00:00 - 25/04/2026 00:00","CTA|DE(Amprion)","Huckingen B","11WD7HUCK2G--B-9","Fossil Coal-derived gas","11WD7HUCK2G--B-9","24/04/2026 14:00 - 24/04/2026 15:00","124.88",""
"24/04/2026 00:00 - 25/04/2026 00:00","CTA|DE(Amprion)","Huckingen B","11WD7HUCK2G--B-9","Fossil Coal-derived gas","11WD7HUCK2G--B-9","24/04/2026 15:00 - 24/04/2026 16:00","124.95",""
"24/04/2026 00:00 - 25/04/2026 00:00","CTA|DE(Amprion)","Huckingen B","11WD7HUCK2G--B-9","Fossil Coal-derived gas","11WD7HUCK2G--B-9","24/04/2026 16:00 - 24/04/2026 17:00","135.25",""
"24/04/2026 00:00 - 25/04/2026 00:00","CTA|DE(Amprion)","Huckingen B","11WD7HUCK2G--B-9","Fossil Coal-derived gas","11WD7HUCK2G--B-9","24/04/2026 17:00 - 24/04/2026 18:00","124.83",""
"24/04/2026 00:00 - 25/04/2026 00:00","CTA|DE(Amprion)","Huckingen B","11WD7HUCK2G--B-9","Fossil Coal-derived gas","11WD7HUCK2G--B-9","24/04/2026 18:00 - 24/04/2026 19:00","125.00",""
"24/04/2026 00:00 - 25/04/2026 00:00","CTA|DE(Amprion)","Huckingen B","11WD7HUCK2G--B-9","Fossil Coal-derived gas","11WD7HUCK2G--B-9","24/04/2026 19:00 - 24/04/2026 20:00","135.15",""
"24/04/2026 00:00 - 25/04/2026 00:00","CTA|DE(Amprion)","Huckingen B","11WD7HUCK2G--B-9","Fossil Coal-derived gas","11WD7HUCK2G--B-9","24/04/2026 20:00 - 24/04/2026 21:00","138.40",""
"24/04/2026 00:00 - 25/04/2026 00:00","CTA|DE(Amprion)","Huckingen B","11WD7HUCK2G--B-9","Fossil Coal-derived gas","11WD7HUCK2G--B-9","24/04/2026 21:00 - 24/04/2026 22:00","131.88",""
"24/04/2026 00:00 - 25/04/2026 00:00","CTA|DE(Amprion)","Huckingen B","11WD7HUCK2G--B-9","Fossil Coal-derived gas","11WD7HUCK2G--B-9","24/04/2026 22:00 - 24/04/2026 23:00","132.60",""
"24/04/2026 00:00 - 25/04/2026 00:00","CTA|DE(Amprion)","Huckingen B","11WD7HUCK2G--B-9","Fossil Coal-derived gas","11WD7HUCK2G--B-9","24/04/2026 23:00 - 25/04/2026 00:00","136.93",""
"24/04/2026 00:00 - 25/04/2026 00:00","CTA|DE(Amprion)","Koepchenwerk","11WD7KOEP2P--5-G","Hydro Pumped Storage","11WD7KOEP2P--5-G","24/04/2026 00:00 - 24/04/2026 01:00","0.00",""
"24/04/2026 00:00 - 25/04/2026 00:00","CTA|DE(Amprion)","Koepchenwerk","11WD7KOEP2P--5-G","Hydro Pumped Storage","11WD7KOEP2P--5-G","24/04/2026 01:00 - 24/04/2026 02:00","0.00",""
"24/04/2026 00:00 - 25/04/2026 00:00","CTA|DE(Amprion)","Koepchenwerk","11WD7KOEP2P--5-G","Hydro Pumped Storage","11WD7KOEP2P--5-G","24/04/2026 02:00 - 24/04/2026 03:00","0.00",""
"24/04/2026 00:00 - 25/04/2026 00:00","CTA|DE(Amprion)","Koepchenwerk","11WD7KOEP2P--5-G","Hydro Pumped Storage","11WD7KOEP2P--5-G","24/04/2026 03:00 - 24/04/2026 04:00","0.00",""
"24/04/2026 00:00 - 25/04/2026 00:00","CTA|DE(Amprion)","Koepchenwerk","11WD7KOEP2P--5-G","Hydro Pumped Storage","11WD7KOEP2P--5-G","24/04/2026 04:00 - 24/04/2026 05:00","0.00",""
"24/04/2026 00:00 - 25/04/2026 00:00","CTA|DE(Amprion)","Koepchenwerk","11WD7KOEP2P--5-G","Hydro Pumped Storage","11WD7KOEP2P--5-G","24/04/2026 05:00 - 24/04/2026 06:00","2.27",""
"24/04/2026 00:00 - 25/04/2026 00:00","CTA|DE(Amprion)","Koepchenwerk","11WD7KOEP2P--5-G","Hydro Pumped Storage","11WD7KOEP2P--5-G","24/04/2026 06:00 - 24/04/2026 07:00","152.95",""
"24/04/2026 00:00 - 25/04/2026 00:00","CTA|DE(Amprion)","Koepchenwerk","11WD7KOEP2P--5-G","Hydro Pumped Storage","11WD7KOEP2P--5-G","24/04/2026 07:00 - 24/04/2026 08:00","156.13",""
"24/04/2026 00:00 - 25/04/2026 00:00","CTA|DE(Amprion)","Koepchenwerk","11WD7KOEP2P--5-G","Hydro Pumped Storage","11WD7KOEP2P--5-G","24/04/2026 08:00 - 24/04/2026 09:00","103.75",""
"24/04/2026 00:00 - 25/04/2026 00:00","CTA|DE(Amprion)","Koepchenwerk","11WD7KOEP2P--5-G","Hydro Pumped Storage","11WD7KOEP2P--5-G","24/04/2026 09:00 - 24/04/2026 10:00","0.00",""
"24/04/2026 00:00 - 25/04/2026 00:00","CTA|DE(Amprion)","Koepchenwerk","11WD7KOEP2P--5-G","Hydro Pumped Storage","11WD7KOEP2P--5-G","24/04/2026 10:00 - 24/04/2026 11:00","0.00",""
"24/04/2026 00:00 - 25/04/2026 00:00","CTA|DE(Amprion)","Koepchenwerk","11WD7KOEP2P--5-G","Hydro Pumped Storage","11WD7KOEP2P--5-G","24/04/2026 11:00 - 24/04/2026 12:00","0.00",""
"24/04/2026 00:00 - 25/04/2026 00:00","CTA|DE(Amprion)","Koepchenwerk","11WD7KOEP2P--5-G","Hydro Pumped Storage","11WD7KOEP2P--5-G","24/04/2026 12:00 - 24/04/2026 13:00","0.00",""
"24/04/2026 00:00 - 25/04/2026 00:00","CTA|DE(Amprion)","Koepchenwerk","11WD7KOEP2P--5-G","Hydro Pumped Storage","11WD7KOEP2P--5-G","24/04/2026 13:00 - 24/04/2026 14:00","0.00",""
"24/04/2026 00:00 - 25/04/2026 00:00","CTA|DE(Amprion)","Koepchenwerk","11WD7KOEP2P--5-G","Hydro Pumped Storage","11WD7KOEP2P--5-G","24/04/2026 14:00 - 24/04/2026 15:00","0.00",""
"24/04/2026 00:00 - 25/04/2026 00:00","CTA|DE(Amprion)","Koepchenwerk","11WD7KOEP2P--5-G","Hydro Pumped Storage","11WD7KOEP2P--5-G","24/04/2026 15:00 - 24/04/2026 16:00","0.00",""
"24/04/2026 00:00 - 25/04/2026 00:00","CTA|DE(Amprion)","Koepchenwerk","11WD7KOEP2P--5-G","Hydro Pumped Storage","11WD7KOEP2P--5-G","24/04/2026 16:00 - 24/04/2026 17:00","5.95",""
"24/04/2026 00:00 - 25/04/2026 00:00","CTA|DE(Amprion)","Koepchenwerk","11WD7KOEP2P--5-G","Hydro Pumped Storage","11WD7KOEP2P--5-G","24/04/2026 17:00 - 24/04/2026 18:00","0.00",""
"24/04/2026 00:00 - 25/04/2026 00:00","CTA|DE(Amprion)","Koepchenwerk","11WD7KOEP2P--5-G","Hydro Pumped Storage","11WD7KOEP2P--5-G","24/04/2026 18:00 - 24/04/2026 19:00","0.00",""
"24/04/2026 00:00 - 25/04/2026 00:00","CTA|DE(Amprion)","Koepchenwerk","11WD7KOEP2P--5-G","Hydro Pumped Storage","11WD7KOEP2P--5-G","24/04/2026 19:00 - 24/04/2026 20:00","30.38",""
"24/04/2026 00:00 - 25/04/2026 00:00","CTA|DE(Amprion)","Koepchenwerk","11WD7KOEP2P--5-G","Hydro Pumped Storage","11WD7KOEP2P--5-G","24/04/2026 20:00 - 24/04/2026 21:00","149.63",""
"24/04/2026 00:00 - 25/04/2026 00:00","CTA|DE(Amprion)","Koepchenwerk","11WD7KOEP2P--5-G","Hydro Pumped Storage","11WD7KOEP2P--5-G","24/04/2026 21:00 - 24/04/2026 22:00","119.17",""
"24/04/2026 00:00 - 25/04/2026 00:00","CTA|DE(Amprion)","Koepchenwerk","11WD7KOEP2P--5-G","Hydro Pumped Storage","11WD7KOEP2P--5-G","24/04/2026 22:00 - 24/04/2026 23:00","109.33",""
"24/04/2026 00:00 - 25/04/2026 00:00","CTA|DE(Amprion)","Koepchenwerk","11WD7KOEP2P--5-G","Hydro Pumped Storage","11WD7KOEP2P--5-G","24/04/2026 23:00 - 25/04/2026 00:00","21.88",""
"24/04/2026 00:00 - 25/04/2026 00:00","CTA|DE(Amprion)","KW Hamm-Uentrop Block 10","11WD7KWHU1GBL10E","Fossil Gas","11WD7KWHU1GBL10E","24/04/2026 00:00 - 24/04/2026 01:00","0.20",""
"24/04/2026 00:00 - 25/04/2026 00:00","CTA|DE(Amprion)","KW Hamm-Uentrop Block 10","11WD7KWHU1GBL10E","Fossil Gas","11WD7KWHU1GBL10E","24/04/2026 01:00 - 24/04/2026 02:00","0.20",""
"24/04/2026 00:00 - 25/04/2026 00:00","CTA|DE(Amprion)","KW Hamm-Uentrop Block 10","11WD7KWHU1GBL10E","Fossil Gas","11WD7KWHU1GBL10E","24/04/2026 02:00 - 24/04/2026 03:00","0.20",""
"24/04/2026 00:00 - 25/04/2026 00:00","CTA|DE(Amprion)","KW Hamm-Uentrop Block 10","11WD7KWHU1GBL10E","Fossil Gas","11WD7KWHU1GBL10E","24/04/2026 03:00 - 24/04/2026 04:00","0.20",""
"24/04/2026 00:00 - 25/04/2026 00:00","CTA|DE(Amprion)","KW Hamm-Uentrop Block 10","11WD7KWHU1GBL10E","Fossil Gas","11WD7KWHU1GBL10E","24/04/2026 04:00 - 24/04/2026 05:00","0.20",""
"24/04/2026 00:00 - 25/04/2026 00:00","CTA|DE(Amprion)","KW Hamm-Uentrop Block 10","11WD7KWHU1GBL10E","Fossil Gas","11WD7KWHU1GBL10E","24/04/2026 05:00 - 24/04/2026 06:00","0.20",""
"24/04/2026 00:00 - 25/04/2026 00:00","CTA|DE(Amprion)","KW Hamm-Uentrop Block 10","11WD7KWHU1GBL10E","Fossil Gas","11WD7KWHU1GBL10E","24/04/2026 06:00 - 24/04/2026 07:00","0.20",""
"24/04/2026 00:00 - 25/04/2026 00:00","CTA|DE(Amprion)","KW Hamm-Uentrop Block 10","11WD7KWHU1GBL10E","Fossil Gas","11WD7KWHU1GBL10E","24/04/2026 07:00 - 24/04/2026 08:00","0.20",""
"24/04/2026 00:00 - 25/04/2026 00:00","CTA|DE(Amprion)","KW Hamm-Uentrop Block 10","11WD7KWHU1GBL10E","Fossil Gas","11WD7KWHU1GBL10E","24/04/2026 08:00 - 24/04/2026 09:00","0.20",""
"24/04/2026 00:00 - 25/04/2026 00:00","CTA|DE(Amprion)","KW Hamm-Uentrop Block 10","11WD7KWHU1GBL10E","Fossil Gas","11WD7KWHU1GBL10E","24/04/2026 09:00 - 24/04/2026 10:00","0.20",""
"24/04/2026 00:00 - 25/04/2026 00:00","CTA|DE(Amprion)","KW Hamm-Uentrop Block 10","11WD7KWHU1GBL10E","Fossil Gas","11WD7KWHU1GBL10E","24/04/2026 10:00 - 24/04/2026 11:00","0.20",""
"24/04/2026 00:00 - 25/04/2026 00:00","CTA|DE(Amprion)","KW Hamm-Uentrop Block 10","11WD7KWHU1GBL10E","Fossil Gas","11WD7KWHU1GBL10E","24/04/2026 11:00 - 24/04/2026 12:00","0.20",""
"24/04/2026 00:00 - 25/04/2026 00:00","CTA|DE(Amprion)","KW Hamm-Uentrop Block 10","11WD7KWHU1GBL10E","Fossil Gas","11WD7KWHU1GBL10E","24/04/2026 12:00 - 24/04/2026 13:00","0.20",""
"24/04/2026 00:00 - 25/04/2026 00:00","CTA|DE(Amprion)","KW Hamm-Uentrop Block 10","11WD7KWHU1GBL10E","Fossil Gas","11WD7KWHU1GBL10E","24/04/2026 13:00 - 24/04/2026 14:00","0.20",""
"24/04/2026 00:00 - 25/04/2026 00:00","CTA|DE(Amprion)","KW Hamm-Uentrop Block 10","11WD7KWHU1GBL10E","Fossil Gas","11WD7KWHU1GBL10E","24/04/2026 14:00 - 24/04/2026 15:00","0.20",""
"24/04/2026 00:00 - 25/04/2026 00:00","CTA|DE(Amprion)","KW Hamm-Uentrop Block 10","11WD7KWHU1GBL10E","Fossil Gas","11WD7KWHU1GBL10E","24/04/2026 15:00 - 24/04/2026 16:00","0.20",""
"24/04/2026 00:00 - 25/04/2026 00:00","CTA|DE(Amprion)","KW Hamm-Uentrop Block 10","11WD7KWHU1GBL10E","Fossil Gas","11WD7KWHU1GBL10E","24/04/2026 16:00 - 24/04/2026 17:00","0.20",""
"24/04/2026 00:00 - 25/04/2026 00:00","CTA|DE(Amprion)","KW Hamm-Uentrop Block 10","11WD7KWHU1GBL10E","Fossil Gas","11WD7KWHU1GBL10E","24/04/2026 17:00 - 24/04/2026 18:00","0.20",""
"24/04/2026 00:00 - 25/04/2026 00:00","CTA|DE(Amprion)","KW Hamm-Uentrop Block 10","11WD7KWHU1GBL10E","Fossil Gas","11WD7KWHU1GBL10E","24/04/2026 18:00 - 24/04/2026 19:00","0.20",""
"24/04/2026 00:00 - 25/04/2026 00:00","CTA|DE(Amprion)","KW Hamm-Uentrop Block 10","11WD7KWHU1GBL10E","Fossil Gas","11WD7KWHU1GBL10E","24/04/2026 19:00 - 24/04/2026 20:00","0.20",""
"24/04/2026 00:00 - 25/04/2026 00:00","CTA|DE(Amprion)","KW Hamm-Uentrop Block 10","11WD7KWHU1GBL10E","Fossil Gas","11WD7KWHU1GBL10E","24/04/2026 20:00 - 24/04/2026 21:00","0.20",""
"24/04/2026 00:00 - 25/04/2026 00:00","CTA|DE(Amprion)","KW Hamm-Uentrop Block 10","11WD7KWHU1GBL10E","Fossil Gas","11WD7KWHU1GBL10E","24/04/2026 21:00 - 24/04/2026 22:00","0.20",""
"24/04/2026 00:00 - 25/04/2026 00:00","CTA|DE(Amprion)","KW Hamm-Uentrop Block 10","11WD7KWHU1GBL10E","Fossil Gas","11WD7KWHU1GBL10E","24/04/2026 22:00 - 24/04/2026 23:00","0.20",""
"24/04/2026 00:00 - 25/04/2026 00:00","CTA|DE(Amprion)","KW Hamm-Uentrop Block 10","11WD7KWHU1GBL10E","Fossil Gas","11WD7KWHU1GBL10E","24/04/2026 23:00 - 25/04/2026 00:00","0.20",""
"24/04/2026 00:00 - 25/04/2026 00:00","CTA|DE(Amprion)","KW Hamm-Uentrop Block 20","11WD7KWHU1GBL20B","Fossil Gas","11WD7KWHU1GBL20B","24/04/2026 00:00 - 24/04/2026 01:00","0.10",""
"24/04/2026 00:00 - 25/04/2026 00:00","CTA|DE(Amprion)","KW Hamm-Uentrop Block 20","11WD7KWHU1GBL20B","Fossil Gas","11WD7KWHU1GBL20B","24/04/2026 01:00 - 24/04/2026 02:00","0.10",""
"24/04/2026 00:00 - 25/04/2026 00:00","CTA|DE(Amprion)","KW Hamm-Uentrop Block 20","11WD7KWHU1GBL20B","Fossil Gas","11WD7KWHU1GBL20B","24/04/2026 02:00 - 24/04/2026 03:00","0.10",""
"24/04/2026 00:00 - 25/04/2026 00:00","CTA|DE(Amprion)","KW Hamm-Uentrop Block 20","11WD7KWHU1GBL20B","Fossil Gas","11WD7KWHU1GBL20B","24/04/2026 03:00 - 24/04/2026 04:00","0.10",""
"24/04/2026 00:00 - 25/04/2026 00:00","CTA|DE(Amprion)","KW Hamm-Uentrop Block 20","11WD7KWHU1GBL20B","Fossil Gas","11WD7KWHU1GBL20B","24/04/2026 04:00 - 24/04/2026 05:00","0.10",""
"24/04/2026 00:00 - 25/04/2026 00:00","CTA|DE(Amprion)","KW Hamm-Uentrop Block 20","11WD7KWHU1GBL20B","Fossil Gas","11WD7KWHU1GBL20B","24/04/2026 05:00 - 24/04/2026 06:00","0.10",""
"24/04/2026 00:00 - 25/04/2026 00:00","CTA|DE(Amprion)","KW Hamm-Uentrop Block 20","11WD7KWHU1GBL20B","Fossil Gas","11WD7KWHU1GBL20B","24/04/2026 06:00 - 24/04/2026 07:00","0.10",""
"24/04/2026 00:00 - 25/04/2026 00:00","CTA|DE(Amprion)","KW Hamm-Uentrop Block 20","11WD7KWHU1GBL20B","Fossil Gas","11WD7KWHU1GBL20B","24/04/2026 07:00 - 24/04/2026 08:00","0.10",""
"24/04/2026 00:00 - 25/04/2026 00:00","CTA|DE(Amprion)","KW Hamm-Uentrop Block 20","11WD7KWHU1GBL20B","Fossil Gas","11WD7KWHU1GBL20B","24/04/2026 08:00 - 24/04/2026 09:00","0.10",""
"24/04/2026 00:00 - 25/04/2026 00:00","CTA|DE(Amprion)","KW Hamm-Uentrop Block 20","11WD7KWHU1GBL20B","Fossil Gas","11WD7KWHU1GBL20B","24/04/2026 09:00 - 24/04/2026 10:00","0.10",""
"24/04/2026 00:00 - 25/04/2026 00:00","CTA|DE(Amprion)","KW Hamm-Uentrop Block 20","11WD7KWHU1GBL20B","Fossil Gas","11WD7KWHU1GBL20B","24/04/2026 10:00 - 24/04/2026 11:00","0.10",""
"24/04/2026 00:00 - 25/04/2026 00:00","CTA|DE(Amprion)","KW Hamm-Uentrop Block 20","11WD7KWHU1GBL20B","Fossil Gas","11WD7KWHU1GBL20B","24/04/2026 11:00 - 24/04/2026 12:00","0.10",""
"24/04/2026 00:00 - 25/04/2026 00:00","CTA|DE(Amprion)","KW Hamm-Uentrop Block 20","11WD7KWHU1GBL20B","Fossil Gas","11WD7KWHU1GBL20B","24/04/2026 12:00 - 24/04/2026 13:00","0.10",""
"24/04/2026 00:00 - 25/04/2026 00:00","CTA|DE(Amprion)","KW Hamm-Uentrop Block 20","11WD7KWHU1GBL20B","Fossil Gas","11WD7KWHU1GBL20B","24/04/2026 13:00 - 24/04/2026 14:00","0.10",""
"24/04/2026 00:00 - 25/04/2026 00:00","CTA|DE(Amprion)","KW Hamm-Uentrop Block 20","11WD7KWHU1GBL20B","Fossil Gas","11WD7KWHU1GBL20B","24/04/2026 14:00 - 24/04/2026 15:00","0.10",""
"24/04/2026 00:00 - 25/04/2026 00:00","CTA|DE(Amprion)","KW Hamm-Uentrop Block 20","11WD7KWHU1GBL20B","Fossil Gas","11WD7KWHU1GBL20B","24/04/2026 15:00 - 24/04/2026 16:00","0.10",""
"24/04/2026 00:00 - 25/04/2026 00:00","CTA|DE(Amprion)","KW Hamm-Uentrop Block 20","11WD7KWHU1GBL20B","Fossil Gas","11WD7KWHU1GBL20B","24/04/2026 16:00 - 24/04/2026 17:00","0.10",""
"24/04/2026 00:00 - 25/04/2026 00:00","CTA|DE(Amprion)","KW Hamm-Uentrop Block 20","11WD7KWHU1GBL20B","Fossil Gas","11WD7KWHU1GBL20B","24/04/2026 17:00 - 24/04/2026 18:00","0.10",""
"24/04/2026 00:00 - 25/04/2026 00:00","CTA|DE(Amprion)","KW Hamm-Uentrop Block 20","11WD7KWHU1GBL20B","Fossil Gas","11WD7KWHU1GBL20B","24/04/2026 18:00 - 24/04/2026 19:00","0.10",""
"24/04/2026 00:00 - 25/04/2026 00:00","CTA|DE(Amprion)","KW Hamm-Uentrop Block 20","11WD7KWHU1GBL20B","Fossil Gas","11WD7KWHU1GBL20B","24/04/2026 19:00 - 24/04/2026 20:00","0.10",""
"24/04/2026 00:00 - 25/04/2026 00:00","CTA|DE(Amprion)","KW Hamm-Uentrop Block 20","11WD7KWHU1GBL20B","Fossil Gas","11WD7KWHU1GBL20B","24/04/2026 20:00 - 24/04/2026 21:00","0.10",""
"24/04/2026 00:00 - 25/04/2026 00:00","CTA|DE(Amprion)","KW Hamm-Uentrop Block 20","11WD7KWHU1GBL20B","Fossil Gas","11WD7KWHU1GBL20B","24/04/2026 21:00 - 24/04/2026 22:00","0.10",""
"24/04/2026 00:00 - 25/04/2026 00:00","CTA|DE(Amprion)","KW Hamm-Uentrop Block 20","11WD7KWHU1GBL20B","Fossil Gas","11WD7KWHU1GBL20B","24/04/2026 22:00 - 24/04/2026 23:00","0.10",""
"24/04/2026 00:00 - 25/04/2026 00:00","CTA|DE(Amprion)","KW Hamm-Uentrop Block 20","11WD7KWHU1GBL20B","Fossil Gas","11WD7KWHU1GBL20B","24/04/2026 23:00 - 25/04/2026 00:00","0.10",""
"24/04/2026 00:00 - 25/04/2026 00:00","CTA|DE(Amprion)","Knapsack 2","11WD7KWKN-20-EEW","Fossil Gas","11WD7KWKN-20-EEW","24/04/2026 00:00 - 24/04/2026 01:00","0.00",""
"24/04/2026 00:00 - 25/04/2026 00:00","CTA|DE(Amprion)","Knapsack 2","11WD7KWKN-20-EEW","Fossil Gas","11WD7KWKN-20-EEW","24/04/2026 01:00 - 24/04/2026 02:00","0.00",""
"24/04/2026 00:00 - 25/04/2026 00:00","CTA|DE(Amprion)","Knapsack 2","11WD7KWKN-20-EEW","Fossil Gas","11WD7KWKN-20-EEW","24/04/2026 02:00 - 24/04/2026 03:00","0.00",""
"24/04/2026 00:00 - 25/04/2026 00:00","CTA|DE(Amprion)","Knapsack 2","11WD7KWKN-20-EEW","Fossil Gas","11WD7KWKN-20-EEW","24/04/2026 03:00 - 24/04/2026 04:00","0.00",""
"24/04/2026 00:00 - 25/04/2026 00:00","CTA|DE(Amprion)","Knapsack 2","11WD7KWKN-20-EEW","Fossil Gas","11WD7KWKN-20-EEW","24/04/2026 04:00 - 24/04/2026 05:00","0.00",""
"24/04/2026 00:00 - 25/04/2026 00:00","CTA|DE(Amprion)","Knapsack 2","11WD7KWKN-20-EEW","Fossil Gas","11WD7KWKN-20-EEW","24/04/2026 05:00 - 24/04/2026 06:00","0.00",""
"24/04/2026 00:00 - 25/04/2026 00:00","CTA|DE(Amprion)","Knapsack 2","11WD7KWKN-20-EEW","Fossil Gas","11WD7KWKN-20-EEW","24/04/2026 06:00 - 24/04/2026 07:00","0.00",""
"24/04/2026 00:00 - 25/04/2026 00:00","CTA|DE(Amprion)","Knapsack 2","11WD7KWKN-20-EEW","Fossil Gas","11WD7KWKN-20-EEW","24/04/2026 07:00 - 24/04/2026 08:00","0.00",""
"24/04/2026 00:00 - 25/04/2026 00:00","CTA|DE(Amprion)","Knapsack 2","11WD7KWKN-20-EEW","Fossil Gas","11WD7KWKN-20-EEW","24/04/2026 08:00 - 24/04/2026 09:00","0.00",""
"24/04/2026 00:00 - 25/04/2026 00:00","CTA|DE(Amprion)","Knapsack 2","11WD7KWKN-20-EEW","Fossil Gas","11WD7KWKN-20-EEW","24/04/2026 09:00 - 24/04/2026 10:00","0.00",""
"24/04/2026 00:00 - 25/04/2026 00:00","CTA|DE(Amprion)","Knapsack 2","11WD7KWKN-20-EEW","Fossil Gas","11WD7KWKN-20-EEW","24/04/2026 10:00 - 24/04/2026 11:00","0.00",""
"24/04/2026 00:00 - 25/04/2026 00:00","CTA|DE(Amprion)","Knapsack 2","11WD7KWKN-20-EEW","Fossil Gas","11WD7KWKN-20-EEW","24/04/2026 11:00 - 24/04/2026 12:00","0.00",""
"24/04/2026 00:00 - 25/04/2026 00:00","CTA|DE(Amprion)","Knapsack 2","11WD7KWKN-20-EEW","Fossil Gas","11WD7KWKN-20-EEW","24/04/2026 12:00 - 24/04/2026 13:00","0.00",""
"24/04/2026 00:00 - 25/04/2026 00:00","CTA|DE(Amprion)","Knapsack 2","11WD7KWKN-20-EEW","Fossil Gas","11WD7KWKN-20-EEW","24/04/2026 13:00 - 24/04/2026 14:00","0.00",""
"24/04/2026 00:00 - 25/04/2026 00:00","CTA|DE(Amprion)","Knapsack 2","11WD7KWKN-20-EEW","Fossil Gas","11WD7KWKN-20-EEW","24/04/2026 14:00 - 24/04/2026 15:00","0.00",""
"24/04/2026 00:00 - 25/04/2026 00:00","CTA|DE(Amprion)","Knapsack 2","11WD7KWKN-20-EEW","Fossil Gas","11WD7KWKN-20-EEW","24/04/2026 15:00 - 24/04/2026 16:00","0.00",""
"24/04/2026 00:00 - 25/04/2026 00:00","CTA|DE(Amprion)","Knapsack 2","11WD7KWKN-20-EEW","Fossil Gas","11WD7KWKN-20-EEW","24/04/2026 16:00 - 24/04/2026 17:00","0.00",""
"24/04/2026 00:00 - 25/04/2026 00:00","CTA|DE(Amprion)","Knapsack 2","11WD7KWKN-20-EEW","Fossil Gas","11WD7KWKN-20-EEW","24/04/2026 17:00 - 24/04/2026 18:00","0.00",""
"24/04/2026 00:00 - 25/04/2026 00:00","CTA|DE(Amprion)","Knapsack 2","11WD7KWKN-20-EEW","Fossil Gas","11WD7KWKN-20-EEW","24/04/2026 18:00 - 24/04/2026 19:00","0.00",""
"24/04/2026 00:00 - 25/04/2026 00:00","CTA|DE(Amprion)","Knapsack 2","11WD7KWKN-20-EEW","Fossil Gas","11WD7KWKN-20-EEW","24/04/2026 19:00 - 24/04/2026 20:00","0.00",""
"24/04/2026 00:00 - 25/04/2026 00:00","CTA|DE(Amprion)","Knapsack 2","11WD7KWKN-20-EEW","Fossil Gas","11WD7KWKN-20-EEW","24/04/2026 20:00 - 24/04/2026 21:00","0.00",""
"24/04/2026 00:00 - 25/04/2026 00:00","CTA|DE(Amprion)","Knapsack 2","11WD7KWKN-20-EEW","Fossil Gas","11WD7KWKN-20-EEW","24/04/2026 21:00 - 24/04/2026 22:00","0.00",""
"24/04/2026 00:00 - 25/04/2026 00:00","CTA|DE(Amprion)","Knapsack 2","11WD7KWKN-20-EEW","Fossil Gas","11WD7KWKN-20-EEW","24/04/2026 22:00 - 24/04/2026 23:00","0.00",""
"24/04/2026 00:00 - 25/04/2026 00:00","CTA|DE(Amprion)","Knapsack 2","11WD7KWKN-20-EEW","Fossil Gas","11WD7KWKN-20-EEW","24/04/2026 23:00 - 25/04/2026 00:00","0.00",""
"24/04/2026 00:00 - 25/04/2026 00:00","CTA|DE(Amprion)","Knapsack 1","11WD7KWKN-KW-EEN","Fossil Gas","11WD7KWKN-KW-EEN","24/04/2026 00:00 - 24/04/2026 01:00","423.80",""
"24/04/2026 00:00 - 25/04/2026 00:00","CTA|DE(Amprion)","Knapsack 1","11WD7KWKN-KW-EEN","Fossil Gas","11WD7KWKN-KW-EEN","24/04/2026 01:00 - 24/04/2026 02:00","507.20",""
"24/04/2026 00:00 - 25/04/2026 00:00","CTA|DE(Amprion)","Knapsack 1","11WD7KWKN-KW-EEN","Fossil Gas","11WD7KWKN-KW-EEN","24/04/2026 02:00 - 24/04/2026 03:00","507.30",""
"24/04/2026 00:00 - 25/04/2026 00:00","CTA|DE(Amprion)","Knapsack 1","11WD7KWKN-KW-EEN","Fossil Gas","11WD7KWKN-KW-EEN","24/04/2026 03:00 - 24/04/2026 04:00","507.10",""
"24/04/2026 00:00 - 25/04/2026 00:00","CTA|DE(Amprion)","Knapsack 1","11WD7KWKN-KW-EEN","Fossil Gas","11WD7KWKN-KW-EEN","24/04/2026 04:00 - 24/04/2026 05:00","560.60",""
"24/04/2026 00:00 - 25/04/2026 00:00","CTA|DE(Amprion)","Knapsack 1","11WD7KWKN-KW-EEN","Fossil Gas","11WD7KWKN-KW-EEN","24/04/2026 05:00 - 24/04/2026 06:00","752.10",""
"24/04/2026 00:00 - 25/04/2026 00:00","CTA|DE(Amprion)","Knapsack 1","11WD7KWKN-KW-EEN","Fossil Gas","11WD7KWKN-KW-EEN","24/04/2026 06:00 - 24/04/2026 07:00","710.90",""
"24/04/2026 00:00 - 25/04/2026 00:00","CTA|DE(Amprion)","Knapsack 1","11WD7KWKN-KW-EEN","Fossil Gas","11WD7KWKN-KW-EEN","24/04/2026 07:00 - 24/04/2026 08:00","513.40",""
"24/04/2026 00:00 - 25/04/2026 00:00","CTA|DE(Amprion)","Knapsack 1","11WD7KWKN-KW-EEN","Fossil Gas","11WD7KWKN-KW-EEN","24/04/2026 08:00 - 24/04/2026 09:00","65.50",""
"24/04/2026 00:00 - 25/04/2026 00:00","CTA|DE(Amprion)","Knapsack 1","11WD7KWKN-KW-EEN","Fossil Gas","11WD7KWKN-KW-EEN","24/04/2026 09:00 - 24/04/2026 10:00","0.00",""
"24/04/2026 00:00 - 25/04/2026 00:00","CTA|DE(Amprion)","Knapsack 1","11WD7KWKN-KW-EEN","Fossil Gas","11WD7KWKN-KW-EEN","24/04/2026 10:00 - 24/04/2026 11:00","0.00",""
"24/04/2026 00:00 - 25/04/2026 00:00","CTA|DE(Amprion)","Knapsack 1","11WD7KWKN-KW-EEN","Fossil Gas","11WD7KWKN-KW-EEN","24/04/2026 11:00 - 24/04/2026 12:00","0.00",""
"24/04/2026 00:00 - 25/04/2026 00:00","CTA|DE(Amprion)","Knapsack 1","11WD7KWKN-KW-EEN","Fossil Gas","11WD7KWKN-KW-EEN","24/04/2026 12:00 - 24/04/2026 13:00","0.00",""
"24/04/2026 00:00 - 25/04/2026 00:00","CTA|DE(Amprion)","Knapsack 1","11WD7KWKN-KW-EEN","Fossil Gas","11WD7KWKN-KW-EEN","24/04/2026 13:00 - 24/04/2026 14:00","0.00",""
"24/04/2026 00:00 - 25/04/2026 00:00","CTA|DE(Amprion)","Knapsack 1","11WD7KWKN-KW-EEN","Fossil Gas","11WD7KWKN-KW-EEN","24/04/2026 14:00 - 24/04/2026 15:00","0.00",""
"24/04/2026 00:00 - 25/04/2026 00:00","CTA|DE(Amprion)","Knapsack 1","11WD7KWKN-KW-EEN","Fossil Gas","11WD7KWKN-KW-EEN","24/04/2026 15:00 - 24/04/2026 16:00","0.00",""
"24/04/2026 00:00 - 25/04/2026 00:00","CTA|DE(Amprion)","Knapsack 1","11WD7KWKN-KW-EEN","Fossil Gas","11WD7KWKN-KW-EEN","24/04/2026 16:00 - 24/04/2026 17:00","0.20",""
"24/04/2026 00:00 - 25/04/2026 00:00","CTA|DE(Amprion)","Knapsack 1","11WD7KWKN-KW-EEN","Fossil Gas","11WD7KWKN-KW-EEN","24/04/2026 17:00 - 24/04/2026 18:00","218.80",""
"24/04/2026 00:00 - 25/04/2026 00:00","CTA|DE(Amprion)","Knapsack 1","11WD7KWKN-KW-EEN","Fossil Gas","11WD7KWKN-KW-EEN","24/04/2026 18:00 - 24/04/2026 19:00","566.00",""
"24/04/2026 00:00 - 25/04/2026 00:00","CTA|DE(Amprion)","Knapsack 1","11WD7KWKN-KW-EEN","Fossil Gas","11WD7KWKN-KW-EEN","24/04/2026 19:00 - 24/04/2026 20:00","811.20",""
"24/04/2026 00:00 - 25/04/2026 00:00","CTA|DE(Amprion)","Knapsack 1","11WD7KWKN-KW-EEN","Fossil Gas","11WD7KWKN-KW-EEN","24/04/2026 20:00 - 24/04/2026 21:00","687.70",""
"24/04/2026 00:00 - 25/04/2026 00:00","CTA|DE(Amprion)","Knapsack 1","11WD7KWKN-KW-EEN","Fossil Gas","11WD7KWKN-KW-EEN","24/04/2026 21:00 - 24/04/2026 22:00","683.90",""
"24/04/2026 00:00 - 25/04/2026 00:00","CTA|DE(Amprion)","Knapsack 1","11WD7KWKN-KW-EEN","Fossil Gas","11WD7KWKN-KW-EEN","24/04/2026 22:00 - 24/04/2026 23:00","851.30",""
"24/04/2026 00:00 - 25/04/2026 00:00","CTA|DE(Amprion)","Knapsack 1","11WD7KWKN-KW-EEN","Fossil Gas","11WD7KWKN-KW-EEN","24/04/2026 23:00 - 25/04/2026 00:00","741.20",""
"24/04/2026 00:00 - 25/04/2026 00:00","CTA|DE(Amprion)","Block GT 11","11WD7LUDW2GGT11E","Fossil Gas","11WD7LUDW2GGT11E","24/04/2026 00:00 - 24/04/2026 01:00","194.60",""
"24/04/2026 00:00 - 25/04/2026 00:00","CTA|DE(Amprion)","Block GT 11","11WD7LUDW2GGT11E","Fossil Gas","11WD7LUDW2GGT11E","24/04/2026 01:00 - 24/04/2026 02:00","197.22",""
"24/04/2026 00:00 - 25/04/2026 00:00","CTA|DE(Amprion)","Block GT 11","11WD7LUDW2GGT11E","Fossil Gas","11WD7LUDW2GGT11E","24/04/2026 02:00 - 24/04/2026 03:00","191.88",""
"24/04/2026 00:00 - 25/04/2026 00:00","CTA|DE(Amprion)","Block GT 11","11WD7LUDW2GGT11E","Fossil Gas","11WD7LUDW2GGT11E","24/04/2026 03:00 - 24/04/2026 04:00","191.63",""
"24/04/2026 00:00 - 25/04/2026 00:00","CTA|DE(Amprion)","Block GT 11","11WD7LUDW2GGT11E","Fossil Gas","11WD7LUDW2GGT11E","24/04/2026 04:00 - 24/04/2026 05:00","191.72",""
"24/04/2026 00:00 - 25/04/2026 00:00","CTA|DE(Amprion)","Block GT 11","11WD7LUDW2GGT11E","Fossil Gas","11WD7LUDW2GGT11E","24/04/2026 05:00 - 24/04/2026 06:00","192.05",""
"24/04/2026 00:00 - 25/04/2026 00:00","CTA|DE(Amprion)","Block GT 11","11WD7LUDW2GGT11E","Fossil Gas","11WD7LUDW2GGT11E","24/04/2026 06:00 - 24/04/2026 07:00","199.57",""
"24/04/2026 00:00 - 25/04/2026 00:00","CTA|DE(Amprion)","Block GT 11","11WD7LUDW2GGT11E","Fossil Gas","11WD7LUDW2GGT11E","24/04/2026 07:00 - 24/04/2026 08:00","199.57",""
"24/04/2026 00:00 - 25/04/2026 00:00","CTA|DE(Amprion)","Block GT 11","11WD7LUDW2GGT11E","Fossil Gas","11WD7LUDW2GGT11E","24/04/2026 08:00 - 24/04/2026 09:00","189.03",""
"24/04/2026 00:00 - 25/04/2026 00:00","CTA|DE(Amprion)","Block GT 11","11WD7LUDW2GGT11E","Fossil Gas","11WD7LUDW2GGT11E","24/04/2026 09:00 - 24/04/2026 10:00","120.45",""
"24/04/2026 00:00 - 25/04/2026 00:00","CTA|DE(Amprion)","Block GT 11","11WD7LUDW2GGT11E","Fossil Gas","11WD7LUDW2GGT11E","24/04/2026 10:00 - 24/04/2026 11:00","71.22",""
"24/04/2026 00:00 - 25/04/2026 00:00","CTA|DE(Amprion)","Block GT 11","11WD7LUDW2GGT11E","Fossil Gas","11WD7LUDW2GGT11E","24/04/2026 11:00 - 24/04/2026 12:00","73.67",""
"24/04/2026 00:00 - 25/04/2026 00:00","CTA|DE(Amprion)","Block GT 11","11WD7LUDW2GGT11E","Fossil Gas","11WD7LUDW2GGT11E","24/04/2026 12:00 - 24/04/2026 13:00","75.15",""
"24/04/2026 00:00 - 25/04/2026 00:00","CTA|DE(Amprion)","Block GT 11","11WD7LUDW2GGT11E","Fossil Gas","11WD7LUDW2GGT11E","24/04/2026 13:00 - 24/04/2026 14:00","68.47",""
"24/04/2026 00:00 - 25/04/2026 00:00","CTA|DE(Amprion)","Block GT 11","11WD7LUDW2GGT11E","Fossil Gas","11WD7LUDW2GGT11E","24/04/2026 14:00 - 24/04/2026 15:00","64.78",""
"24/04/2026 00:00 - 25/04/2026 00:00","CTA|DE(Amprion)","Block GT 11","11WD7LUDW2GGT11E","Fossil Gas","11WD7LUDW2GGT11E","24/04/2026 15:00 - 24/04/2026 16:00","76.83",""
"24/04/2026 00:00 - 25/04/2026 00:00","CTA|DE(Amprion)","Block GT 11","11WD7LUDW2GGT11E","Fossil Gas","11WD7LUDW2GGT11E","24/04/2026 16:00 - 24/04/2026 17:00","88.75",""
"24/04/2026 00:00 - 25/04/2026 00:00","CTA|DE(Amprion)","Block GT 11","11WD7LUDW2GGT11E","Fossil Gas","11WD7LUDW2GGT11E","24/04/2026 17:00 - 24/04/2026 18:00","95.08",""
"24/04/2026 00:00 - 25/04/2026 00:00","CTA|DE(Amprion)","Block GT 11","11WD7LUDW2GGT11E","Fossil Gas","11WD7LUDW2GGT11E","24/04/2026 18:00 - 24/04/2026 19:00","156.18",""
"24/04/2026 00:00 - 25/04/2026 00:00","CTA|DE(Amprion)","Block GT 11","11WD7LUDW2GGT11E","Fossil Gas","11WD7LUDW2GGT11E","24/04/2026 19:00 - 24/04/2026 20:00","173.18",""
"24/04/2026 00:00 - 25/04/2026 00:00","CTA|DE(Amprion)","Block GT 11","11WD7LUDW2GGT11E","Fossil Gas","11WD7LUDW2GGT11E","24/04/2026 20:00 - 24/04/2026 21:00","152.32",""
"24/04/2026 00:00 - 25/04/2026 00:00","CTA|DE(Amprion)","Block GT 11","11WD7LUDW2GGT11E","Fossil Gas","11WD7LUDW2GGT11E","24/04/2026 21:00 - 24/04/2026 22:00","146.00",""
"24/04/2026 00:00 - 25/04/2026 00:00","CTA|DE(Amprion)","Block GT 11","11WD7LUDW2GGT11E","Fossil Gas","11WD7LUDW2GGT11E","24/04/2026 22:00 - 24/04/2026 23:00","26.85",""
"24/04/2026 00:00 - 25/04/2026 00:00","CTA|DE(Amprion)","Block GT 11","11WD7LUDW2GGT11E","Fossil Gas","11WD7LUDW2GGT11E","24/04/2026 23:00 - 25/04/2026 00:00","0.00",""
"24/04/2026 00:00 - 25/04/2026 00:00","CTA|DE(Amprion)","Block GT 12","11WD7LUDW2GGT12C","Fossil Gas","11WD7LUDW2GGT12C","24/04/2026 00:00 - 24/04/2026 01:00","0.00",""
"24/04/2026 00:00 - 25/04/2026 00:00","CTA|DE(Amprion)","Block GT 12","11WD7LUDW2GGT12C","Fossil Gas","11WD7LUDW2GGT12C","24/04/2026 01:00 - 24/04/2026 02:00","0.00",""
"24/04/2026 00:00 - 25/04/2026 00:00","CTA|DE(Amprion)","Block GT 12","11WD7LUDW2GGT12C","Fossil Gas","11WD7LUDW2GGT12C","24/04/2026 02:00 - 24/04/2026 03:00","0.00",""
"24/04/2026 00:00 - 25/04/2026 00:00","CTA|DE(Amprion)","Block GT 12","11WD7LUDW2GGT12C","Fossil Gas","11WD7LUDW2GGT12C","24/04/2026 03:00 - 24/04/2026 04:00","0.00",""
"24/04/2026 00:00 - 25/04/2026 00:00","CTA|DE(Amprion)","Block GT 12","11WD7LUDW2GGT12C","Fossil Gas","11WD7LUDW2GGT12C","24/04/2026 04:00 - 24/04/2026 05:00","0.00",""
"24/04/2026 00:00 - 25/04/2026 00:00","CTA|DE(Amprion)","Block GT 12","11WD7LUDW2GGT12C","Fossil Gas","11WD7LUDW2GGT12C","24/04/2026 05:00 - 24/04/2026 06:00","0.00",""
"24/04/2026 00:00 - 25/04/2026 00:00","CTA|DE(Amprion)","Block GT 12","11WD7LUDW2GGT12C","Fossil Gas","11WD7LUDW2GGT12C","24/04/2026 06:00 - 24/04/2026 07:00","0.00",""
"24/04/2026 00:00 - 25/04/2026 00:00","CTA|DE(Amprion)","Block GT 12","11WD7LUDW2GGT12C","Fossil Gas","11WD7LUDW2GGT12C","24/04/2026 07:00 - 24/04/2026 08:00","0.00",""
"24/04/2026 00:00 - 25/04/2026 00:00","CTA|DE(Amprion)","Block GT 12","11WD7LUDW2GGT12C","Fossil Gas","11WD7LUDW2GGT12C","24/04/2026 08:00 - 24/04/2026 09:00","0.00",""
"24/04/2026 00:00 - 25/04/2026 00:00","CTA|DE(Amprion)","Block GT 12","11WD7LUDW2GGT12C","Fossil Gas","11WD7LUDW2GGT12C","24/04/2026 09:00 - 24/04/2026 10:00","0.00",""
"24/04/2026 00:00 - 25/04/2026 00:00","CTA|DE(Amprion)","Block GT 12","11WD7LUDW2GGT12C","Fossil Gas","11WD7LUDW2GGT12C","24/04/2026 10:00 - 24/04/2026 11:00","0.00",""
"24/04/2026 00:00 - 25/04/2026 00:00","CTA|DE(Amprion)","Block GT 12","11WD7LUDW2GGT12C","Fossil Gas","11WD7LUDW2GGT12C","24/04/2026 11:00 - 24/04/2026 12:00","0.00",""
"24/04/2026 00:00 - 25/04/2026 00:00","CTA|DE(Amprion)","Block GT 12","11WD7LUDW2GGT12C","Fossil Gas","11WD7LUDW2GGT12C","24/04/2026 12:00 - 24/04/2026 13:00","0.00",""
"24/04/2026 00:00 - 25/04/2026 00:00","CTA|DE(Amprion)","Block GT 12","11WD7LUDW2GGT12C","Fossil Gas","11WD7LUDW2GGT12C","24/04/2026 13:00 - 24/04/2026 14:00","0.00",""
"24/04/2026 00:00 - 25/04/2026 00:00","CTA|DE(Amprion)","Block GT 12","11WD7LUDW2GGT12C","Fossil Gas","11WD7LUDW2GGT12C","24/04/2026 14:00 - 24/04/2026 15:00","0.00",""
"24/04/2026 00:00 - 25/04/2026 00:00","CTA|DE(Amprion)","Block GT 12","11WD7LUDW2GGT12C","Fossil Gas","11WD7LUDW2GGT12C","24/04/2026 15:00 - 24/04/2026 16:00","0.00",""
"24/04/2026 00:00 - 25/04/2026 00:00","CTA|DE(Amprion)","Block GT 12","11WD7LUDW2GGT12C","Fossil Gas","11WD7LUDW2GGT12C","24/04/2026 16:00 - 24/04/2026 17:00","25.50",""
"24/04/2026 00:00 - 25/04/2026 00:00","CTA|DE(Amprion)","Block GT 12","11WD7LUDW2GGT12C","Fossil Gas","11WD7LUDW2GGT12C","24/04/2026 17:00 - 24/04/2026 18:00","94.90",""
"24/04/2026 00:00 - 25/04/2026 00:00","CTA|DE(Amprion)","Block GT 12","11WD7LUDW2GGT12C","Fossil Gas","11WD7LUDW2GGT12C","24/04/2026 18:00 - 24/04/2026 19:00","155.53",""
"24/04/2026 00:00 - 25/04/2026 00:00","CTA|DE(Amprion)","Block GT 12","11WD7LUDW2GGT12C","Fossil Gas","11WD7LUDW2GGT12C","24/04/2026 19:00 - 24/04/2026 20:00","174.07",""
"24/04/2026 00:00 - 25/04/2026 00:00","CTA|DE(Amprion)","Block GT 12","11WD7LUDW2GGT12C","Fossil Gas","11WD7LUDW2GGT12C","24/04/2026 20:00 - 24/04/2026 21:00","152.28",""
"24/04/2026 00:00 - 25/04/2026 00:00","CTA|DE(Amprion)","Block GT 12","11WD7LUDW2GGT12C","Fossil Gas","11WD7LUDW2GGT12C","24/04/2026 21:00 - 24/04/2026 22:00","146.10",""
"24/04/2026 00:00 - 25/04/2026 00:00","CTA|DE(Amprion)","Block GT 12","11WD7LUDW2GGT12C","Fossil Gas","11WD7LUDW2GGT12C","24/04/2026 22:00 - 24/04/2026 23:00","159.13",""
"24/04/2026 00:00 - 25/04/2026 00:00","CTA|DE(Amprion)","Block GT 12","11WD7LUDW2GGT12C","Fossil Gas","11WD7LUDW2GGT12C","24/04/2026 23:00 - 25/04/2026 00:00","172.57",""
"24/04/2026 00:00 - 25/04/2026 00:00","CTA|DE(Amprion)","Block GT1","11WD7LUDW5GSDG1Q","Fossil Gas","11WD7LUDW5GSDG1Q","24/04/2026 00:00 - 24/04/2026 01:00","131.45",""
"24/04/2026 00:00 - 25/04/2026 00:00","CTA|DE(Amprion)","Block GT1","11WD7LUDW5GSDG1Q","Fossil Gas","11WD7LUDW5GSDG1Q","24/04/2026 01:00 - 24/04/2026 02:00","124.55",""
"24/04/2026 00:00 - 25/04/2026 00:00","CTA|DE(Amprion)","Block GT1","11WD7LUDW5GSDG1Q","Fossil Gas","11WD7LUDW5GSDG1Q","24/04/2026 02:00 - 24/04/2026 03:00","113.83",""
"24/04/2026 00:00 - 25/04/2026 00:00","CTA|DE(Amprion)","Block GT1","11WD7LUDW5GSDG1Q","Fossil Gas","11WD7LUDW5GSDG1Q","24/04/2026 03:00 - 24/04/2026 04:00","112.42",""
"24/04/2026 00:00 - 25/04/2026 00:00","CTA|DE(Amprion)","Block GT1","11WD7LUDW5GSDG1Q","Fossil Gas","11WD7LUDW5GSDG1Q","24/04/2026 04:00 - 24/04/2026 05:00","111.85",""
"24/04/2026 00:00 - 25/04/2026 00:00","CTA|DE(Amprion)","Block GT1","11WD7LUDW5GSDG1Q","Fossil Gas","11WD7LUDW5GSDG1Q","24/04/2026 05:00 - 24/04/2026 06:00","114.00",""
"24/04/2026 00:00 - 25/04/2026 00:00","CTA|DE(Amprion)","Block GT1","11WD7LUDW5GSDG1Q","Fossil Gas","11WD7LUDW5GSDG1Q","24/04/2026 06:00 - 24/04/2026 07:00","154.25",""
"24/04/2026 00:00 - 25/04/2026 00:00","CTA|DE(Amprion)","Block GT1","11WD7LUDW5GSDG1Q","Fossil Gas","11WD7LUDW5GSDG1Q","24/04/2026 07:00 - 24/04/2026 08:00","156.40",""
"24/04/2026 00:00 - 25/04/2026 00:00","CTA|DE(Amprion)","Block GT1","11WD7LUDW5GSDG1Q","Fossil Gas","11WD7LUDW5GSDG1Q","24/04/2026 08:00 - 24/04/2026 09:00","144.20",""
"24/04/2026 00:00 - 25/04/2026 00:00","CTA|DE(Amprion)","Block GT1","11WD7LUDW5GSDG1Q","Fossil Gas","11WD7LUDW5GSDG1Q","24/04/2026 09:00 - 24/04/2026 10:00","110.47",""
"24/04/2026 00:00 - 25/04/2026 00:00","CTA|DE(Amprion)","Block GT1","11WD7LUDW5GSDG1Q","Fossil Gas","11WD7LUDW5GSDG1Q","24/04/2026 10:00 - 24/04/2026 11:00","110.28",""
"24/04/2026 00:00 - 25/04/2026 00:00","CTA|DE(Amprion)","Block GT1","11WD7LUDW5GSDG1Q","Fossil Gas","11WD7LUDW5GSDG1Q","24/04/2026 11:00 - 24/04/2026 12:00","110.42",""
"24/04/2026 00:00 - 25/04/2026 00:00","CTA|DE(Amprion)","Block GT1","11WD7LUDW5GSDG1Q","Fossil Gas","11WD7LUDW5GSDG1Q","24/04/2026 12:00 - 24/04/2026 13:00","110.58",""
"24/04/2026 00:00 - 25/04/2026 00:00","CTA|DE(Amprion)","Block GT1","11WD7LUDW5GSDG1Q","Fossil Gas","11WD7LUDW5GSDG1Q","24/04/2026 13:00 - 24/04/2026 14:00","110.42",""
"24/04/2026 00:00 - 25/04/2026 00:00","CTA|DE(Amprion)","Block GT1","11WD7LUDW5GSDG1Q","Fossil Gas","11WD7LUDW5GSDG1Q","24/04/2026 14:00 - 24/04/2026 15:00","110.35",""
"24/04/2026 00:00 - 25/04/2026 00:00","CTA|DE(Amprion)","Block GT1","11WD7LUDW5GSDG1Q","Fossil Gas","11WD7LUDW5GSDG1Q","24/04/2026 15:00 - 24/04/2026 16:00","110.55",""
"24/04/2026 00:00 - 25/04/2026 00:00","CTA|DE(Amprion)","Block GT1","11WD7LUDW5GSDG1Q","Fossil Gas","11WD7LUDW5GSDG1Q","24/04/2026 16:00 - 24/04/2026 17:00","110.42",""
"24/04/2026 00:00 - 25/04/2026 00:00","CTA|DE(Amprion)","Block GT1","11WD7LUDW5GSDG1Q","Fossil Gas","11WD7LUDW5GSDG1Q","24/04/2026 17:00 - 24/04/2026 18:00","110.58",""
"24/04/2026 00:00 - 25/04/2026 00:00","CTA|DE(Amprion)","Block GT1","11WD7LUDW5GSDG1Q","Fossil Gas","11WD7LUDW5GSDG1Q","24/04/2026 18:00 - 24/04/2026 19:00","110.58",""
"24/04/2026 00:00 - 25/04/2026 00:00","CTA|DE(Amprion)","Block GT1","11WD7LUDW5GSDG1Q","Fossil Gas","11WD7LUDW5GSDG1Q","24/04/2026 19:00 - 24/04/2026 20:00","110.75",""
"24/04/2026 00:00 - 25/04/2026 00:00","CTA|DE(Amprion)","Block GT1","11WD7LUDW5GSDG1Q","Fossil Gas","11WD7LUDW5GSDG1Q","24/04/2026 20:00 - 24/04/2026 21:00","110.53",""
"24/04/2026 00:00 - 25/04/2026 00:00","CTA|DE(Amprion)","Block GT1","11WD7LUDW5GSDG1Q","Fossil Gas","11WD7LUDW5GSDG1Q","24/04/2026 21:00 - 24/04/2026 22:00","110.50",""
"24/04/2026 00:00 - 25/04/2026 00:00","CTA|DE(Amprion)","Block GT1","11WD7LUDW5GSDG1Q","Fossil Gas","11WD7LUDW5GSDG1Q","24/04/2026 22:00 - 24/04/2026 23:00","128.22",""
"24/04/2026 00:00 - 25/04/2026 00:00","CTA|DE(Amprion)","Block GT1","11WD7LUDW5GSDG1Q","Fossil Gas","11WD7LUDW5GSDG1Q","24/04/2026 23:00 - 25/04/2026 00:00","122.50",""
"24/04/2026 00:00 - 25/04/2026 00:00","CTA|DE(Amprion)","Block GT2","11WD7LUDW5GSDG2O","Fossil Gas","11WD7LUDW5GSDG2O","24/04/2026 00:00 - 24/04/2026 01:00","0.20",""
"24/04/2026 00:00 - 25/04/2026 00:00","CTA|DE(Amprion)","Block GT2","11WD7LUDW5GSDG2O","Fossil Gas","11WD7LUDW5GSDG2O","24/04/2026 01:00 - 24/04/2026 02:00","0.20",""
"24/04/2026 00:00 - 25/04/2026 00:00","CTA|DE(Amprion)","Block GT2","11WD7LUDW5GSDG2O","Fossil Gas","11WD7LUDW5GSDG2O","24/04/2026 02:00 - 24/04/2026 03:00","0.20",""
"24/04/2026 00:00 - 25/04/2026 00:00","CTA|DE(Amprion)","Block GT2","11WD7LUDW5GSDG2O","Fossil Gas","11WD7LUDW5GSDG2O","24/04/2026 03:00 - 24/04/2026 04:00","0.20",""
"24/04/2026 00:00 - 25/04/2026 00:00","CTA|DE(Amprion)","Block GT2","11WD7LUDW5GSDG2O","Fossil Gas","11WD7LUDW5GSDG2O","24/04/2026 04:00 - 24/04/2026 05:00","0.20",""
"24/04/2026 00:00 - 25/04/2026 00:00","CTA|DE(Amprion)","Block GT2","11WD7LUDW5GSDG2O","Fossil Gas","11WD7LUDW5GSDG2O","24/04/2026 05:00 - 24/04/2026 06:00","0.20",""
"24/04/2026 00:00 - 25/04/2026 00:00","CTA|DE(Amprion)","Block GT2","11WD7LUDW5GSDG2O","Fossil Gas","11WD7LUDW5GSDG2O","24/04/2026 06:00 - 24/04/2026 07:00","0.20",""
"24/04/2026 00:00 - 25/04/2026 00:00","CTA|DE(Amprion)","Block GT2","11WD7LUDW5GSDG2O","Fossil Gas","11WD7LUDW5GSDG2O","24/04/2026 07:00 - 24/04/2026 08:00","0.20",""
"24/04/2026 00:00 - 25/04/2026 00:00","CTA|DE(Amprion)","Block GT2","11WD7LUDW5GSDG2O","Fossil Gas","11WD7LUDW5GSDG2O","24/04/2026 08:00 - 24/04/2026 09:00","0.20",""
"24/04/2026 00:00 - 25/04/2026 00:00","CTA|DE(Amprion)","Block GT2","11WD7LUDW5GSDG2O","Fossil Gas","11WD7LUDW5GSDG2O","24/04/2026 09:00 - 24/04/2026 10:00","0.20",""
"24/04/2026 00:00 - 25/04/2026 00:00","CTA|DE(Amprion)","Block GT2","11WD7LUDW5GSDG2O","Fossil Gas","11WD7LUDW5GSDG2O","24/04/2026 10:00 - 24/04/2026 11:00","0.20",""
"24/04/2026 00:00 - 25/04/2026 00:00","CTA|DE(Amprion)","Block GT2","11WD7LUDW5GSDG2O","Fossil Gas","11WD7LUDW5GSDG2O","24/04/2026 11:00 - 24/04/2026 12:00","0.20",""
"24/04/2026 00:00 - 25/04/2026 00:00","CTA|DE(Amprion)","Block GT2","11WD7LUDW5GSDG2O","Fossil Gas","11WD7LUDW5GSDG2O","24/04/2026 12:00 - 24/04/2026 13:00","0.20",""
"24/04/2026 00:00 - 25/04/2026 00:00","CTA|DE(Amprion)","Block GT2","11WD7LUDW5GSDG2O","Fossil Gas","11WD7LUDW5GSDG2O","24/04/2026 13:00 - 24/04/2026 14:00","0.20",""
"24/04/2026 00:00 - 25/04/2026 00:00","CTA|DE(Amprion)","Block GT2","11WD7LUDW5GSDG2O","Fossil Gas","11WD7LUDW5GSDG2O","24/04/2026 14:00 - 24/04/2026 15:00","0.20",""
"24/04/2026 00:00 - 25/04/2026 00:00","CTA|DE(Amprion)","Block GT2","11WD7LUDW5GSDG2O","Fossil Gas","11WD7LUDW5GSDG2O","24/04/2026 15:00 - 24/04/2026 16:00","0.20",""
"24/04/2026 00:00 - 25/04/2026 00:00","CTA|DE(Amprion)","Block GT2","11WD7LUDW5GSDG2O","Fossil Gas","11WD7LUDW5GSDG2O","24/04/2026 16:00 - 24/04/2026 17:00","0.20",""
"24/04/2026 00:00 - 25/04/2026 00:00","CTA|DE(Amprion)","Block GT2","11WD7LUDW5GSDG2O","Fossil Gas","11WD7LUDW5GSDG2O","24/04/2026 17:00 - 24/04/2026 18:00","0.20",""
"24/04/2026 00:00 - 25/04/2026 00:00","CTA|DE(Amprion)","Block GT2","11WD7LUDW5GSDG2O","Fossil Gas","11WD7LUDW5GSDG2O","24/04/2026 18:00 - 24/04/2026 19:00","0.20",""
"24/04/2026 00:00 - 25/04/2026 00:00","CTA|DE(Amprion)","Block GT2","11WD7LUDW5GSDG2O","Fossil Gas","11WD7LUDW5GSDG2O","24/04/2026 19:00 - 24/04/2026 20:00","0.20",""
"24/04/2026 00:00 - 25/04/2026 00:00","CTA|DE(Amprion)","Block GT2","11WD7LUDW5GSDG2O","Fossil Gas","11WD7LUDW5GSDG2O","24/04/2026 20:00 - 24/04/2026 21:00","0.20",""
"24/04/2026 00:00 - 25/04/2026 00:00","CTA|DE(Amprion)","Block GT2","11WD7LUDW5GSDG2O","Fossil Gas","11WD7LUDW5GSDG2O","24/04/2026 21:00 - 24/04/2026 22:00","0.20",""
"24/04/2026 00:00 - 25/04/2026 00:00","CTA|DE(Amprion)","Block GT2","11WD7LUDW5GSDG2O","Fossil Gas","11WD7LUDW5GSDG2O","24/04/2026 22:00 - 24/04/2026 23:00","0.20",""
"24/04/2026 00:00 - 25/04/2026 00:00","CTA|DE(Amprion)","Block GT2","11WD7LUDW5GSDG2O","Fossil Gas","11WD7LUDW5GSDG2O","24/04/2026 23:00 - 25/04/2026 00:00","0.20",""
"24/04/2026 00:00 - 25/04/2026 00:00","CTA|DE(Amprion)","BEXBACH_A_GESAMT","11WD7MITB1C---A1","Fossil Hard coal","11WD7MITB1C---A1","24/04/2026 00:00 - 24/04/2026 01:00","0.00",""
"24/04/2026 00:00 - 25/04/2026 00:00","CTA|DE(Amprion)","BEXBACH_A_GESAMT","11WD7MITB1C---A1","Fossil Hard coal","11WD7MITB1C---A1","24/04/2026 01:00 - 24/04/2026 02:00","0.00",""
"24/04/2026 00:00 - 25/04/2026 00:00","CTA|DE(Amprion)","BEXBACH_A_GESAMT","11WD7MITB1C---A1","Fossil Hard coal","11WD7MITB1C---A1","24/04/2026 02:00 - 24/04/2026 03:00","0.00",""
"24/04/2026 00:00 - 25/04/2026 00:00","CTA|DE(Amprion)","BEXBACH_A_GESAMT","11WD7MITB1C---A1","Fossil Hard coal","11WD7MITB1C---A1","24/04/2026 03:00 - 24/04/2026 04:00","0.00",""
"24/04/2026 00:00 - 25/04/2026 00:00","CTA|DE(Amprion)","BEXBACH_A_GESAMT","11WD7MITB1C---A1","Fossil Hard coal","11WD7MITB1C---A1","24/04/2026 04:00 - 24/04/2026 05:00","0.00",""
"24/04/2026 00:00 - 25/04/2026 00:00","CTA|DE(Amprion)","BEXBACH_A_GESAMT","11WD7MITB1C---A1","Fossil Hard coal","11WD7MITB1C---A1","24/04/2026 05:00 - 24/04/2026 06:00","0.00",""
"24/04/2026 00:00 - 25/04/2026 00:00","CTA|DE(Amprion)","BEXBACH_A_GESAMT","11WD7MITB1C---A1","Fossil Hard coal","11WD7MITB1C---A1","24/04/2026 06:00 - 24/04/2026 07:00","0.00",""
"24/04/2026 00:00 - 25/04/2026 00:00","CTA|DE(Amprion)","BEXBACH_A_GESAMT","11WD7MITB1C---A1","Fossil Hard coal","11WD7MITB1C---A1","24/04/2026 07:00 - 24/04/2026 08:00","0.00",""
"24/04/2026 00:00 - 25/04/2026 00:00","CTA|DE(Amprion)","BEXBACH_A_GESAMT","11WD7MITB1C---A1","Fossil Hard coal","11WD7MITB1C---A1","24/04/2026 08:00 - 24/04/2026 09:00","0.00",""
"24/04/2026 00:00 - 25/04/2026 00:00","CTA|DE(Amprion)","BEXBACH_A_GESAMT","11WD7MITB1C---A1","Fossil Hard coal","11WD7MITB1C---A1","24/04/2026 09:00 - 24/04/2026 10:00","0.00",""
"24/04/2026 00:00 - 25/04/2026 00:00","CTA|DE(Amprion)","BEXBACH_A_GESAMT","11WD7MITB1C---A1","Fossil Hard coal","11WD7MITB1C---A1","24/04/2026 10:00 - 24/04/2026 11:00","0.00",""
"24/04/2026 00:00 - 25/04/2026 00:00","CTA|DE(Amprion)","BEXBACH_A_GESAMT","11WD7MITB1C---A1","Fossil Hard coal","11WD7MITB1C---A1","24/04/2026 11:00 - 24/04/2026 12:00","0.00",""
"24/04/2026 00:00 - 25/04/2026 00:00","CTA|DE(Amprion)","BEXBACH_A_GESAMT","11WD7MITB1C---A1","Fossil Hard coal","11WD7MITB1C---A1","24/04/2026 12:00 - 24/04/2026 13:00","0.00",""
"24/04/2026 00:00 - 25/04/2026 00:00","CTA|DE(Amprion)","BEXBACH_A_GESAMT","11WD7MITB1C---A1","Fossil Hard coal","11WD7MITB1C---A1","24/04/2026 13:00 - 24/04/2026 14:00","0.00",""
"24/04/2026 00:00 - 25/04/2026 00:00","CTA|DE(Amprion)","BEXBACH_A_GESAMT","11WD7MITB1C---A1","Fossil Hard coal","11WD7MITB1C---A1","24/04/2026 14:00 - 24/04/2026 15:00","0.00",""
"24/04/2026 00:00 - 25/04/2026 00:00","CTA|DE(Amprion)","BEXBACH_A_GESAMT","11WD7MITB1C---A1","Fossil Hard coal","11WD7MITB1C---A1","24/04/2026 15:00 - 24/04/2026 16:00","0.00",""
"24/04/2026 00:00 - 25/04/2026 00:00","CTA|DE(Amprion)","BEXBACH_A_GESAMT","11WD7MITB1C---A1","Fossil Hard coal","11WD7MITB1C---A1","24/04/2026 16:00 - 24/04/2026 17:00","0.00",""
"24/04/2026 00:00 - 25/04/2026 00:00","CTA|DE(Amprion)","BEXBACH_A_GESAMT","11WD7MITB1C---A1","Fossil Hard coal","11WD7MITB1C---A1","24/04/2026 17:00 - 24/04/2026 18:00","0.00",""
"24/04/2026 00:00 - 25/04/2026 00:00","CTA|DE(Amprion)","BEXBACH_A_GESAMT","11WD7MITB1C---A1","Fossil Hard coal","11WD7MITB1C---A1","24/04/2026 18:00 - 24/04/2026 19:00","0.00",""
"24/04/2026 00:00 - 25/04/2026 00:00","CTA|DE(Amprion)","BEXBACH_A_GESAMT","11WD7MITB1C---A1","Fossil Hard coal","11WD7MITB1C---A1","24/04/2026 19:00 - 24/04/2026 20:00","0.00",""
"24/04/2026 00:00 - 25/04/2026 00:00","CTA|DE(Amprion)","BEXBACH_A_GESAMT","11WD7MITB1C---A1","Fossil Hard coal","11WD7MITB1C---A1","24/04/2026 20:00 - 24/04/2026 21:00","0.00",""
"24/04/2026 00:00 - 25/04/2026 00:00","CTA|DE(Amprion)","BEXBACH_A_GESAMT","11WD7MITB1C---A1","Fossil Hard coal","11WD7MITB1C---A1","24/04/2026 21:00 - 24/04/2026 22:00","0.00",""
"24/04/2026 00:00 - 25/04/2026 00:00","CTA|DE(Amprion)","BEXBACH_A_GESAMT","11WD7MITB1C---A1","Fossil Hard coal","11WD7MITB1C---A1","24/04/2026 22:00 - 24/04/2026 23:00","0.00",""
"24/04/2026 00:00 - 25/04/2026 00:00","CTA|DE(Amprion)","BEXBACH_A_GESAMT","11WD7MITB1C---A1","Fossil Hard coal","11WD7MITB1C---A1","24/04/2026 23:00 - 25/04/2026 00:00","0.00",""
"24/04/2026 00:00 - 25/04/2026 00:00","CTA|DE(Amprion)","Neurath F","11WD7NEUR1B--F-L","Fossil Brown coal/Lignite","11WD7NEUR1B--F-L","24/04/2026 00:00 - 24/04/2026 01:00","1010.08",""
"24/04/2026 00:00 - 25/04/2026 00:00","CTA|DE(Amprion)","Neurath F","11WD7NEUR1B--F-L","Fossil Brown coal/Lignite","11WD7NEUR1B--F-L","24/04/2026 01:00 - 24/04/2026 02:00","1007.55",""
"24/04/2026 00:00 - 25/04/2026 00:00","CTA|DE(Amprion)","Neurath F","11WD7NEUR1B--F-L","Fossil Brown coal/Lignite","11WD7NEUR1B--F-L","24/04/2026 02:00 - 24/04/2026 03:00","1004.85",""
"24/04/2026 00:00 - 25/04/2026 00:00","CTA|DE(Amprion)","Neurath F","11WD7NEUR1B--F-L","Fossil Brown coal/Lignite","11WD7NEUR1B--F-L","24/04/2026 03:00 - 24/04/2026 04:00","1012.65",""
"24/04/2026 00:00 - 25/04/2026 00:00","CTA|DE(Amprion)","Neurath F","11WD7NEUR1B--F-L","Fossil Brown coal/Lignite","11WD7NEUR1B--F-L","24/04/2026 04:00 - 24/04/2026 05:00","1013.52",""
"24/04/2026 00:00 - 25/04/2026 00:00","CTA|DE(Amprion)","Neurath F","11WD7NEUR1B--F-L","Fossil Brown coal/Lignite","11WD7NEUR1B--F-L","24/04/2026 05:00 - 24/04/2026 06:00","1011.73",""
"24/04/2026 00:00 - 25/04/2026 00:00","CTA|DE(Amprion)","Neurath F","11WD7NEUR1B--F-L","Fossil Brown coal/Lignite","11WD7NEUR1B--F-L","24/04/2026 06:00 - 24/04/2026 07:00","1017.52",""
"24/04/2026 00:00 - 25/04/2026 00:00","CTA|DE(Amprion)","Neurath F","11WD7NEUR1B--F-L","Fossil Brown coal/Lignite","11WD7NEUR1B--F-L","24/04/2026 07:00 - 24/04/2026 08:00","1011.17",""
"24/04/2026 00:00 - 25/04/2026 00:00","CTA|DE(Amprion)","Neurath F","11WD7NEUR1B--F-L","Fossil Brown coal/Lignite","11WD7NEUR1B--F-L","24/04/2026 08:00 - 24/04/2026 09:00","1015.55",""
"24/04/2026 00:00 - 25/04/2026 00:00","CTA|DE(Amprion)","Neurath F","11WD7NEUR1B--F-L","Fossil Brown coal/Lignite","11WD7NEUR1B--F-L","24/04/2026 09:00 - 24/04/2026 10:00","839.48",""
"24/04/2026 00:00 - 25/04/2026 00:00","CTA|DE(Amprion)","Neurath F","11WD7NEUR1B--F-L","Fossil Brown coal/Lignite","11WD7NEUR1B--F-L","24/04/2026 10:00 - 24/04/2026 11:00","462.48",""
"24/04/2026 00:00 - 25/04/2026 00:00","CTA|DE(Amprion)","Neurath F","11WD7NEUR1B--F-L","Fossil Brown coal/Lignite","11WD7NEUR1B--F-L","24/04/2026 11:00 - 24/04/2026 12:00","458.30",""
"24/04/2026 00:00 - 25/04/2026 00:00","CTA|DE(Amprion)","Neurath F","11WD7NEUR1B--F-L","Fossil Brown coal/Lignite","11WD7NEUR1B--F-L","24/04/2026 12:00 - 24/04/2026 13:00","453.23",""
"24/04/2026 00:00 - 25/04/2026 00:00","CTA|DE(Amprion)","Neurath F","11WD7NEUR1B--F-L","Fossil Brown coal/Lignite","11WD7NEUR1B--F-L","24/04/2026 13:00 - 24/04/2026 14:00","450.70",""
"24/04/2026 00:00 - 25/04/2026 00:00","CTA|DE(Amprion)","Neurath F","11WD7NEUR1B--F-L","Fossil Brown coal/Lignite","11WD7NEUR1B--F-L","24/04/2026 14:00 - 24/04/2026 15:00","456.30",""
"24/04/2026 00:00 - 25/04/2026 00:00","CTA|DE(Amprion)","Neurath F","11WD7NEUR1B--F-L","Fossil Brown coal/Lignite","11WD7NEUR1B--F-L","24/04/2026 15:00 - 24/04/2026 16:00","453.23",""
"24/04/2026 00:00 - 25/04/2026 00:00","CTA|DE(Amprion)","Neurath F","11WD7NEUR1B--F-L","Fossil Brown coal/Lignite","11WD7NEUR1B--F-L","24/04/2026 16:00 - 24/04/2026 17:00","455.98",""
"24/04/2026 00:00 - 25/04/2026 00:00","CTA|DE(Amprion)","Neurath F","11WD7NEUR1B--F-L","Fossil Brown coal/Lignite","11WD7NEUR1B--F-L","24/04/2026 17:00 - 24/04/2026 18:00","564.63",""
"24/04/2026 00:00 - 25/04/2026 00:00","CTA|DE(Amprion)","Neurath F","11WD7NEUR1B--F-L","Fossil Brown coal/Lignite","11WD7NEUR1B--F-L","24/04/2026 18:00 - 24/04/2026 19:00","989.13",""
"24/04/2026 00:00 - 25/04/2026 00:00","CTA|DE(Amprion)","Neurath F","11WD7NEUR1B--F-L","Fossil Brown coal/Lignite","11WD7NEUR1B--F-L","24/04/2026 19:00 - 24/04/2026 20:00","1012.48",""
"24/04/2026 00:00 - 25/04/2026 00:00","CTA|DE(Amprion)","Neurath F","11WD7NEUR1B--F-L","Fossil Brown coal/Lignite","11WD7NEUR1B--F-L","24/04/2026 20:00 - 24/04/2026 21:00","1005.77",""
"24/04/2026 00:00 - 25/04/2026 00:00","CTA|DE(Amprion)","Neurath F","11WD7NEUR1B--F-L","Fossil Brown coal/Lignite","11WD7NEUR1B--F-L","24/04/2026 21:00 - 24/04/2026 22:00","1000.70",""
"24/04/2026 00:00 - 25/04/2026 00:00","CTA|DE(Amprion)","Neurath F","11WD7NEUR1B--F-L","Fossil Brown coal/Lignite","11WD7NEUR1B--F-L","24/04/2026 22:00 - 24/04/2026 23:00","1008.63",""
"24/04/2026 00:00 - 25/04/2026 00:00","CTA|DE(Amprion)","Neurath F","11WD7NEUR1B--F-L","Fossil Brown coal/Lignite","11WD7NEUR1B--F-L","24/04/2026 23:00 - 25/04/2026 00:00","1007.45",""
"24/04/2026 00:00 - 25/04/2026 00:00","CTA|DE(Amprion)","Neurath G","11WD7NEUR1B--G-I","Fossil Brown coal/Lignite","11WD7NEUR1B--G-I","24/04/2026 00:00 - 24/04/2026 01:00","0.00",""
"24/04/2026 00:00 - 25/04/2026 00:00","CTA|DE(Amprion)","Neurath G","11WD7NEUR1B--G-I","Fossil Brown coal/Lignite","11WD7NEUR1B--G-I","24/04/2026 01:00 - 24/04/2026 02:00","0.00",""
"24/04/2026 00:00 - 25/04/2026 00:00","CTA|DE(Amprion)","Neurath G","11WD7NEUR1B--G-I","Fossil Brown coal/Lignite","11WD7NEUR1B--G-I","24/04/2026 02:00 - 24/04/2026 03:00","0.00",""
"24/04/2026 00:00 - 25/04/2026 00:00","CTA|DE(Amprion)","Neurath G","11WD7NEUR1B--G-I","Fossil Brown coal/Lignite","11WD7NEUR1B--G-I","24/04/2026 03:00 - 24/04/2026 04:00","0.00",""
"24/04/2026 00:00 - 25/04/2026 00:00","CTA|DE(Amprion)","Neurath G","11WD7NEUR1B--G-I","Fossil Brown coal/Lignite","11WD7NEUR1B--G-I","24/04/2026 04:00 - 24/04/2026 05:00","0.00",""
"24/04/2026 00:00 - 25/04/2026 00:00","CTA|DE(Amprion)","Neurath G","11WD7NEUR1B--G-I","Fossil Brown coal/Lignite","11WD7NEUR1B--G-I","24/04/2026 05:00 - 24/04/2026 06:00","0.00",""
"24/04/2026 00:00 - 25/04/2026 00:00","CTA|DE(Amprion)","Neurath G","11WD7NEUR1B--G-I","Fossil Brown coal/Lignite","11WD7NEUR1B--G-I","24/04/2026 06:00 - 24/04/2026 07:00","0.00",""
"24/04/2026 00:00 - 25/04/2026 00:00","CTA|DE(Amprion)","Neurath G","11WD7NEUR1B--G-I","Fossil Brown coal/Lignite","11WD7NEUR1B--G-I","24/04/2026 07:00 - 24/04/2026 08:00","0.00",""
"24/04/2026 00:00 - 25/04/2026 00:00","CTA|DE(Amprion)","Neurath G","11WD7NEUR1B--G-I","Fossil Brown coal/Lignite","11WD7NEUR1B--G-I","24/04/2026 08:00 - 24/04/2026 09:00","0.00",""
"24/04/2026 00:00 - 25/04/2026 00:00","CTA|DE(Amprion)","Neurath G","11WD7NEUR1B--G-I","Fossil Brown coal/Lignite","11WD7NEUR1B--G-I","24/04/2026 09:00 - 24/04/2026 10:00","0.00",""
"24/04/2026 00:00 - 25/04/2026 00:00","CTA|DE(Amprion)","Neurath G","11WD7NEUR1B--G-I","Fossil Brown coal/Lignite","11WD7NEUR1B--G-I","24/04/2026 10:00 - 24/04/2026 11:00","0.00",""
"24/04/2026 00:00 - 25/04/2026 00:00","CTA|DE(Amprion)","Neurath G","11WD7NEUR1B--G-I","Fossil Brown coal/Lignite","11WD7NEUR1B--G-I","24/04/2026 11:00 - 24/04/2026 12:00","0.00",""
"24/04/2026 00:00 - 25/04/2026 00:00","CTA|DE(Amprion)","Neurath G","11WD7NEUR1B--G-I","Fossil Brown coal/Lignite","11WD7NEUR1B--G-I","24/04/2026 12:00 - 24/04/2026 13:00","0.00",""
"24/04/2026 00:00 - 25/04/2026 00:00","CTA|DE(Amprion)","Neurath G","11WD7NEUR1B--G-I","Fossil Brown coal/Lignite","11WD7NEUR1B--G-I","24/04/2026 13:00 - 24/04/2026 14:00","0.00",""
"24/04/2026 00:00 - 25/04/2026 00:00","CTA|DE(Amprion)","Neurath G","11WD7NEUR1B--G-I","Fossil Brown coal/Lignite","11WD7NEUR1B--G-I","24/04/2026 14:00 - 24/04/2026 15:00","0.00",""
"24/04/2026 00:00 - 25/04/2026 00:00","CTA|DE(Amprion)","Neurath G","11WD7NEUR1B--G-I","Fossil Brown coal/Lignite","11WD7NEUR1B--G-I","24/04/2026 15:00 - 24/04/2026 16:00","0.00",""
"24/04/2026 00:00 - 25/04/2026 00:00","CTA|DE(Amprion)","Neurath G","11WD7NEUR1B--G-I","Fossil Brown coal/Lignite","11WD7NEUR1B--G-I","24/04/2026 16:00 - 24/04/2026 17:00","0.00",""
"24/04/2026 00:00 - 25/04/2026 00:00","CTA|DE(Amprion)","Neurath G","11WD7NEUR1B--G-I","Fossil Brown coal/Lignite","11WD7NEUR1B--G-I","24/04/2026 17:00 - 24/04/2026 18:00","0.00",""
"24/04/2026 00:00 - 25/04/2026 00:00","CTA|DE(Amprion)","Neurath G","11WD7NEUR1B--G-I","Fossil Brown coal/Lignite","11WD7NEUR1B--G-I","24/04/2026 18:00 - 24/04/2026 19:00","0.00",""
"24/04/2026 00:00 - 25/04/2026 00:00","CTA|DE(Amprion)","Neurath G","11WD7NEUR1B--G-I","Fossil Brown coal/Lignite","11WD7NEUR1B--G-I","24/04/2026 19:00 - 24/04/2026 20:00","0.00",""
"24/04/2026 00:00 - 25/04/2026 00:00","CTA|DE(Amprion)","Neurath G","11WD7NEUR1B--G-I","Fossil Brown coal/Lignite","11WD7NEUR1B--G-I","24/04/2026 20:00 - 24/04/2026 21:00","0.00",""
"24/04/2026 00:00 - 25/04/2026 00:00","CTA|DE(Amprion)","Neurath G","11WD7NEUR1B--G-I","Fossil Brown coal/Lignite","11WD7NEUR1B--G-I","24/04/2026 21:00 - 24/04/2026 22:00","0.00",""
"24/04/2026 00:00 - 25/04/2026 00:00","CTA|DE(Amprion)","Neurath G","11WD7NEUR1B--G-I","Fossil Brown coal/Lignite","11WD7NEUR1B--G-I","24/04/2026 22:00 - 24/04/2026 23:00","0.00",""
"24/04/2026 00:00 - 25/04/2026 00:00","CTA|DE(Amprion)","Neurath G","11WD7NEUR1B--G-I","Fossil Brown coal/Lignite","11WD7NEUR1B--G-I","24/04/2026 23:00 - 25/04/2026 00:00","0.00",""
"24/04/2026 00:00 - 25/04/2026 00:00","CTA|DE(Amprion)","Niederaußem G","11WD7NIED1B--G-C","Fossil Brown coal/Lignite","11WD7NIED1B--G-C","24/04/2026 00:00 - 24/04/2026 01:00","578.55",""
"24/04/2026 00:00 - 25/04/2026 00:00","CTA|DE(Amprion)","Niederaußem G","11WD7NIED1B--G-C","Fossil Brown coal/Lignite","11WD7NIED1B--G-C","24/04/2026 01:00 - 24/04/2026 02:00","577.40",""
"24/04/2026 00:00 - 25/04/2026 00:00","CTA|DE(Amprion)","Niederaußem G","11WD7NIED1B--G-C","Fossil Brown coal/Lignite","11WD7NIED1B--G-C","24/04/2026 02:00 - 24/04/2026 03:00","577.73",""
"24/04/2026 00:00 - 25/04/2026 00:00","CTA|DE(Amprion)","Niederaußem G","11WD7NIED1B--G-C","Fossil Brown coal/Lignite","11WD7NIED1B--G-C","24/04/2026 03:00 - 24/04/2026 04:00","577.65",""
"24/04/2026 00:00 - 25/04/2026 00:00","CTA|DE(Amprion)","Niederaußem G","11WD7NIED1B--G-C","Fossil Brown coal/Lignite","11WD7NIED1B--G-C","24/04/2026 04:00 - 24/04/2026 05:00","574.17",""
"24/04/2026 00:00 - 25/04/2026 00:00","CTA|DE(Amprion)","Niederaußem G","11WD7NIED1B--G-C","Fossil Brown coal/Lignite","11WD7NIED1B--G-C","24/04/2026 05:00 - 24/04/2026 06:00","472.68",""
"24/04/2026 00:00 - 25/04/2026 00:00","CTA|DE(Amprion)","Niederaußem G","11WD7NIED1B--G-C","Fossil Brown coal/Lignite","11WD7NIED1B--G-C","24/04/2026 06:00 - 24/04/2026 07:00","551.77",""
"24/04/2026 00:00 - 25/04/2026 00:00","CTA|DE(Amprion)","Niederaußem G","11WD7NIED1B--G-C","Fossil Brown coal/Lignite","11WD7NIED1B--G-C","24/04/2026 07:00 - 24/04/2026 08:00","576.05",""
"24/04/2026 00:00 - 25/04/2026 00:00","CTA|DE(Amprion)","Niederaußem G","11WD7NIED1B--G-C","Fossil Brown coal/Lignite","11WD7NIED1B--G-C","24/04/2026 08:00 - 24/04/2026 09:00","573.20",""
"24/04/2026 00:00 - 25/04/2026 00:00","CTA|DE(Amprion)","Niederaußem G","11WD7NIED1B--G-C","Fossil Brown coal/Lignite","11WD7NIED1B--G-C","24/04/2026 09:00 - 24/04/2026 10:00","459.55",""
"24/04/2026 00:00 - 25/04/2026 00:00","CTA|DE(Amprion)","Niederaußem G","11WD7NIED1B--G-C","Fossil Brown coal/Lignite","11WD7NIED1B--G-C","24/04/2026 10:00 - 24/04/2026 11:00","299.23",""
"24/04/2026 00:00 - 25/04/2026 00:00","CTA|DE(Amprion)","Niederaußem G","11WD7NIED1B--G-C","Fossil Brown coal/Lignite","11WD7NIED1B--G-C","24/04/2026 11:00 - 24/04/2026 12:00","280.73",""
"24/04/2026 00:00 - 25/04/2026 00:00","CTA|DE(Amprion)","Niederaußem G","11WD7NIED1B--G-C","Fossil Brown coal/Lignite","11WD7NIED1B--G-C","24/04/2026 12:00 - 24/04/2026 13:00","280.43",""
"24/04/2026 00:00 - 25/04/2026 00:00","CTA|DE(Amprion)","Niederaußem G","11WD7NIED1B--G-C","Fossil Brown coal/Lignite","11WD7NIED1B--G-C","24/04/2026 13:00 - 24/04/2026 14:00","278.75",""
"24/04/2026 00:00 - 25/04/2026 00:00","CTA|DE(Amprion)","Niederaußem G","11WD7NIED1B--G-C","Fossil Brown coal/Lignite","11WD7NIED1B--G-C","24/04/2026 14:00 - 24/04/2026 15:00","276.93",""
"24/04/2026 00:00 - 25/04/2026 00:00","CTA|DE(Amprion)","Niederaußem G","11WD7NIED1B--G-C","Fossil Brown coal/Lignite","11WD7NIED1B--G-C","24/04/2026 15:00 - 24/04/2026 16:00","285.18",""
"24/04/2026 00:00 - 25/04/2026 00:00","CTA|DE(Amprion)","Niederaußem G","11WD7NIED1B--G-C","Fossil Brown coal/Lignite","11WD7NIED1B--G-C","24/04/2026 16:00 - 24/04/2026 17:00","276.52",""
"24/04/2026 00:00 - 25/04/2026 00:00","CTA|DE(Amprion)","Niederaußem G","11WD7NIED1B--G-C","Fossil Brown coal/Lignite","11WD7NIED1B--G-C","24/04/2026 17:00 - 24/04/2026 18:00","301.63",""
"24/04/2026 00:00 - 25/04/2026 00:00","CTA|DE(Amprion)","Niederaußem G","11WD7NIED1B--G-C","Fossil Brown coal/Lignite","11WD7NIED1B--G-C","24/04/2026 18:00 - 24/04/2026 19:00","548.90",""
"24/04/2026 00:00 - 25/04/2026 00:00","CTA|DE(Amprion)","Niederaußem G","11WD7NIED1B--G-C","Fossil Brown coal/Lignite","11WD7NIED1B--G-C","24/04/2026 19:00 - 24/04/2026 20:00","587.15",""
"24/04/2026 00:00 - 25/04/2026 00:00","CTA|DE(Amprion)","Niederaußem G","11WD7NIED1B--G-C","Fossil Brown coal/Lignite","11WD7NIED1B--G-C","24/04/2026 20:00 - 24/04/2026 21:00","579.48",""
"24/04/2026 00:00 - 25/04/2026 00:00","CTA|DE(Amprion)","Niederaußem G","11WD7NIED1B--G-C","Fossil Brown coal/Lignite","11WD7NIED1B--G-C","24/04/2026 21:00 - 24/04/2026 22:00","583.98",""
"24/04/2026 00:00 - 25/04/2026 00:00","CTA|DE(Amprion)","Niederaußem G","11WD7NIED1B--G-C","Fossil Brown coal/Lignite","11WD7NIED1B--G-C","24/04/2026 22:00 - 24/04/2026 23:00","584.13",""
"24/04/2026 00:00 - 25/04/2026 00:00","CTA|DE(Amprion)","Niederaußem G","11WD7NIED1B--G-C","Fossil Brown coal/Lignite","11WD7NIED1B--G-C","24/04/2026 23:00 - 25/04/2026 00:00","582.52",""
"24/04/2026 00:00 - 25/04/2026 00:00","CTA|DE(Amprion)","Niederaußem H","11WD7NIED1B--H-9","Fossil Brown coal/Lignite","11WD7NIED1B--H-9","24/04/2026 00:00 - 24/04/2026 01:00","0.00",""
"24/04/2026 00:00 - 25/04/2026 00:00","CTA|DE(Amprion)","Niederaußem H","11WD7NIED1B--H-9","Fossil Brown coal/Lignite","11WD7NIED1B--H-9","24/04/2026 01:00 - 24/04/2026 02:00","0.00",""
"24/04/2026 00:00 - 25/04/2026 00:00","CTA|DE(Amprion)","Niederaußem H","11WD7NIED1B--H-9","Fossil Brown coal/Lignite","11WD7NIED1B--H-9","24/04/2026 02:00 - 24/04/2026 03:00","0.00",""
"24/04/2026 00:00 - 25/04/2026 00:00","CTA|DE(Amprion)","Niederaußem H","11WD7NIED1B--H-9","Fossil Brown coal/Lignite","11WD7NIED1B--H-9","24/04/2026 03:00 - 24/04/2026 04:00","0.00",""
"24/04/2026 00:00 - 25/04/2026 00:00","CTA|DE(Amprion)","Niederaußem H","11WD7NIED1B--H-9","Fossil Brown coal/Lignite","11WD7NIED1B--H-9","24/04/2026 04:00 - 24/04/2026 05:00","0.00",""
"24/04/2026 00:00 - 25/04/2026 00:00","CTA|DE(Amprion)","Niederaußem H","11WD7NIED1B--H-9","Fossil Brown coal/Lignite","11WD7NIED1B--H-9","24/04/2026 05:00 - 24/04/2026 06:00","0.00",""
"24/04/2026 00:00 - 25/04/2026 00:00","CTA|DE(Amprion)","Niederaußem H","11WD7NIED1B--H-9","Fossil Brown coal/Lignite","11WD7NIED1B--H-9","24/04/2026 06:00 - 24/04/2026 07:00","0.00",""
"24/04/2026 00:00 - 25/04/2026 00:00","CTA|DE(Amprion)","Niederaußem H","11WD7NIED1B--H-9","Fossil Brown coal/Lignite","11WD7NIED1B--H-9","24/04/2026 07:00 - 24/04/2026 08:00","0.00",""
"24/04/2026 00:00 - 25/04/2026 00:00","CTA|DE(Amprion)","Niederaußem H","11WD7NIED1B--H-9","Fossil Brown coal/Lignite","11WD7NIED1B--H-9","24/04/2026 08:00 - 24/04/2026 09:00","0.00",""
"24/04/2026 00:00 - 25/04/2026 00:00","CTA|DE(Amprion)","Niederaußem H","11WD7NIED1B--H-9","Fossil Brown coal/Lignite","11WD7NIED1B--H-9","24/04/2026 09:00 - 24/04/2026 10:00","0.00",""
"24/04/2026 00:00 - 25/04/2026 00:00","CTA|DE(Amprion)","Niederaußem H","11WD7NIED1B--H-9","Fossil Brown coal/Lignite","11WD7NIED1B--H-9","24/04/2026 10:00 - 24/04/2026 11:00","0.00",""
"24/04/2026 00:00 - 25/04/2026 00:00","CTA|DE(Amprion)","Niederaußem H","11WD7NIED1B--H-9","Fossil Brown coal/Lignite","11WD7NIED1B--H-9","24/04/2026 11:00 - 24/04/2026 12:00","0.00",""
"24/04/2026 00:00 - 25/04/2026 00:00","CTA|DE(Amprion)","Niederaußem H","11WD7NIED1B--H-9","Fossil Brown coal/Lignite","11WD7NIED1B--H-9","24/04/2026 12:00 - 24/04/2026 13:00","0.00",""
"24/04/2026 00:00 - 25/04/2026 00:00","CTA|DE(Amprion)","Niederaußem H","11WD7NIED1B--H-9","Fossil Brown coal/Lignite","11WD7NIED1B--H-9","24/04/2026 13:00 - 24/04/2026 14:00","0.00",""
"24/04/2026 00:00 - 25/04/2026 00:00","CTA|DE(Amprion)","Niederaußem H","11WD7NIED1B--H-9","Fossil Brown coal/Lignite","11WD7NIED1B--H-9","24/04/2026 14:00 - 24/04/2026 15:00","0.00",""
"24/04/2026 00:00 - 25/04/2026 00:00","CTA|DE(Amprion)","Niederaußem H","11WD7NIED1B--H-9","Fossil Brown coal/Lignite","11WD7NIED1B--H-9","24/04/2026 15:00 - 24/04/2026 16:00","0.00",""
"24/04/2026 00:00 - 25/04/2026 00:00","CTA|DE(Amprion)","Niederaußem H","11WD7NIED1B--H-9","Fossil Brown coal/Lignite","11WD7NIED1B--H-9","24/04/2026 16:00 - 24/04/2026 17:00","0.00",""
"24/04/2026 00:00 - 25/04/2026 00:00","CTA|DE(Amprion)","Niederaußem H","11WD7NIED1B--H-9","Fossil Brown coal/Lignite","11WD7NIED1B--H-9","24/04/2026 17:00 - 24/04/2026 18:00","0.00",""
"24/04/2026 00:00 - 25/04/2026 00:00","CTA|DE(Amprion)","Niederaußem H","11WD7NIED1B--H-9","Fossil Brown coal/Lignite","11WD7NIED1B--H-9","24/04/2026 18:00 - 24/04/2026 19:00","0.00",""
"24/04/2026 00:00 - 25/04/2026 00:00","CTA|DE(Amprion)","Niederaußem H","11WD7NIED1B--H-9","Fossil Brown coal/Lignite","11WD7NIED1B--H-9","24/04/2026 19:00 - 24/04/2026 20:00","0.00",""
"24/04/2026 00:00 - 25/04/2026 00:00","CTA|DE(Amprion)","Niederaußem H","11WD7NIED1B--H-9","Fossil Brown coal/Lignite","11WD7NIED1B--H-9","24/04/2026 20:00 - 24/04/2026 21:00","0.00",""
"24/04/2026 00:00 - 25/04/2026 00:00","CTA|DE(Amprion)","Niederaußem H","11WD7NIED1B--H-9","Fossil Brown coal/Lignite","11WD7NIED1B--H-9","24/04/2026 21:00 - 24/04/2026 22:00","0.00",""
"24/04/2026 00:00 - 25/04/2026 00:00","CTA|DE(Amprion)","Niederaußem H","11WD7NIED1B--H-9","Fossil Brown coal/Lignite","11WD7NIED1B--H-9","24/04/2026 22:00 - 24/04/2026 23:00","0.00",""
"24/04/2026 00:00 - 25/04/2026 00:00","CTA|DE(Amprion)","Niederaußem H","11WD7NIED1B--H-9","Fossil Brown coal/Lignite","11WD7NIED1B--H-9","24/04/2026 23:00 - 25/04/2026 00:00","0.00",""
"24/04/2026 00:00 - 25/04/2026 00:00","CTA|DE(Amprion)","Niederaußem K (BoA 1)","11WD7NIED1B--K-0","Fossil Brown coal/Lignite","11WD7NIED1B--K-0","24/04/2026 00:00 - 24/04/2026 01:00","0.00",""
"24/04/2026 00:00 - 25/04/2026 00:00","CTA|DE(Amprion)","Niederaußem K (BoA 1)","11WD7NIED1B--K-0","Fossil Brown coal/Lignite","11WD7NIED1B--K-0","24/04/2026 01:00 - 24/04/2026 02:00","0.00",""
"24/04/2026 00:00 - 25/04/2026 00:00","CTA|DE(Amprion)","Niederaußem K (BoA 1)","11WD7NIED1B--K-0","Fossil Brown coal/Lignite","11WD7NIED1B--K-0","24/04/2026 02:00 - 24/04/2026 03:00","0.00",""
"24/04/2026 00:00 - 25/04/2026 00:00","CTA|DE(Amprion)","Niederaußem K (BoA 1)","11WD7NIED1B--K-0","Fossil Brown coal/Lignite","11WD7NIED1B--K-0","24/04/2026 03:00 - 24/04/2026 04:00","0.00",""
"24/04/2026 00:00 - 25/04/2026 00:00","CTA|DE(Amprion)","Niederaußem K (BoA 1)","11WD7NIED1B--K-0","Fossil Brown coal/Lignite","11WD7NIED1B--K-0","24/04/2026 04:00 - 24/04/2026 05:00","0.00",""
"24/04/2026 00:00 - 25/04/2026 00:00","CTA|DE(Amprion)","Niederaußem K (BoA 1)","11WD7NIED1B--K-0","Fossil Brown coal/Lignite","11WD7NIED1B--K-0","24/04/2026 05:00 - 24/04/2026 06:00","0.00",""
"24/04/2026 00:00 - 25/04/2026 00:00","CTA|DE(Amprion)","Niederaußem K (BoA 1)","11WD7NIED1B--K-0","Fossil Brown coal/Lignite","11WD7NIED1B--K-0","24/04/2026 06:00 - 24/04/2026 07:00","0.00",""
"24/04/2026 00:00 - 25/04/2026 00:00","CTA|DE(Amprion)","Niederaußem K (BoA 1)","11WD7NIED1B--K-0","Fossil Brown coal/Lignite","11WD7NIED1B--K-0","24/04/2026 07:00 - 24/04/2026 08:00","0.00",""
"24/04/2026 00:00 - 25/04/2026 00:00","CTA|DE(Amprion)","Niederaußem K (BoA 1)","11WD7NIED1B--K-0","Fossil Brown coal/Lignite","11WD7NIED1B--K-0","24/04/2026 08:00 - 24/04/2026 09:00","0.00",""
"24/04/2026 00:00 - 25/04/2026 00:00","CTA|DE(Amprion)","Niederaußem K (BoA 1)","11WD7NIED1B--K-0","Fossil Brown coal/Lignite","11WD7NIED1B--K-0","24/04/2026 09:00 - 24/04/2026 10:00","0.00",""
"24/04/2026 00:00 - 25/04/2026 00:00","CTA|DE(Amprion)","Niederaußem K (BoA 1)","11WD7NIED1B--K-0","Fossil Brown coal/Lignite","11WD7NIED1B--K-0","24/04/2026 10:00 - 24/04/2026 11:00","0.00",""
"24/04/2026 00:00 - 25/04/2026 00:00","CTA|DE(Amprion)","Niederaußem K (BoA 1)","11WD7NIED1B--K-0","Fossil Brown coal/Lignite","11WD7NIED1B--K-0","24/04/2026 11:00 - 24/04/2026 12:00","0.00",""
"24/04/2026 00:00 - 25/04/2026 00:00","CTA|DE(Amprion)","Niederaußem K (BoA 1)","11WD7NIED1B--K-0","Fossil Brown coal/Lignite","11WD7NIED1B--K-0","24/04/2026 12:00 - 24/04/2026 13:00","0.00",""
"24/04/2026 00:00 - 25/04/2026 00:00","CTA|DE(Amprion)","Niederaußem K (BoA 1)","11WD7NIED1B--K-0","Fossil Brown coal/Lignite","11WD7NIED1B--K-0","24/04/2026 13:00 - 24/04/2026 14:00","0.00",""
"24/04/2026 00:00 - 25/04/2026 00:00","CTA|DE(Amprion)","Niederaußem K (BoA 1)","11WD7NIED1B--K-0","Fossil Brown coal/Lignite","11WD7NIED1B--K-0","24/04/2026 14:00 - 24/04/2026 15:00","0.00",""
"24/04/2026 00:00 - 25/04/2026 00:00","CTA|DE(Amprion)","Niederaußem K (BoA 1)","11WD7NIED1B--K-0","Fossil Brown coal/Lignite","11WD7NIED1B--K-0","24/04/2026 15:00 - 24/04/2026 16:00","0.00",""
"24/04/2026 00:00 - 25/04/2026 00:00","CTA|DE(Amprion)","Niederaußem K (BoA 1)","11WD7NIED1B--K-0","Fossil Brown coal/Lignite","11WD7NIED1B--K-0","24/04/2026 16:00 - 24/04/2026 17:00","0.00",""
"24/04/2026 00:00 - 25/04/2026 00:00","CTA|DE(Amprion)","Niederaußem K (BoA 1)","11WD7NIED1B--K-0","Fossil Brown coal/Lignite","11WD7NIED1B--K-0","24/04/2026 17:00 - 24/04/2026 18:00","0.00",""
"24/04/2026 00:00 - 25/04/2026 00:00","CTA|DE(Amprion)","Niederaußem K (BoA 1)","11WD7NIED1B--K-0","Fossil Brown coal/Lignite","11WD7NIED1B--K-0","24/04/2026 18:00 - 24/04/2026 19:00","0.00",""
"24/04/2026 00:00 - 25/04/2026 00:00","CTA|DE(Amprion)","Niederaußem K (BoA 1)","11WD7NIED1B--K-0","Fossil Brown coal/Lignite","11WD7NIED1B--K-0","24/04/2026 19:00 - 24/04/2026 20:00","0.00",""
"24/04/2026 00:00 - 25/04/2026 00:00","CTA|DE(Amprion)","Niederaußem K (BoA 1)","11WD7NIED1B--K-0","Fossil Brown coal/Lignite","11WD7NIED1B--K-0","24/04/2026 20:00 - 24/04/2026 21:00","0.00",""
"24/04/2026 00:00 - 25/04/2026 00:00","CTA|DE(Amprion)","Niederaußem K (BoA 1)","11WD7NIED1B--K-0","Fossil Brown coal/Lignite","11WD7NIED1B--K-0","24/04/2026 21:00 - 24/04/2026 22:00","0.00",""
"24/04/2026 00:00 - 25/04/2026 00:00","CTA|DE(Amprion)","Niederaußem K (BoA 1)","11WD7NIED1B--K-0","Fossil Brown coal/Lignite","11WD7NIED1B--K-0","24/04/2026 22:00 - 24/04/2026 23:00","0.00",""
"24/04/2026 00:00 - 25/04/2026 00:00","CTA|DE(Amprion)","Niederaußem K (BoA 1)","11WD7NIED1B--K-0","Fossil Brown coal/Lignite","11WD7NIED1B--K-0","24/04/2026 23:00 - 25/04/2026 00:00","0.00",""
"24/04/2026 00:00 - 25/04/2026 00:00","CTA|DE(Amprion)","Block AGuD","11WD7NORF5GAGUDC","Fossil Gas","11WD7NORF5GAGUDC","24/04/2026 00:00 - 24/04/2026 01:00","0.00",""
"24/04/2026 00:00 - 25/04/2026 00:00","CTA|DE(Amprion)","Block AGuD","11WD7NORF5GAGUDC","Fossil Gas","11WD7NORF5GAGUDC","24/04/2026 01:00 - 24/04/2026 02:00","0.00",""
"24/04/2026 00:00 - 25/04/2026 00:00","CTA|DE(Amprion)","Block AGuD","11WD7NORF5GAGUDC","Fossil Gas","11WD7NORF5GAGUDC","24/04/2026 02:00 - 24/04/2026 03:00","0.00",""
"24/04/2026 00:00 - 25/04/2026 00:00","CTA|DE(Amprion)","Block AGuD","11WD7NORF5GAGUDC","Fossil Gas","11WD7NORF5GAGUDC","24/04/2026 03:00 - 24/04/2026 04:00","0.00",""
"24/04/2026 00:00 - 25/04/2026 00:00","CTA|DE(Amprion)","Block AGuD","11WD7NORF5GAGUDC","Fossil Gas","11WD7NORF5GAGUDC","24/04/2026 04:00 - 24/04/2026 05:00","0.00",""
"24/04/2026 00:00 - 25/04/2026 00:00","CTA|DE(Amprion)","Block AGuD","11WD7NORF5GAGUDC","Fossil Gas","11WD7NORF5GAGUDC","24/04/2026 05:00 - 24/04/2026 06:00","0.00",""
"24/04/2026 00:00 - 25/04/2026 00:00","CTA|DE(Amprion)","Block AGuD","11WD7NORF5GAGUDC","Fossil Gas","11WD7NORF5GAGUDC","24/04/2026 06:00 - 24/04/2026 07:00","0.00",""
"24/04/2026 00:00 - 25/04/2026 00:00","CTA|DE(Amprion)","Block AGuD","11WD7NORF5GAGUDC","Fossil Gas","11WD7NORF5GAGUDC","24/04/2026 07:00 - 24/04/2026 08:00","0.00",""
"24/04/2026 00:00 - 25/04/2026 00:00","CTA|DE(Amprion)","Block AGuD","11WD7NORF5GAGUDC","Fossil Gas","11WD7NORF5GAGUDC","24/04/2026 08:00 - 24/04/2026 09:00","0.00",""
"24/04/2026 00:00 - 25/04/2026 00:00","CTA|DE(Amprion)","Block AGuD","11WD7NORF5GAGUDC","Fossil Gas","11WD7NORF5GAGUDC","24/04/2026 09:00 - 24/04/2026 10:00","0.00",""
"24/04/2026 00:00 - 25/04/2026 00:00","CTA|DE(Amprion)","Block AGuD","11WD7NORF5GAGUDC","Fossil Gas","11WD7NORF5GAGUDC","24/04/2026 10:00 - 24/04/2026 11:00","0.00",""
"24/04/2026 00:00 - 25/04/2026 00:00","CTA|DE(Amprion)","Block AGuD","11WD7NORF5GAGUDC","Fossil Gas","11WD7NORF5GAGUDC","24/04/2026 11:00 - 24/04/2026 12:00","0.00",""
"24/04/2026 00:00 - 25/04/2026 00:00","CTA|DE(Amprion)","Block AGuD","11WD7NORF5GAGUDC","Fossil Gas","11WD7NORF5GAGUDC","24/04/2026 12:00 - 24/04/2026 13:00","0.00",""
"24/04/2026 00:00 - 25/04/2026 00:00","CTA|DE(Amprion)","Block AGuD","11WD7NORF5GAGUDC","Fossil Gas","11WD7NORF5GAGUDC","24/04/2026 13:00 - 24/04/2026 14:00","0.00",""
"24/04/2026 00:00 - 25/04/2026 00:00","CTA|DE(Amprion)","Block AGuD","11WD7NORF5GAGUDC","Fossil Gas","11WD7NORF5GAGUDC","24/04/2026 14:00 - 24/04/2026 15:00","0.00",""
"24/04/2026 00:00 - 25/04/2026 00:00","CTA|DE(Amprion)","Block AGuD","11WD7NORF5GAGUDC","Fossil Gas","11WD7NORF5GAGUDC","24/04/2026 15:00 - 24/04/2026 16:00","0.00",""
"24/04/2026 00:00 - 25/04/2026 00:00","CTA|DE(Amprion)","Block AGuD","11WD7NORF5GAGUDC","Fossil Gas","11WD7NORF5GAGUDC","24/04/2026 16:00 - 24/04/2026 17:00","0.00",""
"24/04/2026 00:00 - 25/04/2026 00:00","CTA|DE(Amprion)","Block AGuD","11WD7NORF5GAGUDC","Fossil Gas","11WD7NORF5GAGUDC","24/04/2026 17:00 - 24/04/2026 18:00","0.00",""
"24/04/2026 00:00 - 25/04/2026 00:00","CTA|DE(Amprion)","Block AGuD","11WD7NORF5GAGUDC","Fossil Gas","11WD7NORF5GAGUDC","24/04/2026 18:00 - 24/04/2026 19:00","0.00",""
"24/04/2026 00:00 - 25/04/2026 00:00","CTA|DE(Amprion)","Block AGuD","11WD7NORF5GAGUDC","Fossil Gas","11WD7NORF5GAGUDC","24/04/2026 19:00 - 24/04/2026 20:00","0.00",""
"24/04/2026 00:00 - 25/04/2026 00:00","CTA|DE(Amprion)","Block AGuD","11WD7NORF5GAGUDC","Fossil Gas","11WD7NORF5GAGUDC","24/04/2026 20:00 - 24/04/2026 21:00","0.00",""
"24/04/2026 00:00 - 25/04/2026 00:00","CTA|DE(Amprion)","Block AGuD","11WD7NORF5GAGUDC","Fossil Gas","11WD7NORF5GAGUDC","24/04/2026 21:00 - 24/04/2026 22:00","0.00",""
"24/04/2026 00:00 - 25/04/2026 00:00","CTA|DE(Amprion)","Block AGuD","11WD7NORF5GAGUDC","Fossil Gas","11WD7NORF5GAGUDC","24/04/2026 22:00 - 24/04/2026 23:00","0.00",""
"24/04/2026 00:00 - 25/04/2026 00:00","CTA|DE(Amprion)","Block AGuD","11WD7NORF5GAGUDC","Fossil Gas","11WD7NORF5GAGUDC","24/04/2026 23:00 - 25/04/2026 00:00","0.00",""
"24/04/2026 00:00 - 25/04/2026 00:00","CTA|DE(Amprion)","Block F","11WD7NORF5GGUDFA","Fossil Gas","11WD7NORF5GGUDFA","24/04/2026 00:00 - 24/04/2026 01:00","0.00",""
"24/04/2026 00:00 - 25/04/2026 00:00","CTA|DE(Amprion)","Block F","11WD7NORF5GGUDFA","Fossil Gas","11WD7NORF5GGUDFA","24/04/2026 01:00 - 24/04/2026 02:00","0.00",""
"24/04/2026 00:00 - 25/04/2026 00:00","CTA|DE(Amprion)","Block F","11WD7NORF5GGUDFA","Fossil Gas","11WD7NORF5GGUDFA","24/04/2026 02:00 - 24/04/2026 03:00","0.00",""
"24/04/2026 00:00 - 25/04/2026 00:00","CTA|DE(Amprion)","Block F","11WD7NORF5GGUDFA","Fossil Gas","11WD7NORF5GGUDFA","24/04/2026 03:00 - 24/04/2026 04:00","0.00",""
"24/04/2026 00:00 - 25/04/2026 00:00","CTA|DE(Amprion)","Block F","11WD7NORF5GGUDFA","Fossil Gas","11WD7NORF5GGUDFA","24/04/2026 04:00 - 24/04/2026 05:00","0.00",""
"24/04/2026 00:00 - 25/04/2026 00:00","CTA|DE(Amprion)","Block F","11WD7NORF5GGUDFA","Fossil Gas","11WD7NORF5GGUDFA","24/04/2026 05:00 - 24/04/2026 06:00","0.00",""
"24/04/2026 00:00 - 25/04/2026 00:00","CTA|DE(Amprion)","Block F","11WD7NORF5GGUDFA","Fossil Gas","11WD7NORF5GGUDFA","24/04/2026 06:00 - 24/04/2026 07:00","0.00",""
"24/04/2026 00:00 - 25/04/2026 00:00","CTA|DE(Amprion)","Block F","11WD7NORF5GGUDFA","Fossil Gas","11WD7NORF5GGUDFA","24/04/2026 07:00 - 24/04/2026 08:00","0.00",""
"24/04/2026 00:00 - 25/04/2026 00:00","CTA|DE(Amprion)","Block F","11WD7NORF5GGUDFA","Fossil Gas","11WD7NORF5GGUDFA","24/04/2026 08:00 - 24/04/2026 09:00","0.00",""
"24/04/2026 00:00 - 25/04/2026 00:00","CTA|DE(Amprion)","Block F","11WD7NORF5GGUDFA","Fossil Gas","11WD7NORF5GGUDFA","24/04/2026 09:00 - 24/04/2026 10:00","0.00",""
"24/04/2026 00:00 - 25/04/2026 00:00","CTA|DE(Amprion)","Block F","11WD7NORF5GGUDFA","Fossil Gas","11WD7NORF5GGUDFA","24/04/2026 10:00 - 24/04/2026 11:00","0.00",""
"24/04/2026 00:00 - 25/04/2026 00:00","CTA|DE(Amprion)","Block F","11WD7NORF5GGUDFA","Fossil Gas","11WD7NORF5GGUDFA","24/04/2026 11:00 - 24/04/2026 12:00","0.00",""
"24/04/2026 00:00 - 25/04/2026 00:00","CTA|DE(Amprion)","Block F","11WD7NORF5GGUDFA","Fossil Gas","11WD7NORF5GGUDFA","24/04/2026 12:00 - 24/04/2026 13:00","0.00",""
"24/04/2026 00:00 - 25/04/2026 00:00","CTA|DE(Amprion)","Block F","11WD7NORF5GGUDFA","Fossil Gas","11WD7NORF5GGUDFA","24/04/2026 13:00 - 24/04/2026 14:00","0.00",""
"24/04/2026 00:00 - 25/04/2026 00:00","CTA|DE(Amprion)","Block F","11WD7NORF5GGUDFA","Fossil Gas","11WD7NORF5GGUDFA","24/04/2026 14:00 - 24/04/2026 15:00","0.00",""
"24/04/2026 00:00 - 25/04/2026 00:00","CTA|DE(Amprion)","Block F","11WD7NORF5GGUDFA","Fossil Gas","11WD7NORF5GGUDFA","24/04/2026 15:00 - 24/04/2026 16:00","0.00",""
"24/04/2026 00:00 - 25/04/2026 00:00","CTA|DE(Amprion)","Block F","11WD7NORF5GGUDFA","Fossil Gas","11WD7NORF5GGUDFA","24/04/2026 16:00 - 24/04/2026 17:00","0.00",""
"24/04/2026 00:00 - 25/04/2026 00:00","CTA|DE(Amprion)","Block F","11WD7NORF5GGUDFA","Fossil Gas","11WD7NORF5GGUDFA","24/04/2026 17:00 - 24/04/2026 18:00","0.00",""
"24/04/2026 00:00 - 25/04/2026 00:00","CTA|DE(Amprion)","Block F","11WD7NORF5GGUDFA","Fossil Gas","11WD7NORF5GGUDFA","24/04/2026 18:00 - 24/04/2026 19:00","0.00",""
"24/04/2026 00:00 - 25/04/2026 00:00","CTA|DE(Amprion)","Block F","11WD7NORF5GGUDFA","Fossil Gas","11WD7NORF5GGUDFA","24/04/2026 19:00 - 24/04/2026 20:00","0.00",""
"24/04/2026 00:00 - 25/04/2026 00:00","CTA|DE(Amprion)","Block F","11WD7NORF5GGUDFA","Fossil Gas","11WD7NORF5GGUDFA","24/04/2026 20:00 - 24/04/2026 21:00","0.00",""
"24/04/2026 00:00 - 25/04/2026 00:00","CTA|DE(Amprion)","Block F","11WD7NORF5GGUDFA","Fossil Gas","11WD7NORF5GGUDFA","24/04/2026 21:00 - 24/04/2026 22:00","0.00",""
"24/04/2026 00:00 - 25/04/2026 00:00","CTA|DE(Amprion)","Block F","11WD7NORF5GGUDFA","Fossil Gas","11WD7NORF5GGUDFA","24/04/2026 22:00 - 24/04/2026 23:00","0.00",""
"24/04/2026 00:00 - 25/04/2026 00:00","CTA|DE(Amprion)","Block F","11WD7NORF5GGUDFA","Fossil Gas","11WD7NORF5GGUDFA","24/04/2026 23:00 - 25/04/2026 00:00","0.00",""
"24/04/2026 00:00 - 25/04/2026 00:00","CTA|DE(Amprion)","HKW-Niehl-3","11WD7OPLA1G--318","Fossil Gas","11WD7OPLA1G--318","24/04/2026 00:00 - 24/04/2026 01:00","405.55",""
"24/04/2026 00:00 - 25/04/2026 00:00","CTA|DE(Amprion)","HKW-Niehl-3","11WD7OPLA1G--318","Fossil Gas","11WD7OPLA1G--318","24/04/2026 01:00 - 24/04/2026 02:00","118.97",""
"24/04/2026 00:00 - 25/04/2026 00:00","CTA|DE(Amprion)","HKW-Niehl-3","11WD7OPLA1G--318","Fossil Gas","11WD7OPLA1G--318","24/04/2026 02:00 - 24/04/2026 03:00","104.08",""
"24/04/2026 00:00 - 25/04/2026 00:00","CTA|DE(Amprion)","HKW-Niehl-3","11WD7OPLA1G--318","Fossil Gas","11WD7OPLA1G--318","24/04/2026 03:00 - 24/04/2026 04:00","108.92",""
"24/04/2026 00:00 - 25/04/2026 00:00","CTA|DE(Amprion)","HKW-Niehl-3","11WD7OPLA1G--318","Fossil Gas","11WD7OPLA1G--318","24/04/2026 04:00 - 24/04/2026 05:00","124.25",""
"24/04/2026 00:00 - 25/04/2026 00:00","CTA|DE(Amprion)","HKW-Niehl-3","11WD7OPLA1G--318","Fossil Gas","11WD7OPLA1G--318","24/04/2026 05:00 - 24/04/2026 06:00","156.82",""
"24/04/2026 00:00 - 25/04/2026 00:00","CTA|DE(Amprion)","HKW-Niehl-3","11WD7OPLA1G--318","Fossil Gas","11WD7OPLA1G--318","24/04/2026 06:00 - 24/04/2026 07:00","399.10",""
"24/04/2026 00:00 - 25/04/2026 00:00","CTA|DE(Amprion)","HKW-Niehl-3","11WD7OPLA1G--318","Fossil Gas","11WD7OPLA1G--318","24/04/2026 07:00 - 24/04/2026 08:00","411.85",""
"24/04/2026 00:00 - 25/04/2026 00:00","CTA|DE(Amprion)","HKW-Niehl-3","11WD7OPLA1G--318","Fossil Gas","11WD7OPLA1G--318","24/04/2026 08:00 - 24/04/2026 09:00","311.55",""
"24/04/2026 00:00 - 25/04/2026 00:00","CTA|DE(Amprion)","HKW-Niehl-3","11WD7OPLA1G--318","Fossil Gas","11WD7OPLA1G--318","24/04/2026 09:00 - 24/04/2026 10:00","144.93",""
"24/04/2026 00:00 - 25/04/2026 00:00","CTA|DE(Amprion)","HKW-Niehl-3","11WD7OPLA1G--318","Fossil Gas","11WD7OPLA1G--318","24/04/2026 10:00 - 24/04/2026 11:00","100.53",""
"24/04/2026 00:00 - 25/04/2026 00:00","CTA|DE(Amprion)","HKW-Niehl-3","11WD7OPLA1G--318","Fossil Gas","11WD7OPLA1G--318","24/04/2026 11:00 - 24/04/2026 12:00","100.15",""
"24/04/2026 00:00 - 25/04/2026 00:00","CTA|DE(Amprion)","HKW-Niehl-3","11WD7OPLA1G--318","Fossil Gas","11WD7OPLA1G--318","24/04/2026 12:00 - 24/04/2026 13:00","100.20",""
"24/04/2026 00:00 - 25/04/2026 00:00","CTA|DE(Amprion)","HKW-Niehl-3","11WD7OPLA1G--318","Fossil Gas","11WD7OPLA1G--318","24/04/2026 13:00 - 24/04/2026 14:00","101.53",""
"24/04/2026 00:00 - 25/04/2026 00:00","CTA|DE(Amprion)","HKW-Niehl-3","11WD7OPLA1G--318","Fossil Gas","11WD7OPLA1G--318","24/04/2026 14:00 - 24/04/2026 15:00","100.15",""
"24/04/2026 00:00 - 25/04/2026 00:00","CTA|DE(Amprion)","HKW-Niehl-3","11WD7OPLA1G--318","Fossil Gas","11WD7OPLA1G--318","24/04/2026 15:00 - 24/04/2026 16:00","100.17",""
"24/04/2026 00:00 - 25/04/2026 00:00","CTA|DE(Amprion)","HKW-Niehl-3","11WD7OPLA1G--318","Fossil Gas","11WD7OPLA1G--318","24/04/2026 16:00 - 24/04/2026 17:00","100.05",""
"24/04/2026 00:00 - 25/04/2026 00:00","CTA|DE(Amprion)","HKW-Niehl-3","11WD7OPLA1G--318","Fossil Gas","11WD7OPLA1G--318","24/04/2026 17:00 - 24/04/2026 18:00","101.83",""
"24/04/2026 00:00 - 25/04/2026 00:00","CTA|DE(Amprion)","HKW-Niehl-3","11WD7OPLA1G--318","Fossil Gas","11WD7OPLA1G--318","24/04/2026 18:00 - 24/04/2026 19:00","212.28",""
"24/04/2026 00:00 - 25/04/2026 00:00","CTA|DE(Amprion)","HKW-Niehl-3","11WD7OPLA1G--318","Fossil Gas","11WD7OPLA1G--318","24/04/2026 19:00 - 24/04/2026 20:00","404.85",""
"24/04/2026 00:00 - 25/04/2026 00:00","CTA|DE(Amprion)","HKW-Niehl-3","11WD7OPLA1G--318","Fossil Gas","11WD7OPLA1G--318","24/04/2026 20:00 - 24/04/2026 21:00","407.05",""
"24/04/2026 00:00 - 25/04/2026 00:00","CTA|DE(Amprion)","HKW-Niehl-3","11WD7OPLA1G--318","Fossil Gas","11WD7OPLA1G--318","24/04/2026 21:00 - 24/04/2026 22:00","408.88",""
"24/04/2026 00:00 - 25/04/2026 00:00","CTA|DE(Amprion)","HKW-Niehl-3","11WD7OPLA1G--318","Fossil Gas","11WD7OPLA1G--318","24/04/2026 22:00 - 24/04/2026 23:00","410.13",""
"24/04/2026 00:00 - 25/04/2026 00:00","CTA|DE(Amprion)","HKW-Niehl-3","11WD7OPLA1G--318","Fossil Gas","11WD7OPLA1G--318","24/04/2026 23:00 - 25/04/2026 00:00","389.68",""
"24/04/2026 00:00 - 25/04/2026 00:00","CTA|DE(Amprion)","HKW IIIB","11WD7RHAU5GKW3B5","Fossil Gas","11WD7RHAU5GKW3B5","24/04/2026 00:00 - 24/04/2026 01:00","0.00",""
"24/04/2026 00:00 - 25/04/2026 00:00","CTA|DE(Amprion)","HKW IIIB","11WD7RHAU5GKW3B5","Fossil Gas","11WD7RHAU5GKW3B5","24/04/2026 01:00 - 24/04/2026 02:00","0.00",""
"24/04/2026 00:00 - 25/04/2026 00:00","CTA|DE(Amprion)","HKW IIIB","11WD7RHAU5GKW3B5","Fossil Gas","11WD7RHAU5GKW3B5","24/04/2026 02:00 - 24/04/2026 03:00","0.00",""
"24/04/2026 00:00 - 25/04/2026 00:00","CTA|DE(Amprion)","HKW IIIB","11WD7RHAU5GKW3B5","Fossil Gas","11WD7RHAU5GKW3B5","24/04/2026 03:00 - 24/04/2026 04:00","0.00",""
"24/04/2026 00:00 - 25/04/2026 00:00","CTA|DE(Amprion)","HKW IIIB","11WD7RHAU5GKW3B5","Fossil Gas","11WD7RHAU5GKW3B5","24/04/2026 04:00 - 24/04/2026 05:00","0.00",""
"24/04/2026 00:00 - 25/04/2026 00:00","CTA|DE(Amprion)","HKW IIIB","11WD7RHAU5GKW3B5","Fossil Gas","11WD7RHAU5GKW3B5","24/04/2026 05:00 - 24/04/2026 06:00","0.00",""
"24/04/2026 00:00 - 25/04/2026 00:00","CTA|DE(Amprion)","HKW IIIB","11WD7RHAU5GKW3B5","Fossil Gas","11WD7RHAU5GKW3B5","24/04/2026 06:00 - 24/04/2026 07:00","0.00",""
"24/04/2026 00:00 - 25/04/2026 00:00","CTA|DE(Amprion)","HKW IIIB","11WD7RHAU5GKW3B5","Fossil Gas","11WD7RHAU5GKW3B5","24/04/2026 07:00 - 24/04/2026 08:00","0.00",""
"24/04/2026 00:00 - 25/04/2026 00:00","CTA|DE(Amprion)","HKW IIIB","11WD7RHAU5GKW3B5","Fossil Gas","11WD7RHAU5GKW3B5","24/04/2026 08:00 - 24/04/2026 09:00","0.00",""
"24/04/2026 00:00 - 25/04/2026 00:00","CTA|DE(Amprion)","HKW IIIB","11WD7RHAU5GKW3B5","Fossil Gas","11WD7RHAU5GKW3B5","24/04/2026 09:00 - 24/04/2026 10:00","0.00",""
"24/04/2026 00:00 - 25/04/2026 00:00","CTA|DE(Amprion)","HKW IIIB","11WD7RHAU5GKW3B5","Fossil Gas","11WD7RHAU5GKW3B5","24/04/2026 10:00 - 24/04/2026 11:00","0.00",""
"24/04/2026 00:00 - 25/04/2026 00:00","CTA|DE(Amprion)","HKW IIIB","11WD7RHAU5GKW3B5","Fossil Gas","11WD7RHAU5GKW3B5","24/04/2026 11:00 - 24/04/2026 12:00","0.00",""
"24/04/2026 00:00 - 25/04/2026 00:00","CTA|DE(Amprion)","HKW IIIB","11WD7RHAU5GKW3B5","Fossil Gas","11WD7RHAU5GKW3B5","24/04/2026 12:00 - 24/04/2026 13:00","0.00",""
"24/04/2026 00:00 - 25/04/2026 00:00","CTA|DE(Amprion)","HKW IIIB","11WD7RHAU5GKW3B5","Fossil Gas","11WD7RHAU5GKW3B5","24/04/2026 13:00 - 24/04/2026 14:00","0.00",""
"24/04/2026 00:00 - 25/04/2026 00:00","CTA|DE(Amprion)","HKW IIIB","11WD7RHAU5GKW3B5","Fossil Gas","11WD7RHAU5GKW3B5","24/04/2026 14:00 - 24/04/2026 15:00","0.00",""
"24/04/2026 00:00 - 25/04/2026 00:00","CTA|DE(Amprion)","HKW IIIB","11WD7RHAU5GKW3B5","Fossil Gas","11WD7RHAU5GKW3B5","24/04/2026 15:00 - 24/04/2026 16:00","0.00",""
"24/04/2026 00:00 - 25/04/2026 00:00","CTA|DE(Amprion)","HKW IIIB","11WD7RHAU5GKW3B5","Fossil Gas","11WD7RHAU5GKW3B5","24/04/2026 16:00 - 24/04/2026 17:00","0.00",""
"24/04/2026 00:00 - 25/04/2026 00:00","CTA|DE(Amprion)","HKW IIIB","11WD7RHAU5GKW3B5","Fossil Gas","11WD7RHAU5GKW3B5","24/04/2026 17:00 - 24/04/2026 18:00","0.00",""
"24/04/2026 00:00 - 25/04/2026 00:00","CTA|DE(Amprion)","HKW IIIB","11WD7RHAU5GKW3B5","Fossil Gas","11WD7RHAU5GKW3B5","24/04/2026 18:00 - 24/04/2026 19:00","0.00",""
"24/04/2026 00:00 - 25/04/2026 00:00","CTA|DE(Amprion)","HKW IIIB","11WD7RHAU5GKW3B5","Fossil Gas","11WD7RHAU5GKW3B5","24/04/2026 19:00 - 24/04/2026 20:00","0.00",""
"24/04/2026 00:00 - 25/04/2026 00:00","CTA|DE(Amprion)","HKW IIIB","11WD7RHAU5GKW3B5","Fossil Gas","11WD7RHAU5GKW3B5","24/04/2026 20:00 - 24/04/2026 21:00","0.00",""
"24/04/2026 00:00 - 25/04/2026 00:00","CTA|DE(Amprion)","HKW IIIB","11WD7RHAU5GKW3B5","Fossil Gas","11WD7RHAU5GKW3B5","24/04/2026 21:00 - 24/04/2026 22:00","0.00",""
"24/04/2026 00:00 - 25/04/2026 00:00","CTA|DE(Amprion)","HKW IIIB","11WD7RHAU5GKW3B5","Fossil Gas","11WD7RHAU5GKW3B5","24/04/2026 22:00 - 24/04/2026 23:00","0.00",""
"24/04/2026 00:00 - 25/04/2026 00:00","CTA|DE(Amprion)","HKW IIIB","11WD7RHAU5GKW3B5","Fossil Gas","11WD7RHAU5GKW3B5","24/04/2026 23:00 - 25/04/2026 00:00","0.00",""
"24/04/2026 00:00 - 25/04/2026 00:00","CTA|DE(Amprion)","KW Lünen Block 1","11WD7STUM1SBL10G","Fossil Hard coal","11WD7STUM1SBL10G","24/04/2026 00:00 - 24/04/2026 01:00","0.00",""
"24/04/2026 00:00 - 25/04/2026 00:00","CTA|DE(Amprion)","KW Lünen Block 1","11WD7STUM1SBL10G","Fossil Hard coal","11WD7STUM1SBL10G","24/04/2026 01:00 - 24/04/2026 02:00","0.00",""
"24/04/2026 00:00 - 25/04/2026 00:00","CTA|DE(Amprion)","KW Lünen Block 1","11WD7STUM1SBL10G","Fossil Hard coal","11WD7STUM1SBL10G","24/04/2026 02:00 - 24/04/2026 03:00","0.00",""
"24/04/2026 00:00 - 25/04/2026 00:00","CTA|DE(Amprion)","KW Lünen Block 1","11WD7STUM1SBL10G","Fossil Hard coal","11WD7STUM1SBL10G","24/04/2026 03:00 - 24/04/2026 04:00","0.00",""
"24/04/2026 00:00 - 25/04/2026 00:00","CTA|DE(Amprion)","KW Lünen Block 1","11WD7STUM1SBL10G","Fossil Hard coal","11WD7STUM1SBL10G","24/04/2026 04:00 - 24/04/2026 05:00","0.00",""
"24/04/2026 00:00 - 25/04/2026 00:00","CTA|DE(Amprion)","KW Lünen Block 1","11WD7STUM1SBL10G","Fossil Hard coal","11WD7STUM1SBL10G","24/04/2026 05:00 - 24/04/2026 06:00","0.00",""
"24/04/2026 00:00 - 25/04/2026 00:00","CTA|DE(Amprion)","KW Lünen Block 1","11WD7STUM1SBL10G","Fossil Hard coal","11WD7STUM1SBL10G","24/04/2026 06:00 - 24/04/2026 07:00","0.00",""
"24/04/2026 00:00 - 25/04/2026 00:00","CTA|DE(Amprion)","KW Lünen Block 1","11WD7STUM1SBL10G","Fossil Hard coal","11WD7STUM1SBL10G","24/04/2026 07:00 - 24/04/2026 08:00","0.00",""
"24/04/2026 00:00 - 25/04/2026 00:00","CTA|DE(Amprion)","KW Lünen Block 1","11WD7STUM1SBL10G","Fossil Hard coal","11WD7STUM1SBL10G","24/04/2026 08:00 - 24/04/2026 09:00","0.00",""
"24/04/2026 00:00 - 25/04/2026 00:00","CTA|DE(Amprion)","KW Lünen Block 1","11WD7STUM1SBL10G","Fossil Hard coal","11WD7STUM1SBL10G","24/04/2026 09:00 - 24/04/2026 10:00","0.00",""
"24/04/2026 00:00 - 25/04/2026 00:00","CTA|DE(Amprion)","KW Lünen Block 1","11WD7STUM1SBL10G","Fossil Hard coal","11WD7STUM1SBL10G","24/04/2026 10:00 - 24/04/2026 11:00","0.00",""
"24/04/2026 00:00 - 25/04/2026 00:00","CTA|DE(Amprion)","KW Lünen Block 1","11WD7STUM1SBL10G","Fossil Hard coal","11WD7STUM1SBL10G","24/04/2026 11:00 - 24/04/2026 12:00","0.00",""
"24/04/2026 00:00 - 25/04/2026 00:00","CTA|DE(Amprion)","KW Lünen Block 1","11WD7STUM1SBL10G","Fossil Hard coal","11WD7STUM1SBL10G","24/04/2026 12:00 - 24/04/2026 13:00","0.00",""
"24/04/2026 00:00 - 25/04/2026 00:00","CTA|DE(Amprion)","KW Lünen Block 1","11WD7STUM1SBL10G","Fossil Hard coal","11WD7STUM1SBL10G","24/04/2026 13:00 - 24/04/2026 14:00","0.00",""
"24/04/2026 00:00 - 25/04/2026 00:00","CTA|DE(Amprion)","KW Lünen Block 1","11WD7STUM1SBL10G","Fossil Hard coal","11WD7STUM1SBL10G","24/04/2026 14:00 - 24/04/2026 15:00","0.00",""
"24/04/2026 00:00 - 25/04/2026 00:00","CTA|DE(Amprion)","KW Lünen Block 1","11WD7STUM1SBL10G","Fossil Hard coal","11WD7STUM1SBL10G","24/04/2026 15:00 - 24/04/2026 16:00","0.00",""
"24/04/2026 00:00 - 25/04/2026 00:00","CTA|DE(Amprion)","KW Lünen Block 1","11WD7STUM1SBL10G","Fossil Hard coal","11WD7STUM1SBL10G","24/04/2026 16:00 - 24/04/2026 17:00","0.00",""
"24/04/2026 00:00 - 25/04/2026 00:00","CTA|DE(Amprion)","KW Lünen Block 1","11WD7STUM1SBL10G","Fossil Hard coal","11WD7STUM1SBL10G","24/04/2026 17:00 - 24/04/2026 18:00","0.00",""
"24/04/2026 00:00 - 25/04/2026 00:00","CTA|DE(Amprion)","KW Lünen Block 1","11WD7STUM1SBL10G","Fossil Hard coal","11WD7STUM1SBL10G","24/04/2026 18:00 - 24/04/2026 19:00","0.00",""
"24/04/2026 00:00 - 25/04/2026 00:00","CTA|DE(Amprion)","KW Lünen Block 1","11WD7STUM1SBL10G","Fossil Hard coal","11WD7STUM1SBL10G","24/04/2026 19:00 - 24/04/2026 20:00","0.00",""
"24/04/2026 00:00 - 25/04/2026 00:00","CTA|DE(Amprion)","KW Lünen Block 1","11WD7STUM1SBL10G","Fossil Hard coal","11WD7STUM1SBL10G","24/04/2026 20:00 - 24/04/2026 21:00","0.00",""
"24/04/2026 00:00 - 25/04/2026 00:00","CTA|DE(Amprion)","KW Lünen Block 1","11WD7STUM1SBL10G","Fossil Hard coal","11WD7STUM1SBL10G","24/04/2026 21:00 - 24/04/2026 22:00","0.00",""
"24/04/2026 00:00 - 25/04/2026 00:00","CTA|DE(Amprion)","KW Lünen Block 1","11WD7STUM1SBL10G","Fossil Hard coal","11WD7STUM1SBL10G","24/04/2026 22:00 - 24/04/2026 23:00","0.00",""
"24/04/2026 00:00 - 25/04/2026 00:00","CTA|DE(Amprion)","KW Lünen Block 1","11WD7STUM1SBL10G","Fossil Hard coal","11WD7STUM1SBL10G","24/04/2026 23:00 - 25/04/2026 00:00","0.00",""
"24/04/2026 00:00 - 25/04/2026 00:00","CTA|DE(Amprion)","DESBR____CHP____","11WD7UCHT5XROEMT","Fossil Gas","11WD7UCHT5XROEMT","24/04/2026 00:00 - 24/04/2026 01:00","0.00",""
"24/04/2026 00:00 - 25/04/2026 00:00","CTA|DE(Amprion)","DESBR____CHP____","11WD7UCHT5XROEMT","Fossil Gas","11WD7UCHT5XROEMT","24/04/2026 01:00 - 24/04/2026 02:00","0.00",""
"24/04/2026 00:00 - 25/04/2026 00:00","CTA|DE(Amprion)","DESBR____CHP____","11WD7UCHT5XROEMT","Fossil Gas","11WD7UCHT5XROEMT","24/04/2026 02:00 - 24/04/2026 03:00","0.00",""
"24/04/2026 00:00 - 25/04/2026 00:00","CTA|DE(Amprion)","DESBR____CHP____","11WD7UCHT5XROEMT","Fossil Gas","11WD7UCHT5XROEMT","24/04/2026 03:00 - 24/04/2026 04:00","0.00",""
"24/04/2026 00:00 - 25/04/2026 00:00","CTA|DE(Amprion)","DESBR____CHP____","11WD7UCHT5XROEMT","Fossil Gas","11WD7UCHT5XROEMT","24/04/2026 04:00 - 24/04/2026 05:00","0.00",""
"24/04/2026 00:00 - 25/04/2026 00:00","CTA|DE(Amprion)","DESBR____CHP____","11WD7UCHT5XROEMT","Fossil Gas","11WD7UCHT5XROEMT","24/04/2026 05:00 - 24/04/2026 06:00","0.00",""
"24/04/2026 00:00 - 25/04/2026 00:00","CTA|DE(Amprion)","DESBR____CHP____","11WD7UCHT5XROEMT","Fossil Gas","11WD7UCHT5XROEMT","24/04/2026 06:00 - 24/04/2026 07:00","0.00",""
"24/04/2026 00:00 - 25/04/2026 00:00","CTA|DE(Amprion)","DESBR____CHP____","11WD7UCHT5XROEMT","Fossil Gas","11WD7UCHT5XROEMT","24/04/2026 07:00 - 24/04/2026 08:00","0.00",""
"24/04/2026 00:00 - 25/04/2026 00:00","CTA|DE(Amprion)","DESBR____CHP____","11WD7UCHT5XROEMT","Fossil Gas","11WD7UCHT5XROEMT","24/04/2026 08:00 - 24/04/2026 09:00","0.00",""
"24/04/2026 00:00 - 25/04/2026 00:00","CTA|DE(Amprion)","DESBR____CHP____","11WD7UCHT5XROEMT","Fossil Gas","11WD7UCHT5XROEMT","24/04/2026 09:00 - 24/04/2026 10:00","0.00",""
"24/04/2026 00:00 - 25/04/2026 00:00","CTA|DE(Amprion)","DESBR____CHP____","11WD7UCHT5XROEMT","Fossil Gas","11WD7UCHT5XROEMT","24/04/2026 10:00 - 24/04/2026 11:00","0.00",""
"24/04/2026 00:00 - 25/04/2026 00:00","CTA|DE(Amprion)","DESBR____CHP____","11WD7UCHT5XROEMT","Fossil Gas","11WD7UCHT5XROEMT","24/04/2026 11:00 - 24/04/2026 12:00","0.00",""
"24/04/2026 00:00 - 25/04/2026 00:00","CTA|DE(Amprion)","DESBR____CHP____","11WD7UCHT5XROEMT","Fossil Gas","11WD7UCHT5XROEMT","24/04/2026 12:00 - 24/04/2026 13:00","0.00",""
"24/04/2026 00:00 - 25/04/2026 00:00","CTA|DE(Amprion)","DESBR____CHP____","11WD7UCHT5XROEMT","Fossil Gas","11WD7UCHT5XROEMT","24/04/2026 13:00 - 24/04/2026 14:00","0.00",""
"24/04/2026 00:00 - 25/04/2026 00:00","CTA|DE(Amprion)","DESBR____CHP____","11WD7UCHT5XROEMT","Fossil Gas","11WD7UCHT5XROEMT","24/04/2026 14:00 - 24/04/2026 15:00","0.00",""
"24/04/2026 00:00 - 25/04/2026 00:00","CTA|DE(Amprion)","DESBR____CHP____","11WD7UCHT5XROEMT","Fossil Gas","11WD7UCHT5XROEMT","24/04/2026 15:00 - 24/04/2026 16:00","0.00",""
"24/04/2026 00:00 - 25/04/2026 00:00","CTA|DE(Amprion)","DESBR____CHP____","11WD7UCHT5XROEMT","Fossil Gas","11WD7UCHT5XROEMT","24/04/2026 16:00 - 24/04/2026 17:00","0.00",""
"24/04/2026 00:00 - 25/04/2026 00:00","CTA|DE(Amprion)","DESBR____CHP____","11WD7UCHT5XROEMT","Fossil Gas","11WD7UCHT5XROEMT","24/04/2026 17:00 - 24/04/2026 18:00","0.00",""
"24/04/2026 00:00 - 25/04/2026 00:00","CTA|DE(Amprion)","DESBR____CHP____","11WD7UCHT5XROEMT","Fossil Gas","11WD7UCHT5XROEMT","24/04/2026 18:00 - 24/04/2026 19:00","0.00",""
"24/04/2026 00:00 - 25/04/2026 00:00","CTA|DE(Amprion)","DESBR____CHP____","11WD7UCHT5XROEMT","Fossil Gas","11WD7UCHT5XROEMT","24/04/2026 19:00 - 24/04/2026 20:00","0.00",""
"24/04/2026 00:00 - 25/04/2026 00:00","CTA|DE(Amprion)","DESBR____CHP____","11WD7UCHT5XROEMT","Fossil Gas","11WD7UCHT5XROEMT","24/04/2026 20:00 - 24/04/2026 21:00","0.00",""
"24/04/2026 00:00 - 25/04/2026 00:00","CTA|DE(Amprion)","DESBR____CHP____","11WD7UCHT5XROEMT","Fossil Gas","11WD7UCHT5XROEMT","24/04/2026 21:00 - 24/04/2026 22:00","0.00",""
"24/04/2026 00:00 - 25/04/2026 00:00","CTA|DE(Amprion)","DESBR____CHP____","11WD7UCHT5XROEMT","Fossil Gas","11WD7UCHT5XROEMT","24/04/2026 22:00 - 24/04/2026 23:00","0.00",""
"24/04/2026 00:00 - 25/04/2026 00:00","CTA|DE(Amprion)","DESBR____CHP____","11WD7UCHT5XROEMT","Fossil Gas","11WD7UCHT5XROEMT","24/04/2026 23:00 - 25/04/2026 00:00","0.00",""
"24/04/2026 00:00 - 25/04/2026 00:00","CTA|DE(Amprion)","Vianden 1","11WD7VIAN2H-1-1O","Hydro Pumped Storage","11WD7VIAN2H-1-1O","24/04/2026 00:00 - 24/04/2026 01:00","0.00",""
"24/04/2026 00:00 - 25/04/2026 00:00","CTA|DE(Amprion)","Vianden 1","11WD7VIAN2H-1-1O","Hydro Pumped Storage","11WD7VIAN2H-1-1O","24/04/2026 01:00 - 24/04/2026 02:00","0.00",""
"24/04/2026 00:00 - 25/04/2026 00:00","CTA|DE(Amprion)","Vianden 1","11WD7VIAN2H-1-1O","Hydro Pumped Storage","11WD7VIAN2H-1-1O","24/04/2026 02:00 - 24/04/2026 03:00","0.00",""
"24/04/2026 00:00 - 25/04/2026 00:00","CTA|DE(Amprion)","Vianden 1","11WD7VIAN2H-1-1O","Hydro Pumped Storage","11WD7VIAN2H-1-1O","24/04/2026 03:00 - 24/04/2026 04:00","13.97",""
"24/04/2026 00:00 - 25/04/2026 00:00","CTA|DE(Amprion)","Vianden 1","11WD7VIAN2H-1-1O","Hydro Pumped Storage","11WD7VIAN2H-1-1O","24/04/2026 04:00 - 24/04/2026 05:00","90.95",""
"24/04/2026 00:00 - 25/04/2026 00:00","CTA|DE(Amprion)","Vianden 1","11WD7VIAN2H-1-1O","Hydro Pumped Storage","11WD7VIAN2H-1-1O","24/04/2026 05:00 - 24/04/2026 06:00","97.90",""
"24/04/2026 00:00 - 25/04/2026 00:00","CTA|DE(Amprion)","Vianden 1","11WD7VIAN2H-1-1O","Hydro Pumped Storage","11WD7VIAN2H-1-1O","24/04/2026 06:00 - 24/04/2026 07:00","96.70",""
"24/04/2026 00:00 - 25/04/2026 00:00","CTA|DE(Amprion)","Vianden 1","11WD7VIAN2H-1-1O","Hydro Pumped Storage","11WD7VIAN2H-1-1O","24/04/2026 07:00 - 24/04/2026 08:00","10.65",""
"24/04/2026 00:00 - 25/04/2026 00:00","CTA|DE(Amprion)","Vianden 1","11WD7VIAN2H-1-1O","Hydro Pumped Storage","11WD7VIAN2H-1-1O","24/04/2026 08:00 - 24/04/2026 09:00","0.00",""
"24/04/2026 00:00 - 25/04/2026 00:00","CTA|DE(Amprion)","Vianden 1","11WD7VIAN2H-1-1O","Hydro Pumped Storage","11WD7VIAN2H-1-1O","24/04/2026 09:00 - 24/04/2026 10:00","0.17",""
"24/04/2026 00:00 - 25/04/2026 00:00","CTA|DE(Amprion)","Vianden 1","11WD7VIAN2H-1-1O","Hydro Pumped Storage","11WD7VIAN2H-1-1O","24/04/2026 10:00 - 24/04/2026 11:00","0.55",""
"24/04/2026 00:00 - 25/04/2026 00:00","CTA|DE(Amprion)","Vianden 1","11WD7VIAN2H-1-1O","Hydro Pumped Storage","11WD7VIAN2H-1-1O","24/04/2026 11:00 - 24/04/2026 12:00","0.00",""
"24/04/2026 00:00 - 25/04/2026 00:00","CTA|DE(Amprion)","Vianden 1","11WD7VIAN2H-1-1O","Hydro Pumped Storage","11WD7VIAN2H-1-1O","24/04/2026 12:00 - 24/04/2026 13:00","0.00",""
"24/04/2026 00:00 - 25/04/2026 00:00","CTA|DE(Amprion)","Vianden 1","11WD7VIAN2H-1-1O","Hydro Pumped Storage","11WD7VIAN2H-1-1O","24/04/2026 13:00 - 24/04/2026 14:00","0.00",""
"24/04/2026 00:00 - 25/04/2026 00:00","CTA|DE(Amprion)","Vianden 1","11WD7VIAN2H-1-1O","Hydro Pumped Storage","11WD7VIAN2H-1-1O","24/04/2026 14:00 - 24/04/2026 15:00","0.00",""
"24/04/2026 00:00 - 25/04/2026 00:00","CTA|DE(Amprion)","Vianden 1","11WD7VIAN2H-1-1O","Hydro Pumped Storage","11WD7VIAN2H-1-1O","24/04/2026 15:00 - 24/04/2026 16:00","0.00",""
"24/04/2026 00:00 - 25/04/2026 00:00","CTA|DE(Amprion)","Vianden 1","11WD7VIAN2H-1-1O","Hydro Pumped Storage","11WD7VIAN2H-1-1O","24/04/2026 16:00 - 24/04/2026 17:00","0.00",""
"24/04/2026 00:00 - 25/04/2026 00:00","CTA|DE(Amprion)","Vianden 1","11WD7VIAN2H-1-1O","Hydro Pumped Storage","11WD7VIAN2H-1-1O","24/04/2026 17:00 - 24/04/2026 18:00","0.00",""
"24/04/2026 00:00 - 25/04/2026 00:00","CTA|DE(Amprion)","Vianden 1","11WD7VIAN2H-1-1O","Hydro Pumped Storage","11WD7VIAN2H-1-1O","24/04/2026 18:00 - 24/04/2026 19:00","0.00",""
"24/04/2026 00:00 - 25/04/2026 00:00","CTA|DE(Amprion)","Vianden 1","11WD7VIAN2H-1-1O","Hydro Pumped Storage","11WD7VIAN2H-1-1O","24/04/2026 19:00 - 24/04/2026 20:00","0.00",""
"24/04/2026 00:00 - 25/04/2026 00:00","CTA|DE(Amprion)","Vianden 1","11WD7VIAN2H-1-1O","Hydro Pumped Storage","11WD7VIAN2H-1-1O","24/04/2026 20:00 - 24/04/2026 21:00","56.50",""
"24/04/2026 00:00 - 25/04/2026 00:00","CTA|DE(Amprion)","Vianden 1","11WD7VIAN2H-1-1O","Hydro Pumped Storage","11WD7VIAN2H-1-1O","24/04/2026 21:00 - 24/04/2026 22:00","0.00",""
"24/04/2026 00:00 - 25/04/2026 00:00","CTA|DE(Amprion)","Vianden 1","11WD7VIAN2H-1-1O","Hydro Pumped Storage","11WD7VIAN2H-1-1O","24/04/2026 22:00 - 24/04/2026 23:00","62.83",""
"24/04/2026 00:00 - 25/04/2026 00:00","CTA|DE(Amprion)","Vianden 1","11WD7VIAN2H-1-1O","Hydro Pumped Storage","11WD7VIAN2H-1-1O","24/04/2026 23:00 - 25/04/2026 00:00","0.00",""
"24/04/2026 00:00 - 25/04/2026 00:00","CTA|DE(Amprion)","Vianden 2","11WD7VIAN2H-1-2M","Hydro Pumped Storage","11WD7VIAN2H-1-2M","24/04/2026 00:00 - 24/04/2026 01:00","0.00",""
"24/04/2026 00:00 - 25/04/2026 00:00","CTA|DE(Amprion)","Vianden 2","11WD7VIAN2H-1-2M","Hydro Pumped Storage","11WD7VIAN2H-1-2M","24/04/2026 01:00 - 24/04/2026 02:00","0.00",""
"24/04/2026 00:00 - 25/04/2026 00:00","CTA|DE(Amprion)","Vianden 2","11WD7VIAN2H-1-2M","Hydro Pumped Storage","11WD7VIAN2H-1-2M","24/04/2026 02:00 - 24/04/2026 03:00","0.00",""
"24/04/2026 00:00 - 25/04/2026 00:00","CTA|DE(Amprion)","Vianden 2","11WD7VIAN2H-1-2M","Hydro Pumped Storage","11WD7VIAN2H-1-2M","24/04/2026 03:00 - 24/04/2026 04:00","0.00",""
"24/04/2026 00:00 - 25/04/2026 00:00","CTA|DE(Amprion)","Vianden 2","11WD7VIAN2H-1-2M","Hydro Pumped Storage","11WD7VIAN2H-1-2M","24/04/2026 04:00 - 24/04/2026 05:00","65.83",""
"24/04/2026 00:00 - 25/04/2026 00:00","CTA|DE(Amprion)","Vianden 2","11WD7VIAN2H-1-2M","Hydro Pumped Storage","11WD7VIAN2H-1-2M","24/04/2026 05:00 - 24/04/2026 06:00","100.50",""
"24/04/2026 00:00 - 25/04/2026 00:00","CTA|DE(Amprion)","Vianden 2","11WD7VIAN2H-1-2M","Hydro Pumped Storage","11WD7VIAN2H-1-2M","24/04/2026 06:00 - 24/04/2026 07:00","100.35",""
"24/04/2026 00:00 - 25/04/2026 00:00","CTA|DE(Amprion)","Vianden 2","11WD7VIAN2H-1-2M","Hydro Pumped Storage","11WD7VIAN2H-1-2M","24/04/2026 07:00 - 24/04/2026 08:00","11.07",""
"24/04/2026 00:00 - 25/04/2026 00:00","CTA|DE(Amprion)","Vianden 2","11WD7VIAN2H-1-2M","Hydro Pumped Storage","11WD7VIAN2H-1-2M","24/04/2026 08:00 - 24/04/2026 09:00","0.00",""
"24/04/2026 00:00 - 25/04/2026 00:00","CTA|DE(Amprion)","Vianden 2","11WD7VIAN2H-1-2M","Hydro Pumped Storage","11WD7VIAN2H-1-2M","24/04/2026 09:00 - 24/04/2026 10:00","0.13",""
"24/04/2026 00:00 - 25/04/2026 00:00","CTA|DE(Amprion)","Vianden 2","11WD7VIAN2H-1-2M","Hydro Pumped Storage","11WD7VIAN2H-1-2M","24/04/2026 10:00 - 24/04/2026 11:00","0.55",""
"24/04/2026 00:00 - 25/04/2026 00:00","CTA|DE(Amprion)","Vianden 2","11WD7VIAN2H-1-2M","Hydro Pumped Storage","11WD7VIAN2H-1-2M","24/04/2026 11:00 - 24/04/2026 12:00","0.00",""
"24/04/2026 00:00 - 25/04/2026 00:00","CTA|DE(Amprion)","Vianden 2","11WD7VIAN2H-1-2M","Hydro Pumped Storage","11WD7VIAN2H-1-2M","24/04/2026 12:00 - 24/04/2026 13:00","0.00",""
"24/04/2026 00:00 - 25/04/2026 00:00","CTA|DE(Amprion)","Vianden 2","11WD7VIAN2H-1-2M","Hydro Pumped Storage","11WD7VIAN2H-1-2M","24/04/2026 13:00 - 24/04/2026 14:00","0.00",""
"24/04/2026 00:00 - 25/04/2026 00:00","CTA|DE(Amprion)","Vianden 2","11WD7VIAN2H-1-2M","Hydro Pumped Storage","11WD7VIAN2H-1-2M","24/04/2026 14:00 - 24/04/2026 15:00","0.00",""
"24/04/2026 00:00 - 25/04/2026 00:00","CTA|DE(Amprion)","Vianden 2","11WD7VIAN2H-1-2M","Hydro Pumped Storage","11WD7VIAN2H-1-2M","24/04/2026 15:00 - 24/04/2026 16:00","0.00",""
"24/04/2026 00:00 - 25/04/2026 00:00","CTA|DE(Amprion)","Vianden 2","11WD7VIAN2H-1-2M","Hydro Pumped Storage","11WD7VIAN2H-1-2M","24/04/2026 16:00 - 24/04/2026 17:00","0.00",""
"24/04/2026 00:00 - 25/04/2026 00:00","CTA|DE(Amprion)","Vianden 2","11WD7VIAN2H-1-2M","Hydro Pumped Storage","11WD7VIAN2H-1-2M","24/04/2026 17:00 - 24/04/2026 18:00","0.00",""
"24/04/2026 00:00 - 25/04/2026 00:00","CTA|DE(Amprion)","Vianden 2","11WD7VIAN2H-1-2M","Hydro Pumped Storage","11WD7VIAN2H-1-2M","24/04/2026 18:00 - 24/04/2026 19:00","0.00",""
"24/04/2026 00:00 - 25/04/2026 00:00","CTA|DE(Amprion)","Vianden 2","11WD7VIAN2H-1-2M","Hydro Pumped Storage","11WD7VIAN2H-1-2M","24/04/2026 19:00 - 24/04/2026 20:00","18.32",""
"24/04/2026 00:00 - 25/04/2026 00:00","CTA|DE(Amprion)","Vianden 2","11WD7VIAN2H-1-2M","Hydro Pumped Storage","11WD7VIAN2H-1-2M","24/04/2026 20:00 - 24/04/2026 21:00","86.85",""
"24/04/2026 00:00 - 25/04/2026 00:00","CTA|DE(Amprion)","Vianden 2","11WD7VIAN2H-1-2M","Hydro Pumped Storage","11WD7VIAN2H-1-2M","24/04/2026 21:00 - 24/04/2026 22:00","76.92",""
"24/04/2026 00:00 - 25/04/2026 00:00","CTA|DE(Amprion)","Vianden 2","11WD7VIAN2H-1-2M","Hydro Pumped Storage","11WD7VIAN2H-1-2M","24/04/2026 22:00 - 24/04/2026 23:00","57.70",""
"24/04/2026 00:00 - 25/04/2026 00:00","CTA|DE(Amprion)","Vianden 2","11WD7VIAN2H-1-2M","Hydro Pumped Storage","11WD7VIAN2H-1-2M","24/04/2026 23:00 - 25/04/2026 00:00","0.00",""
"24/04/2026 00:00 - 25/04/2026 00:00","CTA|DE(Amprion)","Vianden 3","11WD7VIAN2H-1-3K","Hydro Pumped Storage","11WD7VIAN2H-1-3K","24/04/2026 00:00 - 24/04/2026 01:00","0.10",""
"24/04/2026 00:00 - 25/04/2026 00:00","CTA|DE(Amprion)","Vianden 3","11WD7VIAN2H-1-3K","Hydro Pumped Storage","11WD7VIAN2H-1-3K","24/04/2026 01:00 - 24/04/2026 02:00","0.10",""
"24/04/2026 00:00 - 25/04/2026 00:00","CTA|DE(Amprion)","Vianden 3","11WD7VIAN2H-1-3K","Hydro Pumped Storage","11WD7VIAN2H-1-3K","24/04/2026 02:00 - 24/04/2026 03:00","0.10",""
"24/04/2026 00:00 - 25/04/2026 00:00","CTA|DE(Amprion)","Vianden 3","11WD7VIAN2H-1-3K","Hydro Pumped Storage","11WD7VIAN2H-1-3K","24/04/2026 03:00 - 24/04/2026 04:00","0.10",""
"24/04/2026 00:00 - 25/04/2026 00:00","CTA|DE(Amprion)","Vianden 3","11WD7VIAN2H-1-3K","Hydro Pumped Storage","11WD7VIAN2H-1-3K","24/04/2026 04:00 - 24/04/2026 05:00","67.78",""
"24/04/2026 00:00 - 25/04/2026 00:00","CTA|DE(Amprion)","Vianden 3","11WD7VIAN2H-1-3K","Hydro Pumped Storage","11WD7VIAN2H-1-3K","24/04/2026 05:00 - 24/04/2026 06:00","102.97",""
"24/04/2026 00:00 - 25/04/2026 00:00","CTA|DE(Amprion)","Vianden 3","11WD7VIAN2H-1-3K","Hydro Pumped Storage","11WD7VIAN2H-1-3K","24/04/2026 06:00 - 24/04/2026 07:00","102.22",""
"24/04/2026 00:00 - 25/04/2026 00:00","CTA|DE(Amprion)","Vianden 3","11WD7VIAN2H-1-3K","Hydro Pumped Storage","11WD7VIAN2H-1-3K","24/04/2026 07:00 - 24/04/2026 08:00","11.05",""
"24/04/2026 00:00 - 25/04/2026 00:00","CTA|DE(Amprion)","Vianden 3","11WD7VIAN2H-1-3K","Hydro Pumped Storage","11WD7VIAN2H-1-3K","24/04/2026 08:00 - 24/04/2026 09:00","0.10",""
"24/04/2026 00:00 - 25/04/2026 00:00","CTA|DE(Amprion)","Vianden 3","11WD7VIAN2H-1-3K","Hydro Pumped Storage","11WD7VIAN2H-1-3K","24/04/2026 09:00 - 24/04/2026 10:00","0.10",""
"24/04/2026 00:00 - 25/04/2026 00:00","CTA|DE(Amprion)","Vianden 3","11WD7VIAN2H-1-3K","Hydro Pumped Storage","11WD7VIAN2H-1-3K","24/04/2026 10:00 - 24/04/2026 11:00","0.88",""
"24/04/2026 00:00 - 25/04/2026 00:00","CTA|DE(Amprion)","Vianden 3","11WD7VIAN2H-1-3K","Hydro Pumped Storage","11WD7VIAN2H-1-3K","24/04/2026 11:00 - 24/04/2026 12:00","0.10",""
"24/04/2026 00:00 - 25/04/2026 00:00","CTA|DE(Amprion)","Vianden 3","11WD7VIAN2H-1-3K","Hydro Pumped Storage","11WD7VIAN2H-1-3K","24/04/2026 12:00 - 24/04/2026 13:00","0.10",""
"24/04/2026 00:00 - 25/04/2026 00:00","CTA|DE(Amprion)","Vianden 3","11WD7VIAN2H-1-3K","Hydro Pumped Storage","11WD7VIAN2H-1-3K","24/04/2026 13:00 - 24/04/2026 14:00","0.10",""
"24/04/2026 00:00 - 25/04/2026 00:00","CTA|DE(Amprion)","Vianden 3","11WD7VIAN2H-1-3K","Hydro Pumped Storage","11WD7VIAN2H-1-3K","24/04/2026 14:00 - 24/04/2026 15:00","0.03",""
"24/04/2026 00:00 - 25/04/2026 00:00","CTA|DE(Amprion)","Vianden 3","11WD7VIAN2H-1-3K","Hydro Pumped Storage","11WD7VIAN2H-1-3K","24/04/2026 15:00 - 24/04/2026 16:00","0.00",""
"24/04/2026 00:00 - 25/04/2026 00:00","CTA|DE(Amprion)","Vianden 3","11WD7VIAN2H-1-3K","Hydro Pumped Storage","11WD7VIAN2H-1-3K","24/04/2026 16:00 - 24/04/2026 17:00","0.00",""
"24/04/2026 00:00 - 25/04/2026 00:00","CTA|DE(Amprion)","Vianden 3","11WD7VIAN2H-1-3K","Hydro Pumped Storage","11WD7VIAN2H-1-3K","24/04/2026 17:00 - 24/04/2026 18:00","0.00",""
"24/04/2026 00:00 - 25/04/2026 00:00","CTA|DE(Amprion)","Vianden 3","11WD7VIAN2H-1-3K","Hydro Pumped Storage","11WD7VIAN2H-1-3K","24/04/2026 18:00 - 24/04/2026 19:00","0.10",""
"24/04/2026 00:00 - 25/04/2026 00:00","CTA|DE(Amprion)","Vianden 3","11WD7VIAN2H-1-3K","Hydro Pumped Storage","11WD7VIAN2H-1-3K","24/04/2026 19:00 - 24/04/2026 20:00","15.25",""
"24/04/2026 00:00 - 25/04/2026 00:00","CTA|DE(Amprion)","Vianden 3","11WD7VIAN2H-1-3K","Hydro Pumped Storage","11WD7VIAN2H-1-3K","24/04/2026 20:00 - 24/04/2026 21:00","79.97",""
"24/04/2026 00:00 - 25/04/2026 00:00","CTA|DE(Amprion)","Vianden 3","11WD7VIAN2H-1-3K","Hydro Pumped Storage","11WD7VIAN2H-1-3K","24/04/2026 21:00 - 24/04/2026 22:00","81.35",""
"24/04/2026 00:00 - 25/04/2026 00:00","CTA|DE(Amprion)","Vianden 3","11WD7VIAN2H-1-3K","Hydro Pumped Storage","11WD7VIAN2H-1-3K","24/04/2026 22:00 - 24/04/2026 23:00","46.60",""
"24/04/2026 00:00 - 25/04/2026 00:00","CTA|DE(Amprion)","Vianden 3","11WD7VIAN2H-1-3K","Hydro Pumped Storage","11WD7VIAN2H-1-3K","24/04/2026 23:00 - 25/04/2026 00:00","0.00",""
"24/04/2026 00:00 - 25/04/2026 00:00","CTA|DE(Amprion)","Vianden 4","11WD7VIAN2H-1-4I","Hydro Pumped Storage","11WD7VIAN2H-1-4I","24/04/2026 00:00 - 24/04/2026 01:00","0.00",""
"24/04/2026 00:00 - 25/04/2026 00:00","CTA|DE(Amprion)","Vianden 4","11WD7VIAN2H-1-4I","Hydro Pumped Storage","11WD7VIAN2H-1-4I","24/04/2026 01:00 - 24/04/2026 02:00","0.00",""
"24/04/2026 00:00 - 25/04/2026 00:00","CTA|DE(Amprion)","Vianden 4","11WD7VIAN2H-1-4I","Hydro Pumped Storage","11WD7VIAN2H-1-4I","24/04/2026 02:00 - 24/04/2026 03:00","0.00",""
"24/04/2026 00:00 - 25/04/2026 00:00","CTA|DE(Amprion)","Vianden 4","11WD7VIAN2H-1-4I","Hydro Pumped Storage","11WD7VIAN2H-1-4I","24/04/2026 03:00 - 24/04/2026 04:00","0.00",""
"24/04/2026 00:00 - 25/04/2026 00:00","CTA|DE(Amprion)","Vianden 4","11WD7VIAN2H-1-4I","Hydro Pumped Storage","11WD7VIAN2H-1-4I","24/04/2026 04:00 - 24/04/2026 05:00","86.67",""
"24/04/2026 00:00 - 25/04/2026 00:00","CTA|DE(Amprion)","Vianden 4","11WD7VIAN2H-1-4I","Hydro Pumped Storage","11WD7VIAN2H-1-4I","24/04/2026 05:00 - 24/04/2026 06:00","99.75",""
"24/04/2026 00:00 - 25/04/2026 00:00","CTA|DE(Amprion)","Vianden 4","11WD7VIAN2H-1-4I","Hydro Pumped Storage","11WD7VIAN2H-1-4I","24/04/2026 06:00 - 24/04/2026 07:00","99.20",""
"24/04/2026 00:00 - 25/04/2026 00:00","CTA|DE(Amprion)","Vianden 4","11WD7VIAN2H-1-4I","Hydro Pumped Storage","11WD7VIAN2H-1-4I","24/04/2026 07:00 - 24/04/2026 08:00","10.15",""
"24/04/2026 00:00 - 25/04/2026 00:00","CTA|DE(Amprion)","Vianden 4","11WD7VIAN2H-1-4I","Hydro Pumped Storage","11WD7VIAN2H-1-4I","24/04/2026 08:00 - 24/04/2026 09:00","0.00",""
"24/04/2026 00:00 - 25/04/2026 00:00","CTA|DE(Amprion)","Vianden 4","11WD7VIAN2H-1-4I","Hydro Pumped Storage","11WD7VIAN2H-1-4I","24/04/2026 09:00 - 24/04/2026 10:00","0.00",""
"24/04/2026 00:00 - 25/04/2026 00:00","CTA|DE(Amprion)","Vianden 4","11WD7VIAN2H-1-4I","Hydro Pumped Storage","11WD7VIAN2H-1-4I","24/04/2026 10:00 - 24/04/2026 11:00","0.30",""
"24/04/2026 00:00 - 25/04/2026 00:00","CTA|DE(Amprion)","Vianden 4","11WD7VIAN2H-1-4I","Hydro Pumped Storage","11WD7VIAN2H-1-4I","24/04/2026 11:00 - 24/04/2026 12:00","0.00",""
"24/04/2026 00:00 - 25/04/2026 00:00","CTA|DE(Amprion)","Vianden 4","11WD7VIAN2H-1-4I","Hydro Pumped Storage","11WD7VIAN2H-1-4I","24/04/2026 12:00 - 24/04/2026 13:00","0.00",""
"24/04/2026 00:00 - 25/04/2026 00:00","CTA|DE(Amprion)","Vianden 4","11WD7VIAN2H-1-4I","Hydro Pumped Storage","11WD7VIAN2H-1-4I","24/04/2026 13:00 - 24/04/2026 14:00","0.00",""
"24/04/2026 00:00 - 25/04/2026 00:00","CTA|DE(Amprion)","Vianden 4","11WD7VIAN2H-1-4I","Hydro Pumped Storage","11WD7VIAN2H-1-4I","24/04/2026 14:00 - 24/04/2026 15:00","0.00",""
"24/04/2026 00:00 - 25/04/2026 00:00","CTA|DE(Amprion)","Vianden 4","11WD7VIAN2H-1-4I","Hydro Pumped Storage","11WD7VIAN2H-1-4I","24/04/2026 15:00 - 24/04/2026 16:00","0.00",""
"24/04/2026 00:00 - 25/04/2026 00:00","CTA|DE(Amprion)","Vianden 4","11WD7VIAN2H-1-4I","Hydro Pumped Storage","11WD7VIAN2H-1-4I","24/04/2026 16:00 - 24/04/2026 17:00","0.00",""
"24/04/2026 00:00 - 25/04/2026 00:00","CTA|DE(Amprion)","Vianden 4","11WD7VIAN2H-1-4I","Hydro Pumped Storage","11WD7VIAN2H-1-4I","24/04/2026 17:00 - 24/04/2026 18:00","0.00",""
"24/04/2026 00:00 - 25/04/2026 00:00","CTA|DE(Amprion)","Vianden 4","11WD7VIAN2H-1-4I","Hydro Pumped Storage","11WD7VIAN2H-1-4I","24/04/2026 18:00 - 24/04/2026 19:00","0.00",""
"24/04/2026 00:00 - 25/04/2026 00:00","CTA|DE(Amprion)","Vianden 4","11WD7VIAN2H-1-4I","Hydro Pumped Storage","11WD7VIAN2H-1-4I","24/04/2026 19:00 - 24/04/2026 20:00","13.40",""
"24/04/2026 00:00 - 25/04/2026 00:00","CTA|DE(Amprion)","Vianden 4","11WD7VIAN2H-1-4I","Hydro Pumped Storage","11WD7VIAN2H-1-4I","24/04/2026 20:00 - 24/04/2026 21:00","78.20",""
"24/04/2026 00:00 - 25/04/2026 00:00","CTA|DE(Amprion)","Vianden 4","11WD7VIAN2H-1-4I","Hydro Pumped Storage","11WD7VIAN2H-1-4I","24/04/2026 21:00 - 24/04/2026 22:00","27.65",""
"24/04/2026 00:00 - 25/04/2026 00:00","CTA|DE(Amprion)","Vianden 4","11WD7VIAN2H-1-4I","Hydro Pumped Storage","11WD7VIAN2H-1-4I","24/04/2026 22:00 - 24/04/2026 23:00","44.25",""
"24/04/2026 00:00 - 25/04/2026 00:00","CTA|DE(Amprion)","Vianden 4","11WD7VIAN2H-1-4I","Hydro Pumped Storage","11WD7VIAN2H-1-4I","24/04/2026 23:00 - 25/04/2026 00:00","0.00",""
"24/04/2026 00:00 - 25/04/2026 00:00","CTA|DE(Amprion)","Vianden 5","11WD7VIAN2H-2-5C","Hydro Pumped Storage","11WD7VIAN2H-2-5C","24/04/2026 00:00 - 24/04/2026 01:00","0.00",""
"24/04/2026 00:00 - 25/04/2026 00:00","CTA|DE(Amprion)","Vianden 5","11WD7VIAN2H-2-5C","Hydro Pumped Storage","11WD7VIAN2H-2-5C","24/04/2026 01:00 - 24/04/2026 02:00","0.00",""
"24/04/2026 00:00 - 25/04/2026 00:00","CTA|DE(Amprion)","Vianden 5","11WD7VIAN2H-2-5C","Hydro Pumped Storage","11WD7VIAN2H-2-5C","24/04/2026 02:00 - 24/04/2026 03:00","0.00",""
"24/04/2026 00:00 - 25/04/2026 00:00","CTA|DE(Amprion)","Vianden 5","11WD7VIAN2H-2-5C","Hydro Pumped Storage","11WD7VIAN2H-2-5C","24/04/2026 03:00 - 24/04/2026 04:00","0.00",""
"24/04/2026 00:00 - 25/04/2026 00:00","CTA|DE(Amprion)","Vianden 5","11WD7VIAN2H-2-5C","Hydro Pumped Storage","11WD7VIAN2H-2-5C","24/04/2026 04:00 - 24/04/2026 05:00","0.00",""
"24/04/2026 00:00 - 25/04/2026 00:00","CTA|DE(Amprion)","Vianden 5","11WD7VIAN2H-2-5C","Hydro Pumped Storage","11WD7VIAN2H-2-5C","24/04/2026 05:00 - 24/04/2026 06:00","0.00",""
"24/04/2026 00:00 - 25/04/2026 00:00","CTA|DE(Amprion)","Vianden 5","11WD7VIAN2H-2-5C","Hydro Pumped Storage","11WD7VIAN2H-2-5C","24/04/2026 06:00 - 24/04/2026 07:00","0.00",""
"24/04/2026 00:00 - 25/04/2026 00:00","CTA|DE(Amprion)","Vianden 5","11WD7VIAN2H-2-5C","Hydro Pumped Storage","11WD7VIAN2H-2-5C","24/04/2026 07:00 - 24/04/2026 08:00","0.00",""
"24/04/2026 00:00 - 25/04/2026 00:00","CTA|DE(Amprion)","Vianden 5","11WD7VIAN2H-2-5C","Hydro Pumped Storage","11WD7VIAN2H-2-5C","24/04/2026 08:00 - 24/04/2026 09:00","0.00",""
"24/04/2026 00:00 - 25/04/2026 00:00","CTA|DE(Amprion)","Vianden 5","11WD7VIAN2H-2-5C","Hydro Pumped Storage","11WD7VIAN2H-2-5C","24/04/2026 09:00 - 24/04/2026 10:00","0.00",""
"24/04/2026 00:00 - 25/04/2026 00:00","CTA|DE(Amprion)","Vianden 5","11WD7VIAN2H-2-5C","Hydro Pumped Storage","11WD7VIAN2H-2-5C","24/04/2026 10:00 - 24/04/2026 11:00","0.00",""
"24/04/2026 00:00 - 25/04/2026 00:00","CTA|DE(Amprion)","Vianden 5","11WD7VIAN2H-2-5C","Hydro Pumped Storage","11WD7VIAN2H-2-5C","24/04/2026 11:00 - 24/04/2026 12:00","0.00",""
"24/04/2026 00:00 - 25/04/2026 00:00","CTA|DE(Amprion)","Vianden 5","11WD7VIAN2H-2-5C","Hydro Pumped Storage","11WD7VIAN2H-2-5C","24/04/2026 12:00 - 24/04/2026 13:00","0.00",""
"24/04/2026 00:00 - 25/04/2026 00:00","CTA|DE(Amprion)","Vianden 5","11WD7VIAN2H-2-5C","Hydro Pumped Storage","11WD7VIAN2H-2-5C","24/04/2026 13:00 - 24/04/2026 14:00","0.00",""
"24/04/2026 00:00 - 25/04/2026 00:00","CTA|DE(Amprion)","Vianden 5","11WD7VIAN2H-2-5C","Hydro Pumped Storage","11WD7VIAN2H-2-5C","24/04/2026 14:00 - 24/04/2026 15:00","0.00",""
"24/04/2026 00:00 - 25/04/2026 00:00","CTA|DE(Amprion)","Vianden 5","11WD7VIAN2H-2-5C","Hydro Pumped Storage","11WD7VIAN2H-2-5C","24/04/2026 15:00 - 24/04/2026 16:00","0.00",""
"24/04/2026 00:00 - 25/04/2026 00:00","CTA|DE(Amprion)","Vianden 5","11WD7VIAN2H-2-5C","Hydro Pumped Storage","11WD7VIAN2H-2-5C","24/04/2026 16:00 - 24/04/2026 17:00","0.00",""
"24/04/2026 00:00 - 25/04/2026 00:00","CTA|DE(Amprion)","Vianden 5","11WD7VIAN2H-2-5C","Hydro Pumped Storage","11WD7VIAN2H-2-5C","24/04/2026 17:00 - 24/04/2026 18:00","0.00",""
"24/04/2026 00:00 - 25/04/2026 00:00","CTA|DE(Amprion)","Vianden 5","11WD7VIAN2H-2-5C","Hydro Pumped Storage","11WD7VIAN2H-2-5C","24/04/2026 18:00 - 24/04/2026 19:00","0.00",""
"24/04/2026 00:00 - 25/04/2026 00:00","CTA|DE(Amprion)","Vianden 5","11WD7VIAN2H-2-5C","Hydro Pumped Storage","11WD7VIAN2H-2-5C","24/04/2026 19:00 - 24/04/2026 20:00","0.00",""
"24/04/2026 00:00 - 25/04/2026 00:00","CTA|DE(Amprion)","Vianden 5","11WD7VIAN2H-2-5C","Hydro Pumped Storage","11WD7VIAN2H-2-5C","24/04/2026 20:00 - 24/04/2026 21:00","0.00",""
"24/04/2026 00:00 - 25/04/2026 00:00","CTA|DE(Amprion)","Vianden 5","11WD7VIAN2H-2-5C","Hydro Pumped Storage","11WD7VIAN2H-2-5C","24/04/2026 21:00 - 24/04/2026 22:00","0.00",""
"24/04/2026 00:00 - 25/04/2026 00:00","CTA|DE(Amprion)","Vianden 5","11WD7VIAN2H-2-5C","Hydro Pumped Storage","11WD7VIAN2H-2-5C","24/04/2026 22:00 - 24/04/2026 23:00","0.00",""
"24/04/2026 00:00 - 25/04/2026 00:00","CTA|DE(Amprion)","Vianden 5","11WD7VIAN2H-2-5C","Hydro Pumped Storage","11WD7VIAN2H-2-5C","24/04/2026 23:00 - 25/04/2026 00:00","0.00",""
"24/04/2026 00:00 - 25/04/2026 00:00","CTA|DE(Amprion)","Vianden 6","11WD7VIAN2H-2-6A","Hydro Pumped Storage","11WD7VIAN2H-2-6A","24/04/2026 00:00 - 24/04/2026 01:00","0.00",""
"24/04/2026 00:00 - 25/04/2026 00:00","CTA|DE(Amprion)","Vianden 6","11WD7VIAN2H-2-6A","Hydro Pumped Storage","11WD7VIAN2H-2-6A","24/04/2026 01:00 - 24/04/2026 02:00","0.00",""
"24/04/2026 00:00 - 25/04/2026 00:00","CTA|DE(Amprion)","Vianden 6","11WD7VIAN2H-2-6A","Hydro Pumped Storage","11WD7VIAN2H-2-6A","24/04/2026 02:00 - 24/04/2026 03:00","0.00",""
"24/04/2026 00:00 - 25/04/2026 00:00","CTA|DE(Amprion)","Vianden 6","11WD7VIAN2H-2-6A","Hydro Pumped Storage","11WD7VIAN2H-2-6A","24/04/2026 03:00 - 24/04/2026 04:00","0.00",""
"24/04/2026 00:00 - 25/04/2026 00:00","CTA|DE(Amprion)","Vianden 6","11WD7VIAN2H-2-6A","Hydro Pumped Storage","11WD7VIAN2H-2-6A","24/04/2026 04:00 - 24/04/2026 05:00","64.20",""
"24/04/2026 00:00 - 25/04/2026 00:00","CTA|DE(Amprion)","Vianden 6","11WD7VIAN2H-2-6A","Hydro Pumped Storage","11WD7VIAN2H-2-6A","24/04/2026 05:00 - 24/04/2026 06:00","98.60",""
"24/04/2026 00:00 - 25/04/2026 00:00","CTA|DE(Amprion)","Vianden 6","11WD7VIAN2H-2-6A","Hydro Pumped Storage","11WD7VIAN2H-2-6A","24/04/2026 06:00 - 24/04/2026 07:00","98.47",""
"24/04/2026 00:00 - 25/04/2026 00:00","CTA|DE(Amprion)","Vianden 6","11WD7VIAN2H-2-6A","Hydro Pumped Storage","11WD7VIAN2H-2-6A","24/04/2026 07:00 - 24/04/2026 08:00","27.15",""
"24/04/2026 00:00 - 25/04/2026 00:00","CTA|DE(Amprion)","Vianden 6","11WD7VIAN2H-2-6A","Hydro Pumped Storage","11WD7VIAN2H-2-6A","24/04/2026 08:00 - 24/04/2026 09:00","0.00",""
"24/04/2026 00:00 - 25/04/2026 00:00","CTA|DE(Amprion)","Vianden 6","11WD7VIAN2H-2-6A","Hydro Pumped Storage","11WD7VIAN2H-2-6A","24/04/2026 09:00 - 24/04/2026 10:00","0.00",""
"24/04/2026 00:00 - 25/04/2026 00:00","CTA|DE(Amprion)","Vianden 6","11WD7VIAN2H-2-6A","Hydro Pumped Storage","11WD7VIAN2H-2-6A","24/04/2026 10:00 - 24/04/2026 11:00","0.00",""
"24/04/2026 00:00 - 25/04/2026 00:00","CTA|DE(Amprion)","Vianden 6","11WD7VIAN2H-2-6A","Hydro Pumped Storage","11WD7VIAN2H-2-6A","24/04/2026 11:00 - 24/04/2026 12:00","0.00",""
"24/04/2026 00:00 - 25/04/2026 00:00","CTA|DE(Amprion)","Vianden 6","11WD7VIAN2H-2-6A","Hydro Pumped Storage","11WD7VIAN2H-2-6A","24/04/2026 12:00 - 24/04/2026 13:00","0.40",""
"24/04/2026 00:00 - 25/04/2026 00:00","CTA|DE(Amprion)","Vianden 6","11WD7VIAN2H-2-6A","Hydro Pumped Storage","11WD7VIAN2H-2-6A","24/04/2026 13:00 - 24/04/2026 14:00","0.00",""
"24/04/2026 00:00 - 25/04/2026 00:00","CTA|DE(Amprion)","Vianden 6","11WD7VIAN2H-2-6A","Hydro Pumped Storage","11WD7VIAN2H-2-6A","24/04/2026 14:00 - 24/04/2026 15:00","0.00",""
"24/04/2026 00:00 - 25/04/2026 00:00","CTA|DE(Amprion)","Vianden 6","11WD7VIAN2H-2-6A","Hydro Pumped Storage","11WD7VIAN2H-2-6A","24/04/2026 15:00 - 24/04/2026 16:00","0.00",""
"24/04/2026 00:00 - 25/04/2026 00:00","CTA|DE(Amprion)","Vianden 6","11WD7VIAN2H-2-6A","Hydro Pumped Storage","11WD7VIAN2H-2-6A","24/04/2026 16:00 - 24/04/2026 17:00","0.00",""
"24/04/2026 00:00 - 25/04/2026 00:00","CTA|DE(Amprion)","Vianden 6","11WD7VIAN2H-2-6A","Hydro Pumped Storage","11WD7VIAN2H-2-6A","24/04/2026 17:00 - 24/04/2026 18:00","0.00",""
"24/04/2026 00:00 - 25/04/2026 00:00","CTA|DE(Amprion)","Vianden 6","11WD7VIAN2H-2-6A","Hydro Pumped Storage","11WD7VIAN2H-2-6A","24/04/2026 18:00 - 24/04/2026 19:00","0.00",""
"24/04/2026 00:00 - 25/04/2026 00:00","CTA|DE(Amprion)","Vianden 6","11WD7VIAN2H-2-6A","Hydro Pumped Storage","11WD7VIAN2H-2-6A","24/04/2026 19:00 - 24/04/2026 20:00","0.00",""
"24/04/2026 00:00 - 25/04/2026 00:00","CTA|DE(Amprion)","Vianden 6","11WD7VIAN2H-2-6A","Hydro Pumped Storage","11WD7VIAN2H-2-6A","24/04/2026 20:00 - 24/04/2026 21:00","72.28",""
"24/04/2026 00:00 - 25/04/2026 00:00","CTA|DE(Amprion)","Vianden 6","11WD7VIAN2H-2-6A","Hydro Pumped Storage","11WD7VIAN2H-2-6A","24/04/2026 21:00 - 24/04/2026 22:00","69.08",""
"24/04/2026 00:00 - 25/04/2026 00:00","CTA|DE(Amprion)","Vianden 6","11WD7VIAN2H-2-6A","Hydro Pumped Storage","11WD7VIAN2H-2-6A","24/04/2026 22:00 - 24/04/2026 23:00","57.98",""
"24/04/2026 00:00 - 25/04/2026 00:00","CTA|DE(Amprion)","Vianden 6","11WD7VIAN2H-2-6A","Hydro Pumped Storage","11WD7VIAN2H-2-6A","24/04/2026 23:00 - 25/04/2026 00:00","0.00",""
"24/04/2026 00:00 - 25/04/2026 00:00","CTA|DE(Amprion)","Vianden 7","11WD7VIAN2H-2-78","Hydro Pumped Storage","11WD7VIAN2H-2-78","24/04/2026 00:00 - 24/04/2026 01:00","0.00",""
"24/04/2026 00:00 - 25/04/2026 00:00","CTA|DE(Amprion)","Vianden 7","11WD7VIAN2H-2-78","Hydro Pumped Storage","11WD7VIAN2H-2-78","24/04/2026 01:00 - 24/04/2026 02:00","0.00",""
"24/04/2026 00:00 - 25/04/2026 00:00","CTA|DE(Amprion)","Vianden 7","11WD7VIAN2H-2-78","Hydro Pumped Storage","11WD7VIAN2H-2-78","24/04/2026 02:00 - 24/04/2026 03:00","0.00",""
"24/04/2026 00:00 - 25/04/2026 00:00","CTA|DE(Amprion)","Vianden 7","11WD7VIAN2H-2-78","Hydro Pumped Storage","11WD7VIAN2H-2-78","24/04/2026 03:00 - 24/04/2026 04:00","0.00",""
"24/04/2026 00:00 - 25/04/2026 00:00","CTA|DE(Amprion)","Vianden 7","11WD7VIAN2H-2-78","Hydro Pumped Storage","11WD7VIAN2H-2-78","24/04/2026 04:00 - 24/04/2026 05:00","85.00",""
"24/04/2026 00:00 - 25/04/2026 00:00","CTA|DE(Amprion)","Vianden 7","11WD7VIAN2H-2-78","Hydro Pumped Storage","11WD7VIAN2H-2-78","24/04/2026 05:00 - 24/04/2026 06:00","98.00",""
"24/04/2026 00:00 - 25/04/2026 00:00","CTA|DE(Amprion)","Vianden 7","11WD7VIAN2H-2-78","Hydro Pumped Storage","11WD7VIAN2H-2-78","24/04/2026 06:00 - 24/04/2026 07:00","97.45",""
"24/04/2026 00:00 - 25/04/2026 00:00","CTA|DE(Amprion)","Vianden 7","11WD7VIAN2H-2-78","Hydro Pumped Storage","11WD7VIAN2H-2-78","24/04/2026 07:00 - 24/04/2026 08:00","32.33",""
"24/04/2026 00:00 - 25/04/2026 00:00","CTA|DE(Amprion)","Vianden 7","11WD7VIAN2H-2-78","Hydro Pumped Storage","11WD7VIAN2H-2-78","24/04/2026 08:00 - 24/04/2026 09:00","0.00",""
"24/04/2026 00:00 - 25/04/2026 00:00","CTA|DE(Amprion)","Vianden 7","11WD7VIAN2H-2-78","Hydro Pumped Storage","11WD7VIAN2H-2-78","24/04/2026 09:00 - 24/04/2026 10:00","0.00",""
"24/04/2026 00:00 - 25/04/2026 00:00","CTA|DE(Amprion)","Vianden 7","11WD7VIAN2H-2-78","Hydro Pumped Storage","11WD7VIAN2H-2-78","24/04/2026 10:00 - 24/04/2026 11:00","0.00",""
"24/04/2026 00:00 - 25/04/2026 00:00","CTA|DE(Amprion)","Vianden 7","11WD7VIAN2H-2-78","Hydro Pumped Storage","11WD7VIAN2H-2-78","24/04/2026 11:00 - 24/04/2026 12:00","0.00",""
"24/04/2026 00:00 - 25/04/2026 00:00","CTA|DE(Amprion)","Vianden 7","11WD7VIAN2H-2-78","Hydro Pumped Storage","11WD7VIAN2H-2-78","24/04/2026 12:00 - 24/04/2026 13:00","0.55",""
"24/04/2026 00:00 - 25/04/2026 00:00","CTA|DE(Amprion)","Vianden 7","11WD7VIAN2H-2-78","Hydro Pumped Storage","11WD7VIAN2H-2-78","24/04/2026 13:00 - 24/04/2026 14:00","0.00",""
"24/04/2026 00:00 - 25/04/2026 00:00","CTA|DE(Amprion)","Vianden 7","11WD7VIAN2H-2-78","Hydro Pumped Storage","11WD7VIAN2H-2-78","24/04/2026 14:00 - 24/04/2026 15:00","0.00",""
"24/04/2026 00:00 - 25/04/2026 00:00","CTA|DE(Amprion)","Vianden 7","11WD7VIAN2H-2-78","Hydro Pumped Storage","11WD7VIAN2H-2-78","24/04/2026 15:00 - 24/04/2026 16:00","0.00",""
"24/04/2026 00:00 - 25/04/2026 00:00","CTA|DE(Amprion)","Vianden 7","11WD7VIAN2H-2-78","Hydro Pumped Storage","11WD7VIAN2H-2-78","24/04/2026 16:00 - 24/04/2026 17:00","0.00",""
"24/04/2026 00:00 - 25/04/2026 00:00","CTA|DE(Amprion)","Vianden 7","11WD7VIAN2H-2-78","Hydro Pumped Storage","11WD7VIAN2H-2-78","24/04/2026 17:00 - 24/04/2026 18:00","0.00",""
"24/04/2026 00:00 - 25/04/2026 00:00","CTA|DE(Amprion)","Vianden 7","11WD7VIAN2H-2-78","Hydro Pumped Storage","11WD7VIAN2H-2-78","24/04/2026 18:00 - 24/04/2026 19:00","0.00",""
"24/04/2026 00:00 - 25/04/2026 00:00","CTA|DE(Amprion)","Vianden 7","11WD7VIAN2H-2-78","Hydro Pumped Storage","11WD7VIAN2H-2-78","24/04/2026 19:00 - 24/04/2026 20:00","0.00",""
"24/04/2026 00:00 - 25/04/2026 00:00","CTA|DE(Amprion)","Vianden 7","11WD7VIAN2H-2-78","Hydro Pumped Storage","11WD7VIAN2H-2-78","24/04/2026 20:00 - 24/04/2026 21:00","57.70",""
"24/04/2026 00:00 - 25/04/2026 00:00","CTA|DE(Amprion)","Vianden 7","11WD7VIAN2H-2-78","Hydro Pumped Storage","11WD7VIAN2H-2-78","24/04/2026 21:00 - 24/04/2026 22:00","34.20",""
"24/04/2026 00:00 - 25/04/2026 00:00","CTA|DE(Amprion)","Vianden 7","11WD7VIAN2H-2-78","Hydro Pumped Storage","11WD7VIAN2H-2-78","24/04/2026 22:00 - 24/04/2026 23:00","54.35",""
"24/04/2026 00:00 - 25/04/2026 00:00","CTA|DE(Amprion)","Vianden 7","11WD7VIAN2H-2-78","Hydro Pumped Storage","11WD7VIAN2H-2-78","24/04/2026 23:00 - 25/04/2026 00:00","16.40",""
"24/04/2026 00:00 - 25/04/2026 00:00","CTA|DE(Amprion)","Vianden 8","11WD7VIAN2H-2-86","Hydro Pumped Storage","11WD7VIAN2H-2-86","24/04/2026 00:00 - 24/04/2026 01:00","0.00",""
"24/04/2026 00:00 - 25/04/2026 00:00","CTA|DE(Amprion)","Vianden 8","11WD7VIAN2H-2-86","Hydro Pumped Storage","11WD7VIAN2H-2-86","24/04/2026 01:00 - 24/04/2026 02:00","0.00",""
"24/04/2026 00:00 - 25/04/2026 00:00","CTA|DE(Amprion)","Vianden 8","11WD7VIAN2H-2-86","Hydro Pumped Storage","11WD7VIAN2H-2-86","24/04/2026 02:00 - 24/04/2026 03:00","0.00",""
"24/04/2026 00:00 - 25/04/2026 00:00","CTA|DE(Amprion)","Vianden 8","11WD7VIAN2H-2-86","Hydro Pumped Storage","11WD7VIAN2H-2-86","24/04/2026 03:00 - 24/04/2026 04:00","0.00",""
"24/04/2026 00:00 - 25/04/2026 00:00","CTA|DE(Amprion)","Vianden 8","11WD7VIAN2H-2-86","Hydro Pumped Storage","11WD7VIAN2H-2-86","24/04/2026 04:00 - 24/04/2026 05:00","87.17",""
"24/04/2026 00:00 - 25/04/2026 00:00","CTA|DE(Amprion)","Vianden 8","11WD7VIAN2H-2-86","Hydro Pumped Storage","11WD7VIAN2H-2-86","24/04/2026 05:00 - 24/04/2026 06:00","100.30",""
"24/04/2026 00:00 - 25/04/2026 00:00","CTA|DE(Amprion)","Vianden 8","11WD7VIAN2H-2-86","Hydro Pumped Storage","11WD7VIAN2H-2-86","24/04/2026 06:00 - 24/04/2026 07:00","97.83",""
"24/04/2026 00:00 - 25/04/2026 00:00","CTA|DE(Amprion)","Vianden 8","11WD7VIAN2H-2-86","Hydro Pumped Storage","11WD7VIAN2H-2-86","24/04/2026 07:00 - 24/04/2026 08:00","37.35",""
"24/04/2026 00:00 - 25/04/2026 00:00","CTA|DE(Amprion)","Vianden 8","11WD7VIAN2H-2-86","Hydro Pumped Storage","11WD7VIAN2H-2-86","24/04/2026 08:00 - 24/04/2026 09:00","0.00",""
"24/04/2026 00:00 - 25/04/2026 00:00","CTA|DE(Amprion)","Vianden 8","11WD7VIAN2H-2-86","Hydro Pumped Storage","11WD7VIAN2H-2-86","24/04/2026 09:00 - 24/04/2026 10:00","0.00",""
"24/04/2026 00:00 - 25/04/2026 00:00","CTA|DE(Amprion)","Vianden 8","11WD7VIAN2H-2-86","Hydro Pumped Storage","11WD7VIAN2H-2-86","24/04/2026 10:00 - 24/04/2026 11:00","0.00",""
"24/04/2026 00:00 - 25/04/2026 00:00","CTA|DE(Amprion)","Vianden 8","11WD7VIAN2H-2-86","Hydro Pumped Storage","11WD7VIAN2H-2-86","24/04/2026 11:00 - 24/04/2026 12:00","0.05",""
"24/04/2026 00:00 - 25/04/2026 00:00","CTA|DE(Amprion)","Vianden 8","11WD7VIAN2H-2-86","Hydro Pumped Storage","11WD7VIAN2H-2-86","24/04/2026 12:00 - 24/04/2026 13:00","0.65",""
"24/04/2026 00:00 - 25/04/2026 00:00","CTA|DE(Amprion)","Vianden 8","11WD7VIAN2H-2-86","Hydro Pumped Storage","11WD7VIAN2H-2-86","24/04/2026 13:00 - 24/04/2026 14:00","0.00",""
"24/04/2026 00:00 - 25/04/2026 00:00","CTA|DE(Amprion)","Vianden 8","11WD7VIAN2H-2-86","Hydro Pumped Storage","11WD7VIAN2H-2-86","24/04/2026 14:00 - 24/04/2026 15:00","0.00",""
"24/04/2026 00:00 - 25/04/2026 00:00","CTA|DE(Amprion)","Vianden 8","11WD7VIAN2H-2-86","Hydro Pumped Storage","11WD7VIAN2H-2-86","24/04/2026 15:00 - 24/04/2026 16:00","0.00",""
"24/04/2026 00:00 - 25/04/2026 00:00","CTA|DE(Amprion)","Vianden 8","11WD7VIAN2H-2-86","Hydro Pumped Storage","11WD7VIAN2H-2-86","24/04/2026 16:00 - 24/04/2026 17:00","0.00",""
"24/04/2026 00:00 - 25/04/2026 00:00","CTA|DE(Amprion)","Vianden 8","11WD7VIAN2H-2-86","Hydro Pumped Storage","11WD7VIAN2H-2-86","24/04/2026 17:00 - 24/04/2026 18:00","0.00",""
"24/04/2026 00:00 - 25/04/2026 00:00","CTA|DE(Amprion)","Vianden 8","11WD7VIAN2H-2-86","Hydro Pumped Storage","11WD7VIAN2H-2-86","24/04/2026 18:00 - 24/04/2026 19:00","0.00",""
"24/04/2026 00:00 - 25/04/2026 00:00","CTA|DE(Amprion)","Vianden 8","11WD7VIAN2H-2-86","Hydro Pumped Storage","11WD7VIAN2H-2-86","24/04/2026 19:00 - 24/04/2026 20:00","0.00",""
"24/04/2026 00:00 - 25/04/2026 00:00","CTA|DE(Amprion)","Vianden 8","11WD7VIAN2H-2-86","Hydro Pumped Storage","11WD7VIAN2H-2-86","24/04/2026 20:00 - 24/04/2026 21:00","74.53",""
"24/04/2026 00:00 - 25/04/2026 00:00","CTA|DE(Amprion)","Vianden 8","11WD7VIAN2H-2-86","Hydro Pumped Storage","11WD7VIAN2H-2-86","24/04/2026 21:00 - 24/04/2026 22:00","41.58",""
"24/04/2026 00:00 - 25/04/2026 00:00","CTA|DE(Amprion)","Vianden 8","11WD7VIAN2H-2-86","Hydro Pumped Storage","11WD7VIAN2H-2-86","24/04/2026 22:00 - 24/04/2026 23:00","50.08",""
"24/04/2026 00:00 - 25/04/2026 00:00","CTA|DE(Amprion)","Vianden 8","11WD7VIAN2H-2-86","Hydro Pumped Storage","11WD7VIAN2H-2-86","24/04/2026 23:00 - 25/04/2026 00:00","0.00",""
"24/04/2026 00:00 - 25/04/2026 00:00","CTA|DE(Amprion)","Vianden 9","11WD7VIAN2H-2-94","Hydro Pumped Storage","11WD7VIAN2H-2-94","24/04/2026 00:00 - 24/04/2026 01:00","0.00",""
"24/04/2026 00:00 - 25/04/2026 00:00","CTA|DE(Amprion)","Vianden 9","11WD7VIAN2H-2-94","Hydro Pumped Storage","11WD7VIAN2H-2-94","24/04/2026 01:00 - 24/04/2026 02:00","0.00",""
"24/04/2026 00:00 - 25/04/2026 00:00","CTA|DE(Amprion)","Vianden 9","11WD7VIAN2H-2-94","Hydro Pumped Storage","11WD7VIAN2H-2-94","24/04/2026 02:00 - 24/04/2026 03:00","0.00",""
"24/04/2026 00:00 - 25/04/2026 00:00","CTA|DE(Amprion)","Vianden 9","11WD7VIAN2H-2-94","Hydro Pumped Storage","11WD7VIAN2H-2-94","24/04/2026 03:00 - 24/04/2026 04:00","0.00",""
"24/04/2026 00:00 - 25/04/2026 00:00","CTA|DE(Amprion)","Vianden 9","11WD7VIAN2H-2-94","Hydro Pumped Storage","11WD7VIAN2H-2-94","24/04/2026 04:00 - 24/04/2026 05:00","64.83",""
"24/04/2026 00:00 - 25/04/2026 00:00","CTA|DE(Amprion)","Vianden 9","11WD7VIAN2H-2-94","Hydro Pumped Storage","11WD7VIAN2H-2-94","24/04/2026 05:00 - 24/04/2026 06:00","99.00",""
"24/04/2026 00:00 - 25/04/2026 00:00","CTA|DE(Amprion)","Vianden 9","11WD7VIAN2H-2-94","Hydro Pumped Storage","11WD7VIAN2H-2-94","24/04/2026 06:00 - 24/04/2026 07:00","98.45",""
"24/04/2026 00:00 - 25/04/2026 00:00","CTA|DE(Amprion)","Vianden 9","11WD7VIAN2H-2-94","Hydro Pumped Storage","11WD7VIAN2H-2-94","24/04/2026 07:00 - 24/04/2026 08:00","36.70",""
"24/04/2026 00:00 - 25/04/2026 00:00","CTA|DE(Amprion)","Vianden 9","11WD7VIAN2H-2-94","Hydro Pumped Storage","11WD7VIAN2H-2-94","24/04/2026 08:00 - 24/04/2026 09:00","0.00",""
"24/04/2026 00:00 - 25/04/2026 00:00","CTA|DE(Amprion)","Vianden 9","11WD7VIAN2H-2-94","Hydro Pumped Storage","11WD7VIAN2H-2-94","24/04/2026 09:00 - 24/04/2026 10:00","0.00",""
"24/04/2026 00:00 - 25/04/2026 00:00","CTA|DE(Amprion)","Vianden 9","11WD7VIAN2H-2-94","Hydro Pumped Storage","11WD7VIAN2H-2-94","24/04/2026 10:00 - 24/04/2026 11:00","0.00",""
"24/04/2026 00:00 - 25/04/2026 00:00","CTA|DE(Amprion)","Vianden 9","11WD7VIAN2H-2-94","Hydro Pumped Storage","11WD7VIAN2H-2-94","24/04/2026 11:00 - 24/04/2026 12:00","0.13",""
"24/04/2026 00:00 - 25/04/2026 00:00","CTA|DE(Amprion)","Vianden 9","11WD7VIAN2H-2-94","Hydro Pumped Storage","11WD7VIAN2H-2-94","24/04/2026 12:00 - 24/04/2026 13:00","0.90",""
"24/04/2026 00:00 - 25/04/2026 00:00","CTA|DE(Amprion)","Vianden 9","11WD7VIAN2H-2-94","Hydro Pumped Storage","11WD7VIAN2H-2-94","24/04/2026 13:00 - 24/04/2026 14:00","0.00",""
"24/04/2026 00:00 - 25/04/2026 00:00","CTA|DE(Amprion)","Vianden 9","11WD7VIAN2H-2-94","Hydro Pumped Storage","11WD7VIAN2H-2-94","24/04/2026 14:00 - 24/04/2026 15:00","0.00",""
"24/04/2026 00:00 - 25/04/2026 00:00","CTA|DE(Amprion)","Vianden 9","11WD7VIAN2H-2-94","Hydro Pumped Storage","11WD7VIAN2H-2-94","24/04/2026 15:00 - 24/04/2026 16:00","0.00",""
"24/04/2026 00:00 - 25/04/2026 00:00","CTA|DE(Amprion)","Vianden 9","11WD7VIAN2H-2-94","Hydro Pumped Storage","11WD7VIAN2H-2-94","24/04/2026 16:00 - 24/04/2026 17:00","0.00",""
"24/04/2026 00:00 - 25/04/2026 00:00","CTA|DE(Amprion)","Vianden 9","11WD7VIAN2H-2-94","Hydro Pumped Storage","11WD7VIAN2H-2-94","24/04/2026 17:00 - 24/04/2026 18:00","0.00",""
"24/04/2026 00:00 - 25/04/2026 00:00","CTA|DE(Amprion)","Vianden 9","11WD7VIAN2H-2-94","Hydro Pumped Storage","11WD7VIAN2H-2-94","24/04/2026 18:00 - 24/04/2026 19:00","0.00",""
"24/04/2026 00:00 - 25/04/2026 00:00","CTA|DE(Amprion)","Vianden 9","11WD7VIAN2H-2-94","Hydro Pumped Storage","11WD7VIAN2H-2-94","24/04/2026 19:00 - 24/04/2026 20:00","0.00",""
"24/04/2026 00:00 - 25/04/2026 00:00","CTA|DE(Amprion)","Vianden 9","11WD7VIAN2H-2-94","Hydro Pumped Storage","11WD7VIAN2H-2-94","24/04/2026 20:00 - 24/04/2026 21:00","73.42",""
"24/04/2026 00:00 - 25/04/2026 00:00","CTA|DE(Amprion)","Vianden 9","11WD7VIAN2H-2-94","Hydro Pumped Storage","11WD7VIAN2H-2-94","24/04/2026 21:00 - 24/04/2026 22:00","67.88",""
"24/04/2026 00:00 - 25/04/2026 00:00","CTA|DE(Amprion)","Vianden 9","11WD7VIAN2H-2-94","Hydro Pumped Storage","11WD7VIAN2H-2-94","24/04/2026 22:00 - 24/04/2026 23:00","61.98",""
"24/04/2026 00:00 - 25/04/2026 00:00","CTA|DE(Amprion)","Vianden 9","11WD7VIAN2H-2-94","Hydro Pumped Storage","11WD7VIAN2H-2-94","24/04/2026 23:00 - 25/04/2026 00:00","0.00",""
"24/04/2026 00:00 - 25/04/2026 00:00","CTA|DE(Amprion)","VOELKLINGEN_HKV","11WD7VOLK5S-HKVM","Fossil Hard coal","11WD7VOLK5S-HKVM","24/04/2026 00:00 - 24/04/2026 01:00","0.00",""
"24/04/2026 00:00 - 25/04/2026 00:00","CTA|DE(Amprion)","VOELKLINGEN_HKV","11WD7VOLK5S-HKVM","Fossil Hard coal","11WD7VOLK5S-HKVM","24/04/2026 01:00 - 24/04/2026 02:00","0.00",""
"24/04/2026 00:00 - 25/04/2026 00:00","CTA|DE(Amprion)","VOELKLINGEN_HKV","11WD7VOLK5S-HKVM","Fossil Hard coal","11WD7VOLK5S-HKVM","24/04/2026 02:00 - 24/04/2026 03:00","0.00",""
"24/04/2026 00:00 - 25/04/2026 00:00","CTA|DE(Amprion)","VOELKLINGEN_HKV","11WD7VOLK5S-HKVM","Fossil Hard coal","11WD7VOLK5S-HKVM","24/04/2026 03:00 - 24/04/2026 04:00","0.00",""
"24/04/2026 00:00 - 25/04/2026 00:00","CTA|DE(Amprion)","VOELKLINGEN_HKV","11WD7VOLK5S-HKVM","Fossil Hard coal","11WD7VOLK5S-HKVM","24/04/2026 04:00 - 24/04/2026 05:00","0.00",""
"24/04/2026 00:00 - 25/04/2026 00:00","CTA|DE(Amprion)","VOELKLINGEN_HKV","11WD7VOLK5S-HKVM","Fossil Hard coal","11WD7VOLK5S-HKVM","24/04/2026 05:00 - 24/04/2026 06:00","0.00",""
"24/04/2026 00:00 - 25/04/2026 00:00","CTA|DE(Amprion)","VOELKLINGEN_HKV","11WD7VOLK5S-HKVM","Fossil Hard coal","11WD7VOLK5S-HKVM","24/04/2026 06:00 - 24/04/2026 07:00","0.00",""
"24/04/2026 00:00 - 25/04/2026 00:00","CTA|DE(Amprion)","VOELKLINGEN_HKV","11WD7VOLK5S-HKVM","Fossil Hard coal","11WD7VOLK5S-HKVM","24/04/2026 07:00 - 24/04/2026 08:00","0.00",""
"24/04/2026 00:00 - 25/04/2026 00:00","CTA|DE(Amprion)","VOELKLINGEN_HKV","11WD7VOLK5S-HKVM","Fossil Hard coal","11WD7VOLK5S-HKVM","24/04/2026 08:00 - 24/04/2026 09:00","0.00",""
"24/04/2026 00:00 - 25/04/2026 00:00","CTA|DE(Amprion)","VOELKLINGEN_HKV","11WD7VOLK5S-HKVM","Fossil Hard coal","11WD7VOLK5S-HKVM","24/04/2026 09:00 - 24/04/2026 10:00","0.00",""
"24/04/2026 00:00 - 25/04/2026 00:00","CTA|DE(Amprion)","VOELKLINGEN_HKV","11WD7VOLK5S-HKVM","Fossil Hard coal","11WD7VOLK5S-HKVM","24/04/2026 10:00 - 24/04/2026 11:00","0.00",""
"24/04/2026 00:00 - 25/04/2026 00:00","CTA|DE(Amprion)","VOELKLINGEN_HKV","11WD7VOLK5S-HKVM","Fossil Hard coal","11WD7VOLK5S-HKVM","24/04/2026 11:00 - 24/04/2026 12:00","0.00",""
"24/04/2026 00:00 - 25/04/2026 00:00","CTA|DE(Amprion)","VOELKLINGEN_HKV","11WD7VOLK5S-HKVM","Fossil Hard coal","11WD7VOLK5S-HKVM","24/04/2026 12:00 - 24/04/2026 13:00","0.00",""
"24/04/2026 00:00 - 25/04/2026 00:00","CTA|DE(Amprion)","VOELKLINGEN_HKV","11WD7VOLK5S-HKVM","Fossil Hard coal","11WD7VOLK5S-HKVM","24/04/2026 13:00 - 24/04/2026 14:00","0.00",""
"24/04/2026 00:00 - 25/04/2026 00:00","CTA|DE(Amprion)","VOELKLINGEN_HKV","11WD7VOLK5S-HKVM","Fossil Hard coal","11WD7VOLK5S-HKVM","24/04/2026 14:00 - 24/04/2026 15:00","0.00",""
"24/04/2026 00:00 - 25/04/2026 00:00","CTA|DE(Amprion)","VOELKLINGEN_HKV","11WD7VOLK5S-HKVM","Fossil Hard coal","11WD7VOLK5S-HKVM","24/04/2026 15:00 - 24/04/2026 16:00","0.00",""
"24/04/2026 00:00 - 25/04/2026 00:00","CTA|DE(Amprion)","VOELKLINGEN_HKV","11WD7VOLK5S-HKVM","Fossil Hard coal","11WD7VOLK5S-HKVM","24/04/2026 16:00 - 24/04/2026 17:00","0.00",""
"24/04/2026 00:00 - 25/04/2026 00:00","CTA|DE(Amprion)","VOELKLINGEN_HKV","11WD7VOLK5S-HKVM","Fossil Hard coal","11WD7VOLK5S-HKVM","24/04/2026 17:00 - 24/04/2026 18:00","0.00",""
"24/04/2026 00:00 - 25/04/2026 00:00","CTA|DE(Amprion)","VOELKLINGEN_HKV","11WD7VOLK5S-HKVM","Fossil Hard coal","11WD7VOLK5S-HKVM","24/04/2026 18:00 - 24/04/2026 19:00","0.00",""
"24/04/2026 00:00 - 25/04/2026 00:00","CTA|DE(Amprion)","VOELKLINGEN_HKV","11WD7VOLK5S-HKVM","Fossil Hard coal","11WD7VOLK5S-HKVM","24/04/2026 19:00 - 24/04/2026 20:00","0.00",""
"24/04/2026 00:00 - 25/04/2026 00:00","CTA|DE(Amprion)","VOELKLINGEN_HKV","11WD7VOLK5S-HKVM","Fossil Hard coal","11WD7VOLK5S-HKVM","24/04/2026 20:00 - 24/04/2026 21:00","0.00",""
"24/04/2026 00:00 - 25/04/2026 00:00","CTA|DE(Amprion)","VOELKLINGEN_HKV","11WD7VOLK5S-HKVM","Fossil Hard coal","11WD7VOLK5S-HKVM","24/04/2026 21:00 - 24/04/2026 22:00","0.00",""
"24/04/2026 00:00 - 25/04/2026 00:00","CTA|DE(Amprion)","VOELKLINGEN_HKV","11WD7VOLK5S-HKVM","Fossil Hard coal","11WD7VOLK5S-HKVM","24/04/2026 22:00 - 24/04/2026 23:00","0.00",""
"24/04/2026 00:00 - 25/04/2026 00:00","CTA|DE(Amprion)","VOELKLINGEN_HKV","11WD7VOLK5S-HKVM","Fossil Hard coal","11WD7VOLK5S-HKVM","24/04/2026 23:00 - 25/04/2026 00:00","0.00",""
"24/04/2026 00:00 - 25/04/2026 00:00","CTA|DE(Amprion)","VOELKLINGEN_MKV","11WD7VOLK5S-MKV2","Fossil Hard coal","11WD7VOLK5S-MKV2","24/04/2026 00:00 - 24/04/2026 01:00","0.00",""
"24/04/2026 00:00 - 25/04/2026 00:00","CTA|DE(Amprion)","VOELKLINGEN_MKV","11WD7VOLK5S-MKV2","Fossil Hard coal","11WD7VOLK5S-MKV2","24/04/2026 01:00 - 24/04/2026 02:00","0.00",""
"24/04/2026 00:00 - 25/04/2026 00:00","CTA|DE(Amprion)","VOELKLINGEN_MKV","11WD7VOLK5S-MKV2","Fossil Hard coal","11WD7VOLK5S-MKV2","24/04/2026 02:00 - 24/04/2026 03:00","0.00",""
"24/04/2026 00:00 - 25/04/2026 00:00","CTA|DE(Amprion)","VOELKLINGEN_MKV","11WD7VOLK5S-MKV2","Fossil Hard coal","11WD7VOLK5S-MKV2","24/04/2026 03:00 - 24/04/2026 04:00","0.00",""
"24/04/2026 00:00 - 25/04/2026 00:00","CTA|DE(Amprion)","VOELKLINGEN_MKV","11WD7VOLK5S-MKV2","Fossil Hard coal","11WD7VOLK5S-MKV2","24/04/2026 04:00 - 24/04/2026 05:00","0.00",""
"24/04/2026 00:00 - 25/04/2026 00:00","CTA|DE(Amprion)","VOELKLINGEN_MKV","11WD7VOLK5S-MKV2","Fossil Hard coal","11WD7VOLK5S-MKV2","24/04/2026 05:00 - 24/04/2026 06:00","0.00",""
"24/04/2026 00:00 - 25/04/2026 00:00","CTA|DE(Amprion)","VOELKLINGEN_MKV","11WD7VOLK5S-MKV2","Fossil Hard coal","11WD7VOLK5S-MKV2","24/04/2026 06:00 - 24/04/2026 07:00","0.00",""
"24/04/2026 00:00 - 25/04/2026 00:00","CTA|DE(Amprion)","VOELKLINGEN_MKV","11WD7VOLK5S-MKV2","Fossil Hard coal","11WD7VOLK5S-MKV2","24/04/2026 07:00 - 24/04/2026 08:00","0.00",""
"24/04/2026 00:00 - 25/04/2026 00:00","CTA|DE(Amprion)","VOELKLINGEN_MKV","11WD7VOLK5S-MKV2","Fossil Hard coal","11WD7VOLK5S-MKV2","24/04/2026 08:00 - 24/04/2026 09:00","0.00",""
"24/04/2026 00:00 - 25/04/2026 00:00","CTA|DE(Amprion)","VOELKLINGEN_MKV","11WD7VOLK5S-MKV2","Fossil Hard coal","11WD7VOLK5S-MKV2","24/04/2026 09:00 - 24/04/2026 10:00","0.00",""
"24/04/2026 00:00 - 25/04/2026 00:00","CTA|DE(Amprion)","VOELKLINGEN_MKV","11WD7VOLK5S-MKV2","Fossil Hard coal","11WD7VOLK5S-MKV2","24/04/2026 10:00 - 24/04/2026 11:00","0.00",""
"24/04/2026 00:00 - 25/04/2026 00:00","CTA|DE(Amprion)","VOELKLINGEN_MKV","11WD7VOLK5S-MKV2","Fossil Hard coal","11WD7VOLK5S-MKV2","24/04/2026 11:00 - 24/04/2026 12:00","0.00",""
"24/04/2026 00:00 - 25/04/2026 00:00","CTA|DE(Amprion)","VOELKLINGEN_MKV","11WD7VOLK5S-MKV2","Fossil Hard coal","11WD7VOLK5S-MKV2","24/04/2026 12:00 - 24/04/2026 13:00","0.00",""
"24/04/2026 00:00 - 25/04/2026 00:00","CTA|DE(Amprion)","VOELKLINGEN_MKV","11WD7VOLK5S-MKV2","Fossil Hard coal","11WD7VOLK5S-MKV2","24/04/2026 13:00 - 24/04/2026 14:00","0.00",""
"24/04/2026 00:00 - 25/04/2026 00:00","CTA|DE(Amprion)","VOELKLINGEN_MKV","11WD7VOLK5S-MKV2","Fossil Hard coal","11WD7VOLK5S-MKV2","24/04/2026 14:00 - 24/04/2026 15:00","0.00",""
"24/04/2026 00:00 - 25/04/2026 00:00","CTA|DE(Amprion)","VOELKLINGEN_MKV","11WD7VOLK5S-MKV2","Fossil Hard coal","11WD7VOLK5S-MKV2","24/04/2026 15:00 - 24/04/2026 16:00","0.00",""
"24/04/2026 00:00 - 25/04/2026 00:00","CTA|DE(Amprion)","VOELKLINGEN_MKV","11WD7VOLK5S-MKV2","Fossil Hard coal","11WD7VOLK5S-MKV2","24/04/2026 16:00 - 24/04/2026 17:00","0.00",""
"24/04/2026 00:00 - 25/04/2026 00:00","CTA|DE(Amprion)","VOELKLINGEN_MKV","11WD7VOLK5S-MKV2","Fossil Hard coal","11WD7VOLK5S-MKV2","24/04/2026 17:00 - 24/04/2026 18:00","0.00",""
"24/04/2026 00:00 - 25/04/2026 00:00","CTA|DE(Amprion)","VOELKLINGEN_MKV","11WD7VOLK5S-MKV2","Fossil Hard coal","11WD7VOLK5S-MKV2","24/04/2026 18:00 - 24/04/2026 19:00","0.00",""
"24/04/2026 00:00 - 25/04/2026 00:00","CTA|DE(Amprion)","VOELKLINGEN_MKV","11WD7VOLK5S-MKV2","Fossil Hard coal","11WD7VOLK5S-MKV2","24/04/2026 19:00 - 24/04/2026 20:00","0.00",""
"24/04/2026 00:00 - 25/04/2026 00:00","CTA|DE(Amprion)","VOELKLINGEN_MKV","11WD7VOLK5S-MKV2","Fossil Hard coal","11WD7VOLK5S-MKV2","24/04/2026 20:00 - 24/04/2026 21:00","0.00",""
"24/04/2026 00:00 - 25/04/2026 00:00","CTA|DE(Amprion)","VOELKLINGEN_MKV","11WD7VOLK5S-MKV2","Fossil Hard coal","11WD7VOLK5S-MKV2","24/04/2026 21:00 - 24/04/2026 22:00","0.00",""
"24/04/2026 00:00 - 25/04/2026 00:00","CTA|DE(Amprion)","VOELKLINGEN_MKV","11WD7VOLK5S-MKV2","Fossil Hard coal","11WD7VOLK5S-MKV2","24/04/2026 22:00 - 24/04/2026 23:00","0.00",""
"24/04/2026 00:00 - 25/04/2026 00:00","CTA|DE(Amprion)","VOELKLINGEN_MKV","11WD7VOLK5S-MKV2","Fossil Hard coal","11WD7VOLK5S-MKV2","24/04/2026 23:00 - 25/04/2026 00:00","0.00",""
"24/04/2026 00:00 - 25/04/2026 00:00","CTA|DE(Amprion)","WALSUM_10","11WD7WALS1S--10A","Fossil Hard coal","11WD7WALS1S--10A","24/04/2026 00:00 - 24/04/2026 00:15","678.30",""
"24/04/2026 00:00 - 25/04/2026 00:00","CTA|DE(Amprion)","WALSUM_10","11WD7WALS1S--10A","Fossil Hard coal","11WD7WALS1S--10A","24/04/2026 00:15 - 24/04/2026 00:30","685.60",""
"24/04/2026 00:00 - 25/04/2026 00:00","CTA|DE(Amprion)","WALSUM_10","11WD7WALS1S--10A","Fossil Hard coal","11WD7WALS1S--10A","24/04/2026 00:30 - 24/04/2026 00:45","691.40",""
"24/04/2026 00:00 - 25/04/2026 00:00","CTA|DE(Amprion)","WALSUM_10","11WD7WALS1S--10A","Fossil Hard coal","11WD7WALS1S--10A","24/04/2026 00:45 - 24/04/2026 01:00","689.10",""
"24/04/2026 00:00 - 25/04/2026 00:00","CTA|DE(Amprion)","WALSUM_10","11WD7WALS1S--10A","Fossil Hard coal","11WD7WALS1S--10A","24/04/2026 01:00 - 24/04/2026 01:15","672.00",""
"24/04/2026 00:00 - 25/04/2026 00:00","CTA|DE(Amprion)","WALSUM_10","11WD7WALS1S--10A","Fossil Hard coal","11WD7WALS1S--10A","24/04/2026 01:15 - 24/04/2026 01:30","674.50",""
"24/04/2026 00:00 - 25/04/2026 00:00","CTA|DE(Amprion)","WALSUM_10","11WD7WALS1S--10A","Fossil Hard coal","11WD7WALS1S--10A","24/04/2026 01:30 - 24/04/2026 01:45","673.70",""
"24/04/2026 00:00 - 25/04/2026 00:00","CTA|DE(Amprion)","WALSUM_10","11WD7WALS1S--10A","Fossil Hard coal","11WD7WALS1S--10A","24/04/2026 01:45 - 24/04/2026 02:00","674.10",""
"24/04/2026 00:00 - 25/04/2026 00:00","CTA|DE(Amprion)","WALSUM_10","11WD7WALS1S--10A","Fossil Hard coal","11WD7WALS1S--10A","24/04/2026 02:00 - 24/04/2026 02:15","672.80",""
"24/04/2026 00:00 - 25/04/2026 00:00","CTA|DE(Amprion)","WALSUM_10","11WD7WALS1S--10A","Fossil Hard coal","11WD7WALS1S--10A","24/04/2026 02:15 - 24/04/2026 02:30","668.20",""
"24/04/2026 00:00 - 25/04/2026 00:00","CTA|DE(Amprion)","WALSUM_10","11WD7WALS1S--10A","Fossil Hard coal","11WD7WALS1S--10A","24/04/2026 02:30 - 24/04/2026 02:45","672.20",""
"24/04/2026 00:00 - 25/04/2026 00:00","CTA|DE(Amprion)","WALSUM_10","11WD7WALS1S--10A","Fossil Hard coal","11WD7WALS1S--10A","24/04/2026 02:45 - 24/04/2026 03:00","672.20",""
"24/04/2026 00:00 - 25/04/2026 00:00","CTA|DE(Amprion)","WALSUM_10","11WD7WALS1S--10A","Fossil Hard coal","11WD7WALS1S--10A","24/04/2026 03:00 - 24/04/2026 03:15","644.70",""
"24/04/2026 00:00 - 25/04/2026 00:00","CTA|DE(Amprion)","WALSUM_10","11WD7WALS1S--10A","Fossil Hard coal","11WD7WALS1S--10A","24/04/2026 03:15 - 24/04/2026 03:30","640.50",""
"24/04/2026 00:00 - 25/04/2026 00:00","CTA|DE(Amprion)","WALSUM_10","11WD7WALS1S--10A","Fossil Hard coal","11WD7WALS1S--10A","24/04/2026 03:30 - 24/04/2026 03:45","636.70",""
"24/04/2026 00:00 - 25/04/2026 00:00","CTA|DE(Amprion)","WALSUM_10","11WD7WALS1S--10A","Fossil Hard coal","11WD7WALS1S--10A","24/04/2026 03:45 - 24/04/2026 04:00","638.00",""
"24/04/2026 00:00 - 25/04/2026 00:00","CTA|DE(Amprion)","WALSUM_10","11WD7WALS1S--10A","Fossil Hard coal","11WD7WALS1S--10A","24/04/2026 04:00 - 24/04/2026 04:15","665.10",""
"24/04/2026 00:00 - 25/04/2026 00:00","CTA|DE(Amprion)","WALSUM_10","11WD7WALS1S--10A","Fossil Hard coal","11WD7WALS1S--10A","24/04/2026 04:15 - 24/04/2026 04:30","668.70",""
"24/04/2026 00:00 - 25/04/2026 00:00","CTA|DE(Amprion)","WALSUM_10","11WD7WALS1S--10A","Fossil Hard coal","11WD7WALS1S--10A","24/04/2026 04:30 - 24/04/2026 04:45","669.90",""
"24/04/2026 00:00 - 25/04/2026 00:00","CTA|DE(Amprion)","WALSUM_10","11WD7WALS1S--10A","Fossil Hard coal","11WD7WALS1S--10A","24/04/2026 04:45 - 24/04/2026 05:00","669.10",""
"24/04/2026 00:00 - 25/04/2026 00:00","CTA|DE(Amprion)","WALSUM_10","11WD7WALS1S--10A","Fossil Hard coal","11WD7WALS1S--10A","24/04/2026 05:00 - 24/04/2026 05:15","635.50",""
"24/04/2026 00:00 - 25/04/2026 00:00","CTA|DE(Amprion)","WALSUM_10","11WD7WALS1S--10A","Fossil Hard coal","11WD7WALS1S--10A","24/04/2026 05:15 - 24/04/2026 05:30","628.80",""
"24/04/2026 00:00 - 25/04/2026 00:00","CTA|DE(Amprion)","WALSUM_10","11WD7WALS1S--10A","Fossil Hard coal","11WD7WALS1S--10A","24/04/2026 05:30 - 24/04/2026 05:45","631.10",""
"24/04/2026 00:00 - 25/04/2026 00:00","CTA|DE(Amprion)","WALSUM_10","11WD7WALS1S--10A","Fossil Hard coal","11WD7WALS1S--10A","24/04/2026 05:45 - 24/04/2026 06:00","644.20",""
"24/04/2026 00:00 - 25/04/2026 00:00","CTA|DE(Amprion)","WALSUM_10","11WD7WALS1S--10A","Fossil Hard coal","11WD7WALS1S--10A","24/04/2026 06:00 - 24/04/2026 06:15","682.60",""
"24/04/2026 00:00 - 25/04/2026 00:00","CTA|DE(Amprion)","WALSUM_10","11WD7WALS1S--10A","Fossil Hard coal","11WD7WALS1S--10A","24/04/2026 06:15 - 24/04/2026 06:30","689.50",""
"24/04/2026 00:00 - 25/04/2026 00:00","CTA|DE(Amprion)","WALSUM_10","11WD7WALS1S--10A","Fossil Hard coal","11WD7WALS1S--10A","24/04/2026 06:30 - 24/04/2026 06:45","690.60",""
"24/04/2026 00:00 - 25/04/2026 00:00","CTA|DE(Amprion)","WALSUM_10","11WD7WALS1S--10A","Fossil Hard coal","11WD7WALS1S--10A","24/04/2026 06:45 - 24/04/2026 07:00","586.80",""
"24/04/2026 00:00 - 25/04/2026 00:00","CTA|DE(Amprion)","WALSUM_10","11WD7WALS1S--10A","Fossil Hard coal","11WD7WALS1S--10A","24/04/2026 07:00 - 24/04/2026 07:15","464.80",""
"24/04/2026 00:00 - 25/04/2026 00:00","CTA|DE(Amprion)","WALSUM_10","11WD7WALS1S--10A","Fossil Hard coal","11WD7WALS1S--10A","24/04/2026 07:15 - 24/04/2026 07:30","422.80",""
"24/04/2026 00:00 - 25/04/2026 00:00","CTA|DE(Amprion)","WALSUM_10","11WD7WALS1S--10A","Fossil Hard coal","11WD7WALS1S--10A","24/04/2026 07:30 - 24/04/2026 07:45","404.20",""
"24/04/2026 00:00 - 25/04/2026 00:00","CTA|DE(Amprion)","WALSUM_10","11WD7WALS1S--10A","Fossil Hard coal","11WD7WALS1S--10A","24/04/2026 07:45 - 24/04/2026 08:00","447.90",""
"24/04/2026 00:00 - 25/04/2026 00:00","CTA|DE(Amprion)","WALSUM_10","11WD7WALS1S--10A","Fossil Hard coal","11WD7WALS1S--10A","24/04/2026 08:00 - 24/04/2026 08:15","516.30",""
"24/04/2026 00:00 - 25/04/2026 00:00","CTA|DE(Amprion)","WALSUM_10","11WD7WALS1S--10A","Fossil Hard coal","11WD7WALS1S--10A","24/04/2026 08:15 - 24/04/2026 08:30","444.30",""
"24/04/2026 00:00 - 25/04/2026 00:00","CTA|DE(Amprion)","WALSUM_10","11WD7WALS1S--10A","Fossil Hard coal","11WD7WALS1S--10A","24/04/2026 08:30 - 24/04/2026 08:45","328.30",""
"24/04/2026 00:00 - 25/04/2026 00:00","CTA|DE(Amprion)","WALSUM_10","11WD7WALS1S--10A","Fossil Hard coal","11WD7WALS1S--10A","24/04/2026 08:45 - 24/04/2026 09:00","305.70",""
"24/04/2026 00:00 - 25/04/2026 00:00","CTA|DE(Amprion)","WALSUM_10","11WD7WALS1S--10A","Fossil Hard coal","11WD7WALS1S--10A","24/04/2026 09:00 - 24/04/2026 09:15","264.20",""
"24/04/2026 00:00 - 25/04/2026 00:00","CTA|DE(Amprion)","WALSUM_10","11WD7WALS1S--10A","Fossil Hard coal","11WD7WALS1S--10A","24/04/2026 09:15 - 24/04/2026 09:30","0.00",""
"24/04/2026 00:00 - 25/04/2026 00:00","CTA|DE(Amprion)","WALSUM_10","11WD7WALS1S--10A","Fossil Hard coal","11WD7WALS1S--10A","24/04/2026 09:30 - 24/04/2026 09:45","0.00",""
"24/04/2026 00:00 - 25/04/2026 00:00","CTA|DE(Amprion)","WALSUM_10","11WD7WALS1S--10A","Fossil Hard coal","11WD7WALS1S--10A","24/04/2026 09:45 - 24/04/2026 10:00","0.00",""
"24/04/2026 00:00 - 25/04/2026 00:00","CTA|DE(Amprion)","WALSUM_10","11WD7WALS1S--10A","Fossil Hard coal","11WD7WALS1S--10A","24/04/2026 10:00 - 24/04/2026 10:15","0.00",""
"24/04/2026 00:00 - 25/04/2026 00:00","CTA|DE(Amprion)","WALSUM_10","11WD7WALS1S--10A","Fossil Hard coal","11WD7WALS1S--10A","24/04/2026 10:15 - 24/04/2026 10:30","0.00",""
"24/04/2026 00:00 - 25/04/2026 00:00","CTA|DE(Amprion)","WALSUM_10","11WD7WALS1S--10A","Fossil Hard coal","11WD7WALS1S--10A","24/04/2026 10:30 - 24/04/2026 10:45","0.00",""
"24/04/2026 00:00 - 25/04/2026 00:00","CTA|DE(Amprion)","WALSUM_10","11WD7WALS1S--10A","Fossil Hard coal","11WD7WALS1S--10A","24/04/2026 10:45 - 24/04/2026 11:00","0.00",""
"24/04/2026 00:00 - 25/04/2026 00:00","CTA|DE(Amprion)","WALSUM_10","11WD7WALS1S--10A","Fossil Hard coal","11WD7WALS1S--10A","24/04/2026 11:00 - 24/04/2026 11:15","0.00",""
"24/04/2026 00:00 - 25/04/2026 00:00","CTA|DE(Amprion)","WALSUM_10","11WD7WALS1S--10A","Fossil Hard coal","11WD7WALS1S--10A","24/04/2026 11:15 - 24/04/2026 11:30","0.00",""
"24/04/2026 00:00 - 25/04/2026 00:00","CTA|DE(Amprion)","WALSUM_10","11WD7WALS1S--10A","Fossil Hard coal","11WD7WALS1S--10A","24/04/2026 11:30 - 24/04/2026 11:45","0.00",""
"24/04/2026 00:00 - 25/04/2026 00:00","CTA|DE(Amprion)","WALSUM_10","11WD7WALS1S--10A","Fossil Hard coal","11WD7WALS1S--10A","24/04/2026 11:45 - 24/04/2026 12:00","0.00",""
"24/04/2026 00:00 - 25/04/2026 00:00","CTA|DE(Amprion)","WALSUM_10","11WD7WALS1S--10A","Fossil Hard coal","11WD7WALS1S--10A","24/04/2026 12:00 - 24/04/2026 12:15","0.00",""
"24/04/2026 00:00 - 25/04/2026 00:00","CTA|DE(Amprion)","WALSUM_10","11WD7WALS1S--10A","Fossil Hard coal","11WD7WALS1S--10A","24/04/2026 12:15 - 24/04/2026 12:30","0.00",""
"24/04/2026 00:00 - 25/04/2026 00:00","CTA|DE(Amprion)","WALSUM_10","11WD7WALS1S--10A","Fossil Hard coal","11WD7WALS1S--10A","24/04/2026 12:30 - 24/04/2026 12:45","0.00",""
"24/04/2026 00:00 - 25/04/2026 00:00","CTA|DE(Amprion)","WALSUM_10","11WD7WALS1S--10A","Fossil Hard coal","11WD7WALS1S--10A","24/04/2026 12:45 - 24/04/2026 13:00","0.00",""
"24/04/2026 00:00 - 25/04/2026 00:00","CTA|DE(Amprion)","WALSUM_10","11WD7WALS1S--10A","Fossil Hard coal","11WD7WALS1S--10A","24/04/2026 13:00 - 24/04/2026 13:15","0.00",""
"24/04/2026 00:00 - 25/04/2026 00:00","CTA|DE(Amprion)","WALSUM_10","11WD7WALS1S--10A","Fossil Hard coal","11WD7WALS1S--10A","24/04/2026 13:15 - 24/04/2026 13:30","0.00",""
"24/04/2026 00:00 - 25/04/2026 00:00","CTA|DE(Amprion)","WALSUM_10","11WD7WALS1S--10A","Fossil Hard coal","11WD7WALS1S--10A","24/04/2026 13:30 - 24/04/2026 13:45","0.00",""
"24/04/2026 00:00 - 25/04/2026 00:00","CTA|DE(Amprion)","WALSUM_10","11WD7WALS1S--10A","Fossil Hard coal","11WD7WALS1S--10A","24/04/2026 13:45 - 24/04/2026 14:00","0.00",""
"24/04/2026 00:00 - 25/04/2026 00:00","CTA|DE(Amprion)","WALSUM_10","11WD7WALS1S--10A","Fossil Hard coal","11WD7WALS1S--10A","24/04/2026 14:00 - 24/04/2026 14:15","0.00",""
"24/04/2026 00:00 - 25/04/2026 00:00","CTA|DE(Amprion)","WALSUM_10","11WD7WALS1S--10A","Fossil Hard coal","11WD7WALS1S--10A","24/04/2026 14:15 - 24/04/2026 14:30","0.00",""
"24/04/2026 00:00 - 25/04/2026 00:00","CTA|DE(Amprion)","WALSUM_10","11WD7WALS1S--10A","Fossil Hard coal","11WD7WALS1S--10A","24/04/2026 14:30 - 24/04/2026 14:45","0.00",""
"24/04/2026 00:00 - 25/04/2026 00:00","CTA|DE(Amprion)","WALSUM_10","11WD7WALS1S--10A","Fossil Hard coal","11WD7WALS1S--10A","24/04/2026 14:45 - 24/04/2026 15:00","0.00",""
"24/04/2026 00:00 - 25/04/2026 00:00","CTA|DE(Amprion)","WALSUM_10","11WD7WALS1S--10A","Fossil Hard coal","11WD7WALS1S--10A","24/04/2026 15:00 - 24/04/2026 15:15","0.00",""
"24/04/2026 00:00 - 25/04/2026 00:00","CTA|DE(Amprion)","WALSUM_10","11WD7WALS1S--10A","Fossil Hard coal","11WD7WALS1S--10A","24/04/2026 15:15 - 24/04/2026 15:30","0.00",""
"24/04/2026 00:00 - 25/04/2026 00:00","CTA|DE(Amprion)","WALSUM_10","11WD7WALS1S--10A","Fossil Hard coal","11WD7WALS1S--10A","24/04/2026 15:30 - 24/04/2026 15:45","0.00",""
"24/04/2026 00:00 - 25/04/2026 00:00","CTA|DE(Amprion)","WALSUM_10","11WD7WALS1S--10A","Fossil Hard coal","11WD7WALS1S--10A","24/04/2026 15:45 - 24/04/2026 16:00","0.00",""
"24/04/2026 00:00 - 25/04/2026 00:00","CTA|DE(Amprion)","WALSUM_10","11WD7WALS1S--10A","Fossil Hard coal","11WD7WALS1S--10A","24/04/2026 16:00 - 24/04/2026 16:15","0.00",""
"24/04/2026 00:00 - 25/04/2026 00:00","CTA|DE(Amprion)","WALSUM_10","11WD7WALS1S--10A","Fossil Hard coal","11WD7WALS1S--10A","24/04/2026 16:15 - 24/04/2026 16:30","0.00",""
"24/04/2026 00:00 - 25/04/2026 00:00","CTA|DE(Amprion)","WALSUM_10","11WD7WALS1S--10A","Fossil Hard coal","11WD7WALS1S--10A","24/04/2026 16:30 - 24/04/2026 16:45","0.00",""
"24/04/2026 00:00 - 25/04/2026 00:00","CTA|DE(Amprion)","WALSUM_10","11WD7WALS1S--10A","Fossil Hard coal","11WD7WALS1S--10A","24/04/2026 16:45 - 24/04/2026 17:00","0.00",""
"24/04/2026 00:00 - 25/04/2026 00:00","CTA|DE(Amprion)","WALSUM_10","11WD7WALS1S--10A","Fossil Hard coal","11WD7WALS1S--10A","24/04/2026 17:00 - 24/04/2026 17:15","0.00",""
"24/04/2026 00:00 - 25/04/2026 00:00","CTA|DE(Amprion)","WALSUM_10","11WD7WALS1S--10A","Fossil Hard coal","11WD7WALS1S--10A","24/04/2026 17:15 - 24/04/2026 17:30","0.00",""
"24/04/2026 00:00 - 25/04/2026 00:00","CTA|DE(Amprion)","WALSUM_10","11WD7WALS1S--10A","Fossil Hard coal","11WD7WALS1S--10A","24/04/2026 17:30 - 24/04/2026 17:45","0.00",""
"24/04/2026 00:00 - 25/04/2026 00:00","CTA|DE(Amprion)","WALSUM_10","11WD7WALS1S--10A","Fossil Hard coal","11WD7WALS1S--10A","24/04/2026 17:45 - 24/04/2026 18:00","169.00",""
"24/04/2026 00:00 - 25/04/2026 00:00","CTA|DE(Amprion)","WALSUM_10","11WD7WALS1S--10A","Fossil Hard coal","11WD7WALS1S--10A","24/04/2026 18:00 - 24/04/2026 18:15","277.80",""
"24/04/2026 00:00 - 25/04/2026 00:00","CTA|DE(Amprion)","WALSUM_10","11WD7WALS1S--10A","Fossil Hard coal","11WD7WALS1S--10A","24/04/2026 18:15 - 24/04/2026 18:30","353.90",""
"24/04/2026 00:00 - 25/04/2026 00:00","CTA|DE(Amprion)","WALSUM_10","11WD7WALS1S--10A","Fossil Hard coal","11WD7WALS1S--10A","24/04/2026 18:30 - 24/04/2026 18:45","458.50",""
"24/04/2026 00:00 - 25/04/2026 00:00","CTA|DE(Amprion)","WALSUM_10","11WD7WALS1S--10A","Fossil Hard coal","11WD7WALS1S--10A","24/04/2026 18:45 - 24/04/2026 19:00","581.20",""
"24/04/2026 00:00 - 25/04/2026 00:00","CTA|DE(Amprion)","WALSUM_10","11WD7WALS1S--10A","Fossil Hard coal","11WD7WALS1S--10A","24/04/2026 19:00 - 24/04/2026 19:15","665.10",""
"24/04/2026 00:00 - 25/04/2026 00:00","CTA|DE(Amprion)","WALSUM_10","11WD7WALS1S--10A","Fossil Hard coal","11WD7WALS1S--10A","24/04/2026 19:15 - 24/04/2026 19:30","687.70",""
"24/04/2026 00:00 - 25/04/2026 00:00","CTA|DE(Amprion)","WALSUM_10","11WD7WALS1S--10A","Fossil Hard coal","11WD7WALS1S--10A","24/04/2026 19:30 - 24/04/2026 19:45","681.60",""
"24/04/2026 00:00 - 25/04/2026 00:00","CTA|DE(Amprion)","WALSUM_10","11WD7WALS1S--10A","Fossil Hard coal","11WD7WALS1S--10A","24/04/2026 19:45 - 24/04/2026 20:00","683.50",""
"24/04/2026 00:00 - 25/04/2026 00:00","CTA|DE(Amprion)","WALSUM_10","11WD7WALS1S--10A","Fossil Hard coal","11WD7WALS1S--10A","24/04/2026 20:00 - 24/04/2026 20:15","687.40",""
"24/04/2026 00:00 - 25/04/2026 00:00","CTA|DE(Amprion)","WALSUM_10","11WD7WALS1S--10A","Fossil Hard coal","11WD7WALS1S--10A","24/04/2026 20:15 - 24/04/2026 20:30","692.90",""
"24/04/2026 00:00 - 25/04/2026 00:00","CTA|DE(Amprion)","WALSUM_10","11WD7WALS1S--10A","Fossil Hard coal","11WD7WALS1S--10A","24/04/2026 20:30 - 24/04/2026 20:45","690.80",""
"24/04/2026 00:00 - 25/04/2026 00:00","CTA|DE(Amprion)","WALSUM_10","11WD7WALS1S--10A","Fossil Hard coal","11WD7WALS1S--10A","24/04/2026 20:45 - 24/04/2026 21:00","690.60",""
"24/04/2026 00:00 - 25/04/2026 00:00","CTA|DE(Amprion)","WALSUM_10","11WD7WALS1S--10A","Fossil Hard coal","11WD7WALS1S--10A","24/04/2026 21:00 - 24/04/2026 21:15","691.60",""
"24/04/2026 00:00 - 25/04/2026 00:00","CTA|DE(Amprion)","WALSUM_10","11WD7WALS1S--10A","Fossil Hard coal","11WD7WALS1S--10A","24/04/2026 21:15 - 24/04/2026 21:30","689.70",""
"24/04/2026 00:00 - 25/04/2026 00:00","CTA|DE(Amprion)","WALSUM_10","11WD7WALS1S--10A","Fossil Hard coal","11WD7WALS1S--10A","24/04/2026 21:30 - 24/04/2026 21:45","693.10",""
"24/04/2026 00:00 - 25/04/2026 00:00","CTA|DE(Amprion)","WALSUM_10","11WD7WALS1S--10A","Fossil Hard coal","11WD7WALS1S--10A","24/04/2026 21:45 - 24/04/2026 22:00","692.20",""
"24/04/2026 00:00 - 25/04/2026 00:00","CTA|DE(Amprion)","WALSUM_10","11WD7WALS1S--10A","Fossil Hard coal","11WD7WALS1S--10A","24/04/2026 22:00 - 24/04/2026 22:15","691.40",""
"24/04/2026 00:00 - 25/04/2026 00:00","CTA|DE(Amprion)","WALSUM_10","11WD7WALS1S--10A","Fossil Hard coal","11WD7WALS1S--10A","24/04/2026 22:15 - 24/04/2026 22:30","694.10",""
"24/04/2026 00:00 - 25/04/2026 00:00","CTA|DE(Amprion)","WALSUM_10","11WD7WALS1S--10A","Fossil Hard coal","11WD7WALS1S--10A","24/04/2026 22:30 - 24/04/2026 22:45","689.10",""
"24/04/2026 00:00 - 25/04/2026 00:00","CTA|DE(Amprion)","WALSUM_10","11WD7WALS1S--10A","Fossil Hard coal","11WD7WALS1S--10A","24/04/2026 22:45 - 24/04/2026 23:00","690.00",""
"24/04/2026 00:00 - 25/04/2026 00:00","CTA|DE(Amprion)","WALSUM_10","11WD7WALS1S--10A","Fossil Hard coal","11WD7WALS1S--10A","24/04/2026 23:00 - 24/04/2026 23:15","689.90",""
"24/04/2026 00:00 - 25/04/2026 00:00","CTA|DE(Amprion)","WALSUM_10","11WD7WALS1S--10A","Fossil Hard coal","11WD7WALS1S--10A","24/04/2026 23:15 - 24/04/2026 23:30","690.60",""
"24/04/2026 00:00 - 25/04/2026 00:00","CTA|DE(Amprion)","WALSUM_10","11WD7WALS1S--10A","Fossil Hard coal","11WD7WALS1S--10A","24/04/2026 23:30 - 24/04/2026 23:45","692.00",""
"24/04/2026 00:00 - 25/04/2026 00:00","CTA|DE(Amprion)","WALSUM_10","11WD7WALS1S--10A","Fossil Hard coal","11WD7WALS1S--10A","24/04/2026 23:45 - 25/04/2026 00:00","691.00",""
"24/04/2026 00:00 - 25/04/2026 00:00","CTA|DE(Amprion)","WEIHER_C","11WD7WEIH2S--C-A","Fossil Hard coal","11WD7WEIH2S--C-A","24/04/2026 00:00 - 24/04/2026 01:00","0.00",""
"24/04/2026 00:00 - 25/04/2026 00:00","CTA|DE(Amprion)","WEIHER_C","11WD7WEIH2S--C-A","Fossil Hard coal","11WD7WEIH2S--C-A","24/04/2026 01:00 - 24/04/2026 02:00","0.00",""
"24/04/2026 00:00 - 25/04/2026 00:00","CTA|DE(Amprion)","WEIHER_C","11WD7WEIH2S--C-A","Fossil Hard coal","11WD7WEIH2S--C-A","24/04/2026 02:00 - 24/04/2026 03:00","0.00",""
"24/04/2026 00:00 - 25/04/2026 00:00","CTA|DE(Amprion)","WEIHER_C","11WD7WEIH2S--C-A","Fossil Hard coal","11WD7WEIH2S--C-A","24/04/2026 03:00 - 24/04/2026 04:00","0.00",""
"24/04/2026 00:00 - 25/04/2026 00:00","CTA|DE(Amprion)","WEIHER_C","11WD7WEIH2S--C-A","Fossil Hard coal","11WD7WEIH2S--C-A","24/04/2026 04:00 - 24/04/2026 05:00","0.00",""
"24/04/2026 00:00 - 25/04/2026 00:00","CTA|DE(Amprion)","WEIHER_C","11WD7WEIH2S--C-A","Fossil Hard coal","11WD7WEIH2S--C-A","24/04/2026 05:00 - 24/04/2026 06:00","0.00",""
"24/04/2026 00:00 - 25/04/2026 00:00","CTA|DE(Amprion)","WEIHER_C","11WD7WEIH2S--C-A","Fossil Hard coal","11WD7WEIH2S--C-A","24/04/2026 06:00 - 24/04/2026 07:00","0.00",""
"24/04/2026 00:00 - 25/04/2026 00:00","CTA|DE(Amprion)","WEIHER_C","11WD7WEIH2S--C-A","Fossil Hard coal","11WD7WEIH2S--C-A","24/04/2026 07:00 - 24/04/2026 08:00","0.00",""
"24/04/2026 00:00 - 25/04/2026 00:00","CTA|DE(Amprion)","WEIHER_C","11WD7WEIH2S--C-A","Fossil Hard coal","11WD7WEIH2S--C-A","24/04/2026 08:00 - 24/04/2026 09:00","0.00",""
"24/04/2026 00:00 - 25/04/2026 00:00","CTA|DE(Amprion)","WEIHER_C","11WD7WEIH2S--C-A","Fossil Hard coal","11WD7WEIH2S--C-A","24/04/2026 09:00 - 24/04/2026 10:00","0.00",""
"24/04/2026 00:00 - 25/04/2026 00:00","CTA|DE(Amprion)","WEIHER_C","11WD7WEIH2S--C-A","Fossil Hard coal","11WD7WEIH2S--C-A","24/04/2026 10:00 - 24/04/2026 11:00","0.00",""
"24/04/2026 00:00 - 25/04/2026 00:00","CTA|DE(Amprion)","WEIHER_C","11WD7WEIH2S--C-A","Fossil Hard coal","11WD7WEIH2S--C-A","24/04/2026 11:00 - 24/04/2026 12:00","0.00",""
"24/04/2026 00:00 - 25/04/2026 00:00","CTA|DE(Amprion)","WEIHER_C","11WD7WEIH2S--C-A","Fossil Hard coal","11WD7WEIH2S--C-A","24/04/2026 12:00 - 24/04/2026 13:00","0.00",""
"24/04/2026 00:00 - 25/04/2026 00:00","CTA|DE(Amprion)","WEIHER_C","11WD7WEIH2S--C-A","Fossil Hard coal","11WD7WEIH2S--C-A","24/04/2026 13:00 - 24/04/2026 14:00","0.00",""
"24/04/2026 00:00 - 25/04/2026 00:00","CTA|DE(Amprion)","WEIHER_C","11WD7WEIH2S--C-A","Fossil Hard coal","11WD7WEIH2S--C-A","24/04/2026 14:00 - 24/04/2026 15:00","0.00",""
"24/04/2026 00:00 - 25/04/2026 00:00","CTA|DE(Amprion)","WEIHER_C","11WD7WEIH2S--C-A","Fossil Hard coal","11WD7WEIH2S--C-A","24/04/2026 15:00 - 24/04/2026 16:00","0.00",""
"24/04/2026 00:00 - 25/04/2026 00:00","CTA|DE(Amprion)","WEIHER_C","11WD7WEIH2S--C-A","Fossil Hard coal","11WD7WEIH2S--C-A","24/04/2026 16:00 - 24/04/2026 17:00","0.00",""
"24/04/2026 00:00 - 25/04/2026 00:00","CTA|DE(Amprion)","WEIHER_C","11WD7WEIH2S--C-A","Fossil Hard coal","11WD7WEIH2S--C-A","24/04/2026 17:00 - 24/04/2026 18:00","0.00",""
"24/04/2026 00:00 - 25/04/2026 00:00","CTA|DE(Amprion)","WEIHER_C","11WD7WEIH2S--C-A","Fossil Hard coal","11WD7WEIH2S--C-A","24/04/2026 18:00 - 24/04/2026 19:00","0.00",""
"24/04/2026 00:00 - 25/04/2026 00:00","CTA|DE(Amprion)","WEIHER_C","11WD7WEIH2S--C-A","Fossil Hard coal","11WD7WEIH2S--C-A","24/04/2026 19:00 - 24/04/2026 20:00","0.00",""
"24/04/2026 00:00 - 25/04/2026 00:00","CTA|DE(Amprion)","WEIHER_C","11WD7WEIH2S--C-A","Fossil Hard coal","11WD7WEIH2S--C-A","24/04/2026 20:00 - 24/04/2026 21:00","0.00",""
"24/04/2026 00:00 - 25/04/2026 00:00","CTA|DE(Amprion)","WEIHER_C","11WD7WEIH2S--C-A","Fossil Hard coal","11WD7WEIH2S--C-A","24/04/2026 21:00 - 24/04/2026 22:00","0.00",""
"24/04/2026 00:00 - 25/04/2026 00:00","CTA|DE(Amprion)","WEIHER_C","11WD7WEIH2S--C-A","Fossil Hard coal","11WD7WEIH2S--C-A","24/04/2026 22:00 - 24/04/2026 23:00","0.00",""
"24/04/2026 00:00 - 25/04/2026 00:00","CTA|DE(Amprion)","WEIHER_C","11WD7WEIH2S--C-A","Fossil Hard coal","11WD7WEIH2S--C-A","24/04/2026 23:00 - 25/04/2026 00:00","0.00",""
"24/04/2026 00:00 - 25/04/2026 00:00","CTA|DE(Amprion)","Weisweiler G","11WD7WEIS1B--G-J","Fossil Brown coal/Lignite","11WD7WEIS1B--G-J","24/04/2026 00:00 - 24/04/2026 01:00","0.00",""
"24/04/2026 00:00 - 25/04/2026 00:00","CTA|DE(Amprion)","Weisweiler G","11WD7WEIS1B--G-J","Fossil Brown coal/Lignite","11WD7WEIS1B--G-J","24/04/2026 01:00 - 24/04/2026 02:00","0.00",""
"24/04/2026 00:00 - 25/04/2026 00:00","CTA|DE(Amprion)","Weisweiler G","11WD7WEIS1B--G-J","Fossil Brown coal/Lignite","11WD7WEIS1B--G-J","24/04/2026 02:00 - 24/04/2026 03:00","0.00",""
"24/04/2026 00:00 - 25/04/2026 00:00","CTA|DE(Amprion)","Weisweiler G","11WD7WEIS1B--G-J","Fossil Brown coal/Lignite","11WD7WEIS1B--G-J","24/04/2026 03:00 - 24/04/2026 04:00","0.00",""
"24/04/2026 00:00 - 25/04/2026 00:00","CTA|DE(Amprion)","Weisweiler G","11WD7WEIS1B--G-J","Fossil Brown coal/Lignite","11WD7WEIS1B--G-J","24/04/2026 04:00 - 24/04/2026 05:00","0.00",""
"24/04/2026 00:00 - 25/04/2026 00:00","CTA|DE(Amprion)","Weisweiler G","11WD7WEIS1B--G-J","Fossil Brown coal/Lignite","11WD7WEIS1B--G-J","24/04/2026 05:00 - 24/04/2026 06:00","0.00",""
"24/04/2026 00:00 - 25/04/2026 00:00","CTA|DE(Amprion)","Weisweiler G","11WD7WEIS1B--G-J","Fossil Brown coal/Lignite","11WD7WEIS1B--G-J","24/04/2026 06:00 - 24/04/2026 07:00","0.00",""
"24/04/2026 00:00 - 25/04/2026 00:00","CTA|DE(Amprion)","Weisweiler G","11WD7WEIS1B--G-J","Fossil Brown coal/Lignite","11WD7WEIS1B--G-J","24/04/2026 07:00 - 24/04/2026 08:00","0.00",""
"24/04/2026 00:00 - 25/04/2026 00:00","CTA|DE(Amprion)","Weisweiler G","11WD7WEIS1B--G-J","Fossil Brown coal/Lignite","11WD7WEIS1B--G-J","24/04/2026 08:00 - 24/04/2026 09:00","0.00",""
"24/04/2026 00:00 - 25/04/2026 00:00","CTA|DE(Amprion)","Weisweiler G","11WD7WEIS1B--G-J","Fossil Brown coal/Lignite","11WD7WEIS1B--G-J","24/04/2026 09:00 - 24/04/2026 10:00","0.00",""
"24/04/2026 00:00 - 25/04/2026 00:00","CTA|DE(Amprion)","Weisweiler G","11WD7WEIS1B--G-J","Fossil Brown coal/Lignite","11WD7WEIS1B--G-J","24/04/2026 10:00 - 24/04/2026 11:00","0.00",""
"24/04/2026 00:00 - 25/04/2026 00:00","CTA|DE(Amprion)","Weisweiler G","11WD7WEIS1B--G-J","Fossil Brown coal/Lignite","11WD7WEIS1B--G-J","24/04/2026 11:00 - 24/04/2026 12:00","0.00",""
"24/04/2026 00:00 - 25/04/2026 00:00","CTA|DE(Amprion)","Weisweiler G","11WD7WEIS1B--G-J","Fossil Brown coal/Lignite","11WD7WEIS1B--G-J","24/04/2026 12:00 - 24/04/2026 13:00","0.00",""
"24/04/2026 00:00 - 25/04/2026 00:00","CTA|DE(Amprion)","Weisweiler G","11WD7WEIS1B--G-J","Fossil Brown coal/Lignite","11WD7WEIS1B--G-J","24/04/2026 13:00 - 24/04/2026 14:00","0.00",""
"24/04/2026 00:00 - 25/04/2026 00:00","CTA|DE(Amprion)","Weisweiler G","11WD7WEIS1B--G-J","Fossil Brown coal/Lignite","11WD7WEIS1B--G-J","24/04/2026 14:00 - 24/04/2026 15:00","0.00",""
"24/04/2026 00:00 - 25/04/2026 00:00","CTA|DE(Amprion)","Weisweiler G","11WD7WEIS1B--G-J","Fossil Brown coal/Lignite","11WD7WEIS1B--G-J","24/04/2026 15:00 - 24/04/2026 16:00","0.00",""
"24/04/2026 00:00 - 25/04/2026 00:00","CTA|DE(Amprion)","Weisweiler G","11WD7WEIS1B--G-J","Fossil Brown coal/Lignite","11WD7WEIS1B--G-J","24/04/2026 16:00 - 24/04/2026 17:00","0.00",""
"24/04/2026 00:00 - 25/04/2026 00:00","CTA|DE(Amprion)","Weisweiler G","11WD7WEIS1B--G-J","Fossil Brown coal/Lignite","11WD7WEIS1B--G-J","24/04/2026 17:00 - 24/04/2026 18:00","0.00",""
"24/04/2026 00:00 - 25/04/2026 00:00","CTA|DE(Amprion)","Weisweiler G","11WD7WEIS1B--G-J","Fossil Brown coal/Lignite","11WD7WEIS1B--G-J","24/04/2026 18:00 - 24/04/2026 19:00","0.00",""
"24/04/2026 00:00 - 25/04/2026 00:00","CTA|DE(Amprion)","Weisweiler G","11WD7WEIS1B--G-J","Fossil Brown coal/Lignite","11WD7WEIS1B--G-J","24/04/2026 19:00 - 24/04/2026 20:00","0.00",""
"24/04/2026 00:00 - 25/04/2026 00:00","CTA|DE(Amprion)","Weisweiler G","11WD7WEIS1B--G-J","Fossil Brown coal/Lignite","11WD7WEIS1B--G-J","24/04/2026 20:00 - 24/04/2026 21:00","0.00",""
"24/04/2026 00:00 - 25/04/2026 00:00","CTA|DE(Amprion)","Weisweiler G","11WD7WEIS1B--G-J","Fossil Brown coal/Lignite","11WD7WEIS1B--G-J","24/04/2026 21:00 - 24/04/2026 22:00","0.00",""
"24/04/2026 00:00 - 25/04/2026 00:00","CTA|DE(Amprion)","Weisweiler G","11WD7WEIS1B--G-J","Fossil Brown coal/Lignite","11WD7WEIS1B--G-J","24/04/2026 22:00 - 24/04/2026 23:00","0.00",""
"24/04/2026 00:00 - 25/04/2026 00:00","CTA|DE(Amprion)","Weisweiler G","11WD7WEIS1B--G-J","Fossil Brown coal/Lignite","11WD7WEIS1B--G-J","24/04/2026 23:00 - 25/04/2026 00:00","0.00",""
"24/04/2026 00:00 - 25/04/2026 00:00","CTA|DE(Amprion)","Weisweiler H","11WD7WEIS1B--H-G","Fossil Brown coal/Lignite","11WD7WEIS1B--H-G","24/04/2026 00:00 - 24/04/2026 01:00","0.00",""
"24/04/2026 00:00 - 25/04/2026 00:00","CTA|DE(Amprion)","Weisweiler H","11WD7WEIS1B--H-G","Fossil Brown coal/Lignite","11WD7WEIS1B--H-G","24/04/2026 01:00 - 24/04/2026 02:00","0.00",""
"24/04/2026 00:00 - 25/04/2026 00:00","CTA|DE(Amprion)","Weisweiler H","11WD7WEIS1B--H-G","Fossil Brown coal/Lignite","11WD7WEIS1B--H-G","24/04/2026 02:00 - 24/04/2026 03:00","0.00",""
"24/04/2026 00:00 - 25/04/2026 00:00","CTA|DE(Amprion)","Weisweiler H","11WD7WEIS1B--H-G","Fossil Brown coal/Lignite","11WD7WEIS1B--H-G","24/04/2026 03:00 - 24/04/2026 04:00","0.00",""
"24/04/2026 00:00 - 25/04/2026 00:00","CTA|DE(Amprion)","Weisweiler H","11WD7WEIS1B--H-G","Fossil Brown coal/Lignite","11WD7WEIS1B--H-G","24/04/2026 04:00 - 24/04/2026 05:00","0.00",""
"24/04/2026 00:00 - 25/04/2026 00:00","CTA|DE(Amprion)","Weisweiler H","11WD7WEIS1B--H-G","Fossil Brown coal/Lignite","11WD7WEIS1B--H-G","24/04/2026 05:00 - 24/04/2026 06:00","0.00",""
"24/04/2026 00:00 - 25/04/2026 00:00","CTA|DE(Amprion)","Weisweiler H","11WD7WEIS1B--H-G","Fossil Brown coal/Lignite","11WD7WEIS1B--H-G","24/04/2026 06:00 - 24/04/2026 07:00","0.00",""
"24/04/2026 00:00 - 25/04/2026 00:00","CTA|DE(Amprion)","Weisweiler H","11WD7WEIS1B--H-G","Fossil Brown coal/Lignite","11WD7WEIS1B--H-G","24/04/2026 07:00 - 24/04/2026 08:00","0.00",""
"24/04/2026 00:00 - 25/04/2026 00:00","CTA|DE(Amprion)","Weisweiler H","11WD7WEIS1B--H-G","Fossil Brown coal/Lignite","11WD7WEIS1B--H-G","24/04/2026 08:00 - 24/04/2026 09:00","0.00",""
"24/04/2026 00:00 - 25/04/2026 00:00","CTA|DE(Amprion)","Weisweiler H","11WD7WEIS1B--H-G","Fossil Brown coal/Lignite","11WD7WEIS1B--H-G","24/04/2026 09:00 - 24/04/2026 10:00","0.00",""
"24/04/2026 00:00 - 25/04/2026 00:00","CTA|DE(Amprion)","Weisweiler H","11WD7WEIS1B--H-G","Fossil Brown coal/Lignite","11WD7WEIS1B--H-G","24/04/2026 10:00 - 24/04/2026 11:00","0.00",""
"24/04/2026 00:00 - 25/04/2026 00:00","CTA|DE(Amprion)","Weisweiler H","11WD7WEIS1B--H-G","Fossil Brown coal/Lignite","11WD7WEIS1B--H-G","24/04/2026 11:00 - 24/04/2026 12:00","0.00",""
"24/04/2026 00:00 - 25/04/2026 00:00","CTA|DE(Amprion)","Weisweiler H","11WD7WEIS1B--H-G","Fossil Brown coal/Lignite","11WD7WEIS1B--H-G","24/04/2026 12:00 - 24/04/2026 13:00","0.00",""
"24/04/2026 00:00 - 25/04/2026 00:00","CTA|DE(Amprion)","Weisweiler H","11WD7WEIS1B--H-G","Fossil Brown coal/Lignite","11WD7WEIS1B--H-G","24/04/2026 13:00 - 24/04/2026 14:00","0.00",""
"24/04/2026 00:00 - 25/04/2026 00:00","CTA|DE(Amprion)","Weisweiler H","11WD7WEIS1B--H-G","Fossil Brown coal/Lignite","11WD7WEIS1B--H-G","24/04/2026 14:00 - 24/04/2026 15:00","0.00",""
"24/04/2026 00:00 - 25/04/2026 00:00","CTA|DE(Amprion)","Weisweiler H","11WD7WEIS1B--H-G","Fossil Brown coal/Lignite","11WD7WEIS1B--H-G","24/04/2026 15:00 - 24/04/2026 16:00","0.00",""
"24/04/2026 00:00 - 25/04/2026 00:00","CTA|DE(Amprion)","Weisweiler H","11WD7WEIS1B--H-G","Fossil Brown coal/Lignite","11WD7WEIS1B--H-G","24/04/2026 16:00 - 24/04/2026 17:00","0.00",""
"24/04/2026 00:00 - 25/04/2026 00:00","CTA|DE(Amprion)","Weisweiler H","11WD7WEIS1B--H-G","Fossil Brown coal/Lignite","11WD7WEIS1B--H-G","24/04/2026 17:00 - 24/04/2026 18:00","0.00",""
"24/04/2026 00:00 - 25/04/2026 00:00","CTA|DE(Amprion)","Weisweiler H","11WD7WEIS1B--H-G","Fossil Brown coal/Lignite","11WD7WEIS1B--H-G","24/04/2026 18:00 - 24/04/2026 19:00","0.00",""
"24/04/2026 00:00 - 25/04/2026 00:00","CTA|DE(Amprion)","Weisweiler H","11WD7WEIS1B--H-G","Fossil Brown coal/Lignite","11WD7WEIS1B--H-G","24/04/2026 19:00 - 24/04/2026 20:00","0.00",""
"24/04/2026 00:00 - 25/04/2026 00:00","CTA|DE(Amprion)","Weisweiler H","11WD7WEIS1B--H-G","Fossil Brown coal/Lignite","11WD7WEIS1B--H-G","24/04/2026 20:00 - 24/04/2026 21:00","0.00",""
"24/04/2026 00:00 - 25/04/2026 00:00","CTA|DE(Amprion)","Weisweiler H","11WD7WEIS1B--H-G","Fossil Brown coal/Lignite","11WD7WEIS1B--H-G","24/04/2026 21:00 - 24/04/2026 22:00","0.00",""
"24/04/2026 00:00 - 25/04/2026 00:00","CTA|DE(Amprion)","Weisweiler H","11WD7WEIS1B--H-G","Fossil Brown coal/Lignite","11WD7WEIS1B--H-G","24/04/2026 22:00 - 24/04/2026 23:00","0.00",""
"24/04/2026 00:00 - 25/04/2026 00:00","CTA|DE(Amprion)","Weisweiler H","11WD7WEIS1B--H-G","Fossil Brown coal/Lignite","11WD7WEIS1B--H-G","24/04/2026 23:00 - 25/04/2026 00:00","0.00",""
"24/04/2026 00:00 - 25/04/2026 00:00","CTA|DE(Amprion)","Weisweiler VGT - BI. G","11WD7WEIS5GVGTGU","Fossil Gas","11WD7WEIS5GVGTGU","24/04/2026 00:00 - 24/04/2026 01:00","0.00",""
"24/04/2026 00:00 - 25/04/2026 00:00","CTA|DE(Amprion)","Weisweiler VGT - BI. G","11WD7WEIS5GVGTGU","Fossil Gas","11WD7WEIS5GVGTGU","24/04/2026 01:00 - 24/04/2026 02:00","0.00",""
"24/04/2026 00:00 - 25/04/2026 00:00","CTA|DE(Amprion)","Weisweiler VGT - BI. G","11WD7WEIS5GVGTGU","Fossil Gas","11WD7WEIS5GVGTGU","24/04/2026 02:00 - 24/04/2026 03:00","0.00",""
"24/04/2026 00:00 - 25/04/2026 00:00","CTA|DE(Amprion)","Weisweiler VGT - BI. G","11WD7WEIS5GVGTGU","Fossil Gas","11WD7WEIS5GVGTGU","24/04/2026 03:00 - 24/04/2026 04:00","0.00",""
"24/04/2026 00:00 - 25/04/2026 00:00","CTA|DE(Amprion)","Weisweiler VGT - BI. G","11WD7WEIS5GVGTGU","Fossil Gas","11WD7WEIS5GVGTGU","24/04/2026 04:00 - 24/04/2026 05:00","0.00",""
"24/04/2026 00:00 - 25/04/2026 00:00","CTA|DE(Amprion)","Weisweiler VGT - BI. G","11WD7WEIS5GVGTGU","Fossil Gas","11WD7WEIS5GVGTGU","24/04/2026 05:00 - 24/04/2026 06:00","0.00",""
"24/04/2026 00:00 - 25/04/2026 00:00","CTA|DE(Amprion)","Weisweiler VGT - BI. G","11WD7WEIS5GVGTGU","Fossil Gas","11WD7WEIS5GVGTGU","24/04/2026 06:00 - 24/04/2026 07:00","0.00",""
"24/04/2026 00:00 - 25/04/2026 00:00","CTA|DE(Amprion)","Weisweiler VGT - BI. G","11WD7WEIS5GVGTGU","Fossil Gas","11WD7WEIS5GVGTGU","24/04/2026 07:00 - 24/04/2026 08:00","0.00",""
"24/04/2026 00:00 - 25/04/2026 00:00","CTA|DE(Amprion)","Weisweiler VGT - BI. G","11WD7WEIS5GVGTGU","Fossil Gas","11WD7WEIS5GVGTGU","24/04/2026 08:00 - 24/04/2026 09:00","0.00",""
"24/04/2026 00:00 - 25/04/2026 00:00","CTA|DE(Amprion)","Weisweiler VGT - BI. G","11WD7WEIS5GVGTGU","Fossil Gas","11WD7WEIS5GVGTGU","24/04/2026 09:00 - 24/04/2026 10:00","0.00",""
"24/04/2026 00:00 - 25/04/2026 00:00","CTA|DE(Amprion)","Weisweiler VGT - BI. G","11WD7WEIS5GVGTGU","Fossil Gas","11WD7WEIS5GVGTGU","24/04/2026 10:00 - 24/04/2026 11:00","0.00",""
"24/04/2026 00:00 - 25/04/2026 00:00","CTA|DE(Amprion)","Weisweiler VGT - BI. G","11WD7WEIS5GVGTGU","Fossil Gas","11WD7WEIS5GVGTGU","24/04/2026 11:00 - 24/04/2026 12:00","0.00",""
"24/04/2026 00:00 - 25/04/2026 00:00","CTA|DE(Amprion)","Weisweiler VGT - BI. G","11WD7WEIS5GVGTGU","Fossil Gas","11WD7WEIS5GVGTGU","24/04/2026 12:00 - 24/04/2026 13:00","0.00",""
"24/04/2026 00:00 - 25/04/2026 00:00","CTA|DE(Amprion)","Weisweiler VGT - BI. G","11WD7WEIS5GVGTGU","Fossil Gas","11WD7WEIS5GVGTGU","24/04/2026 13:00 - 24/04/2026 14:00","0.00",""
"24/04/2026 00:00 - 25/04/2026 00:00","CTA|DE(Amprion)","Weisweiler VGT - BI. G","11WD7WEIS5GVGTGU","Fossil Gas","11WD7WEIS5GVGTGU","24/04/2026 14:00 - 24/04/2026 15:00","0.00",""
"24/04/2026 00:00 - 25/04/2026 00:00","CTA|DE(Amprion)","Weisweiler VGT - BI. G","11WD7WEIS5GVGTGU","Fossil Gas","11WD7WEIS5GVGTGU","24/04/2026 15:00 - 24/04/2026 16:00","0.00",""
"24/04/2026 00:00 - 25/04/2026 00:00","CTA|DE(Amprion)","Weisweiler VGT - BI. G","11WD7WEIS5GVGTGU","Fossil Gas","11WD7WEIS5GVGTGU","24/04/2026 16:00 - 24/04/2026 17:00","0.00",""
"24/04/2026 00:00 - 25/04/2026 00:00","CTA|DE(Amprion)","Weisweiler VGT - BI. G","11WD7WEIS5GVGTGU","Fossil Gas","11WD7WEIS5GVGTGU","24/04/2026 17:00 - 24/04/2026 18:00","0.00",""
"24/04/2026 00:00 - 25/04/2026 00:00","CTA|DE(Amprion)","Weisweiler VGT - BI. G","11WD7WEIS5GVGTGU","Fossil Gas","11WD7WEIS5GVGTGU","24/04/2026 18:00 - 24/04/2026 19:00","0.00",""
"24/04/2026 00:00 - 25/04/2026 00:00","CTA|DE(Amprion)","Weisweiler VGT - BI. G","11WD7WEIS5GVGTGU","Fossil Gas","11WD7WEIS5GVGTGU","24/04/2026 19:00 - 24/04/2026 20:00","0.00",""
"24/04/2026 00:00 - 25/04/2026 00:00","CTA|DE(Amprion)","Weisweiler VGT - BI. G","11WD7WEIS5GVGTGU","Fossil Gas","11WD7WEIS5GVGTGU","24/04/2026 20:00 - 24/04/2026 21:00","0.00",""
"24/04/2026 00:00 - 25/04/2026 00:00","CTA|DE(Amprion)","Weisweiler VGT - BI. G","11WD7WEIS5GVGTGU","Fossil Gas","11WD7WEIS5GVGTGU","24/04/2026 21:00 - 24/04/2026 22:00","0.00",""
"24/04/2026 00:00 - 25/04/2026 00:00","CTA|DE(Amprion)","Weisweiler VGT - BI. G","11WD7WEIS5GVGTGU","Fossil Gas","11WD7WEIS5GVGTGU","24/04/2026 22:00 - 24/04/2026 23:00","0.00",""
"24/04/2026 00:00 - 25/04/2026 00:00","CTA|DE(Amprion)","Weisweiler VGT - BI. G","11WD7WEIS5GVGTGU","Fossil Gas","11WD7WEIS5GVGTGU","24/04/2026 23:00 - 25/04/2026 00:00","0.00",""
"24/04/2026 00:00 - 25/04/2026 00:00","CTA|DE(Amprion)","Weisweiler VGT - BI. H","11WD7WEIS5GVGTHS","Fossil Gas","11WD7WEIS5GVGTHS","24/04/2026 00:00 - 24/04/2026 01:00","0.00",""
"24/04/2026 00:00 - 25/04/2026 00:00","CTA|DE(Amprion)","Weisweiler VGT - BI. H","11WD7WEIS5GVGTHS","Fossil Gas","11WD7WEIS5GVGTHS","24/04/2026 01:00 - 24/04/2026 02:00","0.00",""
"24/04/2026 00:00 - 25/04/2026 00:00","CTA|DE(Amprion)","Weisweiler VGT - BI. H","11WD7WEIS5GVGTHS","Fossil Gas","11WD7WEIS5GVGTHS","24/04/2026 02:00 - 24/04/2026 03:00","0.00",""
"24/04/2026 00:00 - 25/04/2026 00:00","CTA|DE(Amprion)","Weisweiler VGT - BI. H","11WD7WEIS5GVGTHS","Fossil Gas","11WD7WEIS5GVGTHS","24/04/2026 03:00 - 24/04/2026 04:00","0.00",""
"24/04/2026 00:00 - 25/04/2026 00:00","CTA|DE(Amprion)","Weisweiler VGT - BI. H","11WD7WEIS5GVGTHS","Fossil Gas","11WD7WEIS5GVGTHS","24/04/2026 04:00 - 24/04/2026 05:00","0.00",""
"24/04/2026 00:00 - 25/04/2026 00:00","CTA|DE(Amprion)","Weisweiler VGT - BI. H","11WD7WEIS5GVGTHS","Fossil Gas","11WD7WEIS5GVGTHS","24/04/2026 05:00 - 24/04/2026 06:00","0.00",""
"24/04/2026 00:00 - 25/04/2026 00:00","CTA|DE(Amprion)","Weisweiler VGT - BI. H","11WD7WEIS5GVGTHS","Fossil Gas","11WD7WEIS5GVGTHS","24/04/2026 06:00 - 24/04/2026 07:00","0.00",""
"24/04/2026 00:00 - 25/04/2026 00:00","CTA|DE(Amprion)","Weisweiler VGT - BI. H","11WD7WEIS5GVGTHS","Fossil Gas","11WD7WEIS5GVGTHS","24/04/2026 07:00 - 24/04/2026 08:00","0.00",""
"24/04/2026 00:00 - 25/04/2026 00:00","CTA|DE(Amprion)","Weisweiler VGT - BI. H","11WD7WEIS5GVGTHS","Fossil Gas","11WD7WEIS5GVGTHS","24/04/2026 08:00 - 24/04/2026 09:00","0.00",""
"24/04/2026 00:00 - 25/04/2026 00:00","CTA|DE(Amprion)","Weisweiler VGT - BI. H","11WD7WEIS5GVGTHS","Fossil Gas","11WD7WEIS5GVGTHS","24/04/2026 09:00 - 24/04/2026 10:00","0.00",""
"24/04/2026 00:00 - 25/04/2026 00:00","CTA|DE(Amprion)","Weisweiler VGT - BI. H","11WD7WEIS5GVGTHS","Fossil Gas","11WD7WEIS5GVGTHS","24/04/2026 10:00 - 24/04/2026 11:00","0.00",""
"24/04/2026 00:00 - 25/04/2026 00:00","CTA|DE(Amprion)","Weisweiler VGT - BI. H","11WD7WEIS5GVGTHS","Fossil Gas","11WD7WEIS5GVGTHS","24/04/2026 11:00 - 24/04/2026 12:00","0.00",""
"24/04/2026 00:00 - 25/04/2026 00:00","CTA|DE(Amprion)","Weisweiler VGT - BI. H","11WD7WEIS5GVGTHS","Fossil Gas","11WD7WEIS5GVGTHS","24/04/2026 12:00 - 24/04/2026 13:00","0.00",""
"24/04/2026 00:00 - 25/04/2026 00:00","CTA|DE(Amprion)","Weisweiler VGT - BI. H","11WD7WEIS5GVGTHS","Fossil Gas","11WD7WEIS5GVGTHS","24/04/2026 13:00 - 24/04/2026 14:00","0.00",""
"24/04/2026 00:00 - 25/04/2026 00:00","CTA|DE(Amprion)","Weisweiler VGT - BI. H","11WD7WEIS5GVGTHS","Fossil Gas","11WD7WEIS5GVGTHS","24/04/2026 14:00 - 24/04/2026 15:00","0.00",""
"24/04/2026 00:00 - 25/04/2026 00:00","CTA|DE(Amprion)","Weisweiler VGT - BI. H","11WD7WEIS5GVGTHS","Fossil Gas","11WD7WEIS5GVGTHS","24/04/2026 15:00 - 24/04/2026 16:00","0.00",""
"24/04/2026 00:00 - 25/04/2026 00:00","CTA|DE(Amprion)","Weisweiler VGT - BI. H","11WD7WEIS5GVGTHS","Fossil Gas","11WD7WEIS5GVGTHS","24/04/2026 16:00 - 24/04/2026 17:00","0.00",""
"24/04/2026 00:00 - 25/04/2026 00:00","CTA|DE(Amprion)","Weisweiler VGT - BI. H","11WD7WEIS5GVGTHS","Fossil Gas","11WD7WEIS5GVGTHS","24/04/2026 17:00 - 24/04/2026 18:00","0.00",""
"24/04/2026 00:00 - 25/04/2026 00:00","CTA|DE(Amprion)","Weisweiler VGT - BI. H","11WD7WEIS5GVGTHS","Fossil Gas","11WD7WEIS5GVGTHS","24/04/2026 18:00 - 24/04/2026 19:00","0.00",""
"24/04/2026 00:00 - 25/04/2026 00:00","CTA|DE(Amprion)","Weisweiler VGT - BI. H","11WD7WEIS5GVGTHS","Fossil Gas","11WD7WEIS5GVGTHS","24/04/2026 19:00 - 24/04/2026 20:00","0.00",""
"24/04/2026 00:00 - 25/04/2026 00:00","CTA|DE(Amprion)","Weisweiler VGT - BI. H","11WD7WEIS5GVGTHS","Fossil Gas","11WD7WEIS5GVGTHS","24/04/2026 20:00 - 24/04/2026 21:00","0.00",""
"24/04/2026 00:00 - 25/04/2026 00:00","CTA|DE(Amprion)","Weisweiler VGT - BI. H","11WD7WEIS5GVGTHS","Fossil Gas","11WD7WEIS5GVGTHS","24/04/2026 21:00 - 24/04/2026 22:00","0.00",""
"24/04/2026 00:00 - 25/04/2026 00:00","CTA|DE(Amprion)","Weisweiler VGT - BI. H","11WD7WEIS5GVGTHS","Fossil Gas","11WD7WEIS5GVGTHS","24/04/2026 22:00 - 24/04/2026 23:00","0.00",""
"24/04/2026 00:00 - 25/04/2026 00:00","CTA|DE(Amprion)","Weisweiler VGT - BI. H","11WD7WEIS5GVGTHS","Fossil Gas","11WD7WEIS5GVGTHS","24/04/2026 23:00 - 25/04/2026 00:00","0.00",""
"24/04/2026 00:00 - 25/04/2026 00:00","CTA|DE(50Hertz)","Lichterfelde GUD","11W0-0000-0103-9","Fossil Gas","11W0-0000-0103-9","24/04/2026 00:00 - 24/04/2026 01:00","0.00",""
"24/04/2026 00:00 - 25/04/2026 00:00","CTA|DE(50Hertz)","Lichterfelde GUD","11W0-0000-0103-9","Fossil Gas","11W0-0000-0103-9","24/04/2026 01:00 - 24/04/2026 02:00","0.00",""
"24/04/2026 00:00 - 25/04/2026 00:00","CTA|DE(50Hertz)","Lichterfelde GUD","11W0-0000-0103-9","Fossil Gas","11W0-0000-0103-9","24/04/2026 02:00 - 24/04/2026 03:00","0.00",""
"24/04/2026 00:00 - 25/04/2026 00:00","CTA|DE(50Hertz)","Lichterfelde GUD","11W0-0000-0103-9","Fossil Gas","11W0-0000-0103-9","24/04/2026 03:00 - 24/04/2026 04:00","0.00",""
"24/04/2026 00:00 - 25/04/2026 00:00","CTA|DE(50Hertz)","Lichterfelde GUD","11W0-0000-0103-9","Fossil Gas","11W0-0000-0103-9","24/04/2026 04:00 - 24/04/2026 05:00","0.00",""
"24/04/2026 00:00 - 25/04/2026 00:00","CTA|DE(50Hertz)","Lichterfelde GUD","11W0-0000-0103-9","Fossil Gas","11W0-0000-0103-9","24/04/2026 05:00 - 24/04/2026 06:00","0.00",""
"24/04/2026 00:00 - 25/04/2026 00:00","CTA|DE(50Hertz)","Lichterfelde GUD","11W0-0000-0103-9","Fossil Gas","11W0-0000-0103-9","24/04/2026 06:00 - 24/04/2026 07:00","0.00",""
"24/04/2026 00:00 - 25/04/2026 00:00","CTA|DE(50Hertz)","Lichterfelde GUD","11W0-0000-0103-9","Fossil Gas","11W0-0000-0103-9","24/04/2026 07:00 - 24/04/2026 08:00","0.00",""
"24/04/2026 00:00 - 25/04/2026 00:00","CTA|DE(50Hertz)","Lichterfelde GUD","11W0-0000-0103-9","Fossil Gas","11W0-0000-0103-9","24/04/2026 08:00 - 24/04/2026 09:00","0.00",""
"24/04/2026 00:00 - 25/04/2026 00:00","CTA|DE(50Hertz)","Lichterfelde GUD","11W0-0000-0103-9","Fossil Gas","11W0-0000-0103-9","24/04/2026 09:00 - 24/04/2026 10:00","0.00",""
"24/04/2026 00:00 - 25/04/2026 00:00","CTA|DE(50Hertz)","Lichterfelde GUD","11W0-0000-0103-9","Fossil Gas","11W0-0000-0103-9","24/04/2026 10:00 - 24/04/2026 11:00","0.00",""
"24/04/2026 00:00 - 25/04/2026 00:00","CTA|DE(50Hertz)","Lichterfelde GUD","11W0-0000-0103-9","Fossil Gas","11W0-0000-0103-9","24/04/2026 11:00 - 24/04/2026 12:00","0.00",""
"24/04/2026 00:00 - 25/04/2026 00:00","CTA|DE(50Hertz)","Lichterfelde GUD","11W0-0000-0103-9","Fossil Gas","11W0-0000-0103-9","24/04/2026 12:00 - 24/04/2026 13:00","0.00",""
"24/04/2026 00:00 - 25/04/2026 00:00","CTA|DE(50Hertz)","Lichterfelde GUD","11W0-0000-0103-9","Fossil Gas","11W0-0000-0103-9","24/04/2026 13:00 - 24/04/2026 14:00","0.00",""
"24/04/2026 00:00 - 25/04/2026 00:00","CTA|DE(50Hertz)","Lichterfelde GUD","11W0-0000-0103-9","Fossil Gas","11W0-0000-0103-9","24/04/2026 14:00 - 24/04/2026 15:00","0.00",""
"24/04/2026 00:00 - 25/04/2026 00:00","CTA|DE(50Hertz)","Lichterfelde GUD","11W0-0000-0103-9","Fossil Gas","11W0-0000-0103-9","24/04/2026 15:00 - 24/04/2026 16:00","0.00",""
"24/04/2026 00:00 - 25/04/2026 00:00","CTA|DE(50Hertz)","Lichterfelde GUD","11W0-0000-0103-9","Fossil Gas","11W0-0000-0103-9","24/04/2026 16:00 - 24/04/2026 17:00","0.00",""
"24/04/2026 00:00 - 25/04/2026 00:00","CTA|DE(50Hertz)","Lichterfelde GUD","11W0-0000-0103-9","Fossil Gas","11W0-0000-0103-9","24/04/2026 17:00 - 24/04/2026 18:00","0.00",""
"24/04/2026 00:00 - 25/04/2026 00:00","CTA|DE(50Hertz)","Lichterfelde GUD","11W0-0000-0103-9","Fossil Gas","11W0-0000-0103-9","24/04/2026 18:00 - 24/04/2026 19:00","0.00",""
"24/04/2026 00:00 - 25/04/2026 00:00","CTA|DE(50Hertz)","Lichterfelde GUD","11W0-0000-0103-9","Fossil Gas","11W0-0000-0103-9","24/04/2026 19:00 - 24/04/2026 20:00","0.00",""
"24/04/2026 00:00 - 25/04/2026 00:00","CTA|DE(50Hertz)","Lichterfelde GUD","11W0-0000-0103-9","Fossil Gas","11W0-0000-0103-9","24/04/2026 20:00 - 24/04/2026 21:00","0.00",""
"24/04/2026 00:00 - 25/04/2026 00:00","CTA|DE(50Hertz)","Lichterfelde GUD","11W0-0000-0103-9","Fossil Gas","11W0-0000-0103-9","24/04/2026 21:00 - 24/04/2026 22:00","0.00",""
"24/04/2026 00:00 - 25/04/2026 00:00","CTA|DE(50Hertz)","Lichterfelde GUD","11W0-0000-0103-9","Fossil Gas","11W0-0000-0103-9","24/04/2026 22:00 - 24/04/2026 23:00","0.00",""
"24/04/2026 00:00 - 25/04/2026 00:00","CTA|DE(50Hertz)","Lichterfelde GUD","11W0-0000-0103-9","Fossil Gas","11W0-0000-0103-9","24/04/2026 23:00 - 25/04/2026 00:00","0.00",""
"24/04/2026 00:00 - 25/04/2026 00:00","CTA|DE(50Hertz)","GuD Marzahn","11W0-0000-0104-6","Fossil Gas","11W0-0000-0104-6","24/04/2026 00:00 - 24/04/2026 01:00","55.25",""
"24/04/2026 00:00 - 25/04/2026 00:00","CTA|DE(50Hertz)","GuD Marzahn","11W0-0000-0104-6","Fossil Gas","11W0-0000-0104-6","24/04/2026 01:00 - 24/04/2026 02:00","55.00",""
"24/04/2026 00:00 - 25/04/2026 00:00","CTA|DE(50Hertz)","GuD Marzahn","11W0-0000-0104-6","Fossil Gas","11W0-0000-0104-6","24/04/2026 02:00 - 24/04/2026 03:00","55.00",""
"24/04/2026 00:00 - 25/04/2026 00:00","CTA|DE(50Hertz)","GuD Marzahn","11W0-0000-0104-6","Fossil Gas","11W0-0000-0104-6","24/04/2026 03:00 - 24/04/2026 04:00","55.00",""
"24/04/2026 00:00 - 25/04/2026 00:00","CTA|DE(50Hertz)","GuD Marzahn","11W0-0000-0104-6","Fossil Gas","11W0-0000-0104-6","24/04/2026 04:00 - 24/04/2026 05:00","113.75",""
"24/04/2026 00:00 - 25/04/2026 00:00","CTA|DE(50Hertz)","GuD Marzahn","11W0-0000-0104-6","Fossil Gas","11W0-0000-0104-6","24/04/2026 05:00 - 24/04/2026 06:00","221.50",""
"24/04/2026 00:00 - 25/04/2026 00:00","CTA|DE(50Hertz)","GuD Marzahn","11W0-0000-0104-6","Fossil Gas","11W0-0000-0104-6","24/04/2026 06:00 - 24/04/2026 07:00","154.25",""
"24/04/2026 00:00 - 25/04/2026 00:00","CTA|DE(50Hertz)","GuD Marzahn","11W0-0000-0104-6","Fossil Gas","11W0-0000-0104-6","24/04/2026 07:00 - 24/04/2026 08:00","54.75",""
"24/04/2026 00:00 - 25/04/2026 00:00","CTA|DE(50Hertz)","GuD Marzahn","11W0-0000-0104-6","Fossil Gas","11W0-0000-0104-6","24/04/2026 08:00 - 24/04/2026 09:00","54.00",""
"24/04/2026 00:00 - 25/04/2026 00:00","CTA|DE(50Hertz)","GuD Marzahn","11W0-0000-0104-6","Fossil Gas","11W0-0000-0104-6","24/04/2026 09:00 - 24/04/2026 10:00","49.25",""
"24/04/2026 00:00 - 25/04/2026 00:00","CTA|DE(50Hertz)","GuD Marzahn","11W0-0000-0104-6","Fossil Gas","11W0-0000-0104-6","24/04/2026 10:00 - 24/04/2026 11:00","19.50",""
"24/04/2026 00:00 - 25/04/2026 00:00","CTA|DE(50Hertz)","GuD Marzahn","11W0-0000-0104-6","Fossil Gas","11W0-0000-0104-6","24/04/2026 11:00 - 24/04/2026 12:00","0.00",""
"24/04/2026 00:00 - 25/04/2026 00:00","CTA|DE(50Hertz)","GuD Marzahn","11W0-0000-0104-6","Fossil Gas","11W0-0000-0104-6","24/04/2026 12:00 - 24/04/2026 13:00","0.00",""
"24/04/2026 00:00 - 25/04/2026 00:00","CTA|DE(50Hertz)","GuD Marzahn","11W0-0000-0104-6","Fossil Gas","11W0-0000-0104-6","24/04/2026 13:00 - 24/04/2026 14:00","0.00",""
"24/04/2026 00:00 - 25/04/2026 00:00","CTA|DE(50Hertz)","GuD Marzahn","11W0-0000-0104-6","Fossil Gas","11W0-0000-0104-6","24/04/2026 14:00 - 24/04/2026 15:00","0.00",""
"24/04/2026 00:00 - 25/04/2026 00:00","CTA|DE(50Hertz)","GuD Marzahn","11W0-0000-0104-6","Fossil Gas","11W0-0000-0104-6","24/04/2026 15:00 - 24/04/2026 16:00","0.00",""
"24/04/2026 00:00 - 25/04/2026 00:00","CTA|DE(50Hertz)","GuD Marzahn","11W0-0000-0104-6","Fossil Gas","11W0-0000-0104-6","24/04/2026 16:00 - 24/04/2026 17:00","0.00",""
"24/04/2026 00:00 - 25/04/2026 00:00","CTA|DE(50Hertz)","GuD Marzahn","11W0-0000-0104-6","Fossil Gas","11W0-0000-0104-6","24/04/2026 17:00 - 24/04/2026 18:00","0.00",""
"24/04/2026 00:00 - 25/04/2026 00:00","CTA|DE(50Hertz)","GuD Marzahn","11W0-0000-0104-6","Fossil Gas","11W0-0000-0104-6","24/04/2026 18:00 - 24/04/2026 19:00","0.00",""
"24/04/2026 00:00 - 25/04/2026 00:00","CTA|DE(50Hertz)","GuD Marzahn","11W0-0000-0104-6","Fossil Gas","11W0-0000-0104-6","24/04/2026 19:00 - 24/04/2026 20:00","0.00",""
"24/04/2026 00:00 - 25/04/2026 00:00","CTA|DE(50Hertz)","GuD Marzahn","11W0-0000-0104-6","Fossil Gas","11W0-0000-0104-6","24/04/2026 20:00 - 24/04/2026 21:00","0.00",""
"24/04/2026 00:00 - 25/04/2026 00:00","CTA|DE(50Hertz)","GuD Marzahn","11W0-0000-0104-6","Fossil Gas","11W0-0000-0104-6","24/04/2026 21:00 - 24/04/2026 22:00","0.00",""
"24/04/2026 00:00 - 25/04/2026 00:00","CTA|DE(50Hertz)","GuD Marzahn","11W0-0000-0104-6","Fossil Gas","11W0-0000-0104-6","24/04/2026 22:00 - 24/04/2026 23:00","0.00",""
"24/04/2026 00:00 - 25/04/2026 00:00","CTA|DE(50Hertz)","GuD Marzahn","11W0-0000-0104-6","Fossil Gas","11W0-0000-0104-6","24/04/2026 23:00 - 25/04/2026 00:00","0.00",""
"24/04/2026 00:00 - 25/04/2026 00:00","CTA|DE(50Hertz)","KW Boxberg Block N","11WD8BOXB1L---N8","Fossil Brown coal/Lignite","11WD8BOXB1L---N8","24/04/2026 00:00 - 24/04/2026 01:00","360.25",""
"24/04/2026 00:00 - 25/04/2026 00:00","CTA|DE(50Hertz)","KW Boxberg Block N","11WD8BOXB1L---N8","Fossil Brown coal/Lignite","11WD8BOXB1L---N8","24/04/2026 01:00 - 24/04/2026 02:00","392.25",""
"24/04/2026 00:00 - 25/04/2026 00:00","CTA|DE(50Hertz)","KW Boxberg Block N","11WD8BOXB1L---N8","Fossil Brown coal/Lignite","11WD8BOXB1L---N8","24/04/2026 02:00 - 24/04/2026 03:00","391.25",""
"24/04/2026 00:00 - 25/04/2026 00:00","CTA|DE(50Hertz)","KW Boxberg Block N","11WD8BOXB1L---N8","Fossil Brown coal/Lignite","11WD8BOXB1L---N8","24/04/2026 03:00 - 24/04/2026 04:00","411.25",""
"24/04/2026 00:00 - 25/04/2026 00:00","CTA|DE(50Hertz)","KW Boxberg Block N","11WD8BOXB1L---N8","Fossil Brown coal/Lignite","11WD8BOXB1L---N8","24/04/2026 04:00 - 24/04/2026 05:00","494.50",""
"24/04/2026 00:00 - 25/04/2026 00:00","CTA|DE(50Hertz)","KW Boxberg Block N","11WD8BOXB1L---N8","Fossil Brown coal/Lignite","11WD8BOXB1L---N8","24/04/2026 05:00 - 24/04/2026 06:00","494.25",""
"24/04/2026 00:00 - 25/04/2026 00:00","CTA|DE(50Hertz)","KW Boxberg Block N","11WD8BOXB1L---N8","Fossil Brown coal/Lignite","11WD8BOXB1L---N8","24/04/2026 06:00 - 24/04/2026 07:00","491.50",""
"24/04/2026 00:00 - 25/04/2026 00:00","CTA|DE(50Hertz)","KW Boxberg Block N","11WD8BOXB1L---N8","Fossil Brown coal/Lignite","11WD8BOXB1L---N8","24/04/2026 07:00 - 24/04/2026 08:00","491.50",""
"24/04/2026 00:00 - 25/04/2026 00:00","CTA|DE(50Hertz)","KW Boxberg Block N","11WD8BOXB1L---N8","Fossil Brown coal/Lignite","11WD8BOXB1L---N8","24/04/2026 08:00 - 24/04/2026 09:00","492.50",""
"24/04/2026 00:00 - 25/04/2026 00:00","CTA|DE(50Hertz)","KW Boxberg Block N","11WD8BOXB1L---N8","Fossil Brown coal/Lignite","11WD8BOXB1L---N8","24/04/2026 09:00 - 24/04/2026 10:00","447.00",""
"24/04/2026 00:00 - 25/04/2026 00:00","CTA|DE(50Hertz)","KW Boxberg Block N","11WD8BOXB1L---N8","Fossil Brown coal/Lignite","11WD8BOXB1L---N8","24/04/2026 10:00 - 24/04/2026 11:00","388.25",""
"24/04/2026 00:00 - 25/04/2026 00:00","CTA|DE(50Hertz)","KW Boxberg Block N","11WD8BOXB1L---N8","Fossil Brown coal/Lignite","11WD8BOXB1L---N8","24/04/2026 11:00 - 24/04/2026 12:00","360.00",""
"24/04/2026 00:00 - 25/04/2026 00:00","CTA|DE(50Hertz)","KW Boxberg Block N","11WD8BOXB1L---N8","Fossil Brown coal/Lignite","11WD8BOXB1L---N8","24/04/2026 12:00 - 24/04/2026 13:00","364.25",""
"24/04/2026 00:00 - 25/04/2026 00:00","CTA|DE(50Hertz)","KW Boxberg Block N","11WD8BOXB1L---N8","Fossil Brown coal/Lignite","11WD8BOXB1L---N8","24/04/2026 13:00 - 24/04/2026 14:00","364.50",""
"24/04/2026 00:00 - 25/04/2026 00:00","CTA|DE(50Hertz)","KW Boxberg Block N","11WD8BOXB1L---N8","Fossil Brown coal/Lignite","11WD8BOXB1L---N8","24/04/2026 14:00 - 24/04/2026 15:00","364.75",""
"24/04/2026 00:00 - 25/04/2026 00:00","CTA|DE(50Hertz)","KW Boxberg Block N","11WD8BOXB1L---N8","Fossil Brown coal/Lignite","11WD8BOXB1L---N8","24/04/2026 15:00 - 24/04/2026 16:00","363.00",""
"24/04/2026 00:00 - 25/04/2026 00:00","CTA|DE(50Hertz)","KW Boxberg Block N","11WD8BOXB1L---N8","Fossil Brown coal/Lignite","11WD8BOXB1L---N8","24/04/2026 16:00 - 24/04/2026 17:00","365.25",""
"24/04/2026 00:00 - 25/04/2026 00:00","CTA|DE(50Hertz)","KW Boxberg Block N","11WD8BOXB1L---N8","Fossil Brown coal/Lignite","11WD8BOXB1L---N8","24/04/2026 17:00 - 24/04/2026 18:00","387.25",""
"24/04/2026 00:00 - 25/04/2026 00:00","CTA|DE(50Hertz)","KW Boxberg Block N","11WD8BOXB1L---N8","Fossil Brown coal/Lignite","11WD8BOXB1L---N8","24/04/2026 18:00 - 24/04/2026 19:00","446.00",""
"24/04/2026 00:00 - 25/04/2026 00:00","CTA|DE(50Hertz)","KW Boxberg Block N","11WD8BOXB1L---N8","Fossil Brown coal/Lignite","11WD8BOXB1L---N8","24/04/2026 19:00 - 24/04/2026 20:00","488.25",""
"24/04/2026 00:00 - 25/04/2026 00:00","CTA|DE(50Hertz)","KW Boxberg Block N","11WD8BOXB1L---N8","Fossil Brown coal/Lignite","11WD8BOXB1L---N8","24/04/2026 20:00 - 24/04/2026 21:00","489.75",""
"24/04/2026 00:00 - 25/04/2026 00:00","CTA|DE(50Hertz)","KW Boxberg Block N","11WD8BOXB1L---N8","Fossil Brown coal/Lignite","11WD8BOXB1L---N8","24/04/2026 21:00 - 24/04/2026 22:00","493.75",""
"24/04/2026 00:00 - 25/04/2026 00:00","CTA|DE(50Hertz)","KW Boxberg Block N","11WD8BOXB1L---N8","Fossil Brown coal/Lignite","11WD8BOXB1L---N8","24/04/2026 22:00 - 24/04/2026 23:00","497.75",""
"24/04/2026 00:00 - 25/04/2026 00:00","CTA|DE(50Hertz)","KW Boxberg Block N","11WD8BOXB1L---N8","Fossil Brown coal/Lignite","11WD8BOXB1L---N8","24/04/2026 23:00 - 25/04/2026 00:00","497.75",""
"24/04/2026 00:00 - 25/04/2026 00:00","CTA|DE(50Hertz)","KW Boxberg Block P","11WD8BOXB1L---P4","Fossil Brown coal/Lignite","11WD8BOXB1L---P4","24/04/2026 00:00 - 24/04/2026 01:00","0.00",""
"24/04/2026 00:00 - 25/04/2026 00:00","CTA|DE(50Hertz)","KW Boxberg Block P","11WD8BOXB1L---P4","Fossil Brown coal/Lignite","11WD8BOXB1L---P4","24/04/2026 01:00 - 24/04/2026 02:00","0.00",""
"24/04/2026 00:00 - 25/04/2026 00:00","CTA|DE(50Hertz)","KW Boxberg Block P","11WD8BOXB1L---P4","Fossil Brown coal/Lignite","11WD8BOXB1L---P4","24/04/2026 02:00 - 24/04/2026 03:00","0.00",""
"24/04/2026 00:00 - 25/04/2026 00:00","CTA|DE(50Hertz)","KW Boxberg Block P","11WD8BOXB1L---P4","Fossil Brown coal/Lignite","11WD8BOXB1L---P4","24/04/2026 03:00 - 24/04/2026 04:00","0.00",""
"24/04/2026 00:00 - 25/04/2026 00:00","CTA|DE(50Hertz)","KW Boxberg Block P","11WD8BOXB1L---P4","Fossil Brown coal/Lignite","11WD8BOXB1L---P4","24/04/2026 04:00 - 24/04/2026 05:00","0.00",""
"24/04/2026 00:00 - 25/04/2026 00:00","CTA|DE(50Hertz)","KW Boxberg Block P","11WD8BOXB1L---P4","Fossil Brown coal/Lignite","11WD8BOXB1L---P4","24/04/2026 05:00 - 24/04/2026 06:00","0.00",""
"24/04/2026 00:00 - 25/04/2026 00:00","CTA|DE(50Hertz)","KW Boxberg Block P","11WD8BOXB1L---P4","Fossil Brown coal/Lignite","11WD8BOXB1L---P4","24/04/2026 06:00 - 24/04/2026 07:00","0.00",""
"24/04/2026 00:00 - 25/04/2026 00:00","CTA|DE(50Hertz)","KW Boxberg Block P","11WD8BOXB1L---P4","Fossil Brown coal/Lignite","11WD8BOXB1L---P4","24/04/2026 07:00 - 24/04/2026 08:00","0.00",""
"24/04/2026 00:00 - 25/04/2026 00:00","CTA|DE(50Hertz)","KW Boxberg Block P","11WD8BOXB1L---P4","Fossil Brown coal/Lignite","11WD8BOXB1L---P4","24/04/2026 08:00 - 24/04/2026 09:00","0.00",""
"24/04/2026 00:00 - 25/04/2026 00:00","CTA|DE(50Hertz)","KW Boxberg Block P","11WD8BOXB1L---P4","Fossil Brown coal/Lignite","11WD8BOXB1L---P4","24/04/2026 09:00 - 24/04/2026 10:00","0.00",""
"24/04/2026 00:00 - 25/04/2026 00:00","CTA|DE(50Hertz)","KW Boxberg Block P","11WD8BOXB1L---P4","Fossil Brown coal/Lignite","11WD8BOXB1L---P4","24/04/2026 10:00 - 24/04/2026 11:00","0.00",""
"24/04/2026 00:00 - 25/04/2026 00:00","CTA|DE(50Hertz)","KW Boxberg Block P","11WD8BOXB1L---P4","Fossil Brown coal/Lignite","11WD8BOXB1L---P4","24/04/2026 11:00 - 24/04/2026 12:00","0.00",""
"24/04/2026 00:00 - 25/04/2026 00:00","CTA|DE(50Hertz)","KW Boxberg Block P","11WD8BOXB1L---P4","Fossil Brown coal/Lignite","11WD8BOXB1L---P4","24/04/2026 12:00 - 24/04/2026 13:00","0.00",""
"24/04/2026 00:00 - 25/04/2026 00:00","CTA|DE(50Hertz)","KW Boxberg Block P","11WD8BOXB1L---P4","Fossil Brown coal/Lignite","11WD8BOXB1L---P4","24/04/2026 13:00 - 24/04/2026 14:00","0.00",""
"24/04/2026 00:00 - 25/04/2026 00:00","CTA|DE(50Hertz)","KW Boxberg Block P","11WD8BOXB1L---P4","Fossil Brown coal/Lignite","11WD8BOXB1L---P4","24/04/2026 14:00 - 24/04/2026 15:00","0.00",""
"24/04/2026 00:00 - 25/04/2026 00:00","CTA|DE(50Hertz)","KW Boxberg Block P","11WD8BOXB1L---P4","Fossil Brown coal/Lignite","11WD8BOXB1L---P4","24/04/2026 15:00 - 24/04/2026 16:00","0.00",""
"24/04/2026 00:00 - 25/04/2026 00:00","CTA|DE(50Hertz)","KW Boxberg Block P","11WD8BOXB1L---P4","Fossil Brown coal/Lignite","11WD8BOXB1L---P4","24/04/2026 16:00 - 24/04/2026 17:00","0.00",""
"24/04/2026 00:00 - 25/04/2026 00:00","CTA|DE(50Hertz)","KW Boxberg Block P","11WD8BOXB1L---P4","Fossil Brown coal/Lignite","11WD8BOXB1L---P4","24/04/2026 17:00 - 24/04/2026 18:00","0.00",""
"24/04/2026 00:00 - 25/04/2026 00:00","CTA|DE(50Hertz)","KW Boxberg Block P","11WD8BOXB1L---P4","Fossil Brown coal/Lignite","11WD8BOXB1L---P4","24/04/2026 18:00 - 24/04/2026 19:00","0.00",""
"24/04/2026 00:00 - 25/04/2026 00:00","CTA|DE(50Hertz)","KW Boxberg Block P","11WD8BOXB1L---P4","Fossil Brown coal/Lignite","11WD8BOXB1L---P4","24/04/2026 19:00 - 24/04/2026 20:00","0.00",""
"24/04/2026 00:00 - 25/04/2026 00:00","CTA|DE(50Hertz)","KW Boxberg Block P","11WD8BOXB1L---P4","Fossil Brown coal/Lignite","11WD8BOXB1L---P4","24/04/2026 20:00 - 24/04/2026 21:00","0.00",""
"24/04/2026 00:00 - 25/04/2026 00:00","CTA|DE(50Hertz)","KW Boxberg Block P","11WD8BOXB1L---P4","Fossil Brown coal/Lignite","11WD8BOXB1L---P4","24/04/2026 21:00 - 24/04/2026 22:00","0.00",""
"24/04/2026 00:00 - 25/04/2026 00:00","CTA|DE(50Hertz)","KW Boxberg Block P","11WD8BOXB1L---P4","Fossil Brown coal/Lignite","11WD8BOXB1L---P4","24/04/2026 22:00 - 24/04/2026 23:00","0.00",""
"24/04/2026 00:00 - 25/04/2026 00:00","CTA|DE(50Hertz)","KW Boxberg Block P","11WD8BOXB1L---P4","Fossil Brown coal/Lignite","11WD8BOXB1L---P4","24/04/2026 23:00 - 25/04/2026 00:00","0.00",""
"24/04/2026 00:00 - 25/04/2026 00:00","CTA|DE(50Hertz)","KW Boxberg Block Q","11WD8BOXB1L---Q2","Fossil Brown coal/Lignite","11WD8BOXB1L---Q2","24/04/2026 00:00 - 24/04/2026 01:00","548.00",""
"24/04/2026 00:00 - 25/04/2026 00:00","CTA|DE(50Hertz)","KW Boxberg Block Q","11WD8BOXB1L---Q2","Fossil Brown coal/Lignite","11WD8BOXB1L---Q2","24/04/2026 01:00 - 24/04/2026 02:00","550.50",""
"24/04/2026 00:00 - 25/04/2026 00:00","CTA|DE(50Hertz)","KW Boxberg Block Q","11WD8BOXB1L---Q2","Fossil Brown coal/Lignite","11WD8BOXB1L---Q2","24/04/2026 02:00 - 24/04/2026 03:00","550.50",""
"24/04/2026 00:00 - 25/04/2026 00:00","CTA|DE(50Hertz)","KW Boxberg Block Q","11WD8BOXB1L---Q2","Fossil Brown coal/Lignite","11WD8BOXB1L---Q2","24/04/2026 03:00 - 24/04/2026 04:00","578.25",""
"24/04/2026 00:00 - 25/04/2026 00:00","CTA|DE(50Hertz)","KW Boxberg Block Q","11WD8BOXB1L---Q2","Fossil Brown coal/Lignite","11WD8BOXB1L---Q2","24/04/2026 04:00 - 24/04/2026 05:00","776.50",""
"24/04/2026 00:00 - 25/04/2026 00:00","CTA|DE(50Hertz)","KW Boxberg Block Q","11WD8BOXB1L---Q2","Fossil Brown coal/Lignite","11WD8BOXB1L---Q2","24/04/2026 05:00 - 24/04/2026 06:00","825.00",""
"24/04/2026 00:00 - 25/04/2026 00:00","CTA|DE(50Hertz)","KW Boxberg Block Q","11WD8BOXB1L---Q2","Fossil Brown coal/Lignite","11WD8BOXB1L---Q2","24/04/2026 06:00 - 24/04/2026 07:00","826.75",""
"24/04/2026 00:00 - 25/04/2026 00:00","CTA|DE(50Hertz)","KW Boxberg Block Q","11WD8BOXB1L---Q2","Fossil Brown coal/Lignite","11WD8BOXB1L---Q2","24/04/2026 07:00 - 24/04/2026 08:00","825.75",""
"24/04/2026 00:00 - 25/04/2026 00:00","CTA|DE(50Hertz)","KW Boxberg Block Q","11WD8BOXB1L---Q2","Fossil Brown coal/Lignite","11WD8BOXB1L---Q2","24/04/2026 08:00 - 24/04/2026 09:00","773.75",""
"24/04/2026 00:00 - 25/04/2026 00:00","CTA|DE(50Hertz)","KW Boxberg Block Q","11WD8BOXB1L---Q2","Fossil Brown coal/Lignite","11WD8BOXB1L---Q2","24/04/2026 09:00 - 24/04/2026 10:00","541.50",""
"24/04/2026 00:00 - 25/04/2026 00:00","CTA|DE(50Hertz)","KW Boxberg Block Q","11WD8BOXB1L---Q2","Fossil Brown coal/Lignite","11WD8BOXB1L---Q2","24/04/2026 10:00 - 24/04/2026 11:00","383.75",""
"24/04/2026 00:00 - 25/04/2026 00:00","CTA|DE(50Hertz)","KW Boxberg Block Q","11WD8BOXB1L---Q2","Fossil Brown coal/Lignite","11WD8BOXB1L---Q2","24/04/2026 11:00 - 24/04/2026 12:00","363.25",""
"24/04/2026 00:00 - 25/04/2026 00:00","CTA|DE(50Hertz)","KW Boxberg Block Q","11WD8BOXB1L---Q2","Fossil Brown coal/Lignite","11WD8BOXB1L---Q2","24/04/2026 12:00 - 24/04/2026 13:00","360.00",""
"24/04/2026 00:00 - 25/04/2026 00:00","CTA|DE(50Hertz)","KW Boxberg Block Q","11WD8BOXB1L---Q2","Fossil Brown coal/Lignite","11WD8BOXB1L---Q2","24/04/2026 13:00 - 24/04/2026 14:00","376.00",""
"24/04/2026 00:00 - 25/04/2026 00:00","CTA|DE(50Hertz)","KW Boxberg Block Q","11WD8BOXB1L---Q2","Fossil Brown coal/Lignite","11WD8BOXB1L---Q2","24/04/2026 14:00 - 24/04/2026 15:00","384.75",""
"24/04/2026 00:00 - 25/04/2026 00:00","CTA|DE(50Hertz)","KW Boxberg Block Q","11WD8BOXB1L---Q2","Fossil Brown coal/Lignite","11WD8BOXB1L---Q2","24/04/2026 15:00 - 24/04/2026 16:00","436.75",""
"24/04/2026 00:00 - 25/04/2026 00:00","CTA|DE(50Hertz)","KW Boxberg Block Q","11WD8BOXB1L---Q2","Fossil Brown coal/Lignite","11WD8BOXB1L---Q2","24/04/2026 16:00 - 24/04/2026 17:00","561.75",""
"24/04/2026 00:00 - 25/04/2026 00:00","CTA|DE(50Hertz)","KW Boxberg Block Q","11WD8BOXB1L---Q2","Fossil Brown coal/Lignite","11WD8BOXB1L---Q2","24/04/2026 17:00 - 24/04/2026 18:00","568.50",""
"24/04/2026 00:00 - 25/04/2026 00:00","CTA|DE(50Hertz)","KW Boxberg Block Q","11WD8BOXB1L---Q2","Fossil Brown coal/Lignite","11WD8BOXB1L---Q2","24/04/2026 18:00 - 24/04/2026 19:00","759.75",""
"24/04/2026 00:00 - 25/04/2026 00:00","CTA|DE(50Hertz)","KW Boxberg Block Q","11WD8BOXB1L---Q2","Fossil Brown coal/Lignite","11WD8BOXB1L---Q2","24/04/2026 19:00 - 24/04/2026 20:00","822.50",""
"24/04/2026 00:00 - 25/04/2026 00:00","CTA|DE(50Hertz)","KW Boxberg Block Q","11WD8BOXB1L---Q2","Fossil Brown coal/Lignite","11WD8BOXB1L---Q2","24/04/2026 20:00 - 24/04/2026 21:00","825.00",""
"24/04/2026 00:00 - 25/04/2026 00:00","CTA|DE(50Hertz)","KW Boxberg Block Q","11WD8BOXB1L---Q2","Fossil Brown coal/Lignite","11WD8BOXB1L---Q2","24/04/2026 21:00 - 24/04/2026 22:00","829.00",""
"24/04/2026 00:00 - 25/04/2026 00:00","CTA|DE(50Hertz)","KW Boxberg Block Q","11WD8BOXB1L---Q2","Fossil Brown coal/Lignite","11WD8BOXB1L---Q2","24/04/2026 22:00 - 24/04/2026 23:00","827.75",""
"24/04/2026 00:00 - 25/04/2026 00:00","CTA|DE(50Hertz)","KW Boxberg Block Q","11WD8BOXB1L---Q2","Fossil Brown coal/Lignite","11WD8BOXB1L---Q2","24/04/2026 23:00 - 25/04/2026 00:00","826.75",""
"24/04/2026 00:00 - 25/04/2026 00:00","CTA|DE(50Hertz)","KW Boxberg Block R","11WD8BOXB1L---R0","Fossil Brown coal/Lignite","11WD8BOXB1L---R0","24/04/2026 00:00 - 24/04/2026 01:00","388.50",""
"24/04/2026 00:00 - 25/04/2026 00:00","CTA|DE(50Hertz)","KW Boxberg Block R","11WD8BOXB1L---R0","Fossil Brown coal/Lignite","11WD8BOXB1L---R0","24/04/2026 01:00 - 24/04/2026 02:00","392.00",""
"24/04/2026 00:00 - 25/04/2026 00:00","CTA|DE(50Hertz)","KW Boxberg Block R","11WD8BOXB1L---R0","Fossil Brown coal/Lignite","11WD8BOXB1L---R0","24/04/2026 02:00 - 24/04/2026 03:00","392.00",""
"24/04/2026 00:00 - 25/04/2026 00:00","CTA|DE(50Hertz)","KW Boxberg Block R","11WD8BOXB1L---R0","Fossil Brown coal/Lignite","11WD8BOXB1L---R0","24/04/2026 03:00 - 24/04/2026 04:00","463.00",""
"24/04/2026 00:00 - 25/04/2026 00:00","CTA|DE(50Hertz)","KW Boxberg Block R","11WD8BOXB1L---R0","Fossil Brown coal/Lignite","11WD8BOXB1L---R0","24/04/2026 04:00 - 24/04/2026 05:00","585.00",""
"24/04/2026 00:00 - 25/04/2026 00:00","CTA|DE(50Hertz)","KW Boxberg Block R","11WD8BOXB1L---R0","Fossil Brown coal/Lignite","11WD8BOXB1L---R0","24/04/2026 05:00 - 24/04/2026 06:00","596.25",""
"24/04/2026 00:00 - 25/04/2026 00:00","CTA|DE(50Hertz)","KW Boxberg Block R","11WD8BOXB1L---R0","Fossil Brown coal/Lignite","11WD8BOXB1L---R0","24/04/2026 06:00 - 24/04/2026 07:00","595.75",""
"24/04/2026 00:00 - 25/04/2026 00:00","CTA|DE(50Hertz)","KW Boxberg Block R","11WD8BOXB1L---R0","Fossil Brown coal/Lignite","11WD8BOXB1L---R0","24/04/2026 07:00 - 24/04/2026 08:00","586.50",""
"24/04/2026 00:00 - 25/04/2026 00:00","CTA|DE(50Hertz)","KW Boxberg Block R","11WD8BOXB1L---R0","Fossil Brown coal/Lignite","11WD8BOXB1L---R0","24/04/2026 08:00 - 24/04/2026 09:00","574.25",""
"24/04/2026 00:00 - 25/04/2026 00:00","CTA|DE(50Hertz)","KW Boxberg Block R","11WD8BOXB1L---R0","Fossil Brown coal/Lignite","11WD8BOXB1L---R0","24/04/2026 09:00 - 24/04/2026 10:00","490.25",""
"24/04/2026 00:00 - 25/04/2026 00:00","CTA|DE(50Hertz)","KW Boxberg Block R","11WD8BOXB1L---R0","Fossil Brown coal/Lignite","11WD8BOXB1L---R0","24/04/2026 10:00 - 24/04/2026 11:00","343.00",""
"24/04/2026 00:00 - 25/04/2026 00:00","CTA|DE(50Hertz)","KW Boxberg Block R","11WD8BOXB1L---R0","Fossil Brown coal/Lignite","11WD8BOXB1L---R0","24/04/2026 11:00 - 24/04/2026 12:00","231.00",""
"24/04/2026 00:00 - 25/04/2026 00:00","CTA|DE(50Hertz)","KW Boxberg Block R","11WD8BOXB1L---R0","Fossil Brown coal/Lignite","11WD8BOXB1L---R0","24/04/2026 12:00 - 24/04/2026 13:00","195.25",""
"24/04/2026 00:00 - 25/04/2026 00:00","CTA|DE(50Hertz)","KW Boxberg Block R","11WD8BOXB1L---R0","Fossil Brown coal/Lignite","11WD8BOXB1L---R0","24/04/2026 13:00 - 24/04/2026 14:00","198.50",""
"24/04/2026 00:00 - 25/04/2026 00:00","CTA|DE(50Hertz)","KW Boxberg Block R","11WD8BOXB1L---R0","Fossil Brown coal/Lignite","11WD8BOXB1L---R0","24/04/2026 14:00 - 24/04/2026 15:00","193.75",""
"24/04/2026 00:00 - 25/04/2026 00:00","CTA|DE(50Hertz)","KW Boxberg Block R","11WD8BOXB1L---R0","Fossil Brown coal/Lignite","11WD8BOXB1L---R0","24/04/2026 15:00 - 24/04/2026 16:00","249.50",""
"24/04/2026 00:00 - 25/04/2026 00:00","CTA|DE(50Hertz)","KW Boxberg Block R","11WD8BOXB1L---R0","Fossil Brown coal/Lignite","11WD8BOXB1L---R0","24/04/2026 16:00 - 24/04/2026 17:00","309.50",""
"24/04/2026 00:00 - 25/04/2026 00:00","CTA|DE(50Hertz)","KW Boxberg Block R","11WD8BOXB1L---R0","Fossil Brown coal/Lignite","11WD8BOXB1L---R0","24/04/2026 17:00 - 24/04/2026 18:00","346.00",""
"24/04/2026 00:00 - 25/04/2026 00:00","CTA|DE(50Hertz)","KW Boxberg Block R","11WD8BOXB1L---R0","Fossil Brown coal/Lignite","11WD8BOXB1L---R0","24/04/2026 18:00 - 24/04/2026 19:00","470.75",""
"24/04/2026 00:00 - 25/04/2026 00:00","CTA|DE(50Hertz)","KW Boxberg Block R","11WD8BOXB1L---R0","Fossil Brown coal/Lignite","11WD8BOXB1L---R0","24/04/2026 19:00 - 24/04/2026 20:00","570.75",""
"24/04/2026 00:00 - 25/04/2026 00:00","CTA|DE(50Hertz)","KW Boxberg Block R","11WD8BOXB1L---R0","Fossil Brown coal/Lignite","11WD8BOXB1L---R0","24/04/2026 20:00 - 24/04/2026 21:00","584.00",""
"24/04/2026 00:00 - 25/04/2026 00:00","CTA|DE(50Hertz)","KW Boxberg Block R","11WD8BOXB1L---R0","Fossil Brown coal/Lignite","11WD8BOXB1L---R0","24/04/2026 21:00 - 24/04/2026 22:00","588.00",""
"24/04/2026 00:00 - 25/04/2026 00:00","CTA|DE(50Hertz)","KW Boxberg Block R","11WD8BOXB1L---R0","Fossil Brown coal/Lignite","11WD8BOXB1L---R0","24/04/2026 22:00 - 24/04/2026 23:00","586.75",""
"24/04/2026 00:00 - 25/04/2026 00:00","CTA|DE(50Hertz)","KW Boxberg Block R","11WD8BOXB1L---R0","Fossil Brown coal/Lignite","11WD8BOXB1L---R0","24/04/2026 23:00 - 25/04/2026 00:00","589.50",""
"24/04/2026 00:00 - 25/04/2026 00:00","CTA|DE(50Hertz)","GTHKW Nossener Bruecke","11WD8DRES5X----D","Fossil Gas","11WD8DRES5X----D","24/04/2026 00:00 - 24/04/2026 01:00","154.53",""
"24/04/2026 00:00 - 25/04/2026 00:00","CTA|DE(50Hertz)","GTHKW Nossener Bruecke","11WD8DRES5X----D","Fossil Gas","11WD8DRES5X----D","24/04/2026 01:00 - 24/04/2026 02:00","154.97",""
"24/04/2026 00:00 - 25/04/2026 00:00","CTA|DE(50Hertz)","GTHKW Nossener Bruecke","11WD8DRES5X----D","Fossil Gas","11WD8DRES5X----D","24/04/2026 02:00 - 24/04/2026 03:00","155.38",""
"24/04/2026 00:00 - 25/04/2026 00:00","CTA|DE(50Hertz)","GTHKW Nossener Bruecke","11WD8DRES5X----D","Fossil Gas","11WD8DRES5X----D","24/04/2026 03:00 - 24/04/2026 04:00","155.72",""
"24/04/2026 00:00 - 25/04/2026 00:00","CTA|DE(50Hertz)","GTHKW Nossener Bruecke","11WD8DRES5X----D","Fossil Gas","11WD8DRES5X----D","24/04/2026 04:00 - 24/04/2026 05:00","156.55",""
"24/04/2026 00:00 - 25/04/2026 00:00","CTA|DE(50Hertz)","GTHKW Nossener Bruecke","11WD8DRES5X----D","Fossil Gas","11WD8DRES5X----D","24/04/2026 05:00 - 24/04/2026 06:00","157.28",""
"24/04/2026 00:00 - 25/04/2026 00:00","CTA|DE(50Hertz)","GTHKW Nossener Bruecke","11WD8DRES5X----D","Fossil Gas","11WD8DRES5X----D","24/04/2026 06:00 - 24/04/2026 07:00","154.82",""
"24/04/2026 00:00 - 25/04/2026 00:00","CTA|DE(50Hertz)","GTHKW Nossener Bruecke","11WD8DRES5X----D","Fossil Gas","11WD8DRES5X----D","24/04/2026 07:00 - 24/04/2026 08:00","154.63",""
"24/04/2026 00:00 - 25/04/2026 00:00","CTA|DE(50Hertz)","GTHKW Nossener Bruecke","11WD8DRES5X----D","Fossil Gas","11WD8DRES5X----D","24/04/2026 08:00 - 24/04/2026 09:00","154.55",""
"24/04/2026 00:00 - 25/04/2026 00:00","CTA|DE(50Hertz)","GTHKW Nossener Bruecke","11WD8DRES5X----D","Fossil Gas","11WD8DRES5X----D","24/04/2026 09:00 - 24/04/2026 10:00","146.30",""
"24/04/2026 00:00 - 25/04/2026 00:00","CTA|DE(50Hertz)","GTHKW Nossener Bruecke","11WD8DRES5X----D","Fossil Gas","11WD8DRES5X----D","24/04/2026 10:00 - 24/04/2026 11:00","90.38",""
"24/04/2026 00:00 - 25/04/2026 00:00","CTA|DE(50Hertz)","GTHKW Nossener Bruecke","11WD8DRES5X----D","Fossil Gas","11WD8DRES5X----D","24/04/2026 11:00 - 24/04/2026 12:00","96.97",""
"24/04/2026 00:00 - 25/04/2026 00:00","CTA|DE(50Hertz)","GTHKW Nossener Bruecke","11WD8DRES5X----D","Fossil Gas","11WD8DRES5X----D","24/04/2026 12:00 - 24/04/2026 13:00","113.55",""
"24/04/2026 00:00 - 25/04/2026 00:00","CTA|DE(50Hertz)","GTHKW Nossener Bruecke","11WD8DRES5X----D","Fossil Gas","11WD8DRES5X----D","24/04/2026 13:00 - 24/04/2026 14:00","97.40",""
"24/04/2026 00:00 - 25/04/2026 00:00","CTA|DE(50Hertz)","GTHKW Nossener Bruecke","11WD8DRES5X----D","Fossil Gas","11WD8DRES5X----D","24/04/2026 14:00 - 24/04/2026 15:00","45.13",""
"24/04/2026 00:00 - 25/04/2026 00:00","CTA|DE(50Hertz)","GTHKW Nossener Bruecke","11WD8DRES5X----D","Fossil Gas","11WD8DRES5X----D","24/04/2026 15:00 - 24/04/2026 16:00","27.77",""
"24/04/2026 00:00 - 25/04/2026 00:00","CTA|DE(50Hertz)","GTHKW Nossener Bruecke","11WD8DRES5X----D","Fossil Gas","11WD8DRES5X----D","24/04/2026 16:00 - 24/04/2026 17:00","27.70",""
"24/04/2026 00:00 - 25/04/2026 00:00","CTA|DE(50Hertz)","GTHKW Nossener Bruecke","11WD8DRES5X----D","Fossil Gas","11WD8DRES5X----D","24/04/2026 17:00 - 24/04/2026 18:00","30.57",""
"24/04/2026 00:00 - 25/04/2026 00:00","CTA|DE(50Hertz)","GTHKW Nossener Bruecke","11WD8DRES5X----D","Fossil Gas","11WD8DRES5X----D","24/04/2026 18:00 - 24/04/2026 19:00","151.93",""
"24/04/2026 00:00 - 25/04/2026 00:00","CTA|DE(50Hertz)","GTHKW Nossener Bruecke","11WD8DRES5X----D","Fossil Gas","11WD8DRES5X----D","24/04/2026 19:00 - 24/04/2026 20:00","153.63",""
"24/04/2026 00:00 - 25/04/2026 00:00","CTA|DE(50Hertz)","GTHKW Nossener Bruecke","11WD8DRES5X----D","Fossil Gas","11WD8DRES5X----D","24/04/2026 20:00 - 24/04/2026 21:00","154.32",""
"24/04/2026 00:00 - 25/04/2026 00:00","CTA|DE(50Hertz)","GTHKW Nossener Bruecke","11WD8DRES5X----D","Fossil Gas","11WD8DRES5X----D","24/04/2026 21:00 - 24/04/2026 22:00","154.78",""
"24/04/2026 00:00 - 25/04/2026 00:00","CTA|DE(50Hertz)","GTHKW Nossener Bruecke","11WD8DRES5X----D","Fossil Gas","11WD8DRES5X----D","24/04/2026 22:00 - 24/04/2026 23:00","154.38",""
"24/04/2026 00:00 - 25/04/2026 00:00","CTA|DE(50Hertz)","GTHKW Nossener Bruecke","11WD8DRES5X----D","Fossil Gas","11WD8DRES5X----D","24/04/2026 23:00 - 25/04/2026 00:00","153.18",""
"24/04/2026 00:00 - 25/04/2026 00:00","CTA|DE(50Hertz)","PSW Goldisthal PSS A","11WD8GOLD1H---AL","Hydro Pumped Storage","11WD8GOLD1H---AL","24/04/2026 00:00 - 24/04/2026 01:00","0.00",""
"24/04/2026 00:00 - 25/04/2026 00:00","CTA|DE(50Hertz)","PSW Goldisthal PSS A","11WD8GOLD1H---AL","Hydro Pumped Storage","11WD8GOLD1H---AL","24/04/2026 01:00 - 24/04/2026 02:00","0.00",""
"24/04/2026 00:00 - 25/04/2026 00:00","CTA|DE(50Hertz)","PSW Goldisthal PSS A","11WD8GOLD1H---AL","Hydro Pumped Storage","11WD8GOLD1H---AL","24/04/2026 02:00 - 24/04/2026 03:00","0.00",""
"24/04/2026 00:00 - 25/04/2026 00:00","CTA|DE(50Hertz)","PSW Goldisthal PSS A","11WD8GOLD1H---AL","Hydro Pumped Storage","11WD8GOLD1H---AL","24/04/2026 03:00 - 24/04/2026 04:00","0.00",""
"24/04/2026 00:00 - 25/04/2026 00:00","CTA|DE(50Hertz)","PSW Goldisthal PSS A","11WD8GOLD1H---AL","Hydro Pumped Storage","11WD8GOLD1H---AL","24/04/2026 04:00 - 24/04/2026 05:00","0.00",""
"24/04/2026 00:00 - 25/04/2026 00:00","CTA|DE(50Hertz)","PSW Goldisthal PSS A","11WD8GOLD1H---AL","Hydro Pumped Storage","11WD8GOLD1H---AL","24/04/2026 05:00 - 24/04/2026 06:00","0.00",""
"24/04/2026 00:00 - 25/04/2026 00:00","CTA|DE(50Hertz)","PSW Goldisthal PSS A","11WD8GOLD1H---AL","Hydro Pumped Storage","11WD8GOLD1H---AL","24/04/2026 06:00 - 24/04/2026 07:00","0.00",""
"24/04/2026 00:00 - 25/04/2026 00:00","CTA|DE(50Hertz)","PSW Goldisthal PSS A","11WD8GOLD1H---AL","Hydro Pumped Storage","11WD8GOLD1H---AL","24/04/2026 07:00 - 24/04/2026 08:00","0.00",""
"24/04/2026 00:00 - 25/04/2026 00:00","CTA|DE(50Hertz)","PSW Goldisthal PSS A","11WD8GOLD1H---AL","Hydro Pumped Storage","11WD8GOLD1H---AL","24/04/2026 08:00 - 24/04/2026 09:00","0.00",""
"24/04/2026 00:00 - 25/04/2026 00:00","CTA|DE(50Hertz)","PSW Goldisthal PSS A","11WD8GOLD1H---AL","Hydro Pumped Storage","11WD8GOLD1H---AL","24/04/2026 09:00 - 24/04/2026 10:00","0.00",""
"24/04/2026 00:00 - 25/04/2026 00:00","CTA|DE(50Hertz)","PSW Goldisthal PSS A","11WD8GOLD1H---AL","Hydro Pumped Storage","11WD8GOLD1H---AL","24/04/2026 10:00 - 24/04/2026 11:00","0.00",""
"24/04/2026 00:00 - 25/04/2026 00:00","CTA|DE(50Hertz)","PSW Goldisthal PSS A","11WD8GOLD1H---AL","Hydro Pumped Storage","11WD8GOLD1H---AL","24/04/2026 11:00 - 24/04/2026 12:00","0.00",""
"24/04/2026 00:00 - 25/04/2026 00:00","CTA|DE(50Hertz)","PSW Goldisthal PSS A","11WD8GOLD1H---AL","Hydro Pumped Storage","11WD8GOLD1H---AL","24/04/2026 12:00 - 24/04/2026 13:00","0.00",""
"24/04/2026 00:00 - 25/04/2026 00:00","CTA|DE(50Hertz)","PSW Goldisthal PSS A","11WD8GOLD1H---AL","Hydro Pumped Storage","11WD8GOLD1H---AL","24/04/2026 13:00 - 24/04/2026 14:00","0.00",""
"24/04/2026 00:00 - 25/04/2026 00:00","CTA|DE(50Hertz)","PSW Goldisthal PSS A","11WD8GOLD1H---AL","Hydro Pumped Storage","11WD8GOLD1H---AL","24/04/2026 14:00 - 24/04/2026 15:00","0.00",""
"24/04/2026 00:00 - 25/04/2026 00:00","CTA|DE(50Hertz)","PSW Goldisthal PSS A","11WD8GOLD1H---AL","Hydro Pumped Storage","11WD8GOLD1H---AL","24/04/2026 15:00 - 24/04/2026 16:00","0.00",""
"24/04/2026 00:00 - 25/04/2026 00:00","CTA|DE(50Hertz)","PSW Goldisthal PSS A","11WD8GOLD1H---AL","Hydro Pumped Storage","11WD8GOLD1H---AL","24/04/2026 16:00 - 24/04/2026 17:00","0.00",""
"24/04/2026 00:00 - 25/04/2026 00:00","CTA|DE(50Hertz)","PSW Goldisthal PSS A","11WD8GOLD1H---AL","Hydro Pumped Storage","11WD8GOLD1H---AL","24/04/2026 17:00 - 24/04/2026 18:00","0.00",""
"24/04/2026 00:00 - 25/04/2026 00:00","CTA|DE(50Hertz)","PSW Goldisthal PSS A","11WD8GOLD1H---AL","Hydro Pumped Storage","11WD8GOLD1H---AL","24/04/2026 18:00 - 24/04/2026 19:00","0.00",""
"24/04/2026 00:00 - 25/04/2026 00:00","CTA|DE(50Hertz)","PSW Goldisthal PSS A","11WD8GOLD1H---AL","Hydro Pumped Storage","11WD8GOLD1H---AL","24/04/2026 19:00 - 24/04/2026 20:00","0.00",""
"24/04/2026 00:00 - 25/04/2026 00:00","CTA|DE(50Hertz)","PSW Goldisthal PSS A","11WD8GOLD1H---AL","Hydro Pumped Storage","11WD8GOLD1H---AL","24/04/2026 20:00 - 24/04/2026 21:00","0.00",""
"24/04/2026 00:00 - 25/04/2026 00:00","CTA|DE(50Hertz)","PSW Goldisthal PSS A","11WD8GOLD1H---AL","Hydro Pumped Storage","11WD8GOLD1H---AL","24/04/2026 21:00 - 24/04/2026 22:00","0.00",""
"24/04/2026 00:00 - 25/04/2026 00:00","CTA|DE(50Hertz)","PSW Goldisthal PSS A","11WD8GOLD1H---AL","Hydro Pumped Storage","11WD8GOLD1H---AL","24/04/2026 22:00 - 24/04/2026 23:00","0.00",""
"24/04/2026 00:00 - 25/04/2026 00:00","CTA|DE(50Hertz)","PSW Goldisthal PSS A","11WD8GOLD1H---AL","Hydro Pumped Storage","11WD8GOLD1H---AL","24/04/2026 23:00 - 25/04/2026 00:00","0.00",""
"24/04/2026 00:00 - 25/04/2026 00:00","CTA|DE(50Hertz)","PSW Goldisthal PSS B","11WD8GOLD1H---BJ","Hydro Pumped Storage","11WD8GOLD1H---BJ","24/04/2026 00:00 - 24/04/2026 01:00","0.00",""
"24/04/2026 00:00 - 25/04/2026 00:00","CTA|DE(50Hertz)","PSW Goldisthal PSS B","11WD8GOLD1H---BJ","Hydro Pumped Storage","11WD8GOLD1H---BJ","24/04/2026 01:00 - 24/04/2026 02:00","0.00",""
"24/04/2026 00:00 - 25/04/2026 00:00","CTA|DE(50Hertz)","PSW Goldisthal PSS B","11WD8GOLD1H---BJ","Hydro Pumped Storage","11WD8GOLD1H---BJ","24/04/2026 02:00 - 24/04/2026 03:00","0.00",""
"24/04/2026 00:00 - 25/04/2026 00:00","CTA|DE(50Hertz)","PSW Goldisthal PSS B","11WD8GOLD1H---BJ","Hydro Pumped Storage","11WD8GOLD1H---BJ","24/04/2026 03:00 - 24/04/2026 04:00","0.00",""
"24/04/2026 00:00 - 25/04/2026 00:00","CTA|DE(50Hertz)","PSW Goldisthal PSS B","11WD8GOLD1H---BJ","Hydro Pumped Storage","11WD8GOLD1H---BJ","24/04/2026 04:00 - 24/04/2026 05:00","0.00",""
"24/04/2026 00:00 - 25/04/2026 00:00","CTA|DE(50Hertz)","PSW Goldisthal PSS B","11WD8GOLD1H---BJ","Hydro Pumped Storage","11WD8GOLD1H---BJ","24/04/2026 05:00 - 24/04/2026 06:00","0.00",""
"24/04/2026 00:00 - 25/04/2026 00:00","CTA|DE(50Hertz)","PSW Goldisthal PSS B","11WD8GOLD1H---BJ","Hydro Pumped Storage","11WD8GOLD1H---BJ","24/04/2026 06:00 - 24/04/2026 07:00","0.00",""
"24/04/2026 00:00 - 25/04/2026 00:00","CTA|DE(50Hertz)","PSW Goldisthal PSS B","11WD8GOLD1H---BJ","Hydro Pumped Storage","11WD8GOLD1H---BJ","24/04/2026 07:00 - 24/04/2026 08:00","0.00",""
"24/04/2026 00:00 - 25/04/2026 00:00","CTA|DE(50Hertz)","PSW Goldisthal PSS B","11WD8GOLD1H---BJ","Hydro Pumped Storage","11WD8GOLD1H---BJ","24/04/2026 08:00 - 24/04/2026 09:00","0.00",""
"24/04/2026 00:00 - 25/04/2026 00:00","CTA|DE(50Hertz)","PSW Goldisthal PSS B","11WD8GOLD1H---BJ","Hydro Pumped Storage","11WD8GOLD1H---BJ","24/04/2026 09:00 - 24/04/2026 10:00","0.00",""
"24/04/2026 00:00 - 25/04/2026 00:00","CTA|DE(50Hertz)","PSW Goldisthal PSS B","11WD8GOLD1H---BJ","Hydro Pumped Storage","11WD8GOLD1H---BJ","24/04/2026 10:00 - 24/04/2026 11:00","0.00",""
"24/04/2026 00:00 - 25/04/2026 00:00","CTA|DE(50Hertz)","PSW Goldisthal PSS B","11WD8GOLD1H---BJ","Hydro Pumped Storage","11WD8GOLD1H---BJ","24/04/2026 11:00 - 24/04/2026 12:00","0.00",""
"24/04/2026 00:00 - 25/04/2026 00:00","CTA|DE(50Hertz)","PSW Goldisthal PSS B","11WD8GOLD1H---BJ","Hydro Pumped Storage","11WD8GOLD1H---BJ","24/04/2026 12:00 - 24/04/2026 13:00","0.00",""
"24/04/2026 00:00 - 25/04/2026 00:00","CTA|DE(50Hertz)","PSW Goldisthal PSS B","11WD8GOLD1H---BJ","Hydro Pumped Storage","11WD8GOLD1H---BJ","24/04/2026 13:00 - 24/04/2026 14:00","0.00",""
"24/04/2026 00:00 - 25/04/2026 00:00","CTA|DE(50Hertz)","PSW Goldisthal PSS B","11WD8GOLD1H---BJ","Hydro Pumped Storage","11WD8GOLD1H---BJ","24/04/2026 14:00 - 24/04/2026 15:00","0.00",""
"24/04/2026 00:00 - 25/04/2026 00:00","CTA|DE(50Hertz)","PSW Goldisthal PSS B","11WD8GOLD1H---BJ","Hydro Pumped Storage","11WD8GOLD1H---BJ","24/04/2026 15:00 - 24/04/2026 16:00","0.00",""
"24/04/2026 00:00 - 25/04/2026 00:00","CTA|DE(50Hertz)","PSW Goldisthal PSS B","11WD8GOLD1H---BJ","Hydro Pumped Storage","11WD8GOLD1H---BJ","24/04/2026 16:00 - 24/04/2026 17:00","0.00",""
"24/04/2026 00:00 - 25/04/2026 00:00","CTA|DE(50Hertz)","PSW Goldisthal PSS B","11WD8GOLD1H---BJ","Hydro Pumped Storage","11WD8GOLD1H---BJ","24/04/2026 17:00 - 24/04/2026 18:00","0.00",""
"24/04/2026 00:00 - 25/04/2026 00:00","CTA|DE(50Hertz)","PSW Goldisthal PSS B","11WD8GOLD1H---BJ","Hydro Pumped Storage","11WD8GOLD1H---BJ","24/04/2026 18:00 - 24/04/2026 19:00","0.00",""
"24/04/2026 00:00 - 25/04/2026 00:00","CTA|DE(50Hertz)","PSW Goldisthal PSS B","11WD8GOLD1H---BJ","Hydro Pumped Storage","11WD8GOLD1H---BJ","24/04/2026 19:00 - 24/04/2026 20:00","0.00",""
"24/04/2026 00:00 - 25/04/2026 00:00","CTA|DE(50Hertz)","PSW Goldisthal PSS B","11WD8GOLD1H---BJ","Hydro Pumped Storage","11WD8GOLD1H---BJ","24/04/2026 20:00 - 24/04/2026 21:00","0.00",""
"24/04/2026 00:00 - 25/04/2026 00:00","CTA|DE(50Hertz)","PSW Goldisthal PSS B","11WD8GOLD1H---BJ","Hydro Pumped Storage","11WD8GOLD1H---BJ","24/04/2026 21:00 - 24/04/2026 22:00","0.00",""
"24/04/2026 00:00 - 25/04/2026 00:00","CTA|DE(50Hertz)","PSW Goldisthal PSS B","11WD8GOLD1H---BJ","Hydro Pumped Storage","11WD8GOLD1H---BJ","24/04/2026 22:00 - 24/04/2026 23:00","0.00",""
"24/04/2026 00:00 - 25/04/2026 00:00","CTA|DE(50Hertz)","PSW Goldisthal PSS B","11WD8GOLD1H---BJ","Hydro Pumped Storage","11WD8GOLD1H---BJ","24/04/2026 23:00 - 25/04/2026 00:00","0.00",""
"24/04/2026 00:00 - 25/04/2026 00:00","CTA|DE(50Hertz)","PSW Goldisthal PSS C","11WD8GOLD1H---CH","Hydro Pumped Storage","11WD8GOLD1H---CH","24/04/2026 00:00 - 24/04/2026 01:00","0.00",""
"24/04/2026 00:00 - 25/04/2026 00:00","CTA|DE(50Hertz)","PSW Goldisthal PSS C","11WD8GOLD1H---CH","Hydro Pumped Storage","11WD8GOLD1H---CH","24/04/2026 01:00 - 24/04/2026 02:00","0.00",""
"24/04/2026 00:00 - 25/04/2026 00:00","CTA|DE(50Hertz)","PSW Goldisthal PSS C","11WD8GOLD1H---CH","Hydro Pumped Storage","11WD8GOLD1H---CH","24/04/2026 02:00 - 24/04/2026 03:00","0.00",""
"24/04/2026 00:00 - 25/04/2026 00:00","CTA|DE(50Hertz)","PSW Goldisthal PSS C","11WD8GOLD1H---CH","Hydro Pumped Storage","11WD8GOLD1H---CH","24/04/2026 03:00 - 24/04/2026 04:00","0.00",""
"24/04/2026 00:00 - 25/04/2026 00:00","CTA|DE(50Hertz)","PSW Goldisthal PSS C","11WD8GOLD1H---CH","Hydro Pumped Storage","11WD8GOLD1H---CH","24/04/2026 04:00 - 24/04/2026 05:00","40.75",""
"24/04/2026 00:00 - 25/04/2026 00:00","CTA|DE(50Hertz)","PSW Goldisthal PSS C","11WD8GOLD1H---CH","Hydro Pumped Storage","11WD8GOLD1H---CH","24/04/2026 05:00 - 24/04/2026 06:00","185.75",""
"24/04/2026 00:00 - 25/04/2026 00:00","CTA|DE(50Hertz)","PSW Goldisthal PSS C","11WD8GOLD1H---CH","Hydro Pumped Storage","11WD8GOLD1H---CH","24/04/2026 06:00 - 24/04/2026 07:00","198.75",""
"24/04/2026 00:00 - 25/04/2026 00:00","CTA|DE(50Hertz)","PSW Goldisthal PSS C","11WD8GOLD1H---CH","Hydro Pumped Storage","11WD8GOLD1H---CH","24/04/2026 07:00 - 24/04/2026 08:00","224.75",""
"24/04/2026 00:00 - 25/04/2026 00:00","CTA|DE(50Hertz)","PSW Goldisthal PSS C","11WD8GOLD1H---CH","Hydro Pumped Storage","11WD8GOLD1H---CH","24/04/2026 08:00 - 24/04/2026 09:00","0.00",""
"24/04/2026 00:00 - 25/04/2026 00:00","CTA|DE(50Hertz)","PSW Goldisthal PSS C","11WD8GOLD1H---CH","Hydro Pumped Storage","11WD8GOLD1H---CH","24/04/2026 09:00 - 24/04/2026 10:00","3.50",""
"24/04/2026 00:00 - 25/04/2026 00:00","CTA|DE(50Hertz)","PSW Goldisthal PSS C","11WD8GOLD1H---CH","Hydro Pumped Storage","11WD8GOLD1H---CH","24/04/2026 10:00 - 24/04/2026 11:00","5.75",""
"24/04/2026 00:00 - 25/04/2026 00:00","CTA|DE(50Hertz)","PSW Goldisthal PSS C","11WD8GOLD1H---CH","Hydro Pumped Storage","11WD8GOLD1H---CH","24/04/2026 11:00 - 24/04/2026 12:00","0.00",""
"24/04/2026 00:00 - 25/04/2026 00:00","CTA|DE(50Hertz)","PSW Goldisthal PSS C","11WD8GOLD1H---CH","Hydro Pumped Storage","11WD8GOLD1H---CH","24/04/2026 12:00 - 24/04/2026 13:00","0.00",""
"24/04/2026 00:00 - 25/04/2026 00:00","CTA|DE(50Hertz)","PSW Goldisthal PSS C","11WD8GOLD1H---CH","Hydro Pumped Storage","11WD8GOLD1H---CH","24/04/2026 13:00 - 24/04/2026 14:00","0.00",""
"24/04/2026 00:00 - 25/04/2026 00:00","CTA|DE(50Hertz)","PSW Goldisthal PSS C","11WD8GOLD1H---CH","Hydro Pumped Storage","11WD8GOLD1H---CH","24/04/2026 14:00 - 24/04/2026 15:00","0.00",""
"24/04/2026 00:00 - 25/04/2026 00:00","CTA|DE(50Hertz)","PSW Goldisthal PSS C","11WD8GOLD1H---CH","Hydro Pumped Storage","11WD8GOLD1H---CH","24/04/2026 15:00 - 24/04/2026 16:00","0.00",""
"24/04/2026 00:00 - 25/04/2026 00:00","CTA|DE(50Hertz)","PSW Goldisthal PSS C","11WD8GOLD1H---CH","Hydro Pumped Storage","11WD8GOLD1H---CH","24/04/2026 16:00 - 24/04/2026 17:00","0.00",""
"24/04/2026 00:00 - 25/04/2026 00:00","CTA|DE(50Hertz)","PSW Goldisthal PSS C","11WD8GOLD1H---CH","Hydro Pumped Storage","11WD8GOLD1H---CH","24/04/2026 17:00 - 24/04/2026 18:00","0.00",""
"24/04/2026 00:00 - 25/04/2026 00:00","CTA|DE(50Hertz)","PSW Goldisthal PSS C","11WD8GOLD1H---CH","Hydro Pumped Storage","11WD8GOLD1H---CH","24/04/2026 18:00 - 24/04/2026 19:00","57.75",""
"24/04/2026 00:00 - 25/04/2026 00:00","CTA|DE(50Hertz)","PSW Goldisthal PSS C","11WD8GOLD1H---CH","Hydro Pumped Storage","11WD8GOLD1H---CH","24/04/2026 19:00 - 24/04/2026 20:00","238.25",""
"24/04/2026 00:00 - 25/04/2026 00:00","CTA|DE(50Hertz)","PSW Goldisthal PSS C","11WD8GOLD1H---CH","Hydro Pumped Storage","11WD8GOLD1H---CH","24/04/2026 20:00 - 24/04/2026 21:00","261.50",""
"24/04/2026 00:00 - 25/04/2026 00:00","CTA|DE(50Hertz)","PSW Goldisthal PSS C","11WD8GOLD1H---CH","Hydro Pumped Storage","11WD8GOLD1H---CH","24/04/2026 21:00 - 24/04/2026 22:00","257.50",""
"24/04/2026 00:00 - 25/04/2026 00:00","CTA|DE(50Hertz)","PSW Goldisthal PSS C","11WD8GOLD1H---CH","Hydro Pumped Storage","11WD8GOLD1H---CH","24/04/2026 22:00 - 24/04/2026 23:00","253.25",""
"24/04/2026 00:00 - 25/04/2026 00:00","CTA|DE(50Hertz)","PSW Goldisthal PSS C","11WD8GOLD1H---CH","Hydro Pumped Storage","11WD8GOLD1H---CH","24/04/2026 23:00 - 25/04/2026 00:00","224.25",""
"24/04/2026 00:00 - 25/04/2026 00:00","CTA|DE(50Hertz)","PSW Goldisthal PSS D","11WD8GOLD1H---DF","Hydro Pumped Storage","11WD8GOLD1H---DF","24/04/2026 00:00 - 24/04/2026 01:00","0.00",""
"24/04/2026 00:00 - 25/04/2026 00:00","CTA|DE(50Hertz)","PSW Goldisthal PSS D","11WD8GOLD1H---DF","Hydro Pumped Storage","11WD8GOLD1H---DF","24/04/2026 01:00 - 24/04/2026 02:00","0.00",""
"24/04/2026 00:00 - 25/04/2026 00:00","CTA|DE(50Hertz)","PSW Goldisthal PSS D","11WD8GOLD1H---DF","Hydro Pumped Storage","11WD8GOLD1H---DF","24/04/2026 02:00 - 24/04/2026 03:00","0.00",""
"24/04/2026 00:00 - 25/04/2026 00:00","CTA|DE(50Hertz)","PSW Goldisthal PSS D","11WD8GOLD1H---DF","Hydro Pumped Storage","11WD8GOLD1H---DF","24/04/2026 03:00 - 24/04/2026 04:00","0.00",""
"24/04/2026 00:00 - 25/04/2026 00:00","CTA|DE(50Hertz)","PSW Goldisthal PSS D","11WD8GOLD1H---DF","Hydro Pumped Storage","11WD8GOLD1H---DF","24/04/2026 04:00 - 24/04/2026 05:00","80.75",""
"24/04/2026 00:00 - 25/04/2026 00:00","CTA|DE(50Hertz)","PSW Goldisthal PSS D","11WD8GOLD1H---DF","Hydro Pumped Storage","11WD8GOLD1H---DF","24/04/2026 05:00 - 24/04/2026 06:00","164.50",""
"24/04/2026 00:00 - 25/04/2026 00:00","CTA|DE(50Hertz)","PSW Goldisthal PSS D","11WD8GOLD1H---DF","Hydro Pumped Storage","11WD8GOLD1H---DF","24/04/2026 06:00 - 24/04/2026 07:00","183.00",""
"24/04/2026 00:00 - 25/04/2026 00:00","CTA|DE(50Hertz)","PSW Goldisthal PSS D","11WD8GOLD1H---DF","Hydro Pumped Storage","11WD8GOLD1H---DF","24/04/2026 07:00 - 24/04/2026 08:00","146.50",""
"24/04/2026 00:00 - 25/04/2026 00:00","CTA|DE(50Hertz)","PSW Goldisthal PSS D","11WD8GOLD1H---DF","Hydro Pumped Storage","11WD8GOLD1H---DF","24/04/2026 08:00 - 24/04/2026 09:00","96.50",""
"24/04/2026 00:00 - 25/04/2026 00:00","CTA|DE(50Hertz)","PSW Goldisthal PSS D","11WD8GOLD1H---DF","Hydro Pumped Storage","11WD8GOLD1H---DF","24/04/2026 09:00 - 24/04/2026 10:00","74.75",""
"24/04/2026 00:00 - 25/04/2026 00:00","CTA|DE(50Hertz)","PSW Goldisthal PSS D","11WD8GOLD1H---DF","Hydro Pumped Storage","11WD8GOLD1H---DF","24/04/2026 10:00 - 24/04/2026 11:00","59.25",""
"24/04/2026 00:00 - 25/04/2026 00:00","CTA|DE(50Hertz)","PSW Goldisthal PSS D","11WD8GOLD1H---DF","Hydro Pumped Storage","11WD8GOLD1H---DF","24/04/2026 11:00 - 24/04/2026 12:00","54.00",""
"24/04/2026 00:00 - 25/04/2026 00:00","CTA|DE(50Hertz)","PSW Goldisthal PSS D","11WD8GOLD1H---DF","Hydro Pumped Storage","11WD8GOLD1H---DF","24/04/2026 12:00 - 24/04/2026 13:00","0.00",""
"24/04/2026 00:00 - 25/04/2026 00:00","CTA|DE(50Hertz)","PSW Goldisthal PSS D","11WD8GOLD1H---DF","Hydro Pumped Storage","11WD8GOLD1H---DF","24/04/2026 13:00 - 24/04/2026 14:00","0.00",""
"24/04/2026 00:00 - 25/04/2026 00:00","CTA|DE(50Hertz)","PSW Goldisthal PSS D","11WD8GOLD1H---DF","Hydro Pumped Storage","11WD8GOLD1H---DF","24/04/2026 14:00 - 24/04/2026 15:00","0.00",""
"24/04/2026 00:00 - 25/04/2026 00:00","CTA|DE(50Hertz)","PSW Goldisthal PSS D","11WD8GOLD1H---DF","Hydro Pumped Storage","11WD8GOLD1H---DF","24/04/2026 15:00 - 24/04/2026 16:00","0.00",""
"24/04/2026 00:00 - 25/04/2026 00:00","CTA|DE(50Hertz)","PSW Goldisthal PSS D","11WD8GOLD1H---DF","Hydro Pumped Storage","11WD8GOLD1H---DF","24/04/2026 16:00 - 24/04/2026 17:00","0.00",""
"24/04/2026 00:00 - 25/04/2026 00:00","CTA|DE(50Hertz)","PSW Goldisthal PSS D","11WD8GOLD1H---DF","Hydro Pumped Storage","11WD8GOLD1H---DF","24/04/2026 17:00 - 24/04/2026 18:00","0.00",""
"24/04/2026 00:00 - 25/04/2026 00:00","CTA|DE(50Hertz)","PSW Goldisthal PSS D","11WD8GOLD1H---DF","Hydro Pumped Storage","11WD8GOLD1H---DF","24/04/2026 18:00 - 24/04/2026 19:00","43.50",""
"24/04/2026 00:00 - 25/04/2026 00:00","CTA|DE(50Hertz)","PSW Goldisthal PSS D","11WD8GOLD1H---DF","Hydro Pumped Storage","11WD8GOLD1H---DF","24/04/2026 19:00 - 24/04/2026 20:00","177.00",""
"24/04/2026 00:00 - 25/04/2026 00:00","CTA|DE(50Hertz)","PSW Goldisthal PSS D","11WD8GOLD1H---DF","Hydro Pumped Storage","11WD8GOLD1H---DF","24/04/2026 20:00 - 24/04/2026 21:00","267.00",""
"24/04/2026 00:00 - 25/04/2026 00:00","CTA|DE(50Hertz)","PSW Goldisthal PSS D","11WD8GOLD1H---DF","Hydro Pumped Storage","11WD8GOLD1H---DF","24/04/2026 21:00 - 24/04/2026 22:00","262.50",""
"24/04/2026 00:00 - 25/04/2026 00:00","CTA|DE(50Hertz)","PSW Goldisthal PSS D","11WD8GOLD1H---DF","Hydro Pumped Storage","11WD8GOLD1H---DF","24/04/2026 22:00 - 24/04/2026 23:00","257.50",""
"24/04/2026 00:00 - 25/04/2026 00:00","CTA|DE(50Hertz)","PSW Goldisthal PSS D","11WD8GOLD1H---DF","Hydro Pumped Storage","11WD8GOLD1H---DF","24/04/2026 23:00 - 25/04/2026 00:00","240.75",""
"24/04/2026 00:00 - 25/04/2026 00:00","CTA|DE(50Hertz)","KW Jänschwalde Block B","11WD8JAEN1L---BB","Fossil Brown coal/Lignite","11WD8JAEN1L---BB","24/04/2026 00:00 - 24/04/2026 01:00","352.00",""
"24/04/2026 00:00 - 25/04/2026 00:00","CTA|DE(50Hertz)","KW Jänschwalde Block B","11WD8JAEN1L---BB","Fossil Brown coal/Lignite","11WD8JAEN1L---BB","24/04/2026 01:00 - 24/04/2026 02:00","344.25",""
"24/04/2026 00:00 - 25/04/2026 00:00","CTA|DE(50Hertz)","KW Jänschwalde Block B","11WD8JAEN1L---BB","Fossil Brown coal/Lignite","11WD8JAEN1L---BB","24/04/2026 02:00 - 24/04/2026 03:00","353.00",""
"24/04/2026 00:00 - 25/04/2026 00:00","CTA|DE(50Hertz)","KW Jänschwalde Block B","11WD8JAEN1L---BB","Fossil Brown coal/Lignite","11WD8JAEN1L---BB","24/04/2026 03:00 - 24/04/2026 04:00","464.25",""
"24/04/2026 00:00 - 25/04/2026 00:00","CTA|DE(50Hertz)","KW Jänschwalde Block B","11WD8JAEN1L---BB","Fossil Brown coal/Lignite","11WD8JAEN1L---BB","24/04/2026 04:00 - 24/04/2026 05:00","484.50",""
"24/04/2026 00:00 - 25/04/2026 00:00","CTA|DE(50Hertz)","KW Jänschwalde Block B","11WD8JAEN1L---BB","Fossil Brown coal/Lignite","11WD8JAEN1L---BB","24/04/2026 05:00 - 24/04/2026 06:00","493.00",""
"24/04/2026 00:00 - 25/04/2026 00:00","CTA|DE(50Hertz)","KW Jänschwalde Block B","11WD8JAEN1L---BB","Fossil Brown coal/Lignite","11WD8JAEN1L---BB","24/04/2026 06:00 - 24/04/2026 07:00","492.75",""
"24/04/2026 00:00 - 25/04/2026 00:00","CTA|DE(50Hertz)","KW Jänschwalde Block B","11WD8JAEN1L---BB","Fossil Brown coal/Lignite","11WD8JAEN1L---BB","24/04/2026 07:00 - 24/04/2026 08:00","490.25",""
"24/04/2026 00:00 - 25/04/2026 00:00","CTA|DE(50Hertz)","KW Jänschwalde Block B","11WD8JAEN1L---BB","Fossil Brown coal/Lignite","11WD8JAEN1L---BB","24/04/2026 08:00 - 24/04/2026 09:00","490.25",""
"24/04/2026 00:00 - 25/04/2026 00:00","CTA|DE(50Hertz)","KW Jänschwalde Block B","11WD8JAEN1L---BB","Fossil Brown coal/Lignite","11WD8JAEN1L---BB","24/04/2026 09:00 - 24/04/2026 10:00","394.25",""
"24/04/2026 00:00 - 25/04/2026 00:00","CTA|DE(50Hertz)","KW Jänschwalde Block B","11WD8JAEN1L---BB","Fossil Brown coal/Lignite","11WD8JAEN1L---BB","24/04/2026 10:00 - 24/04/2026 11:00","324.50",""
"24/04/2026 00:00 - 25/04/2026 00:00","CTA|DE(50Hertz)","KW Jänschwalde Block B","11WD8JAEN1L---BB","Fossil Brown coal/Lignite","11WD8JAEN1L---BB","24/04/2026 11:00 - 24/04/2026 12:00","317.75",""
"24/04/2026 00:00 - 25/04/2026 00:00","CTA|DE(50Hertz)","KW Jänschwalde Block B","11WD8JAEN1L---BB","Fossil Brown coal/Lignite","11WD8JAEN1L---BB","24/04/2026 12:00 - 24/04/2026 13:00","311.50",""
"24/04/2026 00:00 - 25/04/2026 00:00","CTA|DE(50Hertz)","KW Jänschwalde Block B","11WD8JAEN1L---BB","Fossil Brown coal/Lignite","11WD8JAEN1L---BB","24/04/2026 13:00 - 24/04/2026 14:00","309.00",""
"24/04/2026 00:00 - 25/04/2026 00:00","CTA|DE(50Hertz)","KW Jänschwalde Block B","11WD8JAEN1L---BB","Fossil Brown coal/Lignite","11WD8JAEN1L---BB","24/04/2026 14:00 - 24/04/2026 15:00","310.25",""
"24/04/2026 00:00 - 25/04/2026 00:00","CTA|DE(50Hertz)","KW Jänschwalde Block B","11WD8JAEN1L---BB","Fossil Brown coal/Lignite","11WD8JAEN1L---BB","24/04/2026 15:00 - 24/04/2026 16:00","312.00",""
"24/04/2026 00:00 - 25/04/2026 00:00","CTA|DE(50Hertz)","KW Jänschwalde Block B","11WD8JAEN1L---BB","Fossil Brown coal/Lignite","11WD8JAEN1L---BB","24/04/2026 16:00 - 24/04/2026 17:00","360.50",""
"24/04/2026 00:00 - 25/04/2026 00:00","CTA|DE(50Hertz)","KW Jänschwalde Block B","11WD8JAEN1L---BB","Fossil Brown coal/Lignite","11WD8JAEN1L---BB","24/04/2026 17:00 - 24/04/2026 18:00","355.00",""
"24/04/2026 00:00 - 25/04/2026 00:00","CTA|DE(50Hertz)","KW Jänschwalde Block B","11WD8JAEN1L---BB","Fossil Brown coal/Lignite","11WD8JAEN1L---BB","24/04/2026 18:00 - 24/04/2026 19:00","469.50",""
"24/04/2026 00:00 - 25/04/2026 00:00","CTA|DE(50Hertz)","KW Jänschwalde Block B","11WD8JAEN1L---BB","Fossil Brown coal/Lignite","11WD8JAEN1L---BB","24/04/2026 19:00 - 24/04/2026 20:00","490.50",""
"24/04/2026 00:00 - 25/04/2026 00:00","CTA|DE(50Hertz)","KW Jänschwalde Block B","11WD8JAEN1L---BB","Fossil Brown coal/Lignite","11WD8JAEN1L---BB","24/04/2026 20:00 - 24/04/2026 21:00","485.75",""
"24/04/2026 00:00 - 25/04/2026 00:00","CTA|DE(50Hertz)","KW Jänschwalde Block B","11WD8JAEN1L---BB","Fossil Brown coal/Lignite","11WD8JAEN1L---BB","24/04/2026 21:00 - 24/04/2026 22:00","489.50",""
"24/04/2026 00:00 - 25/04/2026 00:00","CTA|DE(50Hertz)","KW Jänschwalde Block B","11WD8JAEN1L---BB","Fossil Brown coal/Lignite","11WD8JAEN1L---BB","24/04/2026 22:00 - 24/04/2026 23:00","491.25",""
"24/04/2026 00:00 - 25/04/2026 00:00","CTA|DE(50Hertz)","KW Jänschwalde Block B","11WD8JAEN1L---BB","Fossil Brown coal/Lignite","11WD8JAEN1L---BB","24/04/2026 23:00 - 25/04/2026 00:00","492.00",""
"24/04/2026 00:00 - 25/04/2026 00:00","CTA|DE(50Hertz)","KW Jänschwalde Block C","11WD8JAEN1L---C9","Fossil Brown coal/Lignite","11WD8JAEN1L---C9","24/04/2026 00:00 - 24/04/2026 01:00","0.00",""
"24/04/2026 00:00 - 25/04/2026 00:00","CTA|DE(50Hertz)","KW Jänschwalde Block C","11WD8JAEN1L---C9","Fossil Brown coal/Lignite","11WD8JAEN1L---C9","24/04/2026 01:00 - 24/04/2026 02:00","0.00",""
"24/04/2026 00:00 - 25/04/2026 00:00","CTA|DE(50Hertz)","KW Jänschwalde Block C","11WD8JAEN1L---C9","Fossil Brown coal/Lignite","11WD8JAEN1L---C9","24/04/2026 02:00 - 24/04/2026 03:00","0.00",""
"24/04/2026 00:00 - 25/04/2026 00:00","CTA|DE(50Hertz)","KW Jänschwalde Block C","11WD8JAEN1L---C9","Fossil Brown coal/Lignite","11WD8JAEN1L---C9","24/04/2026 03:00 - 24/04/2026 04:00","0.00",""
"24/04/2026 00:00 - 25/04/2026 00:00","CTA|DE(50Hertz)","KW Jänschwalde Block C","11WD8JAEN1L---C9","Fossil Brown coal/Lignite","11WD8JAEN1L---C9","24/04/2026 04:00 - 24/04/2026 05:00","0.00",""
"24/04/2026 00:00 - 25/04/2026 00:00","CTA|DE(50Hertz)","KW Jänschwalde Block C","11WD8JAEN1L---C9","Fossil Brown coal/Lignite","11WD8JAEN1L---C9","24/04/2026 05:00 - 24/04/2026 06:00","0.00",""
"24/04/2026 00:00 - 25/04/2026 00:00","CTA|DE(50Hertz)","KW Jänschwalde Block C","11WD8JAEN1L---C9","Fossil Brown coal/Lignite","11WD8JAEN1L---C9","24/04/2026 06:00 - 24/04/2026 07:00","0.00",""
"24/04/2026 00:00 - 25/04/2026 00:00","CTA|DE(50Hertz)","KW Jänschwalde Block C","11WD8JAEN1L---C9","Fossil Brown coal/Lignite","11WD8JAEN1L---C9","24/04/2026 07:00 - 24/04/2026 08:00","0.00",""
"24/04/2026 00:00 - 25/04/2026 00:00","CTA|DE(50Hertz)","KW Jänschwalde Block C","11WD8JAEN1L---C9","Fossil Brown coal/Lignite","11WD8JAEN1L---C9","24/04/2026 08:00 - 24/04/2026 09:00","0.00",""
"24/04/2026 00:00 - 25/04/2026 00:00","CTA|DE(50Hertz)","KW Jänschwalde Block C","11WD8JAEN1L---C9","Fossil Brown coal/Lignite","11WD8JAEN1L---C9","24/04/2026 09:00 - 24/04/2026 10:00","0.00",""
"24/04/2026 00:00 - 25/04/2026 00:00","CTA|DE(50Hertz)","KW Jänschwalde Block C","11WD8JAEN1L---C9","Fossil Brown coal/Lignite","11WD8JAEN1L---C9","24/04/2026 10:00 - 24/04/2026 11:00","0.00",""
"24/04/2026 00:00 - 25/04/2026 00:00","CTA|DE(50Hertz)","KW Jänschwalde Block C","11WD8JAEN1L---C9","Fossil Brown coal/Lignite","11WD8JAEN1L---C9","24/04/2026 11:00 - 24/04/2026 12:00","0.00",""
"24/04/2026 00:00 - 25/04/2026 00:00","CTA|DE(50Hertz)","KW Jänschwalde Block C","11WD8JAEN1L---C9","Fossil Brown coal/Lignite","11WD8JAEN1L---C9","24/04/2026 12:00 - 24/04/2026 13:00","0.00",""
"24/04/2026 00:00 - 25/04/2026 00:00","CTA|DE(50Hertz)","KW Jänschwalde Block C","11WD8JAEN1L---C9","Fossil Brown coal/Lignite","11WD8JAEN1L---C9","24/04/2026 13:00 - 24/04/2026 14:00","0.00",""
"24/04/2026 00:00 - 25/04/2026 00:00","CTA|DE(50Hertz)","KW Jänschwalde Block C","11WD8JAEN1L---C9","Fossil Brown coal/Lignite","11WD8JAEN1L---C9","24/04/2026 14:00 - 24/04/2026 15:00","0.00",""
"24/04/2026 00:00 - 25/04/2026 00:00","CTA|DE(50Hertz)","KW Jänschwalde Block C","11WD8JAEN1L---C9","Fossil Brown coal/Lignite","11WD8JAEN1L---C9","24/04/2026 15:00 - 24/04/2026 16:00","0.00",""
"24/04/2026 00:00 - 25/04/2026 00:00","CTA|DE(50Hertz)","KW Jänschwalde Block C","11WD8JAEN1L---C9","Fossil Brown coal/Lignite","11WD8JAEN1L---C9","24/04/2026 16:00 - 24/04/2026 17:00","0.00",""
"24/04/2026 00:00 - 25/04/2026 00:00","CTA|DE(50Hertz)","KW Jänschwalde Block C","11WD8JAEN1L---C9","Fossil Brown coal/Lignite","11WD8JAEN1L---C9","24/04/2026 17:00 - 24/04/2026 18:00","0.00",""
"24/04/2026 00:00 - 25/04/2026 00:00","CTA|DE(50Hertz)","KW Jänschwalde Block C","11WD8JAEN1L---C9","Fossil Brown coal/Lignite","11WD8JAEN1L---C9","24/04/2026 18:00 - 24/04/2026 19:00","0.00",""
"24/04/2026 00:00 - 25/04/2026 00:00","CTA|DE(50Hertz)","KW Jänschwalde Block C","11WD8JAEN1L---C9","Fossil Brown coal/Lignite","11WD8JAEN1L---C9","24/04/2026 19:00 - 24/04/2026 20:00","0.00",""
"24/04/2026 00:00 - 25/04/2026 00:00","CTA|DE(50Hertz)","KW Jänschwalde Block C","11WD8JAEN1L---C9","Fossil Brown coal/Lignite","11WD8JAEN1L---C9","24/04/2026 20:00 - 24/04/2026 21:00","0.00",""
"24/04/2026 00:00 - 25/04/2026 00:00","CTA|DE(50Hertz)","KW Jänschwalde Block C","11WD8JAEN1L---C9","Fossil Brown coal/Lignite","11WD8JAEN1L---C9","24/04/2026 21:00 - 24/04/2026 22:00","0.00",""
"24/04/2026 00:00 - 25/04/2026 00:00","CTA|DE(50Hertz)","KW Jänschwalde Block C","11WD8JAEN1L---C9","Fossil Brown coal/Lignite","11WD8JAEN1L---C9","24/04/2026 22:00 - 24/04/2026 23:00","0.00",""
"24/04/2026 00:00 - 25/04/2026 00:00","CTA|DE(50Hertz)","KW Jänschwalde Block C","11WD8JAEN1L---C9","Fossil Brown coal/Lignite","11WD8JAEN1L---C9","24/04/2026 23:00 - 25/04/2026 00:00","0.00",""
"24/04/2026 00:00 - 25/04/2026 00:00","CTA|DE(50Hertz)","KW Jänschwalde Block D","11WD8JAEN1L---D7","Fossil Brown coal/Lignite","11WD8JAEN1L---D7","24/04/2026 00:00 - 24/04/2026 01:00","309.00",""
"24/04/2026 00:00 - 25/04/2026 00:00","CTA|DE(50Hertz)","KW Jänschwalde Block D","11WD8JAEN1L---D7","Fossil Brown coal/Lignite","11WD8JAEN1L---D7","24/04/2026 01:00 - 24/04/2026 02:00","297.00",""
"24/04/2026 00:00 - 25/04/2026 00:00","CTA|DE(50Hertz)","KW Jänschwalde Block D","11WD8JAEN1L---D7","Fossil Brown coal/Lignite","11WD8JAEN1L---D7","24/04/2026 02:00 - 24/04/2026 03:00","311.50",""
"24/04/2026 00:00 - 25/04/2026 00:00","CTA|DE(50Hertz)","KW Jänschwalde Block D","11WD8JAEN1L---D7","Fossil Brown coal/Lignite","11WD8JAEN1L---D7","24/04/2026 03:00 - 24/04/2026 04:00","449.75",""
"24/04/2026 00:00 - 25/04/2026 00:00","CTA|DE(50Hertz)","KW Jänschwalde Block D","11WD8JAEN1L---D7","Fossil Brown coal/Lignite","11WD8JAEN1L---D7","24/04/2026 04:00 - 24/04/2026 05:00","456.25",""
"24/04/2026 00:00 - 25/04/2026 00:00","CTA|DE(50Hertz)","KW Jänschwalde Block D","11WD8JAEN1L---D7","Fossil Brown coal/Lignite","11WD8JAEN1L---D7","24/04/2026 05:00 - 24/04/2026 06:00","457.00",""
"24/04/2026 00:00 - 25/04/2026 00:00","CTA|DE(50Hertz)","KW Jänschwalde Block D","11WD8JAEN1L---D7","Fossil Brown coal/Lignite","11WD8JAEN1L---D7","24/04/2026 06:00 - 24/04/2026 07:00","484.75",""
"24/04/2026 00:00 - 25/04/2026 00:00","CTA|DE(50Hertz)","KW Jänschwalde Block D","11WD8JAEN1L---D7","Fossil Brown coal/Lignite","11WD8JAEN1L---D7","24/04/2026 07:00 - 24/04/2026 08:00","487.25",""
"24/04/2026 00:00 - 25/04/2026 00:00","CTA|DE(50Hertz)","KW Jänschwalde Block D","11WD8JAEN1L---D7","Fossil Brown coal/Lignite","11WD8JAEN1L---D7","24/04/2026 08:00 - 24/04/2026 09:00","452.75",""
"24/04/2026 00:00 - 25/04/2026 00:00","CTA|DE(50Hertz)","KW Jänschwalde Block D","11WD8JAEN1L---D7","Fossil Brown coal/Lignite","11WD8JAEN1L---D7","24/04/2026 09:00 - 24/04/2026 10:00","351.00",""
"24/04/2026 00:00 - 25/04/2026 00:00","CTA|DE(50Hertz)","KW Jänschwalde Block D","11WD8JAEN1L---D7","Fossil Brown coal/Lignite","11WD8JAEN1L---D7","24/04/2026 10:00 - 24/04/2026 11:00","303.00",""
"24/04/2026 00:00 - 25/04/2026 00:00","CTA|DE(50Hertz)","KW Jänschwalde Block D","11WD8JAEN1L---D7","Fossil Brown coal/Lignite","11WD8JAEN1L---D7","24/04/2026 11:00 - 24/04/2026 12:00","298.50",""
"24/04/2026 00:00 - 25/04/2026 00:00","CTA|DE(50Hertz)","KW Jänschwalde Block D","11WD8JAEN1L---D7","Fossil Brown coal/Lignite","11WD8JAEN1L---D7","24/04/2026 12:00 - 24/04/2026 13:00","297.00",""
"24/04/2026 00:00 - 25/04/2026 00:00","CTA|DE(50Hertz)","KW Jänschwalde Block D","11WD8JAEN1L---D7","Fossil Brown coal/Lignite","11WD8JAEN1L---D7","24/04/2026 13:00 - 24/04/2026 14:00","295.50",""
"24/04/2026 00:00 - 25/04/2026 00:00","CTA|DE(50Hertz)","KW Jänschwalde Block D","11WD8JAEN1L---D7","Fossil Brown coal/Lignite","11WD8JAEN1L---D7","24/04/2026 14:00 - 24/04/2026 15:00","299.50",""
"24/04/2026 00:00 - 25/04/2026 00:00","CTA|DE(50Hertz)","KW Jänschwalde Block D","11WD8JAEN1L---D7","Fossil Brown coal/Lignite","11WD8JAEN1L---D7","24/04/2026 15:00 - 24/04/2026 16:00","301.00",""
"24/04/2026 00:00 - 25/04/2026 00:00","CTA|DE(50Hertz)","KW Jänschwalde Block D","11WD8JAEN1L---D7","Fossil Brown coal/Lignite","11WD8JAEN1L---D7","24/04/2026 16:00 - 24/04/2026 17:00","300.25",""
"24/04/2026 00:00 - 25/04/2026 00:00","CTA|DE(50Hertz)","KW Jänschwalde Block D","11WD8JAEN1L---D7","Fossil Brown coal/Lignite","11WD8JAEN1L---D7","24/04/2026 17:00 - 24/04/2026 18:00","299.75",""
"24/04/2026 00:00 - 25/04/2026 00:00","CTA|DE(50Hertz)","KW Jänschwalde Block D","11WD8JAEN1L---D7","Fossil Brown coal/Lignite","11WD8JAEN1L---D7","24/04/2026 18:00 - 24/04/2026 19:00","447.00",""
"24/04/2026 00:00 - 25/04/2026 00:00","CTA|DE(50Hertz)","KW Jänschwalde Block D","11WD8JAEN1L---D7","Fossil Brown coal/Lignite","11WD8JAEN1L---D7","24/04/2026 19:00 - 24/04/2026 20:00","473.50",""
"24/04/2026 00:00 - 25/04/2026 00:00","CTA|DE(50Hertz)","KW Jänschwalde Block D","11WD8JAEN1L---D7","Fossil Brown coal/Lignite","11WD8JAEN1L---D7","24/04/2026 20:00 - 24/04/2026 21:00","468.75",""
"24/04/2026 00:00 - 25/04/2026 00:00","CTA|DE(50Hertz)","KW Jänschwalde Block D","11WD8JAEN1L---D7","Fossil Brown coal/Lignite","11WD8JAEN1L---D7","24/04/2026 21:00 - 24/04/2026 22:00","481.00",""
"24/04/2026 00:00 - 25/04/2026 00:00","CTA|DE(50Hertz)","KW Jänschwalde Block D","11WD8JAEN1L---D7","Fossil Brown coal/Lignite","11WD8JAEN1L---D7","24/04/2026 22:00 - 24/04/2026 23:00","492.00",""
"24/04/2026 00:00 - 25/04/2026 00:00","CTA|DE(50Hertz)","KW Jänschwalde Block D","11WD8JAEN1L---D7","Fossil Brown coal/Lignite","11WD8JAEN1L---D7","24/04/2026 23:00 - 25/04/2026 00:00","491.25",""
"24/04/2026 00:00 - 25/04/2026 00:00","CTA|DE(50Hertz)","HKW Klingenberg 1-3","11WD8KLIN5G--13E","Fossil Gas","11WD8KLIN5G--13E","24/04/2026 00:00 - 24/04/2026 01:00","29.25",""
"24/04/2026 00:00 - 25/04/2026 00:00","CTA|DE(50Hertz)","HKW Klingenberg 1-3","11WD8KLIN5G--13E","Fossil Gas","11WD8KLIN5G--13E","24/04/2026 01:00 - 24/04/2026 02:00","29.75",""
"24/04/2026 00:00 - 25/04/2026 00:00","CTA|DE(50Hertz)","HKW Klingenberg 1-3","11WD8KLIN5G--13E","Fossil Gas","11WD8KLIN5G--13E","24/04/2026 02:00 - 24/04/2026 03:00","29.25",""
"24/04/2026 00:00 - 25/04/2026 00:00","CTA|DE(50Hertz)","HKW Klingenberg 1-3","11WD8KLIN5G--13E","Fossil Gas","11WD8KLIN5G--13E","24/04/2026 03:00 - 24/04/2026 04:00","29.25",""
"24/04/2026 00:00 - 25/04/2026 00:00","CTA|DE(50Hertz)","HKW Klingenberg 1-3","11WD8KLIN5G--13E","Fossil Gas","11WD8KLIN5G--13E","24/04/2026 04:00 - 24/04/2026 05:00","29.00",""
"24/04/2026 00:00 - 25/04/2026 00:00","CTA|DE(50Hertz)","HKW Klingenberg 1-3","11WD8KLIN5G--13E","Fossil Gas","11WD8KLIN5G--13E","24/04/2026 05:00 - 24/04/2026 06:00","29.00",""
"24/04/2026 00:00 - 25/04/2026 00:00","CTA|DE(50Hertz)","HKW Klingenberg 1-3","11WD8KLIN5G--13E","Fossil Gas","11WD8KLIN5G--13E","24/04/2026 06:00 - 24/04/2026 07:00","29.25",""
"24/04/2026 00:00 - 25/04/2026 00:00","CTA|DE(50Hertz)","HKW Klingenberg 1-3","11WD8KLIN5G--13E","Fossil Gas","11WD8KLIN5G--13E","24/04/2026 07:00 - 24/04/2026 08:00","38.75",""
"24/04/2026 00:00 - 25/04/2026 00:00","CTA|DE(50Hertz)","HKW Klingenberg 1-3","11WD8KLIN5G--13E","Fossil Gas","11WD8KLIN5G--13E","24/04/2026 08:00 - 24/04/2026 09:00","38.75",""
"24/04/2026 00:00 - 25/04/2026 00:00","CTA|DE(50Hertz)","HKW Klingenberg 1-3","11WD8KLIN5G--13E","Fossil Gas","11WD8KLIN5G--13E","24/04/2026 09:00 - 24/04/2026 10:00","32.75",""
"24/04/2026 00:00 - 25/04/2026 00:00","CTA|DE(50Hertz)","HKW Klingenberg 1-3","11WD8KLIN5G--13E","Fossil Gas","11WD8KLIN5G--13E","24/04/2026 10:00 - 24/04/2026 11:00","21.00",""
"24/04/2026 00:00 - 25/04/2026 00:00","CTA|DE(50Hertz)","HKW Klingenberg 1-3","11WD8KLIN5G--13E","Fossil Gas","11WD8KLIN5G--13E","24/04/2026 11:00 - 24/04/2026 12:00","18.50",""
"24/04/2026 00:00 - 25/04/2026 00:00","CTA|DE(50Hertz)","HKW Klingenberg 1-3","11WD8KLIN5G--13E","Fossil Gas","11WD8KLIN5G--13E","24/04/2026 12:00 - 24/04/2026 13:00","20.00",""
"24/04/2026 00:00 - 25/04/2026 00:00","CTA|DE(50Hertz)","HKW Klingenberg 1-3","11WD8KLIN5G--13E","Fossil Gas","11WD8KLIN5G--13E","24/04/2026 13:00 - 24/04/2026 14:00","18.75",""
"24/04/2026 00:00 - 25/04/2026 00:00","CTA|DE(50Hertz)","HKW Klingenberg 1-3","11WD8KLIN5G--13E","Fossil Gas","11WD8KLIN5G--13E","24/04/2026 14:00 - 24/04/2026 15:00","18.25",""
"24/04/2026 00:00 - 25/04/2026 00:00","CTA|DE(50Hertz)","HKW Klingenberg 1-3","11WD8KLIN5G--13E","Fossil Gas","11WD8KLIN5G--13E","24/04/2026 15:00 - 24/04/2026 16:00","19.00",""
"24/04/2026 00:00 - 25/04/2026 00:00","CTA|DE(50Hertz)","HKW Klingenberg 1-3","11WD8KLIN5G--13E","Fossil Gas","11WD8KLIN5G--13E","24/04/2026 16:00 - 24/04/2026 17:00","19.00",""
"24/04/2026 00:00 - 25/04/2026 00:00","CTA|DE(50Hertz)","HKW Klingenberg 1-3","11WD8KLIN5G--13E","Fossil Gas","11WD8KLIN5G--13E","24/04/2026 17:00 - 24/04/2026 18:00","19.75",""
"24/04/2026 00:00 - 25/04/2026 00:00","CTA|DE(50Hertz)","HKW Klingenberg 1-3","11WD8KLIN5G--13E","Fossil Gas","11WD8KLIN5G--13E","24/04/2026 18:00 - 24/04/2026 19:00","37.25",""
"24/04/2026 00:00 - 25/04/2026 00:00","CTA|DE(50Hertz)","HKW Klingenberg 1-3","11WD8KLIN5G--13E","Fossil Gas","11WD8KLIN5G--13E","24/04/2026 19:00 - 24/04/2026 20:00","40.50",""
"24/04/2026 00:00 - 25/04/2026 00:00","CTA|DE(50Hertz)","HKW Klingenberg 1-3","11WD8KLIN5G--13E","Fossil Gas","11WD8KLIN5G--13E","24/04/2026 20:00 - 24/04/2026 21:00","43.75",""
"24/04/2026 00:00 - 25/04/2026 00:00","CTA|DE(50Hertz)","HKW Klingenberg 1-3","11WD8KLIN5G--13E","Fossil Gas","11WD8KLIN5G--13E","24/04/2026 21:00 - 24/04/2026 22:00","44.00",""
"24/04/2026 00:00 - 25/04/2026 00:00","CTA|DE(50Hertz)","HKW Klingenberg 1-3","11WD8KLIN5G--13E","Fossil Gas","11WD8KLIN5G--13E","24/04/2026 22:00 - 24/04/2026 23:00","43.50",""
"24/04/2026 00:00 - 25/04/2026 00:00","CTA|DE(50Hertz)","HKW Klingenberg 1-3","11WD8KLIN5G--13E","Fossil Gas","11WD8KLIN5G--13E","24/04/2026 23:00 - 25/04/2026 00:00","43.75",""
"24/04/2026 00:00 - 25/04/2026 00:00","CTA|DE(50Hertz)","HKW Nord GuD Nord","11WD8LEIP5X----6","Fossil Gas","11WD8LEIP5X----6","24/04/2026 00:00 - 24/04/2026 01:00","68.75",""
"24/04/2026 00:00 - 25/04/2026 00:00","CTA|DE(50Hertz)","HKW Nord GuD Nord","11WD8LEIP5X----6","Fossil Gas","11WD8LEIP5X----6","24/04/2026 01:00 - 24/04/2026 02:00","44.52",""
"24/04/2026 00:00 - 25/04/2026 00:00","CTA|DE(50Hertz)","HKW Nord GuD Nord","11WD8LEIP5X----6","Fossil Gas","11WD8LEIP5X----6","24/04/2026 02:00 - 24/04/2026 03:00","40.10",""
"24/04/2026 00:00 - 25/04/2026 00:00","CTA|DE(50Hertz)","HKW Nord GuD Nord","11WD8LEIP5X----6","Fossil Gas","11WD8LEIP5X----6","24/04/2026 03:00 - 24/04/2026 04:00","40.60",""
"24/04/2026 00:00 - 25/04/2026 00:00","CTA|DE(50Hertz)","HKW Nord GuD Nord","11WD8LEIP5X----6","Fossil Gas","11WD8LEIP5X----6","24/04/2026 04:00 - 24/04/2026 05:00","47.17",""
"24/04/2026 00:00 - 25/04/2026 00:00","CTA|DE(50Hertz)","HKW Nord GuD Nord","11WD8LEIP5X----6","Fossil Gas","11WD8LEIP5X----6","24/04/2026 05:00 - 24/04/2026 06:00","67.75",""
"24/04/2026 00:00 - 25/04/2026 00:00","CTA|DE(50Hertz)","HKW Nord GuD Nord","11WD8LEIP5X----6","Fossil Gas","11WD8LEIP5X----6","24/04/2026 06:00 - 24/04/2026 07:00","82.85",""
"24/04/2026 00:00 - 25/04/2026 00:00","CTA|DE(50Hertz)","HKW Nord GuD Nord","11WD8LEIP5X----6","Fossil Gas","11WD8LEIP5X----6","24/04/2026 07:00 - 24/04/2026 08:00","82.70",""
"24/04/2026 00:00 - 25/04/2026 00:00","CTA|DE(50Hertz)","HKW Nord GuD Nord","11WD8LEIP5X----6","Fossil Gas","11WD8LEIP5X----6","24/04/2026 08:00 - 24/04/2026 09:00","79.22",""
"24/04/2026 00:00 - 25/04/2026 00:00","CTA|DE(50Hertz)","HKW Nord GuD Nord","11WD8LEIP5X----6","Fossil Gas","11WD8LEIP5X----6","24/04/2026 09:00 - 24/04/2026 10:00","60.08",""
"24/04/2026 00:00 - 25/04/2026 00:00","CTA|DE(50Hertz)","HKW Nord GuD Nord","11WD8LEIP5X----6","Fossil Gas","11WD8LEIP5X----6","24/04/2026 10:00 - 24/04/2026 11:00","32.58",""
"24/04/2026 00:00 - 25/04/2026 00:00","CTA|DE(50Hertz)","HKW Nord GuD Nord","11WD8LEIP5X----6","Fossil Gas","11WD8LEIP5X----6","24/04/2026 11:00 - 24/04/2026 12:00","18.15",""
"24/04/2026 00:00 - 25/04/2026 00:00","CTA|DE(50Hertz)","HKW Nord GuD Nord","11WD8LEIP5X----6","Fossil Gas","11WD8LEIP5X----6","24/04/2026 12:00 - 24/04/2026 13:00","17.90",""
"24/04/2026 00:00 - 25/04/2026 00:00","CTA|DE(50Hertz)","HKW Nord GuD Nord","11WD8LEIP5X----6","Fossil Gas","11WD8LEIP5X----6","24/04/2026 13:00 - 24/04/2026 14:00","17.18",""
"24/04/2026 00:00 - 25/04/2026 00:00","CTA|DE(50Hertz)","HKW Nord GuD Nord","11WD8LEIP5X----6","Fossil Gas","11WD8LEIP5X----6","24/04/2026 14:00 - 24/04/2026 15:00","16.90",""
"24/04/2026 00:00 - 25/04/2026 00:00","CTA|DE(50Hertz)","HKW Nord GuD Nord","11WD8LEIP5X----6","Fossil Gas","11WD8LEIP5X----6","24/04/2026 15:00 - 24/04/2026 16:00","16.18",""
"24/04/2026 00:00 - 25/04/2026 00:00","CTA|DE(50Hertz)","HKW Nord GuD Nord","11WD8LEIP5X----6","Fossil Gas","11WD8LEIP5X----6","24/04/2026 16:00 - 24/04/2026 17:00","16.18",""
"24/04/2026 00:00 - 25/04/2026 00:00","CTA|DE(50Hertz)","HKW Nord GuD Nord","11WD8LEIP5X----6","Fossil Gas","11WD8LEIP5X----6","24/04/2026 17:00 - 24/04/2026 18:00","17.02",""
"24/04/2026 00:00 - 25/04/2026 00:00","CTA|DE(50Hertz)","HKW Nord GuD Nord","11WD8LEIP5X----6","Fossil Gas","11WD8LEIP5X----6","24/04/2026 18:00 - 24/04/2026 19:00","57.65",""
"24/04/2026 00:00 - 25/04/2026 00:00","CTA|DE(50Hertz)","HKW Nord GuD Nord","11WD8LEIP5X----6","Fossil Gas","11WD8LEIP5X----6","24/04/2026 19:00 - 24/04/2026 20:00","82.63",""
"24/04/2026 00:00 - 25/04/2026 00:00","CTA|DE(50Hertz)","HKW Nord GuD Nord","11WD8LEIP5X----6","Fossil Gas","11WD8LEIP5X----6","24/04/2026 20:00 - 24/04/2026 21:00","84.28",""
"24/04/2026 00:00 - 25/04/2026 00:00","CTA|DE(50Hertz)","HKW Nord GuD Nord","11WD8LEIP5X----6","Fossil Gas","11WD8LEIP5X----6","24/04/2026 21:00 - 24/04/2026 22:00","85.20",""
"24/04/2026 00:00 - 25/04/2026 00:00","CTA|DE(50Hertz)","HKW Nord GuD Nord","11WD8LEIP5X----6","Fossil Gas","11WD8LEIP5X----6","24/04/2026 22:00 - 24/04/2026 23:00","85.22",""
"24/04/2026 00:00 - 25/04/2026 00:00","CTA|DE(50Hertz)","HKW Nord GuD Nord","11WD8LEIP5X----6","Fossil Gas","11WD8LEIP5X----6","24/04/2026 23:00 - 25/04/2026 00:00","84.47",""
"24/04/2026 00:00 - 25/04/2026 00:00","CTA|DE(50Hertz)","KW Lippendorf Block R","11WD8LIPD1L---R6","Fossil Brown coal/Lignite","11WD8LIPD1L---R6","24/04/2026 00:00 - 24/04/2026 01:00","0.00",""
"24/04/2026 00:00 - 25/04/2026 00:00","CTA|DE(50Hertz)","KW Lippendorf Block R","11WD8LIPD1L---R6","Fossil Brown coal/Lignite","11WD8LIPD1L---R6","24/04/2026 01:00 - 24/04/2026 02:00","0.00",""
"24/04/2026 00:00 - 25/04/2026 00:00","CTA|DE(50Hertz)","KW Lippendorf Block R","11WD8LIPD1L---R6","Fossil Brown coal/Lignite","11WD8LIPD1L---R6","24/04/2026 02:00 - 24/04/2026 03:00","0.00",""
"24/04/2026 00:00 - 25/04/2026 00:00","CTA|DE(50Hertz)","KW Lippendorf Block R","11WD8LIPD1L---R6","Fossil Brown coal/Lignite","11WD8LIPD1L---R6","24/04/2026 03:00 - 24/04/2026 04:00","0.00",""
"24/04/2026 00:00 - 25/04/2026 00:00","CTA|DE(50Hertz)","KW Lippendorf Block R","11WD8LIPD1L---R6","Fossil Brown coal/Lignite","11WD8LIPD1L---R6","24/04/2026 04:00 - 24/04/2026 05:00","0.00",""
"24/04/2026 00:00 - 25/04/2026 00:00","CTA|DE(50Hertz)","KW Lippendorf Block R","11WD8LIPD1L---R6","Fossil Brown coal/Lignite","11WD8LIPD1L---R6","24/04/2026 05:00 - 24/04/2026 06:00","0.00",""
"24/04/2026 00:00 - 25/04/2026 00:00","CTA|DE(50Hertz)","KW Lippendorf Block R","11WD8LIPD1L---R6","Fossil Brown coal/Lignite","11WD8LIPD1L---R6","24/04/2026 06:00 - 24/04/2026 07:00","0.00",""
"24/04/2026 00:00 - 25/04/2026 00:00","CTA|DE(50Hertz)","KW Lippendorf Block R","11WD8LIPD1L---R6","Fossil Brown coal/Lignite","11WD8LIPD1L---R6","24/04/2026 07:00 - 24/04/2026 08:00","0.00",""
"24/04/2026 00:00 - 25/04/2026 00:00","CTA|DE(50Hertz)","KW Lippendorf Block R","11WD8LIPD1L---R6","Fossil Brown coal/Lignite","11WD8LIPD1L---R6","24/04/2026 08:00 - 24/04/2026 09:00","0.00",""
"24/04/2026 00:00 - 25/04/2026 00:00","CTA|DE(50Hertz)","KW Lippendorf Block R","11WD8LIPD1L---R6","Fossil Brown coal/Lignite","11WD8LIPD1L---R6","24/04/2026 09:00 - 24/04/2026 10:00","0.00",""
"24/04/2026 00:00 - 25/04/2026 00:00","CTA|DE(50Hertz)","KW Lippendorf Block R","11WD8LIPD1L---R6","Fossil Brown coal/Lignite","11WD8LIPD1L---R6","24/04/2026 10:00 - 24/04/2026 11:00","0.00",""
"24/04/2026 00:00 - 25/04/2026 00:00","CTA|DE(50Hertz)","KW Lippendorf Block R","11WD8LIPD1L---R6","Fossil Brown coal/Lignite","11WD8LIPD1L---R6","24/04/2026 11:00 - 24/04/2026 12:00","0.00",""
"24/04/2026 00:00 - 25/04/2026 00:00","CTA|DE(50Hertz)","KW Lippendorf Block R","11WD8LIPD1L---R6","Fossil Brown coal/Lignite","11WD8LIPD1L---R6","24/04/2026 12:00 - 24/04/2026 13:00","0.00",""
"24/04/2026 00:00 - 25/04/2026 00:00","CTA|DE(50Hertz)","KW Lippendorf Block R","11WD8LIPD1L---R6","Fossil Brown coal/Lignite","11WD8LIPD1L---R6","24/04/2026 13:00 - 24/04/2026 14:00","0.00",""
"24/04/2026 00:00 - 25/04/2026 00:00","CTA|DE(50Hertz)","KW Lippendorf Block R","11WD8LIPD1L---R6","Fossil Brown coal/Lignite","11WD8LIPD1L---R6","24/04/2026 14:00 - 24/04/2026 15:00","0.00",""
"24/04/2026 00:00 - 25/04/2026 00:00","CTA|DE(50Hertz)","KW Lippendorf Block R","11WD8LIPD1L---R6","Fossil Brown coal/Lignite","11WD8LIPD1L---R6","24/04/2026 15:00 - 24/04/2026 16:00","0.00",""
"24/04/2026 00:00 - 25/04/2026 00:00","CTA|DE(50Hertz)","KW Lippendorf Block R","11WD8LIPD1L---R6","Fossil Brown coal/Lignite","11WD8LIPD1L---R6","24/04/2026 16:00 - 24/04/2026 17:00","0.00",""
"24/04/2026 00:00 - 25/04/2026 00:00","CTA|DE(50Hertz)","KW Lippendorf Block R","11WD8LIPD1L---R6","Fossil Brown coal/Lignite","11WD8LIPD1L---R6","24/04/2026 17:00 - 24/04/2026 18:00","0.00",""
"24/04/2026 00:00 - 25/04/2026 00:00","CTA|DE(50Hertz)","KW Lippendorf Block R","11WD8LIPD1L---R6","Fossil Brown coal/Lignite","11WD8LIPD1L---R6","24/04/2026 18:00 - 24/04/2026 19:00","0.00",""
"24/04/2026 00:00 - 25/04/2026 00:00","CTA|DE(50Hertz)","KW Lippendorf Block R","11WD8LIPD1L---R6","Fossil Brown coal/Lignite","11WD8LIPD1L---R6","24/04/2026 19:00 - 24/04/2026 20:00","0.00",""
"24/04/2026 00:00 - 25/04/2026 00:00","CTA|DE(50Hertz)","KW Lippendorf Block R","11WD8LIPD1L---R6","Fossil Brown coal/Lignite","11WD8LIPD1L---R6","24/04/2026 20:00 - 24/04/2026 21:00","0.00",""
"24/04/2026 00:00 - 25/04/2026 00:00","CTA|DE(50Hertz)","KW Lippendorf Block R","11WD8LIPD1L---R6","Fossil Brown coal/Lignite","11WD8LIPD1L---R6","24/04/2026 21:00 - 24/04/2026 22:00","0.00",""
"24/04/2026 00:00 - 25/04/2026 00:00","CTA|DE(50Hertz)","KW Lippendorf Block R","11WD8LIPD1L---R6","Fossil Brown coal/Lignite","11WD8LIPD1L---R6","24/04/2026 22:00 - 24/04/2026 23:00","0.00",""
"24/04/2026 00:00 - 25/04/2026 00:00","CTA|DE(50Hertz)","KW Lippendorf Block R","11WD8LIPD1L---R6","Fossil Brown coal/Lignite","11WD8LIPD1L---R6","24/04/2026 23:00 - 25/04/2026 00:00","0.00",""
"24/04/2026 00:00 - 25/04/2026 00:00","CTA|DE(50Hertz)","KW Lippendorf Block S","11WD8LIPD1L---S4","Fossil Brown coal/Lignite","11WD8LIPD1L---S4","24/04/2026 00:00 - 24/04/2026 01:00","0.00",""
"24/04/2026 00:00 - 25/04/2026 00:00","CTA|DE(50Hertz)","KW Lippendorf Block S","11WD8LIPD1L---S4","Fossil Brown coal/Lignite","11WD8LIPD1L---S4","24/04/2026 01:00 - 24/04/2026 02:00","0.00",""
"24/04/2026 00:00 - 25/04/2026 00:00","CTA|DE(50Hertz)","KW Lippendorf Block S","11WD8LIPD1L---S4","Fossil Brown coal/Lignite","11WD8LIPD1L---S4","24/04/2026 02:00 - 24/04/2026 03:00","0.00",""
"24/04/2026 00:00 - 25/04/2026 00:00","CTA|DE(50Hertz)","KW Lippendorf Block S","11WD8LIPD1L---S4","Fossil Brown coal/Lignite","11WD8LIPD1L---S4","24/04/2026 03:00 - 24/04/2026 04:00","0.00",""
"24/04/2026 00:00 - 25/04/2026 00:00","CTA|DE(50Hertz)","KW Lippendorf Block S","11WD8LIPD1L---S4","Fossil Brown coal/Lignite","11WD8LIPD1L---S4","24/04/2026 04:00 - 24/04/2026 05:00","0.00",""
"24/04/2026 00:00 - 25/04/2026 00:00","CTA|DE(50Hertz)","KW Lippendorf Block S","11WD8LIPD1L---S4","Fossil Brown coal/Lignite","11WD8LIPD1L---S4","24/04/2026 05:00 - 24/04/2026 06:00","0.00",""
"24/04/2026 00:00 - 25/04/2026 00:00","CTA|DE(50Hertz)","KW Lippendorf Block S","11WD8LIPD1L---S4","Fossil Brown coal/Lignite","11WD8LIPD1L---S4","24/04/2026 06:00 - 24/04/2026 07:00","0.00",""
"24/04/2026 00:00 - 25/04/2026 00:00","CTA|DE(50Hertz)","KW Lippendorf Block S","11WD8LIPD1L---S4","Fossil Brown coal/Lignite","11WD8LIPD1L---S4","24/04/2026 07:00 - 24/04/2026 08:00","0.00",""
"24/04/2026 00:00 - 25/04/2026 00:00","CTA|DE(50Hertz)","KW Lippendorf Block S","11WD8LIPD1L---S4","Fossil Brown coal/Lignite","11WD8LIPD1L---S4","24/04/2026 08:00 - 24/04/2026 09:00","0.00",""
"24/04/2026 00:00 - 25/04/2026 00:00","CTA|DE(50Hertz)","KW Lippendorf Block S","11WD8LIPD1L---S4","Fossil Brown coal/Lignite","11WD8LIPD1L---S4","24/04/2026 09:00 - 24/04/2026 10:00","0.00",""
"24/04/2026 00:00 - 25/04/2026 00:00","CTA|DE(50Hertz)","KW Lippendorf Block S","11WD8LIPD1L---S4","Fossil Brown coal/Lignite","11WD8LIPD1L---S4","24/04/2026 10:00 - 24/04/2026 11:00","0.00",""
"24/04/2026 00:00 - 25/04/2026 00:00","CTA|DE(50Hertz)","KW Lippendorf Block S","11WD8LIPD1L---S4","Fossil Brown coal/Lignite","11WD8LIPD1L---S4","24/04/2026 11:00 - 24/04/2026 12:00","0.00",""
"24/04/2026 00:00 - 25/04/2026 00:00","CTA|DE(50Hertz)","KW Lippendorf Block S","11WD8LIPD1L---S4","Fossil Brown coal/Lignite","11WD8LIPD1L---S4","24/04/2026 12:00 - 24/04/2026 13:00","0.00",""
"24/04/2026 00:00 - 25/04/2026 00:00","CTA|DE(50Hertz)","KW Lippendorf Block S","11WD8LIPD1L---S4","Fossil Brown coal/Lignite","11WD8LIPD1L---S4","24/04/2026 13:00 - 24/04/2026 14:00","0.00",""
"24/04/2026 00:00 - 25/04/2026 00:00","CTA|DE(50Hertz)","KW Lippendorf Block S","11WD8LIPD1L---S4","Fossil Brown coal/Lignite","11WD8LIPD1L---S4","24/04/2026 14:00 - 24/04/2026 15:00","0.00",""
"24/04/2026 00:00 - 25/04/2026 00:00","CTA|DE(50Hertz)","KW Lippendorf Block S","11WD8LIPD1L---S4","Fossil Brown coal/Lignite","11WD8LIPD1L---S4","24/04/2026 15:00 - 24/04/2026 16:00","0.00",""
"24/04/2026 00:00 - 25/04/2026 00:00","CTA|DE(50Hertz)","KW Lippendorf Block S","11WD8LIPD1L---S4","Fossil Brown coal/Lignite","11WD8LIPD1L---S4","24/04/2026 16:00 - 24/04/2026 17:00","0.00",""
"24/04/2026 00:00 - 25/04/2026 00:00","CTA|DE(50Hertz)","KW Lippendorf Block S","11WD8LIPD1L---S4","Fossil Brown coal/Lignite","11WD8LIPD1L---S4","24/04/2026 17:00 - 24/04/2026 18:00","0.00",""
"24/04/2026 00:00 - 25/04/2026 00:00","CTA|DE(50Hertz)","KW Lippendorf Block S","11WD8LIPD1L---S4","Fossil Brown coal/Lignite","11WD8LIPD1L---S4","24/04/2026 18:00 - 24/04/2026 19:00","0.00",""
"24/04/2026 00:00 - 25/04/2026 00:00","CTA|DE(50Hertz)","KW Lippendorf Block S","11WD8LIPD1L---S4","Fossil Brown coal/Lignite","11WD8LIPD1L---S4","24/04/2026 19:00 - 24/04/2026 20:00","0.00",""
"24/04/2026 00:00 - 25/04/2026 00:00","CTA|DE(50Hertz)","KW Lippendorf Block S","11WD8LIPD1L---S4","Fossil Brown coal/Lignite","11WD8LIPD1L---S4","24/04/2026 20:00 - 24/04/2026 21:00","0.00",""
"24/04/2026 00:00 - 25/04/2026 00:00","CTA|DE(50Hertz)","KW Lippendorf Block S","11WD8LIPD1L---S4","Fossil Brown coal/Lignite","11WD8LIPD1L---S4","24/04/2026 21:00 - 24/04/2026 22:00","0.00",""
"24/04/2026 00:00 - 25/04/2026 00:00","CTA|DE(50Hertz)","KW Lippendorf Block S","11WD8LIPD1L---S4","Fossil Brown coal/Lignite","11WD8LIPD1L---S4","24/04/2026 22:00 - 24/04/2026 23:00","0.00",""
"24/04/2026 00:00 - 25/04/2026 00:00","CTA|DE(50Hertz)","KW Lippendorf Block S","11WD8LIPD1L---S4","Fossil Brown coal/Lignite","11WD8LIPD1L---S4","24/04/2026 23:00 - 25/04/2026 00:00","0.00",""
"24/04/2026 00:00 - 25/04/2026 00:00","CTA|DE(50Hertz)","PSW Markersbach PSS A","11WD8MARK1H---AM","Hydro Pumped Storage","11WD8MARK1H---AM","24/04/2026 00:00 - 24/04/2026 01:00","47.00",""
"24/04/2026 00:00 - 25/04/2026 00:00","CTA|DE(50Hertz)","PSW Markersbach PSS A","11WD8MARK1H---AM","Hydro Pumped Storage","11WD8MARK1H---AM","24/04/2026 01:00 - 24/04/2026 02:00","51.00",""
"24/04/2026 00:00 - 25/04/2026 00:00","CTA|DE(50Hertz)","PSW Markersbach PSS A","11WD8MARK1H---AM","Hydro Pumped Storage","11WD8MARK1H---AM","24/04/2026 02:00 - 24/04/2026 03:00","47.00",""
"24/04/2026 00:00 - 25/04/2026 00:00","CTA|DE(50Hertz)","PSW Markersbach PSS A","11WD8MARK1H---AM","Hydro Pumped Storage","11WD8MARK1H---AM","24/04/2026 03:00 - 24/04/2026 04:00","51.25",""
"24/04/2026 00:00 - 25/04/2026 00:00","CTA|DE(50Hertz)","PSW Markersbach PSS A","11WD8MARK1H---AM","Hydro Pumped Storage","11WD8MARK1H---AM","24/04/2026 04:00 - 24/04/2026 05:00","24.75",""
"24/04/2026 00:00 - 25/04/2026 00:00","CTA|DE(50Hertz)","PSW Markersbach PSS A","11WD8MARK1H---AM","Hydro Pumped Storage","11WD8MARK1H---AM","24/04/2026 05:00 - 24/04/2026 06:00","40.50",""
"24/04/2026 00:00 - 25/04/2026 00:00","CTA|DE(50Hertz)","PSW Markersbach PSS A","11WD8MARK1H---AM","Hydro Pumped Storage","11WD8MARK1H---AM","24/04/2026 06:00 - 24/04/2026 07:00","158.25",""
"24/04/2026 00:00 - 25/04/2026 00:00","CTA|DE(50Hertz)","PSW Markersbach PSS A","11WD8MARK1H---AM","Hydro Pumped Storage","11WD8MARK1H---AM","24/04/2026 07:00 - 24/04/2026 08:00","153.75",""
"24/04/2026 00:00 - 25/04/2026 00:00","CTA|DE(50Hertz)","PSW Markersbach PSS A","11WD8MARK1H---AM","Hydro Pumped Storage","11WD8MARK1H---AM","24/04/2026 08:00 - 24/04/2026 09:00","0.00",""
"24/04/2026 00:00 - 25/04/2026 00:00","CTA|DE(50Hertz)","PSW Markersbach PSS A","11WD8MARK1H---AM","Hydro Pumped Storage","11WD8MARK1H---AM","24/04/2026 09:00 - 24/04/2026 10:00","0.00",""
"24/04/2026 00:00 - 25/04/2026 00:00","CTA|DE(50Hertz)","PSW Markersbach PSS A","11WD8MARK1H---AM","Hydro Pumped Storage","11WD8MARK1H---AM","24/04/2026 10:00 - 24/04/2026 11:00","0.00",""
"24/04/2026 00:00 - 25/04/2026 00:00","CTA|DE(50Hertz)","PSW Markersbach PSS A","11WD8MARK1H---AM","Hydro Pumped Storage","11WD8MARK1H---AM","24/04/2026 11:00 - 24/04/2026 12:00","0.00",""
"24/04/2026 00:00 - 25/04/2026 00:00","CTA|DE(50Hertz)","PSW Markersbach PSS A","11WD8MARK1H---AM","Hydro Pumped Storage","11WD8MARK1H---AM","24/04/2026 12:00 - 24/04/2026 13:00","10.00",""
"24/04/2026 00:00 - 25/04/2026 00:00","CTA|DE(50Hertz)","PSW Markersbach PSS A","11WD8MARK1H---AM","Hydro Pumped Storage","11WD8MARK1H---AM","24/04/2026 13:00 - 24/04/2026 14:00","0.00",""
"24/04/2026 00:00 - 25/04/2026 00:00","CTA|DE(50Hertz)","PSW Markersbach PSS A","11WD8MARK1H---AM","Hydro Pumped Storage","11WD8MARK1H---AM","24/04/2026 14:00 - 24/04/2026 15:00","0.00",""
"24/04/2026 00:00 - 25/04/2026 00:00","CTA|DE(50Hertz)","PSW Markersbach PSS A","11WD8MARK1H---AM","Hydro Pumped Storage","11WD8MARK1H---AM","24/04/2026 15:00 - 24/04/2026 16:00","0.00",""
"24/04/2026 00:00 - 25/04/2026 00:00","CTA|DE(50Hertz)","PSW Markersbach PSS A","11WD8MARK1H---AM","Hydro Pumped Storage","11WD8MARK1H---AM","24/04/2026 16:00 - 24/04/2026 17:00","0.00",""
"24/04/2026 00:00 - 25/04/2026 00:00","CTA|DE(50Hertz)","PSW Markersbach PSS A","11WD8MARK1H---AM","Hydro Pumped Storage","11WD8MARK1H---AM","24/04/2026 17:00 - 24/04/2026 18:00","0.00",""
"24/04/2026 00:00 - 25/04/2026 00:00","CTA|DE(50Hertz)","PSW Markersbach PSS A","11WD8MARK1H---AM","Hydro Pumped Storage","11WD8MARK1H---AM","24/04/2026 18:00 - 24/04/2026 19:00","0.00",""
"24/04/2026 00:00 - 25/04/2026 00:00","CTA|DE(50Hertz)","PSW Markersbach PSS A","11WD8MARK1H---AM","Hydro Pumped Storage","11WD8MARK1H---AM","24/04/2026 19:00 - 24/04/2026 20:00","0.00",""
"24/04/2026 00:00 - 25/04/2026 00:00","CTA|DE(50Hertz)","PSW Markersbach PSS A","11WD8MARK1H---AM","Hydro Pumped Storage","11WD8MARK1H---AM","24/04/2026 20:00 - 24/04/2026 21:00","162.50",""
"24/04/2026 00:00 - 25/04/2026 00:00","CTA|DE(50Hertz)","PSW Markersbach PSS A","11WD8MARK1H---AM","Hydro Pumped Storage","11WD8MARK1H---AM","24/04/2026 21:00 - 24/04/2026 22:00","158.50",""
"24/04/2026 00:00 - 25/04/2026 00:00","CTA|DE(50Hertz)","PSW Markersbach PSS A","11WD8MARK1H---AM","Hydro Pumped Storage","11WD8MARK1H---AM","24/04/2026 22:00 - 24/04/2026 23:00","154.75",""
"24/04/2026 00:00 - 25/04/2026 00:00","CTA|DE(50Hertz)","PSW Markersbach PSS A","11WD8MARK1H---AM","Hydro Pumped Storage","11WD8MARK1H---AM","24/04/2026 23:00 - 25/04/2026 00:00","144.00",""
"24/04/2026 00:00 - 25/04/2026 00:00","CTA|DE(50Hertz)","PSW Markersbach PSS B","11WD8MARK1H---BK","Hydro Pumped Storage","11WD8MARK1H---BK","24/04/2026 00:00 - 24/04/2026 01:00","0.00",""
"24/04/2026 00:00 - 25/04/2026 00:00","CTA|DE(50Hertz)","PSW Markersbach PSS B","11WD8MARK1H---BK","Hydro Pumped Storage","11WD8MARK1H---BK","24/04/2026 01:00 - 24/04/2026 02:00","0.00",""
"24/04/2026 00:00 - 25/04/2026 00:00","CTA|DE(50Hertz)","PSW Markersbach PSS B","11WD8MARK1H---BK","Hydro Pumped Storage","11WD8MARK1H---BK","24/04/2026 02:00 - 24/04/2026 03:00","0.00",""
"24/04/2026 00:00 - 25/04/2026 00:00","CTA|DE(50Hertz)","PSW Markersbach PSS B","11WD8MARK1H---BK","Hydro Pumped Storage","11WD8MARK1H---BK","24/04/2026 03:00 - 24/04/2026 04:00","0.00",""
"24/04/2026 00:00 - 25/04/2026 00:00","CTA|DE(50Hertz)","PSW Markersbach PSS B","11WD8MARK1H---BK","Hydro Pumped Storage","11WD8MARK1H---BK","24/04/2026 04:00 - 24/04/2026 05:00","0.00",""
"24/04/2026 00:00 - 25/04/2026 00:00","CTA|DE(50Hertz)","PSW Markersbach PSS B","11WD8MARK1H---BK","Hydro Pumped Storage","11WD8MARK1H---BK","24/04/2026 05:00 - 24/04/2026 06:00","0.00",""
"24/04/2026 00:00 - 25/04/2026 00:00","CTA|DE(50Hertz)","PSW Markersbach PSS B","11WD8MARK1H---BK","Hydro Pumped Storage","11WD8MARK1H---BK","24/04/2026 06:00 - 24/04/2026 07:00","0.00",""
"24/04/2026 00:00 - 25/04/2026 00:00","CTA|DE(50Hertz)","PSW Markersbach PSS B","11WD8MARK1H---BK","Hydro Pumped Storage","11WD8MARK1H---BK","24/04/2026 07:00 - 24/04/2026 08:00","0.00",""
"24/04/2026 00:00 - 25/04/2026 00:00","CTA|DE(50Hertz)","PSW Markersbach PSS B","11WD8MARK1H---BK","Hydro Pumped Storage","11WD8MARK1H---BK","24/04/2026 08:00 - 24/04/2026 09:00","0.00",""
"24/04/2026 00:00 - 25/04/2026 00:00","CTA|DE(50Hertz)","PSW Markersbach PSS B","11WD8MARK1H---BK","Hydro Pumped Storage","11WD8MARK1H---BK","24/04/2026 09:00 - 24/04/2026 10:00","0.00",""
"24/04/2026 00:00 - 25/04/2026 00:00","CTA|DE(50Hertz)","PSW Markersbach PSS B","11WD8MARK1H---BK","Hydro Pumped Storage","11WD8MARK1H---BK","24/04/2026 10:00 - 24/04/2026 11:00","0.00",""
"24/04/2026 00:00 - 25/04/2026 00:00","CTA|DE(50Hertz)","PSW Markersbach PSS B","11WD8MARK1H---BK","Hydro Pumped Storage","11WD8MARK1H---BK","24/04/2026 11:00 - 24/04/2026 12:00","0.00",""
"24/04/2026 00:00 - 25/04/2026 00:00","CTA|DE(50Hertz)","PSW Markersbach PSS B","11WD8MARK1H---BK","Hydro Pumped Storage","11WD8MARK1H---BK","24/04/2026 12:00 - 24/04/2026 13:00","0.00",""
"24/04/2026 00:00 - 25/04/2026 00:00","CTA|DE(50Hertz)","PSW Markersbach PSS B","11WD8MARK1H---BK","Hydro Pumped Storage","11WD8MARK1H---BK","24/04/2026 13:00 - 24/04/2026 14:00","0.00",""
"24/04/2026 00:00 - 25/04/2026 00:00","CTA|DE(50Hertz)","PSW Markersbach PSS B","11WD8MARK1H---BK","Hydro Pumped Storage","11WD8MARK1H---BK","24/04/2026 14:00 - 24/04/2026 15:00","0.00",""
"24/04/2026 00:00 - 25/04/2026 00:00","CTA|DE(50Hertz)","PSW Markersbach PSS B","11WD8MARK1H---BK","Hydro Pumped Storage","11WD8MARK1H---BK","24/04/2026 15:00 - 24/04/2026 16:00","0.00",""
"24/04/2026 00:00 - 25/04/2026 00:00","CTA|DE(50Hertz)","PSW Markersbach PSS B","11WD8MARK1H---BK","Hydro Pumped Storage","11WD8MARK1H---BK","24/04/2026 16:00 - 24/04/2026 17:00","0.00",""
"24/04/2026 00:00 - 25/04/2026 00:00","CTA|DE(50Hertz)","PSW Markersbach PSS B","11WD8MARK1H---BK","Hydro Pumped Storage","11WD8MARK1H---BK","24/04/2026 17:00 - 24/04/2026 18:00","0.00",""
"24/04/2026 00:00 - 25/04/2026 00:00","CTA|DE(50Hertz)","PSW Markersbach PSS B","11WD8MARK1H---BK","Hydro Pumped Storage","11WD8MARK1H---BK","24/04/2026 18:00 - 24/04/2026 19:00","0.00",""
"24/04/2026 00:00 - 25/04/2026 00:00","CTA|DE(50Hertz)","PSW Markersbach PSS B","11WD8MARK1H---BK","Hydro Pumped Storage","11WD8MARK1H---BK","24/04/2026 19:00 - 24/04/2026 20:00","0.00",""
"24/04/2026 00:00 - 25/04/2026 00:00","CTA|DE(50Hertz)","PSW Markersbach PSS B","11WD8MARK1H---BK","Hydro Pumped Storage","11WD8MARK1H---BK","24/04/2026 20:00 - 24/04/2026 21:00","0.00",""
"24/04/2026 00:00 - 25/04/2026 00:00","CTA|DE(50Hertz)","PSW Markersbach PSS B","11WD8MARK1H---BK","Hydro Pumped Storage","11WD8MARK1H---BK","24/04/2026 21:00 - 24/04/2026 22:00","0.00",""
"24/04/2026 00:00 - 25/04/2026 00:00","CTA|DE(50Hertz)","PSW Markersbach PSS B","11WD8MARK1H---BK","Hydro Pumped Storage","11WD8MARK1H---BK","24/04/2026 22:00 - 24/04/2026 23:00","0.00",""
"24/04/2026 00:00 - 25/04/2026 00:00","CTA|DE(50Hertz)","PSW Markersbach PSS B","11WD8MARK1H---BK","Hydro Pumped Storage","11WD8MARK1H---BK","24/04/2026 23:00 - 25/04/2026 00:00","0.00",""
"24/04/2026 00:00 - 25/04/2026 00:00","CTA|DE(50Hertz)","PSW Markersbach PSS C","11WD8MARK1H---CI","Hydro Pumped Storage","11WD8MARK1H---CI","24/04/2026 00:00 - 24/04/2026 01:00","0.00",""
"24/04/2026 00:00 - 25/04/2026 00:00","CTA|DE(50Hertz)","PSW Markersbach PSS C","11WD8MARK1H---CI","Hydro Pumped Storage","11WD8MARK1H---CI","24/04/2026 01:00 - 24/04/2026 02:00","0.00",""
"24/04/2026 00:00 - 25/04/2026 00:00","CTA|DE(50Hertz)","PSW Markersbach PSS C","11WD8MARK1H---CI","Hydro Pumped Storage","11WD8MARK1H---CI","24/04/2026 02:00 - 24/04/2026 03:00","0.00",""
"24/04/2026 00:00 - 25/04/2026 00:00","CTA|DE(50Hertz)","PSW Markersbach PSS C","11WD8MARK1H---CI","Hydro Pumped Storage","11WD8MARK1H---CI","24/04/2026 03:00 - 24/04/2026 04:00","0.00",""
"24/04/2026 00:00 - 25/04/2026 00:00","CTA|DE(50Hertz)","PSW Markersbach PSS C","11WD8MARK1H---CI","Hydro Pumped Storage","11WD8MARK1H---CI","24/04/2026 04:00 - 24/04/2026 05:00","0.00",""
"24/04/2026 00:00 - 25/04/2026 00:00","CTA|DE(50Hertz)","PSW Markersbach PSS C","11WD8MARK1H---CI","Hydro Pumped Storage","11WD8MARK1H---CI","24/04/2026 05:00 - 24/04/2026 06:00","35.50",""
"24/04/2026 00:00 - 25/04/2026 00:00","CTA|DE(50Hertz)","PSW Markersbach PSS C","11WD8MARK1H---CI","Hydro Pumped Storage","11WD8MARK1H---CI","24/04/2026 06:00 - 24/04/2026 07:00","158.25",""
"24/04/2026 00:00 - 25/04/2026 00:00","CTA|DE(50Hertz)","PSW Markersbach PSS C","11WD8MARK1H---CI","Hydro Pumped Storage","11WD8MARK1H---CI","24/04/2026 07:00 - 24/04/2026 08:00","154.25",""
"24/04/2026 00:00 - 25/04/2026 00:00","CTA|DE(50Hertz)","PSW Markersbach PSS C","11WD8MARK1H---CI","Hydro Pumped Storage","11WD8MARK1H---CI","24/04/2026 08:00 - 24/04/2026 09:00","0.00",""
"24/04/2026 00:00 - 25/04/2026 00:00","CTA|DE(50Hertz)","PSW Markersbach PSS C","11WD8MARK1H---CI","Hydro Pumped Storage","11WD8MARK1H---CI","24/04/2026 09:00 - 24/04/2026 10:00","1.50",""
"24/04/2026 00:00 - 25/04/2026 00:00","CTA|DE(50Hertz)","PSW Markersbach PSS C","11WD8MARK1H---CI","Hydro Pumped Storage","11WD8MARK1H---CI","24/04/2026 10:00 - 24/04/2026 11:00","0.00",""
"24/04/2026 00:00 - 25/04/2026 00:00","CTA|DE(50Hertz)","PSW Markersbach PSS C","11WD8MARK1H---CI","Hydro Pumped Storage","11WD8MARK1H---CI","24/04/2026 11:00 - 24/04/2026 12:00","0.00",""
"24/04/2026 00:00 - 25/04/2026 00:00","CTA|DE(50Hertz)","PSW Markersbach PSS C","11WD8MARK1H---CI","Hydro Pumped Storage","11WD8MARK1H---CI","24/04/2026 12:00 - 24/04/2026 13:00","0.00",""
"24/04/2026 00:00 - 25/04/2026 00:00","CTA|DE(50Hertz)","PSW Markersbach PSS C","11WD8MARK1H---CI","Hydro Pumped Storage","11WD8MARK1H---CI","24/04/2026 13:00 - 24/04/2026 14:00","0.00",""
"24/04/2026 00:00 - 25/04/2026 00:00","CTA|DE(50Hertz)","PSW Markersbach PSS C","11WD8MARK1H---CI","Hydro Pumped Storage","11WD8MARK1H---CI","24/04/2026 14:00 - 24/04/2026 15:00","0.00",""
"24/04/2026 00:00 - 25/04/2026 00:00","CTA|DE(50Hertz)","PSW Markersbach PSS C","11WD8MARK1H---CI","Hydro Pumped Storage","11WD8MARK1H---CI","24/04/2026 15:00 - 24/04/2026 16:00","0.00",""
"24/04/2026 00:00 - 25/04/2026 00:00","CTA|DE(50Hertz)","PSW Markersbach PSS C","11WD8MARK1H---CI","Hydro Pumped Storage","11WD8MARK1H---CI","24/04/2026 16:00 - 24/04/2026 17:00","0.00",""
"24/04/2026 00:00 - 25/04/2026 00:00","CTA|DE(50Hertz)","PSW Markersbach PSS C","11WD8MARK1H---CI","Hydro Pumped Storage","11WD8MARK1H---CI","24/04/2026 17:00 - 24/04/2026 18:00","0.00",""
"24/04/2026 00:00 - 25/04/2026 00:00","CTA|DE(50Hertz)","PSW Markersbach PSS C","11WD8MARK1H---CI","Hydro Pumped Storage","11WD8MARK1H---CI","24/04/2026 18:00 - 24/04/2026 19:00","72.50",""
"24/04/2026 00:00 - 25/04/2026 00:00","CTA|DE(50Hertz)","PSW Markersbach PSS C","11WD8MARK1H---CI","Hydro Pumped Storage","11WD8MARK1H---CI","24/04/2026 19:00 - 24/04/2026 20:00","47.25",""
"24/04/2026 00:00 - 25/04/2026 00:00","CTA|DE(50Hertz)","PSW Markersbach PSS C","11WD8MARK1H---CI","Hydro Pumped Storage","11WD8MARK1H---CI","24/04/2026 20:00 - 24/04/2026 21:00","162.50",""
"24/04/2026 00:00 - 25/04/2026 00:00","CTA|DE(50Hertz)","PSW Markersbach PSS C","11WD8MARK1H---CI","Hydro Pumped Storage","11WD8MARK1H---CI","24/04/2026 21:00 - 24/04/2026 22:00","146.00",""
"24/04/2026 00:00 - 25/04/2026 00:00","CTA|DE(50Hertz)","PSW Markersbach PSS C","11WD8MARK1H---CI","Hydro Pumped Storage","11WD8MARK1H---CI","24/04/2026 22:00 - 24/04/2026 23:00","155.00",""
"24/04/2026 00:00 - 25/04/2026 00:00","CTA|DE(50Hertz)","PSW Markersbach PSS C","11WD8MARK1H---CI","Hydro Pumped Storage","11WD8MARK1H---CI","24/04/2026 23:00 - 25/04/2026 00:00","130.25",""
"24/04/2026 00:00 - 25/04/2026 00:00","CTA|DE(50Hertz)","PSW Markersbach PSS D","11WD8MARK1H---DG","Hydro Pumped Storage","11WD8MARK1H---DG","24/04/2026 00:00 - 24/04/2026 01:00","0.00",""
"24/04/2026 00:00 - 25/04/2026 00:00","CTA|DE(50Hertz)","PSW Markersbach PSS D","11WD8MARK1H---DG","Hydro Pumped Storage","11WD8MARK1H---DG","24/04/2026 01:00 - 24/04/2026 02:00","0.00",""
"24/04/2026 00:00 - 25/04/2026 00:00","CTA|DE(50Hertz)","PSW Markersbach PSS D","11WD8MARK1H---DG","Hydro Pumped Storage","11WD8MARK1H---DG","24/04/2026 02:00 - 24/04/2026 03:00","0.00",""
"24/04/2026 00:00 - 25/04/2026 00:00","CTA|DE(50Hertz)","PSW Markersbach PSS D","11WD8MARK1H---DG","Hydro Pumped Storage","11WD8MARK1H---DG","24/04/2026 03:00 - 24/04/2026 04:00","0.00",""
"24/04/2026 00:00 - 25/04/2026 00:00","CTA|DE(50Hertz)","PSW Markersbach PSS D","11WD8MARK1H---DG","Hydro Pumped Storage","11WD8MARK1H---DG","24/04/2026 04:00 - 24/04/2026 05:00","0.00",""
"24/04/2026 00:00 - 25/04/2026 00:00","CTA|DE(50Hertz)","PSW Markersbach PSS D","11WD8MARK1H---DG","Hydro Pumped Storage","11WD8MARK1H---DG","24/04/2026 05:00 - 24/04/2026 06:00","40.00",""
"24/04/2026 00:00 - 25/04/2026 00:00","CTA|DE(50Hertz)","PSW Markersbach PSS D","11WD8MARK1H---DG","Hydro Pumped Storage","11WD8MARK1H---DG","24/04/2026 06:00 - 24/04/2026 07:00","157.75",""
"24/04/2026 00:00 - 25/04/2026 00:00","CTA|DE(50Hertz)","PSW Markersbach PSS D","11WD8MARK1H---DG","Hydro Pumped Storage","11WD8MARK1H---DG","24/04/2026 07:00 - 24/04/2026 08:00","154.50",""
"24/04/2026 00:00 - 25/04/2026 00:00","CTA|DE(50Hertz)","PSW Markersbach PSS D","11WD8MARK1H---DG","Hydro Pumped Storage","11WD8MARK1H---DG","24/04/2026 08:00 - 24/04/2026 09:00","75.75",""
"24/04/2026 00:00 - 25/04/2026 00:00","CTA|DE(50Hertz)","PSW Markersbach PSS D","11WD8MARK1H---DG","Hydro Pumped Storage","11WD8MARK1H---DG","24/04/2026 09:00 - 24/04/2026 10:00","0.00",""
"24/04/2026 00:00 - 25/04/2026 00:00","CTA|DE(50Hertz)","PSW Markersbach PSS D","11WD8MARK1H---DG","Hydro Pumped Storage","11WD8MARK1H---DG","24/04/2026 10:00 - 24/04/2026 11:00","0.00",""
"24/04/2026 00:00 - 25/04/2026 00:00","CTA|DE(50Hertz)","PSW Markersbach PSS D","11WD8MARK1H---DG","Hydro Pumped Storage","11WD8MARK1H---DG","24/04/2026 11:00 - 24/04/2026 12:00","0.00",""
"24/04/2026 00:00 - 25/04/2026 00:00","CTA|DE(50Hertz)","PSW Markersbach PSS D","11WD8MARK1H---DG","Hydro Pumped Storage","11WD8MARK1H---DG","24/04/2026 12:00 - 24/04/2026 13:00","0.00",""
"24/04/2026 00:00 - 25/04/2026 00:00","CTA|DE(50Hertz)","PSW Markersbach PSS D","11WD8MARK1H---DG","Hydro Pumped Storage","11WD8MARK1H---DG","24/04/2026 13:00 - 24/04/2026 14:00","0.00",""
"24/04/2026 00:00 - 25/04/2026 00:00","CTA|DE(50Hertz)","PSW Markersbach PSS D","11WD8MARK1H---DG","Hydro Pumped Storage","11WD8MARK1H---DG","24/04/2026 14:00 - 24/04/2026 15:00","0.00",""
"24/04/2026 00:00 - 25/04/2026 00:00","CTA|DE(50Hertz)","PSW Markersbach PSS D","11WD8MARK1H---DG","Hydro Pumped Storage","11WD8MARK1H---DG","24/04/2026 15:00 - 24/04/2026 16:00","0.00",""
"24/04/2026 00:00 - 25/04/2026 00:00","CTA|DE(50Hertz)","PSW Markersbach PSS D","11WD8MARK1H---DG","Hydro Pumped Storage","11WD8MARK1H---DG","24/04/2026 16:00 - 24/04/2026 17:00","0.00",""
"24/04/2026 00:00 - 25/04/2026 00:00","CTA|DE(50Hertz)","PSW Markersbach PSS D","11WD8MARK1H---DG","Hydro Pumped Storage","11WD8MARK1H---DG","24/04/2026 17:00 - 24/04/2026 18:00","0.00",""
"24/04/2026 00:00 - 25/04/2026 00:00","CTA|DE(50Hertz)","PSW Markersbach PSS D","11WD8MARK1H---DG","Hydro Pumped Storage","11WD8MARK1H---DG","24/04/2026 18:00 - 24/04/2026 19:00","58.75",""
"24/04/2026 00:00 - 25/04/2026 00:00","CTA|DE(50Hertz)","PSW Markersbach PSS D","11WD8MARK1H---DG","Hydro Pumped Storage","11WD8MARK1H---DG","24/04/2026 19:00 - 24/04/2026 20:00","137.25",""
"24/04/2026 00:00 - 25/04/2026 00:00","CTA|DE(50Hertz)","PSW Markersbach PSS D","11WD8MARK1H---DG","Hydro Pumped Storage","11WD8MARK1H---DG","24/04/2026 20:00 - 24/04/2026 21:00","162.50",""
"24/04/2026 00:00 - 25/04/2026 00:00","CTA|DE(50Hertz)","PSW Markersbach PSS D","11WD8MARK1H---DG","Hydro Pumped Storage","11WD8MARK1H---DG","24/04/2026 21:00 - 24/04/2026 22:00","144.00",""
"24/04/2026 00:00 - 25/04/2026 00:00","CTA|DE(50Hertz)","PSW Markersbach PSS D","11WD8MARK1H---DG","Hydro Pumped Storage","11WD8MARK1H---DG","24/04/2026 22:00 - 24/04/2026 23:00","155.25",""
"24/04/2026 00:00 - 25/04/2026 00:00","CTA|DE(50Hertz)","PSW Markersbach PSS D","11WD8MARK1H---DG","Hydro Pumped Storage","11WD8MARK1H---DG","24/04/2026 23:00 - 25/04/2026 00:00","64.50",""
"24/04/2026 00:00 - 25/04/2026 00:00","CTA|DE(50Hertz)","PSW Markersbach PSS E","11WD8MARK1H---EE","Hydro Pumped Storage","11WD8MARK1H---EE","24/04/2026 00:00 - 24/04/2026 01:00","0.00",""
"24/04/2026 00:00 - 25/04/2026 00:00","CTA|DE(50Hertz)","PSW Markersbach PSS E","11WD8MARK1H---EE","Hydro Pumped Storage","11WD8MARK1H---EE","24/04/2026 01:00 - 24/04/2026 02:00","0.00",""
"24/04/2026 00:00 - 25/04/2026 00:00","CTA|DE(50Hertz)","PSW Markersbach PSS E","11WD8MARK1H---EE","Hydro Pumped Storage","11WD8MARK1H---EE","24/04/2026 02:00 - 24/04/2026 03:00","0.00",""
"24/04/2026 00:00 - 25/04/2026 00:00","CTA|DE(50Hertz)","PSW Markersbach PSS E","11WD8MARK1H---EE","Hydro Pumped Storage","11WD8MARK1H---EE","24/04/2026 03:00 - 24/04/2026 04:00","0.00",""
"24/04/2026 00:00 - 25/04/2026 00:00","CTA|DE(50Hertz)","PSW Markersbach PSS E","11WD8MARK1H---EE","Hydro Pumped Storage","11WD8MARK1H---EE","24/04/2026 04:00 - 24/04/2026 05:00","0.00",""
"24/04/2026 00:00 - 25/04/2026 00:00","CTA|DE(50Hertz)","PSW Markersbach PSS E","11WD8MARK1H---EE","Hydro Pumped Storage","11WD8MARK1H---EE","24/04/2026 05:00 - 24/04/2026 06:00","28.75",""
"24/04/2026 00:00 - 25/04/2026 00:00","CTA|DE(50Hertz)","PSW Markersbach PSS E","11WD8MARK1H---EE","Hydro Pumped Storage","11WD8MARK1H---EE","24/04/2026 06:00 - 24/04/2026 07:00","159.50",""
"24/04/2026 00:00 - 25/04/2026 00:00","CTA|DE(50Hertz)","PSW Markersbach PSS E","11WD8MARK1H---EE","Hydro Pumped Storage","11WD8MARK1H---EE","24/04/2026 07:00 - 24/04/2026 08:00","156.00",""
"24/04/2026 00:00 - 25/04/2026 00:00","CTA|DE(50Hertz)","PSW Markersbach PSS E","11WD8MARK1H---EE","Hydro Pumped Storage","11WD8MARK1H---EE","24/04/2026 08:00 - 24/04/2026 09:00","74.25",""
"24/04/2026 00:00 - 25/04/2026 00:00","CTA|DE(50Hertz)","PSW Markersbach PSS E","11WD8MARK1H---EE","Hydro Pumped Storage","11WD8MARK1H---EE","24/04/2026 09:00 - 24/04/2026 10:00","0.00",""
"24/04/2026 00:00 - 25/04/2026 00:00","CTA|DE(50Hertz)","PSW Markersbach PSS E","11WD8MARK1H---EE","Hydro Pumped Storage","11WD8MARK1H---EE","24/04/2026 10:00 - 24/04/2026 11:00","0.00",""
"24/04/2026 00:00 - 25/04/2026 00:00","CTA|DE(50Hertz)","PSW Markersbach PSS E","11WD8MARK1H---EE","Hydro Pumped Storage","11WD8MARK1H---EE","24/04/2026 11:00 - 24/04/2026 12:00","0.00",""
"24/04/2026 00:00 - 25/04/2026 00:00","CTA|DE(50Hertz)","PSW Markersbach PSS E","11WD8MARK1H---EE","Hydro Pumped Storage","11WD8MARK1H---EE","24/04/2026 12:00 - 24/04/2026 13:00","0.00",""
"24/04/2026 00:00 - 25/04/2026 00:00","CTA|DE(50Hertz)","PSW Markersbach PSS E","11WD8MARK1H---EE","Hydro Pumped Storage","11WD8MARK1H---EE","24/04/2026 13:00 - 24/04/2026 14:00","0.00",""
"24/04/2026 00:00 - 25/04/2026 00:00","CTA|DE(50Hertz)","PSW Markersbach PSS E","11WD8MARK1H---EE","Hydro Pumped Storage","11WD8MARK1H---EE","24/04/2026 14:00 - 24/04/2026 15:00","0.00",""
"24/04/2026 00:00 - 25/04/2026 00:00","CTA|DE(50Hertz)","PSW Markersbach PSS E","11WD8MARK1H---EE","Hydro Pumped Storage","11WD8MARK1H---EE","24/04/2026 15:00 - 24/04/2026 16:00","0.00",""
"24/04/2026 00:00 - 25/04/2026 00:00","CTA|DE(50Hertz)","PSW Markersbach PSS E","11WD8MARK1H---EE","Hydro Pumped Storage","11WD8MARK1H---EE","24/04/2026 16:00 - 24/04/2026 17:00","0.00",""
"24/04/2026 00:00 - 25/04/2026 00:00","CTA|DE(50Hertz)","PSW Markersbach PSS E","11WD8MARK1H---EE","Hydro Pumped Storage","11WD8MARK1H---EE","24/04/2026 17:00 - 24/04/2026 18:00","0.00",""
"24/04/2026 00:00 - 25/04/2026 00:00","CTA|DE(50Hertz)","PSW Markersbach PSS E","11WD8MARK1H---EE","Hydro Pumped Storage","11WD8MARK1H---EE","24/04/2026 18:00 - 24/04/2026 19:00","0.00",""
"24/04/2026 00:00 - 25/04/2026 00:00","CTA|DE(50Hertz)","PSW Markersbach PSS E","11WD8MARK1H---EE","Hydro Pumped Storage","11WD8MARK1H---EE","24/04/2026 19:00 - 24/04/2026 20:00","83.25",""
"24/04/2026 00:00 - 25/04/2026 00:00","CTA|DE(50Hertz)","PSW Markersbach PSS E","11WD8MARK1H---EE","Hydro Pumped Storage","11WD8MARK1H---EE","24/04/2026 20:00 - 24/04/2026 21:00","163.25",""
"24/04/2026 00:00 - 25/04/2026 00:00","CTA|DE(50Hertz)","PSW Markersbach PSS E","11WD8MARK1H---EE","Hydro Pumped Storage","11WD8MARK1H---EE","24/04/2026 21:00 - 24/04/2026 22:00","145.00",""
"24/04/2026 00:00 - 25/04/2026 00:00","CTA|DE(50Hertz)","PSW Markersbach PSS E","11WD8MARK1H---EE","Hydro Pumped Storage","11WD8MARK1H---EE","24/04/2026 22:00 - 24/04/2026 23:00","127.00",""
"24/04/2026 00:00 - 25/04/2026 00:00","CTA|DE(50Hertz)","PSW Markersbach PSS E","11WD8MARK1H---EE","Hydro Pumped Storage","11WD8MARK1H---EE","24/04/2026 23:00 - 25/04/2026 00:00","38.75",""
"24/04/2026 00:00 - 25/04/2026 00:00","CTA|DE(50Hertz)","PSW Markersbach PSS F","11WD8MARK1H---FC","Hydro Pumped Storage","11WD8MARK1H---FC","24/04/2026 00:00 - 24/04/2026 01:00","0.00",""
"24/04/2026 00:00 - 25/04/2026 00:00","CTA|DE(50Hertz)","PSW Markersbach PSS F","11WD8MARK1H---FC","Hydro Pumped Storage","11WD8MARK1H---FC","24/04/2026 01:00 - 24/04/2026 02:00","0.00",""
"24/04/2026 00:00 - 25/04/2026 00:00","CTA|DE(50Hertz)","PSW Markersbach PSS F","11WD8MARK1H---FC","Hydro Pumped Storage","11WD8MARK1H---FC","24/04/2026 02:00 - 24/04/2026 03:00","0.00",""
"24/04/2026 00:00 - 25/04/2026 00:00","CTA|DE(50Hertz)","PSW Markersbach PSS F","11WD8MARK1H---FC","Hydro Pumped Storage","11WD8MARK1H---FC","24/04/2026 03:00 - 24/04/2026 04:00","0.00",""
"24/04/2026 00:00 - 25/04/2026 00:00","CTA|DE(50Hertz)","PSW Markersbach PSS F","11WD8MARK1H---FC","Hydro Pumped Storage","11WD8MARK1H---FC","24/04/2026 04:00 - 24/04/2026 05:00","0.00",""
"24/04/2026 00:00 - 25/04/2026 00:00","CTA|DE(50Hertz)","PSW Markersbach PSS F","11WD8MARK1H---FC","Hydro Pumped Storage","11WD8MARK1H---FC","24/04/2026 05:00 - 24/04/2026 06:00","0.00",""
"24/04/2026 00:00 - 25/04/2026 00:00","CTA|DE(50Hertz)","PSW Markersbach PSS F","11WD8MARK1H---FC","Hydro Pumped Storage","11WD8MARK1H---FC","24/04/2026 06:00 - 24/04/2026 07:00","0.00",""
"24/04/2026 00:00 - 25/04/2026 00:00","CTA|DE(50Hertz)","PSW Markersbach PSS F","11WD8MARK1H---FC","Hydro Pumped Storage","11WD8MARK1H---FC","24/04/2026 07:00 - 24/04/2026 08:00","0.00",""
"24/04/2026 00:00 - 25/04/2026 00:00","CTA|DE(50Hertz)","PSW Markersbach PSS F","11WD8MARK1H---FC","Hydro Pumped Storage","11WD8MARK1H---FC","24/04/2026 08:00 - 24/04/2026 09:00","0.00",""
"24/04/2026 00:00 - 25/04/2026 00:00","CTA|DE(50Hertz)","PSW Markersbach PSS F","11WD8MARK1H---FC","Hydro Pumped Storage","11WD8MARK1H---FC","24/04/2026 09:00 - 24/04/2026 10:00","0.00",""
"24/04/2026 00:00 - 25/04/2026 00:00","CTA|DE(50Hertz)","PSW Markersbach PSS F","11WD8MARK1H---FC","Hydro Pumped Storage","11WD8MARK1H---FC","24/04/2026 10:00 - 24/04/2026 11:00","0.00",""
"24/04/2026 00:00 - 25/04/2026 00:00","CTA|DE(50Hertz)","PSW Markersbach PSS F","11WD8MARK1H---FC","Hydro Pumped Storage","11WD8MARK1H---FC","24/04/2026 11:00 - 24/04/2026 12:00","0.00",""
"24/04/2026 00:00 - 25/04/2026 00:00","CTA|DE(50Hertz)","PSW Markersbach PSS F","11WD8MARK1H---FC","Hydro Pumped Storage","11WD8MARK1H---FC","24/04/2026 12:00 - 24/04/2026 13:00","0.00",""
"24/04/2026 00:00 - 25/04/2026 00:00","CTA|DE(50Hertz)","PSW Markersbach PSS F","11WD8MARK1H---FC","Hydro Pumped Storage","11WD8MARK1H---FC","24/04/2026 13:00 - 24/04/2026 14:00","0.00",""
"24/04/2026 00:00 - 25/04/2026 00:00","CTA|DE(50Hertz)","PSW Markersbach PSS F","11WD8MARK1H---FC","Hydro Pumped Storage","11WD8MARK1H---FC","24/04/2026 14:00 - 24/04/2026 15:00","0.00",""
"24/04/2026 00:00 - 25/04/2026 00:00","CTA|DE(50Hertz)","PSW Markersbach PSS F","11WD8MARK1H---FC","Hydro Pumped Storage","11WD8MARK1H---FC","24/04/2026 15:00 - 24/04/2026 16:00","0.00",""
"24/04/2026 00:00 - 25/04/2026 00:00","CTA|DE(50Hertz)","PSW Markersbach PSS F","11WD8MARK1H---FC","Hydro Pumped Storage","11WD8MARK1H---FC","24/04/2026 16:00 - 24/04/2026 17:00","0.00",""
"24/04/2026 00:00 - 25/04/2026 00:00","CTA|DE(50Hertz)","PSW Markersbach PSS F","11WD8MARK1H---FC","Hydro Pumped Storage","11WD8MARK1H---FC","24/04/2026 17:00 - 24/04/2026 18:00","0.00",""
"24/04/2026 00:00 - 25/04/2026 00:00","CTA|DE(50Hertz)","PSW Markersbach PSS F","11WD8MARK1H---FC","Hydro Pumped Storage","11WD8MARK1H---FC","24/04/2026 18:00 - 24/04/2026 19:00","0.00",""
"24/04/2026 00:00 - 25/04/2026 00:00","CTA|DE(50Hertz)","PSW Markersbach PSS F","11WD8MARK1H---FC","Hydro Pumped Storage","11WD8MARK1H---FC","24/04/2026 19:00 - 24/04/2026 20:00","0.00",""
"24/04/2026 00:00 - 25/04/2026 00:00","CTA|DE(50Hertz)","PSW Markersbach PSS F","11WD8MARK1H---FC","Hydro Pumped Storage","11WD8MARK1H---FC","24/04/2026 20:00 - 24/04/2026 21:00","0.00",""
"24/04/2026 00:00 - 25/04/2026 00:00","CTA|DE(50Hertz)","PSW Markersbach PSS F","11WD8MARK1H---FC","Hydro Pumped Storage","11WD8MARK1H---FC","24/04/2026 21:00 - 24/04/2026 22:00","0.00",""
"24/04/2026 00:00 - 25/04/2026 00:00","CTA|DE(50Hertz)","PSW Markersbach PSS F","11WD8MARK1H---FC","Hydro Pumped Storage","11WD8MARK1H---FC","24/04/2026 22:00 - 24/04/2026 23:00","0.00",""
"24/04/2026 00:00 - 25/04/2026 00:00","CTA|DE(50Hertz)","PSW Markersbach PSS F","11WD8MARK1H---FC","Hydro Pumped Storage","11WD8MARK1H---FC","24/04/2026 23:00 - 25/04/2026 00:00","0.00",""
"24/04/2026 00:00 - 25/04/2026 00:00","CTA|DE(50Hertz)","HKW Mitte GUD","11WD8MITT5GGUD-8","Fossil Gas","11WD8MITT5GGUD-8","24/04/2026 00:00 - 24/04/2026 01:00","121.00",""
"24/04/2026 00:00 - 25/04/2026 00:00","CTA|DE(50Hertz)","HKW Mitte GUD","11WD8MITT5GGUD-8","Fossil Gas","11WD8MITT5GGUD-8","24/04/2026 01:00 - 24/04/2026 02:00","84.25",""
"24/04/2026 00:00 - 25/04/2026 00:00","CTA|DE(50Hertz)","HKW Mitte GUD","11WD8MITT5GGUD-8","Fossil Gas","11WD8MITT5GGUD-8","24/04/2026 02:00 - 24/04/2026 03:00","113.75",""
"24/04/2026 00:00 - 25/04/2026 00:00","CTA|DE(50Hertz)","HKW Mitte GUD","11WD8MITT5GGUD-8","Fossil Gas","11WD8MITT5GGUD-8","24/04/2026 03:00 - 24/04/2026 04:00","186.00",""
"24/04/2026 00:00 - 25/04/2026 00:00","CTA|DE(50Hertz)","HKW Mitte GUD","11WD8MITT5GGUD-8","Fossil Gas","11WD8MITT5GGUD-8","24/04/2026 04:00 - 24/04/2026 05:00","225.75",""
"24/04/2026 00:00 - 25/04/2026 00:00","CTA|DE(50Hertz)","HKW Mitte GUD","11WD8MITT5GGUD-8","Fossil Gas","11WD8MITT5GGUD-8","24/04/2026 05:00 - 24/04/2026 06:00","226.75",""
"24/04/2026 00:00 - 25/04/2026 00:00","CTA|DE(50Hertz)","HKW Mitte GUD","11WD8MITT5GGUD-8","Fossil Gas","11WD8MITT5GGUD-8","24/04/2026 06:00 - 24/04/2026 07:00","227.00",""
"24/04/2026 00:00 - 25/04/2026 00:00","CTA|DE(50Hertz)","HKW Mitte GUD","11WD8MITT5GGUD-8","Fossil Gas","11WD8MITT5GGUD-8","24/04/2026 07:00 - 24/04/2026 08:00","225.75",""
"24/04/2026 00:00 - 25/04/2026 00:00","CTA|DE(50Hertz)","HKW Mitte GUD","11WD8MITT5GGUD-8","Fossil Gas","11WD8MITT5GGUD-8","24/04/2026 08:00 - 24/04/2026 09:00","195.50",""
"24/04/2026 00:00 - 25/04/2026 00:00","CTA|DE(50Hertz)","HKW Mitte GUD","11WD8MITT5GGUD-8","Fossil Gas","11WD8MITT5GGUD-8","24/04/2026 09:00 - 24/04/2026 10:00","136.75",""
"24/04/2026 00:00 - 25/04/2026 00:00","CTA|DE(50Hertz)","HKW Mitte GUD","11WD8MITT5GGUD-8","Fossil Gas","11WD8MITT5GGUD-8","24/04/2026 10:00 - 24/04/2026 11:00","62.50",""
"24/04/2026 00:00 - 25/04/2026 00:00","CTA|DE(50Hertz)","HKW Mitte GUD","11WD8MITT5GGUD-8","Fossil Gas","11WD8MITT5GGUD-8","24/04/2026 11:00 - 24/04/2026 12:00","54.50",""
"24/04/2026 00:00 - 25/04/2026 00:00","CTA|DE(50Hertz)","HKW Mitte GUD","11WD8MITT5GGUD-8","Fossil Gas","11WD8MITT5GGUD-8","24/04/2026 12:00 - 24/04/2026 13:00","54.75",""
"24/04/2026 00:00 - 25/04/2026 00:00","CTA|DE(50Hertz)","HKW Mitte GUD","11WD8MITT5GGUD-8","Fossil Gas","11WD8MITT5GGUD-8","24/04/2026 13:00 - 24/04/2026 14:00","55.50",""
"24/04/2026 00:00 - 25/04/2026 00:00","CTA|DE(50Hertz)","HKW Mitte GUD","11WD8MITT5GGUD-8","Fossil Gas","11WD8MITT5GGUD-8","24/04/2026 14:00 - 24/04/2026 15:00","53.75",""
"24/04/2026 00:00 - 25/04/2026 00:00","CTA|DE(50Hertz)","HKW Mitte GUD","11WD8MITT5GGUD-8","Fossil Gas","11WD8MITT5GGUD-8","24/04/2026 15:00 - 24/04/2026 16:00","52.50",""
"24/04/2026 00:00 - 25/04/2026 00:00","CTA|DE(50Hertz)","HKW Mitte GUD","11WD8MITT5GGUD-8","Fossil Gas","11WD8MITT5GGUD-8","24/04/2026 16:00 - 24/04/2026 17:00","52.75",""
"24/04/2026 00:00 - 25/04/2026 00:00","CTA|DE(50Hertz)","HKW Mitte GUD","11WD8MITT5GGUD-8","Fossil Gas","11WD8MITT5GGUD-8","24/04/2026 17:00 - 24/04/2026 18:00","73.75",""
"24/04/2026 00:00 - 25/04/2026 00:00","CTA|DE(50Hertz)","HKW Mitte GUD","11WD8MITT5GGUD-8","Fossil Gas","11WD8MITT5GGUD-8","24/04/2026 18:00 - 24/04/2026 19:00","172.50",""
"24/04/2026 00:00 - 25/04/2026 00:00","CTA|DE(50Hertz)","HKW Mitte GUD","11WD8MITT5GGUD-8","Fossil Gas","11WD8MITT5GGUD-8","24/04/2026 19:00 - 24/04/2026 20:00","202.00",""
"24/04/2026 00:00 - 25/04/2026 00:00","CTA|DE(50Hertz)","HKW Mitte GUD","11WD8MITT5GGUD-8","Fossil Gas","11WD8MITT5GGUD-8","24/04/2026 20:00 - 24/04/2026 21:00","220.50",""
"24/04/2026 00:00 - 25/04/2026 00:00","CTA|DE(50Hertz)","HKW Mitte GUD","11WD8MITT5GGUD-8","Fossil Gas","11WD8MITT5GGUD-8","24/04/2026 21:00 - 24/04/2026 22:00","223.50",""
"24/04/2026 00:00 - 25/04/2026 00:00","CTA|DE(50Hertz)","HKW Mitte GUD","11WD8MITT5GGUD-8","Fossil Gas","11WD8MITT5GGUD-8","24/04/2026 22:00 - 24/04/2026 23:00","224.50",""
"24/04/2026 00:00 - 25/04/2026 00:00","CTA|DE(50Hertz)","HKW Mitte GUD","11WD8MITT5GGUD-8","Fossil Gas","11WD8MITT5GGUD-8","24/04/2026 23:00 - 25/04/2026 00:00","226.00",""
"24/04/2026 00:00 - 25/04/2026 00:00","CTA|DE(50Hertz)","HKW Reuter West Block D","11WD8REUW1C---DD","Fossil Hard coal","11WD8REUW1C---DD","24/04/2026 00:00 - 24/04/2026 01:00","0.00",""
"24/04/2026 00:00 - 25/04/2026 00:00","CTA|DE(50Hertz)","HKW Reuter West Block D","11WD8REUW1C---DD","Fossil Hard coal","11WD8REUW1C---DD","24/04/2026 01:00 - 24/04/2026 02:00","0.00",""
"24/04/2026 00:00 - 25/04/2026 00:00","CTA|DE(50Hertz)","HKW Reuter West Block D","11WD8REUW1C---DD","Fossil Hard coal","11WD8REUW1C---DD","24/04/2026 02:00 - 24/04/2026 03:00","0.00",""
"24/04/2026 00:00 - 25/04/2026 00:00","CTA|DE(50Hertz)","HKW Reuter West Block D","11WD8REUW1C---DD","Fossil Hard coal","11WD8REUW1C---DD","24/04/2026 03:00 - 24/04/2026 04:00","0.00",""
"24/04/2026 00:00 - 25/04/2026 00:00","CTA|DE(50Hertz)","HKW Reuter West Block D","11WD8REUW1C---DD","Fossil Hard coal","11WD8REUW1C---DD","24/04/2026 04:00 - 24/04/2026 05:00","0.00",""
"24/04/2026 00:00 - 25/04/2026 00:00","CTA|DE(50Hertz)","HKW Reuter West Block D","11WD8REUW1C---DD","Fossil Hard coal","11WD8REUW1C---DD","24/04/2026 05:00 - 24/04/2026 06:00","0.00",""
"24/04/2026 00:00 - 25/04/2026 00:00","CTA|DE(50Hertz)","HKW Reuter West Block D","11WD8REUW1C---DD","Fossil Hard coal","11WD8REUW1C---DD","24/04/2026 06:00 - 24/04/2026 07:00","0.00",""
"24/04/2026 00:00 - 25/04/2026 00:00","CTA|DE(50Hertz)","HKW Reuter West Block D","11WD8REUW1C---DD","Fossil Hard coal","11WD8REUW1C---DD","24/04/2026 07:00 - 24/04/2026 08:00","0.00",""
"24/04/2026 00:00 - 25/04/2026 00:00","CTA|DE(50Hertz)","HKW Reuter West Block D","11WD8REUW1C---DD","Fossil Hard coal","11WD8REUW1C---DD","24/04/2026 08:00 - 24/04/2026 09:00","0.00",""
"24/04/2026 00:00 - 25/04/2026 00:00","CTA|DE(50Hertz)","HKW Reuter West Block D","11WD8REUW1C---DD","Fossil Hard coal","11WD8REUW1C---DD","24/04/2026 09:00 - 24/04/2026 10:00","0.00",""
"24/04/2026 00:00 - 25/04/2026 00:00","CTA|DE(50Hertz)","HKW Reuter West Block D","11WD8REUW1C---DD","Fossil Hard coal","11WD8REUW1C---DD","24/04/2026 10:00 - 24/04/2026 11:00","0.00",""
"24/04/2026 00:00 - 25/04/2026 00:00","CTA|DE(50Hertz)","HKW Reuter West Block D","11WD8REUW1C---DD","Fossil Hard coal","11WD8REUW1C---DD","24/04/2026 11:00 - 24/04/2026 12:00","0.00",""
"24/04/2026 00:00 - 25/04/2026 00:00","CTA|DE(50Hertz)","HKW Reuter West Block D","11WD8REUW1C---DD","Fossil Hard coal","11WD8REUW1C---DD","24/04/2026 12:00 - 24/04/2026 13:00","0.00",""
"24/04/2026 00:00 - 25/04/2026 00:00","CTA|DE(50Hertz)","HKW Reuter West Block D","11WD8REUW1C---DD","Fossil Hard coal","11WD8REUW1C---DD","24/04/2026 13:00 - 24/04/2026 14:00","0.00",""
"24/04/2026 00:00 - 25/04/2026 00:00","CTA|DE(50Hertz)","HKW Reuter West Block D","11WD8REUW1C---DD","Fossil Hard coal","11WD8REUW1C---DD","24/04/2026 14:00 - 24/04/2026 15:00","0.00",""
"24/04/2026 00:00 - 25/04/2026 00:00","CTA|DE(50Hertz)","HKW Reuter West Block D","11WD8REUW1C---DD","Fossil Hard coal","11WD8REUW1C---DD","24/04/2026 15:00 - 24/04/2026 16:00","0.00",""
"24/04/2026 00:00 - 25/04/2026 00:00","CTA|DE(50Hertz)","HKW Reuter West Block D","11WD8REUW1C---DD","Fossil Hard coal","11WD8REUW1C---DD","24/04/2026 16:00 - 24/04/2026 17:00","0.00",""
"24/04/2026 00:00 - 25/04/2026 00:00","CTA|DE(50Hertz)","HKW Reuter West Block D","11WD8REUW1C---DD","Fossil Hard coal","11WD8REUW1C---DD","24/04/2026 17:00 - 24/04/2026 18:00","0.00",""
"24/04/2026 00:00 - 25/04/2026 00:00","CTA|DE(50Hertz)","HKW Reuter West Block D","11WD8REUW1C---DD","Fossil Hard coal","11WD8REUW1C---DD","24/04/2026 18:00 - 24/04/2026 19:00","0.00",""
"24/04/2026 00:00 - 25/04/2026 00:00","CTA|DE(50Hertz)","HKW Reuter West Block D","11WD8REUW1C---DD","Fossil Hard coal","11WD8REUW1C---DD","24/04/2026 19:00 - 24/04/2026 20:00","0.00",""
"24/04/2026 00:00 - 25/04/2026 00:00","CTA|DE(50Hertz)","HKW Reuter West Block D","11WD8REUW1C---DD","Fossil Hard coal","11WD8REUW1C---DD","24/04/2026 20:00 - 24/04/2026 21:00","0.00",""
"24/04/2026 00:00 - 25/04/2026 00:00","CTA|DE(50Hertz)","HKW Reuter West Block D","11WD8REUW1C---DD","Fossil Hard coal","11WD8REUW1C---DD","24/04/2026 21:00 - 24/04/2026 22:00","0.00",""
"24/04/2026 00:00 - 25/04/2026 00:00","CTA|DE(50Hertz)","HKW Reuter West Block D","11WD8REUW1C---DD","Fossil Hard coal","11WD8REUW1C---DD","24/04/2026 22:00 - 24/04/2026 23:00","0.00",""
"24/04/2026 00:00 - 25/04/2026 00:00","CTA|DE(50Hertz)","HKW Reuter West Block D","11WD8REUW1C---DD","Fossil Hard coal","11WD8REUW1C---DD","24/04/2026 23:00 - 25/04/2026 00:00","0.00",""
"24/04/2026 00:00 - 25/04/2026 00:00","CTA|DE(50Hertz)","HKW Reuter West Block E","11WD8REUW1C---EB","Fossil Hard coal","11WD8REUW1C---EB","24/04/2026 00:00 - 24/04/2026 01:00","146.25",""
"24/04/2026 00:00 - 25/04/2026 00:00","CTA|DE(50Hertz)","HKW Reuter West Block E","11WD8REUW1C---EB","Fossil Hard coal","11WD8REUW1C---EB","24/04/2026 01:00 - 24/04/2026 02:00","146.50",""
"24/04/2026 00:00 - 25/04/2026 00:00","CTA|DE(50Hertz)","HKW Reuter West Block E","11WD8REUW1C---EB","Fossil Hard coal","11WD8REUW1C---EB","24/04/2026 02:00 - 24/04/2026 03:00","146.75",""
"24/04/2026 00:00 - 25/04/2026 00:00","CTA|DE(50Hertz)","HKW Reuter West Block E","11WD8REUW1C---EB","Fossil Hard coal","11WD8REUW1C---EB","24/04/2026 03:00 - 24/04/2026 04:00","146.50",""
"24/04/2026 00:00 - 25/04/2026 00:00","CTA|DE(50Hertz)","HKW Reuter West Block E","11WD8REUW1C---EB","Fossil Hard coal","11WD8REUW1C---EB","24/04/2026 04:00 - 24/04/2026 05:00","146.75",""
"24/04/2026 00:00 - 25/04/2026 00:00","CTA|DE(50Hertz)","HKW Reuter West Block E","11WD8REUW1C---EB","Fossil Hard coal","11WD8REUW1C---EB","24/04/2026 05:00 - 24/04/2026 06:00","145.25",""
"24/04/2026 00:00 - 25/04/2026 00:00","CTA|DE(50Hertz)","HKW Reuter West Block E","11WD8REUW1C---EB","Fossil Hard coal","11WD8REUW1C---EB","24/04/2026 06:00 - 24/04/2026 07:00","144.00",""
"24/04/2026 00:00 - 25/04/2026 00:00","CTA|DE(50Hertz)","HKW Reuter West Block E","11WD8REUW1C---EB","Fossil Hard coal","11WD8REUW1C---EB","24/04/2026 07:00 - 24/04/2026 08:00","145.75",""
"24/04/2026 00:00 - 25/04/2026 00:00","CTA|DE(50Hertz)","HKW Reuter West Block E","11WD8REUW1C---EB","Fossil Hard coal","11WD8REUW1C---EB","24/04/2026 08:00 - 24/04/2026 09:00","143.75",""
"24/04/2026 00:00 - 25/04/2026 00:00","CTA|DE(50Hertz)","HKW Reuter West Block E","11WD8REUW1C---EB","Fossil Hard coal","11WD8REUW1C---EB","24/04/2026 09:00 - 24/04/2026 10:00","131.00",""
"24/04/2026 00:00 - 25/04/2026 00:00","CTA|DE(50Hertz)","HKW Reuter West Block E","11WD8REUW1C---EB","Fossil Hard coal","11WD8REUW1C---EB","24/04/2026 10:00 - 24/04/2026 11:00","68.50",""
"24/04/2026 00:00 - 25/04/2026 00:00","CTA|DE(50Hertz)","HKW Reuter West Block E","11WD8REUW1C---EB","Fossil Hard coal","11WD8REUW1C---EB","24/04/2026 11:00 - 24/04/2026 12:00","13.25",""
"24/04/2026 00:00 - 25/04/2026 00:00","CTA|DE(50Hertz)","HKW Reuter West Block E","11WD8REUW1C---EB","Fossil Hard coal","11WD8REUW1C---EB","24/04/2026 12:00 - 24/04/2026 13:00","10.00",""
"24/04/2026 00:00 - 25/04/2026 00:00","CTA|DE(50Hertz)","HKW Reuter West Block E","11WD8REUW1C---EB","Fossil Hard coal","11WD8REUW1C---EB","24/04/2026 13:00 - 24/04/2026 14:00","12.75",""
"24/04/2026 00:00 - 25/04/2026 00:00","CTA|DE(50Hertz)","HKW Reuter West Block E","11WD8REUW1C---EB","Fossil Hard coal","11WD8REUW1C---EB","24/04/2026 14:00 - 24/04/2026 15:00","13.00",""
"24/04/2026 00:00 - 25/04/2026 00:00","CTA|DE(50Hertz)","HKW Reuter West Block E","11WD8REUW1C---EB","Fossil Hard coal","11WD8REUW1C---EB","24/04/2026 15:00 - 24/04/2026 16:00","8.25",""
"24/04/2026 00:00 - 25/04/2026 00:00","CTA|DE(50Hertz)","HKW Reuter West Block E","11WD8REUW1C---EB","Fossil Hard coal","11WD8REUW1C---EB","24/04/2026 16:00 - 24/04/2026 17:00","11.00",""
"24/04/2026 00:00 - 25/04/2026 00:00","CTA|DE(50Hertz)","HKW Reuter West Block E","11WD8REUW1C---EB","Fossil Hard coal","11WD8REUW1C---EB","24/04/2026 17:00 - 24/04/2026 18:00","87.75",""
"24/04/2026 00:00 - 25/04/2026 00:00","CTA|DE(50Hertz)","HKW Reuter West Block E","11WD8REUW1C---EB","Fossil Hard coal","11WD8REUW1C---EB","24/04/2026 18:00 - 24/04/2026 19:00","136.75",""
"24/04/2026 00:00 - 25/04/2026 00:00","CTA|DE(50Hertz)","HKW Reuter West Block E","11WD8REUW1C---EB","Fossil Hard coal","11WD8REUW1C---EB","24/04/2026 19:00 - 24/04/2026 20:00","137.75",""
"24/04/2026 00:00 - 25/04/2026 00:00","CTA|DE(50Hertz)","HKW Reuter West Block E","11WD8REUW1C---EB","Fossil Hard coal","11WD8REUW1C---EB","24/04/2026 20:00 - 24/04/2026 21:00","138.00",""
"24/04/2026 00:00 - 25/04/2026 00:00","CTA|DE(50Hertz)","HKW Reuter West Block E","11WD8REUW1C---EB","Fossil Hard coal","11WD8REUW1C---EB","24/04/2026 21:00 - 24/04/2026 22:00","138.25",""
"24/04/2026 00:00 - 25/04/2026 00:00","CTA|DE(50Hertz)","HKW Reuter West Block E","11WD8REUW1C---EB","Fossil Hard coal","11WD8REUW1C---EB","24/04/2026 22:00 - 24/04/2026 23:00","137.00",""
"24/04/2026 00:00 - 25/04/2026 00:00","CTA|DE(50Hertz)","HKW Reuter West Block E","11WD8REUW1C---EB","Fossil Hard coal","11WD8REUW1C---EB","24/04/2026 23:00 - 25/04/2026 00:00","118.25",""
"24/04/2026 00:00 - 25/04/2026 00:00","CTA|DE(50Hertz)","Kraftwerk Rostock","11WD8ROST1C----K","Fossil Hard coal","11WD8ROST1C----K","24/04/2026 00:00 - 24/04/2026 01:00","263.43",""
"24/04/2026 00:00 - 25/04/2026 00:00","CTA|DE(50Hertz)","Kraftwerk Rostock","11WD8ROST1C----K","Fossil Hard coal","11WD8ROST1C----K","24/04/2026 01:00 - 24/04/2026 02:00","265.57",""
"24/04/2026 00:00 - 25/04/2026 00:00","CTA|DE(50Hertz)","Kraftwerk Rostock","11WD8ROST1C----K","Fossil Hard coal","11WD8ROST1C----K","24/04/2026 02:00 - 24/04/2026 03:00","277.63",""
"24/04/2026 00:00 - 25/04/2026 00:00","CTA|DE(50Hertz)","Kraftwerk Rostock","11WD8ROST1C----K","Fossil Hard coal","11WD8ROST1C----K","24/04/2026 03:00 - 24/04/2026 04:00","347.60",""
"24/04/2026 00:00 - 25/04/2026 00:00","CTA|DE(50Hertz)","Kraftwerk Rostock","11WD8ROST1C----K","Fossil Hard coal","11WD8ROST1C----K","24/04/2026 04:00 - 24/04/2026 05:00","477.88",""
"24/04/2026 00:00 - 25/04/2026 00:00","CTA|DE(50Hertz)","Kraftwerk Rostock","11WD8ROST1C----K","Fossil Hard coal","11WD8ROST1C----K","24/04/2026 05:00 - 24/04/2026 06:00","494.13",""
"24/04/2026 00:00 - 25/04/2026 00:00","CTA|DE(50Hertz)","Kraftwerk Rostock","11WD8ROST1C----K","Fossil Hard coal","11WD8ROST1C----K","24/04/2026 06:00 - 24/04/2026 07:00","358.35",""
"24/04/2026 00:00 - 25/04/2026 00:00","CTA|DE(50Hertz)","Kraftwerk Rostock","11WD8ROST1C----K","Fossil Hard coal","11WD8ROST1C----K","24/04/2026 07:00 - 24/04/2026 08:00","270.50",""
"24/04/2026 00:00 - 25/04/2026 00:00","CTA|DE(50Hertz)","Kraftwerk Rostock","11WD8ROST1C----K","Fossil Hard coal","11WD8ROST1C----K","24/04/2026 08:00 - 24/04/2026 09:00","342.65",""
"24/04/2026 00:00 - 25/04/2026 00:00","CTA|DE(50Hertz)","Kraftwerk Rostock","11WD8ROST1C----K","Fossil Hard coal","11WD8ROST1C----K","24/04/2026 09:00 - 24/04/2026 10:00","182.22",""
"24/04/2026 00:00 - 25/04/2026 00:00","CTA|DE(50Hertz)","Kraftwerk Rostock","11WD8ROST1C----K","Fossil Hard coal","11WD8ROST1C----K","24/04/2026 10:00 - 24/04/2026 11:00","0.00",""
"24/04/2026 00:00 - 25/04/2026 00:00","CTA|DE(50Hertz)","Kraftwerk Rostock","11WD8ROST1C----K","Fossil Hard coal","11WD8ROST1C----K","24/04/2026 11:00 - 24/04/2026 12:00","0.00",""
"24/04/2026 00:00 - 25/04/2026 00:00","CTA|DE(50Hertz)","Kraftwerk Rostock","11WD8ROST1C----K","Fossil Hard coal","11WD8ROST1C----K","24/04/2026 12:00 - 24/04/2026 13:00","0.00",""
"24/04/2026 00:00 - 25/04/2026 00:00","CTA|DE(50Hertz)","Kraftwerk Rostock","11WD8ROST1C----K","Fossil Hard coal","11WD8ROST1C----K","24/04/2026 13:00 - 24/04/2026 14:00","0.00",""
"24/04/2026 00:00 - 25/04/2026 00:00","CTA|DE(50Hertz)","Kraftwerk Rostock","11WD8ROST1C----K","Fossil Hard coal","11WD8ROST1C----K","24/04/2026 14:00 - 24/04/2026 15:00","0.00",""
"24/04/2026 00:00 - 25/04/2026 00:00","CTA|DE(50Hertz)","Kraftwerk Rostock","11WD8ROST1C----K","Fossil Hard coal","11WD8ROST1C----K","24/04/2026 15:00 - 24/04/2026 16:00","0.00",""
"24/04/2026 00:00 - 25/04/2026 00:00","CTA|DE(50Hertz)","Kraftwerk Rostock","11WD8ROST1C----K","Fossil Hard coal","11WD8ROST1C----K","24/04/2026 16:00 - 24/04/2026 17:00","0.00",""
"24/04/2026 00:00 - 25/04/2026 00:00","CTA|DE(50Hertz)","Kraftwerk Rostock","11WD8ROST1C----K","Fossil Hard coal","11WD8ROST1C----K","24/04/2026 17:00 - 24/04/2026 18:00","134.38",""
"24/04/2026 00:00 - 25/04/2026 00:00","CTA|DE(50Hertz)","Kraftwerk Rostock","11WD8ROST1C----K","Fossil Hard coal","11WD8ROST1C----K","24/04/2026 18:00 - 24/04/2026 19:00","344.20",""
"24/04/2026 00:00 - 25/04/2026 00:00","CTA|DE(50Hertz)","Kraftwerk Rostock","11WD8ROST1C----K","Fossil Hard coal","11WD8ROST1C----K","24/04/2026 19:00 - 24/04/2026 20:00","489.65",""
"24/04/2026 00:00 - 25/04/2026 00:00","CTA|DE(50Hertz)","Kraftwerk Rostock","11WD8ROST1C----K","Fossil Hard coal","11WD8ROST1C----K","24/04/2026 20:00 - 24/04/2026 21:00","498.77",""
"24/04/2026 00:00 - 25/04/2026 00:00","CTA|DE(50Hertz)","Kraftwerk Rostock","11WD8ROST1C----K","Fossil Hard coal","11WD8ROST1C----K","24/04/2026 21:00 - 24/04/2026 22:00","498.02",""
"24/04/2026 00:00 - 25/04/2026 00:00","CTA|DE(50Hertz)","Kraftwerk Rostock","11WD8ROST1C----K","Fossil Hard coal","11WD8ROST1C----K","24/04/2026 22:00 - 24/04/2026 23:00","498.82",""
"24/04/2026 00:00 - 25/04/2026 00:00","CTA|DE(50Hertz)","Kraftwerk Rostock","11WD8ROST1C----K","Fossil Hard coal","11WD8ROST1C----K","24/04/2026 23:00 - 25/04/2026 00:00","494.20",""
"24/04/2026 00:00 - 25/04/2026 00:00","CTA|DE(50Hertz)","Schkopau A","11WD8SCHK1L---A2","Fossil Brown coal/Lignite","11WD8SCHK1L---A2","24/04/2026 00:00 - 24/04/2026 01:00","395.75",""
"24/04/2026 00:00 - 25/04/2026 00:00","CTA|DE(50Hertz)","Schkopau A","11WD8SCHK1L---A2","Fossil Brown coal/Lignite","11WD8SCHK1L---A2","24/04/2026 01:00 - 24/04/2026 02:00","306.25",""
"24/04/2026 00:00 - 25/04/2026 00:00","CTA|DE(50Hertz)","Schkopau A","11WD8SCHK1L---A2","Fossil Brown coal/Lignite","11WD8SCHK1L---A2","24/04/2026 02:00 - 24/04/2026 03:00","303.50",""
"24/04/2026 00:00 - 25/04/2026 00:00","CTA|DE(50Hertz)","Schkopau A","11WD8SCHK1L---A2","Fossil Brown coal/Lignite","11WD8SCHK1L---A2","24/04/2026 03:00 - 24/04/2026 04:00","157.00",""
"24/04/2026 00:00 - 25/04/2026 00:00","CTA|DE(50Hertz)","Schkopau A","11WD8SCHK1L---A2","Fossil Brown coal/Lignite","11WD8SCHK1L---A2","24/04/2026 04:00 - 24/04/2026 05:00","184.25",""
"24/04/2026 00:00 - 25/04/2026 00:00","CTA|DE(50Hertz)","Schkopau A","11WD8SCHK1L---A2","Fossil Brown coal/Lignite","11WD8SCHK1L---A2","24/04/2026 05:00 - 24/04/2026 06:00","356.75",""
"24/04/2026 00:00 - 25/04/2026 00:00","CTA|DE(50Hertz)","Schkopau A","11WD8SCHK1L---A2","Fossil Brown coal/Lignite","11WD8SCHK1L---A2","24/04/2026 06:00 - 24/04/2026 07:00","384.25",""
"24/04/2026 00:00 - 25/04/2026 00:00","CTA|DE(50Hertz)","Schkopau A","11WD8SCHK1L---A2","Fossil Brown coal/Lignite","11WD8SCHK1L---A2","24/04/2026 07:00 - 24/04/2026 08:00","361.25",""
"24/04/2026 00:00 - 25/04/2026 00:00","CTA|DE(50Hertz)","Schkopau A","11WD8SCHK1L---A2","Fossil Brown coal/Lignite","11WD8SCHK1L---A2","24/04/2026 08:00 - 24/04/2026 09:00","355.75",""
"24/04/2026 00:00 - 25/04/2026 00:00","CTA|DE(50Hertz)","Schkopau A","11WD8SCHK1L---A2","Fossil Brown coal/Lignite","11WD8SCHK1L---A2","24/04/2026 09:00 - 24/04/2026 10:00","53.50",""
"24/04/2026 00:00 - 25/04/2026 00:00","CTA|DE(50Hertz)","Schkopau A","11WD8SCHK1L---A2","Fossil Brown coal/Lignite","11WD8SCHK1L---A2","24/04/2026 10:00 - 24/04/2026 11:00","0.00",""
"24/04/2026 00:00 - 25/04/2026 00:00","CTA|DE(50Hertz)","Schkopau A","11WD8SCHK1L---A2","Fossil Brown coal/Lignite","11WD8SCHK1L---A2","24/04/2026 11:00 - 24/04/2026 12:00","0.00",""
"24/04/2026 00:00 - 25/04/2026 00:00","CTA|DE(50Hertz)","Schkopau A","11WD8SCHK1L---A2","Fossil Brown coal/Lignite","11WD8SCHK1L---A2","24/04/2026 12:00 - 24/04/2026 13:00","0.00",""
"24/04/2026 00:00 - 25/04/2026 00:00","CTA|DE(50Hertz)","Schkopau A","11WD8SCHK1L---A2","Fossil Brown coal/Lignite","11WD8SCHK1L---A2","24/04/2026 13:00 - 24/04/2026 14:00","0.00",""
"24/04/2026 00:00 - 25/04/2026 00:00","CTA|DE(50Hertz)","Schkopau A","11WD8SCHK1L---A2","Fossil Brown coal/Lignite","11WD8SCHK1L---A2","24/04/2026 14:00 - 24/04/2026 15:00","0.00",""
"24/04/2026 00:00 - 25/04/2026 00:00","CTA|DE(50Hertz)","Schkopau A","11WD8SCHK1L---A2","Fossil Brown coal/Lignite","11WD8SCHK1L---A2","24/04/2026 15:00 - 24/04/2026 16:00","0.00",""
"24/04/2026 00:00 - 25/04/2026 00:00","CTA|DE(50Hertz)","Schkopau A","11WD8SCHK1L---A2","Fossil Brown coal/Lignite","11WD8SCHK1L---A2","24/04/2026 16:00 - 24/04/2026 17:00","0.00",""
"24/04/2026 00:00 - 25/04/2026 00:00","CTA|DE(50Hertz)","Schkopau A","11WD8SCHK1L---A2","Fossil Brown coal/Lignite","11WD8SCHK1L---A2","24/04/2026 17:00 - 24/04/2026 18:00","6.25",""
"24/04/2026 00:00 - 25/04/2026 00:00","CTA|DE(50Hertz)","Schkopau A","11WD8SCHK1L---A2","Fossil Brown coal/Lignite","11WD8SCHK1L---A2","24/04/2026 18:00 - 24/04/2026 19:00","93.75",""
"24/04/2026 00:00 - 25/04/2026 00:00","CTA|DE(50Hertz)","Schkopau A","11WD8SCHK1L---A2","Fossil Brown coal/Lignite","11WD8SCHK1L---A2","24/04/2026 19:00 - 24/04/2026 20:00","228.00",""
"24/04/2026 00:00 - 25/04/2026 00:00","CTA|DE(50Hertz)","Schkopau A","11WD8SCHK1L---A2","Fossil Brown coal/Lignite","11WD8SCHK1L---A2","24/04/2026 20:00 - 24/04/2026 21:00","412.50",""
"24/04/2026 00:00 - 25/04/2026 00:00","CTA|DE(50Hertz)","Schkopau A","11WD8SCHK1L---A2","Fossil Brown coal/Lignite","11WD8SCHK1L---A2","24/04/2026 21:00 - 24/04/2026 22:00","382.25",""
"24/04/2026 00:00 - 25/04/2026 00:00","CTA|DE(50Hertz)","Schkopau A","11WD8SCHK1L---A2","Fossil Brown coal/Lignite","11WD8SCHK1L---A2","24/04/2026 22:00 - 24/04/2026 23:00","246.75",""
"24/04/2026 00:00 - 25/04/2026 00:00","CTA|DE(50Hertz)","Schkopau A","11WD8SCHK1L---A2","Fossil Brown coal/Lignite","11WD8SCHK1L---A2","24/04/2026 23:00 - 25/04/2026 00:00","273.75",""
"24/04/2026 00:00 - 25/04/2026 00:00","CTA|DE(50Hertz)","Schkopau B","11WD8SCHK1L---B0","Fossil Brown coal/Lignite","11WD8SCHK1L---B0","24/04/2026 00:00 - 24/04/2026 01:00","363.25",""
"24/04/2026 00:00 - 25/04/2026 00:00","CTA|DE(50Hertz)","Schkopau B","11WD8SCHK1L---B0","Fossil Brown coal/Lignite","11WD8SCHK1L---B0","24/04/2026 01:00 - 24/04/2026 02:00","361.50",""
"24/04/2026 00:00 - 25/04/2026 00:00","CTA|DE(50Hertz)","Schkopau B","11WD8SCHK1L---B0","Fossil Brown coal/Lignite","11WD8SCHK1L---B0","24/04/2026 02:00 - 24/04/2026 03:00","363.50",""
"24/04/2026 00:00 - 25/04/2026 00:00","CTA|DE(50Hertz)","Schkopau B","11WD8SCHK1L---B0","Fossil Brown coal/Lignite","11WD8SCHK1L---B0","24/04/2026 03:00 - 24/04/2026 04:00","362.25",""
"24/04/2026 00:00 - 25/04/2026 00:00","CTA|DE(50Hertz)","Schkopau B","11WD8SCHK1L---B0","Fossil Brown coal/Lignite","11WD8SCHK1L---B0","24/04/2026 04:00 - 24/04/2026 05:00","361.00",""
"24/04/2026 00:00 - 25/04/2026 00:00","CTA|DE(50Hertz)","Schkopau B","11WD8SCHK1L---B0","Fossil Brown coal/Lignite","11WD8SCHK1L---B0","24/04/2026 05:00 - 24/04/2026 06:00","368.00",""
"24/04/2026 00:00 - 25/04/2026 00:00","CTA|DE(50Hertz)","Schkopau B","11WD8SCHK1L---B0","Fossil Brown coal/Lignite","11WD8SCHK1L---B0","24/04/2026 06:00 - 24/04/2026 07:00","364.50",""
"24/04/2026 00:00 - 25/04/2026 00:00","CTA|DE(50Hertz)","Schkopau B","11WD8SCHK1L---B0","Fossil Brown coal/Lignite","11WD8SCHK1L---B0","24/04/2026 07:00 - 24/04/2026 08:00","360.50",""
"24/04/2026 00:00 - 25/04/2026 00:00","CTA|DE(50Hertz)","Schkopau B","11WD8SCHK1L---B0","Fossil Brown coal/Lignite","11WD8SCHK1L---B0","24/04/2026 08:00 - 24/04/2026 09:00","357.00",""
"24/04/2026 00:00 - 25/04/2026 00:00","CTA|DE(50Hertz)","Schkopau B","11WD8SCHK1L---B0","Fossil Brown coal/Lignite","11WD8SCHK1L---B0","24/04/2026 09:00 - 24/04/2026 10:00","244.25",""
"24/04/2026 00:00 - 25/04/2026 00:00","CTA|DE(50Hertz)","Schkopau B","11WD8SCHK1L---B0","Fossil Brown coal/Lignite","11WD8SCHK1L---B0","24/04/2026 10:00 - 24/04/2026 11:00","3.50",""
"24/04/2026 00:00 - 25/04/2026 00:00","CTA|DE(50Hertz)","Schkopau B","11WD8SCHK1L---B0","Fossil Brown coal/Lignite","11WD8SCHK1L---B0","24/04/2026 11:00 - 24/04/2026 12:00","0.00",""
"24/04/2026 00:00 - 25/04/2026 00:00","CTA|DE(50Hertz)","Schkopau B","11WD8SCHK1L---B0","Fossil Brown coal/Lignite","11WD8SCHK1L---B0","24/04/2026 12:00 - 24/04/2026 13:00","0.00",""
"24/04/2026 00:00 - 25/04/2026 00:00","CTA|DE(50Hertz)","Schkopau B","11WD8SCHK1L---B0","Fossil Brown coal/Lignite","11WD8SCHK1L---B0","24/04/2026 13:00 - 24/04/2026 14:00","0.00",""
"24/04/2026 00:00 - 25/04/2026 00:00","CTA|DE(50Hertz)","Schkopau B","11WD8SCHK1L---B0","Fossil Brown coal/Lignite","11WD8SCHK1L---B0","24/04/2026 14:00 - 24/04/2026 15:00","0.00",""
"24/04/2026 00:00 - 25/04/2026 00:00","CTA|DE(50Hertz)","Schkopau B","11WD8SCHK1L---B0","Fossil Brown coal/Lignite","11WD8SCHK1L---B0","24/04/2026 15:00 - 24/04/2026 16:00","0.00",""
"24/04/2026 00:00 - 25/04/2026 00:00","CTA|DE(50Hertz)","Schkopau B","11WD8SCHK1L---B0","Fossil Brown coal/Lignite","11WD8SCHK1L---B0","24/04/2026 16:00 - 24/04/2026 17:00","0.00",""
"24/04/2026 00:00 - 25/04/2026 00:00","CTA|DE(50Hertz)","Schkopau B","11WD8SCHK1L---B0","Fossil Brown coal/Lignite","11WD8SCHK1L---B0","24/04/2026 17:00 - 24/04/2026 18:00","0.00",""
"24/04/2026 00:00 - 25/04/2026 00:00","CTA|DE(50Hertz)","Schkopau B","11WD8SCHK1L---B0","Fossil Brown coal/Lignite","11WD8SCHK1L---B0","24/04/2026 18:00 - 24/04/2026 19:00","0.00",""
"24/04/2026 00:00 - 25/04/2026 00:00","CTA|DE(50Hertz)","Schkopau B","11WD8SCHK1L---B0","Fossil Brown coal/Lignite","11WD8SCHK1L---B0","24/04/2026 19:00 - 24/04/2026 20:00","0.00",""
"24/04/2026 00:00 - 25/04/2026 00:00","CTA|DE(50Hertz)","Schkopau B","11WD8SCHK1L---B0","Fossil Brown coal/Lignite","11WD8SCHK1L---B0","24/04/2026 20:00 - 24/04/2026 21:00","0.00",""
"24/04/2026 00:00 - 25/04/2026 00:00","CTA|DE(50Hertz)","Schkopau B","11WD8SCHK1L---B0","Fossil Brown coal/Lignite","11WD8SCHK1L---B0","24/04/2026 21:00 - 24/04/2026 22:00","0.00",""
"24/04/2026 00:00 - 25/04/2026 00:00","CTA|DE(50Hertz)","Schkopau B","11WD8SCHK1L---B0","Fossil Brown coal/Lignite","11WD8SCHK1L---B0","24/04/2026 22:00 - 24/04/2026 23:00","0.00",""
"24/04/2026 00:00 - 25/04/2026 00:00","CTA|DE(50Hertz)","Schkopau B","11WD8SCHK1L---B0","Fossil Brown coal/Lignite","11WD8SCHK1L---B0","24/04/2026 23:00 - 25/04/2026 00:00","0.00",""
"24/04/2026 00:00 - 25/04/2026 00:00","CTA|DE(50Hertz)","IKS Schwedt SE1 Block 1","11WD8SCHW5X---19","Fossil Oil","11WD8SCHW5X---19","24/04/2026 00:00 - 24/04/2026 01:00","0.00",""
"24/04/2026 00:00 - 25/04/2026 00:00","CTA|DE(50Hertz)","IKS Schwedt SE1 Block 1","11WD8SCHW5X---19","Fossil Oil","11WD8SCHW5X---19","24/04/2026 01:00 - 24/04/2026 02:00","0.00",""
"24/04/2026 00:00 - 25/04/2026 00:00","CTA|DE(50Hertz)","IKS Schwedt SE1 Block 1","11WD8SCHW5X---19","Fossil Oil","11WD8SCHW5X---19","24/04/2026 02:00 - 24/04/2026 03:00","0.00",""
"24/04/2026 00:00 - 25/04/2026 00:00","CTA|DE(50Hertz)","IKS Schwedt SE1 Block 1","11WD8SCHW5X---19","Fossil Oil","11WD8SCHW5X---19","24/04/2026 03:00 - 24/04/2026 04:00","0.00",""
"24/04/2026 00:00 - 25/04/2026 00:00","CTA|DE(50Hertz)","IKS Schwedt SE1 Block 1","11WD8SCHW5X---19","Fossil Oil","11WD8SCHW5X---19","24/04/2026 04:00 - 24/04/2026 05:00","0.00",""
"24/04/2026 00:00 - 25/04/2026 00:00","CTA|DE(50Hertz)","IKS Schwedt SE1 Block 1","11WD8SCHW5X---19","Fossil Oil","11WD8SCHW5X---19","24/04/2026 05:00 - 24/04/2026 06:00","0.00",""
"24/04/2026 00:00 - 25/04/2026 00:00","CTA|DE(50Hertz)","IKS Schwedt SE1 Block 1","11WD8SCHW5X---19","Fossil Oil","11WD8SCHW5X---19","24/04/2026 06:00 - 24/04/2026 07:00","0.00",""
"24/04/2026 00:00 - 25/04/2026 00:00","CTA|DE(50Hertz)","IKS Schwedt SE1 Block 1","11WD8SCHW5X---19","Fossil Oil","11WD8SCHW5X---19","24/04/2026 07:00 - 24/04/2026 08:00","70.00",""
"24/04/2026 00:00 - 25/04/2026 00:00","CTA|DE(50Hertz)","IKS Schwedt SE1 Block 1","11WD8SCHW5X---19","Fossil Oil","11WD8SCHW5X---19","24/04/2026 08:00 - 24/04/2026 09:00","70.00",""
"24/04/2026 00:00 - 25/04/2026 00:00","CTA|DE(50Hertz)","IKS Schwedt SE1 Block 1","11WD8SCHW5X---19","Fossil Oil","11WD8SCHW5X---19","24/04/2026 09:00 - 24/04/2026 10:00","70.00",""
"24/04/2026 00:00 - 25/04/2026 00:00","CTA|DE(50Hertz)","IKS Schwedt SE1 Block 1","11WD8SCHW5X---19","Fossil Oil","11WD8SCHW5X---19","24/04/2026 10:00 - 24/04/2026 11:00","70.00",""
"24/04/2026 00:00 - 25/04/2026 00:00","CTA|DE(50Hertz)","IKS Schwedt SE1 Block 1","11WD8SCHW5X---19","Fossil Oil","11WD8SCHW5X---19","24/04/2026 11:00 - 24/04/2026 12:00","70.00",""
"24/04/2026 00:00 - 25/04/2026 00:00","CTA|DE(50Hertz)","IKS Schwedt SE1 Block 1","11WD8SCHW5X---19","Fossil Oil","11WD8SCHW5X---19","24/04/2026 12:00 - 24/04/2026 13:00","70.00",""
"24/04/2026 00:00 - 25/04/2026 00:00","CTA|DE(50Hertz)","IKS Schwedt SE1 Block 1","11WD8SCHW5X---19","Fossil Oil","11WD8SCHW5X---19","24/04/2026 13:00 - 24/04/2026 14:00","70.00",""
"24/04/2026 00:00 - 25/04/2026 00:00","CTA|DE(50Hertz)","IKS Schwedt SE1 Block 1","11WD8SCHW5X---19","Fossil Oil","11WD8SCHW5X---19","24/04/2026 14:00 - 24/04/2026 15:00","70.00",""
"24/04/2026 00:00 - 25/04/2026 00:00","CTA|DE(50Hertz)","IKS Schwedt SE1 Block 1","11WD8SCHW5X---19","Fossil Oil","11WD8SCHW5X---19","24/04/2026 15:00 - 24/04/2026 16:00","70.00",""
"24/04/2026 00:00 - 25/04/2026 00:00","CTA|DE(50Hertz)","IKS Schwedt SE1 Block 1","11WD8SCHW5X---19","Fossil Oil","11WD8SCHW5X---19","24/04/2026 16:00 - 24/04/2026 17:00","70.00",""
"24/04/2026 00:00 - 25/04/2026 00:00","CTA|DE(50Hertz)","IKS Schwedt SE1 Block 1","11WD8SCHW5X---19","Fossil Oil","11WD8SCHW5X---19","24/04/2026 17:00 - 24/04/2026 18:00","70.00",""
"24/04/2026 00:00 - 25/04/2026 00:00","CTA|DE(50Hertz)","IKS Schwedt SE1 Block 1","11WD8SCHW5X---19","Fossil Oil","11WD8SCHW5X---19","24/04/2026 18:00 - 24/04/2026 19:00","70.00",""
"24/04/2026 00:00 - 25/04/2026 00:00","CTA|DE(50Hertz)","IKS Schwedt SE1 Block 1","11WD8SCHW5X---19","Fossil Oil","11WD8SCHW5X---19","24/04/2026 19:00 - 24/04/2026 20:00","70.00",""
"24/04/2026 00:00 - 25/04/2026 00:00","CTA|DE(50Hertz)","IKS Schwedt SE1 Block 1","11WD8SCHW5X---19","Fossil Oil","11WD8SCHW5X---19","24/04/2026 20:00 - 24/04/2026 21:00","70.00",""
"24/04/2026 00:00 - 25/04/2026 00:00","CTA|DE(50Hertz)","IKS Schwedt SE1 Block 1","11WD8SCHW5X---19","Fossil Oil","11WD8SCHW5X---19","24/04/2026 21:00 - 24/04/2026 22:00","70.00",""
"24/04/2026 00:00 - 25/04/2026 00:00","CTA|DE(50Hertz)","IKS Schwedt SE1 Block 1","11WD8SCHW5X---19","Fossil Oil","11WD8SCHW5X---19","24/04/2026 22:00 - 24/04/2026 23:00","70.00",""
"24/04/2026 00:00 - 25/04/2026 00:00","CTA|DE(50Hertz)","IKS Schwedt SE1 Block 1","11WD8SCHW5X---19","Fossil Oil","11WD8SCHW5X---19","24/04/2026 23:00 - 25/04/2026 00:00","70.00",""
"24/04/2026 00:00 - 25/04/2026 00:00","CTA|DE(50Hertz)","IKS Schwedt SE2 Block 2","11WD8SCHW5X---27","Fossil Oil","11WD8SCHW5X---27","24/04/2026 00:00 - 24/04/2026 01:00","97.00",""
"24/04/2026 00:00 - 25/04/2026 00:00","CTA|DE(50Hertz)","IKS Schwedt SE2 Block 2","11WD8SCHW5X---27","Fossil Oil","11WD8SCHW5X---27","24/04/2026 01:00 - 24/04/2026 02:00","97.00",""
"24/04/2026 00:00 - 25/04/2026 00:00","CTA|DE(50Hertz)","IKS Schwedt SE2 Block 2","11WD8SCHW5X---27","Fossil Oil","11WD8SCHW5X---27","24/04/2026 02:00 - 24/04/2026 03:00","97.00",""
"24/04/2026 00:00 - 25/04/2026 00:00","CTA|DE(50Hertz)","IKS Schwedt SE2 Block 2","11WD8SCHW5X---27","Fossil Oil","11WD8SCHW5X---27","24/04/2026 03:00 - 24/04/2026 04:00","97.00",""
"24/04/2026 00:00 - 25/04/2026 00:00","CTA|DE(50Hertz)","IKS Schwedt SE2 Block 2","11WD8SCHW5X---27","Fossil Oil","11WD8SCHW5X---27","24/04/2026 04:00 - 24/04/2026 05:00","97.00",""
"24/04/2026 00:00 - 25/04/2026 00:00","CTA|DE(50Hertz)","IKS Schwedt SE2 Block 2","11WD8SCHW5X---27","Fossil Oil","11WD8SCHW5X---27","24/04/2026 05:00 - 24/04/2026 06:00","97.00",""
"24/04/2026 00:00 - 25/04/2026 00:00","CTA|DE(50Hertz)","IKS Schwedt SE2 Block 2","11WD8SCHW5X---27","Fossil Oil","11WD8SCHW5X---27","24/04/2026 06:00 - 24/04/2026 07:00","97.00",""
"24/04/2026 00:00 - 25/04/2026 00:00","CTA|DE(50Hertz)","IKS Schwedt SE2 Block 2","11WD8SCHW5X---27","Fossil Oil","11WD8SCHW5X---27","24/04/2026 07:00 - 24/04/2026 08:00","74.00",""
"24/04/2026 00:00 - 25/04/2026 00:00","CTA|DE(50Hertz)","IKS Schwedt SE2 Block 2","11WD8SCHW5X---27","Fossil Oil","11WD8SCHW5X---27","24/04/2026 08:00 - 24/04/2026 09:00","74.00",""
"24/04/2026 00:00 - 25/04/2026 00:00","CTA|DE(50Hertz)","IKS Schwedt SE2 Block 2","11WD8SCHW5X---27","Fossil Oil","11WD8SCHW5X---27","24/04/2026 09:00 - 24/04/2026 10:00","79.75",""
"24/04/2026 00:00 - 25/04/2026 00:00","CTA|DE(50Hertz)","IKS Schwedt SE2 Block 2","11WD8SCHW5X---27","Fossil Oil","11WD8SCHW5X---27","24/04/2026 10:00 - 24/04/2026 11:00","74.00",""
"24/04/2026 00:00 - 25/04/2026 00:00","CTA|DE(50Hertz)","IKS Schwedt SE2 Block 2","11WD8SCHW5X---27","Fossil Oil","11WD8SCHW5X---27","24/04/2026 11:00 - 24/04/2026 12:00","74.00",""
"24/04/2026 00:00 - 25/04/2026 00:00","CTA|DE(50Hertz)","IKS Schwedt SE2 Block 2","11WD8SCHW5X---27","Fossil Oil","11WD8SCHW5X---27","24/04/2026 12:00 - 24/04/2026 13:00","74.00",""
"24/04/2026 00:00 - 25/04/2026 00:00","CTA|DE(50Hertz)","IKS Schwedt SE2 Block 2","11WD8SCHW5X---27","Fossil Oil","11WD8SCHW5X---27","24/04/2026 13:00 - 24/04/2026 14:00","74.00",""
"24/04/2026 00:00 - 25/04/2026 00:00","CTA|DE(50Hertz)","IKS Schwedt SE2 Block 2","11WD8SCHW5X---27","Fossil Oil","11WD8SCHW5X---27","24/04/2026 14:00 - 24/04/2026 15:00","74.00",""
"24/04/2026 00:00 - 25/04/2026 00:00","CTA|DE(50Hertz)","IKS Schwedt SE2 Block 2","11WD8SCHW5X---27","Fossil Oil","11WD8SCHW5X---27","24/04/2026 15:00 - 24/04/2026 16:00","74.00",""
"24/04/2026 00:00 - 25/04/2026 00:00","CTA|DE(50Hertz)","IKS Schwedt SE2 Block 2","11WD8SCHW5X---27","Fossil Oil","11WD8SCHW5X---27","24/04/2026 16:00 - 24/04/2026 17:00","74.00",""
"24/04/2026 00:00 - 25/04/2026 00:00","CTA|DE(50Hertz)","IKS Schwedt SE2 Block 2","11WD8SCHW5X---27","Fossil Oil","11WD8SCHW5X---27","24/04/2026 17:00 - 24/04/2026 18:00","74.00",""
"24/04/2026 00:00 - 25/04/2026 00:00","CTA|DE(50Hertz)","IKS Schwedt SE2 Block 2","11WD8SCHW5X---27","Fossil Oil","11WD8SCHW5X---27","24/04/2026 18:00 - 24/04/2026 19:00","74.00",""
"24/04/2026 00:00 - 25/04/2026 00:00","CTA|DE(50Hertz)","IKS Schwedt SE2 Block 2","11WD8SCHW5X---27","Fossil Oil","11WD8SCHW5X---27","24/04/2026 19:00 - 24/04/2026 20:00","74.00",""
"24/04/2026 00:00 - 25/04/2026 00:00","CTA|DE(50Hertz)","IKS Schwedt SE2 Block 2","11WD8SCHW5X---27","Fossil Oil","11WD8SCHW5X---27","24/04/2026 20:00 - 24/04/2026 21:00","74.00",""
"24/04/2026 00:00 - 25/04/2026 00:00","CTA|DE(50Hertz)","IKS Schwedt SE2 Block 2","11WD8SCHW5X---27","Fossil Oil","11WD8SCHW5X---27","24/04/2026 21:00 - 24/04/2026 22:00","74.00",""
"24/04/2026 00:00 - 25/04/2026 00:00","CTA|DE(50Hertz)","IKS Schwedt SE2 Block 2","11WD8SCHW5X---27","Fossil Oil","11WD8SCHW5X---27","24/04/2026 22:00 - 24/04/2026 23:00","74.00",""
"24/04/2026 00:00 - 25/04/2026 00:00","CTA|DE(50Hertz)","IKS Schwedt SE2 Block 2","11WD8SCHW5X---27","Fossil Oil","11WD8SCHW5X---27","24/04/2026 23:00 - 25/04/2026 00:00","74.00",""
"24/04/2026 00:00 - 25/04/2026 00:00","CTA|DE(50Hertz)","KW Schwarze Pumpe Block A","11WD8SWPU1L---AK","Fossil Brown coal/Lignite","11WD8SWPU1L---AK","24/04/2026 00:00 - 24/04/2026 01:00","260.50",""
"24/04/2026 00:00 - 25/04/2026 00:00","CTA|DE(50Hertz)","KW Schwarze Pumpe Block A","11WD8SWPU1L---AK","Fossil Brown coal/Lignite","11WD8SWPU1L---AK","24/04/2026 01:00 - 24/04/2026 02:00","347.75",""
"24/04/2026 00:00 - 25/04/2026 00:00","CTA|DE(50Hertz)","KW Schwarze Pumpe Block A","11WD8SWPU1L---AK","Fossil Brown coal/Lignite","11WD8SWPU1L---AK","24/04/2026 02:00 - 24/04/2026 03:00","463.25",""
"24/04/2026 00:00 - 25/04/2026 00:00","CTA|DE(50Hertz)","KW Schwarze Pumpe Block A","11WD8SWPU1L---AK","Fossil Brown coal/Lignite","11WD8SWPU1L---AK","24/04/2026 03:00 - 24/04/2026 04:00","599.25",""
"24/04/2026 00:00 - 25/04/2026 00:00","CTA|DE(50Hertz)","KW Schwarze Pumpe Block A","11WD8SWPU1L---AK","Fossil Brown coal/Lignite","11WD8SWPU1L---AK","24/04/2026 04:00 - 24/04/2026 05:00","677.25",""
"24/04/2026 00:00 - 25/04/2026 00:00","CTA|DE(50Hertz)","KW Schwarze Pumpe Block A","11WD8SWPU1L---AK","Fossil Brown coal/Lignite","11WD8SWPU1L---AK","24/04/2026 05:00 - 24/04/2026 06:00","711.25",""
"24/04/2026 00:00 - 25/04/2026 00:00","CTA|DE(50Hertz)","KW Schwarze Pumpe Block A","11WD8SWPU1L---AK","Fossil Brown coal/Lignite","11WD8SWPU1L---AK","24/04/2026 06:00 - 24/04/2026 07:00","706.75",""
"24/04/2026 00:00 - 25/04/2026 00:00","CTA|DE(50Hertz)","KW Schwarze Pumpe Block A","11WD8SWPU1L---AK","Fossil Brown coal/Lignite","11WD8SWPU1L---AK","24/04/2026 07:00 - 24/04/2026 08:00","599.00",""
"24/04/2026 00:00 - 25/04/2026 00:00","CTA|DE(50Hertz)","KW Schwarze Pumpe Block A","11WD8SWPU1L---AK","Fossil Brown coal/Lignite","11WD8SWPU1L---AK","24/04/2026 08:00 - 24/04/2026 09:00","731.00",""
"24/04/2026 00:00 - 25/04/2026 00:00","CTA|DE(50Hertz)","KW Schwarze Pumpe Block A","11WD8SWPU1L---AK","Fossil Brown coal/Lignite","11WD8SWPU1L---AK","24/04/2026 09:00 - 24/04/2026 10:00","574.25",""
"24/04/2026 00:00 - 25/04/2026 00:00","CTA|DE(50Hertz)","KW Schwarze Pumpe Block A","11WD8SWPU1L---AK","Fossil Brown coal/Lignite","11WD8SWPU1L---AK","24/04/2026 10:00 - 24/04/2026 11:00","249.75",""
"24/04/2026 00:00 - 25/04/2026 00:00","CTA|DE(50Hertz)","KW Schwarze Pumpe Block A","11WD8SWPU1L---AK","Fossil Brown coal/Lignite","11WD8SWPU1L---AK","24/04/2026 11:00 - 24/04/2026 12:00","251.75",""
"24/04/2026 00:00 - 25/04/2026 00:00","CTA|DE(50Hertz)","KW Schwarze Pumpe Block A","11WD8SWPU1L---AK","Fossil Brown coal/Lignite","11WD8SWPU1L---AK","24/04/2026 12:00 - 24/04/2026 13:00","256.25",""
"24/04/2026 00:00 - 25/04/2026 00:00","CTA|DE(50Hertz)","KW Schwarze Pumpe Block A","11WD8SWPU1L---AK","Fossil Brown coal/Lignite","11WD8SWPU1L---AK","24/04/2026 13:00 - 24/04/2026 14:00","251.50",""
"24/04/2026 00:00 - 25/04/2026 00:00","CTA|DE(50Hertz)","KW Schwarze Pumpe Block A","11WD8SWPU1L---AK","Fossil Brown coal/Lignite","11WD8SWPU1L---AK","24/04/2026 14:00 - 24/04/2026 15:00","242.25",""
"24/04/2026 00:00 - 25/04/2026 00:00","CTA|DE(50Hertz)","KW Schwarze Pumpe Block A","11WD8SWPU1L---AK","Fossil Brown coal/Lignite","11WD8SWPU1L---AK","24/04/2026 15:00 - 24/04/2026 16:00","237.75",""
"24/04/2026 00:00 - 25/04/2026 00:00","CTA|DE(50Hertz)","KW Schwarze Pumpe Block A","11WD8SWPU1L---AK","Fossil Brown coal/Lignite","11WD8SWPU1L---AK","24/04/2026 16:00 - 24/04/2026 17:00","243.50",""
"24/04/2026 00:00 - 25/04/2026 00:00","CTA|DE(50Hertz)","KW Schwarze Pumpe Block A","11WD8SWPU1L---AK","Fossil Brown coal/Lignite","11WD8SWPU1L---AK","24/04/2026 17:00 - 24/04/2026 18:00","372.50",""
"24/04/2026 00:00 - 25/04/2026 00:00","CTA|DE(50Hertz)","KW Schwarze Pumpe Block A","11WD8SWPU1L---AK","Fossil Brown coal/Lignite","11WD8SWPU1L---AK","24/04/2026 18:00 - 24/04/2026 19:00","689.75",""
"24/04/2026 00:00 - 25/04/2026 00:00","CTA|DE(50Hertz)","KW Schwarze Pumpe Block A","11WD8SWPU1L---AK","Fossil Brown coal/Lignite","11WD8SWPU1L---AK","24/04/2026 19:00 - 24/04/2026 20:00","689.00",""
"24/04/2026 00:00 - 25/04/2026 00:00","CTA|DE(50Hertz)","KW Schwarze Pumpe Block A","11WD8SWPU1L---AK","Fossil Brown coal/Lignite","11WD8SWPU1L---AK","24/04/2026 20:00 - 24/04/2026 21:00","678.50",""
"24/04/2026 00:00 - 25/04/2026 00:00","CTA|DE(50Hertz)","KW Schwarze Pumpe Block A","11WD8SWPU1L---AK","Fossil Brown coal/Lignite","11WD8SWPU1L---AK","24/04/2026 21:00 - 24/04/2026 22:00","679.25",""
"24/04/2026 00:00 - 25/04/2026 00:00","CTA|DE(50Hertz)","KW Schwarze Pumpe Block A","11WD8SWPU1L---AK","Fossil Brown coal/Lignite","11WD8SWPU1L---AK","24/04/2026 22:00 - 24/04/2026 23:00","681.00",""
"24/04/2026 00:00 - 25/04/2026 00:00","CTA|DE(50Hertz)","KW Schwarze Pumpe Block A","11WD8SWPU1L---AK","Fossil Brown coal/Lignite","11WD8SWPU1L---AK","24/04/2026 23:00 - 25/04/2026 00:00","660.00",""
"24/04/2026 00:00 - 25/04/2026 00:00","CTA|DE(50Hertz)","KW Schwarze Pumpe Block B","11WD8SWPU1L---BI","Fossil Brown coal/Lignite","11WD8SWPU1L---BI","24/04/2026 00:00 - 24/04/2026 01:00","507.25",""
"24/04/2026 00:00 - 25/04/2026 00:00","CTA|DE(50Hertz)","KW Schwarze Pumpe Block B","11WD8SWPU1L---BI","Fossil Brown coal/Lignite","11WD8SWPU1L---BI","24/04/2026 01:00 - 24/04/2026 02:00","500.50",""
"24/04/2026 00:00 - 25/04/2026 00:00","CTA|DE(50Hertz)","KW Schwarze Pumpe Block B","11WD8SWPU1L---BI","Fossil Brown coal/Lignite","11WD8SWPU1L---BI","24/04/2026 02:00 - 24/04/2026 03:00","528.25",""
"24/04/2026 00:00 - 25/04/2026 00:00","CTA|DE(50Hertz)","KW Schwarze Pumpe Block B","11WD8SWPU1L---BI","Fossil Brown coal/Lignite","11WD8SWPU1L---BI","24/04/2026 03:00 - 24/04/2026 04:00","726.75",""
"24/04/2026 00:00 - 25/04/2026 00:00","CTA|DE(50Hertz)","KW Schwarze Pumpe Block B","11WD8SWPU1L---BI","Fossil Brown coal/Lignite","11WD8SWPU1L---BI","24/04/2026 04:00 - 24/04/2026 05:00","738.25",""
"24/04/2026 00:00 - 25/04/2026 00:00","CTA|DE(50Hertz)","KW Schwarze Pumpe Block B","11WD8SWPU1L---BI","Fossil Brown coal/Lignite","11WD8SWPU1L---BI","24/04/2026 05:00 - 24/04/2026 06:00","738.75",""
"24/04/2026 00:00 - 25/04/2026 00:00","CTA|DE(50Hertz)","KW Schwarze Pumpe Block B","11WD8SWPU1L---BI","Fossil Brown coal/Lignite","11WD8SWPU1L---BI","24/04/2026 06:00 - 24/04/2026 07:00","706.00",""
"24/04/2026 00:00 - 25/04/2026 00:00","CTA|DE(50Hertz)","KW Schwarze Pumpe Block B","11WD8SWPU1L---BI","Fossil Brown coal/Lignite","11WD8SWPU1L---BI","24/04/2026 07:00 - 24/04/2026 08:00","612.00",""
"24/04/2026 00:00 - 25/04/2026 00:00","CTA|DE(50Hertz)","KW Schwarze Pumpe Block B","11WD8SWPU1L---BI","Fossil Brown coal/Lignite","11WD8SWPU1L---BI","24/04/2026 08:00 - 24/04/2026 09:00","742.50",""
"24/04/2026 00:00 - 25/04/2026 00:00","CTA|DE(50Hertz)","KW Schwarze Pumpe Block B","11WD8SWPU1L---BI","Fossil Brown coal/Lignite","11WD8SWPU1L---BI","24/04/2026 09:00 - 24/04/2026 10:00","601.50",""
"24/04/2026 00:00 - 25/04/2026 00:00","CTA|DE(50Hertz)","KW Schwarze Pumpe Block B","11WD8SWPU1L---BI","Fossil Brown coal/Lignite","11WD8SWPU1L---BI","24/04/2026 10:00 - 24/04/2026 11:00","325.50",""
"24/04/2026 00:00 - 25/04/2026 00:00","CTA|DE(50Hertz)","KW Schwarze Pumpe Block B","11WD8SWPU1L---BI","Fossil Brown coal/Lignite","11WD8SWPU1L---BI","24/04/2026 11:00 - 24/04/2026 12:00","277.00",""
"24/04/2026 00:00 - 25/04/2026 00:00","CTA|DE(50Hertz)","KW Schwarze Pumpe Block B","11WD8SWPU1L---BI","Fossil Brown coal/Lignite","11WD8SWPU1L---BI","24/04/2026 12:00 - 24/04/2026 13:00","270.75",""
"24/04/2026 00:00 - 25/04/2026 00:00","CTA|DE(50Hertz)","KW Schwarze Pumpe Block B","11WD8SWPU1L---BI","Fossil Brown coal/Lignite","11WD8SWPU1L---BI","24/04/2026 13:00 - 24/04/2026 14:00","259.50",""
"24/04/2026 00:00 - 25/04/2026 00:00","CTA|DE(50Hertz)","KW Schwarze Pumpe Block B","11WD8SWPU1L---BI","Fossil Brown coal/Lignite","11WD8SWPU1L---BI","24/04/2026 14:00 - 24/04/2026 15:00","260.00",""
"24/04/2026 00:00 - 25/04/2026 00:00","CTA|DE(50Hertz)","KW Schwarze Pumpe Block B","11WD8SWPU1L---BI","Fossil Brown coal/Lignite","11WD8SWPU1L---BI","24/04/2026 15:00 - 24/04/2026 16:00","259.00",""
"24/04/2026 00:00 - 25/04/2026 00:00","CTA|DE(50Hertz)","KW Schwarze Pumpe Block B","11WD8SWPU1L---BI","Fossil Brown coal/Lignite","11WD8SWPU1L---BI","24/04/2026 16:00 - 24/04/2026 17:00","263.25",""
"24/04/2026 00:00 - 25/04/2026 00:00","CTA|DE(50Hertz)","KW Schwarze Pumpe Block B","11WD8SWPU1L---BI","Fossil Brown coal/Lignite","11WD8SWPU1L---BI","24/04/2026 17:00 - 24/04/2026 18:00","375.25",""
"24/04/2026 00:00 - 25/04/2026 00:00","CTA|DE(50Hertz)","KW Schwarze Pumpe Block B","11WD8SWPU1L---BI","Fossil Brown coal/Lignite","11WD8SWPU1L---BI","24/04/2026 18:00 - 24/04/2026 19:00","728.75",""
"24/04/2026 00:00 - 25/04/2026 00:00","CTA|DE(50Hertz)","KW Schwarze Pumpe Block B","11WD8SWPU1L---BI","Fossil Brown coal/Lignite","11WD8SWPU1L---BI","24/04/2026 19:00 - 24/04/2026 20:00","743.00",""
"24/04/2026 00:00 - 25/04/2026 00:00","CTA|DE(50Hertz)","KW Schwarze Pumpe Block B","11WD8SWPU1L---BI","Fossil Brown coal/Lignite","11WD8SWPU1L---BI","24/04/2026 20:00 - 24/04/2026 21:00","726.00",""
"24/04/2026 00:00 - 25/04/2026 00:00","CTA|DE(50Hertz)","KW Schwarze Pumpe Block B","11WD8SWPU1L---BI","Fossil Brown coal/Lignite","11WD8SWPU1L---BI","24/04/2026 21:00 - 24/04/2026 22:00","727.75",""
"24/04/2026 00:00 - 25/04/2026 00:00","CTA|DE(50Hertz)","KW Schwarze Pumpe Block B","11WD8SWPU1L---BI","Fossil Brown coal/Lignite","11WD8SWPU1L---BI","24/04/2026 22:00 - 24/04/2026 23:00","729.25",""
"24/04/2026 00:00 - 25/04/2026 00:00","CTA|DE(50Hertz)","KW Schwarze Pumpe Block B","11WD8SWPU1L---BI","Fossil Brown coal/Lignite","11WD8SWPU1L---BI","24/04/2026 23:00 - 25/04/2026 00:00","734.75",""
"24/04/2026 00:00 - 25/04/2026 00:00","CTA|DE(50Hertz)","HKW Tiefstack Block 2","11WD8TIEF5C----9","Fossil Hard coal","11WD8TIEF5C----9","24/04/2026 00:00 - 24/04/2026 01:00","152.50",""
"24/04/2026 00:00 - 25/04/2026 00:00","CTA|DE(50Hertz)","HKW Tiefstack Block 2","11WD8TIEF5C----9","Fossil Hard coal","11WD8TIEF5C----9","24/04/2026 01:00 - 24/04/2026 02:00","155.25",""
"24/04/2026 00:00 - 25/04/2026 00:00","CTA|DE(50Hertz)","HKW Tiefstack Block 2","11WD8TIEF5C----9","Fossil Hard coal","11WD8TIEF5C----9","24/04/2026 02:00 - 24/04/2026 03:00","153.75",""
"24/04/2026 00:00 - 25/04/2026 00:00","CTA|DE(50Hertz)","HKW Tiefstack Block 2","11WD8TIEF5C----9","Fossil Hard coal","11WD8TIEF5C----9","24/04/2026 03:00 - 24/04/2026 04:00","152.50",""
"24/04/2026 00:00 - 25/04/2026 00:00","CTA|DE(50Hertz)","HKW Tiefstack Block 2","11WD8TIEF5C----9","Fossil Hard coal","11WD8TIEF5C----9","24/04/2026 04:00 - 24/04/2026 05:00","152.25",""
"24/04/2026 00:00 - 25/04/2026 00:00","CTA|DE(50Hertz)","HKW Tiefstack Block 2","11WD8TIEF5C----9","Fossil Hard coal","11WD8TIEF5C----9","24/04/2026 05:00 - 24/04/2026 06:00","147.00",""
"24/04/2026 00:00 - 25/04/2026 00:00","CTA|DE(50Hertz)","HKW Tiefstack Block 2","11WD8TIEF5C----9","Fossil Hard coal","11WD8TIEF5C----9","24/04/2026 06:00 - 24/04/2026 07:00","139.50",""
"24/04/2026 00:00 - 25/04/2026 00:00","CTA|DE(50Hertz)","HKW Tiefstack Block 2","11WD8TIEF5C----9","Fossil Hard coal","11WD8TIEF5C----9","24/04/2026 07:00 - 24/04/2026 08:00","134.50",""
"24/04/2026 00:00 - 25/04/2026 00:00","CTA|DE(50Hertz)","HKW Tiefstack Block 2","11WD8TIEF5C----9","Fossil Hard coal","11WD8TIEF5C----9","24/04/2026 08:00 - 24/04/2026 09:00","121.25",""
"24/04/2026 00:00 - 25/04/2026 00:00","CTA|DE(50Hertz)","HKW Tiefstack Block 2","11WD8TIEF5C----9","Fossil Hard coal","11WD8TIEF5C----9","24/04/2026 09:00 - 24/04/2026 10:00","105.50",""
"24/04/2026 00:00 - 25/04/2026 00:00","CTA|DE(50Hertz)","HKW Tiefstack Block 2","11WD8TIEF5C----9","Fossil Hard coal","11WD8TIEF5C----9","24/04/2026 10:00 - 24/04/2026 11:00","87.25",""
"24/04/2026 00:00 - 25/04/2026 00:00","CTA|DE(50Hertz)","HKW Tiefstack Block 2","11WD8TIEF5C----9","Fossil Hard coal","11WD8TIEF5C----9","24/04/2026 11:00 - 24/04/2026 12:00","86.00",""
"24/04/2026 00:00 - 25/04/2026 00:00","CTA|DE(50Hertz)","HKW Tiefstack Block 2","11WD8TIEF5C----9","Fossil Hard coal","11WD8TIEF5C----9","24/04/2026 12:00 - 24/04/2026 13:00","92.50",""
"24/04/2026 00:00 - 25/04/2026 00:00","CTA|DE(50Hertz)","HKW Tiefstack Block 2","11WD8TIEF5C----9","Fossil Hard coal","11WD8TIEF5C----9","24/04/2026 13:00 - 24/04/2026 14:00","85.75",""
"24/04/2026 00:00 - 25/04/2026 00:00","CTA|DE(50Hertz)","HKW Tiefstack Block 2","11WD8TIEF5C----9","Fossil Hard coal","11WD8TIEF5C----9","24/04/2026 14:00 - 24/04/2026 15:00","81.50",""
"24/04/2026 00:00 - 25/04/2026 00:00","CTA|DE(50Hertz)","HKW Tiefstack Block 2","11WD8TIEF5C----9","Fossil Hard coal","11WD8TIEF5C----9","24/04/2026 15:00 - 24/04/2026 16:00","75.75",""
"24/04/2026 00:00 - 25/04/2026 00:00","CTA|DE(50Hertz)","HKW Tiefstack Block 2","11WD8TIEF5C----9","Fossil Hard coal","11WD8TIEF5C----9","24/04/2026 16:00 - 24/04/2026 17:00","70.00",""
"24/04/2026 00:00 - 25/04/2026 00:00","CTA|DE(50Hertz)","HKW Tiefstack Block 2","11WD8TIEF5C----9","Fossil Hard coal","11WD8TIEF5C----9","24/04/2026 17:00 - 24/04/2026 18:00","79.00",""
"24/04/2026 00:00 - 25/04/2026 00:00","CTA|DE(50Hertz)","HKW Tiefstack Block 2","11WD8TIEF5C----9","Fossil Hard coal","11WD8TIEF5C----9","24/04/2026 18:00 - 24/04/2026 19:00","114.25",""
"24/04/2026 00:00 - 25/04/2026 00:00","CTA|DE(50Hertz)","HKW Tiefstack Block 2","11WD8TIEF5C----9","Fossil Hard coal","11WD8TIEF5C----9","24/04/2026 19:00 - 24/04/2026 20:00","143.50",""
"24/04/2026 00:00 - 25/04/2026 00:00","CTA|DE(50Hertz)","HKW Tiefstack Block 2","11WD8TIEF5C----9","Fossil Hard coal","11WD8TIEF5C----9","24/04/2026 20:00 - 24/04/2026 21:00","143.75",""
"24/04/2026 00:00 - 25/04/2026 00:00","CTA|DE(50Hertz)","HKW Tiefstack Block 2","11WD8TIEF5C----9","Fossil Hard coal","11WD8TIEF5C----9","24/04/2026 21:00 - 24/04/2026 22:00","145.00",""
"24/04/2026 00:00 - 25/04/2026 00:00","CTA|DE(50Hertz)","HKW Tiefstack Block 2","11WD8TIEF5C----9","Fossil Hard coal","11WD8TIEF5C----9","24/04/2026 22:00 - 24/04/2026 23:00","146.50",""
"24/04/2026 00:00 - 25/04/2026 00:00","CTA|DE(50Hertz)","HKW Tiefstack Block 2","11WD8TIEF5C----9","Fossil Hard coal","11WD8TIEF5C----9","24/04/2026 23:00 - 25/04/2026 00:00","147.75",""
"24/04/2026 00:00 - 25/04/2026 00:00","CTA|DE(50Hertz)","HKW Tiefstack GuD","11WD8TIEF5G-GUDI","Fossil Gas","11WD8TIEF5G-GUDI","24/04/2026 00:00 - 24/04/2026 01:00","0.00",""
"24/04/2026 00:00 - 25/04/2026 00:00","CTA|DE(50Hertz)","HKW Tiefstack GuD","11WD8TIEF5G-GUDI","Fossil Gas","11WD8TIEF5G-GUDI","24/04/2026 01:00 - 24/04/2026 02:00","0.00",""
"24/04/2026 00:00 - 25/04/2026 00:00","CTA|DE(50Hertz)","HKW Tiefstack GuD","11WD8TIEF5G-GUDI","Fossil Gas","11WD8TIEF5G-GUDI","24/04/2026 02:00 - 24/04/2026 03:00","0.00",""
"24/04/2026 00:00 - 25/04/2026 00:00","CTA|DE(50Hertz)","HKW Tiefstack GuD","11WD8TIEF5G-GUDI","Fossil Gas","11WD8TIEF5G-GUDI","24/04/2026 03:00 - 24/04/2026 04:00","0.00",""
"24/04/2026 00:00 - 25/04/2026 00:00","CTA|DE(50Hertz)","HKW Tiefstack GuD","11WD8TIEF5G-GUDI","Fossil Gas","11WD8TIEF5G-GUDI","24/04/2026 04:00 - 24/04/2026 05:00","0.00",""
"24/04/2026 00:00 - 25/04/2026 00:00","CTA|DE(50Hertz)","HKW Tiefstack GuD","11WD8TIEF5G-GUDI","Fossil Gas","11WD8TIEF5G-GUDI","24/04/2026 05:00 - 24/04/2026 06:00","0.00",""
"24/04/2026 00:00 - 25/04/2026 00:00","CTA|DE(50Hertz)","HKW Tiefstack GuD","11WD8TIEF5G-GUDI","Fossil Gas","11WD8TIEF5G-GUDI","24/04/2026 06:00 - 24/04/2026 07:00","0.00",""
"24/04/2026 00:00 - 25/04/2026 00:00","CTA|DE(50Hertz)","HKW Tiefstack GuD","11WD8TIEF5G-GUDI","Fossil Gas","11WD8TIEF5G-GUDI","24/04/2026 07:00 - 24/04/2026 08:00","0.00",""
"24/04/2026 00:00 - 25/04/2026 00:00","CTA|DE(50Hertz)","HKW Tiefstack GuD","11WD8TIEF5G-GUDI","Fossil Gas","11WD8TIEF5G-GUDI","24/04/2026 08:00 - 24/04/2026 09:00","0.00",""
"24/04/2026 00:00 - 25/04/2026 00:00","CTA|DE(50Hertz)","HKW Tiefstack GuD","11WD8TIEF5G-GUDI","Fossil Gas","11WD8TIEF5G-GUDI","24/04/2026 09:00 - 24/04/2026 10:00","0.00",""
"24/04/2026 00:00 - 25/04/2026 00:00","CTA|DE(50Hertz)","HKW Tiefstack GuD","11WD8TIEF5G-GUDI","Fossil Gas","11WD8TIEF5G-GUDI","24/04/2026 10:00 - 24/04/2026 11:00","0.00",""
"24/04/2026 00:00 - 25/04/2026 00:00","CTA|DE(50Hertz)","HKW Tiefstack GuD","11WD8TIEF5G-GUDI","Fossil Gas","11WD8TIEF5G-GUDI","24/04/2026 11:00 - 24/04/2026 12:00","0.00",""
"24/04/2026 00:00 - 25/04/2026 00:00","CTA|DE(50Hertz)","HKW Tiefstack GuD","11WD8TIEF5G-GUDI","Fossil Gas","11WD8TIEF5G-GUDI","24/04/2026 12:00 - 24/04/2026 13:00","0.00",""
"24/04/2026 00:00 - 25/04/2026 00:00","CTA|DE(50Hertz)","HKW Tiefstack GuD","11WD8TIEF5G-GUDI","Fossil Gas","11WD8TIEF5G-GUDI","24/04/2026 13:00 - 24/04/2026 14:00","0.00",""
"24/04/2026 00:00 - 25/04/2026 00:00","CTA|DE(50Hertz)","HKW Tiefstack GuD","11WD8TIEF5G-GUDI","Fossil Gas","11WD8TIEF5G-GUDI","24/04/2026 14:00 - 24/04/2026 15:00","0.00",""
"24/04/2026 00:00 - 25/04/2026 00:00","CTA|DE(50Hertz)","HKW Tiefstack GuD","11WD8TIEF5G-GUDI","Fossil Gas","11WD8TIEF5G-GUDI","24/04/2026 15:00 - 24/04/2026 16:00","0.00",""
"24/04/2026 00:00 - 25/04/2026 00:00","CTA|DE(50Hertz)","HKW Tiefstack GuD","11WD8TIEF5G-GUDI","Fossil Gas","11WD8TIEF5G-GUDI","24/04/2026 16:00 - 24/04/2026 17:00","0.00",""
"24/04/2026 00:00 - 25/04/2026 00:00","CTA|DE(50Hertz)","HKW Tiefstack GuD","11WD8TIEF5G-GUDI","Fossil Gas","11WD8TIEF5G-GUDI","24/04/2026 17:00 - 24/04/2026 18:00","0.00",""
"24/04/2026 00:00 - 25/04/2026 00:00","CTA|DE(50Hertz)","HKW Tiefstack GuD","11WD8TIEF5G-GUDI","Fossil Gas","11WD8TIEF5G-GUDI","24/04/2026 18:00 - 24/04/2026 19:00","0.00",""
"24/04/2026 00:00 - 25/04/2026 00:00","CTA|DE(50Hertz)","HKW Tiefstack GuD","11WD8TIEF5G-GUDI","Fossil Gas","11WD8TIEF5G-GUDI","24/04/2026 19:00 - 24/04/2026 20:00","0.00",""
"24/04/2026 00:00 - 25/04/2026 00:00","CTA|DE(50Hertz)","HKW Tiefstack GuD","11WD8TIEF5G-GUDI","Fossil Gas","11WD8TIEF5G-GUDI","24/04/2026 20:00 - 24/04/2026 21:00","0.00",""
"24/04/2026 00:00 - 25/04/2026 00:00","CTA|DE(50Hertz)","HKW Tiefstack GuD","11WD8TIEF5G-GUDI","Fossil Gas","11WD8TIEF5G-GUDI","24/04/2026 21:00 - 24/04/2026 22:00","0.00",""
"24/04/2026 00:00 - 25/04/2026 00:00","CTA|DE(50Hertz)","HKW Tiefstack GuD","11WD8TIEF5G-GUDI","Fossil Gas","11WD8TIEF5G-GUDI","24/04/2026 22:00 - 24/04/2026 23:00","0.00",""
"24/04/2026 00:00 - 25/04/2026 00:00","CTA|DE(50Hertz)","HKW Tiefstack GuD","11WD8TIEF5G-GUDI","Fossil Gas","11WD8TIEF5G-GUDI","24/04/2026 23:00 - 25/04/2026 00:00","0.00",""
"24/04/2026 00:00 - 25/04/2026 00:00","CTA|DE(50Hertz)","HKW Wedel Block 1","11WD8WED15C---1M","Fossil Hard coal","11WD8WED15C---1M","24/04/2026 00:00 - 24/04/2026 01:00","57.75",""
"24/04/2026 00:00 - 25/04/2026 00:00","CTA|DE(50Hertz)","HKW Wedel Block 1","11WD8WED15C---1M","Fossil Hard coal","11WD8WED15C---1M","24/04/2026 01:00 - 24/04/2026 02:00","57.75",""
"24/04/2026 00:00 - 25/04/2026 00:00","CTA|DE(50Hertz)","HKW Wedel Block 1","11WD8WED15C---1M","Fossil Hard coal","11WD8WED15C---1M","24/04/2026 02:00 - 24/04/2026 03:00","58.75",""
"24/04/2026 00:00 - 25/04/2026 00:00","CTA|DE(50Hertz)","HKW Wedel Block 1","11WD8WED15C---1M","Fossil Hard coal","11WD8WED15C---1M","24/04/2026 03:00 - 24/04/2026 04:00","59.25",""
"24/04/2026 00:00 - 25/04/2026 00:00","CTA|DE(50Hertz)","HKW Wedel Block 1","11WD8WED15C---1M","Fossil Hard coal","11WD8WED15C---1M","24/04/2026 04:00 - 24/04/2026 05:00","60.00",""
"24/04/2026 00:00 - 25/04/2026 00:00","CTA|DE(50Hertz)","HKW Wedel Block 1","11WD8WED15C---1M","Fossil Hard coal","11WD8WED15C---1M","24/04/2026 05:00 - 24/04/2026 06:00","60.75",""
"24/04/2026 00:00 - 25/04/2026 00:00","CTA|DE(50Hertz)","HKW Wedel Block 1","11WD8WED15C---1M","Fossil Hard coal","11WD8WED15C---1M","24/04/2026 06:00 - 24/04/2026 07:00","62.25",""
"24/04/2026 00:00 - 25/04/2026 00:00","CTA|DE(50Hertz)","HKW Wedel Block 1","11WD8WED15C---1M","Fossil Hard coal","11WD8WED15C---1M","24/04/2026 07:00 - 24/04/2026 08:00","62.50",""
"24/04/2026 00:00 - 25/04/2026 00:00","CTA|DE(50Hertz)","HKW Wedel Block 1","11WD8WED15C---1M","Fossil Hard coal","11WD8WED15C---1M","24/04/2026 08:00 - 24/04/2026 09:00","63.00",""
"24/04/2026 00:00 - 25/04/2026 00:00","CTA|DE(50Hertz)","HKW Wedel Block 1","11WD8WED15C---1M","Fossil Hard coal","11WD8WED15C---1M","24/04/2026 09:00 - 24/04/2026 10:00","62.75",""
"24/04/2026 00:00 - 25/04/2026 00:00","CTA|DE(50Hertz)","HKW Wedel Block 1","11WD8WED15C---1M","Fossil Hard coal","11WD8WED15C---1M","24/04/2026 10:00 - 24/04/2026 11:00","63.00",""
"24/04/2026 00:00 - 25/04/2026 00:00","CTA|DE(50Hertz)","HKW Wedel Block 1","11WD8WED15C---1M","Fossil Hard coal","11WD8WED15C---1M","24/04/2026 11:00 - 24/04/2026 12:00","63.00",""
"24/04/2026 00:00 - 25/04/2026 00:00","CTA|DE(50Hertz)","HKW Wedel Block 1","11WD8WED15C---1M","Fossil Hard coal","11WD8WED15C---1M","24/04/2026 12:00 - 24/04/2026 13:00","57.25",""
"24/04/2026 00:00 - 25/04/2026 00:00","CTA|DE(50Hertz)","HKW Wedel Block 1","11WD8WED15C---1M","Fossil Hard coal","11WD8WED15C---1M","24/04/2026 13:00 - 24/04/2026 14:00","59.25",""
"24/04/2026 00:00 - 25/04/2026 00:00","CTA|DE(50Hertz)","HKW Wedel Block 1","11WD8WED15C---1M","Fossil Hard coal","11WD8WED15C---1M","24/04/2026 14:00 - 24/04/2026 15:00","58.25",""
"24/04/2026 00:00 - 25/04/2026 00:00","CTA|DE(50Hertz)","HKW Wedel Block 1","11WD8WED15C---1M","Fossil Hard coal","11WD8WED15C---1M","24/04/2026 15:00 - 24/04/2026 16:00","49.25",""
"24/04/2026 00:00 - 25/04/2026 00:00","CTA|DE(50Hertz)","HKW Wedel Block 1","11WD8WED15C---1M","Fossil Hard coal","11WD8WED15C---1M","24/04/2026 16:00 - 24/04/2026 17:00","59.25",""
"24/04/2026 00:00 - 25/04/2026 00:00","CTA|DE(50Hertz)","HKW Wedel Block 1","11WD8WED15C---1M","Fossil Hard coal","11WD8WED15C---1M","24/04/2026 17:00 - 24/04/2026 18:00","59.50",""
"24/04/2026 00:00 - 25/04/2026 00:00","CTA|DE(50Hertz)","HKW Wedel Block 1","11WD8WED15C---1M","Fossil Hard coal","11WD8WED15C---1M","24/04/2026 18:00 - 24/04/2026 19:00","63.00",""
"24/04/2026 00:00 - 25/04/2026 00:00","CTA|DE(50Hertz)","HKW Wedel Block 1","11WD8WED15C---1M","Fossil Hard coal","11WD8WED15C---1M","24/04/2026 19:00 - 24/04/2026 20:00","64.00",""
"24/04/2026 00:00 - 25/04/2026 00:00","CTA|DE(50Hertz)","HKW Wedel Block 1","11WD8WED15C---1M","Fossil Hard coal","11WD8WED15C---1M","24/04/2026 20:00 - 24/04/2026 21:00","64.75",""
"24/04/2026 00:00 - 25/04/2026 00:00","CTA|DE(50Hertz)","HKW Wedel Block 1","11WD8WED15C---1M","Fossil Hard coal","11WD8WED15C---1M","24/04/2026 21:00 - 24/04/2026 22:00","65.50",""
"24/04/2026 00:00 - 25/04/2026 00:00","CTA|DE(50Hertz)","HKW Wedel Block 1","11WD8WED15C---1M","Fossil Hard coal","11WD8WED15C---1M","24/04/2026 22:00 - 24/04/2026 23:00","65.75",""
"24/04/2026 00:00 - 25/04/2026 00:00","CTA|DE(50Hertz)","HKW Wedel Block 1","11WD8WED15C---1M","Fossil Hard coal","11WD8WED15C---1M","24/04/2026 23:00 - 25/04/2026 00:00","66.25",""
"24/04/2026 00:00 - 25/04/2026 00:00","CTA|DE(50Hertz)","HKW Wedel Block 2","11WD8WED15C---2K","Fossil Hard coal","11WD8WED15C---2K","24/04/2026 00:00 - 24/04/2026 01:00","0.00",""
"24/04/2026 00:00 - 25/04/2026 00:00","CTA|DE(50Hertz)","HKW Wedel Block 2","11WD8WED15C---2K","Fossil Hard coal","11WD8WED15C---2K","24/04/2026 01:00 - 24/04/2026 02:00","0.00",""
"24/04/2026 00:00 - 25/04/2026 00:00","CTA|DE(50Hertz)","HKW Wedel Block 2","11WD8WED15C---2K","Fossil Hard coal","11WD8WED15C---2K","24/04/2026 02:00 - 24/04/2026 03:00","0.00",""
"24/04/2026 00:00 - 25/04/2026 00:00","CTA|DE(50Hertz)","HKW Wedel Block 2","11WD8WED15C---2K","Fossil Hard coal","11WD8WED15C---2K","24/04/2026 03:00 - 24/04/2026 04:00","0.00",""
"24/04/2026 00:00 - 25/04/2026 00:00","CTA|DE(50Hertz)","HKW Wedel Block 2","11WD8WED15C---2K","Fossil Hard coal","11WD8WED15C---2K","24/04/2026 04:00 - 24/04/2026 05:00","0.00",""
"24/04/2026 00:00 - 25/04/2026 00:00","CTA|DE(50Hertz)","HKW Wedel Block 2","11WD8WED15C---2K","Fossil Hard coal","11WD8WED15C---2K","24/04/2026 05:00 - 24/04/2026 06:00","0.00",""
"24/04/2026 00:00 - 25/04/2026 00:00","CTA|DE(50Hertz)","HKW Wedel Block 2","11WD8WED15C---2K","Fossil Hard coal","11WD8WED15C---2K","24/04/2026 06:00 - 24/04/2026 07:00","0.00",""
"24/04/2026 00:00 - 25/04/2026 00:00","CTA|DE(50Hertz)","HKW Wedel Block 2","11WD8WED15C---2K","Fossil Hard coal","11WD8WED15C---2K","24/04/2026 07:00 - 24/04/2026 08:00","0.00",""
"24/04/2026 00:00 - 25/04/2026 00:00","CTA|DE(50Hertz)","HKW Wedel Block 2","11WD8WED15C---2K","Fossil Hard coal","11WD8WED15C---2K","24/04/2026 08:00 - 24/04/2026 09:00","0.00",""
"24/04/2026 00:00 - 25/04/2026 00:00","CTA|DE(50Hertz)","HKW Wedel Block 2","11WD8WED15C---2K","Fossil Hard coal","11WD8WED15C---2K","24/04/2026 09:00 - 24/04/2026 10:00","0.00",""
"24/04/2026 00:00 - 25/04/2026 00:00","CTA|DE(50Hertz)","HKW Wedel Block 2","11WD8WED15C---2K","Fossil Hard coal","11WD8WED15C---2K","24/04/2026 10:00 - 24/04/2026 11:00","0.00",""
"24/04/2026 00:00 - 25/04/2026 00:00","CTA|DE(50Hertz)","HKW Wedel Block 2","11WD8WED15C---2K","Fossil Hard coal","11WD8WED15C---2K","24/04/2026 11:00 - 24/04/2026 12:00","4.00",""
"24/04/2026 00:00 - 25/04/2026 00:00","CTA|DE(50Hertz)","HKW Wedel Block 2","11WD8WED15C---2K","Fossil Hard coal","11WD8WED15C---2K","24/04/2026 12:00 - 24/04/2026 13:00","24.75",""
"24/04/2026 00:00 - 25/04/2026 00:00","CTA|DE(50Hertz)","HKW Wedel Block 2","11WD8WED15C---2K","Fossil Hard coal","11WD8WED15C---2K","24/04/2026 13:00 - 24/04/2026 14:00","48.25",""
"24/04/2026 00:00 - 25/04/2026 00:00","CTA|DE(50Hertz)","HKW Wedel Block 2","11WD8WED15C---2K","Fossil Hard coal","11WD8WED15C---2K","24/04/2026 14:00 - 24/04/2026 15:00","61.25",""
"24/04/2026 00:00 - 25/04/2026 00:00","CTA|DE(50Hertz)","HKW Wedel Block 2","11WD8WED15C---2K","Fossil Hard coal","11WD8WED15C---2K","24/04/2026 15:00 - 24/04/2026 16:00","65.00",""
"24/04/2026 00:00 - 25/04/2026 00:00","CTA|DE(50Hertz)","HKW Wedel Block 2","11WD8WED15C---2K","Fossil Hard coal","11WD8WED15C---2K","24/04/2026 16:00 - 24/04/2026 17:00","62.75",""
"24/04/2026 00:00 - 25/04/2026 00:00","CTA|DE(50Hertz)","HKW Wedel Block 2","11WD8WED15C---2K","Fossil Hard coal","11WD8WED15C---2K","24/04/2026 17:00 - 24/04/2026 18:00","54.75",""
"24/04/2026 00:00 - 25/04/2026 00:00","CTA|DE(50Hertz)","HKW Wedel Block 2","11WD8WED15C---2K","Fossil Hard coal","11WD8WED15C---2K","24/04/2026 18:00 - 24/04/2026 19:00","53.50",""
"24/04/2026 00:00 - 25/04/2026 00:00","CTA|DE(50Hertz)","HKW Wedel Block 2","11WD8WED15C---2K","Fossil Hard coal","11WD8WED15C---2K","24/04/2026 19:00 - 24/04/2026 20:00","54.75",""
"24/04/2026 00:00 - 25/04/2026 00:00","CTA|DE(50Hertz)","HKW Wedel Block 2","11WD8WED15C---2K","Fossil Hard coal","11WD8WED15C---2K","24/04/2026 20:00 - 24/04/2026 21:00","55.00",""
"24/04/2026 00:00 - 25/04/2026 00:00","CTA|DE(50Hertz)","HKW Wedel Block 2","11WD8WED15C---2K","Fossil Hard coal","11WD8WED15C---2K","24/04/2026 21:00 - 24/04/2026 22:00","55.00",""
"24/04/2026 00:00 - 25/04/2026 00:00","CTA|DE(50Hertz)","HKW Wedel Block 2","11WD8WED15C---2K","Fossil Hard coal","11WD8WED15C---2K","24/04/2026 22:00 - 24/04/2026 23:00","55.00",""
"24/04/2026 00:00 - 25/04/2026 00:00","CTA|DE(50Hertz)","HKW Wedel Block 2","11WD8WED15C---2K","Fossil Hard coal","11WD8WED15C---2K","24/04/2026 23:00 - 25/04/2026 00:00","55.00",""
"24/04/2026 00:00 - 25/04/2026 00:00","CTA|DE(TenneT GER)","Sued GuD1 GT11","11W0-0000-0241-V","Fossil Gas","11W0-0000-0241-V","24/04/2026 00:00 - 24/04/2026 01:00","n/e","n/e"
"24/04/2026 00:00 - 25/04/2026 00:00","CTA|DE(TenneT GER)","Sued GuD1 GT11","11W0-0000-0241-V","Fossil Gas","11W0-0000-0241-V","24/04/2026 01:00 - 24/04/2026 02:00","n/e","n/e"
"24/04/2026 00:00 - 25/04/2026 00:00","CTA|DE(TenneT GER)","Sued GuD1 GT11","11W0-0000-0241-V","Fossil Gas","11W0-0000-0241-V","24/04/2026 02:00 - 24/04/2026 03:00","n/e","n/e"
"24/04/2026 00:00 - 25/04/2026 00:00","CTA|DE(TenneT GER)","Sued GuD1 GT11","11W0-0000-0241-V","Fossil Gas","11W0-0000-0241-V","24/04/2026 03:00 - 24/04/2026 04:00","n/e","n/e"
"24/04/2026 00:00 - 25/04/2026 00:00","CTA|DE(TenneT GER)","Sued GuD1 GT11","11W0-0000-0241-V","Fossil Gas","11W0-0000-0241-V","24/04/2026 04:00 - 24/04/2026 05:00","n/e","n/e"
"24/04/2026 00:00 - 25/04/2026 00:00","CTA|DE(TenneT GER)","Sued GuD1 GT11","11W0-0000-0241-V","Fossil Gas","11W0-0000-0241-V","24/04/2026 05:00 - 24/04/2026 06:00","n/e","n/e"
"24/04/2026 00:00 - 25/04/2026 00:00","CTA|DE(TenneT GER)","Sued GuD1 GT11","11W0-0000-0241-V","Fossil Gas","11W0-0000-0241-V","24/04/2026 06:00 - 24/04/2026 07:00","n/e","n/e"
"24/04/2026 00:00 - 25/04/2026 00:00","CTA|DE(TenneT GER)","Sued GuD1 GT11","11W0-0000-0241-V","Fossil Gas","11W0-0000-0241-V","24/04/2026 07:00 - 24/04/2026 08:00","n/e","n/e"
"24/04/2026 00:00 - 25/04/2026 00:00","CTA|DE(TenneT GER)","Sued GuD1 GT11","11W0-0000-0241-V","Fossil Gas","11W0-0000-0241-V","24/04/2026 08:00 - 24/04/2026 09:00","n/e","n/e"
"24/04/2026 00:00 - 25/04/2026 00:00","CTA|DE(TenneT GER)","Sued GuD1 GT11","11W0-0000-0241-V","Fossil Gas","11W0-0000-0241-V","24/04/2026 09:00 - 24/04/2026 10:00","n/e","n/e"
"24/04/2026 00:00 - 25/04/2026 00:00","CTA|DE(TenneT GER)","Sued GuD1 GT11","11W0-0000-0241-V","Fossil Gas","11W0-0000-0241-V","24/04/2026 10:00 - 24/04/2026 11:00","n/e","n/e"
"24/04/2026 00:00 - 25/04/2026 00:00","CTA|DE(TenneT GER)","Sued GuD1 GT11","11W0-0000-0241-V","Fossil Gas","11W0-0000-0241-V","24/04/2026 11:00 - 24/04/2026 12:00","n/e","n/e"
"24/04/2026 00:00 - 25/04/2026 00:00","CTA|DE(TenneT GER)","Sued GuD1 GT11","11W0-0000-0241-V","Fossil Gas","11W0-0000-0241-V","24/04/2026 12:00 - 24/04/2026 13:00","n/e","n/e"
"24/04/2026 00:00 - 25/04/2026 00:00","CTA|DE(TenneT GER)","Sued GuD1 GT11","11W0-0000-0241-V","Fossil Gas","11W0-0000-0241-V","24/04/2026 13:00 - 24/04/2026 14:00","n/e","n/e"
"24/04/2026 00:00 - 25/04/2026 00:00","CTA|DE(TenneT GER)","Sued GuD1 GT11","11W0-0000-0241-V","Fossil Gas","11W0-0000-0241-V","24/04/2026 14:00 - 24/04/2026 15:00","n/e","n/e"
"24/04/2026 00:00 - 25/04/2026 00:00","CTA|DE(TenneT GER)","Sued GuD1 GT11","11W0-0000-0241-V","Fossil Gas","11W0-0000-0241-V","24/04/2026 15:00 - 24/04/2026 16:00","n/e","n/e"
"24/04/2026 00:00 - 25/04/2026 00:00","CTA|DE(TenneT GER)","Sued GuD1 GT11","11W0-0000-0241-V","Fossil Gas","11W0-0000-0241-V","24/04/2026 16:00 - 24/04/2026 17:00","n/e","n/e"
"24/04/2026 00:00 - 25/04/2026 00:00","CTA|DE(TenneT GER)","Sued GuD1 GT11","11W0-0000-0241-V","Fossil Gas","11W0-0000-0241-V","24/04/2026 17:00 - 24/04/2026 18:00","n/e","n/e"
"24/04/2026 00:00 - 25/04/2026 00:00","CTA|DE(TenneT GER)","Sued GuD1 GT11","11W0-0000-0241-V","Fossil Gas","11W0-0000-0241-V","24/04/2026 18:00 - 24/04/2026 19:00","n/e","n/e"
"24/04/2026 00:00 - 25/04/2026 00:00","CTA|DE(TenneT GER)","Sued GuD1 GT11","11W0-0000-0241-V","Fossil Gas","11W0-0000-0241-V","24/04/2026 19:00 - 24/04/2026 20:00","n/e","n/e"
"24/04/2026 00:00 - 25/04/2026 00:00","CTA|DE(TenneT GER)","Sued GuD1 GT11","11W0-0000-0241-V","Fossil Gas","11W0-0000-0241-V","24/04/2026 20:00 - 24/04/2026 21:00","n/e","n/e"
"24/04/2026 00:00 - 25/04/2026 00:00","CTA|DE(TenneT GER)","Sued GuD1 GT11","11W0-0000-0241-V","Fossil Gas","11W0-0000-0241-V","24/04/2026 21:00 - 24/04/2026 22:00","n/e","n/e"
"24/04/2026 00:00 - 25/04/2026 00:00","CTA|DE(TenneT GER)","Sued GuD1 GT11","11W0-0000-0241-V","Fossil Gas","11W0-0000-0241-V","24/04/2026 22:00 - 24/04/2026 23:00","n/e","n/e"
"24/04/2026 00:00 - 25/04/2026 00:00","CTA|DE(TenneT GER)","Sued GuD1 GT11","11W0-0000-0241-V","Fossil Gas","11W0-0000-0241-V","24/04/2026 23:00 - 25/04/2026 00:00","n/e","n/e"
"24/04/2026 00:00 - 25/04/2026 00:00","CTA|DE(TenneT GER)","Block 3","11WD2MEHR2CSWHCZ","Fossil Hard coal","11WD2MEHR2CSWHCZ","24/04/2026 00:00 - 24/04/2026 01:00","N/A","N/A"
"24/04/2026 00:00 - 25/04/2026 00:00","CTA|DE(TenneT GER)","Block 3","11WD2MEHR2CSWHCZ","Fossil Hard coal","11WD2MEHR2CSWHCZ","24/04/2026 01:00 - 24/04/2026 02:00","N/A","N/A"
"24/04/2026 00:00 - 25/04/2026 00:00","CTA|DE(TenneT GER)","Block 3","11WD2MEHR2CSWHCZ","Fossil Hard coal","11WD2MEHR2CSWHCZ","24/04/2026 02:00 - 24/04/2026 03:00","N/A","N/A"
"24/04/2026 00:00 - 25/04/2026 00:00","CTA|DE(TenneT GER)","Block 3","11WD2MEHR2CSWHCZ","Fossil Hard coal","11WD2MEHR2CSWHCZ","24/04/2026 03:00 - 24/04/2026 04:00","N/A","N/A"
"24/04/2026 00:00 - 25/04/2026 00:00","CTA|DE(TenneT GER)","Block 3","11WD2MEHR2CSWHCZ","Fossil Hard coal","11WD2MEHR2CSWHCZ","24/04/2026 04:00 - 24/04/2026 05:00","N/A","N/A"
"24/04/2026 00:00 - 25/04/2026 00:00","CTA|DE(TenneT GER)","Block 3","11WD2MEHR2CSWHCZ","Fossil Hard coal","11WD2MEHR2CSWHCZ","24/04/2026 05:00 - 24/04/2026 06:00","N/A","N/A"
"24/04/2026 00:00 - 25/04/2026 00:00","CTA|DE(TenneT GER)","Block 3","11WD2MEHR2CSWHCZ","Fossil Hard coal","11WD2MEHR2CSWHCZ","24/04/2026 06:00 - 24/04/2026 07:00","N/A","N/A"
"24/04/2026 00:00 - 25/04/2026 00:00","CTA|DE(TenneT GER)","Block 3","11WD2MEHR2CSWHCZ","Fossil Hard coal","11WD2MEHR2CSWHCZ","24/04/2026 07:00 - 24/04/2026 08:00","N/A","N/A"
"24/04/2026 00:00 - 25/04/2026 00:00","CTA|DE(TenneT GER)","Block 3","11WD2MEHR2CSWHCZ","Fossil Hard coal","11WD2MEHR2CSWHCZ","24/04/2026 08:00 - 24/04/2026 09:00","N/A","N/A"
"24/04/2026 00:00 - 25/04/2026 00:00","CTA|DE(TenneT GER)","Block 3","11WD2MEHR2CSWHCZ","Fossil Hard coal","11WD2MEHR2CSWHCZ","24/04/2026 09:00 - 24/04/2026 10:00","N/A","N/A"
"24/04/2026 00:00 - 25/04/2026 00:00","CTA|DE(TenneT GER)","Block 3","11WD2MEHR2CSWHCZ","Fossil Hard coal","11WD2MEHR2CSWHCZ","24/04/2026 10:00 - 24/04/2026 11:00","N/A","N/A"
"24/04/2026 00:00 - 25/04/2026 00:00","CTA|DE(TenneT GER)","Block 3","11WD2MEHR2CSWHCZ","Fossil Hard coal","11WD2MEHR2CSWHCZ","24/04/2026 11:00 - 24/04/2026 12:00","N/A","N/A"
"24/04/2026 00:00 - 25/04/2026 00:00","CTA|DE(TenneT GER)","Block 3","11WD2MEHR2CSWHCZ","Fossil Hard coal","11WD2MEHR2CSWHCZ","24/04/2026 12:00 - 24/04/2026 13:00","N/A","N/A"
"24/04/2026 00:00 - 25/04/2026 00:00","CTA|DE(TenneT GER)","Block 3","11WD2MEHR2CSWHCZ","Fossil Hard coal","11WD2MEHR2CSWHCZ","24/04/2026 13:00 - 24/04/2026 14:00","N/A","N/A"
"24/04/2026 00:00 - 25/04/2026 00:00","CTA|DE(TenneT GER)","Block 3","11WD2MEHR2CSWHCZ","Fossil Hard coal","11WD2MEHR2CSWHCZ","24/04/2026 14:00 - 24/04/2026 15:00","N/A","N/A"
"24/04/2026 00:00 - 25/04/2026 00:00","CTA|DE(TenneT GER)","Block 3","11WD2MEHR2CSWHCZ","Fossil Hard coal","11WD2MEHR2CSWHCZ","24/04/2026 15:00 - 24/04/2026 16:00","N/A","N/A"
"24/04/2026 00:00 - 25/04/2026 00:00","CTA|DE(TenneT GER)","Block 3","11WD2MEHR2CSWHCZ","Fossil Hard coal","11WD2MEHR2CSWHCZ","24/04/2026 16:00 - 24/04/2026 17:00","N/A","N/A"
"24/04/2026 00:00 - 25/04/2026 00:00","CTA|DE(TenneT GER)","Block 3","11WD2MEHR2CSWHCZ","Fossil Hard coal","11WD2MEHR2CSWHCZ","24/04/2026 17:00 - 24/04/2026 18:00","N/A","N/A"
"24/04/2026 00:00 - 25/04/2026 00:00","CTA|DE(TenneT GER)","Block 3","11WD2MEHR2CSWHCZ","Fossil Hard coal","11WD2MEHR2CSWHCZ","24/04/2026 18:00 - 24/04/2026 19:00","N/A","N/A"
"24/04/2026 00:00 - 25/04/2026 00:00","CTA|DE(TenneT GER)","Block 3","11WD2MEHR2CSWHCZ","Fossil Hard coal","11WD2MEHR2CSWHCZ","24/04/2026 19:00 - 24/04/2026 20:00","N/A","N/A"
"24/04/2026 00:00 - 25/04/2026 00:00","CTA|DE(TenneT GER)","Block 3","11WD2MEHR2CSWHCZ","Fossil Hard coal","11WD2MEHR2CSWHCZ","24/04/2026 20:00 - 24/04/2026 21:00","N/A","N/A"
"24/04/2026 00:00 - 25/04/2026 00:00","CTA|DE(TenneT GER)","Block 3","11WD2MEHR2CSWHCZ","Fossil Hard coal","11WD2MEHR2CSWHCZ","24/04/2026 21:00 - 24/04/2026 22:00","N/A","N/A"
"24/04/2026 00:00 - 25/04/2026 00:00","CTA|DE(TenneT GER)","Block 3","11WD2MEHR2CSWHCZ","Fossil Hard coal","11WD2MEHR2CSWHCZ","24/04/2026 22:00 - 24/04/2026 23:00","N/A","N/A"
"24/04/2026 00:00 - 25/04/2026 00:00","CTA|DE(TenneT GER)","Block 3","11WD2MEHR2CSWHCZ","Fossil Hard coal","11WD2MEHR2CSWHCZ","24/04/2026 23:00 - 25/04/2026 00:00","N/A","N/A"
"24/04/2026 00:00 - 25/04/2026 00:00","CTA|DE(Amprion)","RUHRORT-2","11WD7BEEC5XRUH2I","Fossil Coal-derived gas","11WD7BEEC5XRUH2I","24/04/2026 00:00 - 24/04/2026 01:00","n/e","n/e"
"24/04/2026 00:00 - 25/04/2026 00:00","CTA|DE(Amprion)","RUHRORT-2","11WD7BEEC5XRUH2I","Fossil Coal-derived gas","11WD7BEEC5XRUH2I","24/04/2026 01:00 - 24/04/2026 02:00","n/e","n/e"
"24/04/2026 00:00 - 25/04/2026 00:00","CTA|DE(Amprion)","RUHRORT-2","11WD7BEEC5XRUH2I","Fossil Coal-derived gas","11WD7BEEC5XRUH2I","24/04/2026 02:00 - 24/04/2026 03:00","n/e","n/e"
"24/04/2026 00:00 - 25/04/2026 00:00","CTA|DE(Amprion)","RUHRORT-2","11WD7BEEC5XRUH2I","Fossil Coal-derived gas","11WD7BEEC5XRUH2I","24/04/2026 03:00 - 24/04/2026 04:00","n/e","n/e"
"24/04/2026 00:00 - 25/04/2026 00:00","CTA|DE(Amprion)","RUHRORT-2","11WD7BEEC5XRUH2I","Fossil Coal-derived gas","11WD7BEEC5XRUH2I","24/04/2026 04:00 - 24/04/2026 05:00","n/e","n/e"
"24/04/2026 00:00 - 25/04/2026 00:00","CTA|DE(Amprion)","RUHRORT-2","11WD7BEEC5XRUH2I","Fossil Coal-derived gas","11WD7BEEC5XRUH2I","24/04/2026 05:00 - 24/04/2026 06:00","n/e","n/e"
"24/04/2026 00:00 - 25/04/2026 00:00","CTA|DE(Amprion)","RUHRORT-2","11WD7BEEC5XRUH2I","Fossil Coal-derived gas","11WD7BEEC5XRUH2I","24/04/2026 06:00 - 24/04/2026 07:00","n/e","n/e"
"24/04/2026 00:00 - 25/04/2026 00:00","CTA|DE(Amprion)","RUHRORT-2","11WD7BEEC5XRUH2I","Fossil Coal-derived gas","11WD7BEEC5XRUH2I","24/04/2026 07:00 - 24/04/2026 08:00","n/e","n/e"
"24/04/2026 00:00 - 25/04/2026 00:00","CTA|DE(Amprion)","RUHRORT-2","11WD7BEEC5XRUH2I","Fossil Coal-derived gas","11WD7BEEC5XRUH2I","24/04/2026 08:00 - 24/04/2026 09:00","n/e","n/e"
"24/04/2026 00:00 - 25/04/2026 00:00","CTA|DE(Amprion)","RUHRORT-2","11WD7BEEC5XRUH2I","Fossil Coal-derived gas","11WD7BEEC5XRUH2I","24/04/2026 09:00 - 24/04/2026 10:00","n/e","n/e"
"24/04/2026 00:00 - 25/04/2026 00:00","CTA|DE(Amprion)","RUHRORT-2","11WD7BEEC5XRUH2I","Fossil Coal-derived gas","11WD7BEEC5XRUH2I","24/04/2026 10:00 - 24/04/2026 11:00","n/e","n/e"
"24/04/2026 00:00 - 25/04/2026 00:00","CTA|DE(Amprion)","RUHRORT-2","11WD7BEEC5XRUH2I","Fossil Coal-derived gas","11WD7BEEC5XRUH2I","24/04/2026 11:00 - 24/04/2026 12:00","n/e","n/e"
"24/04/2026 00:00 - 25/04/2026 00:00","CTA|DE(Amprion)","RUHRORT-2","11WD7BEEC5XRUH2I","Fossil Coal-derived gas","11WD7BEEC5XRUH2I","24/04/2026 12:00 - 24/04/2026 13:00","n/e","n/e"
"24/04/2026 00:00 - 25/04/2026 00:00","CTA|DE(Amprion)","RUHRORT-2","11WD7BEEC5XRUH2I","Fossil Coal-derived gas","11WD7BEEC5XRUH2I","24/04/2026 13:00 - 24/04/2026 14:00","n/e","n/e"
"24/04/2026 00:00 - 25/04/2026 00:00","CTA|DE(Amprion)","RUHRORT-2","11WD7BEEC5XRUH2I","Fossil Coal-derived gas","11WD7BEEC5XRUH2I","24/04/2026 14:00 - 24/04/2026 15:00","n/e","n/e"
"24/04/2026 00:00 - 25/04/2026 00:00","CTA|DE(Amprion)","RUHRORT-2","11WD7BEEC5XRUH2I","Fossil Coal-derived gas","11WD7BEEC5XRUH2I","24/04/2026 15:00 - 24/04/2026 16:00","n/e","n/e"
"24/04/2026 00:00 - 25/04/2026 00:00","CTA|DE(Amprion)","RUHRORT-2","11WD7BEEC5XRUH2I","Fossil Coal-derived gas","11WD7BEEC5XRUH2I","24/04/2026 16:00 - 24/04/2026 17:00","n/e","n/e"
"24/04/2026 00:00 - 25/04/2026 00:00","CTA|DE(Amprion)","RUHRORT-2","11WD7BEEC5XRUH2I","Fossil Coal-derived gas","11WD7BEEC5XRUH2I","24/04/2026 17:00 - 24/04/2026 18:00","n/e","n/e"
"24/04/2026 00:00 - 25/04/2026 00:00","CTA|DE(Amprion)","RUHRORT-2","11WD7BEEC5XRUH2I","Fossil Coal-derived gas","11WD7BEEC5XRUH2I","24/04/2026 18:00 - 24/04/2026 19:00","n/e","n/e"
"24/04/2026 00:00 - 25/04/2026 00:00","CTA|DE(Amprion)","RUHRORT-2","11WD7BEEC5XRUH2I","Fossil Coal-derived gas","11WD7BEEC5XRUH2I","24/04/2026 19:00 - 24/04/2026 20:00","n/e","n/e"
"24/04/2026 00:00 - 25/04/2026 00:00","CTA|DE(Amprion)","RUHRORT-2","11WD7BEEC5XRUH2I","Fossil Coal-derived gas","11WD7BEEC5XRUH2I","24/04/2026 20:00 - 24/04/2026 21:00","n/e","n/e"
"24/04/2026 00:00 - 25/04/2026 00:00","CTA|DE(Amprion)","RUHRORT-2","11WD7BEEC5XRUH2I","Fossil Coal-derived gas","11WD7BEEC5XRUH2I","24/04/2026 21:00 - 24/04/2026 22:00","n/e","n/e"
"24/04/2026 00:00 - 25/04/2026 00:00","CTA|DE(Amprion)","RUHRORT-2","11WD7BEEC5XRUH2I","Fossil Coal-derived gas","11WD7BEEC5XRUH2I","24/04/2026 22:00 - 24/04/2026 23:00","n/e","n/e"
"24/04/2026 00:00 - 25/04/2026 00:00","CTA|DE(Amprion)","RUHRORT-2","11WD7BEEC5XRUH2I","Fossil Coal-derived gas","11WD7BEEC5XRUH2I","24/04/2026 23:00 - 25/04/2026 00:00","n/e","n/e"
"24/04/2026 00:00 - 25/04/2026 00:00","CTA|DE(Amprion)","RUHRORT-3","11WD7BEEC5XRUH3G","Fossil Coal-derived gas","11WD7BEEC5XRUH3G","24/04/2026 00:00 - 24/04/2026 01:00","n/e","n/e"
"24/04/2026 00:00 - 25/04/2026 00:00","CTA|DE(Amprion)","RUHRORT-3","11WD7BEEC5XRUH3G","Fossil Coal-derived gas","11WD7BEEC5XRUH3G","24/04/2026 01:00 - 24/04/2026 02:00","n/e","n/e"
"24/04/2026 00:00 - 25/04/2026 00:00","CTA|DE(Amprion)","RUHRORT-3","11WD7BEEC5XRUH3G","Fossil Coal-derived gas","11WD7BEEC5XRUH3G","24/04/2026 02:00 - 24/04/2026 03:00","n/e","n/e"
"24/04/2026 00:00 - 25/04/2026 00:00","CTA|DE(Amprion)","RUHRORT-3","11WD7BEEC5XRUH3G","Fossil Coal-derived gas","11WD7BEEC5XRUH3G","24/04/2026 03:00 - 24/04/2026 04:00","n/e","n/e"
"24/04/2026 00:00 - 25/04/2026 00:00","CTA|DE(Amprion)","RUHRORT-3","11WD7BEEC5XRUH3G","Fossil Coal-derived gas","11WD7BEEC5XRUH3G","24/04/2026 04:00 - 24/04/2026 05:00","n/e","n/e"
"24/04/2026 00:00 - 25/04/2026 00:00","CTA|DE(Amprion)","RUHRORT-3","11WD7BEEC5XRUH3G","Fossil Coal-derived gas","11WD7BEEC5XRUH3G","24/04/2026 05:00 - 24/04/2026 06:00","n/e","n/e"
"24/04/2026 00:00 - 25/04/2026 00:00","CTA|DE(Amprion)","RUHRORT-3","11WD7BEEC5XRUH3G","Fossil Coal-derived gas","11WD7BEEC5XRUH3G","24/04/2026 06:00 - 24/04/2026 07:00","n/e","n/e"
"24/04/2026 00:00 - 25/04/2026 00:00","CTA|DE(Amprion)","RUHRORT-3","11WD7BEEC5XRUH3G","Fossil Coal-derived gas","11WD7BEEC5XRUH3G","24/04/2026 07:00 - 24/04/2026 08:00","n/e","n/e"
"24/04/2026 00:00 - 25/04/2026 00:00","CTA|DE(Amprion)","RUHRORT-3","11WD7BEEC5XRUH3G","Fossil Coal-derived gas","11WD7BEEC5XRUH3G","24/04/2026 08:00 - 24/04/2026 09:00","n/e","n/e"
"24/04/2026 00:00 - 25/04/2026 00:00","CTA|DE(Amprion)","RUHRORT-3","11WD7BEEC5XRUH3G","Fossil Coal-derived gas","11WD7BEEC5XRUH3G","24/04/2026 09:00 - 24/04/2026 10:00","n/e","n/e"
"24/04/2026 00:00 - 25/04/2026 00:00","CTA|DE(Amprion)","RUHRORT-3","11WD7BEEC5XRUH3G","Fossil Coal-derived gas","11WD7BEEC5XRUH3G","24/04/2026 10:00 - 24/04/2026 11:00","n/e","n/e"
"24/04/2026 00:00 - 25/04/2026 00:00","CTA|DE(Amprion)","RUHRORT-3","11WD7BEEC5XRUH3G","Fossil Coal-derived gas","11WD7BEEC5XRUH3G","24/04/2026 11:00 - 24/04/2026 12:00","n/e","n/e"
"24/04/2026 00:00 - 25/04/2026 00:00","CTA|DE(Amprion)","RUHRORT-3","11WD7BEEC5XRUH3G","Fossil Coal-derived gas","11WD7BEEC5XRUH3G","24/04/2026 12:00 - 24/04/2026 13:00","n/e","n/e"
"24/04/2026 00:00 - 25/04/2026 00:00","CTA|DE(Amprion)","RUHRORT-3","11WD7BEEC5XRUH3G","Fossil Coal-derived gas","11WD7BEEC5XRUH3G","24/04/2026 13:00 - 24/04/2026 14:00","n/e","n/e"
"24/04/2026 00:00 - 25/04/2026 00:00","CTA|DE(Amprion)","RUHRORT-3","11WD7BEEC5XRUH3G","Fossil Coal-derived gas","11WD7BEEC5XRUH3G","24/04/2026 14:00 - 24/04/2026 15:00","n/e","n/e"
"24/04/2026 00:00 - 25/04/2026 00:00","CTA|DE(Amprion)","RUHRORT-3","11WD7BEEC5XRUH3G","Fossil Coal-derived gas","11WD7BEEC5XRUH3G","24/04/2026 15:00 - 24/04/2026 16:00","n/e","n/e"
"24/04/2026 00:00 - 25/04/2026 00:00","CTA|DE(Amprion)","RUHRORT-3","11WD7BEEC5XRUH3G","Fossil Coal-derived gas","11WD7BEEC5XRUH3G","24/04/2026 16:00 - 24/04/2026 17:00","n/e","n/e"
"24/04/2026 00:00 - 25/04/2026 00:00","CTA|DE(Amprion)","RUHRORT-3","11WD7BEEC5XRUH3G","Fossil Coal-derived gas","11WD7BEEC5XRUH3G","24/04/2026 17:00 - 24/04/2026 18:00","n/e","n/e"
"24/04/2026 00:00 - 25/04/2026 00:00","CTA|DE(Amprion)","RUHRORT-3","11WD7BEEC5XRUH3G","Fossil Coal-derived gas","11WD7BEEC5XRUH3G","24/04/2026 18:00 - 24/04/2026 19:00","n/e","n/e"
"24/04/2026 00:00 - 25/04/2026 00:00","CTA|DE(Amprion)","RUHRORT-3","11WD7BEEC5XRUH3G","Fossil Coal-derived gas","11WD7BEEC5XRUH3G","24/04/2026 19:00 - 24/04/2026 20:00","n/e","n/e"
"24/04/2026 00:00 - 25/04/2026 00:00","CTA|DE(Amprion)","RUHRORT-3","11WD7BEEC5XRUH3G","Fossil Coal-derived gas","11WD7BEEC5XRUH3G","24/04/2026 20:00 - 24/04/2026 21:00","n/e","n/e"
"24/04/2026 00:00 - 25/04/2026 00:00","CTA|DE(Amprion)","RUHRORT-3","11WD7BEEC5XRUH3G","Fossil Coal-derived gas","11WD7BEEC5XRUH3G","24/04/2026 21:00 - 24/04/2026 22:00","n/e","n/e"
"24/04/2026 00:00 - 25/04/2026 00:00","CTA|DE(Amprion)","RUHRORT-3","11WD7BEEC5XRUH3G","Fossil Coal-derived gas","11WD7BEEC5XRUH3G","24/04/2026 22:00 - 24/04/2026 23:00","n/e","n/e"
"24/04/2026 00:00 - 25/04/2026 00:00","CTA|DE(Amprion)","RUHRORT-3","11WD7BEEC5XRUH3G","Fossil Coal-derived gas","11WD7BEEC5XRUH3G","24/04/2026 23:00 - 25/04/2026 00:00","n/e","n/e"
"24/04/2026 00:00 - 25/04/2026 00:00","CTA|DE(Amprion)","ROENKHAUSEN_PSW1","11WD7GARE5XPSW1U","Hydro Pumped Storage","11WD7GARE5XPSW1U","24/04/2026 00:00 - 24/04/2026 01:00","n/e","n/e"
"24/04/2026 00:00 - 25/04/2026 00:00","CTA|DE(Amprion)","ROENKHAUSEN_PSW1","11WD7GARE5XPSW1U","Hydro Pumped Storage","11WD7GARE5XPSW1U","24/04/2026 01:00 - 24/04/2026 02:00","n/e","n/e"
"24/04/2026 00:00 - 25/04/2026 00:00","CTA|DE(Amprion)","ROENKHAUSEN_PSW1","11WD7GARE5XPSW1U","Hydro Pumped Storage","11WD7GARE5XPSW1U","24/04/2026 02:00 - 24/04/2026 03:00","n/e","n/e"
"24/04/2026 00:00 - 25/04/2026 00:00","CTA|DE(Amprion)","ROENKHAUSEN_PSW1","11WD7GARE5XPSW1U","Hydro Pumped Storage","11WD7GARE5XPSW1U","24/04/2026 03:00 - 24/04/2026 04:00","n/e","n/e"
"24/04/2026 00:00 - 25/04/2026 00:00","CTA|DE(Amprion)","ROENKHAUSEN_PSW1","11WD7GARE5XPSW1U","Hydro Pumped Storage","11WD7GARE5XPSW1U","24/04/2026 04:00 - 24/04/2026 05:00","n/e","n/e"
"24/04/2026 00:00 - 25/04/2026 00:00","CTA|DE(Amprion)","ROENKHAUSEN_PSW1","11WD7GARE5XPSW1U","Hydro Pumped Storage","11WD7GARE5XPSW1U","24/04/2026 05:00 - 24/04/2026 06:00","n/e","n/e"
"24/04/2026 00:00 - 25/04/2026 00:00","CTA|DE(Amprion)","ROENKHAUSEN_PSW1","11WD7GARE5XPSW1U","Hydro Pumped Storage","11WD7GARE5XPSW1U","24/04/2026 06:00 - 24/04/2026 07:00","n/e","n/e"
"24/04/2026 00:00 - 25/04/2026 00:00","CTA|DE(Amprion)","ROENKHAUSEN_PSW1","11WD7GARE5XPSW1U","Hydro Pumped Storage","11WD7GARE5XPSW1U","24/04/2026 07:00 - 24/04/2026 08:00","n/e","n/e"
"24/04/2026 00:00 - 25/04/2026 00:00","CTA|DE(Amprion)","ROENKHAUSEN_PSW1","11WD7GARE5XPSW1U","Hydro Pumped Storage","11WD7GARE5XPSW1U","24/04/2026 08:00 - 24/04/2026 09:00","n/e","n/e"
"24/04/2026 00:00 - 25/04/2026 00:00","CTA|DE(Amprion)","ROENKHAUSEN_PSW1","11WD7GARE5XPSW1U","Hydro Pumped Storage","11WD7GARE5XPSW1U","24/04/2026 09:00 - 24/04/2026 10:00","n/e","n/e"
"24/04/2026 00:00 - 25/04/2026 00:00","CTA|DE(Amprion)","ROENKHAUSEN_PSW1","11WD7GARE5XPSW1U","Hydro Pumped Storage","11WD7GARE5XPSW1U","24/04/2026 10:00 - 24/04/2026 11:00","n/e","n/e"
"24/04/2026 00:00 - 25/04/2026 00:00","CTA|DE(Amprion)","ROENKHAUSEN_PSW1","11WD7GARE5XPSW1U","Hydro Pumped Storage","11WD7GARE5XPSW1U","24/04/2026 11:00 - 24/04/2026 12:00","n/e","n/e"
"24/04/2026 00:00 - 25/04/2026 00:00","CTA|DE(Amprion)","ROENKHAUSEN_PSW1","11WD7GARE5XPSW1U","Hydro Pumped Storage","11WD7GARE5XPSW1U","24/04/2026 12:00 - 24/04/2026 13:00","n/e","n/e"
"24/04/2026 00:00 - 25/04/2026 00:00","CTA|DE(Amprion)","ROENKHAUSEN_PSW1","11WD7GARE5XPSW1U","Hydro Pumped Storage","11WD7GARE5XPSW1U","24/04/2026 13:00 - 24/04/2026 14:00","n/e","n/e"
"24/04/2026 00:00 - 25/04/2026 00:00","CTA|DE(Amprion)","ROENKHAUSEN_PSW1","11WD7GARE5XPSW1U","Hydro Pumped Storage","11WD7GARE5XPSW1U","24/04/2026 14:00 - 24/04/2026 15:00","n/e","n/e"
"24/04/2026 00:00 - 25/04/2026 00:00","CTA|DE(Amprion)","ROENKHAUSEN_PSW1","11WD7GARE5XPSW1U","Hydro Pumped Storage","11WD7GARE5XPSW1U","24/04/2026 15:00 - 24/04/2026 16:00","n/e","n/e"
"24/04/2026 00:00 - 25/04/2026 00:00","CTA|DE(Amprion)","ROENKHAUSEN_PSW1","11WD7GARE5XPSW1U","Hydro Pumped Storage","11WD7GARE5XPSW1U","24/04/2026 16:00 - 24/04/2026 17:00","n/e","n/e"
"24/04/2026 00:00 - 25/04/2026 00:00","CTA|DE(Amprion)","ROENKHAUSEN_PSW1","11WD7GARE5XPSW1U","Hydro Pumped Storage","11WD7GARE5XPSW1U","24/04/2026 17:00 - 24/04/2026 18:00","n/e","n/e"
"24/04/2026 00:00 - 25/04/2026 00:00","CTA|DE(Amprion)","ROENKHAUSEN_PSW1","11WD7GARE5XPSW1U","Hydro Pumped Storage","11WD7GARE5XPSW1U","24/04/2026 18:00 - 24/04/2026 19:00","n/e","n/e"
"24/04/2026 00:00 - 25/04/2026 00:00","CTA|DE(Amprion)","ROENKHAUSEN_PSW1","11WD7GARE5XPSW1U","Hydro Pumped Storage","11WD7GARE5XPSW1U","24/04/2026 19:00 - 24/04/2026 20:00","n/e","n/e"
"24/04/2026 00:00 - 25/04/2026 00:00","CTA|DE(Amprion)","ROENKHAUSEN_PSW1","11WD7GARE5XPSW1U","Hydro Pumped Storage","11WD7GARE5XPSW1U","24/04/2026 20:00 - 24/04/2026 21:00","n/e","n/e"
"24/04/2026 00:00 - 25/04/2026 00:00","CTA|DE(Amprion)","ROENKHAUSEN_PSW1","11WD7GARE5XPSW1U","Hydro Pumped Storage","11WD7GARE5XPSW1U","24/04/2026 21:00 - 24/04/2026 22:00","n/e","n/e"
"24/04/2026 00:00 - 25/04/2026 00:00","CTA|DE(Amprion)","ROENKHAUSEN_PSW1","11WD7GARE5XPSW1U","Hydro Pumped Storage","11WD7GARE5XPSW1U","24/04/2026 22:00 - 24/04/2026 23:00","n/e","n/e"
"24/04/2026 00:00 - 25/04/2026 00:00","CTA|DE(Amprion)","ROENKHAUSEN_PSW1","11WD7GARE5XPSW1U","Hydro Pumped Storage","11WD7GARE5XPSW1U","24/04/2026 23:00 - 25/04/2026 00:00","n/e","n/e"
"24/04/2026 00:00 - 25/04/2026 00:00","CTA|DE(Amprion)","ROENKHAUSEN_PSW2","11WD7GARE5XPSW2S","Hydro Pumped Storage","11WD7GARE5XPSW2S","24/04/2026 00:00 - 24/04/2026 01:00","n/e","n/e"
"24/04/2026 00:00 - 25/04/2026 00:00","CTA|DE(Amprion)","ROENKHAUSEN_PSW2","11WD7GARE5XPSW2S","Hydro Pumped Storage","11WD7GARE5XPSW2S","24/04/2026 01:00 - 24/04/2026 02:00","n/e","n/e"
"24/04/2026 00:00 - 25/04/2026 00:00","CTA|DE(Amprion)","ROENKHAUSEN_PSW2","11WD7GARE5XPSW2S","Hydro Pumped Storage","11WD7GARE5XPSW2S","24/04/2026 02:00 - 24/04/2026 03:00","n/e","n/e"
"24/04/2026 00:00 - 25/04/2026 00:00","CTA|DE(Amprion)","ROENKHAUSEN_PSW2","11WD7GARE5XPSW2S","Hydro Pumped Storage","11WD7GARE5XPSW2S","24/04/2026 03:00 - 24/04/2026 04:00","n/e","n/e"
"24/04/2026 00:00 - 25/04/2026 00:00","CTA|DE(Amprion)","ROENKHAUSEN_PSW2","11WD7GARE5XPSW2S","Hydro Pumped Storage","11WD7GARE5XPSW2S","24/04/2026 04:00 - 24/04/2026 05:00","n/e","n/e"
"24/04/2026 00:00 - 25/04/2026 00:00","CTA|DE(Amprion)","ROENKHAUSEN_PSW2","11WD7GARE5XPSW2S","Hydro Pumped Storage","11WD7GARE5XPSW2S","24/04/2026 05:00 - 24/04/2026 06:00","n/e","n/e"
"24/04/2026 00:00 - 25/04/2026 00:00","CTA|DE(Amprion)","ROENKHAUSEN_PSW2","11WD7GARE5XPSW2S","Hydro Pumped Storage","11WD7GARE5XPSW2S","24/04/2026 06:00 - 24/04/2026 07:00","n/e","n/e"
"24/04/2026 00:00 - 25/04/2026 00:00","CTA|DE(Amprion)","ROENKHAUSEN_PSW2","11WD7GARE5XPSW2S","Hydro Pumped Storage","11WD7GARE5XPSW2S","24/04/2026 07:00 - 24/04/2026 08:00","n/e","n/e"
"24/04/2026 00:00 - 25/04/2026 00:00","CTA|DE(Amprion)","ROENKHAUSEN_PSW2","11WD7GARE5XPSW2S","Hydro Pumped Storage","11WD7GARE5XPSW2S","24/04/2026 08:00 - 24/04/2026 09:00","n/e","n/e"
"24/04/2026 00:00 - 25/04/2026 00:00","CTA|DE(Amprion)","ROENKHAUSEN_PSW2","11WD7GARE5XPSW2S","Hydro Pumped Storage","11WD7GARE5XPSW2S","24/04/2026 09:00 - 24/04/2026 10:00","n/e","n/e"
"24/04/2026 00:00 - 25/04/2026 00:00","CTA|DE(Amprion)","ROENKHAUSEN_PSW2","11WD7GARE5XPSW2S","Hydro Pumped Storage","11WD7GARE5XPSW2S","24/04/2026 10:00 - 24/04/2026 11:00","n/e","n/e"
"24/04/2026 00:00 - 25/04/2026 00:00","CTA|DE(Amprion)","ROENKHAUSEN_PSW2","11WD7GARE5XPSW2S","Hydro Pumped Storage","11WD7GARE5XPSW2S","24/04/2026 11:00 - 24/04/2026 12:00","n/e","n/e"
"24/04/2026 00:00 - 25/04/2026 00:00","CTA|DE(Amprion)","ROENKHAUSEN_PSW2","11WD7GARE5XPSW2S","Hydro Pumped Storage","11WD7GARE5XPSW2S","24/04/2026 12:00 - 24/04/2026 13:00","n/e","n/e"
"24/04/2026 00:00 - 25/04/2026 00:00","CTA|DE(Amprion)","ROENKHAUSEN_PSW2","11WD7GARE5XPSW2S","Hydro Pumped Storage","11WD7GARE5XPSW2S","24/04/2026 13:00 - 24/04/2026 14:00","n/e","n/e"
"24/04/2026 00:00 - 25/04/2026 00:00","CTA|DE(Amprion)","ROENKHAUSEN_PSW2","11WD7GARE5XPSW2S","Hydro Pumped Storage","11WD7GARE5XPSW2S","24/04/2026 14:00 - 24/04/2026 15:00","n/e","n/e"
"24/04/2026 00:00 - 25/04/2026 00:00","CTA|DE(Amprion)","ROENKHAUSEN_PSW2","11WD7GARE5XPSW2S","Hydro Pumped Storage","11WD7GARE5XPSW2S","24/04/2026 15:00 - 24/04/2026 16:00","n/e","n/e"
"24/04/2026 00:00 - 25/04/2026 00:00","CTA|DE(Amprion)","ROENKHAUSEN_PSW2","11WD7GARE5XPSW2S","Hydro Pumped Storage","11WD7GARE5XPSW2S","24/04/2026 16:00 - 24/04/2026 17:00","n/e","n/e"
"24/04/2026 00:00 - 25/04/2026 00:00","CTA|DE(Amprion)","ROENKHAUSEN_PSW2","11WD7GARE5XPSW2S","Hydro Pumped Storage","11WD7GARE5XPSW2S","24/04/2026 17:00 - 24/04/2026 18:00","n/e","n/e"
"24/04/2026 00:00 - 25/04/2026 00:00","CTA|DE(Amprion)","ROENKHAUSEN_PSW2","11WD7GARE5XPSW2S","Hydro Pumped Storage","11WD7GARE5XPSW2S","24/04/2026 18:00 - 24/04/2026 19:00","n/e","n/e"
"24/04/2026 00:00 - 25/04/2026 00:00","CTA|DE(Amprion)","ROENKHAUSEN_PSW2","11WD7GARE5XPSW2S","Hydro Pumped Storage","11WD7GARE5XPSW2S","24/04/2026 19:00 - 24/04/2026 20:00","n/e","n/e"
"24/04/2026 00:00 - 25/04/2026 00:00","CTA|DE(Amprion)","ROENKHAUSEN_PSW2","11WD7GARE5XPSW2S","Hydro Pumped Storage","11WD7GARE5XPSW2S","24/04/2026 20:00 - 24/04/2026 21:00","n/e","n/e"
"24/04/2026 00:00 - 25/04/2026 00:00","CTA|DE(Amprion)","ROENKHAUSEN_PSW2","11WD7GARE5XPSW2S","Hydro Pumped Storage","11WD7GARE5XPSW2S","24/04/2026 21:00 - 24/04/2026 22:00","n/e","n/e"
"24/04/2026 00:00 - 25/04/2026 00:00","CTA|DE(Amprion)","ROENKHAUSEN_PSW2","11WD7GARE5XPSW2S","Hydro Pumped Storage","11WD7GARE5XPSW2S","24/04/2026 22:00 - 24/04/2026 23:00","n/e","n/e"
"24/04/2026 00:00 - 25/04/2026 00:00","CTA|DE(Amprion)","ROENKHAUSEN_PSW2","11WD7GARE5XPSW2S","Hydro Pumped Storage","11WD7GARE5XPSW2S","24/04/2026 23:00 - 25/04/2026 00:00","n/e","n/e"
"24/04/2026 00:00 - 25/04/2026 00:00","CTA|DE(TransnetBW)","HKW Heilbronn Block 7","11WD4HLBR1C7---4","Fossil Hard coal","11WD4HLBR1C7---4","24/04/2026 00:00 - 24/04/2026 01:00","N/A","N/A"
"24/04/2026 00:00 - 25/04/2026 00:00","CTA|DE(TransnetBW)","HKW Heilbronn Block 7","11WD4HLBR1C7---4","Fossil Hard coal","11WD4HLBR1C7---4","24/04/2026 01:00 - 24/04/2026 02:00","N/A","N/A"
"24/04/2026 00:00 - 25/04/2026 00:00","CTA|DE(TransnetBW)","HKW Heilbronn Block 7","11WD4HLBR1C7---4","Fossil Hard coal","11WD4HLBR1C7---4","24/04/2026 02:00 - 24/04/2026 03:00","N/A","N/A"
"24/04/2026 00:00 - 25/04/2026 00:00","CTA|DE(TransnetBW)","HKW Heilbronn Block 7","11WD4HLBR1C7---4","Fossil Hard coal","11WD4HLBR1C7---4","24/04/2026 03:00 - 24/04/2026 04:00","N/A","N/A"
"24/04/2026 00:00 - 25/04/2026 00:00","CTA|DE(TransnetBW)","HKW Heilbronn Block 7","11WD4HLBR1C7---4","Fossil Hard coal","11WD4HLBR1C7---4","24/04/2026 04:00 - 24/04/2026 05:00","N/A","N/A"
"24/04/2026 00:00 - 25/04/2026 00:00","CTA|DE(TransnetBW)","HKW Heilbronn Block 7","11WD4HLBR1C7---4","Fossil Hard coal","11WD4HLBR1C7---4","24/04/2026 05:00 - 24/04/2026 06:00","N/A","N/A"
"24/04/2026 00:00 - 25/04/2026 00:00","CTA|DE(TransnetBW)","HKW Heilbronn Block 7","11WD4HLBR1C7---4","Fossil Hard coal","11WD4HLBR1C7---4","24/04/2026 06:00 - 24/04/2026 07:00","N/A","N/A"
"24/04/2026 00:00 - 25/04/2026 00:00","CTA|DE(TransnetBW)","HKW Heilbronn Block 7","11WD4HLBR1C7---4","Fossil Hard coal","11WD4HLBR1C7---4","24/04/2026 07:00 - 24/04/2026 08:00","N/A","N/A"
"24/04/2026 00:00 - 25/04/2026 00:00","CTA|DE(TransnetBW)","HKW Heilbronn Block 7","11WD4HLBR1C7---4","Fossil Hard coal","11WD4HLBR1C7---4","24/04/2026 08:00 - 24/04/2026 09:00","N/A","N/A"
"24/04/2026 00:00 - 25/04/2026 00:00","CTA|DE(TransnetBW)","HKW Heilbronn Block 7","11WD4HLBR1C7---4","Fossil Hard coal","11WD4HLBR1C7---4","24/04/2026 09:00 - 24/04/2026 10:00","N/A","N/A"
"24/04/2026 00:00 - 25/04/2026 00:00","CTA|DE(TransnetBW)","HKW Heilbronn Block 7","11WD4HLBR1C7---4","Fossil Hard coal","11WD4HLBR1C7---4","24/04/2026 10:00 - 24/04/2026 11:00","N/A","N/A"
"24/04/2026 00:00 - 25/04/2026 00:00","CTA|DE(TransnetBW)","HKW Heilbronn Block 7","11WD4HLBR1C7---4","Fossil Hard coal","11WD4HLBR1C7---4","24/04/2026 11:00 - 24/04/2026 12:00","N/A","N/A"
"24/04/2026 00:00 - 25/04/2026 00:00","CTA|DE(TransnetBW)","HKW Heilbronn Block 7","11WD4HLBR1C7---4","Fossil Hard coal","11WD4HLBR1C7---4","24/04/2026 12:00 - 24/04/2026 13:00","N/A","N/A"
"24/04/2026 00:00 - 25/04/2026 00:00","CTA|DE(TransnetBW)","HKW Heilbronn Block 7","11WD4HLBR1C7---4","Fossil Hard coal","11WD4HLBR1C7---4","24/04/2026 13:00 - 24/04/2026 14:00","N/A","N/A"
"24/04/2026 00:00 - 25/04/2026 00:00","CTA|DE(TransnetBW)","HKW Heilbronn Block 7","11WD4HLBR1C7---4","Fossil Hard coal","11WD4HLBR1C7---4","24/04/2026 14:00 - 24/04/2026 15:00","N/A","N/A"
"24/04/2026 00:00 - 25/04/2026 00:00","CTA|DE(TransnetBW)","HKW Heilbronn Block 7","11WD4HLBR1C7---4","Fossil Hard coal","11WD4HLBR1C7---4","24/04/2026 15:00 - 24/04/2026 16:00","N/A","N/A"
"24/04/2026 00:00 - 25/04/2026 00:00","CTA|DE(TransnetBW)","HKW Heilbronn Block 7","11WD4HLBR1C7---4","Fossil Hard coal","11WD4HLBR1C7---4","24/04/2026 16:00 - 24/04/2026 17:00","N/A","N/A"
"24/04/2026 00:00 - 25/04/2026 00:00","CTA|DE(TransnetBW)","HKW Heilbronn Block 7","11WD4HLBR1C7---4","Fossil Hard coal","11WD4HLBR1C7---4","24/04/2026 17:00 - 24/04/2026 18:00","N/A","N/A"
"24/04/2026 00:00 - 25/04/2026 00:00","CTA|DE(TransnetBW)","HKW Heilbronn Block 7","11WD4HLBR1C7---4","Fossil Hard coal","11WD4HLBR1C7---4","24/04/2026 18:00 - 24/04/2026 19:00","N/A","N/A"
"24/04/2026 00:00 - 25/04/2026 00:00","CTA|DE(TransnetBW)","HKW Heilbronn Block 7","11WD4HLBR1C7---4","Fossil Hard coal","11WD4HLBR1C7---4","24/04/2026 19:00 - 24/04/2026 20:00","N/A","N/A"
"24/04/2026 00:00 - 25/04/2026 00:00","CTA|DE(TransnetBW)","HKW Heilbronn Block 7","11WD4HLBR1C7---4","Fossil Hard coal","11WD4HLBR1C7---4","24/04/2026 20:00 - 24/04/2026 21:00","N/A","N/A"
"24/04/2026 00:00 - 25/04/2026 00:00","CTA|DE(TransnetBW)","HKW Heilbronn Block 7","11WD4HLBR1C7---4","Fossil Hard coal","11WD4HLBR1C7---4","24/04/2026 21:00 - 24/04/2026 22:00","N/A","N/A"
"24/04/2026 00:00 - 25/04/2026 00:00","CTA|DE(TransnetBW)","HKW Heilbronn Block 7","11WD4HLBR1C7---4","Fossil Hard coal","11WD4HLBR1C7---4","24/04/2026 22:00 - 24/04/2026 23:00","N/A","N/A"
"24/04/2026 00:00 - 25/04/2026 00:00","CTA|DE(TransnetBW)","HKW Heilbronn Block 7","11WD4HLBR1C7---4","Fossil Hard coal","11WD4HLBR1C7---4","24/04/2026 23:00 - 25/04/2026 00:00","N/A","N/A"
"24/04/2026 00:00 - 25/04/2026 00:00","CTA|DE(50Hertz)","PSW Hohenwarte II PSS A-H","11W0-0000-0858-D","Hydro Pumped Storage","11W0-0000-0858-D","24/04/2026 00:00 - 24/04/2026 01:00","n/e","n/e"
"24/04/2026 00:00 - 25/04/2026 00:00","CTA|DE(50Hertz)","PSW Hohenwarte II PSS A-H","11W0-0000-0858-D","Hydro Pumped Storage","11W0-0000-0858-D","24/04/2026 01:00 - 24/04/2026 02:00","n/e","n/e"
"24/04/2026 00:00 - 25/04/2026 00:00","CTA|DE(50Hertz)","PSW Hohenwarte II PSS A-H","11W0-0000-0858-D","Hydro Pumped Storage","11W0-0000-0858-D","24/04/2026 02:00 - 24/04/2026 03:00","n/e","n/e"
"24/04/2026 00:00 - 25/04/2026 00:00","CTA|DE(50Hertz)","PSW Hohenwarte II PSS A-H","11W0-0000-0858-D","Hydro Pumped Storage","11W0-0000-0858-D","24/04/2026 03:00 - 24/04/2026 04:00","n/e","n/e"
"24/04/2026 00:00 - 25/04/2026 00:00","CTA|DE(50Hertz)","PSW Hohenwarte II PSS A-H","11W0-0000-0858-D","Hydro Pumped Storage","11W0-0000-0858-D","24/04/2026 04:00 - 24/04/2026 05:00","n/e","n/e"
"24/04/2026 00:00 - 25/04/2026 00:00","CTA|DE(50Hertz)","PSW Hohenwarte II PSS A-H","11W0-0000-0858-D","Hydro Pumped Storage","11W0-0000-0858-D","24/04/2026 05:00 - 24/04/2026 06:00","n/e","n/e"
"24/04/2026 00:00 - 25/04/2026 00:00","CTA|DE(50Hertz)","PSW Hohenwarte II PSS A-H","11W0-0000-0858-D","Hydro Pumped Storage","11W0-0000-0858-D","24/04/2026 06:00 - 24/04/2026 07:00","n/e","n/e"
"24/04/2026 00:00 - 25/04/2026 00:00","CTA|DE(50Hertz)","PSW Hohenwarte II PSS A-H","11W0-0000-0858-D","Hydro Pumped Storage","11W0-0000-0858-D","24/04/2026 07:00 - 24/04/2026 08:00","n/e","n/e"
"24/04/2026 00:00 - 25/04/2026 00:00","CTA|DE(50Hertz)","PSW Hohenwarte II PSS A-H","11W0-0000-0858-D","Hydro Pumped Storage","11W0-0000-0858-D","24/04/2026 08:00 - 24/04/2026 09:00","n/e","n/e"
"24/04/2026 00:00 - 25/04/2026 00:00","CTA|DE(50Hertz)","PSW Hohenwarte II PSS A-H","11W0-0000-0858-D","Hydro Pumped Storage","11W0-0000-0858-D","24/04/2026 09:00 - 24/04/2026 10:00","n/e","n/e"
"24/04/2026 00:00 - 25/04/2026 00:00","CTA|DE(50Hertz)","PSW Hohenwarte II PSS A-H","11W0-0000-0858-D","Hydro Pumped Storage","11W0-0000-0858-D","24/04/2026 10:00 - 24/04/2026 11:00","n/e","n/e"
"24/04/2026 00:00 - 25/04/2026 00:00","CTA|DE(50Hertz)","PSW Hohenwarte II PSS A-H","11W0-0000-0858-D","Hydro Pumped Storage","11W0-0000-0858-D","24/04/2026 11:00 - 24/04/2026 12:00","n/e","n/e"
"24/04/2026 00:00 - 25/04/2026 00:00","CTA|DE(50Hertz)","PSW Hohenwarte II PSS A-H","11W0-0000-0858-D","Hydro Pumped Storage","11W0-0000-0858-D","24/04/2026 12:00 - 24/04/2026 13:00","n/e","n/e"
"24/04/2026 00:00 - 25/04/2026 00:00","CTA|DE(50Hertz)","PSW Hohenwarte II PSS A-H","11W0-0000-0858-D","Hydro Pumped Storage","11W0-0000-0858-D","24/04/2026 13:00 - 24/04/2026 14:00","n/e","n/e"
"24/04/2026 00:00 - 25/04/2026 00:00","CTA|DE(50Hertz)","PSW Hohenwarte II PSS A-H","11W0-0000-0858-D","Hydro Pumped Storage","11W0-0000-0858-D","24/04/2026 14:00 - 24/04/2026 15:00","n/e","n/e"
"24/04/2026 00:00 - 25/04/2026 00:00","CTA|DE(50Hertz)","PSW Hohenwarte II PSS A-H","11W0-0000-0858-D","Hydro Pumped Storage","11W0-0000-0858-D","24/04/2026 15:00 - 24/04/2026 16:00","n/e","n/e"
"24/04/2026 00:00 - 25/04/2026 00:00","CTA|DE(50Hertz)","PSW Hohenwarte II PSS A-H","11W0-0000-0858-D","Hydro Pumped Storage","11W0-0000-0858-D","24/04/2026 16:00 - 24/04/2026 17:00","n/e","n/e"
"24/04/2026 00:00 - 25/04/2026 00:00","CTA|DE(50Hertz)","PSW Hohenwarte II PSS A-H","11W0-0000-0858-D","Hydro Pumped Storage","11W0-0000-0858-D","24/04/2026 17:00 - 24/04/2026 18:00","n/e","n/e"
"24/04/2026 00:00 - 25/04/2026 00:00","CTA|DE(50Hertz)","PSW Hohenwarte II PSS A-H","11W0-0000-0858-D","Hydro Pumped Storage","11W0-0000-0858-D","24/04/2026 18:00 - 24/04/2026 19:00","n/e","n/e"
"24/04/2026 00:00 - 25/04/2026 00:00","CTA|DE(50Hertz)","PSW Hohenwarte II PSS A-H","11W0-0000-0858-D","Hydro Pumped Storage","11W0-0000-0858-D","24/04/2026 19:00 - 24/04/2026 20:00","n/e","n/e"
"24/04/2026 00:00 - 25/04/2026 00:00","CTA|DE(50Hertz)","PSW Hohenwarte II PSS A-H","11W0-0000-0858-D","Hydro Pumped Storage","11W0-0000-0858-D","24/04/2026 20:00 - 24/04/2026 21:00","n/e","n/e"
"24/04/2026 00:00 - 25/04/2026 00:00","CTA|DE(50Hertz)","PSW Hohenwarte II PSS A-H","11W0-0000-0858-D","Hydro Pumped Storage","11W0-0000-0858-D","24/04/2026 21:00 - 24/04/2026 22:00","n/e","n/e"
"24/04/2026 00:00 - 25/04/2026 00:00","CTA|DE(50Hertz)","PSW Hohenwarte II PSS A-H","11W0-0000-0858-D","Hydro Pumped Storage","11W0-0000-0858-D","24/04/2026 22:00 - 24/04/2026 23:00","n/e","n/e"
"24/04/2026 00:00 - 25/04/2026 00:00","CTA|DE(50Hertz)","PSW Hohenwarte II PSS A-H","11W0-0000-0858-D","Hydro Pumped Storage","11W0-0000-0858-D","24/04/2026 23:00 - 25/04/2026 00:00","n/e","n/e"
"24/04/2026 00:00 - 25/04/2026 00:00","CTA|DE(50Hertz)","Geesthacht A-C","11W0-0000-0859-A","Hydro Pumped Storage","11W0-0000-0859-A","24/04/2026 00:00 - 24/04/2026 01:00","n/e","n/e"
"24/04/2026 00:00 - 25/04/2026 00:00","CTA|DE(50Hertz)","Geesthacht A-C","11W0-0000-0859-A","Hydro Pumped Storage","11W0-0000-0859-A","24/04/2026 01:00 - 24/04/2026 02:00","n/e","n/e"
"24/04/2026 00:00 - 25/04/2026 00:00","CTA|DE(50Hertz)","Geesthacht A-C","11W0-0000-0859-A","Hydro Pumped Storage","11W0-0000-0859-A","24/04/2026 02:00 - 24/04/2026 03:00","n/e","n/e"
"24/04/2026 00:00 - 25/04/2026 00:00","CTA|DE(50Hertz)","Geesthacht A-C","11W0-0000-0859-A","Hydro Pumped Storage","11W0-0000-0859-A","24/04/2026 03:00 - 24/04/2026 04:00","n/e","n/e"
"24/04/2026 00:00 - 25/04/2026 00:00","CTA|DE(50Hertz)","Geesthacht A-C","11W0-0000-0859-A","Hydro Pumped Storage","11W0-0000-0859-A","24/04/2026 04:00 - 24/04/2026 05:00","n/e","n/e"
"24/04/2026 00:00 - 25/04/2026 00:00","CTA|DE(50Hertz)","Geesthacht A-C","11W0-0000-0859-A","Hydro Pumped Storage","11W0-0000-0859-A","24/04/2026 05:00 - 24/04/2026 06:00","n/e","n/e"
"24/04/2026 00:00 - 25/04/2026 00:00","CTA|DE(50Hertz)","Geesthacht A-C","11W0-0000-0859-A","Hydro Pumped Storage","11W0-0000-0859-A","24/04/2026 06:00 - 24/04/2026 07:00","n/e","n/e"
"24/04/2026 00:00 - 25/04/2026 00:00","CTA|DE(50Hertz)","Geesthacht A-C","11W0-0000-0859-A","Hydro Pumped Storage","11W0-0000-0859-A","24/04/2026 07:00 - 24/04/2026 08:00","n/e","n/e"
"24/04/2026 00:00 - 25/04/2026 00:00","CTA|DE(50Hertz)","Geesthacht A-C","11W0-0000-0859-A","Hydro Pumped Storage","11W0-0000-0859-A","24/04/2026 08:00 - 24/04/2026 09:00","n/e","n/e"
"24/04/2026 00:00 - 25/04/2026 00:00","CTA|DE(50Hertz)","Geesthacht A-C","11W0-0000-0859-A","Hydro Pumped Storage","11W0-0000-0859-A","24/04/2026 09:00 - 24/04/2026 10:00","n/e","n/e"
"24/04/2026 00:00 - 25/04/2026 00:00","CTA|DE(50Hertz)","Geesthacht A-C","11W0-0000-0859-A","Hydro Pumped Storage","11W0-0000-0859-A","24/04/2026 10:00 - 24/04/2026 11:00","n/e","n/e"
"24/04/2026 00:00 - 25/04/2026 00:00","CTA|DE(50Hertz)","Geesthacht A-C","11W0-0000-0859-A","Hydro Pumped Storage","11W0-0000-0859-A","24/04/2026 11:00 - 24/04/2026 12:00","n/e","n/e"
"24/04/2026 00:00 - 25/04/2026 00:00","CTA|DE(50Hertz)","Geesthacht A-C","11W0-0000-0859-A","Hydro Pumped Storage","11W0-0000-0859-A","24/04/2026 12:00 - 24/04/2026 13:00","n/e","n/e"
"24/04/2026 00:00 - 25/04/2026 00:00","CTA|DE(50Hertz)","Geesthacht A-C","11W0-0000-0859-A","Hydro Pumped Storage","11W0-0000-0859-A","24/04/2026 13:00 - 24/04/2026 14:00","n/e","n/e"
"24/04/2026 00:00 - 25/04/2026 00:00","CTA|DE(50Hertz)","Geesthacht A-C","11W0-0000-0859-A","Hydro Pumped Storage","11W0-0000-0859-A","24/04/2026 14:00 - 24/04/2026 15:00","n/e","n/e"
"24/04/2026 00:00 - 25/04/2026 00:00","CTA|DE(50Hertz)","Geesthacht A-C","11W0-0000-0859-A","Hydro Pumped Storage","11W0-0000-0859-A","24/04/2026 15:00 - 24/04/2026 16:00","n/e","n/e"
"24/04/2026 00:00 - 25/04/2026 00:00","CTA|DE(50Hertz)","Geesthacht A-C","11W0-0000-0859-A","Hydro Pumped Storage","11W0-0000-0859-A","24/04/2026 16:00 - 24/04/2026 17:00","n/e","n/e"
"24/04/2026 00:00 - 25/04/2026 00:00","CTA|DE(50Hertz)","Geesthacht A-C","11W0-0000-0859-A","Hydro Pumped Storage","11W0-0000-0859-A","24/04/2026 17:00 - 24/04/2026 18:00","n/e","n/e"
"24/04/2026 00:00 - 25/04/2026 00:00","CTA|DE(50Hertz)","Geesthacht A-C","11W0-0000-0859-A","Hydro Pumped Storage","11W0-0000-0859-A","24/04/2026 18:00 - 24/04/2026 19:00","n/e","n/e"
"24/04/2026 00:00 - 25/04/2026 00:00","CTA|DE(50Hertz)","Geesthacht A-C","11W0-0000-0859-A","Hydro Pumped Storage","11W0-0000-0859-A","24/04/2026 19:00 - 24/04/2026 20:00","n/e","n/e"
"24/04/2026 00:00 - 25/04/2026 00:00","CTA|DE(50Hertz)","Geesthacht A-C","11W0-0000-0859-A","Hydro Pumped Storage","11W0-0000-0859-A","24/04/2026 20:00 - 24/04/2026 21:00","n/e","n/e"
"24/04/2026 00:00 - 25/04/2026 00:00","CTA|DE(50Hertz)","Geesthacht A-C","11W0-0000-0859-A","Hydro Pumped Storage","11W0-0000-0859-A","24/04/2026 21:00 - 24/04/2026 22:00","n/e","n/e"
"24/04/2026 00:00 - 25/04/2026 00:00","CTA|DE(50Hertz)","Geesthacht A-C","11W0-0000-0859-A","Hydro Pumped Storage","11W0-0000-0859-A","24/04/2026 22:00 - 24/04/2026 23:00","n/e","n/e"
"24/04/2026 00:00 - 25/04/2026 00:00","CTA|DE(50Hertz)","Geesthacht A-C","11W0-0000-0859-A","Hydro Pumped Storage","11W0-0000-0859-A","24/04/2026 23:00 - 25/04/2026 00:00","n/e","n/e"
