"Time Interval (CET/CEST)","Area","Unit Name","Unit Code","Type","Instance Code","MTU (CET/CEST)","Generation (MW)","Consumption (MW)"
"27/04/2026 00:00 - 28/04/2026 00:00","CTA|DE(Amprion)","RUHRORT-4","11WD7BEEC5XRUH4E","Fossil Coal-derived gas","11WD7BEEC5XRUH4E","27/04/2026 00:00 - 27/04/2026 01:00","0.00",""
"27/04/2026 00:00 - 28/04/2026 00:00","CTA|DE(Amprion)","RUHRORT-4","11WD7BEEC5XRUH4E","Fossil Coal-derived gas","11WD7BEEC5XRUH4E","27/04/2026 01:00 - 27/04/2026 02:00","0.00",""
"27/04/2026 00:00 - 28/04/2026 00:00","CTA|DE(Amprion)","RUHRORT-4","11WD7BEEC5XRUH4E","Fossil Coal-derived gas","11WD7BEEC5XRUH4E","27/04/2026 02:00 - 27/04/2026 03:00","0.00",""
"27/04/2026 00:00 - 28/04/2026 00:00","CTA|DE(Amprion)","RUHRORT-4","11WD7BEEC5XRUH4E","Fossil Coal-derived gas","11WD7BEEC5XRUH4E","27/04/2026 03:00 - 27/04/2026 04:00","0.00",""
"27/04/2026 00:00 - 28/04/2026 00:00","CTA|DE(Amprion)","RUHRORT-4","11WD7BEEC5XRUH4E","Fossil Coal-derived gas","11WD7BEEC5XRUH4E","27/04/2026 04:00 - 27/04/2026 05:00","0.00",""
"27/04/2026 00:00 - 28/04/2026 00:00","CTA|DE(Amprion)","RUHRORT-4","11WD7BEEC5XRUH4E","Fossil Coal-derived gas","11WD7BEEC5XRUH4E","27/04/2026 05:00 - 27/04/2026 06:00","0.00",""
"27/04/2026 00:00 - 28/04/2026 00:00","CTA|DE(Amprion)","RUHRORT-4","11WD7BEEC5XRUH4E","Fossil Coal-derived gas","11WD7BEEC5XRUH4E","27/04/2026 06:00 - 27/04/2026 07:00","0.00",""
"27/04/2026 00:00 - 28/04/2026 00:00","CTA|DE(Amprion)","RUHRORT-4","11WD7BEEC5XRUH4E","Fossil Coal-derived gas","11WD7BEEC5XRUH4E","27/04/2026 07:00 - 27/04/2026 08:00","0.00",""
"27/04/2026 00:00 - 28/04/2026 00:00","CTA|DE(Amprion)","RUHRORT-4","11WD7BEEC5XRUH4E","Fossil Coal-derived gas","11WD7BEEC5XRUH4E","27/04/2026 08:00 - 27/04/2026 09:00","0.00",""
"27/04/2026 00:00 - 28/04/2026 00:00","CTA|DE(Amprion)","RUHRORT-4","11WD7BEEC5XRUH4E","Fossil Coal-derived gas","11WD7BEEC5XRUH4E","27/04/2026 09:00 - 27/04/2026 10:00","0.00",""
"27/04/2026 00:00 - 28/04/2026 00:00","CTA|DE(Amprion)","RUHRORT-4","11WD7BEEC5XRUH4E","Fossil Coal-derived gas","11WD7BEEC5XRUH4E","27/04/2026 10:00 - 27/04/2026 11:00","0.00",""
"27/04/2026 00:00 - 28/04/2026 00:00","CTA|DE(Amprion)","RUHRORT-4","11WD7BEEC5XRUH4E","Fossil Coal-derived gas","11WD7BEEC5XRUH4E","27/04/2026 11:00 - 27/04/2026 12:00","0.00",""
"27/04/2026 00:00 - 28/04/2026 00:00","CTA|DE(Amprion)","RUHRORT-4","11WD7BEEC5XRUH4E","Fossil Coal-derived gas","11WD7BEEC5XRUH4E","27/04/2026 12:00 - 27/04/2026 13:00","0.00",""
"27/04/2026 00:00 - 28/04/2026 00:00","CTA|DE(Amprion)","RUHRORT-4","11WD7BEEC5XRUH4E","Fossil Coal-derived gas","11WD7BEEC5XRUH4E","27/04/2026 13:00 - 27/04/2026 14:00","0.00",""
"27/04/2026 00:00 - 28/04/2026 00:00","CTA|DE(Amprion)","RUHRORT-4","11WD7BEEC5XRUH4E","Fossil Coal-derived gas","11WD7BEEC5XRUH4E","27/04/2026 14:00 - 27/04/2026 15:00","0.00",""
"27/04/2026 00:00 - 28/04/2026 00:00","CTA|DE(Amprion)","RUHRORT-4","11WD7BEEC5XRUH4E","Fossil Coal-derived gas","11WD7BEEC5XRUH4E","27/04/2026 15:00 - 27/04/2026 16:00","0.00",""
"27/04/2026 00:00 - 28/04/2026 00:00","CTA|DE(Amprion)","RUHRORT-4","11WD7BEEC5XRUH4E","Fossil Coal-derived gas","11WD7BEEC5XRUH4E","27/04/2026 16:00 - 27/04/2026 17:00","0.00",""
"27/04/2026 00:00 - 28/04/2026 00:00","CTA|DE(Amprion)","RUHRORT-4","11WD7BEEC5XRUH4E","Fossil Coal-derived gas","11WD7BEEC5XRUH4E","27/04/2026 17:00 - 27/04/2026 18:00","0.00",""
"27/04/2026 00:00 - 28/04/2026 00:00","CTA|DE(Amprion)","RUHRORT-4","11WD7BEEC5XRUH4E","Fossil Coal-derived gas","11WD7BEEC5XRUH4E","27/04/2026 18:00 - 27/04/2026 19:00","0.00",""
"27/04/2026 00:00 - 28/04/2026 00:00","CTA|DE(Amprion)","RUHRORT-4","11WD7BEEC5XRUH4E","Fossil Coal-derived gas","11WD7BEEC5XRUH4E","27/04/2026 19:00 - 27/04/2026 20:00","0.00",""
"27/04/2026 00:00 - 28/04/2026 00:00","CTA|DE(Amprion)","RUHRORT-4","11WD7BEEC5XRUH4E","Fossil Coal-derived gas","11WD7BEEC5XRUH4E","27/04/2026 20:00 - 27/04/2026 21:00","0.00",""
"27/04/2026 00:00 - 28/04/2026 00:00","CTA|DE(Amprion)","RUHRORT-4","11WD7BEEC5XRUH4E","Fossil Coal-derived gas","11WD7BEEC5XRUH4E","27/04/2026 21:00 - 27/04/2026 22:00","0.00",""
"27/04/2026 00:00 - 28/04/2026 00:00","CTA|DE(Amprion)","RUHRORT-4","11WD7BEEC5XRUH4E","Fossil Coal-derived gas","11WD7BEEC5XRUH4E","27/04/2026 22:00 - 27/04/2026 23:00","0.00",""
"27/04/2026 00:00 - 28/04/2026 00:00","CTA|DE(Amprion)","RUHRORT-4","11WD7BEEC5XRUH4E","Fossil Coal-derived gas","11WD7BEEC5XRUH4E","27/04/2026 23:00 - 28/04/2026 00:00","0.00",""
"27/04/2026 00:00 - 28/04/2026 00:00","CTA|DE(Amprion)","BERGKAMEN_A","11WD7BERG1S--A-X","Fossil Hard coal","11WD7BERG1S--A-X","27/04/2026 00:00 - 27/04/2026 01:00","0.00",""
"27/04/2026 00:00 - 28/04/2026 00:00","CTA|DE(Amprion)","BERGKAMEN_A","11WD7BERG1S--A-X","Fossil Hard coal","11WD7BERG1S--A-X","27/04/2026 01:00 - 27/04/2026 02:00","0.00",""
"27/04/2026 00:00 - 28/04/2026 00:00","CTA|DE(Amprion)","BERGKAMEN_A","11WD7BERG1S--A-X","Fossil Hard coal","11WD7BERG1S--A-X","27/04/2026 02:00 - 27/04/2026 03:00","0.00",""
"27/04/2026 00:00 - 28/04/2026 00:00","CTA|DE(Amprion)","BERGKAMEN_A","11WD7BERG1S--A-X","Fossil Hard coal","11WD7BERG1S--A-X","27/04/2026 03:00 - 27/04/2026 04:00","0.00",""
"27/04/2026 00:00 - 28/04/2026 00:00","CTA|DE(Amprion)","BERGKAMEN_A","11WD7BERG1S--A-X","Fossil Hard coal","11WD7BERG1S--A-X","27/04/2026 04:00 - 27/04/2026 05:00","0.00",""
"27/04/2026 00:00 - 28/04/2026 00:00","CTA|DE(Amprion)","BERGKAMEN_A","11WD7BERG1S--A-X","Fossil Hard coal","11WD7BERG1S--A-X","27/04/2026 05:00 - 27/04/2026 06:00","0.00",""
"27/04/2026 00:00 - 28/04/2026 00:00","CTA|DE(Amprion)","BERGKAMEN_A","11WD7BERG1S--A-X","Fossil Hard coal","11WD7BERG1S--A-X","27/04/2026 06:00 - 27/04/2026 07:00","0.00",""
"27/04/2026 00:00 - 28/04/2026 00:00","CTA|DE(Amprion)","BERGKAMEN_A","11WD7BERG1S--A-X","Fossil Hard coal","11WD7BERG1S--A-X","27/04/2026 07:00 - 27/04/2026 08:00","0.00",""
"27/04/2026 00:00 - 28/04/2026 00:00","CTA|DE(Amprion)","BERGKAMEN_A","11WD7BERG1S--A-X","Fossil Hard coal","11WD7BERG1S--A-X","27/04/2026 08:00 - 27/04/2026 09:00","0.00",""
"27/04/2026 00:00 - 28/04/2026 00:00","CTA|DE(Amprion)","BERGKAMEN_A","11WD7BERG1S--A-X","Fossil Hard coal","11WD7BERG1S--A-X","27/04/2026 09:00 - 27/04/2026 10:00","0.00",""
"27/04/2026 00:00 - 28/04/2026 00:00","CTA|DE(Amprion)","BERGKAMEN_A","11WD7BERG1S--A-X","Fossil Hard coal","11WD7BERG1S--A-X","27/04/2026 10:00 - 27/04/2026 11:00","0.00",""
"27/04/2026 00:00 - 28/04/2026 00:00","CTA|DE(Amprion)","BERGKAMEN_A","11WD7BERG1S--A-X","Fossil Hard coal","11WD7BERG1S--A-X","27/04/2026 11:00 - 27/04/2026 12:00","0.00",""
"27/04/2026 00:00 - 28/04/2026 00:00","CTA|DE(Amprion)","BERGKAMEN_A","11WD7BERG1S--A-X","Fossil Hard coal","11WD7BERG1S--A-X","27/04/2026 12:00 - 27/04/2026 13:00","0.00",""
"27/04/2026 00:00 - 28/04/2026 00:00","CTA|DE(Amprion)","BERGKAMEN_A","11WD7BERG1S--A-X","Fossil Hard coal","11WD7BERG1S--A-X","27/04/2026 13:00 - 27/04/2026 14:00","0.00",""
"27/04/2026 00:00 - 28/04/2026 00:00","CTA|DE(Amprion)","BERGKAMEN_A","11WD7BERG1S--A-X","Fossil Hard coal","11WD7BERG1S--A-X","27/04/2026 14:00 - 27/04/2026 15:00","0.00",""
"27/04/2026 00:00 - 28/04/2026 00:00","CTA|DE(Amprion)","BERGKAMEN_A","11WD7BERG1S--A-X","Fossil Hard coal","11WD7BERG1S--A-X","27/04/2026 15:00 - 27/04/2026 16:00","0.00",""
"27/04/2026 00:00 - 28/04/2026 00:00","CTA|DE(Amprion)","BERGKAMEN_A","11WD7BERG1S--A-X","Fossil Hard coal","11WD7BERG1S--A-X","27/04/2026 16:00 - 27/04/2026 17:00","0.00",""
"27/04/2026 00:00 - 28/04/2026 00:00","CTA|DE(Amprion)","BERGKAMEN_A","11WD7BERG1S--A-X","Fossil Hard coal","11WD7BERG1S--A-X","27/04/2026 17:00 - 27/04/2026 18:00","0.00",""
"27/04/2026 00:00 - 28/04/2026 00:00","CTA|DE(Amprion)","BERGKAMEN_A","11WD7BERG1S--A-X","Fossil Hard coal","11WD7BERG1S--A-X","27/04/2026 18:00 - 27/04/2026 19:00","0.00",""
"27/04/2026 00:00 - 28/04/2026 00:00","CTA|DE(Amprion)","BERGKAMEN_A","11WD7BERG1S--A-X","Fossil Hard coal","11WD7BERG1S--A-X","27/04/2026 19:00 - 27/04/2026 20:00","0.00",""
"27/04/2026 00:00 - 28/04/2026 00:00","CTA|DE(Amprion)","BERGKAMEN_A","11WD7BERG1S--A-X","Fossil Hard coal","11WD7BERG1S--A-X","27/04/2026 20:00 - 27/04/2026 21:00","0.00",""
"27/04/2026 00:00 - 28/04/2026 00:00","CTA|DE(Amprion)","BERGKAMEN_A","11WD7BERG1S--A-X","Fossil Hard coal","11WD7BERG1S--A-X","27/04/2026 21:00 - 27/04/2026 22:00","0.00",""
"27/04/2026 00:00 - 28/04/2026 00:00","CTA|DE(Amprion)","BERGKAMEN_A","11WD7BERG1S--A-X","Fossil Hard coal","11WD7BERG1S--A-X","27/04/2026 22:00 - 27/04/2026 23:00","0.00",""
"27/04/2026 00:00 - 28/04/2026 00:00","CTA|DE(Amprion)","BERGKAMEN_A","11WD7BERG1S--A-X","Fossil Hard coal","11WD7BERG1S--A-X","27/04/2026 23:00 - 28/04/2026 00:00","0.00",""
"27/04/2026 00:00 - 28/04/2026 00:00","CTA|DE(Amprion)","KMW_KW3","11WD7BISC5GKW3-T","Fossil Gas","11WD7BISC5GKW3-T","27/04/2026 00:00 - 27/04/2026 01:00","425.27",""
"27/04/2026 00:00 - 28/04/2026 00:00","CTA|DE(Amprion)","KMW_KW3","11WD7BISC5GKW3-T","Fossil Gas","11WD7BISC5GKW3-T","27/04/2026 01:00 - 27/04/2026 02:00","426.77",""
"27/04/2026 00:00 - 28/04/2026 00:00","CTA|DE(Amprion)","KMW_KW3","11WD7BISC5GKW3-T","Fossil Gas","11WD7BISC5GKW3-T","27/04/2026 02:00 - 27/04/2026 03:00","427.88",""
"27/04/2026 00:00 - 28/04/2026 00:00","CTA|DE(Amprion)","KMW_KW3","11WD7BISC5GKW3-T","Fossil Gas","11WD7BISC5GKW3-T","27/04/2026 03:00 - 27/04/2026 04:00","428.23",""
"27/04/2026 00:00 - 28/04/2026 00:00","CTA|DE(Amprion)","KMW_KW3","11WD7BISC5GKW3-T","Fossil Gas","11WD7BISC5GKW3-T","27/04/2026 04:00 - 27/04/2026 05:00","427.55",""
"27/04/2026 00:00 - 28/04/2026 00:00","CTA|DE(Amprion)","KMW_KW3","11WD7BISC5GKW3-T","Fossil Gas","11WD7BISC5GKW3-T","27/04/2026 05:00 - 27/04/2026 06:00","427.57",""
"27/04/2026 00:00 - 28/04/2026 00:00","CTA|DE(Amprion)","KMW_KW3","11WD7BISC5GKW3-T","Fossil Gas","11WD7BISC5GKW3-T","27/04/2026 06:00 - 27/04/2026 07:00","428.27",""
"27/04/2026 00:00 - 28/04/2026 00:00","CTA|DE(Amprion)","KMW_KW3","11WD7BISC5GKW3-T","Fossil Gas","11WD7BISC5GKW3-T","27/04/2026 07:00 - 27/04/2026 08:00","429.10",""
"27/04/2026 00:00 - 28/04/2026 00:00","CTA|DE(Amprion)","KMW_KW3","11WD7BISC5GKW3-T","Fossil Gas","11WD7BISC5GKW3-T","27/04/2026 08:00 - 27/04/2026 09:00","358.35",""
"27/04/2026 00:00 - 28/04/2026 00:00","CTA|DE(Amprion)","KMW_KW3","11WD7BISC5GKW3-T","Fossil Gas","11WD7BISC5GKW3-T","27/04/2026 09:00 - 27/04/2026 10:00","325.95",""
"27/04/2026 00:00 - 28/04/2026 00:00","CTA|DE(Amprion)","KMW_KW3","11WD7BISC5GKW3-T","Fossil Gas","11WD7BISC5GKW3-T","27/04/2026 10:00 - 27/04/2026 11:00","354.77",""
"27/04/2026 00:00 - 28/04/2026 00:00","CTA|DE(Amprion)","KMW_KW3","11WD7BISC5GKW3-T","Fossil Gas","11WD7BISC5GKW3-T","27/04/2026 11:00 - 27/04/2026 12:00","229.13",""
"27/04/2026 00:00 - 28/04/2026 00:00","CTA|DE(Amprion)","KMW_KW3","11WD7BISC5GKW3-T","Fossil Gas","11WD7BISC5GKW3-T","27/04/2026 12:00 - 27/04/2026 13:00","25.23",""
"27/04/2026 00:00 - 28/04/2026 00:00","CTA|DE(Amprion)","KMW_KW3","11WD7BISC5GKW3-T","Fossil Gas","11WD7BISC5GKW3-T","27/04/2026 13:00 - 27/04/2026 14:00","0.00",""
"27/04/2026 00:00 - 28/04/2026 00:00","CTA|DE(Amprion)","KMW_KW3","11WD7BISC5GKW3-T","Fossil Gas","11WD7BISC5GKW3-T","27/04/2026 14:00 - 27/04/2026 15:00","0.00",""
"27/04/2026 00:00 - 28/04/2026 00:00","CTA|DE(Amprion)","KMW_KW3","11WD7BISC5GKW3-T","Fossil Gas","11WD7BISC5GKW3-T","27/04/2026 15:00 - 27/04/2026 16:00","0.00",""
"27/04/2026 00:00 - 28/04/2026 00:00","CTA|DE(Amprion)","KMW_KW3","11WD7BISC5GKW3-T","Fossil Gas","11WD7BISC5GKW3-T","27/04/2026 16:00 - 27/04/2026 17:00","0.00",""
"27/04/2026 00:00 - 28/04/2026 00:00","CTA|DE(Amprion)","KMW_KW3","11WD7BISC5GKW3-T","Fossil Gas","11WD7BISC5GKW3-T","27/04/2026 17:00 - 27/04/2026 18:00","0.00",""
"27/04/2026 00:00 - 28/04/2026 00:00","CTA|DE(Amprion)","KMW_KW3","11WD7BISC5GKW3-T","Fossil Gas","11WD7BISC5GKW3-T","27/04/2026 18:00 - 27/04/2026 19:00","255.55",""
"27/04/2026 00:00 - 28/04/2026 00:00","CTA|DE(Amprion)","KMW_KW3","11WD7BISC5GKW3-T","Fossil Gas","11WD7BISC5GKW3-T","27/04/2026 19:00 - 27/04/2026 20:00","404.80",""
"27/04/2026 00:00 - 28/04/2026 00:00","CTA|DE(Amprion)","KMW_KW3","11WD7BISC5GKW3-T","Fossil Gas","11WD7BISC5GKW3-T","27/04/2026 20:00 - 27/04/2026 21:00","408.55",""
"27/04/2026 00:00 - 28/04/2026 00:00","CTA|DE(Amprion)","KMW_KW3","11WD7BISC5GKW3-T","Fossil Gas","11WD7BISC5GKW3-T","27/04/2026 21:00 - 27/04/2026 22:00","412.27",""
"27/04/2026 00:00 - 28/04/2026 00:00","CTA|DE(Amprion)","KMW_KW3","11WD7BISC5GKW3-T","Fossil Gas","11WD7BISC5GKW3-T","27/04/2026 22:00 - 27/04/2026 23:00","415.25",""
"27/04/2026 00:00 - 28/04/2026 00:00","CTA|DE(Amprion)","KMW_KW3","11WD7BISC5GKW3-T","Fossil Gas","11WD7BISC5GKW3-T","27/04/2026 23:00 - 28/04/2026 00:00","390.18",""
"27/04/2026 00:00 - 28/04/2026 00:00","CTA|DE(Amprion)","DT HKW-Niehl-2","11WD7BOLA5GDTN2T","Fossil Gas","11WD7BOLA5GDTN2T","27/04/2026 00:00 - 27/04/2026 01:00","0.00",""
"27/04/2026 00:00 - 28/04/2026 00:00","CTA|DE(Amprion)","DT HKW-Niehl-2","11WD7BOLA5GDTN2T","Fossil Gas","11WD7BOLA5GDTN2T","27/04/2026 01:00 - 27/04/2026 02:00","0.00",""
"27/04/2026 00:00 - 28/04/2026 00:00","CTA|DE(Amprion)","DT HKW-Niehl-2","11WD7BOLA5GDTN2T","Fossil Gas","11WD7BOLA5GDTN2T","27/04/2026 02:00 - 27/04/2026 03:00","0.00",""
"27/04/2026 00:00 - 28/04/2026 00:00","CTA|DE(Amprion)","DT HKW-Niehl-2","11WD7BOLA5GDTN2T","Fossil Gas","11WD7BOLA5GDTN2T","27/04/2026 03:00 - 27/04/2026 04:00","0.00",""
"27/04/2026 00:00 - 28/04/2026 00:00","CTA|DE(Amprion)","DT HKW-Niehl-2","11WD7BOLA5GDTN2T","Fossil Gas","11WD7BOLA5GDTN2T","27/04/2026 04:00 - 27/04/2026 05:00","0.00",""
"27/04/2026 00:00 - 28/04/2026 00:00","CTA|DE(Amprion)","DT HKW-Niehl-2","11WD7BOLA5GDTN2T","Fossil Gas","11WD7BOLA5GDTN2T","27/04/2026 05:00 - 27/04/2026 06:00","0.00",""
"27/04/2026 00:00 - 28/04/2026 00:00","CTA|DE(Amprion)","DT HKW-Niehl-2","11WD7BOLA5GDTN2T","Fossil Gas","11WD7BOLA5GDTN2T","27/04/2026 06:00 - 27/04/2026 07:00","0.00",""
"27/04/2026 00:00 - 28/04/2026 00:00","CTA|DE(Amprion)","DT HKW-Niehl-2","11WD7BOLA5GDTN2T","Fossil Gas","11WD7BOLA5GDTN2T","27/04/2026 07:00 - 27/04/2026 08:00","0.00",""
"27/04/2026 00:00 - 28/04/2026 00:00","CTA|DE(Amprion)","DT HKW-Niehl-2","11WD7BOLA5GDTN2T","Fossil Gas","11WD7BOLA5GDTN2T","27/04/2026 08:00 - 27/04/2026 09:00","0.00",""
"27/04/2026 00:00 - 28/04/2026 00:00","CTA|DE(Amprion)","DT HKW-Niehl-2","11WD7BOLA5GDTN2T","Fossil Gas","11WD7BOLA5GDTN2T","27/04/2026 09:00 - 27/04/2026 10:00","0.00",""
"27/04/2026 00:00 - 28/04/2026 00:00","CTA|DE(Amprion)","DT HKW-Niehl-2","11WD7BOLA5GDTN2T","Fossil Gas","11WD7BOLA5GDTN2T","27/04/2026 10:00 - 27/04/2026 11:00","0.00",""
"27/04/2026 00:00 - 28/04/2026 00:00","CTA|DE(Amprion)","DT HKW-Niehl-2","11WD7BOLA5GDTN2T","Fossil Gas","11WD7BOLA5GDTN2T","27/04/2026 11:00 - 27/04/2026 12:00","0.00",""
"27/04/2026 00:00 - 28/04/2026 00:00","CTA|DE(Amprion)","DT HKW-Niehl-2","11WD7BOLA5GDTN2T","Fossil Gas","11WD7BOLA5GDTN2T","27/04/2026 12:00 - 27/04/2026 13:00","0.00",""
"27/04/2026 00:00 - 28/04/2026 00:00","CTA|DE(Amprion)","DT HKW-Niehl-2","11WD7BOLA5GDTN2T","Fossil Gas","11WD7BOLA5GDTN2T","27/04/2026 13:00 - 27/04/2026 14:00","0.00",""
"27/04/2026 00:00 - 28/04/2026 00:00","CTA|DE(Amprion)","DT HKW-Niehl-2","11WD7BOLA5GDTN2T","Fossil Gas","11WD7BOLA5GDTN2T","27/04/2026 14:00 - 27/04/2026 15:00","0.00",""
"27/04/2026 00:00 - 28/04/2026 00:00","CTA|DE(Amprion)","DT HKW-Niehl-2","11WD7BOLA5GDTN2T","Fossil Gas","11WD7BOLA5GDTN2T","27/04/2026 15:00 - 27/04/2026 16:00","0.00",""
"27/04/2026 00:00 - 28/04/2026 00:00","CTA|DE(Amprion)","DT HKW-Niehl-2","11WD7BOLA5GDTN2T","Fossil Gas","11WD7BOLA5GDTN2T","27/04/2026 16:00 - 27/04/2026 17:00","0.00",""
"27/04/2026 00:00 - 28/04/2026 00:00","CTA|DE(Amprion)","DT HKW-Niehl-2","11WD7BOLA5GDTN2T","Fossil Gas","11WD7BOLA5GDTN2T","27/04/2026 17:00 - 27/04/2026 18:00","0.00",""
"27/04/2026 00:00 - 28/04/2026 00:00","CTA|DE(Amprion)","DT HKW-Niehl-2","11WD7BOLA5GDTN2T","Fossil Gas","11WD7BOLA5GDTN2T","27/04/2026 18:00 - 27/04/2026 19:00","0.00",""
"27/04/2026 00:00 - 28/04/2026 00:00","CTA|DE(Amprion)","DT HKW-Niehl-2","11WD7BOLA5GDTN2T","Fossil Gas","11WD7BOLA5GDTN2T","27/04/2026 19:00 - 27/04/2026 20:00","0.00",""
"27/04/2026 00:00 - 28/04/2026 00:00","CTA|DE(Amprion)","DT HKW-Niehl-2","11WD7BOLA5GDTN2T","Fossil Gas","11WD7BOLA5GDTN2T","27/04/2026 20:00 - 27/04/2026 21:00","0.00",""
"27/04/2026 00:00 - 28/04/2026 00:00","CTA|DE(Amprion)","DT HKW-Niehl-2","11WD7BOLA5GDTN2T","Fossil Gas","11WD7BOLA5GDTN2T","27/04/2026 21:00 - 27/04/2026 22:00","0.00",""
"27/04/2026 00:00 - 28/04/2026 00:00","CTA|DE(Amprion)","DT HKW-Niehl-2","11WD7BOLA5GDTN2T","Fossil Gas","11WD7BOLA5GDTN2T","27/04/2026 22:00 - 27/04/2026 23:00","0.00",""
"27/04/2026 00:00 - 28/04/2026 00:00","CTA|DE(Amprion)","DT HKW-Niehl-2","11WD7BOLA5GDTN2T","Fossil Gas","11WD7BOLA5GDTN2T","27/04/2026 23:00 - 28/04/2026 00:00","0.00",""
"27/04/2026 00:00 - 28/04/2026 00:00","CTA|DE(Amprion)","GT HKW-Niehl-2","11WD7BOLA5GGTN2E","Fossil Gas","11WD7BOLA5GGTN2E","27/04/2026 00:00 - 27/04/2026 01:00","0.00",""
"27/04/2026 00:00 - 28/04/2026 00:00","CTA|DE(Amprion)","GT HKW-Niehl-2","11WD7BOLA5GGTN2E","Fossil Gas","11WD7BOLA5GGTN2E","27/04/2026 01:00 - 27/04/2026 02:00","0.00",""
"27/04/2026 00:00 - 28/04/2026 00:00","CTA|DE(Amprion)","GT HKW-Niehl-2","11WD7BOLA5GGTN2E","Fossil Gas","11WD7BOLA5GGTN2E","27/04/2026 02:00 - 27/04/2026 03:00","0.00",""
"27/04/2026 00:00 - 28/04/2026 00:00","CTA|DE(Amprion)","GT HKW-Niehl-2","11WD7BOLA5GGTN2E","Fossil Gas","11WD7BOLA5GGTN2E","27/04/2026 03:00 - 27/04/2026 04:00","0.00",""
"27/04/2026 00:00 - 28/04/2026 00:00","CTA|DE(Amprion)","GT HKW-Niehl-2","11WD7BOLA5GGTN2E","Fossil Gas","11WD7BOLA5GGTN2E","27/04/2026 04:00 - 27/04/2026 05:00","0.00",""
"27/04/2026 00:00 - 28/04/2026 00:00","CTA|DE(Amprion)","GT HKW-Niehl-2","11WD7BOLA5GGTN2E","Fossil Gas","11WD7BOLA5GGTN2E","27/04/2026 05:00 - 27/04/2026 06:00","0.00",""
"27/04/2026 00:00 - 28/04/2026 00:00","CTA|DE(Amprion)","GT HKW-Niehl-2","11WD7BOLA5GGTN2E","Fossil Gas","11WD7BOLA5GGTN2E","27/04/2026 06:00 - 27/04/2026 07:00","0.00",""
"27/04/2026 00:00 - 28/04/2026 00:00","CTA|DE(Amprion)","GT HKW-Niehl-2","11WD7BOLA5GGTN2E","Fossil Gas","11WD7BOLA5GGTN2E","27/04/2026 07:00 - 27/04/2026 08:00","0.00",""
"27/04/2026 00:00 - 28/04/2026 00:00","CTA|DE(Amprion)","GT HKW-Niehl-2","11WD7BOLA5GGTN2E","Fossil Gas","11WD7BOLA5GGTN2E","27/04/2026 08:00 - 27/04/2026 09:00","0.00",""
"27/04/2026 00:00 - 28/04/2026 00:00","CTA|DE(Amprion)","GT HKW-Niehl-2","11WD7BOLA5GGTN2E","Fossil Gas","11WD7BOLA5GGTN2E","27/04/2026 09:00 - 27/04/2026 10:00","0.00",""
"27/04/2026 00:00 - 28/04/2026 00:00","CTA|DE(Amprion)","GT HKW-Niehl-2","11WD7BOLA5GGTN2E","Fossil Gas","11WD7BOLA5GGTN2E","27/04/2026 10:00 - 27/04/2026 11:00","0.00",""
"27/04/2026 00:00 - 28/04/2026 00:00","CTA|DE(Amprion)","GT HKW-Niehl-2","11WD7BOLA5GGTN2E","Fossil Gas","11WD7BOLA5GGTN2E","27/04/2026 11:00 - 27/04/2026 12:00","0.00",""
"27/04/2026 00:00 - 28/04/2026 00:00","CTA|DE(Amprion)","GT HKW-Niehl-2","11WD7BOLA5GGTN2E","Fossil Gas","11WD7BOLA5GGTN2E","27/04/2026 12:00 - 27/04/2026 13:00","0.00",""
"27/04/2026 00:00 - 28/04/2026 00:00","CTA|DE(Amprion)","GT HKW-Niehl-2","11WD7BOLA5GGTN2E","Fossil Gas","11WD7BOLA5GGTN2E","27/04/2026 13:00 - 27/04/2026 14:00","0.00",""
"27/04/2026 00:00 - 28/04/2026 00:00","CTA|DE(Amprion)","GT HKW-Niehl-2","11WD7BOLA5GGTN2E","Fossil Gas","11WD7BOLA5GGTN2E","27/04/2026 14:00 - 27/04/2026 15:00","0.00",""
"27/04/2026 00:00 - 28/04/2026 00:00","CTA|DE(Amprion)","GT HKW-Niehl-2","11WD7BOLA5GGTN2E","Fossil Gas","11WD7BOLA5GGTN2E","27/04/2026 15:00 - 27/04/2026 16:00","0.00",""
"27/04/2026 00:00 - 28/04/2026 00:00","CTA|DE(Amprion)","GT HKW-Niehl-2","11WD7BOLA5GGTN2E","Fossil Gas","11WD7BOLA5GGTN2E","27/04/2026 16:00 - 27/04/2026 17:00","0.00",""
"27/04/2026 00:00 - 28/04/2026 00:00","CTA|DE(Amprion)","GT HKW-Niehl-2","11WD7BOLA5GGTN2E","Fossil Gas","11WD7BOLA5GGTN2E","27/04/2026 17:00 - 27/04/2026 18:00","0.00",""
"27/04/2026 00:00 - 28/04/2026 00:00","CTA|DE(Amprion)","GT HKW-Niehl-2","11WD7BOLA5GGTN2E","Fossil Gas","11WD7BOLA5GGTN2E","27/04/2026 18:00 - 27/04/2026 19:00","0.00",""
"27/04/2026 00:00 - 28/04/2026 00:00","CTA|DE(Amprion)","GT HKW-Niehl-2","11WD7BOLA5GGTN2E","Fossil Gas","11WD7BOLA5GGTN2E","27/04/2026 19:00 - 27/04/2026 20:00","0.00",""
"27/04/2026 00:00 - 28/04/2026 00:00","CTA|DE(Amprion)","GT HKW-Niehl-2","11WD7BOLA5GGTN2E","Fossil Gas","11WD7BOLA5GGTN2E","27/04/2026 20:00 - 27/04/2026 21:00","0.00",""
"27/04/2026 00:00 - 28/04/2026 00:00","CTA|DE(Amprion)","GT HKW-Niehl-2","11WD7BOLA5GGTN2E","Fossil Gas","11WD7BOLA5GGTN2E","27/04/2026 21:00 - 27/04/2026 22:00","0.00",""
"27/04/2026 00:00 - 28/04/2026 00:00","CTA|DE(Amprion)","GT HKW-Niehl-2","11WD7BOLA5GGTN2E","Fossil Gas","11WD7BOLA5GGTN2E","27/04/2026 22:00 - 27/04/2026 23:00","0.00",""
"27/04/2026 00:00 - 28/04/2026 00:00","CTA|DE(Amprion)","GT HKW-Niehl-2","11WD7BOLA5GGTN2E","Fossil Gas","11WD7BOLA5GGTN2E","27/04/2026 23:00 - 28/04/2026 00:00","0.00",""
"27/04/2026 00:00 - 28/04/2026 00:00","CTA|DE(Amprion)","GuD Dormagen","11WD7BRAU5G-GUDH","Fossil Gas","11WD7BRAU5G-GUDH","27/04/2026 00:00 - 27/04/2026 01:00","0.00",""
"27/04/2026 00:00 - 28/04/2026 00:00","CTA|DE(Amprion)","GuD Dormagen","11WD7BRAU5G-GUDH","Fossil Gas","11WD7BRAU5G-GUDH","27/04/2026 01:00 - 27/04/2026 02:00","0.00",""
"27/04/2026 00:00 - 28/04/2026 00:00","CTA|DE(Amprion)","GuD Dormagen","11WD7BRAU5G-GUDH","Fossil Gas","11WD7BRAU5G-GUDH","27/04/2026 02:00 - 27/04/2026 03:00","0.00",""
"27/04/2026 00:00 - 28/04/2026 00:00","CTA|DE(Amprion)","GuD Dormagen","11WD7BRAU5G-GUDH","Fossil Gas","11WD7BRAU5G-GUDH","27/04/2026 03:00 - 27/04/2026 04:00","0.00",""
"27/04/2026 00:00 - 28/04/2026 00:00","CTA|DE(Amprion)","GuD Dormagen","11WD7BRAU5G-GUDH","Fossil Gas","11WD7BRAU5G-GUDH","27/04/2026 04:00 - 27/04/2026 05:00","0.00",""
"27/04/2026 00:00 - 28/04/2026 00:00","CTA|DE(Amprion)","GuD Dormagen","11WD7BRAU5G-GUDH","Fossil Gas","11WD7BRAU5G-GUDH","27/04/2026 05:00 - 27/04/2026 06:00","0.00",""
"27/04/2026 00:00 - 28/04/2026 00:00","CTA|DE(Amprion)","GuD Dormagen","11WD7BRAU5G-GUDH","Fossil Gas","11WD7BRAU5G-GUDH","27/04/2026 06:00 - 27/04/2026 07:00","0.00",""
"27/04/2026 00:00 - 28/04/2026 00:00","CTA|DE(Amprion)","GuD Dormagen","11WD7BRAU5G-GUDH","Fossil Gas","11WD7BRAU5G-GUDH","27/04/2026 07:00 - 27/04/2026 08:00","0.00",""
"27/04/2026 00:00 - 28/04/2026 00:00","CTA|DE(Amprion)","GuD Dormagen","11WD7BRAU5G-GUDH","Fossil Gas","11WD7BRAU5G-GUDH","27/04/2026 08:00 - 27/04/2026 09:00","0.00",""
"27/04/2026 00:00 - 28/04/2026 00:00","CTA|DE(Amprion)","GuD Dormagen","11WD7BRAU5G-GUDH","Fossil Gas","11WD7BRAU5G-GUDH","27/04/2026 09:00 - 27/04/2026 10:00","0.00",""
"27/04/2026 00:00 - 28/04/2026 00:00","CTA|DE(Amprion)","GuD Dormagen","11WD7BRAU5G-GUDH","Fossil Gas","11WD7BRAU5G-GUDH","27/04/2026 10:00 - 27/04/2026 11:00","0.00",""
"27/04/2026 00:00 - 28/04/2026 00:00","CTA|DE(Amprion)","GuD Dormagen","11WD7BRAU5G-GUDH","Fossil Gas","11WD7BRAU5G-GUDH","27/04/2026 11:00 - 27/04/2026 12:00","0.00",""
"27/04/2026 00:00 - 28/04/2026 00:00","CTA|DE(Amprion)","GuD Dormagen","11WD7BRAU5G-GUDH","Fossil Gas","11WD7BRAU5G-GUDH","27/04/2026 12:00 - 27/04/2026 13:00","0.00",""
"27/04/2026 00:00 - 28/04/2026 00:00","CTA|DE(Amprion)","GuD Dormagen","11WD7BRAU5G-GUDH","Fossil Gas","11WD7BRAU5G-GUDH","27/04/2026 13:00 - 27/04/2026 14:00","0.00",""
"27/04/2026 00:00 - 28/04/2026 00:00","CTA|DE(Amprion)","GuD Dormagen","11WD7BRAU5G-GUDH","Fossil Gas","11WD7BRAU5G-GUDH","27/04/2026 14:00 - 27/04/2026 15:00","0.00",""
"27/04/2026 00:00 - 28/04/2026 00:00","CTA|DE(Amprion)","GuD Dormagen","11WD7BRAU5G-GUDH","Fossil Gas","11WD7BRAU5G-GUDH","27/04/2026 15:00 - 27/04/2026 16:00","0.00",""
"27/04/2026 00:00 - 28/04/2026 00:00","CTA|DE(Amprion)","GuD Dormagen","11WD7BRAU5G-GUDH","Fossil Gas","11WD7BRAU5G-GUDH","27/04/2026 16:00 - 27/04/2026 17:00","0.00",""
"27/04/2026 00:00 - 28/04/2026 00:00","CTA|DE(Amprion)","GuD Dormagen","11WD7BRAU5G-GUDH","Fossil Gas","11WD7BRAU5G-GUDH","27/04/2026 17:00 - 27/04/2026 18:00","0.00",""
"27/04/2026 00:00 - 28/04/2026 00:00","CTA|DE(Amprion)","GuD Dormagen","11WD7BRAU5G-GUDH","Fossil Gas","11WD7BRAU5G-GUDH","27/04/2026 18:00 - 27/04/2026 19:00","0.00",""
"27/04/2026 00:00 - 28/04/2026 00:00","CTA|DE(Amprion)","GuD Dormagen","11WD7BRAU5G-GUDH","Fossil Gas","11WD7BRAU5G-GUDH","27/04/2026 19:00 - 27/04/2026 20:00","0.00",""
"27/04/2026 00:00 - 28/04/2026 00:00","CTA|DE(Amprion)","GuD Dormagen","11WD7BRAU5G-GUDH","Fossil Gas","11WD7BRAU5G-GUDH","27/04/2026 20:00 - 27/04/2026 21:00","0.00",""
"27/04/2026 00:00 - 28/04/2026 00:00","CTA|DE(Amprion)","GuD Dormagen","11WD7BRAU5G-GUDH","Fossil Gas","11WD7BRAU5G-GUDH","27/04/2026 21:00 - 27/04/2026 22:00","0.00",""
"27/04/2026 00:00 - 28/04/2026 00:00","CTA|DE(Amprion)","GuD Dormagen","11WD7BRAU5G-GUDH","Fossil Gas","11WD7BRAU5G-GUDH","27/04/2026 22:00 - 27/04/2026 23:00","0.00",""
"27/04/2026 00:00 - 28/04/2026 00:00","CTA|DE(Amprion)","GuD Dormagen","11WD7BRAU5G-GUDH","Fossil Gas","11WD7BRAU5G-GUDH","27/04/2026 23:00 - 28/04/2026 00:00","0.00",""
"27/04/2026 00:00 - 28/04/2026 00:00","CTA|DE(Amprion)","Emsland B","11WD7EMSL-G-BLB0","Fossil Gas","11WD7EMSL-G-BLB0","27/04/2026 00:00 - 27/04/2026 01:00","0.00",""
"27/04/2026 00:00 - 28/04/2026 00:00","CTA|DE(Amprion)","Emsland B","11WD7EMSL-G-BLB0","Fossil Gas","11WD7EMSL-G-BLB0","27/04/2026 01:00 - 27/04/2026 02:00","0.00",""
"27/04/2026 00:00 - 28/04/2026 00:00","CTA|DE(Amprion)","Emsland B","11WD7EMSL-G-BLB0","Fossil Gas","11WD7EMSL-G-BLB0","27/04/2026 02:00 - 27/04/2026 03:00","0.00",""
"27/04/2026 00:00 - 28/04/2026 00:00","CTA|DE(Amprion)","Emsland B","11WD7EMSL-G-BLB0","Fossil Gas","11WD7EMSL-G-BLB0","27/04/2026 03:00 - 27/04/2026 04:00","29.05",""
"27/04/2026 00:00 - 28/04/2026 00:00","CTA|DE(Amprion)","Emsland B","11WD7EMSL-G-BLB0","Fossil Gas","11WD7EMSL-G-BLB0","27/04/2026 04:00 - 27/04/2026 05:00","54.30",""
"27/04/2026 00:00 - 28/04/2026 00:00","CTA|DE(Amprion)","Emsland B","11WD7EMSL-G-BLB0","Fossil Gas","11WD7EMSL-G-BLB0","27/04/2026 05:00 - 27/04/2026 06:00","91.92",""
"27/04/2026 00:00 - 28/04/2026 00:00","CTA|DE(Amprion)","Emsland B","11WD7EMSL-G-BLB0","Fossil Gas","11WD7EMSL-G-BLB0","27/04/2026 06:00 - 27/04/2026 07:00","165.30",""
"27/04/2026 00:00 - 28/04/2026 00:00","CTA|DE(Amprion)","Emsland B","11WD7EMSL-G-BLB0","Fossil Gas","11WD7EMSL-G-BLB0","27/04/2026 07:00 - 27/04/2026 08:00","211.50",""
"27/04/2026 00:00 - 28/04/2026 00:00","CTA|DE(Amprion)","Emsland B","11WD7EMSL-G-BLB0","Fossil Gas","11WD7EMSL-G-BLB0","27/04/2026 08:00 - 27/04/2026 09:00","223.68",""
"27/04/2026 00:00 - 28/04/2026 00:00","CTA|DE(Amprion)","Emsland B","11WD7EMSL-G-BLB0","Fossil Gas","11WD7EMSL-G-BLB0","27/04/2026 09:00 - 27/04/2026 10:00","328.68",""
"27/04/2026 00:00 - 28/04/2026 00:00","CTA|DE(Amprion)","Emsland B","11WD7EMSL-G-BLB0","Fossil Gas","11WD7EMSL-G-BLB0","27/04/2026 10:00 - 27/04/2026 11:00","230.18",""
"27/04/2026 00:00 - 28/04/2026 00:00","CTA|DE(Amprion)","Emsland B","11WD7EMSL-G-BLB0","Fossil Gas","11WD7EMSL-G-BLB0","27/04/2026 11:00 - 27/04/2026 12:00","2.88",""
"27/04/2026 00:00 - 28/04/2026 00:00","CTA|DE(Amprion)","Emsland B","11WD7EMSL-G-BLB0","Fossil Gas","11WD7EMSL-G-BLB0","27/04/2026 12:00 - 27/04/2026 13:00","0.00",""
"27/04/2026 00:00 - 28/04/2026 00:00","CTA|DE(Amprion)","Emsland B","11WD7EMSL-G-BLB0","Fossil Gas","11WD7EMSL-G-BLB0","27/04/2026 13:00 - 27/04/2026 14:00","0.00",""
"27/04/2026 00:00 - 28/04/2026 00:00","CTA|DE(Amprion)","Emsland B","11WD7EMSL-G-BLB0","Fossil Gas","11WD7EMSL-G-BLB0","27/04/2026 14:00 - 27/04/2026 15:00","0.00",""
"27/04/2026 00:00 - 28/04/2026 00:00","CTA|DE(Amprion)","Emsland B","11WD7EMSL-G-BLB0","Fossil Gas","11WD7EMSL-G-BLB0","27/04/2026 15:00 - 27/04/2026 16:00","0.00",""
"27/04/2026 00:00 - 28/04/2026 00:00","CTA|DE(Amprion)","Emsland B","11WD7EMSL-G-BLB0","Fossil Gas","11WD7EMSL-G-BLB0","27/04/2026 16:00 - 27/04/2026 17:00","0.00",""
"27/04/2026 00:00 - 28/04/2026 00:00","CTA|DE(Amprion)","Emsland B","11WD7EMSL-G-BLB0","Fossil Gas","11WD7EMSL-G-BLB0","27/04/2026 17:00 - 27/04/2026 18:00","0.00",""
"27/04/2026 00:00 - 28/04/2026 00:00","CTA|DE(Amprion)","Emsland B","11WD7EMSL-G-BLB0","Fossil Gas","11WD7EMSL-G-BLB0","27/04/2026 18:00 - 27/04/2026 19:00","0.00",""
"27/04/2026 00:00 - 28/04/2026 00:00","CTA|DE(Amprion)","Emsland B","11WD7EMSL-G-BLB0","Fossil Gas","11WD7EMSL-G-BLB0","27/04/2026 19:00 - 27/04/2026 20:00","0.00",""
"27/04/2026 00:00 - 28/04/2026 00:00","CTA|DE(Amprion)","Emsland B","11WD7EMSL-G-BLB0","Fossil Gas","11WD7EMSL-G-BLB0","27/04/2026 20:00 - 27/04/2026 21:00","0.00",""
"27/04/2026 00:00 - 28/04/2026 00:00","CTA|DE(Amprion)","Emsland B","11WD7EMSL-G-BLB0","Fossil Gas","11WD7EMSL-G-BLB0","27/04/2026 21:00 - 27/04/2026 22:00","0.00",""
"27/04/2026 00:00 - 28/04/2026 00:00","CTA|DE(Amprion)","Emsland B","11WD7EMSL-G-BLB0","Fossil Gas","11WD7EMSL-G-BLB0","27/04/2026 22:00 - 27/04/2026 23:00","0.00",""
"27/04/2026 00:00 - 28/04/2026 00:00","CTA|DE(Amprion)","Emsland B","11WD7EMSL-G-BLB0","Fossil Gas","11WD7EMSL-G-BLB0","27/04/2026 23:00 - 28/04/2026 00:00","0.00",""
"27/04/2026 00:00 - 28/04/2026 00:00","CTA|DE(Amprion)","Emsland C","11WD7EMSL-G-BLCZ","Fossil Gas","11WD7EMSL-G-BLCZ","27/04/2026 00:00 - 27/04/2026 01:00","0.00",""
"27/04/2026 00:00 - 28/04/2026 00:00","CTA|DE(Amprion)","Emsland C","11WD7EMSL-G-BLCZ","Fossil Gas","11WD7EMSL-G-BLCZ","27/04/2026 01:00 - 27/04/2026 02:00","0.00",""
"27/04/2026 00:00 - 28/04/2026 00:00","CTA|DE(Amprion)","Emsland C","11WD7EMSL-G-BLCZ","Fossil Gas","11WD7EMSL-G-BLCZ","27/04/2026 02:00 - 27/04/2026 03:00","0.00",""
"27/04/2026 00:00 - 28/04/2026 00:00","CTA|DE(Amprion)","Emsland C","11WD7EMSL-G-BLCZ","Fossil Gas","11WD7EMSL-G-BLCZ","27/04/2026 03:00 - 27/04/2026 04:00","0.00",""
"27/04/2026 00:00 - 28/04/2026 00:00","CTA|DE(Amprion)","Emsland C","11WD7EMSL-G-BLCZ","Fossil Gas","11WD7EMSL-G-BLCZ","27/04/2026 04:00 - 27/04/2026 05:00","0.00",""
"27/04/2026 00:00 - 28/04/2026 00:00","CTA|DE(Amprion)","Emsland C","11WD7EMSL-G-BLCZ","Fossil Gas","11WD7EMSL-G-BLCZ","27/04/2026 05:00 - 27/04/2026 06:00","3.25",""
"27/04/2026 00:00 - 28/04/2026 00:00","CTA|DE(Amprion)","Emsland C","11WD7EMSL-G-BLCZ","Fossil Gas","11WD7EMSL-G-BLCZ","27/04/2026 06:00 - 27/04/2026 07:00","112.92",""
"27/04/2026 00:00 - 28/04/2026 00:00","CTA|DE(Amprion)","Emsland C","11WD7EMSL-G-BLCZ","Fossil Gas","11WD7EMSL-G-BLCZ","27/04/2026 07:00 - 27/04/2026 08:00","158.50",""
"27/04/2026 00:00 - 28/04/2026 00:00","CTA|DE(Amprion)","Emsland C","11WD7EMSL-G-BLCZ","Fossil Gas","11WD7EMSL-G-BLCZ","27/04/2026 08:00 - 27/04/2026 09:00","333.20",""
"27/04/2026 00:00 - 28/04/2026 00:00","CTA|DE(Amprion)","Emsland C","11WD7EMSL-G-BLCZ","Fossil Gas","11WD7EMSL-G-BLCZ","27/04/2026 09:00 - 27/04/2026 10:00","223.20",""
"27/04/2026 00:00 - 28/04/2026 00:00","CTA|DE(Amprion)","Emsland C","11WD7EMSL-G-BLCZ","Fossil Gas","11WD7EMSL-G-BLCZ","27/04/2026 10:00 - 27/04/2026 11:00","144.40",""
"27/04/2026 00:00 - 28/04/2026 00:00","CTA|DE(Amprion)","Emsland C","11WD7EMSL-G-BLCZ","Fossil Gas","11WD7EMSL-G-BLCZ","27/04/2026 11:00 - 27/04/2026 12:00","106.60",""
"27/04/2026 00:00 - 28/04/2026 00:00","CTA|DE(Amprion)","Emsland C","11WD7EMSL-G-BLCZ","Fossil Gas","11WD7EMSL-G-BLCZ","27/04/2026 12:00 - 27/04/2026 13:00","0.00",""
"27/04/2026 00:00 - 28/04/2026 00:00","CTA|DE(Amprion)","Emsland C","11WD7EMSL-G-BLCZ","Fossil Gas","11WD7EMSL-G-BLCZ","27/04/2026 13:00 - 27/04/2026 14:00","0.00",""
"27/04/2026 00:00 - 28/04/2026 00:00","CTA|DE(Amprion)","Emsland C","11WD7EMSL-G-BLCZ","Fossil Gas","11WD7EMSL-G-BLCZ","27/04/2026 14:00 - 27/04/2026 15:00","0.00",""
"27/04/2026 00:00 - 28/04/2026 00:00","CTA|DE(Amprion)","Emsland C","11WD7EMSL-G-BLCZ","Fossil Gas","11WD7EMSL-G-BLCZ","27/04/2026 15:00 - 27/04/2026 16:00","0.00",""
"27/04/2026 00:00 - 28/04/2026 00:00","CTA|DE(Amprion)","Emsland C","11WD7EMSL-G-BLCZ","Fossil Gas","11WD7EMSL-G-BLCZ","27/04/2026 16:00 - 27/04/2026 17:00","0.00",""
"27/04/2026 00:00 - 28/04/2026 00:00","CTA|DE(Amprion)","Emsland C","11WD7EMSL-G-BLCZ","Fossil Gas","11WD7EMSL-G-BLCZ","27/04/2026 17:00 - 27/04/2026 18:00","0.00",""
"27/04/2026 00:00 - 28/04/2026 00:00","CTA|DE(Amprion)","Emsland C","11WD7EMSL-G-BLCZ","Fossil Gas","11WD7EMSL-G-BLCZ","27/04/2026 18:00 - 27/04/2026 19:00","0.00",""
"27/04/2026 00:00 - 28/04/2026 00:00","CTA|DE(Amprion)","Emsland C","11WD7EMSL-G-BLCZ","Fossil Gas","11WD7EMSL-G-BLCZ","27/04/2026 19:00 - 27/04/2026 20:00","0.00",""
"27/04/2026 00:00 - 28/04/2026 00:00","CTA|DE(Amprion)","Emsland C","11WD7EMSL-G-BLCZ","Fossil Gas","11WD7EMSL-G-BLCZ","27/04/2026 20:00 - 27/04/2026 21:00","0.00",""
"27/04/2026 00:00 - 28/04/2026 00:00","CTA|DE(Amprion)","Emsland C","11WD7EMSL-G-BLCZ","Fossil Gas","11WD7EMSL-G-BLCZ","27/04/2026 21:00 - 27/04/2026 22:00","0.00",""
"27/04/2026 00:00 - 28/04/2026 00:00","CTA|DE(Amprion)","Emsland C","11WD7EMSL-G-BLCZ","Fossil Gas","11WD7EMSL-G-BLCZ","27/04/2026 22:00 - 27/04/2026 23:00","0.00",""
"27/04/2026 00:00 - 28/04/2026 00:00","CTA|DE(Amprion)","Emsland C","11WD7EMSL-G-BLCZ","Fossil Gas","11WD7EMSL-G-BLCZ","27/04/2026 23:00 - 28/04/2026 00:00","0.00",""
"27/04/2026 00:00 - 28/04/2026 00:00","CTA|DE(Amprion)","Emsland D","11WD7EMSL1G-GUD9","Fossil Gas","11WD7EMSL1G-GUD9","27/04/2026 00:00 - 27/04/2026 01:00","0.00",""
"27/04/2026 00:00 - 28/04/2026 00:00","CTA|DE(Amprion)","Emsland D","11WD7EMSL1G-GUD9","Fossil Gas","11WD7EMSL1G-GUD9","27/04/2026 01:00 - 27/04/2026 02:00","0.00",""
"27/04/2026 00:00 - 28/04/2026 00:00","CTA|DE(Amprion)","Emsland D","11WD7EMSL1G-GUD9","Fossil Gas","11WD7EMSL1G-GUD9","27/04/2026 02:00 - 27/04/2026 03:00","0.00",""
"27/04/2026 00:00 - 28/04/2026 00:00","CTA|DE(Amprion)","Emsland D","11WD7EMSL1G-GUD9","Fossil Gas","11WD7EMSL1G-GUD9","27/04/2026 03:00 - 27/04/2026 04:00","0.00",""
"27/04/2026 00:00 - 28/04/2026 00:00","CTA|DE(Amprion)","Emsland D","11WD7EMSL1G-GUD9","Fossil Gas","11WD7EMSL1G-GUD9","27/04/2026 04:00 - 27/04/2026 05:00","0.00",""
"27/04/2026 00:00 - 28/04/2026 00:00","CTA|DE(Amprion)","Emsland D","11WD7EMSL1G-GUD9","Fossil Gas","11WD7EMSL1G-GUD9","27/04/2026 05:00 - 27/04/2026 06:00","0.00",""
"27/04/2026 00:00 - 28/04/2026 00:00","CTA|DE(Amprion)","Emsland D","11WD7EMSL1G-GUD9","Fossil Gas","11WD7EMSL1G-GUD9","27/04/2026 06:00 - 27/04/2026 07:00","0.00",""
"27/04/2026 00:00 - 28/04/2026 00:00","CTA|DE(Amprion)","Emsland D","11WD7EMSL1G-GUD9","Fossil Gas","11WD7EMSL1G-GUD9","27/04/2026 07:00 - 27/04/2026 08:00","0.00",""
"27/04/2026 00:00 - 28/04/2026 00:00","CTA|DE(Amprion)","Emsland D","11WD7EMSL1G-GUD9","Fossil Gas","11WD7EMSL1G-GUD9","27/04/2026 08:00 - 27/04/2026 09:00","0.00",""
"27/04/2026 00:00 - 28/04/2026 00:00","CTA|DE(Amprion)","Emsland D","11WD7EMSL1G-GUD9","Fossil Gas","11WD7EMSL1G-GUD9","27/04/2026 09:00 - 27/04/2026 10:00","0.00",""
"27/04/2026 00:00 - 28/04/2026 00:00","CTA|DE(Amprion)","Emsland D","11WD7EMSL1G-GUD9","Fossil Gas","11WD7EMSL1G-GUD9","27/04/2026 10:00 - 27/04/2026 11:00","0.00",""
"27/04/2026 00:00 - 28/04/2026 00:00","CTA|DE(Amprion)","Emsland D","11WD7EMSL1G-GUD9","Fossil Gas","11WD7EMSL1G-GUD9","27/04/2026 11:00 - 27/04/2026 12:00","0.00",""
"27/04/2026 00:00 - 28/04/2026 00:00","CTA|DE(Amprion)","Emsland D","11WD7EMSL1G-GUD9","Fossil Gas","11WD7EMSL1G-GUD9","27/04/2026 12:00 - 27/04/2026 13:00","0.00",""
"27/04/2026 00:00 - 28/04/2026 00:00","CTA|DE(Amprion)","Emsland D","11WD7EMSL1G-GUD9","Fossil Gas","11WD7EMSL1G-GUD9","27/04/2026 13:00 - 27/04/2026 14:00","0.00",""
"27/04/2026 00:00 - 28/04/2026 00:00","CTA|DE(Amprion)","Emsland D","11WD7EMSL1G-GUD9","Fossil Gas","11WD7EMSL1G-GUD9","27/04/2026 14:00 - 27/04/2026 15:00","0.00",""
"27/04/2026 00:00 - 28/04/2026 00:00","CTA|DE(Amprion)","Emsland D","11WD7EMSL1G-GUD9","Fossil Gas","11WD7EMSL1G-GUD9","27/04/2026 15:00 - 27/04/2026 16:00","0.00",""
"27/04/2026 00:00 - 28/04/2026 00:00","CTA|DE(Amprion)","Emsland D","11WD7EMSL1G-GUD9","Fossil Gas","11WD7EMSL1G-GUD9","27/04/2026 16:00 - 27/04/2026 17:00","0.00",""
"27/04/2026 00:00 - 28/04/2026 00:00","CTA|DE(Amprion)","Emsland D","11WD7EMSL1G-GUD9","Fossil Gas","11WD7EMSL1G-GUD9","27/04/2026 17:00 - 27/04/2026 18:00","0.00",""
"27/04/2026 00:00 - 28/04/2026 00:00","CTA|DE(Amprion)","Emsland D","11WD7EMSL1G-GUD9","Fossil Gas","11WD7EMSL1G-GUD9","27/04/2026 18:00 - 27/04/2026 19:00","0.00",""
"27/04/2026 00:00 - 28/04/2026 00:00","CTA|DE(Amprion)","Emsland D","11WD7EMSL1G-GUD9","Fossil Gas","11WD7EMSL1G-GUD9","27/04/2026 19:00 - 27/04/2026 20:00","0.00",""
"27/04/2026 00:00 - 28/04/2026 00:00","CTA|DE(Amprion)","Emsland D","11WD7EMSL1G-GUD9","Fossil Gas","11WD7EMSL1G-GUD9","27/04/2026 20:00 - 27/04/2026 21:00","0.00",""
"27/04/2026 00:00 - 28/04/2026 00:00","CTA|DE(Amprion)","Emsland D","11WD7EMSL1G-GUD9","Fossil Gas","11WD7EMSL1G-GUD9","27/04/2026 21:00 - 27/04/2026 22:00","0.00",""
"27/04/2026 00:00 - 28/04/2026 00:00","CTA|DE(Amprion)","Emsland D","11WD7EMSL1G-GUD9","Fossil Gas","11WD7EMSL1G-GUD9","27/04/2026 22:00 - 27/04/2026 23:00","0.00",""
"27/04/2026 00:00 - 28/04/2026 00:00","CTA|DE(Amprion)","Emsland D","11WD7EMSL1G-GUD9","Fossil Gas","11WD7EMSL1G-GUD9","27/04/2026 23:00 - 28/04/2026 00:00","0.00",""
"27/04/2026 00:00 - 28/04/2026 00:00","CTA|DE(Amprion)","GuD-Anlage-HKW-Merkenich","11WD7FUEH5GMERKA","Fossil Gas","11WD7FUEH5GMERKA","27/04/2026 00:00 - 27/04/2026 01:00","0.00",""
"27/04/2026 00:00 - 28/04/2026 00:00","CTA|DE(Amprion)","GuD-Anlage-HKW-Merkenich","11WD7FUEH5GMERKA","Fossil Gas","11WD7FUEH5GMERKA","27/04/2026 01:00 - 27/04/2026 02:00","0.00",""
"27/04/2026 00:00 - 28/04/2026 00:00","CTA|DE(Amprion)","GuD-Anlage-HKW-Merkenich","11WD7FUEH5GMERKA","Fossil Gas","11WD7FUEH5GMERKA","27/04/2026 02:00 - 27/04/2026 03:00","0.00",""
"27/04/2026 00:00 - 28/04/2026 00:00","CTA|DE(Amprion)","GuD-Anlage-HKW-Merkenich","11WD7FUEH5GMERKA","Fossil Gas","11WD7FUEH5GMERKA","27/04/2026 03:00 - 27/04/2026 04:00","0.00",""
"27/04/2026 00:00 - 28/04/2026 00:00","CTA|DE(Amprion)","GuD-Anlage-HKW-Merkenich","11WD7FUEH5GMERKA","Fossil Gas","11WD7FUEH5GMERKA","27/04/2026 04:00 - 27/04/2026 05:00","0.00",""
"27/04/2026 00:00 - 28/04/2026 00:00","CTA|DE(Amprion)","GuD-Anlage-HKW-Merkenich","11WD7FUEH5GMERKA","Fossil Gas","11WD7FUEH5GMERKA","27/04/2026 05:00 - 27/04/2026 06:00","0.00",""
"27/04/2026 00:00 - 28/04/2026 00:00","CTA|DE(Amprion)","GuD-Anlage-HKW-Merkenich","11WD7FUEH5GMERKA","Fossil Gas","11WD7FUEH5GMERKA","27/04/2026 06:00 - 27/04/2026 07:00","0.00",""
"27/04/2026 00:00 - 28/04/2026 00:00","CTA|DE(Amprion)","GuD-Anlage-HKW-Merkenich","11WD7FUEH5GMERKA","Fossil Gas","11WD7FUEH5GMERKA","27/04/2026 07:00 - 27/04/2026 08:00","0.00",""
"27/04/2026 00:00 - 28/04/2026 00:00","CTA|DE(Amprion)","GuD-Anlage-HKW-Merkenich","11WD7FUEH5GMERKA","Fossil Gas","11WD7FUEH5GMERKA","27/04/2026 08:00 - 27/04/2026 09:00","0.00",""
"27/04/2026 00:00 - 28/04/2026 00:00","CTA|DE(Amprion)","GuD-Anlage-HKW-Merkenich","11WD7FUEH5GMERKA","Fossil Gas","11WD7FUEH5GMERKA","27/04/2026 09:00 - 27/04/2026 10:00","0.00",""
"27/04/2026 00:00 - 28/04/2026 00:00","CTA|DE(Amprion)","GuD-Anlage-HKW-Merkenich","11WD7FUEH5GMERKA","Fossil Gas","11WD7FUEH5GMERKA","27/04/2026 10:00 - 27/04/2026 11:00","0.00",""
"27/04/2026 00:00 - 28/04/2026 00:00","CTA|DE(Amprion)","GuD-Anlage-HKW-Merkenich","11WD7FUEH5GMERKA","Fossil Gas","11WD7FUEH5GMERKA","27/04/2026 11:00 - 27/04/2026 12:00","0.00",""
"27/04/2026 00:00 - 28/04/2026 00:00","CTA|DE(Amprion)","GuD-Anlage-HKW-Merkenich","11WD7FUEH5GMERKA","Fossil Gas","11WD7FUEH5GMERKA","27/04/2026 12:00 - 27/04/2026 13:00","0.00",""
"27/04/2026 00:00 - 28/04/2026 00:00","CTA|DE(Amprion)","GuD-Anlage-HKW-Merkenich","11WD7FUEH5GMERKA","Fossil Gas","11WD7FUEH5GMERKA","27/04/2026 13:00 - 27/04/2026 14:00","0.00",""
"27/04/2026 00:00 - 28/04/2026 00:00","CTA|DE(Amprion)","GuD-Anlage-HKW-Merkenich","11WD7FUEH5GMERKA","Fossil Gas","11WD7FUEH5GMERKA","27/04/2026 14:00 - 27/04/2026 15:00","0.00",""
"27/04/2026 00:00 - 28/04/2026 00:00","CTA|DE(Amprion)","GuD-Anlage-HKW-Merkenich","11WD7FUEH5GMERKA","Fossil Gas","11WD7FUEH5GMERKA","27/04/2026 15:00 - 27/04/2026 16:00","0.00",""
"27/04/2026 00:00 - 28/04/2026 00:00","CTA|DE(Amprion)","GuD-Anlage-HKW-Merkenich","11WD7FUEH5GMERKA","Fossil Gas","11WD7FUEH5GMERKA","27/04/2026 16:00 - 27/04/2026 17:00","0.00",""
"27/04/2026 00:00 - 28/04/2026 00:00","CTA|DE(Amprion)","GuD-Anlage-HKW-Merkenich","11WD7FUEH5GMERKA","Fossil Gas","11WD7FUEH5GMERKA","27/04/2026 17:00 - 27/04/2026 18:00","0.00",""
"27/04/2026 00:00 - 28/04/2026 00:00","CTA|DE(Amprion)","GuD-Anlage-HKW-Merkenich","11WD7FUEH5GMERKA","Fossil Gas","11WD7FUEH5GMERKA","27/04/2026 18:00 - 27/04/2026 19:00","0.00",""
"27/04/2026 00:00 - 28/04/2026 00:00","CTA|DE(Amprion)","GuD-Anlage-HKW-Merkenich","11WD7FUEH5GMERKA","Fossil Gas","11WD7FUEH5GMERKA","27/04/2026 19:00 - 27/04/2026 20:00","0.00",""
"27/04/2026 00:00 - 28/04/2026 00:00","CTA|DE(Amprion)","GuD-Anlage-HKW-Merkenich","11WD7FUEH5GMERKA","Fossil Gas","11WD7FUEH5GMERKA","27/04/2026 20:00 - 27/04/2026 21:00","0.00",""
"27/04/2026 00:00 - 28/04/2026 00:00","CTA|DE(Amprion)","GuD-Anlage-HKW-Merkenich","11WD7FUEH5GMERKA","Fossil Gas","11WD7FUEH5GMERKA","27/04/2026 21:00 - 27/04/2026 22:00","0.00",""
"27/04/2026 00:00 - 28/04/2026 00:00","CTA|DE(Amprion)","GuD-Anlage-HKW-Merkenich","11WD7FUEH5GMERKA","Fossil Gas","11WD7FUEH5GMERKA","27/04/2026 22:00 - 27/04/2026 23:00","0.00",""
"27/04/2026 00:00 - 28/04/2026 00:00","CTA|DE(Amprion)","GuD-Anlage-HKW-Merkenich","11WD7FUEH5GMERKA","Fossil Gas","11WD7FUEH5GMERKA","27/04/2026 23:00 - 28/04/2026 00:00","0.00",""
"27/04/2026 00:00 - 28/04/2026 00:00","CTA|DE(Amprion)","Gersteinwerk I","11WD7GERS-G-BLIY","Fossil Gas","11WD7GERS-G-BLIY","27/04/2026 00:00 - 27/04/2026 01:00","0.00",""
"27/04/2026 00:00 - 28/04/2026 00:00","CTA|DE(Amprion)","Gersteinwerk I","11WD7GERS-G-BLIY","Fossil Gas","11WD7GERS-G-BLIY","27/04/2026 01:00 - 27/04/2026 02:00","0.00",""
"27/04/2026 00:00 - 28/04/2026 00:00","CTA|DE(Amprion)","Gersteinwerk I","11WD7GERS-G-BLIY","Fossil Gas","11WD7GERS-G-BLIY","27/04/2026 02:00 - 27/04/2026 03:00","0.00",""
"27/04/2026 00:00 - 28/04/2026 00:00","CTA|DE(Amprion)","Gersteinwerk I","11WD7GERS-G-BLIY","Fossil Gas","11WD7GERS-G-BLIY","27/04/2026 03:00 - 27/04/2026 04:00","0.00",""
"27/04/2026 00:00 - 28/04/2026 00:00","CTA|DE(Amprion)","Gersteinwerk I","11WD7GERS-G-BLIY","Fossil Gas","11WD7GERS-G-BLIY","27/04/2026 04:00 - 27/04/2026 05:00","0.00",""
"27/04/2026 00:00 - 28/04/2026 00:00","CTA|DE(Amprion)","Gersteinwerk I","11WD7GERS-G-BLIY","Fossil Gas","11WD7GERS-G-BLIY","27/04/2026 05:00 - 27/04/2026 06:00","0.00",""
"27/04/2026 00:00 - 28/04/2026 00:00","CTA|DE(Amprion)","Gersteinwerk I","11WD7GERS-G-BLIY","Fossil Gas","11WD7GERS-G-BLIY","27/04/2026 06:00 - 27/04/2026 07:00","0.00",""
"27/04/2026 00:00 - 28/04/2026 00:00","CTA|DE(Amprion)","Gersteinwerk I","11WD7GERS-G-BLIY","Fossil Gas","11WD7GERS-G-BLIY","27/04/2026 07:00 - 27/04/2026 08:00","0.00",""
"27/04/2026 00:00 - 28/04/2026 00:00","CTA|DE(Amprion)","Gersteinwerk I","11WD7GERS-G-BLIY","Fossil Gas","11WD7GERS-G-BLIY","27/04/2026 08:00 - 27/04/2026 09:00","0.00",""
"27/04/2026 00:00 - 28/04/2026 00:00","CTA|DE(Amprion)","Gersteinwerk I","11WD7GERS-G-BLIY","Fossil Gas","11WD7GERS-G-BLIY","27/04/2026 09:00 - 27/04/2026 10:00","0.00",""
"27/04/2026 00:00 - 28/04/2026 00:00","CTA|DE(Amprion)","Gersteinwerk I","11WD7GERS-G-BLIY","Fossil Gas","11WD7GERS-G-BLIY","27/04/2026 10:00 - 27/04/2026 11:00","0.00",""
"27/04/2026 00:00 - 28/04/2026 00:00","CTA|DE(Amprion)","Gersteinwerk I","11WD7GERS-G-BLIY","Fossil Gas","11WD7GERS-G-BLIY","27/04/2026 11:00 - 27/04/2026 12:00","0.00",""
"27/04/2026 00:00 - 28/04/2026 00:00","CTA|DE(Amprion)","Gersteinwerk I","11WD7GERS-G-BLIY","Fossil Gas","11WD7GERS-G-BLIY","27/04/2026 12:00 - 27/04/2026 13:00","0.00",""
"27/04/2026 00:00 - 28/04/2026 00:00","CTA|DE(Amprion)","Gersteinwerk I","11WD7GERS-G-BLIY","Fossil Gas","11WD7GERS-G-BLIY","27/04/2026 13:00 - 27/04/2026 14:00","0.00",""
"27/04/2026 00:00 - 28/04/2026 00:00","CTA|DE(Amprion)","Gersteinwerk I","11WD7GERS-G-BLIY","Fossil Gas","11WD7GERS-G-BLIY","27/04/2026 14:00 - 27/04/2026 15:00","0.00",""
"27/04/2026 00:00 - 28/04/2026 00:00","CTA|DE(Amprion)","Gersteinwerk I","11WD7GERS-G-BLIY","Fossil Gas","11WD7GERS-G-BLIY","27/04/2026 15:00 - 27/04/2026 16:00","0.00",""
"27/04/2026 00:00 - 28/04/2026 00:00","CTA|DE(Amprion)","Gersteinwerk I","11WD7GERS-G-BLIY","Fossil Gas","11WD7GERS-G-BLIY","27/04/2026 16:00 - 27/04/2026 17:00","0.00",""
"27/04/2026 00:00 - 28/04/2026 00:00","CTA|DE(Amprion)","Gersteinwerk I","11WD7GERS-G-BLIY","Fossil Gas","11WD7GERS-G-BLIY","27/04/2026 17:00 - 27/04/2026 18:00","0.00",""
"27/04/2026 00:00 - 28/04/2026 00:00","CTA|DE(Amprion)","Gersteinwerk I","11WD7GERS-G-BLIY","Fossil Gas","11WD7GERS-G-BLIY","27/04/2026 18:00 - 27/04/2026 19:00","0.00",""
"27/04/2026 00:00 - 28/04/2026 00:00","CTA|DE(Amprion)","Gersteinwerk I","11WD7GERS-G-BLIY","Fossil Gas","11WD7GERS-G-BLIY","27/04/2026 19:00 - 27/04/2026 20:00","0.00",""
"27/04/2026 00:00 - 28/04/2026 00:00","CTA|DE(Amprion)","Gersteinwerk I","11WD7GERS-G-BLIY","Fossil Gas","11WD7GERS-G-BLIY","27/04/2026 20:00 - 27/04/2026 21:00","0.00",""
"27/04/2026 00:00 - 28/04/2026 00:00","CTA|DE(Amprion)","Gersteinwerk I","11WD7GERS-G-BLIY","Fossil Gas","11WD7GERS-G-BLIY","27/04/2026 21:00 - 27/04/2026 22:00","0.00",""
"27/04/2026 00:00 - 28/04/2026 00:00","CTA|DE(Amprion)","Gersteinwerk I","11WD7GERS-G-BLIY","Fossil Gas","11WD7GERS-G-BLIY","27/04/2026 22:00 - 27/04/2026 23:00","0.00",""
"27/04/2026 00:00 - 28/04/2026 00:00","CTA|DE(Amprion)","Gersteinwerk I","11WD7GERS-G-BLIY","Fossil Gas","11WD7GERS-G-BLIY","27/04/2026 23:00 - 28/04/2026 00:00","0.00",""
"27/04/2026 00:00 - 28/04/2026 00:00","CTA|DE(Amprion)","HERDECKE_H6","11WD7HERD2G-H6-X","Fossil Gas","11WD7HERD2G-H6-X","27/04/2026 00:00 - 27/04/2026 01:00","205.00",""
"27/04/2026 00:00 - 28/04/2026 00:00","CTA|DE(Amprion)","HERDECKE_H6","11WD7HERD2G-H6-X","Fossil Gas","11WD7HERD2G-H6-X","27/04/2026 01:00 - 27/04/2026 02:00","205.00",""
"27/04/2026 00:00 - 28/04/2026 00:00","CTA|DE(Amprion)","HERDECKE_H6","11WD7HERD2G-H6-X","Fossil Gas","11WD7HERD2G-H6-X","27/04/2026 02:00 - 27/04/2026 03:00","205.00",""
"27/04/2026 00:00 - 28/04/2026 00:00","CTA|DE(Amprion)","HERDECKE_H6","11WD7HERD2G-H6-X","Fossil Gas","11WD7HERD2G-H6-X","27/04/2026 03:00 - 27/04/2026 04:00","206.00",""
"27/04/2026 00:00 - 28/04/2026 00:00","CTA|DE(Amprion)","HERDECKE_H6","11WD7HERD2G-H6-X","Fossil Gas","11WD7HERD2G-H6-X","27/04/2026 04:00 - 27/04/2026 05:00","206.00",""
"27/04/2026 00:00 - 28/04/2026 00:00","CTA|DE(Amprion)","HERDECKE_H6","11WD7HERD2G-H6-X","Fossil Gas","11WD7HERD2G-H6-X","27/04/2026 05:00 - 27/04/2026 06:00","206.00",""
"27/04/2026 00:00 - 28/04/2026 00:00","CTA|DE(Amprion)","HERDECKE_H6","11WD7HERD2G-H6-X","Fossil Gas","11WD7HERD2G-H6-X","27/04/2026 06:00 - 27/04/2026 07:00","206.00",""
"27/04/2026 00:00 - 28/04/2026 00:00","CTA|DE(Amprion)","HERDECKE_H6","11WD7HERD2G-H6-X","Fossil Gas","11WD7HERD2G-H6-X","27/04/2026 07:00 - 27/04/2026 08:00","205.00",""
"27/04/2026 00:00 - 28/04/2026 00:00","CTA|DE(Amprion)","HERDECKE_H6","11WD7HERD2G-H6-X","Fossil Gas","11WD7HERD2G-H6-X","27/04/2026 08:00 - 27/04/2026 09:00","205.00",""
"27/04/2026 00:00 - 28/04/2026 00:00","CTA|DE(Amprion)","HERDECKE_H6","11WD7HERD2G-H6-X","Fossil Gas","11WD7HERD2G-H6-X","27/04/2026 09:00 - 27/04/2026 10:00","49.00",""
"27/04/2026 00:00 - 28/04/2026 00:00","CTA|DE(Amprion)","HERDECKE_H6","11WD7HERD2G-H6-X","Fossil Gas","11WD7HERD2G-H6-X","27/04/2026 10:00 - 27/04/2026 11:00","0.00",""
"27/04/2026 00:00 - 28/04/2026 00:00","CTA|DE(Amprion)","HERDECKE_H6","11WD7HERD2G-H6-X","Fossil Gas","11WD7HERD2G-H6-X","27/04/2026 11:00 - 27/04/2026 12:00","0.00",""
"27/04/2026 00:00 - 28/04/2026 00:00","CTA|DE(Amprion)","HERDECKE_H6","11WD7HERD2G-H6-X","Fossil Gas","11WD7HERD2G-H6-X","27/04/2026 12:00 - 27/04/2026 13:00","0.00",""
"27/04/2026 00:00 - 28/04/2026 00:00","CTA|DE(Amprion)","HERDECKE_H6","11WD7HERD2G-H6-X","Fossil Gas","11WD7HERD2G-H6-X","27/04/2026 13:00 - 27/04/2026 14:00","0.00",""
"27/04/2026 00:00 - 28/04/2026 00:00","CTA|DE(Amprion)","HERDECKE_H6","11WD7HERD2G-H6-X","Fossil Gas","11WD7HERD2G-H6-X","27/04/2026 14:00 - 27/04/2026 15:00","0.00",""
"27/04/2026 00:00 - 28/04/2026 00:00","CTA|DE(Amprion)","HERDECKE_H6","11WD7HERD2G-H6-X","Fossil Gas","11WD7HERD2G-H6-X","27/04/2026 15:00 - 27/04/2026 16:00","0.00",""
"27/04/2026 00:00 - 28/04/2026 00:00","CTA|DE(Amprion)","HERDECKE_H6","11WD7HERD2G-H6-X","Fossil Gas","11WD7HERD2G-H6-X","27/04/2026 16:00 - 27/04/2026 17:00","0.00",""
"27/04/2026 00:00 - 28/04/2026 00:00","CTA|DE(Amprion)","HERDECKE_H6","11WD7HERD2G-H6-X","Fossil Gas","11WD7HERD2G-H6-X","27/04/2026 17:00 - 27/04/2026 18:00","77.50",""
"27/04/2026 00:00 - 28/04/2026 00:00","CTA|DE(Amprion)","HERDECKE_H6","11WD7HERD2G-H6-X","Fossil Gas","11WD7HERD2G-H6-X","27/04/2026 18:00 - 27/04/2026 19:00","198.00",""
"27/04/2026 00:00 - 28/04/2026 00:00","CTA|DE(Amprion)","HERDECKE_H6","11WD7HERD2G-H6-X","Fossil Gas","11WD7HERD2G-H6-X","27/04/2026 19:00 - 27/04/2026 20:00","198.00",""
"27/04/2026 00:00 - 28/04/2026 00:00","CTA|DE(Amprion)","HERDECKE_H6","11WD7HERD2G-H6-X","Fossil Gas","11WD7HERD2G-H6-X","27/04/2026 20:00 - 27/04/2026 21:00","199.00",""
"27/04/2026 00:00 - 28/04/2026 00:00","CTA|DE(Amprion)","HERDECKE_H6","11WD7HERD2G-H6-X","Fossil Gas","11WD7HERD2G-H6-X","27/04/2026 21:00 - 27/04/2026 22:00","201.00",""
"27/04/2026 00:00 - 28/04/2026 00:00","CTA|DE(Amprion)","HERDECKE_H6","11WD7HERD2G-H6-X","Fossil Gas","11WD7HERD2G-H6-X","27/04/2026 22:00 - 27/04/2026 23:00","202.00",""
"27/04/2026 00:00 - 28/04/2026 00:00","CTA|DE(Amprion)","HERDECKE_H6","11WD7HERD2G-H6-X","Fossil Gas","11WD7HERD2G-H6-X","27/04/2026 23:00 - 28/04/2026 00:00","202.00",""
"27/04/2026 00:00 - 28/04/2026 00:00","CTA|DE(Amprion)","HERNE_4","11WD7HERN2S--4-X","Fossil Hard coal","11WD7HERN2S--4-X","27/04/2026 00:00 - 27/04/2026 00:15","0.11",""
"27/04/2026 00:00 - 28/04/2026 00:00","CTA|DE(Amprion)","HERNE_4","11WD7HERN2S--4-X","Fossil Hard coal","11WD7HERN2S--4-X","27/04/2026 00:15 - 27/04/2026 00:30","0.00",""
"27/04/2026 00:00 - 28/04/2026 00:00","CTA|DE(Amprion)","HERNE_4","11WD7HERN2S--4-X","Fossil Hard coal","11WD7HERN2S--4-X","27/04/2026 00:30 - 27/04/2026 00:45","0.00",""
"27/04/2026 00:00 - 28/04/2026 00:00","CTA|DE(Amprion)","HERNE_4","11WD7HERN2S--4-X","Fossil Hard coal","11WD7HERN2S--4-X","27/04/2026 00:45 - 27/04/2026 01:00","0.00",""
"27/04/2026 00:00 - 28/04/2026 00:00","CTA|DE(Amprion)","HERNE_4","11WD7HERN2S--4-X","Fossil Hard coal","11WD7HERN2S--4-X","27/04/2026 01:00 - 27/04/2026 01:15","0.00",""
"27/04/2026 00:00 - 28/04/2026 00:00","CTA|DE(Amprion)","HERNE_4","11WD7HERN2S--4-X","Fossil Hard coal","11WD7HERN2S--4-X","27/04/2026 01:15 - 27/04/2026 01:30","0.00",""
"27/04/2026 00:00 - 28/04/2026 00:00","CTA|DE(Amprion)","HERNE_4","11WD7HERN2S--4-X","Fossil Hard coal","11WD7HERN2S--4-X","27/04/2026 01:30 - 27/04/2026 01:45","0.11",""
"27/04/2026 00:00 - 28/04/2026 00:00","CTA|DE(Amprion)","HERNE_4","11WD7HERN2S--4-X","Fossil Hard coal","11WD7HERN2S--4-X","27/04/2026 01:45 - 27/04/2026 02:00","0.00",""
"27/04/2026 00:00 - 28/04/2026 00:00","CTA|DE(Amprion)","HERNE_4","11WD7HERN2S--4-X","Fossil Hard coal","11WD7HERN2S--4-X","27/04/2026 02:00 - 27/04/2026 02:15","0.00",""
"27/04/2026 00:00 - 28/04/2026 00:00","CTA|DE(Amprion)","HERNE_4","11WD7HERN2S--4-X","Fossil Hard coal","11WD7HERN2S--4-X","27/04/2026 02:15 - 27/04/2026 02:30","0.00",""
"27/04/2026 00:00 - 28/04/2026 00:00","CTA|DE(Amprion)","HERNE_4","11WD7HERN2S--4-X","Fossil Hard coal","11WD7HERN2S--4-X","27/04/2026 02:30 - 27/04/2026 02:45","0.00",""
"27/04/2026 00:00 - 28/04/2026 00:00","CTA|DE(Amprion)","HERNE_4","11WD7HERN2S--4-X","Fossil Hard coal","11WD7HERN2S--4-X","27/04/2026 02:45 - 27/04/2026 03:00","0.00",""
"27/04/2026 00:00 - 28/04/2026 00:00","CTA|DE(Amprion)","HERNE_4","11WD7HERN2S--4-X","Fossil Hard coal","11WD7HERN2S--4-X","27/04/2026 03:00 - 27/04/2026 03:15","0.00",""
"27/04/2026 00:00 - 28/04/2026 00:00","CTA|DE(Amprion)","HERNE_4","11WD7HERN2S--4-X","Fossil Hard coal","11WD7HERN2S--4-X","27/04/2026 03:15 - 27/04/2026 03:30","0.00",""
"27/04/2026 00:00 - 28/04/2026 00:00","CTA|DE(Amprion)","HERNE_4","11WD7HERN2S--4-X","Fossil Hard coal","11WD7HERN2S--4-X","27/04/2026 03:30 - 27/04/2026 03:45","0.00",""
"27/04/2026 00:00 - 28/04/2026 00:00","CTA|DE(Amprion)","HERNE_4","11WD7HERN2S--4-X","Fossil Hard coal","11WD7HERN2S--4-X","27/04/2026 03:45 - 27/04/2026 04:00","0.00",""
"27/04/2026 00:00 - 28/04/2026 00:00","CTA|DE(Amprion)","HERNE_4","11WD7HERN2S--4-X","Fossil Hard coal","11WD7HERN2S--4-X","27/04/2026 04:00 - 27/04/2026 04:15","0.00",""
"27/04/2026 00:00 - 28/04/2026 00:00","CTA|DE(Amprion)","HERNE_4","11WD7HERN2S--4-X","Fossil Hard coal","11WD7HERN2S--4-X","27/04/2026 04:15 - 27/04/2026 04:30","0.00",""
"27/04/2026 00:00 - 28/04/2026 00:00","CTA|DE(Amprion)","HERNE_4","11WD7HERN2S--4-X","Fossil Hard coal","11WD7HERN2S--4-X","27/04/2026 04:30 - 27/04/2026 04:45","0.00",""
"27/04/2026 00:00 - 28/04/2026 00:00","CTA|DE(Amprion)","HERNE_4","11WD7HERN2S--4-X","Fossil Hard coal","11WD7HERN2S--4-X","27/04/2026 04:45 - 27/04/2026 05:00","0.00",""
"27/04/2026 00:00 - 28/04/2026 00:00","CTA|DE(Amprion)","HERNE_4","11WD7HERN2S--4-X","Fossil Hard coal","11WD7HERN2S--4-X","27/04/2026 05:00 - 27/04/2026 05:15","0.00",""
"27/04/2026 00:00 - 28/04/2026 00:00","CTA|DE(Amprion)","HERNE_4","11WD7HERN2S--4-X","Fossil Hard coal","11WD7HERN2S--4-X","27/04/2026 05:15 - 27/04/2026 05:30","0.00",""
"27/04/2026 00:00 - 28/04/2026 00:00","CTA|DE(Amprion)","HERNE_4","11WD7HERN2S--4-X","Fossil Hard coal","11WD7HERN2S--4-X","27/04/2026 05:30 - 27/04/2026 05:45","0.00",""
"27/04/2026 00:00 - 28/04/2026 00:00","CTA|DE(Amprion)","HERNE_4","11WD7HERN2S--4-X","Fossil Hard coal","11WD7HERN2S--4-X","27/04/2026 05:45 - 27/04/2026 06:00","0.00",""
"27/04/2026 00:00 - 28/04/2026 00:00","CTA|DE(Amprion)","HERNE_4","11WD7HERN2S--4-X","Fossil Hard coal","11WD7HERN2S--4-X","27/04/2026 06:00 - 27/04/2026 06:15","0.11",""
"27/04/2026 00:00 - 28/04/2026 00:00","CTA|DE(Amprion)","HERNE_4","11WD7HERN2S--4-X","Fossil Hard coal","11WD7HERN2S--4-X","27/04/2026 06:15 - 27/04/2026 06:30","0.00",""
"27/04/2026 00:00 - 28/04/2026 00:00","CTA|DE(Amprion)","HERNE_4","11WD7HERN2S--4-X","Fossil Hard coal","11WD7HERN2S--4-X","27/04/2026 06:30 - 27/04/2026 06:45","0.00",""
"27/04/2026 00:00 - 28/04/2026 00:00","CTA|DE(Amprion)","HERNE_4","11WD7HERN2S--4-X","Fossil Hard coal","11WD7HERN2S--4-X","27/04/2026 06:45 - 27/04/2026 07:00","0.00",""
"27/04/2026 00:00 - 28/04/2026 00:00","CTA|DE(Amprion)","HERNE_4","11WD7HERN2S--4-X","Fossil Hard coal","11WD7HERN2S--4-X","27/04/2026 07:00 - 27/04/2026 07:15","0.00",""
"27/04/2026 00:00 - 28/04/2026 00:00","CTA|DE(Amprion)","HERNE_4","11WD7HERN2S--4-X","Fossil Hard coal","11WD7HERN2S--4-X","27/04/2026 07:15 - 27/04/2026 07:30","0.00",""
"27/04/2026 00:00 - 28/04/2026 00:00","CTA|DE(Amprion)","HERNE_4","11WD7HERN2S--4-X","Fossil Hard coal","11WD7HERN2S--4-X","27/04/2026 07:30 - 27/04/2026 07:45","0.00",""
"27/04/2026 00:00 - 28/04/2026 00:00","CTA|DE(Amprion)","HERNE_4","11WD7HERN2S--4-X","Fossil Hard coal","11WD7HERN2S--4-X","27/04/2026 07:45 - 27/04/2026 08:00","0.11",""
"27/04/2026 00:00 - 28/04/2026 00:00","CTA|DE(Amprion)","HERNE_4","11WD7HERN2S--4-X","Fossil Hard coal","11WD7HERN2S--4-X","27/04/2026 08:00 - 27/04/2026 08:15","0.00",""
"27/04/2026 00:00 - 28/04/2026 00:00","CTA|DE(Amprion)","HERNE_4","11WD7HERN2S--4-X","Fossil Hard coal","11WD7HERN2S--4-X","27/04/2026 08:15 - 27/04/2026 08:30","0.42",""
"27/04/2026 00:00 - 28/04/2026 00:00","CTA|DE(Amprion)","HERNE_4","11WD7HERN2S--4-X","Fossil Hard coal","11WD7HERN2S--4-X","27/04/2026 08:30 - 27/04/2026 08:45","0.00",""
"27/04/2026 00:00 - 28/04/2026 00:00","CTA|DE(Amprion)","HERNE_4","11WD7HERN2S--4-X","Fossil Hard coal","11WD7HERN2S--4-X","27/04/2026 08:45 - 27/04/2026 09:00","0.00",""
"27/04/2026 00:00 - 28/04/2026 00:00","CTA|DE(Amprion)","HERNE_4","11WD7HERN2S--4-X","Fossil Hard coal","11WD7HERN2S--4-X","27/04/2026 09:00 - 27/04/2026 09:15","1.69",""
"27/04/2026 00:00 - 28/04/2026 00:00","CTA|DE(Amprion)","HERNE_4","11WD7HERN2S--4-X","Fossil Hard coal","11WD7HERN2S--4-X","27/04/2026 09:15 - 27/04/2026 09:30","0.00",""
"27/04/2026 00:00 - 28/04/2026 00:00","CTA|DE(Amprion)","HERNE_4","11WD7HERN2S--4-X","Fossil Hard coal","11WD7HERN2S--4-X","27/04/2026 09:30 - 27/04/2026 09:45","0.11",""
"27/04/2026 00:00 - 28/04/2026 00:00","CTA|DE(Amprion)","HERNE_4","11WD7HERN2S--4-X","Fossil Hard coal","11WD7HERN2S--4-X","27/04/2026 09:45 - 27/04/2026 10:00","0.00",""
"27/04/2026 00:00 - 28/04/2026 00:00","CTA|DE(Amprion)","HERNE_4","11WD7HERN2S--4-X","Fossil Hard coal","11WD7HERN2S--4-X","27/04/2026 10:00 - 27/04/2026 10:15","1.37",""
"27/04/2026 00:00 - 28/04/2026 00:00","CTA|DE(Amprion)","HERNE_4","11WD7HERN2S--4-X","Fossil Hard coal","11WD7HERN2S--4-X","27/04/2026 10:15 - 27/04/2026 10:30","0.32",""
"27/04/2026 00:00 - 28/04/2026 00:00","CTA|DE(Amprion)","HERNE_4","11WD7HERN2S--4-X","Fossil Hard coal","11WD7HERN2S--4-X","27/04/2026 10:30 - 27/04/2026 10:45","0.21",""
"27/04/2026 00:00 - 28/04/2026 00:00","CTA|DE(Amprion)","HERNE_4","11WD7HERN2S--4-X","Fossil Hard coal","11WD7HERN2S--4-X","27/04/2026 10:45 - 27/04/2026 11:00","0.00",""
"27/04/2026 00:00 - 28/04/2026 00:00","CTA|DE(Amprion)","HERNE_4","11WD7HERN2S--4-X","Fossil Hard coal","11WD7HERN2S--4-X","27/04/2026 11:00 - 27/04/2026 11:15","0.53",""
"27/04/2026 00:00 - 28/04/2026 00:00","CTA|DE(Amprion)","HERNE_4","11WD7HERN2S--4-X","Fossil Hard coal","11WD7HERN2S--4-X","27/04/2026 11:15 - 27/04/2026 11:30","0.00",""
"27/04/2026 00:00 - 28/04/2026 00:00","CTA|DE(Amprion)","HERNE_4","11WD7HERN2S--4-X","Fossil Hard coal","11WD7HERN2S--4-X","27/04/2026 11:30 - 27/04/2026 11:45","0.11",""
"27/04/2026 00:00 - 28/04/2026 00:00","CTA|DE(Amprion)","HERNE_4","11WD7HERN2S--4-X","Fossil Hard coal","11WD7HERN2S--4-X","27/04/2026 11:45 - 27/04/2026 12:00","0.00",""
"27/04/2026 00:00 - 28/04/2026 00:00","CTA|DE(Amprion)","HERNE_4","11WD7HERN2S--4-X","Fossil Hard coal","11WD7HERN2S--4-X","27/04/2026 12:00 - 27/04/2026 12:15","0.11",""
"27/04/2026 00:00 - 28/04/2026 00:00","CTA|DE(Amprion)","HERNE_4","11WD7HERN2S--4-X","Fossil Hard coal","11WD7HERN2S--4-X","27/04/2026 12:15 - 27/04/2026 12:30","0.00",""
"27/04/2026 00:00 - 28/04/2026 00:00","CTA|DE(Amprion)","HERNE_4","11WD7HERN2S--4-X","Fossil Hard coal","11WD7HERN2S--4-X","27/04/2026 12:30 - 27/04/2026 12:45","0.00",""
"27/04/2026 00:00 - 28/04/2026 00:00","CTA|DE(Amprion)","HERNE_4","11WD7HERN2S--4-X","Fossil Hard coal","11WD7HERN2S--4-X","27/04/2026 12:45 - 27/04/2026 13:00","0.00",""
"27/04/2026 00:00 - 28/04/2026 00:00","CTA|DE(Amprion)","HERNE_4","11WD7HERN2S--4-X","Fossil Hard coal","11WD7HERN2S--4-X","27/04/2026 13:00 - 27/04/2026 13:15","0.00",""
"27/04/2026 00:00 - 28/04/2026 00:00","CTA|DE(Amprion)","HERNE_4","11WD7HERN2S--4-X","Fossil Hard coal","11WD7HERN2S--4-X","27/04/2026 13:15 - 27/04/2026 13:30","0.00",""
"27/04/2026 00:00 - 28/04/2026 00:00","CTA|DE(Amprion)","HERNE_4","11WD7HERN2S--4-X","Fossil Hard coal","11WD7HERN2S--4-X","27/04/2026 13:30 - 27/04/2026 13:45","0.00",""
"27/04/2026 00:00 - 28/04/2026 00:00","CTA|DE(Amprion)","HERNE_4","11WD7HERN2S--4-X","Fossil Hard coal","11WD7HERN2S--4-X","27/04/2026 13:45 - 27/04/2026 14:00","0.00",""
"27/04/2026 00:00 - 28/04/2026 00:00","CTA|DE(Amprion)","HERNE_4","11WD7HERN2S--4-X","Fossil Hard coal","11WD7HERN2S--4-X","27/04/2026 14:00 - 27/04/2026 14:15","0.11",""
"27/04/2026 00:00 - 28/04/2026 00:00","CTA|DE(Amprion)","HERNE_4","11WD7HERN2S--4-X","Fossil Hard coal","11WD7HERN2S--4-X","27/04/2026 14:15 - 27/04/2026 14:30","0.00",""
"27/04/2026 00:00 - 28/04/2026 00:00","CTA|DE(Amprion)","HERNE_4","11WD7HERN2S--4-X","Fossil Hard coal","11WD7HERN2S--4-X","27/04/2026 14:30 - 27/04/2026 14:45","0.11",""
"27/04/2026 00:00 - 28/04/2026 00:00","CTA|DE(Amprion)","HERNE_4","11WD7HERN2S--4-X","Fossil Hard coal","11WD7HERN2S--4-X","27/04/2026 14:45 - 27/04/2026 15:00","0.00",""
"27/04/2026 00:00 - 28/04/2026 00:00","CTA|DE(Amprion)","HERNE_4","11WD7HERN2S--4-X","Fossil Hard coal","11WD7HERN2S--4-X","27/04/2026 15:00 - 27/04/2026 15:15","0.00",""
"27/04/2026 00:00 - 28/04/2026 00:00","CTA|DE(Amprion)","HERNE_4","11WD7HERN2S--4-X","Fossil Hard coal","11WD7HERN2S--4-X","27/04/2026 15:15 - 27/04/2026 15:30","0.00",""
"27/04/2026 00:00 - 28/04/2026 00:00","CTA|DE(Amprion)","HERNE_4","11WD7HERN2S--4-X","Fossil Hard coal","11WD7HERN2S--4-X","27/04/2026 15:30 - 27/04/2026 15:45","0.00",""
"27/04/2026 00:00 - 28/04/2026 00:00","CTA|DE(Amprion)","HERNE_4","11WD7HERN2S--4-X","Fossil Hard coal","11WD7HERN2S--4-X","27/04/2026 15:45 - 27/04/2026 16:00","0.00",""
"27/04/2026 00:00 - 28/04/2026 00:00","CTA|DE(Amprion)","HERNE_4","11WD7HERN2S--4-X","Fossil Hard coal","11WD7HERN2S--4-X","27/04/2026 16:00 - 27/04/2026 16:15","0.00",""
"27/04/2026 00:00 - 28/04/2026 00:00","CTA|DE(Amprion)","HERNE_4","11WD7HERN2S--4-X","Fossil Hard coal","11WD7HERN2S--4-X","27/04/2026 16:15 - 27/04/2026 16:30","0.21",""
"27/04/2026 00:00 - 28/04/2026 00:00","CTA|DE(Amprion)","HERNE_4","11WD7HERN2S--4-X","Fossil Hard coal","11WD7HERN2S--4-X","27/04/2026 16:30 - 27/04/2026 16:45","0.42",""
"27/04/2026 00:00 - 28/04/2026 00:00","CTA|DE(Amprion)","HERNE_4","11WD7HERN2S--4-X","Fossil Hard coal","11WD7HERN2S--4-X","27/04/2026 16:45 - 27/04/2026 17:00","0.00",""
"27/04/2026 00:00 - 28/04/2026 00:00","CTA|DE(Amprion)","HERNE_4","11WD7HERN2S--4-X","Fossil Hard coal","11WD7HERN2S--4-X","27/04/2026 17:00 - 27/04/2026 17:15","0.11",""
"27/04/2026 00:00 - 28/04/2026 00:00","CTA|DE(Amprion)","HERNE_4","11WD7HERN2S--4-X","Fossil Hard coal","11WD7HERN2S--4-X","27/04/2026 17:15 - 27/04/2026 17:30","0.42",""
"27/04/2026 00:00 - 28/04/2026 00:00","CTA|DE(Amprion)","HERNE_4","11WD7HERN2S--4-X","Fossil Hard coal","11WD7HERN2S--4-X","27/04/2026 17:30 - 27/04/2026 17:45","0.11",""
"27/04/2026 00:00 - 28/04/2026 00:00","CTA|DE(Amprion)","HERNE_4","11WD7HERN2S--4-X","Fossil Hard coal","11WD7HERN2S--4-X","27/04/2026 17:45 - 27/04/2026 18:00","0.11",""
"27/04/2026 00:00 - 28/04/2026 00:00","CTA|DE(Amprion)","HERNE_4","11WD7HERN2S--4-X","Fossil Hard coal","11WD7HERN2S--4-X","27/04/2026 18:00 - 27/04/2026 18:15","0.00",""
"27/04/2026 00:00 - 28/04/2026 00:00","CTA|DE(Amprion)","HERNE_4","11WD7HERN2S--4-X","Fossil Hard coal","11WD7HERN2S--4-X","27/04/2026 18:15 - 27/04/2026 18:30","0.42",""
"27/04/2026 00:00 - 28/04/2026 00:00","CTA|DE(Amprion)","HERNE_4","11WD7HERN2S--4-X","Fossil Hard coal","11WD7HERN2S--4-X","27/04/2026 18:30 - 27/04/2026 18:45","0.00",""
"27/04/2026 00:00 - 28/04/2026 00:00","CTA|DE(Amprion)","HERNE_4","11WD7HERN2S--4-X","Fossil Hard coal","11WD7HERN2S--4-X","27/04/2026 18:45 - 27/04/2026 19:00","0.32",""
"27/04/2026 00:00 - 28/04/2026 00:00","CTA|DE(Amprion)","HERNE_4","11WD7HERN2S--4-X","Fossil Hard coal","11WD7HERN2S--4-X","27/04/2026 19:00 - 27/04/2026 19:15","0.00",""
"27/04/2026 00:00 - 28/04/2026 00:00","CTA|DE(Amprion)","HERNE_4","11WD7HERN2S--4-X","Fossil Hard coal","11WD7HERN2S--4-X","27/04/2026 19:15 - 27/04/2026 19:30","0.11",""
"27/04/2026 00:00 - 28/04/2026 00:00","CTA|DE(Amprion)","HERNE_4","11WD7HERN2S--4-X","Fossil Hard coal","11WD7HERN2S--4-X","27/04/2026 19:30 - 27/04/2026 19:45","0.11",""
"27/04/2026 00:00 - 28/04/2026 00:00","CTA|DE(Amprion)","HERNE_4","11WD7HERN2S--4-X","Fossil Hard coal","11WD7HERN2S--4-X","27/04/2026 19:45 - 27/04/2026 20:00","0.11",""
"27/04/2026 00:00 - 28/04/2026 00:00","CTA|DE(Amprion)","HERNE_4","11WD7HERN2S--4-X","Fossil Hard coal","11WD7HERN2S--4-X","27/04/2026 20:00 - 27/04/2026 20:15","0.00",""
"27/04/2026 00:00 - 28/04/2026 00:00","CTA|DE(Amprion)","HERNE_4","11WD7HERN2S--4-X","Fossil Hard coal","11WD7HERN2S--4-X","27/04/2026 20:15 - 27/04/2026 20:30","0.00",""
"27/04/2026 00:00 - 28/04/2026 00:00","CTA|DE(Amprion)","HERNE_4","11WD7HERN2S--4-X","Fossil Hard coal","11WD7HERN2S--4-X","27/04/2026 20:30 - 27/04/2026 20:45","0.00",""
"27/04/2026 00:00 - 28/04/2026 00:00","CTA|DE(Amprion)","HERNE_4","11WD7HERN2S--4-X","Fossil Hard coal","11WD7HERN2S--4-X","27/04/2026 20:45 - 27/04/2026 21:00","0.00",""
"27/04/2026 00:00 - 28/04/2026 00:00","CTA|DE(Amprion)","HERNE_4","11WD7HERN2S--4-X","Fossil Hard coal","11WD7HERN2S--4-X","27/04/2026 21:00 - 27/04/2026 21:15","0.00",""
"27/04/2026 00:00 - 28/04/2026 00:00","CTA|DE(Amprion)","HERNE_4","11WD7HERN2S--4-X","Fossil Hard coal","11WD7HERN2S--4-X","27/04/2026 21:15 - 27/04/2026 21:30","0.00",""
"27/04/2026 00:00 - 28/04/2026 00:00","CTA|DE(Amprion)","HERNE_4","11WD7HERN2S--4-X","Fossil Hard coal","11WD7HERN2S--4-X","27/04/2026 21:30 - 27/04/2026 21:45","0.00",""
"27/04/2026 00:00 - 28/04/2026 00:00","CTA|DE(Amprion)","HERNE_4","11WD7HERN2S--4-X","Fossil Hard coal","11WD7HERN2S--4-X","27/04/2026 21:45 - 27/04/2026 22:00","0.00",""
"27/04/2026 00:00 - 28/04/2026 00:00","CTA|DE(Amprion)","HERNE_4","11WD7HERN2S--4-X","Fossil Hard coal","11WD7HERN2S--4-X","27/04/2026 22:00 - 27/04/2026 22:15","0.53",""
"27/04/2026 00:00 - 28/04/2026 00:00","CTA|DE(Amprion)","HERNE_4","11WD7HERN2S--4-X","Fossil Hard coal","11WD7HERN2S--4-X","27/04/2026 22:15 - 27/04/2026 22:30","0.32",""
"27/04/2026 00:00 - 28/04/2026 00:00","CTA|DE(Amprion)","HERNE_4","11WD7HERN2S--4-X","Fossil Hard coal","11WD7HERN2S--4-X","27/04/2026 22:30 - 27/04/2026 22:45","0.32",""
"27/04/2026 00:00 - 28/04/2026 00:00","CTA|DE(Amprion)","HERNE_4","11WD7HERN2S--4-X","Fossil Hard coal","11WD7HERN2S--4-X","27/04/2026 22:45 - 27/04/2026 23:00","0.00",""
"27/04/2026 00:00 - 28/04/2026 00:00","CTA|DE(Amprion)","HERNE_4","11WD7HERN2S--4-X","Fossil Hard coal","11WD7HERN2S--4-X","27/04/2026 23:00 - 27/04/2026 23:15","0.63",""
"27/04/2026 00:00 - 28/04/2026 00:00","CTA|DE(Amprion)","HERNE_4","11WD7HERN2S--4-X","Fossil Hard coal","11WD7HERN2S--4-X","27/04/2026 23:15 - 27/04/2026 23:30","0.00",""
"27/04/2026 00:00 - 28/04/2026 00:00","CTA|DE(Amprion)","HERNE_4","11WD7HERN2S--4-X","Fossil Hard coal","11WD7HERN2S--4-X","27/04/2026 23:30 - 27/04/2026 23:45","0.00",""
"27/04/2026 00:00 - 28/04/2026 00:00","CTA|DE(Amprion)","HERNE_4","11WD7HERN2S--4-X","Fossil Hard coal","11WD7HERN2S--4-X","27/04/2026 23:45 - 28/04/2026 00:00","0.00",""
"27/04/2026 00:00 - 28/04/2026 00:00","CTA|DE(Amprion)","Huckingen A","11WD7HUCK2G--A-C","Fossil Coal-derived gas","11WD7HUCK2G--A-C","27/04/2026 00:00 - 27/04/2026 01:00","0.00",""
"27/04/2026 00:00 - 28/04/2026 00:00","CTA|DE(Amprion)","Huckingen A","11WD7HUCK2G--A-C","Fossil Coal-derived gas","11WD7HUCK2G--A-C","27/04/2026 01:00 - 27/04/2026 02:00","0.00",""
"27/04/2026 00:00 - 28/04/2026 00:00","CTA|DE(Amprion)","Huckingen A","11WD7HUCK2G--A-C","Fossil Coal-derived gas","11WD7HUCK2G--A-C","27/04/2026 02:00 - 27/04/2026 03:00","0.00",""
"27/04/2026 00:00 - 28/04/2026 00:00","CTA|DE(Amprion)","Huckingen A","11WD7HUCK2G--A-C","Fossil Coal-derived gas","11WD7HUCK2G--A-C","27/04/2026 03:00 - 27/04/2026 04:00","0.00",""
"27/04/2026 00:00 - 28/04/2026 00:00","CTA|DE(Amprion)","Huckingen A","11WD7HUCK2G--A-C","Fossil Coal-derived gas","11WD7HUCK2G--A-C","27/04/2026 04:00 - 27/04/2026 05:00","0.00",""
"27/04/2026 00:00 - 28/04/2026 00:00","CTA|DE(Amprion)","Huckingen A","11WD7HUCK2G--A-C","Fossil Coal-derived gas","11WD7HUCK2G--A-C","27/04/2026 05:00 - 27/04/2026 06:00","0.00",""
"27/04/2026 00:00 - 28/04/2026 00:00","CTA|DE(Amprion)","Huckingen A","11WD7HUCK2G--A-C","Fossil Coal-derived gas","11WD7HUCK2G--A-C","27/04/2026 06:00 - 27/04/2026 07:00","0.00",""
"27/04/2026 00:00 - 28/04/2026 00:00","CTA|DE(Amprion)","Huckingen A","11WD7HUCK2G--A-C","Fossil Coal-derived gas","11WD7HUCK2G--A-C","27/04/2026 07:00 - 27/04/2026 08:00","0.00",""
"27/04/2026 00:00 - 28/04/2026 00:00","CTA|DE(Amprion)","Huckingen A","11WD7HUCK2G--A-C","Fossil Coal-derived gas","11WD7HUCK2G--A-C","27/04/2026 08:00 - 27/04/2026 09:00","0.00",""
"27/04/2026 00:00 - 28/04/2026 00:00","CTA|DE(Amprion)","Huckingen A","11WD7HUCK2G--A-C","Fossil Coal-derived gas","11WD7HUCK2G--A-C","27/04/2026 09:00 - 27/04/2026 10:00","0.00",""
"27/04/2026 00:00 - 28/04/2026 00:00","CTA|DE(Amprion)","Huckingen A","11WD7HUCK2G--A-C","Fossil Coal-derived gas","11WD7HUCK2G--A-C","27/04/2026 10:00 - 27/04/2026 11:00","0.00",""
"27/04/2026 00:00 - 28/04/2026 00:00","CTA|DE(Amprion)","Huckingen A","11WD7HUCK2G--A-C","Fossil Coal-derived gas","11WD7HUCK2G--A-C","27/04/2026 11:00 - 27/04/2026 12:00","0.00",""
"27/04/2026 00:00 - 28/04/2026 00:00","CTA|DE(Amprion)","Huckingen A","11WD7HUCK2G--A-C","Fossil Coal-derived gas","11WD7HUCK2G--A-C","27/04/2026 12:00 - 27/04/2026 13:00","0.00",""
"27/04/2026 00:00 - 28/04/2026 00:00","CTA|DE(Amprion)","Huckingen A","11WD7HUCK2G--A-C","Fossil Coal-derived gas","11WD7HUCK2G--A-C","27/04/2026 13:00 - 27/04/2026 14:00","0.00",""
"27/04/2026 00:00 - 28/04/2026 00:00","CTA|DE(Amprion)","Huckingen A","11WD7HUCK2G--A-C","Fossil Coal-derived gas","11WD7HUCK2G--A-C","27/04/2026 14:00 - 27/04/2026 15:00","0.00",""
"27/04/2026 00:00 - 28/04/2026 00:00","CTA|DE(Amprion)","Huckingen A","11WD7HUCK2G--A-C","Fossil Coal-derived gas","11WD7HUCK2G--A-C","27/04/2026 15:00 - 27/04/2026 16:00","0.00",""
"27/04/2026 00:00 - 28/04/2026 00:00","CTA|DE(Amprion)","Huckingen A","11WD7HUCK2G--A-C","Fossil Coal-derived gas","11WD7HUCK2G--A-C","27/04/2026 16:00 - 27/04/2026 17:00","0.00",""
"27/04/2026 00:00 - 28/04/2026 00:00","CTA|DE(Amprion)","Huckingen A","11WD7HUCK2G--A-C","Fossil Coal-derived gas","11WD7HUCK2G--A-C","27/04/2026 17:00 - 27/04/2026 18:00","0.00",""
"27/04/2026 00:00 - 28/04/2026 00:00","CTA|DE(Amprion)","Huckingen A","11WD7HUCK2G--A-C","Fossil Coal-derived gas","11WD7HUCK2G--A-C","27/04/2026 18:00 - 27/04/2026 19:00","0.00",""
"27/04/2026 00:00 - 28/04/2026 00:00","CTA|DE(Amprion)","Huckingen A","11WD7HUCK2G--A-C","Fossil Coal-derived gas","11WD7HUCK2G--A-C","27/04/2026 19:00 - 27/04/2026 20:00","0.00",""
"27/04/2026 00:00 - 28/04/2026 00:00","CTA|DE(Amprion)","Huckingen A","11WD7HUCK2G--A-C","Fossil Coal-derived gas","11WD7HUCK2G--A-C","27/04/2026 20:00 - 27/04/2026 21:00","0.00",""
"27/04/2026 00:00 - 28/04/2026 00:00","CTA|DE(Amprion)","Huckingen A","11WD7HUCK2G--A-C","Fossil Coal-derived gas","11WD7HUCK2G--A-C","27/04/2026 21:00 - 27/04/2026 22:00","0.00",""
"27/04/2026 00:00 - 28/04/2026 00:00","CTA|DE(Amprion)","Huckingen A","11WD7HUCK2G--A-C","Fossil Coal-derived gas","11WD7HUCK2G--A-C","27/04/2026 22:00 - 27/04/2026 23:00","0.00",""
"27/04/2026 00:00 - 28/04/2026 00:00","CTA|DE(Amprion)","Huckingen A","11WD7HUCK2G--A-C","Fossil Coal-derived gas","11WD7HUCK2G--A-C","27/04/2026 23:00 - 28/04/2026 00:00","0.00",""
"27/04/2026 00:00 - 28/04/2026 00:00","CTA|DE(Amprion)","Huckingen B","11WD7HUCK2G--B-9","Fossil Coal-derived gas","11WD7HUCK2G--B-9","27/04/2026 00:00 - 27/04/2026 01:00","136.13",""
"27/04/2026 00:00 - 28/04/2026 00:00","CTA|DE(Amprion)","Huckingen B","11WD7HUCK2G--B-9","Fossil Coal-derived gas","11WD7HUCK2G--B-9","27/04/2026 01:00 - 27/04/2026 02:00","144.90",""
"27/04/2026 00:00 - 28/04/2026 00:00","CTA|DE(Amprion)","Huckingen B","11WD7HUCK2G--B-9","Fossil Coal-derived gas","11WD7HUCK2G--B-9","27/04/2026 02:00 - 27/04/2026 03:00","160.30",""
"27/04/2026 00:00 - 28/04/2026 00:00","CTA|DE(Amprion)","Huckingen B","11WD7HUCK2G--B-9","Fossil Coal-derived gas","11WD7HUCK2G--B-9","27/04/2026 03:00 - 27/04/2026 04:00","148.70",""
"27/04/2026 00:00 - 28/04/2026 00:00","CTA|DE(Amprion)","Huckingen B","11WD7HUCK2G--B-9","Fossil Coal-derived gas","11WD7HUCK2G--B-9","27/04/2026 04:00 - 27/04/2026 05:00","162.28",""
"27/04/2026 00:00 - 28/04/2026 00:00","CTA|DE(Amprion)","Huckingen B","11WD7HUCK2G--B-9","Fossil Coal-derived gas","11WD7HUCK2G--B-9","27/04/2026 05:00 - 27/04/2026 06:00","152.53",""
"27/04/2026 00:00 - 28/04/2026 00:00","CTA|DE(Amprion)","Huckingen B","11WD7HUCK2G--B-9","Fossil Coal-derived gas","11WD7HUCK2G--B-9","27/04/2026 06:00 - 27/04/2026 07:00","138.90",""
"27/04/2026 00:00 - 28/04/2026 00:00","CTA|DE(Amprion)","Huckingen B","11WD7HUCK2G--B-9","Fossil Coal-derived gas","11WD7HUCK2G--B-9","27/04/2026 07:00 - 27/04/2026 08:00","147.22",""
"27/04/2026 00:00 - 28/04/2026 00:00","CTA|DE(Amprion)","Huckingen B","11WD7HUCK2G--B-9","Fossil Coal-derived gas","11WD7HUCK2G--B-9","27/04/2026 08:00 - 27/04/2026 09:00","157.25",""
"27/04/2026 00:00 - 28/04/2026 00:00","CTA|DE(Amprion)","Huckingen B","11WD7HUCK2G--B-9","Fossil Coal-derived gas","11WD7HUCK2G--B-9","27/04/2026 09:00 - 27/04/2026 10:00","159.40",""
"27/04/2026 00:00 - 28/04/2026 00:00","CTA|DE(Amprion)","Huckingen B","11WD7HUCK2G--B-9","Fossil Coal-derived gas","11WD7HUCK2G--B-9","27/04/2026 10:00 - 27/04/2026 11:00","158.78",""
"27/04/2026 00:00 - 28/04/2026 00:00","CTA|DE(Amprion)","Huckingen B","11WD7HUCK2G--B-9","Fossil Coal-derived gas","11WD7HUCK2G--B-9","27/04/2026 11:00 - 27/04/2026 12:00","169.45",""
"27/04/2026 00:00 - 28/04/2026 00:00","CTA|DE(Amprion)","Huckingen B","11WD7HUCK2G--B-9","Fossil Coal-derived gas","11WD7HUCK2G--B-9","27/04/2026 12:00 - 27/04/2026 13:00","178.32",""
"27/04/2026 00:00 - 28/04/2026 00:00","CTA|DE(Amprion)","Huckingen B","11WD7HUCK2G--B-9","Fossil Coal-derived gas","11WD7HUCK2G--B-9","27/04/2026 13:00 - 27/04/2026 14:00","176.75",""
"27/04/2026 00:00 - 28/04/2026 00:00","CTA|DE(Amprion)","Huckingen B","11WD7HUCK2G--B-9","Fossil Coal-derived gas","11WD7HUCK2G--B-9","27/04/2026 14:00 - 27/04/2026 15:00","169.18",""
"27/04/2026 00:00 - 28/04/2026 00:00","CTA|DE(Amprion)","Huckingen B","11WD7HUCK2G--B-9","Fossil Coal-derived gas","11WD7HUCK2G--B-9","27/04/2026 15:00 - 27/04/2026 16:00","165.85",""
"27/04/2026 00:00 - 28/04/2026 00:00","CTA|DE(Amprion)","Huckingen B","11WD7HUCK2G--B-9","Fossil Coal-derived gas","11WD7HUCK2G--B-9","27/04/2026 16:00 - 27/04/2026 17:00","157.53",""
"27/04/2026 00:00 - 28/04/2026 00:00","CTA|DE(Amprion)","Huckingen B","11WD7HUCK2G--B-9","Fossil Coal-derived gas","11WD7HUCK2G--B-9","27/04/2026 17:00 - 27/04/2026 18:00","177.30",""
"27/04/2026 00:00 - 28/04/2026 00:00","CTA|DE(Amprion)","Huckingen B","11WD7HUCK2G--B-9","Fossil Coal-derived gas","11WD7HUCK2G--B-9","27/04/2026 18:00 - 27/04/2026 19:00","173.00",""
"27/04/2026 00:00 - 28/04/2026 00:00","CTA|DE(Amprion)","Huckingen B","11WD7HUCK2G--B-9","Fossil Coal-derived gas","11WD7HUCK2G--B-9","27/04/2026 19:00 - 27/04/2026 20:00","167.03",""
"27/04/2026 00:00 - 28/04/2026 00:00","CTA|DE(Amprion)","Huckingen B","11WD7HUCK2G--B-9","Fossil Coal-derived gas","11WD7HUCK2G--B-9","27/04/2026 20:00 - 27/04/2026 21:00","165.13",""
"27/04/2026 00:00 - 28/04/2026 00:00","CTA|DE(Amprion)","Huckingen B","11WD7HUCK2G--B-9","Fossil Coal-derived gas","11WD7HUCK2G--B-9","27/04/2026 21:00 - 27/04/2026 22:00","171.28",""
"27/04/2026 00:00 - 28/04/2026 00:00","CTA|DE(Amprion)","Huckingen B","11WD7HUCK2G--B-9","Fossil Coal-derived gas","11WD7HUCK2G--B-9","27/04/2026 22:00 - 27/04/2026 23:00","150.35",""
"27/04/2026 00:00 - 28/04/2026 00:00","CTA|DE(Amprion)","Huckingen B","11WD7HUCK2G--B-9","Fossil Coal-derived gas","11WD7HUCK2G--B-9","27/04/2026 23:00 - 28/04/2026 00:00","144.70",""
"27/04/2026 00:00 - 28/04/2026 00:00","CTA|DE(Amprion)","Koepchenwerk","11WD7KOEP2P--5-G","Hydro Pumped Storage","11WD7KOEP2P--5-G","27/04/2026 00:00 - 27/04/2026 01:00","0.00",""
"27/04/2026 00:00 - 28/04/2026 00:00","CTA|DE(Amprion)","Koepchenwerk","11WD7KOEP2P--5-G","Hydro Pumped Storage","11WD7KOEP2P--5-G","27/04/2026 01:00 - 27/04/2026 02:00","0.00",""
"27/04/2026 00:00 - 28/04/2026 00:00","CTA|DE(Amprion)","Koepchenwerk","11WD7KOEP2P--5-G","Hydro Pumped Storage","11WD7KOEP2P--5-G","27/04/2026 02:00 - 27/04/2026 03:00","0.00",""
"27/04/2026 00:00 - 28/04/2026 00:00","CTA|DE(Amprion)","Koepchenwerk","11WD7KOEP2P--5-G","Hydro Pumped Storage","11WD7KOEP2P--5-G","27/04/2026 03:00 - 27/04/2026 04:00","0.00",""
"27/04/2026 00:00 - 28/04/2026 00:00","CTA|DE(Amprion)","Koepchenwerk","11WD7KOEP2P--5-G","Hydro Pumped Storage","11WD7KOEP2P--5-G","27/04/2026 04:00 - 27/04/2026 05:00","0.00",""
"27/04/2026 00:00 - 28/04/2026 00:00","CTA|DE(Amprion)","Koepchenwerk","11WD7KOEP2P--5-G","Hydro Pumped Storage","11WD7KOEP2P--5-G","27/04/2026 05:00 - 27/04/2026 06:00","41.40",""
"27/04/2026 00:00 - 28/04/2026 00:00","CTA|DE(Amprion)","Koepchenwerk","11WD7KOEP2P--5-G","Hydro Pumped Storage","11WD7KOEP2P--5-G","27/04/2026 06:00 - 27/04/2026 07:00","138.10",""
"27/04/2026 00:00 - 28/04/2026 00:00","CTA|DE(Amprion)","Koepchenwerk","11WD7KOEP2P--5-G","Hydro Pumped Storage","11WD7KOEP2P--5-G","27/04/2026 07:00 - 27/04/2026 08:00","58.23",""
"27/04/2026 00:00 - 28/04/2026 00:00","CTA|DE(Amprion)","Koepchenwerk","11WD7KOEP2P--5-G","Hydro Pumped Storage","11WD7KOEP2P--5-G","27/04/2026 08:00 - 27/04/2026 09:00","53.23",""
"27/04/2026 00:00 - 28/04/2026 00:00","CTA|DE(Amprion)","Koepchenwerk","11WD7KOEP2P--5-G","Hydro Pumped Storage","11WD7KOEP2P--5-G","27/04/2026 09:00 - 27/04/2026 10:00","0.00",""
"27/04/2026 00:00 - 28/04/2026 00:00","CTA|DE(Amprion)","Koepchenwerk","11WD7KOEP2P--5-G","Hydro Pumped Storage","11WD7KOEP2P--5-G","27/04/2026 10:00 - 27/04/2026 11:00","16.57",""
"27/04/2026 00:00 - 28/04/2026 00:00","CTA|DE(Amprion)","Koepchenwerk","11WD7KOEP2P--5-G","Hydro Pumped Storage","11WD7KOEP2P--5-G","27/04/2026 11:00 - 27/04/2026 12:00","22.57",""
"27/04/2026 00:00 - 28/04/2026 00:00","CTA|DE(Amprion)","Koepchenwerk","11WD7KOEP2P--5-G","Hydro Pumped Storage","11WD7KOEP2P--5-G","27/04/2026 12:00 - 27/04/2026 13:00","0.00",""
"27/04/2026 00:00 - 28/04/2026 00:00","CTA|DE(Amprion)","Koepchenwerk","11WD7KOEP2P--5-G","Hydro Pumped Storage","11WD7KOEP2P--5-G","27/04/2026 13:00 - 27/04/2026 14:00","0.00",""
"27/04/2026 00:00 - 28/04/2026 00:00","CTA|DE(Amprion)","Koepchenwerk","11WD7KOEP2P--5-G","Hydro Pumped Storage","11WD7KOEP2P--5-G","27/04/2026 14:00 - 27/04/2026 15:00","0.00",""
"27/04/2026 00:00 - 28/04/2026 00:00","CTA|DE(Amprion)","Koepchenwerk","11WD7KOEP2P--5-G","Hydro Pumped Storage","11WD7KOEP2P--5-G","27/04/2026 15:00 - 27/04/2026 16:00","0.00",""
"27/04/2026 00:00 - 28/04/2026 00:00","CTA|DE(Amprion)","Koepchenwerk","11WD7KOEP2P--5-G","Hydro Pumped Storage","11WD7KOEP2P--5-G","27/04/2026 16:00 - 27/04/2026 17:00","0.00",""
"27/04/2026 00:00 - 28/04/2026 00:00","CTA|DE(Amprion)","Koepchenwerk","11WD7KOEP2P--5-G","Hydro Pumped Storage","11WD7KOEP2P--5-G","27/04/2026 17:00 - 27/04/2026 18:00","0.00",""
"27/04/2026 00:00 - 28/04/2026 00:00","CTA|DE(Amprion)","Koepchenwerk","11WD7KOEP2P--5-G","Hydro Pumped Storage","11WD7KOEP2P--5-G","27/04/2026 18:00 - 27/04/2026 19:00","0.00",""
"27/04/2026 00:00 - 28/04/2026 00:00","CTA|DE(Amprion)","Koepchenwerk","11WD7KOEP2P--5-G","Hydro Pumped Storage","11WD7KOEP2P--5-G","27/04/2026 19:00 - 27/04/2026 20:00","113.13",""
"27/04/2026 00:00 - 28/04/2026 00:00","CTA|DE(Amprion)","Koepchenwerk","11WD7KOEP2P--5-G","Hydro Pumped Storage","11WD7KOEP2P--5-G","27/04/2026 20:00 - 27/04/2026 21:00","137.35",""
"27/04/2026 00:00 - 28/04/2026 00:00","CTA|DE(Amprion)","Koepchenwerk","11WD7KOEP2P--5-G","Hydro Pumped Storage","11WD7KOEP2P--5-G","27/04/2026 21:00 - 27/04/2026 22:00","72.95",""
"27/04/2026 00:00 - 28/04/2026 00:00","CTA|DE(Amprion)","Koepchenwerk","11WD7KOEP2P--5-G","Hydro Pumped Storage","11WD7KOEP2P--5-G","27/04/2026 22:00 - 27/04/2026 23:00","0.00",""
"27/04/2026 00:00 - 28/04/2026 00:00","CTA|DE(Amprion)","Koepchenwerk","11WD7KOEP2P--5-G","Hydro Pumped Storage","11WD7KOEP2P--5-G","27/04/2026 23:00 - 28/04/2026 00:00","0.00",""
"27/04/2026 00:00 - 28/04/2026 00:00","CTA|DE(Amprion)","KW Hamm-Uentrop Block 10","11WD7KWHU1GBL10E","Fossil Gas","11WD7KWHU1GBL10E","27/04/2026 00:00 - 27/04/2026 01:00","0.20",""
"27/04/2026 00:00 - 28/04/2026 00:00","CTA|DE(Amprion)","KW Hamm-Uentrop Block 10","11WD7KWHU1GBL10E","Fossil Gas","11WD7KWHU1GBL10E","27/04/2026 01:00 - 27/04/2026 02:00","0.20",""
"27/04/2026 00:00 - 28/04/2026 00:00","CTA|DE(Amprion)","KW Hamm-Uentrop Block 10","11WD7KWHU1GBL10E","Fossil Gas","11WD7KWHU1GBL10E","27/04/2026 02:00 - 27/04/2026 03:00","0.20",""
"27/04/2026 00:00 - 28/04/2026 00:00","CTA|DE(Amprion)","KW Hamm-Uentrop Block 10","11WD7KWHU1GBL10E","Fossil Gas","11WD7KWHU1GBL10E","27/04/2026 03:00 - 27/04/2026 04:00","0.20",""
"27/04/2026 00:00 - 28/04/2026 00:00","CTA|DE(Amprion)","KW Hamm-Uentrop Block 10","11WD7KWHU1GBL10E","Fossil Gas","11WD7KWHU1GBL10E","27/04/2026 04:00 - 27/04/2026 05:00","0.20",""
"27/04/2026 00:00 - 28/04/2026 00:00","CTA|DE(Amprion)","KW Hamm-Uentrop Block 10","11WD7KWHU1GBL10E","Fossil Gas","11WD7KWHU1GBL10E","27/04/2026 05:00 - 27/04/2026 06:00","0.20",""
"27/04/2026 00:00 - 28/04/2026 00:00","CTA|DE(Amprion)","KW Hamm-Uentrop Block 10","11WD7KWHU1GBL10E","Fossil Gas","11WD7KWHU1GBL10E","27/04/2026 06:00 - 27/04/2026 07:00","0.20",""
"27/04/2026 00:00 - 28/04/2026 00:00","CTA|DE(Amprion)","KW Hamm-Uentrop Block 10","11WD7KWHU1GBL10E","Fossil Gas","11WD7KWHU1GBL10E","27/04/2026 07:00 - 27/04/2026 08:00","0.20",""
"27/04/2026 00:00 - 28/04/2026 00:00","CTA|DE(Amprion)","KW Hamm-Uentrop Block 10","11WD7KWHU1GBL10E","Fossil Gas","11WD7KWHU1GBL10E","27/04/2026 08:00 - 27/04/2026 09:00","0.20",""
"27/04/2026 00:00 - 28/04/2026 00:00","CTA|DE(Amprion)","KW Hamm-Uentrop Block 10","11WD7KWHU1GBL10E","Fossil Gas","11WD7KWHU1GBL10E","27/04/2026 09:00 - 27/04/2026 10:00","0.20",""
"27/04/2026 00:00 - 28/04/2026 00:00","CTA|DE(Amprion)","KW Hamm-Uentrop Block 10","11WD7KWHU1GBL10E","Fossil Gas","11WD7KWHU1GBL10E","27/04/2026 10:00 - 27/04/2026 11:00","0.20",""
"27/04/2026 00:00 - 28/04/2026 00:00","CTA|DE(Amprion)","KW Hamm-Uentrop Block 10","11WD7KWHU1GBL10E","Fossil Gas","11WD7KWHU1GBL10E","27/04/2026 11:00 - 27/04/2026 12:00","0.20",""
"27/04/2026 00:00 - 28/04/2026 00:00","CTA|DE(Amprion)","KW Hamm-Uentrop Block 10","11WD7KWHU1GBL10E","Fossil Gas","11WD7KWHU1GBL10E","27/04/2026 12:00 - 27/04/2026 13:00","0.20",""
"27/04/2026 00:00 - 28/04/2026 00:00","CTA|DE(Amprion)","KW Hamm-Uentrop Block 10","11WD7KWHU1GBL10E","Fossil Gas","11WD7KWHU1GBL10E","27/04/2026 13:00 - 27/04/2026 14:00","0.20",""
"27/04/2026 00:00 - 28/04/2026 00:00","CTA|DE(Amprion)","KW Hamm-Uentrop Block 10","11WD7KWHU1GBL10E","Fossil Gas","11WD7KWHU1GBL10E","27/04/2026 14:00 - 27/04/2026 15:00","0.20",""
"27/04/2026 00:00 - 28/04/2026 00:00","CTA|DE(Amprion)","KW Hamm-Uentrop Block 10","11WD7KWHU1GBL10E","Fossil Gas","11WD7KWHU1GBL10E","27/04/2026 15:00 - 27/04/2026 16:00","0.20",""
"27/04/2026 00:00 - 28/04/2026 00:00","CTA|DE(Amprion)","KW Hamm-Uentrop Block 10","11WD7KWHU1GBL10E","Fossil Gas","11WD7KWHU1GBL10E","27/04/2026 16:00 - 27/04/2026 17:00","0.20",""
"27/04/2026 00:00 - 28/04/2026 00:00","CTA|DE(Amprion)","KW Hamm-Uentrop Block 10","11WD7KWHU1GBL10E","Fossil Gas","11WD7KWHU1GBL10E","27/04/2026 17:00 - 27/04/2026 18:00","0.20",""
"27/04/2026 00:00 - 28/04/2026 00:00","CTA|DE(Amprion)","KW Hamm-Uentrop Block 10","11WD7KWHU1GBL10E","Fossil Gas","11WD7KWHU1GBL10E","27/04/2026 18:00 - 27/04/2026 19:00","0.20",""
"27/04/2026 00:00 - 28/04/2026 00:00","CTA|DE(Amprion)","KW Hamm-Uentrop Block 10","11WD7KWHU1GBL10E","Fossil Gas","11WD7KWHU1GBL10E","27/04/2026 19:00 - 27/04/2026 20:00","0.20",""
"27/04/2026 00:00 - 28/04/2026 00:00","CTA|DE(Amprion)","KW Hamm-Uentrop Block 10","11WD7KWHU1GBL10E","Fossil Gas","11WD7KWHU1GBL10E","27/04/2026 20:00 - 27/04/2026 21:00","0.20",""
"27/04/2026 00:00 - 28/04/2026 00:00","CTA|DE(Amprion)","KW Hamm-Uentrop Block 10","11WD7KWHU1GBL10E","Fossil Gas","11WD7KWHU1GBL10E","27/04/2026 21:00 - 27/04/2026 22:00","0.20",""
"27/04/2026 00:00 - 28/04/2026 00:00","CTA|DE(Amprion)","KW Hamm-Uentrop Block 10","11WD7KWHU1GBL10E","Fossil Gas","11WD7KWHU1GBL10E","27/04/2026 22:00 - 27/04/2026 23:00","0.20",""
"27/04/2026 00:00 - 28/04/2026 00:00","CTA|DE(Amprion)","KW Hamm-Uentrop Block 10","11WD7KWHU1GBL10E","Fossil Gas","11WD7KWHU1GBL10E","27/04/2026 23:00 - 28/04/2026 00:00","0.20",""
"27/04/2026 00:00 - 28/04/2026 00:00","CTA|DE(Amprion)","KW Hamm-Uentrop Block 20","11WD7KWHU1GBL20B","Fossil Gas","11WD7KWHU1GBL20B","27/04/2026 00:00 - 27/04/2026 01:00","0.10",""
"27/04/2026 00:00 - 28/04/2026 00:00","CTA|DE(Amprion)","KW Hamm-Uentrop Block 20","11WD7KWHU1GBL20B","Fossil Gas","11WD7KWHU1GBL20B","27/04/2026 01:00 - 27/04/2026 02:00","0.10",""
"27/04/2026 00:00 - 28/04/2026 00:00","CTA|DE(Amprion)","KW Hamm-Uentrop Block 20","11WD7KWHU1GBL20B","Fossil Gas","11WD7KWHU1GBL20B","27/04/2026 02:00 - 27/04/2026 03:00","0.10",""
"27/04/2026 00:00 - 28/04/2026 00:00","CTA|DE(Amprion)","KW Hamm-Uentrop Block 20","11WD7KWHU1GBL20B","Fossil Gas","11WD7KWHU1GBL20B","27/04/2026 03:00 - 27/04/2026 04:00","0.10",""
"27/04/2026 00:00 - 28/04/2026 00:00","CTA|DE(Amprion)","KW Hamm-Uentrop Block 20","11WD7KWHU1GBL20B","Fossil Gas","11WD7KWHU1GBL20B","27/04/2026 04:00 - 27/04/2026 05:00","0.10",""
"27/04/2026 00:00 - 28/04/2026 00:00","CTA|DE(Amprion)","KW Hamm-Uentrop Block 20","11WD7KWHU1GBL20B","Fossil Gas","11WD7KWHU1GBL20B","27/04/2026 05:00 - 27/04/2026 06:00","0.10",""
"27/04/2026 00:00 - 28/04/2026 00:00","CTA|DE(Amprion)","KW Hamm-Uentrop Block 20","11WD7KWHU1GBL20B","Fossil Gas","11WD7KWHU1GBL20B","27/04/2026 06:00 - 27/04/2026 07:00","0.10",""
"27/04/2026 00:00 - 28/04/2026 00:00","CTA|DE(Amprion)","KW Hamm-Uentrop Block 20","11WD7KWHU1GBL20B","Fossil Gas","11WD7KWHU1GBL20B","27/04/2026 07:00 - 27/04/2026 08:00","0.10",""
"27/04/2026 00:00 - 28/04/2026 00:00","CTA|DE(Amprion)","KW Hamm-Uentrop Block 20","11WD7KWHU1GBL20B","Fossil Gas","11WD7KWHU1GBL20B","27/04/2026 08:00 - 27/04/2026 09:00","0.10",""
"27/04/2026 00:00 - 28/04/2026 00:00","CTA|DE(Amprion)","KW Hamm-Uentrop Block 20","11WD7KWHU1GBL20B","Fossil Gas","11WD7KWHU1GBL20B","27/04/2026 09:00 - 27/04/2026 10:00","0.10",""
"27/04/2026 00:00 - 28/04/2026 00:00","CTA|DE(Amprion)","KW Hamm-Uentrop Block 20","11WD7KWHU1GBL20B","Fossil Gas","11WD7KWHU1GBL20B","27/04/2026 10:00 - 27/04/2026 11:00","0.10",""
"27/04/2026 00:00 - 28/04/2026 00:00","CTA|DE(Amprion)","KW Hamm-Uentrop Block 20","11WD7KWHU1GBL20B","Fossil Gas","11WD7KWHU1GBL20B","27/04/2026 11:00 - 27/04/2026 12:00","0.10",""
"27/04/2026 00:00 - 28/04/2026 00:00","CTA|DE(Amprion)","KW Hamm-Uentrop Block 20","11WD7KWHU1GBL20B","Fossil Gas","11WD7KWHU1GBL20B","27/04/2026 12:00 - 27/04/2026 13:00","0.10",""
"27/04/2026 00:00 - 28/04/2026 00:00","CTA|DE(Amprion)","KW Hamm-Uentrop Block 20","11WD7KWHU1GBL20B","Fossil Gas","11WD7KWHU1GBL20B","27/04/2026 13:00 - 27/04/2026 14:00","0.10",""
"27/04/2026 00:00 - 28/04/2026 00:00","CTA|DE(Amprion)","KW Hamm-Uentrop Block 20","11WD7KWHU1GBL20B","Fossil Gas","11WD7KWHU1GBL20B","27/04/2026 14:00 - 27/04/2026 15:00","0.10",""
"27/04/2026 00:00 - 28/04/2026 00:00","CTA|DE(Amprion)","KW Hamm-Uentrop Block 20","11WD7KWHU1GBL20B","Fossil Gas","11WD7KWHU1GBL20B","27/04/2026 15:00 - 27/04/2026 16:00","0.10",""
"27/04/2026 00:00 - 28/04/2026 00:00","CTA|DE(Amprion)","KW Hamm-Uentrop Block 20","11WD7KWHU1GBL20B","Fossil Gas","11WD7KWHU1GBL20B","27/04/2026 16:00 - 27/04/2026 17:00","0.10",""
"27/04/2026 00:00 - 28/04/2026 00:00","CTA|DE(Amprion)","KW Hamm-Uentrop Block 20","11WD7KWHU1GBL20B","Fossil Gas","11WD7KWHU1GBL20B","27/04/2026 17:00 - 27/04/2026 18:00","0.10",""
"27/04/2026 00:00 - 28/04/2026 00:00","CTA|DE(Amprion)","KW Hamm-Uentrop Block 20","11WD7KWHU1GBL20B","Fossil Gas","11WD7KWHU1GBL20B","27/04/2026 18:00 - 27/04/2026 19:00","0.10",""
"27/04/2026 00:00 - 28/04/2026 00:00","CTA|DE(Amprion)","KW Hamm-Uentrop Block 20","11WD7KWHU1GBL20B","Fossil Gas","11WD7KWHU1GBL20B","27/04/2026 19:00 - 27/04/2026 20:00","0.10",""
"27/04/2026 00:00 - 28/04/2026 00:00","CTA|DE(Amprion)","KW Hamm-Uentrop Block 20","11WD7KWHU1GBL20B","Fossil Gas","11WD7KWHU1GBL20B","27/04/2026 20:00 - 27/04/2026 21:00","0.10",""
"27/04/2026 00:00 - 28/04/2026 00:00","CTA|DE(Amprion)","KW Hamm-Uentrop Block 20","11WD7KWHU1GBL20B","Fossil Gas","11WD7KWHU1GBL20B","27/04/2026 21:00 - 27/04/2026 22:00","0.10",""
"27/04/2026 00:00 - 28/04/2026 00:00","CTA|DE(Amprion)","KW Hamm-Uentrop Block 20","11WD7KWHU1GBL20B","Fossil Gas","11WD7KWHU1GBL20B","27/04/2026 22:00 - 27/04/2026 23:00","0.10",""
"27/04/2026 00:00 - 28/04/2026 00:00","CTA|DE(Amprion)","KW Hamm-Uentrop Block 20","11WD7KWHU1GBL20B","Fossil Gas","11WD7KWHU1GBL20B","27/04/2026 23:00 - 28/04/2026 00:00","0.10",""
"27/04/2026 00:00 - 28/04/2026 00:00","CTA|DE(Amprion)","Knapsack 2","11WD7KWKN-20-EEW","Fossil Gas","11WD7KWKN-20-EEW","27/04/2026 00:00 - 27/04/2026 01:00","0.00",""
"27/04/2026 00:00 - 28/04/2026 00:00","CTA|DE(Amprion)","Knapsack 2","11WD7KWKN-20-EEW","Fossil Gas","11WD7KWKN-20-EEW","27/04/2026 01:00 - 27/04/2026 02:00","0.00",""
"27/04/2026 00:00 - 28/04/2026 00:00","CTA|DE(Amprion)","Knapsack 2","11WD7KWKN-20-EEW","Fossil Gas","11WD7KWKN-20-EEW","27/04/2026 02:00 - 27/04/2026 03:00","0.00",""
"27/04/2026 00:00 - 28/04/2026 00:00","CTA|DE(Amprion)","Knapsack 2","11WD7KWKN-20-EEW","Fossil Gas","11WD7KWKN-20-EEW","27/04/2026 03:00 - 27/04/2026 04:00","0.00",""
"27/04/2026 00:00 - 28/04/2026 00:00","CTA|DE(Amprion)","Knapsack 2","11WD7KWKN-20-EEW","Fossil Gas","11WD7KWKN-20-EEW","27/04/2026 04:00 - 27/04/2026 05:00","0.00",""
"27/04/2026 00:00 - 28/04/2026 00:00","CTA|DE(Amprion)","Knapsack 2","11WD7KWKN-20-EEW","Fossil Gas","11WD7KWKN-20-EEW","27/04/2026 05:00 - 27/04/2026 06:00","0.00",""
"27/04/2026 00:00 - 28/04/2026 00:00","CTA|DE(Amprion)","Knapsack 2","11WD7KWKN-20-EEW","Fossil Gas","11WD7KWKN-20-EEW","27/04/2026 06:00 - 27/04/2026 07:00","0.00",""
"27/04/2026 00:00 - 28/04/2026 00:00","CTA|DE(Amprion)","Knapsack 2","11WD7KWKN-20-EEW","Fossil Gas","11WD7KWKN-20-EEW","27/04/2026 07:00 - 27/04/2026 08:00","0.00",""
"27/04/2026 00:00 - 28/04/2026 00:00","CTA|DE(Amprion)","Knapsack 2","11WD7KWKN-20-EEW","Fossil Gas","11WD7KWKN-20-EEW","27/04/2026 08:00 - 27/04/2026 09:00","0.00",""
"27/04/2026 00:00 - 28/04/2026 00:00","CTA|DE(Amprion)","Knapsack 2","11WD7KWKN-20-EEW","Fossil Gas","11WD7KWKN-20-EEW","27/04/2026 09:00 - 27/04/2026 10:00","0.00",""
"27/04/2026 00:00 - 28/04/2026 00:00","CTA|DE(Amprion)","Knapsack 2","11WD7KWKN-20-EEW","Fossil Gas","11WD7KWKN-20-EEW","27/04/2026 10:00 - 27/04/2026 11:00","0.00",""
"27/04/2026 00:00 - 28/04/2026 00:00","CTA|DE(Amprion)","Knapsack 2","11WD7KWKN-20-EEW","Fossil Gas","11WD7KWKN-20-EEW","27/04/2026 11:00 - 27/04/2026 12:00","0.00",""
"27/04/2026 00:00 - 28/04/2026 00:00","CTA|DE(Amprion)","Knapsack 2","11WD7KWKN-20-EEW","Fossil Gas","11WD7KWKN-20-EEW","27/04/2026 12:00 - 27/04/2026 13:00","0.00",""
"27/04/2026 00:00 - 28/04/2026 00:00","CTA|DE(Amprion)","Knapsack 2","11WD7KWKN-20-EEW","Fossil Gas","11WD7KWKN-20-EEW","27/04/2026 13:00 - 27/04/2026 14:00","0.00",""
"27/04/2026 00:00 - 28/04/2026 00:00","CTA|DE(Amprion)","Knapsack 2","11WD7KWKN-20-EEW","Fossil Gas","11WD7KWKN-20-EEW","27/04/2026 14:00 - 27/04/2026 15:00","0.00",""
"27/04/2026 00:00 - 28/04/2026 00:00","CTA|DE(Amprion)","Knapsack 2","11WD7KWKN-20-EEW","Fossil Gas","11WD7KWKN-20-EEW","27/04/2026 15:00 - 27/04/2026 16:00","0.00",""
"27/04/2026 00:00 - 28/04/2026 00:00","CTA|DE(Amprion)","Knapsack 2","11WD7KWKN-20-EEW","Fossil Gas","11WD7KWKN-20-EEW","27/04/2026 16:00 - 27/04/2026 17:00","0.00",""
"27/04/2026 00:00 - 28/04/2026 00:00","CTA|DE(Amprion)","Knapsack 2","11WD7KWKN-20-EEW","Fossil Gas","11WD7KWKN-20-EEW","27/04/2026 17:00 - 27/04/2026 18:00","0.00",""
"27/04/2026 00:00 - 28/04/2026 00:00","CTA|DE(Amprion)","Knapsack 2","11WD7KWKN-20-EEW","Fossil Gas","11WD7KWKN-20-EEW","27/04/2026 18:00 - 27/04/2026 19:00","0.00",""
"27/04/2026 00:00 - 28/04/2026 00:00","CTA|DE(Amprion)","Knapsack 2","11WD7KWKN-20-EEW","Fossil Gas","11WD7KWKN-20-EEW","27/04/2026 19:00 - 27/04/2026 20:00","0.00",""
"27/04/2026 00:00 - 28/04/2026 00:00","CTA|DE(Amprion)","Knapsack 2","11WD7KWKN-20-EEW","Fossil Gas","11WD7KWKN-20-EEW","27/04/2026 20:00 - 27/04/2026 21:00","0.00",""
"27/04/2026 00:00 - 28/04/2026 00:00","CTA|DE(Amprion)","Knapsack 2","11WD7KWKN-20-EEW","Fossil Gas","11WD7KWKN-20-EEW","27/04/2026 21:00 - 27/04/2026 22:00","0.00",""
"27/04/2026 00:00 - 28/04/2026 00:00","CTA|DE(Amprion)","Knapsack 2","11WD7KWKN-20-EEW","Fossil Gas","11WD7KWKN-20-EEW","27/04/2026 22:00 - 27/04/2026 23:00","0.00",""
"27/04/2026 00:00 - 28/04/2026 00:00","CTA|DE(Amprion)","Knapsack 2","11WD7KWKN-20-EEW","Fossil Gas","11WD7KWKN-20-EEW","27/04/2026 23:00 - 28/04/2026 00:00","0.00",""
"27/04/2026 00:00 - 28/04/2026 00:00","CTA|DE(Amprion)","Knapsack 1","11WD7KWKN-KW-EEN","Fossil Gas","11WD7KWKN-KW-EEN","27/04/2026 00:00 - 27/04/2026 01:00","868.10",""
"27/04/2026 00:00 - 28/04/2026 00:00","CTA|DE(Amprion)","Knapsack 1","11WD7KWKN-KW-EEN","Fossil Gas","11WD7KWKN-KW-EEN","27/04/2026 01:00 - 27/04/2026 02:00","868.60",""
"27/04/2026 00:00 - 28/04/2026 00:00","CTA|DE(Amprion)","Knapsack 1","11WD7KWKN-KW-EEN","Fossil Gas","11WD7KWKN-KW-EEN","27/04/2026 02:00 - 27/04/2026 03:00","867.50",""
"27/04/2026 00:00 - 28/04/2026 00:00","CTA|DE(Amprion)","Knapsack 1","11WD7KWKN-KW-EEN","Fossil Gas","11WD7KWKN-KW-EEN","27/04/2026 03:00 - 27/04/2026 04:00","866.60",""
"27/04/2026 00:00 - 28/04/2026 00:00","CTA|DE(Amprion)","Knapsack 1","11WD7KWKN-KW-EEN","Fossil Gas","11WD7KWKN-KW-EEN","27/04/2026 04:00 - 27/04/2026 05:00","868.00",""
"27/04/2026 00:00 - 28/04/2026 00:00","CTA|DE(Amprion)","Knapsack 1","11WD7KWKN-KW-EEN","Fossil Gas","11WD7KWKN-KW-EEN","27/04/2026 05:00 - 27/04/2026 06:00","870.10",""
"27/04/2026 00:00 - 28/04/2026 00:00","CTA|DE(Amprion)","Knapsack 1","11WD7KWKN-KW-EEN","Fossil Gas","11WD7KWKN-KW-EEN","27/04/2026 06:00 - 27/04/2026 07:00","871.10",""
"27/04/2026 00:00 - 28/04/2026 00:00","CTA|DE(Amprion)","Knapsack 1","11WD7KWKN-KW-EEN","Fossil Gas","11WD7KWKN-KW-EEN","27/04/2026 07:00 - 27/04/2026 08:00","791.60",""
"27/04/2026 00:00 - 28/04/2026 00:00","CTA|DE(Amprion)","Knapsack 1","11WD7KWKN-KW-EEN","Fossil Gas","11WD7KWKN-KW-EEN","27/04/2026 08:00 - 27/04/2026 09:00","569.70",""
"27/04/2026 00:00 - 28/04/2026 00:00","CTA|DE(Amprion)","Knapsack 1","11WD7KWKN-KW-EEN","Fossil Gas","11WD7KWKN-KW-EEN","27/04/2026 09:00 - 27/04/2026 10:00","4.70",""
"27/04/2026 00:00 - 28/04/2026 00:00","CTA|DE(Amprion)","Knapsack 1","11WD7KWKN-KW-EEN","Fossil Gas","11WD7KWKN-KW-EEN","27/04/2026 10:00 - 27/04/2026 11:00","0.00",""
"27/04/2026 00:00 - 28/04/2026 00:00","CTA|DE(Amprion)","Knapsack 1","11WD7KWKN-KW-EEN","Fossil Gas","11WD7KWKN-KW-EEN","27/04/2026 11:00 - 27/04/2026 12:00","0.00",""
"27/04/2026 00:00 - 28/04/2026 00:00","CTA|DE(Amprion)","Knapsack 1","11WD7KWKN-KW-EEN","Fossil Gas","11WD7KWKN-KW-EEN","27/04/2026 12:00 - 27/04/2026 13:00","0.00",""
"27/04/2026 00:00 - 28/04/2026 00:00","CTA|DE(Amprion)","Knapsack 1","11WD7KWKN-KW-EEN","Fossil Gas","11WD7KWKN-KW-EEN","27/04/2026 13:00 - 27/04/2026 14:00","0.00",""
"27/04/2026 00:00 - 28/04/2026 00:00","CTA|DE(Amprion)","Knapsack 1","11WD7KWKN-KW-EEN","Fossil Gas","11WD7KWKN-KW-EEN","27/04/2026 14:00 - 27/04/2026 15:00","0.00",""
"27/04/2026 00:00 - 28/04/2026 00:00","CTA|DE(Amprion)","Knapsack 1","11WD7KWKN-KW-EEN","Fossil Gas","11WD7KWKN-KW-EEN","27/04/2026 15:00 - 27/04/2026 16:00","0.00",""
"27/04/2026 00:00 - 28/04/2026 00:00","CTA|DE(Amprion)","Knapsack 1","11WD7KWKN-KW-EEN","Fossil Gas","11WD7KWKN-KW-EEN","27/04/2026 16:00 - 27/04/2026 17:00","0.10",""
"27/04/2026 00:00 - 28/04/2026 00:00","CTA|DE(Amprion)","Knapsack 1","11WD7KWKN-KW-EEN","Fossil Gas","11WD7KWKN-KW-EEN","27/04/2026 17:00 - 27/04/2026 18:00","187.30",""
"27/04/2026 00:00 - 28/04/2026 00:00","CTA|DE(Amprion)","Knapsack 1","11WD7KWKN-KW-EEN","Fossil Gas","11WD7KWKN-KW-EEN","27/04/2026 18:00 - 27/04/2026 19:00","767.80",""
"27/04/2026 00:00 - 28/04/2026 00:00","CTA|DE(Amprion)","Knapsack 1","11WD7KWKN-KW-EEN","Fossil Gas","11WD7KWKN-KW-EEN","27/04/2026 19:00 - 27/04/2026 20:00","846.50",""
"27/04/2026 00:00 - 28/04/2026 00:00","CTA|DE(Amprion)","Knapsack 1","11WD7KWKN-KW-EEN","Fossil Gas","11WD7KWKN-KW-EEN","27/04/2026 20:00 - 27/04/2026 21:00","852.80",""
"27/04/2026 00:00 - 28/04/2026 00:00","CTA|DE(Amprion)","Knapsack 1","11WD7KWKN-KW-EEN","Fossil Gas","11WD7KWKN-KW-EEN","27/04/2026 21:00 - 27/04/2026 22:00","759.10",""
"27/04/2026 00:00 - 28/04/2026 00:00","CTA|DE(Amprion)","Knapsack 1","11WD7KWKN-KW-EEN","Fossil Gas","11WD7KWKN-KW-EEN","27/04/2026 22:00 - 27/04/2026 23:00","330.30",""
"27/04/2026 00:00 - 28/04/2026 00:00","CTA|DE(Amprion)","Knapsack 1","11WD7KWKN-KW-EEN","Fossil Gas","11WD7KWKN-KW-EEN","27/04/2026 23:00 - 28/04/2026 00:00","0.00",""
"27/04/2026 00:00 - 28/04/2026 00:00","CTA|DE(Amprion)","Block GT 11","11WD7LUDW2GGT11E","Fossil Gas","11WD7LUDW2GGT11E","27/04/2026 00:00 - 27/04/2026 01:00","0.00",""
"27/04/2026 00:00 - 28/04/2026 00:00","CTA|DE(Amprion)","Block GT 11","11WD7LUDW2GGT11E","Fossil Gas","11WD7LUDW2GGT11E","27/04/2026 01:00 - 27/04/2026 02:00","0.00",""
"27/04/2026 00:00 - 28/04/2026 00:00","CTA|DE(Amprion)","Block GT 11","11WD7LUDW2GGT11E","Fossil Gas","11WD7LUDW2GGT11E","27/04/2026 02:00 - 27/04/2026 03:00","0.00",""
"27/04/2026 00:00 - 28/04/2026 00:00","CTA|DE(Amprion)","Block GT 11","11WD7LUDW2GGT11E","Fossil Gas","11WD7LUDW2GGT11E","27/04/2026 03:00 - 27/04/2026 04:00","0.00",""
"27/04/2026 00:00 - 28/04/2026 00:00","CTA|DE(Amprion)","Block GT 11","11WD7LUDW2GGT11E","Fossil Gas","11WD7LUDW2GGT11E","27/04/2026 04:00 - 27/04/2026 05:00","0.00",""
"27/04/2026 00:00 - 28/04/2026 00:00","CTA|DE(Amprion)","Block GT 11","11WD7LUDW2GGT11E","Fossil Gas","11WD7LUDW2GGT11E","27/04/2026 05:00 - 27/04/2026 06:00","0.00",""
"27/04/2026 00:00 - 28/04/2026 00:00","CTA|DE(Amprion)","Block GT 11","11WD7LUDW2GGT11E","Fossil Gas","11WD7LUDW2GGT11E","27/04/2026 06:00 - 27/04/2026 07:00","0.00",""
"27/04/2026 00:00 - 28/04/2026 00:00","CTA|DE(Amprion)","Block GT 11","11WD7LUDW2GGT11E","Fossil Gas","11WD7LUDW2GGT11E","27/04/2026 07:00 - 27/04/2026 08:00","0.00",""
"27/04/2026 00:00 - 28/04/2026 00:00","CTA|DE(Amprion)","Block GT 11","11WD7LUDW2GGT11E","Fossil Gas","11WD7LUDW2GGT11E","27/04/2026 08:00 - 27/04/2026 09:00","0.00",""
"27/04/2026 00:00 - 28/04/2026 00:00","CTA|DE(Amprion)","Block GT 11","11WD7LUDW2GGT11E","Fossil Gas","11WD7LUDW2GGT11E","27/04/2026 09:00 - 27/04/2026 10:00","0.00",""
"27/04/2026 00:00 - 28/04/2026 00:00","CTA|DE(Amprion)","Block GT 11","11WD7LUDW2GGT11E","Fossil Gas","11WD7LUDW2GGT11E","27/04/2026 10:00 - 27/04/2026 11:00","0.00",""
"27/04/2026 00:00 - 28/04/2026 00:00","CTA|DE(Amprion)","Block GT 11","11WD7LUDW2GGT11E","Fossil Gas","11WD7LUDW2GGT11E","27/04/2026 11:00 - 27/04/2026 12:00","0.00",""
"27/04/2026 00:00 - 28/04/2026 00:00","CTA|DE(Amprion)","Block GT 11","11WD7LUDW2GGT11E","Fossil Gas","11WD7LUDW2GGT11E","27/04/2026 12:00 - 27/04/2026 13:00","0.00",""
"27/04/2026 00:00 - 28/04/2026 00:00","CTA|DE(Amprion)","Block GT 11","11WD7LUDW2GGT11E","Fossil Gas","11WD7LUDW2GGT11E","27/04/2026 13:00 - 27/04/2026 14:00","0.00",""
"27/04/2026 00:00 - 28/04/2026 00:00","CTA|DE(Amprion)","Block GT 11","11WD7LUDW2GGT11E","Fossil Gas","11WD7LUDW2GGT11E","27/04/2026 14:00 - 27/04/2026 15:00","0.00",""
"27/04/2026 00:00 - 28/04/2026 00:00","CTA|DE(Amprion)","Block GT 11","11WD7LUDW2GGT11E","Fossil Gas","11WD7LUDW2GGT11E","27/04/2026 15:00 - 27/04/2026 16:00","0.00",""
"27/04/2026 00:00 - 28/04/2026 00:00","CTA|DE(Amprion)","Block GT 11","11WD7LUDW2GGT11E","Fossil Gas","11WD7LUDW2GGT11E","27/04/2026 16:00 - 27/04/2026 17:00","17.65",""
"27/04/2026 00:00 - 28/04/2026 00:00","CTA|DE(Amprion)","Block GT 11","11WD7LUDW2GGT11E","Fossil Gas","11WD7LUDW2GGT11E","27/04/2026 17:00 - 27/04/2026 18:00","77.15",""
"27/04/2026 00:00 - 28/04/2026 00:00","CTA|DE(Amprion)","Block GT 11","11WD7LUDW2GGT11E","Fossil Gas","11WD7LUDW2GGT11E","27/04/2026 18:00 - 27/04/2026 19:00","150.18",""
"27/04/2026 00:00 - 28/04/2026 00:00","CTA|DE(Amprion)","Block GT 11","11WD7LUDW2GGT11E","Fossil Gas","11WD7LUDW2GGT11E","27/04/2026 19:00 - 27/04/2026 20:00","164.32",""
"27/04/2026 00:00 - 28/04/2026 00:00","CTA|DE(Amprion)","Block GT 11","11WD7LUDW2GGT11E","Fossil Gas","11WD7LUDW2GGT11E","27/04/2026 20:00 - 27/04/2026 21:00","166.32",""
"27/04/2026 00:00 - 28/04/2026 00:00","CTA|DE(Amprion)","Block GT 11","11WD7LUDW2GGT11E","Fossil Gas","11WD7LUDW2GGT11E","27/04/2026 21:00 - 27/04/2026 22:00","161.22",""
"27/04/2026 00:00 - 28/04/2026 00:00","CTA|DE(Amprion)","Block GT 11","11WD7LUDW2GGT11E","Fossil Gas","11WD7LUDW2GGT11E","27/04/2026 22:00 - 27/04/2026 23:00","178.05",""
"27/04/2026 00:00 - 28/04/2026 00:00","CTA|DE(Amprion)","Block GT 11","11WD7LUDW2GGT11E","Fossil Gas","11WD7LUDW2GGT11E","27/04/2026 23:00 - 28/04/2026 00:00","171.35",""
"27/04/2026 00:00 - 28/04/2026 00:00","CTA|DE(Amprion)","Block GT 12","11WD7LUDW2GGT12C","Fossil Gas","11WD7LUDW2GGT12C","27/04/2026 00:00 - 27/04/2026 01:00","194.85",""
"27/04/2026 00:00 - 28/04/2026 00:00","CTA|DE(Amprion)","Block GT 12","11WD7LUDW2GGT12C","Fossil Gas","11WD7LUDW2GGT12C","27/04/2026 01:00 - 27/04/2026 02:00","191.20",""
"27/04/2026 00:00 - 28/04/2026 00:00","CTA|DE(Amprion)","Block GT 12","11WD7LUDW2GGT12C","Fossil Gas","11WD7LUDW2GGT12C","27/04/2026 02:00 - 27/04/2026 03:00","198.72",""
"27/04/2026 00:00 - 28/04/2026 00:00","CTA|DE(Amprion)","Block GT 12","11WD7LUDW2GGT12C","Fossil Gas","11WD7LUDW2GGT12C","27/04/2026 03:00 - 27/04/2026 04:00","204.28",""
"27/04/2026 00:00 - 28/04/2026 00:00","CTA|DE(Amprion)","Block GT 12","11WD7LUDW2GGT12C","Fossil Gas","11WD7LUDW2GGT12C","27/04/2026 04:00 - 27/04/2026 05:00","206.68",""
"27/04/2026 00:00 - 28/04/2026 00:00","CTA|DE(Amprion)","Block GT 12","11WD7LUDW2GGT12C","Fossil Gas","11WD7LUDW2GGT12C","27/04/2026 05:00 - 27/04/2026 06:00","212.55",""
"27/04/2026 00:00 - 28/04/2026 00:00","CTA|DE(Amprion)","Block GT 12","11WD7LUDW2GGT12C","Fossil Gas","11WD7LUDW2GGT12C","27/04/2026 06:00 - 27/04/2026 07:00","216.07",""
"27/04/2026 00:00 - 28/04/2026 00:00","CTA|DE(Amprion)","Block GT 12","11WD7LUDW2GGT12C","Fossil Gas","11WD7LUDW2GGT12C","27/04/2026 07:00 - 27/04/2026 08:00","216.38",""
"27/04/2026 00:00 - 28/04/2026 00:00","CTA|DE(Amprion)","Block GT 12","11WD7LUDW2GGT12C","Fossil Gas","11WD7LUDW2GGT12C","27/04/2026 08:00 - 27/04/2026 09:00","187.35",""
"27/04/2026 00:00 - 28/04/2026 00:00","CTA|DE(Amprion)","Block GT 12","11WD7LUDW2GGT12C","Fossil Gas","11WD7LUDW2GGT12C","27/04/2026 09:00 - 27/04/2026 10:00","132.75",""
"27/04/2026 00:00 - 28/04/2026 00:00","CTA|DE(Amprion)","Block GT 12","11WD7LUDW2GGT12C","Fossil Gas","11WD7LUDW2GGT12C","27/04/2026 10:00 - 27/04/2026 11:00","85.75",""
"27/04/2026 00:00 - 28/04/2026 00:00","CTA|DE(Amprion)","Block GT 12","11WD7LUDW2GGT12C","Fossil Gas","11WD7LUDW2GGT12C","27/04/2026 11:00 - 27/04/2026 12:00","89.38",""
"27/04/2026 00:00 - 28/04/2026 00:00","CTA|DE(Amprion)","Block GT 12","11WD7LUDW2GGT12C","Fossil Gas","11WD7LUDW2GGT12C","27/04/2026 12:00 - 27/04/2026 13:00","68.05",""
"27/04/2026 00:00 - 28/04/2026 00:00","CTA|DE(Amprion)","Block GT 12","11WD7LUDW2GGT12C","Fossil Gas","11WD7LUDW2GGT12C","27/04/2026 13:00 - 27/04/2026 14:00","67.95",""
"27/04/2026 00:00 - 28/04/2026 00:00","CTA|DE(Amprion)","Block GT 12","11WD7LUDW2GGT12C","Fossil Gas","11WD7LUDW2GGT12C","27/04/2026 14:00 - 27/04/2026 15:00","68.05",""
"27/04/2026 00:00 - 28/04/2026 00:00","CTA|DE(Amprion)","Block GT 12","11WD7LUDW2GGT12C","Fossil Gas","11WD7LUDW2GGT12C","27/04/2026 15:00 - 27/04/2026 16:00","67.45",""
"27/04/2026 00:00 - 28/04/2026 00:00","CTA|DE(Amprion)","Block GT 12","11WD7LUDW2GGT12C","Fossil Gas","11WD7LUDW2GGT12C","27/04/2026 16:00 - 27/04/2026 17:00","93.95",""
"27/04/2026 00:00 - 28/04/2026 00:00","CTA|DE(Amprion)","Block GT 12","11WD7LUDW2GGT12C","Fossil Gas","11WD7LUDW2GGT12C","27/04/2026 17:00 - 27/04/2026 18:00","104.80",""
"27/04/2026 00:00 - 28/04/2026 00:00","CTA|DE(Amprion)","Block GT 12","11WD7LUDW2GGT12C","Fossil Gas","11WD7LUDW2GGT12C","27/04/2026 18:00 - 27/04/2026 19:00","149.72",""
"27/04/2026 00:00 - 28/04/2026 00:00","CTA|DE(Amprion)","Block GT 12","11WD7LUDW2GGT12C","Fossil Gas","11WD7LUDW2GGT12C","27/04/2026 19:00 - 27/04/2026 20:00","164.28",""
"27/04/2026 00:00 - 28/04/2026 00:00","CTA|DE(Amprion)","Block GT 12","11WD7LUDW2GGT12C","Fossil Gas","11WD7LUDW2GGT12C","27/04/2026 20:00 - 27/04/2026 21:00","166.30",""
"27/04/2026 00:00 - 28/04/2026 00:00","CTA|DE(Amprion)","Block GT 12","11WD7LUDW2GGT12C","Fossil Gas","11WD7LUDW2GGT12C","27/04/2026 21:00 - 27/04/2026 22:00","161.22",""
"27/04/2026 00:00 - 28/04/2026 00:00","CTA|DE(Amprion)","Block GT 12","11WD7LUDW2GGT12C","Fossil Gas","11WD7LUDW2GGT12C","27/04/2026 22:00 - 27/04/2026 23:00","29.00",""
"27/04/2026 00:00 - 28/04/2026 00:00","CTA|DE(Amprion)","Block GT 12","11WD7LUDW2GGT12C","Fossil Gas","11WD7LUDW2GGT12C","27/04/2026 23:00 - 28/04/2026 00:00","0.00",""
"27/04/2026 00:00 - 28/04/2026 00:00","CTA|DE(Amprion)","Block GT1","11WD7LUDW5GSDG1Q","Fossil Gas","11WD7LUDW5GSDG1Q","27/04/2026 00:00 - 27/04/2026 01:00","110.55",""
"27/04/2026 00:00 - 28/04/2026 00:00","CTA|DE(Amprion)","Block GT1","11WD7LUDW5GSDG1Q","Fossil Gas","11WD7LUDW5GSDG1Q","27/04/2026 01:00 - 27/04/2026 02:00","110.60",""
"27/04/2026 00:00 - 28/04/2026 00:00","CTA|DE(Amprion)","Block GT1","11WD7LUDW5GSDG1Q","Fossil Gas","11WD7LUDW5GSDG1Q","27/04/2026 02:00 - 27/04/2026 03:00","110.75",""
"27/04/2026 00:00 - 28/04/2026 00:00","CTA|DE(Amprion)","Block GT1","11WD7LUDW5GSDG1Q","Fossil Gas","11WD7LUDW5GSDG1Q","27/04/2026 03:00 - 27/04/2026 04:00","111.60",""
"27/04/2026 00:00 - 28/04/2026 00:00","CTA|DE(Amprion)","Block GT1","11WD7LUDW5GSDG1Q","Fossil Gas","11WD7LUDW5GSDG1Q","27/04/2026 04:00 - 27/04/2026 05:00","114.10",""
"27/04/2026 00:00 - 28/04/2026 00:00","CTA|DE(Amprion)","Block GT1","11WD7LUDW5GSDG1Q","Fossil Gas","11WD7LUDW5GSDG1Q","27/04/2026 05:00 - 27/04/2026 06:00","129.70",""
"27/04/2026 00:00 - 28/04/2026 00:00","CTA|DE(Amprion)","Block GT1","11WD7LUDW5GSDG1Q","Fossil Gas","11WD7LUDW5GSDG1Q","27/04/2026 06:00 - 27/04/2026 07:00","151.82",""
"27/04/2026 00:00 - 28/04/2026 00:00","CTA|DE(Amprion)","Block GT1","11WD7LUDW5GSDG1Q","Fossil Gas","11WD7LUDW5GSDG1Q","27/04/2026 07:00 - 27/04/2026 08:00","145.13",""
"27/04/2026 00:00 - 28/04/2026 00:00","CTA|DE(Amprion)","Block GT1","11WD7LUDW5GSDG1Q","Fossil Gas","11WD7LUDW5GSDG1Q","27/04/2026 08:00 - 27/04/2026 09:00","122.17",""
"27/04/2026 00:00 - 28/04/2026 00:00","CTA|DE(Amprion)","Block GT1","11WD7LUDW5GSDG1Q","Fossil Gas","11WD7LUDW5GSDG1Q","27/04/2026 09:00 - 27/04/2026 10:00","113.10",""
"27/04/2026 00:00 - 28/04/2026 00:00","CTA|DE(Amprion)","Block GT1","11WD7LUDW5GSDG1Q","Fossil Gas","11WD7LUDW5GSDG1Q","27/04/2026 10:00 - 27/04/2026 11:00","110.28",""
"27/04/2026 00:00 - 28/04/2026 00:00","CTA|DE(Amprion)","Block GT1","11WD7LUDW5GSDG1Q","Fossil Gas","11WD7LUDW5GSDG1Q","27/04/2026 11:00 - 27/04/2026 12:00","123.03",""
"27/04/2026 00:00 - 28/04/2026 00:00","CTA|DE(Amprion)","Block GT1","11WD7LUDW5GSDG1Q","Fossil Gas","11WD7LUDW5GSDG1Q","27/04/2026 12:00 - 27/04/2026 13:00","110.13",""
"27/04/2026 00:00 - 28/04/2026 00:00","CTA|DE(Amprion)","Block GT1","11WD7LUDW5GSDG1Q","Fossil Gas","11WD7LUDW5GSDG1Q","27/04/2026 13:00 - 27/04/2026 14:00","110.13",""
"27/04/2026 00:00 - 28/04/2026 00:00","CTA|DE(Amprion)","Block GT1","11WD7LUDW5GSDG1Q","Fossil Gas","11WD7LUDW5GSDG1Q","27/04/2026 14:00 - 27/04/2026 15:00","110.15",""
"27/04/2026 00:00 - 28/04/2026 00:00","CTA|DE(Amprion)","Block GT1","11WD7LUDW5GSDG1Q","Fossil Gas","11WD7LUDW5GSDG1Q","27/04/2026 15:00 - 27/04/2026 16:00","110.10",""
"27/04/2026 00:00 - 28/04/2026 00:00","CTA|DE(Amprion)","Block GT1","11WD7LUDW5GSDG1Q","Fossil Gas","11WD7LUDW5GSDG1Q","27/04/2026 16:00 - 27/04/2026 17:00","111.25",""
"27/04/2026 00:00 - 28/04/2026 00:00","CTA|DE(Amprion)","Block GT1","11WD7LUDW5GSDG1Q","Fossil Gas","11WD7LUDW5GSDG1Q","27/04/2026 17:00 - 27/04/2026 18:00","112.13",""
"27/04/2026 00:00 - 28/04/2026 00:00","CTA|DE(Amprion)","Block GT1","11WD7LUDW5GSDG1Q","Fossil Gas","11WD7LUDW5GSDG1Q","27/04/2026 18:00 - 27/04/2026 19:00","110.50",""
"27/04/2026 00:00 - 28/04/2026 00:00","CTA|DE(Amprion)","Block GT1","11WD7LUDW5GSDG1Q","Fossil Gas","11WD7LUDW5GSDG1Q","27/04/2026 19:00 - 27/04/2026 20:00","110.55",""
"27/04/2026 00:00 - 28/04/2026 00:00","CTA|DE(Amprion)","Block GT1","11WD7LUDW5GSDG1Q","Fossil Gas","11WD7LUDW5GSDG1Q","27/04/2026 20:00 - 27/04/2026 21:00","111.03",""
"27/04/2026 00:00 - 28/04/2026 00:00","CTA|DE(Amprion)","Block GT1","11WD7LUDW5GSDG1Q","Fossil Gas","11WD7LUDW5GSDG1Q","27/04/2026 21:00 - 27/04/2026 22:00","110.53",""
"27/04/2026 00:00 - 28/04/2026 00:00","CTA|DE(Amprion)","Block GT1","11WD7LUDW5GSDG1Q","Fossil Gas","11WD7LUDW5GSDG1Q","27/04/2026 22:00 - 27/04/2026 23:00","142.55",""
"27/04/2026 00:00 - 28/04/2026 00:00","CTA|DE(Amprion)","Block GT1","11WD7LUDW5GSDG1Q","Fossil Gas","11WD7LUDW5GSDG1Q","27/04/2026 23:00 - 28/04/2026 00:00","120.13",""
"27/04/2026 00:00 - 28/04/2026 00:00","CTA|DE(Amprion)","Block GT2","11WD7LUDW5GSDG2O","Fossil Gas","11WD7LUDW5GSDG2O","27/04/2026 00:00 - 27/04/2026 01:00","0.20",""
"27/04/2026 00:00 - 28/04/2026 00:00","CTA|DE(Amprion)","Block GT2","11WD7LUDW5GSDG2O","Fossil Gas","11WD7LUDW5GSDG2O","27/04/2026 01:00 - 27/04/2026 02:00","0.20",""
"27/04/2026 00:00 - 28/04/2026 00:00","CTA|DE(Amprion)","Block GT2","11WD7LUDW5GSDG2O","Fossil Gas","11WD7LUDW5GSDG2O","27/04/2026 02:00 - 27/04/2026 03:00","0.20",""
"27/04/2026 00:00 - 28/04/2026 00:00","CTA|DE(Amprion)","Block GT2","11WD7LUDW5GSDG2O","Fossil Gas","11WD7LUDW5GSDG2O","27/04/2026 03:00 - 27/04/2026 04:00","0.20",""
"27/04/2026 00:00 - 28/04/2026 00:00","CTA|DE(Amprion)","Block GT2","11WD7LUDW5GSDG2O","Fossil Gas","11WD7LUDW5GSDG2O","27/04/2026 04:00 - 27/04/2026 05:00","0.20",""
"27/04/2026 00:00 - 28/04/2026 00:00","CTA|DE(Amprion)","Block GT2","11WD7LUDW5GSDG2O","Fossil Gas","11WD7LUDW5GSDG2O","27/04/2026 05:00 - 27/04/2026 06:00","0.20",""
"27/04/2026 00:00 - 28/04/2026 00:00","CTA|DE(Amprion)","Block GT2","11WD7LUDW5GSDG2O","Fossil Gas","11WD7LUDW5GSDG2O","27/04/2026 06:00 - 27/04/2026 07:00","0.20",""
"27/04/2026 00:00 - 28/04/2026 00:00","CTA|DE(Amprion)","Block GT2","11WD7LUDW5GSDG2O","Fossil Gas","11WD7LUDW5GSDG2O","27/04/2026 07:00 - 27/04/2026 08:00","0.20",""
"27/04/2026 00:00 - 28/04/2026 00:00","CTA|DE(Amprion)","Block GT2","11WD7LUDW5GSDG2O","Fossil Gas","11WD7LUDW5GSDG2O","27/04/2026 08:00 - 27/04/2026 09:00","0.20",""
"27/04/2026 00:00 - 28/04/2026 00:00","CTA|DE(Amprion)","Block GT2","11WD7LUDW5GSDG2O","Fossil Gas","11WD7LUDW5GSDG2O","27/04/2026 09:00 - 27/04/2026 10:00","0.20",""
"27/04/2026 00:00 - 28/04/2026 00:00","CTA|DE(Amprion)","Block GT2","11WD7LUDW5GSDG2O","Fossil Gas","11WD7LUDW5GSDG2O","27/04/2026 10:00 - 27/04/2026 11:00","0.20",""
"27/04/2026 00:00 - 28/04/2026 00:00","CTA|DE(Amprion)","Block GT2","11WD7LUDW5GSDG2O","Fossil Gas","11WD7LUDW5GSDG2O","27/04/2026 11:00 - 27/04/2026 12:00","0.20",""
"27/04/2026 00:00 - 28/04/2026 00:00","CTA|DE(Amprion)","Block GT2","11WD7LUDW5GSDG2O","Fossil Gas","11WD7LUDW5GSDG2O","27/04/2026 12:00 - 27/04/2026 13:00","0.20",""
"27/04/2026 00:00 - 28/04/2026 00:00","CTA|DE(Amprion)","Block GT2","11WD7LUDW5GSDG2O","Fossil Gas","11WD7LUDW5GSDG2O","27/04/2026 13:00 - 27/04/2026 14:00","0.20",""
"27/04/2026 00:00 - 28/04/2026 00:00","CTA|DE(Amprion)","Block GT2","11WD7LUDW5GSDG2O","Fossil Gas","11WD7LUDW5GSDG2O","27/04/2026 14:00 - 27/04/2026 15:00","0.20",""
"27/04/2026 00:00 - 28/04/2026 00:00","CTA|DE(Amprion)","Block GT2","11WD7LUDW5GSDG2O","Fossil Gas","11WD7LUDW5GSDG2O","27/04/2026 15:00 - 27/04/2026 16:00","0.20",""
"27/04/2026 00:00 - 28/04/2026 00:00","CTA|DE(Amprion)","Block GT2","11WD7LUDW5GSDG2O","Fossil Gas","11WD7LUDW5GSDG2O","27/04/2026 16:00 - 27/04/2026 17:00","0.20",""
"27/04/2026 00:00 - 28/04/2026 00:00","CTA|DE(Amprion)","Block GT2","11WD7LUDW5GSDG2O","Fossil Gas","11WD7LUDW5GSDG2O","27/04/2026 17:00 - 27/04/2026 18:00","0.20",""
"27/04/2026 00:00 - 28/04/2026 00:00","CTA|DE(Amprion)","Block GT2","11WD7LUDW5GSDG2O","Fossil Gas","11WD7LUDW5GSDG2O","27/04/2026 18:00 - 27/04/2026 19:00","0.20",""
"27/04/2026 00:00 - 28/04/2026 00:00","CTA|DE(Amprion)","Block GT2","11WD7LUDW5GSDG2O","Fossil Gas","11WD7LUDW5GSDG2O","27/04/2026 19:00 - 27/04/2026 20:00","0.20",""
"27/04/2026 00:00 - 28/04/2026 00:00","CTA|DE(Amprion)","Block GT2","11WD7LUDW5GSDG2O","Fossil Gas","11WD7LUDW5GSDG2O","27/04/2026 20:00 - 27/04/2026 21:00","0.20",""
"27/04/2026 00:00 - 28/04/2026 00:00","CTA|DE(Amprion)","Block GT2","11WD7LUDW5GSDG2O","Fossil Gas","11WD7LUDW5GSDG2O","27/04/2026 21:00 - 27/04/2026 22:00","0.20",""
"27/04/2026 00:00 - 28/04/2026 00:00","CTA|DE(Amprion)","Block GT2","11WD7LUDW5GSDG2O","Fossil Gas","11WD7LUDW5GSDG2O","27/04/2026 22:00 - 27/04/2026 23:00","0.20",""
"27/04/2026 00:00 - 28/04/2026 00:00","CTA|DE(Amprion)","Block GT2","11WD7LUDW5GSDG2O","Fossil Gas","11WD7LUDW5GSDG2O","27/04/2026 23:00 - 28/04/2026 00:00","0.20",""
"27/04/2026 00:00 - 28/04/2026 00:00","CTA|DE(Amprion)","BEXBACH_A_GESAMT","11WD7MITB1C---A1","Fossil Hard coal","11WD7MITB1C---A1","27/04/2026 00:00 - 27/04/2026 01:00","0.00",""
"27/04/2026 00:00 - 28/04/2026 00:00","CTA|DE(Amprion)","BEXBACH_A_GESAMT","11WD7MITB1C---A1","Fossil Hard coal","11WD7MITB1C---A1","27/04/2026 01:00 - 27/04/2026 02:00","0.00",""
"27/04/2026 00:00 - 28/04/2026 00:00","CTA|DE(Amprion)","BEXBACH_A_GESAMT","11WD7MITB1C---A1","Fossil Hard coal","11WD7MITB1C---A1","27/04/2026 02:00 - 27/04/2026 03:00","0.00",""
"27/04/2026 00:00 - 28/04/2026 00:00","CTA|DE(Amprion)","BEXBACH_A_GESAMT","11WD7MITB1C---A1","Fossil Hard coal","11WD7MITB1C---A1","27/04/2026 03:00 - 27/04/2026 04:00","0.00",""
"27/04/2026 00:00 - 28/04/2026 00:00","CTA|DE(Amprion)","BEXBACH_A_GESAMT","11WD7MITB1C---A1","Fossil Hard coal","11WD7MITB1C---A1","27/04/2026 04:00 - 27/04/2026 05:00","0.00",""
"27/04/2026 00:00 - 28/04/2026 00:00","CTA|DE(Amprion)","BEXBACH_A_GESAMT","11WD7MITB1C---A1","Fossil Hard coal","11WD7MITB1C---A1","27/04/2026 05:00 - 27/04/2026 06:00","0.00",""
"27/04/2026 00:00 - 28/04/2026 00:00","CTA|DE(Amprion)","BEXBACH_A_GESAMT","11WD7MITB1C---A1","Fossil Hard coal","11WD7MITB1C---A1","27/04/2026 06:00 - 27/04/2026 07:00","0.00",""
"27/04/2026 00:00 - 28/04/2026 00:00","CTA|DE(Amprion)","BEXBACH_A_GESAMT","11WD7MITB1C---A1","Fossil Hard coal","11WD7MITB1C---A1","27/04/2026 07:00 - 27/04/2026 08:00","0.00",""
"27/04/2026 00:00 - 28/04/2026 00:00","CTA|DE(Amprion)","BEXBACH_A_GESAMT","11WD7MITB1C---A1","Fossil Hard coal","11WD7MITB1C---A1","27/04/2026 08:00 - 27/04/2026 09:00","0.00",""
"27/04/2026 00:00 - 28/04/2026 00:00","CTA|DE(Amprion)","BEXBACH_A_GESAMT","11WD7MITB1C---A1","Fossil Hard coal","11WD7MITB1C---A1","27/04/2026 09:00 - 27/04/2026 10:00","0.00",""
"27/04/2026 00:00 - 28/04/2026 00:00","CTA|DE(Amprion)","BEXBACH_A_GESAMT","11WD7MITB1C---A1","Fossil Hard coal","11WD7MITB1C---A1","27/04/2026 10:00 - 27/04/2026 11:00","0.00",""
"27/04/2026 00:00 - 28/04/2026 00:00","CTA|DE(Amprion)","BEXBACH_A_GESAMT","11WD7MITB1C---A1","Fossil Hard coal","11WD7MITB1C---A1","27/04/2026 11:00 - 27/04/2026 12:00","0.00",""
"27/04/2026 00:00 - 28/04/2026 00:00","CTA|DE(Amprion)","BEXBACH_A_GESAMT","11WD7MITB1C---A1","Fossil Hard coal","11WD7MITB1C---A1","27/04/2026 12:00 - 27/04/2026 13:00","0.00",""
"27/04/2026 00:00 - 28/04/2026 00:00","CTA|DE(Amprion)","BEXBACH_A_GESAMT","11WD7MITB1C---A1","Fossil Hard coal","11WD7MITB1C---A1","27/04/2026 13:00 - 27/04/2026 14:00","0.00",""
"27/04/2026 00:00 - 28/04/2026 00:00","CTA|DE(Amprion)","BEXBACH_A_GESAMT","11WD7MITB1C---A1","Fossil Hard coal","11WD7MITB1C---A1","27/04/2026 14:00 - 27/04/2026 15:00","0.00",""
"27/04/2026 00:00 - 28/04/2026 00:00","CTA|DE(Amprion)","BEXBACH_A_GESAMT","11WD7MITB1C---A1","Fossil Hard coal","11WD7MITB1C---A1","27/04/2026 15:00 - 27/04/2026 16:00","0.00",""
"27/04/2026 00:00 - 28/04/2026 00:00","CTA|DE(Amprion)","BEXBACH_A_GESAMT","11WD7MITB1C---A1","Fossil Hard coal","11WD7MITB1C---A1","27/04/2026 16:00 - 27/04/2026 17:00","0.00",""
"27/04/2026 00:00 - 28/04/2026 00:00","CTA|DE(Amprion)","BEXBACH_A_GESAMT","11WD7MITB1C---A1","Fossil Hard coal","11WD7MITB1C---A1","27/04/2026 17:00 - 27/04/2026 18:00","0.00",""
"27/04/2026 00:00 - 28/04/2026 00:00","CTA|DE(Amprion)","BEXBACH_A_GESAMT","11WD7MITB1C---A1","Fossil Hard coal","11WD7MITB1C---A1","27/04/2026 18:00 - 27/04/2026 19:00","0.00",""
"27/04/2026 00:00 - 28/04/2026 00:00","CTA|DE(Amprion)","BEXBACH_A_GESAMT","11WD7MITB1C---A1","Fossil Hard coal","11WD7MITB1C---A1","27/04/2026 19:00 - 27/04/2026 20:00","0.00",""
"27/04/2026 00:00 - 28/04/2026 00:00","CTA|DE(Amprion)","BEXBACH_A_GESAMT","11WD7MITB1C---A1","Fossil Hard coal","11WD7MITB1C---A1","27/04/2026 20:00 - 27/04/2026 21:00","0.00",""
"27/04/2026 00:00 - 28/04/2026 00:00","CTA|DE(Amprion)","BEXBACH_A_GESAMT","11WD7MITB1C---A1","Fossil Hard coal","11WD7MITB1C---A1","27/04/2026 21:00 - 27/04/2026 22:00","0.00",""
"27/04/2026 00:00 - 28/04/2026 00:00","CTA|DE(Amprion)","BEXBACH_A_GESAMT","11WD7MITB1C---A1","Fossil Hard coal","11WD7MITB1C---A1","27/04/2026 22:00 - 27/04/2026 23:00","0.00",""
"27/04/2026 00:00 - 28/04/2026 00:00","CTA|DE(Amprion)","BEXBACH_A_GESAMT","11WD7MITB1C---A1","Fossil Hard coal","11WD7MITB1C---A1","27/04/2026 23:00 - 28/04/2026 00:00","0.00",""
"27/04/2026 00:00 - 28/04/2026 00:00","CTA|DE(Amprion)","Neurath F","11WD7NEUR1B--F-L","Fossil Brown coal/Lignite","11WD7NEUR1B--F-L","27/04/2026 00:00 - 27/04/2026 01:00","1014.45",""
"27/04/2026 00:00 - 28/04/2026 00:00","CTA|DE(Amprion)","Neurath F","11WD7NEUR1B--F-L","Fossil Brown coal/Lignite","11WD7NEUR1B--F-L","27/04/2026 01:00 - 27/04/2026 02:00","1014.80",""
"27/04/2026 00:00 - 28/04/2026 00:00","CTA|DE(Amprion)","Neurath F","11WD7NEUR1B--F-L","Fossil Brown coal/Lignite","11WD7NEUR1B--F-L","27/04/2026 02:00 - 27/04/2026 03:00","1010.55",""
"27/04/2026 00:00 - 28/04/2026 00:00","CTA|DE(Amprion)","Neurath F","11WD7NEUR1B--F-L","Fossil Brown coal/Lignite","11WD7NEUR1B--F-L","27/04/2026 03:00 - 27/04/2026 04:00","1004.35",""
"27/04/2026 00:00 - 28/04/2026 00:00","CTA|DE(Amprion)","Neurath F","11WD7NEUR1B--F-L","Fossil Brown coal/Lignite","11WD7NEUR1B--F-L","27/04/2026 04:00 - 27/04/2026 05:00","1016.27",""
"27/04/2026 00:00 - 28/04/2026 00:00","CTA|DE(Amprion)","Neurath F","11WD7NEUR1B--F-L","Fossil Brown coal/Lignite","11WD7NEUR1B--F-L","27/04/2026 05:00 - 27/04/2026 06:00","1016.08",""
"27/04/2026 00:00 - 28/04/2026 00:00","CTA|DE(Amprion)","Neurath F","11WD7NEUR1B--F-L","Fossil Brown coal/Lignite","11WD7NEUR1B--F-L","27/04/2026 06:00 - 27/04/2026 07:00","1014.92",""
"27/04/2026 00:00 - 28/04/2026 00:00","CTA|DE(Amprion)","Neurath F","11WD7NEUR1B--F-L","Fossil Brown coal/Lignite","11WD7NEUR1B--F-L","27/04/2026 07:00 - 27/04/2026 08:00","1018.75",""
"27/04/2026 00:00 - 28/04/2026 00:00","CTA|DE(Amprion)","Neurath F","11WD7NEUR1B--F-L","Fossil Brown coal/Lignite","11WD7NEUR1B--F-L","27/04/2026 08:00 - 27/04/2026 09:00","1020.08",""
"27/04/2026 00:00 - 28/04/2026 00:00","CTA|DE(Amprion)","Neurath F","11WD7NEUR1B--F-L","Fossil Brown coal/Lignite","11WD7NEUR1B--F-L","27/04/2026 09:00 - 27/04/2026 10:00","883.02",""
"27/04/2026 00:00 - 28/04/2026 00:00","CTA|DE(Amprion)","Neurath F","11WD7NEUR1B--F-L","Fossil Brown coal/Lignite","11WD7NEUR1B--F-L","27/04/2026 10:00 - 27/04/2026 11:00","510.88",""
"27/04/2026 00:00 - 28/04/2026 00:00","CTA|DE(Amprion)","Neurath F","11WD7NEUR1B--F-L","Fossil Brown coal/Lignite","11WD7NEUR1B--F-L","27/04/2026 11:00 - 27/04/2026 12:00","444.88",""
"27/04/2026 00:00 - 28/04/2026 00:00","CTA|DE(Amprion)","Neurath F","11WD7NEUR1B--F-L","Fossil Brown coal/Lignite","11WD7NEUR1B--F-L","27/04/2026 12:00 - 27/04/2026 13:00","437.68",""
"27/04/2026 00:00 - 28/04/2026 00:00","CTA|DE(Amprion)","Neurath F","11WD7NEUR1B--F-L","Fossil Brown coal/Lignite","11WD7NEUR1B--F-L","27/04/2026 13:00 - 27/04/2026 14:00","438.38",""
"27/04/2026 00:00 - 28/04/2026 00:00","CTA|DE(Amprion)","Neurath F","11WD7NEUR1B--F-L","Fossil Brown coal/Lignite","11WD7NEUR1B--F-L","27/04/2026 14:00 - 27/04/2026 15:00","439.85",""
"27/04/2026 00:00 - 28/04/2026 00:00","CTA|DE(Amprion)","Neurath F","11WD7NEUR1B--F-L","Fossil Brown coal/Lignite","11WD7NEUR1B--F-L","27/04/2026 15:00 - 27/04/2026 16:00","438.02",""
"27/04/2026 00:00 - 28/04/2026 00:00","CTA|DE(Amprion)","Neurath F","11WD7NEUR1B--F-L","Fossil Brown coal/Lignite","11WD7NEUR1B--F-L","27/04/2026 16:00 - 27/04/2026 17:00","535.65",""
"27/04/2026 00:00 - 28/04/2026 00:00","CTA|DE(Amprion)","Neurath F","11WD7NEUR1B--F-L","Fossil Brown coal/Lignite","11WD7NEUR1B--F-L","27/04/2026 17:00 - 27/04/2026 18:00","942.40",""
"27/04/2026 00:00 - 28/04/2026 00:00","CTA|DE(Amprion)","Neurath F","11WD7NEUR1B--F-L","Fossil Brown coal/Lignite","11WD7NEUR1B--F-L","27/04/2026 18:00 - 27/04/2026 19:00","1011.30",""
"27/04/2026 00:00 - 28/04/2026 00:00","CTA|DE(Amprion)","Neurath F","11WD7NEUR1B--F-L","Fossil Brown coal/Lignite","11WD7NEUR1B--F-L","27/04/2026 19:00 - 27/04/2026 20:00","1014.85",""
"27/04/2026 00:00 - 28/04/2026 00:00","CTA|DE(Amprion)","Neurath F","11WD7NEUR1B--F-L","Fossil Brown coal/Lignite","11WD7NEUR1B--F-L","27/04/2026 20:00 - 27/04/2026 21:00","1017.77",""
"27/04/2026 00:00 - 28/04/2026 00:00","CTA|DE(Amprion)","Neurath F","11WD7NEUR1B--F-L","Fossil Brown coal/Lignite","11WD7NEUR1B--F-L","27/04/2026 21:00 - 27/04/2026 22:00","1022.25",""
"27/04/2026 00:00 - 28/04/2026 00:00","CTA|DE(Amprion)","Neurath F","11WD7NEUR1B--F-L","Fossil Brown coal/Lignite","11WD7NEUR1B--F-L","27/04/2026 22:00 - 27/04/2026 23:00","1025.45",""
"27/04/2026 00:00 - 28/04/2026 00:00","CTA|DE(Amprion)","Neurath F","11WD7NEUR1B--F-L","Fossil Brown coal/Lignite","11WD7NEUR1B--F-L","27/04/2026 23:00 - 28/04/2026 00:00","1014.85",""
"27/04/2026 00:00 - 28/04/2026 00:00","CTA|DE(Amprion)","Neurath G","11WD7NEUR1B--G-I","Fossil Brown coal/Lignite","11WD7NEUR1B--G-I","27/04/2026 00:00 - 27/04/2026 01:00","0.00",""
"27/04/2026 00:00 - 28/04/2026 00:00","CTA|DE(Amprion)","Neurath G","11WD7NEUR1B--G-I","Fossil Brown coal/Lignite","11WD7NEUR1B--G-I","27/04/2026 01:00 - 27/04/2026 02:00","0.00",""
"27/04/2026 00:00 - 28/04/2026 00:00","CTA|DE(Amprion)","Neurath G","11WD7NEUR1B--G-I","Fossil Brown coal/Lignite","11WD7NEUR1B--G-I","27/04/2026 02:00 - 27/04/2026 03:00","0.00",""
"27/04/2026 00:00 - 28/04/2026 00:00","CTA|DE(Amprion)","Neurath G","11WD7NEUR1B--G-I","Fossil Brown coal/Lignite","11WD7NEUR1B--G-I","27/04/2026 03:00 - 27/04/2026 04:00","0.00",""
"27/04/2026 00:00 - 28/04/2026 00:00","CTA|DE(Amprion)","Neurath G","11WD7NEUR1B--G-I","Fossil Brown coal/Lignite","11WD7NEUR1B--G-I","27/04/2026 04:00 - 27/04/2026 05:00","0.00",""
"27/04/2026 00:00 - 28/04/2026 00:00","CTA|DE(Amprion)","Neurath G","11WD7NEUR1B--G-I","Fossil Brown coal/Lignite","11WD7NEUR1B--G-I","27/04/2026 05:00 - 27/04/2026 06:00","0.00",""
"27/04/2026 00:00 - 28/04/2026 00:00","CTA|DE(Amprion)","Neurath G","11WD7NEUR1B--G-I","Fossil Brown coal/Lignite","11WD7NEUR1B--G-I","27/04/2026 06:00 - 27/04/2026 07:00","0.00",""
"27/04/2026 00:00 - 28/04/2026 00:00","CTA|DE(Amprion)","Neurath G","11WD7NEUR1B--G-I","Fossil Brown coal/Lignite","11WD7NEUR1B--G-I","27/04/2026 07:00 - 27/04/2026 08:00","0.00",""
"27/04/2026 00:00 - 28/04/2026 00:00","CTA|DE(Amprion)","Neurath G","11WD7NEUR1B--G-I","Fossil Brown coal/Lignite","11WD7NEUR1B--G-I","27/04/2026 08:00 - 27/04/2026 09:00","0.00",""
"27/04/2026 00:00 - 28/04/2026 00:00","CTA|DE(Amprion)","Neurath G","11WD7NEUR1B--G-I","Fossil Brown coal/Lignite","11WD7NEUR1B--G-I","27/04/2026 09:00 - 27/04/2026 10:00","0.00",""
"27/04/2026 00:00 - 28/04/2026 00:00","CTA|DE(Amprion)","Neurath G","11WD7NEUR1B--G-I","Fossil Brown coal/Lignite","11WD7NEUR1B--G-I","27/04/2026 10:00 - 27/04/2026 11:00","0.00",""
"27/04/2026 00:00 - 28/04/2026 00:00","CTA|DE(Amprion)","Neurath G","11WD7NEUR1B--G-I","Fossil Brown coal/Lignite","11WD7NEUR1B--G-I","27/04/2026 11:00 - 27/04/2026 12:00","0.00",""
"27/04/2026 00:00 - 28/04/2026 00:00","CTA|DE(Amprion)","Neurath G","11WD7NEUR1B--G-I","Fossil Brown coal/Lignite","11WD7NEUR1B--G-I","27/04/2026 12:00 - 27/04/2026 13:00","0.00",""
"27/04/2026 00:00 - 28/04/2026 00:00","CTA|DE(Amprion)","Neurath G","11WD7NEUR1B--G-I","Fossil Brown coal/Lignite","11WD7NEUR1B--G-I","27/04/2026 13:00 - 27/04/2026 14:00","0.00",""
"27/04/2026 00:00 - 28/04/2026 00:00","CTA|DE(Amprion)","Neurath G","11WD7NEUR1B--G-I","Fossil Brown coal/Lignite","11WD7NEUR1B--G-I","27/04/2026 14:00 - 27/04/2026 15:00","0.00",""
"27/04/2026 00:00 - 28/04/2026 00:00","CTA|DE(Amprion)","Neurath G","11WD7NEUR1B--G-I","Fossil Brown coal/Lignite","11WD7NEUR1B--G-I","27/04/2026 15:00 - 27/04/2026 16:00","0.00",""
"27/04/2026 00:00 - 28/04/2026 00:00","CTA|DE(Amprion)","Neurath G","11WD7NEUR1B--G-I","Fossil Brown coal/Lignite","11WD7NEUR1B--G-I","27/04/2026 16:00 - 27/04/2026 17:00","0.00",""
"27/04/2026 00:00 - 28/04/2026 00:00","CTA|DE(Amprion)","Neurath G","11WD7NEUR1B--G-I","Fossil Brown coal/Lignite","11WD7NEUR1B--G-I","27/04/2026 17:00 - 27/04/2026 18:00","0.00",""
"27/04/2026 00:00 - 28/04/2026 00:00","CTA|DE(Amprion)","Neurath G","11WD7NEUR1B--G-I","Fossil Brown coal/Lignite","11WD7NEUR1B--G-I","27/04/2026 18:00 - 27/04/2026 19:00","0.00",""
"27/04/2026 00:00 - 28/04/2026 00:00","CTA|DE(Amprion)","Neurath G","11WD7NEUR1B--G-I","Fossil Brown coal/Lignite","11WD7NEUR1B--G-I","27/04/2026 19:00 - 27/04/2026 20:00","0.00",""
"27/04/2026 00:00 - 28/04/2026 00:00","CTA|DE(Amprion)","Neurath G","11WD7NEUR1B--G-I","Fossil Brown coal/Lignite","11WD7NEUR1B--G-I","27/04/2026 20:00 - 27/04/2026 21:00","0.00",""
"27/04/2026 00:00 - 28/04/2026 00:00","CTA|DE(Amprion)","Neurath G","11WD7NEUR1B--G-I","Fossil Brown coal/Lignite","11WD7NEUR1B--G-I","27/04/2026 21:00 - 27/04/2026 22:00","0.00",""
"27/04/2026 00:00 - 28/04/2026 00:00","CTA|DE(Amprion)","Neurath G","11WD7NEUR1B--G-I","Fossil Brown coal/Lignite","11WD7NEUR1B--G-I","27/04/2026 22:00 - 27/04/2026 23:00","0.00",""
"27/04/2026 00:00 - 28/04/2026 00:00","CTA|DE(Amprion)","Neurath G","11WD7NEUR1B--G-I","Fossil Brown coal/Lignite","11WD7NEUR1B--G-I","27/04/2026 23:00 - 28/04/2026 00:00","0.00",""
"27/04/2026 00:00 - 28/04/2026 00:00","CTA|DE(Amprion)","Niederaußem G","11WD7NIED1B--G-C","Fossil Brown coal/Lignite","11WD7NIED1B--G-C","27/04/2026 00:00 - 27/04/2026 01:00","572.63",""
"27/04/2026 00:00 - 28/04/2026 00:00","CTA|DE(Amprion)","Niederaußem G","11WD7NIED1B--G-C","Fossil Brown coal/Lignite","11WD7NIED1B--G-C","27/04/2026 01:00 - 27/04/2026 02:00","589.02",""
"27/04/2026 00:00 - 28/04/2026 00:00","CTA|DE(Amprion)","Niederaußem G","11WD7NIED1B--G-C","Fossil Brown coal/Lignite","11WD7NIED1B--G-C","27/04/2026 02:00 - 27/04/2026 03:00","584.13",""
"27/04/2026 00:00 - 28/04/2026 00:00","CTA|DE(Amprion)","Niederaußem G","11WD7NIED1B--G-C","Fossil Brown coal/Lignite","11WD7NIED1B--G-C","27/04/2026 03:00 - 27/04/2026 04:00","580.88",""
"27/04/2026 00:00 - 28/04/2026 00:00","CTA|DE(Amprion)","Niederaußem G","11WD7NIED1B--G-C","Fossil Brown coal/Lignite","11WD7NIED1B--G-C","27/04/2026 04:00 - 27/04/2026 05:00","582.95",""
"27/04/2026 00:00 - 28/04/2026 00:00","CTA|DE(Amprion)","Niederaußem G","11WD7NIED1B--G-C","Fossil Brown coal/Lignite","11WD7NIED1B--G-C","27/04/2026 05:00 - 27/04/2026 06:00","583.77",""
"27/04/2026 00:00 - 28/04/2026 00:00","CTA|DE(Amprion)","Niederaußem G","11WD7NIED1B--G-C","Fossil Brown coal/Lignite","11WD7NIED1B--G-C","27/04/2026 06:00 - 27/04/2026 07:00","582.10",""
"27/04/2026 00:00 - 28/04/2026 00:00","CTA|DE(Amprion)","Niederaußem G","11WD7NIED1B--G-C","Fossil Brown coal/Lignite","11WD7NIED1B--G-C","27/04/2026 07:00 - 27/04/2026 08:00","578.23",""
"27/04/2026 00:00 - 28/04/2026 00:00","CTA|DE(Amprion)","Niederaußem G","11WD7NIED1B--G-C","Fossil Brown coal/Lignite","11WD7NIED1B--G-C","27/04/2026 08:00 - 27/04/2026 09:00","581.05",""
"27/04/2026 00:00 - 28/04/2026 00:00","CTA|DE(Amprion)","Niederaußem G","11WD7NIED1B--G-C","Fossil Brown coal/Lignite","11WD7NIED1B--G-C","27/04/2026 09:00 - 27/04/2026 10:00","398.23",""
"27/04/2026 00:00 - 28/04/2026 00:00","CTA|DE(Amprion)","Niederaußem G","11WD7NIED1B--G-C","Fossil Brown coal/Lignite","11WD7NIED1B--G-C","27/04/2026 10:00 - 27/04/2026 11:00","309.65",""
"27/04/2026 00:00 - 28/04/2026 00:00","CTA|DE(Amprion)","Niederaußem G","11WD7NIED1B--G-C","Fossil Brown coal/Lignite","11WD7NIED1B--G-C","27/04/2026 11:00 - 27/04/2026 12:00","285.15",""
"27/04/2026 00:00 - 28/04/2026 00:00","CTA|DE(Amprion)","Niederaußem G","11WD7NIED1B--G-C","Fossil Brown coal/Lignite","11WD7NIED1B--G-C","27/04/2026 12:00 - 27/04/2026 13:00","290.23",""
"27/04/2026 00:00 - 28/04/2026 00:00","CTA|DE(Amprion)","Niederaußem G","11WD7NIED1B--G-C","Fossil Brown coal/Lignite","11WD7NIED1B--G-C","27/04/2026 13:00 - 27/04/2026 14:00","276.35",""
"27/04/2026 00:00 - 28/04/2026 00:00","CTA|DE(Amprion)","Niederaußem G","11WD7NIED1B--G-C","Fossil Brown coal/Lignite","11WD7NIED1B--G-C","27/04/2026 14:00 - 27/04/2026 15:00","276.48",""
"27/04/2026 00:00 - 28/04/2026 00:00","CTA|DE(Amprion)","Niederaußem G","11WD7NIED1B--G-C","Fossil Brown coal/Lignite","11WD7NIED1B--G-C","27/04/2026 15:00 - 27/04/2026 16:00","289.85",""
"27/04/2026 00:00 - 28/04/2026 00:00","CTA|DE(Amprion)","Niederaußem G","11WD7NIED1B--G-C","Fossil Brown coal/Lignite","11WD7NIED1B--G-C","27/04/2026 16:00 - 27/04/2026 17:00","304.52",""
"27/04/2026 00:00 - 28/04/2026 00:00","CTA|DE(Amprion)","Niederaußem G","11WD7NIED1B--G-C","Fossil Brown coal/Lignite","11WD7NIED1B--G-C","27/04/2026 17:00 - 27/04/2026 18:00","490.00",""
"27/04/2026 00:00 - 28/04/2026 00:00","CTA|DE(Amprion)","Niederaußem G","11WD7NIED1B--G-C","Fossil Brown coal/Lignite","11WD7NIED1B--G-C","27/04/2026 18:00 - 27/04/2026 19:00","587.95",""
"27/04/2026 00:00 - 28/04/2026 00:00","CTA|DE(Amprion)","Niederaußem G","11WD7NIED1B--G-C","Fossil Brown coal/Lignite","11WD7NIED1B--G-C","27/04/2026 19:00 - 27/04/2026 20:00","596.60",""
"27/04/2026 00:00 - 28/04/2026 00:00","CTA|DE(Amprion)","Niederaußem G","11WD7NIED1B--G-C","Fossil Brown coal/Lignite","11WD7NIED1B--G-C","27/04/2026 20:00 - 27/04/2026 21:00","602.05",""
"27/04/2026 00:00 - 28/04/2026 00:00","CTA|DE(Amprion)","Niederaußem G","11WD7NIED1B--G-C","Fossil Brown coal/Lignite","11WD7NIED1B--G-C","27/04/2026 21:00 - 27/04/2026 22:00","602.20",""
"27/04/2026 00:00 - 28/04/2026 00:00","CTA|DE(Amprion)","Niederaußem G","11WD7NIED1B--G-C","Fossil Brown coal/Lignite","11WD7NIED1B--G-C","27/04/2026 22:00 - 27/04/2026 23:00","600.95",""
"27/04/2026 00:00 - 28/04/2026 00:00","CTA|DE(Amprion)","Niederaußem G","11WD7NIED1B--G-C","Fossil Brown coal/Lignite","11WD7NIED1B--G-C","27/04/2026 23:00 - 28/04/2026 00:00","503.13",""
"27/04/2026 00:00 - 28/04/2026 00:00","CTA|DE(Amprion)","Niederaußem H","11WD7NIED1B--H-9","Fossil Brown coal/Lignite","11WD7NIED1B--H-9","27/04/2026 00:00 - 27/04/2026 01:00","485.38",""
"27/04/2026 00:00 - 28/04/2026 00:00","CTA|DE(Amprion)","Niederaußem H","11WD7NIED1B--H-9","Fossil Brown coal/Lignite","11WD7NIED1B--H-9","27/04/2026 01:00 - 27/04/2026 02:00","497.20",""
"27/04/2026 00:00 - 28/04/2026 00:00","CTA|DE(Amprion)","Niederaußem H","11WD7NIED1B--H-9","Fossil Brown coal/Lignite","11WD7NIED1B--H-9","27/04/2026 02:00 - 27/04/2026 03:00","491.55",""
"27/04/2026 00:00 - 28/04/2026 00:00","CTA|DE(Amprion)","Niederaußem H","11WD7NIED1B--H-9","Fossil Brown coal/Lignite","11WD7NIED1B--H-9","27/04/2026 03:00 - 27/04/2026 04:00","490.18",""
"27/04/2026 00:00 - 28/04/2026 00:00","CTA|DE(Amprion)","Niederaußem H","11WD7NIED1B--H-9","Fossil Brown coal/Lignite","11WD7NIED1B--H-9","27/04/2026 04:00 - 27/04/2026 05:00","493.05",""
"27/04/2026 00:00 - 28/04/2026 00:00","CTA|DE(Amprion)","Niederaußem H","11WD7NIED1B--H-9","Fossil Brown coal/Lignite","11WD7NIED1B--H-9","27/04/2026 05:00 - 27/04/2026 06:00","492.25",""
"27/04/2026 00:00 - 28/04/2026 00:00","CTA|DE(Amprion)","Niederaußem H","11WD7NIED1B--H-9","Fossil Brown coal/Lignite","11WD7NIED1B--H-9","27/04/2026 06:00 - 27/04/2026 07:00","493.90",""
"27/04/2026 00:00 - 28/04/2026 00:00","CTA|DE(Amprion)","Niederaußem H","11WD7NIED1B--H-9","Fossil Brown coal/Lignite","11WD7NIED1B--H-9","27/04/2026 07:00 - 27/04/2026 08:00","493.07",""
"27/04/2026 00:00 - 28/04/2026 00:00","CTA|DE(Amprion)","Niederaußem H","11WD7NIED1B--H-9","Fossil Brown coal/Lignite","11WD7NIED1B--H-9","27/04/2026 08:00 - 27/04/2026 09:00","493.23",""
"27/04/2026 00:00 - 28/04/2026 00:00","CTA|DE(Amprion)","Niederaußem H","11WD7NIED1B--H-9","Fossil Brown coal/Lignite","11WD7NIED1B--H-9","27/04/2026 09:00 - 27/04/2026 10:00","368.65",""
"27/04/2026 00:00 - 28/04/2026 00:00","CTA|DE(Amprion)","Niederaußem H","11WD7NIED1B--H-9","Fossil Brown coal/Lignite","11WD7NIED1B--H-9","27/04/2026 10:00 - 27/04/2026 11:00","276.68",""
"27/04/2026 00:00 - 28/04/2026 00:00","CTA|DE(Amprion)","Niederaußem H","11WD7NIED1B--H-9","Fossil Brown coal/Lignite","11WD7NIED1B--H-9","27/04/2026 11:00 - 27/04/2026 12:00","279.63",""
"27/04/2026 00:00 - 28/04/2026 00:00","CTA|DE(Amprion)","Niederaußem H","11WD7NIED1B--H-9","Fossil Brown coal/Lignite","11WD7NIED1B--H-9","27/04/2026 12:00 - 27/04/2026 13:00","286.30",""
"27/04/2026 00:00 - 28/04/2026 00:00","CTA|DE(Amprion)","Niederaußem H","11WD7NIED1B--H-9","Fossil Brown coal/Lignite","11WD7NIED1B--H-9","27/04/2026 13:00 - 27/04/2026 14:00","320.82",""
"27/04/2026 00:00 - 28/04/2026 00:00","CTA|DE(Amprion)","Niederaußem H","11WD7NIED1B--H-9","Fossil Brown coal/Lignite","11WD7NIED1B--H-9","27/04/2026 14:00 - 27/04/2026 15:00","280.57",""
"27/04/2026 00:00 - 28/04/2026 00:00","CTA|DE(Amprion)","Niederaußem H","11WD7NIED1B--H-9","Fossil Brown coal/Lignite","11WD7NIED1B--H-9","27/04/2026 15:00 - 27/04/2026 16:00","278.52",""
"27/04/2026 00:00 - 28/04/2026 00:00","CTA|DE(Amprion)","Niederaußem H","11WD7NIED1B--H-9","Fossil Brown coal/Lignite","11WD7NIED1B--H-9","27/04/2026 16:00 - 27/04/2026 17:00","279.68",""
"27/04/2026 00:00 - 28/04/2026 00:00","CTA|DE(Amprion)","Niederaußem H","11WD7NIED1B--H-9","Fossil Brown coal/Lignite","11WD7NIED1B--H-9","27/04/2026 17:00 - 27/04/2026 18:00","383.20",""
"27/04/2026 00:00 - 28/04/2026 00:00","CTA|DE(Amprion)","Niederaußem H","11WD7NIED1B--H-9","Fossil Brown coal/Lignite","11WD7NIED1B--H-9","27/04/2026 18:00 - 27/04/2026 19:00","486.75",""
"27/04/2026 00:00 - 28/04/2026 00:00","CTA|DE(Amprion)","Niederaußem H","11WD7NIED1B--H-9","Fossil Brown coal/Lignite","11WD7NIED1B--H-9","27/04/2026 19:00 - 27/04/2026 20:00","481.85",""
"27/04/2026 00:00 - 28/04/2026 00:00","CTA|DE(Amprion)","Niederaußem H","11WD7NIED1B--H-9","Fossil Brown coal/Lignite","11WD7NIED1B--H-9","27/04/2026 20:00 - 27/04/2026 21:00","477.13",""
"27/04/2026 00:00 - 28/04/2026 00:00","CTA|DE(Amprion)","Niederaußem H","11WD7NIED1B--H-9","Fossil Brown coal/Lignite","11WD7NIED1B--H-9","27/04/2026 21:00 - 27/04/2026 22:00","473.05",""
"27/04/2026 00:00 - 28/04/2026 00:00","CTA|DE(Amprion)","Niederaußem H","11WD7NIED1B--H-9","Fossil Brown coal/Lignite","11WD7NIED1B--H-9","27/04/2026 22:00 - 27/04/2026 23:00","474.65",""
"27/04/2026 00:00 - 28/04/2026 00:00","CTA|DE(Amprion)","Niederaußem H","11WD7NIED1B--H-9","Fossil Brown coal/Lignite","11WD7NIED1B--H-9","27/04/2026 23:00 - 28/04/2026 00:00","471.15",""
"27/04/2026 00:00 - 28/04/2026 00:00","CTA|DE(Amprion)","Niederaußem K (BoA 1)","11WD7NIED1B--K-0","Fossil Brown coal/Lignite","11WD7NIED1B--K-0","27/04/2026 00:00 - 27/04/2026 01:00","0.00",""
"27/04/2026 00:00 - 28/04/2026 00:00","CTA|DE(Amprion)","Niederaußem K (BoA 1)","11WD7NIED1B--K-0","Fossil Brown coal/Lignite","11WD7NIED1B--K-0","27/04/2026 01:00 - 27/04/2026 02:00","0.00",""
"27/04/2026 00:00 - 28/04/2026 00:00","CTA|DE(Amprion)","Niederaußem K (BoA 1)","11WD7NIED1B--K-0","Fossil Brown coal/Lignite","11WD7NIED1B--K-0","27/04/2026 02:00 - 27/04/2026 03:00","0.00",""
"27/04/2026 00:00 - 28/04/2026 00:00","CTA|DE(Amprion)","Niederaußem K (BoA 1)","11WD7NIED1B--K-0","Fossil Brown coal/Lignite","11WD7NIED1B--K-0","27/04/2026 03:00 - 27/04/2026 04:00","0.00",""
"27/04/2026 00:00 - 28/04/2026 00:00","CTA|DE(Amprion)","Niederaußem K (BoA 1)","11WD7NIED1B--K-0","Fossil Brown coal/Lignite","11WD7NIED1B--K-0","27/04/2026 04:00 - 27/04/2026 05:00","0.00",""
"27/04/2026 00:00 - 28/04/2026 00:00","CTA|DE(Amprion)","Niederaußem K (BoA 1)","11WD7NIED1B--K-0","Fossil Brown coal/Lignite","11WD7NIED1B--K-0","27/04/2026 05:00 - 27/04/2026 06:00","0.00",""
"27/04/2026 00:00 - 28/04/2026 00:00","CTA|DE(Amprion)","Niederaußem K (BoA 1)","11WD7NIED1B--K-0","Fossil Brown coal/Lignite","11WD7NIED1B--K-0","27/04/2026 06:00 - 27/04/2026 07:00","0.00",""
"27/04/2026 00:00 - 28/04/2026 00:00","CTA|DE(Amprion)","Niederaußem K (BoA 1)","11WD7NIED1B--K-0","Fossil Brown coal/Lignite","11WD7NIED1B--K-0","27/04/2026 07:00 - 27/04/2026 08:00","0.00",""
"27/04/2026 00:00 - 28/04/2026 00:00","CTA|DE(Amprion)","Niederaußem K (BoA 1)","11WD7NIED1B--K-0","Fossil Brown coal/Lignite","11WD7NIED1B--K-0","27/04/2026 08:00 - 27/04/2026 09:00","0.00",""
"27/04/2026 00:00 - 28/04/2026 00:00","CTA|DE(Amprion)","Niederaußem K (BoA 1)","11WD7NIED1B--K-0","Fossil Brown coal/Lignite","11WD7NIED1B--K-0","27/04/2026 09:00 - 27/04/2026 10:00","0.00",""
"27/04/2026 00:00 - 28/04/2026 00:00","CTA|DE(Amprion)","Niederaußem K (BoA 1)","11WD7NIED1B--K-0","Fossil Brown coal/Lignite","11WD7NIED1B--K-0","27/04/2026 10:00 - 27/04/2026 11:00","0.00",""
"27/04/2026 00:00 - 28/04/2026 00:00","CTA|DE(Amprion)","Niederaußem K (BoA 1)","11WD7NIED1B--K-0","Fossil Brown coal/Lignite","11WD7NIED1B--K-0","27/04/2026 11:00 - 27/04/2026 12:00","0.00",""
"27/04/2026 00:00 - 28/04/2026 00:00","CTA|DE(Amprion)","Niederaußem K (BoA 1)","11WD7NIED1B--K-0","Fossil Brown coal/Lignite","11WD7NIED1B--K-0","27/04/2026 12:00 - 27/04/2026 13:00","0.00",""
"27/04/2026 00:00 - 28/04/2026 00:00","CTA|DE(Amprion)","Niederaußem K (BoA 1)","11WD7NIED1B--K-0","Fossil Brown coal/Lignite","11WD7NIED1B--K-0","27/04/2026 13:00 - 27/04/2026 14:00","0.00",""
"27/04/2026 00:00 - 28/04/2026 00:00","CTA|DE(Amprion)","Niederaußem K (BoA 1)","11WD7NIED1B--K-0","Fossil Brown coal/Lignite","11WD7NIED1B--K-0","27/04/2026 14:00 - 27/04/2026 15:00","0.00",""
"27/04/2026 00:00 - 28/04/2026 00:00","CTA|DE(Amprion)","Niederaußem K (BoA 1)","11WD7NIED1B--K-0","Fossil Brown coal/Lignite","11WD7NIED1B--K-0","27/04/2026 15:00 - 27/04/2026 16:00","0.00",""
"27/04/2026 00:00 - 28/04/2026 00:00","CTA|DE(Amprion)","Niederaußem K (BoA 1)","11WD7NIED1B--K-0","Fossil Brown coal/Lignite","11WD7NIED1B--K-0","27/04/2026 16:00 - 27/04/2026 17:00","0.00",""
"27/04/2026 00:00 - 28/04/2026 00:00","CTA|DE(Amprion)","Niederaußem K (BoA 1)","11WD7NIED1B--K-0","Fossil Brown coal/Lignite","11WD7NIED1B--K-0","27/04/2026 17:00 - 27/04/2026 18:00","0.00",""
"27/04/2026 00:00 - 28/04/2026 00:00","CTA|DE(Amprion)","Niederaußem K (BoA 1)","11WD7NIED1B--K-0","Fossil Brown coal/Lignite","11WD7NIED1B--K-0","27/04/2026 18:00 - 27/04/2026 19:00","0.00",""
"27/04/2026 00:00 - 28/04/2026 00:00","CTA|DE(Amprion)","Niederaußem K (BoA 1)","11WD7NIED1B--K-0","Fossil Brown coal/Lignite","11WD7NIED1B--K-0","27/04/2026 19:00 - 27/04/2026 20:00","0.00",""
"27/04/2026 00:00 - 28/04/2026 00:00","CTA|DE(Amprion)","Niederaußem K (BoA 1)","11WD7NIED1B--K-0","Fossil Brown coal/Lignite","11WD7NIED1B--K-0","27/04/2026 20:00 - 27/04/2026 21:00","0.00",""
"27/04/2026 00:00 - 28/04/2026 00:00","CTA|DE(Amprion)","Niederaußem K (BoA 1)","11WD7NIED1B--K-0","Fossil Brown coal/Lignite","11WD7NIED1B--K-0","27/04/2026 21:00 - 27/04/2026 22:00","0.00",""
"27/04/2026 00:00 - 28/04/2026 00:00","CTA|DE(Amprion)","Niederaußem K (BoA 1)","11WD7NIED1B--K-0","Fossil Brown coal/Lignite","11WD7NIED1B--K-0","27/04/2026 22:00 - 27/04/2026 23:00","0.00",""
"27/04/2026 00:00 - 28/04/2026 00:00","CTA|DE(Amprion)","Niederaußem K (BoA 1)","11WD7NIED1B--K-0","Fossil Brown coal/Lignite","11WD7NIED1B--K-0","27/04/2026 23:00 - 28/04/2026 00:00","0.00",""
"27/04/2026 00:00 - 28/04/2026 00:00","CTA|DE(Amprion)","Block AGuD","11WD7NORF5GAGUDC","Fossil Gas","11WD7NORF5GAGUDC","27/04/2026 00:00 - 27/04/2026 01:00","0.00",""
"27/04/2026 00:00 - 28/04/2026 00:00","CTA|DE(Amprion)","Block AGuD","11WD7NORF5GAGUDC","Fossil Gas","11WD7NORF5GAGUDC","27/04/2026 01:00 - 27/04/2026 02:00","0.00",""
"27/04/2026 00:00 - 28/04/2026 00:00","CTA|DE(Amprion)","Block AGuD","11WD7NORF5GAGUDC","Fossil Gas","11WD7NORF5GAGUDC","27/04/2026 02:00 - 27/04/2026 03:00","0.00",""
"27/04/2026 00:00 - 28/04/2026 00:00","CTA|DE(Amprion)","Block AGuD","11WD7NORF5GAGUDC","Fossil Gas","11WD7NORF5GAGUDC","27/04/2026 03:00 - 27/04/2026 04:00","0.00",""
"27/04/2026 00:00 - 28/04/2026 00:00","CTA|DE(Amprion)","Block AGuD","11WD7NORF5GAGUDC","Fossil Gas","11WD7NORF5GAGUDC","27/04/2026 04:00 - 27/04/2026 05:00","0.00",""
"27/04/2026 00:00 - 28/04/2026 00:00","CTA|DE(Amprion)","Block AGuD","11WD7NORF5GAGUDC","Fossil Gas","11WD7NORF5GAGUDC","27/04/2026 05:00 - 27/04/2026 06:00","0.00",""
"27/04/2026 00:00 - 28/04/2026 00:00","CTA|DE(Amprion)","Block AGuD","11WD7NORF5GAGUDC","Fossil Gas","11WD7NORF5GAGUDC","27/04/2026 06:00 - 27/04/2026 07:00","0.00",""
"27/04/2026 00:00 - 28/04/2026 00:00","CTA|DE(Amprion)","Block AGuD","11WD7NORF5GAGUDC","Fossil Gas","11WD7NORF5GAGUDC","27/04/2026 07:00 - 27/04/2026 08:00","0.00",""
"27/04/2026 00:00 - 28/04/2026 00:00","CTA|DE(Amprion)","Block AGuD","11WD7NORF5GAGUDC","Fossil Gas","11WD7NORF5GAGUDC","27/04/2026 08:00 - 27/04/2026 09:00","0.00",""
"27/04/2026 00:00 - 28/04/2026 00:00","CTA|DE(Amprion)","Block AGuD","11WD7NORF5GAGUDC","Fossil Gas","11WD7NORF5GAGUDC","27/04/2026 09:00 - 27/04/2026 10:00","0.00",""
"27/04/2026 00:00 - 28/04/2026 00:00","CTA|DE(Amprion)","Block AGuD","11WD7NORF5GAGUDC","Fossil Gas","11WD7NORF5GAGUDC","27/04/2026 10:00 - 27/04/2026 11:00","0.00",""
"27/04/2026 00:00 - 28/04/2026 00:00","CTA|DE(Amprion)","Block AGuD","11WD7NORF5GAGUDC","Fossil Gas","11WD7NORF5GAGUDC","27/04/2026 11:00 - 27/04/2026 12:00","0.00",""
"27/04/2026 00:00 - 28/04/2026 00:00","CTA|DE(Amprion)","Block AGuD","11WD7NORF5GAGUDC","Fossil Gas","11WD7NORF5GAGUDC","27/04/2026 12:00 - 27/04/2026 13:00","0.00",""
"27/04/2026 00:00 - 28/04/2026 00:00","CTA|DE(Amprion)","Block AGuD","11WD7NORF5GAGUDC","Fossil Gas","11WD7NORF5GAGUDC","27/04/2026 13:00 - 27/04/2026 14:00","0.00",""
"27/04/2026 00:00 - 28/04/2026 00:00","CTA|DE(Amprion)","Block AGuD","11WD7NORF5GAGUDC","Fossil Gas","11WD7NORF5GAGUDC","27/04/2026 14:00 - 27/04/2026 15:00","0.00",""
"27/04/2026 00:00 - 28/04/2026 00:00","CTA|DE(Amprion)","Block AGuD","11WD7NORF5GAGUDC","Fossil Gas","11WD7NORF5GAGUDC","27/04/2026 15:00 - 27/04/2026 16:00","0.00",""
"27/04/2026 00:00 - 28/04/2026 00:00","CTA|DE(Amprion)","Block AGuD","11WD7NORF5GAGUDC","Fossil Gas","11WD7NORF5GAGUDC","27/04/2026 16:00 - 27/04/2026 17:00","0.00",""
"27/04/2026 00:00 - 28/04/2026 00:00","CTA|DE(Amprion)","Block AGuD","11WD7NORF5GAGUDC","Fossil Gas","11WD7NORF5GAGUDC","27/04/2026 17:00 - 27/04/2026 18:00","0.00",""
"27/04/2026 00:00 - 28/04/2026 00:00","CTA|DE(Amprion)","Block AGuD","11WD7NORF5GAGUDC","Fossil Gas","11WD7NORF5GAGUDC","27/04/2026 18:00 - 27/04/2026 19:00","0.00",""
"27/04/2026 00:00 - 28/04/2026 00:00","CTA|DE(Amprion)","Block AGuD","11WD7NORF5GAGUDC","Fossil Gas","11WD7NORF5GAGUDC","27/04/2026 19:00 - 27/04/2026 20:00","0.00",""
"27/04/2026 00:00 - 28/04/2026 00:00","CTA|DE(Amprion)","Block AGuD","11WD7NORF5GAGUDC","Fossil Gas","11WD7NORF5GAGUDC","27/04/2026 20:00 - 27/04/2026 21:00","0.00",""
"27/04/2026 00:00 - 28/04/2026 00:00","CTA|DE(Amprion)","Block AGuD","11WD7NORF5GAGUDC","Fossil Gas","11WD7NORF5GAGUDC","27/04/2026 21:00 - 27/04/2026 22:00","0.00",""
"27/04/2026 00:00 - 28/04/2026 00:00","CTA|DE(Amprion)","Block AGuD","11WD7NORF5GAGUDC","Fossil Gas","11WD7NORF5GAGUDC","27/04/2026 22:00 - 27/04/2026 23:00","0.00",""
"27/04/2026 00:00 - 28/04/2026 00:00","CTA|DE(Amprion)","Block AGuD","11WD7NORF5GAGUDC","Fossil Gas","11WD7NORF5GAGUDC","27/04/2026 23:00 - 28/04/2026 00:00","0.00",""
"27/04/2026 00:00 - 28/04/2026 00:00","CTA|DE(Amprion)","Block F","11WD7NORF5GGUDFA","Fossil Gas","11WD7NORF5GGUDFA","27/04/2026 00:00 - 27/04/2026 01:00","581.15",""
"27/04/2026 00:00 - 28/04/2026 00:00","CTA|DE(Amprion)","Block F","11WD7NORF5GGUDFA","Fossil Gas","11WD7NORF5GGUDFA","27/04/2026 01:00 - 27/04/2026 02:00","582.15",""
"27/04/2026 00:00 - 28/04/2026 00:00","CTA|DE(Amprion)","Block F","11WD7NORF5GGUDFA","Fossil Gas","11WD7NORF5GGUDFA","27/04/2026 02:00 - 27/04/2026 03:00","585.05",""
"27/04/2026 00:00 - 28/04/2026 00:00","CTA|DE(Amprion)","Block F","11WD7NORF5GGUDFA","Fossil Gas","11WD7NORF5GGUDFA","27/04/2026 03:00 - 27/04/2026 04:00","586.67",""
"27/04/2026 00:00 - 28/04/2026 00:00","CTA|DE(Amprion)","Block F","11WD7NORF5GGUDFA","Fossil Gas","11WD7NORF5GGUDFA","27/04/2026 04:00 - 27/04/2026 05:00","587.08",""
"27/04/2026 00:00 - 28/04/2026 00:00","CTA|DE(Amprion)","Block F","11WD7NORF5GGUDFA","Fossil Gas","11WD7NORF5GGUDFA","27/04/2026 05:00 - 27/04/2026 06:00","593.77",""
"27/04/2026 00:00 - 28/04/2026 00:00","CTA|DE(Amprion)","Block F","11WD7NORF5GGUDFA","Fossil Gas","11WD7NORF5GGUDFA","27/04/2026 06:00 - 27/04/2026 07:00","597.35",""
"27/04/2026 00:00 - 28/04/2026 00:00","CTA|DE(Amprion)","Block F","11WD7NORF5GGUDFA","Fossil Gas","11WD7NORF5GGUDFA","27/04/2026 07:00 - 27/04/2026 08:00","588.98",""
"27/04/2026 00:00 - 28/04/2026 00:00","CTA|DE(Amprion)","Block F","11WD7NORF5GGUDFA","Fossil Gas","11WD7NORF5GGUDFA","27/04/2026 08:00 - 27/04/2026 09:00","579.85",""
"27/04/2026 00:00 - 28/04/2026 00:00","CTA|DE(Amprion)","Block F","11WD7NORF5GGUDFA","Fossil Gas","11WD7NORF5GGUDFA","27/04/2026 09:00 - 27/04/2026 10:00","590.08",""
"27/04/2026 00:00 - 28/04/2026 00:00","CTA|DE(Amprion)","Block F","11WD7NORF5GGUDFA","Fossil Gas","11WD7NORF5GGUDFA","27/04/2026 10:00 - 27/04/2026 11:00","235.18",""
"27/04/2026 00:00 - 28/04/2026 00:00","CTA|DE(Amprion)","Block F","11WD7NORF5GGUDFA","Fossil Gas","11WD7NORF5GGUDFA","27/04/2026 11:00 - 27/04/2026 12:00","0.00",""
"27/04/2026 00:00 - 28/04/2026 00:00","CTA|DE(Amprion)","Block F","11WD7NORF5GGUDFA","Fossil Gas","11WD7NORF5GGUDFA","27/04/2026 12:00 - 27/04/2026 13:00","0.00",""
"27/04/2026 00:00 - 28/04/2026 00:00","CTA|DE(Amprion)","Block F","11WD7NORF5GGUDFA","Fossil Gas","11WD7NORF5GGUDFA","27/04/2026 13:00 - 27/04/2026 14:00","0.00",""
"27/04/2026 00:00 - 28/04/2026 00:00","CTA|DE(Amprion)","Block F","11WD7NORF5GGUDFA","Fossil Gas","11WD7NORF5GGUDFA","27/04/2026 14:00 - 27/04/2026 15:00","0.00",""
"27/04/2026 00:00 - 28/04/2026 00:00","CTA|DE(Amprion)","Block F","11WD7NORF5GGUDFA","Fossil Gas","11WD7NORF5GGUDFA","27/04/2026 15:00 - 27/04/2026 16:00","0.00",""
"27/04/2026 00:00 - 28/04/2026 00:00","CTA|DE(Amprion)","Block F","11WD7NORF5GGUDFA","Fossil Gas","11WD7NORF5GGUDFA","27/04/2026 16:00 - 27/04/2026 17:00","0.00",""
"27/04/2026 00:00 - 28/04/2026 00:00","CTA|DE(Amprion)","Block F","11WD7NORF5GGUDFA","Fossil Gas","11WD7NORF5GGUDFA","27/04/2026 17:00 - 27/04/2026 18:00","0.65",""
"27/04/2026 00:00 - 28/04/2026 00:00","CTA|DE(Amprion)","Block F","11WD7NORF5GGUDFA","Fossil Gas","11WD7NORF5GGUDFA","27/04/2026 18:00 - 27/04/2026 19:00","81.50",""
"27/04/2026 00:00 - 28/04/2026 00:00","CTA|DE(Amprion)","Block F","11WD7NORF5GGUDFA","Fossil Gas","11WD7NORF5GGUDFA","27/04/2026 19:00 - 27/04/2026 20:00","441.70",""
"27/04/2026 00:00 - 28/04/2026 00:00","CTA|DE(Amprion)","Block F","11WD7NORF5GGUDFA","Fossil Gas","11WD7NORF5GGUDFA","27/04/2026 20:00 - 27/04/2026 21:00","578.30",""
"27/04/2026 00:00 - 28/04/2026 00:00","CTA|DE(Amprion)","Block F","11WD7NORF5GGUDFA","Fossil Gas","11WD7NORF5GGUDFA","27/04/2026 21:00 - 27/04/2026 22:00","577.52",""
"27/04/2026 00:00 - 28/04/2026 00:00","CTA|DE(Amprion)","Block F","11WD7NORF5GGUDFA","Fossil Gas","11WD7NORF5GGUDFA","27/04/2026 22:00 - 27/04/2026 23:00","570.65",""
"27/04/2026 00:00 - 28/04/2026 00:00","CTA|DE(Amprion)","Block F","11WD7NORF5GGUDFA","Fossil Gas","11WD7NORF5GGUDFA","27/04/2026 23:00 - 28/04/2026 00:00","569.08",""
"27/04/2026 00:00 - 28/04/2026 00:00","CTA|DE(Amprion)","HKW-Niehl-3","11WD7OPLA1G--318","Fossil Gas","11WD7OPLA1G--318","27/04/2026 00:00 - 27/04/2026 01:00","415.27",""
"27/04/2026 00:00 - 28/04/2026 00:00","CTA|DE(Amprion)","HKW-Niehl-3","11WD7OPLA1G--318","Fossil Gas","11WD7OPLA1G--318","27/04/2026 01:00 - 27/04/2026 02:00","415.23",""
"27/04/2026 00:00 - 28/04/2026 00:00","CTA|DE(Amprion)","HKW-Niehl-3","11WD7OPLA1G--318","Fossil Gas","11WD7OPLA1G--318","27/04/2026 02:00 - 27/04/2026 03:00","417.27",""
"27/04/2026 00:00 - 28/04/2026 00:00","CTA|DE(Amprion)","HKW-Niehl-3","11WD7OPLA1G--318","Fossil Gas","11WD7OPLA1G--318","27/04/2026 03:00 - 27/04/2026 04:00","417.45",""
"27/04/2026 00:00 - 28/04/2026 00:00","CTA|DE(Amprion)","HKW-Niehl-3","11WD7OPLA1G--318","Fossil Gas","11WD7OPLA1G--318","27/04/2026 04:00 - 27/04/2026 05:00","417.27",""
"27/04/2026 00:00 - 28/04/2026 00:00","CTA|DE(Amprion)","HKW-Niehl-3","11WD7OPLA1G--318","Fossil Gas","11WD7OPLA1G--318","27/04/2026 05:00 - 27/04/2026 06:00","414.75",""
"27/04/2026 00:00 - 28/04/2026 00:00","CTA|DE(Amprion)","HKW-Niehl-3","11WD7OPLA1G--318","Fossil Gas","11WD7OPLA1G--318","27/04/2026 06:00 - 27/04/2026 07:00","408.63",""
"27/04/2026 00:00 - 28/04/2026 00:00","CTA|DE(Amprion)","HKW-Niehl-3","11WD7OPLA1G--318","Fossil Gas","11WD7OPLA1G--318","27/04/2026 07:00 - 27/04/2026 08:00","396.77",""
"27/04/2026 00:00 - 28/04/2026 00:00","CTA|DE(Amprion)","HKW-Niehl-3","11WD7OPLA1G--318","Fossil Gas","11WD7OPLA1G--318","27/04/2026 08:00 - 27/04/2026 09:00","213.93",""
"27/04/2026 00:00 - 28/04/2026 00:00","CTA|DE(Amprion)","HKW-Niehl-3","11WD7OPLA1G--318","Fossil Gas","11WD7OPLA1G--318","27/04/2026 09:00 - 27/04/2026 10:00","168.78",""
"27/04/2026 00:00 - 28/04/2026 00:00","CTA|DE(Amprion)","HKW-Niehl-3","11WD7OPLA1G--318","Fossil Gas","11WD7OPLA1G--318","27/04/2026 10:00 - 27/04/2026 11:00","145.45",""
"27/04/2026 00:00 - 28/04/2026 00:00","CTA|DE(Amprion)","HKW-Niehl-3","11WD7OPLA1G--318","Fossil Gas","11WD7OPLA1G--318","27/04/2026 11:00 - 27/04/2026 12:00","123.33",""
"27/04/2026 00:00 - 28/04/2026 00:00","CTA|DE(Amprion)","HKW-Niehl-3","11WD7OPLA1G--318","Fossil Gas","11WD7OPLA1G--318","27/04/2026 12:00 - 27/04/2026 13:00","104.97",""
"27/04/2026 00:00 - 28/04/2026 00:00","CTA|DE(Amprion)","HKW-Niehl-3","11WD7OPLA1G--318","Fossil Gas","11WD7OPLA1G--318","27/04/2026 13:00 - 27/04/2026 14:00","100.70",""
"27/04/2026 00:00 - 28/04/2026 00:00","CTA|DE(Amprion)","HKW-Niehl-3","11WD7OPLA1G--318","Fossil Gas","11WD7OPLA1G--318","27/04/2026 14:00 - 27/04/2026 15:00","100.10",""
"27/04/2026 00:00 - 28/04/2026 00:00","CTA|DE(Amprion)","HKW-Niehl-3","11WD7OPLA1G--318","Fossil Gas","11WD7OPLA1G--318","27/04/2026 15:00 - 27/04/2026 16:00","100.20",""
"27/04/2026 00:00 - 28/04/2026 00:00","CTA|DE(Amprion)","HKW-Niehl-3","11WD7OPLA1G--318","Fossil Gas","11WD7OPLA1G--318","27/04/2026 16:00 - 27/04/2026 17:00","100.35",""
"27/04/2026 00:00 - 28/04/2026 00:00","CTA|DE(Amprion)","HKW-Niehl-3","11WD7OPLA1G--318","Fossil Gas","11WD7OPLA1G--318","27/04/2026 17:00 - 27/04/2026 18:00","138.75",""
"27/04/2026 00:00 - 28/04/2026 00:00","CTA|DE(Amprion)","HKW-Niehl-3","11WD7OPLA1G--318","Fossil Gas","11WD7OPLA1G--318","27/04/2026 18:00 - 27/04/2026 19:00","404.60",""
"27/04/2026 00:00 - 28/04/2026 00:00","CTA|DE(Amprion)","HKW-Niehl-3","11WD7OPLA1G--318","Fossil Gas","11WD7OPLA1G--318","27/04/2026 19:00 - 27/04/2026 20:00","406.07",""
"27/04/2026 00:00 - 28/04/2026 00:00","CTA|DE(Amprion)","HKW-Niehl-3","11WD7OPLA1G--318","Fossil Gas","11WD7OPLA1G--318","27/04/2026 20:00 - 27/04/2026 21:00","407.27",""
"27/04/2026 00:00 - 28/04/2026 00:00","CTA|DE(Amprion)","HKW-Niehl-3","11WD7OPLA1G--318","Fossil Gas","11WD7OPLA1G--318","27/04/2026 21:00 - 27/04/2026 22:00","409.18",""
"27/04/2026 00:00 - 28/04/2026 00:00","CTA|DE(Amprion)","HKW-Niehl-3","11WD7OPLA1G--318","Fossil Gas","11WD7OPLA1G--318","27/04/2026 22:00 - 27/04/2026 23:00","407.60",""
"27/04/2026 00:00 - 28/04/2026 00:00","CTA|DE(Amprion)","HKW-Niehl-3","11WD7OPLA1G--318","Fossil Gas","11WD7OPLA1G--318","27/04/2026 23:00 - 28/04/2026 00:00","313.70",""
"27/04/2026 00:00 - 28/04/2026 00:00","CTA|DE(Amprion)","HKW IIIB","11WD7RHAU5GKW3B5","Fossil Gas","11WD7RHAU5GKW3B5","27/04/2026 00:00 - 27/04/2026 01:00","0.00",""
"27/04/2026 00:00 - 28/04/2026 00:00","CTA|DE(Amprion)","HKW IIIB","11WD7RHAU5GKW3B5","Fossil Gas","11WD7RHAU5GKW3B5","27/04/2026 01:00 - 27/04/2026 02:00","0.00",""
"27/04/2026 00:00 - 28/04/2026 00:00","CTA|DE(Amprion)","HKW IIIB","11WD7RHAU5GKW3B5","Fossil Gas","11WD7RHAU5GKW3B5","27/04/2026 02:00 - 27/04/2026 03:00","0.00",""
"27/04/2026 00:00 - 28/04/2026 00:00","CTA|DE(Amprion)","HKW IIIB","11WD7RHAU5GKW3B5","Fossil Gas","11WD7RHAU5GKW3B5","27/04/2026 03:00 - 27/04/2026 04:00","0.00",""
"27/04/2026 00:00 - 28/04/2026 00:00","CTA|DE(Amprion)","HKW IIIB","11WD7RHAU5GKW3B5","Fossil Gas","11WD7RHAU5GKW3B5","27/04/2026 04:00 - 27/04/2026 05:00","0.00",""
"27/04/2026 00:00 - 28/04/2026 00:00","CTA|DE(Amprion)","HKW IIIB","11WD7RHAU5GKW3B5","Fossil Gas","11WD7RHAU5GKW3B5","27/04/2026 05:00 - 27/04/2026 06:00","0.00",""
"27/04/2026 00:00 - 28/04/2026 00:00","CTA|DE(Amprion)","HKW IIIB","11WD7RHAU5GKW3B5","Fossil Gas","11WD7RHAU5GKW3B5","27/04/2026 06:00 - 27/04/2026 07:00","0.00",""
"27/04/2026 00:00 - 28/04/2026 00:00","CTA|DE(Amprion)","HKW IIIB","11WD7RHAU5GKW3B5","Fossil Gas","11WD7RHAU5GKW3B5","27/04/2026 07:00 - 27/04/2026 08:00","0.00",""
"27/04/2026 00:00 - 28/04/2026 00:00","CTA|DE(Amprion)","HKW IIIB","11WD7RHAU5GKW3B5","Fossil Gas","11WD7RHAU5GKW3B5","27/04/2026 08:00 - 27/04/2026 09:00","0.00",""
"27/04/2026 00:00 - 28/04/2026 00:00","CTA|DE(Amprion)","HKW IIIB","11WD7RHAU5GKW3B5","Fossil Gas","11WD7RHAU5GKW3B5","27/04/2026 09:00 - 27/04/2026 10:00","0.00",""
"27/04/2026 00:00 - 28/04/2026 00:00","CTA|DE(Amprion)","HKW IIIB","11WD7RHAU5GKW3B5","Fossil Gas","11WD7RHAU5GKW3B5","27/04/2026 10:00 - 27/04/2026 11:00","0.00",""
"27/04/2026 00:00 - 28/04/2026 00:00","CTA|DE(Amprion)","HKW IIIB","11WD7RHAU5GKW3B5","Fossil Gas","11WD7RHAU5GKW3B5","27/04/2026 11:00 - 27/04/2026 12:00","0.00",""
"27/04/2026 00:00 - 28/04/2026 00:00","CTA|DE(Amprion)","HKW IIIB","11WD7RHAU5GKW3B5","Fossil Gas","11WD7RHAU5GKW3B5","27/04/2026 12:00 - 27/04/2026 13:00","0.00",""
"27/04/2026 00:00 - 28/04/2026 00:00","CTA|DE(Amprion)","HKW IIIB","11WD7RHAU5GKW3B5","Fossil Gas","11WD7RHAU5GKW3B5","27/04/2026 13:00 - 27/04/2026 14:00","0.00",""
"27/04/2026 00:00 - 28/04/2026 00:00","CTA|DE(Amprion)","HKW IIIB","11WD7RHAU5GKW3B5","Fossil Gas","11WD7RHAU5GKW3B5","27/04/2026 14:00 - 27/04/2026 15:00","0.00",""
"27/04/2026 00:00 - 28/04/2026 00:00","CTA|DE(Amprion)","HKW IIIB","11WD7RHAU5GKW3B5","Fossil Gas","11WD7RHAU5GKW3B5","27/04/2026 15:00 - 27/04/2026 16:00","0.00",""
"27/04/2026 00:00 - 28/04/2026 00:00","CTA|DE(Amprion)","HKW IIIB","11WD7RHAU5GKW3B5","Fossil Gas","11WD7RHAU5GKW3B5","27/04/2026 16:00 - 27/04/2026 17:00","0.00",""
"27/04/2026 00:00 - 28/04/2026 00:00","CTA|DE(Amprion)","HKW IIIB","11WD7RHAU5GKW3B5","Fossil Gas","11WD7RHAU5GKW3B5","27/04/2026 17:00 - 27/04/2026 18:00","0.00",""
"27/04/2026 00:00 - 28/04/2026 00:00","CTA|DE(Amprion)","HKW IIIB","11WD7RHAU5GKW3B5","Fossil Gas","11WD7RHAU5GKW3B5","27/04/2026 18:00 - 27/04/2026 19:00","0.00",""
"27/04/2026 00:00 - 28/04/2026 00:00","CTA|DE(Amprion)","HKW IIIB","11WD7RHAU5GKW3B5","Fossil Gas","11WD7RHAU5GKW3B5","27/04/2026 19:00 - 27/04/2026 20:00","0.00",""
"27/04/2026 00:00 - 28/04/2026 00:00","CTA|DE(Amprion)","HKW IIIB","11WD7RHAU5GKW3B5","Fossil Gas","11WD7RHAU5GKW3B5","27/04/2026 20:00 - 27/04/2026 21:00","0.00",""
"27/04/2026 00:00 - 28/04/2026 00:00","CTA|DE(Amprion)","HKW IIIB","11WD7RHAU5GKW3B5","Fossil Gas","11WD7RHAU5GKW3B5","27/04/2026 21:00 - 27/04/2026 22:00","0.00",""
"27/04/2026 00:00 - 28/04/2026 00:00","CTA|DE(Amprion)","HKW IIIB","11WD7RHAU5GKW3B5","Fossil Gas","11WD7RHAU5GKW3B5","27/04/2026 22:00 - 27/04/2026 23:00","0.00",""
"27/04/2026 00:00 - 28/04/2026 00:00","CTA|DE(Amprion)","HKW IIIB","11WD7RHAU5GKW3B5","Fossil Gas","11WD7RHAU5GKW3B5","27/04/2026 23:00 - 28/04/2026 00:00","0.00",""
"27/04/2026 00:00 - 28/04/2026 00:00","CTA|DE(Amprion)","KW Lünen Block 1","11WD7STUM1SBL10G","Fossil Hard coal","11WD7STUM1SBL10G","27/04/2026 00:00 - 27/04/2026 01:00","724.70",""
"27/04/2026 00:00 - 28/04/2026 00:00","CTA|DE(Amprion)","KW Lünen Block 1","11WD7STUM1SBL10G","Fossil Hard coal","11WD7STUM1SBL10G","27/04/2026 01:00 - 27/04/2026 02:00","725.02",""
"27/04/2026 00:00 - 28/04/2026 00:00","CTA|DE(Amprion)","KW Lünen Block 1","11WD7STUM1SBL10G","Fossil Hard coal","11WD7STUM1SBL10G","27/04/2026 02:00 - 27/04/2026 03:00","720.35",""
"27/04/2026 00:00 - 28/04/2026 00:00","CTA|DE(Amprion)","KW Lünen Block 1","11WD7STUM1SBL10G","Fossil Hard coal","11WD7STUM1SBL10G","27/04/2026 03:00 - 27/04/2026 04:00","724.15",""
"27/04/2026 00:00 - 28/04/2026 00:00","CTA|DE(Amprion)","KW Lünen Block 1","11WD7STUM1SBL10G","Fossil Hard coal","11WD7STUM1SBL10G","27/04/2026 04:00 - 27/04/2026 05:00","725.02",""
"27/04/2026 00:00 - 28/04/2026 00:00","CTA|DE(Amprion)","KW Lünen Block 1","11WD7STUM1SBL10G","Fossil Hard coal","11WD7STUM1SBL10G","27/04/2026 05:00 - 27/04/2026 06:00","730.85",""
"27/04/2026 00:00 - 28/04/2026 00:00","CTA|DE(Amprion)","KW Lünen Block 1","11WD7STUM1SBL10G","Fossil Hard coal","11WD7STUM1SBL10G","27/04/2026 06:00 - 27/04/2026 07:00","746.55",""
"27/04/2026 00:00 - 28/04/2026 00:00","CTA|DE(Amprion)","KW Lünen Block 1","11WD7STUM1SBL10G","Fossil Hard coal","11WD7STUM1SBL10G","27/04/2026 07:00 - 27/04/2026 08:00","713.15",""
"27/04/2026 00:00 - 28/04/2026 00:00","CTA|DE(Amprion)","KW Lünen Block 1","11WD7STUM1SBL10G","Fossil Hard coal","11WD7STUM1SBL10G","27/04/2026 08:00 - 27/04/2026 09:00","654.38",""
"27/04/2026 00:00 - 28/04/2026 00:00","CTA|DE(Amprion)","KW Lünen Block 1","11WD7STUM1SBL10G","Fossil Hard coal","11WD7STUM1SBL10G","27/04/2026 09:00 - 27/04/2026 10:00","354.82",""
"27/04/2026 00:00 - 28/04/2026 00:00","CTA|DE(Amprion)","KW Lünen Block 1","11WD7STUM1SBL10G","Fossil Hard coal","11WD7STUM1SBL10G","27/04/2026 10:00 - 27/04/2026 11:00","305.85",""
"27/04/2026 00:00 - 28/04/2026 00:00","CTA|DE(Amprion)","KW Lünen Block 1","11WD7STUM1SBL10G","Fossil Hard coal","11WD7STUM1SBL10G","27/04/2026 11:00 - 27/04/2026 12:00","294.40",""
"27/04/2026 00:00 - 28/04/2026 00:00","CTA|DE(Amprion)","KW Lünen Block 1","11WD7STUM1SBL10G","Fossil Hard coal","11WD7STUM1SBL10G","27/04/2026 12:00 - 27/04/2026 13:00","163.13",""
"27/04/2026 00:00 - 28/04/2026 00:00","CTA|DE(Amprion)","KW Lünen Block 1","11WD7STUM1SBL10G","Fossil Hard coal","11WD7STUM1SBL10G","27/04/2026 13:00 - 27/04/2026 14:00","156.53",""
"27/04/2026 00:00 - 28/04/2026 00:00","CTA|DE(Amprion)","KW Lünen Block 1","11WD7STUM1SBL10G","Fossil Hard coal","11WD7STUM1SBL10G","27/04/2026 14:00 - 27/04/2026 15:00","156.72",""
"27/04/2026 00:00 - 28/04/2026 00:00","CTA|DE(Amprion)","KW Lünen Block 1","11WD7STUM1SBL10G","Fossil Hard coal","11WD7STUM1SBL10G","27/04/2026 15:00 - 27/04/2026 16:00","154.70",""
"27/04/2026 00:00 - 28/04/2026 00:00","CTA|DE(Amprion)","KW Lünen Block 1","11WD7STUM1SBL10G","Fossil Hard coal","11WD7STUM1SBL10G","27/04/2026 16:00 - 27/04/2026 17:00","276.93",""
"27/04/2026 00:00 - 28/04/2026 00:00","CTA|DE(Amprion)","KW Lünen Block 1","11WD7STUM1SBL10G","Fossil Hard coal","11WD7STUM1SBL10G","27/04/2026 17:00 - 27/04/2026 18:00","663.38",""
"27/04/2026 00:00 - 28/04/2026 00:00","CTA|DE(Amprion)","KW Lünen Block 1","11WD7STUM1SBL10G","Fossil Hard coal","11WD7STUM1SBL10G","27/04/2026 18:00 - 27/04/2026 19:00","706.23",""
"27/04/2026 00:00 - 28/04/2026 00:00","CTA|DE(Amprion)","KW Lünen Block 1","11WD7STUM1SBL10G","Fossil Hard coal","11WD7STUM1SBL10G","27/04/2026 19:00 - 27/04/2026 20:00","729.63",""
"27/04/2026 00:00 - 28/04/2026 00:00","CTA|DE(Amprion)","KW Lünen Block 1","11WD7STUM1SBL10G","Fossil Hard coal","11WD7STUM1SBL10G","27/04/2026 20:00 - 27/04/2026 21:00","732.98",""
"27/04/2026 00:00 - 28/04/2026 00:00","CTA|DE(Amprion)","KW Lünen Block 1","11WD7STUM1SBL10G","Fossil Hard coal","11WD7STUM1SBL10G","27/04/2026 21:00 - 27/04/2026 22:00","725.02",""
"27/04/2026 00:00 - 28/04/2026 00:00","CTA|DE(Amprion)","KW Lünen Block 1","11WD7STUM1SBL10G","Fossil Hard coal","11WD7STUM1SBL10G","27/04/2026 22:00 - 27/04/2026 23:00","724.45",""
"27/04/2026 00:00 - 28/04/2026 00:00","CTA|DE(Amprion)","KW Lünen Block 1","11WD7STUM1SBL10G","Fossil Hard coal","11WD7STUM1SBL10G","27/04/2026 23:00 - 28/04/2026 00:00","713.17",""
"27/04/2026 00:00 - 28/04/2026 00:00","CTA|DE(Amprion)","DESBR____CHP____","11WD7UCHT5XROEMT","Fossil Gas","11WD7UCHT5XROEMT","27/04/2026 00:00 - 27/04/2026 01:00","0.00",""
"27/04/2026 00:00 - 28/04/2026 00:00","CTA|DE(Amprion)","DESBR____CHP____","11WD7UCHT5XROEMT","Fossil Gas","11WD7UCHT5XROEMT","27/04/2026 01:00 - 27/04/2026 02:00","0.00",""
"27/04/2026 00:00 - 28/04/2026 00:00","CTA|DE(Amprion)","DESBR____CHP____","11WD7UCHT5XROEMT","Fossil Gas","11WD7UCHT5XROEMT","27/04/2026 02:00 - 27/04/2026 03:00","0.00",""
"27/04/2026 00:00 - 28/04/2026 00:00","CTA|DE(Amprion)","DESBR____CHP____","11WD7UCHT5XROEMT","Fossil Gas","11WD7UCHT5XROEMT","27/04/2026 03:00 - 27/04/2026 04:00","0.00",""
"27/04/2026 00:00 - 28/04/2026 00:00","CTA|DE(Amprion)","DESBR____CHP____","11WD7UCHT5XROEMT","Fossil Gas","11WD7UCHT5XROEMT","27/04/2026 04:00 - 27/04/2026 05:00","0.00",""
"27/04/2026 00:00 - 28/04/2026 00:00","CTA|DE(Amprion)","DESBR____CHP____","11WD7UCHT5XROEMT","Fossil Gas","11WD7UCHT5XROEMT","27/04/2026 05:00 - 27/04/2026 06:00","0.00",""
"27/04/2026 00:00 - 28/04/2026 00:00","CTA|DE(Amprion)","DESBR____CHP____","11WD7UCHT5XROEMT","Fossil Gas","11WD7UCHT5XROEMT","27/04/2026 06:00 - 27/04/2026 07:00","0.00",""
"27/04/2026 00:00 - 28/04/2026 00:00","CTA|DE(Amprion)","DESBR____CHP____","11WD7UCHT5XROEMT","Fossil Gas","11WD7UCHT5XROEMT","27/04/2026 07:00 - 27/04/2026 08:00","0.00",""
"27/04/2026 00:00 - 28/04/2026 00:00","CTA|DE(Amprion)","DESBR____CHP____","11WD7UCHT5XROEMT","Fossil Gas","11WD7UCHT5XROEMT","27/04/2026 08:00 - 27/04/2026 09:00","0.00",""
"27/04/2026 00:00 - 28/04/2026 00:00","CTA|DE(Amprion)","DESBR____CHP____","11WD7UCHT5XROEMT","Fossil Gas","11WD7UCHT5XROEMT","27/04/2026 09:00 - 27/04/2026 10:00","0.00",""
"27/04/2026 00:00 - 28/04/2026 00:00","CTA|DE(Amprion)","DESBR____CHP____","11WD7UCHT5XROEMT","Fossil Gas","11WD7UCHT5XROEMT","27/04/2026 10:00 - 27/04/2026 11:00","0.00",""
"27/04/2026 00:00 - 28/04/2026 00:00","CTA|DE(Amprion)","DESBR____CHP____","11WD7UCHT5XROEMT","Fossil Gas","11WD7UCHT5XROEMT","27/04/2026 11:00 - 27/04/2026 12:00","0.00",""
"27/04/2026 00:00 - 28/04/2026 00:00","CTA|DE(Amprion)","DESBR____CHP____","11WD7UCHT5XROEMT","Fossil Gas","11WD7UCHT5XROEMT","27/04/2026 12:00 - 27/04/2026 13:00","0.00",""
"27/04/2026 00:00 - 28/04/2026 00:00","CTA|DE(Amprion)","DESBR____CHP____","11WD7UCHT5XROEMT","Fossil Gas","11WD7UCHT5XROEMT","27/04/2026 13:00 - 27/04/2026 14:00","0.00",""
"27/04/2026 00:00 - 28/04/2026 00:00","CTA|DE(Amprion)","DESBR____CHP____","11WD7UCHT5XROEMT","Fossil Gas","11WD7UCHT5XROEMT","27/04/2026 14:00 - 27/04/2026 15:00","0.00",""
"27/04/2026 00:00 - 28/04/2026 00:00","CTA|DE(Amprion)","DESBR____CHP____","11WD7UCHT5XROEMT","Fossil Gas","11WD7UCHT5XROEMT","27/04/2026 15:00 - 27/04/2026 16:00","0.00",""
"27/04/2026 00:00 - 28/04/2026 00:00","CTA|DE(Amprion)","DESBR____CHP____","11WD7UCHT5XROEMT","Fossil Gas","11WD7UCHT5XROEMT","27/04/2026 16:00 - 27/04/2026 17:00","0.00",""
"27/04/2026 00:00 - 28/04/2026 00:00","CTA|DE(Amprion)","DESBR____CHP____","11WD7UCHT5XROEMT","Fossil Gas","11WD7UCHT5XROEMT","27/04/2026 17:00 - 27/04/2026 18:00","0.00",""
"27/04/2026 00:00 - 28/04/2026 00:00","CTA|DE(Amprion)","DESBR____CHP____","11WD7UCHT5XROEMT","Fossil Gas","11WD7UCHT5XROEMT","27/04/2026 18:00 - 27/04/2026 19:00","0.00",""
"27/04/2026 00:00 - 28/04/2026 00:00","CTA|DE(Amprion)","DESBR____CHP____","11WD7UCHT5XROEMT","Fossil Gas","11WD7UCHT5XROEMT","27/04/2026 19:00 - 27/04/2026 20:00","0.00",""
"27/04/2026 00:00 - 28/04/2026 00:00","CTA|DE(Amprion)","DESBR____CHP____","11WD7UCHT5XROEMT","Fossil Gas","11WD7UCHT5XROEMT","27/04/2026 20:00 - 27/04/2026 21:00","0.00",""
"27/04/2026 00:00 - 28/04/2026 00:00","CTA|DE(Amprion)","DESBR____CHP____","11WD7UCHT5XROEMT","Fossil Gas","11WD7UCHT5XROEMT","27/04/2026 21:00 - 27/04/2026 22:00","0.00",""
"27/04/2026 00:00 - 28/04/2026 00:00","CTA|DE(Amprion)","DESBR____CHP____","11WD7UCHT5XROEMT","Fossil Gas","11WD7UCHT5XROEMT","27/04/2026 22:00 - 27/04/2026 23:00","0.00",""
"27/04/2026 00:00 - 28/04/2026 00:00","CTA|DE(Amprion)","DESBR____CHP____","11WD7UCHT5XROEMT","Fossil Gas","11WD7UCHT5XROEMT","27/04/2026 23:00 - 28/04/2026 00:00","0.00",""
"27/04/2026 00:00 - 28/04/2026 00:00","CTA|DE(Amprion)","Vianden 1","11WD7VIAN2H-1-1O","Hydro Pumped Storage","11WD7VIAN2H-1-1O","27/04/2026 00:00 - 27/04/2026 01:00","0.00",""
"27/04/2026 00:00 - 28/04/2026 00:00","CTA|DE(Amprion)","Vianden 1","11WD7VIAN2H-1-1O","Hydro Pumped Storage","11WD7VIAN2H-1-1O","27/04/2026 01:00 - 27/04/2026 02:00","0.00",""
"27/04/2026 00:00 - 28/04/2026 00:00","CTA|DE(Amprion)","Vianden 1","11WD7VIAN2H-1-1O","Hydro Pumped Storage","11WD7VIAN2H-1-1O","27/04/2026 02:00 - 27/04/2026 03:00","0.00",""
"27/04/2026 00:00 - 28/04/2026 00:00","CTA|DE(Amprion)","Vianden 1","11WD7VIAN2H-1-1O","Hydro Pumped Storage","11WD7VIAN2H-1-1O","27/04/2026 03:00 - 27/04/2026 04:00","2.30",""
"27/04/2026 00:00 - 28/04/2026 00:00","CTA|DE(Amprion)","Vianden 1","11WD7VIAN2H-1-1O","Hydro Pumped Storage","11WD7VIAN2H-1-1O","27/04/2026 04:00 - 27/04/2026 05:00","54.38",""
"27/04/2026 00:00 - 28/04/2026 00:00","CTA|DE(Amprion)","Vianden 1","11WD7VIAN2H-1-1O","Hydro Pumped Storage","11WD7VIAN2H-1-1O","27/04/2026 05:00 - 27/04/2026 06:00","43.80",""
"27/04/2026 00:00 - 28/04/2026 00:00","CTA|DE(Amprion)","Vianden 1","11WD7VIAN2H-1-1O","Hydro Pumped Storage","11WD7VIAN2H-1-1O","27/04/2026 06:00 - 27/04/2026 07:00","89.15",""
"27/04/2026 00:00 - 28/04/2026 00:00","CTA|DE(Amprion)","Vianden 1","11WD7VIAN2H-1-1O","Hydro Pumped Storage","11WD7VIAN2H-1-1O","27/04/2026 07:00 - 27/04/2026 08:00","32.52",""
"27/04/2026 00:00 - 28/04/2026 00:00","CTA|DE(Amprion)","Vianden 1","11WD7VIAN2H-1-1O","Hydro Pumped Storage","11WD7VIAN2H-1-1O","27/04/2026 08:00 - 27/04/2026 09:00","18.43",""
"27/04/2026 00:00 - 28/04/2026 00:00","CTA|DE(Amprion)","Vianden 1","11WD7VIAN2H-1-1O","Hydro Pumped Storage","11WD7VIAN2H-1-1O","27/04/2026 09:00 - 27/04/2026 10:00","0.00",""
"27/04/2026 00:00 - 28/04/2026 00:00","CTA|DE(Amprion)","Vianden 1","11WD7VIAN2H-1-1O","Hydro Pumped Storage","11WD7VIAN2H-1-1O","27/04/2026 10:00 - 27/04/2026 11:00","0.00",""
"27/04/2026 00:00 - 28/04/2026 00:00","CTA|DE(Amprion)","Vianden 1","11WD7VIAN2H-1-1O","Hydro Pumped Storage","11WD7VIAN2H-1-1O","27/04/2026 11:00 - 27/04/2026 12:00","0.00",""
"27/04/2026 00:00 - 28/04/2026 00:00","CTA|DE(Amprion)","Vianden 1","11WD7VIAN2H-1-1O","Hydro Pumped Storage","11WD7VIAN2H-1-1O","27/04/2026 12:00 - 27/04/2026 13:00","0.00",""
"27/04/2026 00:00 - 28/04/2026 00:00","CTA|DE(Amprion)","Vianden 1","11WD7VIAN2H-1-1O","Hydro Pumped Storage","11WD7VIAN2H-1-1O","27/04/2026 13:00 - 27/04/2026 14:00","0.00",""
"27/04/2026 00:00 - 28/04/2026 00:00","CTA|DE(Amprion)","Vianden 1","11WD7VIAN2H-1-1O","Hydro Pumped Storage","11WD7VIAN2H-1-1O","27/04/2026 14:00 - 27/04/2026 15:00","0.00",""
"27/04/2026 00:00 - 28/04/2026 00:00","CTA|DE(Amprion)","Vianden 1","11WD7VIAN2H-1-1O","Hydro Pumped Storage","11WD7VIAN2H-1-1O","27/04/2026 15:00 - 27/04/2026 16:00","0.00",""
"27/04/2026 00:00 - 28/04/2026 00:00","CTA|DE(Amprion)","Vianden 1","11WD7VIAN2H-1-1O","Hydro Pumped Storage","11WD7VIAN2H-1-1O","27/04/2026 16:00 - 27/04/2026 17:00","0.00",""
"27/04/2026 00:00 - 28/04/2026 00:00","CTA|DE(Amprion)","Vianden 1","11WD7VIAN2H-1-1O","Hydro Pumped Storage","11WD7VIAN2H-1-1O","27/04/2026 17:00 - 27/04/2026 18:00","0.00",""
"27/04/2026 00:00 - 28/04/2026 00:00","CTA|DE(Amprion)","Vianden 1","11WD7VIAN2H-1-1O","Hydro Pumped Storage","11WD7VIAN2H-1-1O","27/04/2026 18:00 - 27/04/2026 19:00","32.23",""
"27/04/2026 00:00 - 28/04/2026 00:00","CTA|DE(Amprion)","Vianden 1","11WD7VIAN2H-1-1O","Hydro Pumped Storage","11WD7VIAN2H-1-1O","27/04/2026 19:00 - 27/04/2026 20:00","98.40",""
"27/04/2026 00:00 - 28/04/2026 00:00","CTA|DE(Amprion)","Vianden 1","11WD7VIAN2H-1-1O","Hydro Pumped Storage","11WD7VIAN2H-1-1O","27/04/2026 20:00 - 27/04/2026 21:00","96.20",""
"27/04/2026 00:00 - 28/04/2026 00:00","CTA|DE(Amprion)","Vianden 1","11WD7VIAN2H-1-1O","Hydro Pumped Storage","11WD7VIAN2H-1-1O","27/04/2026 21:00 - 27/04/2026 22:00","85.13",""
"27/04/2026 00:00 - 28/04/2026 00:00","CTA|DE(Amprion)","Vianden 1","11WD7VIAN2H-1-1O","Hydro Pumped Storage","11WD7VIAN2H-1-1O","27/04/2026 22:00 - 27/04/2026 23:00","17.02",""
"27/04/2026 00:00 - 28/04/2026 00:00","CTA|DE(Amprion)","Vianden 1","11WD7VIAN2H-1-1O","Hydro Pumped Storage","11WD7VIAN2H-1-1O","27/04/2026 23:00 - 28/04/2026 00:00","0.00",""
"27/04/2026 00:00 - 28/04/2026 00:00","CTA|DE(Amprion)","Vianden 2","11WD7VIAN2H-1-2M","Hydro Pumped Storage","11WD7VIAN2H-1-2M","27/04/2026 00:00 - 27/04/2026 01:00","0.00",""
"27/04/2026 00:00 - 28/04/2026 00:00","CTA|DE(Amprion)","Vianden 2","11WD7VIAN2H-1-2M","Hydro Pumped Storage","11WD7VIAN2H-1-2M","27/04/2026 01:00 - 27/04/2026 02:00","0.00",""
"27/04/2026 00:00 - 28/04/2026 00:00","CTA|DE(Amprion)","Vianden 2","11WD7VIAN2H-1-2M","Hydro Pumped Storage","11WD7VIAN2H-1-2M","27/04/2026 02:00 - 27/04/2026 03:00","0.00",""
"27/04/2026 00:00 - 28/04/2026 00:00","CTA|DE(Amprion)","Vianden 2","11WD7VIAN2H-1-2M","Hydro Pumped Storage","11WD7VIAN2H-1-2M","27/04/2026 03:00 - 27/04/2026 04:00","0.00",""
"27/04/2026 00:00 - 28/04/2026 00:00","CTA|DE(Amprion)","Vianden 2","11WD7VIAN2H-1-2M","Hydro Pumped Storage","11WD7VIAN2H-1-2M","27/04/2026 04:00 - 27/04/2026 05:00","0.00",""
"27/04/2026 00:00 - 28/04/2026 00:00","CTA|DE(Amprion)","Vianden 2","11WD7VIAN2H-1-2M","Hydro Pumped Storage","11WD7VIAN2H-1-2M","27/04/2026 05:00 - 27/04/2026 06:00","14.78",""
"27/04/2026 00:00 - 28/04/2026 00:00","CTA|DE(Amprion)","Vianden 2","11WD7VIAN2H-1-2M","Hydro Pumped Storage","11WD7VIAN2H-1-2M","27/04/2026 06:00 - 27/04/2026 07:00","70.65",""
"27/04/2026 00:00 - 28/04/2026 00:00","CTA|DE(Amprion)","Vianden 2","11WD7VIAN2H-1-2M","Hydro Pumped Storage","11WD7VIAN2H-1-2M","27/04/2026 07:00 - 27/04/2026 08:00","26.75",""
"27/04/2026 00:00 - 28/04/2026 00:00","CTA|DE(Amprion)","Vianden 2","11WD7VIAN2H-1-2M","Hydro Pumped Storage","11WD7VIAN2H-1-2M","27/04/2026 08:00 - 27/04/2026 09:00","0.00",""
"27/04/2026 00:00 - 28/04/2026 00:00","CTA|DE(Amprion)","Vianden 2","11WD7VIAN2H-1-2M","Hydro Pumped Storage","11WD7VIAN2H-1-2M","27/04/2026 09:00 - 27/04/2026 10:00","0.00",""
"27/04/2026 00:00 - 28/04/2026 00:00","CTA|DE(Amprion)","Vianden 2","11WD7VIAN2H-1-2M","Hydro Pumped Storage","11WD7VIAN2H-1-2M","27/04/2026 10:00 - 27/04/2026 11:00","0.00",""
"27/04/2026 00:00 - 28/04/2026 00:00","CTA|DE(Amprion)","Vianden 2","11WD7VIAN2H-1-2M","Hydro Pumped Storage","11WD7VIAN2H-1-2M","27/04/2026 11:00 - 27/04/2026 12:00","0.00",""
"27/04/2026 00:00 - 28/04/2026 00:00","CTA|DE(Amprion)","Vianden 2","11WD7VIAN2H-1-2M","Hydro Pumped Storage","11WD7VIAN2H-1-2M","27/04/2026 12:00 - 27/04/2026 13:00","0.00",""
"27/04/2026 00:00 - 28/04/2026 00:00","CTA|DE(Amprion)","Vianden 2","11WD7VIAN2H-1-2M","Hydro Pumped Storage","11WD7VIAN2H-1-2M","27/04/2026 13:00 - 27/04/2026 14:00","0.00",""
"27/04/2026 00:00 - 28/04/2026 00:00","CTA|DE(Amprion)","Vianden 2","11WD7VIAN2H-1-2M","Hydro Pumped Storage","11WD7VIAN2H-1-2M","27/04/2026 14:00 - 27/04/2026 15:00","0.00",""
"27/04/2026 00:00 - 28/04/2026 00:00","CTA|DE(Amprion)","Vianden 2","11WD7VIAN2H-1-2M","Hydro Pumped Storage","11WD7VIAN2H-1-2M","27/04/2026 15:00 - 27/04/2026 16:00","0.00",""
"27/04/2026 00:00 - 28/04/2026 00:00","CTA|DE(Amprion)","Vianden 2","11WD7VIAN2H-1-2M","Hydro Pumped Storage","11WD7VIAN2H-1-2M","27/04/2026 16:00 - 27/04/2026 17:00","0.00",""
"27/04/2026 00:00 - 28/04/2026 00:00","CTA|DE(Amprion)","Vianden 2","11WD7VIAN2H-1-2M","Hydro Pumped Storage","11WD7VIAN2H-1-2M","27/04/2026 17:00 - 27/04/2026 18:00","0.00",""
"27/04/2026 00:00 - 28/04/2026 00:00","CTA|DE(Amprion)","Vianden 2","11WD7VIAN2H-1-2M","Hydro Pumped Storage","11WD7VIAN2H-1-2M","27/04/2026 18:00 - 27/04/2026 19:00","16.77",""
"27/04/2026 00:00 - 28/04/2026 00:00","CTA|DE(Amprion)","Vianden 2","11WD7VIAN2H-1-2M","Hydro Pumped Storage","11WD7VIAN2H-1-2M","27/04/2026 19:00 - 27/04/2026 20:00","100.13",""
"27/04/2026 00:00 - 28/04/2026 00:00","CTA|DE(Amprion)","Vianden 2","11WD7VIAN2H-1-2M","Hydro Pumped Storage","11WD7VIAN2H-1-2M","27/04/2026 20:00 - 27/04/2026 21:00","100.50",""
"27/04/2026 00:00 - 28/04/2026 00:00","CTA|DE(Amprion)","Vianden 2","11WD7VIAN2H-1-2M","Hydro Pumped Storage","11WD7VIAN2H-1-2M","27/04/2026 21:00 - 27/04/2026 22:00","85.78",""
"27/04/2026 00:00 - 28/04/2026 00:00","CTA|DE(Amprion)","Vianden 2","11WD7VIAN2H-1-2M","Hydro Pumped Storage","11WD7VIAN2H-1-2M","27/04/2026 22:00 - 27/04/2026 23:00","17.30",""
"27/04/2026 00:00 - 28/04/2026 00:00","CTA|DE(Amprion)","Vianden 2","11WD7VIAN2H-1-2M","Hydro Pumped Storage","11WD7VIAN2H-1-2M","27/04/2026 23:00 - 28/04/2026 00:00","0.00",""
"27/04/2026 00:00 - 28/04/2026 00:00","CTA|DE(Amprion)","Vianden 3","11WD7VIAN2H-1-3K","Hydro Pumped Storage","11WD7VIAN2H-1-3K","27/04/2026 00:00 - 27/04/2026 01:00","0.00",""
"27/04/2026 00:00 - 28/04/2026 00:00","CTA|DE(Amprion)","Vianden 3","11WD7VIAN2H-1-3K","Hydro Pumped Storage","11WD7VIAN2H-1-3K","27/04/2026 01:00 - 27/04/2026 02:00","0.00",""
"27/04/2026 00:00 - 28/04/2026 00:00","CTA|DE(Amprion)","Vianden 3","11WD7VIAN2H-1-3K","Hydro Pumped Storage","11WD7VIAN2H-1-3K","27/04/2026 02:00 - 27/04/2026 03:00","0.00",""
"27/04/2026 00:00 - 28/04/2026 00:00","CTA|DE(Amprion)","Vianden 3","11WD7VIAN2H-1-3K","Hydro Pumped Storage","11WD7VIAN2H-1-3K","27/04/2026 03:00 - 27/04/2026 04:00","0.00",""
"27/04/2026 00:00 - 28/04/2026 00:00","CTA|DE(Amprion)","Vianden 3","11WD7VIAN2H-1-3K","Hydro Pumped Storage","11WD7VIAN2H-1-3K","27/04/2026 04:00 - 27/04/2026 05:00","0.00",""
"27/04/2026 00:00 - 28/04/2026 00:00","CTA|DE(Amprion)","Vianden 3","11WD7VIAN2H-1-3K","Hydro Pumped Storage","11WD7VIAN2H-1-3K","27/04/2026 05:00 - 27/04/2026 06:00","18.98",""
"27/04/2026 00:00 - 28/04/2026 00:00","CTA|DE(Amprion)","Vianden 3","11WD7VIAN2H-1-3K","Hydro Pumped Storage","11WD7VIAN2H-1-3K","27/04/2026 06:00 - 27/04/2026 07:00","86.28",""
"27/04/2026 00:00 - 28/04/2026 00:00","CTA|DE(Amprion)","Vianden 3","11WD7VIAN2H-1-3K","Hydro Pumped Storage","11WD7VIAN2H-1-3K","27/04/2026 07:00 - 27/04/2026 08:00","19.23",""
"27/04/2026 00:00 - 28/04/2026 00:00","CTA|DE(Amprion)","Vianden 3","11WD7VIAN2H-1-3K","Hydro Pumped Storage","11WD7VIAN2H-1-3K","27/04/2026 08:00 - 27/04/2026 09:00","0.10",""
"27/04/2026 00:00 - 28/04/2026 00:00","CTA|DE(Amprion)","Vianden 3","11WD7VIAN2H-1-3K","Hydro Pumped Storage","11WD7VIAN2H-1-3K","27/04/2026 09:00 - 27/04/2026 10:00","0.05",""
"27/04/2026 00:00 - 28/04/2026 00:00","CTA|DE(Amprion)","Vianden 3","11WD7VIAN2H-1-3K","Hydro Pumped Storage","11WD7VIAN2H-1-3K","27/04/2026 10:00 - 27/04/2026 11:00","0.00",""
"27/04/2026 00:00 - 28/04/2026 00:00","CTA|DE(Amprion)","Vianden 3","11WD7VIAN2H-1-3K","Hydro Pumped Storage","11WD7VIAN2H-1-3K","27/04/2026 11:00 - 27/04/2026 12:00","0.00",""
"27/04/2026 00:00 - 28/04/2026 00:00","CTA|DE(Amprion)","Vianden 3","11WD7VIAN2H-1-3K","Hydro Pumped Storage","11WD7VIAN2H-1-3K","27/04/2026 12:00 - 27/04/2026 13:00","0.00",""
"27/04/2026 00:00 - 28/04/2026 00:00","CTA|DE(Amprion)","Vianden 3","11WD7VIAN2H-1-3K","Hydro Pumped Storage","11WD7VIAN2H-1-3K","27/04/2026 13:00 - 27/04/2026 14:00","0.00",""
"27/04/2026 00:00 - 28/04/2026 00:00","CTA|DE(Amprion)","Vianden 3","11WD7VIAN2H-1-3K","Hydro Pumped Storage","11WD7VIAN2H-1-3K","27/04/2026 14:00 - 27/04/2026 15:00","0.00",""
"27/04/2026 00:00 - 28/04/2026 00:00","CTA|DE(Amprion)","Vianden 3","11WD7VIAN2H-1-3K","Hydro Pumped Storage","11WD7VIAN2H-1-3K","27/04/2026 15:00 - 27/04/2026 16:00","0.00",""
"27/04/2026 00:00 - 28/04/2026 00:00","CTA|DE(Amprion)","Vianden 3","11WD7VIAN2H-1-3K","Hydro Pumped Storage","11WD7VIAN2H-1-3K","27/04/2026 16:00 - 27/04/2026 17:00","0.00",""
"27/04/2026 00:00 - 28/04/2026 00:00","CTA|DE(Amprion)","Vianden 3","11WD7VIAN2H-1-3K","Hydro Pumped Storage","11WD7VIAN2H-1-3K","27/04/2026 17:00 - 27/04/2026 18:00","0.10",""
"27/04/2026 00:00 - 28/04/2026 00:00","CTA|DE(Amprion)","Vianden 3","11WD7VIAN2H-1-3K","Hydro Pumped Storage","11WD7VIAN2H-1-3K","27/04/2026 18:00 - 27/04/2026 19:00","17.43",""
"27/04/2026 00:00 - 28/04/2026 00:00","CTA|DE(Amprion)","Vianden 3","11WD7VIAN2H-1-3K","Hydro Pumped Storage","11WD7VIAN2H-1-3K","27/04/2026 19:00 - 27/04/2026 20:00","102.13",""
"27/04/2026 00:00 - 28/04/2026 00:00","CTA|DE(Amprion)","Vianden 3","11WD7VIAN2H-1-3K","Hydro Pumped Storage","11WD7VIAN2H-1-3K","27/04/2026 20:00 - 27/04/2026 21:00","100.83",""
"27/04/2026 00:00 - 28/04/2026 00:00","CTA|DE(Amprion)","Vianden 3","11WD7VIAN2H-1-3K","Hydro Pumped Storage","11WD7VIAN2H-1-3K","27/04/2026 21:00 - 27/04/2026 22:00","93.53",""
"27/04/2026 00:00 - 28/04/2026 00:00","CTA|DE(Amprion)","Vianden 3","11WD7VIAN2H-1-3K","Hydro Pumped Storage","11WD7VIAN2H-1-3K","27/04/2026 22:00 - 27/04/2026 23:00","17.82",""
"27/04/2026 00:00 - 28/04/2026 00:00","CTA|DE(Amprion)","Vianden 3","11WD7VIAN2H-1-3K","Hydro Pumped Storage","11WD7VIAN2H-1-3K","27/04/2026 23:00 - 28/04/2026 00:00","0.07",""
"27/04/2026 00:00 - 28/04/2026 00:00","CTA|DE(Amprion)","Vianden 4","11WD7VIAN2H-1-4I","Hydro Pumped Storage","11WD7VIAN2H-1-4I","27/04/2026 00:00 - 27/04/2026 01:00","0.00",""
"27/04/2026 00:00 - 28/04/2026 00:00","CTA|DE(Amprion)","Vianden 4","11WD7VIAN2H-1-4I","Hydro Pumped Storage","11WD7VIAN2H-1-4I","27/04/2026 01:00 - 27/04/2026 02:00","0.00",""
"27/04/2026 00:00 - 28/04/2026 00:00","CTA|DE(Amprion)","Vianden 4","11WD7VIAN2H-1-4I","Hydro Pumped Storage","11WD7VIAN2H-1-4I","27/04/2026 02:00 - 27/04/2026 03:00","0.00",""
"27/04/2026 00:00 - 28/04/2026 00:00","CTA|DE(Amprion)","Vianden 4","11WD7VIAN2H-1-4I","Hydro Pumped Storage","11WD7VIAN2H-1-4I","27/04/2026 03:00 - 27/04/2026 04:00","0.00",""
"27/04/2026 00:00 - 28/04/2026 00:00","CTA|DE(Amprion)","Vianden 4","11WD7VIAN2H-1-4I","Hydro Pumped Storage","11WD7VIAN2H-1-4I","27/04/2026 04:00 - 27/04/2026 05:00","0.00",""
"27/04/2026 00:00 - 28/04/2026 00:00","CTA|DE(Amprion)","Vianden 4","11WD7VIAN2H-1-4I","Hydro Pumped Storage","11WD7VIAN2H-1-4I","27/04/2026 05:00 - 27/04/2026 06:00","17.95",""
"27/04/2026 00:00 - 28/04/2026 00:00","CTA|DE(Amprion)","Vianden 4","11WD7VIAN2H-1-4I","Hydro Pumped Storage","11WD7VIAN2H-1-4I","27/04/2026 06:00 - 27/04/2026 07:00","78.90",""
"27/04/2026 00:00 - 28/04/2026 00:00","CTA|DE(Amprion)","Vianden 4","11WD7VIAN2H-1-4I","Hydro Pumped Storage","11WD7VIAN2H-1-4I","27/04/2026 07:00 - 27/04/2026 08:00","18.98",""
"27/04/2026 00:00 - 28/04/2026 00:00","CTA|DE(Amprion)","Vianden 4","11WD7VIAN2H-1-4I","Hydro Pumped Storage","11WD7VIAN2H-1-4I","27/04/2026 08:00 - 27/04/2026 09:00","0.00",""
"27/04/2026 00:00 - 28/04/2026 00:00","CTA|DE(Amprion)","Vianden 4","11WD7VIAN2H-1-4I","Hydro Pumped Storage","11WD7VIAN2H-1-4I","27/04/2026 09:00 - 27/04/2026 10:00","0.00",""
"27/04/2026 00:00 - 28/04/2026 00:00","CTA|DE(Amprion)","Vianden 4","11WD7VIAN2H-1-4I","Hydro Pumped Storage","11WD7VIAN2H-1-4I","27/04/2026 10:00 - 27/04/2026 11:00","0.00",""
"27/04/2026 00:00 - 28/04/2026 00:00","CTA|DE(Amprion)","Vianden 4","11WD7VIAN2H-1-4I","Hydro Pumped Storage","11WD7VIAN2H-1-4I","27/04/2026 11:00 - 27/04/2026 12:00","0.00",""
"27/04/2026 00:00 - 28/04/2026 00:00","CTA|DE(Amprion)","Vianden 4","11WD7VIAN2H-1-4I","Hydro Pumped Storage","11WD7VIAN2H-1-4I","27/04/2026 12:00 - 27/04/2026 13:00","0.00",""
"27/04/2026 00:00 - 28/04/2026 00:00","CTA|DE(Amprion)","Vianden 4","11WD7VIAN2H-1-4I","Hydro Pumped Storage","11WD7VIAN2H-1-4I","27/04/2026 13:00 - 27/04/2026 14:00","0.00",""
"27/04/2026 00:00 - 28/04/2026 00:00","CTA|DE(Amprion)","Vianden 4","11WD7VIAN2H-1-4I","Hydro Pumped Storage","11WD7VIAN2H-1-4I","27/04/2026 14:00 - 27/04/2026 15:00","0.00",""
"27/04/2026 00:00 - 28/04/2026 00:00","CTA|DE(Amprion)","Vianden 4","11WD7VIAN2H-1-4I","Hydro Pumped Storage","11WD7VIAN2H-1-4I","27/04/2026 15:00 - 27/04/2026 16:00","0.00",""
"27/04/2026 00:00 - 28/04/2026 00:00","CTA|DE(Amprion)","Vianden 4","11WD7VIAN2H-1-4I","Hydro Pumped Storage","11WD7VIAN2H-1-4I","27/04/2026 16:00 - 27/04/2026 17:00","0.00",""
"27/04/2026 00:00 - 28/04/2026 00:00","CTA|DE(Amprion)","Vianden 4","11WD7VIAN2H-1-4I","Hydro Pumped Storage","11WD7VIAN2H-1-4I","27/04/2026 17:00 - 27/04/2026 18:00","0.00",""
"27/04/2026 00:00 - 28/04/2026 00:00","CTA|DE(Amprion)","Vianden 4","11WD7VIAN2H-1-4I","Hydro Pumped Storage","11WD7VIAN2H-1-4I","27/04/2026 18:00 - 27/04/2026 19:00","16.68",""
"27/04/2026 00:00 - 28/04/2026 00:00","CTA|DE(Amprion)","Vianden 4","11WD7VIAN2H-1-4I","Hydro Pumped Storage","11WD7VIAN2H-1-4I","27/04/2026 19:00 - 27/04/2026 20:00","99.47",""
"27/04/2026 00:00 - 28/04/2026 00:00","CTA|DE(Amprion)","Vianden 4","11WD7VIAN2H-1-4I","Hydro Pumped Storage","11WD7VIAN2H-1-4I","27/04/2026 20:00 - 27/04/2026 21:00","99.80",""
"27/04/2026 00:00 - 28/04/2026 00:00","CTA|DE(Amprion)","Vianden 4","11WD7VIAN2H-1-4I","Hydro Pumped Storage","11WD7VIAN2H-1-4I","27/04/2026 21:00 - 27/04/2026 22:00","75.42",""
"27/04/2026 00:00 - 28/04/2026 00:00","CTA|DE(Amprion)","Vianden 4","11WD7VIAN2H-1-4I","Hydro Pumped Storage","11WD7VIAN2H-1-4I","27/04/2026 22:00 - 27/04/2026 23:00","0.00",""
"27/04/2026 00:00 - 28/04/2026 00:00","CTA|DE(Amprion)","Vianden 4","11WD7VIAN2H-1-4I","Hydro Pumped Storage","11WD7VIAN2H-1-4I","27/04/2026 23:00 - 28/04/2026 00:00","0.00",""
"27/04/2026 00:00 - 28/04/2026 00:00","CTA|DE(Amprion)","Vianden 5","11WD7VIAN2H-2-5C","Hydro Pumped Storage","11WD7VIAN2H-2-5C","27/04/2026 00:00 - 27/04/2026 01:00","0.00",""
"27/04/2026 00:00 - 28/04/2026 00:00","CTA|DE(Amprion)","Vianden 5","11WD7VIAN2H-2-5C","Hydro Pumped Storage","11WD7VIAN2H-2-5C","27/04/2026 01:00 - 27/04/2026 02:00","0.00",""
"27/04/2026 00:00 - 28/04/2026 00:00","CTA|DE(Amprion)","Vianden 5","11WD7VIAN2H-2-5C","Hydro Pumped Storage","11WD7VIAN2H-2-5C","27/04/2026 02:00 - 27/04/2026 03:00","0.00",""
"27/04/2026 00:00 - 28/04/2026 00:00","CTA|DE(Amprion)","Vianden 5","11WD7VIAN2H-2-5C","Hydro Pumped Storage","11WD7VIAN2H-2-5C","27/04/2026 03:00 - 27/04/2026 04:00","0.00",""
"27/04/2026 00:00 - 28/04/2026 00:00","CTA|DE(Amprion)","Vianden 5","11WD7VIAN2H-2-5C","Hydro Pumped Storage","11WD7VIAN2H-2-5C","27/04/2026 04:00 - 27/04/2026 05:00","0.00",""
"27/04/2026 00:00 - 28/04/2026 00:00","CTA|DE(Amprion)","Vianden 5","11WD7VIAN2H-2-5C","Hydro Pumped Storage","11WD7VIAN2H-2-5C","27/04/2026 05:00 - 27/04/2026 06:00","0.00",""
"27/04/2026 00:00 - 28/04/2026 00:00","CTA|DE(Amprion)","Vianden 5","11WD7VIAN2H-2-5C","Hydro Pumped Storage","11WD7VIAN2H-2-5C","27/04/2026 06:00 - 27/04/2026 07:00","0.00",""
"27/04/2026 00:00 - 28/04/2026 00:00","CTA|DE(Amprion)","Vianden 5","11WD7VIAN2H-2-5C","Hydro Pumped Storage","11WD7VIAN2H-2-5C","27/04/2026 07:00 - 27/04/2026 08:00","0.00",""
"27/04/2026 00:00 - 28/04/2026 00:00","CTA|DE(Amprion)","Vianden 5","11WD7VIAN2H-2-5C","Hydro Pumped Storage","11WD7VIAN2H-2-5C","27/04/2026 08:00 - 27/04/2026 09:00","0.00",""
"27/04/2026 00:00 - 28/04/2026 00:00","CTA|DE(Amprion)","Vianden 5","11WD7VIAN2H-2-5C","Hydro Pumped Storage","11WD7VIAN2H-2-5C","27/04/2026 09:00 - 27/04/2026 10:00","0.00",""
"27/04/2026 00:00 - 28/04/2026 00:00","CTA|DE(Amprion)","Vianden 5","11WD7VIAN2H-2-5C","Hydro Pumped Storage","11WD7VIAN2H-2-5C","27/04/2026 10:00 - 27/04/2026 11:00","0.00",""
"27/04/2026 00:00 - 28/04/2026 00:00","CTA|DE(Amprion)","Vianden 5","11WD7VIAN2H-2-5C","Hydro Pumped Storage","11WD7VIAN2H-2-5C","27/04/2026 11:00 - 27/04/2026 12:00","0.00",""
"27/04/2026 00:00 - 28/04/2026 00:00","CTA|DE(Amprion)","Vianden 5","11WD7VIAN2H-2-5C","Hydro Pumped Storage","11WD7VIAN2H-2-5C","27/04/2026 12:00 - 27/04/2026 13:00","0.00",""
"27/04/2026 00:00 - 28/04/2026 00:00","CTA|DE(Amprion)","Vianden 5","11WD7VIAN2H-2-5C","Hydro Pumped Storage","11WD7VIAN2H-2-5C","27/04/2026 13:00 - 27/04/2026 14:00","0.00",""
"27/04/2026 00:00 - 28/04/2026 00:00","CTA|DE(Amprion)","Vianden 5","11WD7VIAN2H-2-5C","Hydro Pumped Storage","11WD7VIAN2H-2-5C","27/04/2026 14:00 - 27/04/2026 15:00","0.00",""
"27/04/2026 00:00 - 28/04/2026 00:00","CTA|DE(Amprion)","Vianden 5","11WD7VIAN2H-2-5C","Hydro Pumped Storage","11WD7VIAN2H-2-5C","27/04/2026 15:00 - 27/04/2026 16:00","0.00",""
"27/04/2026 00:00 - 28/04/2026 00:00","CTA|DE(Amprion)","Vianden 5","11WD7VIAN2H-2-5C","Hydro Pumped Storage","11WD7VIAN2H-2-5C","27/04/2026 16:00 - 27/04/2026 17:00","0.00",""
"27/04/2026 00:00 - 28/04/2026 00:00","CTA|DE(Amprion)","Vianden 5","11WD7VIAN2H-2-5C","Hydro Pumped Storage","11WD7VIAN2H-2-5C","27/04/2026 17:00 - 27/04/2026 18:00","0.00",""
"27/04/2026 00:00 - 28/04/2026 00:00","CTA|DE(Amprion)","Vianden 5","11WD7VIAN2H-2-5C","Hydro Pumped Storage","11WD7VIAN2H-2-5C","27/04/2026 18:00 - 27/04/2026 19:00","0.00",""
"27/04/2026 00:00 - 28/04/2026 00:00","CTA|DE(Amprion)","Vianden 5","11WD7VIAN2H-2-5C","Hydro Pumped Storage","11WD7VIAN2H-2-5C","27/04/2026 19:00 - 27/04/2026 20:00","0.00",""
"27/04/2026 00:00 - 28/04/2026 00:00","CTA|DE(Amprion)","Vianden 5","11WD7VIAN2H-2-5C","Hydro Pumped Storage","11WD7VIAN2H-2-5C","27/04/2026 20:00 - 27/04/2026 21:00","0.00",""
"27/04/2026 00:00 - 28/04/2026 00:00","CTA|DE(Amprion)","Vianden 5","11WD7VIAN2H-2-5C","Hydro Pumped Storage","11WD7VIAN2H-2-5C","27/04/2026 21:00 - 27/04/2026 22:00","0.00",""
"27/04/2026 00:00 - 28/04/2026 00:00","CTA|DE(Amprion)","Vianden 5","11WD7VIAN2H-2-5C","Hydro Pumped Storage","11WD7VIAN2H-2-5C","27/04/2026 22:00 - 27/04/2026 23:00","0.00",""
"27/04/2026 00:00 - 28/04/2026 00:00","CTA|DE(Amprion)","Vianden 5","11WD7VIAN2H-2-5C","Hydro Pumped Storage","11WD7VIAN2H-2-5C","27/04/2026 23:00 - 28/04/2026 00:00","0.00",""
"27/04/2026 00:00 - 28/04/2026 00:00","CTA|DE(Amprion)","Vianden 6","11WD7VIAN2H-2-6A","Hydro Pumped Storage","11WD7VIAN2H-2-6A","27/04/2026 00:00 - 27/04/2026 01:00","0.00",""
"27/04/2026 00:00 - 28/04/2026 00:00","CTA|DE(Amprion)","Vianden 6","11WD7VIAN2H-2-6A","Hydro Pumped Storage","11WD7VIAN2H-2-6A","27/04/2026 01:00 - 27/04/2026 02:00","0.00",""
"27/04/2026 00:00 - 28/04/2026 00:00","CTA|DE(Amprion)","Vianden 6","11WD7VIAN2H-2-6A","Hydro Pumped Storage","11WD7VIAN2H-2-6A","27/04/2026 02:00 - 27/04/2026 03:00","0.00",""
"27/04/2026 00:00 - 28/04/2026 00:00","CTA|DE(Amprion)","Vianden 6","11WD7VIAN2H-2-6A","Hydro Pumped Storage","11WD7VIAN2H-2-6A","27/04/2026 03:00 - 27/04/2026 04:00","0.00",""
"27/04/2026 00:00 - 28/04/2026 00:00","CTA|DE(Amprion)","Vianden 6","11WD7VIAN2H-2-6A","Hydro Pumped Storage","11WD7VIAN2H-2-6A","27/04/2026 04:00 - 27/04/2026 05:00","0.00",""
"27/04/2026 00:00 - 28/04/2026 00:00","CTA|DE(Amprion)","Vianden 6","11WD7VIAN2H-2-6A","Hydro Pumped Storage","11WD7VIAN2H-2-6A","27/04/2026 05:00 - 27/04/2026 06:00","21.77",""
"27/04/2026 00:00 - 28/04/2026 00:00","CTA|DE(Amprion)","Vianden 6","11WD7VIAN2H-2-6A","Hydro Pumped Storage","11WD7VIAN2H-2-6A","27/04/2026 06:00 - 27/04/2026 07:00","70.75",""
"27/04/2026 00:00 - 28/04/2026 00:00","CTA|DE(Amprion)","Vianden 6","11WD7VIAN2H-2-6A","Hydro Pumped Storage","11WD7VIAN2H-2-6A","27/04/2026 07:00 - 27/04/2026 08:00","38.48",""
"27/04/2026 00:00 - 28/04/2026 00:00","CTA|DE(Amprion)","Vianden 6","11WD7VIAN2H-2-6A","Hydro Pumped Storage","11WD7VIAN2H-2-6A","27/04/2026 08:00 - 27/04/2026 09:00","0.00",""
"27/04/2026 00:00 - 28/04/2026 00:00","CTA|DE(Amprion)","Vianden 6","11WD7VIAN2H-2-6A","Hydro Pumped Storage","11WD7VIAN2H-2-6A","27/04/2026 09:00 - 27/04/2026 10:00","0.00",""
"27/04/2026 00:00 - 28/04/2026 00:00","CTA|DE(Amprion)","Vianden 6","11WD7VIAN2H-2-6A","Hydro Pumped Storage","11WD7VIAN2H-2-6A","27/04/2026 10:00 - 27/04/2026 11:00","0.00",""
"27/04/2026 00:00 - 28/04/2026 00:00","CTA|DE(Amprion)","Vianden 6","11WD7VIAN2H-2-6A","Hydro Pumped Storage","11WD7VIAN2H-2-6A","27/04/2026 11:00 - 27/04/2026 12:00","0.00",""
"27/04/2026 00:00 - 28/04/2026 00:00","CTA|DE(Amprion)","Vianden 6","11WD7VIAN2H-2-6A","Hydro Pumped Storage","11WD7VIAN2H-2-6A","27/04/2026 12:00 - 27/04/2026 13:00","0.00",""
"27/04/2026 00:00 - 28/04/2026 00:00","CTA|DE(Amprion)","Vianden 6","11WD7VIAN2H-2-6A","Hydro Pumped Storage","11WD7VIAN2H-2-6A","27/04/2026 13:00 - 27/04/2026 14:00","0.00",""
"27/04/2026 00:00 - 28/04/2026 00:00","CTA|DE(Amprion)","Vianden 6","11WD7VIAN2H-2-6A","Hydro Pumped Storage","11WD7VIAN2H-2-6A","27/04/2026 14:00 - 27/04/2026 15:00","0.00",""
"27/04/2026 00:00 - 28/04/2026 00:00","CTA|DE(Amprion)","Vianden 6","11WD7VIAN2H-2-6A","Hydro Pumped Storage","11WD7VIAN2H-2-6A","27/04/2026 15:00 - 27/04/2026 16:00","0.00",""
"27/04/2026 00:00 - 28/04/2026 00:00","CTA|DE(Amprion)","Vianden 6","11WD7VIAN2H-2-6A","Hydro Pumped Storage","11WD7VIAN2H-2-6A","27/04/2026 16:00 - 27/04/2026 17:00","0.00",""
"27/04/2026 00:00 - 28/04/2026 00:00","CTA|DE(Amprion)","Vianden 6","11WD7VIAN2H-2-6A","Hydro Pumped Storage","11WD7VIAN2H-2-6A","27/04/2026 17:00 - 27/04/2026 18:00","0.00",""
"27/04/2026 00:00 - 28/04/2026 00:00","CTA|DE(Amprion)","Vianden 6","11WD7VIAN2H-2-6A","Hydro Pumped Storage","11WD7VIAN2H-2-6A","27/04/2026 18:00 - 27/04/2026 19:00","16.32",""
"27/04/2026 00:00 - 28/04/2026 00:00","CTA|DE(Amprion)","Vianden 6","11WD7VIAN2H-2-6A","Hydro Pumped Storage","11WD7VIAN2H-2-6A","27/04/2026 19:00 - 27/04/2026 20:00","96.80",""
"27/04/2026 00:00 - 28/04/2026 00:00","CTA|DE(Amprion)","Vianden 6","11WD7VIAN2H-2-6A","Hydro Pumped Storage","11WD7VIAN2H-2-6A","27/04/2026 20:00 - 27/04/2026 21:00","98.60",""
"27/04/2026 00:00 - 28/04/2026 00:00","CTA|DE(Amprion)","Vianden 6","11WD7VIAN2H-2-6A","Hydro Pumped Storage","11WD7VIAN2H-2-6A","27/04/2026 21:00 - 27/04/2026 22:00","67.55",""
"27/04/2026 00:00 - 28/04/2026 00:00","CTA|DE(Amprion)","Vianden 6","11WD7VIAN2H-2-6A","Hydro Pumped Storage","11WD7VIAN2H-2-6A","27/04/2026 22:00 - 27/04/2026 23:00","0.00",""
"27/04/2026 00:00 - 28/04/2026 00:00","CTA|DE(Amprion)","Vianden 6","11WD7VIAN2H-2-6A","Hydro Pumped Storage","11WD7VIAN2H-2-6A","27/04/2026 23:00 - 28/04/2026 00:00","0.00",""
"27/04/2026 00:00 - 28/04/2026 00:00","CTA|DE(Amprion)","Vianden 7","11WD7VIAN2H-2-78","Hydro Pumped Storage","11WD7VIAN2H-2-78","27/04/2026 00:00 - 27/04/2026 01:00","0.00",""
"27/04/2026 00:00 - 28/04/2026 00:00","CTA|DE(Amprion)","Vianden 7","11WD7VIAN2H-2-78","Hydro Pumped Storage","11WD7VIAN2H-2-78","27/04/2026 01:00 - 27/04/2026 02:00","0.00",""
"27/04/2026 00:00 - 28/04/2026 00:00","CTA|DE(Amprion)","Vianden 7","11WD7VIAN2H-2-78","Hydro Pumped Storage","11WD7VIAN2H-2-78","27/04/2026 02:00 - 27/04/2026 03:00","0.00",""
"27/04/2026 00:00 - 28/04/2026 00:00","CTA|DE(Amprion)","Vianden 7","11WD7VIAN2H-2-78","Hydro Pumped Storage","11WD7VIAN2H-2-78","27/04/2026 03:00 - 27/04/2026 04:00","0.00",""
"27/04/2026 00:00 - 28/04/2026 00:00","CTA|DE(Amprion)","Vianden 7","11WD7VIAN2H-2-78","Hydro Pumped Storage","11WD7VIAN2H-2-78","27/04/2026 04:00 - 27/04/2026 05:00","0.00",""
"27/04/2026 00:00 - 28/04/2026 00:00","CTA|DE(Amprion)","Vianden 7","11WD7VIAN2H-2-78","Hydro Pumped Storage","11WD7VIAN2H-2-78","27/04/2026 05:00 - 27/04/2026 06:00","24.63",""
"27/04/2026 00:00 - 28/04/2026 00:00","CTA|DE(Amprion)","Vianden 7","11WD7VIAN2H-2-78","Hydro Pumped Storage","11WD7VIAN2H-2-78","27/04/2026 06:00 - 27/04/2026 07:00","76.85",""
"27/04/2026 00:00 - 28/04/2026 00:00","CTA|DE(Amprion)","Vianden 7","11WD7VIAN2H-2-78","Hydro Pumped Storage","11WD7VIAN2H-2-78","27/04/2026 07:00 - 27/04/2026 08:00","19.23",""
"27/04/2026 00:00 - 28/04/2026 00:00","CTA|DE(Amprion)","Vianden 7","11WD7VIAN2H-2-78","Hydro Pumped Storage","11WD7VIAN2H-2-78","27/04/2026 08:00 - 27/04/2026 09:00","0.00",""
"27/04/2026 00:00 - 28/04/2026 00:00","CTA|DE(Amprion)","Vianden 7","11WD7VIAN2H-2-78","Hydro Pumped Storage","11WD7VIAN2H-2-78","27/04/2026 09:00 - 27/04/2026 10:00","0.00",""
"27/04/2026 00:00 - 28/04/2026 00:00","CTA|DE(Amprion)","Vianden 7","11WD7VIAN2H-2-78","Hydro Pumped Storage","11WD7VIAN2H-2-78","27/04/2026 10:00 - 27/04/2026 11:00","0.00",""
"27/04/2026 00:00 - 28/04/2026 00:00","CTA|DE(Amprion)","Vianden 7","11WD7VIAN2H-2-78","Hydro Pumped Storage","11WD7VIAN2H-2-78","27/04/2026 11:00 - 27/04/2026 12:00","0.00",""
"27/04/2026 00:00 - 28/04/2026 00:00","CTA|DE(Amprion)","Vianden 7","11WD7VIAN2H-2-78","Hydro Pumped Storage","11WD7VIAN2H-2-78","27/04/2026 12:00 - 27/04/2026 13:00","0.00",""
"27/04/2026 00:00 - 28/04/2026 00:00","CTA|DE(Amprion)","Vianden 7","11WD7VIAN2H-2-78","Hydro Pumped Storage","11WD7VIAN2H-2-78","27/04/2026 13:00 - 27/04/2026 14:00","0.00",""
"27/04/2026 00:00 - 28/04/2026 00:00","CTA|DE(Amprion)","Vianden 7","11WD7VIAN2H-2-78","Hydro Pumped Storage","11WD7VIAN2H-2-78","27/04/2026 14:00 - 27/04/2026 15:00","0.00",""
"27/04/2026 00:00 - 28/04/2026 00:00","CTA|DE(Amprion)","Vianden 7","11WD7VIAN2H-2-78","Hydro Pumped Storage","11WD7VIAN2H-2-78","27/04/2026 15:00 - 27/04/2026 16:00","0.00",""
"27/04/2026 00:00 - 28/04/2026 00:00","CTA|DE(Amprion)","Vianden 7","11WD7VIAN2H-2-78","Hydro Pumped Storage","11WD7VIAN2H-2-78","27/04/2026 16:00 - 27/04/2026 17:00","0.00",""
"27/04/2026 00:00 - 28/04/2026 00:00","CTA|DE(Amprion)","Vianden 7","11WD7VIAN2H-2-78","Hydro Pumped Storage","11WD7VIAN2H-2-78","27/04/2026 17:00 - 27/04/2026 18:00","0.00",""
"27/04/2026 00:00 - 28/04/2026 00:00","CTA|DE(Amprion)","Vianden 7","11WD7VIAN2H-2-78","Hydro Pumped Storage","11WD7VIAN2H-2-78","27/04/2026 18:00 - 27/04/2026 19:00","31.60",""
"27/04/2026 00:00 - 28/04/2026 00:00","CTA|DE(Amprion)","Vianden 7","11WD7VIAN2H-2-78","Hydro Pumped Storage","11WD7VIAN2H-2-78","27/04/2026 19:00 - 27/04/2026 20:00","91.17",""
"27/04/2026 00:00 - 28/04/2026 00:00","CTA|DE(Amprion)","Vianden 7","11WD7VIAN2H-2-78","Hydro Pumped Storage","11WD7VIAN2H-2-78","27/04/2026 20:00 - 27/04/2026 21:00","98.28",""
"27/04/2026 00:00 - 28/04/2026 00:00","CTA|DE(Amprion)","Vianden 7","11WD7VIAN2H-2-78","Hydro Pumped Storage","11WD7VIAN2H-2-78","27/04/2026 21:00 - 27/04/2026 22:00","67.53",""
"27/04/2026 00:00 - 28/04/2026 00:00","CTA|DE(Amprion)","Vianden 7","11WD7VIAN2H-2-78","Hydro Pumped Storage","11WD7VIAN2H-2-78","27/04/2026 22:00 - 27/04/2026 23:00","0.00",""
"27/04/2026 00:00 - 28/04/2026 00:00","CTA|DE(Amprion)","Vianden 7","11WD7VIAN2H-2-78","Hydro Pumped Storage","11WD7VIAN2H-2-78","27/04/2026 23:00 - 28/04/2026 00:00","0.00",""
"27/04/2026 00:00 - 28/04/2026 00:00","CTA|DE(Amprion)","Vianden 8","11WD7VIAN2H-2-86","Hydro Pumped Storage","11WD7VIAN2H-2-86","27/04/2026 00:00 - 27/04/2026 01:00","0.00",""
"27/04/2026 00:00 - 28/04/2026 00:00","CTA|DE(Amprion)","Vianden 8","11WD7VIAN2H-2-86","Hydro Pumped Storage","11WD7VIAN2H-2-86","27/04/2026 01:00 - 27/04/2026 02:00","0.00",""
"27/04/2026 00:00 - 28/04/2026 00:00","CTA|DE(Amprion)","Vianden 8","11WD7VIAN2H-2-86","Hydro Pumped Storage","11WD7VIAN2H-2-86","27/04/2026 02:00 - 27/04/2026 03:00","0.00",""
"27/04/2026 00:00 - 28/04/2026 00:00","CTA|DE(Amprion)","Vianden 8","11WD7VIAN2H-2-86","Hydro Pumped Storage","11WD7VIAN2H-2-86","27/04/2026 03:00 - 27/04/2026 04:00","0.00",""
"27/04/2026 00:00 - 28/04/2026 00:00","CTA|DE(Amprion)","Vianden 8","11WD7VIAN2H-2-86","Hydro Pumped Storage","11WD7VIAN2H-2-86","27/04/2026 04:00 - 27/04/2026 05:00","0.00",""
"27/04/2026 00:00 - 28/04/2026 00:00","CTA|DE(Amprion)","Vianden 8","11WD7VIAN2H-2-86","Hydro Pumped Storage","11WD7VIAN2H-2-86","27/04/2026 05:00 - 27/04/2026 06:00","25.20",""
"27/04/2026 00:00 - 28/04/2026 00:00","CTA|DE(Amprion)","Vianden 8","11WD7VIAN2H-2-86","Hydro Pumped Storage","11WD7VIAN2H-2-86","27/04/2026 06:00 - 27/04/2026 07:00","78.13",""
"27/04/2026 00:00 - 28/04/2026 00:00","CTA|DE(Amprion)","Vianden 8","11WD7VIAN2H-2-86","Hydro Pumped Storage","11WD7VIAN2H-2-86","27/04/2026 07:00 - 27/04/2026 08:00","19.07",""
"27/04/2026 00:00 - 28/04/2026 00:00","CTA|DE(Amprion)","Vianden 8","11WD7VIAN2H-2-86","Hydro Pumped Storage","11WD7VIAN2H-2-86","27/04/2026 08:00 - 27/04/2026 09:00","0.00",""
"27/04/2026 00:00 - 28/04/2026 00:00","CTA|DE(Amprion)","Vianden 8","11WD7VIAN2H-2-86","Hydro Pumped Storage","11WD7VIAN2H-2-86","27/04/2026 09:00 - 27/04/2026 10:00","0.00",""
"27/04/2026 00:00 - 28/04/2026 00:00","CTA|DE(Amprion)","Vianden 8","11WD7VIAN2H-2-86","Hydro Pumped Storage","11WD7VIAN2H-2-86","27/04/2026 10:00 - 27/04/2026 11:00","0.00",""
"27/04/2026 00:00 - 28/04/2026 00:00","CTA|DE(Amprion)","Vianden 8","11WD7VIAN2H-2-86","Hydro Pumped Storage","11WD7VIAN2H-2-86","27/04/2026 11:00 - 27/04/2026 12:00","0.00",""
"27/04/2026 00:00 - 28/04/2026 00:00","CTA|DE(Amprion)","Vianden 8","11WD7VIAN2H-2-86","Hydro Pumped Storage","11WD7VIAN2H-2-86","27/04/2026 12:00 - 27/04/2026 13:00","0.00",""
"27/04/2026 00:00 - 28/04/2026 00:00","CTA|DE(Amprion)","Vianden 8","11WD7VIAN2H-2-86","Hydro Pumped Storage","11WD7VIAN2H-2-86","27/04/2026 13:00 - 27/04/2026 14:00","0.00",""
"27/04/2026 00:00 - 28/04/2026 00:00","CTA|DE(Amprion)","Vianden 8","11WD7VIAN2H-2-86","Hydro Pumped Storage","11WD7VIAN2H-2-86","27/04/2026 14:00 - 27/04/2026 15:00","0.00",""
"27/04/2026 00:00 - 28/04/2026 00:00","CTA|DE(Amprion)","Vianden 8","11WD7VIAN2H-2-86","Hydro Pumped Storage","11WD7VIAN2H-2-86","27/04/2026 15:00 - 27/04/2026 16:00","0.00",""
"27/04/2026 00:00 - 28/04/2026 00:00","CTA|DE(Amprion)","Vianden 8","11WD7VIAN2H-2-86","Hydro Pumped Storage","11WD7VIAN2H-2-86","27/04/2026 16:00 - 27/04/2026 17:00","0.00",""
"27/04/2026 00:00 - 28/04/2026 00:00","CTA|DE(Amprion)","Vianden 8","11WD7VIAN2H-2-86","Hydro Pumped Storage","11WD7VIAN2H-2-86","27/04/2026 17:00 - 27/04/2026 18:00","0.00",""
"27/04/2026 00:00 - 28/04/2026 00:00","CTA|DE(Amprion)","Vianden 8","11WD7VIAN2H-2-86","Hydro Pumped Storage","11WD7VIAN2H-2-86","27/04/2026 18:00 - 27/04/2026 19:00","17.18",""
"27/04/2026 00:00 - 28/04/2026 00:00","CTA|DE(Amprion)","Vianden 8","11WD7VIAN2H-2-86","Hydro Pumped Storage","11WD7VIAN2H-2-86","27/04/2026 19:00 - 27/04/2026 20:00","93.13",""
"27/04/2026 00:00 - 28/04/2026 00:00","CTA|DE(Amprion)","Vianden 8","11WD7VIAN2H-2-86","Hydro Pumped Storage","11WD7VIAN2H-2-86","27/04/2026 20:00 - 27/04/2026 21:00","100.30",""
"27/04/2026 00:00 - 28/04/2026 00:00","CTA|DE(Amprion)","Vianden 8","11WD7VIAN2H-2-86","Hydro Pumped Storage","11WD7VIAN2H-2-86","27/04/2026 21:00 - 27/04/2026 22:00","75.85",""
"27/04/2026 00:00 - 28/04/2026 00:00","CTA|DE(Amprion)","Vianden 8","11WD7VIAN2H-2-86","Hydro Pumped Storage","11WD7VIAN2H-2-86","27/04/2026 22:00 - 27/04/2026 23:00","0.00",""
"27/04/2026 00:00 - 28/04/2026 00:00","CTA|DE(Amprion)","Vianden 8","11WD7VIAN2H-2-86","Hydro Pumped Storage","11WD7VIAN2H-2-86","27/04/2026 23:00 - 28/04/2026 00:00","0.00",""
"27/04/2026 00:00 - 28/04/2026 00:00","CTA|DE(Amprion)","Vianden 9","11WD7VIAN2H-2-94","Hydro Pumped Storage","11WD7VIAN2H-2-94","27/04/2026 00:00 - 27/04/2026 01:00","0.00",""
"27/04/2026 00:00 - 28/04/2026 00:00","CTA|DE(Amprion)","Vianden 9","11WD7VIAN2H-2-94","Hydro Pumped Storage","11WD7VIAN2H-2-94","27/04/2026 01:00 - 27/04/2026 02:00","0.00",""
"27/04/2026 00:00 - 28/04/2026 00:00","CTA|DE(Amprion)","Vianden 9","11WD7VIAN2H-2-94","Hydro Pumped Storage","11WD7VIAN2H-2-94","27/04/2026 02:00 - 27/04/2026 03:00","0.00",""
"27/04/2026 00:00 - 28/04/2026 00:00","CTA|DE(Amprion)","Vianden 9","11WD7VIAN2H-2-94","Hydro Pumped Storage","11WD7VIAN2H-2-94","27/04/2026 03:00 - 27/04/2026 04:00","0.00",""
"27/04/2026 00:00 - 28/04/2026 00:00","CTA|DE(Amprion)","Vianden 9","11WD7VIAN2H-2-94","Hydro Pumped Storage","11WD7VIAN2H-2-94","27/04/2026 04:00 - 27/04/2026 05:00","0.00",""
"27/04/2026 00:00 - 28/04/2026 00:00","CTA|DE(Amprion)","Vianden 9","11WD7VIAN2H-2-94","Hydro Pumped Storage","11WD7VIAN2H-2-94","27/04/2026 05:00 - 27/04/2026 06:00","21.05",""
"27/04/2026 00:00 - 28/04/2026 00:00","CTA|DE(Amprion)","Vianden 9","11WD7VIAN2H-2-94","Hydro Pumped Storage","11WD7VIAN2H-2-94","27/04/2026 06:00 - 27/04/2026 07:00","70.33",""
"27/04/2026 00:00 - 28/04/2026 00:00","CTA|DE(Amprion)","Vianden 9","11WD7VIAN2H-2-94","Hydro Pumped Storage","11WD7VIAN2H-2-94","27/04/2026 07:00 - 27/04/2026 08:00","36.30",""
"27/04/2026 00:00 - 28/04/2026 00:00","CTA|DE(Amprion)","Vianden 9","11WD7VIAN2H-2-94","Hydro Pumped Storage","11WD7VIAN2H-2-94","27/04/2026 08:00 - 27/04/2026 09:00","0.00",""
"27/04/2026 00:00 - 28/04/2026 00:00","CTA|DE(Amprion)","Vianden 9","11WD7VIAN2H-2-94","Hydro Pumped Storage","11WD7VIAN2H-2-94","27/04/2026 09:00 - 27/04/2026 10:00","0.00",""
"27/04/2026 00:00 - 28/04/2026 00:00","CTA|DE(Amprion)","Vianden 9","11WD7VIAN2H-2-94","Hydro Pumped Storage","11WD7VIAN2H-2-94","27/04/2026 10:00 - 27/04/2026 11:00","0.00",""
"27/04/2026 00:00 - 28/04/2026 00:00","CTA|DE(Amprion)","Vianden 9","11WD7VIAN2H-2-94","Hydro Pumped Storage","11WD7VIAN2H-2-94","27/04/2026 11:00 - 27/04/2026 12:00","0.00",""
"27/04/2026 00:00 - 28/04/2026 00:00","CTA|DE(Amprion)","Vianden 9","11WD7VIAN2H-2-94","Hydro Pumped Storage","11WD7VIAN2H-2-94","27/04/2026 12:00 - 27/04/2026 13:00","0.00",""
"27/04/2026 00:00 - 28/04/2026 00:00","CTA|DE(Amprion)","Vianden 9","11WD7VIAN2H-2-94","Hydro Pumped Storage","11WD7VIAN2H-2-94","27/04/2026 13:00 - 27/04/2026 14:00","0.00",""
"27/04/2026 00:00 - 28/04/2026 00:00","CTA|DE(Amprion)","Vianden 9","11WD7VIAN2H-2-94","Hydro Pumped Storage","11WD7VIAN2H-2-94","27/04/2026 14:00 - 27/04/2026 15:00","0.00",""
"27/04/2026 00:00 - 28/04/2026 00:00","CTA|DE(Amprion)","Vianden 9","11WD7VIAN2H-2-94","Hydro Pumped Storage","11WD7VIAN2H-2-94","27/04/2026 15:00 - 27/04/2026 16:00","0.00",""
"27/04/2026 00:00 - 28/04/2026 00:00","CTA|DE(Amprion)","Vianden 9","11WD7VIAN2H-2-94","Hydro Pumped Storage","11WD7VIAN2H-2-94","27/04/2026 16:00 - 27/04/2026 17:00","0.00",""
"27/04/2026 00:00 - 28/04/2026 00:00","CTA|DE(Amprion)","Vianden 9","11WD7VIAN2H-2-94","Hydro Pumped Storage","11WD7VIAN2H-2-94","27/04/2026 17:00 - 27/04/2026 18:00","0.00",""
"27/04/2026 00:00 - 28/04/2026 00:00","CTA|DE(Amprion)","Vianden 9","11WD7VIAN2H-2-94","Hydro Pumped Storage","11WD7VIAN2H-2-94","27/04/2026 18:00 - 27/04/2026 19:00","32.27",""
"27/04/2026 00:00 - 28/04/2026 00:00","CTA|DE(Amprion)","Vianden 9","11WD7VIAN2H-2-94","Hydro Pumped Storage","11WD7VIAN2H-2-94","27/04/2026 19:00 - 27/04/2026 20:00","91.88",""
"27/04/2026 00:00 - 28/04/2026 00:00","CTA|DE(Amprion)","Vianden 9","11WD7VIAN2H-2-94","Hydro Pumped Storage","11WD7VIAN2H-2-94","27/04/2026 20:00 - 27/04/2026 21:00","99.00",""
"27/04/2026 00:00 - 28/04/2026 00:00","CTA|DE(Amprion)","Vianden 9","11WD7VIAN2H-2-94","Hydro Pumped Storage","11WD7VIAN2H-2-94","27/04/2026 21:00 - 27/04/2026 22:00","68.15",""
"27/04/2026 00:00 - 28/04/2026 00:00","CTA|DE(Amprion)","Vianden 9","11WD7VIAN2H-2-94","Hydro Pumped Storage","11WD7VIAN2H-2-94","27/04/2026 22:00 - 27/04/2026 23:00","0.00",""
"27/04/2026 00:00 - 28/04/2026 00:00","CTA|DE(Amprion)","Vianden 9","11WD7VIAN2H-2-94","Hydro Pumped Storage","11WD7VIAN2H-2-94","27/04/2026 23:00 - 28/04/2026 00:00","0.00",""
"27/04/2026 00:00 - 28/04/2026 00:00","CTA|DE(Amprion)","VOELKLINGEN_HKV","11WD7VOLK5S-HKVM","Fossil Hard coal","11WD7VOLK5S-HKVM","27/04/2026 00:00 - 27/04/2026 01:00","0.00",""
"27/04/2026 00:00 - 28/04/2026 00:00","CTA|DE(Amprion)","VOELKLINGEN_HKV","11WD7VOLK5S-HKVM","Fossil Hard coal","11WD7VOLK5S-HKVM","27/04/2026 01:00 - 27/04/2026 02:00","0.00",""
"27/04/2026 00:00 - 28/04/2026 00:00","CTA|DE(Amprion)","VOELKLINGEN_HKV","11WD7VOLK5S-HKVM","Fossil Hard coal","11WD7VOLK5S-HKVM","27/04/2026 02:00 - 27/04/2026 03:00","0.00",""
"27/04/2026 00:00 - 28/04/2026 00:00","CTA|DE(Amprion)","VOELKLINGEN_HKV","11WD7VOLK5S-HKVM","Fossil Hard coal","11WD7VOLK5S-HKVM","27/04/2026 03:00 - 27/04/2026 04:00","0.00",""
"27/04/2026 00:00 - 28/04/2026 00:00","CTA|DE(Amprion)","VOELKLINGEN_HKV","11WD7VOLK5S-HKVM","Fossil Hard coal","11WD7VOLK5S-HKVM","27/04/2026 04:00 - 27/04/2026 05:00","0.00",""
"27/04/2026 00:00 - 28/04/2026 00:00","CTA|DE(Amprion)","VOELKLINGEN_HKV","11WD7VOLK5S-HKVM","Fossil Hard coal","11WD7VOLK5S-HKVM","27/04/2026 05:00 - 27/04/2026 06:00","0.00",""
"27/04/2026 00:00 - 28/04/2026 00:00","CTA|DE(Amprion)","VOELKLINGEN_HKV","11WD7VOLK5S-HKVM","Fossil Hard coal","11WD7VOLK5S-HKVM","27/04/2026 06:00 - 27/04/2026 07:00","0.00",""
"27/04/2026 00:00 - 28/04/2026 00:00","CTA|DE(Amprion)","VOELKLINGEN_HKV","11WD7VOLK5S-HKVM","Fossil Hard coal","11WD7VOLK5S-HKVM","27/04/2026 07:00 - 27/04/2026 08:00","0.00",""
"27/04/2026 00:00 - 28/04/2026 00:00","CTA|DE(Amprion)","VOELKLINGEN_HKV","11WD7VOLK5S-HKVM","Fossil Hard coal","11WD7VOLK5S-HKVM","27/04/2026 08:00 - 27/04/2026 09:00","0.00",""
"27/04/2026 00:00 - 28/04/2026 00:00","CTA|DE(Amprion)","VOELKLINGEN_HKV","11WD7VOLK5S-HKVM","Fossil Hard coal","11WD7VOLK5S-HKVM","27/04/2026 09:00 - 27/04/2026 10:00","0.00",""
"27/04/2026 00:00 - 28/04/2026 00:00","CTA|DE(Amprion)","VOELKLINGEN_HKV","11WD7VOLK5S-HKVM","Fossil Hard coal","11WD7VOLK5S-HKVM","27/04/2026 10:00 - 27/04/2026 11:00","8.58",""
"27/04/2026 00:00 - 28/04/2026 00:00","CTA|DE(Amprion)","VOELKLINGEN_HKV","11WD7VOLK5S-HKVM","Fossil Hard coal","11WD7VOLK5S-HKVM","27/04/2026 11:00 - 27/04/2026 12:00","2.64",""
"27/04/2026 00:00 - 28/04/2026 00:00","CTA|DE(Amprion)","VOELKLINGEN_HKV","11WD7VOLK5S-HKVM","Fossil Hard coal","11WD7VOLK5S-HKVM","27/04/2026 12:00 - 27/04/2026 13:00","34.32",""
"27/04/2026 00:00 - 28/04/2026 00:00","CTA|DE(Amprion)","VOELKLINGEN_HKV","11WD7VOLK5S-HKVM","Fossil Hard coal","11WD7VOLK5S-HKVM","27/04/2026 13:00 - 27/04/2026 14:00","52.30",""
"27/04/2026 00:00 - 28/04/2026 00:00","CTA|DE(Amprion)","VOELKLINGEN_HKV","11WD7VOLK5S-HKVM","Fossil Hard coal","11WD7VOLK5S-HKVM","27/04/2026 14:00 - 27/04/2026 15:00","0.00",""
"27/04/2026 00:00 - 28/04/2026 00:00","CTA|DE(Amprion)","VOELKLINGEN_HKV","11WD7VOLK5S-HKVM","Fossil Hard coal","11WD7VOLK5S-HKVM","27/04/2026 15:00 - 27/04/2026 16:00","36.47",""
"27/04/2026 00:00 - 28/04/2026 00:00","CTA|DE(Amprion)","VOELKLINGEN_HKV","11WD7VOLK5S-HKVM","Fossil Hard coal","11WD7VOLK5S-HKVM","27/04/2026 16:00 - 27/04/2026 17:00","69.30",""
"27/04/2026 00:00 - 28/04/2026 00:00","CTA|DE(Amprion)","VOELKLINGEN_HKV","11WD7VOLK5S-HKVM","Fossil Hard coal","11WD7VOLK5S-HKVM","27/04/2026 17:00 - 27/04/2026 18:00","75.90",""
"27/04/2026 00:00 - 28/04/2026 00:00","CTA|DE(Amprion)","VOELKLINGEN_HKV","11WD7VOLK5S-HKVM","Fossil Hard coal","11WD7VOLK5S-HKVM","27/04/2026 18:00 - 27/04/2026 19:00","30.36",""
"27/04/2026 00:00 - 28/04/2026 00:00","CTA|DE(Amprion)","VOELKLINGEN_HKV","11WD7VOLK5S-HKVM","Fossil Hard coal","11WD7VOLK5S-HKVM","27/04/2026 19:00 - 27/04/2026 20:00","0.00",""
"27/04/2026 00:00 - 28/04/2026 00:00","CTA|DE(Amprion)","VOELKLINGEN_HKV","11WD7VOLK5S-HKVM","Fossil Hard coal","11WD7VOLK5S-HKVM","27/04/2026 20:00 - 27/04/2026 21:00","0.00",""
"27/04/2026 00:00 - 28/04/2026 00:00","CTA|DE(Amprion)","VOELKLINGEN_HKV","11WD7VOLK5S-HKVM","Fossil Hard coal","11WD7VOLK5S-HKVM","27/04/2026 21:00 - 27/04/2026 22:00","0.00",""
"27/04/2026 00:00 - 28/04/2026 00:00","CTA|DE(Amprion)","VOELKLINGEN_HKV","11WD7VOLK5S-HKVM","Fossil Hard coal","11WD7VOLK5S-HKVM","27/04/2026 22:00 - 27/04/2026 23:00","0.00",""
"27/04/2026 00:00 - 28/04/2026 00:00","CTA|DE(Amprion)","VOELKLINGEN_HKV","11WD7VOLK5S-HKVM","Fossil Hard coal","11WD7VOLK5S-HKVM","27/04/2026 23:00 - 28/04/2026 00:00","0.00",""
"27/04/2026 00:00 - 28/04/2026 00:00","CTA|DE(Amprion)","VOELKLINGEN_MKV","11WD7VOLK5S-MKV2","Fossil Hard coal","11WD7VOLK5S-MKV2","27/04/2026 00:00 - 27/04/2026 01:00","0.00",""
"27/04/2026 00:00 - 28/04/2026 00:00","CTA|DE(Amprion)","VOELKLINGEN_MKV","11WD7VOLK5S-MKV2","Fossil Hard coal","11WD7VOLK5S-MKV2","27/04/2026 01:00 - 27/04/2026 02:00","0.00",""
"27/04/2026 00:00 - 28/04/2026 00:00","CTA|DE(Amprion)","VOELKLINGEN_MKV","11WD7VOLK5S-MKV2","Fossil Hard coal","11WD7VOLK5S-MKV2","27/04/2026 02:00 - 27/04/2026 03:00","0.00",""
"27/04/2026 00:00 - 28/04/2026 00:00","CTA|DE(Amprion)","VOELKLINGEN_MKV","11WD7VOLK5S-MKV2","Fossil Hard coal","11WD7VOLK5S-MKV2","27/04/2026 03:00 - 27/04/2026 04:00","0.00",""
"27/04/2026 00:00 - 28/04/2026 00:00","CTA|DE(Amprion)","VOELKLINGEN_MKV","11WD7VOLK5S-MKV2","Fossil Hard coal","11WD7VOLK5S-MKV2","27/04/2026 04:00 - 27/04/2026 05:00","0.00",""
"27/04/2026 00:00 - 28/04/2026 00:00","CTA|DE(Amprion)","VOELKLINGEN_MKV","11WD7VOLK5S-MKV2","Fossil Hard coal","11WD7VOLK5S-MKV2","27/04/2026 05:00 - 27/04/2026 06:00","0.00",""
"27/04/2026 00:00 - 28/04/2026 00:00","CTA|DE(Amprion)","VOELKLINGEN_MKV","11WD7VOLK5S-MKV2","Fossil Hard coal","11WD7VOLK5S-MKV2","27/04/2026 06:00 - 27/04/2026 07:00","0.00",""
"27/04/2026 00:00 - 28/04/2026 00:00","CTA|DE(Amprion)","VOELKLINGEN_MKV","11WD7VOLK5S-MKV2","Fossil Hard coal","11WD7VOLK5S-MKV2","27/04/2026 07:00 - 27/04/2026 08:00","0.00",""
"27/04/2026 00:00 - 28/04/2026 00:00","CTA|DE(Amprion)","VOELKLINGEN_MKV","11WD7VOLK5S-MKV2","Fossil Hard coal","11WD7VOLK5S-MKV2","27/04/2026 08:00 - 27/04/2026 09:00","0.00",""
"27/04/2026 00:00 - 28/04/2026 00:00","CTA|DE(Amprion)","VOELKLINGEN_MKV","11WD7VOLK5S-MKV2","Fossil Hard coal","11WD7VOLK5S-MKV2","27/04/2026 09:00 - 27/04/2026 10:00","0.00",""
"27/04/2026 00:00 - 28/04/2026 00:00","CTA|DE(Amprion)","VOELKLINGEN_MKV","11WD7VOLK5S-MKV2","Fossil Hard coal","11WD7VOLK5S-MKV2","27/04/2026 10:00 - 27/04/2026 11:00","0.00",""
"27/04/2026 00:00 - 28/04/2026 00:00","CTA|DE(Amprion)","VOELKLINGEN_MKV","11WD7VOLK5S-MKV2","Fossil Hard coal","11WD7VOLK5S-MKV2","27/04/2026 11:00 - 27/04/2026 12:00","0.00",""
"27/04/2026 00:00 - 28/04/2026 00:00","CTA|DE(Amprion)","VOELKLINGEN_MKV","11WD7VOLK5S-MKV2","Fossil Hard coal","11WD7VOLK5S-MKV2","27/04/2026 12:00 - 27/04/2026 13:00","0.00",""
"27/04/2026 00:00 - 28/04/2026 00:00","CTA|DE(Amprion)","VOELKLINGEN_MKV","11WD7VOLK5S-MKV2","Fossil Hard coal","11WD7VOLK5S-MKV2","27/04/2026 13:00 - 27/04/2026 14:00","0.00",""
"27/04/2026 00:00 - 28/04/2026 00:00","CTA|DE(Amprion)","VOELKLINGEN_MKV","11WD7VOLK5S-MKV2","Fossil Hard coal","11WD7VOLK5S-MKV2","27/04/2026 14:00 - 27/04/2026 15:00","0.00",""
"27/04/2026 00:00 - 28/04/2026 00:00","CTA|DE(Amprion)","VOELKLINGEN_MKV","11WD7VOLK5S-MKV2","Fossil Hard coal","11WD7VOLK5S-MKV2","27/04/2026 15:00 - 27/04/2026 16:00","0.00",""
"27/04/2026 00:00 - 28/04/2026 00:00","CTA|DE(Amprion)","VOELKLINGEN_MKV","11WD7VOLK5S-MKV2","Fossil Hard coal","11WD7VOLK5S-MKV2","27/04/2026 16:00 - 27/04/2026 17:00","0.00",""
"27/04/2026 00:00 - 28/04/2026 00:00","CTA|DE(Amprion)","VOELKLINGEN_MKV","11WD7VOLK5S-MKV2","Fossil Hard coal","11WD7VOLK5S-MKV2","27/04/2026 17:00 - 27/04/2026 18:00","0.00",""
"27/04/2026 00:00 - 28/04/2026 00:00","CTA|DE(Amprion)","VOELKLINGEN_MKV","11WD7VOLK5S-MKV2","Fossil Hard coal","11WD7VOLK5S-MKV2","27/04/2026 18:00 - 27/04/2026 19:00","0.00",""
"27/04/2026 00:00 - 28/04/2026 00:00","CTA|DE(Amprion)","VOELKLINGEN_MKV","11WD7VOLK5S-MKV2","Fossil Hard coal","11WD7VOLK5S-MKV2","27/04/2026 19:00 - 27/04/2026 20:00","0.00",""
"27/04/2026 00:00 - 28/04/2026 00:00","CTA|DE(Amprion)","VOELKLINGEN_MKV","11WD7VOLK5S-MKV2","Fossil Hard coal","11WD7VOLK5S-MKV2","27/04/2026 20:00 - 27/04/2026 21:00","0.00",""
"27/04/2026 00:00 - 28/04/2026 00:00","CTA|DE(Amprion)","VOELKLINGEN_MKV","11WD7VOLK5S-MKV2","Fossil Hard coal","11WD7VOLK5S-MKV2","27/04/2026 21:00 - 27/04/2026 22:00","0.00",""
"27/04/2026 00:00 - 28/04/2026 00:00","CTA|DE(Amprion)","VOELKLINGEN_MKV","11WD7VOLK5S-MKV2","Fossil Hard coal","11WD7VOLK5S-MKV2","27/04/2026 22:00 - 27/04/2026 23:00","0.00",""
"27/04/2026 00:00 - 28/04/2026 00:00","CTA|DE(Amprion)","VOELKLINGEN_MKV","11WD7VOLK5S-MKV2","Fossil Hard coal","11WD7VOLK5S-MKV2","27/04/2026 23:00 - 28/04/2026 00:00","0.00",""
"27/04/2026 00:00 - 28/04/2026 00:00","CTA|DE(Amprion)","WALSUM_10","11WD7WALS1S--10A","Fossil Hard coal","11WD7WALS1S--10A","27/04/2026 00:00 - 27/04/2026 00:15","689.10",""
"27/04/2026 00:00 - 28/04/2026 00:00","CTA|DE(Amprion)","WALSUM_10","11WD7WALS1S--10A","Fossil Hard coal","11WD7WALS1S--10A","27/04/2026 00:15 - 27/04/2026 00:30","692.90",""
"27/04/2026 00:00 - 28/04/2026 00:00","CTA|DE(Amprion)","WALSUM_10","11WD7WALS1S--10A","Fossil Hard coal","11WD7WALS1S--10A","27/04/2026 00:30 - 27/04/2026 00:45","690.40",""
"27/04/2026 00:00 - 28/04/2026 00:00","CTA|DE(Amprion)","WALSUM_10","11WD7WALS1S--10A","Fossil Hard coal","11WD7WALS1S--10A","27/04/2026 00:45 - 27/04/2026 01:00","690.40",""
"27/04/2026 00:00 - 28/04/2026 00:00","CTA|DE(Amprion)","WALSUM_10","11WD7WALS1S--10A","Fossil Hard coal","11WD7WALS1S--10A","27/04/2026 01:00 - 27/04/2026 01:15","691.60",""
"27/04/2026 00:00 - 28/04/2026 00:00","CTA|DE(Amprion)","WALSUM_10","11WD7WALS1S--10A","Fossil Hard coal","11WD7WALS1S--10A","27/04/2026 01:15 - 27/04/2026 01:30","687.50",""
"27/04/2026 00:00 - 28/04/2026 00:00","CTA|DE(Amprion)","WALSUM_10","11WD7WALS1S--10A","Fossil Hard coal","11WD7WALS1S--10A","27/04/2026 01:30 - 27/04/2026 01:45","690.00",""
"27/04/2026 00:00 - 28/04/2026 00:00","CTA|DE(Amprion)","WALSUM_10","11WD7WALS1S--10A","Fossil Hard coal","11WD7WALS1S--10A","27/04/2026 01:45 - 27/04/2026 02:00","692.20",""
"27/04/2026 00:00 - 28/04/2026 00:00","CTA|DE(Amprion)","WALSUM_10","11WD7WALS1S--10A","Fossil Hard coal","11WD7WALS1S--10A","27/04/2026 02:00 - 27/04/2026 02:15","692.40",""
"27/04/2026 00:00 - 28/04/2026 00:00","CTA|DE(Amprion)","WALSUM_10","11WD7WALS1S--10A","Fossil Hard coal","11WD7WALS1S--10A","27/04/2026 02:15 - 27/04/2026 02:30","691.60",""
"27/04/2026 00:00 - 28/04/2026 00:00","CTA|DE(Amprion)","WALSUM_10","11WD7WALS1S--10A","Fossil Hard coal","11WD7WALS1S--10A","27/04/2026 02:30 - 27/04/2026 02:45","691.00",""
"27/04/2026 00:00 - 28/04/2026 00:00","CTA|DE(Amprion)","WALSUM_10","11WD7WALS1S--10A","Fossil Hard coal","11WD7WALS1S--10A","27/04/2026 02:45 - 27/04/2026 03:00","688.30",""
"27/04/2026 00:00 - 28/04/2026 00:00","CTA|DE(Amprion)","WALSUM_10","11WD7WALS1S--10A","Fossil Hard coal","11WD7WALS1S--10A","27/04/2026 03:00 - 27/04/2026 03:15","690.00",""
"27/04/2026 00:00 - 28/04/2026 00:00","CTA|DE(Amprion)","WALSUM_10","11WD7WALS1S--10A","Fossil Hard coal","11WD7WALS1S--10A","27/04/2026 03:15 - 27/04/2026 03:30","691.00",""
"27/04/2026 00:00 - 28/04/2026 00:00","CTA|DE(Amprion)","WALSUM_10","11WD7WALS1S--10A","Fossil Hard coal","11WD7WALS1S--10A","27/04/2026 03:30 - 27/04/2026 03:45","689.90",""
"27/04/2026 00:00 - 28/04/2026 00:00","CTA|DE(Amprion)","WALSUM_10","11WD7WALS1S--10A","Fossil Hard coal","11WD7WALS1S--10A","27/04/2026 03:45 - 27/04/2026 04:00","687.40",""
"27/04/2026 00:00 - 28/04/2026 00:00","CTA|DE(Amprion)","WALSUM_10","11WD7WALS1S--10A","Fossil Hard coal","11WD7WALS1S--10A","27/04/2026 04:00 - 27/04/2026 04:15","688.50",""
"27/04/2026 00:00 - 28/04/2026 00:00","CTA|DE(Amprion)","WALSUM_10","11WD7WALS1S--10A","Fossil Hard coal","11WD7WALS1S--10A","27/04/2026 04:15 - 27/04/2026 04:30","684.70",""
"27/04/2026 00:00 - 28/04/2026 00:00","CTA|DE(Amprion)","WALSUM_10","11WD7WALS1S--10A","Fossil Hard coal","11WD7WALS1S--10A","27/04/2026 04:30 - 27/04/2026 04:45","688.90",""
"27/04/2026 00:00 - 28/04/2026 00:00","CTA|DE(Amprion)","WALSUM_10","11WD7WALS1S--10A","Fossil Hard coal","11WD7WALS1S--10A","27/04/2026 04:45 - 27/04/2026 05:00","689.90",""
"27/04/2026 00:00 - 28/04/2026 00:00","CTA|DE(Amprion)","WALSUM_10","11WD7WALS1S--10A","Fossil Hard coal","11WD7WALS1S--10A","27/04/2026 05:00 - 27/04/2026 05:15","688.50",""
"27/04/2026 00:00 - 28/04/2026 00:00","CTA|DE(Amprion)","WALSUM_10","11WD7WALS1S--10A","Fossil Hard coal","11WD7WALS1S--10A","27/04/2026 05:15 - 27/04/2026 05:30","689.10",""
"27/04/2026 00:00 - 28/04/2026 00:00","CTA|DE(Amprion)","WALSUM_10","11WD7WALS1S--10A","Fossil Hard coal","11WD7WALS1S--10A","27/04/2026 05:30 - 27/04/2026 05:45","690.80",""
"27/04/2026 00:00 - 28/04/2026 00:00","CTA|DE(Amprion)","WALSUM_10","11WD7WALS1S--10A","Fossil Hard coal","11WD7WALS1S--10A","27/04/2026 05:45 - 27/04/2026 06:00","687.00",""
"27/04/2026 00:00 - 28/04/2026 00:00","CTA|DE(Amprion)","WALSUM_10","11WD7WALS1S--10A","Fossil Hard coal","11WD7WALS1S--10A","27/04/2026 06:00 - 27/04/2026 06:15","691.40",""
"27/04/2026 00:00 - 28/04/2026 00:00","CTA|DE(Amprion)","WALSUM_10","11WD7WALS1S--10A","Fossil Hard coal","11WD7WALS1S--10A","27/04/2026 06:15 - 27/04/2026 06:30","690.20",""
"27/04/2026 00:00 - 28/04/2026 00:00","CTA|DE(Amprion)","WALSUM_10","11WD7WALS1S--10A","Fossil Hard coal","11WD7WALS1S--10A","27/04/2026 06:30 - 27/04/2026 06:45","687.90",""
"27/04/2026 00:00 - 28/04/2026 00:00","CTA|DE(Amprion)","WALSUM_10","11WD7WALS1S--10A","Fossil Hard coal","11WD7WALS1S--10A","27/04/2026 06:45 - 27/04/2026 07:00","687.90",""
"27/04/2026 00:00 - 28/04/2026 00:00","CTA|DE(Amprion)","WALSUM_10","11WD7WALS1S--10A","Fossil Hard coal","11WD7WALS1S--10A","27/04/2026 07:00 - 27/04/2026 07:15","686.60",""
"27/04/2026 00:00 - 28/04/2026 00:00","CTA|DE(Amprion)","WALSUM_10","11WD7WALS1S--10A","Fossil Hard coal","11WD7WALS1S--10A","27/04/2026 07:15 - 27/04/2026 07:30","689.30",""
"27/04/2026 00:00 - 28/04/2026 00:00","CTA|DE(Amprion)","WALSUM_10","11WD7WALS1S--10A","Fossil Hard coal","11WD7WALS1S--10A","27/04/2026 07:30 - 27/04/2026 07:45","690.80",""
"27/04/2026 00:00 - 28/04/2026 00:00","CTA|DE(Amprion)","WALSUM_10","11WD7WALS1S--10A","Fossil Hard coal","11WD7WALS1S--10A","27/04/2026 07:45 - 27/04/2026 08:00","684.50",""
"27/04/2026 00:00 - 28/04/2026 00:00","CTA|DE(Amprion)","WALSUM_10","11WD7WALS1S--10A","Fossil Hard coal","11WD7WALS1S--10A","27/04/2026 08:00 - 27/04/2026 08:15","602.10",""
"27/04/2026 00:00 - 28/04/2026 00:00","CTA|DE(Amprion)","WALSUM_10","11WD7WALS1S--10A","Fossil Hard coal","11WD7WALS1S--10A","27/04/2026 08:15 - 27/04/2026 08:30","520.10",""
"27/04/2026 00:00 - 28/04/2026 00:00","CTA|DE(Amprion)","WALSUM_10","11WD7WALS1S--10A","Fossil Hard coal","11WD7WALS1S--10A","27/04/2026 08:30 - 27/04/2026 08:45","452.00",""
"27/04/2026 00:00 - 28/04/2026 00:00","CTA|DE(Amprion)","WALSUM_10","11WD7WALS1S--10A","Fossil Hard coal","11WD7WALS1S--10A","27/04/2026 08:45 - 27/04/2026 09:00","337.30",""
"27/04/2026 00:00 - 28/04/2026 00:00","CTA|DE(Amprion)","WALSUM_10","11WD7WALS1S--10A","Fossil Hard coal","11WD7WALS1S--10A","27/04/2026 09:00 - 27/04/2026 09:15","285.70",""
"27/04/2026 00:00 - 28/04/2026 00:00","CTA|DE(Amprion)","WALSUM_10","11WD7WALS1S--10A","Fossil Hard coal","11WD7WALS1S--10A","27/04/2026 09:15 - 27/04/2026 09:30","263.40",""
"27/04/2026 00:00 - 28/04/2026 00:00","CTA|DE(Amprion)","WALSUM_10","11WD7WALS1S--10A","Fossil Hard coal","11WD7WALS1S--10A","27/04/2026 09:30 - 27/04/2026 09:45","0.00",""
"27/04/2026 00:00 - 28/04/2026 00:00","CTA|DE(Amprion)","WALSUM_10","11WD7WALS1S--10A","Fossil Hard coal","11WD7WALS1S--10A","27/04/2026 09:45 - 27/04/2026 10:00","0.00",""
"27/04/2026 00:00 - 28/04/2026 00:00","CTA|DE(Amprion)","WALSUM_10","11WD7WALS1S--10A","Fossil Hard coal","11WD7WALS1S--10A","27/04/2026 10:00 - 27/04/2026 10:15","0.00",""
"27/04/2026 00:00 - 28/04/2026 00:00","CTA|DE(Amprion)","WALSUM_10","11WD7WALS1S--10A","Fossil Hard coal","11WD7WALS1S--10A","27/04/2026 10:15 - 27/04/2026 10:30","0.00",""
"27/04/2026 00:00 - 28/04/2026 00:00","CTA|DE(Amprion)","WALSUM_10","11WD7WALS1S--10A","Fossil Hard coal","11WD7WALS1S--10A","27/04/2026 10:30 - 27/04/2026 10:45","0.00",""
"27/04/2026 00:00 - 28/04/2026 00:00","CTA|DE(Amprion)","WALSUM_10","11WD7WALS1S--10A","Fossil Hard coal","11WD7WALS1S--10A","27/04/2026 10:45 - 27/04/2026 11:00","0.00",""
"27/04/2026 00:00 - 28/04/2026 00:00","CTA|DE(Amprion)","WALSUM_10","11WD7WALS1S--10A","Fossil Hard coal","11WD7WALS1S--10A","27/04/2026 11:00 - 27/04/2026 11:15","0.00",""
"27/04/2026 00:00 - 28/04/2026 00:00","CTA|DE(Amprion)","WALSUM_10","11WD7WALS1S--10A","Fossil Hard coal","11WD7WALS1S--10A","27/04/2026 11:15 - 27/04/2026 11:30","0.00",""
"27/04/2026 00:00 - 28/04/2026 00:00","CTA|DE(Amprion)","WALSUM_10","11WD7WALS1S--10A","Fossil Hard coal","11WD7WALS1S--10A","27/04/2026 11:30 - 27/04/2026 11:45","0.00",""
"27/04/2026 00:00 - 28/04/2026 00:00","CTA|DE(Amprion)","WALSUM_10","11WD7WALS1S--10A","Fossil Hard coal","11WD7WALS1S--10A","27/04/2026 11:45 - 27/04/2026 12:00","0.00",""
"27/04/2026 00:00 - 28/04/2026 00:00","CTA|DE(Amprion)","WALSUM_10","11WD7WALS1S--10A","Fossil Hard coal","11WD7WALS1S--10A","27/04/2026 12:00 - 27/04/2026 12:15","0.00",""
"27/04/2026 00:00 - 28/04/2026 00:00","CTA|DE(Amprion)","WALSUM_10","11WD7WALS1S--10A","Fossil Hard coal","11WD7WALS1S--10A","27/04/2026 12:15 - 27/04/2026 12:30","0.00",""
"27/04/2026 00:00 - 28/04/2026 00:00","CTA|DE(Amprion)","WALSUM_10","11WD7WALS1S--10A","Fossil Hard coal","11WD7WALS1S--10A","27/04/2026 12:30 - 27/04/2026 12:45","0.00",""
"27/04/2026 00:00 - 28/04/2026 00:00","CTA|DE(Amprion)","WALSUM_10","11WD7WALS1S--10A","Fossil Hard coal","11WD7WALS1S--10A","27/04/2026 12:45 - 27/04/2026 13:00","0.00",""
"27/04/2026 00:00 - 28/04/2026 00:00","CTA|DE(Amprion)","WALSUM_10","11WD7WALS1S--10A","Fossil Hard coal","11WD7WALS1S--10A","27/04/2026 13:00 - 27/04/2026 13:15","0.00",""
"27/04/2026 00:00 - 28/04/2026 00:00","CTA|DE(Amprion)","WALSUM_10","11WD7WALS1S--10A","Fossil Hard coal","11WD7WALS1S--10A","27/04/2026 13:15 - 27/04/2026 13:30","0.00",""
"27/04/2026 00:00 - 28/04/2026 00:00","CTA|DE(Amprion)","WALSUM_10","11WD7WALS1S--10A","Fossil Hard coal","11WD7WALS1S--10A","27/04/2026 13:30 - 27/04/2026 13:45","0.00",""
"27/04/2026 00:00 - 28/04/2026 00:00","CTA|DE(Amprion)","WALSUM_10","11WD7WALS1S--10A","Fossil Hard coal","11WD7WALS1S--10A","27/04/2026 13:45 - 27/04/2026 14:00","0.00",""
"27/04/2026 00:00 - 28/04/2026 00:00","CTA|DE(Amprion)","WALSUM_10","11WD7WALS1S--10A","Fossil Hard coal","11WD7WALS1S--10A","27/04/2026 14:00 - 27/04/2026 14:15","0.00",""
"27/04/2026 00:00 - 28/04/2026 00:00","CTA|DE(Amprion)","WALSUM_10","11WD7WALS1S--10A","Fossil Hard coal","11WD7WALS1S--10A","27/04/2026 14:15 - 27/04/2026 14:30","0.00",""
"27/04/2026 00:00 - 28/04/2026 00:00","CTA|DE(Amprion)","WALSUM_10","11WD7WALS1S--10A","Fossil Hard coal","11WD7WALS1S--10A","27/04/2026 14:30 - 27/04/2026 14:45","0.00",""
"27/04/2026 00:00 - 28/04/2026 00:00","CTA|DE(Amprion)","WALSUM_10","11WD7WALS1S--10A","Fossil Hard coal","11WD7WALS1S--10A","27/04/2026 14:45 - 27/04/2026 15:00","0.00",""
"27/04/2026 00:00 - 28/04/2026 00:00","CTA|DE(Amprion)","WALSUM_10","11WD7WALS1S--10A","Fossil Hard coal","11WD7WALS1S--10A","27/04/2026 15:00 - 27/04/2026 15:15","0.00",""
"27/04/2026 00:00 - 28/04/2026 00:00","CTA|DE(Amprion)","WALSUM_10","11WD7WALS1S--10A","Fossil Hard coal","11WD7WALS1S--10A","27/04/2026 15:15 - 27/04/2026 15:30","0.00",""
"27/04/2026 00:00 - 28/04/2026 00:00","CTA|DE(Amprion)","WALSUM_10","11WD7WALS1S--10A","Fossil Hard coal","11WD7WALS1S--10A","27/04/2026 15:30 - 27/04/2026 15:45","0.00",""
"27/04/2026 00:00 - 28/04/2026 00:00","CTA|DE(Amprion)","WALSUM_10","11WD7WALS1S--10A","Fossil Hard coal","11WD7WALS1S--10A","27/04/2026 15:45 - 27/04/2026 16:00","0.00",""
"27/04/2026 00:00 - 28/04/2026 00:00","CTA|DE(Amprion)","WALSUM_10","11WD7WALS1S--10A","Fossil Hard coal","11WD7WALS1S--10A","27/04/2026 16:00 - 27/04/2026 16:15","0.00",""
"27/04/2026 00:00 - 28/04/2026 00:00","CTA|DE(Amprion)","WALSUM_10","11WD7WALS1S--10A","Fossil Hard coal","11WD7WALS1S--10A","27/04/2026 16:15 - 27/04/2026 16:30","0.00",""
"27/04/2026 00:00 - 28/04/2026 00:00","CTA|DE(Amprion)","WALSUM_10","11WD7WALS1S--10A","Fossil Hard coal","11WD7WALS1S--10A","27/04/2026 16:30 - 27/04/2026 16:45","0.00",""
"27/04/2026 00:00 - 28/04/2026 00:00","CTA|DE(Amprion)","WALSUM_10","11WD7WALS1S--10A","Fossil Hard coal","11WD7WALS1S--10A","27/04/2026 16:45 - 27/04/2026 17:00","0.00",""
"27/04/2026 00:00 - 28/04/2026 00:00","CTA|DE(Amprion)","WALSUM_10","11WD7WALS1S--10A","Fossil Hard coal","11WD7WALS1S--10A","27/04/2026 17:00 - 27/04/2026 17:15","0.00",""
"27/04/2026 00:00 - 28/04/2026 00:00","CTA|DE(Amprion)","WALSUM_10","11WD7WALS1S--10A","Fossil Hard coal","11WD7WALS1S--10A","27/04/2026 17:15 - 27/04/2026 17:30","0.20",""
"27/04/2026 00:00 - 28/04/2026 00:00","CTA|DE(Amprion)","WALSUM_10","11WD7WALS1S--10A","Fossil Hard coal","11WD7WALS1S--10A","27/04/2026 17:30 - 27/04/2026 17:45","166.10",""
"27/04/2026 00:00 - 28/04/2026 00:00","CTA|DE(Amprion)","WALSUM_10","11WD7WALS1S--10A","Fossil Hard coal","11WD7WALS1S--10A","27/04/2026 17:45 - 27/04/2026 18:00","269.60",""
"27/04/2026 00:00 - 28/04/2026 00:00","CTA|DE(Amprion)","WALSUM_10","11WD7WALS1S--10A","Fossil Hard coal","11WD7WALS1S--10A","27/04/2026 18:00 - 27/04/2026 18:15","338.90",""
"27/04/2026 00:00 - 28/04/2026 00:00","CTA|DE(Amprion)","WALSUM_10","11WD7WALS1S--10A","Fossil Hard coal","11WD7WALS1S--10A","27/04/2026 18:15 - 27/04/2026 18:30","443.50",""
"27/04/2026 00:00 - 28/04/2026 00:00","CTA|DE(Amprion)","WALSUM_10","11WD7WALS1S--10A","Fossil Hard coal","11WD7WALS1S--10A","27/04/2026 18:30 - 27/04/2026 18:45","538.00",""
"27/04/2026 00:00 - 28/04/2026 00:00","CTA|DE(Amprion)","WALSUM_10","11WD7WALS1S--10A","Fossil Hard coal","11WD7WALS1S--10A","27/04/2026 18:45 - 27/04/2026 19:00","661.40",""
"27/04/2026 00:00 - 28/04/2026 00:00","CTA|DE(Amprion)","WALSUM_10","11WD7WALS1S--10A","Fossil Hard coal","11WD7WALS1S--10A","27/04/2026 19:00 - 27/04/2026 19:15","684.10",""
"27/04/2026 00:00 - 28/04/2026 00:00","CTA|DE(Amprion)","WALSUM_10","11WD7WALS1S--10A","Fossil Hard coal","11WD7WALS1S--10A","27/04/2026 19:15 - 27/04/2026 19:30","685.30",""
"27/04/2026 00:00 - 28/04/2026 00:00","CTA|DE(Amprion)","WALSUM_10","11WD7WALS1S--10A","Fossil Hard coal","11WD7WALS1S--10A","27/04/2026 19:30 - 27/04/2026 19:45","683.30",""
"27/04/2026 00:00 - 28/04/2026 00:00","CTA|DE(Amprion)","WALSUM_10","11WD7WALS1S--10A","Fossil Hard coal","11WD7WALS1S--10A","27/04/2026 19:45 - 27/04/2026 20:00","683.90",""
"27/04/2026 00:00 - 28/04/2026 00:00","CTA|DE(Amprion)","WALSUM_10","11WD7WALS1S--10A","Fossil Hard coal","11WD7WALS1S--10A","27/04/2026 20:00 - 27/04/2026 20:15","688.30",""
"27/04/2026 00:00 - 28/04/2026 00:00","CTA|DE(Amprion)","WALSUM_10","11WD7WALS1S--10A","Fossil Hard coal","11WD7WALS1S--10A","27/04/2026 20:15 - 27/04/2026 20:30","688.70",""
"27/04/2026 00:00 - 28/04/2026 00:00","CTA|DE(Amprion)","WALSUM_10","11WD7WALS1S--10A","Fossil Hard coal","11WD7WALS1S--10A","27/04/2026 20:30 - 27/04/2026 20:45","690.00",""
"27/04/2026 00:00 - 28/04/2026 00:00","CTA|DE(Amprion)","WALSUM_10","11WD7WALS1S--10A","Fossil Hard coal","11WD7WALS1S--10A","27/04/2026 20:45 - 27/04/2026 21:00","689.10",""
"27/04/2026 00:00 - 28/04/2026 00:00","CTA|DE(Amprion)","WALSUM_10","11WD7WALS1S--10A","Fossil Hard coal","11WD7WALS1S--10A","27/04/2026 21:00 - 27/04/2026 21:15","688.70",""
"27/04/2026 00:00 - 28/04/2026 00:00","CTA|DE(Amprion)","WALSUM_10","11WD7WALS1S--10A","Fossil Hard coal","11WD7WALS1S--10A","27/04/2026 21:15 - 27/04/2026 21:30","691.80",""
"27/04/2026 00:00 - 28/04/2026 00:00","CTA|DE(Amprion)","WALSUM_10","11WD7WALS1S--10A","Fossil Hard coal","11WD7WALS1S--10A","27/04/2026 21:30 - 27/04/2026 21:45","693.10",""
"27/04/2026 00:00 - 28/04/2026 00:00","CTA|DE(Amprion)","WALSUM_10","11WD7WALS1S--10A","Fossil Hard coal","11WD7WALS1S--10A","27/04/2026 21:45 - 27/04/2026 22:00","688.70",""
"27/04/2026 00:00 - 28/04/2026 00:00","CTA|DE(Amprion)","WALSUM_10","11WD7WALS1S--10A","Fossil Hard coal","11WD7WALS1S--10A","27/04/2026 22:00 - 27/04/2026 22:15","693.50",""
"27/04/2026 00:00 - 28/04/2026 00:00","CTA|DE(Amprion)","WALSUM_10","11WD7WALS1S--10A","Fossil Hard coal","11WD7WALS1S--10A","27/04/2026 22:15 - 27/04/2026 22:30","689.70",""
"27/04/2026 00:00 - 28/04/2026 00:00","CTA|DE(Amprion)","WALSUM_10","11WD7WALS1S--10A","Fossil Hard coal","11WD7WALS1S--10A","27/04/2026 22:30 - 27/04/2026 22:45","690.80",""
"27/04/2026 00:00 - 28/04/2026 00:00","CTA|DE(Amprion)","WALSUM_10","11WD7WALS1S--10A","Fossil Hard coal","11WD7WALS1S--10A","27/04/2026 22:45 - 27/04/2026 23:00","692.00",""
"27/04/2026 00:00 - 28/04/2026 00:00","CTA|DE(Amprion)","WALSUM_10","11WD7WALS1S--10A","Fossil Hard coal","11WD7WALS1S--10A","27/04/2026 23:00 - 27/04/2026 23:15","690.80",""
"27/04/2026 00:00 - 28/04/2026 00:00","CTA|DE(Amprion)","WALSUM_10","11WD7WALS1S--10A","Fossil Hard coal","11WD7WALS1S--10A","27/04/2026 23:15 - 27/04/2026 23:30","690.40",""
"27/04/2026 00:00 - 28/04/2026 00:00","CTA|DE(Amprion)","WALSUM_10","11WD7WALS1S--10A","Fossil Hard coal","11WD7WALS1S--10A","27/04/2026 23:30 - 27/04/2026 23:45","693.50",""
"27/04/2026 00:00 - 28/04/2026 00:00","CTA|DE(Amprion)","WALSUM_10","11WD7WALS1S--10A","Fossil Hard coal","11WD7WALS1S--10A","27/04/2026 23:45 - 28/04/2026 00:00","689.90",""
"27/04/2026 00:00 - 28/04/2026 00:00","CTA|DE(Amprion)","WEIHER_C","11WD7WEIH2S--C-A","Fossil Hard coal","11WD7WEIH2S--C-A","27/04/2026 00:00 - 27/04/2026 01:00","0.00",""
"27/04/2026 00:00 - 28/04/2026 00:00","CTA|DE(Amprion)","WEIHER_C","11WD7WEIH2S--C-A","Fossil Hard coal","11WD7WEIH2S--C-A","27/04/2026 01:00 - 27/04/2026 02:00","0.00",""
"27/04/2026 00:00 - 28/04/2026 00:00","CTA|DE(Amprion)","WEIHER_C","11WD7WEIH2S--C-A","Fossil Hard coal","11WD7WEIH2S--C-A","27/04/2026 02:00 - 27/04/2026 03:00","0.00",""
"27/04/2026 00:00 - 28/04/2026 00:00","CTA|DE(Amprion)","WEIHER_C","11WD7WEIH2S--C-A","Fossil Hard coal","11WD7WEIH2S--C-A","27/04/2026 03:00 - 27/04/2026 04:00","0.00",""
"27/04/2026 00:00 - 28/04/2026 00:00","CTA|DE(Amprion)","WEIHER_C","11WD7WEIH2S--C-A","Fossil Hard coal","11WD7WEIH2S--C-A","27/04/2026 04:00 - 27/04/2026 05:00","0.00",""
"27/04/2026 00:00 - 28/04/2026 00:00","CTA|DE(Amprion)","WEIHER_C","11WD7WEIH2S--C-A","Fossil Hard coal","11WD7WEIH2S--C-A","27/04/2026 05:00 - 27/04/2026 06:00","0.00",""
"27/04/2026 00:00 - 28/04/2026 00:00","CTA|DE(Amprion)","WEIHER_C","11WD7WEIH2S--C-A","Fossil Hard coal","11WD7WEIH2S--C-A","27/04/2026 06:00 - 27/04/2026 07:00","0.00",""
"27/04/2026 00:00 - 28/04/2026 00:00","CTA|DE(Amprion)","WEIHER_C","11WD7WEIH2S--C-A","Fossil Hard coal","11WD7WEIH2S--C-A","27/04/2026 07:00 - 27/04/2026 08:00","0.00",""
"27/04/2026 00:00 - 28/04/2026 00:00","CTA|DE(Amprion)","WEIHER_C","11WD7WEIH2S--C-A","Fossil Hard coal","11WD7WEIH2S--C-A","27/04/2026 08:00 - 27/04/2026 09:00","0.00",""
"27/04/2026 00:00 - 28/04/2026 00:00","CTA|DE(Amprion)","WEIHER_C","11WD7WEIH2S--C-A","Fossil Hard coal","11WD7WEIH2S--C-A","27/04/2026 09:00 - 27/04/2026 10:00","0.00",""
"27/04/2026 00:00 - 28/04/2026 00:00","CTA|DE(Amprion)","WEIHER_C","11WD7WEIH2S--C-A","Fossil Hard coal","11WD7WEIH2S--C-A","27/04/2026 10:00 - 27/04/2026 11:00","0.00",""
"27/04/2026 00:00 - 28/04/2026 00:00","CTA|DE(Amprion)","WEIHER_C","11WD7WEIH2S--C-A","Fossil Hard coal","11WD7WEIH2S--C-A","27/04/2026 11:00 - 27/04/2026 12:00","0.00",""
"27/04/2026 00:00 - 28/04/2026 00:00","CTA|DE(Amprion)","WEIHER_C","11WD7WEIH2S--C-A","Fossil Hard coal","11WD7WEIH2S--C-A","27/04/2026 12:00 - 27/04/2026 13:00","0.00",""
"27/04/2026 00:00 - 28/04/2026 00:00","CTA|DE(Amprion)","WEIHER_C","11WD7WEIH2S--C-A","Fossil Hard coal","11WD7WEIH2S--C-A","27/04/2026 13:00 - 27/04/2026 14:00","0.00",""
"27/04/2026 00:00 - 28/04/2026 00:00","CTA|DE(Amprion)","WEIHER_C","11WD7WEIH2S--C-A","Fossil Hard coal","11WD7WEIH2S--C-A","27/04/2026 14:00 - 27/04/2026 15:00","0.00",""
"27/04/2026 00:00 - 28/04/2026 00:00","CTA|DE(Amprion)","WEIHER_C","11WD7WEIH2S--C-A","Fossil Hard coal","11WD7WEIH2S--C-A","27/04/2026 15:00 - 27/04/2026 16:00","0.00",""
"27/04/2026 00:00 - 28/04/2026 00:00","CTA|DE(Amprion)","WEIHER_C","11WD7WEIH2S--C-A","Fossil Hard coal","11WD7WEIH2S--C-A","27/04/2026 16:00 - 27/04/2026 17:00","0.00",""
"27/04/2026 00:00 - 28/04/2026 00:00","CTA|DE(Amprion)","WEIHER_C","11WD7WEIH2S--C-A","Fossil Hard coal","11WD7WEIH2S--C-A","27/04/2026 17:00 - 27/04/2026 18:00","0.00",""
"27/04/2026 00:00 - 28/04/2026 00:00","CTA|DE(Amprion)","WEIHER_C","11WD7WEIH2S--C-A","Fossil Hard coal","11WD7WEIH2S--C-A","27/04/2026 18:00 - 27/04/2026 19:00","0.00",""
"27/04/2026 00:00 - 28/04/2026 00:00","CTA|DE(Amprion)","WEIHER_C","11WD7WEIH2S--C-A","Fossil Hard coal","11WD7WEIH2S--C-A","27/04/2026 19:00 - 27/04/2026 20:00","0.00",""
"27/04/2026 00:00 - 28/04/2026 00:00","CTA|DE(Amprion)","WEIHER_C","11WD7WEIH2S--C-A","Fossil Hard coal","11WD7WEIH2S--C-A","27/04/2026 20:00 - 27/04/2026 21:00","0.00",""
"27/04/2026 00:00 - 28/04/2026 00:00","CTA|DE(Amprion)","WEIHER_C","11WD7WEIH2S--C-A","Fossil Hard coal","11WD7WEIH2S--C-A","27/04/2026 21:00 - 27/04/2026 22:00","0.00",""
"27/04/2026 00:00 - 28/04/2026 00:00","CTA|DE(Amprion)","WEIHER_C","11WD7WEIH2S--C-A","Fossil Hard coal","11WD7WEIH2S--C-A","27/04/2026 22:00 - 27/04/2026 23:00","0.00",""
"27/04/2026 00:00 - 28/04/2026 00:00","CTA|DE(Amprion)","WEIHER_C","11WD7WEIH2S--C-A","Fossil Hard coal","11WD7WEIH2S--C-A","27/04/2026 23:00 - 28/04/2026 00:00","0.00",""
"27/04/2026 00:00 - 28/04/2026 00:00","CTA|DE(Amprion)","Weisweiler G","11WD7WEIS1B--G-J","Fossil Brown coal/Lignite","11WD7WEIS1B--G-J","27/04/2026 00:00 - 27/04/2026 01:00","0.00",""
"27/04/2026 00:00 - 28/04/2026 00:00","CTA|DE(Amprion)","Weisweiler G","11WD7WEIS1B--G-J","Fossil Brown coal/Lignite","11WD7WEIS1B--G-J","27/04/2026 01:00 - 27/04/2026 02:00","0.00",""
"27/04/2026 00:00 - 28/04/2026 00:00","CTA|DE(Amprion)","Weisweiler G","11WD7WEIS1B--G-J","Fossil Brown coal/Lignite","11WD7WEIS1B--G-J","27/04/2026 02:00 - 27/04/2026 03:00","0.00",""
"27/04/2026 00:00 - 28/04/2026 00:00","CTA|DE(Amprion)","Weisweiler G","11WD7WEIS1B--G-J","Fossil Brown coal/Lignite","11WD7WEIS1B--G-J","27/04/2026 03:00 - 27/04/2026 04:00","0.00",""
"27/04/2026 00:00 - 28/04/2026 00:00","CTA|DE(Amprion)","Weisweiler G","11WD7WEIS1B--G-J","Fossil Brown coal/Lignite","11WD7WEIS1B--G-J","27/04/2026 04:00 - 27/04/2026 05:00","0.00",""
"27/04/2026 00:00 - 28/04/2026 00:00","CTA|DE(Amprion)","Weisweiler G","11WD7WEIS1B--G-J","Fossil Brown coal/Lignite","11WD7WEIS1B--G-J","27/04/2026 05:00 - 27/04/2026 06:00","0.00",""
"27/04/2026 00:00 - 28/04/2026 00:00","CTA|DE(Amprion)","Weisweiler G","11WD7WEIS1B--G-J","Fossil Brown coal/Lignite","11WD7WEIS1B--G-J","27/04/2026 06:00 - 27/04/2026 07:00","0.00",""
"27/04/2026 00:00 - 28/04/2026 00:00","CTA|DE(Amprion)","Weisweiler G","11WD7WEIS1B--G-J","Fossil Brown coal/Lignite","11WD7WEIS1B--G-J","27/04/2026 07:00 - 27/04/2026 08:00","0.00",""
"27/04/2026 00:00 - 28/04/2026 00:00","CTA|DE(Amprion)","Weisweiler G","11WD7WEIS1B--G-J","Fossil Brown coal/Lignite","11WD7WEIS1B--G-J","27/04/2026 08:00 - 27/04/2026 09:00","0.00",""
"27/04/2026 00:00 - 28/04/2026 00:00","CTA|DE(Amprion)","Weisweiler G","11WD7WEIS1B--G-J","Fossil Brown coal/Lignite","11WD7WEIS1B--G-J","27/04/2026 09:00 - 27/04/2026 10:00","0.00",""
"27/04/2026 00:00 - 28/04/2026 00:00","CTA|DE(Amprion)","Weisweiler G","11WD7WEIS1B--G-J","Fossil Brown coal/Lignite","11WD7WEIS1B--G-J","27/04/2026 10:00 - 27/04/2026 11:00","0.00",""
"27/04/2026 00:00 - 28/04/2026 00:00","CTA|DE(Amprion)","Weisweiler G","11WD7WEIS1B--G-J","Fossil Brown coal/Lignite","11WD7WEIS1B--G-J","27/04/2026 11:00 - 27/04/2026 12:00","0.00",""
"27/04/2026 00:00 - 28/04/2026 00:00","CTA|DE(Amprion)","Weisweiler G","11WD7WEIS1B--G-J","Fossil Brown coal/Lignite","11WD7WEIS1B--G-J","27/04/2026 12:00 - 27/04/2026 13:00","0.00",""
"27/04/2026 00:00 - 28/04/2026 00:00","CTA|DE(Amprion)","Weisweiler G","11WD7WEIS1B--G-J","Fossil Brown coal/Lignite","11WD7WEIS1B--G-J","27/04/2026 13:00 - 27/04/2026 14:00","0.00",""
"27/04/2026 00:00 - 28/04/2026 00:00","CTA|DE(Amprion)","Weisweiler G","11WD7WEIS1B--G-J","Fossil Brown coal/Lignite","11WD7WEIS1B--G-J","27/04/2026 14:00 - 27/04/2026 15:00","0.00",""
"27/04/2026 00:00 - 28/04/2026 00:00","CTA|DE(Amprion)","Weisweiler G","11WD7WEIS1B--G-J","Fossil Brown coal/Lignite","11WD7WEIS1B--G-J","27/04/2026 15:00 - 27/04/2026 16:00","0.00",""
"27/04/2026 00:00 - 28/04/2026 00:00","CTA|DE(Amprion)","Weisweiler G","11WD7WEIS1B--G-J","Fossil Brown coal/Lignite","11WD7WEIS1B--G-J","27/04/2026 16:00 - 27/04/2026 17:00","0.00",""
"27/04/2026 00:00 - 28/04/2026 00:00","CTA|DE(Amprion)","Weisweiler G","11WD7WEIS1B--G-J","Fossil Brown coal/Lignite","11WD7WEIS1B--G-J","27/04/2026 17:00 - 27/04/2026 18:00","0.00",""
"27/04/2026 00:00 - 28/04/2026 00:00","CTA|DE(Amprion)","Weisweiler G","11WD7WEIS1B--G-J","Fossil Brown coal/Lignite","11WD7WEIS1B--G-J","27/04/2026 18:00 - 27/04/2026 19:00","0.00",""
"27/04/2026 00:00 - 28/04/2026 00:00","CTA|DE(Amprion)","Weisweiler G","11WD7WEIS1B--G-J","Fossil Brown coal/Lignite","11WD7WEIS1B--G-J","27/04/2026 19:00 - 27/04/2026 20:00","0.00",""
"27/04/2026 00:00 - 28/04/2026 00:00","CTA|DE(Amprion)","Weisweiler G","11WD7WEIS1B--G-J","Fossil Brown coal/Lignite","11WD7WEIS1B--G-J","27/04/2026 20:00 - 27/04/2026 21:00","0.00",""
"27/04/2026 00:00 - 28/04/2026 00:00","CTA|DE(Amprion)","Weisweiler G","11WD7WEIS1B--G-J","Fossil Brown coal/Lignite","11WD7WEIS1B--G-J","27/04/2026 21:00 - 27/04/2026 22:00","0.00",""
"27/04/2026 00:00 - 28/04/2026 00:00","CTA|DE(Amprion)","Weisweiler G","11WD7WEIS1B--G-J","Fossil Brown coal/Lignite","11WD7WEIS1B--G-J","27/04/2026 22:00 - 27/04/2026 23:00","0.00",""
"27/04/2026 00:00 - 28/04/2026 00:00","CTA|DE(Amprion)","Weisweiler G","11WD7WEIS1B--G-J","Fossil Brown coal/Lignite","11WD7WEIS1B--G-J","27/04/2026 23:00 - 28/04/2026 00:00","0.00",""
"27/04/2026 00:00 - 28/04/2026 00:00","CTA|DE(Amprion)","Weisweiler H","11WD7WEIS1B--H-G","Fossil Brown coal/Lignite","11WD7WEIS1B--H-G","27/04/2026 00:00 - 27/04/2026 01:00","331.80",""
"27/04/2026 00:00 - 28/04/2026 00:00","CTA|DE(Amprion)","Weisweiler H","11WD7WEIS1B--H-G","Fossil Brown coal/Lignite","11WD7WEIS1B--H-G","27/04/2026 01:00 - 27/04/2026 02:00","297.98",""
"27/04/2026 00:00 - 28/04/2026 00:00","CTA|DE(Amprion)","Weisweiler H","11WD7WEIS1B--H-G","Fossil Brown coal/Lignite","11WD7WEIS1B--H-G","27/04/2026 02:00 - 27/04/2026 03:00","307.18",""
"27/04/2026 00:00 - 28/04/2026 00:00","CTA|DE(Amprion)","Weisweiler H","11WD7WEIS1B--H-G","Fossil Brown coal/Lignite","11WD7WEIS1B--H-G","27/04/2026 03:00 - 27/04/2026 04:00","301.80",""
"27/04/2026 00:00 - 28/04/2026 00:00","CTA|DE(Amprion)","Weisweiler H","11WD7WEIS1B--H-G","Fossil Brown coal/Lignite","11WD7WEIS1B--H-G","27/04/2026 04:00 - 27/04/2026 05:00","303.35",""
"27/04/2026 00:00 - 28/04/2026 00:00","CTA|DE(Amprion)","Weisweiler H","11WD7WEIS1B--H-G","Fossil Brown coal/Lignite","11WD7WEIS1B--H-G","27/04/2026 05:00 - 27/04/2026 06:00","351.20",""
"27/04/2026 00:00 - 28/04/2026 00:00","CTA|DE(Amprion)","Weisweiler H","11WD7WEIS1B--H-G","Fossil Brown coal/Lignite","11WD7WEIS1B--H-G","27/04/2026 06:00 - 27/04/2026 07:00","502.70",""
"27/04/2026 00:00 - 28/04/2026 00:00","CTA|DE(Amprion)","Weisweiler H","11WD7WEIS1B--H-G","Fossil Brown coal/Lignite","11WD7WEIS1B--H-G","27/04/2026 07:00 - 27/04/2026 08:00","506.18",""
"27/04/2026 00:00 - 28/04/2026 00:00","CTA|DE(Amprion)","Weisweiler H","11WD7WEIS1B--H-G","Fossil Brown coal/Lignite","11WD7WEIS1B--H-G","27/04/2026 08:00 - 27/04/2026 09:00","541.88",""
"27/04/2026 00:00 - 28/04/2026 00:00","CTA|DE(Amprion)","Weisweiler H","11WD7WEIS1B--H-G","Fossil Brown coal/Lignite","11WD7WEIS1B--H-G","27/04/2026 09:00 - 27/04/2026 10:00","406.45",""
"27/04/2026 00:00 - 28/04/2026 00:00","CTA|DE(Amprion)","Weisweiler H","11WD7WEIS1B--H-G","Fossil Brown coal/Lignite","11WD7WEIS1B--H-G","27/04/2026 10:00 - 27/04/2026 11:00","262.30",""
"27/04/2026 00:00 - 28/04/2026 00:00","CTA|DE(Amprion)","Weisweiler H","11WD7WEIS1B--H-G","Fossil Brown coal/Lignite","11WD7WEIS1B--H-G","27/04/2026 11:00 - 27/04/2026 12:00","246.40",""
"27/04/2026 00:00 - 28/04/2026 00:00","CTA|DE(Amprion)","Weisweiler H","11WD7WEIS1B--H-G","Fossil Brown coal/Lignite","11WD7WEIS1B--H-G","27/04/2026 12:00 - 27/04/2026 13:00","247.13",""
"27/04/2026 00:00 - 28/04/2026 00:00","CTA|DE(Amprion)","Weisweiler H","11WD7WEIS1B--H-G","Fossil Brown coal/Lignite","11WD7WEIS1B--H-G","27/04/2026 13:00 - 27/04/2026 14:00","245.32",""
"27/04/2026 00:00 - 28/04/2026 00:00","CTA|DE(Amprion)","Weisweiler H","11WD7WEIS1B--H-G","Fossil Brown coal/Lignite","11WD7WEIS1B--H-G","27/04/2026 14:00 - 27/04/2026 15:00","246.43",""
"27/04/2026 00:00 - 28/04/2026 00:00","CTA|DE(Amprion)","Weisweiler H","11WD7WEIS1B--H-G","Fossil Brown coal/Lignite","11WD7WEIS1B--H-G","27/04/2026 15:00 - 27/04/2026 16:00","246.90",""
"27/04/2026 00:00 - 28/04/2026 00:00","CTA|DE(Amprion)","Weisweiler H","11WD7WEIS1B--H-G","Fossil Brown coal/Lignite","11WD7WEIS1B--H-G","27/04/2026 16:00 - 27/04/2026 17:00","246.90",""
"27/04/2026 00:00 - 28/04/2026 00:00","CTA|DE(Amprion)","Weisweiler H","11WD7WEIS1B--H-G","Fossil Brown coal/Lignite","11WD7WEIS1B--H-G","27/04/2026 17:00 - 27/04/2026 18:00","300.80",""
"27/04/2026 00:00 - 28/04/2026 00:00","CTA|DE(Amprion)","Weisweiler H","11WD7WEIS1B--H-G","Fossil Brown coal/Lignite","11WD7WEIS1B--H-G","27/04/2026 18:00 - 27/04/2026 19:00","616.15",""
"27/04/2026 00:00 - 28/04/2026 00:00","CTA|DE(Amprion)","Weisweiler H","11WD7WEIS1B--H-G","Fossil Brown coal/Lignite","11WD7WEIS1B--H-G","27/04/2026 19:00 - 27/04/2026 20:00","659.77",""
"27/04/2026 00:00 - 28/04/2026 00:00","CTA|DE(Amprion)","Weisweiler H","11WD7WEIS1B--H-G","Fossil Brown coal/Lignite","11WD7WEIS1B--H-G","27/04/2026 20:00 - 27/04/2026 21:00","660.52",""
"27/04/2026 00:00 - 28/04/2026 00:00","CTA|DE(Amprion)","Weisweiler H","11WD7WEIS1B--H-G","Fossil Brown coal/Lignite","11WD7WEIS1B--H-G","27/04/2026 21:00 - 27/04/2026 22:00","659.05",""
"27/04/2026 00:00 - 28/04/2026 00:00","CTA|DE(Amprion)","Weisweiler H","11WD7WEIS1B--H-G","Fossil Brown coal/Lignite","11WD7WEIS1B--H-G","27/04/2026 22:00 - 27/04/2026 23:00","572.67",""
"27/04/2026 00:00 - 28/04/2026 00:00","CTA|DE(Amprion)","Weisweiler H","11WD7WEIS1B--H-G","Fossil Brown coal/Lignite","11WD7WEIS1B--H-G","27/04/2026 23:00 - 28/04/2026 00:00","287.63",""
"27/04/2026 00:00 - 28/04/2026 00:00","CTA|DE(Amprion)","Weisweiler VGT - BI. G","11WD7WEIS5GVGTGU","Fossil Gas","11WD7WEIS5GVGTGU","27/04/2026 00:00 - 27/04/2026 01:00","0.00",""
"27/04/2026 00:00 - 28/04/2026 00:00","CTA|DE(Amprion)","Weisweiler VGT - BI. G","11WD7WEIS5GVGTGU","Fossil Gas","11WD7WEIS5GVGTGU","27/04/2026 01:00 - 27/04/2026 02:00","0.00",""
"27/04/2026 00:00 - 28/04/2026 00:00","CTA|DE(Amprion)","Weisweiler VGT - BI. G","11WD7WEIS5GVGTGU","Fossil Gas","11WD7WEIS5GVGTGU","27/04/2026 02:00 - 27/04/2026 03:00","0.00",""
"27/04/2026 00:00 - 28/04/2026 00:00","CTA|DE(Amprion)","Weisweiler VGT - BI. G","11WD7WEIS5GVGTGU","Fossil Gas","11WD7WEIS5GVGTGU","27/04/2026 03:00 - 27/04/2026 04:00","0.00",""
"27/04/2026 00:00 - 28/04/2026 00:00","CTA|DE(Amprion)","Weisweiler VGT - BI. G","11WD7WEIS5GVGTGU","Fossil Gas","11WD7WEIS5GVGTGU","27/04/2026 04:00 - 27/04/2026 05:00","0.00",""
"27/04/2026 00:00 - 28/04/2026 00:00","CTA|DE(Amprion)","Weisweiler VGT - BI. G","11WD7WEIS5GVGTGU","Fossil Gas","11WD7WEIS5GVGTGU","27/04/2026 05:00 - 27/04/2026 06:00","0.00",""
"27/04/2026 00:00 - 28/04/2026 00:00","CTA|DE(Amprion)","Weisweiler VGT - BI. G","11WD7WEIS5GVGTGU","Fossil Gas","11WD7WEIS5GVGTGU","27/04/2026 06:00 - 27/04/2026 07:00","0.00",""
"27/04/2026 00:00 - 28/04/2026 00:00","CTA|DE(Amprion)","Weisweiler VGT - BI. G","11WD7WEIS5GVGTGU","Fossil Gas","11WD7WEIS5GVGTGU","27/04/2026 07:00 - 27/04/2026 08:00","0.00",""
"27/04/2026 00:00 - 28/04/2026 00:00","CTA|DE(Amprion)","Weisweiler VGT - BI. G","11WD7WEIS5GVGTGU","Fossil Gas","11WD7WEIS5GVGTGU","27/04/2026 08:00 - 27/04/2026 09:00","0.00",""
"27/04/2026 00:00 - 28/04/2026 00:00","CTA|DE(Amprion)","Weisweiler VGT - BI. G","11WD7WEIS5GVGTGU","Fossil Gas","11WD7WEIS5GVGTGU","27/04/2026 09:00 - 27/04/2026 10:00","0.00",""
"27/04/2026 00:00 - 28/04/2026 00:00","CTA|DE(Amprion)","Weisweiler VGT - BI. G","11WD7WEIS5GVGTGU","Fossil Gas","11WD7WEIS5GVGTGU","27/04/2026 10:00 - 27/04/2026 11:00","0.00",""
"27/04/2026 00:00 - 28/04/2026 00:00","CTA|DE(Amprion)","Weisweiler VGT - BI. G","11WD7WEIS5GVGTGU","Fossil Gas","11WD7WEIS5GVGTGU","27/04/2026 11:00 - 27/04/2026 12:00","0.00",""
"27/04/2026 00:00 - 28/04/2026 00:00","CTA|DE(Amprion)","Weisweiler VGT - BI. G","11WD7WEIS5GVGTGU","Fossil Gas","11WD7WEIS5GVGTGU","27/04/2026 12:00 - 27/04/2026 13:00","0.00",""
"27/04/2026 00:00 - 28/04/2026 00:00","CTA|DE(Amprion)","Weisweiler VGT - BI. G","11WD7WEIS5GVGTGU","Fossil Gas","11WD7WEIS5GVGTGU","27/04/2026 13:00 - 27/04/2026 14:00","0.00",""
"27/04/2026 00:00 - 28/04/2026 00:00","CTA|DE(Amprion)","Weisweiler VGT - BI. G","11WD7WEIS5GVGTGU","Fossil Gas","11WD7WEIS5GVGTGU","27/04/2026 14:00 - 27/04/2026 15:00","0.00",""
"27/04/2026 00:00 - 28/04/2026 00:00","CTA|DE(Amprion)","Weisweiler VGT - BI. G","11WD7WEIS5GVGTGU","Fossil Gas","11WD7WEIS5GVGTGU","27/04/2026 15:00 - 27/04/2026 16:00","0.00",""
"27/04/2026 00:00 - 28/04/2026 00:00","CTA|DE(Amprion)","Weisweiler VGT - BI. G","11WD7WEIS5GVGTGU","Fossil Gas","11WD7WEIS5GVGTGU","27/04/2026 16:00 - 27/04/2026 17:00","0.00",""
"27/04/2026 00:00 - 28/04/2026 00:00","CTA|DE(Amprion)","Weisweiler VGT - BI. G","11WD7WEIS5GVGTGU","Fossil Gas","11WD7WEIS5GVGTGU","27/04/2026 17:00 - 27/04/2026 18:00","0.00",""
"27/04/2026 00:00 - 28/04/2026 00:00","CTA|DE(Amprion)","Weisweiler VGT - BI. G","11WD7WEIS5GVGTGU","Fossil Gas","11WD7WEIS5GVGTGU","27/04/2026 18:00 - 27/04/2026 19:00","0.00",""
"27/04/2026 00:00 - 28/04/2026 00:00","CTA|DE(Amprion)","Weisweiler VGT - BI. G","11WD7WEIS5GVGTGU","Fossil Gas","11WD7WEIS5GVGTGU","27/04/2026 19:00 - 27/04/2026 20:00","0.00",""
"27/04/2026 00:00 - 28/04/2026 00:00","CTA|DE(Amprion)","Weisweiler VGT - BI. G","11WD7WEIS5GVGTGU","Fossil Gas","11WD7WEIS5GVGTGU","27/04/2026 20:00 - 27/04/2026 21:00","0.00",""
"27/04/2026 00:00 - 28/04/2026 00:00","CTA|DE(Amprion)","Weisweiler VGT - BI. G","11WD7WEIS5GVGTGU","Fossil Gas","11WD7WEIS5GVGTGU","27/04/2026 21:00 - 27/04/2026 22:00","0.00",""
"27/04/2026 00:00 - 28/04/2026 00:00","CTA|DE(Amprion)","Weisweiler VGT - BI. G","11WD7WEIS5GVGTGU","Fossil Gas","11WD7WEIS5GVGTGU","27/04/2026 22:00 - 27/04/2026 23:00","0.00",""
"27/04/2026 00:00 - 28/04/2026 00:00","CTA|DE(Amprion)","Weisweiler VGT - BI. G","11WD7WEIS5GVGTGU","Fossil Gas","11WD7WEIS5GVGTGU","27/04/2026 23:00 - 28/04/2026 00:00","0.00",""
"27/04/2026 00:00 - 28/04/2026 00:00","CTA|DE(Amprion)","Weisweiler VGT - BI. H","11WD7WEIS5GVGTHS","Fossil Gas","11WD7WEIS5GVGTHS","27/04/2026 00:00 - 27/04/2026 01:00","0.00",""
"27/04/2026 00:00 - 28/04/2026 00:00","CTA|DE(Amprion)","Weisweiler VGT - BI. H","11WD7WEIS5GVGTHS","Fossil Gas","11WD7WEIS5GVGTHS","27/04/2026 01:00 - 27/04/2026 02:00","0.00",""
"27/04/2026 00:00 - 28/04/2026 00:00","CTA|DE(Amprion)","Weisweiler VGT - BI. H","11WD7WEIS5GVGTHS","Fossil Gas","11WD7WEIS5GVGTHS","27/04/2026 02:00 - 27/04/2026 03:00","0.00",""
"27/04/2026 00:00 - 28/04/2026 00:00","CTA|DE(Amprion)","Weisweiler VGT - BI. H","11WD7WEIS5GVGTHS","Fossil Gas","11WD7WEIS5GVGTHS","27/04/2026 03:00 - 27/04/2026 04:00","0.00",""
"27/04/2026 00:00 - 28/04/2026 00:00","CTA|DE(Amprion)","Weisweiler VGT - BI. H","11WD7WEIS5GVGTHS","Fossil Gas","11WD7WEIS5GVGTHS","27/04/2026 04:00 - 27/04/2026 05:00","0.00",""
"27/04/2026 00:00 - 28/04/2026 00:00","CTA|DE(Amprion)","Weisweiler VGT - BI. H","11WD7WEIS5GVGTHS","Fossil Gas","11WD7WEIS5GVGTHS","27/04/2026 05:00 - 27/04/2026 06:00","0.00",""
"27/04/2026 00:00 - 28/04/2026 00:00","CTA|DE(Amprion)","Weisweiler VGT - BI. H","11WD7WEIS5GVGTHS","Fossil Gas","11WD7WEIS5GVGTHS","27/04/2026 06:00 - 27/04/2026 07:00","0.00",""
"27/04/2026 00:00 - 28/04/2026 00:00","CTA|DE(Amprion)","Weisweiler VGT - BI. H","11WD7WEIS5GVGTHS","Fossil Gas","11WD7WEIS5GVGTHS","27/04/2026 07:00 - 27/04/2026 08:00","0.00",""
"27/04/2026 00:00 - 28/04/2026 00:00","CTA|DE(Amprion)","Weisweiler VGT - BI. H","11WD7WEIS5GVGTHS","Fossil Gas","11WD7WEIS5GVGTHS","27/04/2026 08:00 - 27/04/2026 09:00","0.00",""
"27/04/2026 00:00 - 28/04/2026 00:00","CTA|DE(Amprion)","Weisweiler VGT - BI. H","11WD7WEIS5GVGTHS","Fossil Gas","11WD7WEIS5GVGTHS","27/04/2026 09:00 - 27/04/2026 10:00","0.00",""
"27/04/2026 00:00 - 28/04/2026 00:00","CTA|DE(Amprion)","Weisweiler VGT - BI. H","11WD7WEIS5GVGTHS","Fossil Gas","11WD7WEIS5GVGTHS","27/04/2026 10:00 - 27/04/2026 11:00","0.00",""
"27/04/2026 00:00 - 28/04/2026 00:00","CTA|DE(Amprion)","Weisweiler VGT - BI. H","11WD7WEIS5GVGTHS","Fossil Gas","11WD7WEIS5GVGTHS","27/04/2026 11:00 - 27/04/2026 12:00","0.00",""
"27/04/2026 00:00 - 28/04/2026 00:00","CTA|DE(Amprion)","Weisweiler VGT - BI. H","11WD7WEIS5GVGTHS","Fossil Gas","11WD7WEIS5GVGTHS","27/04/2026 12:00 - 27/04/2026 13:00","0.00",""
"27/04/2026 00:00 - 28/04/2026 00:00","CTA|DE(Amprion)","Weisweiler VGT - BI. H","11WD7WEIS5GVGTHS","Fossil Gas","11WD7WEIS5GVGTHS","27/04/2026 13:00 - 27/04/2026 14:00","0.00",""
"27/04/2026 00:00 - 28/04/2026 00:00","CTA|DE(Amprion)","Weisweiler VGT - BI. H","11WD7WEIS5GVGTHS","Fossil Gas","11WD7WEIS5GVGTHS","27/04/2026 14:00 - 27/04/2026 15:00","0.00",""
"27/04/2026 00:00 - 28/04/2026 00:00","CTA|DE(Amprion)","Weisweiler VGT - BI. H","11WD7WEIS5GVGTHS","Fossil Gas","11WD7WEIS5GVGTHS","27/04/2026 15:00 - 27/04/2026 16:00","0.00",""
"27/04/2026 00:00 - 28/04/2026 00:00","CTA|DE(Amprion)","Weisweiler VGT - BI. H","11WD7WEIS5GVGTHS","Fossil Gas","11WD7WEIS5GVGTHS","27/04/2026 16:00 - 27/04/2026 17:00","0.00",""
"27/04/2026 00:00 - 28/04/2026 00:00","CTA|DE(Amprion)","Weisweiler VGT - BI. H","11WD7WEIS5GVGTHS","Fossil Gas","11WD7WEIS5GVGTHS","27/04/2026 17:00 - 27/04/2026 18:00","0.00",""
"27/04/2026 00:00 - 28/04/2026 00:00","CTA|DE(Amprion)","Weisweiler VGT - BI. H","11WD7WEIS5GVGTHS","Fossil Gas","11WD7WEIS5GVGTHS","27/04/2026 18:00 - 27/04/2026 19:00","0.00",""
"27/04/2026 00:00 - 28/04/2026 00:00","CTA|DE(Amprion)","Weisweiler VGT - BI. H","11WD7WEIS5GVGTHS","Fossil Gas","11WD7WEIS5GVGTHS","27/04/2026 19:00 - 27/04/2026 20:00","0.00",""
"27/04/2026 00:00 - 28/04/2026 00:00","CTA|DE(Amprion)","Weisweiler VGT - BI. H","11WD7WEIS5GVGTHS","Fossil Gas","11WD7WEIS5GVGTHS","27/04/2026 20:00 - 27/04/2026 21:00","0.00",""
"27/04/2026 00:00 - 28/04/2026 00:00","CTA|DE(Amprion)","Weisweiler VGT - BI. H","11WD7WEIS5GVGTHS","Fossil Gas","11WD7WEIS5GVGTHS","27/04/2026 21:00 - 27/04/2026 22:00","0.00",""
"27/04/2026 00:00 - 28/04/2026 00:00","CTA|DE(Amprion)","Weisweiler VGT - BI. H","11WD7WEIS5GVGTHS","Fossil Gas","11WD7WEIS5GVGTHS","27/04/2026 22:00 - 27/04/2026 23:00","0.00",""
"27/04/2026 00:00 - 28/04/2026 00:00","CTA|DE(Amprion)","Weisweiler VGT - BI. H","11WD7WEIS5GVGTHS","Fossil Gas","11WD7WEIS5GVGTHS","27/04/2026 23:00 - 28/04/2026 00:00","0.00",""
"27/04/2026 00:00 - 28/04/2026 00:00","CTA|DE(50Hertz)","Lichterfelde GUD","11W0-0000-0103-9","Fossil Gas","11W0-0000-0103-9","27/04/2026 00:00 - 27/04/2026 01:00","299.75",""
"27/04/2026 00:00 - 28/04/2026 00:00","CTA|DE(50Hertz)","Lichterfelde GUD","11W0-0000-0103-9","Fossil Gas","11W0-0000-0103-9","27/04/2026 01:00 - 27/04/2026 02:00","299.75",""
"27/04/2026 00:00 - 28/04/2026 00:00","CTA|DE(50Hertz)","Lichterfelde GUD","11W0-0000-0103-9","Fossil Gas","11W0-0000-0103-9","27/04/2026 02:00 - 27/04/2026 03:00","299.75",""
"27/04/2026 00:00 - 28/04/2026 00:00","CTA|DE(50Hertz)","Lichterfelde GUD","11W0-0000-0103-9","Fossil Gas","11W0-0000-0103-9","27/04/2026 03:00 - 27/04/2026 04:00","286.00",""
"27/04/2026 00:00 - 28/04/2026 00:00","CTA|DE(50Hertz)","Lichterfelde GUD","11W0-0000-0103-9","Fossil Gas","11W0-0000-0103-9","27/04/2026 04:00 - 27/04/2026 05:00","297.50",""
"27/04/2026 00:00 - 28/04/2026 00:00","CTA|DE(50Hertz)","Lichterfelde GUD","11W0-0000-0103-9","Fossil Gas","11W0-0000-0103-9","27/04/2026 05:00 - 27/04/2026 06:00","297.25",""
"27/04/2026 00:00 - 28/04/2026 00:00","CTA|DE(50Hertz)","Lichterfelde GUD","11W0-0000-0103-9","Fossil Gas","11W0-0000-0103-9","27/04/2026 06:00 - 27/04/2026 07:00","228.00",""
"27/04/2026 00:00 - 28/04/2026 00:00","CTA|DE(50Hertz)","Lichterfelde GUD","11W0-0000-0103-9","Fossil Gas","11W0-0000-0103-9","27/04/2026 07:00 - 27/04/2026 08:00","174.00",""
"27/04/2026 00:00 - 28/04/2026 00:00","CTA|DE(50Hertz)","Lichterfelde GUD","11W0-0000-0103-9","Fossil Gas","11W0-0000-0103-9","27/04/2026 08:00 - 27/04/2026 09:00","125.75",""
"27/04/2026 00:00 - 28/04/2026 00:00","CTA|DE(50Hertz)","Lichterfelde GUD","11W0-0000-0103-9","Fossil Gas","11W0-0000-0103-9","27/04/2026 09:00 - 27/04/2026 10:00","124.00",""
"27/04/2026 00:00 - 28/04/2026 00:00","CTA|DE(50Hertz)","Lichterfelde GUD","11W0-0000-0103-9","Fossil Gas","11W0-0000-0103-9","27/04/2026 10:00 - 27/04/2026 11:00","124.00",""
"27/04/2026 00:00 - 28/04/2026 00:00","CTA|DE(50Hertz)","Lichterfelde GUD","11W0-0000-0103-9","Fossil Gas","11W0-0000-0103-9","27/04/2026 11:00 - 27/04/2026 12:00","123.75",""
"27/04/2026 00:00 - 28/04/2026 00:00","CTA|DE(50Hertz)","Lichterfelde GUD","11W0-0000-0103-9","Fossil Gas","11W0-0000-0103-9","27/04/2026 12:00 - 27/04/2026 13:00","123.75",""
"27/04/2026 00:00 - 28/04/2026 00:00","CTA|DE(50Hertz)","Lichterfelde GUD","11W0-0000-0103-9","Fossil Gas","11W0-0000-0103-9","27/04/2026 13:00 - 27/04/2026 14:00","124.00",""
"27/04/2026 00:00 - 28/04/2026 00:00","CTA|DE(50Hertz)","Lichterfelde GUD","11W0-0000-0103-9","Fossil Gas","11W0-0000-0103-9","27/04/2026 14:00 - 27/04/2026 15:00","125.00",""
"27/04/2026 00:00 - 28/04/2026 00:00","CTA|DE(50Hertz)","Lichterfelde GUD","11W0-0000-0103-9","Fossil Gas","11W0-0000-0103-9","27/04/2026 15:00 - 27/04/2026 16:00","125.00",""
"27/04/2026 00:00 - 28/04/2026 00:00","CTA|DE(50Hertz)","Lichterfelde GUD","11W0-0000-0103-9","Fossil Gas","11W0-0000-0103-9","27/04/2026 16:00 - 27/04/2026 17:00","125.00",""
"27/04/2026 00:00 - 28/04/2026 00:00","CTA|DE(50Hertz)","Lichterfelde GUD","11W0-0000-0103-9","Fossil Gas","11W0-0000-0103-9","27/04/2026 17:00 - 27/04/2026 18:00","174.00",""
"27/04/2026 00:00 - 28/04/2026 00:00","CTA|DE(50Hertz)","Lichterfelde GUD","11W0-0000-0103-9","Fossil Gas","11W0-0000-0103-9","27/04/2026 18:00 - 27/04/2026 19:00","294.50",""
"27/04/2026 00:00 - 28/04/2026 00:00","CTA|DE(50Hertz)","Lichterfelde GUD","11W0-0000-0103-9","Fossil Gas","11W0-0000-0103-9","27/04/2026 19:00 - 27/04/2026 20:00","299.00",""
"27/04/2026 00:00 - 28/04/2026 00:00","CTA|DE(50Hertz)","Lichterfelde GUD","11W0-0000-0103-9","Fossil Gas","11W0-0000-0103-9","27/04/2026 20:00 - 27/04/2026 21:00","299.00",""
"27/04/2026 00:00 - 28/04/2026 00:00","CTA|DE(50Hertz)","Lichterfelde GUD","11W0-0000-0103-9","Fossil Gas","11W0-0000-0103-9","27/04/2026 21:00 - 27/04/2026 22:00","299.00",""
"27/04/2026 00:00 - 28/04/2026 00:00","CTA|DE(50Hertz)","Lichterfelde GUD","11W0-0000-0103-9","Fossil Gas","11W0-0000-0103-9","27/04/2026 22:00 - 27/04/2026 23:00","299.00",""
"27/04/2026 00:00 - 28/04/2026 00:00","CTA|DE(50Hertz)","Lichterfelde GUD","11W0-0000-0103-9","Fossil Gas","11W0-0000-0103-9","27/04/2026 23:00 - 28/04/2026 00:00","298.25",""
"27/04/2026 00:00 - 28/04/2026 00:00","CTA|DE(50Hertz)","GuD Marzahn","11W0-0000-0104-6","Fossil Gas","11W0-0000-0104-6","27/04/2026 00:00 - 27/04/2026 01:00","224.50",""
"27/04/2026 00:00 - 28/04/2026 00:00","CTA|DE(50Hertz)","GuD Marzahn","11W0-0000-0104-6","Fossil Gas","11W0-0000-0104-6","27/04/2026 01:00 - 27/04/2026 02:00","225.00",""
"27/04/2026 00:00 - 28/04/2026 00:00","CTA|DE(50Hertz)","GuD Marzahn","11W0-0000-0104-6","Fossil Gas","11W0-0000-0104-6","27/04/2026 02:00 - 27/04/2026 03:00","225.00",""
"27/04/2026 00:00 - 28/04/2026 00:00","CTA|DE(50Hertz)","GuD Marzahn","11W0-0000-0104-6","Fossil Gas","11W0-0000-0104-6","27/04/2026 03:00 - 27/04/2026 04:00","225.00",""
"27/04/2026 00:00 - 28/04/2026 00:00","CTA|DE(50Hertz)","GuD Marzahn","11W0-0000-0104-6","Fossil Gas","11W0-0000-0104-6","27/04/2026 04:00 - 27/04/2026 05:00","225.00",""
"27/04/2026 00:00 - 28/04/2026 00:00","CTA|DE(50Hertz)","GuD Marzahn","11W0-0000-0104-6","Fossil Gas","11W0-0000-0104-6","27/04/2026 05:00 - 27/04/2026 06:00","203.25",""
"27/04/2026 00:00 - 28/04/2026 00:00","CTA|DE(50Hertz)","GuD Marzahn","11W0-0000-0104-6","Fossil Gas","11W0-0000-0104-6","27/04/2026 06:00 - 27/04/2026 07:00","150.00",""
"27/04/2026 00:00 - 28/04/2026 00:00","CTA|DE(50Hertz)","GuD Marzahn","11W0-0000-0104-6","Fossil Gas","11W0-0000-0104-6","27/04/2026 07:00 - 27/04/2026 08:00","58.75",""
"27/04/2026 00:00 - 28/04/2026 00:00","CTA|DE(50Hertz)","GuD Marzahn","11W0-0000-0104-6","Fossil Gas","11W0-0000-0104-6","27/04/2026 08:00 - 27/04/2026 09:00","54.00",""
"27/04/2026 00:00 - 28/04/2026 00:00","CTA|DE(50Hertz)","GuD Marzahn","11W0-0000-0104-6","Fossil Gas","11W0-0000-0104-6","27/04/2026 09:00 - 27/04/2026 10:00","40.75",""
"27/04/2026 00:00 - 28/04/2026 00:00","CTA|DE(50Hertz)","GuD Marzahn","11W0-0000-0104-6","Fossil Gas","11W0-0000-0104-6","27/04/2026 10:00 - 27/04/2026 11:00","30.25",""
"27/04/2026 00:00 - 28/04/2026 00:00","CTA|DE(50Hertz)","GuD Marzahn","11W0-0000-0104-6","Fossil Gas","11W0-0000-0104-6","27/04/2026 11:00 - 27/04/2026 12:00","30.00",""
"27/04/2026 00:00 - 28/04/2026 00:00","CTA|DE(50Hertz)","GuD Marzahn","11W0-0000-0104-6","Fossil Gas","11W0-0000-0104-6","27/04/2026 12:00 - 27/04/2026 13:00","30.00",""
"27/04/2026 00:00 - 28/04/2026 00:00","CTA|DE(50Hertz)","GuD Marzahn","11W0-0000-0104-6","Fossil Gas","11W0-0000-0104-6","27/04/2026 13:00 - 27/04/2026 14:00","30.00",""
"27/04/2026 00:00 - 28/04/2026 00:00","CTA|DE(50Hertz)","GuD Marzahn","11W0-0000-0104-6","Fossil Gas","11W0-0000-0104-6","27/04/2026 14:00 - 27/04/2026 15:00","30.00",""
"27/04/2026 00:00 - 28/04/2026 00:00","CTA|DE(50Hertz)","GuD Marzahn","11W0-0000-0104-6","Fossil Gas","11W0-0000-0104-6","27/04/2026 15:00 - 27/04/2026 16:00","30.25",""
"27/04/2026 00:00 - 28/04/2026 00:00","CTA|DE(50Hertz)","GuD Marzahn","11W0-0000-0104-6","Fossil Gas","11W0-0000-0104-6","27/04/2026 16:00 - 27/04/2026 17:00","61.00",""
"27/04/2026 00:00 - 28/04/2026 00:00","CTA|DE(50Hertz)","GuD Marzahn","11W0-0000-0104-6","Fossil Gas","11W0-0000-0104-6","27/04/2026 17:00 - 27/04/2026 18:00","150.50",""
"27/04/2026 00:00 - 28/04/2026 00:00","CTA|DE(50Hertz)","GuD Marzahn","11W0-0000-0104-6","Fossil Gas","11W0-0000-0104-6","27/04/2026 18:00 - 27/04/2026 19:00","205.75",""
"27/04/2026 00:00 - 28/04/2026 00:00","CTA|DE(50Hertz)","GuD Marzahn","11W0-0000-0104-6","Fossil Gas","11W0-0000-0104-6","27/04/2026 19:00 - 27/04/2026 20:00","210.00",""
"27/04/2026 00:00 - 28/04/2026 00:00","CTA|DE(50Hertz)","GuD Marzahn","11W0-0000-0104-6","Fossil Gas","11W0-0000-0104-6","27/04/2026 20:00 - 27/04/2026 21:00","210.00",""
"27/04/2026 00:00 - 28/04/2026 00:00","CTA|DE(50Hertz)","GuD Marzahn","11W0-0000-0104-6","Fossil Gas","11W0-0000-0104-6","27/04/2026 21:00 - 27/04/2026 22:00","204.50",""
"27/04/2026 00:00 - 28/04/2026 00:00","CTA|DE(50Hertz)","GuD Marzahn","11W0-0000-0104-6","Fossil Gas","11W0-0000-0104-6","27/04/2026 22:00 - 27/04/2026 23:00","140.75",""
"27/04/2026 00:00 - 28/04/2026 00:00","CTA|DE(50Hertz)","GuD Marzahn","11W0-0000-0104-6","Fossil Gas","11W0-0000-0104-6","27/04/2026 23:00 - 28/04/2026 00:00","138.50",""
"27/04/2026 00:00 - 28/04/2026 00:00","CTA|DE(50Hertz)","KW Boxberg Block N","11WD8BOXB1L---N8","Fossil Brown coal/Lignite","11WD8BOXB1L---N8","27/04/2026 00:00 - 27/04/2026 01:00","490.75",""
"27/04/2026 00:00 - 28/04/2026 00:00","CTA|DE(50Hertz)","KW Boxberg Block N","11WD8BOXB1L---N8","Fossil Brown coal/Lignite","11WD8BOXB1L---N8","27/04/2026 01:00 - 27/04/2026 02:00","496.50",""
"27/04/2026 00:00 - 28/04/2026 00:00","CTA|DE(50Hertz)","KW Boxberg Block N","11WD8BOXB1L---N8","Fossil Brown coal/Lignite","11WD8BOXB1L---N8","27/04/2026 02:00 - 27/04/2026 03:00","496.75",""
"27/04/2026 00:00 - 28/04/2026 00:00","CTA|DE(50Hertz)","KW Boxberg Block N","11WD8BOXB1L---N8","Fossil Brown coal/Lignite","11WD8BOXB1L---N8","27/04/2026 03:00 - 27/04/2026 04:00","498.75",""
"27/04/2026 00:00 - 28/04/2026 00:00","CTA|DE(50Hertz)","KW Boxberg Block N","11WD8BOXB1L---N8","Fossil Brown coal/Lignite","11WD8BOXB1L---N8","27/04/2026 04:00 - 27/04/2026 05:00","497.25",""
"27/04/2026 00:00 - 28/04/2026 00:00","CTA|DE(50Hertz)","KW Boxberg Block N","11WD8BOXB1L---N8","Fossil Brown coal/Lignite","11WD8BOXB1L---N8","27/04/2026 05:00 - 27/04/2026 06:00","485.50",""
"27/04/2026 00:00 - 28/04/2026 00:00","CTA|DE(50Hertz)","KW Boxberg Block N","11WD8BOXB1L---N8","Fossil Brown coal/Lignite","11WD8BOXB1L---N8","27/04/2026 06:00 - 27/04/2026 07:00","434.75",""
"27/04/2026 00:00 - 28/04/2026 00:00","CTA|DE(50Hertz)","KW Boxberg Block N","11WD8BOXB1L---N8","Fossil Brown coal/Lignite","11WD8BOXB1L---N8","27/04/2026 07:00 - 27/04/2026 08:00","430.00",""
"27/04/2026 00:00 - 28/04/2026 00:00","CTA|DE(50Hertz)","KW Boxberg Block N","11WD8BOXB1L---N8","Fossil Brown coal/Lignite","11WD8BOXB1L---N8","27/04/2026 08:00 - 27/04/2026 09:00","400.25",""
"27/04/2026 00:00 - 28/04/2026 00:00","CTA|DE(50Hertz)","KW Boxberg Block N","11WD8BOXB1L---N8","Fossil Brown coal/Lignite","11WD8BOXB1L---N8","27/04/2026 09:00 - 27/04/2026 10:00","372.50",""
"27/04/2026 00:00 - 28/04/2026 00:00","CTA|DE(50Hertz)","KW Boxberg Block N","11WD8BOXB1L---N8","Fossil Brown coal/Lignite","11WD8BOXB1L---N8","27/04/2026 10:00 - 27/04/2026 11:00","366.50",""
"27/04/2026 00:00 - 28/04/2026 00:00","CTA|DE(50Hertz)","KW Boxberg Block N","11WD8BOXB1L---N8","Fossil Brown coal/Lignite","11WD8BOXB1L---N8","27/04/2026 11:00 - 27/04/2026 12:00","364.00",""
"27/04/2026 00:00 - 28/04/2026 00:00","CTA|DE(50Hertz)","KW Boxberg Block N","11WD8BOXB1L---N8","Fossil Brown coal/Lignite","11WD8BOXB1L---N8","27/04/2026 12:00 - 27/04/2026 13:00","361.25",""
"27/04/2026 00:00 - 28/04/2026 00:00","CTA|DE(50Hertz)","KW Boxberg Block N","11WD8BOXB1L---N8","Fossil Brown coal/Lignite","11WD8BOXB1L---N8","27/04/2026 13:00 - 27/04/2026 14:00","363.25",""
"27/04/2026 00:00 - 28/04/2026 00:00","CTA|DE(50Hertz)","KW Boxberg Block N","11WD8BOXB1L---N8","Fossil Brown coal/Lignite","11WD8BOXB1L---N8","27/04/2026 14:00 - 27/04/2026 15:00","360.75",""
"27/04/2026 00:00 - 28/04/2026 00:00","CTA|DE(50Hertz)","KW Boxberg Block N","11WD8BOXB1L---N8","Fossil Brown coal/Lignite","11WD8BOXB1L---N8","27/04/2026 15:00 - 27/04/2026 16:00","363.00",""
"27/04/2026 00:00 - 28/04/2026 00:00","CTA|DE(50Hertz)","KW Boxberg Block N","11WD8BOXB1L---N8","Fossil Brown coal/Lignite","11WD8BOXB1L---N8","27/04/2026 16:00 - 27/04/2026 17:00","418.75",""
"27/04/2026 00:00 - 28/04/2026 00:00","CTA|DE(50Hertz)","KW Boxberg Block N","11WD8BOXB1L---N8","Fossil Brown coal/Lignite","11WD8BOXB1L---N8","27/04/2026 17:00 - 27/04/2026 18:00","486.50",""
"27/04/2026 00:00 - 28/04/2026 00:00","CTA|DE(50Hertz)","KW Boxberg Block N","11WD8BOXB1L---N8","Fossil Brown coal/Lignite","11WD8BOXB1L---N8","27/04/2026 18:00 - 27/04/2026 19:00","489.50",""
"27/04/2026 00:00 - 28/04/2026 00:00","CTA|DE(50Hertz)","KW Boxberg Block N","11WD8BOXB1L---N8","Fossil Brown coal/Lignite","11WD8BOXB1L---N8","27/04/2026 19:00 - 27/04/2026 20:00","494.25",""
"27/04/2026 00:00 - 28/04/2026 00:00","CTA|DE(50Hertz)","KW Boxberg Block N","11WD8BOXB1L---N8","Fossil Brown coal/Lignite","11WD8BOXB1L---N8","27/04/2026 20:00 - 27/04/2026 21:00","496.25",""
"27/04/2026 00:00 - 28/04/2026 00:00","CTA|DE(50Hertz)","KW Boxberg Block N","11WD8BOXB1L---N8","Fossil Brown coal/Lignite","11WD8BOXB1L---N8","27/04/2026 21:00 - 27/04/2026 22:00","488.00",""
"27/04/2026 00:00 - 28/04/2026 00:00","CTA|DE(50Hertz)","KW Boxberg Block N","11WD8BOXB1L---N8","Fossil Brown coal/Lignite","11WD8BOXB1L---N8","27/04/2026 22:00 - 27/04/2026 23:00","496.00",""
"27/04/2026 00:00 - 28/04/2026 00:00","CTA|DE(50Hertz)","KW Boxberg Block N","11WD8BOXB1L---N8","Fossil Brown coal/Lignite","11WD8BOXB1L---N8","27/04/2026 23:00 - 28/04/2026 00:00","497.50",""
"27/04/2026 00:00 - 28/04/2026 00:00","CTA|DE(50Hertz)","KW Boxberg Block P","11WD8BOXB1L---P4","Fossil Brown coal/Lignite","11WD8BOXB1L---P4","27/04/2026 00:00 - 27/04/2026 01:00","0.00",""
"27/04/2026 00:00 - 28/04/2026 00:00","CTA|DE(50Hertz)","KW Boxberg Block P","11WD8BOXB1L---P4","Fossil Brown coal/Lignite","11WD8BOXB1L---P4","27/04/2026 01:00 - 27/04/2026 02:00","0.00",""
"27/04/2026 00:00 - 28/04/2026 00:00","CTA|DE(50Hertz)","KW Boxberg Block P","11WD8BOXB1L---P4","Fossil Brown coal/Lignite","11WD8BOXB1L---P4","27/04/2026 02:00 - 27/04/2026 03:00","0.00",""
"27/04/2026 00:00 - 28/04/2026 00:00","CTA|DE(50Hertz)","KW Boxberg Block P","11WD8BOXB1L---P4","Fossil Brown coal/Lignite","11WD8BOXB1L---P4","27/04/2026 03:00 - 27/04/2026 04:00","0.00",""
"27/04/2026 00:00 - 28/04/2026 00:00","CTA|DE(50Hertz)","KW Boxberg Block P","11WD8BOXB1L---P4","Fossil Brown coal/Lignite","11WD8BOXB1L---P4","27/04/2026 04:00 - 27/04/2026 05:00","0.00",""
"27/04/2026 00:00 - 28/04/2026 00:00","CTA|DE(50Hertz)","KW Boxberg Block P","11WD8BOXB1L---P4","Fossil Brown coal/Lignite","11WD8BOXB1L---P4","27/04/2026 05:00 - 27/04/2026 06:00","0.00",""
"27/04/2026 00:00 - 28/04/2026 00:00","CTA|DE(50Hertz)","KW Boxberg Block P","11WD8BOXB1L---P4","Fossil Brown coal/Lignite","11WD8BOXB1L---P4","27/04/2026 06:00 - 27/04/2026 07:00","0.00",""
"27/04/2026 00:00 - 28/04/2026 00:00","CTA|DE(50Hertz)","KW Boxberg Block P","11WD8BOXB1L---P4","Fossil Brown coal/Lignite","11WD8BOXB1L---P4","27/04/2026 07:00 - 27/04/2026 08:00","0.00",""
"27/04/2026 00:00 - 28/04/2026 00:00","CTA|DE(50Hertz)","KW Boxberg Block P","11WD8BOXB1L---P4","Fossil Brown coal/Lignite","11WD8BOXB1L---P4","27/04/2026 08:00 - 27/04/2026 09:00","0.00",""
"27/04/2026 00:00 - 28/04/2026 00:00","CTA|DE(50Hertz)","KW Boxberg Block P","11WD8BOXB1L---P4","Fossil Brown coal/Lignite","11WD8BOXB1L---P4","27/04/2026 09:00 - 27/04/2026 10:00","0.00",""
"27/04/2026 00:00 - 28/04/2026 00:00","CTA|DE(50Hertz)","KW Boxberg Block P","11WD8BOXB1L---P4","Fossil Brown coal/Lignite","11WD8BOXB1L---P4","27/04/2026 10:00 - 27/04/2026 11:00","0.00",""
"27/04/2026 00:00 - 28/04/2026 00:00","CTA|DE(50Hertz)","KW Boxberg Block P","11WD8BOXB1L---P4","Fossil Brown coal/Lignite","11WD8BOXB1L---P4","27/04/2026 11:00 - 27/04/2026 12:00","0.00",""
"27/04/2026 00:00 - 28/04/2026 00:00","CTA|DE(50Hertz)","KW Boxberg Block P","11WD8BOXB1L---P4","Fossil Brown coal/Lignite","11WD8BOXB1L---P4","27/04/2026 12:00 - 27/04/2026 13:00","0.00",""
"27/04/2026 00:00 - 28/04/2026 00:00","CTA|DE(50Hertz)","KW Boxberg Block P","11WD8BOXB1L---P4","Fossil Brown coal/Lignite","11WD8BOXB1L---P4","27/04/2026 13:00 - 27/04/2026 14:00","0.00",""
"27/04/2026 00:00 - 28/04/2026 00:00","CTA|DE(50Hertz)","KW Boxberg Block P","11WD8BOXB1L---P4","Fossil Brown coal/Lignite","11WD8BOXB1L---P4","27/04/2026 14:00 - 27/04/2026 15:00","0.00",""
"27/04/2026 00:00 - 28/04/2026 00:00","CTA|DE(50Hertz)","KW Boxberg Block P","11WD8BOXB1L---P4","Fossil Brown coal/Lignite","11WD8BOXB1L---P4","27/04/2026 15:00 - 27/04/2026 16:00","0.00",""
"27/04/2026 00:00 - 28/04/2026 00:00","CTA|DE(50Hertz)","KW Boxberg Block P","11WD8BOXB1L---P4","Fossil Brown coal/Lignite","11WD8BOXB1L---P4","27/04/2026 16:00 - 27/04/2026 17:00","0.00",""
"27/04/2026 00:00 - 28/04/2026 00:00","CTA|DE(50Hertz)","KW Boxberg Block P","11WD8BOXB1L---P4","Fossil Brown coal/Lignite","11WD8BOXB1L---P4","27/04/2026 17:00 - 27/04/2026 18:00","0.00",""
"27/04/2026 00:00 - 28/04/2026 00:00","CTA|DE(50Hertz)","KW Boxberg Block P","11WD8BOXB1L---P4","Fossil Brown coal/Lignite","11WD8BOXB1L---P4","27/04/2026 18:00 - 27/04/2026 19:00","0.00",""
"27/04/2026 00:00 - 28/04/2026 00:00","CTA|DE(50Hertz)","KW Boxberg Block P","11WD8BOXB1L---P4","Fossil Brown coal/Lignite","11WD8BOXB1L---P4","27/04/2026 19:00 - 27/04/2026 20:00","0.00",""
"27/04/2026 00:00 - 28/04/2026 00:00","CTA|DE(50Hertz)","KW Boxberg Block P","11WD8BOXB1L---P4","Fossil Brown coal/Lignite","11WD8BOXB1L---P4","27/04/2026 20:00 - 27/04/2026 21:00","0.00",""
"27/04/2026 00:00 - 28/04/2026 00:00","CTA|DE(50Hertz)","KW Boxberg Block P","11WD8BOXB1L---P4","Fossil Brown coal/Lignite","11WD8BOXB1L---P4","27/04/2026 21:00 - 27/04/2026 22:00","0.00",""
"27/04/2026 00:00 - 28/04/2026 00:00","CTA|DE(50Hertz)","KW Boxberg Block P","11WD8BOXB1L---P4","Fossil Brown coal/Lignite","11WD8BOXB1L---P4","27/04/2026 22:00 - 27/04/2026 23:00","0.00",""
"27/04/2026 00:00 - 28/04/2026 00:00","CTA|DE(50Hertz)","KW Boxberg Block P","11WD8BOXB1L---P4","Fossil Brown coal/Lignite","11WD8BOXB1L---P4","27/04/2026 23:00 - 28/04/2026 00:00","0.00",""
"27/04/2026 00:00 - 28/04/2026 00:00","CTA|DE(50Hertz)","KW Boxberg Block Q","11WD8BOXB1L---Q2","Fossil Brown coal/Lignite","11WD8BOXB1L---Q2","27/04/2026 00:00 - 27/04/2026 01:00","619.00",""
"27/04/2026 00:00 - 28/04/2026 00:00","CTA|DE(50Hertz)","KW Boxberg Block Q","11WD8BOXB1L---Q2","Fossil Brown coal/Lignite","11WD8BOXB1L---Q2","27/04/2026 01:00 - 27/04/2026 02:00","632.00",""
"27/04/2026 00:00 - 28/04/2026 00:00","CTA|DE(50Hertz)","KW Boxberg Block Q","11WD8BOXB1L---Q2","Fossil Brown coal/Lignite","11WD8BOXB1L---Q2","27/04/2026 02:00 - 27/04/2026 03:00","634.00",""
"27/04/2026 00:00 - 28/04/2026 00:00","CTA|DE(50Hertz)","KW Boxberg Block Q","11WD8BOXB1L---Q2","Fossil Brown coal/Lignite","11WD8BOXB1L---Q2","27/04/2026 03:00 - 27/04/2026 04:00","631.25",""
"27/04/2026 00:00 - 28/04/2026 00:00","CTA|DE(50Hertz)","KW Boxberg Block Q","11WD8BOXB1L---Q2","Fossil Brown coal/Lignite","11WD8BOXB1L---Q2","27/04/2026 04:00 - 27/04/2026 05:00","632.50",""
"27/04/2026 00:00 - 28/04/2026 00:00","CTA|DE(50Hertz)","KW Boxberg Block Q","11WD8BOXB1L---Q2","Fossil Brown coal/Lignite","11WD8BOXB1L---Q2","27/04/2026 05:00 - 27/04/2026 06:00","629.75",""
"27/04/2026 00:00 - 28/04/2026 00:00","CTA|DE(50Hertz)","KW Boxberg Block Q","11WD8BOXB1L---Q2","Fossil Brown coal/Lignite","11WD8BOXB1L---Q2","27/04/2026 06:00 - 27/04/2026 07:00","599.00",""
"27/04/2026 00:00 - 28/04/2026 00:00","CTA|DE(50Hertz)","KW Boxberg Block Q","11WD8BOXB1L---Q2","Fossil Brown coal/Lignite","11WD8BOXB1L---Q2","27/04/2026 07:00 - 27/04/2026 08:00","591.00",""
"27/04/2026 00:00 - 28/04/2026 00:00","CTA|DE(50Hertz)","KW Boxberg Block Q","11WD8BOXB1L---Q2","Fossil Brown coal/Lignite","11WD8BOXB1L---Q2","27/04/2026 08:00 - 27/04/2026 09:00","512.00",""
"27/04/2026 00:00 - 28/04/2026 00:00","CTA|DE(50Hertz)","KW Boxberg Block Q","11WD8BOXB1L---Q2","Fossil Brown coal/Lignite","11WD8BOXB1L---Q2","27/04/2026 09:00 - 27/04/2026 10:00","551.75",""
"27/04/2026 00:00 - 28/04/2026 00:00","CTA|DE(50Hertz)","KW Boxberg Block Q","11WD8BOXB1L---Q2","Fossil Brown coal/Lignite","11WD8BOXB1L---Q2","27/04/2026 10:00 - 27/04/2026 11:00","516.25",""
"27/04/2026 00:00 - 28/04/2026 00:00","CTA|DE(50Hertz)","KW Boxberg Block Q","11WD8BOXB1L---Q2","Fossil Brown coal/Lignite","11WD8BOXB1L---Q2","27/04/2026 11:00 - 27/04/2026 12:00","364.25",""
"27/04/2026 00:00 - 28/04/2026 00:00","CTA|DE(50Hertz)","KW Boxberg Block Q","11WD8BOXB1L---Q2","Fossil Brown coal/Lignite","11WD8BOXB1L---Q2","27/04/2026 12:00 - 27/04/2026 13:00","357.00",""
"27/04/2026 00:00 - 28/04/2026 00:00","CTA|DE(50Hertz)","KW Boxberg Block Q","11WD8BOXB1L---Q2","Fossil Brown coal/Lignite","11WD8BOXB1L---Q2","27/04/2026 13:00 - 27/04/2026 14:00","355.50",""
"27/04/2026 00:00 - 28/04/2026 00:00","CTA|DE(50Hertz)","KW Boxberg Block Q","11WD8BOXB1L---Q2","Fossil Brown coal/Lignite","11WD8BOXB1L---Q2","27/04/2026 14:00 - 27/04/2026 15:00","407.75",""
"27/04/2026 00:00 - 28/04/2026 00:00","CTA|DE(50Hertz)","KW Boxberg Block Q","11WD8BOXB1L---Q2","Fossil Brown coal/Lignite","11WD8BOXB1L---Q2","27/04/2026 15:00 - 27/04/2026 16:00","550.50",""
"27/04/2026 00:00 - 28/04/2026 00:00","CTA|DE(50Hertz)","KW Boxberg Block Q","11WD8BOXB1L---Q2","Fossil Brown coal/Lignite","11WD8BOXB1L---Q2","27/04/2026 16:00 - 27/04/2026 17:00","562.25",""
"27/04/2026 00:00 - 28/04/2026 00:00","CTA|DE(50Hertz)","KW Boxberg Block Q","11WD8BOXB1L---Q2","Fossil Brown coal/Lignite","11WD8BOXB1L---Q2","27/04/2026 17:00 - 27/04/2026 18:00","622.00",""
"27/04/2026 00:00 - 28/04/2026 00:00","CTA|DE(50Hertz)","KW Boxberg Block Q","11WD8BOXB1L---Q2","Fossil Brown coal/Lignite","11WD8BOXB1L---Q2","27/04/2026 18:00 - 27/04/2026 19:00","779.75",""
"27/04/2026 00:00 - 28/04/2026 00:00","CTA|DE(50Hertz)","KW Boxberg Block Q","11WD8BOXB1L---Q2","Fossil Brown coal/Lignite","11WD8BOXB1L---Q2","27/04/2026 19:00 - 27/04/2026 20:00","824.00",""
"27/04/2026 00:00 - 28/04/2026 00:00","CTA|DE(50Hertz)","KW Boxberg Block Q","11WD8BOXB1L---Q2","Fossil Brown coal/Lignite","11WD8BOXB1L---Q2","27/04/2026 20:00 - 27/04/2026 21:00","822.50",""
"27/04/2026 00:00 - 28/04/2026 00:00","CTA|DE(50Hertz)","KW Boxberg Block Q","11WD8BOXB1L---Q2","Fossil Brown coal/Lignite","11WD8BOXB1L---Q2","27/04/2026 21:00 - 27/04/2026 22:00","810.00",""
"27/04/2026 00:00 - 28/04/2026 00:00","CTA|DE(50Hertz)","KW Boxberg Block Q","11WD8BOXB1L---Q2","Fossil Brown coal/Lignite","11WD8BOXB1L---Q2","27/04/2026 22:00 - 27/04/2026 23:00","812.50",""
"27/04/2026 00:00 - 28/04/2026 00:00","CTA|DE(50Hertz)","KW Boxberg Block Q","11WD8BOXB1L---Q2","Fossil Brown coal/Lignite","11WD8BOXB1L---Q2","27/04/2026 23:00 - 28/04/2026 00:00","821.25",""
"27/04/2026 00:00 - 28/04/2026 00:00","CTA|DE(50Hertz)","KW Boxberg Block R","11WD8BOXB1L---R0","Fossil Brown coal/Lignite","11WD8BOXB1L---R0","27/04/2026 00:00 - 27/04/2026 01:00","602.00",""
"27/04/2026 00:00 - 28/04/2026 00:00","CTA|DE(50Hertz)","KW Boxberg Block R","11WD8BOXB1L---R0","Fossil Brown coal/Lignite","11WD8BOXB1L---R0","27/04/2026 01:00 - 27/04/2026 02:00","601.00",""
"27/04/2026 00:00 - 28/04/2026 00:00","CTA|DE(50Hertz)","KW Boxberg Block R","11WD8BOXB1L---R0","Fossil Brown coal/Lignite","11WD8BOXB1L---R0","27/04/2026 02:00 - 27/04/2026 03:00","602.25",""
"27/04/2026 00:00 - 28/04/2026 00:00","CTA|DE(50Hertz)","KW Boxberg Block R","11WD8BOXB1L---R0","Fossil Brown coal/Lignite","11WD8BOXB1L---R0","27/04/2026 03:00 - 27/04/2026 04:00","601.75",""
"27/04/2026 00:00 - 28/04/2026 00:00","CTA|DE(50Hertz)","KW Boxberg Block R","11WD8BOXB1L---R0","Fossil Brown coal/Lignite","11WD8BOXB1L---R0","27/04/2026 04:00 - 27/04/2026 05:00","603.75",""
"27/04/2026 00:00 - 28/04/2026 00:00","CTA|DE(50Hertz)","KW Boxberg Block R","11WD8BOXB1L---R0","Fossil Brown coal/Lignite","11WD8BOXB1L---R0","27/04/2026 05:00 - 27/04/2026 06:00","598.50",""
"27/04/2026 00:00 - 28/04/2026 00:00","CTA|DE(50Hertz)","KW Boxberg Block R","11WD8BOXB1L---R0","Fossil Brown coal/Lignite","11WD8BOXB1L---R0","27/04/2026 06:00 - 27/04/2026 07:00","508.75",""
"27/04/2026 00:00 - 28/04/2026 00:00","CTA|DE(50Hertz)","KW Boxberg Block R","11WD8BOXB1L---R0","Fossil Brown coal/Lignite","11WD8BOXB1L---R0","27/04/2026 07:00 - 27/04/2026 08:00","449.50",""
"27/04/2026 00:00 - 28/04/2026 00:00","CTA|DE(50Hertz)","KW Boxberg Block R","11WD8BOXB1L---R0","Fossil Brown coal/Lignite","11WD8BOXB1L---R0","27/04/2026 08:00 - 27/04/2026 09:00","380.75",""
"27/04/2026 00:00 - 28/04/2026 00:00","CTA|DE(50Hertz)","KW Boxberg Block R","11WD8BOXB1L---R0","Fossil Brown coal/Lignite","11WD8BOXB1L---R0","27/04/2026 09:00 - 27/04/2026 10:00","296.50",""
"27/04/2026 00:00 - 28/04/2026 00:00","CTA|DE(50Hertz)","KW Boxberg Block R","11WD8BOXB1L---R0","Fossil Brown coal/Lignite","11WD8BOXB1L---R0","27/04/2026 10:00 - 27/04/2026 11:00","196.25",""
"27/04/2026 00:00 - 28/04/2026 00:00","CTA|DE(50Hertz)","KW Boxberg Block R","11WD8BOXB1L---R0","Fossil Brown coal/Lignite","11WD8BOXB1L---R0","27/04/2026 11:00 - 27/04/2026 12:00","165.00",""
"27/04/2026 00:00 - 28/04/2026 00:00","CTA|DE(50Hertz)","KW Boxberg Block R","11WD8BOXB1L---R0","Fossil Brown coal/Lignite","11WD8BOXB1L---R0","27/04/2026 12:00 - 27/04/2026 13:00","171.25",""
"27/04/2026 00:00 - 28/04/2026 00:00","CTA|DE(50Hertz)","KW Boxberg Block R","11WD8BOXB1L---R0","Fossil Brown coal/Lignite","11WD8BOXB1L---R0","27/04/2026 13:00 - 27/04/2026 14:00","170.75",""
"27/04/2026 00:00 - 28/04/2026 00:00","CTA|DE(50Hertz)","KW Boxberg Block R","11WD8BOXB1L---R0","Fossil Brown coal/Lignite","11WD8BOXB1L---R0","27/04/2026 14:00 - 27/04/2026 15:00","212.50",""
"27/04/2026 00:00 - 28/04/2026 00:00","CTA|DE(50Hertz)","KW Boxberg Block R","11WD8BOXB1L---R0","Fossil Brown coal/Lignite","11WD8BOXB1L---R0","27/04/2026 15:00 - 27/04/2026 16:00","310.25",""
"27/04/2026 00:00 - 28/04/2026 00:00","CTA|DE(50Hertz)","KW Boxberg Block R","11WD8BOXB1L---R0","Fossil Brown coal/Lignite","11WD8BOXB1L---R0","27/04/2026 16:00 - 27/04/2026 17:00","328.50",""
"27/04/2026 00:00 - 28/04/2026 00:00","CTA|DE(50Hertz)","KW Boxberg Block R","11WD8BOXB1L---R0","Fossil Brown coal/Lignite","11WD8BOXB1L---R0","27/04/2026 17:00 - 27/04/2026 18:00","503.75",""
"27/04/2026 00:00 - 28/04/2026 00:00","CTA|DE(50Hertz)","KW Boxberg Block R","11WD8BOXB1L---R0","Fossil Brown coal/Lignite","11WD8BOXB1L---R0","27/04/2026 18:00 - 27/04/2026 19:00","570.50",""
"27/04/2026 00:00 - 28/04/2026 00:00","CTA|DE(50Hertz)","KW Boxberg Block R","11WD8BOXB1L---R0","Fossil Brown coal/Lignite","11WD8BOXB1L---R0","27/04/2026 19:00 - 27/04/2026 20:00","554.25",""
"27/04/2026 00:00 - 28/04/2026 00:00","CTA|DE(50Hertz)","KW Boxberg Block R","11WD8BOXB1L---R0","Fossil Brown coal/Lignite","11WD8BOXB1L---R0","27/04/2026 20:00 - 27/04/2026 21:00","561.25",""
"27/04/2026 00:00 - 28/04/2026 00:00","CTA|DE(50Hertz)","KW Boxberg Block R","11WD8BOXB1L---R0","Fossil Brown coal/Lignite","11WD8BOXB1L---R0","27/04/2026 21:00 - 27/04/2026 22:00","575.25",""
"27/04/2026 00:00 - 28/04/2026 00:00","CTA|DE(50Hertz)","KW Boxberg Block R","11WD8BOXB1L---R0","Fossil Brown coal/Lignite","11WD8BOXB1L---R0","27/04/2026 22:00 - 27/04/2026 23:00","561.50",""
"27/04/2026 00:00 - 28/04/2026 00:00","CTA|DE(50Hertz)","KW Boxberg Block R","11WD8BOXB1L---R0","Fossil Brown coal/Lignite","11WD8BOXB1L---R0","27/04/2026 23:00 - 28/04/2026 00:00","565.25",""
"27/04/2026 00:00 - 28/04/2026 00:00","CTA|DE(50Hertz)","GTHKW Nossener Bruecke","11WD8DRES5X----D","Fossil Gas","11WD8DRES5X----D","27/04/2026 00:00 - 27/04/2026 01:00","154.50",""
"27/04/2026 00:00 - 28/04/2026 00:00","CTA|DE(50Hertz)","GTHKW Nossener Bruecke","11WD8DRES5X----D","Fossil Gas","11WD8DRES5X----D","27/04/2026 01:00 - 27/04/2026 02:00","154.35",""
"27/04/2026 00:00 - 28/04/2026 00:00","CTA|DE(50Hertz)","GTHKW Nossener Bruecke","11WD8DRES5X----D","Fossil Gas","11WD8DRES5X----D","27/04/2026 02:00 - 27/04/2026 03:00","154.82",""
"27/04/2026 00:00 - 28/04/2026 00:00","CTA|DE(50Hertz)","GTHKW Nossener Bruecke","11WD8DRES5X----D","Fossil Gas","11WD8DRES5X----D","27/04/2026 03:00 - 27/04/2026 04:00","155.28",""
"27/04/2026 00:00 - 28/04/2026 00:00","CTA|DE(50Hertz)","GTHKW Nossener Bruecke","11WD8DRES5X----D","Fossil Gas","11WD8DRES5X----D","27/04/2026 04:00 - 27/04/2026 05:00","155.30",""
"27/04/2026 00:00 - 28/04/2026 00:00","CTA|DE(50Hertz)","GTHKW Nossener Bruecke","11WD8DRES5X----D","Fossil Gas","11WD8DRES5X----D","27/04/2026 05:00 - 27/04/2026 06:00","156.20",""
"27/04/2026 00:00 - 28/04/2026 00:00","CTA|DE(50Hertz)","GTHKW Nossener Bruecke","11WD8DRES5X----D","Fossil Gas","11WD8DRES5X----D","27/04/2026 06:00 - 27/04/2026 07:00","165.35",""
"27/04/2026 00:00 - 28/04/2026 00:00","CTA|DE(50Hertz)","GTHKW Nossener Bruecke","11WD8DRES5X----D","Fossil Gas","11WD8DRES5X----D","27/04/2026 07:00 - 27/04/2026 08:00","166.60",""
"27/04/2026 00:00 - 28/04/2026 00:00","CTA|DE(50Hertz)","GTHKW Nossener Bruecke","11WD8DRES5X----D","Fossil Gas","11WD8DRES5X----D","27/04/2026 08:00 - 27/04/2026 09:00","165.40",""
"27/04/2026 00:00 - 28/04/2026 00:00","CTA|DE(50Hertz)","GTHKW Nossener Bruecke","11WD8DRES5X----D","Fossil Gas","11WD8DRES5X----D","27/04/2026 09:00 - 27/04/2026 10:00","157.70",""
"27/04/2026 00:00 - 28/04/2026 00:00","CTA|DE(50Hertz)","GTHKW Nossener Bruecke","11WD8DRES5X----D","Fossil Gas","11WD8DRES5X----D","27/04/2026 10:00 - 27/04/2026 11:00","30.70",""
"27/04/2026 00:00 - 28/04/2026 00:00","CTA|DE(50Hertz)","GTHKW Nossener Bruecke","11WD8DRES5X----D","Fossil Gas","11WD8DRES5X----D","27/04/2026 11:00 - 27/04/2026 12:00","28.02",""
"27/04/2026 00:00 - 28/04/2026 00:00","CTA|DE(50Hertz)","GTHKW Nossener Bruecke","11WD8DRES5X----D","Fossil Gas","11WD8DRES5X----D","27/04/2026 12:00 - 27/04/2026 13:00","28.10",""
"27/04/2026 00:00 - 28/04/2026 00:00","CTA|DE(50Hertz)","GTHKW Nossener Bruecke","11WD8DRES5X----D","Fossil Gas","11WD8DRES5X----D","27/04/2026 13:00 - 27/04/2026 14:00","28.13",""
"27/04/2026 00:00 - 28/04/2026 00:00","CTA|DE(50Hertz)","GTHKW Nossener Bruecke","11WD8DRES5X----D","Fossil Gas","11WD8DRES5X----D","27/04/2026 14:00 - 27/04/2026 15:00","28.13",""
"27/04/2026 00:00 - 28/04/2026 00:00","CTA|DE(50Hertz)","GTHKW Nossener Bruecke","11WD8DRES5X----D","Fossil Gas","11WD8DRES5X----D","27/04/2026 15:00 - 27/04/2026 16:00","28.13",""
"27/04/2026 00:00 - 28/04/2026 00:00","CTA|DE(50Hertz)","GTHKW Nossener Bruecke","11WD8DRES5X----D","Fossil Gas","11WD8DRES5X----D","27/04/2026 16:00 - 27/04/2026 17:00","30.02",""
"27/04/2026 00:00 - 28/04/2026 00:00","CTA|DE(50Hertz)","GTHKW Nossener Bruecke","11WD8DRES5X----D","Fossil Gas","11WD8DRES5X----D","27/04/2026 17:00 - 27/04/2026 18:00","149.07",""
"27/04/2026 00:00 - 28/04/2026 00:00","CTA|DE(50Hertz)","GTHKW Nossener Bruecke","11WD8DRES5X----D","Fossil Gas","11WD8DRES5X----D","27/04/2026 18:00 - 27/04/2026 19:00","158.93",""
"27/04/2026 00:00 - 28/04/2026 00:00","CTA|DE(50Hertz)","GTHKW Nossener Bruecke","11WD8DRES5X----D","Fossil Gas","11WD8DRES5X----D","27/04/2026 19:00 - 27/04/2026 20:00","159.97",""
"27/04/2026 00:00 - 28/04/2026 00:00","CTA|DE(50Hertz)","GTHKW Nossener Bruecke","11WD8DRES5X----D","Fossil Gas","11WD8DRES5X----D","27/04/2026 20:00 - 27/04/2026 21:00","160.45",""
"27/04/2026 00:00 - 28/04/2026 00:00","CTA|DE(50Hertz)","GTHKW Nossener Bruecke","11WD8DRES5X----D","Fossil Gas","11WD8DRES5X----D","27/04/2026 21:00 - 27/04/2026 22:00","162.07",""
"27/04/2026 00:00 - 28/04/2026 00:00","CTA|DE(50Hertz)","GTHKW Nossener Bruecke","11WD8DRES5X----D","Fossil Gas","11WD8DRES5X----D","27/04/2026 22:00 - 27/04/2026 23:00","163.03",""
"27/04/2026 00:00 - 28/04/2026 00:00","CTA|DE(50Hertz)","GTHKW Nossener Bruecke","11WD8DRES5X----D","Fossil Gas","11WD8DRES5X----D","27/04/2026 23:00 - 28/04/2026 00:00","156.45",""
"27/04/2026 00:00 - 28/04/2026 00:00","CTA|DE(50Hertz)","PSW Goldisthal PSS A","11WD8GOLD1H---AL","Hydro Pumped Storage","11WD8GOLD1H---AL","27/04/2026 00:00 - 27/04/2026 01:00","0.00",""
"27/04/2026 00:00 - 28/04/2026 00:00","CTA|DE(50Hertz)","PSW Goldisthal PSS A","11WD8GOLD1H---AL","Hydro Pumped Storage","11WD8GOLD1H---AL","27/04/2026 01:00 - 27/04/2026 02:00","0.00",""
"27/04/2026 00:00 - 28/04/2026 00:00","CTA|DE(50Hertz)","PSW Goldisthal PSS A","11WD8GOLD1H---AL","Hydro Pumped Storage","11WD8GOLD1H---AL","27/04/2026 02:00 - 27/04/2026 03:00","0.00",""
"27/04/2026 00:00 - 28/04/2026 00:00","CTA|DE(50Hertz)","PSW Goldisthal PSS A","11WD8GOLD1H---AL","Hydro Pumped Storage","11WD8GOLD1H---AL","27/04/2026 03:00 - 27/04/2026 04:00","0.00",""
"27/04/2026 00:00 - 28/04/2026 00:00","CTA|DE(50Hertz)","PSW Goldisthal PSS A","11WD8GOLD1H---AL","Hydro Pumped Storage","11WD8GOLD1H---AL","27/04/2026 04:00 - 27/04/2026 05:00","0.00",""
"27/04/2026 00:00 - 28/04/2026 00:00","CTA|DE(50Hertz)","PSW Goldisthal PSS A","11WD8GOLD1H---AL","Hydro Pumped Storage","11WD8GOLD1H---AL","27/04/2026 05:00 - 27/04/2026 06:00","0.00",""
"27/04/2026 00:00 - 28/04/2026 00:00","CTA|DE(50Hertz)","PSW Goldisthal PSS A","11WD8GOLD1H---AL","Hydro Pumped Storage","11WD8GOLD1H---AL","27/04/2026 06:00 - 27/04/2026 07:00","0.00",""
"27/04/2026 00:00 - 28/04/2026 00:00","CTA|DE(50Hertz)","PSW Goldisthal PSS A","11WD8GOLD1H---AL","Hydro Pumped Storage","11WD8GOLD1H---AL","27/04/2026 07:00 - 27/04/2026 08:00","0.00",""
"27/04/2026 00:00 - 28/04/2026 00:00","CTA|DE(50Hertz)","PSW Goldisthal PSS A","11WD8GOLD1H---AL","Hydro Pumped Storage","11WD8GOLD1H---AL","27/04/2026 08:00 - 27/04/2026 09:00","0.00",""
"27/04/2026 00:00 - 28/04/2026 00:00","CTA|DE(50Hertz)","PSW Goldisthal PSS A","11WD8GOLD1H---AL","Hydro Pumped Storage","11WD8GOLD1H---AL","27/04/2026 09:00 - 27/04/2026 10:00","0.00",""
"27/04/2026 00:00 - 28/04/2026 00:00","CTA|DE(50Hertz)","PSW Goldisthal PSS A","11WD8GOLD1H---AL","Hydro Pumped Storage","11WD8GOLD1H---AL","27/04/2026 10:00 - 27/04/2026 11:00","0.00",""
"27/04/2026 00:00 - 28/04/2026 00:00","CTA|DE(50Hertz)","PSW Goldisthal PSS A","11WD8GOLD1H---AL","Hydro Pumped Storage","11WD8GOLD1H---AL","27/04/2026 11:00 - 27/04/2026 12:00","0.00",""
"27/04/2026 00:00 - 28/04/2026 00:00","CTA|DE(50Hertz)","PSW Goldisthal PSS A","11WD8GOLD1H---AL","Hydro Pumped Storage","11WD8GOLD1H---AL","27/04/2026 12:00 - 27/04/2026 13:00","0.00",""
"27/04/2026 00:00 - 28/04/2026 00:00","CTA|DE(50Hertz)","PSW Goldisthal PSS A","11WD8GOLD1H---AL","Hydro Pumped Storage","11WD8GOLD1H---AL","27/04/2026 13:00 - 27/04/2026 14:00","0.00",""
"27/04/2026 00:00 - 28/04/2026 00:00","CTA|DE(50Hertz)","PSW Goldisthal PSS A","11WD8GOLD1H---AL","Hydro Pumped Storage","11WD8GOLD1H---AL","27/04/2026 14:00 - 27/04/2026 15:00","0.00",""
"27/04/2026 00:00 - 28/04/2026 00:00","CTA|DE(50Hertz)","PSW Goldisthal PSS A","11WD8GOLD1H---AL","Hydro Pumped Storage","11WD8GOLD1H---AL","27/04/2026 15:00 - 27/04/2026 16:00","0.00",""
"27/04/2026 00:00 - 28/04/2026 00:00","CTA|DE(50Hertz)","PSW Goldisthal PSS A","11WD8GOLD1H---AL","Hydro Pumped Storage","11WD8GOLD1H---AL","27/04/2026 16:00 - 27/04/2026 17:00","0.00",""
"27/04/2026 00:00 - 28/04/2026 00:00","CTA|DE(50Hertz)","PSW Goldisthal PSS A","11WD8GOLD1H---AL","Hydro Pumped Storage","11WD8GOLD1H---AL","27/04/2026 17:00 - 27/04/2026 18:00","0.00",""
"27/04/2026 00:00 - 28/04/2026 00:00","CTA|DE(50Hertz)","PSW Goldisthal PSS A","11WD8GOLD1H---AL","Hydro Pumped Storage","11WD8GOLD1H---AL","27/04/2026 18:00 - 27/04/2026 19:00","0.00",""
"27/04/2026 00:00 - 28/04/2026 00:00","CTA|DE(50Hertz)","PSW Goldisthal PSS A","11WD8GOLD1H---AL","Hydro Pumped Storage","11WD8GOLD1H---AL","27/04/2026 19:00 - 27/04/2026 20:00","0.00",""
"27/04/2026 00:00 - 28/04/2026 00:00","CTA|DE(50Hertz)","PSW Goldisthal PSS A","11WD8GOLD1H---AL","Hydro Pumped Storage","11WD8GOLD1H---AL","27/04/2026 20:00 - 27/04/2026 21:00","0.00",""
"27/04/2026 00:00 - 28/04/2026 00:00","CTA|DE(50Hertz)","PSW Goldisthal PSS A","11WD8GOLD1H---AL","Hydro Pumped Storage","11WD8GOLD1H---AL","27/04/2026 21:00 - 27/04/2026 22:00","0.00",""
"27/04/2026 00:00 - 28/04/2026 00:00","CTA|DE(50Hertz)","PSW Goldisthal PSS A","11WD8GOLD1H---AL","Hydro Pumped Storage","11WD8GOLD1H---AL","27/04/2026 22:00 - 27/04/2026 23:00","0.00",""
"27/04/2026 00:00 - 28/04/2026 00:00","CTA|DE(50Hertz)","PSW Goldisthal PSS A","11WD8GOLD1H---AL","Hydro Pumped Storage","11WD8GOLD1H---AL","27/04/2026 23:00 - 28/04/2026 00:00","0.00",""
"27/04/2026 00:00 - 28/04/2026 00:00","CTA|DE(50Hertz)","PSW Goldisthal PSS B","11WD8GOLD1H---BJ","Hydro Pumped Storage","11WD8GOLD1H---BJ","27/04/2026 00:00 - 27/04/2026 01:00","0.00",""
"27/04/2026 00:00 - 28/04/2026 00:00","CTA|DE(50Hertz)","PSW Goldisthal PSS B","11WD8GOLD1H---BJ","Hydro Pumped Storage","11WD8GOLD1H---BJ","27/04/2026 01:00 - 27/04/2026 02:00","0.00",""
"27/04/2026 00:00 - 28/04/2026 00:00","CTA|DE(50Hertz)","PSW Goldisthal PSS B","11WD8GOLD1H---BJ","Hydro Pumped Storage","11WD8GOLD1H---BJ","27/04/2026 02:00 - 27/04/2026 03:00","0.00",""
"27/04/2026 00:00 - 28/04/2026 00:00","CTA|DE(50Hertz)","PSW Goldisthal PSS B","11WD8GOLD1H---BJ","Hydro Pumped Storage","11WD8GOLD1H---BJ","27/04/2026 03:00 - 27/04/2026 04:00","0.00",""
"27/04/2026 00:00 - 28/04/2026 00:00","CTA|DE(50Hertz)","PSW Goldisthal PSS B","11WD8GOLD1H---BJ","Hydro Pumped Storage","11WD8GOLD1H---BJ","27/04/2026 04:00 - 27/04/2026 05:00","0.00",""
"27/04/2026 00:00 - 28/04/2026 00:00","CTA|DE(50Hertz)","PSW Goldisthal PSS B","11WD8GOLD1H---BJ","Hydro Pumped Storage","11WD8GOLD1H---BJ","27/04/2026 05:00 - 27/04/2026 06:00","0.00",""
"27/04/2026 00:00 - 28/04/2026 00:00","CTA|DE(50Hertz)","PSW Goldisthal PSS B","11WD8GOLD1H---BJ","Hydro Pumped Storage","11WD8GOLD1H---BJ","27/04/2026 06:00 - 27/04/2026 07:00","0.00",""
"27/04/2026 00:00 - 28/04/2026 00:00","CTA|DE(50Hertz)","PSW Goldisthal PSS B","11WD8GOLD1H---BJ","Hydro Pumped Storage","11WD8GOLD1H---BJ","27/04/2026 07:00 - 27/04/2026 08:00","0.00",""
"27/04/2026 00:00 - 28/04/2026 00:00","CTA|DE(50Hertz)","PSW Goldisthal PSS B","11WD8GOLD1H---BJ","Hydro Pumped Storage","11WD8GOLD1H---BJ","27/04/2026 08:00 - 27/04/2026 09:00","0.00",""
"27/04/2026 00:00 - 28/04/2026 00:00","CTA|DE(50Hertz)","PSW Goldisthal PSS B","11WD8GOLD1H---BJ","Hydro Pumped Storage","11WD8GOLD1H---BJ","27/04/2026 09:00 - 27/04/2026 10:00","0.00",""
"27/04/2026 00:00 - 28/04/2026 00:00","CTA|DE(50Hertz)","PSW Goldisthal PSS B","11WD8GOLD1H---BJ","Hydro Pumped Storage","11WD8GOLD1H---BJ","27/04/2026 10:00 - 27/04/2026 11:00","0.00",""
"27/04/2026 00:00 - 28/04/2026 00:00","CTA|DE(50Hertz)","PSW Goldisthal PSS B","11WD8GOLD1H---BJ","Hydro Pumped Storage","11WD8GOLD1H---BJ","27/04/2026 11:00 - 27/04/2026 12:00","0.00",""
"27/04/2026 00:00 - 28/04/2026 00:00","CTA|DE(50Hertz)","PSW Goldisthal PSS B","11WD8GOLD1H---BJ","Hydro Pumped Storage","11WD8GOLD1H---BJ","27/04/2026 12:00 - 27/04/2026 13:00","0.00",""
"27/04/2026 00:00 - 28/04/2026 00:00","CTA|DE(50Hertz)","PSW Goldisthal PSS B","11WD8GOLD1H---BJ","Hydro Pumped Storage","11WD8GOLD1H---BJ","27/04/2026 13:00 - 27/04/2026 14:00","0.00",""
"27/04/2026 00:00 - 28/04/2026 00:00","CTA|DE(50Hertz)","PSW Goldisthal PSS B","11WD8GOLD1H---BJ","Hydro Pumped Storage","11WD8GOLD1H---BJ","27/04/2026 14:00 - 27/04/2026 15:00","0.00",""
"27/04/2026 00:00 - 28/04/2026 00:00","CTA|DE(50Hertz)","PSW Goldisthal PSS B","11WD8GOLD1H---BJ","Hydro Pumped Storage","11WD8GOLD1H---BJ","27/04/2026 15:00 - 27/04/2026 16:00","0.00",""
"27/04/2026 00:00 - 28/04/2026 00:00","CTA|DE(50Hertz)","PSW Goldisthal PSS B","11WD8GOLD1H---BJ","Hydro Pumped Storage","11WD8GOLD1H---BJ","27/04/2026 16:00 - 27/04/2026 17:00","0.00",""
"27/04/2026 00:00 - 28/04/2026 00:00","CTA|DE(50Hertz)","PSW Goldisthal PSS B","11WD8GOLD1H---BJ","Hydro Pumped Storage","11WD8GOLD1H---BJ","27/04/2026 17:00 - 27/04/2026 18:00","0.00",""
"27/04/2026 00:00 - 28/04/2026 00:00","CTA|DE(50Hertz)","PSW Goldisthal PSS B","11WD8GOLD1H---BJ","Hydro Pumped Storage","11WD8GOLD1H---BJ","27/04/2026 18:00 - 27/04/2026 19:00","0.00",""
"27/04/2026 00:00 - 28/04/2026 00:00","CTA|DE(50Hertz)","PSW Goldisthal PSS B","11WD8GOLD1H---BJ","Hydro Pumped Storage","11WD8GOLD1H---BJ","27/04/2026 19:00 - 27/04/2026 20:00","0.00",""
"27/04/2026 00:00 - 28/04/2026 00:00","CTA|DE(50Hertz)","PSW Goldisthal PSS B","11WD8GOLD1H---BJ","Hydro Pumped Storage","11WD8GOLD1H---BJ","27/04/2026 20:00 - 27/04/2026 21:00","0.00",""
"27/04/2026 00:00 - 28/04/2026 00:00","CTA|DE(50Hertz)","PSW Goldisthal PSS B","11WD8GOLD1H---BJ","Hydro Pumped Storage","11WD8GOLD1H---BJ","27/04/2026 21:00 - 27/04/2026 22:00","0.00",""
"27/04/2026 00:00 - 28/04/2026 00:00","CTA|DE(50Hertz)","PSW Goldisthal PSS B","11WD8GOLD1H---BJ","Hydro Pumped Storage","11WD8GOLD1H---BJ","27/04/2026 22:00 - 27/04/2026 23:00","0.00",""
"27/04/2026 00:00 - 28/04/2026 00:00","CTA|DE(50Hertz)","PSW Goldisthal PSS B","11WD8GOLD1H---BJ","Hydro Pumped Storage","11WD8GOLD1H---BJ","27/04/2026 23:00 - 28/04/2026 00:00","0.00",""
"27/04/2026 00:00 - 28/04/2026 00:00","CTA|DE(50Hertz)","PSW Goldisthal PSS C","11WD8GOLD1H---CH","Hydro Pumped Storage","11WD8GOLD1H---CH","27/04/2026 00:00 - 27/04/2026 01:00","0.00",""
"27/04/2026 00:00 - 28/04/2026 00:00","CTA|DE(50Hertz)","PSW Goldisthal PSS C","11WD8GOLD1H---CH","Hydro Pumped Storage","11WD8GOLD1H---CH","27/04/2026 01:00 - 27/04/2026 02:00","0.00",""
"27/04/2026 00:00 - 28/04/2026 00:00","CTA|DE(50Hertz)","PSW Goldisthal PSS C","11WD8GOLD1H---CH","Hydro Pumped Storage","11WD8GOLD1H---CH","27/04/2026 02:00 - 27/04/2026 03:00","0.00",""
"27/04/2026 00:00 - 28/04/2026 00:00","CTA|DE(50Hertz)","PSW Goldisthal PSS C","11WD8GOLD1H---CH","Hydro Pumped Storage","11WD8GOLD1H---CH","27/04/2026 03:00 - 27/04/2026 04:00","0.00",""
"27/04/2026 00:00 - 28/04/2026 00:00","CTA|DE(50Hertz)","PSW Goldisthal PSS C","11WD8GOLD1H---CH","Hydro Pumped Storage","11WD8GOLD1H---CH","27/04/2026 04:00 - 27/04/2026 05:00","0.00",""
"27/04/2026 00:00 - 28/04/2026 00:00","CTA|DE(50Hertz)","PSW Goldisthal PSS C","11WD8GOLD1H---CH","Hydro Pumped Storage","11WD8GOLD1H---CH","27/04/2026 05:00 - 27/04/2026 06:00","40.00",""
"27/04/2026 00:00 - 28/04/2026 00:00","CTA|DE(50Hertz)","PSW Goldisthal PSS C","11WD8GOLD1H---CH","Hydro Pumped Storage","11WD8GOLD1H---CH","27/04/2026 06:00 - 27/04/2026 07:00","150.75",""
"27/04/2026 00:00 - 28/04/2026 00:00","CTA|DE(50Hertz)","PSW Goldisthal PSS C","11WD8GOLD1H---CH","Hydro Pumped Storage","11WD8GOLD1H---CH","27/04/2026 07:00 - 27/04/2026 08:00","298.50",""
"27/04/2026 00:00 - 28/04/2026 00:00","CTA|DE(50Hertz)","PSW Goldisthal PSS C","11WD8GOLD1H---CH","Hydro Pumped Storage","11WD8GOLD1H---CH","27/04/2026 08:00 - 27/04/2026 09:00","295.00",""
"27/04/2026 00:00 - 28/04/2026 00:00","CTA|DE(50Hertz)","PSW Goldisthal PSS C","11WD8GOLD1H---CH","Hydro Pumped Storage","11WD8GOLD1H---CH","27/04/2026 09:00 - 27/04/2026 10:00","256.75",""
"27/04/2026 00:00 - 28/04/2026 00:00","CTA|DE(50Hertz)","PSW Goldisthal PSS C","11WD8GOLD1H---CH","Hydro Pumped Storage","11WD8GOLD1H---CH","27/04/2026 10:00 - 27/04/2026 11:00","46.50",""
"27/04/2026 00:00 - 28/04/2026 00:00","CTA|DE(50Hertz)","PSW Goldisthal PSS C","11WD8GOLD1H---CH","Hydro Pumped Storage","11WD8GOLD1H---CH","27/04/2026 11:00 - 27/04/2026 12:00","0.00",""
"27/04/2026 00:00 - 28/04/2026 00:00","CTA|DE(50Hertz)","PSW Goldisthal PSS C","11WD8GOLD1H---CH","Hydro Pumped Storage","11WD8GOLD1H---CH","27/04/2026 12:00 - 27/04/2026 13:00","0.00",""
"27/04/2026 00:00 - 28/04/2026 00:00","CTA|DE(50Hertz)","PSW Goldisthal PSS C","11WD8GOLD1H---CH","Hydro Pumped Storage","11WD8GOLD1H---CH","27/04/2026 13:00 - 27/04/2026 14:00","0.00",""
"27/04/2026 00:00 - 28/04/2026 00:00","CTA|DE(50Hertz)","PSW Goldisthal PSS C","11WD8GOLD1H---CH","Hydro Pumped Storage","11WD8GOLD1H---CH","27/04/2026 14:00 - 27/04/2026 15:00","0.00",""
"27/04/2026 00:00 - 28/04/2026 00:00","CTA|DE(50Hertz)","PSW Goldisthal PSS C","11WD8GOLD1H---CH","Hydro Pumped Storage","11WD8GOLD1H---CH","27/04/2026 15:00 - 27/04/2026 16:00","0.00",""
"27/04/2026 00:00 - 28/04/2026 00:00","CTA|DE(50Hertz)","PSW Goldisthal PSS C","11WD8GOLD1H---CH","Hydro Pumped Storage","11WD8GOLD1H---CH","27/04/2026 16:00 - 27/04/2026 17:00","0.00",""
"27/04/2026 00:00 - 28/04/2026 00:00","CTA|DE(50Hertz)","PSW Goldisthal PSS C","11WD8GOLD1H---CH","Hydro Pumped Storage","11WD8GOLD1H---CH","27/04/2026 17:00 - 27/04/2026 18:00","135.25",""
"27/04/2026 00:00 - 28/04/2026 00:00","CTA|DE(50Hertz)","PSW Goldisthal PSS C","11WD8GOLD1H---CH","Hydro Pumped Storage","11WD8GOLD1H---CH","27/04/2026 18:00 - 27/04/2026 19:00","286.00",""
"27/04/2026 00:00 - 28/04/2026 00:00","CTA|DE(50Hertz)","PSW Goldisthal PSS C","11WD8GOLD1H---CH","Hydro Pumped Storage","11WD8GOLD1H---CH","27/04/2026 19:00 - 27/04/2026 20:00","295.50",""
"27/04/2026 00:00 - 28/04/2026 00:00","CTA|DE(50Hertz)","PSW Goldisthal PSS C","11WD8GOLD1H---CH","Hydro Pumped Storage","11WD8GOLD1H---CH","27/04/2026 20:00 - 27/04/2026 21:00","291.75",""
"27/04/2026 00:00 - 28/04/2026 00:00","CTA|DE(50Hertz)","PSW Goldisthal PSS C","11WD8GOLD1H---CH","Hydro Pumped Storage","11WD8GOLD1H---CH","27/04/2026 21:00 - 27/04/2026 22:00","289.00",""
"27/04/2026 00:00 - 28/04/2026 00:00","CTA|DE(50Hertz)","PSW Goldisthal PSS C","11WD8GOLD1H---CH","Hydro Pumped Storage","11WD8GOLD1H---CH","27/04/2026 22:00 - 27/04/2026 23:00","272.00",""
"27/04/2026 00:00 - 28/04/2026 00:00","CTA|DE(50Hertz)","PSW Goldisthal PSS C","11WD8GOLD1H---CH","Hydro Pumped Storage","11WD8GOLD1H---CH","27/04/2026 23:00 - 28/04/2026 00:00","244.00",""
"27/04/2026 00:00 - 28/04/2026 00:00","CTA|DE(50Hertz)","PSW Goldisthal PSS D","11WD8GOLD1H---DF","Hydro Pumped Storage","11WD8GOLD1H---DF","27/04/2026 00:00 - 27/04/2026 01:00","0.00",""
"27/04/2026 00:00 - 28/04/2026 00:00","CTA|DE(50Hertz)","PSW Goldisthal PSS D","11WD8GOLD1H---DF","Hydro Pumped Storage","11WD8GOLD1H---DF","27/04/2026 01:00 - 27/04/2026 02:00","0.00",""
"27/04/2026 00:00 - 28/04/2026 00:00","CTA|DE(50Hertz)","PSW Goldisthal PSS D","11WD8GOLD1H---DF","Hydro Pumped Storage","11WD8GOLD1H---DF","27/04/2026 02:00 - 27/04/2026 03:00","0.00",""
"27/04/2026 00:00 - 28/04/2026 00:00","CTA|DE(50Hertz)","PSW Goldisthal PSS D","11WD8GOLD1H---DF","Hydro Pumped Storage","11WD8GOLD1H---DF","27/04/2026 03:00 - 27/04/2026 04:00","0.00",""
"27/04/2026 00:00 - 28/04/2026 00:00","CTA|DE(50Hertz)","PSW Goldisthal PSS D","11WD8GOLD1H---DF","Hydro Pumped Storage","11WD8GOLD1H---DF","27/04/2026 04:00 - 27/04/2026 05:00","0.00",""
"27/04/2026 00:00 - 28/04/2026 00:00","CTA|DE(50Hertz)","PSW Goldisthal PSS D","11WD8GOLD1H---DF","Hydro Pumped Storage","11WD8GOLD1H---DF","27/04/2026 05:00 - 27/04/2026 06:00","0.00",""
"27/04/2026 00:00 - 28/04/2026 00:00","CTA|DE(50Hertz)","PSW Goldisthal PSS D","11WD8GOLD1H---DF","Hydro Pumped Storage","11WD8GOLD1H---DF","27/04/2026 06:00 - 27/04/2026 07:00","153.00",""
"27/04/2026 00:00 - 28/04/2026 00:00","CTA|DE(50Hertz)","PSW Goldisthal PSS D","11WD8GOLD1H---DF","Hydro Pumped Storage","11WD8GOLD1H---DF","27/04/2026 07:00 - 27/04/2026 08:00","303.50",""
"27/04/2026 00:00 - 28/04/2026 00:00","CTA|DE(50Hertz)","PSW Goldisthal PSS D","11WD8GOLD1H---DF","Hydro Pumped Storage","11WD8GOLD1H---DF","27/04/2026 08:00 - 27/04/2026 09:00","284.75",""
"27/04/2026 00:00 - 28/04/2026 00:00","CTA|DE(50Hertz)","PSW Goldisthal PSS D","11WD8GOLD1H---DF","Hydro Pumped Storage","11WD8GOLD1H---DF","27/04/2026 09:00 - 27/04/2026 10:00","263.50",""
"27/04/2026 00:00 - 28/04/2026 00:00","CTA|DE(50Hertz)","PSW Goldisthal PSS D","11WD8GOLD1H---DF","Hydro Pumped Storage","11WD8GOLD1H---DF","27/04/2026 10:00 - 27/04/2026 11:00","85.75",""
"27/04/2026 00:00 - 28/04/2026 00:00","CTA|DE(50Hertz)","PSW Goldisthal PSS D","11WD8GOLD1H---DF","Hydro Pumped Storage","11WD8GOLD1H---DF","27/04/2026 11:00 - 27/04/2026 12:00","0.00",""
"27/04/2026 00:00 - 28/04/2026 00:00","CTA|DE(50Hertz)","PSW Goldisthal PSS D","11WD8GOLD1H---DF","Hydro Pumped Storage","11WD8GOLD1H---DF","27/04/2026 12:00 - 27/04/2026 13:00","0.00",""
"27/04/2026 00:00 - 28/04/2026 00:00","CTA|DE(50Hertz)","PSW Goldisthal PSS D","11WD8GOLD1H---DF","Hydro Pumped Storage","11WD8GOLD1H---DF","27/04/2026 13:00 - 27/04/2026 14:00","0.00",""
"27/04/2026 00:00 - 28/04/2026 00:00","CTA|DE(50Hertz)","PSW Goldisthal PSS D","11WD8GOLD1H---DF","Hydro Pumped Storage","11WD8GOLD1H---DF","27/04/2026 14:00 - 27/04/2026 15:00","0.00",""
"27/04/2026 00:00 - 28/04/2026 00:00","CTA|DE(50Hertz)","PSW Goldisthal PSS D","11WD8GOLD1H---DF","Hydro Pumped Storage","11WD8GOLD1H---DF","27/04/2026 15:00 - 27/04/2026 16:00","0.00",""
"27/04/2026 00:00 - 28/04/2026 00:00","CTA|DE(50Hertz)","PSW Goldisthal PSS D","11WD8GOLD1H---DF","Hydro Pumped Storage","11WD8GOLD1H---DF","27/04/2026 16:00 - 27/04/2026 17:00","0.00",""
"27/04/2026 00:00 - 28/04/2026 00:00","CTA|DE(50Hertz)","PSW Goldisthal PSS D","11WD8GOLD1H---DF","Hydro Pumped Storage","11WD8GOLD1H---DF","27/04/2026 17:00 - 27/04/2026 18:00","153.25",""
"27/04/2026 00:00 - 28/04/2026 00:00","CTA|DE(50Hertz)","PSW Goldisthal PSS D","11WD8GOLD1H---DF","Hydro Pumped Storage","11WD8GOLD1H---DF","27/04/2026 18:00 - 27/04/2026 19:00","303.75",""
"27/04/2026 00:00 - 28/04/2026 00:00","CTA|DE(50Hertz)","PSW Goldisthal PSS D","11WD8GOLD1H---DF","Hydro Pumped Storage","11WD8GOLD1H---DF","27/04/2026 19:00 - 27/04/2026 20:00","300.50",""
"27/04/2026 00:00 - 28/04/2026 00:00","CTA|DE(50Hertz)","PSW Goldisthal PSS D","11WD8GOLD1H---DF","Hydro Pumped Storage","11WD8GOLD1H---DF","27/04/2026 20:00 - 27/04/2026 21:00","297.00",""
"27/04/2026 00:00 - 28/04/2026 00:00","CTA|DE(50Hertz)","PSW Goldisthal PSS D","11WD8GOLD1H---DF","Hydro Pumped Storage","11WD8GOLD1H---DF","27/04/2026 21:00 - 27/04/2026 22:00","293.75",""
"27/04/2026 00:00 - 28/04/2026 00:00","CTA|DE(50Hertz)","PSW Goldisthal PSS D","11WD8GOLD1H---DF","Hydro Pumped Storage","11WD8GOLD1H---DF","27/04/2026 22:00 - 27/04/2026 23:00","290.50",""
"27/04/2026 00:00 - 28/04/2026 00:00","CTA|DE(50Hertz)","PSW Goldisthal PSS D","11WD8GOLD1H---DF","Hydro Pumped Storage","11WD8GOLD1H---DF","27/04/2026 23:00 - 28/04/2026 00:00","284.50",""
"27/04/2026 00:00 - 28/04/2026 00:00","CTA|DE(50Hertz)","KW Jänschwalde Block B","11WD8JAEN1L---BB","Fossil Brown coal/Lignite","11WD8JAEN1L---BB","27/04/2026 00:00 - 27/04/2026 01:00","480.25",""
"27/04/2026 00:00 - 28/04/2026 00:00","CTA|DE(50Hertz)","KW Jänschwalde Block B","11WD8JAEN1L---BB","Fossil Brown coal/Lignite","11WD8JAEN1L---BB","27/04/2026 01:00 - 27/04/2026 02:00","481.00",""
"27/04/2026 00:00 - 28/04/2026 00:00","CTA|DE(50Hertz)","KW Jänschwalde Block B","11WD8JAEN1L---BB","Fossil Brown coal/Lignite","11WD8JAEN1L---BB","27/04/2026 02:00 - 27/04/2026 03:00","484.00",""
"27/04/2026 00:00 - 28/04/2026 00:00","CTA|DE(50Hertz)","KW Jänschwalde Block B","11WD8JAEN1L---BB","Fossil Brown coal/Lignite","11WD8JAEN1L---BB","27/04/2026 03:00 - 27/04/2026 04:00","483.50",""
"27/04/2026 00:00 - 28/04/2026 00:00","CTA|DE(50Hertz)","KW Jänschwalde Block B","11WD8JAEN1L---BB","Fossil Brown coal/Lignite","11WD8JAEN1L---BB","27/04/2026 04:00 - 27/04/2026 05:00","484.75",""
"27/04/2026 00:00 - 28/04/2026 00:00","CTA|DE(50Hertz)","KW Jänschwalde Block B","11WD8JAEN1L---BB","Fossil Brown coal/Lignite","11WD8JAEN1L---BB","27/04/2026 05:00 - 27/04/2026 06:00","483.25",""
"27/04/2026 00:00 - 28/04/2026 00:00","CTA|DE(50Hertz)","KW Jänschwalde Block B","11WD8JAEN1L---BB","Fossil Brown coal/Lignite","11WD8JAEN1L---BB","27/04/2026 06:00 - 27/04/2026 07:00","478.50",""
"27/04/2026 00:00 - 28/04/2026 00:00","CTA|DE(50Hertz)","KW Jänschwalde Block B","11WD8JAEN1L---BB","Fossil Brown coal/Lignite","11WD8JAEN1L---BB","27/04/2026 07:00 - 27/04/2026 08:00","396.75",""
"27/04/2026 00:00 - 28/04/2026 00:00","CTA|DE(50Hertz)","KW Jänschwalde Block B","11WD8JAEN1L---BB","Fossil Brown coal/Lignite","11WD8JAEN1L---BB","27/04/2026 08:00 - 27/04/2026 09:00","293.50",""
"27/04/2026 00:00 - 28/04/2026 00:00","CTA|DE(50Hertz)","KW Jänschwalde Block B","11WD8JAEN1L---BB","Fossil Brown coal/Lignite","11WD8JAEN1L---BB","27/04/2026 09:00 - 27/04/2026 10:00","294.75",""
"27/04/2026 00:00 - 28/04/2026 00:00","CTA|DE(50Hertz)","KW Jänschwalde Block B","11WD8JAEN1L---BB","Fossil Brown coal/Lignite","11WD8JAEN1L---BB","27/04/2026 10:00 - 27/04/2026 11:00","297.75",""
"27/04/2026 00:00 - 28/04/2026 00:00","CTA|DE(50Hertz)","KW Jänschwalde Block B","11WD8JAEN1L---BB","Fossil Brown coal/Lignite","11WD8JAEN1L---BB","27/04/2026 11:00 - 27/04/2026 12:00","295.50",""
"27/04/2026 00:00 - 28/04/2026 00:00","CTA|DE(50Hertz)","KW Jänschwalde Block B","11WD8JAEN1L---BB","Fossil Brown coal/Lignite","11WD8JAEN1L---BB","27/04/2026 12:00 - 27/04/2026 13:00","283.25",""
"27/04/2026 00:00 - 28/04/2026 00:00","CTA|DE(50Hertz)","KW Jänschwalde Block B","11WD8JAEN1L---BB","Fossil Brown coal/Lignite","11WD8JAEN1L---BB","27/04/2026 13:00 - 27/04/2026 14:00","285.25",""
"27/04/2026 00:00 - 28/04/2026 00:00","CTA|DE(50Hertz)","KW Jänschwalde Block B","11WD8JAEN1L---BB","Fossil Brown coal/Lignite","11WD8JAEN1L---BB","27/04/2026 14:00 - 27/04/2026 15:00","283.25",""
"27/04/2026 00:00 - 28/04/2026 00:00","CTA|DE(50Hertz)","KW Jänschwalde Block B","11WD8JAEN1L---BB","Fossil Brown coal/Lignite","11WD8JAEN1L---BB","27/04/2026 15:00 - 27/04/2026 16:00","290.25",""
"27/04/2026 00:00 - 28/04/2026 00:00","CTA|DE(50Hertz)","KW Jänschwalde Block B","11WD8JAEN1L---BB","Fossil Brown coal/Lignite","11WD8JAEN1L---BB","27/04/2026 16:00 - 27/04/2026 17:00","382.00",""
"27/04/2026 00:00 - 28/04/2026 00:00","CTA|DE(50Hertz)","KW Jänschwalde Block B","11WD8JAEN1L---BB","Fossil Brown coal/Lignite","11WD8JAEN1L---BB","27/04/2026 17:00 - 27/04/2026 18:00","474.75",""
"27/04/2026 00:00 - 28/04/2026 00:00","CTA|DE(50Hertz)","KW Jänschwalde Block B","11WD8JAEN1L---BB","Fossil Brown coal/Lignite","11WD8JAEN1L---BB","27/04/2026 18:00 - 27/04/2026 19:00","468.50",""
"27/04/2026 00:00 - 28/04/2026 00:00","CTA|DE(50Hertz)","KW Jänschwalde Block B","11WD8JAEN1L---BB","Fossil Brown coal/Lignite","11WD8JAEN1L---BB","27/04/2026 19:00 - 27/04/2026 20:00","475.25",""
"27/04/2026 00:00 - 28/04/2026 00:00","CTA|DE(50Hertz)","KW Jänschwalde Block B","11WD8JAEN1L---BB","Fossil Brown coal/Lignite","11WD8JAEN1L---BB","27/04/2026 20:00 - 27/04/2026 21:00","475.00",""
"27/04/2026 00:00 - 28/04/2026 00:00","CTA|DE(50Hertz)","KW Jänschwalde Block B","11WD8JAEN1L---BB","Fossil Brown coal/Lignite","11WD8JAEN1L---BB","27/04/2026 21:00 - 27/04/2026 22:00","468.00",""
"27/04/2026 00:00 - 28/04/2026 00:00","CTA|DE(50Hertz)","KW Jänschwalde Block B","11WD8JAEN1L---BB","Fossil Brown coal/Lignite","11WD8JAEN1L---BB","27/04/2026 22:00 - 27/04/2026 23:00","473.75",""
"27/04/2026 00:00 - 28/04/2026 00:00","CTA|DE(50Hertz)","KW Jänschwalde Block B","11WD8JAEN1L---BB","Fossil Brown coal/Lignite","11WD8JAEN1L---BB","27/04/2026 23:00 - 28/04/2026 00:00","472.50",""
"27/04/2026 00:00 - 28/04/2026 00:00","CTA|DE(50Hertz)","KW Jänschwalde Block C","11WD8JAEN1L---C9","Fossil Brown coal/Lignite","11WD8JAEN1L---C9","27/04/2026 00:00 - 27/04/2026 01:00","0.00",""
"27/04/2026 00:00 - 28/04/2026 00:00","CTA|DE(50Hertz)","KW Jänschwalde Block C","11WD8JAEN1L---C9","Fossil Brown coal/Lignite","11WD8JAEN1L---C9","27/04/2026 01:00 - 27/04/2026 02:00","0.00",""
"27/04/2026 00:00 - 28/04/2026 00:00","CTA|DE(50Hertz)","KW Jänschwalde Block C","11WD8JAEN1L---C9","Fossil Brown coal/Lignite","11WD8JAEN1L---C9","27/04/2026 02:00 - 27/04/2026 03:00","0.00",""
"27/04/2026 00:00 - 28/04/2026 00:00","CTA|DE(50Hertz)","KW Jänschwalde Block C","11WD8JAEN1L---C9","Fossil Brown coal/Lignite","11WD8JAEN1L---C9","27/04/2026 03:00 - 27/04/2026 04:00","0.00",""
"27/04/2026 00:00 - 28/04/2026 00:00","CTA|DE(50Hertz)","KW Jänschwalde Block C","11WD8JAEN1L---C9","Fossil Brown coal/Lignite","11WD8JAEN1L---C9","27/04/2026 04:00 - 27/04/2026 05:00","0.00",""
"27/04/2026 00:00 - 28/04/2026 00:00","CTA|DE(50Hertz)","KW Jänschwalde Block C","11WD8JAEN1L---C9","Fossil Brown coal/Lignite","11WD8JAEN1L---C9","27/04/2026 05:00 - 27/04/2026 06:00","0.00",""
"27/04/2026 00:00 - 28/04/2026 00:00","CTA|DE(50Hertz)","KW Jänschwalde Block C","11WD8JAEN1L---C9","Fossil Brown coal/Lignite","11WD8JAEN1L---C9","27/04/2026 06:00 - 27/04/2026 07:00","0.00",""
"27/04/2026 00:00 - 28/04/2026 00:00","CTA|DE(50Hertz)","KW Jänschwalde Block C","11WD8JAEN1L---C9","Fossil Brown coal/Lignite","11WD8JAEN1L---C9","27/04/2026 07:00 - 27/04/2026 08:00","0.00",""
"27/04/2026 00:00 - 28/04/2026 00:00","CTA|DE(50Hertz)","KW Jänschwalde Block C","11WD8JAEN1L---C9","Fossil Brown coal/Lignite","11WD8JAEN1L---C9","27/04/2026 08:00 - 27/04/2026 09:00","0.00",""
"27/04/2026 00:00 - 28/04/2026 00:00","CTA|DE(50Hertz)","KW Jänschwalde Block C","11WD8JAEN1L---C9","Fossil Brown coal/Lignite","11WD8JAEN1L---C9","27/04/2026 09:00 - 27/04/2026 10:00","0.00",""
"27/04/2026 00:00 - 28/04/2026 00:00","CTA|DE(50Hertz)","KW Jänschwalde Block C","11WD8JAEN1L---C9","Fossil Brown coal/Lignite","11WD8JAEN1L---C9","27/04/2026 10:00 - 27/04/2026 11:00","0.00",""
"27/04/2026 00:00 - 28/04/2026 00:00","CTA|DE(50Hertz)","KW Jänschwalde Block C","11WD8JAEN1L---C9","Fossil Brown coal/Lignite","11WD8JAEN1L---C9","27/04/2026 11:00 - 27/04/2026 12:00","0.00",""
"27/04/2026 00:00 - 28/04/2026 00:00","CTA|DE(50Hertz)","KW Jänschwalde Block C","11WD8JAEN1L---C9","Fossil Brown coal/Lignite","11WD8JAEN1L---C9","27/04/2026 12:00 - 27/04/2026 13:00","0.00",""
"27/04/2026 00:00 - 28/04/2026 00:00","CTA|DE(50Hertz)","KW Jänschwalde Block C","11WD8JAEN1L---C9","Fossil Brown coal/Lignite","11WD8JAEN1L---C9","27/04/2026 13:00 - 27/04/2026 14:00","0.00",""
"27/04/2026 00:00 - 28/04/2026 00:00","CTA|DE(50Hertz)","KW Jänschwalde Block C","11WD8JAEN1L---C9","Fossil Brown coal/Lignite","11WD8JAEN1L---C9","27/04/2026 14:00 - 27/04/2026 15:00","0.00",""
"27/04/2026 00:00 - 28/04/2026 00:00","CTA|DE(50Hertz)","KW Jänschwalde Block C","11WD8JAEN1L---C9","Fossil Brown coal/Lignite","11WD8JAEN1L---C9","27/04/2026 15:00 - 27/04/2026 16:00","0.00",""
"27/04/2026 00:00 - 28/04/2026 00:00","CTA|DE(50Hertz)","KW Jänschwalde Block C","11WD8JAEN1L---C9","Fossil Brown coal/Lignite","11WD8JAEN1L---C9","27/04/2026 16:00 - 27/04/2026 17:00","0.00",""
"27/04/2026 00:00 - 28/04/2026 00:00","CTA|DE(50Hertz)","KW Jänschwalde Block C","11WD8JAEN1L---C9","Fossil Brown coal/Lignite","11WD8JAEN1L---C9","27/04/2026 17:00 - 27/04/2026 18:00","0.00",""
"27/04/2026 00:00 - 28/04/2026 00:00","CTA|DE(50Hertz)","KW Jänschwalde Block C","11WD8JAEN1L---C9","Fossil Brown coal/Lignite","11WD8JAEN1L---C9","27/04/2026 18:00 - 27/04/2026 19:00","0.00",""
"27/04/2026 00:00 - 28/04/2026 00:00","CTA|DE(50Hertz)","KW Jänschwalde Block C","11WD8JAEN1L---C9","Fossil Brown coal/Lignite","11WD8JAEN1L---C9","27/04/2026 19:00 - 27/04/2026 20:00","0.00",""
"27/04/2026 00:00 - 28/04/2026 00:00","CTA|DE(50Hertz)","KW Jänschwalde Block C","11WD8JAEN1L---C9","Fossil Brown coal/Lignite","11WD8JAEN1L---C9","27/04/2026 20:00 - 27/04/2026 21:00","0.00",""
"27/04/2026 00:00 - 28/04/2026 00:00","CTA|DE(50Hertz)","KW Jänschwalde Block C","11WD8JAEN1L---C9","Fossil Brown coal/Lignite","11WD8JAEN1L---C9","27/04/2026 21:00 - 27/04/2026 22:00","0.00",""
"27/04/2026 00:00 - 28/04/2026 00:00","CTA|DE(50Hertz)","KW Jänschwalde Block C","11WD8JAEN1L---C9","Fossil Brown coal/Lignite","11WD8JAEN1L---C9","27/04/2026 22:00 - 27/04/2026 23:00","0.00",""
"27/04/2026 00:00 - 28/04/2026 00:00","CTA|DE(50Hertz)","KW Jänschwalde Block C","11WD8JAEN1L---C9","Fossil Brown coal/Lignite","11WD8JAEN1L---C9","27/04/2026 23:00 - 28/04/2026 00:00","0.00",""
"27/04/2026 00:00 - 28/04/2026 00:00","CTA|DE(50Hertz)","KW Jänschwalde Block D","11WD8JAEN1L---D7","Fossil Brown coal/Lignite","11WD8JAEN1L---D7","27/04/2026 00:00 - 27/04/2026 01:00","490.25",""
"27/04/2026 00:00 - 28/04/2026 00:00","CTA|DE(50Hertz)","KW Jänschwalde Block D","11WD8JAEN1L---D7","Fossil Brown coal/Lignite","11WD8JAEN1L---D7","27/04/2026 01:00 - 27/04/2026 02:00","491.50",""
"27/04/2026 00:00 - 28/04/2026 00:00","CTA|DE(50Hertz)","KW Jänschwalde Block D","11WD8JAEN1L---D7","Fossil Brown coal/Lignite","11WD8JAEN1L---D7","27/04/2026 02:00 - 27/04/2026 03:00","491.00",""
"27/04/2026 00:00 - 28/04/2026 00:00","CTA|DE(50Hertz)","KW Jänschwalde Block D","11WD8JAEN1L---D7","Fossil Brown coal/Lignite","11WD8JAEN1L---D7","27/04/2026 03:00 - 27/04/2026 04:00","491.50",""
"27/04/2026 00:00 - 28/04/2026 00:00","CTA|DE(50Hertz)","KW Jänschwalde Block D","11WD8JAEN1L---D7","Fossil Brown coal/Lignite","11WD8JAEN1L---D7","27/04/2026 04:00 - 27/04/2026 05:00","491.75",""
"27/04/2026 00:00 - 28/04/2026 00:00","CTA|DE(50Hertz)","KW Jänschwalde Block D","11WD8JAEN1L---D7","Fossil Brown coal/Lignite","11WD8JAEN1L---D7","27/04/2026 05:00 - 27/04/2026 06:00","489.50",""
"27/04/2026 00:00 - 28/04/2026 00:00","CTA|DE(50Hertz)","KW Jänschwalde Block D","11WD8JAEN1L---D7","Fossil Brown coal/Lignite","11WD8JAEN1L---D7","27/04/2026 06:00 - 27/04/2026 07:00","488.50",""
"27/04/2026 00:00 - 28/04/2026 00:00","CTA|DE(50Hertz)","KW Jänschwalde Block D","11WD8JAEN1L---D7","Fossil Brown coal/Lignite","11WD8JAEN1L---D7","27/04/2026 07:00 - 27/04/2026 08:00","386.75",""
"27/04/2026 00:00 - 28/04/2026 00:00","CTA|DE(50Hertz)","KW Jänschwalde Block D","11WD8JAEN1L---D7","Fossil Brown coal/Lignite","11WD8JAEN1L---D7","27/04/2026 08:00 - 27/04/2026 09:00","306.00",""
"27/04/2026 00:00 - 28/04/2026 00:00","CTA|DE(50Hertz)","KW Jänschwalde Block D","11WD8JAEN1L---D7","Fossil Brown coal/Lignite","11WD8JAEN1L---D7","27/04/2026 09:00 - 27/04/2026 10:00","301.25",""
"27/04/2026 00:00 - 28/04/2026 00:00","CTA|DE(50Hertz)","KW Jänschwalde Block D","11WD8JAEN1L---D7","Fossil Brown coal/Lignite","11WD8JAEN1L---D7","27/04/2026 10:00 - 27/04/2026 11:00","302.50",""
"27/04/2026 00:00 - 28/04/2026 00:00","CTA|DE(50Hertz)","KW Jänschwalde Block D","11WD8JAEN1L---D7","Fossil Brown coal/Lignite","11WD8JAEN1L---D7","27/04/2026 11:00 - 27/04/2026 12:00","299.75",""
"27/04/2026 00:00 - 28/04/2026 00:00","CTA|DE(50Hertz)","KW Jänschwalde Block D","11WD8JAEN1L---D7","Fossil Brown coal/Lignite","11WD8JAEN1L---D7","27/04/2026 12:00 - 27/04/2026 13:00","300.75",""
"27/04/2026 00:00 - 28/04/2026 00:00","CTA|DE(50Hertz)","KW Jänschwalde Block D","11WD8JAEN1L---D7","Fossil Brown coal/Lignite","11WD8JAEN1L---D7","27/04/2026 13:00 - 27/04/2026 14:00","300.50",""
"27/04/2026 00:00 - 28/04/2026 00:00","CTA|DE(50Hertz)","KW Jänschwalde Block D","11WD8JAEN1L---D7","Fossil Brown coal/Lignite","11WD8JAEN1L---D7","27/04/2026 14:00 - 27/04/2026 15:00","300.25",""
"27/04/2026 00:00 - 28/04/2026 00:00","CTA|DE(50Hertz)","KW Jänschwalde Block D","11WD8JAEN1L---D7","Fossil Brown coal/Lignite","11WD8JAEN1L---D7","27/04/2026 15:00 - 27/04/2026 16:00","299.00",""
"27/04/2026 00:00 - 28/04/2026 00:00","CTA|DE(50Hertz)","KW Jänschwalde Block D","11WD8JAEN1L---D7","Fossil Brown coal/Lignite","11WD8JAEN1L---D7","27/04/2026 16:00 - 27/04/2026 17:00","314.00",""
"27/04/2026 00:00 - 28/04/2026 00:00","CTA|DE(50Hertz)","KW Jänschwalde Block D","11WD8JAEN1L---D7","Fossil Brown coal/Lignite","11WD8JAEN1L---D7","27/04/2026 17:00 - 27/04/2026 18:00","463.75",""
"27/04/2026 00:00 - 28/04/2026 00:00","CTA|DE(50Hertz)","KW Jänschwalde Block D","11WD8JAEN1L---D7","Fossil Brown coal/Lignite","11WD8JAEN1L---D7","27/04/2026 18:00 - 27/04/2026 19:00","485.25",""
"27/04/2026 00:00 - 28/04/2026 00:00","CTA|DE(50Hertz)","KW Jänschwalde Block D","11WD8JAEN1L---D7","Fossil Brown coal/Lignite","11WD8JAEN1L---D7","27/04/2026 19:00 - 27/04/2026 20:00","489.75",""
"27/04/2026 00:00 - 28/04/2026 00:00","CTA|DE(50Hertz)","KW Jänschwalde Block D","11WD8JAEN1L---D7","Fossil Brown coal/Lignite","11WD8JAEN1L---D7","27/04/2026 20:00 - 27/04/2026 21:00","486.75",""
"27/04/2026 00:00 - 28/04/2026 00:00","CTA|DE(50Hertz)","KW Jänschwalde Block D","11WD8JAEN1L---D7","Fossil Brown coal/Lignite","11WD8JAEN1L---D7","27/04/2026 21:00 - 27/04/2026 22:00","479.50",""
"27/04/2026 00:00 - 28/04/2026 00:00","CTA|DE(50Hertz)","KW Jänschwalde Block D","11WD8JAEN1L---D7","Fossil Brown coal/Lignite","11WD8JAEN1L---D7","27/04/2026 22:00 - 27/04/2026 23:00","478.50",""
"27/04/2026 00:00 - 28/04/2026 00:00","CTA|DE(50Hertz)","KW Jänschwalde Block D","11WD8JAEN1L---D7","Fossil Brown coal/Lignite","11WD8JAEN1L---D7","27/04/2026 23:00 - 28/04/2026 00:00","473.25",""
"27/04/2026 00:00 - 28/04/2026 00:00","CTA|DE(50Hertz)","HKW Klingenberg 1-3","11WD8KLIN5G--13E","Fossil Gas","11WD8KLIN5G--13E","27/04/2026 00:00 - 27/04/2026 01:00","24.25",""
"27/04/2026 00:00 - 28/04/2026 00:00","CTA|DE(50Hertz)","HKW Klingenberg 1-3","11WD8KLIN5G--13E","Fossil Gas","11WD8KLIN5G--13E","27/04/2026 01:00 - 27/04/2026 02:00","24.25",""
"27/04/2026 00:00 - 28/04/2026 00:00","CTA|DE(50Hertz)","HKW Klingenberg 1-3","11WD8KLIN5G--13E","Fossil Gas","11WD8KLIN5G--13E","27/04/2026 02:00 - 27/04/2026 03:00","24.00",""
"27/04/2026 00:00 - 28/04/2026 00:00","CTA|DE(50Hertz)","HKW Klingenberg 1-3","11WD8KLIN5G--13E","Fossil Gas","11WD8KLIN5G--13E","27/04/2026 03:00 - 27/04/2026 04:00","24.00",""
"27/04/2026 00:00 - 28/04/2026 00:00","CTA|DE(50Hertz)","HKW Klingenberg 1-3","11WD8KLIN5G--13E","Fossil Gas","11WD8KLIN5G--13E","27/04/2026 04:00 - 27/04/2026 05:00","30.25",""
"27/04/2026 00:00 - 28/04/2026 00:00","CTA|DE(50Hertz)","HKW Klingenberg 1-3","11WD8KLIN5G--13E","Fossil Gas","11WD8KLIN5G--13E","27/04/2026 05:00 - 27/04/2026 06:00","34.25",""
"27/04/2026 00:00 - 28/04/2026 00:00","CTA|DE(50Hertz)","HKW Klingenberg 1-3","11WD8KLIN5G--13E","Fossil Gas","11WD8KLIN5G--13E","27/04/2026 06:00 - 27/04/2026 07:00","34.25",""
"27/04/2026 00:00 - 28/04/2026 00:00","CTA|DE(50Hertz)","HKW Klingenberg 1-3","11WD8KLIN5G--13E","Fossil Gas","11WD8KLIN5G--13E","27/04/2026 07:00 - 27/04/2026 08:00","33.75",""
"27/04/2026 00:00 - 28/04/2026 00:00","CTA|DE(50Hertz)","HKW Klingenberg 1-3","11WD8KLIN5G--13E","Fossil Gas","11WD8KLIN5G--13E","27/04/2026 08:00 - 27/04/2026 09:00","33.50",""
"27/04/2026 00:00 - 28/04/2026 00:00","CTA|DE(50Hertz)","HKW Klingenberg 1-3","11WD8KLIN5G--13E","Fossil Gas","11WD8KLIN5G--13E","27/04/2026 09:00 - 27/04/2026 10:00","33.75",""
"27/04/2026 00:00 - 28/04/2026 00:00","CTA|DE(50Hertz)","HKW Klingenberg 1-3","11WD8KLIN5G--13E","Fossil Gas","11WD8KLIN5G--13E","27/04/2026 10:00 - 27/04/2026 11:00","24.50",""
"27/04/2026 00:00 - 28/04/2026 00:00","CTA|DE(50Hertz)","HKW Klingenberg 1-3","11WD8KLIN5G--13E","Fossil Gas","11WD8KLIN5G--13E","27/04/2026 11:00 - 27/04/2026 12:00","20.00",""
"27/04/2026 00:00 - 28/04/2026 00:00","CTA|DE(50Hertz)","HKW Klingenberg 1-3","11WD8KLIN5G--13E","Fossil Gas","11WD8KLIN5G--13E","27/04/2026 12:00 - 27/04/2026 13:00","19.50",""
"27/04/2026 00:00 - 28/04/2026 00:00","CTA|DE(50Hertz)","HKW Klingenberg 1-3","11WD8KLIN5G--13E","Fossil Gas","11WD8KLIN5G--13E","27/04/2026 13:00 - 27/04/2026 14:00","19.75",""
"27/04/2026 00:00 - 28/04/2026 00:00","CTA|DE(50Hertz)","HKW Klingenberg 1-3","11WD8KLIN5G--13E","Fossil Gas","11WD8KLIN5G--13E","27/04/2026 14:00 - 27/04/2026 15:00","20.00",""
"27/04/2026 00:00 - 28/04/2026 00:00","CTA|DE(50Hertz)","HKW Klingenberg 1-3","11WD8KLIN5G--13E","Fossil Gas","11WD8KLIN5G--13E","27/04/2026 15:00 - 27/04/2026 16:00","20.00",""
"27/04/2026 00:00 - 28/04/2026 00:00","CTA|DE(50Hertz)","HKW Klingenberg 1-3","11WD8KLIN5G--13E","Fossil Gas","11WD8KLIN5G--13E","27/04/2026 16:00 - 27/04/2026 17:00","19.75",""
"27/04/2026 00:00 - 28/04/2026 00:00","CTA|DE(50Hertz)","HKW Klingenberg 1-3","11WD8KLIN5G--13E","Fossil Gas","11WD8KLIN5G--13E","27/04/2026 17:00 - 27/04/2026 18:00","19.50",""
"27/04/2026 00:00 - 28/04/2026 00:00","CTA|DE(50Hertz)","HKW Klingenberg 1-3","11WD8KLIN5G--13E","Fossil Gas","11WD8KLIN5G--13E","27/04/2026 18:00 - 27/04/2026 19:00","20.00",""
"27/04/2026 00:00 - 28/04/2026 00:00","CTA|DE(50Hertz)","HKW Klingenberg 1-3","11WD8KLIN5G--13E","Fossil Gas","11WD8KLIN5G--13E","27/04/2026 19:00 - 27/04/2026 20:00","19.75",""
"27/04/2026 00:00 - 28/04/2026 00:00","CTA|DE(50Hertz)","HKW Klingenberg 1-3","11WD8KLIN5G--13E","Fossil Gas","11WD8KLIN5G--13E","27/04/2026 20:00 - 27/04/2026 21:00","19.75",""
"27/04/2026 00:00 - 28/04/2026 00:00","CTA|DE(50Hertz)","HKW Klingenberg 1-3","11WD8KLIN5G--13E","Fossil Gas","11WD8KLIN5G--13E","27/04/2026 21:00 - 27/04/2026 22:00","20.00",""
"27/04/2026 00:00 - 28/04/2026 00:00","CTA|DE(50Hertz)","HKW Klingenberg 1-3","11WD8KLIN5G--13E","Fossil Gas","11WD8KLIN5G--13E","27/04/2026 22:00 - 27/04/2026 23:00","20.00",""
"27/04/2026 00:00 - 28/04/2026 00:00","CTA|DE(50Hertz)","HKW Klingenberg 1-3","11WD8KLIN5G--13E","Fossil Gas","11WD8KLIN5G--13E","27/04/2026 23:00 - 28/04/2026 00:00","21.00",""
"27/04/2026 00:00 - 28/04/2026 00:00","CTA|DE(50Hertz)","HKW Nord GuD Nord","11WD8LEIP5X----6","Fossil Gas","11WD8LEIP5X----6","27/04/2026 00:00 - 27/04/2026 01:00","1.35",""
"27/04/2026 00:00 - 28/04/2026 00:00","CTA|DE(50Hertz)","HKW Nord GuD Nord","11WD8LEIP5X----6","Fossil Gas","11WD8LEIP5X----6","27/04/2026 01:00 - 27/04/2026 02:00","1.40",""
"27/04/2026 00:00 - 28/04/2026 00:00","CTA|DE(50Hertz)","HKW Nord GuD Nord","11WD8LEIP5X----6","Fossil Gas","11WD8LEIP5X----6","27/04/2026 02:00 - 27/04/2026 03:00","1.40",""
"27/04/2026 00:00 - 28/04/2026 00:00","CTA|DE(50Hertz)","HKW Nord GuD Nord","11WD8LEIP5X----6","Fossil Gas","11WD8LEIP5X----6","27/04/2026 03:00 - 27/04/2026 04:00","1.38",""
"27/04/2026 00:00 - 28/04/2026 00:00","CTA|DE(50Hertz)","HKW Nord GuD Nord","11WD8LEIP5X----6","Fossil Gas","11WD8LEIP5X----6","27/04/2026 04:00 - 27/04/2026 05:00","1.38",""
"27/04/2026 00:00 - 28/04/2026 00:00","CTA|DE(50Hertz)","HKW Nord GuD Nord","11WD8LEIP5X----6","Fossil Gas","11WD8LEIP5X----6","27/04/2026 05:00 - 27/04/2026 06:00","1.40",""
"27/04/2026 00:00 - 28/04/2026 00:00","CTA|DE(50Hertz)","HKW Nord GuD Nord","11WD8LEIP5X----6","Fossil Gas","11WD8LEIP5X----6","27/04/2026 06:00 - 27/04/2026 07:00","1.40",""
"27/04/2026 00:00 - 28/04/2026 00:00","CTA|DE(50Hertz)","HKW Nord GuD Nord","11WD8LEIP5X----6","Fossil Gas","11WD8LEIP5X----6","27/04/2026 07:00 - 27/04/2026 08:00","1.40",""
"27/04/2026 00:00 - 28/04/2026 00:00","CTA|DE(50Hertz)","HKW Nord GuD Nord","11WD8LEIP5X----6","Fossil Gas","11WD8LEIP5X----6","27/04/2026 08:00 - 27/04/2026 09:00","1.30",""
"27/04/2026 00:00 - 28/04/2026 00:00","CTA|DE(50Hertz)","HKW Nord GuD Nord","11WD8LEIP5X----6","Fossil Gas","11WD8LEIP5X----6","27/04/2026 09:00 - 27/04/2026 10:00","1.00",""
"27/04/2026 00:00 - 28/04/2026 00:00","CTA|DE(50Hertz)","HKW Nord GuD Nord","11WD8LEIP5X----6","Fossil Gas","11WD8LEIP5X----6","27/04/2026 10:00 - 27/04/2026 11:00","1.00",""
"27/04/2026 00:00 - 28/04/2026 00:00","CTA|DE(50Hertz)","HKW Nord GuD Nord","11WD8LEIP5X----6","Fossil Gas","11WD8LEIP5X----6","27/04/2026 11:00 - 27/04/2026 12:00","1.00",""
"27/04/2026 00:00 - 28/04/2026 00:00","CTA|DE(50Hertz)","HKW Nord GuD Nord","11WD8LEIP5X----6","Fossil Gas","11WD8LEIP5X----6","27/04/2026 12:00 - 27/04/2026 13:00","1.00",""
"27/04/2026 00:00 - 28/04/2026 00:00","CTA|DE(50Hertz)","HKW Nord GuD Nord","11WD8LEIP5X----6","Fossil Gas","11WD8LEIP5X----6","27/04/2026 13:00 - 27/04/2026 14:00","1.00",""
"27/04/2026 00:00 - 28/04/2026 00:00","CTA|DE(50Hertz)","HKW Nord GuD Nord","11WD8LEIP5X----6","Fossil Gas","11WD8LEIP5X----6","27/04/2026 14:00 - 27/04/2026 15:00","1.00",""
"27/04/2026 00:00 - 28/04/2026 00:00","CTA|DE(50Hertz)","HKW Nord GuD Nord","11WD8LEIP5X----6","Fossil Gas","11WD8LEIP5X----6","27/04/2026 15:00 - 27/04/2026 16:00","1.00",""
"27/04/2026 00:00 - 28/04/2026 00:00","CTA|DE(50Hertz)","HKW Nord GuD Nord","11WD8LEIP5X----6","Fossil Gas","11WD8LEIP5X----6","27/04/2026 16:00 - 27/04/2026 17:00","1.00",""
"27/04/2026 00:00 - 28/04/2026 00:00","CTA|DE(50Hertz)","HKW Nord GuD Nord","11WD8LEIP5X----6","Fossil Gas","11WD8LEIP5X----6","27/04/2026 17:00 - 27/04/2026 18:00","1.00",""
"27/04/2026 00:00 - 28/04/2026 00:00","CTA|DE(50Hertz)","HKW Nord GuD Nord","11WD8LEIP5X----6","Fossil Gas","11WD8LEIP5X----6","27/04/2026 18:00 - 27/04/2026 19:00","1.02",""
"27/04/2026 00:00 - 28/04/2026 00:00","CTA|DE(50Hertz)","HKW Nord GuD Nord","11WD8LEIP5X----6","Fossil Gas","11WD8LEIP5X----6","27/04/2026 19:00 - 27/04/2026 20:00","1.27",""
"27/04/2026 00:00 - 28/04/2026 00:00","CTA|DE(50Hertz)","HKW Nord GuD Nord","11WD8LEIP5X----6","Fossil Gas","11WD8LEIP5X----6","27/04/2026 20:00 - 27/04/2026 21:00","1.40",""
"27/04/2026 00:00 - 28/04/2026 00:00","CTA|DE(50Hertz)","HKW Nord GuD Nord","11WD8LEIP5X----6","Fossil Gas","11WD8LEIP5X----6","27/04/2026 21:00 - 27/04/2026 22:00","1.40",""
"27/04/2026 00:00 - 28/04/2026 00:00","CTA|DE(50Hertz)","HKW Nord GuD Nord","11WD8LEIP5X----6","Fossil Gas","11WD8LEIP5X----6","27/04/2026 22:00 - 27/04/2026 23:00","1.32",""
"27/04/2026 00:00 - 28/04/2026 00:00","CTA|DE(50Hertz)","HKW Nord GuD Nord","11WD8LEIP5X----6","Fossil Gas","11WD8LEIP5X----6","27/04/2026 23:00 - 28/04/2026 00:00","1.00",""
"27/04/2026 00:00 - 28/04/2026 00:00","CTA|DE(50Hertz)","KW Lippendorf Block R","11WD8LIPD1L---R6","Fossil Brown coal/Lignite","11WD8LIPD1L---R6","27/04/2026 00:00 - 27/04/2026 01:00","844.50",""
"27/04/2026 00:00 - 28/04/2026 00:00","CTA|DE(50Hertz)","KW Lippendorf Block R","11WD8LIPD1L---R6","Fossil Brown coal/Lignite","11WD8LIPD1L---R6","27/04/2026 01:00 - 27/04/2026 02:00","843.00",""
"27/04/2026 00:00 - 28/04/2026 00:00","CTA|DE(50Hertz)","KW Lippendorf Block R","11WD8LIPD1L---R6","Fossil Brown coal/Lignite","11WD8LIPD1L---R6","27/04/2026 02:00 - 27/04/2026 03:00","840.50",""
"27/04/2026 00:00 - 28/04/2026 00:00","CTA|DE(50Hertz)","KW Lippendorf Block R","11WD8LIPD1L---R6","Fossil Brown coal/Lignite","11WD8LIPD1L---R6","27/04/2026 03:00 - 27/04/2026 04:00","843.75",""
"27/04/2026 00:00 - 28/04/2026 00:00","CTA|DE(50Hertz)","KW Lippendorf Block R","11WD8LIPD1L---R6","Fossil Brown coal/Lignite","11WD8LIPD1L---R6","27/04/2026 04:00 - 27/04/2026 05:00","846.00",""
"27/04/2026 00:00 - 28/04/2026 00:00","CTA|DE(50Hertz)","KW Lippendorf Block R","11WD8LIPD1L---R6","Fossil Brown coal/Lignite","11WD8LIPD1L---R6","27/04/2026 05:00 - 27/04/2026 06:00","846.75",""
"27/04/2026 00:00 - 28/04/2026 00:00","CTA|DE(50Hertz)","KW Lippendorf Block R","11WD8LIPD1L---R6","Fossil Brown coal/Lignite","11WD8LIPD1L---R6","27/04/2026 06:00 - 27/04/2026 07:00","849.75",""
"27/04/2026 00:00 - 28/04/2026 00:00","CTA|DE(50Hertz)","KW Lippendorf Block R","11WD8LIPD1L---R6","Fossil Brown coal/Lignite","11WD8LIPD1L---R6","27/04/2026 07:00 - 27/04/2026 08:00","846.25",""
"27/04/2026 00:00 - 28/04/2026 00:00","CTA|DE(50Hertz)","KW Lippendorf Block R","11WD8LIPD1L---R6","Fossil Brown coal/Lignite","11WD8LIPD1L---R6","27/04/2026 08:00 - 27/04/2026 09:00","800.75",""
"27/04/2026 00:00 - 28/04/2026 00:00","CTA|DE(50Hertz)","KW Lippendorf Block R","11WD8LIPD1L---R6","Fossil Brown coal/Lignite","11WD8LIPD1L---R6","27/04/2026 09:00 - 27/04/2026 10:00","434.25",""
"27/04/2026 00:00 - 28/04/2026 00:00","CTA|DE(50Hertz)","KW Lippendorf Block R","11WD8LIPD1L---R6","Fossil Brown coal/Lignite","11WD8LIPD1L---R6","27/04/2026 10:00 - 27/04/2026 11:00","281.50",""
"27/04/2026 00:00 - 28/04/2026 00:00","CTA|DE(50Hertz)","KW Lippendorf Block R","11WD8LIPD1L---R6","Fossil Brown coal/Lignite","11WD8LIPD1L---R6","27/04/2026 11:00 - 27/04/2026 12:00","275.00",""
"27/04/2026 00:00 - 28/04/2026 00:00","CTA|DE(50Hertz)","KW Lippendorf Block R","11WD8LIPD1L---R6","Fossil Brown coal/Lignite","11WD8LIPD1L---R6","27/04/2026 12:00 - 27/04/2026 13:00","275.00",""
"27/04/2026 00:00 - 28/04/2026 00:00","CTA|DE(50Hertz)","KW Lippendorf Block R","11WD8LIPD1L---R6","Fossil Brown coal/Lignite","11WD8LIPD1L---R6","27/04/2026 13:00 - 27/04/2026 14:00","276.00",""
"27/04/2026 00:00 - 28/04/2026 00:00","CTA|DE(50Hertz)","KW Lippendorf Block R","11WD8LIPD1L---R6","Fossil Brown coal/Lignite","11WD8LIPD1L---R6","27/04/2026 14:00 - 27/04/2026 15:00","275.50",""
"27/04/2026 00:00 - 28/04/2026 00:00","CTA|DE(50Hertz)","KW Lippendorf Block R","11WD8LIPD1L---R6","Fossil Brown coal/Lignite","11WD8LIPD1L---R6","27/04/2026 15:00 - 27/04/2026 16:00","276.25",""
"27/04/2026 00:00 - 28/04/2026 00:00","CTA|DE(50Hertz)","KW Lippendorf Block R","11WD8LIPD1L---R6","Fossil Brown coal/Lignite","11WD8LIPD1L---R6","27/04/2026 16:00 - 27/04/2026 17:00","312.25",""
"27/04/2026 00:00 - 28/04/2026 00:00","CTA|DE(50Hertz)","KW Lippendorf Block R","11WD8LIPD1L---R6","Fossil Brown coal/Lignite","11WD8LIPD1L---R6","27/04/2026 17:00 - 27/04/2026 18:00","540.75",""
"27/04/2026 00:00 - 28/04/2026 00:00","CTA|DE(50Hertz)","KW Lippendorf Block R","11WD8LIPD1L---R6","Fossil Brown coal/Lignite","11WD8LIPD1L---R6","27/04/2026 18:00 - 27/04/2026 19:00","855.00",""
"27/04/2026 00:00 - 28/04/2026 00:00","CTA|DE(50Hertz)","KW Lippendorf Block R","11WD8LIPD1L---R6","Fossil Brown coal/Lignite","11WD8LIPD1L---R6","27/04/2026 19:00 - 27/04/2026 20:00","857.75",""
"27/04/2026 00:00 - 28/04/2026 00:00","CTA|DE(50Hertz)","KW Lippendorf Block R","11WD8LIPD1L---R6","Fossil Brown coal/Lignite","11WD8LIPD1L---R6","27/04/2026 20:00 - 27/04/2026 21:00","858.75",""
"27/04/2026 00:00 - 28/04/2026 00:00","CTA|DE(50Hertz)","KW Lippendorf Block R","11WD8LIPD1L---R6","Fossil Brown coal/Lignite","11WD8LIPD1L---R6","27/04/2026 21:00 - 27/04/2026 22:00","858.25",""
"27/04/2026 00:00 - 28/04/2026 00:00","CTA|DE(50Hertz)","KW Lippendorf Block R","11WD8LIPD1L---R6","Fossil Brown coal/Lignite","11WD8LIPD1L---R6","27/04/2026 22:00 - 27/04/2026 23:00","856.75",""
"27/04/2026 00:00 - 28/04/2026 00:00","CTA|DE(50Hertz)","KW Lippendorf Block R","11WD8LIPD1L---R6","Fossil Brown coal/Lignite","11WD8LIPD1L---R6","27/04/2026 23:00 - 28/04/2026 00:00","850.50",""
"27/04/2026 00:00 - 28/04/2026 00:00","CTA|DE(50Hertz)","KW Lippendorf Block S","11WD8LIPD1L---S4","Fossil Brown coal/Lignite","11WD8LIPD1L---S4","27/04/2026 00:00 - 27/04/2026 01:00","0.00",""
"27/04/2026 00:00 - 28/04/2026 00:00","CTA|DE(50Hertz)","KW Lippendorf Block S","11WD8LIPD1L---S4","Fossil Brown coal/Lignite","11WD8LIPD1L---S4","27/04/2026 01:00 - 27/04/2026 02:00","0.00",""
"27/04/2026 00:00 - 28/04/2026 00:00","CTA|DE(50Hertz)","KW Lippendorf Block S","11WD8LIPD1L---S4","Fossil Brown coal/Lignite","11WD8LIPD1L---S4","27/04/2026 02:00 - 27/04/2026 03:00","0.00",""
"27/04/2026 00:00 - 28/04/2026 00:00","CTA|DE(50Hertz)","KW Lippendorf Block S","11WD8LIPD1L---S4","Fossil Brown coal/Lignite","11WD8LIPD1L---S4","27/04/2026 03:00 - 27/04/2026 04:00","0.00",""
"27/04/2026 00:00 - 28/04/2026 00:00","CTA|DE(50Hertz)","KW Lippendorf Block S","11WD8LIPD1L---S4","Fossil Brown coal/Lignite","11WD8LIPD1L---S4","27/04/2026 04:00 - 27/04/2026 05:00","0.00",""
"27/04/2026 00:00 - 28/04/2026 00:00","CTA|DE(50Hertz)","KW Lippendorf Block S","11WD8LIPD1L---S4","Fossil Brown coal/Lignite","11WD8LIPD1L---S4","27/04/2026 05:00 - 27/04/2026 06:00","0.00",""
"27/04/2026 00:00 - 28/04/2026 00:00","CTA|DE(50Hertz)","KW Lippendorf Block S","11WD8LIPD1L---S4","Fossil Brown coal/Lignite","11WD8LIPD1L---S4","27/04/2026 06:00 - 27/04/2026 07:00","0.00",""
"27/04/2026 00:00 - 28/04/2026 00:00","CTA|DE(50Hertz)","KW Lippendorf Block S","11WD8LIPD1L---S4","Fossil Brown coal/Lignite","11WD8LIPD1L---S4","27/04/2026 07:00 - 27/04/2026 08:00","0.00",""
"27/04/2026 00:00 - 28/04/2026 00:00","CTA|DE(50Hertz)","KW Lippendorf Block S","11WD8LIPD1L---S4","Fossil Brown coal/Lignite","11WD8LIPD1L---S4","27/04/2026 08:00 - 27/04/2026 09:00","0.00",""
"27/04/2026 00:00 - 28/04/2026 00:00","CTA|DE(50Hertz)","KW Lippendorf Block S","11WD8LIPD1L---S4","Fossil Brown coal/Lignite","11WD8LIPD1L---S4","27/04/2026 09:00 - 27/04/2026 10:00","0.00",""
"27/04/2026 00:00 - 28/04/2026 00:00","CTA|DE(50Hertz)","KW Lippendorf Block S","11WD8LIPD1L---S4","Fossil Brown coal/Lignite","11WD8LIPD1L---S4","27/04/2026 10:00 - 27/04/2026 11:00","0.00",""
"27/04/2026 00:00 - 28/04/2026 00:00","CTA|DE(50Hertz)","KW Lippendorf Block S","11WD8LIPD1L---S4","Fossil Brown coal/Lignite","11WD8LIPD1L---S4","27/04/2026 11:00 - 27/04/2026 12:00","0.00",""
"27/04/2026 00:00 - 28/04/2026 00:00","CTA|DE(50Hertz)","KW Lippendorf Block S","11WD8LIPD1L---S4","Fossil Brown coal/Lignite","11WD8LIPD1L---S4","27/04/2026 12:00 - 27/04/2026 13:00","0.00",""
"27/04/2026 00:00 - 28/04/2026 00:00","CTA|DE(50Hertz)","KW Lippendorf Block S","11WD8LIPD1L---S4","Fossil Brown coal/Lignite","11WD8LIPD1L---S4","27/04/2026 13:00 - 27/04/2026 14:00","0.00",""
"27/04/2026 00:00 - 28/04/2026 00:00","CTA|DE(50Hertz)","KW Lippendorf Block S","11WD8LIPD1L---S4","Fossil Brown coal/Lignite","11WD8LIPD1L---S4","27/04/2026 14:00 - 27/04/2026 15:00","0.00",""
"27/04/2026 00:00 - 28/04/2026 00:00","CTA|DE(50Hertz)","KW Lippendorf Block S","11WD8LIPD1L---S4","Fossil Brown coal/Lignite","11WD8LIPD1L---S4","27/04/2026 15:00 - 27/04/2026 16:00","0.00",""
"27/04/2026 00:00 - 28/04/2026 00:00","CTA|DE(50Hertz)","KW Lippendorf Block S","11WD8LIPD1L---S4","Fossil Brown coal/Lignite","11WD8LIPD1L---S4","27/04/2026 16:00 - 27/04/2026 17:00","0.00",""
"27/04/2026 00:00 - 28/04/2026 00:00","CTA|DE(50Hertz)","KW Lippendorf Block S","11WD8LIPD1L---S4","Fossil Brown coal/Lignite","11WD8LIPD1L---S4","27/04/2026 17:00 - 27/04/2026 18:00","0.00",""
"27/04/2026 00:00 - 28/04/2026 00:00","CTA|DE(50Hertz)","KW Lippendorf Block S","11WD8LIPD1L---S4","Fossil Brown coal/Lignite","11WD8LIPD1L---S4","27/04/2026 18:00 - 27/04/2026 19:00","0.00",""
"27/04/2026 00:00 - 28/04/2026 00:00","CTA|DE(50Hertz)","KW Lippendorf Block S","11WD8LIPD1L---S4","Fossil Brown coal/Lignite","11WD8LIPD1L---S4","27/04/2026 19:00 - 27/04/2026 20:00","0.00",""
"27/04/2026 00:00 - 28/04/2026 00:00","CTA|DE(50Hertz)","KW Lippendorf Block S","11WD8LIPD1L---S4","Fossil Brown coal/Lignite","11WD8LIPD1L---S4","27/04/2026 20:00 - 27/04/2026 21:00","0.00",""
"27/04/2026 00:00 - 28/04/2026 00:00","CTA|DE(50Hertz)","KW Lippendorf Block S","11WD8LIPD1L---S4","Fossil Brown coal/Lignite","11WD8LIPD1L---S4","27/04/2026 21:00 - 27/04/2026 22:00","0.00",""
"27/04/2026 00:00 - 28/04/2026 00:00","CTA|DE(50Hertz)","KW Lippendorf Block S","11WD8LIPD1L---S4","Fossil Brown coal/Lignite","11WD8LIPD1L---S4","27/04/2026 22:00 - 27/04/2026 23:00","0.00",""
"27/04/2026 00:00 - 28/04/2026 00:00","CTA|DE(50Hertz)","KW Lippendorf Block S","11WD8LIPD1L---S4","Fossil Brown coal/Lignite","11WD8LIPD1L---S4","27/04/2026 23:00 - 28/04/2026 00:00","0.00",""
"27/04/2026 00:00 - 28/04/2026 00:00","CTA|DE(50Hertz)","PSW Markersbach PSS A","11WD8MARK1H---AM","Hydro Pumped Storage","11WD8MARK1H---AM","27/04/2026 00:00 - 27/04/2026 01:00","0.00",""
"27/04/2026 00:00 - 28/04/2026 00:00","CTA|DE(50Hertz)","PSW Markersbach PSS A","11WD8MARK1H---AM","Hydro Pumped Storage","11WD8MARK1H---AM","27/04/2026 01:00 - 27/04/2026 02:00","0.00",""
"27/04/2026 00:00 - 28/04/2026 00:00","CTA|DE(50Hertz)","PSW Markersbach PSS A","11WD8MARK1H---AM","Hydro Pumped Storage","11WD8MARK1H---AM","27/04/2026 02:00 - 27/04/2026 03:00","0.00",""
"27/04/2026 00:00 - 28/04/2026 00:00","CTA|DE(50Hertz)","PSW Markersbach PSS A","11WD8MARK1H---AM","Hydro Pumped Storage","11WD8MARK1H---AM","27/04/2026 03:00 - 27/04/2026 04:00","0.00",""
"27/04/2026 00:00 - 28/04/2026 00:00","CTA|DE(50Hertz)","PSW Markersbach PSS A","11WD8MARK1H---AM","Hydro Pumped Storage","11WD8MARK1H---AM","27/04/2026 04:00 - 27/04/2026 05:00","0.00",""
"27/04/2026 00:00 - 28/04/2026 00:00","CTA|DE(50Hertz)","PSW Markersbach PSS A","11WD8MARK1H---AM","Hydro Pumped Storage","11WD8MARK1H---AM","27/04/2026 05:00 - 27/04/2026 06:00","79.50",""
"27/04/2026 00:00 - 28/04/2026 00:00","CTA|DE(50Hertz)","PSW Markersbach PSS A","11WD8MARK1H---AM","Hydro Pumped Storage","11WD8MARK1H---AM","27/04/2026 06:00 - 27/04/2026 07:00","156.75",""
"27/04/2026 00:00 - 28/04/2026 00:00","CTA|DE(50Hertz)","PSW Markersbach PSS A","11WD8MARK1H---AM","Hydro Pumped Storage","11WD8MARK1H---AM","27/04/2026 07:00 - 27/04/2026 08:00","139.50",""
"27/04/2026 00:00 - 28/04/2026 00:00","CTA|DE(50Hertz)","PSW Markersbach PSS A","11WD8MARK1H---AM","Hydro Pumped Storage","11WD8MARK1H---AM","27/04/2026 08:00 - 27/04/2026 09:00","64.75",""
"27/04/2026 00:00 - 28/04/2026 00:00","CTA|DE(50Hertz)","PSW Markersbach PSS A","11WD8MARK1H---AM","Hydro Pumped Storage","11WD8MARK1H---AM","27/04/2026 09:00 - 27/04/2026 10:00","0.00",""
"27/04/2026 00:00 - 28/04/2026 00:00","CTA|DE(50Hertz)","PSW Markersbach PSS A","11WD8MARK1H---AM","Hydro Pumped Storage","11WD8MARK1H---AM","27/04/2026 10:00 - 27/04/2026 11:00","21.25",""
"27/04/2026 00:00 - 28/04/2026 00:00","CTA|DE(50Hertz)","PSW Markersbach PSS A","11WD8MARK1H---AM","Hydro Pumped Storage","11WD8MARK1H---AM","27/04/2026 11:00 - 27/04/2026 12:00","0.00",""
"27/04/2026 00:00 - 28/04/2026 00:00","CTA|DE(50Hertz)","PSW Markersbach PSS A","11WD8MARK1H---AM","Hydro Pumped Storage","11WD8MARK1H---AM","27/04/2026 12:00 - 27/04/2026 13:00","0.00",""
"27/04/2026 00:00 - 28/04/2026 00:00","CTA|DE(50Hertz)","PSW Markersbach PSS A","11WD8MARK1H---AM","Hydro Pumped Storage","11WD8MARK1H---AM","27/04/2026 13:00 - 27/04/2026 14:00","0.00",""
"27/04/2026 00:00 - 28/04/2026 00:00","CTA|DE(50Hertz)","PSW Markersbach PSS A","11WD8MARK1H---AM","Hydro Pumped Storage","11WD8MARK1H---AM","27/04/2026 14:00 - 27/04/2026 15:00","0.00",""
"27/04/2026 00:00 - 28/04/2026 00:00","CTA|DE(50Hertz)","PSW Markersbach PSS A","11WD8MARK1H---AM","Hydro Pumped Storage","11WD8MARK1H---AM","27/04/2026 15:00 - 27/04/2026 16:00","0.00",""
"27/04/2026 00:00 - 28/04/2026 00:00","CTA|DE(50Hertz)","PSW Markersbach PSS A","11WD8MARK1H---AM","Hydro Pumped Storage","11WD8MARK1H---AM","27/04/2026 16:00 - 27/04/2026 17:00","0.00",""
"27/04/2026 00:00 - 28/04/2026 00:00","CTA|DE(50Hertz)","PSW Markersbach PSS A","11WD8MARK1H---AM","Hydro Pumped Storage","11WD8MARK1H---AM","27/04/2026 17:00 - 27/04/2026 18:00","0.00",""
"27/04/2026 00:00 - 28/04/2026 00:00","CTA|DE(50Hertz)","PSW Markersbach PSS A","11WD8MARK1H---AM","Hydro Pumped Storage","11WD8MARK1H---AM","27/04/2026 18:00 - 27/04/2026 19:00","86.00",""
"27/04/2026 00:00 - 28/04/2026 00:00","CTA|DE(50Hertz)","PSW Markersbach PSS A","11WD8MARK1H---AM","Hydro Pumped Storage","11WD8MARK1H---AM","27/04/2026 19:00 - 27/04/2026 20:00","171.00",""
"27/04/2026 00:00 - 28/04/2026 00:00","CTA|DE(50Hertz)","PSW Markersbach PSS A","11WD8MARK1H---AM","Hydro Pumped Storage","11WD8MARK1H---AM","27/04/2026 20:00 - 27/04/2026 21:00","167.50",""
"27/04/2026 00:00 - 28/04/2026 00:00","CTA|DE(50Hertz)","PSW Markersbach PSS A","11WD8MARK1H---AM","Hydro Pumped Storage","11WD8MARK1H---AM","27/04/2026 21:00 - 27/04/2026 22:00","163.50",""
"27/04/2026 00:00 - 28/04/2026 00:00","CTA|DE(50Hertz)","PSW Markersbach PSS A","11WD8MARK1H---AM","Hydro Pumped Storage","11WD8MARK1H---AM","27/04/2026 22:00 - 27/04/2026 23:00","112.75",""
"27/04/2026 00:00 - 28/04/2026 00:00","CTA|DE(50Hertz)","PSW Markersbach PSS A","11WD8MARK1H---AM","Hydro Pumped Storage","11WD8MARK1H---AM","27/04/2026 23:00 - 28/04/2026 00:00","0.00",""
"27/04/2026 00:00 - 28/04/2026 00:00","CTA|DE(50Hertz)","PSW Markersbach PSS B","11WD8MARK1H---BK","Hydro Pumped Storage","11WD8MARK1H---BK","27/04/2026 00:00 - 27/04/2026 01:00","0.00",""
"27/04/2026 00:00 - 28/04/2026 00:00","CTA|DE(50Hertz)","PSW Markersbach PSS B","11WD8MARK1H---BK","Hydro Pumped Storage","11WD8MARK1H---BK","27/04/2026 01:00 - 27/04/2026 02:00","0.00",""
"27/04/2026 00:00 - 28/04/2026 00:00","CTA|DE(50Hertz)","PSW Markersbach PSS B","11WD8MARK1H---BK","Hydro Pumped Storage","11WD8MARK1H---BK","27/04/2026 02:00 - 27/04/2026 03:00","0.00",""
"27/04/2026 00:00 - 28/04/2026 00:00","CTA|DE(50Hertz)","PSW Markersbach PSS B","11WD8MARK1H---BK","Hydro Pumped Storage","11WD8MARK1H---BK","27/04/2026 03:00 - 27/04/2026 04:00","0.00",""
"27/04/2026 00:00 - 28/04/2026 00:00","CTA|DE(50Hertz)","PSW Markersbach PSS B","11WD8MARK1H---BK","Hydro Pumped Storage","11WD8MARK1H---BK","27/04/2026 04:00 - 27/04/2026 05:00","0.00",""
"27/04/2026 00:00 - 28/04/2026 00:00","CTA|DE(50Hertz)","PSW Markersbach PSS B","11WD8MARK1H---BK","Hydro Pumped Storage","11WD8MARK1H---BK","27/04/2026 05:00 - 27/04/2026 06:00","0.00",""
"27/04/2026 00:00 - 28/04/2026 00:00","CTA|DE(50Hertz)","PSW Markersbach PSS B","11WD8MARK1H---BK","Hydro Pumped Storage","11WD8MARK1H---BK","27/04/2026 06:00 - 27/04/2026 07:00","0.00",""
"27/04/2026 00:00 - 28/04/2026 00:00","CTA|DE(50Hertz)","PSW Markersbach PSS B","11WD8MARK1H---BK","Hydro Pumped Storage","11WD8MARK1H---BK","27/04/2026 07:00 - 27/04/2026 08:00","0.00",""
"27/04/2026 00:00 - 28/04/2026 00:00","CTA|DE(50Hertz)","PSW Markersbach PSS B","11WD8MARK1H---BK","Hydro Pumped Storage","11WD8MARK1H---BK","27/04/2026 08:00 - 27/04/2026 09:00","0.00",""
"27/04/2026 00:00 - 28/04/2026 00:00","CTA|DE(50Hertz)","PSW Markersbach PSS B","11WD8MARK1H---BK","Hydro Pumped Storage","11WD8MARK1H---BK","27/04/2026 09:00 - 27/04/2026 10:00","0.00",""
"27/04/2026 00:00 - 28/04/2026 00:00","CTA|DE(50Hertz)","PSW Markersbach PSS B","11WD8MARK1H---BK","Hydro Pumped Storage","11WD8MARK1H---BK","27/04/2026 10:00 - 27/04/2026 11:00","0.00",""
"27/04/2026 00:00 - 28/04/2026 00:00","CTA|DE(50Hertz)","PSW Markersbach PSS B","11WD8MARK1H---BK","Hydro Pumped Storage","11WD8MARK1H---BK","27/04/2026 11:00 - 27/04/2026 12:00","0.00",""
"27/04/2026 00:00 - 28/04/2026 00:00","CTA|DE(50Hertz)","PSW Markersbach PSS B","11WD8MARK1H---BK","Hydro Pumped Storage","11WD8MARK1H---BK","27/04/2026 12:00 - 27/04/2026 13:00","0.00",""
"27/04/2026 00:00 - 28/04/2026 00:00","CTA|DE(50Hertz)","PSW Markersbach PSS B","11WD8MARK1H---BK","Hydro Pumped Storage","11WD8MARK1H---BK","27/04/2026 13:00 - 27/04/2026 14:00","0.00",""
"27/04/2026 00:00 - 28/04/2026 00:00","CTA|DE(50Hertz)","PSW Markersbach PSS B","11WD8MARK1H---BK","Hydro Pumped Storage","11WD8MARK1H---BK","27/04/2026 14:00 - 27/04/2026 15:00","0.00",""
"27/04/2026 00:00 - 28/04/2026 00:00","CTA|DE(50Hertz)","PSW Markersbach PSS B","11WD8MARK1H---BK","Hydro Pumped Storage","11WD8MARK1H---BK","27/04/2026 15:00 - 27/04/2026 16:00","0.00",""
"27/04/2026 00:00 - 28/04/2026 00:00","CTA|DE(50Hertz)","PSW Markersbach PSS B","11WD8MARK1H---BK","Hydro Pumped Storage","11WD8MARK1H---BK","27/04/2026 16:00 - 27/04/2026 17:00","0.00",""
"27/04/2026 00:00 - 28/04/2026 00:00","CTA|DE(50Hertz)","PSW Markersbach PSS B","11WD8MARK1H---BK","Hydro Pumped Storage","11WD8MARK1H---BK","27/04/2026 17:00 - 27/04/2026 18:00","0.00",""
"27/04/2026 00:00 - 28/04/2026 00:00","CTA|DE(50Hertz)","PSW Markersbach PSS B","11WD8MARK1H---BK","Hydro Pumped Storage","11WD8MARK1H---BK","27/04/2026 18:00 - 27/04/2026 19:00","0.00",""
"27/04/2026 00:00 - 28/04/2026 00:00","CTA|DE(50Hertz)","PSW Markersbach PSS B","11WD8MARK1H---BK","Hydro Pumped Storage","11WD8MARK1H---BK","27/04/2026 19:00 - 27/04/2026 20:00","0.00",""
"27/04/2026 00:00 - 28/04/2026 00:00","CTA|DE(50Hertz)","PSW Markersbach PSS B","11WD8MARK1H---BK","Hydro Pumped Storage","11WD8MARK1H---BK","27/04/2026 20:00 - 27/04/2026 21:00","0.00",""
"27/04/2026 00:00 - 28/04/2026 00:00","CTA|DE(50Hertz)","PSW Markersbach PSS B","11WD8MARK1H---BK","Hydro Pumped Storage","11WD8MARK1H---BK","27/04/2026 21:00 - 27/04/2026 22:00","0.00",""
"27/04/2026 00:00 - 28/04/2026 00:00","CTA|DE(50Hertz)","PSW Markersbach PSS B","11WD8MARK1H---BK","Hydro Pumped Storage","11WD8MARK1H---BK","27/04/2026 22:00 - 27/04/2026 23:00","0.00",""
"27/04/2026 00:00 - 28/04/2026 00:00","CTA|DE(50Hertz)","PSW Markersbach PSS B","11WD8MARK1H---BK","Hydro Pumped Storage","11WD8MARK1H---BK","27/04/2026 23:00 - 28/04/2026 00:00","0.00",""
"27/04/2026 00:00 - 28/04/2026 00:00","CTA|DE(50Hertz)","PSW Markersbach PSS C","11WD8MARK1H---CI","Hydro Pumped Storage","11WD8MARK1H---CI","27/04/2026 00:00 - 27/04/2026 01:00","0.00",""
"27/04/2026 00:00 - 28/04/2026 00:00","CTA|DE(50Hertz)","PSW Markersbach PSS C","11WD8MARK1H---CI","Hydro Pumped Storage","11WD8MARK1H---CI","27/04/2026 01:00 - 27/04/2026 02:00","0.00",""
"27/04/2026 00:00 - 28/04/2026 00:00","CTA|DE(50Hertz)","PSW Markersbach PSS C","11WD8MARK1H---CI","Hydro Pumped Storage","11WD8MARK1H---CI","27/04/2026 02:00 - 27/04/2026 03:00","0.00",""
"27/04/2026 00:00 - 28/04/2026 00:00","CTA|DE(50Hertz)","PSW Markersbach PSS C","11WD8MARK1H---CI","Hydro Pumped Storage","11WD8MARK1H---CI","27/04/2026 03:00 - 27/04/2026 04:00","0.00",""
"27/04/2026 00:00 - 28/04/2026 00:00","CTA|DE(50Hertz)","PSW Markersbach PSS C","11WD8MARK1H---CI","Hydro Pumped Storage","11WD8MARK1H---CI","27/04/2026 04:00 - 27/04/2026 05:00","0.00",""
"27/04/2026 00:00 - 28/04/2026 00:00","CTA|DE(50Hertz)","PSW Markersbach PSS C","11WD8MARK1H---CI","Hydro Pumped Storage","11WD8MARK1H---CI","27/04/2026 05:00 - 27/04/2026 06:00","77.00",""
"27/04/2026 00:00 - 28/04/2026 00:00","CTA|DE(50Hertz)","PSW Markersbach PSS C","11WD8MARK1H---CI","Hydro Pumped Storage","11WD8MARK1H---CI","27/04/2026 06:00 - 27/04/2026 07:00","156.50",""
"27/04/2026 00:00 - 28/04/2026 00:00","CTA|DE(50Hertz)","PSW Markersbach PSS C","11WD8MARK1H---CI","Hydro Pumped Storage","11WD8MARK1H---CI","27/04/2026 07:00 - 27/04/2026 08:00","140.00",""
"27/04/2026 00:00 - 28/04/2026 00:00","CTA|DE(50Hertz)","PSW Markersbach PSS C","11WD8MARK1H---CI","Hydro Pumped Storage","11WD8MARK1H---CI","27/04/2026 08:00 - 27/04/2026 09:00","62.50",""
"27/04/2026 00:00 - 28/04/2026 00:00","CTA|DE(50Hertz)","PSW Markersbach PSS C","11WD8MARK1H---CI","Hydro Pumped Storage","11WD8MARK1H---CI","27/04/2026 09:00 - 27/04/2026 10:00","0.00",""
"27/04/2026 00:00 - 28/04/2026 00:00","CTA|DE(50Hertz)","PSW Markersbach PSS C","11WD8MARK1H---CI","Hydro Pumped Storage","11WD8MARK1H---CI","27/04/2026 10:00 - 27/04/2026 11:00","0.00",""
"27/04/2026 00:00 - 28/04/2026 00:00","CTA|DE(50Hertz)","PSW Markersbach PSS C","11WD8MARK1H---CI","Hydro Pumped Storage","11WD8MARK1H---CI","27/04/2026 11:00 - 27/04/2026 12:00","0.00",""
"27/04/2026 00:00 - 28/04/2026 00:00","CTA|DE(50Hertz)","PSW Markersbach PSS C","11WD8MARK1H---CI","Hydro Pumped Storage","11WD8MARK1H---CI","27/04/2026 12:00 - 27/04/2026 13:00","0.00",""
"27/04/2026 00:00 - 28/04/2026 00:00","CTA|DE(50Hertz)","PSW Markersbach PSS C","11WD8MARK1H---CI","Hydro Pumped Storage","11WD8MARK1H---CI","27/04/2026 13:00 - 27/04/2026 14:00","0.00",""
"27/04/2026 00:00 - 28/04/2026 00:00","CTA|DE(50Hertz)","PSW Markersbach PSS C","11WD8MARK1H---CI","Hydro Pumped Storage","11WD8MARK1H---CI","27/04/2026 14:00 - 27/04/2026 15:00","0.00",""
"27/04/2026 00:00 - 28/04/2026 00:00","CTA|DE(50Hertz)","PSW Markersbach PSS C","11WD8MARK1H---CI","Hydro Pumped Storage","11WD8MARK1H---CI","27/04/2026 15:00 - 27/04/2026 16:00","0.00",""
"27/04/2026 00:00 - 28/04/2026 00:00","CTA|DE(50Hertz)","PSW Markersbach PSS C","11WD8MARK1H---CI","Hydro Pumped Storage","11WD8MARK1H---CI","27/04/2026 16:00 - 27/04/2026 17:00","0.00",""
"27/04/2026 00:00 - 28/04/2026 00:00","CTA|DE(50Hertz)","PSW Markersbach PSS C","11WD8MARK1H---CI","Hydro Pumped Storage","11WD8MARK1H---CI","27/04/2026 17:00 - 27/04/2026 18:00","0.00",""
"27/04/2026 00:00 - 28/04/2026 00:00","CTA|DE(50Hertz)","PSW Markersbach PSS C","11WD8MARK1H---CI","Hydro Pumped Storage","11WD8MARK1H---CI","27/04/2026 18:00 - 27/04/2026 19:00","86.75",""
"27/04/2026 00:00 - 28/04/2026 00:00","CTA|DE(50Hertz)","PSW Markersbach PSS C","11WD8MARK1H---CI","Hydro Pumped Storage","11WD8MARK1H---CI","27/04/2026 19:00 - 27/04/2026 20:00","171.00",""
"27/04/2026 00:00 - 28/04/2026 00:00","CTA|DE(50Hertz)","PSW Markersbach PSS C","11WD8MARK1H---CI","Hydro Pumped Storage","11WD8MARK1H---CI","27/04/2026 20:00 - 27/04/2026 21:00","167.50",""
"27/04/2026 00:00 - 28/04/2026 00:00","CTA|DE(50Hertz)","PSW Markersbach PSS C","11WD8MARK1H---CI","Hydro Pumped Storage","11WD8MARK1H---CI","27/04/2026 21:00 - 27/04/2026 22:00","163.50",""
"27/04/2026 00:00 - 28/04/2026 00:00","CTA|DE(50Hertz)","PSW Markersbach PSS C","11WD8MARK1H---CI","Hydro Pumped Storage","11WD8MARK1H---CI","27/04/2026 22:00 - 27/04/2026 23:00","80.25",""
"27/04/2026 00:00 - 28/04/2026 00:00","CTA|DE(50Hertz)","PSW Markersbach PSS C","11WD8MARK1H---CI","Hydro Pumped Storage","11WD8MARK1H---CI","27/04/2026 23:00 - 28/04/2026 00:00","0.00",""
"27/04/2026 00:00 - 28/04/2026 00:00","CTA|DE(50Hertz)","PSW Markersbach PSS D","11WD8MARK1H---DG","Hydro Pumped Storage","11WD8MARK1H---DG","27/04/2026 00:00 - 27/04/2026 01:00","0.00",""
"27/04/2026 00:00 - 28/04/2026 00:00","CTA|DE(50Hertz)","PSW Markersbach PSS D","11WD8MARK1H---DG","Hydro Pumped Storage","11WD8MARK1H---DG","27/04/2026 01:00 - 27/04/2026 02:00","0.00",""
"27/04/2026 00:00 - 28/04/2026 00:00","CTA|DE(50Hertz)","PSW Markersbach PSS D","11WD8MARK1H---DG","Hydro Pumped Storage","11WD8MARK1H---DG","27/04/2026 02:00 - 27/04/2026 03:00","0.00",""
"27/04/2026 00:00 - 28/04/2026 00:00","CTA|DE(50Hertz)","PSW Markersbach PSS D","11WD8MARK1H---DG","Hydro Pumped Storage","11WD8MARK1H---DG","27/04/2026 03:00 - 27/04/2026 04:00","0.00",""
"27/04/2026 00:00 - 28/04/2026 00:00","CTA|DE(50Hertz)","PSW Markersbach PSS D","11WD8MARK1H---DG","Hydro Pumped Storage","11WD8MARK1H---DG","27/04/2026 04:00 - 27/04/2026 05:00","0.00",""
"27/04/2026 00:00 - 28/04/2026 00:00","CTA|DE(50Hertz)","PSW Markersbach PSS D","11WD8MARK1H---DG","Hydro Pumped Storage","11WD8MARK1H---DG","27/04/2026 05:00 - 27/04/2026 06:00","67.50",""
"27/04/2026 00:00 - 28/04/2026 00:00","CTA|DE(50Hertz)","PSW Markersbach PSS D","11WD8MARK1H---DG","Hydro Pumped Storage","11WD8MARK1H---DG","27/04/2026 06:00 - 27/04/2026 07:00","156.50",""
"27/04/2026 00:00 - 28/04/2026 00:00","CTA|DE(50Hertz)","PSW Markersbach PSS D","11WD8MARK1H---DG","Hydro Pumped Storage","11WD8MARK1H---DG","27/04/2026 07:00 - 27/04/2026 08:00","140.50",""
"27/04/2026 00:00 - 28/04/2026 00:00","CTA|DE(50Hertz)","PSW Markersbach PSS D","11WD8MARK1H---DG","Hydro Pumped Storage","11WD8MARK1H---DG","27/04/2026 08:00 - 27/04/2026 09:00","62.50",""
"27/04/2026 00:00 - 28/04/2026 00:00","CTA|DE(50Hertz)","PSW Markersbach PSS D","11WD8MARK1H---DG","Hydro Pumped Storage","11WD8MARK1H---DG","27/04/2026 09:00 - 27/04/2026 10:00","0.00",""
"27/04/2026 00:00 - 28/04/2026 00:00","CTA|DE(50Hertz)","PSW Markersbach PSS D","11WD8MARK1H---DG","Hydro Pumped Storage","11WD8MARK1H---DG","27/04/2026 10:00 - 27/04/2026 11:00","0.00",""
"27/04/2026 00:00 - 28/04/2026 00:00","CTA|DE(50Hertz)","PSW Markersbach PSS D","11WD8MARK1H---DG","Hydro Pumped Storage","11WD8MARK1H---DG","27/04/2026 11:00 - 27/04/2026 12:00","0.00",""
"27/04/2026 00:00 - 28/04/2026 00:00","CTA|DE(50Hertz)","PSW Markersbach PSS D","11WD8MARK1H---DG","Hydro Pumped Storage","11WD8MARK1H---DG","27/04/2026 12:00 - 27/04/2026 13:00","0.00",""
"27/04/2026 00:00 - 28/04/2026 00:00","CTA|DE(50Hertz)","PSW Markersbach PSS D","11WD8MARK1H---DG","Hydro Pumped Storage","11WD8MARK1H---DG","27/04/2026 13:00 - 27/04/2026 14:00","0.00",""
"27/04/2026 00:00 - 28/04/2026 00:00","CTA|DE(50Hertz)","PSW Markersbach PSS D","11WD8MARK1H---DG","Hydro Pumped Storage","11WD8MARK1H---DG","27/04/2026 14:00 - 27/04/2026 15:00","0.00",""
"27/04/2026 00:00 - 28/04/2026 00:00","CTA|DE(50Hertz)","PSW Markersbach PSS D","11WD8MARK1H---DG","Hydro Pumped Storage","11WD8MARK1H---DG","27/04/2026 15:00 - 27/04/2026 16:00","0.00",""
"27/04/2026 00:00 - 28/04/2026 00:00","CTA|DE(50Hertz)","PSW Markersbach PSS D","11WD8MARK1H---DG","Hydro Pumped Storage","11WD8MARK1H---DG","27/04/2026 16:00 - 27/04/2026 17:00","0.00",""
"27/04/2026 00:00 - 28/04/2026 00:00","CTA|DE(50Hertz)","PSW Markersbach PSS D","11WD8MARK1H---DG","Hydro Pumped Storage","11WD8MARK1H---DG","27/04/2026 17:00 - 27/04/2026 18:00","0.00",""
"27/04/2026 00:00 - 28/04/2026 00:00","CTA|DE(50Hertz)","PSW Markersbach PSS D","11WD8MARK1H---DG","Hydro Pumped Storage","11WD8MARK1H---DG","27/04/2026 18:00 - 27/04/2026 19:00","86.75",""
"27/04/2026 00:00 - 28/04/2026 00:00","CTA|DE(50Hertz)","PSW Markersbach PSS D","11WD8MARK1H---DG","Hydro Pumped Storage","11WD8MARK1H---DG","27/04/2026 19:00 - 27/04/2026 20:00","168.25",""
"27/04/2026 00:00 - 28/04/2026 00:00","CTA|DE(50Hertz)","PSW Markersbach PSS D","11WD8MARK1H---DG","Hydro Pumped Storage","11WD8MARK1H---DG","27/04/2026 20:00 - 27/04/2026 21:00","167.50",""
"27/04/2026 00:00 - 28/04/2026 00:00","CTA|DE(50Hertz)","PSW Markersbach PSS D","11WD8MARK1H---DG","Hydro Pumped Storage","11WD8MARK1H---DG","27/04/2026 21:00 - 27/04/2026 22:00","163.50",""
"27/04/2026 00:00 - 28/04/2026 00:00","CTA|DE(50Hertz)","PSW Markersbach PSS D","11WD8MARK1H---DG","Hydro Pumped Storage","11WD8MARK1H---DG","27/04/2026 22:00 - 27/04/2026 23:00","76.00",""
"27/04/2026 00:00 - 28/04/2026 00:00","CTA|DE(50Hertz)","PSW Markersbach PSS D","11WD8MARK1H---DG","Hydro Pumped Storage","11WD8MARK1H---DG","27/04/2026 23:00 - 28/04/2026 00:00","0.00",""
"27/04/2026 00:00 - 28/04/2026 00:00","CTA|DE(50Hertz)","PSW Markersbach PSS E","11WD8MARK1H---EE","Hydro Pumped Storage","11WD8MARK1H---EE","27/04/2026 00:00 - 27/04/2026 01:00","0.00",""
"27/04/2026 00:00 - 28/04/2026 00:00","CTA|DE(50Hertz)","PSW Markersbach PSS E","11WD8MARK1H---EE","Hydro Pumped Storage","11WD8MARK1H---EE","27/04/2026 01:00 - 27/04/2026 02:00","0.00",""
"27/04/2026 00:00 - 28/04/2026 00:00","CTA|DE(50Hertz)","PSW Markersbach PSS E","11WD8MARK1H---EE","Hydro Pumped Storage","11WD8MARK1H---EE","27/04/2026 02:00 - 27/04/2026 03:00","0.00",""
"27/04/2026 00:00 - 28/04/2026 00:00","CTA|DE(50Hertz)","PSW Markersbach PSS E","11WD8MARK1H---EE","Hydro Pumped Storage","11WD8MARK1H---EE","27/04/2026 03:00 - 27/04/2026 04:00","0.00",""
"27/04/2026 00:00 - 28/04/2026 00:00","CTA|DE(50Hertz)","PSW Markersbach PSS E","11WD8MARK1H---EE","Hydro Pumped Storage","11WD8MARK1H---EE","27/04/2026 04:00 - 27/04/2026 05:00","0.00",""
"27/04/2026 00:00 - 28/04/2026 00:00","CTA|DE(50Hertz)","PSW Markersbach PSS E","11WD8MARK1H---EE","Hydro Pumped Storage","11WD8MARK1H---EE","27/04/2026 05:00 - 27/04/2026 06:00","25.75",""
"27/04/2026 00:00 - 28/04/2026 00:00","CTA|DE(50Hertz)","PSW Markersbach PSS E","11WD8MARK1H---EE","Hydro Pumped Storage","11WD8MARK1H---EE","27/04/2026 06:00 - 27/04/2026 07:00","157.75",""
"27/04/2026 00:00 - 28/04/2026 00:00","CTA|DE(50Hertz)","PSW Markersbach PSS E","11WD8MARK1H---EE","Hydro Pumped Storage","11WD8MARK1H---EE","27/04/2026 07:00 - 27/04/2026 08:00","103.50",""
"27/04/2026 00:00 - 28/04/2026 00:00","CTA|DE(50Hertz)","PSW Markersbach PSS E","11WD8MARK1H---EE","Hydro Pumped Storage","11WD8MARK1H---EE","27/04/2026 08:00 - 27/04/2026 09:00","37.25",""
"27/04/2026 00:00 - 28/04/2026 00:00","CTA|DE(50Hertz)","PSW Markersbach PSS E","11WD8MARK1H---EE","Hydro Pumped Storage","11WD8MARK1H---EE","27/04/2026 09:00 - 27/04/2026 10:00","0.00",""
"27/04/2026 00:00 - 28/04/2026 00:00","CTA|DE(50Hertz)","PSW Markersbach PSS E","11WD8MARK1H---EE","Hydro Pumped Storage","11WD8MARK1H---EE","27/04/2026 10:00 - 27/04/2026 11:00","0.00",""
"27/04/2026 00:00 - 28/04/2026 00:00","CTA|DE(50Hertz)","PSW Markersbach PSS E","11WD8MARK1H---EE","Hydro Pumped Storage","11WD8MARK1H---EE","27/04/2026 11:00 - 27/04/2026 12:00","0.00",""
"27/04/2026 00:00 - 28/04/2026 00:00","CTA|DE(50Hertz)","PSW Markersbach PSS E","11WD8MARK1H---EE","Hydro Pumped Storage","11WD8MARK1H---EE","27/04/2026 12:00 - 27/04/2026 13:00","0.00",""
"27/04/2026 00:00 - 28/04/2026 00:00","CTA|DE(50Hertz)","PSW Markersbach PSS E","11WD8MARK1H---EE","Hydro Pumped Storage","11WD8MARK1H---EE","27/04/2026 13:00 - 27/04/2026 14:00","0.00",""
"27/04/2026 00:00 - 28/04/2026 00:00","CTA|DE(50Hertz)","PSW Markersbach PSS E","11WD8MARK1H---EE","Hydro Pumped Storage","11WD8MARK1H---EE","27/04/2026 14:00 - 27/04/2026 15:00","0.00",""
"27/04/2026 00:00 - 28/04/2026 00:00","CTA|DE(50Hertz)","PSW Markersbach PSS E","11WD8MARK1H---EE","Hydro Pumped Storage","11WD8MARK1H---EE","27/04/2026 15:00 - 27/04/2026 16:00","0.00",""
"27/04/2026 00:00 - 28/04/2026 00:00","CTA|DE(50Hertz)","PSW Markersbach PSS E","11WD8MARK1H---EE","Hydro Pumped Storage","11WD8MARK1H---EE","27/04/2026 16:00 - 27/04/2026 17:00","0.00",""
"27/04/2026 00:00 - 28/04/2026 00:00","CTA|DE(50Hertz)","PSW Markersbach PSS E","11WD8MARK1H---EE","Hydro Pumped Storage","11WD8MARK1H---EE","27/04/2026 17:00 - 27/04/2026 18:00","0.00",""
"27/04/2026 00:00 - 28/04/2026 00:00","CTA|DE(50Hertz)","PSW Markersbach PSS E","11WD8MARK1H---EE","Hydro Pumped Storage","11WD8MARK1H---EE","27/04/2026 18:00 - 27/04/2026 19:00","87.50",""
"27/04/2026 00:00 - 28/04/2026 00:00","CTA|DE(50Hertz)","PSW Markersbach PSS E","11WD8MARK1H---EE","Hydro Pumped Storage","11WD8MARK1H---EE","27/04/2026 19:00 - 27/04/2026 20:00","153.25",""
"27/04/2026 00:00 - 28/04/2026 00:00","CTA|DE(50Hertz)","PSW Markersbach PSS E","11WD8MARK1H---EE","Hydro Pumped Storage","11WD8MARK1H---EE","27/04/2026 20:00 - 27/04/2026 21:00","168.25",""
"27/04/2026 00:00 - 28/04/2026 00:00","CTA|DE(50Hertz)","PSW Markersbach PSS E","11WD8MARK1H---EE","Hydro Pumped Storage","11WD8MARK1H---EE","27/04/2026 21:00 - 27/04/2026 22:00","154.75",""
"27/04/2026 00:00 - 28/04/2026 00:00","CTA|DE(50Hertz)","PSW Markersbach PSS E","11WD8MARK1H---EE","Hydro Pumped Storage","11WD8MARK1H---EE","27/04/2026 22:00 - 27/04/2026 23:00","65.50",""
"27/04/2026 00:00 - 28/04/2026 00:00","CTA|DE(50Hertz)","PSW Markersbach PSS E","11WD8MARK1H---EE","Hydro Pumped Storage","11WD8MARK1H---EE","27/04/2026 23:00 - 28/04/2026 00:00","0.00",""
"27/04/2026 00:00 - 28/04/2026 00:00","CTA|DE(50Hertz)","PSW Markersbach PSS F","11WD8MARK1H---FC","Hydro Pumped Storage","11WD8MARK1H---FC","27/04/2026 00:00 - 27/04/2026 01:00","0.00",""
"27/04/2026 00:00 - 28/04/2026 00:00","CTA|DE(50Hertz)","PSW Markersbach PSS F","11WD8MARK1H---FC","Hydro Pumped Storage","11WD8MARK1H---FC","27/04/2026 01:00 - 27/04/2026 02:00","0.00",""
"27/04/2026 00:00 - 28/04/2026 00:00","CTA|DE(50Hertz)","PSW Markersbach PSS F","11WD8MARK1H---FC","Hydro Pumped Storage","11WD8MARK1H---FC","27/04/2026 02:00 - 27/04/2026 03:00","0.00",""
"27/04/2026 00:00 - 28/04/2026 00:00","CTA|DE(50Hertz)","PSW Markersbach PSS F","11WD8MARK1H---FC","Hydro Pumped Storage","11WD8MARK1H---FC","27/04/2026 03:00 - 27/04/2026 04:00","0.00",""
"27/04/2026 00:00 - 28/04/2026 00:00","CTA|DE(50Hertz)","PSW Markersbach PSS F","11WD8MARK1H---FC","Hydro Pumped Storage","11WD8MARK1H---FC","27/04/2026 04:00 - 27/04/2026 05:00","0.00",""
"27/04/2026 00:00 - 28/04/2026 00:00","CTA|DE(50Hertz)","PSW Markersbach PSS F","11WD8MARK1H---FC","Hydro Pumped Storage","11WD8MARK1H---FC","27/04/2026 05:00 - 27/04/2026 06:00","0.00",""
"27/04/2026 00:00 - 28/04/2026 00:00","CTA|DE(50Hertz)","PSW Markersbach PSS F","11WD8MARK1H---FC","Hydro Pumped Storage","11WD8MARK1H---FC","27/04/2026 06:00 - 27/04/2026 07:00","0.00",""
"27/04/2026 00:00 - 28/04/2026 00:00","CTA|DE(50Hertz)","PSW Markersbach PSS F","11WD8MARK1H---FC","Hydro Pumped Storage","11WD8MARK1H---FC","27/04/2026 07:00 - 27/04/2026 08:00","0.00",""
"27/04/2026 00:00 - 28/04/2026 00:00","CTA|DE(50Hertz)","PSW Markersbach PSS F","11WD8MARK1H---FC","Hydro Pumped Storage","11WD8MARK1H---FC","27/04/2026 08:00 - 27/04/2026 09:00","0.00",""
"27/04/2026 00:00 - 28/04/2026 00:00","CTA|DE(50Hertz)","PSW Markersbach PSS F","11WD8MARK1H---FC","Hydro Pumped Storage","11WD8MARK1H---FC","27/04/2026 09:00 - 27/04/2026 10:00","0.00",""
"27/04/2026 00:00 - 28/04/2026 00:00","CTA|DE(50Hertz)","PSW Markersbach PSS F","11WD8MARK1H---FC","Hydro Pumped Storage","11WD8MARK1H---FC","27/04/2026 10:00 - 27/04/2026 11:00","0.00",""
"27/04/2026 00:00 - 28/04/2026 00:00","CTA|DE(50Hertz)","PSW Markersbach PSS F","11WD8MARK1H---FC","Hydro Pumped Storage","11WD8MARK1H---FC","27/04/2026 11:00 - 27/04/2026 12:00","0.00",""
"27/04/2026 00:00 - 28/04/2026 00:00","CTA|DE(50Hertz)","PSW Markersbach PSS F","11WD8MARK1H---FC","Hydro Pumped Storage","11WD8MARK1H---FC","27/04/2026 12:00 - 27/04/2026 13:00","0.00",""
"27/04/2026 00:00 - 28/04/2026 00:00","CTA|DE(50Hertz)","PSW Markersbach PSS F","11WD8MARK1H---FC","Hydro Pumped Storage","11WD8MARK1H---FC","27/04/2026 13:00 - 27/04/2026 14:00","0.00",""
"27/04/2026 00:00 - 28/04/2026 00:00","CTA|DE(50Hertz)","PSW Markersbach PSS F","11WD8MARK1H---FC","Hydro Pumped Storage","11WD8MARK1H---FC","27/04/2026 14:00 - 27/04/2026 15:00","0.00",""
"27/04/2026 00:00 - 28/04/2026 00:00","CTA|DE(50Hertz)","PSW Markersbach PSS F","11WD8MARK1H---FC","Hydro Pumped Storage","11WD8MARK1H---FC","27/04/2026 15:00 - 27/04/2026 16:00","0.00",""
"27/04/2026 00:00 - 28/04/2026 00:00","CTA|DE(50Hertz)","PSW Markersbach PSS F","11WD8MARK1H---FC","Hydro Pumped Storage","11WD8MARK1H---FC","27/04/2026 16:00 - 27/04/2026 17:00","0.00",""
"27/04/2026 00:00 - 28/04/2026 00:00","CTA|DE(50Hertz)","PSW Markersbach PSS F","11WD8MARK1H---FC","Hydro Pumped Storage","11WD8MARK1H---FC","27/04/2026 17:00 - 27/04/2026 18:00","0.00",""
"27/04/2026 00:00 - 28/04/2026 00:00","CTA|DE(50Hertz)","PSW Markersbach PSS F","11WD8MARK1H---FC","Hydro Pumped Storage","11WD8MARK1H---FC","27/04/2026 18:00 - 27/04/2026 19:00","0.00",""
"27/04/2026 00:00 - 28/04/2026 00:00","CTA|DE(50Hertz)","PSW Markersbach PSS F","11WD8MARK1H---FC","Hydro Pumped Storage","11WD8MARK1H---FC","27/04/2026 19:00 - 27/04/2026 20:00","0.00",""
"27/04/2026 00:00 - 28/04/2026 00:00","CTA|DE(50Hertz)","PSW Markersbach PSS F","11WD8MARK1H---FC","Hydro Pumped Storage","11WD8MARK1H---FC","27/04/2026 20:00 - 27/04/2026 21:00","0.00",""
"27/04/2026 00:00 - 28/04/2026 00:00","CTA|DE(50Hertz)","PSW Markersbach PSS F","11WD8MARK1H---FC","Hydro Pumped Storage","11WD8MARK1H---FC","27/04/2026 21:00 - 27/04/2026 22:00","0.00",""
"27/04/2026 00:00 - 28/04/2026 00:00","CTA|DE(50Hertz)","PSW Markersbach PSS F","11WD8MARK1H---FC","Hydro Pumped Storage","11WD8MARK1H---FC","27/04/2026 22:00 - 27/04/2026 23:00","0.00",""
"27/04/2026 00:00 - 28/04/2026 00:00","CTA|DE(50Hertz)","PSW Markersbach PSS F","11WD8MARK1H---FC","Hydro Pumped Storage","11WD8MARK1H---FC","27/04/2026 23:00 - 28/04/2026 00:00","0.00",""
"27/04/2026 00:00 - 28/04/2026 00:00","CTA|DE(50Hertz)","HKW Mitte GUD","11WD8MITT5GGUD-8","Fossil Gas","11WD8MITT5GGUD-8","27/04/2026 00:00 - 27/04/2026 01:00","125.25",""
"27/04/2026 00:00 - 28/04/2026 00:00","CTA|DE(50Hertz)","HKW Mitte GUD","11WD8MITT5GGUD-8","Fossil Gas","11WD8MITT5GGUD-8","27/04/2026 01:00 - 27/04/2026 02:00","197.50",""
"27/04/2026 00:00 - 28/04/2026 00:00","CTA|DE(50Hertz)","HKW Mitte GUD","11WD8MITT5GGUD-8","Fossil Gas","11WD8MITT5GGUD-8","27/04/2026 02:00 - 27/04/2026 03:00","211.25",""
"27/04/2026 00:00 - 28/04/2026 00:00","CTA|DE(50Hertz)","HKW Mitte GUD","11WD8MITT5GGUD-8","Fossil Gas","11WD8MITT5GGUD-8","27/04/2026 03:00 - 27/04/2026 04:00","187.25",""
"27/04/2026 00:00 - 28/04/2026 00:00","CTA|DE(50Hertz)","HKW Mitte GUD","11WD8MITT5GGUD-8","Fossil Gas","11WD8MITT5GGUD-8","27/04/2026 04:00 - 27/04/2026 05:00","160.00",""
"27/04/2026 00:00 - 28/04/2026 00:00","CTA|DE(50Hertz)","HKW Mitte GUD","11WD8MITT5GGUD-8","Fossil Gas","11WD8MITT5GGUD-8","27/04/2026 05:00 - 27/04/2026 06:00","136.25",""
"27/04/2026 00:00 - 28/04/2026 00:00","CTA|DE(50Hertz)","HKW Mitte GUD","11WD8MITT5GGUD-8","Fossil Gas","11WD8MITT5GGUD-8","27/04/2026 06:00 - 27/04/2026 07:00","153.75",""
"27/04/2026 00:00 - 28/04/2026 00:00","CTA|DE(50Hertz)","HKW Mitte GUD","11WD8MITT5GGUD-8","Fossil Gas","11WD8MITT5GGUD-8","27/04/2026 07:00 - 27/04/2026 08:00","168.50",""
"27/04/2026 00:00 - 28/04/2026 00:00","CTA|DE(50Hertz)","HKW Mitte GUD","11WD8MITT5GGUD-8","Fossil Gas","11WD8MITT5GGUD-8","27/04/2026 08:00 - 27/04/2026 09:00","103.75",""
"27/04/2026 00:00 - 28/04/2026 00:00","CTA|DE(50Hertz)","HKW Mitte GUD","11WD8MITT5GGUD-8","Fossil Gas","11WD8MITT5GGUD-8","27/04/2026 09:00 - 27/04/2026 10:00","56.00",""
"27/04/2026 00:00 - 28/04/2026 00:00","CTA|DE(50Hertz)","HKW Mitte GUD","11WD8MITT5GGUD-8","Fossil Gas","11WD8MITT5GGUD-8","27/04/2026 10:00 - 27/04/2026 11:00","57.00",""
"27/04/2026 00:00 - 28/04/2026 00:00","CTA|DE(50Hertz)","HKW Mitte GUD","11WD8MITT5GGUD-8","Fossil Gas","11WD8MITT5GGUD-8","27/04/2026 11:00 - 27/04/2026 12:00","57.00",""
"27/04/2026 00:00 - 28/04/2026 00:00","CTA|DE(50Hertz)","HKW Mitte GUD","11WD8MITT5GGUD-8","Fossil Gas","11WD8MITT5GGUD-8","27/04/2026 12:00 - 27/04/2026 13:00","57.00",""
"27/04/2026 00:00 - 28/04/2026 00:00","CTA|DE(50Hertz)","HKW Mitte GUD","11WD8MITT5GGUD-8","Fossil Gas","11WD8MITT5GGUD-8","27/04/2026 13:00 - 27/04/2026 14:00","57.00",""
"27/04/2026 00:00 - 28/04/2026 00:00","CTA|DE(50Hertz)","HKW Mitte GUD","11WD8MITT5GGUD-8","Fossil Gas","11WD8MITT5GGUD-8","27/04/2026 14:00 - 27/04/2026 15:00","57.00",""
"27/04/2026 00:00 - 28/04/2026 00:00","CTA|DE(50Hertz)","HKW Mitte GUD","11WD8MITT5GGUD-8","Fossil Gas","11WD8MITT5GGUD-8","27/04/2026 15:00 - 27/04/2026 16:00","57.00",""
"27/04/2026 00:00 - 28/04/2026 00:00","CTA|DE(50Hertz)","HKW Mitte GUD","11WD8MITT5GGUD-8","Fossil Gas","11WD8MITT5GGUD-8","27/04/2026 16:00 - 27/04/2026 17:00","66.75",""
"27/04/2026 00:00 - 28/04/2026 00:00","CTA|DE(50Hertz)","HKW Mitte GUD","11WD8MITT5GGUD-8","Fossil Gas","11WD8MITT5GGUD-8","27/04/2026 17:00 - 27/04/2026 18:00","143.50",""
"27/04/2026 00:00 - 28/04/2026 00:00","CTA|DE(50Hertz)","HKW Mitte GUD","11WD8MITT5GGUD-8","Fossil Gas","11WD8MITT5GGUD-8","27/04/2026 18:00 - 27/04/2026 19:00","204.00",""
"27/04/2026 00:00 - 28/04/2026 00:00","CTA|DE(50Hertz)","HKW Mitte GUD","11WD8MITT5GGUD-8","Fossil Gas","11WD8MITT5GGUD-8","27/04/2026 19:00 - 27/04/2026 20:00","210.75",""
"27/04/2026 00:00 - 28/04/2026 00:00","CTA|DE(50Hertz)","HKW Mitte GUD","11WD8MITT5GGUD-8","Fossil Gas","11WD8MITT5GGUD-8","27/04/2026 20:00 - 27/04/2026 21:00","212.50",""
"27/04/2026 00:00 - 28/04/2026 00:00","CTA|DE(50Hertz)","HKW Mitte GUD","11WD8MITT5GGUD-8","Fossil Gas","11WD8MITT5GGUD-8","27/04/2026 21:00 - 27/04/2026 22:00","215.25",""
"27/04/2026 00:00 - 28/04/2026 00:00","CTA|DE(50Hertz)","HKW Mitte GUD","11WD8MITT5GGUD-8","Fossil Gas","11WD8MITT5GGUD-8","27/04/2026 22:00 - 27/04/2026 23:00","215.00",""
"27/04/2026 00:00 - 28/04/2026 00:00","CTA|DE(50Hertz)","HKW Mitte GUD","11WD8MITT5GGUD-8","Fossil Gas","11WD8MITT5GGUD-8","27/04/2026 23:00 - 28/04/2026 00:00","215.00",""
"27/04/2026 00:00 - 28/04/2026 00:00","CTA|DE(50Hertz)","HKW Reuter West Block D","11WD8REUW1C---DD","Fossil Hard coal","11WD8REUW1C---DD","27/04/2026 00:00 - 27/04/2026 01:00","0.00",""
"27/04/2026 00:00 - 28/04/2026 00:00","CTA|DE(50Hertz)","HKW Reuter West Block D","11WD8REUW1C---DD","Fossil Hard coal","11WD8REUW1C---DD","27/04/2026 01:00 - 27/04/2026 02:00","0.00",""
"27/04/2026 00:00 - 28/04/2026 00:00","CTA|DE(50Hertz)","HKW Reuter West Block D","11WD8REUW1C---DD","Fossil Hard coal","11WD8REUW1C---DD","27/04/2026 02:00 - 27/04/2026 03:00","0.00",""
"27/04/2026 00:00 - 28/04/2026 00:00","CTA|DE(50Hertz)","HKW Reuter West Block D","11WD8REUW1C---DD","Fossil Hard coal","11WD8REUW1C---DD","27/04/2026 03:00 - 27/04/2026 04:00","0.00",""
"27/04/2026 00:00 - 28/04/2026 00:00","CTA|DE(50Hertz)","HKW Reuter West Block D","11WD8REUW1C---DD","Fossil Hard coal","11WD8REUW1C---DD","27/04/2026 04:00 - 27/04/2026 05:00","0.00",""
"27/04/2026 00:00 - 28/04/2026 00:00","CTA|DE(50Hertz)","HKW Reuter West Block D","11WD8REUW1C---DD","Fossil Hard coal","11WD8REUW1C---DD","27/04/2026 05:00 - 27/04/2026 06:00","0.00",""
"27/04/2026 00:00 - 28/04/2026 00:00","CTA|DE(50Hertz)","HKW Reuter West Block D","11WD8REUW1C---DD","Fossil Hard coal","11WD8REUW1C---DD","27/04/2026 06:00 - 27/04/2026 07:00","0.00",""
"27/04/2026 00:00 - 28/04/2026 00:00","CTA|DE(50Hertz)","HKW Reuter West Block D","11WD8REUW1C---DD","Fossil Hard coal","11WD8REUW1C---DD","27/04/2026 07:00 - 27/04/2026 08:00","0.00",""
"27/04/2026 00:00 - 28/04/2026 00:00","CTA|DE(50Hertz)","HKW Reuter West Block D","11WD8REUW1C---DD","Fossil Hard coal","11WD8REUW1C---DD","27/04/2026 08:00 - 27/04/2026 09:00","0.00",""
"27/04/2026 00:00 - 28/04/2026 00:00","CTA|DE(50Hertz)","HKW Reuter West Block D","11WD8REUW1C---DD","Fossil Hard coal","11WD8REUW1C---DD","27/04/2026 09:00 - 27/04/2026 10:00","0.00",""
"27/04/2026 00:00 - 28/04/2026 00:00","CTA|DE(50Hertz)","HKW Reuter West Block D","11WD8REUW1C---DD","Fossil Hard coal","11WD8REUW1C---DD","27/04/2026 10:00 - 27/04/2026 11:00","0.00",""
"27/04/2026 00:00 - 28/04/2026 00:00","CTA|DE(50Hertz)","HKW Reuter West Block D","11WD8REUW1C---DD","Fossil Hard coal","11WD8REUW1C---DD","27/04/2026 11:00 - 27/04/2026 12:00","0.00",""
"27/04/2026 00:00 - 28/04/2026 00:00","CTA|DE(50Hertz)","HKW Reuter West Block D","11WD8REUW1C---DD","Fossil Hard coal","11WD8REUW1C---DD","27/04/2026 12:00 - 27/04/2026 13:00","0.00",""
"27/04/2026 00:00 - 28/04/2026 00:00","CTA|DE(50Hertz)","HKW Reuter West Block D","11WD8REUW1C---DD","Fossil Hard coal","11WD8REUW1C---DD","27/04/2026 13:00 - 27/04/2026 14:00","0.00",""
"27/04/2026 00:00 - 28/04/2026 00:00","CTA|DE(50Hertz)","HKW Reuter West Block D","11WD8REUW1C---DD","Fossil Hard coal","11WD8REUW1C---DD","27/04/2026 14:00 - 27/04/2026 15:00","0.00",""
"27/04/2026 00:00 - 28/04/2026 00:00","CTA|DE(50Hertz)","HKW Reuter West Block D","11WD8REUW1C---DD","Fossil Hard coal","11WD8REUW1C---DD","27/04/2026 15:00 - 27/04/2026 16:00","0.00",""
"27/04/2026 00:00 - 28/04/2026 00:00","CTA|DE(50Hertz)","HKW Reuter West Block D","11WD8REUW1C---DD","Fossil Hard coal","11WD8REUW1C---DD","27/04/2026 16:00 - 27/04/2026 17:00","0.00",""
"27/04/2026 00:00 - 28/04/2026 00:00","CTA|DE(50Hertz)","HKW Reuter West Block D","11WD8REUW1C---DD","Fossil Hard coal","11WD8REUW1C---DD","27/04/2026 17:00 - 27/04/2026 18:00","0.00",""
"27/04/2026 00:00 - 28/04/2026 00:00","CTA|DE(50Hertz)","HKW Reuter West Block D","11WD8REUW1C---DD","Fossil Hard coal","11WD8REUW1C---DD","27/04/2026 18:00 - 27/04/2026 19:00","0.00",""
"27/04/2026 00:00 - 28/04/2026 00:00","CTA|DE(50Hertz)","HKW Reuter West Block D","11WD8REUW1C---DD","Fossil Hard coal","11WD8REUW1C---DD","27/04/2026 19:00 - 27/04/2026 20:00","0.00",""
"27/04/2026 00:00 - 28/04/2026 00:00","CTA|DE(50Hertz)","HKW Reuter West Block D","11WD8REUW1C---DD","Fossil Hard coal","11WD8REUW1C---DD","27/04/2026 20:00 - 27/04/2026 21:00","0.00",""
"27/04/2026 00:00 - 28/04/2026 00:00","CTA|DE(50Hertz)","HKW Reuter West Block D","11WD8REUW1C---DD","Fossil Hard coal","11WD8REUW1C---DD","27/04/2026 21:00 - 27/04/2026 22:00","0.00",""
"27/04/2026 00:00 - 28/04/2026 00:00","CTA|DE(50Hertz)","HKW Reuter West Block D","11WD8REUW1C---DD","Fossil Hard coal","11WD8REUW1C---DD","27/04/2026 22:00 - 27/04/2026 23:00","0.00",""
"27/04/2026 00:00 - 28/04/2026 00:00","CTA|DE(50Hertz)","HKW Reuter West Block D","11WD8REUW1C---DD","Fossil Hard coal","11WD8REUW1C---DD","27/04/2026 23:00 - 28/04/2026 00:00","0.00",""
"27/04/2026 00:00 - 28/04/2026 00:00","CTA|DE(50Hertz)","HKW Reuter West Block E","11WD8REUW1C---EB","Fossil Hard coal","11WD8REUW1C---EB","27/04/2026 00:00 - 27/04/2026 01:00","141.50",""
"27/04/2026 00:00 - 28/04/2026 00:00","CTA|DE(50Hertz)","HKW Reuter West Block E","11WD8REUW1C---EB","Fossil Hard coal","11WD8REUW1C---EB","27/04/2026 01:00 - 27/04/2026 02:00","142.75",""
"27/04/2026 00:00 - 28/04/2026 00:00","CTA|DE(50Hertz)","HKW Reuter West Block E","11WD8REUW1C---EB","Fossil Hard coal","11WD8REUW1C---EB","27/04/2026 02:00 - 27/04/2026 03:00","142.75",""
"27/04/2026 00:00 - 28/04/2026 00:00","CTA|DE(50Hertz)","HKW Reuter West Block E","11WD8REUW1C---EB","Fossil Hard coal","11WD8REUW1C---EB","27/04/2026 03:00 - 27/04/2026 04:00","141.75",""
"27/04/2026 00:00 - 28/04/2026 00:00","CTA|DE(50Hertz)","HKW Reuter West Block E","11WD8REUW1C---EB","Fossil Hard coal","11WD8REUW1C---EB","27/04/2026 04:00 - 27/04/2026 05:00","141.25",""
"27/04/2026 00:00 - 28/04/2026 00:00","CTA|DE(50Hertz)","HKW Reuter West Block E","11WD8REUW1C---EB","Fossil Hard coal","11WD8REUW1C---EB","27/04/2026 05:00 - 27/04/2026 06:00","143.25",""
"27/04/2026 00:00 - 28/04/2026 00:00","CTA|DE(50Hertz)","HKW Reuter West Block E","11WD8REUW1C---EB","Fossil Hard coal","11WD8REUW1C---EB","27/04/2026 06:00 - 27/04/2026 07:00","142.00",""
"27/04/2026 00:00 - 28/04/2026 00:00","CTA|DE(50Hertz)","HKW Reuter West Block E","11WD8REUW1C---EB","Fossil Hard coal","11WD8REUW1C---EB","27/04/2026 07:00 - 27/04/2026 08:00","141.25",""
"27/04/2026 00:00 - 28/04/2026 00:00","CTA|DE(50Hertz)","HKW Reuter West Block E","11WD8REUW1C---EB","Fossil Hard coal","11WD8REUW1C---EB","27/04/2026 08:00 - 27/04/2026 09:00","127.25",""
"27/04/2026 00:00 - 28/04/2026 00:00","CTA|DE(50Hertz)","HKW Reuter West Block E","11WD8REUW1C---EB","Fossil Hard coal","11WD8REUW1C---EB","27/04/2026 09:00 - 27/04/2026 10:00","112.00",""
"27/04/2026 00:00 - 28/04/2026 00:00","CTA|DE(50Hertz)","HKW Reuter West Block E","11WD8REUW1C---EB","Fossil Hard coal","11WD8REUW1C---EB","27/04/2026 10:00 - 27/04/2026 11:00","64.50",""
"27/04/2026 00:00 - 28/04/2026 00:00","CTA|DE(50Hertz)","HKW Reuter West Block E","11WD8REUW1C---EB","Fossil Hard coal","11WD8REUW1C---EB","27/04/2026 11:00 - 27/04/2026 12:00","33.50",""
"27/04/2026 00:00 - 28/04/2026 00:00","CTA|DE(50Hertz)","HKW Reuter West Block E","11WD8REUW1C---EB","Fossil Hard coal","11WD8REUW1C---EB","27/04/2026 12:00 - 27/04/2026 13:00","4.00",""
"27/04/2026 00:00 - 28/04/2026 00:00","CTA|DE(50Hertz)","HKW Reuter West Block E","11WD8REUW1C---EB","Fossil Hard coal","11WD8REUW1C---EB","27/04/2026 13:00 - 27/04/2026 14:00","2.00",""
"27/04/2026 00:00 - 28/04/2026 00:00","CTA|DE(50Hertz)","HKW Reuter West Block E","11WD8REUW1C---EB","Fossil Hard coal","11WD8REUW1C---EB","27/04/2026 14:00 - 27/04/2026 15:00","2.00",""
"27/04/2026 00:00 - 28/04/2026 00:00","CTA|DE(50Hertz)","HKW Reuter West Block E","11WD8REUW1C---EB","Fossil Hard coal","11WD8REUW1C---EB","27/04/2026 15:00 - 27/04/2026 16:00","2.75",""
"27/04/2026 00:00 - 28/04/2026 00:00","CTA|DE(50Hertz)","HKW Reuter West Block E","11WD8REUW1C---EB","Fossil Hard coal","11WD8REUW1C---EB","27/04/2026 16:00 - 27/04/2026 17:00","68.00",""
"27/04/2026 00:00 - 28/04/2026 00:00","CTA|DE(50Hertz)","HKW Reuter West Block E","11WD8REUW1C---EB","Fossil Hard coal","11WD8REUW1C---EB","27/04/2026 17:00 - 27/04/2026 18:00","140.00",""
"27/04/2026 00:00 - 28/04/2026 00:00","CTA|DE(50Hertz)","HKW Reuter West Block E","11WD8REUW1C---EB","Fossil Hard coal","11WD8REUW1C---EB","27/04/2026 18:00 - 27/04/2026 19:00","142.75",""
"27/04/2026 00:00 - 28/04/2026 00:00","CTA|DE(50Hertz)","HKW Reuter West Block E","11WD8REUW1C---EB","Fossil Hard coal","11WD8REUW1C---EB","27/04/2026 19:00 - 27/04/2026 20:00","142.25",""
"27/04/2026 00:00 - 28/04/2026 00:00","CTA|DE(50Hertz)","HKW Reuter West Block E","11WD8REUW1C---EB","Fossil Hard coal","11WD8REUW1C---EB","27/04/2026 20:00 - 27/04/2026 21:00","141.50",""
"27/04/2026 00:00 - 28/04/2026 00:00","CTA|DE(50Hertz)","HKW Reuter West Block E","11WD8REUW1C---EB","Fossil Hard coal","11WD8REUW1C---EB","27/04/2026 21:00 - 27/04/2026 22:00","142.00",""
"27/04/2026 00:00 - 28/04/2026 00:00","CTA|DE(50Hertz)","HKW Reuter West Block E","11WD8REUW1C---EB","Fossil Hard coal","11WD8REUW1C---EB","27/04/2026 22:00 - 27/04/2026 23:00","142.00",""
"27/04/2026 00:00 - 28/04/2026 00:00","CTA|DE(50Hertz)","HKW Reuter West Block E","11WD8REUW1C---EB","Fossil Hard coal","11WD8REUW1C---EB","27/04/2026 23:00 - 28/04/2026 00:00","142.25",""
"27/04/2026 00:00 - 28/04/2026 00:00","CTA|DE(50Hertz)","Kraftwerk Rostock","11WD8ROST1C----K","Fossil Hard coal","11WD8ROST1C----K","27/04/2026 00:00 - 27/04/2026 01:00","504.98",""
"27/04/2026 00:00 - 28/04/2026 00:00","CTA|DE(50Hertz)","Kraftwerk Rostock","11WD8ROST1C----K","Fossil Hard coal","11WD8ROST1C----K","27/04/2026 01:00 - 27/04/2026 02:00","505.43",""
"27/04/2026 00:00 - 28/04/2026 00:00","CTA|DE(50Hertz)","Kraftwerk Rostock","11WD8ROST1C----K","Fossil Hard coal","11WD8ROST1C----K","27/04/2026 02:00 - 27/04/2026 03:00","498.18",""
"27/04/2026 00:00 - 28/04/2026 00:00","CTA|DE(50Hertz)","Kraftwerk Rostock","11WD8ROST1C----K","Fossil Hard coal","11WD8ROST1C----K","27/04/2026 03:00 - 27/04/2026 04:00","493.18",""
"27/04/2026 00:00 - 28/04/2026 00:00","CTA|DE(50Hertz)","Kraftwerk Rostock","11WD8ROST1C----K","Fossil Hard coal","11WD8ROST1C----K","27/04/2026 04:00 - 27/04/2026 05:00","495.65",""
"27/04/2026 00:00 - 28/04/2026 00:00","CTA|DE(50Hertz)","Kraftwerk Rostock","11WD8ROST1C----K","Fossil Hard coal","11WD8ROST1C----K","27/04/2026 05:00 - 27/04/2026 06:00","496.52",""
"27/04/2026 00:00 - 28/04/2026 00:00","CTA|DE(50Hertz)","Kraftwerk Rostock","11WD8ROST1C----K","Fossil Hard coal","11WD8ROST1C----K","27/04/2026 06:00 - 27/04/2026 07:00","496.38",""
"27/04/2026 00:00 - 28/04/2026 00:00","CTA|DE(50Hertz)","Kraftwerk Rostock","11WD8ROST1C----K","Fossil Hard coal","11WD8ROST1C----K","27/04/2026 07:00 - 27/04/2026 08:00","496.57",""
"27/04/2026 00:00 - 28/04/2026 00:00","CTA|DE(50Hertz)","Kraftwerk Rostock","11WD8ROST1C----K","Fossil Hard coal","11WD8ROST1C----K","27/04/2026 08:00 - 27/04/2026 09:00","325.98",""
"27/04/2026 00:00 - 28/04/2026 00:00","CTA|DE(50Hertz)","Kraftwerk Rostock","11WD8ROST1C----K","Fossil Hard coal","11WD8ROST1C----K","27/04/2026 09:00 - 27/04/2026 10:00","19.60",""
"27/04/2026 00:00 - 28/04/2026 00:00","CTA|DE(50Hertz)","Kraftwerk Rostock","11WD8ROST1C----K","Fossil Hard coal","11WD8ROST1C----K","27/04/2026 10:00 - 27/04/2026 11:00","0.00",""
"27/04/2026 00:00 - 28/04/2026 00:00","CTA|DE(50Hertz)","Kraftwerk Rostock","11WD8ROST1C----K","Fossil Hard coal","11WD8ROST1C----K","27/04/2026 11:00 - 27/04/2026 12:00","0.00",""
"27/04/2026 00:00 - 28/04/2026 00:00","CTA|DE(50Hertz)","Kraftwerk Rostock","11WD8ROST1C----K","Fossil Hard coal","11WD8ROST1C----K","27/04/2026 12:00 - 27/04/2026 13:00","0.00",""
"27/04/2026 00:00 - 28/04/2026 00:00","CTA|DE(50Hertz)","Kraftwerk Rostock","11WD8ROST1C----K","Fossil Hard coal","11WD8ROST1C----K","27/04/2026 13:00 - 27/04/2026 14:00","0.00",""
"27/04/2026 00:00 - 28/04/2026 00:00","CTA|DE(50Hertz)","Kraftwerk Rostock","11WD8ROST1C----K","Fossil Hard coal","11WD8ROST1C----K","27/04/2026 14:00 - 27/04/2026 15:00","0.00",""
"27/04/2026 00:00 - 28/04/2026 00:00","CTA|DE(50Hertz)","Kraftwerk Rostock","11WD8ROST1C----K","Fossil Hard coal","11WD8ROST1C----K","27/04/2026 15:00 - 27/04/2026 16:00","0.00",""
"27/04/2026 00:00 - 28/04/2026 00:00","CTA|DE(50Hertz)","Kraftwerk Rostock","11WD8ROST1C----K","Fossil Hard coal","11WD8ROST1C----K","27/04/2026 16:00 - 27/04/2026 17:00","0.00",""
"27/04/2026 00:00 - 28/04/2026 00:00","CTA|DE(50Hertz)","Kraftwerk Rostock","11WD8ROST1C----K","Fossil Hard coal","11WD8ROST1C----K","27/04/2026 17:00 - 27/04/2026 18:00","34.50",""
"27/04/2026 00:00 - 28/04/2026 00:00","CTA|DE(50Hertz)","Kraftwerk Rostock","11WD8ROST1C----K","Fossil Hard coal","11WD8ROST1C----K","27/04/2026 18:00 - 27/04/2026 19:00","248.10",""
"27/04/2026 00:00 - 28/04/2026 00:00","CTA|DE(50Hertz)","Kraftwerk Rostock","11WD8ROST1C----K","Fossil Hard coal","11WD8ROST1C----K","27/04/2026 19:00 - 27/04/2026 20:00","458.85",""
"27/04/2026 00:00 - 28/04/2026 00:00","CTA|DE(50Hertz)","Kraftwerk Rostock","11WD8ROST1C----K","Fossil Hard coal","11WD8ROST1C----K","27/04/2026 20:00 - 27/04/2026 21:00","496.43",""
"27/04/2026 00:00 - 28/04/2026 00:00","CTA|DE(50Hertz)","Kraftwerk Rostock","11WD8ROST1C----K","Fossil Hard coal","11WD8ROST1C----K","27/04/2026 21:00 - 27/04/2026 22:00","500.50",""
"27/04/2026 00:00 - 28/04/2026 00:00","CTA|DE(50Hertz)","Kraftwerk Rostock","11WD8ROST1C----K","Fossil Hard coal","11WD8ROST1C----K","27/04/2026 22:00 - 27/04/2026 23:00","503.73",""
"27/04/2026 00:00 - 28/04/2026 00:00","CTA|DE(50Hertz)","Kraftwerk Rostock","11WD8ROST1C----K","Fossil Hard coal","11WD8ROST1C----K","27/04/2026 23:00 - 28/04/2026 00:00","502.70",""
"27/04/2026 00:00 - 28/04/2026 00:00","CTA|DE(50Hertz)","Schkopau A","11WD8SCHK1L---A2","Fossil Brown coal/Lignite","11WD8SCHK1L---A2","27/04/2026 00:00 - 27/04/2026 01:00","269.50",""
"27/04/2026 00:00 - 28/04/2026 00:00","CTA|DE(50Hertz)","Schkopau A","11WD8SCHK1L---A2","Fossil Brown coal/Lignite","11WD8SCHK1L---A2","27/04/2026 01:00 - 27/04/2026 02:00","379.00",""
"27/04/2026 00:00 - 28/04/2026 00:00","CTA|DE(50Hertz)","Schkopau A","11WD8SCHK1L---A2","Fossil Brown coal/Lignite","11WD8SCHK1L---A2","27/04/2026 02:00 - 27/04/2026 03:00","400.00",""
"27/04/2026 00:00 - 28/04/2026 00:00","CTA|DE(50Hertz)","Schkopau A","11WD8SCHK1L---A2","Fossil Brown coal/Lignite","11WD8SCHK1L---A2","27/04/2026 03:00 - 27/04/2026 04:00","338.75",""
"27/04/2026 00:00 - 28/04/2026 00:00","CTA|DE(50Hertz)","Schkopau A","11WD8SCHK1L---A2","Fossil Brown coal/Lignite","11WD8SCHK1L---A2","27/04/2026 04:00 - 27/04/2026 05:00","366.75",""
"27/04/2026 00:00 - 28/04/2026 00:00","CTA|DE(50Hertz)","Schkopau A","11WD8SCHK1L---A2","Fossil Brown coal/Lignite","11WD8SCHK1L---A2","27/04/2026 05:00 - 27/04/2026 06:00","387.00",""
"27/04/2026 00:00 - 28/04/2026 00:00","CTA|DE(50Hertz)","Schkopau A","11WD8SCHK1L---A2","Fossil Brown coal/Lignite","11WD8SCHK1L---A2","27/04/2026 06:00 - 27/04/2026 07:00","372.75",""
"27/04/2026 00:00 - 28/04/2026 00:00","CTA|DE(50Hertz)","Schkopau A","11WD8SCHK1L---A2","Fossil Brown coal/Lignite","11WD8SCHK1L---A2","27/04/2026 07:00 - 27/04/2026 08:00","404.00",""
"27/04/2026 00:00 - 28/04/2026 00:00","CTA|DE(50Hertz)","Schkopau A","11WD8SCHK1L---A2","Fossil Brown coal/Lignite","11WD8SCHK1L---A2","27/04/2026 08:00 - 27/04/2026 09:00","246.00",""
"27/04/2026 00:00 - 28/04/2026 00:00","CTA|DE(50Hertz)","Schkopau A","11WD8SCHK1L---A2","Fossil Brown coal/Lignite","11WD8SCHK1L---A2","27/04/2026 09:00 - 27/04/2026 10:00","12.50",""
"27/04/2026 00:00 - 28/04/2026 00:00","CTA|DE(50Hertz)","Schkopau A","11WD8SCHK1L---A2","Fossil Brown coal/Lignite","11WD8SCHK1L---A2","27/04/2026 10:00 - 27/04/2026 11:00","0.00",""
"27/04/2026 00:00 - 28/04/2026 00:00","CTA|DE(50Hertz)","Schkopau A","11WD8SCHK1L---A2","Fossil Brown coal/Lignite","11WD8SCHK1L---A2","27/04/2026 11:00 - 27/04/2026 12:00","0.00",""
"27/04/2026 00:00 - 28/04/2026 00:00","CTA|DE(50Hertz)","Schkopau A","11WD8SCHK1L---A2","Fossil Brown coal/Lignite","11WD8SCHK1L---A2","27/04/2026 12:00 - 27/04/2026 13:00","0.00",""
"27/04/2026 00:00 - 28/04/2026 00:00","CTA|DE(50Hertz)","Schkopau A","11WD8SCHK1L---A2","Fossil Brown coal/Lignite","11WD8SCHK1L---A2","27/04/2026 13:00 - 27/04/2026 14:00","0.00",""
"27/04/2026 00:00 - 28/04/2026 00:00","CTA|DE(50Hertz)","Schkopau A","11WD8SCHK1L---A2","Fossil Brown coal/Lignite","11WD8SCHK1L---A2","27/04/2026 14:00 - 27/04/2026 15:00","0.00",""
"27/04/2026 00:00 - 28/04/2026 00:00","CTA|DE(50Hertz)","Schkopau A","11WD8SCHK1L---A2","Fossil Brown coal/Lignite","11WD8SCHK1L---A2","27/04/2026 15:00 - 27/04/2026 16:00","0.00",""
"27/04/2026 00:00 - 28/04/2026 00:00","CTA|DE(50Hertz)","Schkopau A","11WD8SCHK1L---A2","Fossil Brown coal/Lignite","11WD8SCHK1L---A2","27/04/2026 16:00 - 27/04/2026 17:00","0.00",""
"27/04/2026 00:00 - 28/04/2026 00:00","CTA|DE(50Hertz)","Schkopau A","11WD8SCHK1L---A2","Fossil Brown coal/Lignite","11WD8SCHK1L---A2","27/04/2026 17:00 - 27/04/2026 18:00","0.00",""
"27/04/2026 00:00 - 28/04/2026 00:00","CTA|DE(50Hertz)","Schkopau A","11WD8SCHK1L---A2","Fossil Brown coal/Lignite","11WD8SCHK1L---A2","27/04/2026 18:00 - 27/04/2026 19:00","69.50",""
"27/04/2026 00:00 - 28/04/2026 00:00","CTA|DE(50Hertz)","Schkopau A","11WD8SCHK1L---A2","Fossil Brown coal/Lignite","11WD8SCHK1L---A2","27/04/2026 19:00 - 27/04/2026 20:00","195.75",""
"27/04/2026 00:00 - 28/04/2026 00:00","CTA|DE(50Hertz)","Schkopau A","11WD8SCHK1L---A2","Fossil Brown coal/Lignite","11WD8SCHK1L---A2","27/04/2026 20:00 - 27/04/2026 21:00","408.25",""
"27/04/2026 00:00 - 28/04/2026 00:00","CTA|DE(50Hertz)","Schkopau A","11WD8SCHK1L---A2","Fossil Brown coal/Lignite","11WD8SCHK1L---A2","27/04/2026 21:00 - 27/04/2026 22:00","351.50",""
"27/04/2026 00:00 - 28/04/2026 00:00","CTA|DE(50Hertz)","Schkopau A","11WD8SCHK1L---A2","Fossil Brown coal/Lignite","11WD8SCHK1L---A2","27/04/2026 22:00 - 27/04/2026 23:00","398.00",""
"27/04/2026 00:00 - 28/04/2026 00:00","CTA|DE(50Hertz)","Schkopau A","11WD8SCHK1L---A2","Fossil Brown coal/Lignite","11WD8SCHK1L---A2","27/04/2026 23:00 - 28/04/2026 00:00","228.00",""
"27/04/2026 00:00 - 28/04/2026 00:00","CTA|DE(50Hertz)","Schkopau B","11WD8SCHK1L---B0","Fossil Brown coal/Lignite","11WD8SCHK1L---B0","27/04/2026 00:00 - 27/04/2026 01:00","0.00",""
"27/04/2026 00:00 - 28/04/2026 00:00","CTA|DE(50Hertz)","Schkopau B","11WD8SCHK1L---B0","Fossil Brown coal/Lignite","11WD8SCHK1L---B0","27/04/2026 01:00 - 27/04/2026 02:00","0.00",""
"27/04/2026 00:00 - 28/04/2026 00:00","CTA|DE(50Hertz)","Schkopau B","11WD8SCHK1L---B0","Fossil Brown coal/Lignite","11WD8SCHK1L---B0","27/04/2026 02:00 - 27/04/2026 03:00","0.00",""
"27/04/2026 00:00 - 28/04/2026 00:00","CTA|DE(50Hertz)","Schkopau B","11WD8SCHK1L---B0","Fossil Brown coal/Lignite","11WD8SCHK1L---B0","27/04/2026 03:00 - 27/04/2026 04:00","0.00",""
"27/04/2026 00:00 - 28/04/2026 00:00","CTA|DE(50Hertz)","Schkopau B","11WD8SCHK1L---B0","Fossil Brown coal/Lignite","11WD8SCHK1L---B0","27/04/2026 04:00 - 27/04/2026 05:00","0.00",""
"27/04/2026 00:00 - 28/04/2026 00:00","CTA|DE(50Hertz)","Schkopau B","11WD8SCHK1L---B0","Fossil Brown coal/Lignite","11WD8SCHK1L---B0","27/04/2026 05:00 - 27/04/2026 06:00","0.00",""
"27/04/2026 00:00 - 28/04/2026 00:00","CTA|DE(50Hertz)","Schkopau B","11WD8SCHK1L---B0","Fossil Brown coal/Lignite","11WD8SCHK1L---B0","27/04/2026 06:00 - 27/04/2026 07:00","0.00",""
"27/04/2026 00:00 - 28/04/2026 00:00","CTA|DE(50Hertz)","Schkopau B","11WD8SCHK1L---B0","Fossil Brown coal/Lignite","11WD8SCHK1L---B0","27/04/2026 07:00 - 27/04/2026 08:00","0.00",""
"27/04/2026 00:00 - 28/04/2026 00:00","CTA|DE(50Hertz)","Schkopau B","11WD8SCHK1L---B0","Fossil Brown coal/Lignite","11WD8SCHK1L---B0","27/04/2026 08:00 - 27/04/2026 09:00","0.00",""
"27/04/2026 00:00 - 28/04/2026 00:00","CTA|DE(50Hertz)","Schkopau B","11WD8SCHK1L---B0","Fossil Brown coal/Lignite","11WD8SCHK1L---B0","27/04/2026 09:00 - 27/04/2026 10:00","0.00",""
"27/04/2026 00:00 - 28/04/2026 00:00","CTA|DE(50Hertz)","Schkopau B","11WD8SCHK1L---B0","Fossil Brown coal/Lignite","11WD8SCHK1L---B0","27/04/2026 10:00 - 27/04/2026 11:00","0.00",""
"27/04/2026 00:00 - 28/04/2026 00:00","CTA|DE(50Hertz)","Schkopau B","11WD8SCHK1L---B0","Fossil Brown coal/Lignite","11WD8SCHK1L---B0","27/04/2026 11:00 - 27/04/2026 12:00","0.00",""
"27/04/2026 00:00 - 28/04/2026 00:00","CTA|DE(50Hertz)","Schkopau B","11WD8SCHK1L---B0","Fossil Brown coal/Lignite","11WD8SCHK1L---B0","27/04/2026 12:00 - 27/04/2026 13:00","0.00",""
"27/04/2026 00:00 - 28/04/2026 00:00","CTA|DE(50Hertz)","Schkopau B","11WD8SCHK1L---B0","Fossil Brown coal/Lignite","11WD8SCHK1L---B0","27/04/2026 13:00 - 27/04/2026 14:00","0.00",""
"27/04/2026 00:00 - 28/04/2026 00:00","CTA|DE(50Hertz)","Schkopau B","11WD8SCHK1L---B0","Fossil Brown coal/Lignite","11WD8SCHK1L---B0","27/04/2026 14:00 - 27/04/2026 15:00","0.00",""
"27/04/2026 00:00 - 28/04/2026 00:00","CTA|DE(50Hertz)","Schkopau B","11WD8SCHK1L---B0","Fossil Brown coal/Lignite","11WD8SCHK1L---B0","27/04/2026 15:00 - 27/04/2026 16:00","0.00",""
"27/04/2026 00:00 - 28/04/2026 00:00","CTA|DE(50Hertz)","Schkopau B","11WD8SCHK1L---B0","Fossil Brown coal/Lignite","11WD8SCHK1L---B0","27/04/2026 16:00 - 27/04/2026 17:00","0.00",""
"27/04/2026 00:00 - 28/04/2026 00:00","CTA|DE(50Hertz)","Schkopau B","11WD8SCHK1L---B0","Fossil Brown coal/Lignite","11WD8SCHK1L---B0","27/04/2026 17:00 - 27/04/2026 18:00","0.00",""
"27/04/2026 00:00 - 28/04/2026 00:00","CTA|DE(50Hertz)","Schkopau B","11WD8SCHK1L---B0","Fossil Brown coal/Lignite","11WD8SCHK1L---B0","27/04/2026 18:00 - 27/04/2026 19:00","0.00",""
"27/04/2026 00:00 - 28/04/2026 00:00","CTA|DE(50Hertz)","Schkopau B","11WD8SCHK1L---B0","Fossil Brown coal/Lignite","11WD8SCHK1L---B0","27/04/2026 19:00 - 27/04/2026 20:00","0.00",""
"27/04/2026 00:00 - 28/04/2026 00:00","CTA|DE(50Hertz)","Schkopau B","11WD8SCHK1L---B0","Fossil Brown coal/Lignite","11WD8SCHK1L---B0","27/04/2026 20:00 - 27/04/2026 21:00","0.00",""
"27/04/2026 00:00 - 28/04/2026 00:00","CTA|DE(50Hertz)","Schkopau B","11WD8SCHK1L---B0","Fossil Brown coal/Lignite","11WD8SCHK1L---B0","27/04/2026 21:00 - 27/04/2026 22:00","0.00",""
"27/04/2026 00:00 - 28/04/2026 00:00","CTA|DE(50Hertz)","Schkopau B","11WD8SCHK1L---B0","Fossil Brown coal/Lignite","11WD8SCHK1L---B0","27/04/2026 22:00 - 27/04/2026 23:00","0.00",""
"27/04/2026 00:00 - 28/04/2026 00:00","CTA|DE(50Hertz)","Schkopau B","11WD8SCHK1L---B0","Fossil Brown coal/Lignite","11WD8SCHK1L---B0","27/04/2026 23:00 - 28/04/2026 00:00","0.00",""
"27/04/2026 00:00 - 28/04/2026 00:00","CTA|DE(50Hertz)","IKS Schwedt SE1 Block 1","11WD8SCHW5X---19","Fossil Oil","11WD8SCHW5X---19","27/04/2026 00:00 - 27/04/2026 01:00","70.00",""
"27/04/2026 00:00 - 28/04/2026 00:00","CTA|DE(50Hertz)","IKS Schwedt SE1 Block 1","11WD8SCHW5X---19","Fossil Oil","11WD8SCHW5X---19","27/04/2026 01:00 - 27/04/2026 02:00","70.00",""
"27/04/2026 00:00 - 28/04/2026 00:00","CTA|DE(50Hertz)","IKS Schwedt SE1 Block 1","11WD8SCHW5X---19","Fossil Oil","11WD8SCHW5X---19","27/04/2026 02:00 - 27/04/2026 03:00","70.00",""
"27/04/2026 00:00 - 28/04/2026 00:00","CTA|DE(50Hertz)","IKS Schwedt SE1 Block 1","11WD8SCHW5X---19","Fossil Oil","11WD8SCHW5X---19","27/04/2026 03:00 - 27/04/2026 04:00","70.00",""
"27/04/2026 00:00 - 28/04/2026 00:00","CTA|DE(50Hertz)","IKS Schwedt SE1 Block 1","11WD8SCHW5X---19","Fossil Oil","11WD8SCHW5X---19","27/04/2026 04:00 - 27/04/2026 05:00","70.00",""
"27/04/2026 00:00 - 28/04/2026 00:00","CTA|DE(50Hertz)","IKS Schwedt SE1 Block 1","11WD8SCHW5X---19","Fossil Oil","11WD8SCHW5X---19","27/04/2026 05:00 - 27/04/2026 06:00","70.00",""
"27/04/2026 00:00 - 28/04/2026 00:00","CTA|DE(50Hertz)","IKS Schwedt SE1 Block 1","11WD8SCHW5X---19","Fossil Oil","11WD8SCHW5X---19","27/04/2026 06:00 - 27/04/2026 07:00","70.00",""
"27/04/2026 00:00 - 28/04/2026 00:00","CTA|DE(50Hertz)","IKS Schwedt SE1 Block 1","11WD8SCHW5X---19","Fossil Oil","11WD8SCHW5X---19","27/04/2026 07:00 - 27/04/2026 08:00","70.00",""
"27/04/2026 00:00 - 28/04/2026 00:00","CTA|DE(50Hertz)","IKS Schwedt SE1 Block 1","11WD8SCHW5X---19","Fossil Oil","11WD8SCHW5X---19","27/04/2026 08:00 - 27/04/2026 09:00","70.75",""
"27/04/2026 00:00 - 28/04/2026 00:00","CTA|DE(50Hertz)","IKS Schwedt SE1 Block 1","11WD8SCHW5X---19","Fossil Oil","11WD8SCHW5X---19","27/04/2026 09:00 - 27/04/2026 10:00","72.00",""
"27/04/2026 00:00 - 28/04/2026 00:00","CTA|DE(50Hertz)","IKS Schwedt SE1 Block 1","11WD8SCHW5X---19","Fossil Oil","11WD8SCHW5X---19","27/04/2026 10:00 - 27/04/2026 11:00","72.00",""
"27/04/2026 00:00 - 28/04/2026 00:00","CTA|DE(50Hertz)","IKS Schwedt SE1 Block 1","11WD8SCHW5X---19","Fossil Oil","11WD8SCHW5X---19","27/04/2026 11:00 - 27/04/2026 12:00","72.00",""
"27/04/2026 00:00 - 28/04/2026 00:00","CTA|DE(50Hertz)","IKS Schwedt SE1 Block 1","11WD8SCHW5X---19","Fossil Oil","11WD8SCHW5X---19","27/04/2026 12:00 - 27/04/2026 13:00","72.00",""
"27/04/2026 00:00 - 28/04/2026 00:00","CTA|DE(50Hertz)","IKS Schwedt SE1 Block 1","11WD8SCHW5X---19","Fossil Oil","11WD8SCHW5X---19","27/04/2026 13:00 - 27/04/2026 14:00","72.00",""
"27/04/2026 00:00 - 28/04/2026 00:00","CTA|DE(50Hertz)","IKS Schwedt SE1 Block 1","11WD8SCHW5X---19","Fossil Oil","11WD8SCHW5X---19","27/04/2026 14:00 - 27/04/2026 15:00","72.00",""
"27/04/2026 00:00 - 28/04/2026 00:00","CTA|DE(50Hertz)","IKS Schwedt SE1 Block 1","11WD8SCHW5X---19","Fossil Oil","11WD8SCHW5X---19","27/04/2026 15:00 - 27/04/2026 16:00","72.00",""
"27/04/2026 00:00 - 28/04/2026 00:00","CTA|DE(50Hertz)","IKS Schwedt SE1 Block 1","11WD8SCHW5X---19","Fossil Oil","11WD8SCHW5X---19","27/04/2026 16:00 - 27/04/2026 17:00","72.00",""
"27/04/2026 00:00 - 28/04/2026 00:00","CTA|DE(50Hertz)","IKS Schwedt SE1 Block 1","11WD8SCHW5X---19","Fossil Oil","11WD8SCHW5X---19","27/04/2026 17:00 - 27/04/2026 18:00","72.00",""
"27/04/2026 00:00 - 28/04/2026 00:00","CTA|DE(50Hertz)","IKS Schwedt SE1 Block 1","11WD8SCHW5X---19","Fossil Oil","11WD8SCHW5X---19","27/04/2026 18:00 - 27/04/2026 19:00","72.00",""
"27/04/2026 00:00 - 28/04/2026 00:00","CTA|DE(50Hertz)","IKS Schwedt SE1 Block 1","11WD8SCHW5X---19","Fossil Oil","11WD8SCHW5X---19","27/04/2026 19:00 - 27/04/2026 20:00","72.00",""
"27/04/2026 00:00 - 28/04/2026 00:00","CTA|DE(50Hertz)","IKS Schwedt SE1 Block 1","11WD8SCHW5X---19","Fossil Oil","11WD8SCHW5X---19","27/04/2026 20:00 - 27/04/2026 21:00","72.00",""
"27/04/2026 00:00 - 28/04/2026 00:00","CTA|DE(50Hertz)","IKS Schwedt SE1 Block 1","11WD8SCHW5X---19","Fossil Oil","11WD8SCHW5X---19","27/04/2026 21:00 - 27/04/2026 22:00","72.00",""
"27/04/2026 00:00 - 28/04/2026 00:00","CTA|DE(50Hertz)","IKS Schwedt SE1 Block 1","11WD8SCHW5X---19","Fossil Oil","11WD8SCHW5X---19","27/04/2026 22:00 - 27/04/2026 23:00","72.00",""
"27/04/2026 00:00 - 28/04/2026 00:00","CTA|DE(50Hertz)","IKS Schwedt SE1 Block 1","11WD8SCHW5X---19","Fossil Oil","11WD8SCHW5X---19","27/04/2026 23:00 - 28/04/2026 00:00","72.00",""
"27/04/2026 00:00 - 28/04/2026 00:00","CTA|DE(50Hertz)","IKS Schwedt SE2 Block 2","11WD8SCHW5X---27","Fossil Oil","11WD8SCHW5X---27","27/04/2026 00:00 - 27/04/2026 01:00","74.00",""
"27/04/2026 00:00 - 28/04/2026 00:00","CTA|DE(50Hertz)","IKS Schwedt SE2 Block 2","11WD8SCHW5X---27","Fossil Oil","11WD8SCHW5X---27","27/04/2026 01:00 - 27/04/2026 02:00","74.00",""
"27/04/2026 00:00 - 28/04/2026 00:00","CTA|DE(50Hertz)","IKS Schwedt SE2 Block 2","11WD8SCHW5X---27","Fossil Oil","11WD8SCHW5X---27","27/04/2026 02:00 - 27/04/2026 03:00","74.00",""
"27/04/2026 00:00 - 28/04/2026 00:00","CTA|DE(50Hertz)","IKS Schwedt SE2 Block 2","11WD8SCHW5X---27","Fossil Oil","11WD8SCHW5X---27","27/04/2026 03:00 - 27/04/2026 04:00","74.00",""
"27/04/2026 00:00 - 28/04/2026 00:00","CTA|DE(50Hertz)","IKS Schwedt SE2 Block 2","11WD8SCHW5X---27","Fossil Oil","11WD8SCHW5X---27","27/04/2026 04:00 - 27/04/2026 05:00","74.00",""
"27/04/2026 00:00 - 28/04/2026 00:00","CTA|DE(50Hertz)","IKS Schwedt SE2 Block 2","11WD8SCHW5X---27","Fossil Oil","11WD8SCHW5X---27","27/04/2026 05:00 - 27/04/2026 06:00","74.00",""
"27/04/2026 00:00 - 28/04/2026 00:00","CTA|DE(50Hertz)","IKS Schwedt SE2 Block 2","11WD8SCHW5X---27","Fossil Oil","11WD8SCHW5X---27","27/04/2026 06:00 - 27/04/2026 07:00","74.00",""
"27/04/2026 00:00 - 28/04/2026 00:00","CTA|DE(50Hertz)","IKS Schwedt SE2 Block 2","11WD8SCHW5X---27","Fossil Oil","11WD8SCHW5X---27","27/04/2026 07:00 - 27/04/2026 08:00","74.00",""
"27/04/2026 00:00 - 28/04/2026 00:00","CTA|DE(50Hertz)","IKS Schwedt SE2 Block 2","11WD8SCHW5X---27","Fossil Oil","11WD8SCHW5X---27","27/04/2026 08:00 - 27/04/2026 09:00","74.00",""
"27/04/2026 00:00 - 28/04/2026 00:00","CTA|DE(50Hertz)","IKS Schwedt SE2 Block 2","11WD8SCHW5X---27","Fossil Oil","11WD8SCHW5X---27","27/04/2026 09:00 - 27/04/2026 10:00","74.00",""
"27/04/2026 00:00 - 28/04/2026 00:00","CTA|DE(50Hertz)","IKS Schwedt SE2 Block 2","11WD8SCHW5X---27","Fossil Oil","11WD8SCHW5X---27","27/04/2026 10:00 - 27/04/2026 11:00","74.00",""
"27/04/2026 00:00 - 28/04/2026 00:00","CTA|DE(50Hertz)","IKS Schwedt SE2 Block 2","11WD8SCHW5X---27","Fossil Oil","11WD8SCHW5X---27","27/04/2026 11:00 - 27/04/2026 12:00","74.00",""
"27/04/2026 00:00 - 28/04/2026 00:00","CTA|DE(50Hertz)","IKS Schwedt SE2 Block 2","11WD8SCHW5X---27","Fossil Oil","11WD8SCHW5X---27","27/04/2026 12:00 - 27/04/2026 13:00","74.00",""
"27/04/2026 00:00 - 28/04/2026 00:00","CTA|DE(50Hertz)","IKS Schwedt SE2 Block 2","11WD8SCHW5X---27","Fossil Oil","11WD8SCHW5X---27","27/04/2026 13:00 - 27/04/2026 14:00","74.00",""
"27/04/2026 00:00 - 28/04/2026 00:00","CTA|DE(50Hertz)","IKS Schwedt SE2 Block 2","11WD8SCHW5X---27","Fossil Oil","11WD8SCHW5X---27","27/04/2026 14:00 - 27/04/2026 15:00","74.00",""
"27/04/2026 00:00 - 28/04/2026 00:00","CTA|DE(50Hertz)","IKS Schwedt SE2 Block 2","11WD8SCHW5X---27","Fossil Oil","11WD8SCHW5X---27","27/04/2026 15:00 - 27/04/2026 16:00","74.00",""
"27/04/2026 00:00 - 28/04/2026 00:00","CTA|DE(50Hertz)","IKS Schwedt SE2 Block 2","11WD8SCHW5X---27","Fossil Oil","11WD8SCHW5X---27","27/04/2026 16:00 - 27/04/2026 17:00","74.00",""
"27/04/2026 00:00 - 28/04/2026 00:00","CTA|DE(50Hertz)","IKS Schwedt SE2 Block 2","11WD8SCHW5X---27","Fossil Oil","11WD8SCHW5X---27","27/04/2026 17:00 - 27/04/2026 18:00","74.00",""
"27/04/2026 00:00 - 28/04/2026 00:00","CTA|DE(50Hertz)","IKS Schwedt SE2 Block 2","11WD8SCHW5X---27","Fossil Oil","11WD8SCHW5X---27","27/04/2026 18:00 - 27/04/2026 19:00","74.00",""
"27/04/2026 00:00 - 28/04/2026 00:00","CTA|DE(50Hertz)","IKS Schwedt SE2 Block 2","11WD8SCHW5X---27","Fossil Oil","11WD8SCHW5X---27","27/04/2026 19:00 - 27/04/2026 20:00","74.00",""
"27/04/2026 00:00 - 28/04/2026 00:00","CTA|DE(50Hertz)","IKS Schwedt SE2 Block 2","11WD8SCHW5X---27","Fossil Oil","11WD8SCHW5X---27","27/04/2026 20:00 - 27/04/2026 21:00","74.00",""
"27/04/2026 00:00 - 28/04/2026 00:00","CTA|DE(50Hertz)","IKS Schwedt SE2 Block 2","11WD8SCHW5X---27","Fossil Oil","11WD8SCHW5X---27","27/04/2026 21:00 - 27/04/2026 22:00","74.00",""
"27/04/2026 00:00 - 28/04/2026 00:00","CTA|DE(50Hertz)","IKS Schwedt SE2 Block 2","11WD8SCHW5X---27","Fossil Oil","11WD8SCHW5X---27","27/04/2026 22:00 - 27/04/2026 23:00","74.00",""
"27/04/2026 00:00 - 28/04/2026 00:00","CTA|DE(50Hertz)","IKS Schwedt SE2 Block 2","11WD8SCHW5X---27","Fossil Oil","11WD8SCHW5X---27","27/04/2026 23:00 - 28/04/2026 00:00","74.00",""
"27/04/2026 00:00 - 28/04/2026 00:00","CTA|DE(50Hertz)","KW Schwarze Pumpe Block A","11WD8SWPU1L---AK","Fossil Brown coal/Lignite","11WD8SWPU1L---AK","27/04/2026 00:00 - 27/04/2026 01:00","730.25",""
"27/04/2026 00:00 - 28/04/2026 00:00","CTA|DE(50Hertz)","KW Schwarze Pumpe Block A","11WD8SWPU1L---AK","Fossil Brown coal/Lignite","11WD8SWPU1L---AK","27/04/2026 01:00 - 27/04/2026 02:00","730.50",""
"27/04/2026 00:00 - 28/04/2026 00:00","CTA|DE(50Hertz)","KW Schwarze Pumpe Block A","11WD8SWPU1L---AK","Fossil Brown coal/Lignite","11WD8SWPU1L---AK","27/04/2026 02:00 - 27/04/2026 03:00","727.75",""
"27/04/2026 00:00 - 28/04/2026 00:00","CTA|DE(50Hertz)","KW Schwarze Pumpe Block A","11WD8SWPU1L---AK","Fossil Brown coal/Lignite","11WD8SWPU1L---AK","27/04/2026 03:00 - 27/04/2026 04:00","733.00",""
"27/04/2026 00:00 - 28/04/2026 00:00","CTA|DE(50Hertz)","KW Schwarze Pumpe Block A","11WD8SWPU1L---AK","Fossil Brown coal/Lignite","11WD8SWPU1L---AK","27/04/2026 04:00 - 27/04/2026 05:00","729.50",""
"27/04/2026 00:00 - 28/04/2026 00:00","CTA|DE(50Hertz)","KW Schwarze Pumpe Block A","11WD8SWPU1L---AK","Fossil Brown coal/Lignite","11WD8SWPU1L---AK","27/04/2026 05:00 - 27/04/2026 06:00","704.25",""
"27/04/2026 00:00 - 28/04/2026 00:00","CTA|DE(50Hertz)","KW Schwarze Pumpe Block A","11WD8SWPU1L---AK","Fossil Brown coal/Lignite","11WD8SWPU1L---AK","27/04/2026 06:00 - 27/04/2026 07:00","529.50",""
"27/04/2026 00:00 - 28/04/2026 00:00","CTA|DE(50Hertz)","KW Schwarze Pumpe Block A","11WD8SWPU1L---AK","Fossil Brown coal/Lignite","11WD8SWPU1L---AK","27/04/2026 07:00 - 27/04/2026 08:00","440.75",""
"27/04/2026 00:00 - 28/04/2026 00:00","CTA|DE(50Hertz)","KW Schwarze Pumpe Block A","11WD8SWPU1L---AK","Fossil Brown coal/Lignite","11WD8SWPU1L---AK","27/04/2026 08:00 - 27/04/2026 09:00","315.50",""
"27/04/2026 00:00 - 28/04/2026 00:00","CTA|DE(50Hertz)","KW Schwarze Pumpe Block A","11WD8SWPU1L---AK","Fossil Brown coal/Lignite","11WD8SWPU1L---AK","27/04/2026 09:00 - 27/04/2026 10:00","335.50",""
"27/04/2026 00:00 - 28/04/2026 00:00","CTA|DE(50Hertz)","KW Schwarze Pumpe Block A","11WD8SWPU1L---AK","Fossil Brown coal/Lignite","11WD8SWPU1L---AK","27/04/2026 10:00 - 27/04/2026 11:00","344.50",""
"27/04/2026 00:00 - 28/04/2026 00:00","CTA|DE(50Hertz)","KW Schwarze Pumpe Block A","11WD8SWPU1L---AK","Fossil Brown coal/Lignite","11WD8SWPU1L---AK","27/04/2026 11:00 - 27/04/2026 12:00","374.75",""
"27/04/2026 00:00 - 28/04/2026 00:00","CTA|DE(50Hertz)","KW Schwarze Pumpe Block A","11WD8SWPU1L---AK","Fossil Brown coal/Lignite","11WD8SWPU1L---AK","27/04/2026 12:00 - 27/04/2026 13:00","283.25",""
"27/04/2026 00:00 - 28/04/2026 00:00","CTA|DE(50Hertz)","KW Schwarze Pumpe Block A","11WD8SWPU1L---AK","Fossil Brown coal/Lignite","11WD8SWPU1L---AK","27/04/2026 13:00 - 27/04/2026 14:00","307.25",""
"27/04/2026 00:00 - 28/04/2026 00:00","CTA|DE(50Hertz)","KW Schwarze Pumpe Block A","11WD8SWPU1L---AK","Fossil Brown coal/Lignite","11WD8SWPU1L---AK","27/04/2026 14:00 - 27/04/2026 15:00","260.50",""
"27/04/2026 00:00 - 28/04/2026 00:00","CTA|DE(50Hertz)","KW Schwarze Pumpe Block A","11WD8SWPU1L---AK","Fossil Brown coal/Lignite","11WD8SWPU1L---AK","27/04/2026 15:00 - 27/04/2026 16:00","276.25",""
"27/04/2026 00:00 - 28/04/2026 00:00","CTA|DE(50Hertz)","KW Schwarze Pumpe Block A","11WD8SWPU1L---AK","Fossil Brown coal/Lignite","11WD8SWPU1L---AK","27/04/2026 16:00 - 27/04/2026 17:00","495.50",""
"27/04/2026 00:00 - 28/04/2026 00:00","CTA|DE(50Hertz)","KW Schwarze Pumpe Block A","11WD8SWPU1L---AK","Fossil Brown coal/Lignite","11WD8SWPU1L---AK","27/04/2026 17:00 - 27/04/2026 18:00","715.25",""
"27/04/2026 00:00 - 28/04/2026 00:00","CTA|DE(50Hertz)","KW Schwarze Pumpe Block A","11WD8SWPU1L---AK","Fossil Brown coal/Lignite","11WD8SWPU1L---AK","27/04/2026 18:00 - 27/04/2026 19:00","721.75",""
"27/04/2026 00:00 - 28/04/2026 00:00","CTA|DE(50Hertz)","KW Schwarze Pumpe Block A","11WD8SWPU1L---AK","Fossil Brown coal/Lignite","11WD8SWPU1L---AK","27/04/2026 19:00 - 27/04/2026 20:00","710.50",""
"27/04/2026 00:00 - 28/04/2026 00:00","CTA|DE(50Hertz)","KW Schwarze Pumpe Block A","11WD8SWPU1L---AK","Fossil Brown coal/Lignite","11WD8SWPU1L---AK","27/04/2026 20:00 - 27/04/2026 21:00","706.75",""
"27/04/2026 00:00 - 28/04/2026 00:00","CTA|DE(50Hertz)","KW Schwarze Pumpe Block A","11WD8SWPU1L---AK","Fossil Brown coal/Lignite","11WD8SWPU1L---AK","27/04/2026 21:00 - 27/04/2026 22:00","705.25",""
"27/04/2026 00:00 - 28/04/2026 00:00","CTA|DE(50Hertz)","KW Schwarze Pumpe Block A","11WD8SWPU1L---AK","Fossil Brown coal/Lignite","11WD8SWPU1L---AK","27/04/2026 22:00 - 27/04/2026 23:00","703.75",""
"27/04/2026 00:00 - 28/04/2026 00:00","CTA|DE(50Hertz)","KW Schwarze Pumpe Block A","11WD8SWPU1L---AK","Fossil Brown coal/Lignite","11WD8SWPU1L---AK","27/04/2026 23:00 - 28/04/2026 00:00","704.75",""
"27/04/2026 00:00 - 28/04/2026 00:00","CTA|DE(50Hertz)","KW Schwarze Pumpe Block B","11WD8SWPU1L---BI","Fossil Brown coal/Lignite","11WD8SWPU1L---BI","27/04/2026 00:00 - 27/04/2026 01:00","741.50",""
"27/04/2026 00:00 - 28/04/2026 00:00","CTA|DE(50Hertz)","KW Schwarze Pumpe Block B","11WD8SWPU1L---BI","Fossil Brown coal/Lignite","11WD8SWPU1L---BI","27/04/2026 01:00 - 27/04/2026 02:00","733.25",""
"27/04/2026 00:00 - 28/04/2026 00:00","CTA|DE(50Hertz)","KW Schwarze Pumpe Block B","11WD8SWPU1L---BI","Fossil Brown coal/Lignite","11WD8SWPU1L---BI","27/04/2026 02:00 - 27/04/2026 03:00","733.50",""
"27/04/2026 00:00 - 28/04/2026 00:00","CTA|DE(50Hertz)","KW Schwarze Pumpe Block B","11WD8SWPU1L---BI","Fossil Brown coal/Lignite","11WD8SWPU1L---BI","27/04/2026 03:00 - 27/04/2026 04:00","746.75",""
"27/04/2026 00:00 - 28/04/2026 00:00","CTA|DE(50Hertz)","KW Schwarze Pumpe Block B","11WD8SWPU1L---BI","Fossil Brown coal/Lignite","11WD8SWPU1L---BI","27/04/2026 04:00 - 27/04/2026 05:00","741.75",""
"27/04/2026 00:00 - 28/04/2026 00:00","CTA|DE(50Hertz)","KW Schwarze Pumpe Block B","11WD8SWPU1L---BI","Fossil Brown coal/Lignite","11WD8SWPU1L---BI","27/04/2026 05:00 - 27/04/2026 06:00","745.00",""
"27/04/2026 00:00 - 28/04/2026 00:00","CTA|DE(50Hertz)","KW Schwarze Pumpe Block B","11WD8SWPU1L---BI","Fossil Brown coal/Lignite","11WD8SWPU1L---BI","27/04/2026 06:00 - 27/04/2026 07:00","727.50",""
"27/04/2026 00:00 - 28/04/2026 00:00","CTA|DE(50Hertz)","KW Schwarze Pumpe Block B","11WD8SWPU1L---BI","Fossil Brown coal/Lignite","11WD8SWPU1L---BI","27/04/2026 07:00 - 27/04/2026 08:00","518.00",""
"27/04/2026 00:00 - 28/04/2026 00:00","CTA|DE(50Hertz)","KW Schwarze Pumpe Block B","11WD8SWPU1L---BI","Fossil Brown coal/Lignite","11WD8SWPU1L---BI","27/04/2026 08:00 - 27/04/2026 09:00","349.75",""
"27/04/2026 00:00 - 28/04/2026 00:00","CTA|DE(50Hertz)","KW Schwarze Pumpe Block B","11WD8SWPU1L---BI","Fossil Brown coal/Lignite","11WD8SWPU1L---BI","27/04/2026 09:00 - 27/04/2026 10:00","300.00",""
"27/04/2026 00:00 - 28/04/2026 00:00","CTA|DE(50Hertz)","KW Schwarze Pumpe Block B","11WD8SWPU1L---BI","Fossil Brown coal/Lignite","11WD8SWPU1L---BI","27/04/2026 10:00 - 27/04/2026 11:00","289.50",""
"27/04/2026 00:00 - 28/04/2026 00:00","CTA|DE(50Hertz)","KW Schwarze Pumpe Block B","11WD8SWPU1L---BI","Fossil Brown coal/Lignite","11WD8SWPU1L---BI","27/04/2026 11:00 - 27/04/2026 12:00","286.25",""
"27/04/2026 00:00 - 28/04/2026 00:00","CTA|DE(50Hertz)","KW Schwarze Pumpe Block B","11WD8SWPU1L---BI","Fossil Brown coal/Lignite","11WD8SWPU1L---BI","27/04/2026 12:00 - 27/04/2026 13:00","277.00",""
"27/04/2026 00:00 - 28/04/2026 00:00","CTA|DE(50Hertz)","KW Schwarze Pumpe Block B","11WD8SWPU1L---BI","Fossil Brown coal/Lignite","11WD8SWPU1L---BI","27/04/2026 13:00 - 27/04/2026 14:00","276.25",""
"27/04/2026 00:00 - 28/04/2026 00:00","CTA|DE(50Hertz)","KW Schwarze Pumpe Block B","11WD8SWPU1L---BI","Fossil Brown coal/Lignite","11WD8SWPU1L---BI","27/04/2026 14:00 - 27/04/2026 15:00","275.50",""
"27/04/2026 00:00 - 28/04/2026 00:00","CTA|DE(50Hertz)","KW Schwarze Pumpe Block B","11WD8SWPU1L---BI","Fossil Brown coal/Lignite","11WD8SWPU1L---BI","27/04/2026 15:00 - 27/04/2026 16:00","269.50",""
"27/04/2026 00:00 - 28/04/2026 00:00","CTA|DE(50Hertz)","KW Schwarze Pumpe Block B","11WD8SWPU1L---BI","Fossil Brown coal/Lignite","11WD8SWPU1L---BI","27/04/2026 16:00 - 27/04/2026 17:00","400.25",""
"27/04/2026 00:00 - 28/04/2026 00:00","CTA|DE(50Hertz)","KW Schwarze Pumpe Block B","11WD8SWPU1L---BI","Fossil Brown coal/Lignite","11WD8SWPU1L---BI","27/04/2026 17:00 - 27/04/2026 18:00","724.75",""
"27/04/2026 00:00 - 28/04/2026 00:00","CTA|DE(50Hertz)","KW Schwarze Pumpe Block B","11WD8SWPU1L---BI","Fossil Brown coal/Lignite","11WD8SWPU1L---BI","27/04/2026 18:00 - 27/04/2026 19:00","732.25",""
"27/04/2026 00:00 - 28/04/2026 00:00","CTA|DE(50Hertz)","KW Schwarze Pumpe Block B","11WD8SWPU1L---BI","Fossil Brown coal/Lignite","11WD8SWPU1L---BI","27/04/2026 19:00 - 27/04/2026 20:00","744.75",""
"27/04/2026 00:00 - 28/04/2026 00:00","CTA|DE(50Hertz)","KW Schwarze Pumpe Block B","11WD8SWPU1L---BI","Fossil Brown coal/Lignite","11WD8SWPU1L---BI","27/04/2026 20:00 - 27/04/2026 21:00","745.00",""
"27/04/2026 00:00 - 28/04/2026 00:00","CTA|DE(50Hertz)","KW Schwarze Pumpe Block B","11WD8SWPU1L---BI","Fossil Brown coal/Lignite","11WD8SWPU1L---BI","27/04/2026 21:00 - 27/04/2026 22:00","733.75",""
"27/04/2026 00:00 - 28/04/2026 00:00","CTA|DE(50Hertz)","KW Schwarze Pumpe Block B","11WD8SWPU1L---BI","Fossil Brown coal/Lignite","11WD8SWPU1L---BI","27/04/2026 22:00 - 27/04/2026 23:00","727.00",""
"27/04/2026 00:00 - 28/04/2026 00:00","CTA|DE(50Hertz)","KW Schwarze Pumpe Block B","11WD8SWPU1L---BI","Fossil Brown coal/Lignite","11WD8SWPU1L---BI","27/04/2026 23:00 - 28/04/2026 00:00","727.75",""
"27/04/2026 00:00 - 28/04/2026 00:00","CTA|DE(50Hertz)","HKW Tiefstack Block 2","11WD8TIEF5C----9","Fossil Hard coal","11WD8TIEF5C----9","27/04/2026 00:00 - 27/04/2026 01:00","160.50",""
"27/04/2026 00:00 - 28/04/2026 00:00","CTA|DE(50Hertz)","HKW Tiefstack Block 2","11WD8TIEF5C----9","Fossil Hard coal","11WD8TIEF5C----9","27/04/2026 01:00 - 27/04/2026 02:00","156.00",""
"27/04/2026 00:00 - 28/04/2026 00:00","CTA|DE(50Hertz)","HKW Tiefstack Block 2","11WD8TIEF5C----9","Fossil Hard coal","11WD8TIEF5C----9","27/04/2026 02:00 - 27/04/2026 03:00","154.00",""
"27/04/2026 00:00 - 28/04/2026 00:00","CTA|DE(50Hertz)","HKW Tiefstack Block 2","11WD8TIEF5C----9","Fossil Hard coal","11WD8TIEF5C----9","27/04/2026 03:00 - 27/04/2026 04:00","154.50",""
"27/04/2026 00:00 - 28/04/2026 00:00","CTA|DE(50Hertz)","HKW Tiefstack Block 2","11WD8TIEF5C----9","Fossil Hard coal","11WD8TIEF5C----9","27/04/2026 04:00 - 27/04/2026 05:00","155.25",""
"27/04/2026 00:00 - 28/04/2026 00:00","CTA|DE(50Hertz)","HKW Tiefstack Block 2","11WD8TIEF5C----9","Fossil Hard coal","11WD8TIEF5C----9","27/04/2026 05:00 - 27/04/2026 06:00","152.50",""
"27/04/2026 00:00 - 28/04/2026 00:00","CTA|DE(50Hertz)","HKW Tiefstack Block 2","11WD8TIEF5C----9","Fossil Hard coal","11WD8TIEF5C----9","27/04/2026 06:00 - 27/04/2026 07:00","149.50",""
"27/04/2026 00:00 - 28/04/2026 00:00","CTA|DE(50Hertz)","HKW Tiefstack Block 2","11WD8TIEF5C----9","Fossil Hard coal","11WD8TIEF5C----9","27/04/2026 07:00 - 27/04/2026 08:00","149.00",""
"27/04/2026 00:00 - 28/04/2026 00:00","CTA|DE(50Hertz)","HKW Tiefstack Block 2","11WD8TIEF5C----9","Fossil Hard coal","11WD8TIEF5C----9","27/04/2026 08:00 - 27/04/2026 09:00","147.25",""
"27/04/2026 00:00 - 28/04/2026 00:00","CTA|DE(50Hertz)","HKW Tiefstack Block 2","11WD8TIEF5C----9","Fossil Hard coal","11WD8TIEF5C----9","27/04/2026 09:00 - 27/04/2026 10:00","106.50",""
"27/04/2026 00:00 - 28/04/2026 00:00","CTA|DE(50Hertz)","HKW Tiefstack Block 2","11WD8TIEF5C----9","Fossil Hard coal","11WD8TIEF5C----9","27/04/2026 10:00 - 27/04/2026 11:00","68.00",""
"27/04/2026 00:00 - 28/04/2026 00:00","CTA|DE(50Hertz)","HKW Tiefstack Block 2","11WD8TIEF5C----9","Fossil Hard coal","11WD8TIEF5C----9","27/04/2026 11:00 - 27/04/2026 12:00","62.00",""
"27/04/2026 00:00 - 28/04/2026 00:00","CTA|DE(50Hertz)","HKW Tiefstack Block 2","11WD8TIEF5C----9","Fossil Hard coal","11WD8TIEF5C----9","27/04/2026 12:00 - 27/04/2026 13:00","63.50",""
"27/04/2026 00:00 - 28/04/2026 00:00","CTA|DE(50Hertz)","HKW Tiefstack Block 2","11WD8TIEF5C----9","Fossil Hard coal","11WD8TIEF5C----9","27/04/2026 13:00 - 27/04/2026 14:00","62.50",""
"27/04/2026 00:00 - 28/04/2026 00:00","CTA|DE(50Hertz)","HKW Tiefstack Block 2","11WD8TIEF5C----9","Fossil Hard coal","11WD8TIEF5C----9","27/04/2026 14:00 - 27/04/2026 15:00","59.50",""
"27/04/2026 00:00 - 28/04/2026 00:00","CTA|DE(50Hertz)","HKW Tiefstack Block 2","11WD8TIEF5C----9","Fossil Hard coal","11WD8TIEF5C----9","27/04/2026 15:00 - 27/04/2026 16:00","58.75",""
"27/04/2026 00:00 - 28/04/2026 00:00","CTA|DE(50Hertz)","HKW Tiefstack Block 2","11WD8TIEF5C----9","Fossil Hard coal","11WD8TIEF5C----9","27/04/2026 16:00 - 27/04/2026 17:00","58.00",""
"27/04/2026 00:00 - 28/04/2026 00:00","CTA|DE(50Hertz)","HKW Tiefstack Block 2","11WD8TIEF5C----9","Fossil Hard coal","11WD8TIEF5C----9","27/04/2026 17:00 - 27/04/2026 18:00","67.50",""
"27/04/2026 00:00 - 28/04/2026 00:00","CTA|DE(50Hertz)","HKW Tiefstack Block 2","11WD8TIEF5C----9","Fossil Hard coal","11WD8TIEF5C----9","27/04/2026 18:00 - 27/04/2026 19:00","138.25",""
"27/04/2026 00:00 - 28/04/2026 00:00","CTA|DE(50Hertz)","HKW Tiefstack Block 2","11WD8TIEF5C----9","Fossil Hard coal","11WD8TIEF5C----9","27/04/2026 19:00 - 27/04/2026 20:00","154.75",""
"27/04/2026 00:00 - 28/04/2026 00:00","CTA|DE(50Hertz)","HKW Tiefstack Block 2","11WD8TIEF5C----9","Fossil Hard coal","11WD8TIEF5C----9","27/04/2026 20:00 - 27/04/2026 21:00","159.00",""
"27/04/2026 00:00 - 28/04/2026 00:00","CTA|DE(50Hertz)","HKW Tiefstack Block 2","11WD8TIEF5C----9","Fossil Hard coal","11WD8TIEF5C----9","27/04/2026 21:00 - 27/04/2026 22:00","160.00",""
"27/04/2026 00:00 - 28/04/2026 00:00","CTA|DE(50Hertz)","HKW Tiefstack Block 2","11WD8TIEF5C----9","Fossil Hard coal","11WD8TIEF5C----9","27/04/2026 22:00 - 27/04/2026 23:00","158.00",""
"27/04/2026 00:00 - 28/04/2026 00:00","CTA|DE(50Hertz)","HKW Tiefstack Block 2","11WD8TIEF5C----9","Fossil Hard coal","11WD8TIEF5C----9","27/04/2026 23:00 - 28/04/2026 00:00","161.00",""
"27/04/2026 00:00 - 28/04/2026 00:00","CTA|DE(50Hertz)","HKW Tiefstack GuD","11WD8TIEF5G-GUDI","Fossil Gas","11WD8TIEF5G-GUDI","27/04/2026 00:00 - 27/04/2026 01:00","0.00",""
"27/04/2026 00:00 - 28/04/2026 00:00","CTA|DE(50Hertz)","HKW Tiefstack GuD","11WD8TIEF5G-GUDI","Fossil Gas","11WD8TIEF5G-GUDI","27/04/2026 01:00 - 27/04/2026 02:00","0.00",""
"27/04/2026 00:00 - 28/04/2026 00:00","CTA|DE(50Hertz)","HKW Tiefstack GuD","11WD8TIEF5G-GUDI","Fossil Gas","11WD8TIEF5G-GUDI","27/04/2026 02:00 - 27/04/2026 03:00","0.00",""
"27/04/2026 00:00 - 28/04/2026 00:00","CTA|DE(50Hertz)","HKW Tiefstack GuD","11WD8TIEF5G-GUDI","Fossil Gas","11WD8TIEF5G-GUDI","27/04/2026 03:00 - 27/04/2026 04:00","0.00",""
"27/04/2026 00:00 - 28/04/2026 00:00","CTA|DE(50Hertz)","HKW Tiefstack GuD","11WD8TIEF5G-GUDI","Fossil Gas","11WD8TIEF5G-GUDI","27/04/2026 04:00 - 27/04/2026 05:00","0.00",""
"27/04/2026 00:00 - 28/04/2026 00:00","CTA|DE(50Hertz)","HKW Tiefstack GuD","11WD8TIEF5G-GUDI","Fossil Gas","11WD8TIEF5G-GUDI","27/04/2026 05:00 - 27/04/2026 06:00","0.00",""
"27/04/2026 00:00 - 28/04/2026 00:00","CTA|DE(50Hertz)","HKW Tiefstack GuD","11WD8TIEF5G-GUDI","Fossil Gas","11WD8TIEF5G-GUDI","27/04/2026 06:00 - 27/04/2026 07:00","0.00",""
"27/04/2026 00:00 - 28/04/2026 00:00","CTA|DE(50Hertz)","HKW Tiefstack GuD","11WD8TIEF5G-GUDI","Fossil Gas","11WD8TIEF5G-GUDI","27/04/2026 07:00 - 27/04/2026 08:00","0.00",""
"27/04/2026 00:00 - 28/04/2026 00:00","CTA|DE(50Hertz)","HKW Tiefstack GuD","11WD8TIEF5G-GUDI","Fossil Gas","11WD8TIEF5G-GUDI","27/04/2026 08:00 - 27/04/2026 09:00","0.00",""
"27/04/2026 00:00 - 28/04/2026 00:00","CTA|DE(50Hertz)","HKW Tiefstack GuD","11WD8TIEF5G-GUDI","Fossil Gas","11WD8TIEF5G-GUDI","27/04/2026 09:00 - 27/04/2026 10:00","0.00",""
"27/04/2026 00:00 - 28/04/2026 00:00","CTA|DE(50Hertz)","HKW Tiefstack GuD","11WD8TIEF5G-GUDI","Fossil Gas","11WD8TIEF5G-GUDI","27/04/2026 10:00 - 27/04/2026 11:00","0.00",""
"27/04/2026 00:00 - 28/04/2026 00:00","CTA|DE(50Hertz)","HKW Tiefstack GuD","11WD8TIEF5G-GUDI","Fossil Gas","11WD8TIEF5G-GUDI","27/04/2026 11:00 - 27/04/2026 12:00","0.00",""
"27/04/2026 00:00 - 28/04/2026 00:00","CTA|DE(50Hertz)","HKW Tiefstack GuD","11WD8TIEF5G-GUDI","Fossil Gas","11WD8TIEF5G-GUDI","27/04/2026 12:00 - 27/04/2026 13:00","0.00",""
"27/04/2026 00:00 - 28/04/2026 00:00","CTA|DE(50Hertz)","HKW Tiefstack GuD","11WD8TIEF5G-GUDI","Fossil Gas","11WD8TIEF5G-GUDI","27/04/2026 13:00 - 27/04/2026 14:00","0.00",""
"27/04/2026 00:00 - 28/04/2026 00:00","CTA|DE(50Hertz)","HKW Tiefstack GuD","11WD8TIEF5G-GUDI","Fossil Gas","11WD8TIEF5G-GUDI","27/04/2026 14:00 - 27/04/2026 15:00","0.00",""
"27/04/2026 00:00 - 28/04/2026 00:00","CTA|DE(50Hertz)","HKW Tiefstack GuD","11WD8TIEF5G-GUDI","Fossil Gas","11WD8TIEF5G-GUDI","27/04/2026 15:00 - 27/04/2026 16:00","0.00",""
"27/04/2026 00:00 - 28/04/2026 00:00","CTA|DE(50Hertz)","HKW Tiefstack GuD","11WD8TIEF5G-GUDI","Fossil Gas","11WD8TIEF5G-GUDI","27/04/2026 16:00 - 27/04/2026 17:00","0.00",""
"27/04/2026 00:00 - 28/04/2026 00:00","CTA|DE(50Hertz)","HKW Tiefstack GuD","11WD8TIEF5G-GUDI","Fossil Gas","11WD8TIEF5G-GUDI","27/04/2026 17:00 - 27/04/2026 18:00","0.00",""
"27/04/2026 00:00 - 28/04/2026 00:00","CTA|DE(50Hertz)","HKW Tiefstack GuD","11WD8TIEF5G-GUDI","Fossil Gas","11WD8TIEF5G-GUDI","27/04/2026 18:00 - 27/04/2026 19:00","0.00",""
"27/04/2026 00:00 - 28/04/2026 00:00","CTA|DE(50Hertz)","HKW Tiefstack GuD","11WD8TIEF5G-GUDI","Fossil Gas","11WD8TIEF5G-GUDI","27/04/2026 19:00 - 27/04/2026 20:00","0.00",""
"27/04/2026 00:00 - 28/04/2026 00:00","CTA|DE(50Hertz)","HKW Tiefstack GuD","11WD8TIEF5G-GUDI","Fossil Gas","11WD8TIEF5G-GUDI","27/04/2026 20:00 - 27/04/2026 21:00","0.00",""
"27/04/2026 00:00 - 28/04/2026 00:00","CTA|DE(50Hertz)","HKW Tiefstack GuD","11WD8TIEF5G-GUDI","Fossil Gas","11WD8TIEF5G-GUDI","27/04/2026 21:00 - 27/04/2026 22:00","0.00",""
"27/04/2026 00:00 - 28/04/2026 00:00","CTA|DE(50Hertz)","HKW Tiefstack GuD","11WD8TIEF5G-GUDI","Fossil Gas","11WD8TIEF5G-GUDI","27/04/2026 22:00 - 27/04/2026 23:00","0.00",""
"27/04/2026 00:00 - 28/04/2026 00:00","CTA|DE(50Hertz)","HKW Tiefstack GuD","11WD8TIEF5G-GUDI","Fossil Gas","11WD8TIEF5G-GUDI","27/04/2026 23:00 - 28/04/2026 00:00","0.00",""
"27/04/2026 00:00 - 28/04/2026 00:00","CTA|DE(50Hertz)","HKW Wedel Block 1","11WD8WED15C---1M","Fossil Hard coal","11WD8WED15C---1M","27/04/2026 00:00 - 27/04/2026 01:00","66.50",""
"27/04/2026 00:00 - 28/04/2026 00:00","CTA|DE(50Hertz)","HKW Wedel Block 1","11WD8WED15C---1M","Fossil Hard coal","11WD8WED15C---1M","27/04/2026 01:00 - 27/04/2026 02:00","64.75",""
"27/04/2026 00:00 - 28/04/2026 00:00","CTA|DE(50Hertz)","HKW Wedel Block 1","11WD8WED15C---1M","Fossil Hard coal","11WD8WED15C---1M","27/04/2026 02:00 - 27/04/2026 03:00","63.75",""
"27/04/2026 00:00 - 28/04/2026 00:00","CTA|DE(50Hertz)","HKW Wedel Block 1","11WD8WED15C---1M","Fossil Hard coal","11WD8WED15C---1M","27/04/2026 03:00 - 27/04/2026 04:00","63.50",""
"27/04/2026 00:00 - 28/04/2026 00:00","CTA|DE(50Hertz)","HKW Wedel Block 1","11WD8WED15C---1M","Fossil Hard coal","11WD8WED15C---1M","27/04/2026 04:00 - 27/04/2026 05:00","63.00",""
"27/04/2026 00:00 - 28/04/2026 00:00","CTA|DE(50Hertz)","HKW Wedel Block 1","11WD8WED15C---1M","Fossil Hard coal","11WD8WED15C---1M","27/04/2026 05:00 - 27/04/2026 06:00","62.75",""
"27/04/2026 00:00 - 28/04/2026 00:00","CTA|DE(50Hertz)","HKW Wedel Block 1","11WD8WED15C---1M","Fossil Hard coal","11WD8WED15C---1M","27/04/2026 06:00 - 27/04/2026 07:00","62.00",""
"27/04/2026 00:00 - 28/04/2026 00:00","CTA|DE(50Hertz)","HKW Wedel Block 1","11WD8WED15C---1M","Fossil Hard coal","11WD8WED15C---1M","27/04/2026 07:00 - 27/04/2026 08:00","63.50",""
"27/04/2026 00:00 - 28/04/2026 00:00","CTA|DE(50Hertz)","HKW Wedel Block 1","11WD8WED15C---1M","Fossil Hard coal","11WD8WED15C---1M","27/04/2026 08:00 - 27/04/2026 09:00","64.00",""
"27/04/2026 00:00 - 28/04/2026 00:00","CTA|DE(50Hertz)","HKW Wedel Block 1","11WD8WED15C---1M","Fossil Hard coal","11WD8WED15C---1M","27/04/2026 09:00 - 27/04/2026 10:00","63.00",""
"27/04/2026 00:00 - 28/04/2026 00:00","CTA|DE(50Hertz)","HKW Wedel Block 1","11WD8WED15C---1M","Fossil Hard coal","11WD8WED15C---1M","27/04/2026 10:00 - 27/04/2026 11:00","64.00",""
"27/04/2026 00:00 - 28/04/2026 00:00","CTA|DE(50Hertz)","HKW Wedel Block 1","11WD8WED15C---1M","Fossil Hard coal","11WD8WED15C---1M","27/04/2026 11:00 - 27/04/2026 12:00","63.25",""
"27/04/2026 00:00 - 28/04/2026 00:00","CTA|DE(50Hertz)","HKW Wedel Block 1","11WD8WED15C---1M","Fossil Hard coal","11WD8WED15C---1M","27/04/2026 12:00 - 27/04/2026 13:00","57.25",""
"27/04/2026 00:00 - 28/04/2026 00:00","CTA|DE(50Hertz)","HKW Wedel Block 1","11WD8WED15C---1M","Fossil Hard coal","11WD8WED15C---1M","27/04/2026 13:00 - 27/04/2026 14:00","46.50",""
"27/04/2026 00:00 - 28/04/2026 00:00","CTA|DE(50Hertz)","HKW Wedel Block 1","11WD8WED15C---1M","Fossil Hard coal","11WD8WED15C---1M","27/04/2026 14:00 - 27/04/2026 15:00","44.25",""
"27/04/2026 00:00 - 28/04/2026 00:00","CTA|DE(50Hertz)","HKW Wedel Block 1","11WD8WED15C---1M","Fossil Hard coal","11WD8WED15C---1M","27/04/2026 15:00 - 27/04/2026 16:00","41.50",""
"27/04/2026 00:00 - 28/04/2026 00:00","CTA|DE(50Hertz)","HKW Wedel Block 1","11WD8WED15C---1M","Fossil Hard coal","11WD8WED15C---1M","27/04/2026 16:00 - 27/04/2026 17:00","46.75",""
"27/04/2026 00:00 - 28/04/2026 00:00","CTA|DE(50Hertz)","HKW Wedel Block 1","11WD8WED15C---1M","Fossil Hard coal","11WD8WED15C---1M","27/04/2026 17:00 - 27/04/2026 18:00","52.25",""
"27/04/2026 00:00 - 28/04/2026 00:00","CTA|DE(50Hertz)","HKW Wedel Block 1","11WD8WED15C---1M","Fossil Hard coal","11WD8WED15C---1M","27/04/2026 18:00 - 27/04/2026 19:00","67.50",""
"27/04/2026 00:00 - 28/04/2026 00:00","CTA|DE(50Hertz)","HKW Wedel Block 1","11WD8WED15C---1M","Fossil Hard coal","11WD8WED15C---1M","27/04/2026 19:00 - 27/04/2026 20:00","67.50",""
"27/04/2026 00:00 - 28/04/2026 00:00","CTA|DE(50Hertz)","HKW Wedel Block 1","11WD8WED15C---1M","Fossil Hard coal","11WD8WED15C---1M","27/04/2026 20:00 - 27/04/2026 21:00","65.00",""
"27/04/2026 00:00 - 28/04/2026 00:00","CTA|DE(50Hertz)","HKW Wedel Block 1","11WD8WED15C---1M","Fossil Hard coal","11WD8WED15C---1M","27/04/2026 21:00 - 27/04/2026 22:00","65.00",""
"27/04/2026 00:00 - 28/04/2026 00:00","CTA|DE(50Hertz)","HKW Wedel Block 1","11WD8WED15C---1M","Fossil Hard coal","11WD8WED15C---1M","27/04/2026 22:00 - 27/04/2026 23:00","65.00",""
"27/04/2026 00:00 - 28/04/2026 00:00","CTA|DE(50Hertz)","HKW Wedel Block 1","11WD8WED15C---1M","Fossil Hard coal","11WD8WED15C---1M","27/04/2026 23:00 - 28/04/2026 00:00","65.50",""
"27/04/2026 00:00 - 28/04/2026 00:00","CTA|DE(50Hertz)","HKW Wedel Block 2","11WD8WED15C---2K","Fossil Hard coal","11WD8WED15C---2K","27/04/2026 00:00 - 27/04/2026 01:00","0.00",""
"27/04/2026 00:00 - 28/04/2026 00:00","CTA|DE(50Hertz)","HKW Wedel Block 2","11WD8WED15C---2K","Fossil Hard coal","11WD8WED15C---2K","27/04/2026 01:00 - 27/04/2026 02:00","0.00",""
"27/04/2026 00:00 - 28/04/2026 00:00","CTA|DE(50Hertz)","HKW Wedel Block 2","11WD8WED15C---2K","Fossil Hard coal","11WD8WED15C---2K","27/04/2026 02:00 - 27/04/2026 03:00","0.00",""
"27/04/2026 00:00 - 28/04/2026 00:00","CTA|DE(50Hertz)","HKW Wedel Block 2","11WD8WED15C---2K","Fossil Hard coal","11WD8WED15C---2K","27/04/2026 03:00 - 27/04/2026 04:00","0.00",""
"27/04/2026 00:00 - 28/04/2026 00:00","CTA|DE(50Hertz)","HKW Wedel Block 2","11WD8WED15C---2K","Fossil Hard coal","11WD8WED15C---2K","27/04/2026 04:00 - 27/04/2026 05:00","0.00",""
"27/04/2026 00:00 - 28/04/2026 00:00","CTA|DE(50Hertz)","HKW Wedel Block 2","11WD8WED15C---2K","Fossil Hard coal","11WD8WED15C---2K","27/04/2026 05:00 - 27/04/2026 06:00","0.00",""
"27/04/2026 00:00 - 28/04/2026 00:00","CTA|DE(50Hertz)","HKW Wedel Block 2","11WD8WED15C---2K","Fossil Hard coal","11WD8WED15C---2K","27/04/2026 06:00 - 27/04/2026 07:00","0.00",""
"27/04/2026 00:00 - 28/04/2026 00:00","CTA|DE(50Hertz)","HKW Wedel Block 2","11WD8WED15C---2K","Fossil Hard coal","11WD8WED15C---2K","27/04/2026 07:00 - 27/04/2026 08:00","0.00",""
"27/04/2026 00:00 - 28/04/2026 00:00","CTA|DE(50Hertz)","HKW Wedel Block 2","11WD8WED15C---2K","Fossil Hard coal","11WD8WED15C---2K","27/04/2026 08:00 - 27/04/2026 09:00","0.00",""
"27/04/2026 00:00 - 28/04/2026 00:00","CTA|DE(50Hertz)","HKW Wedel Block 2","11WD8WED15C---2K","Fossil Hard coal","11WD8WED15C---2K","27/04/2026 09:00 - 27/04/2026 10:00","0.00",""
"27/04/2026 00:00 - 28/04/2026 00:00","CTA|DE(50Hertz)","HKW Wedel Block 2","11WD8WED15C---2K","Fossil Hard coal","11WD8WED15C---2K","27/04/2026 10:00 - 27/04/2026 11:00","0.00",""
"27/04/2026 00:00 - 28/04/2026 00:00","CTA|DE(50Hertz)","HKW Wedel Block 2","11WD8WED15C---2K","Fossil Hard coal","11WD8WED15C---2K","27/04/2026 11:00 - 27/04/2026 12:00","0.00",""
"27/04/2026 00:00 - 28/04/2026 00:00","CTA|DE(50Hertz)","HKW Wedel Block 2","11WD8WED15C---2K","Fossil Hard coal","11WD8WED15C---2K","27/04/2026 12:00 - 27/04/2026 13:00","0.00",""
"27/04/2026 00:00 - 28/04/2026 00:00","CTA|DE(50Hertz)","HKW Wedel Block 2","11WD8WED15C---2K","Fossil Hard coal","11WD8WED15C---2K","27/04/2026 13:00 - 27/04/2026 14:00","0.00",""
"27/04/2026 00:00 - 28/04/2026 00:00","CTA|DE(50Hertz)","HKW Wedel Block 2","11WD8WED15C---2K","Fossil Hard coal","11WD8WED15C---2K","27/04/2026 14:00 - 27/04/2026 15:00","0.00",""
"27/04/2026 00:00 - 28/04/2026 00:00","CTA|DE(50Hertz)","HKW Wedel Block 2","11WD8WED15C---2K","Fossil Hard coal","11WD8WED15C---2K","27/04/2026 15:00 - 27/04/2026 16:00","0.00",""
"27/04/2026 00:00 - 28/04/2026 00:00","CTA|DE(50Hertz)","HKW Wedel Block 2","11WD8WED15C---2K","Fossil Hard coal","11WD8WED15C---2K","27/04/2026 16:00 - 27/04/2026 17:00","0.00",""
"27/04/2026 00:00 - 28/04/2026 00:00","CTA|DE(50Hertz)","HKW Wedel Block 2","11WD8WED15C---2K","Fossil Hard coal","11WD8WED15C---2K","27/04/2026 17:00 - 27/04/2026 18:00","0.00",""
"27/04/2026 00:00 - 28/04/2026 00:00","CTA|DE(50Hertz)","HKW Wedel Block 2","11WD8WED15C---2K","Fossil Hard coal","11WD8WED15C---2K","27/04/2026 18:00 - 27/04/2026 19:00","0.00",""
"27/04/2026 00:00 - 28/04/2026 00:00","CTA|DE(50Hertz)","HKW Wedel Block 2","11WD8WED15C---2K","Fossil Hard coal","11WD8WED15C---2K","27/04/2026 19:00 - 27/04/2026 20:00","0.00",""
"27/04/2026 00:00 - 28/04/2026 00:00","CTA|DE(50Hertz)","HKW Wedel Block 2","11WD8WED15C---2K","Fossil Hard coal","11WD8WED15C---2K","27/04/2026 20:00 - 27/04/2026 21:00","0.00",""
"27/04/2026 00:00 - 28/04/2026 00:00","CTA|DE(50Hertz)","HKW Wedel Block 2","11WD8WED15C---2K","Fossil Hard coal","11WD8WED15C---2K","27/04/2026 21:00 - 27/04/2026 22:00","0.00",""
"27/04/2026 00:00 - 28/04/2026 00:00","CTA|DE(50Hertz)","HKW Wedel Block 2","11WD8WED15C---2K","Fossil Hard coal","11WD8WED15C---2K","27/04/2026 22:00 - 27/04/2026 23:00","0.00",""
"27/04/2026 00:00 - 28/04/2026 00:00","CTA|DE(50Hertz)","HKW Wedel Block 2","11WD8WED15C---2K","Fossil Hard coal","11WD8WED15C---2K","27/04/2026 23:00 - 28/04/2026 00:00","0.00",""
"27/04/2026 00:00 - 28/04/2026 00:00","CTA|DE(TenneT GER)","Sued GuD1 GT11","11W0-0000-0241-V","Fossil Gas","11W0-0000-0241-V","27/04/2026 00:00 - 27/04/2026 01:00","n/e","n/e"
"27/04/2026 00:00 - 28/04/2026 00:00","CTA|DE(TenneT GER)","Sued GuD1 GT11","11W0-0000-0241-V","Fossil Gas","11W0-0000-0241-V","27/04/2026 01:00 - 27/04/2026 02:00","n/e","n/e"
"27/04/2026 00:00 - 28/04/2026 00:00","CTA|DE(TenneT GER)","Sued GuD1 GT11","11W0-0000-0241-V","Fossil Gas","11W0-0000-0241-V","27/04/2026 02:00 - 27/04/2026 03:00","n/e","n/e"
"27/04/2026 00:00 - 28/04/2026 00:00","CTA|DE(TenneT GER)","Sued GuD1 GT11","11W0-0000-0241-V","Fossil Gas","11W0-0000-0241-V","27/04/2026 03:00 - 27/04/2026 04:00","n/e","n/e"
"27/04/2026 00:00 - 28/04/2026 00:00","CTA|DE(TenneT GER)","Sued GuD1 GT11","11W0-0000-0241-V","Fossil Gas","11W0-0000-0241-V","27/04/2026 04:00 - 27/04/2026 05:00","n/e","n/e"
"27/04/2026 00:00 - 28/04/2026 00:00","CTA|DE(TenneT GER)","Sued GuD1 GT11","11W0-0000-0241-V","Fossil Gas","11W0-0000-0241-V","27/04/2026 05:00 - 27/04/2026 06:00","n/e","n/e"
"27/04/2026 00:00 - 28/04/2026 00:00","CTA|DE(TenneT GER)","Sued GuD1 GT11","11W0-0000-0241-V","Fossil Gas","11W0-0000-0241-V","27/04/2026 06:00 - 27/04/2026 07:00","n/e","n/e"
"27/04/2026 00:00 - 28/04/2026 00:00","CTA|DE(TenneT GER)","Sued GuD1 GT11","11W0-0000-0241-V","Fossil Gas","11W0-0000-0241-V","27/04/2026 07:00 - 27/04/2026 08:00","n/e","n/e"
"27/04/2026 00:00 - 28/04/2026 00:00","CTA|DE(TenneT GER)","Sued GuD1 GT11","11W0-0000-0241-V","Fossil Gas","11W0-0000-0241-V","27/04/2026 08:00 - 27/04/2026 09:00","n/e","n/e"
"27/04/2026 00:00 - 28/04/2026 00:00","CTA|DE(TenneT GER)","Sued GuD1 GT11","11W0-0000-0241-V","Fossil Gas","11W0-0000-0241-V","27/04/2026 09:00 - 27/04/2026 10:00","n/e","n/e"
"27/04/2026 00:00 - 28/04/2026 00:00","CTA|DE(TenneT GER)","Sued GuD1 GT11","11W0-0000-0241-V","Fossil Gas","11W0-0000-0241-V","27/04/2026 10:00 - 27/04/2026 11:00","n/e","n/e"
"27/04/2026 00:00 - 28/04/2026 00:00","CTA|DE(TenneT GER)","Sued GuD1 GT11","11W0-0000-0241-V","Fossil Gas","11W0-0000-0241-V","27/04/2026 11:00 - 27/04/2026 12:00","n/e","n/e"
"27/04/2026 00:00 - 28/04/2026 00:00","CTA|DE(TenneT GER)","Sued GuD1 GT11","11W0-0000-0241-V","Fossil Gas","11W0-0000-0241-V","27/04/2026 12:00 - 27/04/2026 13:00","n/e","n/e"
"27/04/2026 00:00 - 28/04/2026 00:00","CTA|DE(TenneT GER)","Sued GuD1 GT11","11W0-0000-0241-V","Fossil Gas","11W0-0000-0241-V","27/04/2026 13:00 - 27/04/2026 14:00","n/e","n/e"
"27/04/2026 00:00 - 28/04/2026 00:00","CTA|DE(TenneT GER)","Sued GuD1 GT11","11W0-0000-0241-V","Fossil Gas","11W0-0000-0241-V","27/04/2026 14:00 - 27/04/2026 15:00","n/e","n/e"
"27/04/2026 00:00 - 28/04/2026 00:00","CTA|DE(TenneT GER)","Sued GuD1 GT11","11W0-0000-0241-V","Fossil Gas","11W0-0000-0241-V","27/04/2026 15:00 - 27/04/2026 16:00","n/e","n/e"
"27/04/2026 00:00 - 28/04/2026 00:00","CTA|DE(TenneT GER)","Sued GuD1 GT11","11W0-0000-0241-V","Fossil Gas","11W0-0000-0241-V","27/04/2026 16:00 - 27/04/2026 17:00","n/e","n/e"
"27/04/2026 00:00 - 28/04/2026 00:00","CTA|DE(TenneT GER)","Sued GuD1 GT11","11W0-0000-0241-V","Fossil Gas","11W0-0000-0241-V","27/04/2026 17:00 - 27/04/2026 18:00","n/e","n/e"
"27/04/2026 00:00 - 28/04/2026 00:00","CTA|DE(TenneT GER)","Sued GuD1 GT11","11W0-0000-0241-V","Fossil Gas","11W0-0000-0241-V","27/04/2026 18:00 - 27/04/2026 19:00","n/e","n/e"
"27/04/2026 00:00 - 28/04/2026 00:00","CTA|DE(TenneT GER)","Sued GuD1 GT11","11W0-0000-0241-V","Fossil Gas","11W0-0000-0241-V","27/04/2026 19:00 - 27/04/2026 20:00","n/e","n/e"
"27/04/2026 00:00 - 28/04/2026 00:00","CTA|DE(TenneT GER)","Sued GuD1 GT11","11W0-0000-0241-V","Fossil Gas","11W0-0000-0241-V","27/04/2026 20:00 - 27/04/2026 21:00","n/e","n/e"
"27/04/2026 00:00 - 28/04/2026 00:00","CTA|DE(TenneT GER)","Sued GuD1 GT11","11W0-0000-0241-V","Fossil Gas","11W0-0000-0241-V","27/04/2026 21:00 - 27/04/2026 22:00","n/e","n/e"
"27/04/2026 00:00 - 28/04/2026 00:00","CTA|DE(TenneT GER)","Sued GuD1 GT11","11W0-0000-0241-V","Fossil Gas","11W0-0000-0241-V","27/04/2026 22:00 - 27/04/2026 23:00","n/e","n/e"
"27/04/2026 00:00 - 28/04/2026 00:00","CTA|DE(TenneT GER)","Sued GuD1 GT11","11W0-0000-0241-V","Fossil Gas","11W0-0000-0241-V","27/04/2026 23:00 - 28/04/2026 00:00","n/e","n/e"
"27/04/2026 00:00 - 28/04/2026 00:00","CTA|DE(TenneT GER)","Block 3","11WD2MEHR2CSWHCZ","Fossil Hard coal","11WD2MEHR2CSWHCZ","27/04/2026 00:00 - 27/04/2026 01:00","N/A","N/A"
"27/04/2026 00:00 - 28/04/2026 00:00","CTA|DE(TenneT GER)","Block 3","11WD2MEHR2CSWHCZ","Fossil Hard coal","11WD2MEHR2CSWHCZ","27/04/2026 01:00 - 27/04/2026 02:00","N/A","N/A"
"27/04/2026 00:00 - 28/04/2026 00:00","CTA|DE(TenneT GER)","Block 3","11WD2MEHR2CSWHCZ","Fossil Hard coal","11WD2MEHR2CSWHCZ","27/04/2026 02:00 - 27/04/2026 03:00","N/A","N/A"
"27/04/2026 00:00 - 28/04/2026 00:00","CTA|DE(TenneT GER)","Block 3","11WD2MEHR2CSWHCZ","Fossil Hard coal","11WD2MEHR2CSWHCZ","27/04/2026 03:00 - 27/04/2026 04:00","N/A","N/A"
"27/04/2026 00:00 - 28/04/2026 00:00","CTA|DE(TenneT GER)","Block 3","11WD2MEHR2CSWHCZ","Fossil Hard coal","11WD2MEHR2CSWHCZ","27/04/2026 04:00 - 27/04/2026 05:00","N/A","N/A"
"27/04/2026 00:00 - 28/04/2026 00:00","CTA|DE(TenneT GER)","Block 3","11WD2MEHR2CSWHCZ","Fossil Hard coal","11WD2MEHR2CSWHCZ","27/04/2026 05:00 - 27/04/2026 06:00","N/A","N/A"
"27/04/2026 00:00 - 28/04/2026 00:00","CTA|DE(TenneT GER)","Block 3","11WD2MEHR2CSWHCZ","Fossil Hard coal","11WD2MEHR2CSWHCZ","27/04/2026 06:00 - 27/04/2026 07:00","N/A","N/A"
"27/04/2026 00:00 - 28/04/2026 00:00","CTA|DE(TenneT GER)","Block 3","11WD2MEHR2CSWHCZ","Fossil Hard coal","11WD2MEHR2CSWHCZ","27/04/2026 07:00 - 27/04/2026 08:00","N/A","N/A"
"27/04/2026 00:00 - 28/04/2026 00:00","CTA|DE(TenneT GER)","Block 3","11WD2MEHR2CSWHCZ","Fossil Hard coal","11WD2MEHR2CSWHCZ","27/04/2026 08:00 - 27/04/2026 09:00","N/A","N/A"
"27/04/2026 00:00 - 28/04/2026 00:00","CTA|DE(TenneT GER)","Block 3","11WD2MEHR2CSWHCZ","Fossil Hard coal","11WD2MEHR2CSWHCZ","27/04/2026 09:00 - 27/04/2026 10:00","N/A","N/A"
"27/04/2026 00:00 - 28/04/2026 00:00","CTA|DE(TenneT GER)","Block 3","11WD2MEHR2CSWHCZ","Fossil Hard coal","11WD2MEHR2CSWHCZ","27/04/2026 10:00 - 27/04/2026 11:00","N/A","N/A"
"27/04/2026 00:00 - 28/04/2026 00:00","CTA|DE(TenneT GER)","Block 3","11WD2MEHR2CSWHCZ","Fossil Hard coal","11WD2MEHR2CSWHCZ","27/04/2026 11:00 - 27/04/2026 12:00","N/A","N/A"
"27/04/2026 00:00 - 28/04/2026 00:00","CTA|DE(TenneT GER)","Block 3","11WD2MEHR2CSWHCZ","Fossil Hard coal","11WD2MEHR2CSWHCZ","27/04/2026 12:00 - 27/04/2026 13:00","N/A","N/A"
"27/04/2026 00:00 - 28/04/2026 00:00","CTA|DE(TenneT GER)","Block 3","11WD2MEHR2CSWHCZ","Fossil Hard coal","11WD2MEHR2CSWHCZ","27/04/2026 13:00 - 27/04/2026 14:00","N/A","N/A"
"27/04/2026 00:00 - 28/04/2026 00:00","CTA|DE(TenneT GER)","Block 3","11WD2MEHR2CSWHCZ","Fossil Hard coal","11WD2MEHR2CSWHCZ","27/04/2026 14:00 - 27/04/2026 15:00","N/A","N/A"
"27/04/2026 00:00 - 28/04/2026 00:00","CTA|DE(TenneT GER)","Block 3","11WD2MEHR2CSWHCZ","Fossil Hard coal","11WD2MEHR2CSWHCZ","27/04/2026 15:00 - 27/04/2026 16:00","N/A","N/A"
"27/04/2026 00:00 - 28/04/2026 00:00","CTA|DE(TenneT GER)","Block 3","11WD2MEHR2CSWHCZ","Fossil Hard coal","11WD2MEHR2CSWHCZ","27/04/2026 16:00 - 27/04/2026 17:00","N/A","N/A"
"27/04/2026 00:00 - 28/04/2026 00:00","CTA|DE(TenneT GER)","Block 3","11WD2MEHR2CSWHCZ","Fossil Hard coal","11WD2MEHR2CSWHCZ","27/04/2026 17:00 - 27/04/2026 18:00","N/A","N/A"
"27/04/2026 00:00 - 28/04/2026 00:00","CTA|DE(TenneT GER)","Block 3","11WD2MEHR2CSWHCZ","Fossil Hard coal","11WD2MEHR2CSWHCZ","27/04/2026 18:00 - 27/04/2026 19:00","N/A","N/A"
"27/04/2026 00:00 - 28/04/2026 00:00","CTA|DE(TenneT GER)","Block 3","11WD2MEHR2CSWHCZ","Fossil Hard coal","11WD2MEHR2CSWHCZ","27/04/2026 19:00 - 27/04/2026 20:00","N/A","N/A"
"27/04/2026 00:00 - 28/04/2026 00:00","CTA|DE(TenneT GER)","Block 3","11WD2MEHR2CSWHCZ","Fossil Hard coal","11WD2MEHR2CSWHCZ","27/04/2026 20:00 - 27/04/2026 21:00","N/A","N/A"
"27/04/2026 00:00 - 28/04/2026 00:00","CTA|DE(TenneT GER)","Block 3","11WD2MEHR2CSWHCZ","Fossil Hard coal","11WD2MEHR2CSWHCZ","27/04/2026 21:00 - 27/04/2026 22:00","N/A","N/A"
"27/04/2026 00:00 - 28/04/2026 00:00","CTA|DE(TenneT GER)","Block 3","11WD2MEHR2CSWHCZ","Fossil Hard coal","11WD2MEHR2CSWHCZ","27/04/2026 22:00 - 27/04/2026 23:00","N/A","N/A"
"27/04/2026 00:00 - 28/04/2026 00:00","CTA|DE(TenneT GER)","Block 3","11WD2MEHR2CSWHCZ","Fossil Hard coal","11WD2MEHR2CSWHCZ","27/04/2026 23:00 - 28/04/2026 00:00","N/A","N/A"
"27/04/2026 00:00 - 28/04/2026 00:00","CTA|DE(Amprion)","RUHRORT-2","11WD7BEEC5XRUH2I","Fossil Coal-derived gas","11WD7BEEC5XRUH2I","27/04/2026 00:00 - 27/04/2026 01:00","n/e","n/e"
"27/04/2026 00:00 - 28/04/2026 00:00","CTA|DE(Amprion)","RUHRORT-2","11WD7BEEC5XRUH2I","Fossil Coal-derived gas","11WD7BEEC5XRUH2I","27/04/2026 01:00 - 27/04/2026 02:00","n/e","n/e"
"27/04/2026 00:00 - 28/04/2026 00:00","CTA|DE(Amprion)","RUHRORT-2","11WD7BEEC5XRUH2I","Fossil Coal-derived gas","11WD7BEEC5XRUH2I","27/04/2026 02:00 - 27/04/2026 03:00","n/e","n/e"
"27/04/2026 00:00 - 28/04/2026 00:00","CTA|DE(Amprion)","RUHRORT-2","11WD7BEEC5XRUH2I","Fossil Coal-derived gas","11WD7BEEC5XRUH2I","27/04/2026 03:00 - 27/04/2026 04:00","n/e","n/e"
"27/04/2026 00:00 - 28/04/2026 00:00","CTA|DE(Amprion)","RUHRORT-2","11WD7BEEC5XRUH2I","Fossil Coal-derived gas","11WD7BEEC5XRUH2I","27/04/2026 04:00 - 27/04/2026 05:00","n/e","n/e"
"27/04/2026 00:00 - 28/04/2026 00:00","CTA|DE(Amprion)","RUHRORT-2","11WD7BEEC5XRUH2I","Fossil Coal-derived gas","11WD7BEEC5XRUH2I","27/04/2026 05:00 - 27/04/2026 06:00","n/e","n/e"
"27/04/2026 00:00 - 28/04/2026 00:00","CTA|DE(Amprion)","RUHRORT-2","11WD7BEEC5XRUH2I","Fossil Coal-derived gas","11WD7BEEC5XRUH2I","27/04/2026 06:00 - 27/04/2026 07:00","n/e","n/e"
"27/04/2026 00:00 - 28/04/2026 00:00","CTA|DE(Amprion)","RUHRORT-2","11WD7BEEC5XRUH2I","Fossil Coal-derived gas","11WD7BEEC5XRUH2I","27/04/2026 07:00 - 27/04/2026 08:00","n/e","n/e"
"27/04/2026 00:00 - 28/04/2026 00:00","CTA|DE(Amprion)","RUHRORT-2","11WD7BEEC5XRUH2I","Fossil Coal-derived gas","11WD7BEEC5XRUH2I","27/04/2026 08:00 - 27/04/2026 09:00","n/e","n/e"
"27/04/2026 00:00 - 28/04/2026 00:00","CTA|DE(Amprion)","RUHRORT-2","11WD7BEEC5XRUH2I","Fossil Coal-derived gas","11WD7BEEC5XRUH2I","27/04/2026 09:00 - 27/04/2026 10:00","n/e","n/e"
"27/04/2026 00:00 - 28/04/2026 00:00","CTA|DE(Amprion)","RUHRORT-2","11WD7BEEC5XRUH2I","Fossil Coal-derived gas","11WD7BEEC5XRUH2I","27/04/2026 10:00 - 27/04/2026 11:00","n/e","n/e"
"27/04/2026 00:00 - 28/04/2026 00:00","CTA|DE(Amprion)","RUHRORT-2","11WD7BEEC5XRUH2I","Fossil Coal-derived gas","11WD7BEEC5XRUH2I","27/04/2026 11:00 - 27/04/2026 12:00","n/e","n/e"
"27/04/2026 00:00 - 28/04/2026 00:00","CTA|DE(Amprion)","RUHRORT-2","11WD7BEEC5XRUH2I","Fossil Coal-derived gas","11WD7BEEC5XRUH2I","27/04/2026 12:00 - 27/04/2026 13:00","n/e","n/e"
"27/04/2026 00:00 - 28/04/2026 00:00","CTA|DE(Amprion)","RUHRORT-2","11WD7BEEC5XRUH2I","Fossil Coal-derived gas","11WD7BEEC5XRUH2I","27/04/2026 13:00 - 27/04/2026 14:00","n/e","n/e"
"27/04/2026 00:00 - 28/04/2026 00:00","CTA|DE(Amprion)","RUHRORT-2","11WD7BEEC5XRUH2I","Fossil Coal-derived gas","11WD7BEEC5XRUH2I","27/04/2026 14:00 - 27/04/2026 15:00","n/e","n/e"
"27/04/2026 00:00 - 28/04/2026 00:00","CTA|DE(Amprion)","RUHRORT-2","11WD7BEEC5XRUH2I","Fossil Coal-derived gas","11WD7BEEC5XRUH2I","27/04/2026 15:00 - 27/04/2026 16:00","n/e","n/e"
"27/04/2026 00:00 - 28/04/2026 00:00","CTA|DE(Amprion)","RUHRORT-2","11WD7BEEC5XRUH2I","Fossil Coal-derived gas","11WD7BEEC5XRUH2I","27/04/2026 16:00 - 27/04/2026 17:00","n/e","n/e"
"27/04/2026 00:00 - 28/04/2026 00:00","CTA|DE(Amprion)","RUHRORT-2","11WD7BEEC5XRUH2I","Fossil Coal-derived gas","11WD7BEEC5XRUH2I","27/04/2026 17:00 - 27/04/2026 18:00","n/e","n/e"
"27/04/2026 00:00 - 28/04/2026 00:00","CTA|DE(Amprion)","RUHRORT-2","11WD7BEEC5XRUH2I","Fossil Coal-derived gas","11WD7BEEC5XRUH2I","27/04/2026 18:00 - 27/04/2026 19:00","n/e","n/e"
"27/04/2026 00:00 - 28/04/2026 00:00","CTA|DE(Amprion)","RUHRORT-2","11WD7BEEC5XRUH2I","Fossil Coal-derived gas","11WD7BEEC5XRUH2I","27/04/2026 19:00 - 27/04/2026 20:00","n/e","n/e"
"27/04/2026 00:00 - 28/04/2026 00:00","CTA|DE(Amprion)","RUHRORT-2","11WD7BEEC5XRUH2I","Fossil Coal-derived gas","11WD7BEEC5XRUH2I","27/04/2026 20:00 - 27/04/2026 21:00","n/e","n/e"
"27/04/2026 00:00 - 28/04/2026 00:00","CTA|DE(Amprion)","RUHRORT-2","11WD7BEEC5XRUH2I","Fossil Coal-derived gas","11WD7BEEC5XRUH2I","27/04/2026 21:00 - 27/04/2026 22:00","n/e","n/e"
"27/04/2026 00:00 - 28/04/2026 00:00","CTA|DE(Amprion)","RUHRORT-2","11WD7BEEC5XRUH2I","Fossil Coal-derived gas","11WD7BEEC5XRUH2I","27/04/2026 22:00 - 27/04/2026 23:00","n/e","n/e"
"27/04/2026 00:00 - 28/04/2026 00:00","CTA|DE(Amprion)","RUHRORT-2","11WD7BEEC5XRUH2I","Fossil Coal-derived gas","11WD7BEEC5XRUH2I","27/04/2026 23:00 - 28/04/2026 00:00","n/e","n/e"
"27/04/2026 00:00 - 28/04/2026 00:00","CTA|DE(Amprion)","RUHRORT-3","11WD7BEEC5XRUH3G","Fossil Coal-derived gas","11WD7BEEC5XRUH3G","27/04/2026 00:00 - 27/04/2026 01:00","n/e","n/e"
"27/04/2026 00:00 - 28/04/2026 00:00","CTA|DE(Amprion)","RUHRORT-3","11WD7BEEC5XRUH3G","Fossil Coal-derived gas","11WD7BEEC5XRUH3G","27/04/2026 01:00 - 27/04/2026 02:00","n/e","n/e"
"27/04/2026 00:00 - 28/04/2026 00:00","CTA|DE(Amprion)","RUHRORT-3","11WD7BEEC5XRUH3G","Fossil Coal-derived gas","11WD7BEEC5XRUH3G","27/04/2026 02:00 - 27/04/2026 03:00","n/e","n/e"
"27/04/2026 00:00 - 28/04/2026 00:00","CTA|DE(Amprion)","RUHRORT-3","11WD7BEEC5XRUH3G","Fossil Coal-derived gas","11WD7BEEC5XRUH3G","27/04/2026 03:00 - 27/04/2026 04:00","n/e","n/e"
"27/04/2026 00:00 - 28/04/2026 00:00","CTA|DE(Amprion)","RUHRORT-3","11WD7BEEC5XRUH3G","Fossil Coal-derived gas","11WD7BEEC5XRUH3G","27/04/2026 04:00 - 27/04/2026 05:00","n/e","n/e"
"27/04/2026 00:00 - 28/04/2026 00:00","CTA|DE(Amprion)","RUHRORT-3","11WD7BEEC5XRUH3G","Fossil Coal-derived gas","11WD7BEEC5XRUH3G","27/04/2026 05:00 - 27/04/2026 06:00","n/e","n/e"
"27/04/2026 00:00 - 28/04/2026 00:00","CTA|DE(Amprion)","RUHRORT-3","11WD7BEEC5XRUH3G","Fossil Coal-derived gas","11WD7BEEC5XRUH3G","27/04/2026 06:00 - 27/04/2026 07:00","n/e","n/e"
"27/04/2026 00:00 - 28/04/2026 00:00","CTA|DE(Amprion)","RUHRORT-3","11WD7BEEC5XRUH3G","Fossil Coal-derived gas","11WD7BEEC5XRUH3G","27/04/2026 07:00 - 27/04/2026 08:00","n/e","n/e"
"27/04/2026 00:00 - 28/04/2026 00:00","CTA|DE(Amprion)","RUHRORT-3","11WD7BEEC5XRUH3G","Fossil Coal-derived gas","11WD7BEEC5XRUH3G","27/04/2026 08:00 - 27/04/2026 09:00","n/e","n/e"
"27/04/2026 00:00 - 28/04/2026 00:00","CTA|DE(Amprion)","RUHRORT-3","11WD7BEEC5XRUH3G","Fossil Coal-derived gas","11WD7BEEC5XRUH3G","27/04/2026 09:00 - 27/04/2026 10:00","n/e","n/e"
"27/04/2026 00:00 - 28/04/2026 00:00","CTA|DE(Amprion)","RUHRORT-3","11WD7BEEC5XRUH3G","Fossil Coal-derived gas","11WD7BEEC5XRUH3G","27/04/2026 10:00 - 27/04/2026 11:00","n/e","n/e"
"27/04/2026 00:00 - 28/04/2026 00:00","CTA|DE(Amprion)","RUHRORT-3","11WD7BEEC5XRUH3G","Fossil Coal-derived gas","11WD7BEEC5XRUH3G","27/04/2026 11:00 - 27/04/2026 12:00","n/e","n/e"
"27/04/2026 00:00 - 28/04/2026 00:00","CTA|DE(Amprion)","RUHRORT-3","11WD7BEEC5XRUH3G","Fossil Coal-derived gas","11WD7BEEC5XRUH3G","27/04/2026 12:00 - 27/04/2026 13:00","n/e","n/e"
"27/04/2026 00:00 - 28/04/2026 00:00","CTA|DE(Amprion)","RUHRORT-3","11WD7BEEC5XRUH3G","Fossil Coal-derived gas","11WD7BEEC5XRUH3G","27/04/2026 13:00 - 27/04/2026 14:00","n/e","n/e"
"27/04/2026 00:00 - 28/04/2026 00:00","CTA|DE(Amprion)","RUHRORT-3","11WD7BEEC5XRUH3G","Fossil Coal-derived gas","11WD7BEEC5XRUH3G","27/04/2026 14:00 - 27/04/2026 15:00","n/e","n/e"
"27/04/2026 00:00 - 28/04/2026 00:00","CTA|DE(Amprion)","RUHRORT-3","11WD7BEEC5XRUH3G","Fossil Coal-derived gas","11WD7BEEC5XRUH3G","27/04/2026 15:00 - 27/04/2026 16:00","n/e","n/e"
"27/04/2026 00:00 - 28/04/2026 00:00","CTA|DE(Amprion)","RUHRORT-3","11WD7BEEC5XRUH3G","Fossil Coal-derived gas","11WD7BEEC5XRUH3G","27/04/2026 16:00 - 27/04/2026 17:00","n/e","n/e"
"27/04/2026 00:00 - 28/04/2026 00:00","CTA|DE(Amprion)","RUHRORT-3","11WD7BEEC5XRUH3G","Fossil Coal-derived gas","11WD7BEEC5XRUH3G","27/04/2026 17:00 - 27/04/2026 18:00","n/e","n/e"
"27/04/2026 00:00 - 28/04/2026 00:00","CTA|DE(Amprion)","RUHRORT-3","11WD7BEEC5XRUH3G","Fossil Coal-derived gas","11WD7BEEC5XRUH3G","27/04/2026 18:00 - 27/04/2026 19:00","n/e","n/e"
"27/04/2026 00:00 - 28/04/2026 00:00","CTA|DE(Amprion)","RUHRORT-3","11WD7BEEC5XRUH3G","Fossil Coal-derived gas","11WD7BEEC5XRUH3G","27/04/2026 19:00 - 27/04/2026 20:00","n/e","n/e"
"27/04/2026 00:00 - 28/04/2026 00:00","CTA|DE(Amprion)","RUHRORT-3","11WD7BEEC5XRUH3G","Fossil Coal-derived gas","11WD7BEEC5XRUH3G","27/04/2026 20:00 - 27/04/2026 21:00","n/e","n/e"
"27/04/2026 00:00 - 28/04/2026 00:00","CTA|DE(Amprion)","RUHRORT-3","11WD7BEEC5XRUH3G","Fossil Coal-derived gas","11WD7BEEC5XRUH3G","27/04/2026 21:00 - 27/04/2026 22:00","n/e","n/e"
"27/04/2026 00:00 - 28/04/2026 00:00","CTA|DE(Amprion)","RUHRORT-3","11WD7BEEC5XRUH3G","Fossil Coal-derived gas","11WD7BEEC5XRUH3G","27/04/2026 22:00 - 27/04/2026 23:00","n/e","n/e"
"27/04/2026 00:00 - 28/04/2026 00:00","CTA|DE(Amprion)","RUHRORT-3","11WD7BEEC5XRUH3G","Fossil Coal-derived gas","11WD7BEEC5XRUH3G","27/04/2026 23:00 - 28/04/2026 00:00","n/e","n/e"
"27/04/2026 00:00 - 28/04/2026 00:00","CTA|DE(Amprion)","ROENKHAUSEN_PSW1","11WD7GARE5XPSW1U","Hydro Pumped Storage","11WD7GARE5XPSW1U","27/04/2026 00:00 - 27/04/2026 01:00","n/e","n/e"
"27/04/2026 00:00 - 28/04/2026 00:00","CTA|DE(Amprion)","ROENKHAUSEN_PSW1","11WD7GARE5XPSW1U","Hydro Pumped Storage","11WD7GARE5XPSW1U","27/04/2026 01:00 - 27/04/2026 02:00","n/e","n/e"
"27/04/2026 00:00 - 28/04/2026 00:00","CTA|DE(Amprion)","ROENKHAUSEN_PSW1","11WD7GARE5XPSW1U","Hydro Pumped Storage","11WD7GARE5XPSW1U","27/04/2026 02:00 - 27/04/2026 03:00","n/e","n/e"
"27/04/2026 00:00 - 28/04/2026 00:00","CTA|DE(Amprion)","ROENKHAUSEN_PSW1","11WD7GARE5XPSW1U","Hydro Pumped Storage","11WD7GARE5XPSW1U","27/04/2026 03:00 - 27/04/2026 04:00","n/e","n/e"
"27/04/2026 00:00 - 28/04/2026 00:00","CTA|DE(Amprion)","ROENKHAUSEN_PSW1","11WD7GARE5XPSW1U","Hydro Pumped Storage","11WD7GARE5XPSW1U","27/04/2026 04:00 - 27/04/2026 05:00","n/e","n/e"
"27/04/2026 00:00 - 28/04/2026 00:00","CTA|DE(Amprion)","ROENKHAUSEN_PSW1","11WD7GARE5XPSW1U","Hydro Pumped Storage","11WD7GARE5XPSW1U","27/04/2026 05:00 - 27/04/2026 06:00","n/e","n/e"
"27/04/2026 00:00 - 28/04/2026 00:00","CTA|DE(Amprion)","ROENKHAUSEN_PSW1","11WD7GARE5XPSW1U","Hydro Pumped Storage","11WD7GARE5XPSW1U","27/04/2026 06:00 - 27/04/2026 07:00","n/e","n/e"
"27/04/2026 00:00 - 28/04/2026 00:00","CTA|DE(Amprion)","ROENKHAUSEN_PSW1","11WD7GARE5XPSW1U","Hydro Pumped Storage","11WD7GARE5XPSW1U","27/04/2026 07:00 - 27/04/2026 08:00","n/e","n/e"
"27/04/2026 00:00 - 28/04/2026 00:00","CTA|DE(Amprion)","ROENKHAUSEN_PSW1","11WD7GARE5XPSW1U","Hydro Pumped Storage","11WD7GARE5XPSW1U","27/04/2026 08:00 - 27/04/2026 09:00","n/e","n/e"
"27/04/2026 00:00 - 28/04/2026 00:00","CTA|DE(Amprion)","ROENKHAUSEN_PSW1","11WD7GARE5XPSW1U","Hydro Pumped Storage","11WD7GARE5XPSW1U","27/04/2026 09:00 - 27/04/2026 10:00","n/e","n/e"
"27/04/2026 00:00 - 28/04/2026 00:00","CTA|DE(Amprion)","ROENKHAUSEN_PSW1","11WD7GARE5XPSW1U","Hydro Pumped Storage","11WD7GARE5XPSW1U","27/04/2026 10:00 - 27/04/2026 11:00","n/e","n/e"
"27/04/2026 00:00 - 28/04/2026 00:00","CTA|DE(Amprion)","ROENKHAUSEN_PSW1","11WD7GARE5XPSW1U","Hydro Pumped Storage","11WD7GARE5XPSW1U","27/04/2026 11:00 - 27/04/2026 12:00","n/e","n/e"
"27/04/2026 00:00 - 28/04/2026 00:00","CTA|DE(Amprion)","ROENKHAUSEN_PSW1","11WD7GARE5XPSW1U","Hydro Pumped Storage","11WD7GARE5XPSW1U","27/04/2026 12:00 - 27/04/2026 13:00","n/e","n/e"
"27/04/2026 00:00 - 28/04/2026 00:00","CTA|DE(Amprion)","ROENKHAUSEN_PSW1","11WD7GARE5XPSW1U","Hydro Pumped Storage","11WD7GARE5XPSW1U","27/04/2026 13:00 - 27/04/2026 14:00","n/e","n/e"
"27/04/2026 00:00 - 28/04/2026 00:00","CTA|DE(Amprion)","ROENKHAUSEN_PSW1","11WD7GARE5XPSW1U","Hydro Pumped Storage","11WD7GARE5XPSW1U","27/04/2026 14:00 - 27/04/2026 15:00","n/e","n/e"
"27/04/2026 00:00 - 28/04/2026 00:00","CTA|DE(Amprion)","ROENKHAUSEN_PSW1","11WD7GARE5XPSW1U","Hydro Pumped Storage","11WD7GARE5XPSW1U","27/04/2026 15:00 - 27/04/2026 16:00","n/e","n/e"
"27/04/2026 00:00 - 28/04/2026 00:00","CTA|DE(Amprion)","ROENKHAUSEN_PSW1","11WD7GARE5XPSW1U","Hydro Pumped Storage","11WD7GARE5XPSW1U","27/04/2026 16:00 - 27/04/2026 17:00","n/e","n/e"
"27/04/2026 00:00 - 28/04/2026 00:00","CTA|DE(Amprion)","ROENKHAUSEN_PSW1","11WD7GARE5XPSW1U","Hydro Pumped Storage","11WD7GARE5XPSW1U","27/04/2026 17:00 - 27/04/2026 18:00","n/e","n/e"
"27/04/2026 00:00 - 28/04/2026 00:00","CTA|DE(Amprion)","ROENKHAUSEN_PSW1","11WD7GARE5XPSW1U","Hydro Pumped Storage","11WD7GARE5XPSW1U","27/04/2026 18:00 - 27/04/2026 19:00","n/e","n/e"
"27/04/2026 00:00 - 28/04/2026 00:00","CTA|DE(Amprion)","ROENKHAUSEN_PSW1","11WD7GARE5XPSW1U","Hydro Pumped Storage","11WD7GARE5XPSW1U","27/04/2026 19:00 - 27/04/2026 20:00","n/e","n/e"
"27/04/2026 00:00 - 28/04/2026 00:00","CTA|DE(Amprion)","ROENKHAUSEN_PSW1","11WD7GARE5XPSW1U","Hydro Pumped Storage","11WD7GARE5XPSW1U","27/04/2026 20:00 - 27/04/2026 21:00","n/e","n/e"
"27/04/2026 00:00 - 28/04/2026 00:00","CTA|DE(Amprion)","ROENKHAUSEN_PSW1","11WD7GARE5XPSW1U","Hydro Pumped Storage","11WD7GARE5XPSW1U","27/04/2026 21:00 - 27/04/2026 22:00","n/e","n/e"
"27/04/2026 00:00 - 28/04/2026 00:00","CTA|DE(Amprion)","ROENKHAUSEN_PSW1","11WD7GARE5XPSW1U","Hydro Pumped Storage","11WD7GARE5XPSW1U","27/04/2026 22:00 - 27/04/2026 23:00","n/e","n/e"
"27/04/2026 00:00 - 28/04/2026 00:00","CTA|DE(Amprion)","ROENKHAUSEN_PSW1","11WD7GARE5XPSW1U","Hydro Pumped Storage","11WD7GARE5XPSW1U","27/04/2026 23:00 - 28/04/2026 00:00","n/e","n/e"
"27/04/2026 00:00 - 28/04/2026 00:00","CTA|DE(Amprion)","ROENKHAUSEN_PSW2","11WD7GARE5XPSW2S","Hydro Pumped Storage","11WD7GARE5XPSW2S","27/04/2026 00:00 - 27/04/2026 01:00","n/e","n/e"
"27/04/2026 00:00 - 28/04/2026 00:00","CTA|DE(Amprion)","ROENKHAUSEN_PSW2","11WD7GARE5XPSW2S","Hydro Pumped Storage","11WD7GARE5XPSW2S","27/04/2026 01:00 - 27/04/2026 02:00","n/e","n/e"
"27/04/2026 00:00 - 28/04/2026 00:00","CTA|DE(Amprion)","ROENKHAUSEN_PSW2","11WD7GARE5XPSW2S","Hydro Pumped Storage","11WD7GARE5XPSW2S","27/04/2026 02:00 - 27/04/2026 03:00","n/e","n/e"
"27/04/2026 00:00 - 28/04/2026 00:00","CTA|DE(Amprion)","ROENKHAUSEN_PSW2","11WD7GARE5XPSW2S","Hydro Pumped Storage","11WD7GARE5XPSW2S","27/04/2026 03:00 - 27/04/2026 04:00","n/e","n/e"
"27/04/2026 00:00 - 28/04/2026 00:00","CTA|DE(Amprion)","ROENKHAUSEN_PSW2","11WD7GARE5XPSW2S","Hydro Pumped Storage","11WD7GARE5XPSW2S","27/04/2026 04:00 - 27/04/2026 05:00","n/e","n/e"
"27/04/2026 00:00 - 28/04/2026 00:00","CTA|DE(Amprion)","ROENKHAUSEN_PSW2","11WD7GARE5XPSW2S","Hydro Pumped Storage","11WD7GARE5XPSW2S","27/04/2026 05:00 - 27/04/2026 06:00","n/e","n/e"
"27/04/2026 00:00 - 28/04/2026 00:00","CTA|DE(Amprion)","ROENKHAUSEN_PSW2","11WD7GARE5XPSW2S","Hydro Pumped Storage","11WD7GARE5XPSW2S","27/04/2026 06:00 - 27/04/2026 07:00","n/e","n/e"
"27/04/2026 00:00 - 28/04/2026 00:00","CTA|DE(Amprion)","ROENKHAUSEN_PSW2","11WD7GARE5XPSW2S","Hydro Pumped Storage","11WD7GARE5XPSW2S","27/04/2026 07:00 - 27/04/2026 08:00","n/e","n/e"
"27/04/2026 00:00 - 28/04/2026 00:00","CTA|DE(Amprion)","ROENKHAUSEN_PSW2","11WD7GARE5XPSW2S","Hydro Pumped Storage","11WD7GARE5XPSW2S","27/04/2026 08:00 - 27/04/2026 09:00","n/e","n/e"
"27/04/2026 00:00 - 28/04/2026 00:00","CTA|DE(Amprion)","ROENKHAUSEN_PSW2","11WD7GARE5XPSW2S","Hydro Pumped Storage","11WD7GARE5XPSW2S","27/04/2026 09:00 - 27/04/2026 10:00","n/e","n/e"
"27/04/2026 00:00 - 28/04/2026 00:00","CTA|DE(Amprion)","ROENKHAUSEN_PSW2","11WD7GARE5XPSW2S","Hydro Pumped Storage","11WD7GARE5XPSW2S","27/04/2026 10:00 - 27/04/2026 11:00","n/e","n/e"
"27/04/2026 00:00 - 28/04/2026 00:00","CTA|DE(Amprion)","ROENKHAUSEN_PSW2","11WD7GARE5XPSW2S","Hydro Pumped Storage","11WD7GARE5XPSW2S","27/04/2026 11:00 - 27/04/2026 12:00","n/e","n/e"
"27/04/2026 00:00 - 28/04/2026 00:00","CTA|DE(Amprion)","ROENKHAUSEN_PSW2","11WD7GARE5XPSW2S","Hydro Pumped Storage","11WD7GARE5XPSW2S","27/04/2026 12:00 - 27/04/2026 13:00","n/e","n/e"
"27/04/2026 00:00 - 28/04/2026 00:00","CTA|DE(Amprion)","ROENKHAUSEN_PSW2","11WD7GARE5XPSW2S","Hydro Pumped Storage","11WD7GARE5XPSW2S","27/04/2026 13:00 - 27/04/2026 14:00","n/e","n/e"
"27/04/2026 00:00 - 28/04/2026 00:00","CTA|DE(Amprion)","ROENKHAUSEN_PSW2","11WD7GARE5XPSW2S","Hydro Pumped Storage","11WD7GARE5XPSW2S","27/04/2026 14:00 - 27/04/2026 15:00","n/e","n/e"
"27/04/2026 00:00 - 28/04/2026 00:00","CTA|DE(Amprion)","ROENKHAUSEN_PSW2","11WD7GARE5XPSW2S","Hydro Pumped Storage","11WD7GARE5XPSW2S","27/04/2026 15:00 - 27/04/2026 16:00","n/e","n/e"
"27/04/2026 00:00 - 28/04/2026 00:00","CTA|DE(Amprion)","ROENKHAUSEN_PSW2","11WD7GARE5XPSW2S","Hydro Pumped Storage","11WD7GARE5XPSW2S","27/04/2026 16:00 - 27/04/2026 17:00","n/e","n/e"
"27/04/2026 00:00 - 28/04/2026 00:00","CTA|DE(Amprion)","ROENKHAUSEN_PSW2","11WD7GARE5XPSW2S","Hydro Pumped Storage","11WD7GARE5XPSW2S","27/04/2026 17:00 - 27/04/2026 18:00","n/e","n/e"
"27/04/2026 00:00 - 28/04/2026 00:00","CTA|DE(Amprion)","ROENKHAUSEN_PSW2","11WD7GARE5XPSW2S","Hydro Pumped Storage","11WD7GARE5XPSW2S","27/04/2026 18:00 - 27/04/2026 19:00","n/e","n/e"
"27/04/2026 00:00 - 28/04/2026 00:00","CTA|DE(Amprion)","ROENKHAUSEN_PSW2","11WD7GARE5XPSW2S","Hydro Pumped Storage","11WD7GARE5XPSW2S","27/04/2026 19:00 - 27/04/2026 20:00","n/e","n/e"
"27/04/2026 00:00 - 28/04/2026 00:00","CTA|DE(Amprion)","ROENKHAUSEN_PSW2","11WD7GARE5XPSW2S","Hydro Pumped Storage","11WD7GARE5XPSW2S","27/04/2026 20:00 - 27/04/2026 21:00","n/e","n/e"
"27/04/2026 00:00 - 28/04/2026 00:00","CTA|DE(Amprion)","ROENKHAUSEN_PSW2","11WD7GARE5XPSW2S","Hydro Pumped Storage","11WD7GARE5XPSW2S","27/04/2026 21:00 - 27/04/2026 22:00","n/e","n/e"
"27/04/2026 00:00 - 28/04/2026 00:00","CTA|DE(Amprion)","ROENKHAUSEN_PSW2","11WD7GARE5XPSW2S","Hydro Pumped Storage","11WD7GARE5XPSW2S","27/04/2026 22:00 - 27/04/2026 23:00","n/e","n/e"
"27/04/2026 00:00 - 28/04/2026 00:00","CTA|DE(Amprion)","ROENKHAUSEN_PSW2","11WD7GARE5XPSW2S","Hydro Pumped Storage","11WD7GARE5XPSW2S","27/04/2026 23:00 - 28/04/2026 00:00","n/e","n/e"
"27/04/2026 00:00 - 28/04/2026 00:00","CTA|DE(TransnetBW)","HKW Heilbronn Block 7","11WD4HLBR1C7---4","Fossil Hard coal","11WD4HLBR1C7---4","27/04/2026 00:00 - 27/04/2026 01:00","N/A","N/A"
"27/04/2026 00:00 - 28/04/2026 00:00","CTA|DE(TransnetBW)","HKW Heilbronn Block 7","11WD4HLBR1C7---4","Fossil Hard coal","11WD4HLBR1C7---4","27/04/2026 01:00 - 27/04/2026 02:00","N/A","N/A"
"27/04/2026 00:00 - 28/04/2026 00:00","CTA|DE(TransnetBW)","HKW Heilbronn Block 7","11WD4HLBR1C7---4","Fossil Hard coal","11WD4HLBR1C7---4","27/04/2026 02:00 - 27/04/2026 03:00","N/A","N/A"
"27/04/2026 00:00 - 28/04/2026 00:00","CTA|DE(TransnetBW)","HKW Heilbronn Block 7","11WD4HLBR1C7---4","Fossil Hard coal","11WD4HLBR1C7---4","27/04/2026 03:00 - 27/04/2026 04:00","N/A","N/A"
"27/04/2026 00:00 - 28/04/2026 00:00","CTA|DE(TransnetBW)","HKW Heilbronn Block 7","11WD4HLBR1C7---4","Fossil Hard coal","11WD4HLBR1C7---4","27/04/2026 04:00 - 27/04/2026 05:00","N/A","N/A"
"27/04/2026 00:00 - 28/04/2026 00:00","CTA|DE(TransnetBW)","HKW Heilbronn Block 7","11WD4HLBR1C7---4","Fossil Hard coal","11WD4HLBR1C7---4","27/04/2026 05:00 - 27/04/2026 06:00","N/A","N/A"
"27/04/2026 00:00 - 28/04/2026 00:00","CTA|DE(TransnetBW)","HKW Heilbronn Block 7","11WD4HLBR1C7---4","Fossil Hard coal","11WD4HLBR1C7---4","27/04/2026 06:00 - 27/04/2026 07:00","N/A","N/A"
"27/04/2026 00:00 - 28/04/2026 00:00","CTA|DE(TransnetBW)","HKW Heilbronn Block 7","11WD4HLBR1C7---4","Fossil Hard coal","11WD4HLBR1C7---4","27/04/2026 07:00 - 27/04/2026 08:00","N/A","N/A"
"27/04/2026 00:00 - 28/04/2026 00:00","CTA|DE(TransnetBW)","HKW Heilbronn Block 7","11WD4HLBR1C7---4","Fossil Hard coal","11WD4HLBR1C7---4","27/04/2026 08:00 - 27/04/2026 09:00","N/A","N/A"
"27/04/2026 00:00 - 28/04/2026 00:00","CTA|DE(TransnetBW)","HKW Heilbronn Block 7","11WD4HLBR1C7---4","Fossil Hard coal","11WD4HLBR1C7---4","27/04/2026 09:00 - 27/04/2026 10:00","N/A","N/A"
"27/04/2026 00:00 - 28/04/2026 00:00","CTA|DE(TransnetBW)","HKW Heilbronn Block 7","11WD4HLBR1C7---4","Fossil Hard coal","11WD4HLBR1C7---4","27/04/2026 10:00 - 27/04/2026 11:00","N/A","N/A"
"27/04/2026 00:00 - 28/04/2026 00:00","CTA|DE(TransnetBW)","HKW Heilbronn Block 7","11WD4HLBR1C7---4","Fossil Hard coal","11WD4HLBR1C7---4","27/04/2026 11:00 - 27/04/2026 12:00","N/A","N/A"
"27/04/2026 00:00 - 28/04/2026 00:00","CTA|DE(TransnetBW)","HKW Heilbronn Block 7","11WD4HLBR1C7---4","Fossil Hard coal","11WD4HLBR1C7---4","27/04/2026 12:00 - 27/04/2026 13:00","N/A","N/A"
"27/04/2026 00:00 - 28/04/2026 00:00","CTA|DE(TransnetBW)","HKW Heilbronn Block 7","11WD4HLBR1C7---4","Fossil Hard coal","11WD4HLBR1C7---4","27/04/2026 13:00 - 27/04/2026 14:00","N/A","N/A"
"27/04/2026 00:00 - 28/04/2026 00:00","CTA|DE(TransnetBW)","HKW Heilbronn Block 7","11WD4HLBR1C7---4","Fossil Hard coal","11WD4HLBR1C7---4","27/04/2026 14:00 - 27/04/2026 15:00","N/A","N/A"
"27/04/2026 00:00 - 28/04/2026 00:00","CTA|DE(TransnetBW)","HKW Heilbronn Block 7","11WD4HLBR1C7---4","Fossil Hard coal","11WD4HLBR1C7---4","27/04/2026 15:00 - 27/04/2026 16:00","N/A","N/A"
"27/04/2026 00:00 - 28/04/2026 00:00","CTA|DE(TransnetBW)","HKW Heilbronn Block 7","11WD4HLBR1C7---4","Fossil Hard coal","11WD4HLBR1C7---4","27/04/2026 16:00 - 27/04/2026 17:00","N/A","N/A"
"27/04/2026 00:00 - 28/04/2026 00:00","CTA|DE(TransnetBW)","HKW Heilbronn Block 7","11WD4HLBR1C7---4","Fossil Hard coal","11WD4HLBR1C7---4","27/04/2026 17:00 - 27/04/2026 18:00","N/A","N/A"
"27/04/2026 00:00 - 28/04/2026 00:00","CTA|DE(TransnetBW)","HKW Heilbronn Block 7","11WD4HLBR1C7---4","Fossil Hard coal","11WD4HLBR1C7---4","27/04/2026 18:00 - 27/04/2026 19:00","N/A","N/A"
"27/04/2026 00:00 - 28/04/2026 00:00","CTA|DE(TransnetBW)","HKW Heilbronn Block 7","11WD4HLBR1C7---4","Fossil Hard coal","11WD4HLBR1C7---4","27/04/2026 19:00 - 27/04/2026 20:00","N/A","N/A"
"27/04/2026 00:00 - 28/04/2026 00:00","CTA|DE(TransnetBW)","HKW Heilbronn Block 7","11WD4HLBR1C7---4","Fossil Hard coal","11WD4HLBR1C7---4","27/04/2026 20:00 - 27/04/2026 21:00","N/A","N/A"
"27/04/2026 00:00 - 28/04/2026 00:00","CTA|DE(TransnetBW)","HKW Heilbronn Block 7","11WD4HLBR1C7---4","Fossil Hard coal","11WD4HLBR1C7---4","27/04/2026 21:00 - 27/04/2026 22:00","N/A","N/A"
"27/04/2026 00:00 - 28/04/2026 00:00","CTA|DE(TransnetBW)","HKW Heilbronn Block 7","11WD4HLBR1C7---4","Fossil Hard coal","11WD4HLBR1C7---4","27/04/2026 22:00 - 27/04/2026 23:00","N/A","N/A"
"27/04/2026 00:00 - 28/04/2026 00:00","CTA|DE(TransnetBW)","HKW Heilbronn Block 7","11WD4HLBR1C7---4","Fossil Hard coal","11WD4HLBR1C7---4","27/04/2026 23:00 - 28/04/2026 00:00","N/A","N/A"
"27/04/2026 00:00 - 28/04/2026 00:00","CTA|DE(50Hertz)","PSW Hohenwarte II PSS A-H","11W0-0000-0858-D","Hydro Pumped Storage","11W0-0000-0858-D","27/04/2026 00:00 - 27/04/2026 01:00","n/e","n/e"
"27/04/2026 00:00 - 28/04/2026 00:00","CTA|DE(50Hertz)","PSW Hohenwarte II PSS A-H","11W0-0000-0858-D","Hydro Pumped Storage","11W0-0000-0858-D","27/04/2026 01:00 - 27/04/2026 02:00","n/e","n/e"
"27/04/2026 00:00 - 28/04/2026 00:00","CTA|DE(50Hertz)","PSW Hohenwarte II PSS A-H","11W0-0000-0858-D","Hydro Pumped Storage","11W0-0000-0858-D","27/04/2026 02:00 - 27/04/2026 03:00","n/e","n/e"
"27/04/2026 00:00 - 28/04/2026 00:00","CTA|DE(50Hertz)","PSW Hohenwarte II PSS A-H","11W0-0000-0858-D","Hydro Pumped Storage","11W0-0000-0858-D","27/04/2026 03:00 - 27/04/2026 04:00","n/e","n/e"
"27/04/2026 00:00 - 28/04/2026 00:00","CTA|DE(50Hertz)","PSW Hohenwarte II PSS A-H","11W0-0000-0858-D","Hydro Pumped Storage","11W0-0000-0858-D","27/04/2026 04:00 - 27/04/2026 05:00","n/e","n/e"
"27/04/2026 00:00 - 28/04/2026 00:00","CTA|DE(50Hertz)","PSW Hohenwarte II PSS A-H","11W0-0000-0858-D","Hydro Pumped Storage","11W0-0000-0858-D","27/04/2026 05:00 - 27/04/2026 06:00","n/e","n/e"
"27/04/2026 00:00 - 28/04/2026 00:00","CTA|DE(50Hertz)","PSW Hohenwarte II PSS A-H","11W0-0000-0858-D","Hydro Pumped Storage","11W0-0000-0858-D","27/04/2026 06:00 - 27/04/2026 07:00","n/e","n/e"
"27/04/2026 00:00 - 28/04/2026 00:00","CTA|DE(50Hertz)","PSW Hohenwarte II PSS A-H","11W0-0000-0858-D","Hydro Pumped Storage","11W0-0000-0858-D","27/04/2026 07:00 - 27/04/2026 08:00","n/e","n/e"
"27/04/2026 00:00 - 28/04/2026 00:00","CTA|DE(50Hertz)","PSW Hohenwarte II PSS A-H","11W0-0000-0858-D","Hydro Pumped Storage","11W0-0000-0858-D","27/04/2026 08:00 - 27/04/2026 09:00","n/e","n/e"
"27/04/2026 00:00 - 28/04/2026 00:00","CTA|DE(50Hertz)","PSW Hohenwarte II PSS A-H","11W0-0000-0858-D","Hydro Pumped Storage","11W0-0000-0858-D","27/04/2026 09:00 - 27/04/2026 10:00","n/e","n/e"
"27/04/2026 00:00 - 28/04/2026 00:00","CTA|DE(50Hertz)","PSW Hohenwarte II PSS A-H","11W0-0000-0858-D","Hydro Pumped Storage","11W0-0000-0858-D","27/04/2026 10:00 - 27/04/2026 11:00","n/e","n/e"
"27/04/2026 00:00 - 28/04/2026 00:00","CTA|DE(50Hertz)","PSW Hohenwarte II PSS A-H","11W0-0000-0858-D","Hydro Pumped Storage","11W0-0000-0858-D","27/04/2026 11:00 - 27/04/2026 12:00","n/e","n/e"
"27/04/2026 00:00 - 28/04/2026 00:00","CTA|DE(50Hertz)","PSW Hohenwarte II PSS A-H","11W0-0000-0858-D","Hydro Pumped Storage","11W0-0000-0858-D","27/04/2026 12:00 - 27/04/2026 13:00","n/e","n/e"
"27/04/2026 00:00 - 28/04/2026 00:00","CTA|DE(50Hertz)","PSW Hohenwarte II PSS A-H","11W0-0000-0858-D","Hydro Pumped Storage","11W0-0000-0858-D","27/04/2026 13:00 - 27/04/2026 14:00","n/e","n/e"
"27/04/2026 00:00 - 28/04/2026 00:00","CTA|DE(50Hertz)","PSW Hohenwarte II PSS A-H","11W0-0000-0858-D","Hydro Pumped Storage","11W0-0000-0858-D","27/04/2026 14:00 - 27/04/2026 15:00","n/e","n/e"
"27/04/2026 00:00 - 28/04/2026 00:00","CTA|DE(50Hertz)","PSW Hohenwarte II PSS A-H","11W0-0000-0858-D","Hydro Pumped Storage","11W0-0000-0858-D","27/04/2026 15:00 - 27/04/2026 16:00","n/e","n/e"
"27/04/2026 00:00 - 28/04/2026 00:00","CTA|DE(50Hertz)","PSW Hohenwarte II PSS A-H","11W0-0000-0858-D","Hydro Pumped Storage","11W0-0000-0858-D","27/04/2026 16:00 - 27/04/2026 17:00","n/e","n/e"
"27/04/2026 00:00 - 28/04/2026 00:00","CTA|DE(50Hertz)","PSW Hohenwarte II PSS A-H","11W0-0000-0858-D","Hydro Pumped Storage","11W0-0000-0858-D","27/04/2026 17:00 - 27/04/2026 18:00","n/e","n/e"
"27/04/2026 00:00 - 28/04/2026 00:00","CTA|DE(50Hertz)","PSW Hohenwarte II PSS A-H","11W0-0000-0858-D","Hydro Pumped Storage","11W0-0000-0858-D","27/04/2026 18:00 - 27/04/2026 19:00","n/e","n/e"
"27/04/2026 00:00 - 28/04/2026 00:00","CTA|DE(50Hertz)","PSW Hohenwarte II PSS A-H","11W0-0000-0858-D","Hydro Pumped Storage","11W0-0000-0858-D","27/04/2026 19:00 - 27/04/2026 20:00","n/e","n/e"
"27/04/2026 00:00 - 28/04/2026 00:00","CTA|DE(50Hertz)","PSW Hohenwarte II PSS A-H","11W0-0000-0858-D","Hydro Pumped Storage","11W0-0000-0858-D","27/04/2026 20:00 - 27/04/2026 21:00","n/e","n/e"
"27/04/2026 00:00 - 28/04/2026 00:00","CTA|DE(50Hertz)","PSW Hohenwarte II PSS A-H","11W0-0000-0858-D","Hydro Pumped Storage","11W0-0000-0858-D","27/04/2026 21:00 - 27/04/2026 22:00","n/e","n/e"
"27/04/2026 00:00 - 28/04/2026 00:00","CTA|DE(50Hertz)","PSW Hohenwarte II PSS A-H","11W0-0000-0858-D","Hydro Pumped Storage","11W0-0000-0858-D","27/04/2026 22:00 - 27/04/2026 23:00","n/e","n/e"
"27/04/2026 00:00 - 28/04/2026 00:00","CTA|DE(50Hertz)","PSW Hohenwarte II PSS A-H","11W0-0000-0858-D","Hydro Pumped Storage","11W0-0000-0858-D","27/04/2026 23:00 - 28/04/2026 00:00","n/e","n/e"
"27/04/2026 00:00 - 28/04/2026 00:00","CTA|DE(50Hertz)","Geesthacht A-C","11W0-0000-0859-A","Hydro Pumped Storage","11W0-0000-0859-A","27/04/2026 00:00 - 27/04/2026 01:00","n/e","n/e"
"27/04/2026 00:00 - 28/04/2026 00:00","CTA|DE(50Hertz)","Geesthacht A-C","11W0-0000-0859-A","Hydro Pumped Storage","11W0-0000-0859-A","27/04/2026 01:00 - 27/04/2026 02:00","n/e","n/e"
"27/04/2026 00:00 - 28/04/2026 00:00","CTA|DE(50Hertz)","Geesthacht A-C","11W0-0000-0859-A","Hydro Pumped Storage","11W0-0000-0859-A","27/04/2026 02:00 - 27/04/2026 03:00","n/e","n/e"
"27/04/2026 00:00 - 28/04/2026 00:00","CTA|DE(50Hertz)","Geesthacht A-C","11W0-0000-0859-A","Hydro Pumped Storage","11W0-0000-0859-A","27/04/2026 03:00 - 27/04/2026 04:00","n/e","n/e"
"27/04/2026 00:00 - 28/04/2026 00:00","CTA|DE(50Hertz)","Geesthacht A-C","11W0-0000-0859-A","Hydro Pumped Storage","11W0-0000-0859-A","27/04/2026 04:00 - 27/04/2026 05:00","n/e","n/e"
"27/04/2026 00:00 - 28/04/2026 00:00","CTA|DE(50Hertz)","Geesthacht A-C","11W0-0000-0859-A","Hydro Pumped Storage","11W0-0000-0859-A","27/04/2026 05:00 - 27/04/2026 06:00","n/e","n/e"
"27/04/2026 00:00 - 28/04/2026 00:00","CTA|DE(50Hertz)","Geesthacht A-C","11W0-0000-0859-A","Hydro Pumped Storage","11W0-0000-0859-A","27/04/2026 06:00 - 27/04/2026 07:00","n/e","n/e"
"27/04/2026 00:00 - 28/04/2026 00:00","CTA|DE(50Hertz)","Geesthacht A-C","11W0-0000-0859-A","Hydro Pumped Storage","11W0-0000-0859-A","27/04/2026 07:00 - 27/04/2026 08:00","n/e","n/e"
"27/04/2026 00:00 - 28/04/2026 00:00","CTA|DE(50Hertz)","Geesthacht A-C","11W0-0000-0859-A","Hydro Pumped Storage","11W0-0000-0859-A","27/04/2026 08:00 - 27/04/2026 09:00","n/e","n/e"
"27/04/2026 00:00 - 28/04/2026 00:00","CTA|DE(50Hertz)","Geesthacht A-C","11W0-0000-0859-A","Hydro Pumped Storage","11W0-0000-0859-A","27/04/2026 09:00 - 27/04/2026 10:00","n/e","n/e"
"27/04/2026 00:00 - 28/04/2026 00:00","CTA|DE(50Hertz)","Geesthacht A-C","11W0-0000-0859-A","Hydro Pumped Storage","11W0-0000-0859-A","27/04/2026 10:00 - 27/04/2026 11:00","n/e","n/e"
"27/04/2026 00:00 - 28/04/2026 00:00","CTA|DE(50Hertz)","Geesthacht A-C","11W0-0000-0859-A","Hydro Pumped Storage","11W0-0000-0859-A","27/04/2026 11:00 - 27/04/2026 12:00","n/e","n/e"
"27/04/2026 00:00 - 28/04/2026 00:00","CTA|DE(50Hertz)","Geesthacht A-C","11W0-0000-0859-A","Hydro Pumped Storage","11W0-0000-0859-A","27/04/2026 12:00 - 27/04/2026 13:00","n/e","n/e"
"27/04/2026 00:00 - 28/04/2026 00:00","CTA|DE(50Hertz)","Geesthacht A-C","11W0-0000-0859-A","Hydro Pumped Storage","11W0-0000-0859-A","27/04/2026 13:00 - 27/04/2026 14:00","n/e","n/e"
"27/04/2026 00:00 - 28/04/2026 00:00","CTA|DE(50Hertz)","Geesthacht A-C","11W0-0000-0859-A","Hydro Pumped Storage","11W0-0000-0859-A","27/04/2026 14:00 - 27/04/2026 15:00","n/e","n/e"
"27/04/2026 00:00 - 28/04/2026 00:00","CTA|DE(50Hertz)","Geesthacht A-C","11W0-0000-0859-A","Hydro Pumped Storage","11W0-0000-0859-A","27/04/2026 15:00 - 27/04/2026 16:00","n/e","n/e"
"27/04/2026 00:00 - 28/04/2026 00:00","CTA|DE(50Hertz)","Geesthacht A-C","11W0-0000-0859-A","Hydro Pumped Storage","11W0-0000-0859-A","27/04/2026 16:00 - 27/04/2026 17:00","n/e","n/e"
"27/04/2026 00:00 - 28/04/2026 00:00","CTA|DE(50Hertz)","Geesthacht A-C","11W0-0000-0859-A","Hydro Pumped Storage","11W0-0000-0859-A","27/04/2026 17:00 - 27/04/2026 18:00","n/e","n/e"
"27/04/2026 00:00 - 28/04/2026 00:00","CTA|DE(50Hertz)","Geesthacht A-C","11W0-0000-0859-A","Hydro Pumped Storage","11W0-0000-0859-A","27/04/2026 18:00 - 27/04/2026 19:00","n/e","n/e"
"27/04/2026 00:00 - 28/04/2026 00:00","CTA|DE(50Hertz)","Geesthacht A-C","11W0-0000-0859-A","Hydro Pumped Storage","11W0-0000-0859-A","27/04/2026 19:00 - 27/04/2026 20:00","n/e","n/e"
"27/04/2026 00:00 - 28/04/2026 00:00","CTA|DE(50Hertz)","Geesthacht A-C","11W0-0000-0859-A","Hydro Pumped Storage","11W0-0000-0859-A","27/04/2026 20:00 - 27/04/2026 21:00","n/e","n/e"
"27/04/2026 00:00 - 28/04/2026 00:00","CTA|DE(50Hertz)","Geesthacht A-C","11W0-0000-0859-A","Hydro Pumped Storage","11W0-0000-0859-A","27/04/2026 21:00 - 27/04/2026 22:00","n/e","n/e"
"27/04/2026 00:00 - 28/04/2026 00:00","CTA|DE(50Hertz)","Geesthacht A-C","11W0-0000-0859-A","Hydro Pumped Storage","11W0-0000-0859-A","27/04/2026 22:00 - 27/04/2026 23:00","n/e","n/e"
"27/04/2026 00:00 - 28/04/2026 00:00","CTA|DE(50Hertz)","Geesthacht A-C","11W0-0000-0859-A","Hydro Pumped Storage","11W0-0000-0859-A","27/04/2026 23:00 - 28/04/2026 00:00","n/e","n/e"
